أداة تنكير	یک (حرف تعریف نامعین)	adat tankir
واحد	یک (حرف تعریف نامعین)	vahed
المِعداد	چرتکه	al-medad
أباكوس	چرتکه	abakus
يترك	رها کردن؛ ترک کردن	yatrak
يتخلّى عن	رها کردن؛ ترک کردن	yatakhalli an
التّرك	ترک؛ رهاسازی	al-tarak
التخلي عن	ترک؛ رهاسازی	al-takhli an
تخفيف	کاهش؛ فروکش	takhfif
انخفاض	کاهش؛ فروکش	enkhefaz
الدّير	خانقاه	al-dir
الكنيسة	خانقاه	al-kanisa
الأبجدية	الفبا؛ مبانی اولیه	al-abjadia
الحروف الأبجدية	الفبا؛ مبانی اولیه	al-horuf alabjadia
يتخلى	کناره‌گیری کردن؛ واگذار کردن	yatakhali
يتنازل	کناره‌گیری کردن؛ واگذار کردن	yatanazl
البطن	شکم؛ بطن	al-batan
الجوف	شکم؛ بطن	al-juf
بطني	شکمی؛ بطنی	batni
جوفي	شکمی؛ بطنی	jufi
اخطف	ربودن	akhtaf
يبعد عن	ربودن	yabaad an
المختطف	آدمدزد؛ آدمربا	al-mokhtatef
المُبْعِد عن	آدمدزد؛ آدمربا	al-mobed an
تعليق مؤقت	بی تکلیفی	taligh moghat
توقيف لمدة محدودة	بی تکلیفی	toghif lamdat mahduda
الإقامة	وفا کننده	al-eghama
الإلتزام	وفا کننده	al-eltazam
القدرة	توانایی	al-ghadara
اقتدار	توانایی	eghtedar
ذليل	خوار و زار	zalil
حقير	خوار و زار	haghir
مشتعل	افروخته	moshtael
ملتهب	افروخته	moltaheb
قادر	قادر	ghader
مؤهّل	قادر	moohhal
الزّهد	کف نفس	al-zahd
التّنازل	کف نفس	al-tanazl
شاذّ	غیر عادی	shazz
غير طبيعي	غیر عادی	gheyr tabii
شذوذ	نابههنجاری	shozuz
خلل	نابههنجاری	khelal
المنزل	بودباش	al-manzel
المسكن	بودباش	al-maskon
ألغ	لغو کردن	algh
يلغي	لغو کردن	yalghi
الإلغاء	نسخ؛ برانداختگی	al-elgha
الإبطال	نسخ؛ برانداختگی	al-ebtal
بغيض	مکروه	beghiz
كريه	مکروه	kariye
رجس	عمل شنیع	rajs
شيء بغيض	عمل شنیع	shey beghiz
اجهض	سقط کردن؛ ریشه نکردن	ajhaz
أحبط	سقط کردن؛ ریشه نکردن	ahbat
الإجهاض	سقط جنین	al-ejhaz
الإسقاط	سقط جنین	al-esghat
فاشل	عقیم	fashel
غير مكتمل	عقیم	gheyr moktamel
يكثر	زیاد بودن؛ وفور داشتن	yakasar
يزخر	زیاد بودن؛ وفور داشتن	yazkhar
تقريبًا	درباره، حدوداً	taghribana
حوالي	درباره، حدوداً	havali
لأعلى	بالای، بالاتر	laali
أعلاه	بالای، بالاتر	alah
السيد إبراهيم أبو الأنبياء	ابراهیم؛ ابراهیم پیامبر	al-sid ebrahim abu alanbia
الجرح	خراش؛ سیش	al-jarh
الحك	خراش؛ سیش	al-hak
اختصر	مجمل؛ تلخیص شده	akhtasr
مختصر	مجمل؛ تلخیص شده	mokhtasar
بالخارج	خارج از کشور	balkharaj
باتساع	خارج از کشور	batsa
مفاجئ	تند؛ ناگهان	mafaji
متقطع	تند؛ ناگهان	moteghatte
فجأةً	بی مقدمه	fajatan
على عجل	بی مقدمه	ali ajl
الدّمّل	آبسه	al-daml
خرّاج	آبسه	kharraj
الغياب	غیبت	al-ghyab
انعدام	غیبت	enedam
غائب	غایب	ghaeb
مفقود	غایب	mafghud
الغائب	غیب؛ غیابی	al-ghaeb
المتغيّب	غیب؛ غیابی	al-moteghayyeb
مطلق	مطلق؛ محض	motlagh
حتمي	مطلق؛ محض	hatmi
تماماً	مطلقا؛ مطلقاً	tamaman
إطلاقاً	مطلقا؛ مطلقاً	etlaghan
امتصّ	جذب کردن	amtass
تشرّب	جذب کردن	tasharrob
ممتصّ	جاذب؛ نشاف	mamatass
ماص	جاذب؛ نشاف	mas
الانهماك	جذب؛ انجذاب	al-enhemak
الإمتصاص	جذب؛ انجذاب	al-emtasas
امتنع	نکول کردن؛ خودداری کردن	amtan
يمتنع	نکول کردن؛ خودداری کردن	yamatan
الامتناع	نکول	al-emtena
إقلاع عن	نکول	eghla an
الخلاصة	انتزاعی	al-khalasa
تجريدي	انتزاعی	tajridi
الفكرة المجرّدة	انتزاع؛ تجرید	al-fakarat almajarrada
تجريد	انتزاع؛ تجرید	tajrid
صعب	غامض؛ مغلق	sab
عميق	غامض؛ مغلق	amigh
أحمق	پوچ	ahmagh
باطل	پوچ	batel
السّخف	مزخرف بودن	al-sakhf
حماقة	مزخرف بودن	hamagha
الكثرة	فراوانی	al-kasara
غزارة	فراوانی	ghazara
وفير	انبوه؛ وافر	vafir
غزير	انبوه؛ وافر	ghazir
بوفرة	بفراوانی	bufra
بغزارة	بفراوانی	beghazara
سوء الاستغلال	سوء استفاده	sue alesteghlal
ابتذال	سوء استفاده	ebtezal
بذيء	فحاش؛ سوء استعمال	bazi
سفيه	فحاش؛ سوء استعمال	safih
الهاوية	مغاک؛ حضیض	al-havia
جهنم	مغاک؛ حضیض	jahannam
الاكاشا	اقاقیا	al-akasha
نبات	اقاقیا	nabat
الأكاديميّ	تحصیلی؛ آکادمیک	al-akadimyy
أدبي	تحصیلی؛ آکادمیک	adbi
الأكاديميّة	آکادمی	al-akadimyya
مؤسسة علمية	آکادمی	mosasat almia
سرّع	تسریع کردن	sarra
عجّل	تسریع کردن	ajjal
اللّكنة	لهجه	al-lakna
لهجة	لهجه	lahja
اقبل	پذیرفتن	aghbal
رضي	پذیرفتن	razi
مقبول	پذیرفتنی؛ موجه	maghbul
مرض	پذیرفتنی؛ موجه	maraz
القبول	پذیرش	al-ghabul
التلبية	پذیرش	al-talbia
المدخل	دسترسی؛ دستیابی	al-madkhal
الوصول	دسترسی؛ دستیابی	al-vosul
ممكن الوصول إليه	قابل دسترس	momken alvosul eliye
منفتح	قابل دسترس	monfateh
التّبوّء	جلوس؛ جلوس کردن	al-tabvv
الإضافة	جلوس؛ جلوس کردن	al-ezafa
الإكسسوار	هم دست	al-ekssavar
ثانوي	هم دست	sanavi
الحادث	تصادف	al-hades
إصابة	تصادف	esaba
عرضي	عرضی؛ تصادفی	arzi
بصورة غير متعمّدة	تصادفی	besurat gheyr matamda
مصادفة	تصادفی	masadfa
التّهليل	احسنت	al-tahlil
الترحيب	احسنت	al-tarhib
استوعب	جا دادن	astuab
آوى	جا دادن	avy
الموسيقى الثانوية	دم گیری	al-musighi alsanvia
تلازم	دم گیری	talazam
صاحب	توام کردن؛ بدرقه کردن	saheb
رافق	توام کردن؛ بدرقه کردن	rafegh
الشّريك المساهم في تنفيذ عملية شرّيرة	دستیار؛ همداستان	al-sharik almasaham fi tanfiz amlit sharrira
أنجز	انجام دادن	anjaz
قضى	انجام دادن	ghazi
الإنجاز	دستاورد	al-enjaz
الاتّفاق	طیب خاطر	al-attafagh
الموافقة	مطابقت	al-mavafgha
وفقًا لذلك	بر این اساس	vafaghana lazlak
وفقًا ل	طبق، بر اساس	vafaghana lam
التّقرير	حساب؛ گزارش	al-taghrir
المسؤوليّة	مسئولیت‌پذیری	al-masovlyya
مسئول	مسئول	masul
المحاسب	حسابدار	al-mohaseb
المحاسبة	محاسبه؛ حسابداری	al-mahasba
عد	منتج گردیدن	ad
تراكم	انباشت کردن	tarakom
التّجميع	انباشت	al-tajmi
الدّقّة	دقت	al-dagha
دقيق	دقیق؛ راستین	daghigh
بدقّة	با دقت	bedagha
الاتّهام	اتهام	al-etteham
اتّهم	متهم کردن؛ تهمت زدن	attaham
عوّد	عادی کردن؛ خو دادن	avvad
الآس	کلمات میید	al-as
حقّق	دست یافتن	haghagh
الحمض	اسید؛ اسیدی	al-hamz
أقرّ	اقرار کردن	aghrr
اعتراف	اقرار؛ شهادت نامه	eteraf
إقرار	اقرار؛ شهادت نامه	eghrar
القمّة	نقطه کمال	al-ghama
حبّ الشّباب	جوش؛ غرور جوانی	habb alshabab
المعرفة	معرفت؛ آشنا	al-maarafa
استكشف	بلد؛ شناسا	astakashaf
احصل	اندوختن	ahsal
الاكتساب	اکتساب	al-ektesab
حكم البراءة	تبرئه؛ برائت ذمه	hokm albara
الفدّان	جریب	al-faddan
لاذع	تند؛ گس	laze
عرضًا	از عرض، سراسر	arazana
العمل	عمل کردن، نقش بازی کردن	al-amal
نشّط	فعال کردن	nashat
التّنشيط	فعال‌سازی	al-tanshit
الصّيغة المعلوم	فعال	al-sighat almalum
بنشاط	فعالانه	beneshat
النّاشط	کنشگر	al-nasht
النّشاط	فعالیت	al-nashat
الممثّل	بازیگر (مرد)	al-momassal
الممثّلة	بازیگر (زن)	al-mamassala
فعليّ	حالی	falyy
في الحقيقة	در واقع	fi alhaghigha
علاج بالإبر	سوزن درمانی؛ طب سوزنی	alaj balebr
حادّ	حاد	hadd
قاسي	حاد	ghasi
بشدّة	بحدت	beshadda
الحدّة	ذکاوت	al-hadda
الإعلان	بلد؛ ضال	al-elan
عنيد	یکدنده	anid
كيّف	تطبیق دادن	kayyaf
التّحويل	انطباق	al-tahvil
أضف	اضافه کردن	azf
الأفعى	افزیشگر؛ مار جعفری	al-afi
جعل مدمنًا	معتاد؛ افیونی	jal madamanana
الإدمان	اعتیاد	al-edeman
إضافيّ	اضافی	ezafyy
بالإضافة لذلك	علاوه بر این	balezaft lazlak
العنوان	آدرس	al-onvan
الخبير	مرد زبردست	al-khabir
كافي	کافی	kafi
على نحو كافي	به اندازه کافی	ali nahv kafi
التصق	پایبند بودن	al-tasgh
تماسك	پایبند بودن	tamasak
التزام	تبعیت؛ ملازمت	eltezam
الإلتصاق	تبعیت؛ ملازمت	al-eltasagh
التصاق	دوسیدگی؛ کشش سطحی	eltesagh
التحام	دوسیدگی؛ کشش سطحی	al-taham
الصّمغ	چسبناک؛ چسبنده	al-samgh
دبق	چسبناک؛ چسبنده	dabgh
مجاور	مجاور	mojaver
محاذي	مجاور	mohazi
الصّفة	صفت	al-safa
النعت	صفت	al-naat
الجوار	مجاور	al-jvar
المحاذاة	مجاور	al-mahaza
يُلحق	صفت فرعی	yolhagh
يُضيف	صفت فرعی	yozif
ضبط	تنظیم کردن	zabt
التّعديل	تنظیم	al-tadil
التضبيط	تنظیم	al-tazbit
الضّابط الإداريّ	آجودان	al-zabat aledaryy
أدر	اداره کردن	adr
يدبر	اداره کردن	yadabar
الإدارة	مدیریت؛ دولت	al-edara
إداريّ	اداری	edaryy
المدير	مدیر	al-modir
جدير بالإعجاب	هژیر؛ پسندیده	jadir balejab
قائد البحريّة	دریاسالار؛ دریابیگی	ghaed albahryya
أمير البحر	دریاسالار؛ دریابیگی	amir albahr
قوّات البحريّة	دریاسالاری	ghavvat albahryya
الإعجاب	پسند؛ تحسین	al-ejab
أعجبت	پسندیدن؛ تحسین کردن	ajabat
المعجب	ستینده؛ تحسینکننده	al-majab
الاعتراف	پذیرش	al-eteraf
اعترف	پذیرفته	etaraf
باعتراف الجميع	معترفا	bataraf aljami
عاتب	پند دادن	ateb
تحذيري	عبرتانگیز	tahziri
المراهقة	بلوغ	al-marahgha
المراهق	نوجوان	al-marahegh
تبنّ	اتخاذ کردن؛ فرا گرفتن	tabann
التّبنّي	فرزندخواندگی	al-tabnni
جذّاب	قابل پرستش	jazzab
العشق	پرستش؛ عشق ورزی	al-eshgh
اعشق	پرستیدن	eshagh
زيّنّ	آراستن؛ پیراستن	zayyann
التّزيين	آریش دهنده	al-tazin
الزّينة	زینت؛ تراز	al-zina
تزيين	زینت؛ تراز	tazin
على غير هدي	غوطه ورروی آب مج	ali gheyr hoda
بارع	زبر دست	bare
البالغ	بزرگسال	al-balegh
التّقدّم	پیشروی؛ راقی	al-taghddam
الميزة	مزیت	al-mayza
مفيد	نافع؛ باصرفه	mofid
الحلول	ظهور	al-holul
المغامرة	ماجراجویی	al-maghamra
المغامر	ماجراجو؛ حادثه جو	al-maghamer
مغامر	ماجراجو؛ پرماجرا	maghamer
العدوّ	هم آورد؛ هم نبرد	al-advv
معادي	نامطلوب	maadi
المحنة	نکبت؛ ضرا	al-mahna
أعلن	تبلیغ کردن	alan
النّصيحة	نصیحت، مشاوره	al-nasiha
مستحسن	مقتضی؛ مصلحتآمیز	mostahsan
انصح	اعلامیه؛ تجویز	ansah
المستشار	رهنمون؛ ناصح	al-mostashar
استشاريّ	مشورتی؛ نصیحتی	astasharyy
الدّفاع	طرفداری	al-dafa
المؤيّد	حمایت کردن، حامی	al-mooyad
الهوائيّ	هویی	al-havai
جماليّ	زیبایی شناختی	jamalyy
اجتماعيّ	خوش خلق؛ خوش برخورد	ajtamayy
الشّأن	امر؛ مصلحت	al-shan
أثّر	تأثیر گذاشتن	assar
التّكلّف	تصنع	al-takllaf
المحبّة	محبت	al-mohabba
حنون	مهربان؛ عاطف	honun
تعهّد	آشکارا گفتن؛ بحق دانستن	taahhod
التّأكيد	یجاب	al-takid
موافقة	مبت؛ تصدیقآمیز	mavafgha
ابتلى	مستمند؛ رنجه	abtali
الألم	مصیبت؛ مشقت	al-alam
تحمّل	استطاعت داشتن؛ از عهده برآمدن	tahammol
متاح	مقرون به صرفه	matah
الإهانة	روبرو دشنام دادن	al-ehana
الأفغانيّ	افغان	al-afghanyy
مشتعلاً	مشتعل	moshtaelan
طافيًا	در حرکت	tafyana
المذكورون	مذکور	al-mazkurun
خائف	ترسیده	khaef
إفريقيا	افریقا؛ آفریقا	efrighia
الإفريقيّ	آفریقیی؛ افریقیی	al-efrighyy
فيما بعد	بعد از	fima bad
الذّكرى	پس تاب؛ پس فروزش	al-zakri
الآخرة	عقبی؛ آخرت	al-akhara
النّتيجة	پیامد	al-natija
بعد الظّهر	بعدازظهر	bad alzzahr
بعد ذلك	سپس؛ بعدا	bad zalek
ثانيةً	دوباره	sanitan
ضدّ	علیه	zedde
العقيق	عقیق	al-aghigh
العمر	سن	al-omr
الوكالة	بنگاه؛ وکالت	al-vakala
جدول الأعمال	برنامه عملیات	jadval alamal
الوكيل	مامور؛ عامل	al-vakil
صعّد	مشدد	saad
التّصعيد	تشدید	al-tasid
المجموع	متراکم ساختن؛ جمع شده	al-majmu
العنف	پرخاشگری	al-onf
عدوانيّ	پرتکاپو؛ تجاوزی	advanyy
المعتدٍ	متجاوز؛ مهاجم	al-mataden
مذهول	وحشت زده	mazhul
رشيق	سریعالانتقال	rashigh
الرّشاقة	سبکبالی	al-rashagha
طالب	آشفته؛ متلاطم	taleb
الانفعال	تلاطم؛ آشفتگی	al-enfeal
المشاغب	آشوبگر	al-mashagheb
منذ	پیش از این	manz
مُناضَلة	سوزناک؛ رنجآور	monazala
الكَرْب	رنج؛ سکرات مرگ	al-karb
اتّفق	موافق بودن	attafgh
مناسب	سازگار؛ دلجو	monaseb
الاتّفاقيّة	قرار؛ توافق	al-attafaghyya
زراعيّ	کشاورزی	zarayy
الزّراعة	کشاورزی	al-zaraa
الحمّى	تب و لرز	al-hami
آه	آه	ah
في المقدّمة	جلو؛ روبجلو	fi almaghaddama
المعونة	یار؛ مدد	al-mauna
المساعد	دستیار	al-mosaed
المساعدات	ایدز	al-mosaedat
المرض	ضعیفالبنیه	al-maraz
الهدف	نشان؛ کام	al-hadaf
بلا هدف	بی هدف؛ بی مقصد	bala hadaf
الهواء	هوا	al-hava
الطّائرة	طیاره؛ هواپیمیی	al-taera
شركة الطّيران	خط هواپیمایی	sharkat alttiran
المطار	فرودگاه	al-matar
متجدّد الهواء	هوا مانند؛ با روح	motejadded alhava
الممرّ	راه رو	al-mamarr
ألاباما	آلاباما	alabama
الفزع	آژیر؛ اعلان خطر	al-faz
للأسف	افسوس؛ وه	lalasf
ألباني	آلبانی	albani
ولو	اگرچه	valo
الألبوم	آلبوم	al-album
الزّلال	آلبومین	al-zalal
الكحول	الکل	al-kohul
المدمن	الکلی؛ شرابخور	al-modeman
الألدر	توسه؛ توسکا	al-aldar
الإنذار	هشدار دادن، هوشیار	al-enzar
اليقظة	هشیاری؛ بیداری	al-yaghaza
الجبر	جبر؛ جبر و مقابله	al-jabr
الأجنبيّ	بیگانه	al-ajnabyy
اصطفّ	همسو کردن	astff
التّرتيب	همسویی	al-tartib
على حدّ سواء	مشابه	ali hadde sava
غذائيّ	رزقی	ghazai
النّفقة	خرجی؛ نفقه	al-nafgha
حيّ	زنده	hayy
الكلّ	همه	al-koll
الادّعاء	ادعا	al-eddea
ادّع	ادعا کردن	adda
ظاهريًّا	ظاهراً	zaharyantashdida
الرّمز	مجاز؛ کنیه	al-ramz
مقطوعة شديدة السّرعة	نشاط انگیز	maghtuat shadidat alssara
أعجل	نشاط انگیز	ajal
التّسكين	تسکین	al-tasakin
الزّقاق	کوچه؛ خیابان کوچک	al-zaghagh
التّحالف	اتحاد	al-tahalf
خصّص	اختصاص دادن	khassas
الحصّة	تخصیص	al-hassa
اسمح	اجازه دادن	asmah
العلاوة	سهمیه، کمک هزینه	al-alava
حسنًا	بسیار خوب، همه چیز درست	hasanana
بخير	بسیار خوب، همه چیز درست	bekheyr
يلمح	اشارهکردن؛ تلمیح کردن	yalamah
التّلميح	اشاره؛ کنیه	al-talmih
رسوبيّ	آبرفتی	rasubyy
الحليف	متحد	al-halif
التّقويم	سالنما	al-taghuyam
اللّوز	بادام؛ آلموند	al-lvz
الصّدقات	زکات؛ ذکات	al-sadghat
عاليًا	در نوک؛ در فوق	alyana
وحيدًا	تنها	vahidana
إلى الأمام	در امتداد	eli alamam
جانبيًّا	در کنار	janabyantashdida
بعيدًا	کناره گیر	beeyadana
الألفا	ستاره اول	al-alfa
الألفباء	الفبا	al-alfba
بالفعل	قبلا	belfel
أيضًا	همچنین	ayzana
المذبح	مبح؛ محراب	al-mazbah
المذابح	مذابح	al-mazabeh
تغيّر	دگرگون کردن؛ دگرگون شدن	taghyyor
التّغيير	دگرش	al-taghir
المشاجرة	مجادله	al-mashajra
تناوب	متناوب کردن؛ تناوب کردن	tanavob
بالتّناوب	غبا	balttanavb
التّناوب	تناوب؛ یک درمیانی	al-tanavb
البديل	جایگزین	al-badil
كبديل	بنوبت؛ متناوبا	kabdil
بالرّغم من أنّ	اگرچه	balrragham man ann
كلّيًّا	کلاً	kallyantashdida
الخرّيج	زاغ؛ زاج	al-kharrij
الألومنيوم	آلومینیوم	al-alumanyom
دائمًا	همیشه	daemana
المزيج	ملقمه	al-mazij
كدّس	توده کردن	kaddas
الهاوٍ	آماتور	al-haven
أذهل	متعجب؛ متحیر	azhal
الذّهول	حیرت؛ بهت	al-zahul
رائع	شگفت‌انگیز	rae
السّفير	سفیر	al-safir
الكهرمان	شاهبوی؛ کهربا	al-kahreman
اللّبس	ابهام	al-labs
ملتبس	مبهم	moltabes
الطّموح	جاه طلبی	al-tamuh
طموح	نامجو؛ بلند همت	tomuh
سيّارة الإسعاف	آمبولانس	sayyarat alesaf
الكمين	کمین؛ کمینگاه	al-kamin
آمين	آمین	amin
حسّن	اصلاح کردن	hassan
أمريكا	آمریکا	amrika
الأمريكيّ	آمریکایی	al-amrikyy
حجر أميثِست	در بنفش؛ در کوهی بنفش	hajar amisest
وسط	در میان	vasat
النّشادر	آمونیاک	al-nashadar
العفو العامّ	عفو؛ عفو عمومی کردن	al-afv alam
بين	در میان	beyn
غراميّ	عاشقانه	gharamyy
الكمّيّة	مقدار	al-kamyya
ابتر	قطع اندام کردن	abtar
سلّ	سرگرم کردن؛ تفریح دادن	sall
المتعة	تفریح؛ لهو	al-mata
التّسلية	سرگرم کننده	al-taslia
لا هوائيّ	ناهوازی	la havai
التّخدير	داروی بیهوشی	al-takhdir
شرجيّ	کونی؛ مقعدی	sharjyy
متشابه	قابل قیاس	moteshabeh
المقارنة	قیاس	al-magharna
التّحليل	حل؛ تجزیه	al-tahlil
المحلّل	تحلیلگر	al-mohallel
تحليليّ	تحلیلی	tahlilyy
حلّل	تجزیه کردن؛ تحلیل کردن	hallal
الفوضويّ	آشوب طلب؛ هرج و مآرج طلب	al-fuzyy
الفوضويّة	بی قانونی؛ بی نظمی	al-fuzyya
تشريحيّ	تشریحی	tashrihyy
التّشريح	استخوانبندی؛ کالبد شناسی	al-tashrih
الجدّ	جد	al-jadd
سلفيّ	نسبی؛ اجدادی	salfyy
الأصل	اصل ونسب	al-asl
المرساة	لنگر	al-marsa
قديم	باستانی	ghadim
و	و	va
النّادرة	ضرب المثل؛ قصه کوتاه	al-nadra
الملاك	فرشته	al-melak
ملائكيّ	ملکی؛ فرشتهی	malaekyy
الغضب	غضب؛ خشم	al-ghazab
الزّاوية	گوشه؛ زاویه	al-zavia
غاضب	عصبانی	ghazeb
العذاب	تاب و تب	al-azab
بارز العظام	زاویهی؛ گوشه دار	barez alazam
الحيوان	حیوان	al-heyvan
يُحيي	جان دار؛ روح دادن	yohi
الرّسوم المتحرّكة	پویانمایی	al-rasum almatahrraka
الكراهية	کینه؛ دشمنی	al-karahia
الكاحل	مچ پا	al-kahel
السّجلّات	اخبار سال؛ وقیع سالیانه	al-sajllat
الملحق	ضمیمه کردن؛ ضمیمه سازی	al-molhagh
الضّمّ	الحاق؛ ضم	al-zam
اهلك	نابود کردن؛ کن فیکون کردن	ahlak
العيد	سالروز؛ سالگرد	al-id
ضايق	رنجاندن؛ آزردن	zayegh
الضّيق	رنجش؛ دلخوری	al-zigh
مزعج	رنجاننده؛ سرخوری	mazaj
النّبات الحوليّ	سالانه؛ سالیانه	al-nabat alhulyy
سنويًّا	سالانه	sanyantashdida
قطب الموجب	آنود؛ قطب مثبت	ghotb almojeb
دهن	مسح شدن	dahan
مجهول الاسم	ناشناس	majhul alasam
آخر	دیگری	akhar
الإجابة	پاسخ، پاسخ دادن	al-ejaba
النّملة	مورچه	al-namla
العداء	هم آوری؛ اصل مخالف	al-ada
الخصم	هم نبرد	al-khasam
الأوّل	ماقبل	al-avval
أنثراسايت	آنتراسیت	ansrasayat
الجمرة الخبيثة	خراج؛ ینتراکس	al-jamarat alkhabisa
مضادّ	ضد	mazadd
الجسم المضادّ	پادتن	al-jasam almazadd
توقّع	پیش‌بینی کردن	tavagho
التّوقّع	پیشدستی	al-tvgha
دواء المناعة	پادزا؛ پادگن	dava almanaea
القطعة الأثريّة	عتیقه؛ عتیق	al-ghatat alasryya
العصور القديمة	کهنگی؛ دیرینگی	al-osur alghadima
المطهّر	گندزدا؛ ضدعفونی	al-motahhar
التّرياق	زهردارو؛ پادزهرابه	al-tariagh
فتحة الشّرج	نشین؛ مقعد	fathat alsharj
القلق	اضطراب	al-ghelegh
قلق	مشتاق؛ اندیشناک	ghelegh
بقلق	مشتاقانه	beghelegh
أيّ	هر؛ هر، هیچ	ayy
أي شخص	هر کسی	ay shakhs
بأيّة حال	درهرصورت؛ بهرشکل	bayyat hal
بعد الآن	دیگر	bad alan
أكثر	دیگر	aksar
أي شيئ	هر چیزی	ay sheyye
في أيّ مكان	هر جا	fi ayy makan
الأورطى	آورتا	al-avrati
بسرعة	باسرعت زیاد	besara
على حدة	جدا؛ مجزا	ali hada
الشّقّة	آپارتمان	al-shagha
لا مبالي	بی احساس	la mabali
القرد	میمون؛ بوزینه	al-ghard
الرّأس	ذروه	al-ras
اعتذر	معذرت خواستن؛ پوزش خواستن	etazr
اعتذار	عذرخواهی	etezar
السّكتة	سکته ناقص	al-sakta
الحواريّ	فرستاده؛ حواری	al-havaryy
تطبيق	اپلیکیشن	tatbigh
المعدّات	دستگاه	al-maaddat
ظاهر	پیدا؛ نمودار	zaher
فيما يبدو	ظاهرا؛ نظرا	fima yabadu
يستأنف	فرجام؛ جذابیت	yasatanf
اظهر	ظاهر شدن	azhar
مظهر	ظاهر	mazhar
هدِّئ	دلنوازی کردن؛ دلجوئی کردن	hadetashdid
التّهدئة	دلجویانه	al-tahdaea
الاسم	وجه تسمیه	al-asam
الملاحق	مضافات	al-malahegh
التهاب الزّائدة الدّوديّة	آپاندیس	eltehab alzzaedat alddvdyya
الزّائدة الدّوديّة	ضمیمه؛ آپاندیس	al-zaedat alddvdyya
الشّهيّة	اشتها	al-shahyya
فاتح للشّهيّة	خوش خوراک؛ اشتها آور	fateh lalashahyya
هلّل	تشویق کردن	hallal
التّفّاحة	سیب	al-taffaha
الجهاز	اسباب	al-jahaz
منطبق	قابل اجرا	montabegh
المتقدّم	متقاضی	al-moteghaddem
الطّلب	استعمال؛ درخواست	al-talb
طبّق	درخواست کردن، اعمال کردن	tabbagh
عيّن	منصوب کردن	eayyan
الموعد	تعیین؛ انتصاب	al-moed
التّقييم	تقویم؛ تخمین	al-taghiim
قيّم	تعیین قیمت کردن	ghayyam
ملحوظ	قابل تقدیر؛ قابل ارزیابی	malhuz
قدّر	تقدیر کردن؛ تشکر کردن	ghaddar
التّقدير	قدردانی	al-taghdir
المبتدئ	شاگرد	al-mabtadi
التّدريب	شاگردی؛ تلمذ	al-tadrib
الطّريقة	مراجعهکردن؛ نزدیک شدن	al-tarigha
على نحو ملائم	به طور مناسب	ali nahv mollaam
وافق	امضاکردن؛ پسند کردن	vafegh
تقريبيّ	تقریبی؛ تخمینی	taghribyy
التّقريب	تقریب	al-taghrib
إبريل	آوریل	ebril
أب	آوریل	ab
المريلة	خرند؛ پیش بند	al-marila
الموهبة	ذوق؛ گنجیش	al-muhba
حوض السّمك	آکواریوم؛ آبزیگاه	huz alssamak
العربيّ	عربی؛ عرب	al-arbyy
العربيّة	عربی؛ زبان عربی	al-arbyya
صالح للزّراعة	مزروعی؛ قابل زرع	saleh lalazzaraa
العرب	اعراب	al-arab
بشكل متعسّف	به‌طور قراردادی	beshekl moteassef
تعسّفيّ	خودسرانه	taassafyy
التّحكيم	داوری؛ حکمیت	al-tahakim
القوس	کمان	al-ghos
أثريّ	باستانشناسی	asryy
رئيس الأساقفة	سر اسقف؛ اسقف بزرگ	rais alasaghfa
تقوّس	طاقدار	taghvvos
الأرخبيل	مجمع الجزیر؛ دریی پر جزیره	al-arkhabil
المهندس المعماريّ	معمار	al-mohandes almamaryy
معماريّ	معماری	mamaryy
الطّراز المعماريّ	معماری	al-taraz almamaryy
الأرشيف	آرشیو	al-arshif
القطب الشّماليّ	شمالی؛ قطبی	al-ghotb alshamalyy
المنطقة	منطقه	al-montaghea
الحلبة	عرصه	al-halba
كما يزعم	مسلماً	koma yazam
تجادل	بحث کردن	tajadol
النّقاش	بحث	al-naghash
مجادل	جدلی؛ استدلالی	mojadel
جافّ	خشک؛ لم یزرع	jaff
ارتفِع	بروز کردن	artafe
الطّبقة الأرستقراطيّة	نجبا؛ اشرافیت	al-tabghat alarsatagharatyya
الأرستقراطيّ	بزرگزاده؛ اشرافزاده	al-arsatagharatyy
أرستقراطيّ	اشرافی؛ اعیانی	arsatagharatyy
أركانساس	آرکانزاس	arkansas
الذّراع	بازو؛ مسلح کردن	al-zara
الأسلحة	تسلیحات	al-aslha
الكرسيّ	صندلی دسته دار	al-karsyy
الأرمينيّ	ارمنی؛ زبان ارمنی	al-arminyy
الأرمن	ارامنه	al-arman
التّسلّح	تسلیح	al-tasllah
الهدنة	متارکه جنگ؛ صلح موقت	al-hadana
الدّرع	جوشن	al-dar
مستودع الأسلحة	زراد خانه	mostavde alaslha
الإبط	بغل؛ زیر بغل	al-ebt
الجيش	ارتش	al-jiyash
عطريّ	خوشبو؛ گیاه خوشبو	atryy
حوْلَ	اطراف، حدود	havla
الإثارة	تحریص؛ شهوت آمیز	al-esara
رتّب	ترتیب دادن	rattab
الصّفّ	آرایه	al-saff
المتأخّرات	پس افت	al-moteakherat
اقبض	جلب؛ توقیف	aghbaz
صل	رسیدن	sell
الغرور	تکبر؛ نخوت	al-ghorur
متكبّر	خودکامه؛ مغرور	motekabber
السّهم	پیکان	al-saham
التّرسانة	زرادخانه؛ مهمات جنگی	al-tarsana
الفنّ	هنر	al-fann
شريانيّ	شریانی	sharianyy
الشّريان	سرخرگ؛ شریان	al-sharian
داهية	نیرنگ باز	dahia
القطعة	مقاله	al-ghata
مفصليّ	مفصلی	mafslyy
انطق	بیان کردن	antagh
النّطق	مفصل بندی؛ طرز گفتار	al-natgh
صناعيّ	مصنوعی؛ ساختگی	sanayy
المدفعيّة	توپ؛ توپخانه	al-madafyya
الفنّان	هنرمند	al-fannan
فنّيّ	هنری؛ هنرمندانه	fannyy
الصّور	اثر هنری	al-svr
ك	به عنوان، همانطور که؛ همانطور که	kaf
يصعد	فرازیدن؛ فرازروی	yasaad
تحقّق	محقق نمودن؛ محقق دانستن	tahaghogh
الزّاهد	زاهد؛ زاهدانه	al-zahad
منسوب	منسوب	mansub
الرّماد	خاکستر	al-ramad
خجلان	شرمنده؛ خجل	khejelan
شاحب	خاکستری؛ شبیه خاکستر	shaheb
إلى الشّاطئ	بکنار؛ درساحل	eli alshati
آسيا	آسیا	asia
جانبًا	کنار	janabana
اسأل	پرسیدن، درخواست کردن	asal
نائم	خوابیده	naam
الاسبراجس	مارچوبه؛ شودی	al-asbarajas
النّاحية	منظر؛ منظره	al-nahia
الافتراء	هتک	al-eftera
اطمح	آرزو کردن	atmah
الأسبرين	آسپیرین	al-asbarin
المؤخّرة	الاغ؛ ماتحت	al-mokhara
المهاجم	ضارب	al-mohajem
سفّاك	قاتل؛ آدمکش	saffak
الاغتيال	ترور	al-eghteial
هجوم	حمله	hojum
تجمّع	جمع‌آوری کردن	tajammo
المجلس	مونتاژ، مجلس	al-majles
أكّد	ادعا کردن	akkad
مصادقة	ادعا	masadgha
المصحّح	ارزیاب	al-mosahhah
مجتهد	مستدام؛ عاکف	mojtahed
كلّف	اختصاص دادن	kallaf
الواجب	تکلیف؛ گمارش	al-vajeb
انضمّ	تلفیق کردن؛ سازش کردن	anzm
ساعد	یاری کردن؛ اعانه کردن	saed
المساعدة	کمک	al-masada
مساعد	نزدیکی کردن؛ اختلاط کردن	mosaed
الجمعيّة	معاشرت؛ اشتراک	al-jamyya
افترض	پنداشتن؛ فرض کردن	aftraz
الفرض	فرض	al-farz
ثقة بالنّفس	اطمینان	saght balnnafs
الأستريسك	ستاره	al-astarisak
مدهش	حیرت‌آور	modeash
الدّهشة	گیجی؛ خیرگی	al-dahsha
أستراخان	حاجی ترخان	astrakhan
فرو القَرَكول	حاجی ترخان	foru algharakul
تائه	گمراه؛ بی راه	taye
علم الفلك	نجوم؛ ستاره شناسی	elm alfalak
ذكيّ	تیز هوش	zakyy
اللّجوء	پناهندگی	al-lju
في	در	fi
الملحد	ناخدا؛ زندیق	al-molhed
إلحاديّ	ناخدا	elhadyy
الرّياضيّ	ورزشکار	al-ryazyy
رياضيّ	ورزشی؛ پهلوانی	riazyy
أطلنطيّ	آتلانتیک	atlantyy
الذّرّة	اتم؛ آتم	al-zarra
ذرّيّ	اتمی	zarryy
كفّر	کفاره دادن؛ تقاص پس دادن	kaffar
التّعويض	دیه	al-taviz
البشاعات	جنیات	al-bashaat
البشاعة	ظلم	al-bashaa
ألحق	ضمیمه کردن؛ الصاق کردن	alhagh
الحبّ	پیوست	al-habb
الهجوم	حمله، حمله کردن	al-hojum
يحرز	دست یافتن	yaharaz
التّحقيق	نیل؛ حصول	al-tahghigh
المحاولة	سعی؛ کوشش	al-mahavla
احضر	شرکت کردن	ahzar
الحاضرون	حضور	al-hazrun
الخادم	ملازم؛ ملتزم	al-khadem
الانتباه	توجه	al-entebah
منتبه	متوجه؛ دربند	mantabe
الملابس	لباس پوشاندن	al-malabes
الموقف	طرز برخورد	al-mavghaf
المحامي	وکیل	al-mahami
اجذب	مجذوب کردن؛ مجذوب ساختن	ajzab
الانجذاب	جلب؛ جذب	al-enjezab
المزاد	حراج	al-amzad
جريء	گستاخ؛ جسور	jari
الجرأة	بی باکی	al-jara
مسموع	شنیدنی	masmu
الجمهور	حضار	al-jomhur
صوت	شنیداری	sot
مادة صوتية	شنیداری	madet sutia
يراجع	حسابرسی	yaraja
المراجع	ممیز؛ مستمع	al-maraje
سمعيّ	سمعی؛ سماعی	samyy
أغسطس	آگوست	aghstas
العمّة	عمه، خاله	al-ama
رعاية	توجهات	raayea
مبشّر	خجسته؛ فرخنده	mobashar
بسيط	ریاضت کش	besit
البساطة	ریاضت	al-basata
أستراليا	استرالیا	astaralia
الأستراليّ	استرالیائی	al-astaralyy
النّمسا	اطریش؛ اتریش	al-namsa
النّمساويّ	اتریشی؛ اطریشی	al-namsavyy
أصليّ	معتبر	aslyy
الأصالة	اصالت؛ سندیت	al-asala
المؤلّف	نویسنده	al-moallef
موضع ثقة	حاکمانه	moze sagha
السّلطة	اجازه؛ اختیار	al-salta
التّصريح	تنفیذ	al-tasrih
وكّل	مجوز دادن	vakkal
السّيّارة	خودرو	al-syyara
السّيرة الذّاتيّة	خودزیستنامه	al-sirat alzzatyya
الاستبداد	استبداد	al-estebdad
المتسلّط	سلطان مطلق؛ سلطان مستبد	al-motesallet
مستبدّ	استبدادی	masatbadd
السّلاح	خودکار	al-salah
تلقائيًّا	به صورت خودکار	talghaiantashdida
مستقلّ	خودگردان؛ خود مختار	masatghall
الحكم الذّاتيّ	خودمختاری	al-hakam alzzatyy
الخريف	پاییز	al-kharif
خريفيّ	خزانی؛ خریفی	kharifyy
انفع	بکار خوردن؛ سودمند بودن	anfa
التّوفّر	در دسترس بودن	al-tvffar
متوفّر	در دسترس	motevaffer
الكتلة	بهمن	al-katala
انتقم	دادگیری کردن	antagham
المتوسّط	متوسط	al-motevasset
الكره	نفرت؛ بدآمدن	al-kare
الطّيران	هواپیمائی؛ هوانوردی	al-tiran
تجنّب	اجتناب کردن	tajannob
الاجتناب	اجتناب؛ حذر	al-ejtenab
انتظر	در انتظار بودن	antazr
استيقظ	بیدار؛ بیداری کشیدن	astighaz
الجائزة	جایزه	al-jaeza
مدرك	آگاه؛ مطلع	madrak
الوعي	آگاهی	al-vai
الرّهبة	هیبت؛ هیبت دادن	al-rahba
فظيع	وحشتناک	fazi
لحظة	مدتی؛ یک چندی	lahaza
محرج	نامناسب	mahraj
الإحراج	ناشیگری	al-ehraj
بميل	چپ چپ؛ به‌طور میل	bemeyl
الفأس	تیشه؛ تبر	al-fas
المحور	آسه؛ محور چرخ	al-mehvar
الأزرق السّماويّ	مینا؛ لاجورد	al-azragh alssamavyy
الضّجيج	طرح خیالی؛ بنای شگرف	al-zajij
البابون	عنتر	al-babun
الطّفل	نوزاد، کودک	al-tafl
الأعزب	عزب؛ مجرد	al-azab
البكتيريا	باسیل	al-baktiria
الظّهر	پشت، عقب؛ پشتی، عقب	al-zahr
الخلفيّة	صحنه پشت	al-khalfyya
الطّاولة	مهره؛ نرد	al-tavla
المساندة	حمایت	al-masanda
إلى الخلف	بدون ترقی	eli alkhalaf
المعزل	باریکه آب	al-mazal
جرثومي	باکتریائی	jarsumi
علم البكتيريا	باکتری شناسی	elm albaktiria
سيّئ	بد	sayya
الشّارة	نشان	al-shara
على نحو رديء	بد	ali nahv radi
الحقيبة	کیف	al-haghiba
الأمتعة	بارسفر	al-amta
التّدلّي	پارچه کیسهای	al-tadlli
فضفاض	کیسه ای متورم	fazfaz
الكفالة	وثیقه	al-kafala
المأمور	ضابط	al-mamur
الطّعم	طعمه؛ طعمه دادن	al-taam
اخبز	پختن؛ طبخ کردن	akhbaz
الخبّاز	شاطر؛ نانوا	al-khabbaz
الخبز	طبخ	al-khabz
التّوازن	مانده؛ تراز	al-tvazan
حفظ توازن	متعادل	hefz tavazon
البلكونة	خروجی؛ بالکن	al-balkuna
أصلع	کل؛ طاس	asla
حاقد	غم انگیز؛ مصیبت بار	haghed
العارضة	زیرش زدن؛ مایه لغزش	al-arza
الكرة	توپ	al-kara
القصّة	شعر افسانه ای	al-ghassa
الباليه	باله	al-baliye
المنطاد	بادکنک	al-mantad
الاقتراع	برگه رای	al-eghtera
البلسم	بلسان	al-balsam
بلطيقي	بالتیک	belatighi
الخيزران	خیزران؛ بامبو	al-kheyzaran
الحظر	نهی؛ منع کردن	al-hazr
الموزة	موز	al-mavza
الفرقة	گروه (موسیقی)	al-fargha
الضّمادة	تنزیب؛ پانسمان	al-zamada
قاطع الطّريق	سارق؛ راهزن	ghate alttarigh
حزام ذخيرة	قطار فشنگ	hazam zakhira
مصدر أذى	جانی؛ مخرب زندگی	masdar azi
الدّويّ	چتر زلف	al-dvyy
إنفِ	دور کردن؛ نفی بلد کردن	enfe
النّفي	نفی؛ تبعید	al-nafi
البنك	بانک (پول)	al-banak
المصرفيّ	صراف؛ بانک دار	al-masarfyy
البنوك	بانکی؛ صرافی	al-bonuk
المفلس	ورشکست	al-mofles
الإفلاس	اعسار؛ افلاس	al-eflas
الرّاية	بنر	al-raya
الوليمة	مهمانی؛ سور	al-valima
المزاح	شوخی کنایه دار	al-mezah
التّعميد	تعمید؛ غسل	al-tamid
خاصّ بالتّعميد	تعمیدی	khass balttamid
البار	میخانه، میله	al-bar
الهمجيّ	بی تمدن	al-hamjyy
متوحّش	بربری	motevahhesh
البربريّة	وحشیگری	al-barabryya
الوحشيّة	بی رحمی؛ قساوت قلب	al-vahashyya
شائك	خاردار	shaak
الحلاّق	آرایشگر؛ سلمانی	al-halagh
عاري	لخت	ari
حافي	پابرهنه	hafi
بالكاد	به سختی	balkad
البيعة الرّابحة	معامله	al-biat alrrabha
التّفاوض	چانه زنی	al-tafavz
العبّارة	دوبه؛ سرزده وارد شدن	al-abbara
النّباح	عوعو؛ عوعو کردن	al-nabah
الشّعير	علیق؛ جوین	al-shair
الشّونة	طویله؛ کاهدان	al-shvna
البارون	باروری	al-barun
البارونة	همسر بارون	al-baruna
البرميل	بشکه	al-barmil
قاحل	عقیم؛ نازا	ghahel
الحاجز	مانع	al-hajez
عربة اليد	زنبه؛ خاک کش	arbat alid
المقايضة	پایاپای؛ تهاتر	al-maghayza
القاعدة	فرومایه؛ لئیم	al-ghada
البيسبول	بیسبال	al-bisbul
أسّس	بر اساس	assas
بلا أساس	بی پایه؛ بی اساس	bala asas
البدروم	زیرزمین	al-badrum
خجول	محجوبانه؛ شرمرو	khajul
الخجل	کمروئی	al-khejel
أساسيّ	اصلی؛ اساسی	asasyy
أساسًا	اصلاً؛ اساساً	asasana
الحوض	طشت؛ تشتک	al-huz
الأساس	پایه؛ اصل	al-asas
تمتّع	حمام آفتاب گرفتن	tamatto
السّلّة	سبد	al-salla
كرة السّلّة	بسکتبال	kart alssalla
الباس	باس	al-bas
الخفّاش	خفاش؛ ضربه زدن (با چوب)	al-khaffash
الحمّام	حمام	al-hamam
الاستحمام	شستشو؛ شستشو کردن	al-estehmam
القماش القطنيّ	پاتیس	al-ghomash alghatnyy
العصا	باتون؛ عصای افسران	al-asa
الكتيبة	گردان	al-katiba
البطّاريّة	باتری؛ باطری	al-battaryya
المعركة	نبرد؛ جنگ	al-maarka
ميدان القتال	میدان جنگ	meydan alghattal
ساحة القتال	نبردگاه؛ عرصه منازعه	sahet alghattal
سفينة حربية	ناو؛ رزمناو	safint harbia
الخليج	خلیج	al-khalij
الحربة	سرنیزه	al-harba
يكون	بودن	yokun
كن	بودن	kon
الشّاطئ	ساحل	al-shati
الفنار	چراق دریایی	al-fanar
الخرزة	دانه؛ مهره	al-kharza
الدّيكور	روکوب	al-dikur
المنقار	نوک؛ تک	al-menghar
الشّعاع	پرتو	al-shaa
الفول	لوبیا	al-ful
الدّبّ	خرس	al-dabb
اللحية	ریش؛ محاسن	al-lahia
ملتحي	ریشو؛ ریشدار	maltahi
الشّيّال	حامل؛ درخت بارور	al-shyyal
بفظاعة	جانوروار	befazaa
ضرب	زده؛ کوبیده	zarb
الصّديق	جوان شیک	al-sadigh
جميل	زیبا	jamil
الجمال	خوبی؛ جمال	al-jamal
لأنّ	زیرا	lann
اصبح	شدن	asbah
السّرير	تختخواب	al-sarir
غرفة النوم	شبستان	gharfat alnum
غطاء السّرير	رختخواب؛ هوای آزاد	ghata alssarir
طريح الفراش	بستری	tarih alfarash
غرفة النّوم	اتاق خواب	gharfat alnnvm
وقت النّوم	وقت استراحت؛ موقع خوابیدن	vaght alnnvm
النّحلة	زنبور؛ مگس انگبین	al-nahla
الزّان	آلش	al-zan
اللّحم	گوشت گاو	al-laham
البيرة	آبجو	al-bira
فيما مضى	قبل از	fima mazi
مسبقًا	پیشاپیش	masabaghana
صادق	رفاقت کردن؛ تجیب کردن	sadegh
تسوّل	التماس کردن؛ استدعا کردن	tasvvol
أنجب	پس انداختن؛ سبب وجود شدن	anjab
الشّحّاذ	گدا؛ فقیر	al-shahhaz
ابدأ	شروع کردن	abda
البداية	شروع	al-badayea
المصلحة	از طرف	al-masalha
تصرّف	رفتار کردن	tasarrof
السّلوك	رفتار؛ اخلاق	al-saluk
قطع رأس	سربریده	ghat ras
انظر	هان؛ هین	anzar
البيج	بژ	al-bij
متأخّر	دیر شده	moteakher
البلجيكيّ	بلژیکی	al-baljikyy
بلجيكا	بلژیک	belajika
الإيمان	ایمان؛ اعتقاد	al-eyman
صدّق	باور داشتن	saddagh
المؤمن	معتقد؛ مومن	al-momen
الجرس	ناقوس؛ جرس	al-jaras
خصّ	تعلق داشتن	khass
محبوب	محبوب	mahbub
إلى أسفل	زیر، پایین	eli asfal
الحزام	کمربند	al-hazam
المقعد	نیمکت	al-maghad
المعيار	معیار	al-mayar
انحن	چنبره؛ خمیدگی	anhan
أسفل	زیر	asfal
الدّعاء	رضوان؛ نیایش	al-daa
المتبرّع	واقف؛ نیکوکار	al-motebarre
متصدّق	منان؛ منعم	motesaddegh
المستفيد	ذینفع	al-mostafid
الفائدة	فایده	al-faeda
الكرم	خوشدلی؛ نوع پرستی	al-karam
خيريّ	خیر؛ نیکوکار	khiryy
لطيف	جید	latif
انحنى	خم؛ متمایل	anhani
التّركة	وقف نامه	al-tarka
برلين	برلین؛ برلن	berlin
المرسى	پهلو گرفتن؛ اطاق کشتی	al-mersi
البريل	بزادی	al-bereyl
التمس	التماس کردن	al-tams
التماس	از و جز	eltemas
بجانب	کنار	bejaneb
بالإضافة إلى ذلك	علاوه بر این	balezaft eli zalek
الأفضل	بهترین	al-afzal
وحشيّ	دامی؛ شبیه حیوان	vahashyy
امنح	عطا کردن؛ بذل کردن	amnah
راهن	شرط بندی؛ شرط بستن	rahen
البيتا	بتا	al-bita
خن	خیانت کردن	khan
الخيانة	خیانت؛ افشاء سر	al-khiana
أفضل	بهتر	afzal
التّحسين	بهی	al-thoseyn
بينهما	بین	binhama
المشروب	شربت؛ نوشابه	al-mashrub
احترس	هان؛ هلا	ahtaras
حيّر	گیج؛ سردرگم	hayyar
الارتباك	گیجی؛ سردرگمی	al-ertebak
التّحيّز	تعصب	al-tahyyaz
الإنجيل	انجیل؛ کتاب مقدس	al-enjil
ثاني الكربونات	جوش شیرین	sani alkarbunat
الدّرّاجة	دوچرخه	al-darraja
ركوب بالدرجات الهوائية	دوچرخه سواری	rokub baldrajat alhavaia
العرض	پیشنهاد دادن، پیشنهاد	al-arz
النّعش	مقبره	al-naash
التّشعّب	شکاف گاه	al-tashab
كبير	بزرگ	kabir
ثنائيّ	دوجانبه؛ دوطرفه	sanai
الصّفراء	صفر؛ زرداب	al-safra
مريض بالصفراء	صفراوی؛ زرداب ریز	mariz balsafra
الفاتورة	صورتحساب	al-fatura
بليون	میلیارد	belyon
سبيكة نقدية منخفضة الفضة	بورچاق	sabikat naghadit manakhfazat alfaza
الصّندوق	سطل آشغال	al-sandugh
المشكلة	بستن	al-mashakla
الملفّ	صحاف؛ شیرازه	al-malaff
الغلاف	حتیالاجرا؛ تجلید	al-ghalaf
متعلّق بسيرة ذاتيّة	زیستنامهای	moteallegh besirat zatyya
السّيرة	زندگی‌نامه	al-sira
بيولوجيّ	زیستی	biyulujyy
علم الأحياء	زیست‌شناسی	elm alahia
ثنائيّ القطب	دوقطبی	sanai alghotb
البيرش	توس؛ غان	al-birash
الطّائر	پرنده	al-taer
بيرمينجهام	بیرمنگام	birminjham
الميلاد	تولد	al-milad
عيد الميلاد	تولد	eyd almilad
مسقط الرّأس	زادگاه؛ مسقطالراس	masghat alrras
الحقّ الطّبيعيّ	حق ارشدیت	al-hagh alttabiyy
البسكويت	بیسکویت	al-baskuyat
الأسقف	اسقف	al-asghaf
العضّة	گاز؛ نیش	al-azza
اللذاعة	تلخی	al-lazaa
المعسكر	اتراق؛ اتراق کردن	al-maaskar
غريب	عجیب و غریب	gharib
الأسود	سیاه	al-asud
الحدّاد	آهنکر؛ آهنگر	al-haddad
المثانة	بادکنک؛ کمیزدان	al-masanea
الشّفرة	تیغه	al-shafra
يحتوي على شفرة	تیغه دار	yahatuye ali shafara
لم	سرزنش؛ ملامت	lam
الفراغ	خالی	al-faragh
البطّانيّة	پتو	al-battanyya
الانفجار	انفجار، منفجر کردن	al-enfejar
اللّهب	افروختگی؛ شعله زدن	al-lahb
كئيب	درمعرض بادسرد	kaib
انزف	خونریزی کردن	anzaf
العيوب	معایب	al-oiyub
الخليط	ترکیب کردن	al-khalit
ممزوج	عجین	mamzuj
بارك	برکت دادن	barak
النّعيم	مبارکی	al-naim
النّعمة	برکت	al-nama
الشّيش	کور؛ نابینا	al-shish
العمى	کوری؛ نابینائی	al-ami
الطّرفة	سوسو زدن؛ نگاه مختصر	al-tarfa
الرّمش	طرفه العین	al-ramash
البثرة	آبله؛ طاول	al-basara
الحصار	گرفتگی؛ سدراه کردن	al-hesar
المتخلّف	بی کله	al-motekhallef
المفكّرة	وبلاگ	al-mafakkara
الشّقراء	بلوند	al-shaghra
الدّم	خون	al-dam
سلميّ	بی خون؛ بدون خونریزی	salmyy
إراقة الدّماء	خونریزی؛ سفک دماء	eraghat alddama
سفّاح	خونریز؛ خونخوار	saffah
جدًّا	خونین؛ خون آلود	jadantashdida
الزّهرة	شکوفه؛ شکفتن	al-zahra
البقعة	لک کردن	al-bagha
إنفخ	دمیدن؛ ضربه، دمیدن	enfakh
أزرق	آبی	azragh
النّصب	توپ؛ بلف	al-nasb
مزرقّ	آبی فام	mazargh
الخطأ	خبط کردن؛ اشتباه کار	al-khata
غير حادّ	کند کردن؛ بی نوک	gheyr hadd
بوضوح	بالصراحه	bevozuh
عدم الحدّة	صراحت	adam alhadda
الضّبابيّة	تیرگی؛ لک کردن	al-zababyya
الحمرة	روژ	al-hamara
البواء	مار اژدر؛ اژدر مار	al-bava
اللّوحة	تخته، هیئت مدیره	al-lvha
المفخرة	فخر فروختن	al-mafakhra
القارب	قایق	al-ghareb
بالكامل	تنی؛ جسمی	balkamal
الجسم	بدن	al-jasam
الحارس	مستحفظ شخص؛ گارد مخصوص	al-hares
المستنقع	سیاه آب؛ لجن زار	al-mostanghe
اغل	جوشاندن	aghl
الغلّاية	دیگ	al-ghallaya
اجترئ	پررنگ	ajtari
بجرأة	جسارتا؛ جسورانه	bejara
التّرباس	زبانه؛ زبانه دار کردن	al-tarbas
القنبلة	بمب؛ بمباران کردن	al-ghanabala
اقصف	توپ زدن؛ بتوپ بستن	aghsaf
القذف	بمباران	al-ghazf
منفذ العملية	بمب انداز؛ بمب افکن	manfaz alamlia
القصف	بمباران	al-ghasf
السّند	صلح؛ وجه الضمانه	al-sand
العظمة	استخوان	al-azma
الغطاء	درپوش؛ کلاه سرگذاشتن	al-ghata
المكافأة	پاداش	al-makafa
هزيل	استخوانی؛ اسکلتی	hazil
المغفّل	ساده لوح	al-moghaffal
الكتاب	رزرو کردن؛ کتاب، رزرو کردن	al-ketab
الحجز	رزرو	al-hajz
نظريّ	کتابی؛ ملانقطی	nazaryy
الانتعاش	رونق	al-enteash
الدّافع	افزایش دادن، افزایش	al-daf
الحذاء	چکمه	al-haza
الكشك	غرفه؛ جای ویژه	al-kashak
الغنيمة	غارت؛ غنیمت	al-ghanima
الحدود	کناره؛ مرز	al-hodud
اثقب	مو؛ سرخر	asghab
ثقب	خسته	saghb
الملل	خستگی؛ ملالت	al-melal
الثّقب	خسته‌کننده	al-saghb
مولود	متولد شدن	molud
استعر	قرض گرفتن	astar
المقتبس	عاریه؛ استقراض	al-moghtabes
البوسنة	بوسنی	al-busna
الصّدر	سینه؛ بغل	al-sadr
الرّئيس	رئیس	al-rais
بوسطن	بوستون	bustan
عالم النّبات	گیاهشناس	alam alnnabat
علم النّبات	گیاهشناسی	elm alnnabat
الحياة النباتية	گیاهشناسی	al-hiat alnabatia
كلاهما	هر دو	kalahma
تضايق	رنجاندن؛ ایذاء	tazayegh
الزّجاجة	بطری	al-zajaja
القاع	پایین، ته	al-gha
الفرع	شانه حیوان	al-far
تنطّط	جهش کردن	tanattot
القفزة	مقید	al-ghafza
الحدّ	مرز	al-hadde
لا حدّ له	بیکران؛ نامتناهی	la hadde le
الباقة	گلدسته	al-baghea
البورجوازيّ	طبقه دوم	al-burjvazyy
بقريّ	شبیه گاو؛ گاو خوی	begharyy
الانحناءة	خم شدن، تعظیم	al-anhana
الأمعاء	امعاء	al-ama
المظلّة	آلاچیق	al-mozalla
السّلطانيّة	کاسه	al-saltanyya
الرّامي	قدح ساز؛ مشروب خوارافراطی	al-rami
الملاكم	مشتباز؛ مشتزن	al-melakam
الملاكمة	بوکس؛ مشتزنی	al-malakma
الولد	پسر	al-valad
المقاطعة	بایکوت؛ تحریم کردن	al-maghata
فترة الصّبا	پسری؛ پسر بچگی	fatarat alssaba
الدّعامة	آکولاد	al-daama
تفاخر	لاف؛ بالیدن	tafakhor
مزيّن	بافته	mozayyan
التّضفير	نواریاتوری قیطانی	al-tazfir
المخّ	مغز	al-makh
الفرامل	ترمز؛ ترمز کردن	al-faramal
نوع	جور؛ داغ	no
النّحاس الأصفر	نحاس؛ افسر ارشد	al-nahas alasfar
نحاسيّ	برنجی؛ برنج مانند	nahasyy
الشّجعان	رشید؛ راد	al-shajan
بشجاعة	شجاعانه؛ غازیانه	beshajaa
الشّجاعة	تهور؛ شهامت	al-shajaa
أحسنت	آفرین؛ هورا	ahsanat
المبخرة	رویگر؛ آتشدان	al-mabakhra
البرازيل	برازیلیا؛ برزیل	al-barazil
المخالفة	نقض کردن، نقض	al-makhalfa
الرّاحة	شکستن، استراحت	al-raha
الانهيار	خرابی	al-aneyar
الإفطار	صبحانه	al-eftar
الاختراق	پیشرفت	al-ekhteragh
الانتهاء	بهم زدن	al-enteha
النّفس	دم؛ نفس	al-nafs
تنفّس	تنفس کردن؛ استنشاق کردن	tanaffos
التّنفّس	تنفس؛ ذینفس	al-tanffas
لاهث	بی جان؛ بی نفس	lahes
الكعب	ته توپ؛ ته تفنگ	al-kab
تكاثر	نژاد، پرورش دادن	takasor
التّناسل	تخم کشی؛ تولید مثل	al-tanasal
النّسيم	نسیم؛ بادملایم	al-nasim
عاصف	نسیمدار؛ شادی بخش	asef
منتج الخمر	آبجوساز	montaj alkhamr
مصنع البيرة	آبجوسازی	masna albira
الرّشوة	رشوه؛ رشوه دادن	al-rashua
الطّوبة	آجر	al-tvba
خاصّ بالزّفاف	متعلق بعروس	khass balzzafaf
العروسة	عروس	al-arusa
العريس	دامادی	al-aris
الكوبري	پل	al-kubari
اللّجام	افسار؛ عنان	al-lajam
الاختصاص	مختصر؛ کوتاهمدت	al-ekhtesas
باختصار	به طور خلاصه	bakhtasar
اللّواء	تیپ	al-lva
مضيء	روشن	mazi
أضئ	زرنگ کردن؛ درخشان کردن	azi
الإشراق	فروغ؛ روشنی	al-eshragh
لامع	درخشان	lame
أحضر	آوردن	ahzar
الحافّة	لب؛ شرف	al-haffa
بريطانيا	بریتانیا	baryatania
بريطانيّ	بریتانیایی؛ انگلیسی	baryatanyy
هشّ	شکننده؛ ترد	hash
المرأة	گشاد؛ پهن	al-mara
البثّ المكثّف	پهنای باند	al-bass almokassaf
البرنامج	پخش؛ پراکندن	al-barnamaj
المذيع	پخش کننده	al-mazi
اتسع	وسیع کردن	atsa
بوجه عامّ	به طور گسترده	buje am
الكتيّب	جزوه؛ بروشور	al-katyyab
انكسر	شکسته	ankasr
السّمسار	واسطه؛ دلال	al-samsar
التهاب الرّئويّ	برنشیت؛ آماس نایژه	eltehab alrrayy
البرونز	برنز؛ برنزی	al-barunz
دبّوس الزّينة	گل سینه؛ باسنجاق آراستن	dabbvs alzzina
الجدول	جوی؛ جویبار	al-jadval
المقشّة	جاروب؛ جارو	al-moghasha
الأخ	برادر	al-akh
الأخوّة	اخوت؛ برادری	al-akhvva
أخويّ	برادرانه؛ برادر وار	akhyy
احمر	قهوه‌ای	ahmar
متصفح ويب	مرورگر	motesaffeh vib
الكدمة	کوفتگی؛ تباره	al-kadma
الفرشة	برس، برس زدن	al-farsha
بوحشيّة	بی رحمانه	buhshyya
المتوحّش	جانور خوی؛ کودن یاشهوانی	al-motevahhesh
الفقّاعة	حباب؛ غلغل سدن	al-faghaa
متعلّق بورم غدّة لنفاويّة	خیارکی	moteallegh buram ghaddat lanfavyya
الدّولار	دلار، نر (جانور)	al-dvlar
الجردل	سطل؛ دول	al-jardel
الإبزيم	چپراست؛ سگک	al-ebzim
البرعم	جوانه؛ شکوفه	al-baram
البوذيّ	بودایی	al-buzyy
الميزانيّة	بودجه	al-mizanyya
الهاوي	گاو وحشی؛ زرد نخودی	al-havi
الجاموسة	گاومیش؛ بوفالو	al-jamusa
الواقٍ	بافر	al-vaghen
البقّة	حشره، اشکال نرم‌افزاری	al-bagha
البوق	بوق	al-bugh
ابن	ساختن	ebn
البنّاء	بساز و بفروش	al-banna
المبنى	ساختمان	al-mabni
اللّمبة	سوخ؛ لامپ برق	al-lamba
منتفخ	پیازی	montafekh
الانتفاخ	برامدگی؛ بالارفتگی	al-entefakh
المعظم	عمده	al-moazzam
ضخم	جسیم؛ تنه دار	zakhm
الثّور	گاو؛ ثور	al-svr
البلدغ	بول داگ	al-baldagh
الرّصاصة	تیر؛ گلوله	al-rasasa
النّشرة	پژوهشنامه؛ بولتن	al-nashra
السّبائك	شمش	al-sabaak
الفتوّة	قلدر؛ گردنکلفت	al-fatvva
المجموعة	خوشه؛ خوشه کردن	al-majmua
الحزمة	بقچه؛ دسته کردن	al-hazma
الضّربة	دربیس بال	al-zarba
متفائل	شناور	motefael
المسئوليّة	بار	al-masulyya
ثقيل	غم انگیز	saghil
المكتب	اداره؛ شورا	al-maktab
البيروقراطيّة	بوروکراسی	al-birugharatyya
اللّصّ	دزد؛ دزد خانه	al-lass
الدّفن	دفن	al-dafan
قويّ	گره دار	ghyy
الحرق	سوختن	al-hargh
الأزيز	غلیظ تلفظ کردن	al-aziz
الجحر	نقب؛ زیرزمین لانه کردن	al-jahr
ادفن	خاک کردن؛ گور کردن	adfan
الحافلة	اتوبوس	al-hafla
بوش	بوته؛ بوش	bush
البوشل	لیتر است؛ با پیمانه وزن کردن	al-bushl
التّجارة	کسب و کار	al-tajara
رجل الأعمال	بازرگان	rajol alamal
التّمثال	ورشکست کردن؛ ورشکست شدن	al-tamsal
مشغول	مشغول	mashghul
لكنّ	اما	lakann
الجزّار	قصاب؛ قصابی کردن	al-jazzar
رئيس الخدم	ساقی؛ آبدارباشی	rais alkhadam
الزّبدة	کره	al-zabda
الفراشة	پروانه	al-farasha
اللّبن	آبدوغ	al-laban
الأرداف	سرین؛ لنبر	al-ardaf
الزّرّ	دکمه	al-zarr
العروة	مادگی	al-orua
اشتر	خریدن	ashtar
المشتري	خریدار؛ خرنده	al-moshtari
الطّنين	ویزویز کردن؛ نامشخص حرف زدن	al-tanin
ب	توسط، کنار	be
وقفة التّأهّب	خداحافظ	vaghafat alttahhab
سيارة الأجرة	تاکسی؛ جای لوکوموتیوران	siarat alajra
الملفوف	کلم	al-malfuf
سائق سيارة الأجرة	رانندهتاکسی	saegh siarat alajra
الحجرة	کلبه	al-hajara
الوزارة	کابینت، هیئت وزیران	al-vazara
السلك	تلگراف؛ طناب سیمی	al-salak
الثرثرة	نعیب کردن؛ غار غار	al-sarsra
المقهى	کافه	al-maghei
القفص	قفس؛ درقفس نهادن	al-ghafs
الكعكة	کیک	al-kaka
مفجع	پربلا؛ مصیبت بار	mafja
الكارثة	بلا؛ آفت	al-karsa
إحسب	حساب کردن؛ احتساب کردن	ehsab
الحساب	محاسبه	al-hesab
التقويم	تقویم؛ سالنما	al-taghvim
العجل	گوساله؛ عجل	al-ajl
منقط بالألوان	چلوار	manghat balaluan
كاليفورنيا	کالیفرنیا	kalifurnia
كاليفورني	کالیفرنیایی	kalifurani
النداء	صدا زدن، تماس گرفتن	al-neda
قاس	پینهدار؛ سنگ دل	ghas
النسيج	پینه؛ پینه ای	al-nasij
الهدوء	آرام؛ ملایم	al-hadu
بشكل هادئ	به آرامی	beshekl hadi
السعرة الحرارية	کالری	al-saarat alhararia
الإفتراء	افترا؛ بهتان	al-eftra
الجمل	شتر؛ سار	al-jomal
النقش	به زرد	al-naghash
آلة التصوير	دوربین	alat altasvir
الحملة	کارزار؛ کمپین	al-hamala
المدافع	نامزد انتخابات	al-modafe
إقامة المخيمات	اردو زدن	eghamat almakhimat
يستطيع	توانستن (فعل کمکی)؛ قوطی	yasatati
يمكن	توانستن (فعل کمکی)؛ قوطی	yamkan
كندا	کانادا	kanda
الكندي	کانادایی	al-kondi
القناة	کانال	al-ghana
السرطان	سرطان	al-saratan
سرطاني	سرطانی	saratani
صريح	صاف؛ بی تزویر	sarih
الترشيح	نامزدی؛ داوطلبی	al-tarshih
المرشّح	نامزد؛ کاندید	al-morashah
الشمعة	شمع	al-shama
كاندي	نقل؛ شیرینی	kanedi
القصب	عصا؛ قصب	al-ghasab
العلبة	چای دان؛ گازاشک آور	al-alba
معلّب	مست باده	moallab
لا يستطيع	نمی‌تواند (فعل کمکی)	la yasatati
الزورق	قایق رانی	al-zoragh
الستارة	سایبان گذاشتن؛ کروک اتومبیل	al-satara
الخبب	سلانه سلانه	al-khabab
الجنفاص	بوم نقاشی	al-janfas
الوادي	دربند؛ تنگه	al-vadi
القبّعة	کلاهک	al-ghabba
القابلية	توانایی	al-ghablia
قدير	قابل؛ لایق	ghadir
واسع	جادار؛ گنجا	vase
الرأس	شنل	al-ras
شعري	عروق شعریه	sheri
الرأسمال	پایتخت، سرمایه	al-rasmal
الرأسمالية	سرمایه‌داری	al-rasmalia
الرأسمالي	سرمایه‌دار	al-rasmali
المعاهدة	کاپیتولاسیون	al-maahda
نزوي	بوالهوس؛ هوسران	nazuye
الكبسولة	کپسول؛ پوشینه	al-kabsula
القائد	ناخدا؛ سروان	al-ghaed
الأسير	بندی؛ دربند	al-asir
الأسر	گرفتاری؛ اسارت	al-asr
السيارة	ماشین	al-siara
القافلة	کاروان	al-ghafla
الكاربون	کربن	al-karbun
البطاقة	کارت	al-batagha
ورق المقوّى	مقوا؛ مقوای نازک	varagh almoghavvi
قلبي	فم المعدی	ghalbi
الكاردينال	کاردینال؛ عدداصلی	al-kardinal
العناية	مراقبت، اهمیت دادن	al-anayea
المهنة	شغل، حرفه	al-mahna
هانئ	سبکبار؛ بی غم	hani
حذر	مراقب	hazar
بعناية	با دقت	beanayea
مهمل	بیدقت؛ مسالمتآمیز	mahmal
بشكل مهمل	سرسری؛ غافلا	beshekl mahmal
الإهمال	غفلت؛ مسامحه	al-ehmal
المداعبة	نوازش؛ ناز	al-madaba
الشحن	بار	al-shahan
الكاريبي	کارائیب	al-karibi
الكاريكاتير	کاریکاتور؛ کاریکاتور ساختن	al-karikatir
المجزرة	قتل عام	al-majazra
الكرنفال	کارناول؛ کارناوال	al-karnfal
كارولنا	کارولینا	karulna
رُسغي	مچ دستی	rosghi
كاربينتر	درودگر؛ نجار	karbintar
النجارة	نجاری؛ درودگری	al-najara
السجادة	فرش	al-sajada
العربة	کالسکه	al-arba
الناقل	حامل؛ ترک بند	al-naghel
الميتة	لاش؛ گوشت گندیده	al-mayta
الجزر	هویج	al-jazr
إحمل	حمل کردن	ehmal
الغضروف	غضروف	al-ghozruf
الصورة المتحركة	کارتون	al-surat almatahraka
الخرطوشة	فشنگ	al-khartusha
إقطع	حکاکی کردن	eghta
الشلال	آبشار	al-sholal
الحالة	مورد، پرونده	al-halea
النقد	پول نقد	al-naghd
الصراف	صندوقدار؛ تحویلدار	al-sarraf
الكازينو	کازینو	al-kazinu
الصندوق	صندوق یاتابوت	al-sandugh
الكاسيت	کاست	al-kasiyat
ثوب الكاهن	دلق	sob alkahan
ممثلون	افکندن؛ بر افکندن	mamaslun
الطائفة	صنف	al-taefa
القلعة	قلعه	al-ghala
عادي	معمولی	adi
عرضا	تفریحاً	arza
المصاب	تلفات	al-masab
القطّة	گربه	al-ghatta
الدليل	کاتالوگ	al-dalil
الصيد	گرفتن	al-sid
الصنف	طبقه؛ رده	al-senf
موّن	پذیرایی کردن	mavvan
الكاثدرائية	کلیسا	al-kasdaraia
كاثوليكي	کاتولیک؛ جامع	kasuliki
قطّي	گربهوار	ghatti
الماشية	گله گاو	al-mashia
القوقاز	قزاقی	al-ghughaz
القرنابيط	گلکلم	al-gharnabit
سببي	سببی؛ علتی	sababi
مسبب	سبب شونده	mosabbeb
السبب	علت، باعث شدن	al-sabab
الحذر	احتیاط	al-hazar
بشكل حذر	از رویاحتیاط	beshekl hazar
الموكب	گردش سواره	al-mokeb
الفارس	شوالیه	al-fars
سلاح الفرسان	سواره نذام	selah alefresan
الكهف	غار	al-kahf
مجوّف	غارمانند؛ غاردار	mojavvaf
التجويف	گودی	al-tajvif
القرص المدمج	سی‌دی	al-ghors almadmaj
الوقف	متوقف کردن	al-vaghf
الأرز	سرو؛ سدر	al-arz
السقف	سقف	al-saghf
إحتفل به	جشن گرفتن	ehtafl be
الإحتفال	جشن؛ برگزاری	al-ehtafal
المشهور	سلبریتی	al-mashhur
السماوي	سماوی؛ عرشی	al-samavi
الخلية	یاخته؛ سلول	al-khalia
القبو	زیرزمین؛ سرداب	al-ghabu
الخلوي	سلولی؛ سلول دار	al-khaluye
الكيلتي	سلتی؛ زبان سلتی	al-kilti
الإسمنت	سیمان؛ سمنت	al-esmanat
المقبرة	قبرستان	al-maghabra
الرقابة	سانسور	al-raghaba
إحصاء السكان	سرشماری؛ آمارگیری	ehsa alsakan
السنت	سنت	al-sanat
المئوي	صدساله؛ یادبود صدساله	al-mauye
المركز	مرکز؛ وسط	al-markaz
مركزي	مرکزی؛ میانی	markazi
المركزة	تمرکز	al-marakaza
طارد مركزي	مرکزگریز؛ نیروی گریز از مرکز	tared markazi
القرن	قرن	al-gharan
الحبوب	غله؛ حبوبات	al-hobub
مخّي	مغزی؛ دماغی	makhi
رسمي	تشریفاتی	rasmi
المراسيم	تشریفات؛ مناسک	al-marasim
المراسم	جشن؛ مراسم	al-marasem
متأكّد	مطمئن	moteakked
بالتأكيد	قطعا	baltakid
اليقين	قطعیت	al-ighin
الشهادة	گواهی	al-shahada
إشهد	تصدیق کردن؛ شهادت کتبی دادن	eshhad
عنقي	گردنی	anghi
الكدر	غم وغصه	al-keder
السلسلة	سلسله؛ زنجیر	al-salasla
الكرسي	صندلی	al-korsi
الرئيس	رئیس؛ فرنشین	al-rais
الكأس	جام	al-kas
الطباشير	گچ؛ تباشیر	al-tabashir
التحدي	طلب حق؛ سر تافتن	al-tahdi
التحدّي	چالش برانگیز	al-tahaddi
الغرفة	اتاق	al-gharfa
البطل	میدان جنگ	al-batl
الشمبانيا	شامپانی	al-shambania
البطولة	قهرمانی	al-batula
الفرصة	شانس	al-farsa
الثريا	چلچراغ؛ لوستر	al-sorayya
التغيير	تغییر، تغییر دادن	al-taghir
الفوضى	هرج و مرج	al-fuzi
الشاب	خشکی شدن؛ خشکی زدن	al-shab
القسيس	پیشنماز؛ قاضی عسگر	al-ghessis
الفصل	فصل؛ بخش	al-fasl
الشخص	شخصیت	al-shakhs
الخاصية	اختصاصی؛ مشخصه	al-khasia
ميّز	توصیف کردن	mayyaz
الفحم	زغال؛ ذغال	al-faham
الأجرة	عهده؛ تهمت	al-ajra
خيري	خیر؛ اوقاف	kheyri
الصدقة	خیریه	al-sadgha
نصّاب	چاچولباز؛ شارلاتان	nassab
السحر	جذابیت	al-sahr
المخطط	نمودار	al-makhtat
الدستور	منشور	al-dastur
المطاردة	تعقیب کردن، تعقیب	al-matarda
عفيف	مخدر؛ عفیف	afif
الدردشة	گپ زدن	al-daradasha
رخيص	ارزان	rakhis
الرخص	ارزانی	al-rakhs
الإحتيال	فریب؛ گولزدن	al-ehtial
الغشّ	فریب؛ تقلب	al-ghash
المراقبة	بررسی کردن، چک؛ چک کردن	al-maraghba
كش ملك	مات کردن؛ شاه مات	kesh melk
الخدّ	گونه	al-khadd
الهتاف	تشویق کردن، تشویق	al-hataf
مبتهج	خرم؛ شنگول	mobtahej
الإبتهاج	انبساط؛ بشاشت	al-ebtahaj
فرحان	با ل بشاشت	farhan
الجبن	پنیر	al-jaban
كبير الطبّاخين	سرآشپز	kabir altabbakhin
المادة الكيمياوية	شیمیایی	al-madet alkimiavia
الصيدلي	شیمیدان	al-sideli
الكيمياء	شیمی	al-kimia
عزّ	ورزیدن؛ عزیز داشتن	azz
الكرز	گیلاس	al-karz
الشطرنج	شطرنج؛ شترنج	al-shatranj
رقعة الشطرنج	تخته شطرنج	raghat alshatranj
الصدر	سینه؛ قص	al-sadr
الكستناءة	بلوط؛ شاه بلوط	al-kasatna
إمضغ	خاییدن؛ جویدن	emzagh
شيكاغو	شیکاگو	shikaghu
الدجاجة	مرغ	al-dajaja
بصورة رئيسية	عمدتاً	besurat raisia
النسيج الحريري	تور نازک؛ نوعی کیک	al-nasij alhariri
الطفل	کودک	al-tefl
الطفولة	خردی؛ بچگی	al-tafula
طفولي	کودکانه؛ بچگانه	tofuli
بدون أطفال	بی فرزند؛ بی اولاد	bedun atfal
البرد	چایمان؛ سرد کردن	al-bord
الرنين	ناقوس را؛ سازیاموسیقی زنگی	al-ranin
وهمي	هوس باز؛ هوس آمیز	vahmi
المدخنة	دودکش؛ تنوره	al-madakhana
الذقن	چانه؛ پوز	al-zaghan
الصين	چین؛ ظروف چینی	al-sin
الصينيون	چینی؛ زبان چینی	al-sinyun
البصيص	درزپیدا کردن	al-basis
الرقاقة	چیپس، تراشه	al-raghagha
الإزميل	اسکنه؛ منقاش	al-ezmil
فروسية	سلحشوری	farusia
شهامة	سلحشوری	shahama
الشوكولاته	شکلات	al-shukulate
الإختيار	انتخاب	al-ekhtyar
الجوقة	گروه کر	al-jugha
الإختناق	اختناق؛ ساسات	al-ekhtanagh
الكوليرا	وبا	al-kulira
إختر	انتخاب کردن	ekhtar
مقطّع	ریز ریز	moghatta
السيد المسيح	مسیح؛ یاعلی	al-sid almasih
المسيحية	مسیحیت؛ عیسویت	al-masihia
المسيحيون	نصارا	al-masihyun
مزمن	مزمن	mozmen
زمني	زمانی	zamni
ممتلئ	خپله	mamtali
تشوك	مرغک	tashvvok
مخضخض	چرخی	makhazkhaz
شراب التفاح	آب سیب؛ شربت سیب	sharab altafah
السيجار	سیگار برگ	al-sijar
السيجارة	سیگار	al-sijara
السينما	سینما	al-sinama
الدائرة	دایره، دور چیزی کشیدن	al-daera
التعميم	حلقهای؛ مدور	al-tamim
وزّع	گردش کردن	vazza
التوزيع	گردش	al-tozi
الختان	ختنه	al-khetan
الظرف	چگونگی	al-zarf
السيرك	میدان؛ جولانگاه	al-sirk
الحصن	ارک؛ قلعه نظامی	al-hasan
إستشهد به	اقتباس کردن؛ اتخاذ سند کردن	estashahad be
المواطن	شهروند	al-mavatan
المواطنة	شهروندی	al-mavatna
المدينة	شهر	al-madina
مدني	مدنی	madani
المدني	غیرنظامی	al-madani
اللطف	نزاکت	al-lotf
الحضارة	تمدن	al-hazara
متحضّر	متمدن	motehazzer
الإدّعاء	طلب؛ ادعا	al-eddaa
المدّعي	مدعی؛ مطالبه کننده	al-maddai
الصخب	سروصدا؛ غریو کشیدن	al-sakhb
المشبك	گیره؛ سوزن بند	al-moshabbak
العشيرة	طایفه؛ قبیله	al-ashira
سري	غیرمشروع	sari
خفي	غیرمشروع	khafi
الضجيج	صدای شیپور	al-zajij
التوضيح	تبیین	al-tozih
وضّح	روشن کردن	vazzah
الوضوح	وضوح	al-vozuh
كلارك	کلارک	kelark
الإشتباك	درگیری	al-eshtabak
كلاسيكي	کلاسیک	kelasiki
التصنيف	طبقه‌بندی	al-tasnif
صنّف	طبقه‌بندی کردن	sannaf
قاعة الدروس	کلاس درس	ghaet aldorus
البعثرة	زغ زغ کردن	al-baasra
البند	ماده	al-band
المخلب	پنجه؛ چنگ	al-makhlab
كلاي	گل؛ رس	kollanye
نظيف	تمیز، تمیز کردن	nazif
التنظيف	زدایش؛ پاک سازی	al-tanzif
النظافة	نظافت؛ پاکی	al-nazafa
طهّر	تطهیر کردن	tahhar
التطهير	پاکسازی	al-tathir
واضح	روشن، واضح	vazeh
الترخيص	مفاصا؛ برائت ذمه	al-tarkhis
بشكل واضح	به وضوح	beshekl vazeh
الشقّ	رخ؛ شکافتگی	al-shagh
الساطور	ساطور؛ ساتور	al-satur
الرحمة	اعتدال عناصر	al-rahma
الإحكام	گره کردن	al-ehkam
رجال الدين	روحانیون؛ مردروحانی	rejal oddin
رجل الدين	روحانی؛ مجتهد	rajol oddin
ديني	دفتری	dini
الكاتب	کارمند	al-kateb
ذكي	باهوش	zaki
بشكل ذكي	بزیرکی؛ زیرکانه	beshekl zaki
الذكاء	هشیاری؛ زرنگی	al-zaka
إنقر	تیک؛ صدای مختصر	enghar
الزبون	موکل؛ ارباب رجوع	al-zabun
المنحدر	صخره	al-monhader
المناخ	آب و هوا	al-manakh
الذروة	اوج؛ منتها درجه	al-zorua
التسلّق	بالا رفتن	al-tasallogh
المتسلق	صعود کننده	al-motesallegh
يتعلّق	چسبیدن	yataallagh
العيادة	درمانگاه	al-eyada
سريري	بالینی	sariri
الدبوس	گیره، کلیپ	al-dabbus
القصاصة	جمع در	al-ghasasa
العباءة	شنل؛ عبا	al-aba
الساعة	ساعت دیواری	al-saea
الدير	در صومعه گذاشتن	al-dir
الإنتهاء	بستن؛ نزدیک	al-entha
مغلق	بسته	moghlagh
القرب	نزدیکی؛ تقریب	al-ghorb
الإغلاق	بسته شدن	al-eghlagh
الجلطة	لخته؛ علقه	al-jalta
القماش	پارچه	al-ghomash
يكسو	لباس‌ها	yakasu
اللباس	پوشاک	al-lebas
الغيمة	ابر	al-ghima
صافي	بی ابر؛ بدون ابر	safi
غائم	ابری؛ میغی	ghaam
المهرّج	دلقک؛ الدنگ	al-moharraj
النادي	باشگاه	al-nadi
الفكرة	مدرک؛ سر نخ	al-fakara
بشكل أخرق	ناشیانه؛ شلخته وار	beshekl akhragh
أخرق	ناشی؛ بی عرضه	akhragh
العنقود	خوشه	al-anghud
الفاصل	چنگ	al-fasel
الحوذي	کالسکهچی؛ درشکهچی	al-huzi
تخثّر	منعقد کردن؛ دلمه کردن	takhassor
التخثر	انعقاد؛ لختگی	al-takhassor
التحالف	ائتلاف	al-tahalof
خشن	درشت؛ زبر	khashen
الساحل	ساحل	al-sahel
ساحلي	ساحلی	saheli
المعطف	کت، پالتو	al-mataf
الطلاء	روکش؛ کپسول	al-tala
الكابل المحوري	ریشخند کردن؛ چرب زبانی کردن	al-kabl almehvari
الإقناع	ریشخند	al-eghna
ذكر الأوز	کاهگلی	zekr alavz
الإسكافي	پینه دوز	al-eskafi
الكوكائين	کوکائین	al-kukain
كوكتيل	کوکتل	kuktil
مزيج	کوکتل	mazij
الكاكاو	کاکائو	al-kakav
القدّ	نوعی ماهی؛ کیسه کوچک	al-ghadd
الرمز	کد	al-ramz
أجبر	ناگزیر کردن	ajbar
إجبار	اجبار؛ عنف	ejbar
إكراه	اجبار؛ عنف	ekrah
تعايش	همزیستی کردن	taayash
التعايش	همزیستی؛ همزیگری	al-taayash
القهوة	قهوه	al-ghohua
التابوت	تابوت	al-tabut
قوة الإقناع	قدرت عقیده	ghut aleghna
الإدراك	ادراک	al-edrak
إدراكي	شناختی	edraki
متماسك	منسجم	matmasak
الملف	بوبین	al-malf
العملة المعدنية	سکه؛ سکه زدن	al-amalat almaadnia
العملة	مسکوکات؛ ابداع واژه	al-amala
تزامن	مصادف بودن	tazaman
الصدفة	تصادف	al-sadafa
متوافق	منطبق؛ مصادف	motevafegh
البرودة	برودت؛ سردی	al-baruda
تعاون	همکاری کردن	taavon
التعاون	همکاری	al-taavon
الإنهيار	هوار؛ فروریختگی	al-eneyar
الياقة	یقه؛ طوق	al-yaghea
الزميل	همکار	al-zamil
جماعي	جمعی	jamai
بشكل جماعي	اجماعا؛ مجتمعا	beshekl jamai
الجامع	گردآورنده	al-jame
الكليّة	کالج	al-kalyya
جامعي	دانشکدهای	jamei
إصطدم	خوردن؛ برخورد کردن	estadam
الإصطدام	مصادم	al-estadam
القولون	دونقطه؛ نشان دونقطه	al-ghulun
العقيد	سرهنگ	al-aghid
المستعمر	استعماری	al-mostamer
الإستعمار	استعمار	al-estamar
المستعمرة	کلونی	al-masatamara
اللون	رنگ؛ فام	al-lun
كولورادو	کلرادو	kuluradu
ملوّن	رنگی؛ چرده	molavvan
الصبغ	ملون؛ تلوین	al-sabgh
المسدس	شخص ناآزموده؛ نوعی طپانچه	al-mosaddas
كولومبيا	کلمبیا	kulumbia
العمود	ستون	al-amud
المعلق الصحفي	ستون‌نویس	al-moallagh alsohofi
الغيبوبة	اغماء؛ بیهشی	al-ghibuba
المشط	شانه؛ شانه کردن	al-masht
مقاتل	رزمنده	maghatel
الحاصدة	آمیختن؛ ادغام	al-hasda
تعال	آمدن	taal
الكوميديا	کمدی	al-kumidia
وسيم	خوش منظر	vasim
المذنب	ذوذنب؛ ستاره دنباله دار	al-maznab
الراحة	راحتی؛ آسایش	al-rahea
مريح	راحت	marih
بارتياح	براحتی	bartiah
مجلة الصور المتحركة	کمدی	majlat alsur almatahraka
هزلي	خندهآور	hazli
الفاصلة	ویرگول؛ واوک	al-fasla
القيادة	فرمان؛ دستور دادن	al-ghiada
إشرع	آغاز کردن	eshra
البدء	فتح	al-bad
الإطراء	سفارش؛ تقریظ	al-etra
التعليق	نظر، نظر دادن	al-taligh
المعلّق	مفسر	al-moallagh
التجارة	بازرگانی	al-tajaroa
الإعلان التجاري	تجارتی	al-elan altejari
اللجنة	کمیسیون؛ کارمزد	al-lajana
المفوّض	کمیسر	al-mofavvaz
إرتكب	مرتکب شدن؛ سر سپردن	ertkab
السلعة	کالا	al-sala
الأرض المشاعة	رایج، مشترک	al-arz almashaea
عموما	علیالرسم؛ عرفا	omuman
قاعة الطعام العامّة	مردم عادی	ghaet altaam alama
الكومنولث	مشترک المنافع	al-kumnuls
الإضطراب	جنجال؛ هیاهو	al-eztarab
عمومي	اشتراکی	omumi
الكومونة	کمون؛ مزرعه اشتراکی	al-kumuna
إتّصل	ارتباط برقرار کردن	ettasl
الإتصال	مکاتبه؛ ابلاغ	al-etsal
المشاركة	صمیمیت وهمدلی	al-masharka
الشيوعية	کمونیسم؛ مسلک اشتراکی	al-shiyuia
شيوعي	کمونیست	shoyui
الجالية	جامعه	al-jalia
الميثاق	فشرده؛ فشرده کردن	al-misagh
المرافق	همدم	al-marafegh
الرفقة	یاری؛ مصاحبت	al-rafgha
الشركة	شرکت	al-sharka
مقارن	قابل مقایسه	mogharen
نسبيا	بالنسبه	nasabia
المقصورة	کوپه	al-maghsura
البوصلة	حیطه؛ پرگار	al-busla
الشفقة	شفقت	al-shafgha
رحيم	شفیق؛ دلسوز	rahim
أرغم	مجبور کردن	argham
الإرغام	قانع‌کننده	al-ergham
عوّض	جبران کردن	avvaz
التعويض	جبران	al-taviz
تعويضي	جبرانی	tavizi
تنافس	رقابت کردن	tanafos
المنافسة	رقابت	al-manafsa
تنافسي	رقابتی؛ قابل رقابت	tanafosi
المنافس	رقیب؛ هم چشم	al-manafes
التجميع	تدوین؛ همگردانی	al-tajmi
إجمع	گردآوری کردن	ejma
الرضا	خود خوشنودی	al-reza
راضي	خود خوشنود؛ عشرت طلب	razi
إشتك	شکایت کردن	eshtak
الشكوى	گله؛ شکوه	al-shakuye
التكملة	تکمیل کردن	al-takamala
مكمّل	مکمل؛ متممی	mokammel
كامل	کامل، تکمیل کردن	kamel
الإكمال	تکمیل	al-ekmal
المركّب	عقده؛ مجتمع	al-morakkab
الطبيعة	بشره	al-tabia
التعقيد	پیچیدگی	al-taghid
عقّد	مشکل کردن؛ بغرنج کردن	aghad
التقدير	تعارف	al-taghdir
مجّاني	تعارفی؛ تعارف آمیز	majjani
إمتثل	تبعیت کردن	emtasal
المكوّن	مولفه	al-mokavvan
أعدد	ساختن	adad
الملحن	آهنگساز	al-malhan
التركيب	ترکیب، قطعه موسیقی	al-tarkib
يفهم	درک نمودن	yafeam
يستوعب	درک نمودن	yasatuab
مفهوم	قابل درک	mafhum
شامل	جامع	shamel
الكمادة	کمپرس؛ متراکمکردن	al-kamada
الضغط	تراکم؛ فشردگی	al-zaght
إشمل	شامل بودن	eshmal
المساومة	مصالحه	al-masavma
المتنازل	متصالح؛ سازشکار	al-motenazel
إلزامي	اجباری	elzami
الحاسوب	کامپیوتر	al-hasub
محدب	مقعر	mohaddab
أخف	پنهان کردن	akhf
الإخفاء	خفیه؛ نهفتگی	al-ekhfa
إعترف	اعتراف کردن	etraf
الوهم	نخوت؛ خود بینی	al-vaham
معقول	قابل تصور	maghul
التركيز	تمرکز؛ غلظت	al-tarkiz
المفهوم	مفهوم	al-mafhum
تصوري	ادراکی؛ تعقلی	tasavvori
الحفلة الموسيقية	کنسرت	al-haflat almusighia
منسّق	هم نوا	monassagh
التنازل	امتیاز	al-tanazol
المصالحة	استمالت	al-masalha
تصالحي	آشتی کننده؛ استمالت پذیر	tasalohi
مصغّر	لب گو؛ فشرده ومختصر	mosaghar
إستنتج	منعقد کردن؛ استنتاج کردن	estanataj
الخاتمة	عاقبت؛ خاتمه	al-khatma
حاسم	مسکت؛ اختتامی	hasam
الكونكورد	سازگاری؛ همدلی	al-kunkurad
الإلتقاء	محل اجتماع؛ محل ملاقات	al-eltgha
الخرسانة	بتن، واقعی	al-kharsana
إلتق	دمساز شدن	eltagh
الهزّة	ضربت سخت	al-hazza
أدن	محکوم کردن	adn
الإدانة	محکومیت	al-edana
التكثيف	تراکم؛ تغلیظ	al-taksif
مكثّف	متراکم؛ غلیظ	mokassaf
تنازل	تواضع کردن	tanazol
الشرط	وضعیت	al-shart
شرطي	مشروط؛ شرطی	sharti
التعزية	عزا؛ تعزیت	al-tazia
التصرّف	رفتار؛ کردار	al-tasarrof
التوصيل	رسانائی؛ قابلیت هدایت	al-tosil
المخروط	مخروط؛ میوه کاج	al-makhrut
الحلواني	شیرینی فروش؛ شکر ریز	al-haluani
الإتحاد	هم پیمانی	al-ethad
تشاور	اعطا کردن، مشورت کردن	tashavor
المؤتمر	کنفرانس	al-motamer
الإعتراف	اعتراف	al-etaraf
الثقة	اطمینان؛ اعتماد	al-sagha
واثق	دلگرم	vasegh
سرا	به‌طور محرمانه	sara
بشكل واثق	متوکلاً	beshekl vasegh
الترتيب	پیکربندی	al-tartib
التشكيل	پیکربندی	al-tashkil
التأكيد	تایید	al-takid
صادر	ضبط کردن؛ مسدود کردن	sader
المصادرة	ضبط	al-masadra
الحريق	آتش سوزی	al-harigh
النزاع	نبرد؛ تضاد	al-neza
الملتقى	تلاقی؛ همریختنگاه	al-maltaghi
مندمج	متلاقی؛ همریز	mondamej
توافق	مطابق کردن؛ تطبیق کردن	tavafogh
مرتبك	نفرین شده؛ لعنت شده	morattabak
واجه	روبرو شدن	vaje
المجابهة	رویارویی	al-majabha
شوّش	گیج کردن؛ مختل کردن	shavvash
التشويش	ملتبس	al-tashvish
مصلّب	منجمد	mosallab
تناسبي	ارثی؛ مادرزاد	tanasobi
الإزدحام	احتقان	al-ezdaham
هنّئ	تبریک گفتن	hanna
التهنأة	تهنیت؛ تبریک	al-tahana
التجمع	جماعت	al-tajammo
الكونجرس	کنگره؛ مجلس	al-kunjaras
مخروطي	کله قندی	makhruti
التخمين	حدس	al-takhmin
الإرتباط	تلاقی؛ مقارنت	al-ertabat
ناشد	افسونکردن؛ جادو کردن	nashed
أوصل	وصل کردن	avsal
مرتبط	متصل	mortabet
كونيكتيكت	کانکتیکت	kuniktikat
الإتّصال	پیوند؛ اتصال	al-ettasal
رابط	آگینی؛ اتصالی	rabet
التغاضي	اغماض؛ غمض	al-taghazi
إفتح	فتح کردن	eftah
الفاتح	غالب؛ فاتح	al-fateh
الغزو	تسخیر	al-ghazv
الضمير	وجدان	al-zamir
واعي	وجدانی؛ باوجدان	vai
التجنيد	سربازگیری	al-tajanid
متتالي	متوالی	motatali
الإجماع	اجماع	al-ejma
النتيجة	موجب؛ عاقبت	al-natija
تابع	نتیجه بخش؛ بر آیند	tabe
ناتج	پربرآیند؛ نتیجهای	natej
ولذلك	در نتیجه	valazalak
الحماية	حفاظت	al-hamayea
المحافظ	مرتجع؛ محافظه کار	al-mohafez
إحفظ	حفاظت کردن	ehfaz
إعتبر	در نظر گرفتن	etbar
إلى حدّ كبير	به میزان قابل توجهی	eli hadde kabir
مراعي لشعور الآخرين	محتاط؛ باملاحظه	marai lashur alakharin
الإعتبار	توجه؛ ملاحظه	al-etbar
تضمّن	یکپارچهبودن؛ تشکیل دادن	tazammon
التناسق	درجه غلظت	al-tanasogh
الإتساق	سازگاری	al-etsagh
بثبات	به طور مداوم	basbat
لوحة المفاتيح	پیشانه؛ میزفرمان	luhat almafatih
إدعم	تحکیم کردن	edam
مدعوم	مستحکم	madum
التعزيز	تحکیم؛ تشیید	al-taziz
الحرف الساكن	بیواکه؛ همخوان	al-harf alsaken
الإئتلاف	کنسرسیوم	al-etalaf
المؤامرة	توطئه	al-moamra
الثبات	استواری؛ ثبات	al-sabat
ثابت	ثابت؛ دایم	sabet
بشكل ثابت	دایم؛ دائما	beshekl sabet
الذعر	بهت وحیرت	al-zar
ممسك	یبس؛ مقوبض	mamsak
الإمساك	یبوست	al-emsak
الدائرة الانتخابية	حوزه انتخابیه	al-daerat alantakhabia
شكّل	تشکیل دادن	shakkal
دستوري	قانونی	dasturi
القيد	محدودیت	al-ghid
الإنقباض	تنگی؛ تنگ شدگی	al-enghabaz
البناء	سازندگی؛ ساخت و ساز	al-bana
بنّاء	سازنده	banna
القنصل	کنسول	al-ghanasal
إستشر	مشورت کردن	estashr
الإستشارة	مشاوره	al-estashara
مستهلك	مورد مصرف	mostahlak
المستهلك	مصرف کننده؛ مسرف کننده	al-mostahlak
الإستهلاك	استهلاک؛ مصرف کننده	al-estahlak
العدوى	واگیر؛ هم گیری	al-aduye
معدي	مسری؛ واگیردار	moedi
قابلية العدوى	واگیری	ghablit aladuye
إحتو	حاوی بودن	ehtu
الحاوية	ظرف؛ محفه	al-havia
ملوث	فاسد؛ آلوده	malvas
التلوّث	آلودگی؛ آلایش	al-talvvos
تأمّل	تامل کردن	taammol
التأمل	غور	al-taammol
تأمّلي	معقول؛ تفکری	taammoli
معاصر	همزمان؛ معاصر	moaser
الإحتقار	تحقیر	al-ehtaghar
محتقر	قابل تحقیر	mohtagher
المحتوى	راضی	al-mohtavi
الزعم	اختلاف	al-zaam
القناعة	خرسندی	al-ghanaa
المسابقة	مسابقه؛ منازعه کردن	al-masabgha
السياق	زمینه	al-siagh
القارة	قاره	al-gharea
قاري	بری؛ اقلیمی	ghari
مستمر	مدام؛ مداوم	mostamer
بشكل مستمر	به طور مستمر	beshekl mostamer
الإستمرار	ادامه؛ دنباله	al-estamrar
واصل	ادامه دادن	vasel
الإستمرارية	پیوستگی؛ تسلسل	al-estamararia
المحيط	حدفاصل؛ محیط مرئی	al-mohit
السلع المهربة	اجناس قاچاق	al-sal almaharba
العقد	پیمان؛ مقاطعه	al-aghd
المقاولات	پیمان کار	al-moghavelat
الإنكماش	گرفتگی؛ انقباض	al-enkamash
المقاول	پیمانکار	al-moghavel
تعاقديّ	پیمانی؛ عهدی	taaghdyy
ناقض	تناقض داشتن؛ خلاف گفتن	naghez
التناقض	تناقض	al-tanaghoz
متناقض	مغایر؛ نقیض	motenaghez
مضاد	برعکس	mazad
ساهم	هم بخشی کردن؛ همکاری و کمک کردن	saham
المساهمة	کمک؛ اعانه	al-masahma
المساهم	مشارکت‌کننده	al-masaham
الإختراع	تمهید	al-ekhtara
السيطرة	کنترل، کنترل کردن	al-sitra
جهاز السيطرة	ممیز؛ بازبین	jahaz alsitra
مثير للجدل	بحث‌برانگیز	masir laljdel
الخلاف	مناقشه	al-khalaf
ناقه	بهگرا	naghe
إجتمع	هم آیش کردن؛ دورهم جمع شدن	ejtma
سهل	بی دغدغه	sahl
بشكل ملائم	مصلحه؛ به راحتی	beshekl mollaam
الإتفاقية	کنوانسیون	al-etfaghia
تقليدي	متعارف	taghlidi
تلاق	متقارب شدن؛ همگرا بودن	talagh
المحادثة	مکالمه	al-mahadsa
تحادثي	مکالمهای؛ گفتگوئی	tahadosi
الحديث	محاوره کردن	al-hadis
بالمقابل	بالعکس	balmaghabal
التحويل	تبدیل	al-tahvil
المتحول	نقد کردن	al-motehavvel
قابل للتحويل	قابل تسعیر	ghabel lalathvil
محدّب	محدب؛ محذب	mohaddab
الحمل	سند انتقال؛ وسیله نقلیه	al-haml
المدان	محکوم کردن	al-madan
الإتهام	محکومیت	al-etham
إقتنع	متقاعد کردن؛ قانع کردن	eghtan
الإقتناع	متقاعد کننده	al-eghtana
ملتوي	بهم تابیده	maltuye
التشنّج	تشنج؛ اختلاج	al-tashannoj
تشنّجي	متشنج؛ تشنجی	tashannoji
الطباخ	آشپز؛ آشپزی کردن	al-tabbakh
الطبّاخ	اجاق گاز	al-tabbakh
الطبخ	آشپزی	al-tabkh
التبريد	خنک کننده؛ خنک سازی	al-tabrid
التعاونية	تعاونی	al-taavnia
الإحداثي	هماهنگ کردن	al-ehdasi
التنسيق	هماهنگی	al-tansigh
المنسّق	هماهنگ‌کننده	al-monassagh
الشرطي	پلیس	al-sharti
النحاس	مس	al-nahas
النسخة	کپی، کپی کردن	al-naskha
النسخ	استنساخ؛ رونویسی	al-nosakh
حقوق الطبع	حق چاپ	hoghugh altab
المرجان	مرجان؛ بسد	al-marjan
الحبل	طناب؛ سیم	al-habl
العصير	قلبی؛ مقوی	al-asir
الصميم	سلف	al-samim
كورك	سربطری؛ چوب پنبه	kurak
الذرة	ذرت؛ غله	al-zara
الزاوية	گوشه	al-zavia
البديهية	نتیجه فرعی	al-badihia
تاجي	اکیلی	taji
قاض التحقيق بالوفاة	پزشک قانونی	ghaz altahghigh balufa
التويج	نیم تاج	al-tavyyoj
العريف	جسمی؛ سرجوخه	al-arif
الهيئة	سپاه	al-hiea
الجثّة	لاشه؛ مردار	al-jassa
صحيح	صحیح، اصلاح کردن	sahih
التصحيح	اصلاح	al-tashih
العلاج	اصلاحی	al-alaj
بشكل صحيح	به درستی	beshekl sahih
الصواب	درستی	al-savab
متلازم	همبستگی داشتن	matlazam
راسل	مطابقت داشتن	rasel
المراسلة	مکاتبات	al-marasla
المراسل	خبرنگار	al-marasel
الممر	راهرو	al-mamr
عامل التآكل	خورنده؛ اکال	amel altakal
فاسد	فاسد	fased
الفساد	فساد	al-fesad
المخصّر	شکم بند	al-mokhassar
القوزاقي	قزاق	al-ghuzaghi
الكلفة	هزینه، هزینه داشتن	al-kalafa
بائع خضار متجول	سبزی فروش	bae khazar motejavvel
غالي	پرهزینه	ghali
البدلة	جامه؛ لباس محلی	al-badala
الكوخ	کلبه	al-kukh
القطن	پنبه؛ کتانی	al-ghatan
الأريكة	مبل	al-arika
السعال	سرفه؛ سرفه کردن	al-saal
استطاع	می‌توانست (فعل کمکی)	esteta
كان يمكن	می‌توانست (فعل کمکی)	kan yamkan
عضو المجلس	عضو شورا	ozv almajles
النصح	مشاوره	al-nash
الإحصاء	شمردن	al-ehsa
الطلعة	لقا	al-tala
العدّاد	مقابله کردن (با استدلال)؛ پیشخوان	al-addad
صدّ	خنثی کردن؛ خنثی نمودن	sadd
الهجوم المضاد	حمله متقابل کردن	al-hojum almazad
النظير	همتا	al-nazir
الكونتيسة	کنتس؛ همسر کنت	al-kuntisa
غير معدود	بی‌شمار	gheyr madud
البلاد	کشور	al-balad
الريف	ییلاقات؛ بیرون شهر	al-rif
الإنقلاب	کودتا	al-enghalab
الزوج	زوج، چند	al-zoj
القسيمة	کوپن	al-ghasima
الشجاعة	دل؛ جرات	al-shajaa
شجاع	دلاور؛ شجاع	shoja
الساعي	پیک؛ حملهدار	al-sai
المحكمة	دادگاه؛ دربار	al-mahakma
مهذّب	مبادی آداب	mohazzab
المجاملة	ادب	al-majamla
دار العدل	کاخ دادگستری	dar oladl
مجامل	درباری	mojamel
المغازلة	نظر بازی	al-maghazla
الفناء	صحن	al-fana
إبن العم	پسرعمو/عمه/دایی/خاله، دخترعمو/عمه/دایی/خاله	ebn alam
التغطية	پوشش	al-taghtia
المخبأ	پوشپر	al-makhaba
البقرة	گاو	al-baghara
الجبان	ترسو؛ ضعیفالنفس	al-jban
بشكل جبان	بی حمیت	beshekl jaban
راعي البقر	گاوچران	rai albaghr
السرطان البحري	خرچنگ	al-saratan albahri
المهد	گهواره؛ مهد	al-mahd
الحرفة	ساختن؛ مهارت، صنایع دستی	al-harfa
الحرفي	صنعت گر؛ پیشه ور	al-harfi
مهارة الصنعة	صنعت گری	maharet alsana
محتال	موذی؛ هفت خط	mahtal
التشنج	چنگوک؛ چنگه	al-tashannoj
الرافعة	کلنگ؛ جرثقیل	al-rafa
قِحفي	جمجمه ای	ghehfi
جمجمي	جمجمه ای	jamjami
الساعد	محوردار؛ میل لنگ	al-saed
التحطّم	سقوط؛ برخورد کردن	al-tahattom
الحفرة	دهانه آتش فشان	al-hafara
الزحف	خزیدن	al-zahf
المجنون	دیوانه	al-majnun
الصرير	غژغژ کردن	al-sarir
الدهن	خامه، کرم	al-dean
الطوية	تاه؛ تاه کردن	al-tavia
إخلق	خلق کردن	ekhlagh
الخلق	ایجاد؛ خلق	al-khalgh
مبدع	خلاق	mabda
الإبداع	خلاقیت	al-ebda
الخالق	خالق	al-khalegh
المخلوق	خلق؛ موجود	al-makhlugh
المصداقية	اعتبار	al-masdaghia
موثوق به	معتبر	mosugh be
الإئتمان	اعتبار	al-eteman
موثوق	معتبر	mosugh
الدائن	بستانکار؛ وامخواه	al-daan
المذهب	کیش	al-mazhab
إزحف	خزیدن	ezhaf
الهلال	هلال؛ هلالی	al-helal
القمة	ستیغ	al-ghama
الطاقم	خدمه	al-tagham
السرير	گهواره؛ دزدی ادبی	al-sarir
الكريكت	جیر جیرک	al-keriket
الجريمة	جرم	al-jarima
المجرم	جنایتکار	al-mojrem
قرمزي	جگری؛ لاکی	ghermezi
تذلّل	چندک زدن	tazallol
الكسيح	عاجز؛ زمین گیر	al-kasih
الشلّ	فلج کننده	al-shall
الأزمة	بحران	al-azma
الناقد	منقد؛ نقدگر	al-naghed
حرج	وخیم؛ بحرانی	haraj
بشكل حرج	به طور انتقادی	beshekl haraj
إنتقد	انتقاد کردن؛ نکوهش کردن	entghad
الآنية الفخارية	بدل چینی؛ ظروف گلی	al-anit alfakharia
الصديق	هم اطاق	al-seddigh
أعوج	کج؛ ناراست	auj
المحصول	محصول؛ محصود	al-mahsul
الصليب	صلیب، عبور کردن	al-salib
تقاطع الطرق	چهار راه	taghato altorogh
أوهامي	قلاب دار	avhami
الجثم	دولا دولا	al-jasam
الخانوق	خناق	al-khanugh
الغراب	غراب؛ بانگ خروس	al-ghorab
الحشد	جمعیت	al-hashd
مزدحم	شلوغ	mazdaham
التاج	تاج	al-taj
إصلب	مصلوب کردن؛ چارمیخ کردن	eslab
الخامّ	خام	al-kham
الجولة البحرية	سفر دریایی	al-jult albahria
تكوّم	مچاله	takvvom
الحملة الصليبية	غزا؛ جنگ مذهبی	al-hamalat alsalibia
القشرة	پوست؛ پوسته	al-ghashara
العكاز	زیربغل راه رفتن؛ چوب زیر بغل	al-akaz
البكاء	گریه کردن	al-baka
البلور	بلور	al-bolur
مبلور	متبلور	mablur
الشبل	شبل	al-shabl
كوبا	کوبا	kuba
الكوبي	کوبایی	al-kubi
مكعّب	مکعبی	mokaab
الخيار	خیار؛ بالنک	al-khyar
الإشارة	نشانه	al-eshara
التتويج	منتهی	al-tatvij
إزرع	کشت کردن	ezra
الزراعة	زرع؛ تهذیب	al-zaraa
ثقافي	فرهنگی	saghafi
الثقافة	فرهنگ	al-saghafa
مثقّف	بافرهنگ	mosaghaf
مسماري	خط میخی	masmari
الخداع	ناقلا؛ مکار	al-khada
الدولاب	کمد	al-dulab
شافي	علاج بخش؛ شفا بخش	shafi
الفضول	کنجکاوی	al-fozul
فضولي	کنجکاو	fozuli
الضفيرة	فر؛ مرغول	al-zafira
مجعّد	فرفری	mojaad
التيار	جاری؛ رایج	al-tyar
حاليا	فعلا؛ اکنون	halia
المنهج	برنامه درسی	al-manhaj
اللعنة	نفرین؛ لعنت	al-laana
قلّل	کوتاه کردن؛ مختصر نمودن	ghallal
التقوس	خمیدگی	al-taghvvos
المنحنى	خم؛ منحنی	al-monhani
مقوّس	خمیاده؛ سرکج	moghavvas
المسند	چنبره؛ مخده	al-masand
الحامي	متولی؛ سرایدار	elhami
الرعاية	حضانت	al-raayea
العادة	رسم؛ عادت	al-adea
مألوف	مرسوم؛ عادتی	maluf
معتاد	مرسوم؛ عادتی	motad
القطع	بریدن	al-ghat
السيانيد	سیانور	al-sianid
الدورة	دوچرخه سواری، چرخه	al-dura
الإسطوانة	سیلندر؛ استوانه	al-estvana
إسطواني	لولهای؛ استوانهای	estuani
متهكم	بدبین	mateakam
كيسي	پیشاب دانی	kisi
القيصر	تزار	al-gheysar
التشيكي	زبان چکوسلواکی	al-tashyyoki
الأبّ	بابا	al-abb
الخنجر	خنجر؛ دشنه	al-khanjar
يوميا	روزانه	yumia
معمل الألبان	لبنیات	mamal alalban
السدّ	سد	al-sadd
الضرر	زیان؛ غرامت	al-zarar
الدمقس	گلدار کردن	al-damghas
ملعون	ملعون؛ لعین	malun
الرطوبة	نمناک؛ نمدار	al-ratuba
الرقص	رقص، رقصیدن	al-raghs
الراقص	رقصنده	al-raghes
الأنيق	خوش تیپ؛ شیک پوش	al-anigh
الخطر	خطر	al-khatar
خطر	خطرناک	khatar
التعلّق	آویز شده	al-taallogh
دانماركي	دانمارکی	danmarki
تجاسر	جرئت کردن	tajasor
التجاسر	جسور؛ شهامت	al-tajasor
الظلام	تاریک؛ تاریکی	al-zalam
العزيز	عزیز؛ دلبند	al-aziz
النبلة	مزراق	al-nabala
لوحة معلومات	داشبورد	luhat malumat
لوحة تحكم	داشبورد	luhat tahakkom
الإسراع	زنده دل	al-esra
البيانات	داده‌ها	al-bayanat
قاعدة بيانات	پایگاه داده	ghadat bayanat
التأريخ	تاریخ، قرار ملاقات	al-tarikh
البنت	دختر	al-banat
ديفيس	دیویس	difis
الفجر	طلوع	al-fajr
اليوم	روز	al-yom
النهار	روز؛ نهارخوری	onnahar
مبهر	خیره؛ مسحور	mabhar
الشمّاس	شماس	al-shamas
ميت	مرده	meyyet
الموعد النهائي	مهلت	al-moed alnhai
بشكل مميت	کشنده	beshekl mamiyat
أصمّ	ناشنوا؛ اصم	asm
الطرش	ناشنوایی	al-tarash
الصفقة	معامله، سر و کار داشتن	al-safgha
التاجر	فروشنده	al-tajer
دين	شیخ السفرا	din
الغالي	عزیز؛ عزیز (خطاب در نامه)	al-ghali
الموت	مرگ	al-amut
فراش الموت	بستر مرگ	farash alamut
النقاش	بحث؛ جدال	al-naghash
الفسق	فسق؛ الواطی	al-fasgh
الحطام	آوار	al-hotam
الدين	دین؛ بدهکاری	oddin
المدين	مدیون؛ بدهکار	al-madin
الظهور لأول مرّة	اولین حضور	al-zohur loavl marra
الإنحطاط	تنزل؛ آغاز ویرانی	al-enhatat
الميّت	مرده؛ مرحوم	al-amiyat
مخادع	جلب؛ عیار	makhade
إخدع	فریفتن؛ رنگ کردن	ekhda
ديسمبر	دسامبر	dismabar
كانون الأول	دسامبر	kanun alavl
الحشمة	نجابت	al-hashma
محترم	نجیب؛ باحیاء	mohtaram
بشكل محترم	نجیبانه	beshekl mohtaram
المكر	فریب؛ نیرنگ	al-makr
خادع	فریبنده؛ فریبا	khade
قرّر	تصمیم گرفتن	gharrar
القرار	تصمیم	al-gharar
اتخاذ القرار	تصمیم‌گیری	ettekhaz algharar
الطابق	عرشه	al-tabagh
الهبوط	کاهش؛ تنزل	al-hobut
التفسخ	تجزیه	al-tafassokh
زيّن	آراستن؛ پیراستن	zayyan
التزيين	آرایش دهنده؛ زینت بخش	al-tazin
الزينة	آرایش؛ تراز	al-zina
تزييني	زینتی؛ آذینی	tazini
النقصان	نقص؛ تنزل	al-noghsan
المرسوم	وضع کردن؛ تصویب نامه	al-marsum
كرّس	وفق کردن؛ اهداء کردن	karras
مكرّس	فداکار	mokarras
الإخلاص	فداکاری	al-ekhlas
مخصوم	مالیات پذیر	makhsum
إستنتاجي	استدلالی	estantaji
العمق	عمیق	al-omgh
عمّق	گود کردن؛ تعمیق کردن	amgh
بعمق	عمیقا	beomgh
الأيّل	آهو؛ گوزن	al-ayyal
إطعن به	بدنام کردن؛ هتاکی کردن	etan be
التقصير	پیش‌فرض	al-taghsir
تخلف عن الدفع	پیش‌فرض	takhallof an aldaf
الهزيمة	شکست؛ هزیمت	al-hazima
العيب	نقص	al-eyb
الإرتداد	ارتداد	al-ertdad
معيوب	ناقص؛ معیوب	mayub
الدفاع	مدافعه	al-defa
دافع	دفاع کردن؛ مدافعه کردن	dafe
المتهم	دادخوانده؛ مدعی علیه	al-mottaham
موقع الدفاع	تدافعی	moghe aldefa
مرجأ	دیر فرست	maraja
متحدّي	مبارز	matahddi
النقص	کمبود	al-naghs
ناقص	ناقص؛ ناکارآ	naghes
العجز	کسری	al-ajz
عرّف	معنی کردن	arraf
مؤكّد	موکد	mookkad
التعريف	تعریف	al-tarif
الإمالة	عوج	al-emala
مشوّه	ناقصالخلقه؛ بدهیکل	moshavvah
العاهة	دشدیسگی؛ دشدیدگی	al-ahea
تحدّ	نافرمانی کردن	tahadd
منحل	ناخلف	monhal
منحط	ناخلف	manhat
إنحلالي	فاسد کننده	enhalali
المهانة	تنزل	al-mahanea
مذل	منحط	mazl
الدرجة	درجه	al-darja
جفّف	وابشت کردن؛ بیآب کردن	jaffaf
محزن	افسرده؛ پژمرده	mahzan
التأخير	تاخیر؛ درنگ	al-takhir
المندوب	نماینده	al-mandub
موفد	موکل	mavfad
الوفد	هیئت	al-vafd
إحذف	حذف کردن	ehzaf
دلهي	دهلی	dalei
متعمّد	عمدی؛ تعمدی	moteammed
بتعمد	تعمدا	betaammod
التشاور	شور؛ تامل	al-tashavar
الطيبة	لطایف؛ ظریفی	al-tiba
حسّاس	ظریف	hassas
بشكل حسّاس	ظریفانه	beshekl hassas
لذيذ	خوشمزه	laziz
البهجة	میل؛ حظ	al-bahja
مبهج	دلپذیر؛ طیب	mabhaj
هاذي	هذیانی؛ سرسامی	hazi
الهذيان	هذیان؛ سرسام	al-hazian
سلّم	رساندن؛ ایراد کردن	sallam
النجاة	رهیی	al-naja
المسلّم	رساننده؛ رهان	al-mosallam
التسليم	زه؛ تحویل	al-taslim
مخدوع	غره	makhdu
الطوفان	طوفان ایجاد کردن	al-tufan
المطلب	طلب؛ تقاضا	al-amtalab
الديمقراطية	دموکراسی	al-dimgharatia
الديموقراطي	دمکرات؛ دمکراتی	al-dimughrati
الديمقراطي	دموکراتیک	al-dimgharati
مهدّم	ویران	mohaddam
الشيطان	دیو	al-sheytan
قابل للاثبات	اثباتی	ghabel lalasbat
تظاهر	راهپیمایی کردن؛ تظاهرات کردن	tazahor
المظاهرة	تظاهرات، نمایش	al-mazahra
المتظاهر	حالیکننده؛ نشان دهنده	al-motezaher
العرين	لانه؛ آشیانه	al-arin
النكران	انکار	al-nakran
دلّ عليه	علامت بودن؛ علامت گذاردن	dall alayhe
إشجب	محکوم کردن	eshjab
كثيف	متراکم	kasif
الكثافة	تراکم	al-kasafa
الأسنان	دندانی	al-asnan
طبيب الأسنان	دندانپزشک	tabib alasnan
التسنين	دندان بندی؛ ساختمان دندانها	al-tasnin
بنية الأسنان	دندان بندی؛ ساختمان دندانها	benit alasnan
أنكر	نفی کردن؛ تکذیب کردن	ankar
مزيل الروائح	بوزدا	mazil alravaeh
غادر	حرکت کردن	ghader
القسم	دپارتمان	al-ghasam
المغادرة	عزیمت؛ هجرت	al-maghadra
إعتمد	بستگی داشتن	etmad
الإعتماد	وابستگی	al-etamad
التبعيات	توابع	al-tabaiyyat
التابع	وابسته	al-tabe
صوّر	به تصویر کشیدن	savvar
إنتشر	مستقر کردن	entashr
الإنتشار	استقرار	al-entashar
إخلع	خلع کردن؛ عزل کردن	ekhla
الإيداع	رسوب، واریز کردن؛ ودیعه	al-eyda
التوديع	خلع؛ عزل	al-todi
المستودع	بازخانه؛ انبارگاه	al-mostavde
إستنكر	قبیح دانستن	estanakar
التلف	ناچیز شماری	al-talaf
إضغط	افسردن؛ دلسرد شدن	ezghat
مكتئب	افسرده؛ غر	moktaeb
الكآبة	افسردگی، رکود	al-kaba
الحرمان	محرومیت؛ انعزال	al-hareman
إحرم	محروم کردن	ehram
النائب	معاون	al-naeb
إسخر منه	بکسی خندیدن	eskhar mane
السخرية	سخریه؛ سخره	al-sakhria
الإشتقاق	فرعی؛ مشتق	al-eshtaghagh
إشتقّ	مشتق شدن	eshtgh
جلدي	پوستی؛ جلدی	jeldi
إنزل	پایین آمدن	enzal
الأحفاد	اعقاب	al-ahfad
صف	توصیف کردن	saf
الوصف	توصیف	al-vasf
وصفي	وصفی؛ تعریفی	vasfi
التدنيس	هتک حرمت	al-tadnis
الصحراء	بیابان	al-sahra
إستحقّ	سزیدن؛ لایق کردن	estahagh
الإستحقاق	مستحق؛ سزاوار	al-estahghagh
التصميم	طراحی، طراحی کردن	al-tasmim
مرشّح	تعیین کردن	morashah
المصمم	طراح	al-mosammam
الرغبة	مطلوبیت؛ دلخواهی	al-raghba
مرغوب	مطلوب	marghub
توّاق	آرزومندانه؛ راقب بودن	tavvagh
مكتبي	رومیزی (کامپیوتر)	maktabi
مقفر	بی جمعیت	maghfar
الخراب	خراب	al-kharab
اليأس	ناامید؛ یاس	al-yas
اليئس	نومید کننده	al-yaes
مستميت	نومید؛ ناامید	mostamyet
للغاية	از روی نومیدی	lalghaya
إحتقر	تحقیر کردن؛ حقیر شمردن	ehtghar
على الرغم من	علارغم؛ باوجوداین	ali alragham man
الطاغية	جابر؛ سلطان مستبد	al-taghia
الحلوى	دسر؛ دندان مز	al-haluye
الإتجاه	مقصد	al-etjah
مقدّر	مقدر	moghaddar
مُعدِم	لات	modem
مفتقر إلى	لات	moftagher eli
الفاقة	لاتی؛ بی چیزی	al-faghea
حطّم	نابود کردن	hattam
الدمار	تخریب	al-damar
تدميري	مخرب	tadmiri
إفصل	منفصل کردن	efsal
الإنفصال	عده	al-enfasal
التفصيل	جزئیات	al-tafsil
إحجز	بازداشت کردن	ehjaz
الكشف	کشف	al-kashf
المخبر	کارآگاه	al-mokhber
الكاشف	ردیاب؛ آشکارگر	al-kashef
إردع	تحذیر کردن	erda
تدهور	بدتر شدن	tadhur
فجّر	ترکانیدن	fajjar
الإنعطاف	انحراف؛ خط فرعی	al-enataf
ضار	درد ناک	zar
التعادل	دولو؛ دوخال	al-taadol
دمّر	ویران کردن	damr
طوّر	توسعه دادن	tavvar
التطوير	توسعه؛ رشد	al-tatvir
تطويري	عمرانی	tatviri
إنحرف	عدول کردن؛ منحرف شدن	enhraf
الإنحراف	عدول؛ ضلال	al-enharaf
الأداة	دستگاه	al-ada
شيطاني	شیطانی؛ اهریمنی	sheytani
خالي	عاری	khali
إنقل	تفویض کردن؛ محول کردن	enghal
المحبّ	مجاهد؛ فداکار	al-mahabb
الولاء	وقف؛ چاکری	al-vala
عبادي	فداکارانه؛ عبادتی	ebadi
الندى	شبنم؛ ژاله	al-nadi
نديّ	شبنمدار؛ ترکرده	nadayy
المهارة	مهارت؛ تردستی	al-maharea
دي	دی	dey
مرض السكّر	مرضقند	maraz alsakkar
مريض بالسكر	دولابی؛ دیابتی	mariz balskar
الإكليل	دیهیم؛ نیم تاج	al-eklil
شخّص	تشخیص دادن	shakhas
التشخيص	تشخیص	al-tashkhis
تشخيصي	تشخیصی	tashkhisi
القطر	مورب	al-ghatar
الوجه	شماره گرفتن	al-vaje
اللهجة	گویش؛ گویشی	al-lahja
الحوار	گفتگو	al-hvar
الحجاب الحاجز	دیافراگم؛ پرده دل	al-hejab alhajez
المفكرة	دفتر خاطرات	al-mafakra
النرد	مهره؛ طاس	al-nard
الإنقسام	دوگانگی؛ دورستگی	al-enghasam
الإملاء	تلقین؛ املاء	al-emla
الدكتاتور	دیکتاتور	al-daktatur
الدكتاتورية	استبداد؛ دیکتاتوری	al-daktaturia
القاموس	فرهنگ لغت	al-ghamus
مت	مردن	mat
الحمية	رژیم غذایی	al-hamia
إختلف	تفاوت داشتن	ekhtalf
الإختلاف	تفاوت	al-ekhtalaf
مختلف	متفاوت	mokhtalef
التفاضل	تفاضلی؛ افتراقی	al-tafazol
بشكل مختلف	به طور متفاوت	beshekl mokhtalef
الصعوبة	دشواری؛ مشکل	al-sauba
منشور	پاشیده	manshur
الحفر	کاوش کردن؛ حفر کردن	al-hfar
الملخّص	گواریدن؛ تحلیل کردن	al-molakhas
الهضم	تحلیل؛ هضم	al-hazam
الهضمي	هاضمه؛ گوارشی	al-hazmi
الرقم	شماره	al-ragham
رقمي	دیجیتال	raghami
وقور	موقر؛ معزز	voghur
الوجيه	عالی مقام	al-vajiye
الكرامة	کرامت	al-karama
متلكئ	اتساعی؛ تاخیری	matalaki
المعضلة	معضل	al-maazala
اليقضة	پشت کار؛ جد و جهد	al-yaghaza
مخفّف	رقیق کردن؛ آبکی کردن	mokhaffaf
خافت	تیره؛ تاریک	khafat
البعد	بعد	al-bad
ضئيل	مصغر	zail
الدمل	زنخ؛ چاه زنخدان	al-domal
تعشّ	شام خوردن	taash
التعشّي	غذا خوری	al-taashi
العشاء	شام	al-esha
ثاني أوكسيد	دی اکسید	sani avkasid
الإنخفاض	غوطه‌ور شدن	al-enkhafaz
الدّيفتريا	دیفتری	al-difatria
الدبلوم	مدرک؛ گواهینامه	al-dablum
الدبلوماسية	سیاستمداری؛ دیپلماسی	al-dablumasia
الدبلوماسي	دیپلمات	al-dablumasi
دبلوماسي	دیپلماتیک	dablumasi
مريع	شوم	mari
مباشر	مستقیم	mobasher
الإتّجاه	جهت	al-ettajah
التوجيه	بخشنامه	al-tojih
مباشرة	مستقیماً	mabashra
المباشرة	بی واسطگی	al-mabashra
الوسخ	خاک؛ چرک	al-vaskh
قذر	کثیف	ghazr
معوّق	ناتوان	moavvagh
عاجز	ناتوان	ajez
مرفوض	جوکی؛ ناپسندیده	marfuz
إختف	ناپدید شدن	ekhtaf
الإختفاء	زائل؛ ناپدیدی	al-ekhtafa
خب أمل	ناامید کردن	khob aml
الإحباط	ناامیدی	al-ehbat
الرفض	تقبیح	al-rafz
إرفض	نپسندیدن؛ تقبیح کردن	erfaz
فادح	فاجعه‌بار	fadeh
إنبذ	دور انداختن	enbaz
الرؤية	تمیز دادن	al-roya
الإطلاق	تخلیه کردن	al-etlagh
الصارم	نظم دهنده	al-saram
تأديبي	انتظامی؛ انضباطی	tadibi
الإنضباط	انضباط؛ انتظام	al-enzabat
إكشف	فاش کردن	ekshaf
تغيير اللون	بی رنگی	taghir allun
المضايقة	رنج؛ ناراحتی	al-mazaygha
السخط	نارضایتی؛ سخط	al-sakht
أوقف	بس کردن	avghaf
مخالف	ناموزون؛ ناساز	mokhalef
التخفيض	تخفیف؛ تنزیل	al-takhfiz
ثبّط عزيمة	دلسرد کردن	sabbat azima
إكتشف	کشف کردن	ektashaf
الإكتشاف	کشف	al-ektashaf
سوء السمعة	بی اعتبار کردن	sue alsama
متميّز	تبعیض کردن؛ تبعیض قائلشدن	motemayyez
التمييز	تبعیض	al-tamiz
ناقش	بحث کردن	naghash
المناقشة	بحث	al-managhsha
الإستنكاف	ننگ؛ عار	al-estankaf
الخزي	خفت؛ ننگ	al-khazi
معيب	ننگین؛ شرمآور	maib
التنكّر	تلبیس؛ لباس مبدل	al-tanakkor
الإشمئزاز	نفرت؛ تنفر	al-eshmaezaz
القرف	نفرتآور؛ نفرتانگیز	al-gharf
الصحن	ظرف، غذا	al-sahan
التنافر	ناسازی؛ ناموزونی	al-tanafor
غشّاش	متقلب؛ نادرست	ghashash
التضليل	رجز؛ نادرستی	al-tazlil
العار	ننگین کردن	al-ar
غير شريف	بی شرف	gheyr sharif
الخذلان	سرخورده کردن	al-khazlan
النفور	عدمتمایل	al-nofur
منفّر	بی تمایل	monaffar
المطهر	گندزدا؛ ماده گندزدا	al-motahhar
تحلّل	متلاشی کردن؛ متلاشی شدن	tahallol
غير مهتم	بیغرضانه؛ بیطمع	gheyr mahtam
مخلوع	دررفته	makhlu
الإزاحة	جابجائی؛ دررفتگی	al-ezaha
خائن	خیانتکار؛ بی وفا	khaen
إطرد	بیرونکردن؛ جواب کردن	etrad
الطرد	برکناری	al-tord
العصيان	نافرمانی؛ تمرد	al-esyan
إعص	نافرمانی کردن؛ سرپیچی کردن	es
ملخبط	مغشوش؛ بی سبک	malakhbat
غير مرتّب	اختلالی؛ بی ترتیب	gheyr morattab
مشوّش	شلخته؛ نامرتب	moshavvash
عدم التكافؤ	عدم توافق؛ بی شباهتی	adam altakafo
الإرسالية	اعزام؛ روانهسازی	al-ersalia
فرّق	پراکندن؛ متفرق کردن	farragh
التفرّق	تفرقه؛ تفرق	al-tafarrogh
أزح	آواره کردن	azh
إستاء	ناخشنود کردن	esta
الإستياء	رنجش؛ رنجیدگی	al-estia
الرمي	دفع	al-rami
الإزعاج	مضطرب ساختن	al-ezaj
مخزي	بد نام	makhzi
عديم الإحترام	احترامنگذار؛ بدون مراعات	adim alehtaram
عرقل	مختل کردن	arghal
العرقلة	اختلال	al-araghala
مستاء	ناراضی	masta
شرّح	تشریح کردن	sharrah
التشريح	تشریح	al-tashrih
النشر	پاشیدگی	al-nashr
الحلّ	تجزیه؛ فسخ	al-hall
ذوّب	حل کردن	zavvab
إنصح	منصرف کردن	ensah
المسافة	فاصله	al-masafea
بعيد	دور	baid
مقطّر	چکیده؛ مقطر	moghattar
الفرق	تمایز	al-fargh
مميّز	متمایز	momayaz
بارز	برجسته؛ مشخص	barez
حرّف	تحریف کردن	harraf
التشويه	تحریف	al-tashviye
إصرف إنتباهه	حواس پرتی ایجاد کردن	esraf entabahe
صرف الإنتباه	پریشانی	sarf alentabah
الضيق	پریشانی	al-zigh
الإحزان	پریشان کننده	al-ehzan
الموزّع	مقسم؛ دلکو	al-movazza
الإرتياب	عدم اعتماد؛ اعتماد نداشتن	al-ertyab
أزعج	مزاحم شدن	azaj
الإنشقاق	عدم اتفاق؛ جدا شدگی	al-enshaghagh
الترك	عدم استعمال	al-tarak
الخندق	گودال؛ چاله	al-khandagh
نهاري	روز خیز؛ مربوط به روز	nahari
الغطس	شیرجه زدن	al-ghats
تباعد	واگراییدن؛ متشتت شدن	tabaod
متنوّع	متنوع	motenavve
منوّع	متشتت	monavva
التنويع	تنوع	al-tanvi
حوّل	منحرف کردن	havval
رَتْج	استطاله؛ کوره راه	ratj
التقسيم	بخش کردن؛ سهم کردن	al-taghsim
الحصة	سود سهام	al-hasa
القسّ	الهی	al-ghass
اللاهوت	خدایی؛ الوهیت	al-lahut
الطلاق	طلاق	al-talagh
مطلّق	مطلقه	motallagh
الدوخة	دوار؛ سرگیجه	al-dukha
مشوش	دبنگ؛ سرگیجهای	moshavvash
يفعل	انجام دادن	yafaal
حوض السفن	بارانداز؛ جاخالی کردن	huz alsafan
الطبيب	دکتر	al-tabib
الوثيقة	سند	al-vasigha
البرنامج الوثائقي	مستند؛ سندی	al-barnamaj alvasaeghi
التوثيق	مستندسازی	al-tosigh
الخدعة	گریز زدن؛ جا خالی کردن	al-khada
الكلب	سگ	al-kalb
العقيدة	اصول عقاید	al-aghida
الدوغماتية	فلسفه جزمی	al-dughmatia
دول	به بیکاران	doval
الدمية	عروسک	al-damia
الدولار	دلار	al-dular
الدولفين	دلفین	al-dolfin
المجال	حوزه	al-majal
القبة	گنبد؛ گنبد زدن	al-ghaba
محلي	داخلی؛ خانگی	mahalli
الهيمنة	سلطه	al-himna
مهيمن	غالب	mahiman
سيطر	مسلط شدن؛ مستولی شدن	sitar
تبرّع	هبه کردن؛ اعطاء کردن	tabarro
التبرّع	کمک مالی	al-tabarro
الحمار	خر؛ الاغ	al-hamar
المتبرع	اهداکننده	al-motebarre
الباب	در	al-bab
خامل	نهفته؛ نایم	khamel
ظهري	ضهری	zohri
الجرعة	دوز	al-jara
النقطة	نقطه	al-naghta
الضعف	دو برابر	al-zaf
الشكّ	شک؛ تردید	al-shakk
الشكّاك	دیرباور	al-shakkak
مريب	مشکوک؛ دوبشک	marib
بلا شكّ	بی تردید؛ بدون شک	bala shakk
العجينة	خمیر	al-ajina
ليّن	خمیری	layyan
السقوط	ریزش	al-soghut
الإنحدار	نشیب	al-enhdar
تنزيل	دانلود کردن	tanzil
يحمّل	دانلود کردن	yahaml
الطابق السفلي	طبقه پایین؛ پایین پله‌ها	al-tabagh alsofla
وسط المدينة	مرکز شهر	vasat almadina
نزولا	فرو	nazula
المهر	جهاز؛ شیربها	al-mehr
العميد	شیخ السفراء؛ مقد السفراء	al-amid
الإغفاءة	چرت زدن	al-eghfa
دزينة	دوجین	dazina
المومس	کسل کننده؛ زن شلخته	al-mavmas
المسوّدة	برات؛ مسوده	al-masvvada
العائق	باتورگرفتن؛ سخت کشیدن	al-aegh
التنين	اژدها	al-tanin
البالوعة	تخلیه کردن	al-balua
التصريف	زهکشی	al-tasrif
المسرحية	درام	al-masarhia
مثير	نمایشی	masir
بشكل مثير	به طرز چشمگیری	beshekl masir
صارم	عنیف	saram
السحب	نقاشی کردن	al-sahb
الدرج	نقشه کش؛ برات کش	al-darj
الرسم	نقاشی (کار)	al-rasam
مخيف	موحش؛ هراسناک	makhif
الحلم	خواب، رویا، رویا دیدن	al-halam
الحالم	خیالباف	al-halam
الجرافة	لاروبی کردن	al-jarafa
الثمالة	لرد	al-samala
الخياط	خیاط زنانه	al-khayyat
الإنجراف	رانش	al-enjaraf
المثقاب	تمرین؛ مته	al-masghab
الشراب	نوشیدنی، نوشیدن	al-sharab
الشارب	خوار؛ آشامنده	al-shareb
الشرب	شرب	al-shorb
القطرة	چکیدن؛ چکاندن	al-ghatara
الدافع	رانندگی؛ رانندگی کردن	al-dafe
السائق	راننده	al-saegh
الطائرة بدون طيّار	سخن یکنواخت	al-taerat bedun tayyar
مرض الإتسقاء	استسقاء	maraz aletsgha
الجفاف	خشکسالی	al-jafaf
إغرق	غرق شدن	eghragh
الخمول	خماری؛ خواب آلودگی	al-khamul
نعسان	کسل کننده؛ چرت زن	nasan
الكدح	خرحمالی؛ جان کنی	al-kadh
العقار	دارو، مواد مخدر	al-aghar
الطبل	ضرب؛ طبل	al-tabl
الطبّال	طبال؛ طبل زن	al-tabbal
سكران	مست؛ دژم	sokran
السكّير	خماری	al-sakkir
السكر	مستی	al-sokr
جاف	خشک، خشک کردن	jaf
ثنائي	دوگانه	sanai
لقّب	نامیدن، لقب دادن	laghab
البطّة	اردک؛ مرغابی	al-batta
الحقّ	موعد؛ مستحق؛ به‌علت	al-hagh
الحلمة	کنده	al-halma
الدوق	دوک	al-dugh
مملّ	کسل کننده	mamall
البلادة	رکود؛ کندی	al-balada
حسب الأصول	بموقع خود؛ بقدر لازم	hasb alasul
غبي	کم هوش	ghabi
أخرس	لال	akhras
النفاية	رها کردن	al-nafayea
المطالب	سمند	al-mataleb
الروث	پهن؛ پشگل	al-rus
الزنزانة	سیاه چال	al-zanzana
الثنائي	دوتایی	al-sanai
إثني عشري	دوازدهه	esni ashri
الاثنا عشر	روده اثنی عشر	al-asna ashr
الساذج	ساده لوح	al-sazej
النسخة المطابقة	المثنی؛ نسختین	al-naskhat almatabgha
الإزدواجية	ریا	al-ezdvajia
المدّة	مدت	al-madda
أثناء	در طول	asna
الغسق	غروب؛ هنگام غروب	al-ghasgh
الغبار	گرد؛ خاک	al-ghbar
مترب	خاکی؛ غباری	matrab
هولندي	هلندی؛ زبان هلندی	hulnadi
مطيع	وظیفه شناس	moti
قرص دي في دي	دی‌وی‌دی	ghors dey fi dey
القزم	کوتوله؛ کوتاه جلوه دادن	al-ghazam
الساكن	مکین	al-saken
الصباغة	رنگرزی	al-sabagha
دينامي	پویا	dinami
الديناميت	دینامیت؛ دینامیت زدن	al-dinamit
السلالة	سلسله؛ خاندان	al-salala
الزحار	دیسانتری	al-zahar
كلّ	هر کدام	koll
متلهّف	مشتاق	motelahhef
بلهفة	مشتاقانه؛ آرزومندانه	belahafa
الإشتياق	اشتیاق؛ شوق	al-eshtiagh
النسر	عقاب؛ دال	al-nasr
الأذن	گوش	al-azan
مبكرا	زود	mabakra
إكسب	کسب کردن	eksab
المداخيل	درآمد	al-madakhil
مدى السمع	صدارس؛ گوش رس	modi alsam
الأرض	زمین	al-arz
طيني	سفالی	tini
دنيوي	زمینی	donyavi
الزلزال	زلزله؛ زمین لرزه	al-zelzal
المانع الأرضي	خاکریز	al-mane alarzi
ترابي	خاکی	torabi
السهولة	آسایش، آسان کردن	al-sahula
بسهولة	به آسانی	besahula
الشرق	شرق	al-shargh
باتجاه الشّرق	شرقاً؛ مانند بادخاوری	batjah alshargh
شرقي	شرقی؛ خاوری	sharghi
شرقا	روب خاور	shargha
كل	خوردن	kol
الصدى	پژواک	al-sadi
مكسوف	منخسف	maksuf
بيئيّ	بوم‌شناختی	bii
إقتصادي	اقتصادی	eghtasadi
الإقتصاد	اقتصاد	al-eghtasad
الإقتصادي	اقتصاددان	al-eghtasadi
النشوة	حالت؛ وجد	al-noshua
منتشي	جذبهای؛ بی خود	mantashi
الأكزيما	اگزما؛ اکزما	al-akzima
الحافة	لب؛ لبه	al-hafea
الصرح	عمارت	al-sarh
الإنشاء	تهذیبی	al-ensha
التحرير	ویراستن	al-tahrir
المحرّر	ویراستار؛ ویرایشگر	al-moharrar
الإفتتاحية	سرمقاله	al-eftatahia
تعلّم	فرهیختن؛ مودب کردن	taallom
التعليم	آموزش	al-talim
تربوي	تحصیلی؛ تربیتی	tarbuye
المربي	مربی	al-morabbi
التأثير	تأثیر	al-tasir
فعّال	کاری؛ موثر	faal
ناقل	وابر؛ بیرون بر	naghel
الكفاءة	درجه تأثیر	al-kafa
كفوء	کارآنه؛ پرکار	kafu
بشكل كفوء	به نحو کارآمد	beshekl kafu
الجهد	تلاش	al-jahd
البيض	تخم مرغ	al-beyz
الأنا	خود	al-ana
مصر	مصر؛ کشور مصر	mesr
المصري	مصری	al-mesri
ثمانية	هشت	samania
ثمانية عشر	هجده	samanit ashr
الثمن	اکتاو؛ یک هشتم	al-saman
ثمانون	هشتاد	samanun
أمّا	هر یک از دو، نیز (در جملات منفی)	ama
متقن	پیچیده، با جزئیات	motghan
الشريط المطاطي	کشی؛ لاستیکی	al-sharit almatati
المطاطية	ارتجاع؛ جهندگی	al-matatia
الإنتشاء	سرفرازی شادی	al-encha
المرفق	آرنج	al-marfagh
الشيخ	ارشد؛ ریش سفید	al-sheykh
مسن	سالمند؛ سالمندان	mosenn
أكبر	سالدارترین؛ مسن ترین	akbar
منتخب	منتخب؛ انتخابی	montakhab
الإنتخاب	انتخاب نماینده	al-entakhab
إنتخابي	انتخابی	entakhabi
الناخبون	گزینگرگان	al-nakhbun
كهربائي	برقی	kahrobai
الكهرباء	برق	al-kahroba
القطب الكهربائي	الکترود	al-ghotb alkahrobai
التحليل الكهربائي	برقکافت	al-tahlil alkahrobai
الألكترون	الکترون	al-alkatrun
إلكتروني	الکترونیکی	elkatruni
الإلكترونيات	الکترونیک	al-elkatruniat
الرشاقة	زیبندگی؛ ظریفی	al-rashagha
بشكل رائع	ظریفانه	beshekl rae
العنصر	ماده؛ اصل	al-onsor
عنصري	عنصری	onsori
أولّي	ابتدایی	avlli
الفيل	فیل	al-fil
داء الفيل	داء الفیل	da alfil
إرفع	بالا بردن	erfa
الإرتفاع	علو؛ صعود	al-ertafa
المصعد	آسانسور؛ بالابرنده	al-masad
أحد عشر	یازده	ahd ashr
إلياس	خضر	elias
أزل	حذف کردن	azl
الإزالة	رفع؛ حذف	al-ezala
النخبة	نخبه	al-nakhba
إليزا	الیزا	eliza
إهليليجي	بیضی	ehliliji
الإطالة	دراز شدگی	al-etala
الفصاحة	فصاحت؛ بلاغت	al-fasaha
بليغ	بلیغ؛ شیوا	baligh
ما عدا ذلك	دیگر	ma ada zalek
في مكان آخر	نقطه دیگر؛ بجای دیگر	fi makan akhar
تملّص	طفره زدن	tamallos
مراوغ	طفره زن؛ طفره آمیز	maravegh
بريد إلكتروني	ایمیل، ایمیل زدن	borid elkatruni
أعتق	ازقید رها کردن	atagh
إصعد	سوار شدن، آغاز کردن	esad
السفارة	سفارت	al-safara
ضمّن	جاسازی کردن	zamn
مضمّن	جاسازی شده	mozamman
الإختلاس	اختلاس	al-ekhtalas
أشعر بالمرارة	تلخ کردن؛ ناگوار کردن	ashar balmarara
الشعار	علامت	al-shoar
التضمين	تجسم	al-tazmin
جسّد	تجسم بخشیدن	jassad
العناق	در آغوش گرفتن	al-anagh
التطريز	گلدوزی؛ برودری	al-tatriz
الجنين	گیاهک؛ رویان	al-janin
جنيني	جنینی؛ رویانی	jenini
الزمردة	زمرد؛ زمردسبز	al-zamarda
الظهور	ظهور	al-zohur
الطوارئ	اضطرار؛ اضطراری	al-tavari
مهاجر	مهاجر؛ کوچ کننده	mohajer
هاجر	جلاء؛ هجرت کردن	hajar
الهجرة	هجرت	al-hajara
سامي	والا؛ والا مقام	sami
الإشعاع	انتشار	al-esha
عاطفي	احساساتی؛ عاطفی	atefi
عاطفيا	از نظر احساسی	atfia
الإمبراطور	امپراتور	al-embaratur
توكيدي	موکد	tukidi
الإمبراطورية	امپراتوری	al-embaraturia
تجريبي	تجربی	tajribi
الإستخدام	استخدام کردن	al-estakhdam
المستخدم	کارمند	al-mostakhdem
ربّ العمل	کارفرما	rabb olamal
التوظيف	استخدام؛ اشتغال	al-tozif
شجّع	توانمند ساختن	shajja
الإمبراطورة	شهبانو؛ امپراتریس	al-embaratura
فارغ	خالی	faregh
المستحلب	شیرابه	al-mostahleb
يؤهّل	توانگر کردن؛ صلاحیتدار کردن	yohhal
يخول	توانگر کردن؛ صلاحیتدار کردن	yokhul
شرّع	به اجرا درآوردن	sharra
التشريع	وضع	al-tashri
المينا	لعاب؛ مینا	al-mina
عسكر	چادر زدن؛ خیمه برپا کردن	askar
أرفق	ضمیمه کردن؛ پیوست کردن	arfagh
التسييج	ضمیمه؛ پیوست	al-tasij
أحط	شامل شدن	aht
اللقاء	برخورد؛ تقابل	al-legha
التشجيع	تشویق	al-tashji
الموسوعة	دایرهالمعارف؛ دایرهالعلوم	al-musua
النهاية	پایان، پایان دادن	al-nahayea
عرّض للخطر	بمخاطره انداختن	arraz lalakhtar
التحبّب	گرامی کردن	al-tahabbob
المسعى	تلاش؛ جدیت	al-masi
الإنهاء	پایان	al-enha
لانهائي	بی‌ پایان	lanhai
التصديق	تایید	al-tasdigh
هب	متصف کردن؛ چیزی راوقف کردن	hab
التحمّل	تاب؛ طاقت	al-tahammol
الحقنة الشرجية	تنقیه	al-haghanat alsharjia
العدو	دشمن	al-adu
نشيط	فعال؛ پرتکاپو	nashit
الطاقة	انرژی	al-taghea
إفرض	اجرا کردن	efraz
التنفيذ	اجرا	al-tanfiz
إشغل	گیر دادن؛ نامزد کردن	eshghal
الشغل	جذاب	al-shoghl
المحرّك	موتور	al-moharrak
المهندس	مهندس	al-mohandes
الهندسة	مهندسی	al-hanadsa
إنجلترا	انگلستان	enjaltra
منقوش	منقوش	manghush
الإبتلاع	احاطهکننده	al-ebtala
اللغز	بیان مبهم	al-laghz
تمتّع به	لذت بردن	tamatto be
ممتع	لذت بخش	mamta
تضخّم	بزرگ کردن؛ بزرگ شدن	tazakhom
التوسيع	بزرگی؛ بزرگ نمائی	al-tosi
نوّر	روشنفکر کردن	navvar
مطّلع	منورالفکر؛ روشن روان	mattal
التنوير	روشن فکری؛ تنویر افکار	al-tanvir
سجّل	درفهرست نوشتن	sajjal
التسجيل	نامنویسی؛ سربازگیری	al-tasjil
العداوة	عناد؛ عداوت	al-adava
هائل	عظیم	hael
بما فيه الكفاية	کافی	bama fih alkafayea
إستفسر	پرس و جو کردن	estafasr
التحقيق	استفسار	al-tahghigh
مغضب	آتشی	maghzab
أغن	غنی کردن	aghn
مستعبد	برده شده	mostabed
إتل	متعاقب بودن	etl
إضمن	حتمی کردن	ezman
الميراث	شامل بودن؛ متضمن بودن	al-miras
التشابك	گیر انداختن؛ درهم گیر افتادن	al-tashabak
متشابك	دامن گیر	machabak
إدخل	وارد شدن	edkhal
المشروع	شرکت	al-mashru
التسلية	سرگرم کننده	al-taslia
الترفيه	پذیرایی	al-tarfiye
الحماس	حرارت؛ گرمی	al-hamas
المتحمّس	علاقه‌مند	al-motehammes
متحمس	باحمیت؛ باحرارت	motehammes
كليّا	پاک؛ سرتاسر	kalyya
أهّل	حق دادن	ahhal
الكيان	نهاد	al-akian
الإلتماس	التماس	al-eltamas
الدخول	غذای اصلی	al-dokhul
تحصّن	درسنگرقراردادن	tahasson
الإستحكام	سنگربندی؛ سنگرسنگی	al-estahkam
إئتمن	سپردن؛ باامانت سپردن	etaman
حسود	حسود؛ حاسد	hasud
البيئة	محیط زیست	al-biea
بيئي	محیطی؛ محیط زیستی	bii
تصوّر	درذهن مجسم کردن	tasavvor
المبعوث	فرستاده؛ ایلچی	al-mabus
الحسد	رشک؛ حسد	al-hasad
الإنزيم	آنزیم؛ دیاستاز	al-enzim
الملحمة	حماسی؛ شعر رزمی	al-malahma
الأبيقوري	ابیقوری؛ عیش طلب	al-abighuri
الوباء	همه‌گیر	al-vaba
البشرة	روپوست	al-bashara
الحكمة	سخن نیشدار	al-hakma
الصرع	صرع	al-sar
المصاب بالصّرع	غشی؛ حملهای	al-masab balssar
الرسالة	نامه منظوم	al-rasala
طلائي	برپوشی؛ شبیه بشره ای	talai
المساواة	برابری	al-masava
على حد سواء	علیالسویه؛ متساویا	ali hadd sava
المعادلة	معادله	al-maadla
خط الإستواء	استواء؛ خط استوا	khat alestva
الموازنة	موازنه	al-mavazna
فرسي	اسبی	farsi
جهّز	تجهیز کردن	jahhaz
الأجهزة	تجهیزات	al-ajhaza
عادل	منصفانه؛ متساوی	adel
المكافئ	معادل	al-makafi
راوغ	سهل انگاشتن؛ ابهام بکار بردن	ravegh
العصر	دوران	al-asr
إستأصل	لنجیدن؛ ریشه کن کردن	estasl
الإستئصال	قلع؛ ریشه کنی	al-estaesal
منتصب	برپا کردن	montaseb
الإنتصاب	نعوظ؛ شق شدگی	al-entasab
التآكل	سایش؛ فرسایش	al-takal
أخطأ	اشتباه کردن؛ اشتباهکاری کردن	akhta
المهمة	ماموریت	al-mahma
خطأً	سهواً	khataan
بشكل خاطئ	سهواً	beshekl khati
إنفجر	فوران کردن	enfjar
إنفجاري	بثوری	enfajari
تصاعد	تشدید کردن	tasaod
الطيش	جفتک زنی	al-tiyash
الهروب	گریز؛ فرار	al-horub
خصوصا	به خصوص	khosusan
التجسس	جاسوسی	al-tajassos
المقالة	مقاله کوتاه	al-maghalea
الجوهر	عصاره، ذات	al-johar
ضروري	اساسی؛ حساس	zaruri
جوهريا	اساساً	juhria
ينشئ	بستن؛ افتتاحکردن	yanshi
المؤسسة	تاسیس	al-mosasa
الإحترام	اعتبار؛ منزلت	al-ehtaram
أبدي	ابدی	abdi
إلى الأبد	ابدالدهر	eli alabd
الخلود	ابد؛ جاودانی	al-kholud
الأثير	اتر؛ اثیر	al-asir
الأخلاق	اخلاقیات؛ اصولاخلاق	al-akhlagh
عرقي	قومی	araghi
علم المسببات	لادشناسی	elm almosabbebat
السلوك	آداب؛ آداب معاشرت	al-soluk
الأوكالبتوس	اکالیپتوس	al-avkalabtus
يورو	یورو	yoro
أوروبا	اروپا	avruba
أوروبي	فرنگی؛ اروپایی	avrubi
أخل	تخلیه کردن	akhl
الإخلاء	تخلیه؛ تهی سازی	al-ekhla
التقييم	ارزیابی	al-taghiim
التبخير	تبخیر	al-tabkhir
حواء	هوا؛ حوا	hava
حتى	حتی	hatta
المساء	عصر	al-masa
بانتظام	به تساوی	bantazam
الحدث	رویداد	al-hads
في النهاية	سر انجام	fi alnahayea
أبدا	تا به حال	abda
الشجرة دائمة الخضرة	بی خزان؛ همیشه سبز	al-shajarat daemat alkhazara
دائما	درتمام وقت	daeman
كلّ شخص	همه	koll shakhs
كلّ يوم	روزمره	koll yom
كلّ شيء	همه چیز	koll shey
في كل مكان	همه جا	fi kol makan
من الواضح	ظاهراً؛ آشکارا	man alvazeh
الشرّ	سوء؛ خبیث	al-sharr
الشرّير	بد کار	al-sharrir
إستدع	فراخواندن	estda
التطور	تکامل	al-tatavvor
تطوّري	تکاملی	tatvvori
تطوّر	تکامل یافتن	tatvvor
مضبوط	دقیق	mazbut
بالضبط	دقیقا	balzbat
بالغ	مبالغه کردن	balegh
المبالغة	اغراق؛ گزاف	al-mabalgha
الإمتحان	امتحان	al-emtahan
الفحص	آزمایش؛ تجزیه	al-fahs
إفحص	تجزیه کردن؛ بررسی کردن	efhas
الممتحن	ممتحن؛ آزمونگر	al-mamtahan
المثال	مثال	al-mesal
التنقيب	کاوش؛ حفاری	al-tanghib
تجاوز	فراتر رفتن	tajavoz
البراعة	برتری	al-baraa
السعادة	جناب؛ جناب آقای	al-saada
ممتاز	عالی	momtaz
ماعدا	به جز	mada
الإستثناء	استثنا	al-estasana
إستثنائي	استثنایی	estasanai
الزيادة	مازاد	al-ziada
مفرط	بیش از حد	mofrat
بإفراط	بی شباهت	befrat
التبادل	عوض؛ مصالحه	al-tabadol
الضريبة	مالیات غیرمستقیم	al-zariba
إيكسايت	برانگیختن؛ تهییج کردن	eyksayat
متحمّس	هیجان‌زده	motehammes
صح	بعموم آگهی دادن	sah
الصياح	غریو؛ علامت تعجب	al-siah
إستثن	حذف کردن	estasan
حصري	انحصاری	hasri
بشكل خاص	منحصراً	beshekl khas
الغائط	مدفوع؛ نجاست	al-ghaet
التعذيب	مشقت بار	al-tazib
النزهة	کشتی تفریحی؛ مسافرت تفریحی	al-nazha
معذور	بخشیدنی؛ معاف شدنی	mazur
العذر	معذرت؛ بهانه	al-ozr
نفّذ	اجرا کردن	naffaz
الإعدام	اعدام	al-edam
الجلاد	دژخیم	al-challad
المدير التنفيذي	مجری؛ اجرایی	al-modir altanfizi
المنفّذ	مجری؛ اجراکننده	al-monaffaz
نموذجي	عبرتآور؛ نمونهوسرمشق	namavzaji
معفى	بری؛ معاف	mafi
التمرين	ورزش، ورزش کردن	al-tamrin
مارس	اعمال کردن	mars
العادم	اگزوز؛ اگزوس	al-adam
الإعياء	فرسودگی؛ واماندگی	al-eia
المعروض	نمایش دادن	al-maruz
المعرض	نمایشگاه؛ نظر گاه	al-maraz
الإبهاج	مفرح؛ نشاطآور	al-ebhaj
المنفى	تبعید	al-manfi
جد	وجود داشتن	jad
الوجود	زیست؛ زندگی	al-vojud
الخروج	خارج شدن؛ خروج	al-khoruj
باهظ	گزاف	bahez
الغريب	عجیب و غریب	al-gharib
توسّع	منبسط کردن؛ گسترده کردن	tavasso
الفسحة	فضای زیاد	al-fasha
التوسّع	گسترش	al-tavasso
متوقع	آبستن؛ در انتظار	motevaqghe
التوقّع	انتظار؛ توقع	al-tavagho
الوسيلة	مقتضی؛ مقتضا	al-vasila
عاجل	شتاباندن	ajel
البعثة	تسریع؛ اردوکشی	al-baasa
الإنفاق	هزینه	al-enfagh
النفقة	خرج؛ هزینه	al-nafgha
التجربة	تجربه کردن	al-tajarba
الخبرة	تخصص	al-khabara
إنته	منقضی شدن	ente
التفسير	توضیح	al-tafsir
توضيحي	تاویلی؛ توضیحی	tozihi
المأثرة	بهره‌برداری کردن	al-masra
الإستغلال	بهره‌کشی	al-estaghlal
الإستكشاف	استخراج؛ سیاحت	al-estakshaf
إستطلاعي	اکتشافی	estatlai
إستكشف	سیاحت کردن؛ اکتشاف کردن	estakashaf
المستكشف	سیاح؛ پیگرد	al-mostakshef
الإنفجار	احتراق؛ ترکیدن	al-enfajar
المادّة المتفجّرة	انفجاری	al-maddat almatafjjara
التصدير	صدور؛ صادراتی	al-tasdir
عرّض	ضاهر ساختن؛ درمعرض گذاشتن	arraz
الشرح	توضیح	al-sharh
التعرّض	مواجهه	al-taarroz
إشرح	بهتفصیل شرح دادن	eshrah
السريع	بیان کردن	al-sari
التعبير	بیان	al-tabir
معبّر	گویا؛ اشارهکننده	moabbar
المتأنّق	نفیس	al-moteannegh
مدّد	تعمیم کردن؛ تمدید کردن	maddad
الإمتداد	گسترش، افزونه	al-emtdad
على نطاق واسع	به طور گسترده	ali natagh vase
المدى	حدود؛ بسیط	al-madi
خفّف	کاستن از؛ کم تقصیر	khaffaf
أبد	قلع کردن؛ منقرض کردن	abd
الإبادة	براندازی	al-ebada
خارجي	ظاهری؛ بیرونی	khareji
منقرض	خاموش؛ معدوم	mongharez
الإنقراض	خفگی؛ انهدام	al-engharaz
أطفأ	خاموش کردن؛ خاموش شدن	atfa
الإبتزاز	غصب؛ اجحاف	al-ebtazaz
إضافي	اضافی	ezafi
المقتطف	استخراج کردن؛ استخراج کردن، عصاره	al-moghtatef
الإنتزاع	استخراج؛ عصارهگیری	al-entaza
التبذير	زیادهروی؛ گزافگری	al-tabzir
جدا	فوق‌العاده	joda
المتطرّف	افراطی	al-motetarref
الحدّ الأقصى	انتها	al-hadde alaghsi
خلّص	خلاصی بخشیدن	khallas
النتوء	بیروناندازی	al-natu
العين	چشم	al-in
مقلة العين	تخمچشم؛ مقله	maghlat alin
الحاجب	ابرو	al-hajeb
النظّارات	عینک	al-nazzarat
الجفن	پلک؛ جفن	al-jafan
التلفيق	دروغ نویسی؛ حرف اختراعی	al-talfigh
الواجهة	نمای خارجی	al-vajha
طريف	لطیفهدار؛ شوخی آمیز	tarif
تجميل الوجه	صورتی	tajmil alvaje
سهّل	تسهیل کردن	sahhal
الوسائل	تسهیلات؛ امکانات	al-vasael
الحقيقة	واقعیت	al-haghigha
الفئة	جناح	al-faea
العامل	عامل	al-amel
المصنع	کارخانه	al-masna
إبهت	محو شدن	ebeat
الفشل	شکست خوردن	al-fashl
الإغماء	غش؛ ضعف کردن	al-eghma
الإنصاف	انصاف	al-ensaf
الجنيّة	جن؛ پری	al-janyya
مخلص	وفادار؛ مومن	mokhles
مزيف	جعلی	mazif
الصقر	شاهین؛ سوله	al-saghr
المغالطة	سفسطه؛ استدلال غلط	al-maghalta
الأرض المحروثة	آیش؛ آیش کردن	al-arz almahrusa
خاطئ	نادرست	khati
البطلان	ناراستی	al-botlan
مزيّف	مغشوش	mozayaf
الشهرة	شهرت	al-shahara
الألفة	آشنایی؛ موانست	al-alfa
العائلة	خانواده	al-aela
المجاعة	گرسنگی؛ قحطی	al-majaea
مشهور	مشهور	mashhur
النصير	طرفدار، پنکه	al-nasir
متعصّب	پرتعصب	moteasseb
خيالي	تفننی؛ پر اوهام	khiali
الهوى	قوه مخیله	al-huye
الخيال	فانتزی	al-khial
بعيدا	دور	beeyada
المهزلة	کار بیهوده	al-mahazala
الوداع	وداع؛ بدرود	al-veda
المزرعة	مزرعه؛ کشاورزی کردن	al-mazara
المزارع	کشاورز	al-mazare
البيت الريفي	خانه رعیتی	al-biyat alrifi
على نحو إضافي	اقصی؛ جلوتر	ali nahv ezafi
أبعد ما يكون	اقصی نقطه	abad ma yokun
إسحر	مسحور کردن؛ مفتون کردن	eshar
الأسلوب	مد؛ مدی	al-aslub
عصري	شیک	asri
سريع	سریع	sari
يصوم	سریع	yosum
إربط	بستن؛ محکم کردن	erbat
الربط	یراق در	al-rabt
الصوم	ناشتا؛ صائم	al-sevvom
قاتل	کشنده	ghatel
المصير	سرنوشت	al-masir
يتيم	بی پدر	yatim
أبوي	پدروار؛ پدرانه	abuye
سمّن	چاق کردن؛ پرواری کردن	samn
سمين	پیه دار؛ چربی مانند	samin
الإحسان	لطف؛ احسان	al-ehsan
مفضّل	محبوب؛ سوگلی	mofazzal
التفضيلية	سوگیری؛ پارتی بازی	al-tafzilia
مِنَح	الطاف	menah
أفضال	الطاف	afzal
الخوف	ترس	al-khovf
جريئ	متهور؛ ناپروا	jerii
عملي	شدنی؛ صورت پذیر	amali
الريشة	پر؛ باپرآراستن	al-risha
الميزّة	ویژگی	al-moyazza
فبراير	فوریه	fabrayr
شباط	فوریه	shabat
إتحادي	فدرال	ethadi
الإتحادية	فدرالیسم	al-ethadia
متّحد	متعهد کرد	mottahed
الأجر	اجرت؛ پردازه	al-ajr
ضعيف	شل؛ کم زور	zaif
الغذاء	غذا دادن	al-ghaza
الردّ	پس خوراند	al-radd
الملمس	احساس کردن	al-malmas
الشعور	احساس	al-shour
الزمالة	پژوهانه؛ هم صحبتی	al-zamala
الأنثى	زن، زنانه	al-ansi
المؤنّث	مونث؛ مادین	al-moonnas
المؤمن بمساواة الجنسين	فمینیست	al-momen bemasavat aljensin
فخذي	رانی	fakhzi
عظم الفخذ	استخوان ران	azm alfakhz
السياج	نرده؛ حصار	al-siaj
المبارزة	شمشیر بازی	al-mabarza
يخمّر	ترش کردن؛ مخمر کردن	yakhamr
يتخمّر	ترش کردن؛ مخمر کردن	yatakhamr
شرس	سبع	shars
الشراسة	سبعیت؛ وحشی گری	al-sharasa
خصب	بارور؛ حاصلخیز	khasb
الخصوبة	باروری؛ حاصلخیزی	al-khasuba
حارّ	پرشور وشعف	harr
التأجّج	شور؛ گرمی	al-taajjoj
المهرجان	جشنواره	al-mehrjan
بهيج	بزمی	behij
إجلب	وا کشیدن	ejlab
القيود	پابند	al-ghoyud
إقطاعي	تیولی؛ ملوک الطوایفی	eghtai
الإقطاعية	ملوک الطوایفی	al-eghtaia
محموم	تب دار	mahmum
القليل من	کم	al-ghalil man
طربوش	فس	tarbush
فاس	فس	fas
الخطيب	نامزد	al-khatib
الليف	فیبر	al-lif
ليفي	لیفی	lifi
القصة	داستان	al-ghasa
الحيلة	زرزر کردن؛ ویولن زدن	al-hila
الحقل	میدان	al-haghl
عنيف	شدید	anif
ناري	آتشی؛ مهیج	nari
خمسة عشر	پانزده	khamasat ashr
الخامس	پنجم	al-khames
خمسون	پنجاهمین؛ یک پنجاهم	khamsun
التينة	انجیر	al-tayannoa
المقاتل	مبارز؛ رزمنده	al-maghatel
بنوي	درخورفرزند	banuye
الفلبيني	فیلیپینی	al-falbini
الملء	پر کردن	al-mal
الفيلير	بطانه؛ پر کننده	al-filir
الفلم	فیلم؛ فیلم گرفتن	al-falam
صانع أفلام	فیلم‌ساز	sane aflam
المرشح	فیلتر کردن	al-marshah
القذارة	نجاست؛ رجاست	al-ghazara
النهائي	نهایی؛ نهایی (اسم)	al-nhai
أخيرا	بالاخره	akhira
المالية	دارایی؛ مالیه	al-malia
مالي	مالی؛ نقدی	mali
الخبير المالي	سرمایه دار؛ سرمایه گذار	al-khabir olmali
البحث	پیدا کردن	al-bahs
المكتشف	یابنده	al-moktashef
الغرامة	جریمه، جریمه کردن؛ خوب	al-gharama
البداعة	نکته بینی؛ زیرکی بکار بردن	al-badaa
الإصبع	انگشت	al-esba
لوحة الأصابع	جا انگشتی	luhat alasaba
محدود	متناهی	mahdud
النار	آتش	al-nar
السلاح الناري	سلاح گرم	al-selah alnari
مشعل	آتش پاره	mashal
شخص محرض	آتش پاره	shakhs mahraz
رجل إطفاء	آتش‌نشان	rajol etfa
الحطب	حطب؛ هیزم	al-hatb
الألعاب النارية	آتش‌بازی	al-alab alnaria
بحزم	قاطعانه	bahzam
الحزم	استواری؛ ثبات	al-hazam
أولا	اول (اسم)؛ اول، اولین	avla
السمك	ماهی؛ ماهی گرفتن	al-samak
صيّاد السمك	صیاد؛ ماهیگیر	sayyad alsamak
مصيدة أسماك	شیل؛ ماهی گیری	masidat asmak
صناعة صيد الأسماك	شیل؛ ماهی گیری	sanaat seyd alasmak
صيد السمك	ماهیگیری	seyd alsamak
الإنفلاق	شکافت	al-enfalagh
القبضة	مشت؛ بامشت گرفتن	al-ghabaza
النوبة	مناسب بودن؛ مناسب، حمله	al-nuba
اللياقة	مناسبت	al-liagha
خمسة	پنج	khamasa
المأزق	تعمیر کردن	al-maazagh
الحاجة	وسایل ثابت	al-hajea
مترهل	لس	motarahhel
العلم	پرچم؛ رایت	al-elm
المدراس	گندم کوب؛ خرمن کوب	al-madras
اللهب	شعله؛ زبانه	al-lahb
الجناح	پهلو؛ خاصره	al-jenah
اللوحة	پرزدن؛ پرپرزدن	al-luha
الشعلة الضوئية	شعله؛ شعله زنی	al-shaalat alzuia
الوميض	تلالو	al-vamiz
القارورة	بغلی؛ دبه	al-gharura
الشقّة	آپارتمان؛ صاف، یک طبقه	al-shagha
سطّح	مسطح کردن؛ بیمزه کردن	sattah
الإغراء	متملقانه؛ تملق آمیز	al-eghra
التملّق	تملق؛ شیره مالی	al-tamallogh
المباهاة	نازیدن؛ جولان دادن	al-mabaha
النكهة	مزه؛ طعم	al-nakha
الكتان	بزرک	al-aketan
إسلخ	سخت انتقاد کردن	eslakh
البرغوث	کیک؛ شبگز	al-barghus
إهرب	فرار کردن	ehrab
ناعم	مثل پشم	naam
الأسطول	ناوگان	al-astul
الإنطلاق	تندپا	al-entalagh
اللحم	گوشت	al-alaham
العطف	منقبض کردن	al-atf
المرونة	انعطاف‌پذیری	al-maruna
مرن	قابل تغییر؛ قابل انحناء	marn
النقرة	تلنگر	al-naghara
الإيماض	سوسوزن	al-eymaz
الطيران	پرواز	al-tiran
العلاقة المؤقّتة	جفتک پرانی	al-alaghat almoghata
الصوان	چخماق؛ سنگ فندک	al-suan
اللعوب	طناز؛ لاس زدن	al-loub
الطوف	غوطهورساختن؛ غوطهدادن	al-tuf
القطيع	رمه؛ غنم	al-ghati
الفيضان	سیل؛ طوفان	al-feyzan
الأرضية	کف، طبقه	al-arzia
الحياة النّباتيّة	گیا؛ الهه گل	al-hiat alnnabatyya
معقّد	گلگون؛ سلیس وشیوا	moaghad
فلوريدا	فلوریدا	felorida
الطحين	آرد؛ آرد کردن	al-tahin
الإزدهار	رونق گرفتن	al-ezdahar
التدفّق	بده؛ جاری کردن	al-tadaffogh
الزهرة	گل	al-zahara
الإنفلونزا	آنفولانزا	al-enfalunza
التقلّب	مواج	al-taghallob
الزغب	کرکدار شدن	al-zaghb
منفوش	پرزدار	manfush
السائل	مایع	al-sael
رمى	پرت	rami
الموجة	طوفان ناگهانی	al-mavja
الإحمرار	آبریز	al-ehmarar
الناي	مزمار؛ زماره	al-naye
التصفيق	اهتزاز	al-tasfigh
الذبابة	مگس؛ پرواز کردن	al-zababa
المهرة	خرک	al-mahra
الرغوة	کف کردن؛ جوش وخروش	al-roghua
العلف	علوفه؛ علیق	al-alaf
الضباب	میغ؛ مه گرفتن	al-zabab
ضبابي	میغی؛ مهآلود	zababi
ورق القصدير	زرورق؛ عقیم گذاردن	varagh alghasdir
الطيّة	خم؛ چروک	al-tayya
الخضرة	شاخ و برگ	al-khazara
القوم	قوم وخویش	al-ghom
المسامّ	برگه	al-masam
المتابعة	زیر، بعدی	al-mataba
الحماقة	نابخردی؛ ابلهی	al-hamagha
مولع	علاقه‌مند	mavla
الولع	علاقه؛ خاتر خواهی	al-vala
المواد الغذائية	موادغذایی	al-mavad alghazaia
الأحمق	احمق	al-ahmagh
بحماقة	احمقانه؛ سفیهانه	behamagha
الغباوة	حماقت؛ سفاهت	al-ghabava
القدم	پا	al-ghadam
كرة القدم	فوتبال	kart alghadam
موطئ القدم	جاپا؛ جای ثابت	muti alghadam
الموطئ	جای پا	al-muti
الآثار	ردپا	al-asar
الخطوة	جاپا؛ گام برداری	al-khotua
ل	برای	lam
محرّم	ممنوع کردن	moharram
القوة	نیرو؛ اجبار	al-ghua
المبضع	انبر جراحی	al-mabza
بالقوّة	عنفا؛ مجبوراً	balghvva
فورد	فرد؛ گدار	ford
الأسلاف	اجداد	al-aslaf
السبّابة	سبابه؛ انگشت شهادت	al-sabbaba
الطليعة	صف جلو	al-talia
المقدمة	پیشصحن	al-maghadma
الجبهة	پیشانی؛ منصه	al-jabha
أجنبي	خارجی	ajnabi
الأجنبي	خارجی	al-ajnabi
فورمان	فورمن؛ سرکارگر	fureman
أوّل	جلوترین؛ دردرجه نخست	avval
المتقدم	پیشرو؛ پیشگام	al-moteghaddem
الحدس	پیش اندیش	al-hads
البصيرة	ابصار؛ پیش اندیشی	al-basira
الغابة	جنگل	al-ghabea
علم الغابات	جنگلداری؛ جنگلبانی	elm alghabat
الفكرة السابقة	آزمایش قبلی	al-fakarat alsabgha
تنبّأ	نبوت کردن؛ پیشگوئی کردن	tanabba
كور الحداد	جعل کردن	kur alhdad
المزور	جاعل؛ جعل کننده	al-mozavver
التزييف	جعل؛ سند سازی	al-tazif
إنس	فراموش کردن	ens
كثير النسيان	فراموشکار؛ کم حافظه	kasir alnesyan
إغفر له	آمرزیدن؛ عفو کردن	eghfar le
مغفور ل	آمرزیده	maghfur lam
المغفرة	عفو؛ بخشش	al-maghafra
الشوكة	چنگال	al-shuka
يائس	مهجور؛ بی کس	yaes
الشكل	فرم، تشکیل دادن	al-shekl
شكلي	رسمی	shekli
الشكلية	تکلف؛ رسمیت	al-shaklia
رسميا	رسما	rasmia
الصيغة	قالب	al-sigha
الأول	سابق؛ پیشین	al-avl
سابقا	قبلاً	sabeghan
صغ	فرموله کردن	sagh
فصاعدا	رو به جلو	fasada
قادم	قریب‌الوقوع	ghadam
التحصين	تقویت؛ حصار	al-tahsin
حصّن	مستحکم کردن؛ سنگربندی کردن	hassan
الإسبوعان	دوهفته	al-esbuan
مرة كل إسبوعين	دو هفتگی	mart kol esbuin
محظوظ	خوش شانس	mahzuz
لحسن الحظ	خوشبختانه	lahsan alhaz
الثروة	طالع؛ فال	al-sorua
أربعون	چهل	arbaun
المنتدى	انجمن	al-mantadi
يعزز	جلو	yaazaz
أمامي	جلو	amami
المهاجمون	به پیش	al-mahajemun
متحجّر	فسیل	motehajjer
المؤسس	بنیانگذار	al-moasses
التأسيس	تشکیل دهنده	al-tasis
اللقيط	لقیط	al-laghit
المسبك	چدن ریزی	al-masbak
النافورة	چشمه	al-nafura
أربعة	چهار	arba
أربعة عشر	چهارده	arbat ashr
الربع	چهارم	al-rob
الطير	پرنده	al-tir
مرتكب الخطأ	شکارچی پرندگان	mortakeb alkhata
الثّعلب	روبه؛ روباه بازی کردن	al-salab
الكسر	کسر، بخش کوچک	al-kasr
قابلية الكسر	تردی؛ زودشکنی	ghablit alkasr
الجزء	تکه	al-jaz
متجزأ	ریز شده؛ جزء جزء	matajaza
العطر	عطر؛ نکهت	al-atr
معطّر	معطر؛ خوشبو	moattar
الإطار	شاسی؛ قاب کردن	al-etar
الهيكل	چارچوب	al-heykal
فرنسا	فرانسه	farnsa
فرانك	فاش؛ فرانک	faranak
بصراحة	رک و راست	besaraha
الصراحة	رک گوئی	al-saraha
مسعور	دیوانه وار	masur
بشكل مسعور	دیوانه وار	beshekl masur
الأخوة	اخوت؛ مجمع اخوت	al-akhua
النزوة	ناقصالخلقه	al-nozua
حرّ	آزاد کردن؛ آزاد، رایگان	harr
الحرية	آزادی	al-haria
الملك الصرف	مالکیت مطلق؛ ملک موروثی	al-malak alsarf
بحرية	آزادانه	beharia
الماسوني	فراماسون؛ فراماسیون	al-masuni
الماسونية	فراماسیونی	al-masunia
الأحرار	آزادگان	al-ahrar
الإنجماد	یخبندان؛ منجمد کردن	al-enjamad
الفرنسيون	فرانسوی؛ زبان فرانسه	al-farnsyun
الهيجان	شوریدگی؛ شوریده کردن	elahijan
التردد	تناوب؛ بسامد	al-taraddod
متكرّر	مکرر	motekarrer
كثيرا	اغلب؛ مکرراً	kasira
جديد	تازه	jadid
الطراوة	تازگی؛ شادابی	al-tarava
الحنق	هایهو کردن؛ جور بجور کردن	al-hangh
الإحتكاك	مالش؛ اصطکاک	al-ehtakak
الجمعة	جمعه	al-jama
الثلاجة	یخچال	al-salaja
مقلي	سرخ کرده	maghli
الودّية	خوش مشربی	al-vaddia
ودّي	دوستانه	vaddi
الصداقة	یاری؛ دوستی	al-sadagha
الفرقاطة	فرقت	al-farghata
خوّف	هراسانیدن؛ ترساندن	khvvaf
التخويف	ارعاب؛ وحشتناک	al-takhvif
بارد	خنک	barad
طائش	سبکسر؛ بیهوده وبیمعنی	taash
بشكل طائش	سبکسرانه	beshekl taash
الفستان	فراک؛ لباس اسموکینگ	al-efestan
الضفدع	قورباغه	al-zafda
مرح	ورجه ورجه کردن	marh
من	از	man
فروست	شبنم؛ سرماریزه	forust
التجّهم	اخم؛ اخم کردن	al-tajjaham
مجمّد	منجمد؛ منجمده	mojammad
الفاكهة	میوه	al-fakha
مثمر	بارور؛ زاینده	mosmer
الإثمار	تمتع؛ کامرانی	al-esmar
غير مثمر	بی بر؛ بی میوه	gheyr mosmer
محبط	ناامید	mahbat
الوقود	سوخت؛ سوختی	al-voghud
الهارب	گریخته؛ فراری	al-hareb
فقدان الذاكرة	نوعی آلت	feghdan alzakra
الإمتلاء	پری؛ سیری	al-emtala
دوام كامل	تمام وقت	davam kamel
التحسّس	کورمالی	al-tahassos
المرح	سرگرم کننده؛ سرگرمی	al-marh
الوظيفة	وظایفه؛ کار افتادن	al-vazifa
وظيفي	کاربردی	vazifi
أساسي	اساسی؛ سازمانی	asasi
أساسا	اساساً	asasa
جمع التبرعات	جمع‌آوری کمک مالی	jam altabarroat
الجنازة	مراسم خاکسپاری	al-janaza
القمع	قیف؛ قیفی شکل	al-gham
مضحك	خنده‌دار	mozhek
الفراء	پوست؛ خز	al-fara
الفرن	تون؛ تنور	al-faran
أثّث	تهیه کردن؛ دارای اثاثه کردن	assas
الأثاث	مبلمان	al-asas
مغطى بالفرو	خزدار؛ خزپوش	maghti balfru
علاوة على ذلك	وانگهی؛ دیگراینکه	alavt ali zalek
مخفي	زیر جلی	makhfi
المصهر	فتیله؛ گداختن	al-mashar
الوابل	شلیک متوالی	al-vabel
الإنشطار	ذوب؛ گداز	al-enshatar
الإهتمام	هیاهو؛ ولوله	al-ehtamam
عقيم	بیهوده؛ باطل	aghim
العبث	عبثی؛ بیهودگی	al-abas
المستقبل	آینده	al-mostaghbel
الكمامة	شیرین کاری	al-kamama
المكسب	انتفاع؛ جلب کردن	al-maksab
المشية	مشی؛ گام برداشتن	al-mashia
المجرة	کهکشان	al-majra
الصفراء	زرد آب	al-safra
الشهم	زن باز؛ دلاوری کردن	al-sheam
الكياسة	زن نوازی	al-kiasa
السفينة	رانکا؛ رامکا	al-safina
الغالون	گالن	al-ghalun
الركض	تاخت؛ چهارنعل	al-rakz
المشنقة	دار؛ صلابه	al-mashangha
المقامرة	قمار کردن؛ قماربازی کردن	al-maghamra
المقامر	قمارباز؛ مهرهباز	al-maghamer
القمار	قمار	al-ghomar
اللعبة	بازی	al-laba
اللعب	بازی	al-laeb
العصابة	گام برداری	al-asaba
العقدة	غده لنفاوی	al-aghda
الغنغرينا	قانقاریا	al-ghanaghrina
الفجوة	شکاف	al-fojua
المرآب	گاراژ؛ در گاراژ گذاردن	al-marab
الزيّ	طرز رفتار؛ لباس پوشانیدن	al-zayy
الحديقة	باغ	al-hadigha
البستاني	باغبان	al-bostani
البستنة	باغبانی؛ سبزیکاری	al-basatna
الثوم	سیر	al-sum
الكساء	جامه؛ ملبوس	al-eksa
الحامية	ساخلو؛ پادگان	al-hamia
الرباط	بند زدن	al-robat
الغاز	گاز	al-ghaz
غاسكوني	گاسگن؛ لاف زن	ghaskuni
متبجح	گاسگن؛ لاف زن	motebajjeh
غازي	گازدار؛ گازی	ghazi
الجرح البليغ	شکافدار کردن؛ مقاربت جنسی	al-jarh albaligh
ضوء الغاز	گاز سوز؛ شعله گاز	zau alghaz
الغازولين	بنزین؛ گازولین	al-ghazulin
اللهيث	نفس بریده	al-lahis
معوي	معدی	mauye
البوّابة	دروازه	al-bavvaba
الإجتماع	گردهمایی	al-ejtama
المقياس	اندازهگیر	al-meghiyas
نحيف	زننده ساختن	nahif
الشاش	گاز؛ تنزیب	al-shash
اللوطي	همجنس‌گرا	al-luti
النظرة	خیره شدن	al-nazara
الجريدة الرسمية	مجله رسمی	al-jaridat alrasmia
الترس	دنده، تجهیزات	al-tars
الجيلاتين	ژلاتین؛ سریشم	al-jilatin
هلامي	ژلاتینی	halami
الحجر الكريم	جواهر نشان کردن؛ سنگ گران بها	al-hajar alkarim
الجنس	جنسیت	al-jens
الجين	ژن	al-jin
الجنرال	عمومی	al-jeneral
الجيل	تولید؛ زاد	al-jil
منتج	تولیدی؛ نسلی	montaj
عام	عمومی	am
كريم	کرام؛ کریم	karim
بسخاء	سخاوتمندانه؛ بی دریغ	besakha
التكوين	تکوین؛ طرز تشکیل	al-takvin
وراثي	ژنتیکی	vorrasi
جنيف	ژنو	janif
بشاشة	خوش معاشرتی	beshashea
لطف	خوش معاشرتی	lotf
العبقري	نابغه	al-abghari
الإبادة الجماعية	نسل‌کشی	al-ebadat aljamaia
غير اليهود	غیر کلیمی	gheyr alyahud
الرجل المحترم	جنتلمن؛ سمیو	al-rajol almohtaram
نبيل	آقامنشانه؛ آقامنش	nabil
اللطافة	ملایمت؛ نرمی	al-latafa
السيدة	زن نجیب؛ زن باتربیت	al-sida
بلطف	بارامی؛ نرم نرم	belotf
أصيل	واقعی	asil
حقّا	واقعاًً	hagha
جغرافي	جغرافیایی	joghrafi
الجغرافية	جغرافیا	al-jaghrafia
علم طبقات الأرض	زمینشناسی؛ معرفت الارظ	elm tabaghat alarz
هندسي	هندسی	hendesi
جورجيا	گرجستان	jorjiya
الجورجي	گرجی؛ گرجستانی	al-jorji
الجرثومة	میکرب؛ جرثومه	al-jarsuma
الألماني	آلمانی؛ زبان آلمانی	al-alemani
ألماني	آلمانی؛ ژرمنی	alemani
ألمانيا	آلمان	almania
الإستنبات	جوانه زنی؛ جوانه زایی	al-estanbat
البادرة	اشاره	al-badra
أصبح	گرفتن	asbah
الشبح	روح؛ شبح	al-shabah
العملاق	غول؛ نرهغول	al-amlagh
الإستهزاء	طنز گفتن؛ باطعنه استهزاء کردن	al-estahaza
الهدية	هدیه	al-hadia
موهوب	خدا داده	mohub
الحفلة	کنسرت	al-hafla
عملاق	غول پیکر	amlagh
ذهبي	مطلا	zahbi
المثقب	گردبر؛ سوراخ کننده	al-masghab
الجنّ	جینی؛ جین	al-jann
الزنجبيل	زنجبیل	al-zanjabil
الصديقة	دوست دختر	al-sadigha
بناتي	دختروار	benati
الطوق	ابعاد؛ قطر شکم	al-tugh
الفحوى	نکته مهم؛ لب کلام	al-fahva
أعط	دادن	at
مسرور	خوشحال	masrur
بسرور	بخشنودی	besarvar
اللمحة	نگاه اجمالی	al-lamha
الغدّة	غده؛ دشبل	al-ghadda
غدّي	غدهای	ghaddi
الوهج	درخشندگی زیاد	al-vahj
الزجاج	شیشه، لیوان	al-zojaj
أكثر شبها بالزجاج	زجاجی	aksar shabha balzajaj
مزجّج	لعابی؛ لعابدار	mozajjaj
الإنزلاق	نرم رفتن؛ آسان رفتن	al-enzalagh
اللمعان	ظهور آنی	al-laman
غليتر	سوسو؛ تلالو	gholitar
عالمي	جهانی	alemi
العولمة	جهانی‌سازی	al-aulma
الكرة الأرضية	کره زمین	al-kart alarzia
كروي	گلبولوار؛ گوی مانند	koravi
الغمّ	عبوس بودن	al-gham
مجّد	تکریم کردن؛ تجلیل کردن	majjad
مجيد	باشکوه	majid
المجد	شکوه	al-majd
لمّاع	لعابی؛ لعابدار	lama
فتحة المزمار	چاکنای	fathat almezmar
القفاز	دستکش	al-ghafaz
إلتصق	چسباننده	eltasgh
الشراهة	پر خوری؛ شکم پرستی	al-sharaha
إذهب	رفتن	ezhab
الثقب	سک	al-saghb
حارس المرمى	گلر	hares almarmi
العنزة	بز؛ بزغاله	al-anaza
يلتهم بسرعة	لپ لپ خوردن	yalteam besara
اللّه	خدا	al-lah
إلهة	الهه؛ دارگونه	elha
الأب الروحي	پدر تعمیدی؛ نام گذاردن بر	al-ab alruhi
تقي	خداشناس؛ الاهی	taghi
إلهي	خداشناس؛ الاهی	elei
الأم الروحية	مادر خوانده	al-am alruhia
معدن الذّهب	طلا، طلایی	moedan alzzahb
غولف	گلف	ghulf
جالوت	جالوت؛ جلیات	jalut
جيّد	خوب؛ خوبی، نیکی	jayyad
مع السّلامة	خداحافظ	ma alssalama
وداعاً	خداحافظ	vedaan
النيّة الحسنة	سر قفلی	al-nayyat alhasana
الأوزّة	غاز؛ هیس	al-avzza
الغوريلا	گوریل	al-ghurila
دموي	لختهشده؛ جنایت آمیز	demoye
الخيط الرقيق	بند شیطان؛ لعاب خورشید	al-khit alraghigh
قوطي	زبانگوتیک	ghuti
جرماني	زبانگوتیک	jeremani
الحفارة	مغار؛ اسکنه جراحی	al-hafara
النقرس	نقرسی؛ نقرس	al-neghres
إحكم	حکومت کردن؛ فرمانداری کردن	ehkam
الحكم	حاکمیت	al-hakam
المعلّمة	مدیره؛ زنحاکم	al-maallama
الحكومة	دولت	al-hakuma
حكومي	دولتی؛ حکومتی	hokumi
الحاكم	استاندار	al-hakem
الرداء	خرقه؛ لباس شب	al-rada
المسكة	چنگ انداختن؛ بچنگال گرفتن	al-maska
غرايس	ظرافت	gharayes
مترف	توفیق دهنده؛ فیض بخش	matraf
تدريجي	تدریجی	tadriji
بشكل تدريجي	بمرور؛ متدرجا	beshekl tadriji
الخريج	آموخته؛ مدرج کردن	al-kharij
مطعّم	پیوندی	motaam
الغرام	گرم	al-gharam
القواعد	دستور؛ گرامر	al-ghavaed
قواعدي	دستوری؛ صرفی	ghavaedi
متحذلق	گزاف گوی	matahzalgh
الجدة	مادربزرگ	al-jada
الحفيد	پسر دختر؛ پسر پسر	al-hafid
جرانت	عطا؛ اعطاء	jaranat
حبيبي	دانهدار؛ دانه ای	habibi
العنب	انگور؛ عنب	al-anb
الرسم البياني	نمودار؛ گراف	al-rasam albayani
تخطيطي	گرافیکی	takhtiti
الرسومات	گرافیک	al-rosumat
الفهم	گرفتن، درک کردن	al-efeam
العشب	چمن	al-ashb
الأرض المعشبة	علفزار؛ سبزه زار	al-arz almaashba
معشوشب	پرچمن؛ علفی	mashushb
ممتن	ممنون؛ شکور	mamtan
الإرضاء	سر بلندی	al-erza
أرض	مفتخر کردن؛ بوجد آوردن	arz
الإمتنان	سپاسگزاری؛ شکران	al-emtanan
القبر	قبر، جدی	al-ghabr
الحصوة	شن؛ ریگ	al-hosua
الجاذبية	قوه جاذبه	al-jazbia
رمادي	خاکستری رنگ	ramadi
أشيب	خاکستری رنگ	ashib
دهني	چرب؛ روغنی	dahani
عظيم	عالی، بزرگ	azim
اليونان	یونان؛ کشور یونان	al-yunan
الطمع	حرص؛ طمع	al-tama
بطمع	حریصانه	betama
طمّاع	پولکی؛ حریصانه	tama
اليوناني	یونانی	al-yunani
الأخضر	سبز	al-akhzar
البيت الزجاجي	گلخانه	al-biyat alzojaji
التحية	تهنیت؛ درود	al-tahyyoa
الشبكة	شبکه	al-shabka
الحزن	اندوه	al-hazan
إحزن	محزون کردن؛ غصه دادن	ehzan
شديد	اندوه آورد	shadid
متجهم	عبوس؛ عبوسانه	matjeam
التجهم	شکلک	al-tajeam
الوساخة	رجاست؛ چرک سیاه کردن	al-vasakha
التكشيرة	نیشخند	al-takshira
الطحن	آسیاب کردن	al-tahan
المطحنة	کوبنده؛ لهکننده	al-matahana
الحصباء	ماسه سنگ	al-hasba
جرز	شن دار؛ ریگ دار	jerz
الأنين	فغان	al-anin
البقال	عطار؛ بقال	al-baghal
البقالة	خواربار	al-baghala
الأربية	دوطاقه کردن؛ بیخ ران	al-arbia
الأخدود	شیار؛ خط انداختن	al-akhdud
التلمّس	کورمالی	al-talammos
المجموع الإجمالي	ناخالص	al-majmu alejmali
البستان	بیشه؛ شاخسار	al-bestan
إنم	رشد کردن	enm
الهدير	خرخر کردن	al-hadir
النمو	رشد	al-nemovv
الحقد	کینه؛ غرض	al-heghd
الشنيع	وحشت آور؛ نفرت انگیز	al-shani
التذمّر	غر؛ ژکیدن	al-tazammor
حاد الطبع	بد خلق؛ بد خو	had altab
الضمان	التزام؛ ضمانت	al-zeman
ولي الأمر	سرپرست؛ متکفل	vali alamr
الوصاية	سرپرستی؛ قیمومیت	al-vasayea
الفدائي	چریک	al-fadai
الضيف	مهمان	al-zif
القهقهة	خنده بلند؛ قاه قاه	al-ghahaghha
النقابة	سنخ؛ صنف	al-naghaba
الذنب	احساس گناه	al-zanb
مذنب	مرتکب؛ مقصر	maznab
غينيا	گینه؛ مرغ شاخدار	ghinia
المظهر	لباس مبدل	al-mazhar
القيثارة	گیتار	al-ghisara
المريئ	مری	al-marii
المجرى	آبکند؛ دره کوچک	al-mojri
اللثة	صمغ؛ چسب	al-lasa
البندقية	اسلحه	al-banadghia
المدفعي	توپچی؛ تیر انداز	al-madfai
البارود	باروت	al-barud
الطلق الناري	تیر رس؛ زخم گلوله	al-telgh alnari
الغرغرة	غلغل؛ شرشر	al-gharaghra
الهبّة	باد ناگهانی؛ بادتند وشدید	al-habba
الوتر	روده، شهود	al-otar
الصوت الأجشّ	حلقی؛ گلوئی	al-sot alajsh
الرّجل	مرد	al-rajl
الجمنازيوم	باشگاه ورزشی	al-jamnazyom
الجمباز	ژیمناستیک	al-jambaz
غجري	کولی؛ غربتی	ghajri
إعتياديا	عادتا	etiadia
المأجور	نویسنده مزدور؛ درشکه کرایه	al-majur
الشعر	مو	al-sher
بلا شعر	بیمو؛ کم مو	bala sher
مشعر	مویی؛ مودار	mosher
النصف	نصف	al-nesf
نصف الطريق	در نیمه راه	nesf altarighe
الصّالة	سالن	al-sala
الهالة	هاله؛ هآاله بستن	al-halea
التوقّف	توقف، متوقف کردن	al-tavaghof
لحم الخنزير	ژامبون؛ گوشت ران	lahm alkhanzir
المطرقة	چکش؛ پتک	al-matargha
السلة	بی نتیجه کردن	al-sala
اليدّ	دست	al-yadd
الحفنة	مشت	al-hafna
معاق	فلج	maagh
العمل اليدوي	کاردستی	al-amal alyaduye
المنديل	دستمال	al-mondayel
المقبض	دسته؛ ادارهکردن	al-maghbaz
المعالجة	رسیدگی	al-maalja
الكتابة اليدوية	خط؛ دستخط	al-katabat alyadvia
علّق	آویختن؛ دار زدن	allagh
هانوفر	هانوور	hanufar
إحدث	اتفاق افتادن	ehdas
بسعادة	با خوشحالی	besaada
سعيد	خوشحال	said
الميناء	بندرگاه؛ لنگرگاه	al-mina
التصلّب	تصلب	al-tasallob
من غير المحتمل	به‌سختی؛ تقریباً نه	man gheyr almohtamel
القسوة	سختی؛ صلابت	al-ghosua
المشقّة	مصیبت؛ تنگی	al-moshagha
عتاد حاسوبي	سخت‌افزار	atad hasubi
أجهزة	سخت‌افزار	ajhaza
الأرنب البري	خرگوش؛ دراز گوش	al-arnab albari
الأذى	آزار؛ آسیب	al-azi
ضارّ	موذیانه؛ مضر	zarr
غير مؤذي	بیگزند؛ بی آزار	gheyr mozi
منسجم	همساز	monsajem
أرغن هندي	گارمن	arghan hendi
هارمونيوم	گارمن	harmunyom
نسّق	موافق کردن؛ متناسب بودن	nassagh
الإنسجام	هماهنگی	al-ensajam
اللجام	دهنه؛ تارکش	al-lejam
عازف القيثارة	چنگزن	azef alghisara
هارفارد	هاروارد	harfarad
الحصاد	برداشت	al-hasad
الإستعجال	شتاب؛ عجله	al-estajal
بعجالة	باشتاب؛ شتابان	beajala
مستعجل	تند؛ عجول	mostajel
القبعة	کلاه	al-ghaba
حقود	کینه آمیز؛ تنفر آور	hoghud
متغطرس	متکبرانه؛ مستکبر	mataghtaras
المزار	تسخیر کردن	al-amzar
يملك	داشتن؛ داشتن (فعل کمکی)	yamlak
لديه	داشتن؛ داشتن (فعل کمکی)	ladiye
يجب أن	مجبور بودن (فعل کمکی)	yajb an
مضطر إلى	مجبور بودن (فعل کمکی)	moztar eli
هاواي	هاوایی	havaye
القشّ	یونجه؛ علف خشک	al-ghash
السديم	مغموم بودن؛ مه کم	al-sadim
هو	او (مرد)	hu
الصداع	سردرد	al-sada
غطاء الرأس	آرایش سر؛ آرایش مو	ghata alras
العنوان الرأسي	سرساز؛ درساز	al-onvan alrasi
العنوان البارز	سرصفحه	al-onvan albarez
متهور	سربجلو؛ شیرجه رونده	motehavver
المقر	ستاد مرکزی	al-magharr
أشف	التیام یافتن	ashf
الشفاء	بهبود؛ التیام	oshafa
الصحة	سلامتی	al-saha
رعاية صحية	مراقبت‌های بهداشتی	raayet sahia
صحّي	سالم	sahhi
الكومة	توده؛ خرمن	al-kuma
إسمع	شنیدن	esma
السامع	شنونده؛ سمیع	al-same
الجلسة	محاکمه؛ سمع	al-jalasa
القلب	قلب	al-ghalb
الموقد	کوره کشتی؛ کف منقل	al-mavghad
بمودة	از ته دل	bemavda
الحرارة	گرما، گرم کردن	al-harara
المرج	تیغستان	al-marj
السماء	بهشت	al-sama
سماوي	آسمانی؛ سماوی	samavi
عبري	یهودی؛ عبری	abri
الهكتار	هکتار	al-hektar
الإنتباه	رعایت؛ توجه کردن	al-entabah
الوريث	وارث؛ ارث بر	al-varis
الوريثة	وارثه	al-varisa
هيلينا	هلنا	hilina
المروحية	هلیکوپتر	al-maruhia
الجحيم	درک؛ دوزخ	al-jahim
جهنمي	جهنمی	jahannami
مرحبا	سلام	marahba
الخوذة	کلاه ایمنی	al-khuza
الحاشية	لبه؛ کناره دار کردن	al-hashia
نصف الكرة الأرضية	نیمکره؛ نیم گوی	nesf alkart alarzia
لذلك	بنابراین	lazlak
من الآن فصاعدا	منبعه؛ زین سپس	man alan fasada
كبدي	کبدی	kabedi
إياها	او (مفعول)، مال او (وابسته)	eyaha
لها	او (مفعول)، مال او (وابسته)	laha
المنادي	جارچی	al-manadi
العشبة	گیاه	al-ashba
هرقل	هرکول	harghal
هنا	اینجا	hana
بموجب هذا	بدینوسیله	bemojeb haza
البدعة	ارتداد؛ الحاد	al-bada
التراث	میراث	al-taras
الناسك	منزوی؛ کهبد	onnasak
الفتق	باد فتق	al-fatgh
بطولي	حماسی؛ پهلوانانه	betuli
بشكل بطولي	پهلوانانه	beshekl betuli
البطلة	شیرزن	al-batala
نفسه	خودش (زن)	nafase
تردّد	تامل کردن؛ تردد کردن	taraddod
يا	هی	ya
الجلد	پنهان کردن	al-jeld
التدرج	سلسله مراتب	al-tadarroj
رمز هيروغليفي	هیروگلیف	ramz hirughlifi
المستوى العالي	بالا؛ بالا، بلند	al-mostavi alali
السمو	جناب؛ والاحضرت	al-samu
رفيع المستوى	برجسته	rafi almostavi
الطريق السريع	بزرگراه	al-tarighe alsari
التلّ	تپه	al-tall
الرابية	گریوه؛ هذلول	al-rabia
سفح التل	دامنه کوه؛ سرازیری تپه	safh altal
إياه	او (مفعول)	eyah
أعق	عقبی؛ موخر	agh
المفصلة	لولا؛ منوط بودن	al-mafsla
التلميح	اشاره، اشاره کردن	al-talmih
الورك	باسن	al-varak
التأجير	کرایه کردن؛ مزدور کردن	al-tajir
له	مال او (مرد)	le
خاصته	مال او (مرد)	khasete
علم الأنسجة	بافت شناسی	elm alansja
المؤرخ	تاریخ‌دان	al-maorakh
تأريخي	تاریخی	tarikhi
الضربة	ضربه زدن، ضربه	al-zarba
أقرب	به اینجا	aghrab
حتى الآن	تاکنون؛ تابحال	hatta alan
خلية النحل	مرکز تجمع	khalit alnahl
خلايا النحل	کهیر	khalaya alnahl
الكنز	احتکار کردن	al-kanz
الهواية	سرگرمی	al-havayea
الهوكي	هاکی	al-huki
الحامل	حامل؛ دارنده	al-hamel
الفتحة	سوراخ	al-fatha
العطلة	تعطیلات	al-atala
القدسية	تقدس؛ لقب پاپ	al-ghadsia
هولندا	هلند	hulnada
المقدّس	مقدس؛ مطهر	al-moghaddas
البيت	خانه؛ در خانه	al-biyat
الوطن	میهن	al-vatan
المشرّد	بی‌خانمان	al-mosharrad
بيتي	مثل خانه؛ فاقد جمال	beyti
العزبة	مزرعه رعیتی	al-azba
بإتجاه البيت	به‌طرف خانه	betjah albiyat
الواجب البيتي	تکالیف	al-vajeb albeyti
متجانس	متجانس؛ همجنس	motejanes
شاذّ جنسيا	کونی؛ همجنسباز	shazz jansia
بأمانة	درستکارانه	bamana
الأمانة	صداقت	al-amana
العسل	عسل؛ شهد	al-asal
شهر العسل	ماهعسل؛ ماه عسل رفتن	shahr alasal
الشرف	افتخار؛ احترام	al-sharaf
الفخامة	گرامی؛ شریف	al-fakhama
هود	کاپوت؛ باشلق	hud
مقنّع	کروک دار	moghanna
الحافر	سنب؛ باسم زدن	al-hafer
الخطّاف	قلاب؛ قلاب کردن	al-khattaf
هوكير	جیب بر؛ قلاب انداز	hukir
الأمل	امید؛ امید، امیدوار بودن	al-aml
على أمل	امیدوارانه	ali aml
نأمل أن	امیدوارانه	naml an
بشكل يائس	نومیدانه	beshekl yaes
الأفق	افق	al-afgh
أفقي	ترازی؛ افقی	afghi
مقرّن	شاخدار؛ شاخی	mogharran
مروّع	نفرت انگیز	moravva
روّع	بهراس انداختن؛ به بیم انداختن	ravva
الرعب	مورمور؛ دهشت	al-rob
الحصان	اسب	al-hasan
مضياف	غریب نواز؛ مهمان نوازانه	maziaf
المستشفى	بیمارستان	al-mostashefi
المضيّف	میزبان؛ مهمان دار	al-mozayaf
الرهينة	گروگان	al-rahina
الفندق	پانسیون	al-fandogh
المضيّفة	میزبان؛ زن مهماندار	al-mazyyafa
حار	داغ، گرم	har
بشكل حار	باگرمی؛ به‌طور گرم	beshekl har
كلب الصيد	تازی؛ پاپی شدن	kalb alsid
التدبير المنزلي	خانه داری؛ اداره منزل	al-tadbir almanzeli
ربّة البيت	کدبانو؛ سوزن دان	rabbat albiyat
كيف	چگونه	keyf
على أية حال	با این حال	ali ayt hal
العواء	زوزه؛ زوزهکشیدن	al-ava
الحضنة	بغل کردن؛ در آغوش گرفتن	al-hazana
الدندنة	زرزر؛ زمزمه کردن	al-danadna
الإنسان	انسان، انسانی	al-ensan
إنساني	انسانی؛ بامروت	ensani
الإنسانية	انسانیت	al-ensania
متواضع	فروتن	motevaze
رطب	نمناک؛ مرطوب	rotab
مرطّب	نمناک؛ مرطوب	morattab
أذلل	تحقیر کردن؛ حقیر کردن	azlal
الإذلال	تحقیر آمیز	al-ezlal
تواضع	افتادگی؛ تواضع	tavazo
خشوع	افتادگی؛ تواضع	khoshu
الهمهمة	وزوز	al-hamahma
الفكاهي	لطیفهگو؛ فکاهی نویس	al-fokahi
بظرافة	بشوخی	bezarafa
الحدبة	قوز؛ کوهان	al-hadba
الأحدب	گوژپشت؛ قوز پشت	al-ahdab
مائة	صد	maea
معلّق	آویخته	moallagh
الهنغاري	مجار؛ مجاری	al-hanghari
هنغاريا	مجارستان؛ هونگاری	hangharia
الجوع	گرسنگی	al-ju
جائع	گرسنه	jae
هنتر	شکارچی؛ صیاد	hantar
الصيّاد	شکار باز؛ شکار گردان	al-sayyad
مقذوف	پرتابه	maghzuf
الإعصار	توفان؛ تندباد	al-esar
العجلة	عجله؛ شتابزدگی	al-ajala
الصمت	مخفی نگاهداشتن	al-samat
الهيدرة	مار آبی	al-hidra
ميّه	هیدارت	mayyah
هيدروليكي	هیدرولیک	hidroliki
الهيدروجين	هیدروژن	al-hidrujin
الترتيلة	سرودروحانی؛ سرود خواندن	al-tartila
شديد الحساسية	خیلی حساس	shadid alhasasia
الوسواس	مراق	al-vasvas
النفاق	زرق؛ نفاق	al-nefagh
المنافق	ریاکار؛ سالوس	al-monafegh
تحت الجلد	زیرپوستی؛ تحت الجلدی	tahte aljeld
الفرضية	فرضیه	al-farzia
إفتراضي	فرضی؛ نهشتی	eftarazi
أنا	من	ana
الثلج	یخ	al-salj
آيس كريم	بستنی	ayas karim
مثلجات	بستنی	maslajat
الأيقونة	نماد	al-ayghuna
متجمّد	یخی؛ یخمانند	motejammed
بطاقة الهوية الشخصية	شناسنامه	betaghet alhavit alshakhsia
مثالي	ایده‌آل	mesali
مماثل	یکسان	mamasel
الهوية	هویت؛ مشابهت	al-havia
أيديولوجي	ایدئولوژیک	aydiyuluji
البلاهة	ابلهی؛ سبک مغزی	al-balaha
الأبله	احمق	al-able
عاطل	تنبل؛ عاطل	atel
التسيّب	تنبلی؛ بیکاری	al-tasyyob
العاطل	بیکاره؛ چرخ دلاله	al-atel
المعبود	بت؛ صنم	al-mabud
عبادة الأصنام	بت پرستی	abadat alasnam
إذا	اگر	eza
دنيئ	ناکس؛ نا اصل	danii
الجهل	نادانی	al-jahl
الجاهل	نادان؛ جاهل	al-jahel
أهمل	بیاعتنایی کردن؛ ندیده گرفتن	ahmal
غير شرعي	خلاف؛ حرام	gheyr shari
محظور	نا مشروع؛ مخالف مقررات	mahzur
إلينوي	ایلینوی	elinuye
الأميّة	نادانی؛ بیسوادی	al-amyya
أمّي	نادان؛ عامی	ami
غير منطقي	غیرمعقول؛ بی منطق	gheyr manteghi
منوّر	روشنکردن؛ درخشانساختن	monavvar
الإضاءة	تنویر؛ تذهیب	al-eza
خدّاع	غیر واقعی	khadda
الإيضاح	تصویرسازی؛ تصویر؛ مثال	al-eyzah
الصورة	تصویر	al-sura
تخيّل	تصور کردن	takhyyol
أبله	سبک مغز؛ کند ذهن	able
قلّد	تقلید کردن؛ متاسی شدن	ghallad
التقليد	ادا؛ تقلید	al-taghlid
نظيف جدا	خالص	nazif joda
غير ناضج	غیربالغ؛ نارسیده	gheyr nazej
بلا حدود	بی اندازه؛ بی قیاس	bala hodud
فوري	فوری؛ عاجل	fori
فورا	بلافاصله	foran
الغمر	غوطهوری	al-ghamr
المهاجر	کوچ نشین	al-mohajer
الوشاكة	مشرف بودن	al-vashaka
وشيك	قریب الوقوع	vashik
التعوّق	سکون؛ بی جنبشی	al-tavvogh
عديم الأخلاق	بدسیرت؛ بی سیرت	adim alakhlagh
خالد	ابدی؛ جاوید	khaled
منيع	مصون	mani
المناعة	ایمنی؛ مصونیت	al-manaea
العفريت	مرد جوان	al-afriyat
أضعف	معیوب کردن؛ زیان رساندن	azaf
إمنح	بهرهمند ساختن	emnah
نزيه	بی غرض؛ حق گو	naziye
النزاهة	بی نظری	al-nazaha
بشكل نزيه	بیطرفانه؛ بیغرضانه	beshekl naziye
غير قابل للعبور	بی گدار؛ نا گذرا	gheyr ghabel lalabur
حماسي	بسیار غیور	hamasi
غير منفعل	پوست کلفت	gheyr monfael
نفاد الصبر	ناصبور؛ ناصبوری	nafad alsabr
غير صبور	عجول؛ ناصبور	gheyr sabur
المعاقبة	استیضاح؛ اعلام جرم	al-maaghba
إدفع	مجبور ساختن؛ بر آن داشتن	edfa
الأولوية	امری	al-avlvia
لايدرك	نفهمیدنی؛ نامحسوس	laydarak
الإمبريالية	امپریالیسم؛ استعمار طلبی	al-embarialia
إستعماري	استعمار گرای؛ بهره جویانه	estamari
متجبّر	اماره	motejabber
غير شخصي	غیرشخصی؛ بی فاعل	gheyr shakhsi
الحافز	نیروی جنبش	al-hafez
أثيم	بدآئین؛ بی دین	asim
الزرع	جایگیری	al-zar
مزروع	مرکوز	mazru
التطبيق	پیاده‌سازی	al-tatbigh
ورّط	بهم پیچیدن	varrat
ضمني	ضمنی؛ تلویحی	zemni
ضمنيا	ضمنا؛ تلویحاً	zamnia
وقح	پررو؛ بی ادب	vaghh
الإستيراد	ورود؛ بهکشور آوردن	al-estirad
الأهمية	اعتبار؛ اهمیت	al-ahmia
مهم	مهم	mohem
الإستحالة	کار نشدنی؛ عدم امکان	al-estahala
مستحيل	غیر ممکن	mostahil
المنتحل	عیار؛ طرار	al-montahel
فقير	فقیرنشین	faghir
غير واقعي	غیر عملی	gheyr vaghei
الختم	تأثیر کردن؛ در ذهن جاگیر کردن	al-khatam
الإنطباع	طبع؛ تأثیر	al-entaba
قابل للتحوير	اثر پذیر؛ دهن بین	ghabel lalathvir
التّجنيد	اثر گذاری	al-tajnid
إسجن	زندانی کردن	esjan
السجن	حبس	al-sajan
غير محتمل	بعید؛ مستبعد	gheyr mohtamel
غير صحيح	ناشایسته؛ ناسره	gheyr sahih
تحسّن	بهبود بخشیدن	tahasson
التحسين	ترقی؛ بهبودی	al-thoseyn
مرتجل	بالبداهه؛ فی البدیهه	mortajel
قوّة الدفع	محرک آنی	ghavvat aldaf
مندفع	بلهوس	mondafe
ملوّث	ناپاک؛ ناخالص	molavvas
الشائبة	نجاست؛ ناپاکی	al-shaeba
عدم القابلية	عدم توانایی	adam alghablia
صعب الوصول	منیع؛ ممنوع الوصول	sab alvosul
التكاسل	ناکنش؛ بی کاری	al-takasol
غافل	غیر عمدی	ghafel
بشكل غير مقصود	ندانسته	beshekl gheyr maghsud
غير مستحسن	از مصلحت بدور است	gheyr mostahsan
غير ملائم	غیر مشمول	gheyr mollaam
لامفصلي	بی بند؛ بی مفصل	lamfasali
السهو	غافلی؛ ناپرهیزی	al-sahv
غير مسموع	نارسا؛ غیر مسموع	gheyr masmu
إفتتاحي	افتتاحی؛ گشایشی	eftatahi
التنصيب	افتتاح	al-tansib
غير محسوب	نا شمردنی	gheyr mahsub
عطّل	ناتوان ساختن؛ ناقابل ساختن	attal
مجسّد	متجسم؛ مجسمکردن	mojassad
حارق	آتش زا	haregh
البخور	عود؛ بخور خوشبو	al-bkhor
الإستهلال	درجه گیری	al-estahlal
البوصة	اینچ	al-busa
الحادثة	وقوع	al-hadsa
على سبيل المصادفة	ضمنا	ali sebil almasadfa
القواطع	ثنایا	al-ghavate
التحريض	تحریص	al-tahriz
الفضاضة	بی تمدنی	al-fazaza
الميل	عطف؛ تمایل	al-meyl
مميل	متمایل	mamil
متضمّن	شامل	motezammen
بضمن ذلك	شامل	bazman zalek
الإدراج	شمول	al-edraj
التستّر	نا شناس؛ بانام مستعار	al-tasattor
الدخل	دخل؛ درآمد	al-dakhl
عدم الموافقة	ناسازگاری؛ منافات	adam almavafgha
الغير متوافق	ناسازگار؛ نا موافق	al-gheyr motevafegh
العاجز	ناشایسته؛ نالایق	al-ajez
غير مفهوم	نامفهوم؛ نفهمیدنی	gheyr mafhum
لا يصدّق	غیر قابل تصور	la yasaddagh
غير حاسم	غیرقاطع	gheyr hasam
متعارض	بی تناسب	motearez
التضارب	نا استواری؛ نا سازگاری	al-tazarob
التقلب	عدمثبات	al-taghallob
الإندماج	تلفیق؛ یکی شدنی	al-endamaj
الفاسد	درست نشدنی؛ اصلاح ناپذیر	al-fased
جرّم	بگناهمتهم کردن؛ پاپوش درست کردن	jarram
الإحتضان	جوجه کشی؛ بر خوابش	al-ehtazan
صاحب المنصب	شاغل؛ مصدر کار	saheb almansab
العضول	بیدوا؛ لاعلاج	al-ozul
مدين	مدیون؛ بدهکار	modin
مخلّ بالآداب	گستاخ؛ شرمآور	makhall baladab
غامض	توصیف نشدنی	ghamez
غير محدد	غیرمشخص؛ نکره	gheyr mahdad
الإستقلال	استقلال	al-estaghlal
مستقل	مستقل	mostaghel
بشكل مستقل	مستقلا؛ بالاستقلال	beshekl mostaghel
متعذر وصفه	وصف ناپذیر؛ توصیف ناپذیر	moteazzer vasfe
راسخ	زوال ناپذیر؛ نابود نشدنی	rasekh
الفهرسة	فهرست سازی	al-faharasa
الهند	هند؛ هندوستان	elahand
الهندي	هندی؛ سرخ‌پوست	al-hendi
أشر إليه	حکایت داشتن؛ حاکی بودن	ashr eliye
دلالي	حاکی؛ اشارهکننده	dallali
المؤشر	شاخص	al-maoshar
الإتّهام	کیفرخواست	al-ettham
اللامبالاة	خونسردی؛ بی علاقگی	al-lambala
بلا مبالاة	خونسرد؛ بی اشتیاق	bala mabala
أصلي	بومی	asli
عسر الهضم	رودل؛ بدهزمی	asr alhazam
ساخط	خشمگینانه	sakhet
المذلّة	هتک آبرو	al-mozalla
غير مباشر	غیرمستقیم؛ ناراسته	gheyr mobasher
بشكل غير مباشر	غائبانه؛ به طور غیر مستقیم	beshekl gheyr mobasher
الطّيش	بی خردی	al-tish
لا غنى عنه	حتمی؛ صرفنظر نکردنی	la ghani ane
الفرد	فرد، فردی	al-fard
الفردية	فردیت؛ وجود فردی	al-fardia
بشكل منفرد	به‌طور انفرادی	beshekl monfared
كسول	کاهل	kosul
داخلي	زیر سقف	dakheli
في الداخل	در منزل	fi aldakhel
أقنع	تحریک کردن	aghna
الحثّ	القاء؛ استقراء	al-hass
إنغمس	افراط کردن	enghmas
الإنغماس	اغماض؛ مساهله	al-enghamas
متساهل	زیاده رو	motesahel
صناعي	صنعتی؛ اهل صنعت	sanai
دؤوب	کوشارو؛ کار کن	doovb
الصناعة	صنعت	al-sanaa
غير مؤثّر	بی اثر؛ بی نتیجه	gheyr moossar
غير نافع	بیاثربودن؛ غیر موثر	gheyr nafe
عدم الكفاءة	بی ظرفیتی؛ بی عرضگی	adam alkafa
غير مؤهّل	شامل نشدنی	gheyr moohhal
عدم المساواة	نابرابری	adam almasava
ظالم	غیر منصفانه	zalem
خامد	نا کار	khamed
الأمر الحتمي	اجتناب‌ناپذیر	al-amr alhatmi
حتما	ناگزیر	hatman
لا ينضب	تهی نشدنی	la yanazab
إنعدام الخبرة	بی تجربگی	enadam alkhabara
عديم الخبرة	ناشی؛ نپخته	adim alkhabara
سيئ السمعة	بدنام	siye alsama
الرضيع	نوزاد	al-razi
المشاة	پیاده؛ پیاده نظام	al-masha
أصب	آلوده کردن	asb
الإستدلال	استنباط	al-estadlal
الوضاعة	پستی؛ مادونی	al-vazaa
الأزل	لایتناهی؛ نامتناهی	al-azl
الكمّية المتناهية في الصّغر	بینهایت کوچک	al-kamit almatnahit fi alssaghr
اللا نهاية	نامحدودی	al-ala nahayea
الوهن	علیلی؛ نا توانی	al-vahan
قابل للاشتعال	آتشگیر؛ شعله ور	ghabel lalashatal
الإلتهاب	آماس؛ ورم	al-eltahab
تحريضي	ورمی؛ آماسی	tahrizi
التضّخم	تورم	al-tazzakham
أوقع	تحمیل کردن	avgha
الجريان	جریان بداخل	al-jariyan
مؤثر	بانفوذ	moasser
المعلومات	اطلاعات	al-malumat
أعلم	آگاهانیدن؛ آگاه کردن	alam
غير رسمي	غیر رسمی	gheyr rasmi
بشكل غير رسمي	به‌طور غیر رسمی	beshekl gheyr rasmi
البناء التحتي	زیرساخت	al-bana altahtei
إبتلع	درهیختن؛ داخل معده کردن	ebtal
تزلّف	خود شیرینی کردن	tazallof
المكون	جزء؛ جزء ترکیبی	al-makvan
إسكن	مسکون کردن؛ مسکن گزیدن	eskon
الإستنشاق	استنشاق؛ شهیق	al-estanshagh
إستنشق	استنشاق کردن؛ استشمام کردن	estanashgh
متأصّل	ذاتی	moteassel
أصلا	ذاتاً؛ به‌طور ذاتی	asla
رث	به ارث بردن	ras
إمنع	مهار کردن	emna
لا إنساني	نامردم؛ غیر انسانی	la ensani
لا إنسانية	نامردمی؛ غیرانسانی بودن	la ensania
وحشية	نامردمی؛ غیرانسانی بودن	vahashia
عدائي	دشمنانه	adai
الأولي	ابتدایی؛ آغازی	al-avli
أوليا	ابتدا	avlia
مستهلّ	آغاز کردن	masathall
التلقين	راهاندازی	al-talghin
المبادرة	ابتکار؛ ابداع	al-mabadra
إحقن	تزریق کردن	ehghan
الحقن	تزریق	al-haghan
إجرح	ناقص کردن؛ مجروح کردن	ejrah
تجريحي	مضر	tajrihi
الظلم	بی‌عدالتی	al-zalam
الحبر	جوهر	al-hebr
داخل البلاد	درون کشور؛ درون مرزی	dakhel albalad
النزيل	زندانی	al-nazil
الحانة	رباط؛ سرای	al-hanea
المصارين	قسمتهای داخلی	al-masarin
فطري	فطری؛ درون زاد	fetri
الداخل	داخله؛ باطنی	al-dakhel
أعمق	داخلی ترین	amagh
صاحب الحانة	صاحب مسافرخانه	saheb alhanea
البراءة	برائت؛ معصومیت	al-bara
بريء	منزه؛ روسفید	bari
إبداعي	نوآورانه	ebdai
التلقيح	تلقیح؛ مایه کوبی	al-talghih
غير صالح للعملية	غیردایر؛ عملناپذیر	gheyr saleh lalamalia
عديم المفعول	غیردایر؛ نادایر	adim almaful
غير مناسب	نابجا؛ نابهنگام	gheyr monaseb
غير منتظم	مفرط؛ غیر معتدل	gheyr mantazam
الإستفسار	استخبار	al-estafsar
مجنون	روانی؛ دیوانه	majnun
الجنون	جنون؛ دیوانگی	al-jonun
إكتب	محاط کردن؛ حکاکی کردن	ektab
الحشرة	حشره	al-hashara
غير آمن	غیرمحفوظ؛ ناامن	gheyr aman
عدم الأمان	تزلزل	adam alaman
عديم الحس	غیرمحسوس؛ غیر حساس	adim alhas
ادخل	وارد کردن	adkhal
الإدخال	درج	al-edkhal
داخل	داخل، درون	dakhel
المطلّع بشؤون	خودی	al-motalla beshoovn
الشارة	آرم؛ نشان رسمی	al-sharea
التفاهة	ناقابلی؛ ناچیزی	al-tafahoa
تافه	ناچیز؛ خفیف	tafe
منافق	بدونصمیمیت؛ بی صداقت	monafegh
الدسّ	ریشخند کننده	al-dass
أصرر	ابرام کردن؛ سماجت کردن	asrar
الإصرار	ابرام؛ سماجت	al-esrar
مصرّ	مصرانه؛ پافشار	masarr
الوقاحة	جسارت؛ وقاحت	al-vaghaha
عديم الذوبان	غیر محلول	adim alzuban
الأرق	بیخوابی؛ بدخوابی	al-argh
فتّش	بازرسی کردن	fattash
التفتيش	بازرسی	al-taftish
المفتش	بازرس	al-mofattesh
الإلهام	الهام	al-elham
ألهم	الهام کردن؛ ملهم کردن	aleam
ركّب	نصب کردن؛ کار گذاشتن	rakkab
القسط	قسط؛ علیالحساب	al-ghest
اللحظة	فوری	al-lahaza
بدلا من ذلك	به جای	bedela man zalek
الغريزة	غریزه	al-ghariza
المعهد	بنداد؛ انستیتو	al-mahad
مؤسساتي	نهادی	moassesati
مر	دستور دادن	mar
الأمر	دستورالعمل	al-amr
تعليمي	یاد دهنده	talimi
المدرب	مربی	al-madrab
الآلة	ابزار، ساز	al-ala
ذو دور فعّال	موثر	zu dur faal
التمرد	نافرمانی؛ سر پیچی	al-tmard
القصور	نارسائی؛ نابسندگی	al-ghosur
غير كافي	ناکافی	gheyr kafi
معزول	جزیرهای؛ غیر آزاد	mazul
العزل	عایق	al-azl
التأمين	بیمه	al-tamin
أمّن	بیمه کردن؛ بیمه بدست آوردن	amn
التمرّد	یاغی گری	al-tamarrod
سليم	دست نخورده	salim
الكمية	مصرف	al-kamia
الحاجة المعنوية	لمس ناپذیر؛ درک نکردنی	al-hajet almanvia
تكاملي	جدایی ناپذیر	takamoli
متكامل	یکپارچه	motekamel
التكامل	یکپارچگی	al-takamol
الفكر	خرد؛ عقل	al-fekr
المثقّف	روشنفکر؛ فکری	al-mosaghaf
الإستخبارات	هوش؛ آگاهی	al-estakhbarat
إنو	بسیجیدن؛ قصد کردن	enu
إشتدّ	تشدید کردن	eshtdd
مركّز	فشرده	morakkaz
النية	قصد	al-nia
عمدا	عمدا؛ تعمدا	amdan
بيْن	مدفون ساختن	bayn
تفاعل	تعامل داشتن	tafaol
التفاعل	تعامل	al-tafaol
تفاعلي	تعاملی	tafaali
توسّط	شفاعت کردن؛ پادر میانی کردن	tavassote
بين الخلايا	بین یاختهای؛ داخل سلولی	beyn alkhalaya
طارئ	مداخله کننده	tari
متداخل	مداخله کننده	motedakhel
مهتمّ	علاقه‌مند	mahatm
الوصلة	رابط	al-vasala
تدخّل	دخالت کردن	tadakhol
التدخل	دخالت	al-tadakhol
المتحدّث	هم سخن؛ طرف صحبت	al-motehaddes
الوسيط	مداخله کننده؛ وساطت کننده	al-vasit
متوسّط	متوسط	motevasset
مطوّل	پایان ناپذیر؛ تمام نشدنی	motavval
متقطّع	نوبتی؛ نوبت دار	moteghatte
دولي	بین‌المللی	dovali
الإنترنت	اینترنت	al-entaranat
شبكة الإنترنت	اینترنت	shabkat alentaranat
ترجم	ترجمه کردن؛ تعبیر کردن	tarjam
المترجم	مترجم؛ حلاج	al-motarjem
قاطع	ایجاد وقفه	ghate
التوقف	وقفه؛ ایجاد وقفه	al-tavaghof
تقاطع	تقاطع کردن؛ از هم گذشتن	taghato
الفترة	فاصله	al-fatara
التدخّل	مداخله	al-tadakhol
المقابلة	مصاحبه، مصاحبه کردن	al-maghabla
بحميمية	صمیمانه	behamimia
إلى	به داخل	eli
لايطاق	تحمل ناپذیر؛ طاقت فرسا	laytagh
الترنيم	تکیه صدا	al-teranim
مسمّم	سرمست؛ بدمست	mosammam
التسمّم	سکرآور	al-tasammom
باسل	صارم	basel
الفتنة	جذاب	al-fatana
جوهري	فطری	johari
قدّم	معرفی کردن	ghaddam
تطفّل	پادرازی کردن؛ فضولانه آمدن	tataffol
الدخيل	مو؛ فضول	al-dakhil
إغز	حمله کردن	eghz
ثمين	پر بها؛ غیرقابل تخمین	samin
الإحتلال	حمله	al-ehtalal
إخترع	اختراع کردن	ekhtra
المخترع	موجد؛ جاعل	al-mokhtare
معكوس	معکوس؛ وارون	makus
العكس	برگشتگی؛ تقلیب	al-aks
إستثمر	سرمایه گذاری کردن	estasamar
حقّق فيه	پژوهیدن؛ تحقیق کردن	haghagh fih
المحقّق	بازپرس	al-mohaghagh
الإستثمار	سرمایه گذاری	al-estasmar
المستثمر	سرمایه گذار	al-mostasmer
الدعوة	دعوتنامه	al-doua
إدع	دعوت کردن	ed
تضرّع	احضار کردن	tazarro
تلقائي	بی اختیار؛ غیر عمدی	talghai
الآيون	یون؛ ایون	al-ayun
الأيوتا	ایوتا	al-ayta
آيوا	آیوا	aiva
إيرلنده	ایرلند	eyralande
آيرلندي	ایرلندی	ayarlandi
شاق	کسل کننده	shagh
الحديد	آهن؛ اتو	al-hadid
ساخر	کنایه‌آمیز	sakher
من سخرية القدر	کنایه‌آمیزانه	man sakhrit alghadr
لا عقلاني	بی منطق؛ غیر منطقی	la aghlani
شاذ	منحرف؛ یبس	shaz
غير ذو علاقة	نامربوط	gheyr zu alagha
متعذر الإصلاح	بی کفاره؛ خوب نشدنی	moteazzer aleslah
متعذر الكبت	منع ناپذیر؛ مطیع نشدنی	moteazzer alkabat
بغضّ النّظر	صرفنظر از	beghazz alnnazr
لامبالي	وظیفهنشناس	lambali
غير قابل للنقض	بلا عزل	gheyr ghabel lalanghaz
إسق	مشروب کردن؛ سیراب کردن	esgh
مسقي	مشروب	masghi
الريّ	آبیاری	al-rayy
عصبي	زودخشم	asabi
أغضب	رنجاندن؛ آزردن	aghzab
التهيّج	رنجاننده؛ برخورنده	al-tahyyoj
الجزيرة	جزیره	al-jazira
إعزل	منزوی کردن	ezal
العزلة	انزوا	al-azala
الإصدار	صدور	al-esdar
القضية	شماره؛ موضوع	al-ghazia
هي	آن	hey
الإيطالي	ایتالیائی	al-eytali
إيطاليا	ایتالیا	eytalia
الحكّ	خارش؛ خنش	al-hakk
المادة	مورد، قلم	al-madea
العاج	عاجی؛ عاج	al-aj
آيفي	پیچک	ayafi
السترة	ژاکت	al-satara
متعرج	مضرس؛ دندانهدار	motearrej
المربّى	مربا، ترافیک	al-marabbi
يناير	ژانویه	yanayer
كانون الثّاني	ژانویه	kanun alssani
اليابان	ژاپن	al-iaban
الياباني	ژاپنی	al-yabani
الجرّة	کوزه؛ سبو	al-jarra
متبختر	خود ساز	matbakhtar
الفكّ	فک؛ آرواره	al-fakk
الجاز	جاز	al-jaz
غيور	حسود؛ حسودانه	ghayur
الغيرة	رشک؛ حسادت	al-ghira
الجينز	شلوار جین	al-jinz
الهلام	ژلاتین؛ لرزانک	al-halam
جيرزي	پارچه کشباف	jirazi
القدس	اورشلیم؛ اورشلیم مقدس	al-ghodos
الدعابة	شوخی کردن؛ ببازی گرفتن	al-daaba
يسوعي	یسوعیون	yasui
الطائرة	جت	al-taera
الجوهرة	گوهر؛ جواهر	al-juhra
المجوهرات	جواهرات	al-majuharat
يهودي	یهودی؛ جهود	yahudi
الأغنية	جرنگ؛ جلنگ	al-aghnia
مازح	شوخی آمیز	mazeh
الموصّل	پیوستن	al-movassal
المفصل	مشترک	al-mafsal
معا	تواماً؛ مشاعا	maa
النكتة	شوخی، شوخی کردن	al-nakta
الصّدمة	تکان؛ تلق تلق	al-sadma
جونز	جونز	junz
الزحمة	تنه زدن	al-zahma
المجلّة	مجله؛ جورنال	al-mojalla
الصحافة	روزنامه نگاری	al-sahafa
الصحفي	روزنامه‌نگار	al-sohofi
الرحلة	سفر	al-rahala
اللّغد	کله ماهی	al-laghd
القاضي	قاضی؛ داور	al-ghazi
قضائي	قضایی	ghazai
سلطة القضائية	وابسته بدادگاه؛ قوه قضائیه	saltat alghazaia
متعقّل	روشن رای	moteaqghel
الدورق	غلغلک؛ بستو	al-duragh
يوليو	جولای	yuliv
تموز	جولای	tamvvoz
البلوز	جهنده؛ سیم جهشی	al-boluz
المفرق	تقاطع	al-mefragh
المفارق	مقاطع	al-mofaregh
نقطة الإتصال	ملتقا؛ درزگاه	naghatt aletsal
يونيو	ژوئن	yuniv
حزيران	ژوئن	haziran
أصغر	اصغر	asghar
العرعر	اردج	al-arar
السلطة القضائية	حوزه قضایی	al-saltat alghazaia
علم التشريع	فقه	elm altashri
هيئة المحلفين	هیئت منصفه	hiet almahlafin
فقط	عادلانه، فقط؛ فقط، همین الان	faghat
مبرّر	توجیه پذیر	mobarrar
التبرير	توجیه	al-tabrir
برّر	توجیه کردن	berrar
بعدل	الحق؛ انصافاً	badel
قيصر	کایزر	gheysar
كانساس	کانزاس	kansas
كشمير	کشمیر	keshmir
العيش	نگه داشتن	al-iyash
المراقب	حافظ؛ حافظه	al-moragheb
كنتاكي	کنتاکی	kentaki
المغلاة	کتری	al-maghla
المفتاح	کلید، اصلی	al-meftah
ثقب المفتاح	سوراخ کلید	saghb almeftah
خان	خان	khan
الركلة	لگد؛ باپازدن	al-rakala
الخطف	ربودن	al-khatf
الإختطاف	آدمربایی؛ آدم ربا	al-ekhtataf
الكلية	کلیه	al-kalia
القتل	کشتن	al-ghatl
القاتل	آدم کش	al-ghatel
الكيلومتر	کیلومتر	al-kilumetr
النوع	نوع	al-no
أوقد	افروختن؛ گیراندن	avghad
حركيّ	جنبشی؛ وابسته بحرکت	harkyy
الملك	پادشاه	al-malak
المملكة	پادشاهی	al-mamalka
ملوكي	خسروانه؛ ملوکانه	moluki
القرابة	خویشاوندی؛ قوم وخویشی	al-gharaba
القبلة	ماچ؛ بوسه	al-ghabala
العدّة	کیت	al-adda
المطبخ	آشپزخانه	al-matbakh
الطائرة الورقية	زغن؛ خوا	al-taerat alvaraghia
الهريرة	بچهگربه	al-harira
البسيسة	بچهگربه	al-basisa
الركبة	زانو	al-rakba
دقة النعي	صدایی زنگ	daght alnai
السكين	چاقو	al-sakin
حك	بافتن؛ کشبافی کردن	hak
الدقة	کوبیدن، ضربه زدن	al-dagha
الربوة	نوک تپه	al-robua
معقود	گرهدار؛ گرهای	maghud
إعرف	دانستن	eraf
الكرملين	کرملین	al-keremlin
المختبر	آزمایشگاه	al-mokhtaber
العلامة	برچسب؛ برچسب زدن	al-alama
مرهق	کارکن	marhagh
المتاهة	لابیرنت	al-matahea
التمزيق	جرح	al-tamzigh
القلة	عدم؛ عاری	al-ghala
موجز	موجز؛ مختصر گو	mavjaz
لاكتيت	شیر مکیدن	laketiyat
ملح	شیر مکیدن	malh
الإرضاع	ارضاع؛ ایجاد شیر	al-erza
لبني	شیری؛ شبیه شیر	labani
الفتى	پسر جوان	al-fati
السلّم	نردبان	al-sallam
لادن	سنگین بار؛ بارگیری شده	ladan
العازل	عقب مانده	al-azel
البحيرة	دریاچه	al-bahira
قماش السحيف	شل؛ لنگ	ghomash alsahif
الرثاء	زاریدن؛ نوحه کردن	al-rasa
صفيحة رقيقة	لایه نازک؛ شاخه پرده ای	safihat raghigha
طبقة	لایه نازک؛ شاخه پرده ای	tabgha
مرقّق	متورق	moraghagh
المصباح	لامپ	al-mesbah
الرمح	نیزه؛ نشتر زدن	al-ramh
الإنزال	فرود	al-enzal
بدون أرض	بدون زمین	bedun arz
صاحب الملك	صاحبخانه	saheb almalak
المعلم	نشانه، بنای تاریخی	al-moallem
مالك الأراضي	صاحب ملک	malek alarazi
المنظر الطبيعي	چشم انداز	al-manzar altabii
الإنهيار الأرضي	ریزش خاک؛ ریزش کوه	al-eneyar alarzi
الحارة	خط (جاده)	al-harea
اللغة	زبان	al-lagha
لانولين	لانولین	lanulin
الفانوس	فانوس؛ چراغ توری	al-fanus
الحضن	دامان	al-hazan
منتكس	ساقط	montakes
الحاسوب النقال	لپ‌تاپ	al-hasub alnaghal
واسع النطاق	گسترده	vase alnatagh
القبرة	غزلاغ	al-ghabara
حنجري	حنجری؛ حنجرهای	hanjari
الحنجرة	حنجره	al-hanajra
الليزر	لیزر	al-leyzer
السوط	شلاق؛ تازیانه	al-sut
آخر مرّة	آخرین؛ آخرین (صفت)؛ طول کشیدن	akhar marra
المزلاج	چفت؛ چفت کردن	al-mazlaj
متأخرا	دیر	matakhra
مؤخرا	اخیراً	mokhra
التأخّر	تاخیر	al-taakhor
مستتر	نهفته	mostater
المخرطة	چرخ خراطی	al-makharta
اللغة اللاتينية	لاتین	al-laght allatinia
خطّ العرض	عرض	khatt alarz
أخير	دومی	akhir
اللودانوم	مخلوط افیون	al-ludanum
الضحكة	خنده، خندیدن	al-zahka
الإضحوكة	مظحکه	al-ezhuka
الضحك	خنده	al-zahak
الغار	دهمست؛ درخت غار	al-ghar
الحمم	گدازه	al-hamam
مسرف	خراج؛ مبذر	masraf
القانون	قانون	al-ghanun
خرق القانون	قانون شکنی	khargh alghanun
قانوني	مجاز؛ مشروع	ghanuni
فوضوي	بی قانونی	fuzuye
الدعوى	دعوی حقوقی	al-davi
لاكس	شل؛ لمس	lakes
التهاون	لینت	al-tahavon
الطبقة	طبقه؛ لا	al-tabgha
التخطيط	طرح‌بندی	al-takhtit
الكسل	تنبلی؛ بیعاری	al-kesel
كسلان	تنبل	keselan
التقدّم	رهبری کردن	al-taghaddom
رصاصي	سربی؛ مانند سرب	rasasi
الزعيم	رهبر	al-zaim
الورقة	برگ؛ برگ دادن	al-varagha
ورقة الإعلان	بروشور	varaghat alelan
محاط بالأشجار	برگدار؛ پر برگ	mohat balashjar
التسرّب	نشت، نشت کردن	al-tasarrob
التسرب	چکه؛ تراوش	al-tasarrob
اللحم بدون دهن	وادادن؛ لخم	al-alaham bedun dahan
المتعلّم	یادگیرنده	al-moteallem
التعلّم	یادگیری	al-taallom
الإيجار	اجاره؛ اجاره کردن	al-eyjar
المقود	مرس؛ بند زدن	al-maghvad
أقلّ	کمترین	aghll
الإجازة	ترک کردن	al-ejaza
المحاضرة	سخنرانی، سخنرانی کردن	al-mahazra
المحاضر	مدرس؛ سخنران	al-mahazer
سجل الحسابات	دفتر کل	sejell alhesabat
المستنزف	علقه؛ زالو	al-mostanzef
اليسار	چپ، باقی مانده	elasar
الساق	پا	al-sagh
الأسطورة	افسانه	al-astura
أسطوري	افسانه‌ای	asturi
ذو أرجل	پایه دار؛ پا بلند	zu arjal
اللباس الداخلي	پاتابه	al-lebas aldakheli
الجحفل	لژیون؛ سپاه رومی	al-jahafl
تشريعي	قانون‌گذاری	tashrii
المشرّع	شارع؛ مقنن	al-mosharra
المجلس التشريعي	قوه مقننه	al-majles altashrii
شرعي	مشروع	shari
الليمون	لیمو	al-alimun
شراب الليمون	لیموناد؛ شربت آبلیمو	sharab alalimun
أعر	قرض دادن	ar
الطول	درازی؛ طول	al-tul
طوّل	دراز کردن؛ دراز شدن	tavval
طويل	طولانی	tavil
بتساهل	ارفاقا	betasahol
العدسة	لنز	al-adasa
المصاب بداء الجذام	جذامی	al-masab bada aljozam
مرض الجذام	جذام؛ خوره	maraz aljozam
السحاقية	لزبین	al-sahaghia
أقل	کمتر	aghl
الدرس	درس	al-dars
دع	اجازه دادن	da
الخمود	تهاون؛ سبات	al-khomud
المستوى	سطح	al-mostavi
الهزل	سبک سری	al-hazl
معجمي	لغوی	mojami
المسؤولية	مشمولیت	al-masovlia
مسؤول قانونيا	مسئول	masul ghanunia
الكذاب	دروغگو؛ چاخان	al-kazab
التحرري	آزاداندیش	al-taharrori
التحرّريّة	آزادمنشی؛ آزادگی	al-taharraryya
محرّر	آزادشده	moharrar
المحرر	آزاد کننده؛ نجات دهنده	al-moharrer
الحريّة	آزادی	al-haryya
المكتبي	کتابدار	al-maktabi
المكتبة	کتابخانه	al-moktabea
الرخصة	مجوز؛ پروانه دادن	al-rakhasa
الأشنة	گل سنگ	al-ashna
اللعقة	لیس؛ لیسه	al-lagha
الأكذوبة	دراز کشیدن	al-akzuba
الحياة	زندگی	al-hia
ميّت	خشک؛ موات	mayyat
دائم	مادام‌العمر	daem
أسلوب الحياة	سبک زندگی	aslub alhia
الضوء	روشن کردن؛ سبک؛ نور، روشن	al-zu
مَرِحْ	سبکبار؛ مشرور	mareh
الخفّة	خفت؛ سبکی	al-khaffa
البرق	صاعقه؛ آذرخش	al-bargh
مثل	دوست داشتن؛ مانند	mesl
الإمكانية	احتمال	al-emkania
من المحتمل	احتمالی	man almohtamel
مشبّه	مشبه	moshabbah
التشابه	سان؛ مثال	al-tashaboh
على نفس النمط	به همین ترتیب	ali nafas alnamat
النيلج	یاس شیروانی	al-nilj
الزنبق	سوسنی؛ گلایل	al-zanbagh
الطرف	اندام	al-taraf
ليمبيد	عضودار	limabid
عالم النسيان	برزخ	alam alnesyan
الكلس	آهک؛ سنگ آهک	al-kals
حجر جيري	سنگ آهک	hajar jiri
حجر الكلس	سنگ آهک	hajar alkals
التقييد	محدودیت	al-taghid
المحدودة	محدود؛ منحصر	al-mahduda
العرجة	شلیدن؛ لنگیدن	al-arja
لينكولن	لینکلن	linkulan
الخطّ	خط	al-khatt
النسب	سویه؛ اصل ونسب	al-nasb
خطيّ	خطی	khatyy
قماش الكتّان	کتانی؛ کتان	ghomash alkattan
التراصف	صف‌آرایی، ترکیب	al-tarasof
تباطأ	معطل ماندن	tabata
مشمّع الأرضية	مشمع	moshamma alarzia
بذر الكتان	بزرک؛ برزگ	bazr alaketan
الأسد	شیر	al-asd
الشفة	لب	al-shafa
التذويب	آبگونسازی	al-tazvib
المشروب الكحولي	عرق؛ مشروب	al-mashrub alkohuli
اللثغة	شلی زبان	al-lasgha
القائمة	فهرست، فهرست کردن	al-ghaema
إستمع	گوش دادن	estma
المستمع	شنونده	al-mostame
المحراث	سجاف دوز	al-mahras
معرفة القراءة والكتابة	سواد	maarafat algharat valkataba
حرفي	حرفی؛ لفظی	harfi
بشكل حرفي	به معنای واقعی کلمه	beshekl harfi
الأدب	ادبیات؛ ادب وهنر	al-adb
ليتوانيا	لیتوانی	litvania
المقاضاة	دعوا؛ دعوی	al-maghaza
اللتر	لیتر	al-altar
الفضلات	آشغال	al-fazlat
قليلا	کمی (قید)؛ کمی، کوچک	ghalila
بشكل مباشر	زندگی کردن	beshekl mobasher
الإعالة	معیشت؛ عقل معاش	al-eala
بحيوية	باروح؛ سبکروح	behivia
الكبد	کبد	al-kabed
مرتدي زيّ خاصّ	در کسوت	mortadi zayy khass
ليفربول	لیورپول	lifrabul
التحميل	بارگیری؛ بارکنش	al-tahmil
الرغيف	تکه؛ ولگردی کردن	al-raghif
المتسكّع	بیکاره	al-motesakke
القرض	عاریه؛ وام	al-gharz
اللوبي	لابی، لابی کردن	al-lobi
سرطان البحر	خرچنگ	saratan albahr
محليّ	محلی	mahlyy
الناحية	محل خاص	al-nahia
واقع	ساکن	vaghe
الموقع	محل	al-moghe
القفل	قفل، قفل کردن	al-ghofl
التحرك	نقل وانتقال	al-taharrok
القاطرة	لکوموتیو؛ نیروی محرکه	al-ghatra
حركي	حرکتی؛ نقص تحرک	harki
المكان	مکان هندسی	al-amakan
المنتجع	بیتوته کردن؛ ماوا دادن	al-montaje
السكن	منزل گاه؛ محل سکونت	al-skon
عالي	سنی؛ منیع	ali
السجلّ	گزارش، ثبت کردن	al-sajall
المنطق	منطق	al-mantegh
منطقيّ	منطقی	manatghyy
الخاصرة	گرد	al-khasra
التريّث	پرسه زنی	al-taryyos
لندن	لندن	landan
وحيد	مجزا ومنفرد	vahid
الوحدة	تنهایی؛ غریبی	al-vahada
لمدة طويلة	بلند، طولانی	lamdat tavila
الشوق	هوس؛ میل وافر	al-shogh
طولي	طولی	tuli
قديم العهد	دیرینه	ghadim olahd
مستمر منذ زمن	دیرینه	mostamer manz zamn
طويل الأمد	طولانی‌مدت	tavil alamd
المنوال	در افق پدیدار شدن	al-menval
الحلقة	حلقه	al-halgha
المنفذ	مزغل ساختن؛ سوراخ سنگر	al-manfaz
طليق	گشاد؛ شل	taligh
بشكل طليق	باشلی	beshekl taligh
السلب	غارت کردن	al-salb
القفز	وخیز درآوردن	al-ghafz
اللورد	ارباب؛ خداوند	al-lurad
السيادة	اربابی؛ سیادت	al-siada
نظارة ذات مقبض	عینک پنسی	nazaret zat maghbaz
الشاحنة	کامیون	al-shahna
إفقد	از دست دادن	efghad
الخسارة	زیان؛ فقدان	al-khasara
المستحضر	کرم؛ لوسیون	al-mostahzar
اليانصيب	قرعه کشی	al-yansib
بصوت عالي	با صدای بلند	besot ali
غرفة الجلوس	اطاق استراحت؛ سالن استراحت	gharfat aljolus
القملة	شپش؛ جو جو	al-ghamala
الشريب	الدنگ؛ سرفرود آوردن	al-sharib
الحبيب	یار؛ عاشق	al-habib
بمودّة	مشتاقانه	bemovadda
المستوى الواطئ	پایین	al-mostavi alvati
موالي	وفادار	mavali
المعيّن	لوزی؛ شکل لوزی	al-moayan
زيت التشحيم	روغن؛ چرب کننده	zit altashhim
الحظّ	شانس	al-hazz
مربح	پرمنفعت	marbah
قطني	مهره کمر؛ ناحیه کمر	ghatni
الخشب	الوار؛ تیر بریده	al-khashb
مضيئ	تابان؛ شب نما	mazii
المجانين	مجانین	al-majanin
الغداء	ناهار	al-ghada
الرئة	ریه؛ جگر سفید	al-raea
بشع	شعله تیره؛ شعله دودنما	bash
شهواني	مغلم؛ شهوت انگیز	shahvani
فاخر	پرپشت؛ پربرکت	fakher
الترف	عیش؛ تجمل	al-tarf
الكذب	دروغگو؛ کذاب	al-kezb
اللمف	لنف	al-lamf
ليمفاوي	بلغمی؛ لنفاوی	limfavi
أعدم بدون محاكمة	مثله کردن	adam bedun mahakma
القصيدة الغنائية	متن ترانه	al-ghasidat alghanaia
غنائي	بزمی؛ غنایی	ghanai
آلة	ماشین	ala
المكائن	ماشین‌آلات	al-makaan
معطف واق من المطر	پارچه بارانی	mataf vagh man almatr
آنسة	دوشیزه؛ مادموازل	anasa
بجنون	دیوانه وار	bejonun
مدريد	مادرید	madrid
المجلة	مجله	al-majla
سحر	طلسم؛ سحر	sahar
سحري	جادویی	sahari
الساحر	مغ؛ ساحر	al-saher
المغنيسيوم	تباشیر؛ منیری	al-maghnisyom
مغناطيس	مغناطیس؛ مقناطیس	meghnatis
مغناطيسي	مغناطیسی	meghnatisi
تكبير	درشت نمایی	takbir
مقدار	بزرگی	meghdar
ماغنوليا	ماگنولیا	maghnulia
الجارية	خادمه؛ ندیمه	al-jaria
عذراء	دختر باکره	azra
بريد	پست، پست کردن	borid
يشوّه	چلاق کردن؛ نقص عضو	yashvvah
رئيسي	اصلی	raisi
بشكل رئيسي	عمدتا	beshekl raisi
الإتجاه العام	جریان اصلی	al-etjah alam
أبق	نگهداری کردن	abgh
الصيانة	نگهداری	al-siana
مهيب	شاهانه؛ باعظمت	mahib
فخامة	جبروت؛ حضرت	fakhama
الأغلبية	غالب؛ اکثریت	al-aghlabia
صنع	ساختن	son
الصانع	سازنده؛ صنیع	al-sane
تركيب	آرایش	tarkib
الجعل	ساخت	al-jal
مالا	مالا	mala
داء	فاسد شدگی	da
الملاريا	مالاریا؛ نوبه	al-malaria
ملاريا	مالاریایی؛ نوبه ای	malaria
متذمر	آماده شورش	motezammer
ذكر	مرد، مردانه	zekr
حقد	بدنهادی؛ بدذاتی	heghd
خبيث	خبیث؛ غرضآلود	khabis
خبث	بدخیمی	khobs
مطرقة	کلوخ کوب	matargha
سوء التغذية	سوء تغزیه	sue altaghzia
الشعير	مالت؛ مالت زدن	al-shair
الثدييّ	پستاندار	al-sadi
ثديي	پستانی	sadii
الرجل	مرد	al-rajol
مدير	مدیر	modir
إداري	مدیریتی	edari
مانشستر	منچستر	manshastar
الإنتداب	دستور، حکم	al-entadab
فكّ	زفر	fakk
عرف الأسد أو الفرس	یال	orf alasd av alfars
مناورة	مانور؛ تمرین نظامی	manavra
الجرب	گری؛ گرداندن	al-jarb
المعلف	آخور	al-malaf
الرجولة	مردی؛ رجولیت	al-rajula
معتوه	مجنون	matuh
قائمة الشحن	آشکار کردن	ghaemat alshahan
بشكل ظاهر	علانیتا	beshekl zaher
البيان العام	اعلامیه؛ اشعاریه	al-bian alam
مانيلا	مانیل؛ کاغذ مانیل	manila
عالج	دستکاری کردن	alej
التلاعب	دستکاری	al-talaob
البشرية	بشر؛ نژاد انسان	al-bashria
رجوليّ	مردانه؛ مردوار	rajulyy
المنّ	گزانگبین	al-mann
الإسلوب	رفتار، روش	al-eslub
الضيعة الإقطاعية	ملک تیولی	al-ziat aleghtaia
القصر	کاخ؛ عمارت بزرگ	al-ghasr
العبي	غواشی	al-abi
التصنيع	تولید	al-tasni
السماد	کود کشاورزی	al-samad
المخطوطة	دست‌نوشته	al-makhtuta
الكثير	بسیاری	al-kasir
الخريطة	نقشه	al-kharita
الماراثون	ماراتن	al-marasun
الرخام	مهره؛ مرمر	al-rokham
رخامي	مرمرنما	rokhami
آذار	مارس؛ رژه	azar
فرس	مادیان؛ اسب ماده	fars
هامش	حاشیه	hamash
هامشي	حاشیه‌ای	hameshi
جندي البحرية	دریایی	jondi albahria
بحري	وابسته بدریانوردی	bahri
مارك	علامت، علامت گذاشتن	mark
السوق	بازار	al-sogh
زواج	عروسی؛ ازدواج	zavaj
متزوّج	متاهل	motezavvej
نخاع	مغز؛ قسمت عمده	nokha
تزوّج	ازدواج کردن	tazvvoj
المريخ	بهرام؛ مریخ	al-merrikh
المشير	مارشال؛ ارتشبد	al-moshir
مارشال	مارشال	marshal
رتبة عسكرية	مارشال	ratbat asakria
عسكري	رزمی	askari
الشهيد	شهید	al-sheid
الإستشهاد	شهادت	al-estashhad
الأعجوبة	شگفت داشتن؛ حیرت زده شدن	al-ajuba
مذكر	مکر؛ مردانه	mozakkar
الهريس	خمیر کردن؛ درهم وبرهمی	al-haris
مزيح من حنطة ونخالة وماء حار	خمیر کردن؛ درهم وبرهمی	mazih man hantat vanakhalt vama har
قناع	ماسک	ghana
مبنى	حجاری؛ فراماسیونی	mabni
كتلة	توده؛ کپه کردن	katala
المذبحة	قتل عام	al-mazabha
تدليك	مالیدن؛ ماساژ	tadlik
سارية	دگل	saria
السيّد	استاد؛ ارباب؛ مسلط شدن	al-sayyad
التحفة	شاهکار؛ شیرین کاری	al-tahaffoa
الإجادة	سیادت؛ تبحر	al-ejada
حصير	حصیر؛ زیر گلدانی	hasir
مباراة	مسابقه، مطابقت داشتن	mabara
صانع عيدان الثّقاب	دلاله؛ دلال ازدواج	sane eydan alssaghab
الصاحب	رفیق	al-saheb
الأمّ	سخت شامه؛ نرم شامه	al-am
المادّة	ماده، جنس	al-madda
أمومي	مادرانه؛ مادروار	amumi
رياضي	ریاضی	riazi
عالم الرياضيات	ریاضی دان	alam alriaziat
الرياضيات	ریاضیات	al-riaziat
رياضيات	ریاضیات	riaziat
مصفوفة	ماتریس	masfufa
جدول مقسّم إلى خلايا أو خانات	ماتریس	jadval moghassam eli khalaya av khanat
الرئيسة	بیبی؛ سرپرستار	al-raisa
مات	فلز شناسی	mat
أمر	موضوع، اهمیت داشتن	amr
حصيرة	بوریا بافی	hasira
مفرش	تشک؛ دوشک	mafarrash
النضج	سر رسید	al-nozj
مقزّز	کسل کننده	moghazzaz
الفك الأعلى	فک	al-efak alaali
ماكسيلاري	فکی؛ آروارهای	maksilari
حِكْمَة أو مثل سائر	گفته؛ گفته اخلاقی	hekmat av mesl saer
حقّق الحد الأقصى منه	به حداکثر رساندن	haghagh alhad alaghsi mane
الحدّ الأعلى	بیشینه؛ حد اکثر	al-hadde alaali
قد	می؛ ممکن است (فعل کمکی)	ghad
يمكن أن	می؛ ممکن است (فعل کمکی)	yamkan an
ربّما	شاید	rabbama
مايونيز	مایونز	mayuniz
صلصة المايونيز	مایونز	salasat almayuniz
رئيس البلدية	شهردار	rais albaldia
إياي	من (مفعول)	eyaye
ني	من (مفعول)	ney
وجبة الطعام	وعده غذایی	vajabat altaam
المتوسط	معنی دادن، منظور داشتن	al-motevasset
المعنى	معنی	al-mani
ذو مغزى	معنی‌دار	zu maghzi
بلا معنى	بیمعنا؛ بی معنی	bala mani
الحقارة	پستی؛ خست	al-haghara
في أثناء ذلك	در ضمن	fi asna zalek
في هذه الأثناء	ضمنا؛ درضمن	fi haze alasna
الحصبة	سرخجه؛ سرخچه	al-hasba
قابل للقياس	پیمایش پذیر	ghabel lalghias
الإجراء	اندازه؛ اقدام	al-ejra
لحم	گوشت	lahm
الميكانيكي	مکانیک	al-mikaniki
ميكانيكي	مکانیکی	mikaniki
ميكانيكا	مکانیک	mikanika
آلية	مکانیزم	alia
متوسط	مسحور	motevasset
الوسام	مدال	al-vasam
أجهزة الإعلام	رسانه	ajhazat alelam
وساطة	وساطت؛ شفاعت	vasata
وسيط	میانجی	vasit
طبي	پزشکی	tebbi
دواء	دارو	dava
طبّ	دارو	tabb
من القرون الوسطى	قرون وسطایی	man alghorun alvasati
تأمل	مراقبه	taammol
البحر الأبيض المتوسط	مدیترانه؛ دریای مدیترانه	al-bahr alabiz almotevasset
وديع	افتاده؛ فقیرانه	vadi
كآبة	سودا زدگی	kaba
رخيم	بانوا؛ ملیح	rakhim
النغم	ملودی	al-nagham
البطيخ	خربزه؛ خربوزه	al-batikh
ذب	گداختن؛ آب کردن	zab
العضو	عضو	al-ozv
العضوية	عضویت	al-azvia
الغشاء	غشاء؛ شامه	al-ghesha
غشائي	غشادار	gheshai
مذكرة	یادداشت	mazakra
مذكرات	خاطرات	mozakkarat
المذكّرة	تذکاریه؛ شرکت نامه	al-mazakkara
الحفل التأبيني	یادبود	al-hafl altabini
الذاكرة	حافظه	al-zakra
الإصلاح	بندزدن	al-eslah
إلتهاب السحايا	مننژیت	eltahab alsahaya
عقلي	روانی؛ فکری	aghli
عقلية	طرز فکر؛ قوه ذهنی	aghlia
ذهنيًا	فکرا	zahnyana
عقليًا	فکرا	aghlyana
إشارة عابرة	اشاره کردن	esharat abra
المعلّم	مربی	al-moallem
بضائع	متاع؛ مبیع	bezae
تاجر	بازرگان	tajer
زئبقي	جیوه دار	zaebaghi
الزئبق	جیوه؛ سیماب	al-zaebagh
إدمج	ادغام کردن	edmaj
خط الطول	درجه کمال؛ مدار نصف النهار	khat altul
بلاد ما بين النهرين	بین النهرین	belad ma beyn onnahreyn
رسول	فرستاده؛ رسول	rasul
الأيض	متابولیزم؛ سوخت و ساز	al-ayz
المعدن	فلز	al-moedan
معدني	روئین	madani
التحوّل	دگردیسی؛ مسخ	al-tahavvol
استعارة	استعاره	astaara
مجازيا	بر سبیل استعاره	majazia
غيبي	علوم معقول؛ ماوراء الطبیعی	gheybi
الميتافيزيقيا	ماوراءالطبیعه؛ ماوراء طبیعت	al-mitafizighia
نقيلة	هجوم مرض	naghila
انبثاث	هجوم مرض	enbesas
الطريقة	روش	al-tarigha
علم المنهج	روش‌شناسی	elm almanhaj
المتر	متر	al-amtar
العاصمة	مادرشهر؛ شهر بزرگ	al-asma
حضري	مطران؛ مطرانی	hazri
قوّة الشخصية	خمیره	ghavvat alshakhsia
المكسيكي	مکزیکی	al-maksiki
المكسيك	مکزیک؛ مکزیکو	al-maksik
مشيغان	میشیگان	mashighan
مكبّر الصوت	میکروفن	mokabbar alsot
المجهر	ریزبین؛ میکروسکپ	al-majhar
منتصف النهار	نیمروز	montasef onnahar
المنتصف	میانه	al-montasef
منتصف الليل	نیمه‌شب	montasef allayl
في منتصف الطريق	وسط مسیر	fi montasef altarighe
قابلة	ماما؛ ماماچه	ghabla
ربما	ممکن است (فعل کمکی)	rabma
هجرة	مهاجرت	hajara
معتدل	نرم؛ ملایم	motadel
بشكل معتدل	نرم نرم	beshekl motadel
مناضل	شبه‌نظامی	manazel
المقاومة الشعبية	شبه‌نظامیان	al-maghavmat alshabia
الحليب	شیر	al-halib
حليبي	شیری؛ شیردار	halibi
الطاحونة	آسیاب	al-tahuna
الألفية	هزاره؛ هزارمین سال	al-alfia
طحّان	آسیابان؛ میلر	tahhan
مليون	میلیون	milyun
المليونير	میلیونر	al-maliyunir
يقلّد	ادا و اطوار	yaghallad
دقيقة	مین	daghigha
عقل	ذهن، اهمیت دادن	aghl
حريص	در فکر	haris
اللغم	مال من	al-alagham
عامل المنجم	معدنچی	amel almanjam
إخلط	در آمیختن	ekhlat
أقل ما يمكن	حداقل	aghl ma yamkan
الحدّ الأدنى	اقل؛ حد اقل	al-hadde aladni
التعدين	معدن	al-tadin
الوزير	وزیر	al-vazir
وزاري	اداری؛ وزارتی	vazari
وزارة	وزارتخانه	vazara
قاصر	فرعی؛ اصغر	ghaser
الأقلية	اقلیت؛ صغارت	al-aghlia
النعناع	نعناع	al-nana
المعجزة	معجزه	al-maajaza
أعجوبي	معجزه آمیز؛ معجزه آسا	ajubi
مرآة	آینه	mara
الإيذاء	شیطانی؛ شیطنت	al-eyza
مؤذي	شریر؛ مفسد	mozi
سوء التصرف	بدرفتاری؛ سوء رفتار	sue altasarrof
بائس	بدبخت	baes
تعاسة	بدبختی	taasoa
سوء الحظ	بلا؛ بدبختی	sue alhaz
ضلّل	منحرف کردن؛ گمراه کردن	zallal
في غير مكانها	جابجا شده	fi gheyr makanha
سوء الحكم	سوء اداره	sue alhakam
الرمية الخاطئة	از دست دادن، دلتنگ شدن	al-ramit alkhatea
الصاروخ	موشک	al-sarukh
الفقدان	گمشده	al-feghdan
المهمّة	ماموریت	al-mohamma
المبشّر	مبلغ	al-mobashar
مخطأ تهجئة	مصحف	makhata tahajaea
ميسي	دختر خانم	misi
خطأ	اشتباه	khata
مخطئ	مشتبه؛ اشتباهی	makhti
العشيقة	معشوقه؛ کدبانو	al-ashigha
يسيء الفهم	بد شناختن؛ بد فهمیدن	yasi alefeam
سوء الفهم	سوءتفاهم؛ سو تفاهم	sue alefeam
الغوغاء	اوباش	al-ghogha
نقّال	متحرک، موبایل	naghal
قابلية الحركة	تحرک	ghablit alharka
عبّئ	بسیج کردن	abba
النمط	حالت	al-namat
النموذج	مدل	al-namuzj
المعتدل	متعادل	al-motadel
باعتدال	معتدلانه	batadal
الإعتدال	اعتدال؛ تعادل	al-etadal
حديث	مدرن	hadis
التواضع	شرم؛ عفت	al-tavazo
تعديل	اصلاح	tadil
عدّل	جرح و تعدیل کردن	addal
مبلّل	نمزده	moballal
الدبس	ملاس	al-dabs
القالب	قالب؛ کپک قارچی	al-ghaleb
مولدافيا	ملداوی	muldafia
جمهوريّة في شرقيّ أوروبّا	ملداوی	jamhuryyat fi sharghyy avrubba
الخلد	خال	al-khold
جزيئي	مولکولی	jazii
الجزيئة	مولکول؛ ملکول	al-jaziea
مؤقت	زود گذر	moghat
الزخم	تکانه	al-zakham
ملكي	سلطنت طلب	melki
مؤيد للملكية	سلطنت طلب	maoyd lalamlakia
الحكم الملكي	سلطنت؛ شهریاری	al-hakam almelki
الإثنين	دوشنبه	al-esnin
نقدي	مالی؛ پولی	naghdi
المال	پول	al-mal
الراهب	راهب	al-raheb
حرف واحد فقط	امضای هنری	harf vahed faghat
الدراسة	ویژه نگاشت	al-darasa
احتكار	انحصار	ehtekar
رتيب	یک نواخت	ratib
الرتابة	یکآهنگی؛ یکنواختی	al-rataba
السيد	مسیو	al-sid
الوحش	هیولا	al-vahash
المسخ	شرارت بسیار	al-maskh
الشهر	ماه	al-shahr
شهريا	ماهانه	shahria
النصب	بنای یادبود	al-nasb
المزاج	اوقات؛ حوصله	al-mazaj
مزاجي	بدقلقی؛ بدقلق	mazaji
القمر	ماه	al-ghamar
ضوء القمر	مهتاب	zau alghamar
المغزى	اخلاقی؛ اخلاق	al-maghzi
الروح المعنوية	قوت قلب دادن	al-ruh almanvia
المبادىء الأخلاقية	اخلاق	al-mabadi alakhlaghia
أدبيا	اخلاقا	adbia
سقيم	مرضی؛ وحشت آور	saghim
محتضر	مشرف به موت	mohtazer
صباح	صبح	sabah
مورفين	مرفین	mavrafin
اللقمة	لقمه؛ مضغه	al-laghma
الهاون	ساروج؛ هاون	al-havan
القرض العقاري	رهن	al-gharz alaghari
إكبح	ریاضت دادن	ekbah
الفسيفساء	بهم پیوستن	al-fasifsa
موسكو	مسکو	musku
المسجد	مسجد	al-masjed
الطّحلب	خزه؛ پژه	al-tahlab
في الغالب	بیشتر اوقات	fi alghaleb
بحنان	مادرانه؛ مادروار	bahnan
الموضوع	موتیف؛ مایه اصلی	al-mozu
متحرّك	قادر بحرکت؛ قادر بجنبش	moteharrek
الحركة	حرکت	al-harka
ساكن	بی حرکت؛ بی جنبش	saken
حفّز	انگیزه دادن	haffaz
الدراجة البخارية	موتورسیکلت	al-darajat albakharia
الجبل	سوار کردن؛ سوار شدن	al-jabl
جبلي	کوهی؛ کوهستانی	jabli
إندب	ماتمگرفتن؛ نوحه کردن	endab
حزين	عزادار؛ سوگوار	hazin
الفأر	موش	al-far
الفمّ	دهان	al-fam
لسان الحال	سرنی	lesan alhal
المنقول	متحرک	al-manghul
التحرّك	حرکت کردن	al-taharrok
الإنتقال	متحرک، تأثیرگذار	al-entaghal
السّيد	آقا؛ عنوان خطاب مردان	al-seyyed
السّيدة	خانم	al-sida
كثير	زیاد	kasir
مخاطي	مخاطی	mokhati
المخاط	بلغم؛ خلط	al-mokhat
الطين	گل؛ طین	al-tin
موحل	گلی؛ گلزار	mavhal
القدح	ساده لوح	al-ghadah
البغل	استر	al-baghal
الضرب	ضرب؛ تکثیر	al-zarb
التعدّد	تعدد	al-taaddod
ضاعف	تکثیر کردن؛ ضرب زدن	zaef
التعدد	انبوه؛ گروه بسیار	al-taaddod
أمّ	مامان	am
التمتمة	من من	al-tamatma
أم	مومیایی	am
بلدي	شهری	baladi
البلدية	شهرداری؛ بلدیه	al-baldia
العضلة	ماهیچه؛ عضله	al-azala
عضلي	عضلانی؛ پرعضله	azli
المتحف	موزه	al-mathaf
الفطر	سماروغ	al-fetr
الموسيقى	موسیقی	al-musighi
المسرحية الموسيقية	موسیقایی	al-masarhit almusighia
الموسيقار	موسیقیدان	al-musighar
يجب	باید (فعل کمکی)	yajb
لا بدّ	باید (فعل کمکی)	la badd
الشوارب	سبیل	al-shavareb
الخردل	خردل؛ درخت خردل	al-khardel
متعفّن	بوی ناگرفته	moteaffen
التغير	جهش	al-taghayyor
الأخرس	صامت؛ لال	al-akhras
تمتم	ورور کردن؛ من من	tamtam
متبادل	متقابل	motebadel
بشكل متبادل	متقابلا؛ مانعهالجمع	beshekl motebadel
لي	مال من	li
خاصتي	مال من	khaseti
نفسي	خودم	nafasi
بشكل غامض	به‌طور اسرارآمیز	beshekl ghamez
الصوفي	عارف؛ صوفی	al-sufi
باطني	عارفانه؛ صوفیانه	bateni
الروحانية	درویشی؛ تصوف	al-ruhania
علم الأساطير	اسطوره شناسی؛ علم اساطیر	elm alasatir
غير متوفر	جنب؛ سینمایی	gheyr motevaffer
الفرس	نق زدن؛ نق نقو	al-fars
المسمار	میخ؛ ناخن	al-masmar
ساذج	زودباور؛ ساده دل	sazej
يعني	یعنی	yani
نفس الاسم	همنام؛ هم اسم	nafas alasam
الغفوة	چرت؛ خواب کوتاه	al-ghofua
مدينة نابولي	ناپل	madint nabuli
إرو	نقل کردن؛ حکایت کردن	eru
الرواية	نقل؛ نقالی	al-ravayea
الراوي	گوینده؛ راوی	al-ravi
ضيّق	باریک	zayyagh
أنفي	تو دماغی	anfi
ناشئ	درحال تولد	nashi
ناشفيل	نشویل	nashafil
شرّير	ناخوشایند	sharrir
الأمة	ملت؛ کشور	al-ama
القومية	ناسیونالیزم؛ ملت پرستی	al-ghumia
القومي	ناسیونالیست؛ ملت دوست	al-ghomi
الجنسية	ملیت؛ قومیت	al-jansia
على مستوى قوميّ	سراسری	ali mostavi ghumyy
طبيعي	طبیعی	tabii
طبيعيا	طبیعتاً؛ به‌طور طبیعی	tabiia
شقي	بلا؛ شریر	shaghi
الغثيان	تهوع؛ آشب	al-ghasian
صالح للملاحة	قابل کشتیرانی	saleh lalamlaha
الملاحة	ناوبری	al-malahea
البحرية	بحریه؛ کشتی جنگی	al-bahria
قرب	نزدیک	ghorb
في مكان قريب	نزدیک	fi makan gharib
تقريبا	تقریباً	taghriban
أنيق	مرتب	anigh
نبراسكا	نبراسکا	nabaraska
بالضرورة	لابد؛ لزوما	balzarura
إستلزم	اقتضاء کردن؛ ایجاب کردن	estlzam
الضرورة	ضرورت	al-zarura
الرقبة	گردن	al-raghba
القلادة	عقد؛ طوق	al-ghalada
النخر	بافت مردگی؛ موت موضعی	al-nkhar
بنت	نامیده شده	bant
الإبرة	سوزن	al-ebra
غير ضروري	مستغنی؛ بی نیاز	gheyr zaruri
محتاج	مستمند؛ نیازمند	mohtaj
الإنكار	نفی	al-enkar
سلبي	منفی	salbi
تفاوض	مذاکره کردن	tafavoz
المفاوضات	مذاکره	al-mafavezat
المفاوض	مذاکره کننده	al-mafavez
الزنجي	زنگی؛ سیاه پوست	al-zanji
الجار	همسایه	al-jar
الحيّ	مجاورت؛ همسایگی	al-hayy
المجاورة	همسایه	al-majavra
لا	هیچ یک (از دو)	la
إبن الأخ	خواهرزاده؛ برادر زاده	ebn alakh
العصب	عصب؛ جرئت	al-asab
العصبية	عصبانیت؛ عصبیت	al-asbia
العشّ	لانه	al-ash
الخلية العصبية	یاخته عصبی	al-khalit alasbia
محايد	بی‌طرف	mahayed
الحياد	بیطرفی؛ نادرگیری	al-hiad
نيفادا	نوادا	nifada
على الرغم من هذا	باوجوداین؛ لهذا	ali alragham man haza
الجديد	نورسیده؛ نوآیند	al-jadid
حديثا	به تازگی	hadisa
الحداثة	حداثت؛ بداعت	al-hadasa
الأخبار	اخبار	al-akhbar
نشرة الأخبار	خبرنامه	nashart alakhbar
الصحيفة	روزنامه	al-sahifa
نيوتن	نیوتن	niyoton
إلى جوار	کنار	eli javar
جيد	خوب، زیبا	jid
الكوّة	موقعیت مناسب، طاقچه	al-kavva
النيكل	نیکل؛ آب نیکل دادن	al-nikal
الكنية	کنیه؛ اسم فرعی	al-kania
أبنة الأخت	خواهرزاده؛ برادر زاده	abnat alakhat
الليل	شب	al-layl
ليليا	شبانه؛ هر شب	lilia
الكابوس	کابوس؛ بختک	al-kabus
فطن	چابک؛ چالاک	fatn
نمرود	نمرود	namrud
تسعة	نه	tasaoa
تسعة عشر	نوزده	tasaot ashr
تسعون	نود	tasun
التسع	یک نهم؛ درنهمین درجه	al-tas
القرصة	زخمنیشگون؛ دردناک بودن	al-gharsa
القراص	فندق شکن	al-ghoras
النترات	شوره	al-natrat
النتروجين	نیتروژن؛ ازت	al-natrujin
كلا	نه، هیچ	kollan
طبقة النبلاء	نجابت؛ نجبا	tabghat alnabla
نوبل	نجیب	nobel
النبيل	نجیب زاده	al-nabil
لا أحد	هیچ کس	la ahd
ليلي	شبانه؛ شبانگاهی	leyli
الإيماءة	سر تکان دادن	al-eyma
عقدي	گره دار؛ قلنبه شده	aghdi
العجيرة	قلنبه کوچک	al-ajira
الضوضاء	سر و صدا	al-zuza
صاخب	پر سر و صدا	sakheb
الأسماء التعريفية	مجموعه لغات	al-asma altarifia
إسمي	اعتباری؛ اسمی	esmi
رشّح	نامزد کردن	rashah
المعتزل	نامقلد؛ ناپیرو	al-motazel
الشخص العادي	وصف ناپذیر	al-shakhs aladi
لا شيئ	هیچ کدام	la sheyye
مع هذا	با این حال	ma haza
لاربحي	غیرانتفاعی	larbahi
الهراء	بی‌معنی	al-hara
الظهر	ظهر	al-zohr
الأنشوطة	خفت کردن؛ در کمند انداختن	al-anshuta
ولا	و نه؛ همچنین نه	vala
الوضع الطبيعي	عادی	al-vaz altabii
طبّع	عادی کردن	tabba
عادة	به طور عادی	adea
الشمال	شمال	al-shomal
المنطقة الشمالية الشرقية	شمال شرقی؛ شمال شرق	al-montaghet alshamalit alsharghia
باتجاه الشّمال	شمالً	batjah alshamal
شمالي	شمالی	shomali
شمالا	شمالا؛ قسمت شمالی	shamala
المنطقة الشمالية الغربية	شمال غربی؛ شمال قرب	al-montaghet alshamalit algharbia
شمالي غربي	شمال غربی؛ شمال قربی	shomali gharbi
الأنف	بینی	al-anf
الخياشيم	منخرین	al-khiashim
ليس	نه	lis
البارزون	عظام	al-barzun
الملاحظة	یادداشت	al-malahza
دفتر الملاحظات	دفترچه یادداشت	daftar almolahezat
لا شيء	هیچ چیز	la shey
أشعر	اطلاع دادن	ashar
مشهورا	علانیتا	mashhura
الإنتعاش	قوت دادن	al-entaash
التغذية	مغذی	al-taghzia
فطنة	قوه ادراک	fatana
الروائي	رمان‌نویس	al-ravai
الطرافة	طرفه؛ تازگی	al-tarafa
نوفمبر	نوامبر	nofambar
تشرين الثّاني	نوامبر	tasharin alssani
الآن	الان	al-an
في الوقت الحاضر	امروزه	fi alvaghat alhazer
ليس في أي مكان	هیچ جا	lis fi ay makan
نووي	اتمی؛ هسته ای	nuvi
النواة	هسته؛ هستک	al-nava
الدفع	سقلمه	al-daf
مصدر الإزعاج	مایه رنجش	masdar alezaj
ملغي	تهی	molgha
أبطل	لغو کردن	abtal
خدران	سر؛ بیحس کردن	khadaran
العدد	شماره؛ شماره گذاری کردن	al-adad
التّخدّر	خدر؛ خواب رفتگی	al-takhddar
عددي	عددی؛ رقومی	adadi
الراهبة	راهبه؛ زن تارک دنیا	al-rahba
خشب قاسي	نور	khashb ghasi
الممرضة	پرستار	al-mamaraza
روضة الأطفال	مهد کودک	ruzt alatfal
البندق	آجیل	al-bandagh
مغذّي	ماده مغذی	maghazzi
القشر	ملخص کلام	al-gheshr
المجذاف	پارو	al-majzaf
الواحة	واحه	al-vahea
الطاعة	اطاعت؛ تمکین	al-taea
بدين	تپل	bedin
السمنة	چاقی	al-samana
طع	چاکری کردن؛ فرمانبرداری کردن	ta
شيئ	شیء	sheyye
الإعتراض	اعتراض	al-etaraz
مكروه	ناشایسته؛ قابل اعتراض	makruh
إلتزم	مجبور کردن	eltazam
مائل	مورب	mael
النسيان	فراموشی	al-nesyan
الغموض	تیرگی؛ تعسر	al-ghomuz
متزلّف	مزاج گو	motezallef
ملاحظ	مراقب؛ مراعات کننده	molahez
لاحظ	ملاحظه کردن؛ مشاهده کردن	lahez
توجّس	وسواس داشتن	tavajjos
الهوس	وسواس	al-havas
العقبة	مانع	al-aghba
العناد	معاندت؛ خیره سری	al-enad
الإعاقة	گرفتگی؛ سده	al-eagha
إحصل عليه	اخذ کردن؛ اکتساب کردن	ehsal alayhe
قابل للحصول	قابل حصول؛ بدست آوردنی	ghabel lalahsul
المناسبة	مناسبت؛ اقتضاء	al-manasba
من حين لآخر	گاهی؛ گهگاه	man heyn lakhar
إحتلّ	اشغال کردن	ehtall
الحدوث	وقوع	al-hodus
أكتوبر	اکتبر	aktubar
تشرين الأول	اکتبر	tasharin alavl
بصري	چشمی؛ باصرهای	basari
الإحتمالات	شانس	al-ehtamalat
القصيدة	چکامه	al-ghasida
مقرف	نفرت انگیز؛ کراهت آور	maghraf
الرائحة	عطر؛ رایحه	al-raeha
مجمل الأعمال	کار عمده؛ کار حیاتی	mojmal alamal
أهن	دلگیرکردن؛ اهانت کردن	ahn
الجانح	متخلف	al-janeh
مرتجلا	بداهه؛ بی تهیه	maratjala
الضابط	افسر	al-zabet
المسؤول	مقام؛ رسمی	al-masul
التعديل	افست	al-tadil
النسل	فرزندان	al-nasl
غالبا	کثیر الوقوع	ghaleban
في أغلب الأحيان	اغلب	fi aghlab alahian
أوه	اوه	ave
النفط	روغن	al-naft
زيتي	چرب؛ دهنی	ziti
المرهم	مرهم؛ مالیدنی	al-marham
الزيتون	زیتون؛ درخت زیتون	al-zitun
البيض المخفوق المقلي	خاگینه	al-beyz almakhfugh almaghli
الطالع	فال؛ اوعور	al-tale
مشؤوم	شوم؛ نامیمون	mashovm
الحذف	افتادگی؛ فروگذاری	al-hazf
القدرة الكلية	قدرت مطلق؛ قادر مطلق	al-ghadarat alkalia
على	بر روی	ali
عندما	یک بار	anadma
مقبل	روی دهنده؛ جلو رونده	moghbel
البصل	پیاز	al-basl
عبر الإنترنت	آنلاین	abr alentaranat
متصل	آنلاین	mottasel
بليد	مات؛ غیر شفاف	belid
مفتوح	باز، باز کردن	maftuh
الإفتتاح	دهانه؛ افتتاح؛ فرصت شغلی	al-eftatah
بشكل علني	آشکارا	beshekl alani
الأوبرا	اپرا	al-avbra
العملية	عملیات؛ عمل جراحی	al-amlia
شغّال	عملیاتی	shaghal
المشغل	اپراتور	al-mashghal
الرأي	نظر	al-ray
الأفيون	افیون؛ تریاک	al-afyun
المعارض	مقاوم؛ دشمن	al-moarez
عارض	مخالفت کردن؛ متضاد کردن	arez
المعارضة	مخالفت؛ طرفیت	al-maarza
إضطهد	جور کردن؛ جبر کردن	ezthad
مضطهد	مظلوم؛ مظلومیت	mazathad
المضطهدون	مستبدین	al-mazathadun
التفاؤل	خوشبینی	al-tafaol
إختياري	اختیاری؛ خیاری	ekhtyari
أو	یا	av
شفهي	شفاهی	shafei
البرتقال	پرتقال، نارنجی	al-baratghal
الخطاب	خطابه	al-khatab
الخطابة	شیوهسخنرانی؛ سخن پردازی	al-khataba
الجرم السماوي	کروی شدن	al-jaram alsamavi
المدار	مدار؛ دور گشتن	al-amdar
الأوركسترا	ارکستر	al-avrkastra
الطلب	سفارش، سفارش دادن	al-talab
بنظام	نظمی؛ مصدر	benezam
المدفعية	تخشایی	al-madafia
الخام	سنگ معدن	al-kham
عضوي	ارگانیک	ozvi
الكائن الحي	اندامگان؛ سازواره	al-kaan alhi
المنظمة	سازمان	al-monzamea
تنظيمي	سازمانی	tanzimi
نظّم	سازماندهی کردن	nazzam
المنظم	موسس؛ برگزار کننده	al-monazzam
المشرق	شرق؛ درخشندگی بسیار	al-mashregh
إنشأ	سرچشمه گرفتن	ensha
المنشئ	بنیانگذار؛ سبب ساز	al-maneshi
الحلية	زینت؛ زیور	al-halia
اليتيم	یتیم؛ پدرمرده	al-itim
ملجأ الأيتام	پرورشگاه؛ یتیم خانه	malaja alaytam
أرثذوكسي	فریور؛ راشد	arsazukasi
التذبذب	نوسان	al-tazabazb
تحجّر	استخوانی کردن؛ استخوانی شدن	tahajjor
مزعوم	قابل نمایش	mazum
نخر العظام	پوکی استخوان	nakhar alazam
النعامة	شتر مرغ	al-naama
الأونس	اونس	al-avns
لنا	مال ما	lana
خاصتنا	مال ما	khastna
أنفسنا	خودمان	anfasna
خارج	بیرون	kharej
التفشّي	شیوع	al-tafashi
البزّ	بس پردازی	al-bazz
السفرة	گردش	al-safara
المخرج	خروجی	al-makhraj
إبق	بیشتر دوام آوردن	ebgh
وجهة النظر	چشم‌انداز	vajahat alnazar
المخفر الأمامي	پایگاه مرزی	al-makhfar alamami
الناتج	خروجی	al-natej
شنيع	عصبانی کننده؛ بیداد گرانه	shani
الأطراف	حومه	al-atraf
البروز	برجسته	al-boruz
إلى الخارج	به‌طرف خارج	eli alkharej
زن أكثر منه	مهمتربودن از	zan aksar mane
الإهليليج	بادامی	al-ehlilij
مبايض	تخمدانی	mabayez
المبيض	تخمدان	al-mabiz
إنتهى	روی، تمام شده	entei
القهر	منکوب گر؛ طاقت فرسا	al-ghahr
خارج السفينة	بدریا؛ روی کشتی	kharej alsafina
تغلّب عليه	غلبه کردن	taghallob alayhe
متأخر	سر رسیده؛ موعد رسیده	moteakher
الفيض	طغیان؛ آگندن	al-feyz
فوق	بالاسری	fogh
التداخل	اشتراک داشتن؛ روی هم افتادن	al-tadakhol
أثقل	گرانبار؛ گران بار شدن	asghal
طلّ عليه	نادیده گرفتن	tall alayhe
ليلا	یک شبه	leyla
في الخارج	خارج از کشور	fi alkharej
أشرف عليه	نظارت کردن	ashraf alayhe
علني	نپوشیده	alani
مسقط	منقرض؛ مظمحل	masghat
إنقلب	واژگون کردن	enghalb
إغمر	غرق کردن	eghmar
البيضة	تخم؛ تخمک	al-biza
دن	مدیون بودن؛ بدهکار بودن	dan
البومة	جغد؛ بوف	al-buma
المالك	مالک	al-malek
الملكية	مالکیت	al-malkia
الثور	نره گاو	al-sor
أكسفورد	اکسفورد؛ آکسفورد	aksafurad
الأكسدة	ترکیب اکسیژن	al-aksda
الأكسيد	اکسید	al-aksid
الأوكسجين	اکسیژن	al-avksajin
عالج بالأكسجين	اکسیژنه	alej balaksajin
الأوزون	اوزون	al-avzun
السرعة	شلنگ؛ خرام	al-sara
المحيط الهادي	صلح جو	al-mohit alhadi
المهدّئ	آرام کننده	al-mohadda
إهدأ	آرامش دادن	ehda
الرزمة	بسته	al-razma
الوسادة	پد	al-vasada
وثني	مشرک؛ غیر مسیحی	vasni
الصفحة	صفحه	al-safha
مؤلم	منقش	molam
غير مؤلم	بیدرد	gheyr molam
جادّ	رنجبر؛ زحمت کش	jadd
الرسام	نقاش	al-rassam
الدهان	نقاش	al-dean
الذوق	سق؛ حنک	al-zogh
الحضيرة	رنگ‌پریده؛ کم‌رنگ	al-hazira
المفرش	ماله صافکاری	al-mafarrash
النخلة	کف دست	al-nakhala
الشلل	زمین گیری	al-shalal
مدلّل	نازپرورده	modallal
الكتيب	جزوه	al-katib
كاتب منشورات	جزوه نویس	kateb manshurat
المقلاة	گودال آب	al-maghla
بنما	پاناما	benama
الفطيرة	نان ساجی	al-fatira
لوح الزجاج	قاب شیشه	loh alzojaj
الدرع	کاملا مجهز؛ سلاح کامل	al-dar
الإستعراض	چشم انداز	al-estaraz
اللهث	له له	al-lahs
المخزن	گنجه؛ دولاب	al-makhzan
الملابس الداخلية	شلوار	al-malabes aldakhlia
العمل الكتابي	کاغذ بازی	al-amal alketabi
الجنة	رضوان؛ عدن	al-jana
النفط الأبيض	پارافین	al-naft alabiz
الفقرة	پاراگراف	al-faghara
المتوازي	موازی	al-motevazi
مشلول	فالج؛ افلیج	mashlul
شلّ	لنگ کردن؛ فلج کردن	shall
البارامتر	پارامتر	al-baramtar
أعادة الصياغة	تاویل؛ تاویل کردن	aadat alsiagha
شلل نصفي سفلي	فلج پا؛ پا فلجی	shalal nesfi sofla
الطفيلي	انگل؛ طفیلی	al-tofeyli
طفيلي	انگلی؛ پارازیتی	tofeyli
العفو	بخشش؛ آمرزش	al-afv
الوالد	والد	al-valed
الأباء	اولیاء؛ والدین	al-aba
جِداري	جداری	jedari
باريس	پاریس	baris
الأبرشية	اهل محله	al-abrashia
المتنزه	پارک، پارک کردن	al-matnaze
البرلمان	مجلس؛ کنگره	al-barleman
برلماني	پارلمانی؛ مجلسی	barlamani
إطلاق السراح	عفو مشروط؛ قول مردانه	etlagh alsarah
الببغاء	محل ارکسترنمایش؛ باچوب فرش کردن	al-babgha
المراوغة	دورسازی	al-maravgha
إشترك	بهره داشتن؛ قسمت بردن	eshtarak
جزئي	موضعی؛ طرفدارانه	jazii
التحيّز	جانب داری	al-tahyyoz
المشارك	حاضر؛ شریک	al-masharak
شارك	شرکت کردن؛ مشارکت کردن	sharak
الإشتراك	مشارکت	al-eshtarak
معيّن	خاص	moayan
المحارب	پارتیزان	al-mohareb
جزئيا	یک چند؛ دریک جزء	jazia
الشريك	همکار، شریک	al-sharik
الشراكة	مشارکت	al-sharaka
الحزب	مهمانی، حزب	al-hezb
الآباء	گام رقص	al-aba
المرور	گذرگاه؛ قطعه متن	al-morur
المسافر	مسافر	al-mosafer
العاطفة	شهوت؛ شور	al-atfa
جواز السفر	گذرنامه	javaz alsfar
كلمة مرور	رمز عبور	kalmat morur
الماضي	گذشته	al-mazi
المعجون	خمیر؛ چسب	al-majun
المرعى	چراندن؛ چراگاه	al-mari
بات	به‌طور مناسب	bat
الرقعة	وصله؛ جالیز	al-ragha
الترقيع	کارسرهم بندی؛ وصله دوزی	al-targhi
براءة الإختراع	منشور؛ امتیاز نامه	berat alekhtara
الطريق	معبر	al-tarighe
مثير للشفقة	تاثرآور	masir lalashfgha
مسبّب المرض	مرض خیز	mosabbab almaraz
باثولوجي	پاتولوژی	basuluji
إخصائي الأمراض	مرض شناس؛ آسیب شناس	ekhsai alamraz
علم الأمراض	پاتولوژی؛ مرض شناسی	elm alamraz
الصبر	صبر	al-sabr
المريض	بیمار	al-mariz
بصبر	صبورانه	besabr
الوطني	پاتریوت؛ وطن پرست	al-vatani
وطني	وطن دوستی	vatani
الوطنية	وطن پرستی؛ وطن دوستی	al-vatania
الدورية	گشت؛ گشتی	al-duria
الراعي	مشوق	al-rai
الكلام السريع	لهجه محلی	al-kalam alsari
الفقير	گدا؛ بی نوا	al-faghir
المهلة	مکث کردن، مکث	al-mahla
معبّد	سنفرش شده	moabbad
الرصيف	فرش؛ سنگفرش	al-rasif
السرادق	جایگاه؛ درکلاه فرنگی	al-saradagh
الكفّ	پنجه؛ پنجه زدن	al-kaff
البيدق	گرو؛ گرو گذاشتن	al-beydagh
واجب الدفع	دادنی؛ پرداختنی	vajeb aldaf
الدفعة	اجاره؛ پرداخت	al-dafa
البازلاء	نخود	al-bazla
السلام	صلح	al-salam
سلمي	صلح دوست	salmi
بسلام	از راه مسالمت	besalam
العجيج	صدای پیوسته؛ صدای مسلسل	al-ajij
الكمثرى	گلابی؛ امرود	al-kamasri
اللّؤلؤ	مروارید؛ مرواریدی	al-lolo
الفلاح	رعیت	al-falah
طبقة الفلاحين	رعایا؛ دهقانی	tabghat alfalahin
المكيال	نوک زدن؛ نک زدن	al-makial
صدري	صدری	sadri
الدواسة	رکاب؛ پدال	al-davasea
البائع المتجول	دورگرد؛ دوره گرد	al-bae almotejavvel
الركيزة	پایه؛ پایه مجسمه	al-rakiza
الماشي	پیاده؛ رهگذر	al-mashi
مقشّر	پوست کنده	moghashar
الندّ	همتا	al-nadd
لقب النبيل	مقام اشرافی	laghab alnabil
الوتد	میخچوبی؛ شبیه میخ	al-vatd
الفروة	پوستک؛ خامسوز	al-forua
حوضي	لگنی	huzi
القلم	خودکار	al-ghalam
جزائي	مجازاتی؛ کیفری	jazai
العقوبة	جریمه	al-aghuba
قلم الرصاص	مداد	ghalam alrasas
بانتظار	امر معلق	bantazar
البندول	آونگ؛ پاندول	al-bandul
إخترق	نفوذ کردن؛ رخنه کردن	ekhtragh
الإختراق	ثاقب؛ نافذ	al-ekhtaragh
شبه الجزيرة	شبه جزیره	shebh aljazira
القضيب	دول؛ چر	al-ghazib
سجن التأديب	ندامتی؛ ندامتگاه	sejn altadib
مفلس	نادار؛ بی زر	mofles
بينسلفانيا	پنسیلوانیا	binsalafania
البنس	پنی	al-bans
الراتب التقاعدي	مستمری؛ مقرری	al-rateb altaghaodi
المتقاعد	وظیفهخوار؛ مستمری بگیر	al-moteghaed
جدّي	گرفتار غم	jeddi
السقيفة	ساباط؛ کبوتر خانه	al-saghifa
الناس	مردم	onnas
الفلفل	فلفل	al-felfel
لكلّ	در هر	lakall
أدرك	درک کردن	adrak
في المئة	درصد	fi almaea
بالمئة	درصد	balmaea
بالمائة	درچند؛ درصد	balmaea
النسبة المئوية	درصد؛ سدیاچند	al-nasbat almavia
محسوس	ادراک شدنی	mahsus
نهائي	حکمی؛ شتاب آمیز	nahai
الكمال	کمال؛ بی عیبی	al-kamal
بشكل مثالي	بکمال	beshekl mesali
مثقّب	سوراخ شده؛ خلل و فرج دار	mosaghab
أدّ	اجرا کردن	add
الأداء	اجرا؛ طرز کار	al-ada
المؤدّي	کننده؛ مرتکب	al-moddi
دوري	دوری؛ تناوبی	duri
النشرة الدورية	مجله؛ نوبتی	al-nasharat alduria
الوحدة الملحقة	جنبی؛ پیرامونی	al-vahadat almalahgha
بشكل دائم	به طور دائمی	beshekl daem
جائز	مجاز؛ روا	jaez
عمودي	عمودی؛ ستون وار	amudi
أدم	جاودانی ساختن	adm
حائر	حیرت زده	haer
الحيرة	حیرت؛ سرگردانی	al-hira
المثابرة	ابرام؛ پشتکار	al-masabra
الفارسي	فارسی؛ ایرانی	al-farsi
إستمرّ	پیله کردن؛ پافشاری کردن	estamarr
مثابر	ماندگار؛ سمج	masaber
بإصرار	مصرانه؛ مصرا	besrar
شخصي	شخصی	shakhsi
الشخصية	شخصیت	al-shakhsia
شخصيا	شخصاً؛ بنفسه	shakhsia
التجسيد	همانند دیگری	al-tajsid
مشخّص	مجسم	moshakhas
الموظفون	پرسنل؛ اعضا اداری	al-muzfun
المنظور	لحاظ؛ چشمانداز	al-manzur
العرق	تعریق؛ رشحه	al-aragh
تعرّق	عرق کردن؛ عرق ریختن	taarrogh
بيرو	پرو	biru
الإفساد	بدراهی	al-efsad
الآفة	مرگی	al-afa
الحيوان الأليف	حیوان خانگی	al-heyvan alalif
بيترسبيرغ	پترزبورگ	bitrasabiragh
بيترسون	پیترسون	bitrasun
العريضة	عرضحال؛ دادخواست	al-ariza
الملتمس	متظلم؛ دادخواه	al-moltames
مرعب	متحجر	marab
البنزين	بنزین	al-benzin
التغضّب	کج خلقی؛ زود رنجی	al-taghazzob
الحلق	حلقوم؛ گلوگاه	al-halgh
المرحلة	وجه؛ مرحله	al-marahala
الدرّاج	تذرو	al-darraj
الظاهرة	پدیده؛ حادثه	al-zahra
مدينة فيلادلفيا	فیلادلفیا	madint filadalfia
محب للبشر	بشردوست؛ نوعدوست	moheb lalabashr
المحسن	بشردوست	al-mohsen
فلبيني	فیلیپین	falbini
الفلبين	فیلیپین	al-falbin
الفيلسوف	فیلسوف	al-filsuf
فلسفي	فلسفی	falsafi
الفلسفة	فلسفه؛ حکمت	al-falasfa
فينكس	سمندر؛ سیمرغ	finkas
الهاتف	تلفن، تماس گرفتن	al-hatef
الفسفور	فسفر	al-fasfur
المصور	عکاس؛ عکس بردار	al-mosavvar
فوتوغرافيّ	عکسی	futugharafyy
التصوير الفوتوغرافي	عکاسی؛ عکس برداری	al-tasvir alfutughrafi
العبارة	عبارت	al-abara
جسديا	جسماً	jasdia
الفيزياء	فیزیک	al-fizia
فسلجي	تنکردی	fasalji
علم وظائف الأعضاء	علمالابدان؛ علم طبیعی	elm vazaef alaza
البيانو	پیانو	al-bianu
أبلق	ابلق؛ پیسه	ablagh
مرقّط	ابلق؛ پیسه	moraghat
مرفأ السفن	جرز؛ اسکله	marafa alsafan
إثقب	سپوختن؛ سفتن	esghab
التقوى	تدین؛ دیانت	al-taghavi
الخنزير	خوک	al-khanzir
الحمامة	کبوتر	al-hamama
الصبغة	رنگدانه؛ رنگیزه	al-sabgha
البيك	نوک نیزه؛ اردک ماهی	al-bik
سمكة	نوک نیزه؛ اردک ماهی	samka
الحاجّ	حاجی؛ زوار	al-hajj
الحجّ	زیارت؛ زیارت رفتن	al-hajj
الحبة	قرص	al-haba
الطيار	خلبان	al-tyar
مقاد	راننده دار	maghad
الدبّوس	میل؛ سوزن	al-dabbvs
الصنوبر	کاج؛ صنوبر	al-senobar
الأناناس	آناناس	al-ananas
الوردي	صورتی	al-verdi
الرائد	پیشگام؛ پیشرو	al-raed
الإنبوب	لوله؛ چپق	al-enbub
الأنابيب	مغزی؛ نیزنی	al-anabib
القرصان	دزد ادبی؛ دزد دریایی	al-ghorsan
المسدّس	پارابلوم؛ هفت تیر	al-mosaddas
المكبس	پیستون؛ میله متحرک	al-makbas
أبريق	تنگ؛ سبو	abrigh
القاذف	تنگ؛ سبو	al-ghazef
المعزقة	دوشاخه؛ سه شاخه	al-maazgha
عديم الرحمة	بی ترحم	adim alrahma
بيتسبيرج	پیتسبورگ	bitsabiraj
التنسيب	جایابی	al-tansib
الطاعون	بلا؛ طاعون	al-taun
السهل	مسطح؛ دشت	al-sahl
المدعيّ	شاکی؛ دادخواه	al-madyy
الخطّة	برنامه، برنامه ریزی کردن	al-khatta
الكوكب	سیاره	al-kokab
اللوح الخشبي	تخته؛ تخته پوش کردن	al-loh alkhashbi
التغطية بلوح	تخته بندی	al-taghtit beloh
المخطّط	طراح	al-mokhattat
النبات	کاشتن؛ گیاه	al-nabat
الغرّاس	صاحب مزرعه؛ پرورنده گیاهان	al-gharras
البلازما	پلاسما	al-balazma
اللصقة	گچ؛ مشمع	al-lasgha
البلاستيك	پلاستیک	al-balastik
الهضبة	فلات؛ زمین مسطح	al-hazba
التصفيحات	آبکاری فلزی	al-tasfihat
أفلاطوني	افلاطونی	aflatuni
الفصيل	رسد	al-fasil
المسرحيّة	بازی کردن، نمایش	al-masarhyya
اللاعب	بازیکن	al-laeb
لعوب	بازیگوش	loub
زميل اللعب	همبازی	zamil allaeb
تذرّع	عرضحال دادن	tazarro
رجاء	خوشحال کردن؛ لطفا	raja
المسرّة	خوشایند؛ دلگشا	al-mosarra
الوعد	سوگند؛ گرو	al-vad
ذات الرئة	ذاتالجنب؛ برسام	zat alraea
محروث	شیاردار؛ شخمزده	mahrus
الزقزاق	مرغ باران	al-zaghzagh
العزم	پر کندن؛ ناگهان کشیدن	al-azam
السدادة	دوشاخه	al-sadada
الأجاص	گوجه؛ آلو	al-ajas
الريش	بال و پر	al-riyash
الشاقول	عمود بودن؛ عمق پیمودن	al-shaghul
السبّاك	لولهکش؛ لوله ساز	al-sabbak
النهب	غارت؛ تاراج	al-nahb
الجمع	جمعی؛ صیغه جمع	al-jam
الزائد	به اضافه	al-zaed
الجيب	جیب	al-jib
كتاب الجيب	کتاب جیبی؛ جزوه دان	ketab aljib
الشاعر	شاعر؛ غزل سرا	al-shaer
شاعري	نظمی؛ شاعرانه	shaeri
السمّ	سم؛ زهر	al-sam
سامّ	زهری؛ زهردار	sam
البوكر	سیخ زن؛ سیخ بخاری	al-bukar
الطعن	سقلمه	al-taan
بولندا	لهستان	bulnada
القطب	تیر؛ قطب	al-ghotb
المجادلة الإنفعالية	جدلی کردن؛ اهل جدل	al-majadlat alenfaalia
الشرطة	پلیس	al-sharta
السياسة	سیاست؛ خط‌مشی	al-siasa
الصقل	مالیدن؛ له	al-saghl
مؤدّب	مودب	mooddab
بشكل مؤدّب	مودبانه	beshekl mooddab
التأدّب	ادب؛ تربیت	al-taaddob
سياسي	سیاسی	siasi
السياسي	سیاستمدار؛ ساوس	al-siasi
إستطلاع الرأي	نمونه برداشتن؛ نظر خواهی کردن	estatla alray
غبار الطلع	گرد؛ دانه گرده	ghobar altal
التلوث	آلودگی	al-talvvos
تعدد الزوجات	چندگانی؛ بس گانی	taaddod alzojat
المركب الكيميائي	بسپار	al-morakkab alkimiai
البهاء	فر؛ غرور وتظاهر	al-baha
التفاخم	طمطراق؛ آب وتاب	al-tafakham
مغرور	باطمطراق؛ پرطمطراق	maghrur
البركة	دریاچه؛ غدیر	al-barka
ملجأ للفقراء	دارالمساکین؛ دارالعجزه	malaja lalafghara
بشكل سيئ	به‌طور ناچیز	beshekl siye
البوب	پاپ (موسیقی)، پاپ (چیزی)	al-bub
البابا	پاپ	al-baba
الخشخاش	خشخاش	al-khashkhash
شعبي	محبوب	shoabi
الشعبية	وجهه؛ محبوبیت	al-shabia
الترويج	محبوب سازی	al-tarvij
السكان	جمعیت	al-sakan
كثير السكان	پرجمعیت؛ پرسکنه	kasir alsakan
المسامات	منافد	al-masamat
البوابة	سر در	al-bavabea
النذير	فال بد	al-nazir
البرتغال	پرتقال؛ پرتغال	al-baratghal
البرتغالي	زبان پرتقالی	al-baratghali
الوقفة	ژست؛ ژست گرفتن	al-vaghafa
إيجابي	مثبت	eyjabi
إيجابيا	خوشبینانه؛ مثبتاً	eyjabia
إمتلك	دارا شدن؛ واجد بودن	emtalak
محتمل	ممکن	mohtamel
البريد	پست کردن، اداره پست	al-barid
أجرة البريد	پول پست؛ ارسال پست	ajrat albarid
بريدي	پستی	boridi
الملصق	پوستر	al-malsagh
الأجيال القادمة	اعقاب؛ اخلاف	al-ajial alghadma
أجّل	معوق کردن؛ موکول کردن	ajjal
التأجيل	تاخیر؛ تعویق	al-tajil
القدر	دیگ؛ تیان	al-ghadr
ملح القلي	پتاس؛ پتاس محرق	malh alghali
البوتاسيوم	پتاسیم	al-butasyom
البطاطة	سیب‌زمینی	al-batata
فعلا	به طور بالقوه	felan
الفخاريات	کوزهگری؛ سفالگری	al-fakhariat
الكيس	کیسه کوچک؛ کیف پول	al-kis
الكمّادة	ضماد	al-kamada
الدواجن	مرغ خانگی	al-davajan
الهجمة	درحال خیز	al-hajma
يهجم	درحال خیز	yahjam
الباون	پوند	al-baven
صبّ	ریختن؛ پاشیدن	sabb
المسحوق	گرد؛ پودر	al-mashugh
يشبه الطحين	گردی؛ آردی	yashbe altahin
القوّة	قدرت	al-ghavva
قوي	قادر؛ قوی	ghavi
بقوة	مقتدرانه	beghua
إنعدام القوّة	بی قوتی	enadam alghavva
عمليا	عملا	amlia
الممارسة	تمرین	al-mamarsa
المديح	تمجید؛ درود	al-madih
جدير بالثناء	هژیر؛ ستودنی	jadir balsna
المزحة	شوخی زننده؛ شوخی خرکی	al-mazha
صلّ	ذکر؛ نماز کردن	sall
الصلاة	نماز؛ دعا	al-sala
مصلّي	دعاگو	masalli
قبل	بر خلاف	ghabl
عظ	موعظه کردن؛ وعظ کردن	az
الواعظ	فقیه؛ روضه خوان	al-vaez
الوعظ	موعظه؛ روضه خوانی	al-vaz
الديباجة	مقدمه؛ توضیحات	al-dibaja
الإحتراس	اقدام احتیاطی	al-ehtaras
وقائي	احتیاطی؛ پیشگیرانه	vaghai
إسبق	مقدم بودن	esbagh
السبق	متقدم	al-sabgh
الدقّة	احتیاط کار	al-dagha
السلف	ماقبل؛ سلف	al-self
الأقدار	جبر؛ فلسفه جبری	al-aghdar
متوقّع	قابل پیش‌بینی	motevaqghe
التنبؤ	پیشبینی؛ غیبگویی	al-tanabo
سائد	مستولی	saed
المقدّمة	مقدمه؛ دیباجه	al-maghaddama
فضّل	ترجیح دادن	fazzal
التفضيل	ترجیح	al-tafzil
البادئة	پیشوند	al-badea
حبلى	آبستن؛ بارور	habli
قبل التأريخ	ماقبل تاریخ؛ ماقبل تاریخی	ghabl altarikh
الإجحاف	تعصب؛ غرض ورزی	al-ejhaf
التمهيد	مقدماتی؛ بدائی	al-tamhid
رئيس الوزراء	یک نمایشنامه؛ نخست وزیر	rais alvozara
المسلّمة	فرض قبلی؛ فرضیه مقدم	al-masallama
القيمة	اعلی؛ اعلاء	al-ghima
الهاجس	فکر قبلی	al-hajes
الإنشغال	گرفتاری؛ کار مقدم	al-enshaghal
التحضير	تهیه؛ تمهید	al-tahzir
تحضيري	تدارکی	tahziri
إستعدّ	آماده کردن	estaadd
الغالبية	سنگین تری	al-ghalbia
غير معقول	غیر طبیعی	gheyr maghul
القلفة	غلفه	al-ghalafa
الإمتياز	امتیاز مخصوص	al-emtiaz
الوصفة	نسخه؛ تجویز	al-vasafa
التقديم	عرضه؛ معرفی	al-taghdim
الحفظ	حفظ؛ حراست	al-hefz
المربى	نگاهداری کردن؛ کنسرو میوه	al-morabbi
الحافظ	حافظ؛ حافظه	al-hafez
رئاسي	ریاست جمهوری	raasi
السمعة	حیثیت؛ قدر ومنزلت	al-sama
إفترض	استنباط کردن؛ مسلم دانستن	eftraz
قبل الزمن	وانمودسازی	ghabl alzaman
الذريعة	وانمود؛ تظاهر	al-zaria
سد	چربیدن؛ غلبه کردن	sad
المنع	منع؛ جلوگیری	al-man
المانع	پیشگیر؛ پیشگیرنده	al-mane
سابق	قبلی؛ سابقی	sabegh
الفريسة	شکار؛ طعمه	al-farisa
السعر	قیمت	al-sar
الوخز	خار؛ خلیدن	al-vakhz
الفخر	غرور	al-efkhar
الكاهن	روحانی؛ مچتهد	al-kahan
الكهانة	کشیش بودن؛ مقام کشیش	al-kahana
زمّ	یاسم؛ نوار ابیض	zam
الإنتخابات	اصلی؛ اولیه	al-entakhabat
البدائي	اولیه؛ ابتدایی	al-badai
أوّليّ	اصل نخستین؛ عنصر نخستین	avvalyy
الأمير	شاهزاده؛ امیر	al-amir
الأميرة	شاهزاده‌خانم؛ شاهدخت	al-amira
المبدأ	اصل؛ عنصر	al-mabda
الطبعة	چاپ کردن	al-taba
الطابعة	پرینتر	al-taba
الطباعة	طبع؛ مطبعه	al-tabaa
مسبّق	قبلی	mosabbagh
السجين	بندی؛ زندانی	al-sajin
السرية	پوشیدگی	al-saria
خاصّ	خاص؛ خصوصی	khass
التجريد	حرمان؛ محروم سازی	al-tajrid
صاحب امتيازات	ممتاز؛ مصون	saheb emtiyazat
المحترف	جنبه مثبت	al-mohtaref
الإحتمال	احتمال	al-ehtamal
الإختبار	کار آموزی	al-ekhtbar
الإيراد	ادامه دادن	al-eyrad
الإجراءات	شرح مذاکرات	al-ejraat
المعالج	پرداز؛ پردازنده	al-moalej
المماطل	طفرهرو	al-mamatel
الإعجوبة	اعجوبه	al-ejuba
المنتج	تولید کردن	al-montaj
الإنتاج	تولید؛ ساخت	al-entaj
معدل الإنتاج	کارایی؛ فرآورش	moaddel alentaj
صرّح	ابراز ایمان کردن	sarrah
الأستاذ	استاد	al-astaz
ماهر	حاذق	maher
لمحة الحياة	پروفایل	lamhat alhia
الربح	صرفه؛ دخل	al-rebh
الربحية	سودبخشی؛ سودمندی	al-rabhia
الإستغلالي	استفادهچی	al-estaghlali
الفاسق	فاسد الاخلاق	al-fasegh
الوفرة	سرشاری	al-vafara
البرمجة	برنامه‌نویسی	al-baramja
التعاقب	تصاعد	al-taaghob
تقدمّي	مترقی	taghadmi
تحريمي	تحریمی؛ جلوگیری کننده	tahrimi
أطل	کشاندن؛ کشانیدن	atl
روّج له	درجه دادن؛ تمشیت کردن	ravvaj le
المروّج	کارساز؛ مروج	al-moravvej
الترقية	ترفیع	al-targhia
الأجل	فوری، تحریک کردن	al-ajl
منكفئ	درازکش	mankafi
إلفظ	تلفظ کردن	elfaz
التلفظ	تلفظ؛ ادای سخن	al-talaffoz
البرهان	علامت؛ اثبات	al-borhan
صحّح	غلط گیری کردن	sahhah
البراهين	براهین	al-barahin
الدعامة	شمشعک	al-daama
الدعاية	تبلیغ؛ پروپاگاند	al-daayea
التوليد	اشاعه	al-tolid
النبوءة	نبوت؛ رسالت	al-nabua
النبي	نبی؛ رسول	al-nabi
نبوي	پیغمبری؛ نبوی	nabavi
النسبة	نسبت	al-nasba
نسبي	نسبی؛ به نسبت	nesbi
متكافئ	متناسب کردن؛ متناسب شدن	matkafi
بشكل متناسب	به تناسب	beshekl motenaseb
مقترح	پیشنهادی	moghtareh
الإقتراح	خواستگاری	al-eghtarah
المقترح	گزاره	al-moghtareh
إقترح	عنوان کردن	eghtrah
ممل	نثری؛ کسل کننده	mamal
النثر	منثور؛ نثر	al-nasr
ناجح	خوشبخت؛ سعید	najeh
البروستات	پروستات	al-barustat
إحم	محافظت کردن	ehm
المحمية	کشور تحت الحمایه	al-mahmia
البروتين	پروتئین	al-borutin
الإحتجاج	ایراد؛ اعتراض	al-ehtajaj
البروتستانتيّ	پروتستان	al-barutasatantyy
المحتجّ	معترض	al-mahatjj
النظام	پروتکل؛ پیوند نامه	al-nezam
أبرز	جلو آمدهبودن	abraz
فخور	غره؛ مفتخر	fokhur
بشكل فخور	مفتخرا؛ دامن کشان	beshekl fokhur
أثبت	ثابت کردن؛ مسلم کردن	asbat
المثل	ضرب المثل؛ گفتار حکیمانه	al-masal
زوّد	فراهم کردن	zavvad
بروفيدانس	عاقبتاندیشی؛ آینده نگری	barvafidans
المجهز	رزاق؛ تامین کننده	al-mojahhaz
المحافظة	ایالت؛ استان	al-mahafza
القروي	ولایتی؛ استانی	al-gharuye
مؤقّت	موقت	mooghat
الإستفزاز	تهییج؛ برافروختگی	al-estafzaz
الإستفزازي	برانگیزنده؛ عصبانی کننده	al-estafzazi
أثر	تحریک کردن؛ خشمگین کردن	asr
رئيس المجلس	ناظم دانشکده	rais almajles
الجولة	پرسه زدن	al-jula
التّعقّل	مصلحت؛ حزم	al-taghal
متعقل	مدبرانه؛ مصلحتی	moteaqghel
بروسيا	پروس	barvasia
المزمور	سرود روحانی	al-mazmur
تعبير عن عدم الرضى	علامت تعجب	tabir an adam alrazi
داء الصدفية	داء الصدف	da alsadfia
روحي	روانی؛ پدیده روحی	ruhi
العالم النفساني	روان شناس	al-alam alnafsani
علم النفس	روان شناسی؛ معرفه النفس	elm alnafas
سن البلوغ	تکلیف؛ بلوغ	sen albolugh
الدعاية والإعلان	تبلیغات	al-daayet valelan
إنشر	منتشر کردن	enshar
الناشر	ناشر	al-nasher
جعّد	درهم کشیدن؛ جمع شدگی	jaad
النفخة	پک؛ باد کردن	al-nafkha
رئوي	ریوی	rauye
اللبّ	مغز؛ مغز ساقه	al-labb
المنبر	منبر؛ سکوب خطابه	al-manbar
النبض	نبض؛ فشار نبض	al-nabz
المضخّة	تلمبه؛ پمپ	al-mozakha
اللكمة	منگنه؛ مشت زدن	al-lakma
منقّط	مثل نقطه	monaghat
متمسّك بالشكليات	نکته بین؛ نکته سنج	motemassek balshekliat
مثقوب	پنچر	masghub
عاقب	سیاست کردن؛ عذاب کردن	agheb
العقاب	عذاب؛ کتک	al-oghab
الشرير	پانک	al-sharir
التلميذ	مردمک؛ حدقه	al-telmiz
الجرو	توله؛ سگ بچه	al-jaru
الشراء	خرید؛ شراء	al-shara
تماما	صرفاً	tamaman
حملة التطهير	پاک سازی	hamalat altathir
التنقية	تصفیه؛ تطهیر	al-tanghia
نقّ	تصفیه کردن؛ خالص کردن	nagh
النقاوة	صافی؛ صفا	al-naghava
الأرجوان	بنفش	al-arjuan
المضمون	مفهوم؛ مفاد	al-mazemun
الغرض	هدف	al-gharaz
عن قصد	عمدا؛ مخصوصا	an ghasd
المحفظة	کیف؛ غنچه کردن	al-mahafaza
قيحي	چرکدار	ghihi
المموّن	سورساتچی	al-momavvan
القيح	چرک	al-ghih
ضع	قرار دادن	za
الهرم	هرم	al-haram
المؤهل	شرایط لازم	al-maohal
تأهّل	واجد شرایط شدن	taahhol
النوعية	کیفیت	al-nuia
كمّي	کمی	kami
الشجار	ستیزه؛ جدال	al-shajar
مقلع الحجارة	شکار؛ معدن سنگ	maghla alhajara
الكوارت	کوارت	al-kavarat
الملكة	ملکه	al-malka
إقمع	فرو نشاندن	eghma
متشكي	شکوه گر؛ زود رنج	machaki
السؤال	سوال؛ پرسیدن	al-soal
الإستفتاء	پرسشنامه	al-estafata
الطابور	صف بستن	al-tabur
الفطنة	تندی؛ فرزی	al-fatana
الجنيه	یک لیره	al-janiye
اللحاف	دواج	al-lahaf
كوينسي	زهرباد	kavinasi
الكينين	گنه گنه	al-kinin
متحرر	متارکه؛ ول کردن	moteharar
الرعشة	ترکش؛ تیر دان	al-raasha
الإقتباس	نقل کردن	al-eghtabas
الأرنب	خرگوش	al-arnab
متطرّف	هار	motetarref
داء الكلب	هاری؛ بیماری هاری	da alkalb
التمييز العنصري	نژادپرستی	al-tamiz alonsori
العنصري	نژادپرست	al-onsori
الرفّ	طاقچه	al-raff
راوي قصص	داستانسرا	ravi ghesas
شعاعي	شعاعی؛ زندی	shoai
التألق	درخشندگی؛ درخشش	al-taallogh
متألق	ساطع؛ تابان	moteallegh
شعّ	تابیدن؛ درخشیدن	sha
الراديكالي	ریشهای؛ رادیکال	al-radikali
الراديو	رادیو	al-radiyo
الراديوم	رادیوم؛ شب چراغ	al-radyom
نصف القطر	شعاع؛ زند اعلی	nesf alghatar
الخرقة	کهنه؛ جل	al-khargha
السكّة	ریل	al-sakka
سكة الحديد	راه آهن؛ خط آهن	sakt alhadid
المطر	باران، باریدن	al-matr
قوس قزح	رنگین کمان	ghos ghazh
ممطر	بارانی؛ بارونی	mamtar
الخليع	شن کش	al-khali
الكبش	غوچ؛ سنبه زدن	al-kabash
تفرّع	منشعب کردن؛ شاخه دادن	tafarro
مدكّ البندقية	سنبه	madakk albanadghia
عشوائي	تصادفی	ashvai
الرتبة	پایه؛ مرتبه	al-ratba
إسلب	زیاد کاوش کردن	eslab
الفدية	فدیهدادن؛ فدیه	al-fadia
جشع	حریص؛ درندهخو	jash
الإغتصاب	تجاوز بناموس کردن	al-eghtasab
السيف	سخمه	al-seyf
نشوة الطرب	حالت؛ وجد	nashut altarab
نادر	طرفه؛ نادر	nader
نادرا	کمتر؛ نادراً	nadara
الندرة	ندرت؛ کمیابی	al-nadara
النذل	رذل؛ پدرسوخته	al-nazl
الطفح	عجول؛ سبکسر	al-tafh
الجرذ	موش بزرگ	al-jarz
بالأحرى	نسبتاً	balahri
عقلاني	معقول؛ عقلی	aghlani
عقلانيا	منطقا	aghlania
الخرخاشة	خسخس؛ خسخس کردن	al-kharkhasha
التخريب	نهب؛ بلا زده کردن	al-takhrib
مفترس	دله؛ پر اشتیاق	moftares
خام	خام؛ نپخته	kham
راي	پرتو؛ شعاع	ray
ردّ	واکنش نشان دادن	radd
ردّ الفعل	معرفی؛ انعکاس	radd alfel
الرجعي	ارتجاعی؛ مرتجع	al-raji
المفاعل	رآکتور؛ عامل واکنش	al-mafael
إقرأ	خواندن	eghra
مقروء	خواندنی؛ قابل خواندن	maghru
القارئ	خواننده	al-ghari
الجاهزية	آمادگی؛ سازمندی	al-jahzia
القراءة	خواندن (فعل)	al-ghara
جاهز	آماده	jahez
حقيقي	واقعی	haghighi
الواقعية	رآلیسم؛ واقع بینی	al-vaghia
واقعي	واقع بین	vaghei
حقا	واقعاًً	hagha
إحصد	درویدن	ehsad
المفغرة	درو گر؛ ماشین درو	al-mafaghra
رتّب ثانية	بازچیدن	rattab sania
إعادة التنظيم	باز چینی	eadat altanzim
إلى حدّ معقول	منطقی	eli hadde maghul
المفكّر	استدلال کننده	al-mofakkar
التفكّر	استدلال؛ تعقل	al-tafakkor
طمأن	دوباره اطمینان دادن	taman
الثائر	یاغی؛ عاصی	al-saer
عاصي	عاصی؛ شورشی	asi
الإنبعاث	باز زاد؛ تولد مجدد	al-enbaas
العودة إلى الحالة الطبيعية	اعاده؛ پس زدن	al-audat eli alhalet altabiia
أعد بناء	بازسازی کردن	ad bana
التوبيخ	زخم زبان	al-tobikh
الإستدعاء	یاد آوردن؛ فرا خواندن	al-estadaa
إعادة السبك	ازنو ریختن	eadat alsabak
إنحسر	دور شدن؛ پس رفتن	enhasr
الإيصال	دریافت؛ رسید	al-eysal
إستلم	دریافت کردن	estalam
المستلم	گیرنده	al-mastalam
الإستقبال	پذیرش	al-estaghbal
قابل	شنوا	ghabel
الكساد	رکود	al-kesad
التسميع	قرائت؛ قراعت	al-tasmi
متهوّر	بی احتیاط؛ بی پروا	motehavver
إستردّ	استرداد کردن؛ استرداد نمودن	estaradd
الإستصلاح	استرداد؛ احیا اراضی	al-estaslah
سهل التمييز	شناخت پذیر	sahl altamiz
تذكّر	دوباره جمع کردن	tazakkor
التذكّر	یادآوری	al-tazakkor
أوص به	توصیه کردن	avs be
التوصية	نظریه؛ توصیه	al-tosia
صالح	آشتی کردن؛ صلح دادن	saleh
أعد النظر فيه	تجدید نظر؛ تجدید نظر کردن	ad alnazar fih
المسجّلة	وقایع نویس	al-masajjala
الإستعانة	توسل	al-estaana
تعاف	خوب شدن؛ باز یافتن	taaf
التحسّن	بهبودی، بازیابی	al-tahasson
الإستجمام	تفریح؛ نزهت	al-estajmam
ترفيهي	تفریحی	tarfihi
المجنّد	استخدام کردن	al-mojannad
مستطيل	مستطیلی؛ راست گوشه	mostatil
الإستقامة	راست گری؛ صحت عمل	al-estaghama
الخوري	کشیش بخش	al-khori
المستقيم	روده راست	al-mostaghim
مسترد	اعاده دهنده؛ بهبودی بخش	mostarad
إرجع	تکرار شدن	erja
التكرار	تکرار؛ باز رخدادن	al-tekrar
أعد	بازیافت کردن	ad
أحمر	قرمز	ahmar
المحمّر	مایل بقرمز	al-mohammar
التسديد	رهیی؛ باز خرید	al-tasdid
الاحمرار	سرخی؛ حمره	al-ahmarar
خفّض	کاهش دادن	khaffaz
الشعبة المرجانية	جزیره نما؛ مرض جرب	al-shabat almarjania
إعادة الإنتخاب	تجدید انتخاب	eadat alentakhab
أحل	ارجاع دادن	ahl
الإحالة	مراجعه	al-ehala
العبوة الجديدة	دوباره پر کردن	al-obut aljadida
مصفّى	مهذب؛ مصفا	masaffi
النقاء	تصفیه	al-nagha
التصفية	قال	al-tasfia
إعكس	اندیشیدن؛ بازتابیدن	ekas
الإنعكاس	انعکاس؛ بازتاب	al-enakas
المصلح	بهساز؛ مصلح	al-mosleh
مقاوم	گردن کش؛ دیر گداز	moghavem
إمتنع	روگردان بودن؛ خود داری کردن	emtan
أنعش	حال آمدن؛ تجدید نیرو کردن	anash
الإنعاش	گوارا؛ مفرح	al-enash
المرطب	نیرو بخشی	al-martab
المأوى	پناه؛ ملجاء	al-mavy
اللاجىء	پناهنده	al-laji
إعادة المبلغ	مسترد شدن؛ مسترد داشتن	eadat almablagh
القمامة	رد کردن	al-ghamama
التفنيد	تکذیب	al-tafnid
إستعد	باز یافتن؛ دوباره پیدا کردن	estad
مهما يكن	صرفنظر از	mahma yakn
التجديد	ترمیم؛ تولید مجدد	al-tajdid
الفوج	هنگ	al-foj
الزيّ العسكري	لباس هنگ؛ لباس افسری	al-zayy alaskari
إقليمي	منطقهای؛ اقلیمی	eghlimi
المسجّل	ثبت کننده؛ مدیر دروس	al-mosajjal
الأسف	تاسف؛ اسف	al-asf
آسف	متاسف؛ نادم	asaf
بشكل آسف	معاللتسلف؛ مع التاسف	beshekl asaf
مؤسف	قابل تاسف؛ تاسف آور	maosaf
النظامي	منظم	al-nezami
الإنتظام	باقاعدگی	al-entazam
بإنتظام	منظما	bentazam
التعليمة	تنظیم؛ مقرره	al-talima
إعادة التأهيل	توانبخشی؛ نوتوانی	eadat altahil
التدريب	تمرین؛ تمرین نمایش	al-tadrib
الزمام	عنان؛ لجام	al-zemam
عزّز	تقویت کردن	azzaz
أعد تنصيب	دوباره برقرار کردن؛ دوباره بکار انداختن	ad tansib
المرفوض	نپسندیدن؛ وازدن	al-marfuz
إبتهج	شادی کردن؛ خوشی کردن	ebthaj
إنضمّ ثانية إليه	پاسخ دفاعی دادن	enzm sanit eliye
المعاودة	عود؛ نکس	al-maavda
تعلّق به	منسوب کردن؛ روایت کردن	taallogh be
العلاقة	رابطه؛ نسبت	al-alagha
القريب	منسوب؛ نسبی	al-gharib
إرتح	استراحت کردن	ertah
الإرخاء	استراحت؛ وارفتگی	al-erkha
التقوية	روله؛ رله	al-taghvia
لن	نرم شدن؛ رحم بدل آوردن	lan
الصلة	ربط	al-sala
ذو العلاقة	مربوط؛ متناسب	zu alalagha
الأثر	آثار مقدس	al-asr
الإغاثة	اعانه؛ تسکین	al-eghasa
إشعر بالإرتياح	تسکین دادن	eshar baleratiah
مرتاح	آسوده خاطر	martah
إترك	چشم پوشی؛ چشم پوشی شدن	etrak
المذاق	رغبت؛ مزه آوردن	al-mazagh
التردّد	اکراه؛ رغم	al-taraddod
ممانع	بیرغبت؛ بیمیل	mamane
بتردّد	بالاکراه	betaraddod
البقيّة	مانده؛ مابقی	al-baghyya
على نحو رائع	به طور قابل توجهی	ali nahv rae
إعادة زواج	ازدواج مجدد؛ تجدید فراش	eadat zavaj
تزوّج ثانية	تجدید فراش کردن	tazvvoj sania
الذكرى	یادبود؛ یادگار	al-zekri
ذكّر	متوجه کردن؛ یادآوری کردن	zakkar
رسالة التذكير	تذکر؛ یادآور	rasalt altazkir
ذكريات الماضي	خاطره؛ یاد بود	zekriat almazi
البقية	بقیه السیف	al-baghia
الندم	افسوس؛ پشیمانی	al-nadam
قابل للفصل	بردنی؛ برداشتنی	ghabel lalafsal
مدفوع الأجر	پاداشی	madfu alajr
عصر النهضة	رنسانس	asr alnahaza
المتمرّد	یاغی	al-motemarred
جدّد	تازه کردن؛ نو کردن	jaddad
الترميم	تجدید؛ نوسازی	al-tarmim
الصيت	نامآوری	al-siyat
رف	اجاره دهنده؛ اجاره نشین	raf
فئة الممثلين	زن هرزه؛ مرد هرزه	faet almamsalin
التصليح	تعمیر کردن	al-taslih
أعد دفع	باز پرداختن	ad daf
الإعادة	تکرار کردن	al-eada
مرارا وتكرارا	مجددا؛ علیالتوالی	marara vatakarara
الطارد	دافع؛ دافعه	al-tared
متسلّق	توبه کردن؛ اصلاح شدن	motesallegh
التوبة	توبه	al-tavabboa
إستبدل	جایگزین کردن	estabdel
التقرير	گزارش دادن؛ گزارش، گزارش دادن	al-taghrir
كتابة التقارير	گزارش‌دهی	katabat altagharir
مستحق الشجب	ناستوده؛ سرزنش کردنی	mostahagh alshajb
مثّل	نمایندگی کردن؛ نیابت کردن	massal
التمثيل	نیابت	al-tamsil
الممثل	نماینده؛ حالیکننده	al-mamsal
العمل الإنتقامي	جبران	al-amal alentaghami
اللوم	توبیخ؛ ملامت	al-lum
أعد إنتاج	تکثیر کردن؛ تناسل کردن	ad entaj
إعادة الإنتاج	تکثیر؛ تناسل	eadat alentaj
الزاحف	خزنده	al-zahef
الجمهورية	جمهوری	al-jamhuria
الجمهوري	جمهوری‌خواه	al-jomhuri
النبذ	ردی	al-nabz
تطلّب	طلبیدن؛ مستلزمبودن	tatallob
المتطلب	نیاز؛ مقرره	al-mattalab
الإنقاذ	دریافتن؛ رهانیدن	al-enghaz
الباحث	پژوهشگر	al-bahes
إشبه	شبیه شدن؛ مانند بودن	eshbe
إستاء منه	اظهار رنجش کردن	esta mane
الإحتياطي	ذخیره؛ محفوظ کردن	al-ehtiati
الخزان	مخزن؛ آب انبار	al-khazan
إستقرّ	اقامت کردن؛ منزل کردن	estagharr
سكني	محلی؛ مسکونی	sokna
إستقل	استعفا دادن	estghal
الإستقالة	کنارهگیری؛ استعفا	al-estaghala
عنصر الرزين	رزین؛ راتیانج	onsor alrazin
قاوم	مقاومت کردن؛ ایستادگی کردن	ghavam
المقاومة	مقاومت؛ استقامت	al-maghavma
حازم	مصمم؛ باعزم	hazam
العزيمة	تحلیل کردن؛ اراده کردن	al-azima
الملاذ الأخير	پرطنین؛ طنین دار	al-malaz alakhir
المصيف	توسل؛ تمسک کردن	al-masif
المصادر	ذخایر	al-mosader
متسما بالإحترام	محترمانه؛ محترما	matasma balehatram
خاص	مربوطه	khas
على التوالي	بترتیب؛ به ترتیب	ali altavali
التنفس	تنفس	al-tanaffos
تنفسي	تنفسی	tanaffosi
المستجيب	واکنش دار	al-mostajyeb
مسؤول	متصدی؛ مسئول	masul
متجاوب	جوابی؛ پاسخی	motejaveb
الإستراحة	استراحت، استراحت کردن؛ بقیه	al-estaraha
إعادة بيان	بیان مجدد	eadat bayan
المطعم	رستوران	al-matam
متململ	کله شق	matamlamal
ضبط النفس	جلو گیری	zabt alnafas
حدّد	محدود کردن	haddad
المحصلة	برآیند؛ منتجه	al-mahasala
الإستئناف	ادامه؛ باز یافت	al-estaenaf
الإحياء	حشر؛ رستاخیز	al-ehia
البيع بالمفرد	خرده فروشی	al-bey balmafarad
البائع	خرده فروش	al-bae
بيع بالمفرد	خرده فروشی	bey balmafarad
إنتقم	تلافی کردن؛ تقاص کردن	entagham
الإنتقام	تلافی؛ تقص	al-entagham
متخلّف عقليا	عقبافتاده	motekhallef aghlia
الإحتفاظ	حبس	al-ehtafaz
كتوم	کم گو؛ کم حرف	kotum
تقاعد	بازنشسته کردن؛ منزوی شدن	taghaod
التقاعد	بازنشستگی	al-taghaod
الردّ السريع	تلافی؛ جواب متقابل	al-radd alsari
إنسحب	در کشیدن؛ نکول کردن	enshab
إعادة جرّ	نکول؛ استغفار	eadat jarr
التراجع	عقب زدن؛ عقب نشینی	al-tarajo
يعود أدراجه	بازگشت، بازگشتن	youd adraje
لمّ شمل	باز پیوست؛ بهم پیوستگی	lam shaml
إعادة اتحاد	باز پیوست؛ بهم پیوستگی	eadat ettehad
يوحّد من جديد	دوباره متحد کردن؛ دوباره یکی شدن	yuhhad man jadid
يجمع ثانية	دوباره متحد کردن؛ دوباره یکی شدن	yajama sania
المراجعة	تند گشتن	al-maraja
يكشف	آشکار کردن؛ ظاهر کردن	yakashaf
يظهر	آشکار کردن؛ ظاهر کردن	yazahar
إباحة	الهام؛ مکاشفه	ebaha
إشهار	الهام؛ مکاشفه	eshhar
لهو صاخب	عیاشی	lahv sakheb
عربدة	عیاشی	arabda
انتقام	انتقام؛ خونخواهی	entegham
ثأر	انتقام؛ خونخواهی	sar
الدّخل	درآمد	al-dakhl
يتردد صداه	ولوله انداختن	yatardad sadah
صدى	طنین	sadi
تبجيل	حرمت؛ تکریم	tabjil
احترام	حرمت؛ تکریم	ehteram
تبجيلي	حرمتی؛ احترامی	tabjili
موقر	حرمتی؛ احترامی	movaghar
بخشوع	احتراماً	bekhoshu
باحترام	احتراماً	bahtaram
حلم يقظة	خیال خام؛ خیال واهی	helm yaghaza
خيال	خیال خام؛ خیال واهی	khial
أعكس	معکوس؛ ظهر	akas
تراجع	عود کردن؛ رجوع کردن	tarajo
ينقّح	تجدید نظر کردن	yanaghah
مراجعة	بازنگری	maraja
ريفيفال	احیا؛ تجدد	rififal
يحيي	احیا کردن؛ احیاء کردن	yahya
ينعش	احیا کردن؛ احیاء کردن	yanash
الثورة	طغیان؛ اغتشاش	al-sura
ثوري	انقلابی؛ آشوبگر	sori
در	دور زدن	dar
الخطابات	لفاظی؛ خطابت	al-khatabat
المصاب بالرّوماتيزم	روماتیسمی	al-masab balrrvmatizam
القافية	پساوند؛ قافیه ساختن	al-ghafia
الإيقاع	ضرب؛ نواخت	al-eygha
إيقاعي	مسجع؛ پرنواخت	eyghai
الضلع	دنده؛ مرز گذاشتن	al-zel
الشريط	نوار؛ روبان	al-sharit
الرزّ	برنج	al-razz
غني	ثروتمند	ghani
الغنى	خرپولی	al-ghani
الثراء	خرپولی	al-sara
الراكب	سوار؛ الحاقیه	al-rakeb
ريج	خرپشته؛ مرز بندی کردن	rij
يمين	درست، سمت راست	yamin
مستقيم	عادلانه؛ صالح	mostaghim
متصلّب	نرم نشو	motesalleb
رئيس العصابة	سر دسته؛ سر حلقه	rais alasaba
الشطف	مظمظه؛ غر غره	al-shatf
الإضطرابات	آشوب؛ شورش	al-eztarabat
مشاغب	غوغائی؛ آشوبگرانه	mashagheb
التمزّق	درانیدن؛ چاک دادن	al-tamazzogh
ناضج	رسیده؛ چیدنی	nazej
الناهض	برخیزنده؛ بلند شونده	al-nahez
المنسك	فرمان اساسی	al-mansak
الطقوس	آداب نماز	al-toghus
التنافس	رقابت؛ همچشمی	al-tanafos
النهر	رودخانه	al-nahr
قارعة الطريق	کنار جاده	gharat altarighe
تجوّل	پرسه زدن	tajvvol
الفرس الأغبر	تیماج؛ زرپور	al-fars alaghbar
الزئير	غرش؛ غریو	al-zair
الشواء	برشتن؛ سرخ کردن	al-shava
روب	سرقت کردن	rub
السارق	چپاولگر؛ غارتگر	al-saregh
السرقة	سرقت	al-sargha
متين	هیکل دار؛ قوی هیکل	matin
الصخرة	راک (موسیقی)؛ صخره	al-sakhara
صخري	سنگی؛ صخرهای	sakhri
الغشّاش	رند	al-ghashash
الدور	نقش	al-dur
اللفّة	گردیدن؛ غلت	al-laffa
الدحروجة	نورد؛ منگنه	al-dahruja
الروماني	رومی	al-romani
الرومانسية	عاشقانه	al-rumansia
رومانسي	خیالپرست؛ غیر ممکن	rumansi
روما	رم؛ روم	ruma
الجذر	ریشه؛ سنخ	al-jazr
المسبحة	تسبیح	al-masabha
الوردة	گل رز	al-varada
التعفن	پوسیدن؛ گندیدن	al-taaffon
الدوران	گشتن؛ چرخه	al-doran
مكوّر البدن	گلوله وار	mokavvar albadan
في العراء	زبر؛ زمخت	fi alara
الخشونة	زبری؛ ناصافی	al-khashuna
أيقظ	رماندن	ayghaz
الإيقاظ	منبه	al-eyghaz
الإندحار	هزیمت؛ تار و مار کردن	al-endahar
الروتين	روتین	al-rutin
الصفّ	ردیف؛ رده	al-saff
أحد أفراد العائلة المالكة	سلطنتی؛ شاهانه	ahd afrad alaelat almalka
الملكي	شاه پرست؛ طرفدار سلطنت	al-melki
العائلة المالكة	حقالامتیاز؛ حق امتیاز	al-aelat almalka
التدليك	مالیدن؛ ساییدن	al-tadlik
المطاط	لاستیک؛ لاستیکی	al-matat
الروبل	منات	al-rubl
متورّد	گلچهره؛ شنجرفی	motevarred
بوقاحة	گستاخانه؛ باگستاخی	bughaha
الحرمل	سداب	al-harmal
الكشكشة	ناصاف کردن	al-kashaksha
شراب الروم	عرق نیشکر	sharab alravam
الإشاعة	چو؛ شایعه	al-eshaa
المرة	دویدن	al-mara
العدّاء	دونده	al-adda
ريفي	رعیتی	rifi
يسرع	تازیدن؛ هجوم کردن	yasara
روسيا	روسیه	rusia
الروسي	روسی؛ زبان روسی	al-rusi
الصدأ	زنگ؛ زنگار	al-sada
الحفيف	خشخش؛ خش خش کردن	al-hafif
صدئ	زنگ زده	sadi
بدون رحمة	ظالمانه؛ بیرحمانه	bedun rahma
الجاودار	چاودار	al-javdar
السمّور	سمور	al-samvr
مقدّس	مقدس؛ حرام	moghaddas
التضحية	قربانی؛ فداکاری	al-tazhia
السرج	زین؛ غاشیه	al-sarj
من المحزن	با ناراحتی	man almahzan
السلامة	امن	al-salama
الزّعفران	زعفران؛ سورنجان	al-zafaran
الميرميّة	عقلا	al-mirmyya
سهمي	پیکانی	sahmi
الشراع	دریانوردی کردن	al-shara
الإبحار	دریانوردی	al-ebhar
البحّار	ناوی؛ دریانورد	al-bahhar
القدّيس	مقدس شمردن	al-ghaddis
السلطة	سالاد	al-salta
الراتب	حقوق	al-rateb
البيع	فروش	al-bey
الملح	نمک دار؛ درجه شوری	al-malh
اللعاب	تف؛ بزاق	al-loab
السلمون	ماهی آزاد	al-salemun
الصالون	آرایشگاه	al-salun
الصلت	نمک	al-salat
سام	سام	sam
العيّنة	نمونه؛ الگو	al-eayyana
القداسة	علو مقام	al-ghadasa
الملجأ	بست؛ تحصن	al-malaja
الرمل	شن؛ ریگ	al-raml
الحجر الرملي	سنگ سیاه؛ ماسه سنگ	al-hajar alramli
السندويتش	ساندویچ	al-sanduiyatash
صحي	بهداشتی؛ صحی	sahi
بابا نويل	پاپانول	baba navil
التهكّم	کنایه؛ متلک	al-tahakkom
بسخرية	کنایه آمیز	besakhria
الورم اللحمي	سارکوم؛ تومور بدخیم	al-varam allahmi
تهكمي	کنایه آمیز	tahakkomi
الزنار	ارسی	al-zanar
أشبع	فرو نشاندن	ashba
القمر الصناعي	قمر؛ ماهواره	al-ghamar alsanai
الحرير	اطلس؛ ساتین	al-harir
الهجو	هجا؛ طنز	elahju
هجائي	هزلی	hejai
الهجّاء	طنز نویس	al-hajja
مقنع	مرضی؛ رضایت بخش	moghanna
مشبع	سیراب؛ سیر شده	mashba
السّبت	شنبه	al-sabat
الصلصة	سس	al-salasa
السجق	کالباس؛ سوسیس	al-sajgh
وحشي	وحشی؛ سبع	vahshi
بشكل وحشي	وحشیانه	beshekl vahshi
العلماء	عقلا	al-olama
أنقذ	ذخیره کردن، نجات دادن	anghaz
المنقذ	ناجی؛ منجی	al-manghaz
الطعام المشهي	با مزه؛ مورد پسند	al-taam almeshei
نشارة الخشب	خاک اره	nasharet alkhashb
سكسوني	ساکسون	saksuni
قل	گفتن	ghol
الجلبة	گری	al-jalba
الغمد	نیام؛ غلاف شمشیر	al-ghamd
السقالة	داربست؛ چوب بست	al-saghala
التسقيل	داربستبندی	al-tasghil
السمط	آب پز کردن	al-samt
فروة الرأس	فرق سر	forut alras
المسح	ور انداز کردن؛ اجمالا مرور کردن	al-mash
الفضيحة	رسوایی	al-faziha
لوح الكتف	استخوان پهن	loh alketf
الندبة	اثر زخم داشتن	al-nadba
الوشاح	شال؛ روسری	al-vashah
القرمزيّ	شله؛ سرخ شدگی	al-gharamzyy
السيناريو	سناریو	al-sinariv
المشهد	صحنه	al-mashhad
المنظر	صحنه سازی	al-manzar
مشتمّ	معطر؛ بودار	mashatm
الإنشقاق الديني	اختلاف وتفرقهدرکلیسا	al-enshaghagh oddini
العالم	محقق	al-alam
المدرسة	مدرسه	al-madarasa
تلميذ المدرسة	پسر مدرسه؛ پسر مدرسه ای	telmiz almadarasa
مدير المدرسة	مکتب دار؛ ناظم مدرسه	modir almadarasa
علمي	علمی	elmi
المقصّ	مقراض؛ قطع کننده	al-maghass
سليطة اللسان	عتاب؛ بدحرفی کردن	salitat alalsan
المجرفة	چمچه؛ کج بیل	al-majarafa
الإزدراء	استهزاء؛ خردانگاری	al-ezdra
إسكتلندي	مردد بودن؛ ویسکی اسکاتلندی	eskatlandi
أسكوتلندا	اسکاتلند	askutalnada
الوغد	ارقه	al-vaghd
الكشّاف	پیشاهنگ؛ پیشاهنگی کردن	al-kashaf
قارب النقل	قایق تفریحی؛ وته پهن	ghareb alnaghl
الورطة	ستردن؛ ساییدن	al-varata
الخدش	خراشیدن	al-khadash
الشخبطة	گشاد نشستن	al-shakhabta
الصيحة	داد؛ جیغ	al-siha
الشاشة	صفحه نمایش	al-shashea
البرغي	پیچ؛ پیچ کردن	al-barghi
الكتاب المقدّس	کتاب آسمانی	al-ketab almoghaddas
التورع	وسواس؛ نهی اخلاقی	al-tavarro
فحص بدقّة	مدقق؛ تدقیق	fahs bedagha
النحّات	حجار؛ صورتگر	al-nahhat
النحت	مجسمهسازی	al-nahat
إنطلق	مسابقه کوتاه	entalgh
السطل	ذغالدان؛ گام تند	al-satl
المنجل	درو کردن؛ با داس بردن	al-manjal
سكوثي	سیت	sokusi
البحر	دریا	al-bahr
ساحل البحر	دریا کنار	sahel albahr
يربط	درزگیری کردن؛ درز گرفتن	yarabat
شاطىء البحر	کناره؛ دریاکنار	shati albahr
موسميّ	موسمی؛ فصلی	musmyy
الجلوس	نشیمن؛ نشیمنگاه	al-jolus
إنفصل	منتزع شدن	enfsal
إنفصالي	جدارو	enfasali
الإختلاء	عزلت؛ گوشه نشینی	al-ekhtala
الثانية	ثانیه؛ دوم؛ دوم، ثانیه	al-sania
ثانيا	ثانیاً	saniyan
السرّ	راز، مرموز	al-serr
السكرتير	منشی	al-sakartir
الإفراز	ترشح	al-efraz
سرّي	پنهان کار	sarri
سرّا	سرا؛ دزدکی	sarra
مقطعي	مقطعی؛ قطعه قطعه	maghtai
علماني	غیر روحانی	alemani
آمن	مصون؛ محفوظ	aman
الأمن	امان؛ امنیت	al-aman
الكرسي الحمّال	تخت روان	al-korsi alhamal
مقيم	نشسته؛ غیر متحرک	moghim
الراسب	جرم؛ رسوب	al-raseb
مغوى	مفتون	maghuye
مغري	فریبا؛ گمراه کننده	maghri
شاهد	دیدن	shahed
البذرة	دان؛ دانه	al-bazara
كثير البذور	تخمی؛ پرتخم	kasir albozur
أرد	پوییدن؛ تفحص کردن	ard
إبد	به نظر رسیدن	ebd
شبكة صيد	تور؛ سن	shabkat seyd
نهر السين	تور؛ سن	nahr alsin
إستول عليه	تصرف کردن؛ غصب کردن	estul alayhe
منتقى	پسندیدن؛ نشان کردن	mantaghi
إنتقائي	بهگزین؛ گزینشی	entghai
النفس	خود؛ خویشتن	al-nafas
أناني	خودخواهانه؛ خود پرست	anani
الأنانية	نخوت؛ خودپسندی	al-anania
المني	منی؛ نطفه	al-mani
نصف	نصف شده	nesf
الحلقة الدراسية	سمینار	al-halghat aldarasia
مجلس الشيوخ	مجلس سنا	majles alshoiyukh
عضو مجلس الشيوخ	سناتور	ozv majles alshoiyukh
أرسل	فرستادن	arsal
السنيغال	سنگال	al-sanighal
الشيخوخة	پیری	al-shikhukha
الأقدم	ارشد؛ بالارتبه	al-aghdam
الأقدمية	ارشدیت	al-aghdamia
الإحساس	احساس؛ آب و تاب	al-ehsas
المعقولية	احساس ودرک	al-maghulia
عاقل	محسوس؛ معقول	aghel
الحساسية	حساسیت	al-hasasia
حسّي	شهوانی؛ نفسانی	hassi
الجملة	جمله	al-jamala
منفصل	جدا	monfasel
منفصلا	جداگانه؛ جدا جدا	manafsla
الإفتراق	متارکه؛ فک	al-eftaragh
الإنفصالي	تجزیه طلب	al-enfasali
سبتمبر	سپتامبر	sabatmabar
أيلول	سپتامبر	aylul
نتن	پلشت؛ ماده عفونی	natn
صربيا	صربستان	sarbia
الصربي	صربستانی؛ صرب	al-sarbi
هادئ	متین	hadi
بجدية	جدا؛ بی شوخی	bejadia
الجدية	جذبه؛ جد	al-jadia
الخطبة	موعظه؛ روضه	al-khatba
الثعبان	حیه؛ ماربزرگ	al-saban
أفعواني	مارپیچ؛ مارپیچی	afuani
مسنّن	منغمز	mosannan
المصل	سرم؛ خونابه	al-masl
الخدمة	خدمات	al-khadma
متذلّل	شایسته نوکران	motezallel
الذلّ	نوکرمابی	al-zall
العبوديّة	چاکری؛ بندگی	al-abudyya
السمسم	کنجد	al-samsam
المحدّد	گذارنده	al-mohaddad
المستوطنة	مسکن؛ واریز	al-mastutna
المستوطن	مهاجر	al-mastutan
سبعة	هفت	saba
سبعة عشر	هفده	sabat ashr
سابعا	سابع؛ یک هفتم	sabean
سبعون	هفتاد	sabun
عدّة	چندین	adda
الشدّة	سختی؛ خشکی	al-shadda
خيّط	دوختن؛ خیاطی کردن	khayyat
الخياطة	خیاطی؛ دوزندگی	al-khiata
مخيّط	دوخته	mokhayat
ضعيف جنسيا	خنثا	zaif jansia
جنسي	جنسی؛ تناسلی	jensi
رثّ	نخ نما	rass
الظلّ	سایه؛ آسمانه	al-zall
مظلّل	سایه دار؛ سایه افکن	mozallal
إنكح	موی زبر	enkah
أشعث	پر مو؛ مو دراز	ashas
الشاه	شاه	al-shah
الهزة	لرزاندن	al-haza
سوف	باید (فعل کمکی)	suf
س	باید (فعل کمکی)	sin
ضحل	سطحی؛ تنکاب	zahl
مشكّل	شکل‌دار	moshakkal
بدون شكل	بیقالب؛ بی شکل	bedun shekl
السهم	اشتراک گذاشتن	al-seam
حامل الأسهم	سهامدار؛ سهمدار	hamel alaseam
إشحذ	تراشیدن؛ تند کردن	eshhaz
بحدّة	به شدت	behadda
الحدة	تیزی؛ حادی	al-hada
الحلاقة	تراش؛ تراشیدن	al-halagha
مغمد	غلافدار؛ نیامی	maghmad
الخراف	گوسفند	al-khoraf
يقشر	پوست؛ لاک	yaghashar
قوقعة	پوست؛ لاک	ghugha
راعي الغنم	چوپان؛ شبان	rai alghanam
مدير الشرطة	داروغه؛ ضابط شهربانی	modir alsharta
متن السفينة	سوار کشتی؛ کنار کشتی	matn alsafina
بنّاء السفن	کشتیساز	banna alsafan
بناء السفن	کشتیسازی	bana alsafan
الشحنة	محموله؛ مرسله	al-shahana
الشاحن	مسافر کشتی؛ محموله کشتی	al-shahan
حطام السفينة	غرق کشتی؛ کشتی شکسته شدن	hotam alsafina
القميص	پیراهن	al-ghamis
الصدمة	یکه؛ ضغطه	al-sadma
الصدم	تکان‌دهنده	al-sadam
لابس حذاء	نعل کفش	labes haza
النبتة	نهال؛ تیر زدن	al-nabta
إطلاق النار	شلیک؛ تیراندازی	etlagh alnar
الدكان	فروشگاه، خرید کردن	al-dakan
صاحب الدكان	دکاندار؛ مغازه دار	saheb aldakan
التسوّق	خرید	al-tasvvogh
الشاطئ	ساحل	al-shati
محروم	پشم چیده	mahrum
قصير	کوتاه	ghasir
قصّر	کوچک کردن؛ کوتاه کردن	ghassar
بعد قليل	به زودی	bad ghalil
قصير الأمد	کوتاه‌مدت	ghasir alamd
الطلقة	تیر؛ عکس	al-talgha
ينبغي	باید (فعل کمکی)	yanabaghi
الكتف	شانه	al-ketf
الدش	دوش	al-dash
مبهرج	خودنما؛ پرجلوه	mabahraj
الشضيّة	گلوله افشان؛ گلوله انفجاری	al-shazyya
الدّهاء	کیاست	al-daha
الصراخ	فریاد دلخراش زدن	al-sarakh
الروبيان	میگو	al-rubian
الضريح	ضریح؛ مرقد	al-zarih
إنكمش	انقباض؛ کوچک شدن	enkamash
الشجيرة	درختچه؛ بوته دار کردن	al-shajira
الجنبة	درختچه زار	al-janba
القشعريرة	لرزه	al-ghasharira
أغلق	بستن، بسته	aghlagh
الدرفة	پشت دری	al-darfa
سايبيريا	سیبریه؛ سیبری	saybiria
الشقيق	خواهر یا برادر	al-shaghigh
مريض	بیمار	mariz
الإمراض	بیمار کننده؛ بیزار کننده	al-emraz
الجانب	کنار	al-janeb
النخل	نخاله؛ بوجاری	al-nakhl
التنهدة	آه کشیدن؛ آوخ کشیدن	al-tanahda
البصر	دید؛ منظره	al-basar
التوقيع	امضا	al-toghi
هامّ	مهم؛ پرمعنی	ham
بيّن	باشاره فهماندن	bayyan
صامت	ساکت؛ خاموش	samet
الصورة الظلية	نیمرخ	al-surat alzalia
حريري	ابریشمی؛ حریری	hariri
دودة القز	کرم ابریشم؛ کرم پیله	dudat alghaz
العتبة	گسله بستری	al-atba
سخيف	مهمل؛ نافهم	sakhif
الفضة	نقره، نقره‌ای	al-faza
المصنوعات الفضيّة	نقره آلات	al-masnuat alfazyya
فضي	سیمگون؛ سیم اندود	fazi
سايمون	شمعون	saymun
بسّط	ساده کردن	bessat
ببساطة	بسادگی	bebasata
آني	همزمان؛ مقارن	ani
بشكل آني	همزمان؛ به طور همزمان	beshekl ani
بصدق	صمیمانه؛ صادقانه	besedgh
وتري	سخت پی	vatari
غنّ	آواز خواندن	ghann
المغني	خواننده	al-moghanni
الغناء	آواز خواندن	al-ghana
فرادى	منفردا؛ یک یک	faradi
المفرد	تکین	al-mofrad
المغسلة	منجلاب؛ چاهک	al-maghasala
الآثم	عاصی؛ مخطی	al-asam
الرشفة	جرعه؛ مزمزه	al-rashafa
المولى	پدری کردن	al-mola
الأخت	خواهر	al-akhat
إجلس	نشستن	ejlas
ستّة	شش	satta
ستّة عشر	شانزده	sattat ashr
السدس	سادس؛ سدس	al-sads
ستّون	شصت	sattvn
الحجم	اندازه	al-hajam
الهيكل العظمي	چارچوب؛ اسکلت	al-heykal alazmi
الشكوكية	دیرباوری	al-shakukia
المزلاجة	اسکی، اسکی کردن	al-mazlaja
التزحلق	اسکی	al-tazahalgh
بشكل ماهر	ماهرانه	beshekl maher
مسلوخ	مقشر	maslukh
نحيل	لاغر؛ نحیف	nahil
الرّبّان	ناخدای کشتی	al-rabban
المناوشة	کشمکش؛ زد و خورد	al-manavsha
التنورة	دامن	al-tanura
الجمجمة	جمجمه	al-jamajma
الطاقيّة	عرقچین؛ کلاه بره	al-taghyya
نافذة السقفية	پنجره طاق	nafazt alsaghfia
نحو السّماء	به‌طرف آسمان	nahv alssama
فترة الهدوء	شل کردن	fatarat alhadu
مقتول	مقتول	maghtul
اللغة العاميّة	عامیانه؛ اصطلاح عامیانه	al-laght alamyya
الصفعة	چک؛ سیلی	al-safa
اللوح	تورق؛ پلمه	al-loh
الذبح	کشتار؛ خونریزی	al-zebh
السلاف	اسلاو؛ اسلاو زبان	al-salaf
العبد	برده؛ غلام	al-abd
العبودية	برده‌داری؛ بندگی	al-abudia
خانع	غلام صحت	khane
الزلاجة	سورتمه راندن	al-zalaja
أملس	چرب ونرم	amlas
النوم	خواب؛ خوابیدن	al-num
النّعاس	خواب آلودی	al-naas
مؤرق	بی خواب	maoragh
الكمّ	آستین	al-kam
العدد الكبير	تعداد زیادی؛ چرخاندن ناگهانی	al-adad alkabir
الشريحة	قاش کردن؛ قاچ کردن	al-shariha
الوحل	لجن؛ خره	al-vahl
الزلّة	لغزش؛ سقطه	al-zalla
النعال	کفش راحتی؛ دم پائی	al-naal
زلق	سر؛ لیز	zalgh
السفينة الشراعية	قایق جنگی	al-safint alsharaia
فضلات الطعام	شلوار گشاد؛ آشغال خوری	fazlat altaam
حيوان الكسلان	تنبل	heyvan alkeselan
بشكل متخلف	هردمبیل؛ لا ابالی	beshekl motekhallef
بطيئ	آهسته	batii
ببطئ	به آرامی	babti
البطئ	کندی؛ تانی	al-bati
الركود	زمین باتلاقی؛ کاهش فعالیت	al-rokud
ماكر	موذیانه؛ رند	maker
صغير	کوچک	saghir
الجدري	آبله	al-jadri
هاتف ذكي	گوشی هوشمند	hatef zaki
الجذّاب	خرکننده؛ درهم شکننده	al-jazzab
المسحة	آغشتن	al-masha
سمك الهف	گداخته شدن	samak alhaf
الإبتسامة	لبخند، لبخند زدن	al-ebtasama
الدخان	دود، سیگار کشیدن	al-dkhan
بلا دخان	بی دود	bala dokhan
المدخّن	سیگاری؛ اهل دود	al-modakhan
التدخين	سیگار کشیدن	al-tadkhin
أنعم	صافکار	anam
النّعومة	روانی؛ صافی	al-nauma
التهريب	قاچاق؛ خفیه فروشی	al-tahrib
الوجبة الخفيفة	ته بندی	al-vajabat alkhafifa
الحلزون	حلزون؛ لیسه	al-halazun
الطقّة	بشکن؛ شتابزدگی	al-tagha
الفخّ	تله؛ با تله گرفتن	al-fakh
الزمجرة	دندان قروچه کردن	al-zamajra
الشمّة	بوکشیدن؛ فن فن کردن	al-shama
الشخير	خرخر؛ خرخره	al-shakhir
الخطم	پوزه؛ سرلوله آب	al-khatam
مثلج	برفی	maslaj
شمّ	انفیه؛ انفیه زدن	sham
الشمّ	انفیهزنی	al-sham
ركن الحانة	گرم ونرم؛ آماده ومجهز	rokn alhanea
لذا	بنابراین، خیلی	leza
الإنتقاع	آغشتن؛ خیساندن	al-entagha
الصابون	صابون	al-sabun
إرتفع	اوج گرفتن؛ بلند پرواز کردن	ertaf
ما يسمى	به اصطلاح	ma yasmi
المزعوم	به اصطلاح	al-mazum
إجتماعي	اجتماعی	ejtamai
الإشتراكية	سوسیالیسم؛ سوسیالیزم	al-eshtarakia
الإشتراكي	سوسیالیست؛ سوسیالیستی	al-eshtaraki
المجتمع	جامعه	al-mojtame
علم الإجتماع	انسان شناسی؛ جامعه شناسی	elm alejtama
الجورب	جوراب	al-jurab
المقبس	سرپیچ؛ بوشن	al-maghbas
الصوديوم	سدیم؛ سودیوم	al-sudyom
إنخفض	نرم کردن؛ شیرین کردن	enkhfz
بهدوء	بارامی؛ نرم نرمک	behadu
النعومة	ملایمت؛ شلی	al-nauma
برمجيات	نرم افزار	barmajiat
التربة	خاک؛ تراب	al-tarabboa
الزيارة	موقتا اقامت کردن	al-ziara
العزاء	مایه تسلی	al-aza
شمسي	آفتابی؛ شمسی	shamsi
اللحيم	لحیم؛ لحیم کردن	al-alahim
الجندي	سرباز	al-jondi
النعل	کف پا؛ تخت کفش	al-nal
صلب	محکم؛ استوار	solb
التضامن	همبستگی؛ بهم پیوستگی	al-tazaman
الصلابة	استواری	al-salaba
إنفرادي	گوشه نشین	enfaradi
الخلوة	انفراد	al-kholua
العزف المنفرد	تک	al-azf almonfared
سليمان	سلیمان؛ صلح دوست	soleyman
قابل للحل	حلپذیر؛ قابل حل	ghabel lalhal
حلّ	حل کردن	hall
قادر على الوفاء	حلال؛ مایع محلل	ghader ali alvafa
متجهّم	غم انگیز	motejahhem
البعض	مقداری، برخی	al-baz
شخص ما	کسی	shakhs ma
بطريقة ما	به نحوی	betarighat ma
الشيء	چیزی	al-shi
أحيانا	زمانی	ahiana
بعض الشّيء	تاحدی؛ مقدار نامعلومی	baz alshi
في مكان ما	جایی	fi makan ma
الإبن	پسر	al-eban
رنّان	طنین انداز	rannan
قريبا	به زودی	ghariban
السخام	دوده؛ دودهای کردن	al-sakham
سكّن	استمالت کردن؛ دل بدست آوردن	sakkan
مسخّم	دودهای	mosakham
متطوّر	پیچیده	motetavver
القرحة	ریشناک؛ جای زخم	al-gharha
الحمّيض	ریواس؛ ترشک	al-hamiz
الفارز	جور ساز	al-farez
الروح	روح؛ جان	al-ruh
الصوت	صدا، به نظر رسیدن	al-sot
الشوربة	سوپ	al-shurba
حامض	ترش؛ ترشیده	hamez
المصدر	منبع	al-masdar
الجنوب	جنوب	al-jonub
المنطقة الجنوبية الشرقية	جنوب شرقی؛ جنوب شرق	al-montaghet aljanubit alsharghia
جنوبي	جنوبی	jonubi
جنوبا	به‌سوی جنوب	januba
المنطقة الجنوبية الغربية	جنوب غربی	al-montaghet aljanubit algharbia
التذكار	یادگار؛ تحفه	al-tazkar
الخنزيرة	خوک ماده؛ ماده خوک	al-khanzira
البذر	حرث؛ تخم پاشی	al-bazr
الفضاء	فضا	al-faza
إسبانيا	اندلس؛ اسپانی	esbania
الإسباني	اسپانیولی	al-esbani
إسباني	اسپانیولی؛ اسپانیایی	esbani
إحتياطي	اضافی	ehtiati
الشرارة	جرقه؛ اخگر	al-sharara
البريق	جرقه؛ تلالو	al-barigh
العصفور	گنجشک	al-asfur
مكاني	فاصلهای	makani
تكلّم	صحبت کردن	takallom
المتكلّم	بلندگو، سخنران	al-motekallem
الإختصاصي	متخصص؛ ویژهگر	al-ekhtasasi
تخصّص	تخصص یافتن	takhassos
متخصّص	تخصصی	motekhasses
المواصفات	مشخصه؛ تصریح	al-mavasefat
المشاهد	تماشاگر	al-moshahed
الطيف	طیف؛ بیناب	al-teyf
خمّن	حدس و گمان زدن	khamn
المضارب	زمین خوار؛ سفته باز	al-mazareb
التهجّئ	هجی	al-tahajjo
إصرف	خرج کردن، گذراندن	esraf
أبو الهول	ابوالهول؛ سینه زن	abu alhol
التابل	ادویه	al-tabel
العنكبوت	عنکبوت	al-ankabut
الإنسكاب	ریختن	al-ensakab
شوكي	صلبی؛ شوکی	shoki
المغزل	دوک	al-maghzal
العمود الفقري	تیره پشت؛ ستون فقرات	al-amud alfaghri
اللولب	حلزونی؛ مارپیچ رفتن	al-lulb
البرج المدبّب	ساقه باریک	al-borj almodabbab
روحيا	روحا؛ غیر مادی	ruhia
البصاق	تف؛ خدو	al-basagh
النكاية	کینه	al-nakayea
الطحال	سپرز؛ طحال	al-thal
طحالي	اسپرزی؛ طحالی	tahali
الشظية	جبیره؛ آهن نبشی	al-shazia
الغنائم	خراب کردن	al-ghanaam
الناطق	سخنگو (مرد)	al-nategh
الناطقة	سخنگو (زن)	al-natgha
الإسفنج	ابر؛ لیف	al-esfanj
إسفنجي	لیفی؛ اسفنجی	esfanji
المتبنّي	ضامن؛ متقبل	al-matabnni
الضمان المالي	حمایت مالی	al-zeman olmali
آنيا	ناخودآگاه؛ خودبخود	ania
الملعقة	قاشق	al-malagha
البويغة	هاگ؛ هاگ آوردن	al-bavigha
الرياضة	ورزش	al-riaza
اللبس	ورزشی	al-labs
الرياضي	ورزشکار؛ ورزش دوست	al-riazi
بدون بقعّ	بی لکه؛ بی خال	bedun begha
الإلتواء	رگ کردن؛ بدرد آوردن	al-eltva
التمدّد	گل و گشاد	al-tamaddod
الرذاذ	افشاندن؛ دواپاشی	al-razaz
الربيع	بهار	al-rabi
موسم الربيع	بهار زندگانی	musem alrabi
الرشّ	گلنم؛ آب پاشی کردن	al-rash
الكرنب الصغير	جوانه؛ جوانه زدن	al-karanb alsaghir
شجرة التنوّب	صنوبر	shajarat altanvvob
المهماز	سیخک؛ مهمیز	al-mahmaz
الجاسوس	آبشت؛ خبرگیر	al-jasus
السرب	بهادران	al-sorb
قشريّ	فلس دار	ghashryy
بذّر	تبذیر کردن؛ اسراف کردن	bezzar
المربع	مربع	al-morabba
العصرة	چلاندن؛ فشاردن	al-asara
الملاّك	ملاک عمده	al-malak
السنجاب	سنجاب	al-sanjab
الطعنة	چاقو زدن؛ زخم چاقو	al-taana
الإستقرار	پشتکار؛ پایداری	al-estaghrar
الإسطبل	پایدار؛ طویله	al-estbal
الملعب	ورزشگاه؛ میدان ورزش	al-malab
الموظّفون	کارکنان؛ کادر	al-muzzafun
الحنطور	دلیجان	al-hantur
التمايل	گیج خوردن؛ یله رفتن	al-tamayol
راكد	راکد؛ کساد	raked
اللطخة	لکه؛ شایبه	al-latkha
السلم	پلگان؛ راه پله	al-salam
الإسناد	تیرکوبی	al-esnad
القصبة	ساقه؛ ساق	al-ghasba
الطابع	تمبر، مهر	al-tabe
الإندفاع	لگد کردن؛ لگد کوب	al-endafa
التوقّف تامّ	سکته؛ لنگی	al-tavaghof tam
النجم	ستاره؛ ستاره، ستاره‌دار کردن	al-najam
النشا	نشاسته؛ آهار	al-nesha
التحديق	خیره شدن؛ خیره نگریستن	al-tahdigh
ضوء النجوم	نور ستاره	zau alnojum
مليء بالنجوم	پرستاره	melli balnajum
باغت	زدگی؛ رمانیدن	baghat
جوّع	گرسنه ماندن	javva
الدولة	ایالت، بیان کردن	al-dula
أصول الحكم	ملک داری؛ کشور داری	asul alhakam
البيان	اظهار نظر	al-bian
الفطنة السياسية	دنیاداری	al-fatanat alsiasia
الخشخشة	ثابت؛ بی حرکت	al-khashakhsha
المحطة	ایستگاه	al-mahta
إحصائي	احسائی؛ آماری	ehsai
الإحصائيات	ارقام؛ آمار	al-ehsaiat
التمثال	مجسمه؛ تندیس	al-temsal
تمثالي	شبیه مجسمه؛ مجسمه وار	temsali
القوام	قدر وقیمت	al-ghavam
صامد	استوار	samed
إسرق	دزدیدن	esragh
البخار	بخار	al-bokhar
المركب البخاري	قایق بخاری	al-morakkab albokhari
الباخرة	ماشین بخار	al-bakhra
الجواد	توسن؛ وسیله نقلیه	al-javad
الفولاذ	فولاد؛ فولادی	al-fulaz
الجذع	ریشه؛ ساقه	al-jaz
الرائحة الكريهة	تعفن؛ زهم	al-raehat alkariha
الستينسل	استنسیل؛ استنسیل کردن	al-satinsal
بنت الزوج	نادختری؛ دختر خوانده	bant alzoj
زوج الأمّ	ناپدری؛ پدراندر	zoj alam
زوجة الأبّ	نامادر؛ مادرخوانده	zujat alabb
معقّم	سترون؛ استرون	moagham
العقم	عقیمی؛ سترونی	al-agham
الإستيرليني	پوند؛ استرلینگ	al-estiralini
مؤخّرة القارب	عبوس؛ عبوسانه	mokhart alghareb
الصّرامة	عبوسی	al-sarama
السماعة	گوشی	al-samaa
عامل الشحن	بارگیری وباراندازی کردن	amel alshahan
الحساء	خورش؛ دم کردن	al-hasa
صلّب	شق کردن؛ سیخ شدن	sallab
ما زال	هنوز	ma zal
السكون	ناروانی؛ بی حرکتی	al-sokun
منبّه	محرک؛ ماده محرک	monabbah
التحفيز	تحریک؛ انگیزش	al-tahfiz
اللدغة	نیش؛ گزش	al-ladgha
البخل	خست؛ بخل	al-bokhl
اللسع	گزنده	al-las
بخيل	زفت؛ ممسک	bakhil
النتانة	بودادن؛ بدبو کردن	al-natana
مشترط	مصرح	moshtaret
الإشتراط	مصرح؛ مصرحات	al-eshtarat
التحريك	هم زدن؛ بهم زدن	al-tahrik
المعدة	معده	al-mada
الحجارة	سنگ	al-hajara
حجري	باسنگ ساختن	hajari
الإنحناء	دولاشدن؛ خشوع کردن	al-enhana
الخزن	مخزن؛ انبارش	al-khazan
طابق	داستانی	tabagh
دور	داستانی	dur
العاصفة	طوفان	al-asfa
بيرة ستاوت	نوعی آبجو؛ قوی بنیه	birat satavat
يصفّي	صافی کردن	yasaffi
يجهد	صافی کردن	yajahad
المضيق	تنگه؛ بغاز	al-mazigh
الغرابة	غرابت	al-gharaba
الخنق	اختناق	al-khangh
إستراتيجي	سوقالجیشی؛ استراتژیک	estaratiji
الإستراتيجي	رزمآرا	al-estaratiji
الإستراتيجية	استراتژی	al-estaratijia
مرتّب	رگه دار	morattab
سترو	کاه؛ خس	satru
الشليك	چلم؛ توت فرنگی	al-shellik
التيه	ضلالت؛ بیراهه روی	al-tiye
الشارع	خیابان	al-share
قوّ	تقویت کردن	ghavv
الإجهاد	استرس، استرس وارد کردن	al-ejhad
النقّالة	برانکار؛ بسط یابنده	al-naghala
منكوب	دچار؛ مصیبت زده	mankub
بصرامة	به شدت	besarama
الخطوة الواسعة	گام؛ شلنگ	al-khotut alvasa
الخيط	زه کردن؛ رشته کردن	al-khit
مخطّط	راهراه؛ خطدار	mokhattat
الأشرطة	خطوط	al-ashrta
كافح	جدیت کردن	kafeh
التجوال	گرد؛ گردیدن	al-tajval
سدى	بافت بنیادی	sadi
نسيج داعم	بافت بنیادی	nasij daam
المعقل	قلعه نظامی	al-maghal
هيكلي	ساختمانی	heykali
الكفاح	تلاش؛ تنازع	al-kafah
اللحية الخفيفة	ته ریش؛ ریش زبر	al-lahit alkhafifa
بعناد	لجوجانه	beenad
الزرّ	ایلخی؛ گل میخ	al-zarr
الطالب	دانش آموز	al-taleb
الإستوديو	اتاقکار؛ هنرکده	al-estudiv
القرمة	سنگینکندهدرخت؛ ته شاخه	al-gharma
مذهل	خیره شدن؛ بهت زده	mazhal
الإذهال	خیره‌کننده	al-ezhal
الغباء	خرف؛ حماقت	al-ghaba
بشكل غبي	احمقانه؛ بی خردانه	beshekl ghabi
غباء	احمقانه؛ بی خردانه	ghaba
الإنذهال	گیجی؛ کند ذهنی	al-enzahal
زريبة الخنازير	شعیره؛ در طویله قرار دادن	zaribat alkhanazir
تحت حاد	زیرحاد	tahte had
أخضع	مقهور کردن؛ رام کردن	akhza
رفيع	متعال؛ برین	rafi
الغوّاصة	زیردریایی؛ تحت البحری	al-ghavvasa
الإستسلام	فرمانبرداری؛ اذعان	al-estaslam
التبعية	مادونی؛ فرمان برداری	al-tabia
لاحق	بعدی	lahegh
التذلّل	زیر زاوری	al-tazallol
الإعانة المالية	کمک مالی؛ کمک هزینه	al-eant almalia
إقتت	گذران کردن	eghtat
الإسم	شبیه اسم؛ مقدار زیاد	al-esam
تحت أرضي	تحت الارضی	tahte arzi
الضاحية	حومه شهر	al-zahia
في ضاحية مدينة	برون شهری	fi zahit madina
هدّام	خرابکارانه	haddam
خرّب	واژگون ساختن	kharrab
إنجح	موفق شدن	enjah
النجاح	موفقیت	al-najah
بنجاح	به موفقیت؛ با موفقیت	benajah
بالتوالي	متواترا	baltvali
مثل هذا	چنین	mesl haza
فجأة	ناگهان	faja
عان	خون کردن؛ خون شدن	an
المعاني	متحمل؛ درد کش	al-maani
المعاناة	رنج	al-maana
إكف	کفایت کردن؛ کافی بودن	ekf
الكفاية	کفایت؛ تکافو	al-kafayea
السكّر	شکر	al-sakkar
سكّري	شکری؛ شیرین زبان	sakkari
إيحائي	حاکی؛ تلقینی	eyhai
إنتحاري	مذبوحانه	entahari
الإنتحار	خودکشی؛ انتحار	al-entahar
الملائمة	مناسبت؛ سازگاری	al-malaema
مقدّم الطلب	خواستگار؛ عرضحال دهنده	moghaddam altalab
التعبيس	قهر	al-tabis
الكبريتات	سولفات	al-kebritat
الكبريت	گوگرد؛ کبریت	al-kebrit
سلطان	سلطان	soltan
المبلغ	وجه؛ مجموع	al-mablagh
بشكل وجيز	جستهو گریخته	beshekl vajiz
لخّص	خلاصه کردن؛ چکیده کردن	lakhas
الصيف	تابستان	al-seyf
الشمس	خورشید	ashams
شعاع الشمس	تیغ آفتاب	shoa ashams
الأحد	یکشنبه	al-ahd
عبّاد الشمس	روزگردک؛ گل آفتاب پرست	abbad ashams
غارق	فرورفته؛ غرق شده	gharegh
مشمس	آفتابی؛ آفتاب گیر	mashmas
شروق الشمس	مطلع؛ سحرگاه	shorugh ashams
الغروب	غروب؛ افول	al-ghorub
سطحي	سطحی؛ صوری	sathi
بشكل سطحي	صورتا	beshekl sathi
زائد عن الحاجة	غیر ضروری	zaed an alhajea
فوق طاقة البشر	مافوق انسانی	fogh taghet albashar
التفوق	شرف؛ تفوق	al-tafavvogh
السوق المركزي	سوپرمارکت	al-sogh almarkazi
عالم ماوراء الطبيعة	فوق العاده؛ مافوق طبیعت	alam mavara altabia
الخرافات	موهومات	al-khorafat
مؤمن بالخرافات	موهوم؛ خرافاتی	momen balkharafat
الإشراف	نظارت؛ مراقبت	al-eshraf
المشرف	سرپرست؛ ناظر	al-moshref
المجهّز	کارپرداز؛ تهیه کننده	al-mojahhaz
التجهيز	عرضه؛ تهیه کردن	al-tajhiz
الدعم	حمایت، حمایت کردن	al-daam
المؤيد	طرفدار؛ هواخواه	al-maoyd
على افتراض	بفرض	ali efteraz
الإفتراض	گمان؛ انگاشت	al-eftaraz
الإخماد	سرکوب؛ سرکوبی	al-ekhmad
أعلى	عالی؛ عظما	ali
الأمواج	خیزآب	al-amvaj
السطح	سطح؛ رویه	al-sath
الجرّاح	جراح	al-jarrah
الجراحة	جراحی؛ عمل جراحی	al-jaraha
جراحي	عمل جراحی	jarrahi
فظّ	بدمزاج	fazz
اللقب	شهرت؛ ورنام	al-laghab
الفائض	اضافات؛ مازاد	al-faez
المفاجأة	غافلگیری، غافلگیر کردن	al-mafaja
المفاجئة	غافلگیرکننده	al-mafajea
باندهاش	متعجبانه	bandhash
المسّاح	ممیز؛ مساح	al-massah
البقاء	بقا	al-bagha
الباق على قيد الحياة	بازمانده	al-bagh ali gheyd alhia
سريع التأثير	مستعد؛ فروگیر	sari altasir
المشتبه به	مظنون؛ موردشک	al-moshtabah be
الترقّب	درحال تعلیق	al-taraghob
مثير للشكّ	مشکوک؛ ظنین	masir lalashkk
المعيشة	روزی؛ استعانت مالی	al-maisha
التبختر	کبر فروشی؛ خود فروشانهگام زدن	al-tabakhtor
البجعة	غو؛ دجاجه	al-baja
التباهي	قروغمزه آمدن؛ شیک وبا	al-tabahi
الأسمر	گندمگون؛ تیره روی	al-asmar
أقسم	سوگند؛ ناسزا	aghsam
السويد	سوئد	al-savid
سويدي	سوئدی	savidi
الحلاوة	شیرینی؛ حلاوت	al-halava
الإنتفاخ	غلپیدن؛ باد کردن	al-entafakh
كنس	کج شده	kenes
السمامة	تندرو؛ تکاور	al-samama
السباحة	شنا کردن	al-sabaha
السبّاح	شناگر؛ شناکننده	al-sabbah
السويسري	سویسی	al-savisari
سويسرا	سوئیس؛ سوییس	suysara
متورّم	متورم؛ تاخیری	motevarrem
المقطع	هجا؛ سیلاب	al-maghta
التّكافل	زندگی تعاونی	al-takafal
رمزي	نمادی	ramzi
متعاطف	دلسوز	moteatef
يتعاطف	دلسوزی کردن؛ اظهار تاسف کردن	yataataf
يواسي	دلسوزی کردن؛ اظهار تاسف کردن	yavasi
إغمائي	غشی؛ غش دار	eghmai
الغشيان	سنکوپ	al-ghashian
مرادف	مرادف؛ مترادف	maradef
نحوي	نحوی	nahvi
الزهري	سفلیس	al-zahri
السوري	شامی؛ سوریه ای	al-suri
الحقنة	سرنگ؛ آبدزدک	al-haghana
منظّم	ترتیبی	monazzam
المنضدة	میز	al-monzadea
القرص	قرص؛ لوحه	al-ghors
طبل صغير	دمبک	tabl saghir
قليل الكلام	کم سخن؛ کم گفتار	ghalil alkalam
الأدوات	رسیدگی کردن، تکل	al-aduat
لبق	مردم دار؛ موقع شناس	labgh
تكتيكي	سوقالجیشی؛ تاکتیکی	taktiki
كثير اللمس	لامسه ای	kasir allams
عديم اللباقة	بی نزاکت؛ موقع نشناس	adim allabagha
الذيل	دم؛ ذنب	al-zeyl
متعقّب	دم دار	moteaqgheb
الخيّاط	خیاط؛ درزی	al-khayyat
الوارد	گرفتن	al-vared
الحكاية	طلق؛ سرگذشت	al-hakayea
الكلام	صحبت کردن	al-kalam
ثرثار	وراج؛ پرگو	sarsar
المتكلم	نطاق	al-motekallem
الشحم	پیه مالی کردن	al-shaham
أليف	آموخته؛ رام	alif
مروّض	دست آموز	moravvaz
اليوسفي	نارنگی	al-yusefi
ملموس	لمس کردنی	malmus
الدبابة	مخزن؛ حوض	al-dababa
مساوي	هم کف	mosaviye
الحنفية	ضربه زدن، شیر آب	al-hanfia
قماش النجود	ملیله دوزی	ghomash alnojud
القطران	قیر زدن؛ قیرمالیدن به	al-ghatran
التعريفة	تعرفه	al-tarifa
تلكّأ	درنگ کردن	talakka
الرُّصغ	خرده پا	al-rotashdidsgh
التكلّس	تاتار	al-takallos
الشرّابة	منگوله؛ شرابه	al-sharraba
الطعم	مزه؛ سلیقه	al-taam
الوشم	خال کوبیدن؛ خال کوبی کردن	al-vasham
الوَشْم	خال کوبی	al-vashm
أصحر	گندمی؛ گندمگون	ashar
النظام الضريبي	مالیاتی؛ مالیات بندی	al-nezam alzaribi
دافع الضرائب	مالیات دهنده؛ مالیات پرداز	dafe alzaraeb
الشاي	چای	al-shaye
علّم	آموزش دادن	allam
الفريق	تیم	al-farigh
الدمعة	اشک؛ دریدن	al-dama
باكي	گریان؛ اشکبار	baki
بشكل باكي	گریه کنان	beshekl baki
تقني	فنی؛ تکنیکی	taghni
التقنية	فن؛ تکنیک	al-taghnia
مضجر	ممل؛ کسل کننده	mazjar
المراهقون	نوجوانی	al-marahghun
البرقية	تلگراف؛ تلگرام	al-barghia
المنظار	تلکسوپ؛ تلسکپ	al-manzar
التلفزيون	تلویزیون	al-talaffozyun
أخبر	گفتن	akhbar
التهوّر	تهور	al-tahvvor
حساسية بالغة	فطرت	hasasit balgha
مزاجيّ	مزاجی	mazajyy
درجة الحرارة	حرارت؛ دما	darjat alharara
المعبد	معبد	al-mabad
بشكل مؤقت	موقتاً	beshekl moghat
ماطل	دست بدست کردآن	matel
أغرِ	فریفتن؛ اغواکردن	aghre
عشر	ده	ashr
متَقبَّل	قابل تصرف؛ قابل مدافعه	mataghbatashdidl
المستأجر	مستاجر؛ اجاره دار	al-mostaajer
عشرة أضعاف	دهگانه؛ ده چندان	asharat azaf
تينيسي	تنسی	tynisi
التنس	تنیس	al-tans
يوتّر	وخیم شدن؛ زمان فعل	yuttar
توتّري	کش دار	tavattori
التوتّر	تنش	al-tavattor
الخيمة	چادر؛ خیمه	al-khima
العشر	عشر	al-ashr
فاتر	ولرم؛ نیمگرم	fater
المحطة الطرفية	پایانه	al-mahtat altarfia
منتهي	فسخکردن؛ سپری کردن	montahi
الشروط	شرایط، اصطلاحات	al-shorut
الشرفة	تختان؛ تراس	al-sharfa
التضاريس	نوع زمین؛ عوارض زمین	al-tazaris
بشدة	به طرز وحشتناکی	beshada
أفزع	ترساندن	afza
الجندي المرابط	زمینی؛ ارضی	al-jondi almarabet
الإرهاب	وحشت	al-erhab
الإرهابي	تروریست	al-erhabi
مقتضب	مختصر ومفید	moghtazeb
العصر الجيولوجي الثالث	قسمت سوم	al-asr aljiyuluji alsales
الوصيّة	عهد؛ وصیت	al-vasyya
الخصية	تخم؛ بیضه	al-khasia
توتوني	توتنی	tutuni
تكساس	تکزاس؛ تگزاس	taksas
النصّ	متن	al-nass
الكتاب الدراسي	کتاب درسی	al-ketab aldarasi
المنسوج	بافته؛ بافتنی	al-mansuj
إشكر	تشکر کردن	eshkar
متشكّر	ممنون؛ شکور	moteshakker
ناكر للجميل	ناممنون	naker lalajmil
شكرا	ممنون	shakra
عيد الشكر	شکرگزاری	eyd alshekar
ذلك	که، آن	zalek
الذوبان	آب کردن؛ آب شدن	al-zuban
ال	حرف تعریف معین	el
أداة التعريف	حرف تعریف معین	adat altarif
المسرح	تئاتر؛ تماشا خانه	al-masrah
أنت	تورا	ant
لهم	مال آنها	lahm
خاصتهم	مال آنها	khaseteam
إياهم	آنها (مفعول)	eyaham
إياهنّ	آنها (مفعول)	eyahnn
أنفسهم	خودشان	anfaseam
ثمّ	سپس	sam
لاهوتيّ	لدنی	lahutyy
نظام اللاهوت	الاهیات؛ علمالادیان	nezam allahut
نظري	نظری	nazari
العالم النظري	نگرشگر	al-alam alnazari
النظرية	فرضیه؛ نگره	al-nazria
علاجّي	معالج	alajji
علم التداوي	درمان شناسی	elm altadavi
هناك	آنجا	hanak
التيار الدافئ	گرمایی	al-tyar aldafi
ميزان الحرارة	درجه؛ گرمانما	mizan alharara
هذه	این‌ها	haze
الأطروحة	پایان‌نامه	al-atruha
كما أطروحات الدّراسات العليا	پایان‌نامه	koma atruhat alddarasat alalia
هم	آنها	ham
هنّ	آنها	hann
سميك	انبوه؛ غلیظ	samik
الأجمة	کنام؛ شاخسار	al-ajma
بشكل كثيف	نسبتا انبوه	beshekl kasif
السّماكة	غلظت؛ قطر	al-samaka
اللصّ	دزد؛ ربا	al-lass
الفخذ	ران	al-fakhz
الكشتبان	انگشتانه	al-keshtban
رقيق	نازک؛ لاغر	raghigh
ذين	مال تو	zin
إعتقد	فکر کردن	etghad
النحافة	لاغری؛ نازکی	al-nahafa
الثلث	سوم	al-sols
ثالثا	ثالثا	salesan
العطش	عطش؛ تشنگی	al-atash
عطشان	تشنه	ateshan
ثلاثة عشر	سیزده	salast ashr
ثلاثون	سی	salasun
هذا	این	haza
إلى هناك	به آنطرف؛ به آنجا	eli hanak
أولئك	آن‌ها؛ کسانی	avlaak
ولو أنّ	اگرچه؛ هرچند	valo ann
مدروس	فکور؛ متفکرانه	madrus
بشكل مدروس	متفکرانه	beshekl madrus
ألف	هزار	alf
الألف	یک هزار	al-alf
التهديد	تهدید؛ تحدید	al-tahdid
ثلاثة	سه	salasa
ثلاثة أضعاف	ثلاثی؛ ثلاث	salast azaf
إدرس	خرمن کوبی کردن	edras
ثلاث مرات	سه مرتبه؛ سه دفعه	salas marat
مقتصد	مقتصد؛ صرفه جو	moghtased
إزدهر	پربرکت شدن؛ نشو و نما کردن	ezdhar
العرش	مسند؛ اورنگ	al-arash
خلال	از طریق	khalal
في كافة أنحاء	سرتاسر؛ سربسر	fi kafet anha
الرمية	انداختن؛ افکندن	al-ramia
الهدّة	هف هف	al-hadda
الإبهام	انگشت شست	al-ebham
الرعد	رعد؛ تندر	al-rad
الخميس	پنجشنبه	al-khamis
هكذا	بنابراین؛ بدین‌ترتیب	hakaza
مقعد المجذف	عقیم گذاردن	maghad almajzaf
خاصّتك	مال تو	khassatak
عظم القصبة	درشت نی	azm alghasba
التذكرة	بلیط	al-tazakra
الدغدغة	غلغلک؛ غلغلک دادن	al-daghadgha
المدّ	خیزآب؛ کشند داشتن	al-madd
الربطة	بستن؛ گره	al-rabta
النمر	ببر	al-namr
شدّ	تنگ کردن؛ سفت کردن	shadd
البلاطة	کاشی	al-balata
فلاحة	کشت وزرع	falaha
الفلّاح	اهرم سکانکشتی	al-fallah
الوقت	زمان	al-vaghat
الانضباط	بجا؛ بوقت	al-enzebat
جدول المواعيد	صورت اوقات	jadval almavaid
التوقيت	زمان‌بندی	al-tughiyat
الصوفان	فتیله فندک	al-sufan
توخّز	سوزش کردن	tavakhoz
المصلّح	بندزدن؛ سرهم بندی	al-mosallah
صغير جدا	ریز؛ ریزه	saghir joda
طرف إصبع القدم	تیپا؛ نوک پنجه	taraf esba alghadam
متعب	خسته	matab
التعب	خستگی	al-tab
لايتعب	نافرسودنی؛ بی لاستیک	laytab
النخب	برشته کردن؛ برشته شدن	al-nakhb
التبغ	توتون؛ تنباکو	al-tabgh
إصبع القدم	انگشت پا؛ شست پا	esba alghadam
سوية	با هم	savia
المرحاض	توالت	al-marhaz
متسامح	صبور؛ شکیبا	motesameh
عدد الخسائر	باج؛ حق العبور	adad alkhasaer
الطماطة	گوجه فرنگی	al-tamata
غدا	فردا	ghada
الطنّ	تن	al-tann
النغمة	لحن؛ آهنگ	al-naghma
الملاقط	انبر	al-malaghet
اللسان	زبان؛ لسان	al-alsan
اللّيلة	امشب	al-lila
الحمولة	تن شماری؛ بر حسب شماره تن	al-hamula
طن متري	تن	tan metri
لوزة الحلق	بادامک؛ لوزه	luzt alhalgh
أيضا	هم، خیلی	ayza
السنّ	دندان	al-sann
بلا أسنان	بی دندان؛ بدون دندانه	bala asnan
مزّق	علف بلند؛ گچ بری	mazzagh
ممزّق	دریده؛ گسیخته	momazzagh
السيل	سیل وار؛ جریان شدید	al-seyl
السلحفاة	سنگ پشت؛ لاک پشت	al-salahfa
إقذف	متلاطم شدن؛ لول زدن	eghzaf
كليا	مفصل؛ سرتاسر	kalia
الترنّح	تاتی	al-tarannoh
اللمس	مس؛ لامسه	al-lams
السياحة	سیاحت؛ جهانگردی	al-siaha
السائح	توریست	al-saeh
عاصبة	شریان بند	asba
رباط ضاغط	شریان بند	robat zaghet
المرابح	بلند انتشار دادن؛ بلند جار زدن	al-marabeh
نحو	به‌سوی؛ نسبت به	nahv
المنشفة	لنگ؛ حوله	al-monshafea
البرج	برج	al-borj
البلدة	شهر	al-balda
قابل للتقصّي	قابل تعقیب	ghabel lalatghassi
رغامي	نای مانند	raghami
قصبي هوائي	نای مانند	ghasabi havai
المسار	ردیابی کردن؛ رد پا گرفتن	al-amsar
سلس	سربراه؛ سست مهار	sals
تقليديا	علیالرسم؛ نقلا	taghlidia
المأساة	تراژدی	al-masa
مأساوي	غم‌انگیز	masavi
المقطورة	تریلی	al-maghtura
القطار	قطار، آموزش دادن	al-ghatar
المتدرب	کارآموز؛ فرهیختگر	al-motedarreb
المدرّب	مودب؛ پرورنده	al-modarrab
الخائن	غادر؛ غدار	al-khaen
الصعلوك	صدای پا؛ آسمان جل	al-saluk
دس	پامال کردن؛ پایمال کردن	das
أتمم	دادوستد کردآن؛ داد وستد کردن	atmam
الناسخ	آوانویس	al-nasekh
النقل	انتقال؛ واکهداشتن	al-naghl
تحوّل	استحاله یافتن؛ تغییر شکل دادن	tahavvol
المحوّل	مقلب؛ ترانسفورماتور	al-mohavval
عابر	گذرا؛ سپنج	aber
العبور	گزر؛ ترانزیت	al-obur
الترجمة	ترجمه؛ مترجمی	al-tarajma
نصف شفاف	فراتاب	nesf shaffaf
الإرسال	ارسال؛ مخابره	al-ersal
شفّاف	شفاف	shaffaf
النفايات	آشغال؛ خاکروبه	al-nafaiyyat
العناء	درد شکیدن	al-ana
السفر	سفر، سفر کردن	al-sfar
الصينية	طبله؛ سینی	al-sinia
أمين الصندوق	خازن؛ گنجور	amin alsandugh
الخزانة	گنجینه؛ گنجوری	al-khazana
ثلاث أضعاف	صدای زیر؛ سه برابر	salas azaf
الشجرة	درخت	al-shajara
عديم الأشجار	بی درخت	adim alashjar
إرتجف	ارتعاش؛ لرزیدن	ertjaf
مرتجف	لرزش دار	mortajef
الهلع	بیم وهراس	al-hal
الخطيئة	حد شکنی	al-khatiea
المثلث	مثلث؛ سه گوش	al-mosallas
مثلثي	مثلثی؛ سهگوشی	mosallasi
القبيلة	قبیله	al-ghabila
الرافد	ذمی؛ خراجگزار	al-rafed
الوشل	چکاندن؛ چکیدن	al-vashl
كعكة الفاكهة	سرسری گرفتن؛ کم بها	kakat alfakha
كعكات الفاكهة	ترهات	kakat alfakha
الزناد	راه‌اندازی کردن	al-zanad
تريليون	تریلیون	terilyun
الثالوث	تثلیث؛ سهگانگی	al-salus
ثلاثي	سه طرفه؛ سه جزئی	salasi
الإنتصار	پیروزی؛ ضفر یافتن	al-entasar
منتصر	منصور؛ فریاد پیروزی	montaser
بديهي	تخمی؛ جزئی	badihi
مداس	پامال	madas
القوّات	لشکر	al-ghavvat
إستوائي	گرمسیری؛ گرمسیر	estvai
الهرولة	یورتمه؛ یورتمه رفتن	al-harula
المنخفض	سنگاب	al-monkhafez
البنطلون	شلوار	al-banatlun
التراوت	قزل آلا؛ ماهی قزل آلا	al-taravat
إملج	ماله؛ ماله کشیدن	emlaj
الجملون	خرپا؛ پایه زدن	al-jamlun
ثقة	اعتماد؛ اعتبار	sagha
يثق	اعتماد؛ اعتبار	yasgh
الوصي	امانت دار	al-vasi
جدير بالثقة	موثق؛ معتمد	jadir balsgha
وفي	قابل اعتماد؛ اطمینان بخش	vafi
القميص القصير الأكمام	تی‌شرت	al-ghamis alghasir alakmam
التي شيرت	تی‌شرت	al-ti shirat
موجة البحر الهائلة	سونامی	mavjat albahr alhaela
السلّ	سل	al-sall
أنبوبي	لولهای	anbubi
الثنية	تو گذاشتن؛ شمشیر نازک	al-sania
الثّلاثاء	سه‌شنبه	al-salasa
الخصلة	منگوله؛ شرابه	al-khasala
السقطة	غلت زدن؛ معلق خوردن	al-saghta
البهلوان	معلق زن	al-bahluan
الورم	ورم؛ غده	al-varam
اللحن	آهنگ؛ لحن	al-lahn
النفق	نقب؛ زیرنقب	al-nafgh
عكر	کدر؛ درهم وبرهم	akr
التوربين	توربین	al-turbin
تركيا	عثمانی؛ بوقلمون	tarkia
تركي	ترک؛ عثمانی	torki
عامل المخرطة	برگردان؛ چرخنده	amel almakharta
التويد	نوعی فاستونی	al-tavyyod
إثنا عشر	دوازده	esna ashr
الجزء من العشرين	بیستم؛ بیستمین	al-jaz man alashrin
عشرون	بیست	ashrun
مرّتين	دو بار	marratin
الغصين	شاخه؛ چیله	al-ghasin
الشفق	شفق	al-shafagh
التوأم	دوقلو؛ همزاد	al-toam
إثنان	دو	esnan
موجود في كلّ مكان	همه‌جا حاضر؛ فراگیر	mojud fi koll makan
قبيح	زشت	ghabih
غير مقبول	غیرقابل قبول	gheyr maghbul
غير قابل للتصديق	باورنکردنی	gheyr ghabel lalatsadigh
العمّ	عمو، دایی	al-am
تحت	زیر	tahte
مرّ به	متحمل شدن	marr be
الطالب الجامعي	دانشجوی کارشناسی	al-taleb aljamei
تحت الأرض	زیرزمینی	tahte alarz
قوّض	تضعیف کردن	ghavvaz
إفهم	فهمیدن	efeam
البطالة	بیکاری	al-batala
غير متوقّع	غیرمنتظره	gheyr motevaqghe
غير عادل	ناعادلانه	gheyr adel
تفتّج	آشکار شدن	tafattoj
سيء الحظ	بدشانس	say alhaz
الزيّ الرسمي	لباس فرم؛ یکنواخت	al-zayy alrasmi
فريد	منحصربه‌فرد	farid
إتّحد	متحد شدن	ettahd
الكون	جهان؛ کیهان	al-kun
الجامعة	دانشگاه	al-jama
مجهول	ناشناخته	majhul
أفرغ	خالی کردن بار	afragh
غير مدفوع	پرداخت‌نشده؛ بدون حقوق	gheyr madfu
غير سار	ناخوشایند	gheyr sar
رفع	بارگذاری	raf
يرفع	بارگذاری	yarafa
الإنزعاج	ناراحت؛ برهم زدن	al-enzaaj
الطابق العلوي	طبقه بالا	al-tabagh alalavi
إيانا	ما (مفعول)	eyana
الإستعمال	کاربرد	al-estamal
عديم الفائدة	بی‌فایده	adim alfaeda
اللقاح	واکسن	al-leghah
مبهم	مبهم	mobham
سليم صالِح	معتبر	salim saleh
الشيء الثمين	ارزشمند	al-shi alsamin
فان	ون؛ خودرو باری کوچک	fan
المتغيّر	متغیر	al-moteghayyer
التشكيلة	تنوع؛ گوناگونی	al-tashkila
الخضار	سبزیجات	al-khazar
شفوي	شفاهی؛ کلامی	shafuye
عن طريق	از طریق	an tarighe
حيوي	پرانرژی؛ درخشان	hivi
الضحيّة	قربانی	al-zahyya
النصر	پیروزی	al-nasr
فيديو	ویدئو	fidiv
مقطع مرئي	ویدئو	maghta marii
القرية	روستا	al-gharia
إنتهك	نقض کردن	enteak
تخيليّ	مجازی	takhilyy
الفيروس	ویروس	al-firus
التأشيرة	ویزا	al-tashira
مرئي	قابل مشاهده	marii
الزائر	بازدیدکننده	al-zaer
الفيتامين	ویتامین	al-fitamin
صوتي	آوازی؛ صریح	soti
طوعيّ	داوطلبانه	tuyy
المتطوّع	داوطلب؛ داوطلب شدن	al-motetavve
التصويت	رای‌گیری	al-tasuyat
حرف العلّة	حرف صدادار	harf alalla
الخصر	کمر	al-khasr
إنتظرْ	منتظر ماندن	entazr
النادل	پیشخدمت (مرد)	al-nadel
الصحوة	بیدار شدن	al-sohua
المشي	پیاده‌روی، پیاده‌روی کردن	al-mashi
الحائط	دیوار	al-haet
الحرب	جنگ	al-harb
دافئ	گرم	dafi
التدفئة	گرمایش	al-tadafaea
حذّر	هشدار دادن	hazzar
الغسل	شستن	al-ghosl
الماء	آب	al-ma
نحن	ما	nahn
السلاح	سلاح	al-selah
يرتدي	پوشیدن	yaratadi
يبلى	پوشیدن	yabli
الطقس	آب و هوا	al-taghs
موقع إلكتروني	وب‌سایت	moghe elkatruni
الزفاف	عروسی	al-zafaf
الأربعاء	چهارشنبه	al-arba
الإسبوع	هفته	al-esbu
عطلة نهاية الأسبوع	آخر هفته	atalat nahayet alasbu
أسبوعي	هفتگی	asbui
غربة	عجیب	gharba
مرحّب	خوش آمدید، پذیرایی کردن	morahhab
الرفاهية	رفاه	al-rafahia
حسنا	خوب، چاه	hasna
الغرب	غرب	al-gharb
الحوت	نهنگ	al-hut
أي	چه، چه چیزی	ay
الحنطة	گندم	al-hanta
متى	چه زمانی	mati
أين	کجا	ayn
بينما	درحالی‌که؛ مدتی	binama
الهمس	نجوا کردن	al-hams
الصافرة	سوت؛ سوت زدن	al-safra
الأبيض	سفید	al-abiz
لماذا	چرا	lamaza
عريض	پهن؛ گسترده	ariz
واسع الإنتشار	گسترده	vase alentashar
الزوجة	همسر (زن)	al-zuja
البرية	وحشی	al-baria
الحياة البريّة	حیات وحش	al-hiat albaryya
راغب	مایل	ragheb
الفوز	برنده شدن	al-foz
الريح	باد؛ پیچیدن	al-rih
النافذة	پنجره	al-nafza
النبيذ	شراب	al-nabiz
الفائز	برنده	al-faez
الشتاء	زمستان	al-shata
حكيم	دانا؛ عاقل	hakim
الأمنية	آرزو؛ آرزو کردن	al-amnia
مع	با	ma
بدون	بدون	bedun
الشاهد	شاهد؛ شهادت دادن	al-shahed
الإمرأة	زن	al-emra
تساءل	شگفتی؛ تعجب کردن	tasal
الصّوف	پشم	al-svf
الكلمة	کلمه	al-kalma
قوى العاملة	نیروی کار	ghavi alamla
مقرّ العمل	محل کار	magharr olamal
الورشة	کارگاه	al-varasha
الدّودة	کرم	al-dvda
كان سي	فعل کمکی	kan si
لَ	فعل کمکی	la
لفّ	پیچیدن؛ بسته‌بندی کردن	laff
المعصم	مچ دست	al-masam
اكتب	نوشتن	aktab
المكتوب	نوشتن (فعل)	al-maktub
الإكسينون	زنون	al-eksinun
كره الأجانب	بیگانه‌هراسی	kore alajanb
كاره للأجانب	بیگانه‌هراس	kare lalajanb
النّسخة	فتوکپی؛ کپی کردن	al-naskha
أشعة سينية	پرتو ایکس؛ عکس رادیولوژی	ashat sinia
الزيليم	آوند چوبی	al-zilim
الزيلين	زایلین	al-zilin
زيليتول	زایلیتول	zilitul
الاكسليفون	زیلوفون	al-aksalifun
اليخت	قایق تفریحی	al-ikhat
السّاحة	حیاط؛ یارد	al-saha
التّثاؤب	خمیازه؛ خمیازه کشیدن	al-tasaob
نعم	بله (غیر رسمی)	neam
السّنة	سال	al-sana
الكتاب السّنويّ	سالنامه	al-ketab alssanyy
سنة	یک‌ساله؛ سراسر سال	sana
الخميرة	مخمر	al-khamira
يصيح	فریاد زدن	yasih
أصفر	زرد	asfar
مصفرّ	مایل به زرد	masafrr
أمس	دیروز	ams
حتّى الآن	هنوز؛ بااین‌حال	hatta alan
اليوجا	یوگا	al-yuja
الزّباديّ	ماست	al-zabadyy
أنتم	شما، تو	antam
لك	مال شما/تو	lak
خاصتك	مال شما/تو	khasetak
نفسك	خودت، خودتان	nafasak
الشّباب	جوانی؛ جوانان	al-shabab
انطلق	ضربه ناگهانی؛ نابود کردن	antalgh
الحماسة	اشتیاق؛ شور	al-hamasa
حماسيّ	مشتاق؛ پرشور	hamasyy
العتابيّ	گورخر	al-atabyy
حمار الزَّرَد	گورخر	hamar alzatashdidrad
الأوج	اوج	al-avj
الصّفر	صفر	al-sfar
متعرّج	زیگزاگ	motearrej
الزّنك	روی	al-zanak
الكود البريديّ	زیپ؛ فشرده‌سازی کردن	al-kud albaridyy
السّوستة	زیپ	al-svsta
الزركون	زیرکن	al-zarkun
الزركونيوم	زیرکونیوم	al-zarkunyom
منطقة البروج	منطقه‌البروج؛ برج‌های فلکی	montaghet alboruj
الكسول	زامبی	al-kosul
إقليميّ	منطقه‌ای	eghlimyy
التّقسيم	منطقه‌بندی	al-taghsim
حديقة حيوان	باغ‌وحش	hadighat heyvan
حيوانيّ	جانورشناختی	hivanyy
العالم الحيوانيّ	جانورشناس	al-alam alhivanyy
علم الحيوان	جانورشناسی	elm alheyvan
يقرّب	بزرگ‌نمایی؛ زوم کردن	yagharrab
حيواني المنشأ	مشترک میان انسان و حیوان	heyvani almansha
مشترك بين الإنسان والحيوان	مشترک میان انسان و حیوان	moshtarak beyn alensan valhivan
كوسا	کدو سبز	kusa
الخليّة الملقّحة	زیگوت؛ سلول تخم	al-khalyyat almalaghaha
