一个	یک (حرف تعریف نامعین)	yī gè
算盘	چرتکه	suàn pán
放弃	رها کردن؛ ترک کردن	fàng qì
抛弃	رها کردن؛ ترک کردن	pāo qì
减少	کاهش؛ فروکش	jiǎn shǎo
减轻	کاهش؛ فروکش	jiǎn qīng
大修道院	خانقاه	dà xiū dào yuàn
字母表	الفبا؛ مبانی اولیه	zì mǔ biǎo
基础知识	الفبا؛ مبانی اولیه	jī chǔ zhī shi
正式放弃	کناره‌گیری کردن؛ واگذار کردن	zhèng shì fàng qì
退位	کناره‌گیری کردن؛ واگذار کردن	tuì wèi
腹部	شکم؛ بطن	fù bù
腹部的	شکمی؛ بطنی	fù bù de
有腹鳍的	شکمی؛ بطنی	yǒu fù qí de
诱拐	ربودن	yòu guǎi
绑架	ربودن	bǎng jià
诱拐者	آدمدزد؛ آدمربا	yòu guǎi zhě
绑架者	آدمدزد؛ آدمربا	bǎng jià zhě
中止	بی تکلیفی	zhōng zhǐ
暂搁	بی تکلیفی	zàn gē
永久的	وفا کننده	yǒng jiǔ de
持久的	وفا کننده	chí jiǔ de
能力	توانایی	néng lì
才干	توانایی	cái gàn
绝望无助的	خوار و زار	jué wàng wú zhù de
可怜的	خوار و زار	kě lián de
着火的	افروخته	zháo huǒ de
闪亮的	افروخته	shǎn liàng de
能干的	قادر	néng gàn de
能够的	قادر	néng gòu de
舍弃	کف نفس	shě qì
反常的	غیر عادی	fǎn cháng de
不规则的	غیر عادی	bù guī zé de
反常	نابههنجاری	fǎn cháng
畸形	نابههنجاری	jī xíng
住所	بودباش	zhù suǒ
住处	بودباش	zhù chù
废止	لغو کردن	fèi zhǐ
革除	لغو کردن	gé chú
废除	نسخ؛ برانداختگی	fèi chú
废奴运动	نسخ؛ برانداختگی	fèi nú yùn dòng
讨厌的	مکروه	tǎo yàn de
令人憎恶的	مکروه	lìng rén zēng è de
厌恶	عمل شنیع	yàn wù
痛恶	عمل شنیع	tòng wù
流产	سقط کردن؛ ریشه نکردن	liú chǎn
中途失败	سقط کردن؛ ریشه نکردن	zhōng tú shī bài
堕胎	سقط جنین	duò tāi
流产的	عقیم	liú chǎn de
堕胎的	عقیم	duò tāi de
大量存在	زیاد بودن؛ وفور داشتن	dà liàng cún zài
富于	زیاد بودن؛ وفور داشتن	fù yú
在周围	درباره، حدوداً	zài zhōu wéi
大约	درباره، حدوداً	dà yuē
在上方	بالای، بالاتر	zài shǎng fāng
超出	بالای، بالاتر	chāo chū
亚伯拉罕	ابراهیم؛ ابراهیم پیامبر	yà bó lā hǎn
磨擦	خراش؛ سیش	mó cā
磨损	خراش؛ سیش	mó sǔn
删节的	مجمل؛ تلخیص شده	shān jié de
削减的	مجمل؛ تلخیص شده	xuē jiǎn de
往国外	خارج از کشور	wǎng guó wài
到室外	خارج از کشور	dào shì wài
突然的	تند؛ ناگهان	tū rán de
唐突的	تند؛ ناگهان	táng tū de
突然地	بی مقدمه	tū rán de
唐突地	بی مقدمه	táng tū de
脓肿	آبسه	nóng zhǒng
缺席	غیبت	quē xí
缺乏	غیبت	quē fá
缺席的	غایب	quē xí de
不在的	غایب	bù zài de
缺席者	غیب؛ غیابی	quē xí zhě
不在者	غیب؛ غیابی	bù zài zhě
绝对的	مطلق؛ محض	jué duì de
专制的	مطلق؛ محض	zhuān zhì de
完全地	مطلقا؛ مطلقاً	wán quán de
绝对地	مطلقا؛ مطلقاً	jué duì de
吸收	جذب کردن	xī shōu
使全神贯注	جذب کردن	shǐ quán shén guàn zhù
能吸收的	جاذب؛ نشاف	néng xī shōu de
吸收剂	جاذب؛ نشاف	xī shōu jì
专心	جذب؛ انجذاب	zhuān xīn
自制	نکول کردن؛ خودداری کردن	zì zhì
戒绝	نکول کردن؛ خودداری کردن	jiè jué
回避	نکول	huí bì
抽象的	انتزاعی	chōu xiàng de
深奥的	انتزاعی	shēn ào de
抽象化	انتزاع؛ تجرید	chōu xiàng huā
心不在焉	انتزاع؛ تجرید	xīn bù zài yān
难解的	غامض؛ مغلق	nán jiě de
荒谬的	پوچ	huāng miù de
不合理的	پوچ	bù hé lǐ de
荒谬	مزخرف بودن	huāng miù
悖理	مزخرف بودن	bèi lǐ
丰富	فراوانی	fēng fù
充足	فراوانی	chōng zú
丰富的	انبوه؛ وافر	fēng fù de
充分的	انبوه؛ وافر	chōng fèn de
大量地	بفراوانی	dà liàng de
丰富地	بفراوانی	fēng fù de
滥用	سوء استفاده	làn yòng
虐待	سوء استفاده	nüè dài
恶言谩骂的	فحاش؛ سوء استعمال	è yán màn mà de
被滥用的	فحاش؛ سوء استعمال	bèi làn yòng de
深渊	مغاک؛ حضیض	shēn yuān
深邃	مغاک؛ حضیض	shēn suì
洋槐	اقاقیا	yáng huái
刺槐	اقاقیا	cì huái
学院的	تحصیلی؛ آکادمیک	xué yuàn de
学术的	تحصیلی؛ آکادمیک	xué shù de
学院	آکادمی	xué yuàn
院校	آکادمی	yuàn xiào
加速	تسریع کردن	jiā sù
促进	تسریع کردن	cù jìn
重音	لهجه	zhòng yīn
口音	لهجه	kǒu yīn
接受	پذیرفتن	jiē shòu
承认	پذیرفتن	chéng rèn
可接受的	پذیرفتنی؛ موجه	kě jiē shòu de
合意的	پذیرفتنی؛ موجه	hé yì de
接纳	پذیرش	jiē nà
通路	دسترسی؛ دستیابی	tōng lù
入口	دسترسی؛ دستیابی	rù kǒu
易接近的	قابل دسترس	yì jiē jìn de
可进入的	قابل دسترس	kě jìn rù de
到达	جلوس؛ جلوس کردن	dào dá
增加	جلوس؛ جلوس کردن	zēng jiā
附件	هم دست	fù jiàn
零件	هم دست	líng jiàn
意外事件	تصادف	yì wài shì jiàn
机遇	تصادف	jī yù
意外的	عرضی؛ تصادفی	yì wài de
偶然的	عرضی؛ تصادفی	ǒu rán de
偶然地	تصادفی	ǒu rán de
意外地	تصادفی	yì wài de
欢呼	احسنت	huān hū
称赞	احسنت	chēng zàn
使适应	جا دادن	shǐ shì yìng
调和	جا دادن	tiáo hé
伴随物	دم گیری	bàn suí wù
附加物	دم گیری	fù jiā wù
陪伴	توام کردن؛ بدرقه کردن	péi bàn
伴随	توام کردن؛ بدرقه کردن	bàn suí
共犯	دستیار؛ همداستان	gòng fàn
同谋	دستیار؛ همداستان	tóng móu
完成	انجام دادن	wán chéng
达到	انجام دادن	dá dào
成就	دستاورد	chéng jiù
一致	طیب خاطر	yī zhì
和谐	مطابقت	hé xié
相应地	بر این اساس	xiāng yìng de
因此	بر این اساس	yīn cǐ
根据	طبق، بر اساس	gēn jù
按照	طبق، بر اساس	àn zhào
账户	حساب؛ گزارش	zhàng hù
叙述	حساب؛ گزارش	xù shù
负有责任	مسئولیت‌پذیری	fù yǒu zé rèn
可说明性	مسئولیت‌پذیری	kě shuō míng xìng
负有责任的	مسئول	fù yǒu zé rèn de
可说明的	مسئول	kě shuō míng de
会计人员	حسابدار	kuài jì rén yuán
会计师	حسابدار	kuài jì shī
会计学	محاسبه؛ حسابداری	kuài jì xué
帐单	محاسبه؛ حسابداری	zhàng dān
自然增加	منتج گردیدن	zì rán zēng jiā
产生	منتج گردیدن	chǎn shēng
积聚	انباشت کردن	jī jù
堆积	انباشت کردن	duī jī
累积	انباشت	lěi jī
精确	دقت	jīng què
正确	دقت	zhèng què
正确的	دقیق؛ راستین	zhèng què de
精确的	دقیق؛ راستین	jīng què de
正确地	با دقت	zhèng què de
精确地	با دقت	jīng què de
控告	اتهام	kòng gào
起诉	اتهام	qǐ sù
归咎于	متهم کردن؛ تهمت زدن	guī jiù yú
被告	متهم	bèi gào
使习惯于	عادی کردن؛ خو دادن	shǐ xí guàn yú
幺点	کلمات میید	yāo diǎn
好手	کلمات میید	hǎo shǒu
酸	اسید؛ اسیدی	suān
尖刻	اسید؛ اسیدی	jiān kè
告知收悉	اقرار کردن	gào zhī shōu xī
答谢	اقرار؛ شهادت نامه	dá xiè
顶点	نقطه کمال	dǐng diǎn
极度	نقطه کمال	jí dù
痤疮	جوش؛ غرور جوانی	cuó chuāng
粉刺	جوش؛ غرور جوانی	fěn cì
认识	معرفت؛ آشنا	rèn shi
相识者	معرفت؛ آشنا	xiāng shí zhě
知晓的	بلد؛ شناسا	zhī xiǎo de
有知识的	بلد؛ شناسا	yǒu zhī shi de
默许	تن در دادن	mò xǔ
默然同意	تن در دادن	mò rán tóng yì
获得	اندوختن	huò dé
学到	اندوختن	xué dào
收购	اکتساب	shōu gòu
履行	تبرئه؛ برائت ذمه	lǚ xíng
无罪开释	تبرئه؛ برائت ذمه	wú zuì kāi shì
英亩	جریب	yīng mǔ
苦味的	تند؛ گس	kǔ wèi de
辛辣的	تند؛ گس	xīn là de
越过	از عرض، سراسر	yuè guò
穿过	از عرض، سراسر	chuān guò
行动	عمل کردن، نقش بازی کردن	xíng dòng
行为	عمل کردن، نقش بازی کردن	xíng wéi
活动	عمل، اقدام	huó dòng
使活动	فعال کردن	shǐ huó dòng
使激活	فعال کردن	shǐ jī huó
活化	فعال‌سازی	huó huà
激活	فعال‌سازی	jī huó
活跃的	فعال	huó yuè de
起作用的	فعال	qǐ zuò yòng de
活跃地	فعالانه	huó yuè de
积极地	فعالانه	jī jí de
激进主义分子	کنشگر	jī jìn zhǔ yì fèn zǐ
男演员	بازیگر (مرد)	nán yǎn yuán
行动者	بازیگر (مرد)	xíng dòng zhě
女演员	بازیگر (زن)	nǚ yǎn yuán
真实的	حالی	zhēn shí de
实际的	حالی	shí jì de
事实上	در واقع	shì shí shàng
竟然	در واقع	jìng rán
针刺	سوزن درمانی؛ طب سوزنی	zhēn cì
施以针灸	سوزن درمانی؛ طب سوزنی	shī yǐ zhēn jiǔ
尖锐的	حاد	jiān ruì de
敏锐的	حاد	mǐn ruì de
尖锐地	بحدت	jiān ruì de
剧烈地	بحدت	jù liè de
锐利	ذکاوت	ruì lì
敏锐	ذکاوت	mǐn ruì
广告	بلد؛ ضال	guǎng gào
地址	بلد؛ ضال	dì zhǐ
坚硬的东西	یکدنده	jiān yìng de dōng xī
非常坚硬的	یکدنده	fēi cháng jiān yìng de
改编	تطبیق دادن	gǎi biān
适应	انطباق	shì yìng
添加	اضافه کردن	tiān jiā
蝰蛇	افزیشگر؛ مار جعفری	kuí shé
猪鼻蛇	افزیشگر؛ مار جعفری	zhū bí shé
沉溺于的	معتاد؛ افیونی	chén nì yú de
无法摆脱的	معتاد؛ افیونی	wú fǎ bǎi tuō de
入迷	اعتیاد	rù mí
瘾	اعتیاد	yǐn
加法	جمع؛ علاوه	jiā fǎ
增加的人	جمع؛ علاوه	zēng jiā de rén
附加的	اضافی	fù jiā de
另外的	اضافی	lìng wài de
另外	علاوه بر این	lìng wài
此外	علاوه بر این	cǐ wài
演讲	آدرس	yǎn jiǎng
熟练的	مرد زبردست	shú liàn de
老练的	مرد زبردست	lǎo liàn de
适当的	کافی	shì dàng de
足够的	کافی	zú gòu de
足够地	به اندازه کافی	zú gòu de
适当地	به اندازه کافی	shì dàng de
依附	پایبند بودن	yī fù
粘着	پایبند بودن	nián zhāo
固执	تبعیت؛ ملازمت	gù zhí
附着	دوسیدگی؛ کشش سطحی	fù zhuó
粘着的	چسبناک؛ چسبنده	nián zhāo de
涂有粘性物质的	چسبناک؛ چسبنده	tú yǒu nián xìng wù zhì de
毗连的	مجاور	pí lián de
邻近的	مجاور	lín jìn de
形容词	صفت	xíng róng cí
从属的	صفت	cóng shǔ de
邻接的	مجاور	lín jiē de
附属物	صفت فرعی	fù shǔ wù
调整	تنظیم کردن	tiáo zhěng
使适应于	تنظیم کردن	shǐ shì yìng yú
调节	تنظیم	tiáo jié
助手	آجودان	zhù shǒu
副官	آجودان	fù guān
管理	اداره کردن	guǎn lǐ
料理	اداره کردن	liào lǐ
行政	مدیریت؛ دولت	xíng zhèng
管理的	اداری	guǎn lǐ de
行政的	اداری	xíng zhèng de
管理人	مدیر	guǎn lǐ rén
行政官	مدیر	xíng zhèng guān
可钦佩的	هژیر؛ پسندیده	kě qīn pèi de
极好的	هژیر؛ پسندیده	jí hǎo de
舰队司令	دریاسالار؛ دریابیگی	jiàn duì sī lìng
海军上将	دریاسالار؛ دریابیگی	hǎi jūn shàng jiàng
海军部	دریاسالاری	hǎi jūn bù
海事法	دریاسالاری	hǎi shì fǎ
赞赏	پسند؛ تحسین	zàn shǎng
钦佩	پسند؛ تحسین	qīn pèi
赞美	پسندیدن؛ تحسین کردن	zàn měi
钦佩者	ستینده؛ تحسینکننده	qīn pèi zhě
仰慕者	ستینده؛ تحسینکننده	yǎng mù zhě
准许进入	پذیرش	zhǔn xǔ jìn rù
入场费	پذیرش	rù chǎng fèi
被承认了的	پذیرفته	bèi chéng rèn le de
公认的	پذیرفته	gōng rèn de
公认地	معترفا	gōng rèn de
诚然	معترفا	chéng rán
警告	پند دادن	jǐng gào
劝告	پند دادن	quàn gào
警告的	عبرتانگیز	jǐng gào de
劝告的	عبرتانگیز	quàn gào de
青春期	بلوغ	qīng chūn qī
青年期	بلوغ	qīng nián qī
青春期的	نوجوان	qīng chūn qī de
青少年的	نوجوان	qīng shào nián de
采用	اتخاذ کردن؛ فرا گرفتن	cǎi yòng
正式通过	اتخاذ کردن؛ فرا گرفتن	zhèng shì tōng guò
采纳	فرزندخواندگی	cǎi nà
可崇拜的	قابل پرستش	kě chóng bài de
值得敬慕的	قابل پرستش	zhí de jìng mù de
崇拜	پرستش؛ عشق ورزی	chóng bài
爱慕	پرستش؛ عشق ورزی	ài mù
装饰	آراستن؛ پیراستن	zhuāng shì
使生色	آراستن؛ پیراستن	shǐ shēng sè
装饰物	آریش دهنده	zhuāng shì wù
修饰的	آریش دهنده	xiū shì de
漂流地	غوطه ورروی آب مج	piāo liú de
漂浮着	غوطه ورروی آب مج	piāo fú zhāo
灵巧的	زبر دست	líng qiǎo de
敏捷的	زبر دست	mǐn jié de
成人	بزرگسال	chéng rén
成虫	بزرگسال	chéng chóng
前进	پیشروی؛ راقی	qián jìn
进展	پیشروی؛ راقی	jìn zhǎn
进步	پیشروی؛ ترفیع	jìn bù
优点	مزیت	yōu diǎn
便利	مزیت	biàn lì
有利的	نافع؛ باصرفه	yǒu lì de
有益的	نافع؛ باصرفه	yǒu yì de
来到	ظهور	lái dào
来临	ظهور	lái lín
冒险	ماجراجویی	mào xiǎn
冒险家	ماجراجو؛ حادثه جو	mào xiǎn jiā
投机者	ماجراجو؛ حادثه جو	tóu jī zhě
喜欢冒险的	ماجراجو؛ پرماجرا	xǐ huan mào xiǎn de
有进取心的	ماجراجو؛ پرماجرا	yǒu jìn qǔ xīn de
敌手	هم آورد؛ هم نبرد	dí shǒu
对手	هم آورد؛ هم نبرد	duì shǒu
不利的	نامطلوب	bù lì de
敌对的	نامطلوب	dí duì de
逆境	نکبت؛ ضرا	nì jìng
不幸	نکبت؛ ضرا	bù xìng
做广告	تبلیغ کردن	zuò guǎng gào
通知	تبلیغ کردن	tōng zhī
启事	آگهی	qǐ shì
广告业	تبلیغات	guǎng gào yè
广告的	تبلیغات	guǎng gào de
忠告	نصیحت، مشاوره	zhōng gào
明智的	مقتضی؛ مصلحتآمیز	míng zhì de
给出主意	اعلامیه؛ تجویز	gěi chū zhǔ yi
顾问	رهنمون؛ ناصح	gù wèn
劝告者	رهنمون؛ ناصح	quàn gào zhě
顾问的	مشورتی؛ نصیحتی	gù wèn de
咨询的	مشورتی؛ نصیحتی	zī xún de
拥护	طرفداری	yōng hù
支持	طرفداری	zhī chí
提倡者	حمایت کردن، حامی	tí chàng zhě
拥护者	حمایت کردن، حامی	yōng hù zhě
空中的	هویی	kōng zhōng de
航空的	هویی	háng kōng de
美学的	زیبایی شناختی	měi xué de
审美的	زیبایی شناختی	shěn měi de
和蔼可亲的	خوش خلق؛ خوش برخورد	hé ǎi kě qīn de
友善的	خوش خلق؛ خوش برخورد	yǒu shàn de
事件	امر؛ مصلحت	shì jiàn
事务	امر؛ مصلحت	shì wù
影响	تأثیر گذاشتن	yǐng xiǎng
感动	تأثیر گذاشتن	gǎn dòng
假装	تصنع	jiǎ zhuāng
做作	تصنع	zuò zuo
病	محبت	bìng
深情的	مهربان؛ عاطف	shēn qíng de
充满情爱的	مهربان؛ عاطف	chōng mǎn qíng ài de
断言	آشکارا گفتن؛ بحق دانستن	duàn yán
确认	آشکارا گفتن؛ بحق دانستن	què rèn
肯定	یجاب	kěn dìng
肯定的	مبت؛ تصدیقآمیز	kěn dìng de
赞成的	مبت؛ تصدیقآمیز	zàn chéng de
折磨	مستمند؛ رنجه	zhé mó
苦恼	مصیبت؛ مشقت	kǔ nǎo
买得起	استطاعت داشتن؛ از عهده برآمدن	mǎi dé qǐ
足以	استطاعت داشتن؛ از عهده برآمدن	zú yǐ
普及型	مقرون به صرفه	pǔ jí xíng
公开侮辱	روبرو دشنام دادن	gōng kāi wǔ rǔ
轻蔑	روبرو دشنام دادن	qīng miè
阿富汗的	افغان	ā fù hàn de
阿富汗人的	افغان	ā fù hàn rén de
燃烧中的	مشتعل	rán shāo zhòng dì
火一般红的	مشتعل	huǒ yī bān hóng de
飘浮着的	در حرکت	piāo fú zhāo de
在海上的	در حرکت	zài hǎi shàng de
上述的	مذکور	shàng shù de
前述的	مذکور	qián shù de
害怕的	ترسیده	hài pà de
恐怕的	ترسیده	kǒng pà de
非洲	افریقا؛ آفریقا	fēi zhōu
非洲人	آفریقیی؛ افریقیی	fēi zhōu rén
非洲的	آفریقیی؛ افریقیی	fēi zhōu de
在之后	بعد از	zài zhī hòu
由于	بعد از	yóu yú
晚霞	پس تاب؛ پس فروزش	wǎn xiá
夕照	پس تاب؛ پس فروزش	xī zhào
来世	عقبی؛ آخرت	lái shì
下半生	عقبی؛ آخرت	xià bàn shēng
结果	پیامد	jiē guǒ
后果	پیامد	hòu guǒ
午后	بعدازظهر	wǔ hòu
下午	بعدازظهر	xià wǔ
然后	سپس؛ بعدا	rán hòu
后来	سپس؛ بعدا	hòu lái
再一次	دوباره	zài yī cì
又	دوباره	yòu
反对	علیه	fǎn duì
对着	علیه	duì zhāo
玛瑙	عقیق	mǎ nǎo
五又二分之一点铅字	عقیق	wǔ yòu èr fēn zhī yī diǎn qiān zì
年龄	سن	nián líng
老年	سن	lǎo nián
代理机构	بنگاه؛ وکالت	dài lǐ jī gòu
经销商	بنگاه؛ وکالت	jīng xiāo shāng
议程	برنامه عملیات	yì chéng
日常工作事项	برنامه عملیات	rì cháng gōng zuò shì xiàng
代理商	مامور؛ عامل	dài lǐ shāng
政府代表	مامور؛ عامل	zhèng fǔ dài biǎo
加重的	مشدد	jiā zhòng de
恶化的	مشدد	è huà de
恶化	تشدید	è huà
加重	تشدید	jiā zhòng
合计	متراکم ساختن؛ جمع شده	hé jì
总计	متراکم ساختن؛ جمع شده	zǒng jì
侵犯	پرخاشگری	qīn fàn
侵略	پرخاشگری	qīn lüè
侵略的	پرتکاپو؛ تجاوزی	qīn lüè de
挑畔的	پرتکاپو؛ تجاوزی	tiāo pàn de
侵略者	متجاوز؛ مهاجم	qīn lüè zhě
挑畔者	متجاوز؛ مهاجم	tiāo pàn zhě
惊骇的	وحشت زده	jīng hài de
吓呆的	وحشت زده	hè dāi de
灵活的	سریعالانتقال	líng huó de
敏捷	سبکبالی	mǐn jié
灵活	سبکبالی	líng huó
不安焦虑的	آشفته؛ متلاطم	bù ān jiāo lǜ de
激烈辩论的	آشفته؛ متلاطم	jī liè biàn lùn de
激动	تلاطم؛ آشفتگی	jī dòng
焦虑	تلاطم؛ آشفتگی	jiāo lǜ
煽动者	آشوبگر	shān dòng zhě
搅拌器	آشوبگر	jiǎo bàn qì
以前	پیش از این	yǐ qián
折磨人的	سوزناک؛ رنجآور	zhé mó rén de
痛苦难忍的	سوزناک؛ رنجآور	tòng kǔ nán rěn de
极大的痛苦	رنج؛ سکرات مرگ	jí dà de tòng kǔ
挣扎	رنج؛ سکرات مرگ	zhēng zhá
同意	موافق بودن	tóng yì
赞成	موافق بودن	zàn chéng
令人愉快的	سازگار؛ دلجو	lìng rén yú kuài de
同意的	سازگار؛ دلجو	tóng yì de
合约	قرار؛ توافق	hé yuē
农业的	کشاورزی	nóng yè de
耕作的	کشاورزی	gēng zuò de
农业	کشاورزی	nóng yè
农学	کشاورزی	nóng xué
疟疾	تب و لرز	nüè jí
打冷颤	تب و لرز	dá lěng zhan
啊	آه	ā
哈	آه	hā
领先的	جلو؛ روبجلو	lǐng xiān de
预先的	جلو؛ روبجلو	yù xiān de
帮助	یار؛ مدد	bāng zhù
外援	یار؛ مدد	wài yuán
爱滋病	ایدز	ài zī bìng
高级综合数据系统	ایدز	gāo jí zōng hé shù jù xì tǒng
生病的	ضعیفالبنیه	shēng bìng de
患病的	ضعیفالبنیه	huàn bìng de
目标	نشان؛ کام	mù biāo
瞄准	نشان؛ کام	miáo zhǔn
无目的的	بی هدف؛ بی مقصد	wú mù dì de
没有目标的	بی هدف؛ بی مقصد	méi yǒu mù biāo de
空气	هوا	kōng qì
旋律	هوا	xuán lǜ
航空器	طیاره؛ هواپیمیی	háng kōng qì
飞机	طیاره؛ هواپیمیی	fēi jī
航线	خط هواپیمایی	háng xiàn
航空公司	خط هواپیمایی	háng kōng gōng sī
飞机场	فرودگاه	fēi jī chǎng
航空站	فرودگاه	háng kōng zhàn
空气的	هوا مانند؛ با روح	kōng qì de
走廊	راه رو	zǒu láng
侧廊	راه رو	cè láng
亚拉巴马州	آلاباما	yà lā bā mǎ zhōu
惊恐	آژیر؛ اعلان خطر	jīng kǒng
警报	آژیر؛ اعلان خطر	jǐng bào
唉	افسوس؛ وه	āi
奥尔巴尼	آلبانی	ào ěr bā ní
尽管	اگرچه	jǐn guǎn
虽然	اگرچه	suī rán
粘贴簿	آلبوم	zhān tiē bù
唱片套	آلبوم	chàng piàn tào
清蛋白	آلبومین	qīng dàn bái
白蛋白	آلبومین	bái dàn bái
酒精	الکل	jiǔ jīng
醇	الکل	chún
酒鬼	الکلی؛ شرابخور	jiǔ guǐ
酒精中毒者	الکلی؛ شرابخور	jiǔ jīng zhòng dú zhě
酗酒	اعتیاد به الکل	xù jiǔ
酒精中毒	اعتیاد به الکل	jiǔ jīng zhòng dú
桤木	توسه؛ توسکا	qī mù
赤杨木	توسه؛ توسکا	chì yáng mù
警觉的	هشدار دادن، هوشیار	jǐng jué de
灵敏的	هشدار دادن، هوشیار	líng mǐn de
警戒	هشیاری؛ بیداری	jǐng jiè
机敏	هشیاری؛ بیداری	jī mǐn
代数学	جبر؛ جبر و مقابله	dài shù xué
外国人	بیگانه	wài guó rén
外侨	بیگانه	wài qiáo
排列	همسو کردن	pái liè
排成一行	همسو کردن	pái chéng yī xíng
队列	همسویی	duì liè
结盟	همسویی	jié méng
相似的	مشابه	xiāng sì de
同样的	مشابه	tóng yàng de
饮食的	رزقی	yǐn shí de
供养的	رزقی	gōng yǎng de
瞻养费	خرجی؛ نفقه	zhān yǎng fèi
生活费	خرجی؛ نفقه	shēng huó fèi
活着的	زنده	huó zhe de
活泼的	زنده	huó po de
所有的	همه	suǒ yǒu de
全部的	همه	quán bù de
主张	ادعا	zhǔ zhāng
宣称	ادعا کردن	xuān chēng
依其申述	ظاهراً	yī qí shēn shù
寓言	مجاز؛ کنیه	yù yán
急速地	نشاط انگیز	jí sù de
快速的	نشاط انگیز	kuài sù de
缓和	تسکین	huǎn hé
小路	کوچه؛ خیابان کوچک	xiǎo lù
巷	کوچه؛ خیابان کوچک	xiàng
联盟	اتحاد	lián méng
联合	اتحاد	lián hé
分派	اختصاص دادن	fēn pài
分配	اختصاص دادن	fēn pèi
配置	تخصیص	pèi zhì
允许	اجازه دادن	yǔn xǔ
同意给予	اجازه دادن	tóng yì jǐ yǔ
津贴	سهمیه، کمک هزینه	jīn tiē
零用钱	سهمیه، کمک هزینه	líng yòng qián
好	بسیار خوب، همه چیز درست	hǎo
顺利	بسیار خوب، همه چیز درست	shùn lì
暗指	اشارهکردن؛ تلمیح کردن	àn zhǐ
提及	اشارهکردن؛ تلمیح کردن	tí jí
冲积的	آبرفتی	chōng jī de
同盟者	متحد	tóng méng zhě
同盟国	متحد	tóng méng guó
年历	سالنما	nián lì
历书	سالنما	lì shū
杏仁	بادام؛ آلموند	xìng rén
几乎	تقریباً	jī hū
差不多	تقریباً	chà bu duō
施舍	زکات؛ ذکات	shī shě
救济金	زکات؛ ذکات	jiù jì jīn
在高处	در نوک؛ در فوق	zài gāo chù
在上	در نوک؛ در فوق	zài shǎng
孤独的	تنها	gū dú de
单独的	تنها	dān dú de
平行地	در امتداد	píng xíng de
向前	در امتداد	xiàng qián
在旁边	در کنار	zài páng biān
靠拢着	در کنار	kào lǒng zhāo
远离的	کناره گیر	yuǎn lí de
冷淡的	کناره گیر	lěng dàn de
最初	ستاره اول	zuì chū
开端	ستاره اول	kāi duān
字母	الفبا	zì mǔ
已经	قبلا	yǐ jīng
早已	قبلا	zǎo yǐ
没问题的	صحیح است	méi wèn tí de
也	همچنین	yě
并且	همچنین	bìng qiě
圣坛	مبح؛ محراب	shèng tán
祭坛	مبح؛ محراب	jì tán
圣餐桌	مذابح	shèng cān zhuō
供桌	مذابح	gōng zhuō
改变	دگرگون کردن؛ دگرگون شدن	gǎi biàn
变更	دگرش	biàn gēng
改动	دگرش	gǎi dòng
争论	مجادله	zhēng lùn
争吵	مجادله	zhēng chǎo
交替的	متناوب کردن؛ تناوب کردن	jiāo tì de
轮流的	متناوب کردن؛ تناوب کردن	lún liú de
交替地	غبا	jiāo tì de
间隔地	غبا	jiàn gé de
交互	تناوب؛ یک درمیانی	jiāo hù
轮流	تناوب؛ یک درمیانی	lún liú
两者择一	جایگزین	liǎng zhě zé yī
供替代的选择	جایگزین	gōng tì dài de xuǎn zé
非此即彼	بنوبت؛ متناوبا	fēi cǐ jí bǐ
总而言之	کلاً	zǒng ér yán zhī
明矾	زاغ؛ زاج	míng fán
校友	زاغ؛ زاج	xiào yǒu
铝	آلومینیوم	lǚ
总是	همیشه	zǒng shì
始终	همیشه	shǐ zhōng
汞合金	ملقمه	gǒng hé jīn
汞齐	ملقمه	gǒng qí
业余爱好者	آماتور	yè yú ài hào zhě
外行	آماتور	wài háng
吃惊的	متعجب؛ متحیر	chī jīng de
惊奇的	متعجب؛ متحیر	jīng qí de
惊愕	حیرت؛ بهت	jīng è
惊异	حیرت؛ بهت	jīng yì
令人惊异的	شگفت‌انگیز	lìng rén jīng yì de
大使	سفیر	dà shǐ
使节	سفیر	shǐ jié
琥珀	شاهبوی؛ کهربا	hǔ pò
不明确	ابهام	bù míng què
含糊	ابهام	hán hu
不明确的	مبهم	bù míng què de
模棱两可的	مبهم	mó léng liǎng kě de
野心	جاه طلبی	yě xīn
志向	جاه طلبی	zhì xiàng
有野心的	نامجو؛ بلند همت	yǒu yě xīn de
抱负不凡的	نامجو؛ بلند همت	bào fù bù fán de
救护车	آمبولانس	jiù hù chē
埋伏	کمین؛ کمینگاه	mái fú
伏兵	کمین؛ کمینگاه	fú bīng
阿门	آمین	ā mén
修改	اصلاح کردن	xiū gǎi
改善	اصلاح کردن	gǎi shàn
修订	اصلاحیه	xiū dìng
美洲	آمریکا	měi zhōu
美国	آمریکا	měi guó
美国人	آمریکایی	měi guó rén
美国的	آمریکایی	měi guó de
紫水晶	در بنفش؛ در کوهی بنفش	zǐ shuǐ jīng
紫蓝色宝石	در بنفش؛ در کوهی بنفش	zǐ lán sè bǎo shí
在其间	در میان	zài qí jiān
在其中	در میان	zài qí zhōng
在当中	در لابلی	zài dāng zhōng
氨水	آمونیاک	ān shuǐ
阿摩尼亚	آمونیاک	ā mó ní yà
大赦	عفو؛ عفو عمومی کردن	dà shè
赦免	عفو؛ عفو عمومی کردن	shè miǎn
在之中	در میان	zài zhī zhōng
多情的	عاشقانه	duō qíng de
恋爱的	عاشقانه	liàn ài de
总数	مقدار	zǒng shù
总额	مقدار	zǒng é
切断	قطع اندام کردن	qiē duàn
删除	قطع اندام کردن	shān chú
消遣	سرگرم کردن؛ تفریح دادن	xiāo qiǎn
娱乐	سرگرم کردن؛ تفریح دادن	yú lè
兴味	تفریح؛ لهو	xìng wèi
有趣的	سرگرم کننده	yǒu qù de
引人发笑的	سرگرم کننده	yǐn rén fā xiào de
厌氧的	ناهوازی	yàn yǎng de
麻木	داروی بیهوشی	má mù
麻醉	داروی بیهوشی	má zuì
肛门的	کونی؛ مقعدی	gāng mén de
肛门附近的	کونی؛ مقعدی	gāng mén fù jìn de
类似的	قابل قیاس	lèi sì de
相似	قیاس	xiāng sì
类似	قیاس	lèi sì
分析	حل؛ تجزیه	fēn xī
分析者	تحلیلگر	fēn xī zhě
精神分析学家	تحلیلگر	jīng shén fēn xī xué jiā
分析的	تحلیلی	fēn xī de
解析的	تحلیلی	jiě xī de
细察	تجزیه کردن؛ تحلیل کردن	xì chá
无政府主义者	آشوب طلب؛ هرج و مآرج طلب	wú zhèng fǔ zhǔ yì zhě
无政府状态	بی قانونی؛ بی نظمی	wú zhèng fǔ zhuàng tài
政治混乱	بی قانونی؛ بی نظمی	zhèng zhì hùn luàn
解剖的	تشریحی	jiě pōu de
解剖学的	تشریحی	jiě pōu xué de
剖析	استخوانبندی؛ کالبد شناسی	pōu xī
解剖学	استخوانبندی؛ کالبد شناسی	jiě pōu xué
祖先	جد	zǔ xiān
祖宗	جد	zǔ zōng
祖先的	نسبی؛ اجدادی	zǔ xiān de
祖传的	نسبی؛ اجدادی	zǔ chuán de
世系	اصل ونسب	shì xì
锚	لنگر	máo
使固定	لنگر	shǐ gù dìng
古代的	باستانی	gǔ dài de
古老的	باستانی	gǔ lǎo de
和	و	hé
与	و	yú
轶事	ضرب المثل؛ قصه کوتاه	yì shì
奇闻	ضرب المثل؛ قصه کوتاه	qí wén
天使	فرشته	tiān shǐ
守护神	فرشته	shǒu hù shén
天使的	ملکی؛ فرشتهی	tiān shǐ de
天使般的	ملکی؛ فرشتهی	tiān shǐ bān de
忿怒	غضب؛ خشم	fèn nù
激怒	غضب؛ خشم	jī nù
角	گوشه؛ زاویه	jué
钓鱼	گوشه؛ زاویه	diào yú
生气的	عصبانی	shēng qì de
愤怒的	عصبانی	fèn nù de
剧痛	تاب و تب	jù tòng
痛苦	تاب و تب	tòng kǔ
有角的	زاویهی؛ گوشه دار	yǒu jué de
消瘦的	زاویهی؛ گوشه دار	xiāo shòu de
动物	حیوان	dòng wù
使有生气	جان دار؛ روح دادن	shǐ yǒu shēng qì
赋予生命	جان دار؛ روح دادن	fù yǔ shēng mìng
活泼	پویانمایی	huó po
生气	پویانمایی	shēng qì
仇恨	کینه؛ دشمنی	chóu hèn
憎恶	کینه؛ دشمنی	zēng è
踝	مچ پا	huái
编年史	اخبار سال؛ وقیع سالیانه	biān nián shǐ
活动年报	اخبار سال؛ وقیع سالیانه	huó dòng nián bào
附属建筑物	ضمیمه کردن؛ ضمیمه سازی	fù shǔ jiàn zhù wù
合并	الحاق؛ ضم	hé bìng
附加	الحاق؛ ضم	fù jiā
消灭	نابود کردن؛ کن فیکون کردن	xiāo miè
周年纪念	سالروز؛ سالگرد	zhōu nián jì niàn
宣布	اعلامداشتن؛ اعلام کردن	xuān bù
声称	اعلامداشتن؛ اعلام کردن	shēng chēng
公告	اعلام؛ آگهی	gōng gào
发表	اعلام؛ آگهی	fā biǎo
使恼怒	رنجاندن؛ آزردن	shǐ nǎo nù
骚扰	رنجاندن؛ آزردن	sāo rǎo
烦恼	رنجش؛ دلخوری	fán nǎo
打扰	رنجش؛ دلخوری	dǎ rǎo
恼人的	رنجاننده؛ سرخوری	nǎo rén de
年刊	سالانه؛ سالیانه	nián kān
年报	سالانه؛ سالیانه	nián bào
一年一次	سالانه	yī nián yī cì
每年	سالانه	měi nián
取消	نسخ؛ ابطال	qǔ xiāo
阳极	آنود؛ قطب مثبت	yáng jí
正极	آنود؛ قطب مثبت	zhèng jí
基督	مسح شدن	jī dū
救世主	مسح شدن	jiù shì zhǔ
无名的	ناشناس	wú míng de
无特色的	ناشناس	wú tè sè de
再一的	دیگری	zài yī de
答案	پاسخ، پاسخ دادن	dá àn
回答	پاسخ، پاسخ دادن	huí dá
有责任的	پاسخ دار؛ جواب دار	yǒu zé rèn de
可回答的	پاسخ دار؛ جواب دار	kě huí dá de
蚂蚁	مورچه	mǎ yǐ
对立	هم آوری؛ اصل مخالف	duì lì
敌对	هم آوری؛ اصل مخالف	dí duì
前情	ماقبل	qián qíng
先行词	ماقبل	xiān xíng cí
无烟煤	آنتراسیت	wú yān méi
炭疽	خراج؛ ینتراکس	tàn jū
反对者	ضد	fǎn duì zhě
反对论者	ضد	fǎn duì lún zhě
抗体	پادتن	kàng tǐ
预期	پیش‌بینی کردن	yù qī
占先	پیش‌بینی کردن	zhàn xiān
预料	پیشدستی	yù liào
抗原	پادزا؛ پادگن	kàng yuán
古董	عتیقه؛ عتیق	gǔ dǒng
古物	عتیقه؛ عتیق	gǔ wù
古老	کهنگی؛ دیرینگی	gǔ lǎo
古代	کهنگی؛ دیرینگی	gǔ dài
抗菌剂	گندزدا؛ ضدعفونی	kàng jūn jì
防腐剂	گندزدا؛ ضدعفونی	fáng fǔ jì
抗毒素	زهردارو؛ پادزهرابه	kàng dú sù
肛门	نشین؛ مقعد	gāng mén
忧虑	اضطراب	yōu lǜ
忧虑的	مشتاق؛ اندیشناک	yōu lǜ de
发愁的	مشتاق؛ اندیشناک	fā chóu de
忧虑地	مشتاقانه	yōu lǜ de
不安地	مشتاقانه	bù ān de
任何的	هر؛ هر، هیچ	rèn hé de
任何人	هر کسی	rèn hé rén
重要人物	هر کسی	zhòng yào rén wù
无论如何	درهرصورت؛ بهرشکل	wú lùn rú hé
至少	درهرصورت؛ بهرشکل	zhì shǎo
再	دیگر	zài
任何事	هر چیزی	rèn hé shì
无论何处	هر جا	wú lùn hé chù
主动脉	آورتا	zhǔ dòng mài
快速地	باسرعت زیاد	kuài sù de
成零碎	جدا؛ مجزا	chéng líng suì
成距离	جدا؛ مجزا	chéng jù lí
房间	آپارتمان	fáng jiān
公寓	آپارتمان	gōng yù
缺乏感情的	بی احساس	quē fá gǎn qíng de
无动于衷的	بی احساس	wú dòng yú zhōng de
无尾猿	میمون؛ بوزینه	wú wěi yuán
应用程序评价	میمون؛ بوزینه	yìng yòng chéng xù píng jià
顶	ذروه	dǐng
尖端	ذروه	jiān duān
道歉	معذرت خواستن؛ پوزش خواستن	dào qiàn
辩解	معذرت خواستن؛ پوزش خواستن	biàn jiě
辩护	عذرخواهی	biàn hù
中风	سکته ناقص	zhòng fēng
卒中	سکته ناقص	cù zhòng
使徒	فرستاده؛ حواری	shǐ tú
应用程序	اپلیکیشن	yìng yòng chéng xù
装置	دستگاه	zhuāng zhì
器具	دستگاه	qì jù
清晰可见的	پیدا؛ نمودار	qīng xī kě jiàn de
显然的	پیدا؛ نمودار	xiǎn rán de
表面上	ظاهرا؛ نظرا	biǎo miàn shǎng
清楚地	ظاهرا؛ نظرا	qīng chu de
恳求	فرجام؛ جذابیت	kěn qiú
诉请	فرجام؛ جذابیت	sù qǐng
有感染力的	جذاب	yǒu gǎn rǎn lì de
动人的	جذاب	dòng rén de
出现	ظاهر شدن	chū xiàn
显得	ظاهر شدن	xiǎn de
露面	ظاهر	lòu miàn
抚慰	دلنوازی کردن؛ دلجوئی کردن	fǔ wèi
缓解	دلنوازی کردن؛ دلجوئی کردن	huǎn jiě
使平息	دلجویانه	shǐ píng xī
使满足	دلجویانه	shǐ mǎn zú
名称	وجه تسمیه	míng chēng
称号	وجه تسمیه	chēng hào
依附的人	مضافات	yī fù de rén
阑尾炎	آپاندیس	lán wěi yán
附录	ضمیمه؛ آپاندیس	fù lù
食欲	اشتها	shí yù
欲望	اشتها	yù wàng
开胃的	خوش خوراک؛ اشتها آور	kāi wèi de
促进食欲的	خوش خوراک؛ اشتها آور	cù jìn shí yù de
拍手喝彩	تشویق کردن	pāi shǒu hè cǎi
鼓掌	تمجید؛ هلهله	gǔ zhǎng
喝彩	تمجید؛ هلهله	hè cǎi
苹果	سیب	píng guǒ
家伙	سیب	jiā huo
器械	اسباب	qì xiè
用具	اسباب	yòng jù
合适的	قابل اجرا	hé shì de
可应用的	قابل اجرا	kě yìng yòng de
申请者	متقاضی	shēn qǐng zhě
申请人	متقاضی	shēn qǐng rén
应用	استعمال؛ درخواست	yìng yòng
申请	استعمال؛ درخواست	shēn qǐng
涂	درخواست کردن، اعمال کردن	tú
任命	منصوب کردن	rèn mìng
下令	منصوب کردن	xià lìng
约会	تعیین؛ انتصاب	yuē huì
委任的职位	تعیین؛ انتصاب	wěi rèn de zhí wèi
评价	تقویم؛ تخمین	píng jià
估价	تقویم؛ تخمین	gū jià
可感知的	قابل تقدیر؛ قابل ارزیابی	kě gǎn zhī de
可评估的	قابل تقدیر؛ قابل ارزیابی	kě píng gū de
赏识	تقدیر کردن؛ تشکر کردن	shǎng shí
鉴别	تقدیر کردن؛ تشکر کردن	jiàn bié
感激	قدردانی	gǎn jī
理解	تشویش خاطر	lǐ jiě
忧惧	تشویش خاطر	yōu jù
惴惴不安的	مستشعر؛ درک کننده	zhuì zhuì bù ān de
敏悟的	مستشعر؛ درک کننده	mǐn wù de
学徒	شاگرد	xué tú
生手	شاگرد	shēng shǒu
学徒身分	شاگردی؛ تلمذ	xué tú shēn fèn
见习	شاگردی؛ تلمذ	jiàn xí
接近	مراجعهکردن؛ نزدیک شدن	jiē jìn
入门	مراجعهکردن؛ نزدیک شدن	rù mén
拨出	مناسب؛ مقتضی	bō chū
恰如其分的	به طور مناسب	qià rú qí fèn de
批准	موافقت؛ امضاء	pī zhǔn
赞同	امضاکردن؛ پسند کردن	zàn tóng
核准	امضاکردن؛ پسند کردن	hé zhǔn
大约的	تقریبی؛ تخمینی	dà yuē de
接近的	تقریبی؛ تخمینی	jiē jìn de
大致	تقریبا؛ تخمیناً	dà zhì
近似值	تقریب	jìn sì zhí
四月	آوریل	sì yuè
围裙	خرند؛ پیش بند	wéi qún
资质	ذوق؛ گنجیش	zī zhì
才能	ذوق؛ گنجیش	cái néng
水族馆	آکواریوم؛ آبزیگاه	shuǐ zú guǎn
养鱼池	آکواریوم؛ آبزیگاه	yǎng yú chí
阿拉伯人	عربی؛ عرب	ā lā bó rén
阿拉伯马	عربی؛ عرب	ā lā bó mǎ
阿拉伯语	عربی؛ زبان عربی	ā lā bó yǔ
阿拉伯人的	عربی؛ زبان عربی	ā lā bó rén de
适于耕种的	مزروعی؛ قابل زرع	kuò yú gēng zhòng de
可耕的	مزروعی؛ قابل زرع	kě gēng de
任意地	به‌طور قراردادی	rèn yì de
武断地	به‌طور قراردادی	wǔ duàn de
任意的	خودسرانه	rèn yì de
武断的	خودسرانه	wǔ duàn de
仲裁	داوری؛ حکمیت	zhòng cái
公断	داوری؛ حکمیت	gōng duàn
弧	کمان	hú
弓形	کمان	gōng xíng
拱廊	تیمچه	gǒng láng
拱形建筑物	تیمچه	gǒng xíng jiàn zhù wù
拱门	طاق؛ تاق	gǒng mén
拱形	طاق؛ تاق	gǒng xíng
考古学的	باستانشناسی	kǎo gǔ xué de
考古学上的	باستانشناسی	kǎo gǔ xué shǎng de
大主教	سر اسقف؛ اسقف بزرگ	dà zhǔ jiào
弓形结构的	طاقدار	gōng xíng jié gòu de
拱形的	طاقدار	gǒng xíng de
群岛	مجمع الجزیر؛ دریی پر جزیره	qún dǎo
多岛屿的海	مجمع الجزیر؛ دریی پر جزیره	duō dǎo yǔ de hǎi
建筑师	معمار	jiàn zhù shī
设计者	معمار	shè jì zhě
有关建筑的	معماری	yǒu guān jiàn zhù de
建筑学的	معماری	jiàn zhù xué de
建筑学	معماری	jiàn zhù xué
建筑式样	معماری	jiàn zhù shì yàng
把存档	آرشیو	bǎ cún dàng
档案馆	آرشیو	dàng àn guǎn
拱道	گذر سرپوشیده؛ دروازه طاقدار	gǒng dào
北极的	شمالی؛ قطبی	běi jí de
极寒的	شمالی؛ قطبی	jí hán de
费力的	پر زحمت؛ صعب الصعود	fèi lì de
努力的	پر زحمت؛ صعب الصعود	nǔ lì de
区域	منطقه	qū yù
面积	منطقه	miàn jī
角斗场	عرصه	jué dòu chǎng
舞台	عرصه	wǔ tái
可论证地	مسلماً	kě lùn zhèng de
可争辩地	مسلماً	kě zhēng biàn de
提出理由	بحث کردن	tí chū lǐ yóu
论证	بحث	lùn zhèng
好辩的	جدلی؛ استدلالی	hào biàn de
引起争论的	جدلی؛ استدلالی	yǐn qǐ zhēng lùn de
干燥的	خشک؛ لم یزرع	gān zào de
不毛的	خشک؛ لم یزرع	bù máo de
站立	بروز کردن	zhàn lì
贵族	نجبا؛ اشرافیت	guì zú
上层社会	نجبا؛ اشرافیت	shàng céng shè huì
贵族的	اشرافی؛ اعیانی	guì zú de
主张贵族统绐的	اشرافی؛ اعیانی	zhǔ zhāng guì zú tǒng dài de
阿肯色州	آرکانزاس	ā kěn sè zhōu
手臂	بازو؛ مسلح کردن	shǒu bì
袖子	بازو؛ مسلح کردن	xiù zi
军备	تسلیحات	jūn bèi
武器装备	تسلیحات	wǔ qì zhuāng bèi
扶手椅	صندلی دسته دار	fú shǒu yǐ
亚美尼亚的	ارمنی؛ زبان ارمنی	yà měi ní yà de
亚美尼亚人的	ارمنی؛ زبان ارمنی	yà měi ní yà rén de
亚美尼亚人	ارامنه	yà měi ní yà rén
战斗准备	تسلیح	zhàn dòu zhǔn bèi
装弹	تسلیح	zhuāng dàn
休战	متارکه جنگ؛ صلح موقت	xiū zhàn
停战	متارکه جنگ؛ صلح موقت	tíng zhàn
盔甲	جوشن	kuī jiǎ
潜水服	جوشن	qián shuǐ fú
纹章	زراد خانه	wén zhāng
军械库	زراد خانه	jūn xiè kù
腋窝	بغل؛ زیر بغل	yè wō
军队	ارتش	jūn duì
陆军	ارتش	lù jūn
芬芳的	خوشبو؛ گیاه خوشبو	fēn fāng de
芳香的	خوشبو؛ گیاه خوشبو	fāng xiāng de
包围	اطراف، حدود	bāo wéi
振奋人心的	تحریص؛ شهوت آمیز	zhèn fèn rén xīn de
安排	ترتیب دادن	ān pái
整齐	ترتیب	zhěng qí
衣服	آرایه	yī fu
逾期债款	پس افت	yú qī zhài kuǎn
欠帐	پس افت	qiàn zhàng
逮捕	جلب؛ توقیف	dài bǔ
监禁	جلب؛ توقیف	jiān jìn
抵达	مقدم؛ وصول	dǐ dá
傲慢态度	تکبر؛ نخوت	ào màn tài du
自大	تکبر؛ نخوت	zì dà
自大的	خودکامه؛ مغرور	zì dà de
傲慢的	خودکامه؛ مغرور	ào màn de
箭	پیکان	jiàn
兵工厂	زرادخانه؛ مهمات جنگی	bīng gōng chǎng
艺术	هنر	yì shù
人文科学	هنر	rén wén kē xué
动脉的	شریانی	dòng mài de
脉络状的	شریانی	mài luò zhuàng de
动脉	سرخرگ؛ شریان	dòng mài
干道	سرخرگ؛ شریان	gàn dào
巧妙的	نیرنگ باز	qiǎo miào de
狡猾的	نیرنگ باز	jiǎo huá de
文章	مقاله	wén zhāng
冠词	مقاله	guàn cí
关节的	مفصلی	guān jié de
发音清晰的	بیان کردن	fā yīn qīng xī de
口才好的	بیان کردن	kǒu cái hǎo de
关节	مفصل بندی؛ طرز گفتار	guān jié
接合	مفصل بندی؛ طرز گفتار	jiē hé
人造的	مصنوعی؛ ساختگی	rén zào de
假的	مصنوعی؛ ساختگی	jiǎ de
火炮	توپ؛ توپخانه	huǒ pào
炮兵	توپ؛ توپخانه	pào bīng
艺术家	هنرمند	yì shù jiā
画家	هنرمند	huà jiā
艺术的	هنری؛ هنرمندانه	yì shù de
艺术家的	هنری؛ هنرمندانه	yì shù jiā de
插图	اثر هنری	chā tú
艺术作品	اثر هنری	yì shù zuò pǐn
作为	به عنوان، همانطور که؛ همانطور که	zuò wéi
像	به عنوان، همانطور که؛ همانطور که	xiàng
上升	فرازیدن؛ فرازروی	shàng shēng
追溯	فرازیدن؛ فرازروی	zhuī sù
确定	محقق نمودن؛ محقق دانستن	què dìng
查明	محقق نمودن؛ محقق دانستن	chá míng
苦行者	زاهد؛ زاهدانه	kǔ xíng zhě
禁欲者	زاهد؛ زاهدانه	jìn yù zhě
随意取得的	منسوب	suí yì qǔ dé de
把归于	منسوب	bǎ guī yú
灰	خاکستر	huī
惭愧的	شرمنده؛ خجل	cán kuì de
羞耻的	شرمنده؛ خجل	xiū chǐ de
由灰烬构成的	خاکستری؛ شبیه خاکستر	yóu huī jìn gòu chéng de
灰色的	خاکستری؛ شبیه خاکستر	huī sè de
向岸	بکنار؛ درساحل	xiàng àn
在岸上	بکنار؛ درساحل	zài àn shàng
亚洲	آسیا	yà zhōu
小声说的话	کنار	xiǎo shēng shuì de huà
旁白	کنار	páng bái
问	پرسیدن، درخواست کردن	wèn
要求	پرسیدن، درخواست کردن	yāo qiú
睡着的	خوابیده	shuì zháo de
长眠的	خوابیده	cháng mián de
芦笋	مارچوبه؛ شودی	lú sǔn
天冬	مارچوبه؛ شودی	tiān dōng
外观	منظر؛ منظره	wài guān
方面	منظر؛ منظره	fāng miàn
诽谤	هتک	fěi bàng
中伤	هتک	zhòng shāng
热望	آرزو	rè wàng
渴望	آرزو کردن	kě wàng
立志于	آرزو کردن	lì zhì yú
阿斯匹林	آسپیرین	ā sī pǐ lín
乙酰水杨酸	آسپیرین	yǐ xiān shuǐ yáng suān
驴	الاغ؛ ماتحت	lǘ
傻瓜	الاغ؛ ماتحت	shǎ guā
攻击者	ضارب	gōng jī zhě
行凶者	ضارب	xíng xiōng zhě
暗杀者	قاتل؛ آدمکش	àn shā zhě
刺客	قاتل؛ آدمکش	cì kè
暗杀	ترور	àn shā
行刺	ترور	xíng cì
攻击	حمله	gōng jī
袭击	حمله	xí jī
集合	جمع‌آوری کردن	jí hé
收集	جمع‌آوری کردن	shōu jí
与会者	مونتاژ، مجلس	yù huì zhě
集会	مونتاژ، مجلس	jí huì
坚称	ادعا کردن	jiān chēng
评估	ارزیابی؛ اظهارنظر	píng gū
估定	ارزیابی؛ اظهارنظر	gū dìng
辅佐人	ارزیاب	fǔ zuǒ rén
资产	دارایی	zī chǎn
有益的东西	دارایی	yǒu yì de dōng xī
勤勉的	مستدام؛ عاکف	qín miǎn de
刻苦的	مستدام؛ عاکف	kè kǔ de
赋值	اختصاص دادن	fù zhí
功课	تکلیف؛ گمارش	gōng kè
使同化	تلفیق کردن؛ سازش کردن	shǐ tóng huà
协助	یاری کردن؛ اعانه کردن	xié zhù
援助	کمک	yuán zhù
助理	دستیار	zhù lǐ
同伴	نزدیکی کردن؛ اختلاط کردن	tóng bàn
伙伴	نزدیکی کردن؛ اختلاط کردن	huǒ bàn
协会	معاشرت؛ اشتراک	xié huì
关联	معاشرت؛ اشتراک	guān lián
假定	پنداشتن؛ فرض کردن	jiǎ dìng
承担	پنداشتن؛ فرض کردن	chéng dān
自负	فرض	zì fù
保证	اطمینان	bǎo zhèng
把握	اطمینان	bǎ wò
使确信	اطمینان دادن	shǐ què xìn
星号	ستاره	xīng hào
使惊讶	گیج کردن؛ مبهوت کردن	shǐ jīng yà
令人惊讶的	حیرت‌آور	lìng rén jīng yà de
阿斯特拉罕羔皮	حاجی ترخان	ā sī tè lā hǎn gāo pí
俄国羔皮	حاجی ترخان	é guó gāo pí
迷途地	گمراه؛ بی راه	mí tú de
入歧途地	گمراه؛ بی راه	rù qí tú de
天文学	نجوم؛ ستاره شناسی	tiān wén xué
庇护	پناهندگی	bì hù
收容所	پناهندگی	shōu róng suǒ
在	در	zài
于	در	yú
无神论者	ناخدا؛ زندیق	wú shén lùn zhě
无神论的	ناخدا	wú shén lùn de
无神论者的	ناخدا	wú shén lùn zhě de
运动员	ورزشکار	yùn dòng yuán
运动选手	ورزشکار	yùn dòng xuǎn shǒu
运动的	ورزشی؛ پهلوانی	yùn dòng de
大西洋	آتلانتیک	dà xī yáng
原子	اتم؛ آتم	yuán zǐ
核能	اتم؛ آتم	hé néng
原子的	اتمی	yuán zǐ de
原子能的	اتمی	yuán zǐ néng de
补偿	کفاره دادن؛ تقاص پس دادن	bǔ cháng
弥补	کفاره دادن؛ تقاص پس دادن	mí bǔ
赎罪	دیه	shú zuì
邪恶	جنیات	xié è
暴行	جنیات	bào xíng
残暴	ظلم	cán bào
凶恶	ظلم	xiōng è
附上	ضمیمه کردن؛ الصاق کردن	fù shàng
使依附	ضمیمه کردن؛ الصاق کردن	shǐ yī fù
连接	پیوست	lián jiē
抨击	حمله، حمله کردن	pēng jī
尝试	سعی؛ کوشش	cháng shì
企图	سعی؛ کوشش	qǐ tú
参加	شرکت کردن	cān jiā
照料	شرکت کردن	zhào liào
出席	حضور	chū xí
随从	ملازم؛ ملتزم	suí cóng
侍者	ملازم؛ ملتزم	shì zhě
注意	توجه	zhù yì
注意的	متوجه؛ دربند	zhù yì de
留心的	متوجه؛ دربند	liú xīn de
服装	لباس پوشاندن	fú zhuāng
盛装	لباس پوشاندن	chéng zhuāng
态度	طرز برخورد	tài du
看法	طرز برخورد	kàn fǎ
代理人	وکیل	dài lǐ rén
律师	وکیل	lǜ shī
吸引	مجذوب کردن؛ مجذوب ساختن	xī yǐn
诱惑	مجذوب کردن؛ مجذوب ساختن	yòu huò
吸引人的	جذاب	xī yǐn rén de
有魅力的	جذاب	yǒu mèi lì de
属性	نسبت دادن، صفت	shǔ xìng
标志	نسبت دادن، صفت	biāo zhì
拍卖	حراج	pāi mài
大胆的	گستاخ؛ جسور	dà dǎn de
鲁莽的	گستاخ؛ جسور	lǔ mǎng de
大胆	بی باکی	dà dǎn
厚颜无耻	بی باکی	hòu yán wú chǐ
听得见的	شنیدنی	tīng dé jiàn de
可闻的	شنیدنی	kě wén de
听众	حضار	tīng zhòng
观众	حضار	guān zhòng
音频	شنیداری	yīn pín
审计	حسابرسی	shěn jì
查帐	حسابرسی	chá zhàng
审计员	ممیز؛ مستمع	shěn jì yuán
听者	ممیز؛ مستمع	tīng zhě
听觉的	سمعی؛ سماعی	tīng jué de
听觉器官的	سمعی؛ سماعی	tīng jué qì guān de
八月	آگوست	bā yuè
威严的	آگوست	wēi yán de
阿姨	عمه، خاله	ā yí
姨妈	عمه، خاله	yí mā
赞助	توجهات	zàn zhù
主办	توجهات	zhǔ bàn
吉兆的	خجسته؛ فرخنده	jí zhào de
幸运的	خجسته؛ فرخنده	xìng yùn de
严峻的	ریاضت کش	yán jùn de
禁欲的	ریاضت کش	jìn yù de
朴素	ریاضت	pǔ sù
苦行	ریاضت	kǔ xíng
澳洲	استرالیا	ào zhōu
澳大利亚	استرالیا	ào dà lì yà
澳大利亚人	استرالیائی	ào dà lì yà rén
澳大利亚的	استرالیائی	ào dà lì yà de
奥地利	اطریش؛ اتریش	ào dì lì
奥地利人	اتریشی؛ اطریشی	ào dì lì rén
奥地利的	اتریشی؛ اطریشی	ào dì lì de
可靠的	معتبر	kě kào de
可信的	معتبر	kě xìn de
可靠性	اصالت؛ سندیت	kě kào xìng
真实性	اصالت؛ سندیت	zhēn shí xìng
作家	نویسنده	zuò jiā
创始人	نویسنده	chuàng shǐ rén
权威性的	حاکمانه	quán wēi xìng de
官方的	حاکمانه	guān fāng de
权力	اجازه؛ اختیار	quán lì
当权者	اجازه؛ اختیار	dāng quán zhě
授权	تنفیذ	shòu quán
许可	تنفیذ	xǔ kě
汽车	خودرو	qì chē
"本身"	خودرو	běn shēn
自传	خودزیستنامه	zì zhuàn
独裁统治	استبداد	dú cái tǒng zhì
独裁政治	استبداد	dú cái zhèng zhì
独裁者	سلطان مطلق؛ سلطان مستبد	dú cái zhě
独裁的	استبدادی	dú cái de
自动手枪	خودکار	zì dòng shǒu qiāng
自动机械	خودکار	zì dòng jī xiè
自动地	به صورت خودکار	zì dòng de
机械地	به صورت خودکار	jī xiè de
自治的	خودگردان؛ خود مختار	zì zhì de
自主的	خودگردان؛ خود مختار	zì zhǔ de
自治	خودمختاری	zì zhì
自主性	خودمختاری	zì zhǔ xìng
秋天	پاییز	qiū tiān
成熟期	پاییز	chéng shú qī
秋的	خزانی؛ خریفی	qiū de
秋天的	خزانی؛ خریفی	qiū tiān de
有用	بکار خوردن؛ سودمند بودن	yǒu yòng
有利	بکار خوردن؛ سودمند بودن	yǒu lì
有效性	در دسترس بودن	yǒu xiào xìng
可利用性	در دسترس بودن	kě lì yòng xìng
可利用的	در دسترس	kě lì yòng de
可获得的	در دسترس	kě huò dé de
雪崩	بهمن	xuě bēng
山崩	بهمن	shān bēng
为报复	دادگیری کردن	wéi bào fù
报仇	دادگیری کردن	bào chóu
平均	متوسط	píng jūn
一般水平	متوسط	yī bān shuǐ píng
讨厌的事	نفرت؛ بدآمدن	tǎo yàn de shì
航空	هواپیمائی؛ هوانوردی	háng kōng
飞行术	هواپیمائی؛ هوانوردی	fēi xíng shù
避免	اجتناب کردن	bì miǎn
防止	اجتناب کردن	fáng zhǐ
避开	اجتناب؛ حذر	bì kāi
坦率承认的	اعتراف شده	tǎn shuài chéng rèn de
公开宣布的	اعتراف شده	gōng kāi xuān bù de
等候	در انتظار بودن	děng hòu
等待着	در انتظار بودن	děng dài zhāo
醒着的	بیدار؛ بیداری کشیدن	xǐng zhāo de
唤醒	بیدار؛ بیداری کشیدن	huàn xǐng
奖品	جایزه	jiǎng pǐn
裁定	جایزه	cái dìng
知道的	آگاه؛ مطلع	zhī dào de
有觉悟的	آگاه؛ مطلع	yǒu jué wù de
意识	آگاهی	yì shí
离去	دور	lí qù
敬畏	هیبت؛ هیبت دادن	jìng wèi
可怕的	وحشتناک	kě pà de
庄严的	وحشتناک	zhuāng yán de
片刻	مدتی؛ یک چندی	piàn kè
一会儿	مدتی؛ یک چندی	yī huì r
笨拙的	نامناسب	bèn zhuō de
棘手的	نامناسب	jí shǒu de
笨拙	ناشیگری	bèn zhuō
不熟练	ناشیگری	bù shú liàn
歪的	چپ چپ؛ به‌طور میل	wāi de
错误的	چپ چپ؛ به‌طور میل	cuò wù de
斧头	تیشه؛ تبر	fǔ tóu
用斧削或砍	تیشه؛ تبر	yòng fǔ xiāo huò kǎn
斧	تیشه؛ تیشه زدن	fǔ
削减(人员	تیشه؛ تیشه زدن	xuē jiǎn rén yuán
轴	آسه؛ محور چرخ	zhóu
天蓝色	مینا؛ لاجورد	tiān lán sè
碧空	مینا؛ لاجورد	bì kōng
巴别	طرح خیالی؛ بنای شگرف	bā bié
狒狒	عنتر	fèi fèi
婴孩	نوزاد، کودک	yīng hái
婴儿	نوزاد، کودک	yīng ér
单身汉	عزب؛ مجرد	dān shēn hàn
学士	عزب؛ مجرد	xué shì
杆菌	باسیل	gǎn jūn
细菌	باسیل	xì jūn
后面的	پشت، عقب؛ پشتی، عقب	hòu miàn de
使后退	پشت، عقب؛ پشتی، عقب	shǐ hòu tuì
背景幕	صحنه پشت	bèi jǐng mù
巴加门子棋	مهره؛ نرد	bā jiā mén zi qí
背景	سابقه، پس زمینه	bèi jǐng
后台	سابقه، پس زمینه	hòu tái
后退	حمایت	hòu tuì
衬背	حمایت	chèn bēi
倒车	پشتیبان	dǎo chē
向后地	بدون ترقی	xiàng hòu de
相反地	بدون ترقی	xiāng fǎn de
向后	ازپشت؛ عقب مانده	xiàng hòu
死水	باریکه آب	sǐ shuǐ
滞水	باریکه آب	zhì shuǐ
未开垦地	جنگلهای دورافتاده	wèi kāi kěn de
细菌的	باکتریائی	xì jūn de
杆菌的	باکتریائی	gǎn jūn de
细菌学	باکتری شناسی	xì jūn xué
坏的	بد	huài de
坏地	بد	huài de
徽章	نشان	huī zhāng
标记	نشان	biāo jì
严重地	بد	yán zhòng de
恶劣地	بد	è liè de
袋子	کیف	dài zi
袋状物	کیف	dài zhuàng wù
行李	بارسفر	xíng li
装袋	پارچه کیسهای	zhuāng dài
制袋材料	پارچه کیسهای	zhì dài cái liào
袋状的	کیسه ای متورم	dài zhuàng de
松垂的	کیسه ای متورم	sōng chuí de
保释	وثیقه	bǎo shì
拎环	وثیقه	līn huán
法警	ضابط	fǎ jǐng
郡副司法长官	ضابط	jùn fù sī fǎ zhǎng guān
饵	طعمه؛ طعمه دادن	ěr
欺负	طعمه؛ طعمه دادن	qī fu
烘焙	پختن؛ طبخ کردن	hōng bèi
烤	پختن؛ طبخ کردن	kǎo
面包师	شاطر؛ نانوا	miàn bāo shī
烤箱	شاطر؛ نانوا	kǎo xiāng
烤干	طبخ	kǎo gān
平衡	مانده؛ تراز	píng héng
差额	مانده؛ تراز	chā é
公平的	متعادل	gōng píng de
平衡的	متعادل	píng héng de
阳台	خروجی؛ بالکن	yáng tái
戏院楼厅	خروجی؛ بالکن	xì yuàn lóu tīng
秃头的	کل؛ طاس	tū tóu de
光秃的	کل؛ طاس	guāng tū de
有害的	غم انگیز؛ مصیبت بار	yǒu hài de
恶意的	غم انگیز؛ مصیبت بار	è yì de
障碍	زیرش زدن؛ مایه لغزش	zhàng ài
错误	زیرش زدن؛ مایه لغزش	cuò wù
球	توپ	qiú
舞会	توپ	wǔ huì
歌谣	شعر افسانه ای	gē yáo
芭蕾舞	باله	bā lěi wǔ
气球	بادکنک	qì qiú
激增	بادکنک	jī zēng
投票	برگه رای	tóu piào
抽签	برگه رای	chōu qiān
香脂	بلسان	xiāng zhī
香膏	بلسان	xiāng gāo
波罗的海的	بالتیک	bō luó dì hǎi de
竹子	خیزران؛ بامبو	zhú zi
竹类	خیزران؛ بامبو	zhú lèi
禁令	نهی؛ منع کردن	jìn lìng
禁止	نهی؛ منع کردن	jìn zhǐ
香蕉	موز	xiāng jiāo
带子	گروه (موسیقی)	dài zi
队	گروه (موسیقی)	duì
绷带	تنزیب؛ پانسمان	bēng dài
帘布筒	تنزیب؛ پانسمان	lián bù tǒng
强盗	سارق؛ راهزن	qiáng dào
子弹带	قطار فشنگ	zǐ dàn dài
祸根	جانی؛ مخرب زندگی	huò gēn
毒药	جانی؛ مخرب زندگی	dú yào
重击	چتر زلف	zhòng jī
突然巨响	چتر زلف	tū rán jù xiǎng
驱逐	دور کردن؛ نفی بلد کردن	qū zhú
消除	دور کردن؛ نفی بلد کردن	xiāo chú
放逐	نفی؛ تبعید	fàng zhú
银行	بانک (پول)	yín háng
河岸	بانک (پول)	hé àn
银行家	صراف؛ بانک دار	yín háng jiā
庄家	صراف؛ بانک دار	zhuāng jiā
银行业务	بانکی؛ صرافی	yín háng yè wù
银行事务	بانکی؛ صرافی	yín háng shì wù
破产者	ورشکست	pò chǎn zhě
破产的	ورشکست	pò chǎn de
倒闭	اعسار؛ افلاس	dǎo bì
旗帜	بنر	qí zhì
显著的	بنر	xiǎn zhù de
宴会	مهمانی؛ سور	yàn huì
戏谑	شوخی کنایه دار	xì xuè
嘲弄	شوخی کنایه دار	cháo nòng
浸礼	تعمید؛ غسل	jìn lǐ
洗礼	تعمید؛ غسل	xǐ lǐ
洗礼的	تعمیدی	xǐ lǐ de
条	میخانه، میله	tiáo
棒	میخانه، میله	bàng
野蛮人	بی تمدن	yě mán rén
野蛮的	بی تمدن	yě mán de
粗野的	بربری	cū yě de
野蛮	وحشیگری	yě mán
未开化	وحشیگری	wèi kāi huà
残暴的行为	بی رحمی؛ قساوت قلب	cán bào de xíng wéi
残忍	بی رحمی؛ قساوت قلب	cán rěn
残暴的	غیر مصطلح	cán bào de
有倒刺的	خاردار	yǒu dào cì de
理发师	آرایشگر؛ سلمانی	lǐ fà shī
赤裸的	لخت	chì luǒ de
缺少的	لخت	quē shǎo de
赤脚的	پابرهنه	chì jiǎo de
几乎不	به سختی	jī hū bù
交易	معامله	jiāo yì
买卖协定	معامله	mǎi mài xié dìng
讨价还价	چانه زنی	tǎo jià huán jià
谈判	چانه زنی	tán pàn
驳船	دوبه؛ سرزده وارد شدن	bó chuán
用船运输	دوبه؛ سرزده وارد شدن	yòng chuán yùn shū
树皮	عوعو؛ عوعو کردن	shù pí
吠声	عوعو؛ عوعو کردن	fèi shēng
大麦	علیق؛ جوین	dà mài
谷仓	طویله؛ کاهدان	gǔ cāng
靶	طویله؛ کاهدان	bǎ
男爵	باروری	nán jué
男爵夫人	همسر بارون	nán jué fū ren
女性男爵	همسر بارون	nǚ xìng nán jué
桶	بشکه	tǒng
不育的	عقیم؛ نازا	bù yù de
贫瘠的	عقیم؛ نازا	pín jí de
栅栏	مانع	zhà lán
搬运架	زنبه؛ خاک کش	bān yùn jià
手推车	زنبه؛ خاک کش	shǒu tuī chē
物物交换	پایاپای؛ تهاتر	wù wù jiāo huàn
实物交易	پایاپای؛ تهاتر	shí wù jiāo yì
底部	فرومایه؛ لئیم	dǐ bù
垒	فرومایه؛ لئیم	lěi
棒球	بیسبال	bàng qiú
立基于	بر اساس	lì jī yú
以为基础	بر اساس	yǐ wéi jī chǔ
无根据的	بی پایه؛ بی اساس	wú gēn jù de
地下室	زیرزمین	dì xià shì
墙脚	زیرزمین	qiáng jiǎo
害羞的	محجوبانه؛ شرمرو	hài xiū de
忸怩的	کمروئی	niǔ ní de
羞怯的	کمروئی	xiū qiè de
基本原理	اصلی؛ اساسی	jī běn yuán lǐ
要素	اصلی؛ اساسی	yào sù
基本上	اصلاً؛ اساساً	jī běn shang
主要地	اصلاً؛ اساساً	zhǔ yào de
盆	طشت؛ تشتک	pén
第三脑室	طشت؛ تشتک	dì sān nǎo shì
基础	پایه؛ اصل	jī chǔ
主要成分	پایه؛ اصل	zhǔ yào chéng fèn
晒太阳	حمام آفتاب گرفتن	shài tài yáng
感到舒适	حمام آفتاب گرفتن	gǎn dào shū shì
篮	سبد	lán
篮球	بسکتبال	lán qiú
低沉的声音	باس	dī chén de shēng yīn
男低音	باس	nán dī yīn
蝙蝠	خفاش؛ ضربه زدن (با چوب)	biān fú
球棒	خفاش؛ ضربه زدن (با چوب)	qiú bàng
沐浴	حمام	mù yù
浴室	حمام	yù shì
用水洗	شستشو؛ شستشو کردن	yòng shuǐ xǐ
游泳	آبتنی	yóu yǒng
洗海水澡	آبتنی	xǐ hǎi shuǐ zǎo
厕所	حمام	cè suǒ
细薄亚麻布	پاتیس	xì bó yà má bù
接力棒	باتون؛ عصای افسران	jiē lì bàng
警棍	باتون؛ عصای افسران	jǐng gùn
营	گردان	yíng
电池	باتری؛ باطری	diàn chí
殴打	باتری؛ باطری	ōu dǎ
战役	نبرد؛ جنگ	zhàn yì
战斗	نبرد؛ جنگ	zhàn dòu
战场	میدان جنگ	zhàn chǎng
沙场	میدان جنگ	shā chǎng
战地	نبردگاه؛ عرصه منازعه	zhàn dì
战列舰	ناو؛ رزمناو	zhàn liè jiàn
主力舰	ناو؛ رزمناو	zhǔ lì jiàn
海湾	خلیج	hǎi wān
狗吠声	خلیج	gǒu fèi shēng
刺刀	سرنیزه	cì dāo
是	بودن	shì
海滩	ساحل	hǎi tān
烽火	چراق دریایی	fēng huǒ
灯塔	چراق دریایی	dēng tǎ
珠子	دانه؛ مهره	zhū zi
滴	دانه؛ مهره	dī
起泡	روکوب	qǐ pào
泡沫	روکوب	pào mò
鸟嘴	نوک؛ تک	niǎo zuǐ
喙	نوک؛ تک	huì
横梁	پرتو	héng liáng
杆	پرتو	gān
豆子	لوبیا	dòu zi
油嘴	لوبیا	yóu zuǐ
熊	خرس	xióng
承受	خرس	chéng shòu
胡须	ریش؛ محاسن	hú xū
公开反对	ریش؛ محاسن	gōng kāi fǎn duì
有须的	ریشو؛ ریشدار	yǒu xū de
有胡子的	ریشو؛ ریشدار	yǒu hú zi de
带信人	حامل؛ درخت بارور	dài xìn rén
票据持有人	حامل؛ درخت بارور	piào jù chí yǒu rén
畜生	جانور	chù sheng
野兽的	جانوروار	yě shòu de
残忍的	جانوروار	cán rěn de
心跳	ضربه زدن، شکست دادن	xīn tiào
打	ضربه زدن، شکست دادن	dá
被打败了的	زده؛ کوبیده	bèi dǎ bài le de
筋疲力竭的	زده؛ کوبیده	jīn pí lì jié de
花花公子	جوان شیک	huā huā gōng zǐ
情郎	جوان شیک	qíng láng
美丽的	زیبا	měi lì de
美	خوبی؛ جمال	měi
因为	زیرا	yīn wèi
变成	شدن	biàn chéng
变得	شدن	biàn de
床	تختخواب	chuáng
睡眠处	تختخواب	shuì mián chǔ
卧房	شبستان	wò fáng
卧室	شبستان	wò shì
被褥	رختخواب؛ هوای آزاد	bèi rù
寝具	رختخواب؛ هوای آزاد	qǐn jù
卧床不起的	بستری	wò chuáng bù qǐ de
床边	بالین	chuáng biān
临床的	بالین	lín chuáng de
就寝时间	وقت استراحت؛ موقع خوابیدن	jiù qǐn shí jiān
蜜蜂	زنبور؛ مگس انگبین	mì fēng
聚会	زنبور؛ مگس انگبین	jù huì
山毛榉	آلش	shān máo jǔ
牛肉	گوشت گاو	niú ròu
肌肉	گوشت گاو	jī ròu
啤酒	آبجو	pí jiǔ
在之前	قبل از	zài zhī qián
在前	قبل از	zài qián
预先	پیشاپیش	yù xiān
待人如友	رفاقت کردن؛ تجیب کردن	dài rén rú yǒu
扶助	رفاقت کردن؛ تجیب کردن	fú zhù
乞求	التماس کردن؛ استدعا کردن	qǐ qiú
乞讨	التماس کردن؛ استدعا کردن	qǐ tǎo
为某人之生父	پس انداختن؛ سبب وجود شدن	wéi mǒu rén zhī shēng fù
招致	پس انداختن؛ سبب وجود شدن	zhāo zhì
乞丐	گدا؛ فقیر	qǐ gài
使贫穷	گدا؛ فقیر	shǐ pín qióng
开始	شروع کردن	kāi shǐ
利益	از طرف	lì yì
举止端正	رفتار کردن	jǔ zhǐ duān zhèng
行为规矩	رفتار کردن	xíng wéi guī ju
举止	رفتار؛ اخلاق	jǔ zhǐ
身首异处的	سربریده	shēn shǒu yì chù de
砍头	سربریده	kǎn tóu
在后地	پشت سر، عقب	zài hòu de
在背后	پشت سر، عقب	zài bèi hòu
看到	هان؛ هین	kān dào
注视	هان؛ هین	zhù shì
淡棕色的	بژ	dàn zōng sè de
薄斜纹呢	بژ	bó xié wén ne
迟来的	دیر شده	chí lái de
过了期的	دیر شده	guò le qī de
比利时人	بلژیکی	bǐ lì shí rén
比利时的	بلژیکی	bǐ lì shí de
比利时	بلژیک	bǐ lì shí
信念	ایمان؛ اعتقاد	xìn niàn
相信	ایمان؛ اعتقاد	xiāng xìn
信徒	معتقد؛ مومن	xìn tú
铃	ناقوس؛ جرس	líng
钟	ناقوس؛ جرس	zhōng
好战的	متحارب	hào zhàn de
交战的	متحارب	jiāo zhàn de
属于	تعلق داشتن	shǔ yú
合适	تعلق داشتن	hé shì
心爱的	محبوب	xīn ài de
在下面	زیر، پایین	zài xià miàn
地带	کمربند	dì dài
长椅子	نیمکت	cháng yǐ zǐ
台	نیمکت	tái
基准程序	معیار	jī zhǔn chéng xù
变弯曲	چنبره؛ خمیدگی	biàn wān qū
屈服	چنبره؛ خمیدگی	qū fú
在下方	زیر	zài xià fāng
祝福	رضوان؛ نیایش	zhù fú
恩人	واقف؛ نیکوکار	ēn rén
捐助者	واقف؛ نیکوکار	juān zhù zhě
仁慈的	منان؛ منعم	rén cí de
慈善的	منان؛ منعم	cí shàn de
受益的	مفید	shòu yì de
受惠者	ذینفع	shòu huì zhě
受益人	ذینفع	shòu yì rén
有益于	فایده	yǒu yì yú
善意	خوشدلی؛ نوع پرستی	shàn yì
慈悲	خوشدلی؛ نوع پرستی	cí bēi
善意的	خیر؛ نیکوکار	shàn yì de
善良的	جید	shàn liáng de
良性的	جید	liáng xìng de
弯曲的	خم؛ متمایل	wān qū de
决心的	خم؛ متمایل	jué xīn de
遗赠物	وقف نامه	yí zèng wù
遗产	وقف نامه	yí chǎn
柏林	برلین؛ برلن	bó lín
船岸之间的水区	پهلو گرفتن؛ اطاق کشتی	chuán àn zhī jiān de shuǐ ōu
锚地	پهلو گرفتن؛ اطاق کشتی	máo de
绿玉	بزادی	lǜ yù
绿宝石	بزادی	lǜ bǎo shí
哀求	التماس کردن	āi qiú
恳求的	از و جز	kěn qiú de
哀求的	از و جز	āi qiú de
除之外	علاوه بر این	chú zhī wài
而且	علاوه بر این	ér qiě
最好的	بهترین	zuì hǎo de
最好地	بهترین	zuì hǎo de
似野兽的	دامی؛ شبیه حیوان	shì yě shòu de
授予	عطا کردن؛ بذل کردن	shòu yǔ
使用	عطا کردن؛ بذل کردن	shǐ yòng
打赌	شرط بندی؛ شرط بستن	dǎ dǔ
赌注	شرط بندی؛ شرط بستن	dǔ zhù
乙种	بتا	yǐ zhǒng
出卖	خیانت کردن	chū mài
背叛	خیانت کردن	bèi pàn
辜负	خیانت؛ افشاء سر	gū fù
较好的	بهتر	jiào hǎo de
比较好	بهتر	bǐ jiào hǎo
改进	بهی	gǎi jìn
在之间	بین	zài zhī jiān
饮料	شربت؛ نوشابه	yǐn liào
茶	شربت؛ نوشابه	chá
小心	هان؛ هلا	xiǎo xīn
谨防	هان؛ هلا	jǐn fáng
困惑的	گیج؛ سردرگم	kùn huò de
晕眩的	گیج؛ سردرگم	yūn xuàn de
困惑	گیجی؛ سردرگمی	kùn huò
昏乱	گیجی؛ سردرگمی	hūn luàn
超过	فراتر از؛ آن‌سوی	chāo guò
在那一边	فراتر از؛ آن‌سوی	zài nā yī biān
偏见	تعصب	piān jiàn
斜纹	تعصب	xié wén
圣经	انجیل؛ کتاب مقدس	shèng jīng
重碳酸盐	جوش شیرین	chóng tàn suān yán
碳酸氢盐	جوش شیرین	tàn suān qīng yán
自行车	دوچرخه	zì xíng chē
联播	دوچرخه سواری	lián bō
出价	پیشنهاد دادن، پیشنهاد	chū jià
命令	پیشنهاد دادن، پیشنهاد	mìng lìng
棺材	مقبره	guān cai
双叉	شکاف گاه	shuāng chā
分叉	شکاف گاه	fēn chà
大的	بزرگ	dà de
重要的	بزرگ	zhòng yào de
脚踏车	دوچرخه	jiǎo tà chē
有两边的	دوجانبه؛ دوطرفه	yǒu liǎng bian de
双边的	دوجانبه؛ دوطرفه	shuāng biān de
胆汁	صفر؛ زرداب	dǎn zhī
坏脾气	صفر؛ زرداب	huài pí qì
患胆病的	صفراوی؛ زرداب ریز	huàn dǎn bìng de
胆汁质的	صفراوی؛ زرداب ریز	dǎn zhī zhì de
账单	صورتحساب	zhàng dān
法案	صورتحساب	fǎ àn
兵舍	یادداشت مختصر؛ ورقه جیره	bīng shě
军营	یادداشت مختصر؛ ورقه جیره	jūn yíng
十亿	میلیارد	shí yì
比朗金合金	بورچاق	bǐ lǎng jīn hé jīn
容器	سطل آشغال	róng qì
箱子	سطل آشغال	xiāng zi
由两部分组成的	دوجزئی؛ دوگانه	yóu liǎng bù fen zǔ chéng de
二进位的	دوجزئی؛ دوگانه	èr jìn wèi de
绑	بستن	bǎng
约束	بستن	yuē shù
捆缚者	صحاف؛ شیرازه	kǔn fù zhě
用以绑缚之物	صحاف؛ شیرازه	yòng yǐ bǎng fù zhī wù
装订	حتیالاجرا؛ تجلید	zhuāng dìng
联编	حتیالاجرا؛ تجلید	lián biān
传记的	زیستنامهای	zhuàn jì de
传记	زندگی‌نامه	zhuàn jì
生物学的	زیستی	shēng wù xué de
生物学	زیست‌شناسی	shēng wù xué
有两极的	دوقطبی	yǒu liǎng jí de
双极的	دوقطبی	shuāng jí de
桦树	توس؛ غان	huà shù
桦木	توس؛ غان	huà mù
鸟	پرنده	diǎo
羽毛球	پرنده	yǔ máo qiú
伯明翰	بیرمنگام	bó míng hàn
出生	تولد	chū shēng
起源	تولد	qǐ yuán
生日	تولد	shēng rì
诞生地	زادگاه؛ مسقطالراس	dàn shēng de
与生俱来的权利	حق ارشدیت	yǔ shēng jù lái de quán lì
饼干	بیسکویت	bǐng gān
素坯	بیسکویت	sù pī
主教	اسقف	zhǔ jiào
象	اسقف	xiàng
少量	تکه کوچک	shǎo liàng
马嚼子	تکه کوچک	mǎ jiáo zi
咬	گاز؛ نیش	yǎo
一口	گاز؛ نیش	yī kǒu
苦的	تلخ؛ مر	kǔ de
怀恨的	تلخ؛ مر	huái hèn de
苦味	تلخی	kǔ wèi
悲痛	تلخی	bēi tòng
野营	اتراق؛ اتراق کردن	yě yíng
露营	اتراق؛ اتراق کردن	lù yíng
奇异的	عجیب و غریب	qí yì de
黑色	سیاه	hēi sè
黑颜料	سیاه	hēi yán liào
铁匠	آهنکر؛ آهنگر	tiě jiang
膀胱	بادکنک؛ کمیزدان	páng guāng
囊	بادکنک؛ کمیزدان	náng
叶片	تیغه	yè piàn
刀锋	تیغه	dāo fēng
有叶片的	تیغه دار	yǒu yè piàn de
有刀刃的	تیغه دار	yǒu dāo rèn de
过失	سرزنش؛ ملامت	guò shī
责备	سرزنش؛ ملامت	zé bèi
空格	خالی	kòng gé
空白	خالی	kòng bái
毛毯	پتو	máo tǎn
毯子	پتو	tǎn zi
一阵风	انفجار، منفجر کردن	yī zhèn fēng
爆炸	انفجار، منفجر کردن	bào zhà
火焰	افروختگی؛ شعله زدن	huǒ yàn
烈火	افروختگی؛ شعله زدن	liè huǒ
萧瑟的	درمعرض بادسرد	xiāo sè de
荒凉的	درمعرض بادسرد	huāng liáng de
流血	خونریزی کردن	liú xuè
瘢点	معایب	bān diǎn
伤疤	معایب	shāng bā
混合	ترکیب کردن	hùn hé
混合的	عجین	hùn hé de
祈佑	برکت دادن	qí yòu
幸福	مبارکی	xìng fú
蒙蔽物	کور؛ نابینا	méng bì wù
窗帘	کور؛ نابینا	chuāng lián
盲目	کوری؛ نابینائی	máng mù
失明	کوری؛ نابینائی	shī míng
眨眼	سوسو زدن؛ نگاه مختصر	zhǎ yǎn
闪亮	سوسو زدن؛ نگاه مختصر	shǎn liàng
可恶的	طرفه العین	kě wù de
该死的	طرفه العین	gāi sǐ de
水疱	آبله؛ طاول	shuǐ pào
砂眼	آبله؛ طاول	shā yǎn
集团	مانع ورادع؛ جعبه قرقره	jí tuán
街区	بلوک؛ مسدود کردن	jiē qū
木块	بلوک؛ مسدود کردن	mù kuài
阻塞	گرفتگی؛ سدراه کردن	zǔ sè
封锁	گرفتگی؛ سدراه کردن	fēng suǒ
笨蛋	بی کله	bèn dàn
傻子	بی کله	shǎ zi
博客	وبلاگ	bó kè
部落格	وبلاگ	bù luò gé
亚麻色的	بلوند	yà má sè de
淡色的	بلوند	dàn sè de
血	خون	xuè
气质	خون	qì zhì
无血色的	بی خون؛ بدون خونریزی	wú xuè sè de
不流血的	بی خون؛ بدون خونریزی	bù liú xuè de
嗜杀的	خونریز؛ خونخوار	shì shā de
血腥的	خونین؛ خون آلود	xuè xīng de
花	شکوفه؛ شکفتن	huā
青春	شکوفه؛ شکفتن	qīng chūn
兴旺期	شکوفه؛ گل دادن	xīng wàng qī
污点	لک کردن	wū diǎn
墨水渍	لک کردن	mò shuǐ zì
吹	دمیدن؛ ضربه، دمیدن	chuī
打击	دمیدن؛ ضربه، دمیدن	dǎ jī
蓝色	آبی	lán sè
下流的	آبی	xià liú de
断崖	توپ؛ بلف	duàn yá
绝壁	توپ؛ بلف	jué bì
带蓝色的	آبی فام	dài lán sè de
大错	خبط کردن؛ اشتباه کار	dà cuò
大失策	خبط کردن؛ اشتباه کار	dà shī cè
钝的	کند کردن؛ بی نوک	dùn de
坦率的	کند کردن؛ بی نوک	tǎn shuài de
坦率地	بالصراحه	tǎn shuài de
率直地	بالصراحه	shuài zhí de
钝	صراحت	dùn
率直	صراحت	shuài zhí
使模糊	تیرگی؛ لک کردن	shǐ mó hu
弄脏	تیرگی؛ لک کردن	nòng zāng
脸红	روژ	liǎn hóng
羞愧	روژ	xiū kuì
蟒蛇	مار اژدر؛ اژدر مار	mǎng shé
女用围巾	مار اژدر؛ اژدر مار	nǚ yòng wéi jīn
板	تخته، هیئت مدیره	bǎn
董事会	تخته، هیئت مدیره	dǒng shì huì
吹牛	فخر فروختن	chuī niú
自夸	فخر فروختن	zì kuā
船	قایق	chuán
身体的	تنی؛ جسمی	shēn tǐ de
亲自	تنی؛ جسمی	qīn zì
身体	بدن	shēn tǐ
人	بدن	rén
保镖	مستحفظ شخص؛ گارد مخصوص	bǎo biāo
护卫	مستحفظ شخص؛ گارد مخصوص	hù wèi
沼泽	سیاه آب؛ لجن زار	zhǎo zé
煮沸	جوشاندن	zhǔ fèi
沸腾	جوشاندن	fèi téng
煮器	دیگ	zhǔ qì
汽锅	دیگ	qì guō
猛烈的	بلند وناهنجار	měng liè de
喧闹的	بلند وناهنجار	xuān nào de
粗体	پررنگ	cū tǐ
大胆地	جسارتا؛ جسورانه	dà dǎn de
显眼地	جسارتا؛ جسورانه	xiǎn yǎn de
勇敢	جرات؛ جسارت	yǒng gǎn
门闩	زبانه؛ زبانه دار کردن	mén shuān
螺钉	زبانه؛ زبانه دار کردن	luó dīng
炸弹	بمب؛ بمباران کردن	zhà dàn
轰炸	بمب؛ بمباران کردن	hōng zhà
炮击	توپ زدن؛ بتوپ بستن	pào jī
轰击	بمباران	hōng jī
轰炸机	بمب انداز؛ بمب افکن	hōng zhà jī
投弹手	بمب انداز؛ بمب افکن	tóu dàn shǒu
投弹	بمباران	tóu dàn
捆绑物	صلح؛ وجه الضمانه	kǔn bǎng wù
结合	صلح؛ وجه الضمانه	jié hé
骨头	استخوان	gǔ tou
骨制品	استخوان	gǔ zhì pǐn
软帽	درپوش؛ کلاه سرگذاشتن	ruǎn mào
阀盖	درپوش؛ کلاه سرگذاشتن	fá gě
漂亮的	قوی وزیبا	piào liang de
奖金	پاداش	jiǎng jīn
红利	پاداش	hóng lì
如骨的	استخوانی؛ اسکلتی	rú gǔ de
多骨的	استخوانی؛ اسکلتی	duō gǔ de
呆子	ساده لوح	dāi zi
书	رزرو کردن؛ کتاب، رزرو کردن	shū
帐簿	رزرو کردن؛ کتاب، رزرو کردن	zhàng bù
预约演出合同	رزرو	yù yuē yǎn chū hé tong
书型模法	رزرو	shū xíng mó fǎ
好读书的	کتابی؛ ملانقطی	hǎo dú shū de
书呆子的	کتابی؛ ملانقطی	shū dāi zi de
繁荣	رونق	fán róng
隆隆声	رونق	lóng lóng shēng
恩惠	هم پیاله	ēn huì
推进	افزایش دادن، افزایش	tuī jìn
吹捧	افزایش دادن، افزایش	chuī pěng
长靴	چکمه	cháng xuē
踢	چکمه	tī
亭	غرفه؛ جای ویژه	tíng
摊棚	غرفه؛ جای ویژه	tān péng
战利品	غارت؛ غنیمت	zhàn lì pǐn
获得之物	غارت؛ غنیمت	huò dé zhī wù
边缘	کناره؛ مرز	biān yuán
边境	کناره؛ مرز	biān jìng
令人讨厌的人	مو؛ سرخر	lìng rén tǎo yàn de rén
激浪	مو؛ سرخر	jī làng
无聊的	خسته	wú liáo de
烦人的	خسته	fán rén de
厌烦	خستگی؛ ملالت	yàn fán
厌倦	خستگی؛ ملالت	yàn juàn
天生的	متولد شدن	tiān shēng de
的过去分词	متولد شدن	de guò qu fēn cí
借	قرض گرفتن	jiè
借款	عاریه؛ استقراض	jiè kuǎn
贷款	عاریه؛ استقراض	dài kuǎn
波斯尼亚	بوسنی	bō sī ní yà
波士尼亚	بوسنی	bō shì ní yà
胸部	سینه؛ بغل	xiōng bù
胸怀	سینه؛ بغل	xiōng huái
老板	رئیس	lǎo bǎn
上司	رئیس	shàng si
波士顿	بوستون	bō shì dùn
植物学家	گیاهشناس	zhí wù xué jiā
植物学	گیاهشناسی	zhí wù xué
两者的	هر دو	liǎng zhě de
两者都	هر دو	liǎng zhě dū
烦扰	رنجاندن؛ ایذاء	fán rǎo
迷惑	رنجاندن؛ ایذاء	mí huo
瓶子	بطری	píng zi
酒瓶	بطری	jiǔ píng
给装底	پایین، ته	gěi zhuāng de
大树枝	شانه حیوان	dà shù zhī
跳	جهش کردن	tiào
弹力	جهش کردن	tán lì
跃	مقید	yuè
回跳	مقید	huí tiào
边界	مرز	biān jiè
分界线	مرز	fēn jiè xiàn
无限的	بیکران؛ نامتناهی	wú xiàn de
无边无际的	بیکران؛ نامتناهی	wú biān wú jì de
花束	گلدسته	huā shù
丛	گلدسته	cóng
中产阶级分子	طبقه دوم	zhōng chǎn jiē jí fèn zǐ
商人	طبقه دوم	shāng rén
牛的	شبیه گاو؛ گاو خوی	niú de
迟钝的	شبیه گاو؛ گاو خوی	chí dùn de
弓	خم شدن، تعظیم	gōng
眼睛框	خم شدن، تعظیم	yǎn jing kuàng
肠	امعاء	cháng
内脏	امعاء	nèi zàng
凉亭	آلاچیق	liáng tíng
树阴处	آلاچیق	shù yīn chǔ
碗	کاسه	wǎn
木球	کاسه	mù qiú
玩滚球的人	قدح ساز؛ مشروب خوارافراطی	wán gǔn qiú de rén
玩球戏的人	قدح ساز؛ مشروب خوارافراطی	wán qiú xì de rén
盒子	جعبه	hé zi
箱	جعبه	xiāng
拳师	مشتباز؛ مشتزن	quán shī
拳击	بوکس؛ مشتزنی	quán jī
围模	بوکس؛ مشتزنی	wéi mó
男孩	پسر	nán hái
少年	پسر	shào nián
联合抵制	بایکوت؛ تحریم کردن	lián hé dǐ zhì
男朋友	دوست پسر	nán péng you
少年时代	پسری؛ پسر بچگی	shào nián shí dài
支柱	آکولاد	zhī zhù
曲柄	آکولاد	qū bǐng
支架	دیاق	zhī jià
括弧	دیاق	kuò hú
编辫子的	بافته	biān biàn zi de
有饰带镶缀的	بافته	yǒu shì dài xiāng chuò de
穿线	نواریاتوری قیطانی	chuān xiàn
脑	مغز	nǎo
刹车	ترمز؛ ترمز کردن	shā chē
阻碍	ترمز؛ ترمز کردن	zǔ ài
树枝	شاخه؛ شاخ	shù zhī
支店	شاخه؛ شاخ	zhī diàn
商标	جور؛ داغ	shāng biāo
牌子	جور؛ داغ	pái zi
黄铜	نحاس؛ افسر ارشد	huáng tóng
铜管乐器的	نحاس؛ افسر ارشد	tóng guǎn yuè qì de
似黄铜的	برنجی؛ برنج مانند	shì huáng tóng de
厚脸皮的	برنجی؛ برنج مانند	hòu liǎn pí de
乳臭未干的小孩	ننر؛ کف شیر	rǔ xiù wèi gān de xiǎo hái
不煤	ننر؛ کف شیر	bù méi
勇敢的	رشید؛ راد	yǒng gǎn de
美好的	رشید؛ راد	měi hǎo de
勇敢地	شجاعانه؛ غازیانه	yǒng gǎn de
亡命徒	آفرین؛ هورا	wáng mìng tú
火盆	رویگر؛ آتشدان	huǒ pén
铜匠	رویگر؛ آتشدان	tóng jiang
巴西	برازیلیا؛ برزیل	bā xī
裂口	نقض کردن، نقض	liè kǒu
违背	نقض کردن، نقض	wéi bèi
面包	نان	miàn bāo
生计	نان	shēng jì
宽度	وسعت نظر	kuān dù
休息	شکستن، استراحت	xiū xi
中断	شکستن، استراحت	zhōng duàn
崩溃	خرابی	bēng kuì
故障	خرابی	gù zhàng
早餐	صبحانه	zǎo cān
突破	پیشرفت	tū pò
新发现	پیشرفت	xīn fā xiàn
分裂	بهم زدن	fēn liè
乳房	سینه؛ پستان	rǔ fáng
呼吸	دم؛ نفس	hū xī
气息	دم؛ نفس	qì xī
生存	تنفس کردن؛ استنشاق کردن	shēng cún
瞬间	تنفس؛ ذینفس	shùn jiān
喘不过气来的	بی جان؛ بی نفس	chuǎn bu guò qì lái de
屏气的	بی جان؛ بی نفس	bǐng qì de
后膛	ته توپ؛ ته تفنگ	hòu táng
臀部	ته توپ؛ ته تفنگ	tún bù
种类	نژاد، پرورش دادن	zhǒng lèi
品种	نژاد، پرورش دادن	pǐn zhǒng
教养	تخم کشی؛ تولید مثل	jiào yǎng
生育	تخم کشی؛ تولید مثل	shēng yù
微风	نسیم؛ بادملایم	wēi fēng
煤屑	نسیم؛ بادملایم	méi xiè
有微风的	نسیمدار؛ شادی بخش	yǒu wēi fēng de
通风好的	نسیمدار؛ شادی بخش	tōng fēng hǎo de
制造者	آبجوساز	zhì zào zhě
泡制饮料的器皿	آبجوساز	pào zhì yǐn liào de qì mǐn
啤酒厂	آبجوسازی	pí jiǔ chǎng
酿酒厂	آبجوسازی	niàng jiǔ hǎn
贿赂	رشوه؛ رشوه دادن	huì lù
收买	رشوه؛ رشوه دادن	shōu mǎi
贿赂行为	رشوه؛ ارتشاء	huì lù xíng wéi
行贿	رشوه؛ ارتشاء	xíng huì
砖块	آجر	zhuān kuài
积木	آجر	jī mù
新娘的	متعلق بعروس	xīn niáng de
婚礼的	متعلق بعروس	hūn lǐ de
新娘	عروس	xīn niáng
新郎	دامادی	xīn láng
桥	پل	qiáo
跨越	پل	kuà yuè
马勒	افسار؛ عنان	mǎ lè
摘要	مختصر؛ کوتاهمدت	zhāi yào
简报	مختصر؛ کوتاهمدت	jiǎn bào
简短地	به طور خلاصه	jiǎn duǎn de
扼要地	به طور خلاصه	è yào de
旅	تیپ	lǚ
明亮的	روشن	míng liàng de
聪明的	روشن	cōng ming de
变亮	زرنگ کردن؛ درخشان کردن	biàn liàng
活跃	زرنگ کردن؛ درخشان کردن	huó yuè
光亮	فروغ؛ روشنی	guāng liàng
明亮	فروغ؛ روشنی	míng liàng
光辉的	درخشان	guāng huī de
灿烂的	درخشان	càn làn de
带来	آوردن	dài lái
陡岸	لب؛ شرف	dǒu àn
英国	بریتانیا	yīng guó
英国的	بریتانیایی؛ انگلیسی	yīng guó de
英国人	بریتانیایی؛ انگلیسی	yīng guó rén
易碎的	شکننده؛ ترد	yì suì de
脆弱的	شکننده؛ ترد	cuì ruò de
宽广的	گشاد؛ پهن	kuān guǎng de
辽阔的	گشاد؛ پهن	liáo kuò de
宽带	پهنای باند	kuān dài
广播	پخش؛ پراکندن	guǎng bō
传播	پخش؛ پراکندن	chuán bō
播送者	پخش کننده	bō sòng zhě
广播装置	پخش کننده	guǎng bō zhuāng zhì
变宽	وسیع کردن	biàn kuān
扩大	وسیع کردن	kuò dà
宽广地	به طور گسترده	kuān guǎng de
明白地	به طور گسترده	míng bai de
小册子	جزوه؛ بروشور	xiǎo cè zi
坏掉的	شکسته	huài diào de
打破的	شکسته	dǎ pò de
掮客	واسطه؛ دلال	qián kè
经纪人	واسطه؛ دلال	jīng jì rén
支气管炎	برنشیت؛ آماس نایژه	zhī qì guǎn yán
青铜	برنز؛ برنزی	qīng tóng
铜像	برنز؛ برنزی	tóng xiàng
胸针	گل سینه؛ باسنجاق آراستن	xiōng zhēn
领针	گل سینه؛ باسنجاق آراستن	lǐng zhēn
小溪	جوی؛ جویبار	xiǎo xī
容忍	جوی؛ جویبار	róng rěn
扫帚	جاروب؛ جارو	sào zhou
金雀花	جاروب؛ جارو	jīn què huā
兄弟	برادر	xiōng dì
手足情谊	اخوت؛ برادری	shǒu zú qíng yì
兄弟关系	اخوت؛ برادری	xiōng dì guān xi
兄弟的	برادرانه؛ برادر وار	xiōng dì de
亲兄弟似的	برادرانه؛ برادر وار	qīn xiōng dì shì de
褐色	قهوه‌ای	hè sè
浏览器	مرورگر	liú lǎn qì
青肿	کوفتگی؛ تباره	qīng zhǒng
挫伤	کوفتگی؛ تباره	cuò shāng
硬伤	دق	yìng shāng
深褐发女子	سبزه	shēn hè fā nǚ zǐ
深褐色的	سبزه	shēn hè sè de
刷子	برس، برس زدن	shuā zi
毛笔	برس، برس زدن	máo bǐ
残忍地	بی رحمانه	cán rěn de
蛮横地	بی رحمانه	mán hèng de
残忍或好色之人	جانور خوی؛ کودن یاشهوانی	cán rěn huò hào sè zhī rén
冒泡	حباب؛ غلغل سدن	mào pāo
腹股沟淋巴结炎的	خیارکی	fù gǔ gōu lín bā jié yán de
元	دلار، نر (جانور)	yuán
雄鹿	دلار، نر (جانور)	xióng lù
皮带扣	چپراست؛ سگک	pí dài kòu
扣子	چپراست؛ سگک	kòu zi
芽	جوانه؛ شکوفه	yá
花蕾	جوانه؛ شکوفه	huā lěi
佛教徒	بودایی	fó jiào tú
佛教的	بودایی	fó jiào de
好朋友	رفیق	hǎo péng you
预算	بودجه	yù suàn
暗黄色	گاو وحشی؛ زرد نخودی	àn huáng sè
人的皮肤	گاو وحشی؛ زرد نخودی	rén de pí fū
水牛	گاومیش؛ بوفالو	shuǐ niú
缓冲器	بافر	huǎn chōng qì
缓冲区	بافر	huǎn chōng ōu
虫	حشره، اشکال نرم‌افزاری	chóng
喇叭	بوق	lǎ ba
号角	بوق	hào jiǎo
建立	ساختن	jiàn lì
建筑	ساختن	jiàn zhù
建立者	بساز و بفروش	jiàn lì zhě
组份	بساز و بفروش	zǔ fèn
建筑物	ساختمان	jiàn zhù wù
营造	ساختمان	yíng zào
球茎	سوخ؛ لامپ برق	qiú jīng
电灯泡	سوخ؛ لامپ برق	diàn dēng pào
球茎的	پیازی	qiú jīng de
球茎状的	پیازی	qiú jīng zhuàng de
胀	برامدگی؛ بالارفتگی	zhàng
凸出	برامدگی؛ بالارفتگی	tū chū
大小	عمده	dà xiǎo
体积	عمده	tǐ jī
庞大的	جسیم؛ تنه دار	páng dà de
笨重	جسیم؛ تنه دار	bèn zhòng
公牛	گاو؛ ثور	gōng niú
买方	گاو؛ ثور	mǎi fāng
喇叭狗	بول داگ	lǎ ba gǒu
子弹	تیر؛ گلوله	zǐ dàn
距节	تیر؛ گلوله	jù jiē
布告	پژوهشنامه؛ بولتن	bù gào
金银	شمش	jīn yín
纯金	شمش	chún jīn
欺凌弱小者	قلدر؛ گردنکلفت	qī líng ruò xiǎo zhě
土霸	قلدر؛ گردنکلفت	tǔ bà
保障	سنگربندی	bǎo zhàng
壁垒	سنگربندی	bì lěi
串	خوشه؛ خوشه کردن	chuàn
束	خوشه؛ خوشه کردن	shù
捆	بقچه؛ دسته کردن	kǔn
顶撞	دربیس بال	dǐng zhuàng
推	دربیس بال	tuī
有浮力的	شناور	yǒu fú lì de
心情愉快的	شناور	xīn qíng yú kuài de
负担	بار	fù dān
重载	بار	zhòng zài
累赘的	غم انگیز	léi zhuì de
局	اداره؛ شورا	jú
办公处	اداره؛ شورا	bàn gōng chǔ
官僚	بوروکراسی	guān liáo
官吏	بوروکراسی	guān lì
窃贼	دزد؛ دزد خانه	qiè zéi
夜盗	دزد؛ دزد خانه	yè dào
埋葬	دفن	mái zàng
葬礼	دفن	zàng lǐ
结实的	گره دار	jiē shí de
粗壮的	گره دار	cū zhuàng de
烧	سوختن	shāo
发热	سوختن	fā rè
毛边	غلیظ تلفظ کردن	máo biān
钻孔器	غلیظ تلفظ کردن	zuān kǒng qì
洞穴	نقب؛ زیرزمین لانه کردن	dòng xué
藏身处	نقب؛ زیرزمین لانه کردن	cáng shēn chù
破裂	ترکیدن	pò liè
突发	ترکیدن	tū fā
埋藏	خاک کردن؛ گور کردن	mái cáng
公共汽车	اتوبوس	gōng gòng qì chē
总线	اتوبوس	zǒng xiàn
矮树丛	بوته؛ بوش	ǎi shù cóng
管衬	بوته؛ بوش	guǎn chèn
蒲式耳	لیتر است؛ با پیمانه وزن کردن	pú shì ěr
修整	لیتر است؛ با پیمانه وزن کردن	xiū zhěng
生意	کسب و کار	shēng yì
事情	کسب و کار	shì qing
实业家	بازرگان	shí yè jiā
半身像	ورشکست کردن؛ ورشکست شدن	bàn shēn xiàng
喧闹	هایهو	xuān nào
裙撑	هایهو	qún chēng
忙碌的	مشغول	máng lù de
热闹的	مشغول	rè nao de
除了	اما	chú le
但是	اما	dàn shì
屠夫	قصاب؛ قصابی کردن	tú fū
肉商	قصاب؛ قصابی کردن	ròu shāng
男管家	ساقی؛ آبدارباشی	nán guǎn jiā
司膳总管	ساقی؛ آبدارباشی	sī shàn zǒng guǎn
粗大的一头	شاخ زدن؛ نزدیک یا متصل شدن	cū dà de yī tóu
烟头	شاخ زدن؛ نزدیک یا متصل شدن	yān tóu
奶油	کره	nǎi yóu
黄油	کره	huáng yóu
蝴蝶	پروانه	hú dié
蝶式棉块	پروانه	dié shì mián kuài
脱脂乳	آبدوغ	tuō zhī rǔ
酪乳	آبدوغ	lào rǔ
钮扣	دکمه	niǔ kòu
按钮	دکمه	àn niǔ
钮孔	مادگی	niǔ kǒng
钮眼	مادگی	niǔ yǎn
买	خریدن	mǎi
买主	خریدار؛ خرنده	mǎi zhǔ
嗡嗡声	ویزویز کردن؛ نامشخص حرف زدن	wēng wēng shēng
流言	ویزویز کردن؛ نامشخص حرف زدن	liú yán
由	توسط، کنار	yóu
通过	توسط، کنار	tōng guò
再会	خداحافظ	zài huì
回头见	خداحافظ	huí tóu jiàn
出租车	تاکسی؛ جای لوکوموتیوران	chū zū chē
出租汽车	تاکسی؛ جای لوکوموتیوران	chū zū qì chē
卷心菜	کلم	juǎn xīn cài
甘兰	کلم	gān lán
出租车司机	رانندهتاکسی	chū zū chē sī jī
小屋	کلبه	xiǎo wū
客舱	کلبه	kè cāng
橱柜	کابینت، هیئت وزیران	chú guì
内阁	کابینت، هیئت وزیران	nèi gé
电缆	تلگراف؛ طناب سیمی	diàn lǎn
海底电报	تلگراف؛ طناب سیمی	hǎi dǐ diàn bào
咯咯声	نعیب کردن؛ غار غار	gē gē shēng
高笑声	نعیب کردن؛ غار غار	gāo xiào shēng
咖啡馆	کافه	kā fēi guǎn
酒店	کافه	jiǔ diàn
笼	قفس؛ درقفس نهادن	lóng
牢房	قفس؛ درقفس نهادن	láo fáng
蛋糕	کیک	dàn gāo
块	کیک	kuài
灾难性的	پربلا؛ مصیبت بار	zāi nàn xìng de
不幸的	پربلا؛ مصیبت بار	bù xìng de
灾难	بلا؛ آفت	zāi nàn
不幸事件	بلا؛ آفت	bù xìng shì jiàn
计算	حساب کردن؛ احتساب کردن	jì suàn
预测	حساب کردن؛ احتساب کردن	yù cè
考虑	محاسبه	kǎo lǜ
日历	تقویم؛ سالنما	rì lì
日程表	تقویم؛ سالنما	rì chéng biǎo
小牛	گوساله؛ عجل	xiǎo niú
腓肠	گوساله؛ عجل	féi cháng
印花棉布	چلوار	yìn huā mián bù
白棉布	چلوار	bái mián bù
加利福尼亚	کالیفرنیا	jiā lì fú ní yà
加利福尼亚人	کالیفرنیایی	jiā lì fú ní yà rén
加利福尼亚的	کالیفرنیایی	jiā lì fú ní yà de
呼叫	صدا زدن، تماس گرفتن	hū jiào
访问	صدا زدن، تماس گرفتن	fǎng wèn
麻木的	پینهدار؛ سنگ دل	má mù de
无情的	پینهدار؛ سنگ دل	wú qíng de
皮肤的硬皮	پینه؛ پینه ای	pí fū de yìng pí
胼胝	پینه؛ پینه ای	pián zhī
平稳	آرام؛ ملایم	píng wěn
风平浪静	آرام؛ ملایم	fēng píng làng jìng
平静地	به آرامی	píng jìng de
安静地	به آرامی	ān jìng de
平静	آرامی؛ آرامش	píng jìng
镇静	آرامی؛ آرامش	zhèn jìng
卡路里	کالری	kǎ lù lǐ
骆驼	شتر؛ سار	luò tuo
打捞浮筒	شتر؛ سار	dǎ lāo fú tǒng
刻有浮雕的宝石或贝壳	به زرد	kè yǒu fú diāo de bǎo shí huò bèi ké
照相机	دوربین	zhào xiàng jī
摄影机	دوربین	shè yǐng jī
帐篷	اردو، اردو زدن	zhàng peng
运动	کارزار؛ کمپین	yùn dòng
从军者	نامزد انتخابات	cóng jūn zhě
老兵	نامزد انتخابات	lǎo bīng
能	توانستن (فعل کمکی)؛ قوطی	néng
罐头	توانستن (فعل کمکی)؛ قوطی	guàn tou
加拿大	کانادا	jiā ná dà
加拿大的	کانادایی	jiā ná dà de
运河	کانال	yùn hé
水道	کانال	shuǐ dào
撤消	فسخکردن؛ موقوف کردن	chè xiāo
作废	فسخ؛ لغو	zuò fèi
癌	سرطان	ái
恶性肿瘤	سرطان	è xìng zhǒng liú
癌的	سرطانی	ái de
癌性的	سرطانی	ái xìng de
坦白的	صاف؛ بی تزویر	tǎn bái de
率直的	صاف؛ بی تزویر	shuài zhí de
候选人的地位	نامزدی؛ داوطلبی	hòu xuǎn rén de dì wèi
候选资格	نامزدی؛ داوطلبی	hòu xuǎn zī gé
候选人	نامزد؛ کاندید	hòu xuǎn rén
投考者	نامزد؛ کاندید	tóu kǎo zhě
蜡烛	شمع	là zhú
对着光检查	شمع	duì zhāo guāng jiǎn chá
糖果	نقل؛ شیرینی	táng guǒ
冰糖	نقل؛ شیرینی	bīng táng
手杖	عصا؛ قصب	shǒu zhàng
细长的茎	عصا؛ قصب	xì cháng de jīng
罐	چای دان؛ گازاشک آور	guàn
筒	چای دان؛ گازاشک آور	tǒng
罐装的	مست باده	guàn zhuāng de
录音的	مست باده	lù yīn de
无法	نمی‌تواند (فعل کمکی)	wú fǎ
不能	نمی‌تواند (فعل کمکی)	bù néng
独木舟	قایق رانی	dú mù zhōu
轻舟	قایق رانی	qīng zhōu
天篷	سایبان گذاشتن؛ کروک اتومبیل	tiān péng
遮篷	سایبان گذاشتن؛ کروک اتومبیل	zhē péng
慢跑	سلانه سلانه	màn pǎo
流浪汉	سلانه سلانه	liú làng hàn
帆布	بوم نقاشی	fān bù
画布	بوم نقاشی	huà bù
峡谷	دربند؛ تنگه	xiá gǔ
海底悬崖	دربند؛ تنگه	hǎi dǐ xuán yá
盖子	کلاهک	gài zi
帽子	کلاهک	mào zi
性能	توانایی	xìng néng
有能力的	قابل؛ لایق	yǒu néng lì de
能的	قابل؛ لایق	néng de
容积大的	جادار؛ گنجا	róng jī dà de
广阔的	جادار؛ گنجا	guǎng kuò de
容量	گنجایش؛ ظرفیت	róng liàng
岬	شنل	jiǎ
海角	شنل	hǎi jiǎo
毛细管	عروق شعریه	máo xì guǎn
毛状的	عروق شعریه	máo zhuàng de
首都	پایتخت، سرمایه	shǒu dū
资本	پایتخت، سرمایه	zī běn
资本主义	سرمایه‌داری	zī běn zhǔ yì
资本家	سرمایه‌دار	zī běn jiā
资本主义者	سرمایه‌دار	zī běn zhǔ yì zhě
投降	کاپیتولاسیون	tóu xiáng
条约	کاپیتولاسیون	tiáo yuē
反复无常的	بوالهوس؛ هوسران	fǎn fù wú cháng de
多变的	بوالهوس؛ هوسران	duō biàn de
胶囊	کپسول؛ پوشینه	jiāo náng
蒴果	کپسول؛ پوشینه	shuò guǒ
船长	ناخدا؛ سروان	chuán zhǎng
海军上校	ناخدا؛ سروان	hǎi jūn shàng xiào
俘虏	بندی؛ دربند	fú lǔ
迷恋者	بندی؛ دربند	mí liàn zhě
囚禁	گرفتاری؛ اسارت	qiú jìn
被关	گرفتاری؛ اسارت	bèi guān
抓取	تسخیر؛ دستگیری	zhuā qǔ
客车	ماشین	kè chē
旅行队	کاروان	lǚ xíng duì
有篷顶的大车	کاروان	yǒu péng dǐng de dà chē
碳	کربن	tàn
副本	کربن	fù běn
卡片	کارت	kǎ piàn
纸牌	کارت	zhǐ pái
薄纸板	مقوا؛ مقوای نازک	báo zhǐ bǎn
咭纸	مقوا؛ مقوای نازک	jī zhǐ
心脏病患者	فم المعدی	xīn zàng bìng huàn zhě
强心剂	فم المعدی	qiáng xīn jì
红衣主教	کاردینال؛ عدداصلی	hóng yī zhǔ jiào
鲜红色	کاردینال؛ عدداصلی	xiān hóng sè
事业	شغل، حرفه	shì yè
生涯	شغل، حرفه	shēng yá
无忧无虑的	سبکبار؛ بی غم	wú yōu wú lǜ de
不负责的	سبکبار؛ بی غم	bù fù zé de
小心的	مراقب	xiǎo xīn de
谨慎的	مراقب	jǐn shèn de
小心地	با دقت	xiǎo xīn de
谨慎地	با دقت	jǐn shèn de
粗心的	بیدقت؛ مسالمتآمیز	cū xīn de
不关心的	بیدقت؛ مسالمتآمیز	bù guān xīn de
不注意地	سرسری؛ غافلا	bù zhù yì de
粗心地	سرسری؛ غافلا	cū xīn de
粗心大意	غفلت؛ مسامحه	cū xīn dà yì
爱抚	نوازش؛ ناز	ài fǔ
拥抱	نوازش؛ ناز	yōng bào
货物	بار	huò wù
货柜	بار	huò guì
加勒比海	کارائیب	jiā lè bǐ hǎi
加勒比人的	کارائیب	jiā lè bǐ rén de
讽刺画	کاریکاتور؛ کاریکاتور ساختن	fěng cì huà
漫画	کاریکاتور؛ کاریکاتور ساختن	màn huà
大屠杀	قتل عام	dà tú shā
残杀	قتل عام	cán shā
嘉年华会	کارناول؛ کارناوال	jiā nián huá huì
狂欢节	کارناول؛ کارناوال	kuáng huān jié
北卡罗来纳州	کارولینا	běi kǎ luó lái nà zhōu
腕的	مچ دستی	wàn de
腕骨	مچ دستی	wàn gǔ
木匠	درودگر؛ نجار	mù jiàng
木工手艺	نجاری؛ درودگری	mù gōng shǒu yì
木工业	نجاری؛ درودگری	mù gōng yè
地毯	فرش	dì tǎn
铺盖	فرش	pū gài
马车	کالسکه	mǎ chē
运送者	حامل؛ ترک بند	yùn sòng zhě
邮递员	حامل؛ ترک بند	yóu dì yuán
死肉	لاش؛ گوشت گندیده	sǐ ròu
腐肉	لاش؛ گوشت گندیده	fǔ ròu
胡萝卜	هویج	hú luó bo
进位	حمل کردن	jìn wèi
射程	حمل کردن	shè chéng
运货车	چرخ؛ گاری	yùn huò chē
软骨	غضروف	ruǎn gǔ
卡通画	کارتون	kǎ tōng huà
弹药筒	فشنگ	dàn yào tǒng
一卷软片	فشنگ	yī juǎn ruǎn piàn
雕刻	حکاکی کردن	diāo kè
切开	حکاکی کردن	qiē kāi
小瀑布	آبشار	xiǎo pù bù
瀑布状物	آبشار	pù bù zhuàng wù
情况	مورد، پرونده	qíng kuàng
案件	مورد، پرونده	àn jiàn
现金	پول نقد	xiàn jīn
兑现	پول نقد	duì xiàn
出纳员	صندوقدار؛ تحویلدار	chū nà yuán
司库	صندوقدار؛ تحویلدار	sī kù
卡西诺赌场	کازینو	kǎ xī nuò dǔ chǎng
卡西诺牌戏	کازینو	kǎ xī nuò pái xì
首饰盒	صندوق یاتابوت	shǒu shì hé
小箱	صندوق یاتابوت	xiǎo xiāng
盒式磁带	کاست	hé shì cí dài
珠宝箱	کاست	zhū bǎo xiāng
法衣	دلق	fǎ yī
袈裟	دلق	jiā shā
演员阵容	افکندن؛ بر افکندن	yǎn yuán zhèn róng
投掷	افکندن؛ بر افکندن	tóu zhì
印度的种姓制度	صنف	yìn dù de zhǒng xìng zhì dù
社会团体	صنف	shè huì tuán tǐ
城堡	قلعه	chéng bǎo
象棋中的车	قلعه	xiàng qí zhòng dì chē
不经意的	معمولی	bù jīng yì de
临时地	تفریحاً	lín shí de
意外事故	تلفات	yì wài shì gù
伤亡	تلفات	shāng wáng
猫	گربه	māo
恶妇	گربه	è fù
目录	کاتالوگ	mù lù
大学情况一览	کاتالوگ	dà xué qíng kuàng yī lǎn
大灾难	مصیبت؛ بلای ناگهانی	dà zāi nán
大祸	مصیبت؛ بلای ناگهانی	dà huò
捕捉	گرفتن	bǔ zhuō
陷阱	گرفتن	xiàn jǐng
类项	طبقه؛ رده	lèi xiàng
提供饮食及服务	پذیرایی کردن	tí gōng yǐn shí jí fú wù
投合	پذیرایی کردن	tóu hé
大教堂	کلیسا	dà jiào táng
天主教徒	کاتولیک؛ جامع	tiān zhǔ jiào tú
天主教的	کاتولیک؛ جامع	tiān zhǔ jiào de
象猫的	گربهوار	xiàng māo de
偷偷摸摸的	گربهوار	tōu tōu mō mō de
牛	گله گاو	niú
家畜	گله گاو	jiā chù
高加索山脉	قزاقی	gāo jiā suǒ shān mài
花椰菜	گلکلم	huā yē cài
原因的	سببی؛ علتی	yuán yīn de
因果关系的	سببی؛ علتی	yīn guǒ guān xi de
成为原因的	سبب شونده	chéng wéi yuán yīn de
使役动词	سبب شونده	shǐ yì dòng cí
原因	علت، باعث شدن	yuán yīn
慎重	احتیاط	shèn zhòng
慎重地	از رویاحتیاط	shèn zhòng de
行列	گردش سواره	háng liè
一系列	گردش سواره	yī xì liè
骑士	شوالیه	qí shì
骑手	شوالیه	qí shǒu
骑兵	سواره نذام	qí bīng
洞	غار	dòng
穴	غار	xué
巨穴	غار؛ حفره	jù xué
洞窟	غار؛ حفره	dòng kū
似巨穴的	غارمانند؛ غاردار	shì jù xué de
空洞的	غارمانند؛ غاردار	kōng dòng de
空穴	گودی	kòng xué
镭射碟	سی‌دی	léi shè dié
镭射唱片	سی‌دی	léi shè chàng piàn
停止	متوقف کردن	tíng zhǐ
终了	متوقف کردن	zhōng liǎo
雪松	سرو؛ سدر	xuě sōng
香椿	سرو؛ سدر	xiāng chūn
天花板	سقف	tiān huā bǎn
庆祝	جشن گرفتن	qìng zhù
祝贺	جشن گرفتن	zhù hè
庆典	جشن؛ برگزاری	qìng diǎn
名声	سلبریتی	míng shēng
名人	سلبریتی	míng rén
天的	سماوی؛ عرشی	tiān de
天国的	سماوی؛ عرشی	tiān guó de
细胞	یاخته؛ سلول	xì bāo
单元格	یاخته؛ سلول	dān yuán gé
地窖	زیرزمین؛ سرداب	dì jiào
细胞的	سلولی؛ سلول دار	xì bāo de
凯尔特族的	سلتی؛ زبان سلتی	kǎi ěr tè zú de
凯尔特语的	سلتی؛ زبان سلتی	kǎi ěr tè yǔ de
水泥	سیمان؛ سمنت	shuǐ ní
胶结剂	سیمان؛ سمنت	jiāo jié jì
墓地	قبرستان	mù dì
公墓	قبرستان	gōng mù
香炉	بخورسوز؛ عودسوز	xiāng lú
检查制度	سانسور	jiǎn chá zhì dù
督察	سانسور	dū chá
户口普查	سرشماری؛ آمارگیری	hù kǒu pǔ chá
实施统计调查	سرشماری؛ آمارگیری	shí shī tǒng jì diào chá
分	سنت	fēn
百年纪念	صدساله؛ یادبود صدساله	bǎi nián jì niàn
一百年的	صدساله؛ یادبود صدساله	yī bǎi nián de
中心	مرکز؛ وسط	zhōng xīn
中锋	مرکز؛ وسط	zhōng fēng
中央的	مرکزی؛ میانی	zhōng yāng de
集中	تمرکز	jí zhōng
中央集权化	تمرکز	zhōng yāng jí quán huā
集中的	متمرکز	jí zhōng de
中央集权的	متمرکز	zhōng yāng jí quán de
离心的	مرکزگریز؛ نیروی گریز از مرکز	lí xīn de
离心机	مرکزگریز؛ نیروی گریز از مرکز	lí xīn jī
世纪	قرن	shì jì
百年	قرن	bǎi nián
谷类食品	غله؛ حبوبات	gǔ lèi shí pǐn
谷类植物	غله؛ حبوبات	gǔ lèi zhí wù
脑的	مغزی؛ دماغی	nǎo de
仪式	تشریفاتی	yí shì
正式的	تشریفاتی	zhèng shì de
典礼	تشریفات؛ مناسک	diǎn lǐ
确定的	مطمئن	què dìng de
某一个的	مطمئن	mǒu yī gè de
确定地	قطعا	què dìng de
确实的事情	قطعیت	què shí de shì qing
证书	گواهی	zhèng shū
证明书	گواهی	zhèng míng shū
证明	تصدیق کردن؛ شهادت کتبی دادن	zhèng míng
颈的	گردنی	jǐng de
懊恼	غم وغصه	ào nǎo
链	سلسله؛ زنجیر	liàn
枷锁	سلسله؛ زنجیر	jiā suǒ
椅子	صندلی	yǐ zi
显要的席位	صندلی	xiǎn yào de xí wèi
主席	رئیس؛ فرنشین	zhǔ xí
会长	رئیس؛ فرنشین	huì zhǎng
酒杯	جام	jiǔ bēi
圣餐杯	جام	shèng cān bēi
粉笔	گچ؛ تباشیر	fěn bǐ
白垩	گچ؛ تباشیر	bái è
挑战	طلب حق؛ سر تافتن	tiǎo zhàn
盘问	طلب حق؛ سر تافتن	pán wèn
挑战的	چالش برانگیز	tiǎo zhàn de
室	اتاق	shì
大声地嚼	میدان جنگ	dà shēng de jiáo
格格地咬	میدان جنگ	gé ge de yǎo
香槟酒	شامپانی	xiāng bīn jiǔ
冠军	قهرمان؛ پهلوان	guàn jūn
冠军身份	قهرمانی	guàn jūn shēn fèn
冠军称号	قهرمانی	guàn jūn chēng hào
机会	شانس	jī huì
意外	شانس	yì wài
大臣	صدر اعظم	dà chén
总理	صدر اعظم	zǒng lǐ
枝形吊灯	چلچراغ؛ لوستر	zhī xíng diào dēng
变化	تغییر، تغییر دادن	biàn huà
找回的零钱	تغییر، تغییر دادن	zhǎo huí de líng qián
频道	مجری؛ مجرا	pín dào
通道	مجری؛ مجرا	tōng dào
大混乱	هرج و مرج	dà hùn luàn
混沌	هرج و مرج	hùn dùn
小伙子	خشکی شدن؛ خشکی زدن	xiǎo huǒ zi
颌	خشکی شدن؛ خشکی زدن	hé
牧师	پیشنماز؛ قاضی عسگر	mù shī
章	فصل؛ بخش	zhāng
篇	فصل؛ بخش	piān
个性	شخصیت	gè xìng
字符	شخصیت	zì fú
特性	اختصاصی؛ مشخصه	tè xìng
特征	اختصاصی؛ مشخصه	tè zhēng
描绘的特性	توصیف کردن	miáo huì de tè xìng
刻划的性格	توصیف کردن	kè huá de xìng gé
木炭	زغال؛ ذغال	mù tàn
费用	عهده؛ تهمت	fèi yòng
充电	عهده؛ تهمت	chōng diàn
二轮战车	اراده؛ ارابه	èr lún zhàn chē
大慈大悲的	خیر؛ اوقاف	dà cí dà bēi de
宽厚的	خیر؛ اوقاف	kuān hòu de
博爱	خیریه	bó ài
庸医	چاچولباز؛ شارلاتان	yōng yī
江湖医	چاچولباز؛ شارلاتان	jiāng hú yī
吸引力	جذابیت	xī yǐn lì
魔力	جذابیت	mó lì
迷人的	جذاب	mí rén de
有吸引力的	جذاب	yǒu xī yǐn lì de
图表	نمودار	tú biǎo
海图	نمودار	hǎi tú
特许状	منشور	tè xǔ zhuàng
执照	منشور	zhí zhào
追求	تعقیب کردن، تعقیب	zhuī qiú
狩猎	تعقیب کردن، تعقیب	shòu liè
贞洁的	مخدر؛ عفیف	zhēn jié de
纯洁的	مخدر؛ عفیف	chún jié de
聊天	گپ زدن	liáo tiān
饶舌	ورور کردن؛ وراجی کردن	ráo shé
啁啾	ورور کردن؛ وراجی کردن	zhōu jiū
便宜的	ارزان	biàn yí de
不值钱的	ارزان	bù zhí qián de
廉价	ارزانی	lián jià
欺骗	فریب؛ گولزدن	qī piàn
作弊	فریب؛ گولزدن	zuò bì
行骗	فریب؛ تقلب	xíng piàn
检查	بررسی کردن، چک؛ چک کردن	jiǎn chá
支票	بررسی کردن، چک؛ چک کردن	zhī piào
击破	مات کردن؛ شاه مات	jī pò
彻底失败	مات کردن؛ شاه مات	chè dǐ shī bài
颊	گونه	jiá
厚颜	گونه	hòu yán
愉快	تشویق کردن، تشویق	yú kuài
振奋	تشویق کردن، تشویق	zhèn fèn
快活的	خرم؛ شنگول	kuài huo de
高兴的	خرم؛ شنگول	gāo xìng de
高兴	انبساط؛ بشاشت	gāo xìng
快活	انبساط؛ بشاشت	kuài huo
愉快的	با ل بشاشت	yú kuài de
乳酪	پنیر	rǔ lào
干酪	پنیر	gān lào
厨师	سرآشپز	chú shī
化学药品	شیمیایی	huà xué yào pǐn
化学的	شیمیایی	huà xué de
化学家	شیمیدان	huà xué jiā
药剂师	شیمیدان	yào jì shī
化学	شیمی	huà xué
珍爱	ورزیدن؛ عزیز داشتن	zhēn ài
怀有	ورزیدن؛ عزیز داشتن	huái yǒu
樱桃	گیلاس	yīng táo
国际象棋	شطرنج؛ شترنج	guó jì xiàng qí
雀麦	شطرنج؛ شترنج	qiāo mài
西洋象棋盘	تخته شطرنج	xī yáng xiàng qí pán
胸	سینه؛ قص	xiōng
衣柜	سینه؛ قص	yī guì
栗子	بلوط؛ شاه بلوط	lì zi
栗树	بلوط؛ شاه بلوط	lì shù
咀嚼	خاییدن؛ جویدن	jǔ jué
嚼碎	خاییدن؛ جویدن	jiáo suì
芝加哥	شیکاگو	zhī jiā gē
小鸡	مرغ	xiǎo jī
鸡肉	مرغ	jī ròu
领袖	رئیس؛ اصلی	lǐng xiù
酋长	رئیس؛ اصلی	qiú zhǎng
雪纺绸	تور نازک؛ نوعی کیک	xuě fǎng chóu
薄绸	تور نازک؛ نوعی کیک	báo chóu
孩子	کودک	hái zi
产物	کودک	chǎn wù
孩童时期	خردی؛ بچگی	hái tóng shí qī
儿童期	خردی؛ بچگی	ér tóng qī
天真的	کودکانه؛ بچگانه	tiān zhēn de
孩子气的	کودکانه؛ بچگانه	hái zi qì de
无儿女的	بی فرزند؛ بی اولاد	wú ér nǚ de
孩子似的	کودک مانند	hái zi shì de
天真烂漫的	کودک مانند	tiān zhēn làn màn de
寒冷	چایمان؛ سرد کردن	hán lěng
寒意	چایمان؛ سرد کردن	hán yì
钟声	ناقوس را؛ سازیاموسیقی زنگی	zhōng shēng
空想的	هوس باز؛ هوس آمیز	kōng xiǎng de
烟囱	دودکش؛ تنوره	yān cōng
灯罩	دودکش؛ تنوره	dēng zhào
下巴	چانه؛ پوز	xià ba
颏	چانه؛ پوز	kē
中国	چین؛ ظروف چینی	zhōng guó
瓷器	چین؛ ظروف چینی	cí qì
中文	چینی؛ زبان چینی	zhōng wén
中国话	چینی؛ زبان چینی	zhōng guó huà
裂缝	درزپیدا کردن	liè fèng
屑片	چیپس، تراشه	xiè piān
薄片	چیپس، تراشه	báo piàn
凿子	اسکنه؛ منقاش	záo zǐ
刻	اسکنه؛ منقاش	kè
骑士精神	سلحشوری	qí shì jīng shén
骑士制度	سلحشوری	qí shì zhì dù
巧克力	شکلات	qiǎo kè lì
选择	انتخاب	xuǎn zé
精选品	انتخاب	jīng xuǎn pǐn
唱诗班	گروه کر	chàng shī bān
合唱	گروه کر	hé chàng
窒息	اختناق؛ ساسات	zhì xī
霍乱	وبا	huò luàn
宁愿	انتخاب کردن	nìng yuàn
肋条肉	خرد کردن	lèi tiáo ròu
排骨	خرد کردن	pái gǔ
砍	ریز ریز	kǎn
斩碎	ریز ریز	zhǎn suì
基督教	مسیحیت؛ عیسویت	jī dū jiào
基督教徒	نصارا	jī dū jiào tú
慢性的	مزمن	màn xìng de
习惯性的	مزمن	xí guàn xìng de
年代学的	زمانی	nián dài xué de
按时间顺序的	زمانی	àn shí jiān shùn xù de
圆胖的	خپله	yuán pán de
抚弄	مرغک	fǔ lòng
赶走	مرغک	gǎn zǒu
大块	تکه بزرگ	dà kuài
矮胖的人	تکه بزرگ	ǎi pàng de rén
教堂	کلیسا	jiào táng
礼拜	کلیسا	lǐ bài
搅拌以制黄油	چرخی	jiǎo bàn yǐ zhì huáng yóu
搅动	چرخی	jiǎo dòng
苹果汁	آب سیب؛ شربت سیب	píng guǒ zhī
苹果酒	آب سیب؛ شربت سیب	píng guǒ jiǔ
雪茄	سیگار برگ	xuě jiā
香烟	سیگار	xiāng yān
纸烟	سیگار	zhǐ yān
电影院	سینما	diàn yǐng yuàn
圆周	دایره، دور چیزی کشیدن	yuán zhōu
社交圈	دایره، دور چیزی کشیدن	shè jiāo juān
电路	مدار	diàn lù
环道	مدار	huán dào
圆形的	حلقهای؛ مدور	yuán xíng de
循环的	حلقهای؛ مدور	xún huán de
流通	گردش کردن	liú tōng
循环	گردش کردن	xún huán
包皮环割术	ختنه	bāo pí huán gē shù
环切术	ختنه	huán qiē shù
细心的	ملاحظه کار؛ مال اندیش	xì xīn de
慎重的	ملاحظه کار؛ مال اندیش	shèn zhòng de
环境	چگونگی	huán jìng
状况	چگونگی	zhuàng kuàng
马戏团	میدان؛ جولانگاه	mǎ xì tuán
竞技场	میدان؛ جولانگاه	jìng jì chǎng
避难处	ارک؛ قلعه نظامی	bì nàn chǔ
引用	اقتباس کردن؛ اتخاذ سند کردن	yǐn yòng
引证	اقتباس کردن؛ اتخاذ سند کردن	yǐn zhèng
市民	شهروند	shì mín
公民	شهروند	gōng mín
国籍	شهروندی	guó jí
市民权	شهروندی	shì mín quán
城市	شهر	chéng shì
都市	شهر	dū shì
市的	مدنی	shì de
市民的	مدنی	shì mín de
公民的	مدنی؛ غیرنظامی	gōng mín de
平民	غیرنظامی	píng mín
民法专家	غیرنظامی	mín fǎ zhuān jiā
礼貌	نزاکت	lǐ mào
礼仪	نزاکت	lǐ yí
文明	تمدن	wén míng
教化	تمدن	jiào huà
文明的	متمدن	wén míng de
有礼的	متمدن	yǒu lǐ de
提出要求者	مدعی؛ مطالبه کننده	tí chū yāo qiú zhě
原告	مدعی؛ مطالبه کننده	yuán gào
湿粘的	بی حرارت؛ سرد ومرطوب	shī nián de
病态的	بی حرارت؛ سرد ومرطوب	bìng tài de
叫嚷	سروصدا؛ غریو کشیدن	jiào rǎng
夹钳	گیره؛ سوزن بند	jiā qián
夹紧	گیره؛ سوزن بند	jiā jǐn
氏族	طایفه؛ قبیله	shì zú
宗族	طایفه؛ قبیله	zōng zú
秘密的	غیرمشروع	mì mì de
当当声	صدای شیپور	dāng dāng shēng
铿锵声	صدای شیپور	kēng qiāng shēng
澄清	تبیین	chéng qīng
净化	تبیین	jìng huà
阐明	روشن کردن	chǎn míng
清楚	وضوح	qīng chu
明晰	وضوح	míng xī
克拉克	کلارک	kè lā kè
冲突	درگیری	chōng tū
撞击声	درگیری	zhuàng jī shēng
钩	سرچسب؛ جفت چپراست	gōu
班级	کلاس	bān jí
阶级	کلاس	jiē jí
古典的	کلاسیک	gǔ diǎn de
正统派的	کلاسیک	zhèng tǒng pài de
分类	طبقه‌بندی	fēn lèi
分级	طبقه‌بندی	fēn jí
归类	طبقه‌بندی کردن	guī lèi
教室	کلاس درس	jiào shì
咔嗒声	زغ زغ کردن	kā dā shēng
哗啦声	زغ زغ کردن	huā lā shēng
子句	ماده	zǐ jù
条款	ماده	tiáo kuǎn
爪	پنجه؛ چنگ	zhǎo
螯	پنجه؛ چنگ	áo
泥土	گل؛ رس	ní tǔ
肉体	گل؛ رس	ròu tǐ
干净的	تمیز، تمیز کردن	gān jìng de
清白的	تمیز، تمیز کردن	qīng bái de
清洁	زدایش؛ پاک سازی	qīng jié
扫除	زدایش؛ پاک سازی	sǎo chú
干净	نظافت؛ پاکی	gān jìng
使清洁	تطهیر کردن	shǐ qīng jié
洗净	پاکسازی	xǐ jìng
清洗法	پاکسازی	qīng xǐ fǎ
清楚的	روشن، واضح	qīng chu de
明确的	روشن، واضح	míng què de
清除	مفاصا؛ برائت ذمه	qīng chú
间隙	مفاصا؛ برائت ذمه	jiàn xì
晴朗	صافی؛ روشنی	qíng lǎng
明白	صافی؛ روشنی	míng bai
劈开	رخ؛ شکافتگی	pī kāi
裂片	رخ؛ شکافتگی	liè piàn
切肉刀	ساطور؛ ساتور	qiē ròu dāo
切割者	ساطور؛ ساتور	qiē gē zhě
仁慈	اعتدال عناصر	rén cí
宽厚	اعتدال عناصر	kuān hòu
牢牢抓住	گره کردن	láo láo zhuā zhù
钉紧	گره کردن	dīng jǐn
僧侣	روحانیون؛ مردروحانی	sēng lǚ
文书的	دفتری	wén shū de
办事员	کارمند	bàn shì yuán
职员	کارمند	zhí yuán
精明的	باهوش	jīng míng de
聪明地	بزیرکی؛ زیرکانه	cōng ming de
全然	بزیرکی؛ زیرکانه	quán rán
机灵	هشیاری؛ زرنگی	jī ling
聪明	هشیاری؛ زرنگی	cōng ming
咔哒声	تیک؛ صدای مختصر	kǎ da shēng
啪嗒声	تیک؛ صدای مختصر	pā tà shēng
客户	موکل؛ ارباب رجوع	kè hù
客户端	موکل؛ ارباب رجوع	kè hù duān
悬崖	صخره	xuán yá
气候	آب و هوا	qì hòu
社会趋势	آب و هوا	shè huì qū shì
高潮	اوج؛ منتها درجه	gāo cháo
极点	اوج؛ منتها درجه	jí diǎn
攀登	بالا رفتن	pān dēng
登山者	صعود کننده	dēng shān zhě
登杆器	صعود کننده	dēng gān qì
钉牢	مشت کردن؛ قاطع ساختن	dīng láo
敲弯	مشت کردن؛ قاطع ساختن	qiāo wān
粘紧	چسبیدن	nián jǐn
诊所	درمانگاه	zhěn suǒ
临床教学	درمانگاه	lín chuáng jiào xué
门诊部的	بالینی	mén zhěn bù de
修剪	گیره، کلیپ	xiū jiǎn
夹子	گیره، کلیپ	jiā zi
剪断	جمع در	jiǎn duàn
剪裁	جمع در	jiǎn cái
斗蓬	شنل؛ عبا	dǒu péng
大氅	شنل؛ عبا	dà chǎng
时钟	ساعت دیواری	shí zhōng
计时器	ساعت دیواری	jì shí qì
修道院	در صومعه گذاشتن	xiū dào yuàn
回廊	در صومعه گذاشتن	huí láng
结束	بستن؛ نزدیک	jié shù
完结	بستن؛ نزدیک	wán jié
关闭的	بسته	guān bì de
限于少数人的	بسته	xiàn yú shǎo shù rén de
密闭	نزدیکی؛ تقریب	mì bì
紧密	نزدیکی؛ تقریب	jǐn mì
壁橱	قفسه؛ گنجه	bì chú
小室	قفسه؛ گنجه	xiǎo shì
关闭	بسته شدن	guān bì
使终止	بسته شدن	shǐ zhōng zhǐ
凝块	لخته؛ علقه	níng kuài
一团	لخته؛ علقه	yī tuán
布料	پارچه	bù liào
织品	پارچه	zhī pǐn
云	ابر	yún
云端	ابر	yún duān
晴朗的	بی ابر؛ بدون ابر	qíng lǎng de
无云的	بی ابر؛ بدون ابر	wú yún de
多云的	ابری؛ میغی	duō yún de
有愁容的	ابری؛ میغی	yǒu chóu róng de
小丑	دلقک؛ الدنگ	xiǎo chǒu
乡下人	دلقک؛ الدنگ	xiāng xià rén
俱乐部	باشگاه	jù lè bù
木棍	باشگاه	mù gùn
线索	مدرک؛ سر نخ	xiàn suǒ
暗示	مدرک؛ سر نخ	àn shì
粗陋	ناشیانه؛ شلخته وار	cū lòu
不雅观的	ناشی؛ بی عرضه	bù yǎ guān de
抓紧	چنگ	zhuā jǐn
掌握	چنگ	zhǎng wò
教练	مربی	jiào liàn
长途汽车	مربی	cháng tú qì chē
马车夫	کالسکهچی؛ درشکهچی	mǎ chē fū
凝结	منعقد کردن؛ دلمه کردن	níng jié
聚沉	انعقاد؛ لختگی	jù chēn
煤	زغال کردن؛ زغال سنگ	méi
结合体	ائتلاف	jié hé tǐ
粗糙的	درشت؛ زبر	cū cāo de
下等的	درشت؛ زبر	xià děng de
海岸	ساحل	hǎi àn
滑坡	ساحل	huá pō
海岸的	ساحلی	hǎi àn de
沿海的	ساحلی	yán hǎi de
外套	کت، پالتو	wài tào
外面覆盖	کت، پالتو	wài miàn fù gài
涂层	روکش؛ کپسول	tú céng
上衣衣料	روکش؛ کپسول	shàng yī yī liào
哄	ریشخند کردن؛ چرب زبانی کردن	hōng
诱骗	ریشخند کردن؛ چرب زبانی کردن	yòu piàn
哄骗的	ریشخند	hǒng piàn de
圆块	کاهگلی	yuán kuài
捣碎	کاهگلی	dǎo suì
皮匠	پینه دوز	pí jiang
补鞋匠	پینه دوز	bǔ xié jiang
可卡因	کوکائین	kě kǎ yīn
古柯碱	کوکائین	gǔ kē jiǎn
鸡尾酒	کوکتل	jī wěi jiǔ
开味品	کوکتل	kāi wèi pǐn
可可粉	کاکائو	kě kě fěn
可可茶	کاکائو	kě kě chá
鳕	نوعی ماهی؛ کیسه کوچک	xuě
代码	کد	dài mǎ
密码	کد	mì mǎ
强制	ناگزیر کردن	qiáng zhì
强迫	ناگزیر کردن	qiǎng pò
威压	اجبار؛ عنف	wēi yā
共存	همزیستی کردن	gòng cún
和平共处	همزیستی؛ همزیگری	hé píng gòng chǔ
咖啡	قهوه	kā fēi
灵柩	تابوت	líng jiù
说服力	قدرت عقیده	shuō fú lì
切题	قدرت عقیده	qiè tí
识别	ادراک	shí bié
认知的	شناختی	rèn zhī de
认识的	شناختی	rèn shi de
互相耦合的	منسجم	hù xiāng ǒu hé de
清晰的	منسجم	qīng xī de
线圈	بوبین	xiàn quān
盘绕	بوبین	pán rào
硬币	سکه؛ سکه زدن	yìng bì
金钱	سکه؛ سکه زدن	jīn qián
造币	مسکوکات؛ ابداع واژه	zào bì
货币制度	مسکوکات؛ ابداع واژه	huò bì zhì dù
符合	مصادف بودن	fú hé
巧合	تصادف	qiǎo hé
同时发生	تصادف	tóng shí fā shēng
一致的	منطبق؛ مصادف	yī zhì de
符合的	منطبق؛ مصادف	fú hé de
感冒	سرد، سرما	gǎn mào
冷淡	برودت؛ سردی	lěng dàn
合作	همکاری کردن	hé zuò
勾结	همکاری کردن	gōu jié
倒塌	هوار؛ فروریختگی	dǎo tā
衣领	یقه؛ طوق	yī lǐng
颈圈	یقه؛ طوق	jǐng quān
同事	همکار	tóng shì
同僚	همکار	tóng liáo
聚集	جمع آوری کردن	jù jí
采集	مجموعه؛ وصول	cǎi jí
集体的	جمعی	jí tǐ de
聚集的	جمعی	jù jí de
聚合性	اجماعا؛ مجتمعا	jù hé xìng
收集家	گردآورنده	shōu jí jiā
收取款项的人	گردآورنده	shōu qǔ kuǎn xiàng de rén
大学	کالج	dà xué
集体组织的	دانشکدهای	jí tǐ zǔ zhī de
碰撞	خوردن؛ برخورد کردن	pèng zhuàng
互撞	خوردن؛ برخورد کردن	hù zhuàng
碰头的	مصادم	pèng tóu de
冒号	دونقطه؛ نشان دونقطه	mào hào
结肠	دونقطه؛ نشان دونقطه	jié cháng
陆军上校	سرهنگ	lù jūn shàng xiào
长官	سرهنگ	zhǎng guān
殖民的	استعماری	zhí mín de
殖民地的	استعماری	zhí mín dì de
移生	استعمار	yí shēng
移地发育	استعمار	yí de fā yù
殖民地	کلونی	zhí mín dì
移民队	کلونی	yí mín duì
颜色	رنگ؛ فام	yán sè
面色	رنگ؛ فام	miàn sè
科罗拉多	کلرادو	kē luó lā duō
染色的	رنگی؛ چرده	rǎn sè de
有色的	رنگی؛ چرده	yǒu sè de
着色	ملون؛ تلوین	zhuó sè
色彩	ملون؛ تلوین	sè cǎi
颜色丰富的	رنگارنگ	yán sè fēng fù de
鲜艳的	رنگارنگ	xiān yàn de
小马	شخص ناآزموده؛ نوعی طپانچه	xiǎo mǎ
苔绳	شخص ناآزموده؛ نوعی طپانچه	tāi shéng
哥伦比亚	کلمبیا	gē lún bǐ yà
专栏	ستون	zhuān lán
圆柱	ستون	yuán zhù
专栏作家	ستون‌نویس	zhuān lán zuò jiā
昏迷	اغماء؛ بیهشی	hūn mí
头梳	شانه؛ شانه کردن	tóu shū
鸡冠	شانه؛ شانه کردن	jī guān
争斗	مبارزه، مبارزه کردن	zhēng dòu
争斗者	رزمنده	zhēng dòu zhě
格斗者	رزمنده	gé dòu zhě
好斗的	جنگجو	hào dòu de
好事的	جنگجو	hǎo shì de
组合	ترکیب؛ اختلاط	zǔ hé
过来	آمدن	guò lái
喜剧	کمدی	xǐ jù
有趣的事情	کمدی	yǒu qù de shì qing
清秀的	خوش منظر	qīng xiù de
标致的	خوش منظر	biāo zhì de
彗星	ذوذنب؛ ستاره دنباله دار	huì xīng
舒适	راحتی؛ آسایش	shū shì
安慰	راحتی؛ آسایش	ān wèi
舒服的	راحت	shū fu de
轻松的	راحت	qīng sōng de
安乐地	براحتی	ān lè de
舒服地	براحتی	shū fu de
连环漫画	کمدی	lián huán màn huà
喜剧演员	کمدی	xǐ jù yǎn yuán
好笑的	خندهآور	hǎo xiào de
滑稽的	خندهآور	huá jī de
逗点	ویرگول؛ واوک	dòu diǎn
逗号	ویرگول؛ واوک	dòu hào
控制	فرمان؛ دستور دادن	kòng zhì
司令官	فرمانده	sī lìng guān
得学位	آغاز کردن	dé xué wèi
毕业典礼	فتح	bì yè diǎn lǐ
嘉奖	سفارش؛ تقریظ	jiā jiǎng
注解	نظر، نظر دادن	zhù jiě
批评	نظر، نظر دادن	pī píng
注释	تفسیر	zhù shì
评论	تفسیر	píng lùn
评论员	مفسر	píng lùn yuán
实况广播员	مفسر	shí kuàng guǎng bō yuán
商业	بازرگانی	shāng yè
商务	بازرگانی	shāng wù
商业的	تجارتی	shāng yè de
商用的	تجارتی	shāng yòng de
委任状	کمیسیون؛ کارمزد	wěi rèn zhuàng
任官令	کمیسیون؛ کارمزد	rén guān líng
委员	کمیسر	wěi yuán
理事	کمیسر	lǐ shì
委托	مرتکب شدن؛ سر سپردن	wěi tuō
犯罪	مرتکب شدن؛ سر سپردن	fàn zuì
交押	سرسپردگی	jiāo yā
委员会	کمیته؛ کمیسیون	wěi yuán huì
农产品	کالا	nóng chǎn pǐn
商品	کالا	shāng pǐn
通常的	رایج، مشترک	tōng cháng de
共同的	رایج، مشترک	gòng tóng de
一般	علیالرسم؛ عرفا	yī bān
普通	علیالرسم؛ عرفا	pǔ tōng
下议院	مردم عادی	xià yì yuàn
共和国	مشترک المنافع	gòng hé guó
联邦	مشترک المنافع	lián bāng
骚动	جنجال؛ هیاهو	sāo dòng
暴乱	جنجال؛ هیاهو	bào luàn
公有的	اشتراکی	gōng yǒu de
公社的	اشتراکی	gōng shè de
恳谈	کمون؛ مزرعه اشتراکی	kěn tán
社区	کمون؛ مزرعه اشتراکی	shè qū
显露	ارتباط برقرار کردن	xiǎn lù
传达	ارتباط برقرار کردن	chuán dá
交流	مکاتبه؛ ابلاغ	jiāo liú
交通	مکاتبه؛ ابلاغ	jiāo tōng
健谈的	ارتباطی	jiàn tán de
爱说话的	ارتباطی	ài shuō huà de
共享	صمیمیت وهمدلی	gòng xiǎng
共产主义	کمونیسم؛ مسلک اشتراکی	gòng chǎn zhǔ yì
共产主义者	کمونیست	gòng chǎn zhǔ yì zhě
共产党员	کمونیست	gòng chǎn dǎng yuán
公众	جامعه	gōng zhòng
紧凑的	فشرده؛ فشرده کردن	jǐn còu de
紧密的	فشرده؛ فشرده کردن	jǐn mì de
朋友	همدم	péng you
交往	یاری؛ مصاحبت	jiāo wǎng
友谊	یاری؛ مصاحبت	yǒu yì
公司	شرکت	gōng sī
友伴	شرکت	yǒu bàn
可比较的	قابل مقایسه	kě bǐ jiào de
比得上的	قابل مقایسه	bǐ dé shǎng de
比较的	مقایسه‌ای	bǐ jiào de
相对的	مقایسه‌ای	xiāng duì de
比较地	بالنسبه	bǐ jiào de
相对地	بالنسبه	xiāng duì de
比较	مقایسه کردن	bǐ jiào
比喻	مقایسه کردن	bǐ yù
对照	قیاس؛ مقایسه	duì zhào
分隔间	کوپه	fēn gé jiān
卧车包房	کوپه	wò chē bāo fáng
范围	حیطه؛ پرگار	fàn wéi
音域	حیطه؛ پرگار	yīn yù
同情	شفقت	tóng qíng
怜悯	شفقت	lián mǐn
慈悲的	شفیق؛ دلسوز	cí bēi de
富于同情心的	شفیق؛ دلسوز	fù yú tóng qíng xīn de
能共处的	سازگار	néng gòng chǔ de
可并立的	سازگار	kě bìng lì de
同国人	هم وطن	tóng guó rén
同国的	هم وطن	tóng guó de
迫使	مجبور کردن	pò shǐ
强制的	قانع‌کننده	qiáng zhì de
强迫性的	قانع‌کننده	qiǎng pò xìng de
偿还	جبران کردن	cháng huán
赔偿金	جبران	péi cháng jīn
赔偿的	جبرانی	péi cháng de
补偿的	جبرانی	bǔ cháng de
竞争	رقابت کردن	jìng zhēng
对抗	رقابت کردن	duì kàng
胜任	صلاحیت	shèng rèn
职称	صلاحیت	zhí chēng
胜任的	صالح	shèng rèn de
竞赛	رقابت	jìng sài
竞争的	رقابتی؛ قابل رقابت	jìng zhēng de
竞争者	رقیب؛ هم چشم	jìng zhēng zhě
竞争对手	رقیب؛ هم چشم	jìng zhēng duì shǒu
编辑	تدوین؛ همگردانی	biān jí
编纂	تدوین؛ همگردانی	biān zuǎn
编译	گردآوری کردن	biān yì
满足	خود خوشنودی	mǎn zú
自鸣得意	خود خوشنودی	zì míng dé yì
满足的	خود خوشنود؛ عشرت طلب	mǎn zú de
自满的	خود خوشنود؛ عشرت طلب	zì mǎn de
抱怨	شکایت کردن	bào yuàn
抗议	شکایت کردن	kàng yì
诉苦	گله؛ شکوه	sù kǔ
补足物	تکمیل کردن	bǔ zú wù
补语	تکمیل کردن	bǔ yǔ
补充的	مکمل؛ متممی	bǔ chōng de
补足的	مکمل؛ متممی	bǔ zú de
完全的	کامل، تکمیل کردن	wán quán de
十足的	کامل، تکمیل کردن	shí zú de
十分地	کاملا	shí fēn de
完井	تکمیل	wán jǐng
综合体	عقده؛ مجتمع	zōng hé tǐ
情结	عقده؛ مجتمع	qíng jié
肤色	بشره	fū sè
复杂	پیچیدگی	fù zá
遵从	انطباق	zūn cóng
顺从	انطباق	shùn cóng
弄复杂	مشکل کردن؛ بغرنج کردن	lòng fù zá
使错综	مشکل کردن؛ بغرنج کردن	shǐ cuò zōng
复杂化	پیچیدگی	fù zá huà
复杂情况	پیچیدگی	fù zá qíng kuàng
恭维	تعارف	gōng wei
问候的	تعارفی؛ تعارف آمیز	wèn hòu de
称赞的	تعارفی؛ تعارف آمیز	chēng zàn de
依从	تبعیت کردن	yī cóng
元件	مولفه	yuán jiàn
组件	مولفه	zǔ jiàn
组成	ساختن	zǔ chéng
写作	ساختن	xiě zuò
作曲家	آهنگساز	zuò qǔ jiā
作文	ترکیب، قطعه موسیقی	zuò wén
创作	ترکیب، قطعه موسیقی	chuàng zuò
混合物	ترکیب	hùn hé wù
复合词	ترکیب	fù hé cí
包括	درک نمودن	bāo kuò
可理解的	قابل درک	kě lǐ jiě de
包含	درک؛ فهم	bāo hán
广泛的	جامع	guǎng fàn de
有理解力的	جامع	yǒu lǐ xiè lì de
压缩	کمپرس؛ متراکمکردن	yā suō
压紧	کمپرس؛ متراکمکردن	yā jǐn
构成	شامل بودن	gòu chéng
妥协	مصالحه	tuǒ xié
折中	مصالحه	zhé zhōng
的变形	متصالح؛ سازشکار	de biàn xíng
被强制的	اجباری	bèi qiáng zhì de
强迫的	اجباری	qiǎng pò de
估算	محاسبه کردن	gū suàn
电脑	کامپیوتر	diàn nǎo
电子计算机	کامپیوتر	diàn zǐ jì suàn jī
凹的	مقعر	āo de
凹面的	مقعر	āo miàn dī
隐藏	پنهان کردن	yǐn cáng
掩盖	پنهان کردن	yǎn gài
隐匿	خفیه؛ نهفتگی	yǐn nì
隐蔽	خفیه؛ نهفتگی	yǐn bì
退让	اعتراف کردن	tuì ràng
空想	نخوت؛ خود بینی	kōng xiǎng
想得到的	قابل تصور	xiǎng dé dào de
可想象的	قابل تصور	kě xiǎng xiàng de
构思	تصور کردن	gòu sī
认为	تصور کردن	rèn wéi
浓缩	تغلیظ کردن	nóng suō
精选	تغلیظ کردن	jīng xuǎn
同中心的	هم مرکز؛ متحد المرکز	tóng zhōng xīn de
同轴的	هم مرکز؛ متحد المرکز	tóng zhóu de
观念	مفهوم	guān niàn
概念	مفهوم	gài niàn
概念的	ادراکی؛ تعقلی	gài niàn de
关心	پروا؛ مربوط بودن	guān xīn
音乐会	کنسرت	yīn yuè huì
和声	کنسرت	hé shēng
商定的	هم نوا	shāng dìng de
协定的	هم نوا	xié dìng de
特许	امتیاز	tè xǔ
让步	امتیاز	ràng bù
说服	استمالت	shuō fú
安抚	استمالت	ān fǔ
安抚的	آشتی کننده؛ استمالت پذیر	ān fǔ de
和好的	آشتی کننده؛ استمالت پذیر	hé hǎo de
简洁的	لب گو؛ فشرده ومختصر	jiǎn jié de
简明的	لب گو؛ فشرده ومختصر	jiǎn míng de
作结论	منعقد کردن؛ استنتاج کردن	zuō jié lùn
结论	عاقبت؛ خاتمه	jié lùn
结尾	عاقبت؛ خاتمه	jié wěi
决定性的	مسکت؛ اختتامی	jué dìng xìng de
确定性的	مسکت؛ اختتامی	què dìng xìng de
和睦	سازگاری؛ همدلی	hé mù
总汇	محل اجتماع؛ محل ملاقات	zǒng huì
凝结物	بتن، واقعی	níng jié wù
混凝土	بتن، واقعی	hùn níng tǔ
剧烈摇动	ضربت سخت	jù liè yáo dòng
震荡	ضربت سخت	zhèn dàng
判刑	محکوم کردن	pàn xíng
非难	محکومیت	fēi nàn
宣告有罪	محکومیت	xuān gào yǒu zuì
凝缩	تراکم؛ تغلیظ	níng suō
浓缩的	متراکم؛ غلیظ	nóng suō de
扼要的	متراکم؛ غلیظ	è yào de
谦逊	تواضع کردن	qiān xùn
屈就	تواضع کردن	qū jiù
谦逊的	نوازش کننده	qiān xùn de
故意屈尊的	نوازش کننده	gù yì qū zūn de
条件	وضعیت	tiáo jiàn
有条件的	مشروط؛ شرطی	yǒu tiáo jiàn de
有前提的	مشروط؛ شرطی	yǒu qián tí de
哀悼	عزا؛ تعزیت	āi dào
吊唁	عزا؛ تعزیت	diào yàn
举动	رفتار؛ کردار	jǔ dòng
导电率	رسانائی؛ قابلیت هدایت	dǎo diàn lǜ
传导率	رسانائی؛ قابلیت هدایت	chuán dǎo lǜ
领导者	هادی؛ رسانا	lǐng dǎo zhě
售票员	هادی؛ رسانا	shòu piào yuán
圆锥体	مخروط؛ میوه کاج	yuán zhuī tǐ
球果	مخروط؛ میوه کاج	qiú guǒ
糖果制造人	شیرینی فروش؛ شکر ریز	táng guǒ zhì zào rén
甜食商	شیرینی فروش؛ شکر ریز	tián shí shāng
邦联	هم پیمانی	bāng lián
同盟	اتحادیه؛ هم پیمانی	tóng méng
会议	کنفرانس	huì yì
讨论会	کنفرانس	tǎo lùn huì
坦白	اعتراف کردن	tǎn bái
心腹朋友	همراز؛ سرنگهدار	xīn fù péng you
知己	همراز؛ سرنگهدار	zhī jǐ
信心	اطمینان؛ اعتماد	xìn xīn
可靠	اطمینان؛ اعتماد	kě kào
有信心的	دلگرم	yǒu xìn xīn de
有把握的	دلگرم	yǒu bǎ wò de
秘密地	به‌طور محرمانه	mì mì de
作为心腹话地	به‌طور محرمانه	zuò wéi xīn fù huà de
自信地	متوکلاً	zì xìn de
安心地	متوکلاً	ān xīn de
结构	پیکربندی	jié gòu
表面配置	پیکربندی	biǎo miàn pèi zhì
限制	محبوس کردن	xiàn zhì
使不外出	محبوس کردن	shǐ bù wài chū
被禁闭	توقیف؛ زندان بودن	bèi jīn bì
证实	استوار کردن؛ تصدیق کردن	zhèng shí
没收	ضبط کردن؛ مسدود کردن	mò shōu
把充公	ضبط کردن؛ مسدود کردن	bǎ chōng gōng
充公	ضبط	chōng gōng
大火灾	آتش سوزی	dà huǒ zāi
合流	تلاقی؛ همریختنگاه	hé liú
合流的	متلاقی؛ همریز	hé liú de
汇合的	متلاقی؛ همریز	huì hé de
使一致	مطابق کردن؛ تطبیق کردن	shǐ yī zhì
使遵守	مطابق کردن؛ تطبیق کردن	shǐ zūn shǒu
遵照	مطابقت؛ تطابق	zūn zhào
适合	مطابقت؛ تطابق	shì hé
狼狈的	نفرین شده؛ لعنت شده	láng bèi de
使面对	روبرو شدن	shǐ miàn duì
对质	رویارویی	duì zhì
使混乱	گیج کردن؛ مختل کردن	shǐ hùn luàn
使狼狈	گیج کردن؛ مختل کردن	shǐ láng bèi
令人困惑的	ملتبس	lìng rén kùn huò de
混淆的	ملتبس	hùn xiáo de
混乱	سردرگمی	hùn luàn
混淆	سردرگمی	hùn xiáo
使凝结	منجمد	shǐ níng jié
冻结	منجمد	dòng jié
协调的	همخو؛ هم مشرب	xié tiáo de
先天的	ارثی؛ مادرزاد	xiān tiān de
拥挤	احتقان	yōng jǐ
充血	احتقان	chōng xuè
庆贺	تبریک گفتن	qìng hè
恭喜	تهنیت؛ تبریک	gōng xǐ
国会	کنگره؛ مجلس	guó huì
会议的	کنگره‌ای	huì yì de
议会的	کنگره‌ای	yì huì de
圆锥形的	کله قندی	yuán zhuī xíng de
圆锥的	کله قندی	yuán zhuī de
推测	حدس	tuī cè
猜想	حدس	cāi xiǎng
连接词	تلاقی؛ مقارنت	lián jiē cí
念咒文召唤	افسونکردن؛ جادو کردن	niàn zhòu wén zhào huàn
变戏法	افسونکردن؛ جادو کردن	biàn xì fǎ
连接的	متصل	lián jiē de
连贯的	متصل	lián guàn de
康涅狄格	کانکتیکت	kāng niè dí gé
关系	پیوند؛ اتصال	guān xi
易于连接的	آگینی؛ اتصالی	yì yú lián jiē de
连接物	آگینی؛ اتصالی	lián jiē wù
纵容	اغماض؛ غمض	zòng róng
克服	فتح کردن	kè fú
征服	فتح کردن	zhēng fú
征服者	غالب؛ فاتح	zhēng fú zhě
胜利者	غالب؛ فاتح	shèng lì zhě
战胜	تسخیر	zhàn shèng
良心	وجدان	liáng xīn
道德感	وجدان	dào dé gǎn
有责任心的	وجدانی؛ باوجدان	yǒu zé rèn xīn de
负责的	وجدانی؛ باوجدان	fù zé de
有意识的	بهوش؛ واقف	yǒu yì shí de
知觉的	بهوش؛ واقف	zhī jué de
知觉	آگاهی	zhī jué
征兵	سربازگیری	zhēng bīng
募兵	سربازگیری	mù bīng
连续的	متوالی	lián xù de
联贯的	متوالی	lián guàn de
合意	اجماع	hé yì
重要性	موجب؛ عاقبت	zhòng yào xìng
随后发生的事情	نتیجه بخش؛ بر آیند	suí hòu fā shēng de shì qing
作为结果的	پربرآیند؛ نتیجهای	zuò wéi jiē guǒ de
随之发生的	پربرآیند؛ نتیجهای	suí zhī fā shēng de
所以	در نتیجه	suǒ yǐ
保护	حفاظت	bǎo hù
保存	حفاظت	bǎo cún
保守的	مرتجع؛ محافظه کار	bǎo shǒu de
守旧的	مرتجع؛ محافظه کار	shǒu jiù de
蜜饯	حفاظت کردن	mì jiàn
果酱	حفاظت کردن	guǒ jiàng
思考	در نظر گرفتن	sī kǎo
相当的	قابل توجه	xiāng dāng de
可观的	قابل توجه	kě guān de
非常地	به میزان قابل توجهی	fēi cháng de
很	به میزان قابل توجهی	hěn
体贴的	محتاط؛ باملاحظه	tǐ tiē de
体谅的	محتاط؛ باملاحظه	tǐ liàng de
存在于	یکپارچهبودن؛ تشکیل دادن	cún zài yú
坚硬性	درجه غلظت	jiān yìng xìng
黏稠度	درجه غلظت	nián chóu dù
坚固	به طور مداوم	jiān gù
坚实	به طور مداوم	jiān shí
慰问	دلداری	wèi wèn
藉慰	پیشانه؛ میزفرمان	jí wèi
巩固	تحکیم کردن	gǒng gù
使联合	تحکیم کردن	shǐ lián hé
整理过的	مستحکم	zhěng lǐ guò de
巩固的	مستحکم	gǒng gù de
团结	تحکیم؛ تشیید	tuán jié
辅音	بیواکه؛ همخوان	fǔ yīn
合伙	کنسرسیوم	hé huǒ
阴谋	توطئه	yīn móu
坚定不移	استواری؛ ثبات	jiān dìng bù yí
持久不变	استواری؛ ثبات	chí jiǔ bù biàn
常数	ثابت؛ دایم	cháng shù
恒量	ثابت؛ دایم	héng liáng
不变地	دایم؛ دائما	bù biàn de
不断地	دایم؛ دائما	bù duàn de
恐怖	بهت وحیرت	kǒng bù
患便秘症的	یبس؛ مقوبض	huàn biàn mì zhèng de
便秘	یبوست	biàn mì
秘结	یبوست	mì jié
选民	حوزه انتخابیه	xuǎn mín
顾客	حوزه انتخابیه	gù kè
宪法	قانون اساسی	xiàn fǎ
宪法的	قانونی	xiàn fǎ de
立宪的	قانونی	lì xiàn de
收缩	تنگی؛ تنگ شدگی	shōu suō
构造	بر پا کردن	gòu zào
建造	بر پا کردن	jiàn zào
建设性的	سازنده	jiàn shè xìng de
构造上的	سازنده	gòu zào shǎng de
领事	کنسول	lǐng shì
执政官	کنسول	zhí zhèng guān
商讨	مشورت کردن	shāng tǎo
商量	مشورت کردن	shāng liang
征询意见者	مشاور	zhēng xún yì jiàn zhě
请教	مشاوره	qǐng jiào
咨询	مشاوره	zī xún
商议的	مشاوره؛ استشاره	shāng yì de
充满的	مورد مصرف	chōng mǎn de
对著迷的	مورد مصرف	duì zhù mí de
消费者	مصرف کننده؛ مسرف کننده	xiāo fèi zhě
用户	مصرف کننده؛ مسرف کننده	yòng hù
消费的	استهلاک؛ مصرف کننده	xiāo fèi de
使完美	بوصال رسیدن	shǐ wán měi
消费	مصرف	xiāo fèi
痨病	مصرف	láo bìng
联系	ارتباط؛ تماس	lián xì
交际	ارتباط؛ تماس	jiāo jì
触染	واگیر؛ هم گیری	chù rǎn
蔓延	واگیر؛ هم گیری	màn yán
触染性的	مسری؛ واگیردار	chù rǎn xìng de
会蔓延的	مسری؛ واگیردار	huì màn yán de
触染性	واگیری	chù rǎn xìng
容纳	حاوی بودن	róng nà
集装箱	ظرف؛ محفه	jí zhuāng xiāng
受污染的	فاسد؛ آلوده	shòu wū rǎn de
弄脏的	فاسد؛ آلوده	nòng zāng de
污染	آلودگی؛ آلایش	wū rǎn
污物	آلودگی؛ آلایش	wū wù
沉思	تامل کردن	chén sī
沉思的	معقول؛ تفکری	chén sī de
爱默想的	معقول؛ تفکری	ài mò xiǎng de
当代的	همزمان؛ معاصر	dāng dài de
同时代的人	همزمان؛ معاصر	tóng shí dài de rén
轻视	تحقیر	qīng shì
卑鄙的	استهزاء آمیز	bēi bǐ de
可轻蔑的	استهزاء آمیز	kě qīng miè de
轻蔑的	قابل تحقیر	qīng miè de
鄙视的	قابل تحقیر	bǐ shì de
奋斗	رقابت کردن	fèn dòu
斗争	رقابت کردن	dòu zhēng
参赛者	رقیب	cān sài zhě
争论者	رقیب	zhēng lùn zhě
内容	راضی	nèi róng
争辩	اختلاف	zhēng biàn
使人满意的事物	خرسندی	shǐ rén mǎn yì de shì wù
上下文	زمینه	shàng xià wén
大陆	قاره	dà lù
洲	قاره	zhōu
大陆的	بری؛ اقلیمی	dà lù de
洲的	بری؛ اقلیمی	zhōu de
持续不断的	مدام؛ مداوم	chí xù bù duàn de
继续的	مدام؛ مداوم	jì xù de
频繁地	به طور مستمر	pín fán de
继续	ادامه؛ دنباله	jì xù
续集	ادامه؛ دنباله	xù jí
延续	ادامه دادن	yán xù
连续性	پیوستگی؛ تسلسل	lián xù xìng
连续地	پیوسته؛ همچنان	lián xù de
轮廓	حدفاصل؛ محیط مرئی	lún kuò
违禁品	اجناس قاچاق	wéi jìn pǐn
走私	اجناس قاچاق	zǒu sī
婚约	پیمان؛ مقاطعه	hūn yuē
缔约的	پیمان کار	dì yuē de
承包的	پیمان کار	chéng bāo de
缩写式	گرفتگی؛ انقباض	suō xiě shì
立契约的人	پیمانکار	lì qì yuē de rén
承包商	پیمانکار	chéng bāo shāng
契约的	پیمانی؛ عهدی	qì yuē de
契约性的	پیمانی؛ عهدی	qì yuē xìng de
反驳	تناقض داشتن؛ خلاف گفتن	fǎn bó
与抵触	تناقض داشتن؛ خلاف گفتن	yú dǐ chù
矛盾	تناقض	máo dùn
反驳的	مغایر؛ نقیض	fǎn bó de
反对的	مغایر؛ نقیض	fǎn duì de
相反的	برعکس	xiāng fǎn de
矛盾的	برعکس	máo dùn de
差别	تباین؛ مباینت	chā bié
对比	تباین؛ مباینت	duì bǐ
有助于	هم بخشی کردن؛ همکاری و کمک کردن	yǒu zhù yú
捐助	هم بخشی کردن؛ همکاری و کمک کردن	juān zhù
贡献	کمک؛ اعانه	gòng xiàn
贡献者	مشارکت‌کننده	gòng xiàn zhě
发明	تمهید	fā míng
想出的办法	تمهید	xiǎng chū de bàn fǎ
控制器	ممیز؛ بازبین	kòng zhì qì
管理者	ممیز؛ بازبین	guǎn lǐ zhě
争论的	بحث‌برانگیز	zhēng lùn de
论争的	بحث‌برانگیز	lùn zhēng de
论争	مناقشه	lùn zhēng
辩论	مناقشه	biàn lùn
恢复健康的	بهگرا	huī fù jiàn kāng de
恢复期的	بهگرا	huī fù qī de
召集	هم آیش کردن؛ دورهم جمع شدن	zhào jí
方便	راحتی	fāng biàn
便利的事物	راحتی	biàn lì de shì wù
方便的	بی دغدغه	fāng biàn de
合宜的	بی دغدغه	hé yí de
合宜	مصلحه؛ به راحتی	hé yí
女修道会	دیر؛ صومعه	nǚ xiū dào huì
大会	کنوانسیون	dà huì
协定	کنوانسیون	xié dìng
传统的	متعارف	chuán tǒng de
习惯的	متعارف	xí guàn de
聚合	متقارب شدن؛ همگرا بودن	jù hé
集中于一点	متقارب شدن؛ همگرا بودن	jí zhōng yú yī diǎn
会话	مکالمه	huì huà
说话	مکالمه	shuō huà
会话的	مکالمهای؛ گفتگوئی	huì huà de
对话的	مکالمهای؛ گفتگوئی	duì huà de
相反的事物	محاوره کردن	xiāng fǎn de shì wù
倒	محاوره کردن	dǎo
相反	بالعکس	xiāng fǎn
逆	بالعکس	nì
转变	تبدیل	zhuǎn biàn
转换	تبدیل	zhuǎn huàn
皈依者	نقد کردن	guī yī zhě
改变宗教信仰者	نقد کردن	gǎi biàn zōng jiào xìn yǎng zhě
可改变的	قابل تسعیر	kě gǎi biàn de
可交换的	قابل تسعیر	kě jiāo huàn de
中凸的	محدب؛ محذب	zhōng tū de
凸圆的	محدب؛ محذب	tū yuán de
运输	منتقل کردن	yùn shū
财产转让	سند انتقال؛ وسیله نقلیه	cái chǎn zhuǎn ràng
囚犯	محکوم کردن	qiú fàn
罪犯	محکوم کردن	zuì fàn
定罪	محکومیت	dìng zuì
信服	محکومیت	xìn fú
使相信	متقاعد کردن؛ قانع کردن	shǐ xiāng xìn
使人信服的	متقاعد کننده	shǐ rén xìn fú de
有力的	متقاعد کننده	yǒu lì de
盘绕的	بهم تابیده	pán rào de
回旋的	بهم تابیده	huí xuán de
护送	کاروان	hù sòng
震动	تشنج؛ اختلاج	zhèn dòng
震撼	تشنج؛ اختلاج	zhèn hàn
摇撼的	متشنج؛ تشنجی	yáo hàn de
抽搐的	متشنج؛ تشنجی	chōu chù de
厨子	آشپز؛ آشپزی کردن	chú zi
炊事用具	اجاق گاز	chuī shì yòng jù
炉灶	اجاق گاز	lú zào
烹饪	آشپزی	pēng rèn
熬炼	آشپزی	āo liàn
凉爽	خنک، باحال	liáng shuǎng
冷却	خنک کننده؛ خنک سازی	lěng què
冷	خنکی؛ خون سردی	lěng
协力	همکاری کردن	xié lì
合作的	تعاونی	hé zuò de
合作社的	تعاونی	hé zuò shè de
同等的人	هماهنگ کردن	tóng děng de rén
坐标	هماهنگ کردن	zuò biāo
同等	هماهنگی	tóng děng
协调	هماهنگی	xié tiáo
协调者	هماهنگ‌کننده	xié tiáo zhě
同等的人或物	هماهنگ‌کننده	tóng děng de rén huò wù
警官	پلیس	jǐng guān
抓住	پلیس	zhuā zhù
应付	کنار آمدن	yìng fu
铜	مس	tóng
警察	مس	jǐng chá
摹仿	کپی، کپی کردن	mó fǎng
誊写	استنساخ؛ رونویسی	téng xiě
复写	استنساخ؛ رونویسی	fù xiě
版权	حق چاپ	bǎn quán
著作权	حق چاپ	zhù zuò quán
珊瑚	مرجان؛ بسد	shān hú
绳索	طناب؛ سیم	shéng suǒ
束缚	طناب؛ سیم	shù fù
兴奋剂	قلبی؛ مقوی	xīng fèn jì
补品	قلبی؛ مقوی	bǔ pǐn
核心	سلف	hé xīn
果心	سلف	guǒ xīn
软木塞	سربطری؛ چوب پنبه	ruǎn mù sāi
软木树	سربطری؛ چوب پنبه	ruǎn mù shù
玉蜀黍	ذرت؛ غله	yù shǔ shǔ
谷类	ذرت؛ غله	gǔ lèi
角落	گوشه	jiǎo luò
转角	گوشه	zhuǎn jiǎo
必然的结果	نتیجه فرعی	bì rán de jiē guǒ
系	نتیجه فرعی	xì
冠的	اکیلی	guàn de
冠状的	اکیلی	guān zhuàng de
验尸官	پزشک قانونی	yàn shī guān
检验员	پزشک قانونی	jiǎn yàn yuán
冠	نیم تاج	guàn
下士	جسمی؛ سرجوخه	xià shì
肉体的	جسمی؛ سرجوخه	ròu tǐ de
军	سپاه	jūn
尸体	لاشه؛ مردار	shī tǐ
订正	اصلاح	dìng zhèng
改正	اصلاح	gǎi zhèng
纠正的	اصلاحی	jiū zhèng de
改正的	اصلاحی	gǎi zhèng de
对	به درستی	duì
正确性	درستی	zhèng què xìng
有相互关系的东西	همبستگی داشتن	yǒu xiāng hù guān xì de dōng xī
相关物	همبستگی داشتن	xiāng guān wù
相互关系	همبستگی	xiāng hù guān xì
相关	همبستگی	xiāng guān
通信	مطابقت داشتن	tōng xìn
相符	مکاتبات	xiāng fú
通讯记者	خبرنگار	tōng xùn jì zhě
通信者	خبرنگار	tōng xìn zhě
腐蚀的	خورنده؛ اکال	fǔ shí de
腐蚀性的	خورنده؛ اکال	fǔ shí xìng de
腐败的	فاسد	fǔ bài de
贪污的	فاسد	tān wū de
腐败	فساد	fǔ bài
堕落	فساد	duò luò
紧身褡	شکم بند	jǐn shēn dā
妇女的胸衣	شکم بند	fù nǚ de xiōng yī
哥萨克	قزاق	gē sà kè
武装镇压队队员	قزاق	wǔ zhuāng zhèn yā duì duì yuán
代价	هزینه، هزینه داشتن	dài jià
价值	هزینه، هزینه داشتن	jià zhí
水果叫卖小贩	سبزی فروش	shuǐ guǒ jiào mài xiǎo fàn
昂贵的	پرهزینه	áng guì de
奢华的	پرهزینه	shē huá de
装束	جامه؛ لباس محلی	zhuāng shù
温暖舒适的	گرم ونرم	wēn nuǎn shū shì de
保暖套	گرم ونرم	bǎo nuǎn tào
茅舍	کلبه	máo shè
棉花	پنبه؛ کتانی	mián hua
长沙发	مبل	cháng shā fā
睡椅	مبل	shuì yǐ
咳嗽	سرفه؛ سرفه کردن	ké sou
咳出	سرفه؛ سرفه کردن	hāi chū
可以	می‌توانست (فعل کمکی)	kě yǐ
地方议会成员	عضو شورا	dì fāng yì huì chéng yuán
议会委员	عضو شورا	yì huì wěi yuán
商议	مشورت	shāng yì
评议	مشاوره	píng yì
辅导员	مشاور	fǔ dǎo yuán
参事	وکیل مدافع	cān shì
视为	شمردن	shì wéi
面容	لقا	miàn róng
面部表情	لقا	miàn bù biǎo qíng
计算器	مقابله کردن (با استدلال)؛ پیشخوان	jì suàn qì
计算者	مقابله کردن (با استدلال)؛ پیشخوان	jì suàn zhě
抵消	خنثی کردن؛ خنثی نمودن	dǐ xiāo
反攻	حمله متقابل کردن	fǎn gōng
反击	حمله متقابل کردن	fǎn jī
复本	همتا	fù běn
伯爵夫人	کنتس؛ همسر کنت	bó jué fū ren
女伯爵	کنتس؛ همسر کنت	nǚ bó jué
数不尽的	بی‌شمار	shǔ bu jìn de
无数的	بی‌شمار	wú shù de
国家	کشور	guó jiā
乡村	کشور	xiāng cūn
同胞	هم میهن	tóng bāo
乡下地方	ییلاقات؛ بیرون شهر	xiāng xia dì fāng
乡下居民	ییلاقات؛ بیرون شهر	xiāng xia jū mín
砰然的一击	کودتا	pēng rán de yī jī
妙计	کودتا	miào jì
夫妇	زوج، چند	fū fù
息票	کوپن	xī piào
赠券	کوپن	zèng quàn
勇气	دل؛ جرات	yǒng qì
胆量	دل؛ جرات	dǎn liàng
送快信的人	پیک؛ حملهدار	sòng kuài xìn de rén
伴游服务员	پیک؛ حملهدار	bàn yóu fú wù yuán
课程	دوره، البته	kè chéng
路线	دوره، البته	lù xiàn
法院	دادگاه؛ دربار	fǎ yuàn
球场	دادگاه؛ دربار	qiú chǎng
彬彬有礼	مبادی آداب	bīn bīn yǒu lǐ
谦恭的	مبادی آداب	qiān gōng de
谦恭	ادب	qiān gōng
郡政府所在地	کاخ دادگستری	jùn zhèng fǔ suǒ zài dì
礼让的	درباری	lǐ ràng de
求爱	نظر بازی	qiú ài
求婚	نظر بازی	qiú hūn
庭院	صحن	tíng yuàn
天井	صحن	tiān jǐng
堂兄弟姊妹	پسرعمو/عمه/دایی/خاله، دخترعمو/عمه/دایی/خاله	táng xiōng dì zǐ mèi
表兄弟姊妹	پسرعمو/عمه/دایی/خاله، دخترعمو/عمه/دایی/خاله	biǎo xiōng dì zǐ mèi
契约	میثاق بستن	qì yuē
盟约	میثاق بستن	méng yuē
封面	پوشاندن، پوشش	fēng miàn
覆盖的范围	پوشش	fù gài de fàn wéi
保险总额	پوشش	bǎo xiǎn zǒng é
隐蔽的	پوشپر	yǐn bì de
母牛	گاو	mǔ niú
母兽	گاو	mǔ shòu
懦弱的人	ترسو؛ ضعیفالنفس	nuò ruò de rén
胆小的人	ترسو؛ ضعیفالنفس	dǎn xiǎo de rén
懦弱	بیدلی؛ نامردی	nuò ruò
怯懦的	بی حمیت	qiè nuò de
懦弱的	بی حمیت	nuò ruò de
牛仔	گاوچران	niú zǎi
牛郎	گاوچران	niú láng
螃蟹	خرچنگ	páng xiè
偏航	خرچنگ	piān háng
爆裂声	ترک، شکستن	bào liè shēng
摇篮	گهواره؛ مهد	yáo lán
发祥地	گهواره؛ مهد	fā xiáng dì
技艺	ساختن؛ مهارت، صنایع دستی	jì yì
手艺	ساختن؛ مهارت، صنایع دستی	shǒu yì
工匠	صنعت گر؛ پیشه ور	gōng jiàng
技工	صنعت گر؛ پیشه ور	jì gōng
技术	صنعت گری	jì shù
狡诈的	موذی؛ هفت خط	jiǎo zhà de
诡计多端的	موذی؛ هفت خط	guǐ jì duō duān de
痉挛	چنگوک؛ چنگه	jìng luán
腹部绞痛	چنگوک؛ چنگه	fù bù jiǎo tòng
鹤	کلنگ؛ جرثقیل	hè
起重机	کلنگ؛ جرثقیل	qǐ zhòng jī
头盖的	جمجمه ای	tóu gài de
颅侧的	جمجمه ای	lú cè de
不稳的	محوردار؛ میل لنگ	bù wěn de
脾气暴燥的	محوردار؛ میل لنگ	pí qi bào zào de
猛撞	سقوط؛ برخورد کردن	měng zhuàng
板条箱	صندوقه؛ درجعبه گذاردن	bǎn tiáo xiāng
装货箱	صندوقه؛ درجعبه گذاردن	zhuāng huò xiāng
火山口	دهانه آتش فشان	huǒ shān kǒu
环行山	دهانه آتش فشان	huán háng shān
爬行	خزیدن	pá xíng
匍匐而行	خزیدن	pú fú ér háng
发狂的	دیوانه	fā kuáng de
狂热的	دیوانه	kuáng rè de
辗轧声	غژغژ کردن	zhǎn yà shēng
嘎吱嘎吱声	غژغژ کردن	gā zhī gā zhī shēng
皱痕	تاه؛ تاه کردن	zhòu hén
折痕	تاه؛ تاه کردن	zhé hén
创造	خلق کردن	chuàng zào
创作物	ایجاد؛ خلق	chuàng zuò wù
有创造力的	خلاق	yǒu chuàng zào lì de
创作的	خلاق	chuàng zuò de
创造力	خلاقیت	chuàng zào lì
创造性	خلاقیت	chuàng zào xìng
上帝	خالق	shàng dì
创造者	خالق	chuàng zào zhě
可信用	اعتبار	kě xìn yòng
确实性	اعتبار	què shí xìng
信用	اعتبار	xìn yòng
信任	اعتبار	xìn rèn
可称誉的	معتبر	kě chēng yù de
声誉好的	معتبر	shēng yù hǎo de
债权人	بستانکار؛ وامخواه	zhài quán rén
债主	بستانکار؛ وامخواه	zhài zhǔ
宗教信条	کیش	zōng jiào xìn tiáo
教义	کیش	jiào yì
爬	خزیدن	pá
徐行	خزیدن	xú xíng
新月	هلال؛ هلالی	xīn yuè
逐渐增加的	هلال؛ هلالی	zhú jiàn zēng jiā de
饰毛	ستیغ	shì máo
全体人员	خدمه	quán tǐ rén yuán
一群人	خدمه	yī qún rén
婴儿小床	گهواره؛ دزدی ادبی	yīng ér xiǎo chuáng
食槽	گهواره؛ دزدی ادبی	shí cáo
蟋蟀	جیر جیرک	xī shuài
板球	جیر جیرک	bǎn qiú
罪行	جرم	zuì xíng
犯人	جنایتکار	fàn rén
深红色	جگری؛ لاکی	shēn hóng sè
畏缩	چندک زدن	wèi suō
奉承	چندک زدن	fèng cheng
跛者	عاجز؛ زمین گیر	bǒ zhě
残废	عاجز؛ زمین گیر	cán fèi
曲折	فلج کننده	qū zhé
断裂	فلج کننده	duàn liè
危机	بحران	wēi jī
危险期	بحران	wēi xiǎn qī
标准	معیار	biāo zhǔn
准则	معیار	zhǔn zé
批评家	منقد؛ نقدگر	pī píng jiā
鉴定家	منقد؛ نقدگر	jiàn dìng jiā
批评的	وخیم؛ بحرانی	pī píng de
批评性地	به طور انتقادی	pī píng xìng dì
审慎地	به طور انتقادی	shěn shèn de
吹毛求疵	انتقاد کردن؛ نکوهش کردن	chuī máo qiú cī
评论文章	نقد	píng lùn wén zhāng
陶器	بدل چینی؛ ظروف گلی	táo qì
瓦器	بدل چینی؛ ظروف گلی	wǎ qì
密友	هم اطاق	mì yǒu
亲密伙伴	هم اطاق	qīn mì huǒ bàn
农作物	محصول؛ محصود	nóng zuò wù
产量	محصول؛ محصود	chǎn liàng
十字架	صلیب، عبور کردن	shí zì jià
交叉	صلیب، عبور کردن	jiāo chā
十字路口	چهار راه	shí zì lù kǒu
交叉路口	چهار راه	jiāo chā lù kǒu
有怪想的	قلاب دار	yǒu guài xiǎng de
蹲伏	دولا دولا	dūn fú
蜷缩	دولا دولا	quán suō
哮吼	خناق	xiào hǒu
四脚动物的臀部	خناق	sì jiǎo dòng wù de tún bù
啼叫	غراب؛ بانگ خروس	tí jiào
乌鸦	غراب؛ بانگ خروس	wū yā
群众	جمعیت	qún zhòng
一伙人	جمعیت	yī huǒ rén
拥挤的	شلوغ	yōng jǐ de
塞满的	شلوغ	sāi mǎn de
王冠	تاج	wáng guān
王权	تاج	wáng quán
十字架上钉死	مصلوب کردن؛ چارمیخ کردن	shí zì jià shǎng dìng sǐ
天然的	خام	tiān rán de
未成熟的	خام	wèi chéng shú de
残酷的	ستمگر؛ ظالم	cán kù de
令人极痛苦的	ستمگر؛ ظالم	lìng rén jí tòng kǔ de
残酷	بیداد؛ ظلم	cán kù
巡航	سفر دریایی	xún háng
巡弋	سفر دریایی	xún yì
弄皱了的	مچاله	nòng zhòu le de
被扭弯的	مچاله	bèi niǔ wān de
改革运动	غزا؛ جنگ مذهبی	gǎi gé yùn dòng
十字军东侵	غزا؛ جنگ مذهبی	shí zì jūn dōng qīn
压碎	خرد کردن	yā suì
粉碎	خرد کردن	fěn suì
外壳	پوست؛ پوسته	wài ké
坚硬外皮	پوست؛ پوسته	jiān yìng wài pí
拐杖	زیربغل راه رفتن؛ چوب زیر بغل	guǎi zhàng
支撑	زیربغل راه رفتن؛ چوب زیر بغل	zhī chēng
叫声	گریه کردن	jiào shēng
哭声	گریه کردن	kū shēng
水晶	بلور	shuǐ jīng
结晶	بلور	jié jīng
结晶的	متبلور	jié jīng de
使晶状的	متبلور	shǐ jīng zhuàng de
幼兽	شبل	yòu shòu
年轻人	شبل	nián qīng rén
古巴	کوبا	gǔ bā
古巴的	کوبایی	gǔ bā de
古巴人的	کوبایی	gǔ bā rén de
立方体的	مکعبی	lì fāng tǐ de
立方的	مکعبی	lì fāng de
黄瓜	خیار؛ بالنک	huáng guā
胡瓜	خیار؛ بالنک	hú guā
提示	نشانه	tí shì
达绝顶的	منتهی	dá jué dǐng de
终极的	منتهی	zhōng jí de
膜拜	فرقه	mó bài
礼拜式	فرقه	lǐ bài shì
培养	کشت کردن	péi yǎng
耕作	کشت کردن	gēng zuò
文化的	فرهنگی	wén huà de
教养的	فرهنگی	jiào yǎng de
文化	فرهنگ	wén huà
修养	فرهنگ	xiū yǎng
有教养的	بافرهنگ	yǒu jiào yǎng de
有修养的	بافرهنگ	yǒu xiū yǎng de
楔形的	خط میخی	xiē xíng de
楔形文字的	خط میخی	xiē xíng wén zì de
杯子	فنجان	bēi zi
茶杯	فنجان	chá bēi
食橱	کمد	shí chú
碗柜	کمد	wǎn guì
治病的	علاج بخش؛ شفا بخش	zhì bìng de
有疗效的	علاج بخش؛ شفا بخش	yǒu liáo xiào de
抑制	جدول؛ طوقه	yì zhì
勒马绳	جدول؛ طوقه	lè mǎ shéng
治疗	چاره؛ درمان	zhì liáo
治愈	چاره؛ درمان	zhì yù
好奇心	کنجکاوی	hào qí xīn
新奇的事物	کنجکاوی	xīn qí de shì wù
好奇的	کنجکاو	hào qí de
求知的	کنجکاو	qiú zhī de
拳曲	فر؛ مرغول	quán qū
鬈发	فر؛ مرغول	quán fā
拳曲的	فرفری	quán qū de
卷毛的	فرفری	juǎn máo de
货币	ارز	huò bì
通货	ارز	tōng huò
当前的	جاری؛ رایج	dāng qián de
电流	جاری؛ رایج	diàn liú
现在	فعلا؛ اکنون	xiàn zài
当前	فعلا؛ اکنون	dāng qián
学程	برنامه درسی	xué chéng
咒骂	نفرین؛ لعنت	zhòu mà
诅咒	نفرین؛ لعنت	zǔ zhòu
缩减	کوتاه کردن؛ مختصر نمودن	suō jiǎn
剥夺	کوتاه کردن؛ مختصر نمودن	bō duó
帐	پرده؛ حجاب	zhàng
幕	پرده؛ حجاب	mù
弯曲	خمیدگی	wān qū
曲率	خمیدگی	qū lǜ
曲线	خم؛ منحنی	qū xiàn
弄弯的	خمیاده؛ سرکج	lòng wān de
垫子	چنبره؛ مخده	diàn zi
橡皮软垫	چنبره؛ مخده	xiàng pí ruǎn diàn
尖头	نوک هلال؛ غره برج	jiān tóu
保管人	متولی؛ سرایدار	bǎo guǎn rén
监护	حضانت	jiān hù
拘留	حضانت	jū liú
习惯	رسم؛ عادت	xí guàn
风俗	رسم؛ عادت	fēng sú
惯常的	مرسوم؛ عادتی	guàn cháng de
切口	بریدن	qiē kǒu
割伤	بریدن	gē shāng
可爱的	بامزه	kě ài de
切下	برش	qiē xià
氰化物	سیانور	qíng huà wù
周期	دوچرخه سواری، چرخه	zhōu qī
圆筒	سیلندر؛ استوانه	yuán tǒng
汽缸	سیلندر؛ استوانه	qì gāng
圆柱体的	لولهای؛ استوانهای	yuán zhù tǐ de
圆筒形的	لولهای؛ استوانهای	yuán tǒng xíng de
愤世嫉俗的	بدبین	fèn shì jí sú de
讽刺的	بدبین	fěng cì de
胞囊的	پیشاب دانی	bāo náng de
膀胱的	پیشاب دانی	páng guāng de
沙皇	تزار	shā huáng
捷克人	زبان چکوسلواکی	jié kè rén
捷克语	زبان چکوسلواکی	jié kè yǔ
爸爸	بابا	bà ba
爹爹	بابا	diē die
匕首	خنجر؛ دشنه	bǐ shǒu
用剑刺	خنجر؛ دشنه	yòng jiàn cī
每日的	روزانه	měi rì de
日常的	روزانه	rì cháng de
秀丽的	لذیذ	xiù lì de
美味的	لذیذ	měi wèi de
牛奶公司	لبنیات	niú nǎi gōng sī
乳品店	لبنیات	rǔ pǐn diàn
水坝	سد	shuǐ bà
损害	زیان؛ غرامت	sǔn hài
伤害	زیان؛ غرامت	shāng hài
破坏性的	آسیب‌زننده	pò huài xìng de
损害的	آسیب‌زننده	sǔn hài de
花缎	گلدار کردن	huā duàn
淡红色	گلدار کردن	dàn hóng sè
一点	اف؛ نفرین کردن	yī diǎn
潮湿	نمناک؛ نمدار	cháo shī
湿气	نمناک؛ نمدار	shī qì
湿度	رطوبت؛ نمناکی	shī dù
跳舞	رقص، رقصیدن	tiào wǔ
舞蹈	رقص، رقصیدن	wǔ dǎo
舞蹈演员	رقصنده	wǔ dǎo yǎn yuán
跳舞者	رقصنده	tiào wǔ zhě
跳动的	رقص	tiào dòng de
服装浮华的	خوش تیپ؛ شیک پوش	fú zhuāng fú huá de
危险	خطر	wēi xiǎn
威胁	خطر	wēi xié
危险的	خطرناک	wēi xiǎn de
危害的	خطرناک	wēi hài de
悬挂的	آویز شده	xuán guà de
悬浮的	آویز شده	xuán fú de
丹麦文	دانمارکی	dān mài wén
丹麦的	دانمارکی	dān mài de
挑动	جرئت کردن	tiǎo dòng
黑暗	تاریک؛ تاریکی	hēi àn
夜	تاریک؛ تاریکی	yè
深色	تاریکی	shēn sè
亲爱的	عزیز؛ دلبند	qīn ài de
可爱的人	عزیز؛ دلبند	kě ài de rén
飞镖	مزراق	fēi biāo
投射	مزراق	tóu shè
仪表板	داشبورد	yí biǎo bǎn
控制面板	داشبورد	kòng zhì miàn bǎn
闯劲足的	زنده دل	chuǎng jìn jù de
数据	داده‌ها	shù jù
数据库	پایگاه داده	shù jù kù
日期	تاریخ، قرار ملاقات	rì qī
女儿	دختر	nǚ ér
戴维斯	دیویس	dài wéi sī
破晓	طلوع	pò xiǎo
黎明	طلوع	lí míng
天	روز	tiān
日子	روز	rì zi
白天	روز؛ نهارخوری	bái tiān
日间	روز؛ نهارخوری	rì jiān
目眩的	خیره؛ مسحور	mù xuàn de
眼花撩乱的	خیره؛ مسحور	yǎn huā liáo luàn de
副主祭	شماس	fù zhǔ jì
执事	شماس	zhí shì
死的	مرده	sǐ de
不活泼的	مرده	bù huó po de
最后期限	مهلت	zuì hòu qī xiàn
截止期限	مهلت	jié zhǐ qī xiàn
致命的	کشنده	zhì mìng de
致死的	کشنده	zhì sǐ de
聋的	ناشنوا؛ اصم	lóng de
聋	ناشنوایی	lóng
不听	ناشنوایی	bù yǐn
院长	شیخ السفرا	yuàn zhǎng
主持牧师	شیخ السفرا	zhǔ chí mù shī
亲爱的人	عزیز؛ عزیز (خطاب در نامه)	qīn ài de rén
死亡	مرگ	sǐ wáng
临死所卧之床	بستر مرگ	lín sǐ suǒ wò zhī chuáng
临终之时	بستر مرگ	lín zhōng zhī shí
死一般的	مرگ وار	sǐ yī bān de
像死一样地	مرگ وار	xiàng sǐ yī yàng de
讨论	بحث؛ جدال	tǎo lùn
放荡	فسق؛ الواطی	fàng dàng
碎片	آوار	suì piàn
残骸	آوار	cán hái
债务	دین؛ بدهکاری	zhài wù
罪过	دین؛ بدهکاری	zuì guo
债务人	مدیون؛ بدهکار	zhài wù rén
借主	مدیون؛ بدهکار	jiè zhǔ
初次登台	اولین حضور	chū cì dēng tái
开张	اولین حضور	kāi zhāng
十年	دهه	shí nián
颓废	تنزل؛ آغاز ویرانی	tuí fèi
衰退	فساد؛ فاسدکردن	shuāi tuì
已故的	مرده؛ مرحوم	yǐ gù de
死者	مرده؛ مرحوم	sǐ zhě
谎言	فریب؛ گول	huǎng yán
欺诈的	جلب؛ عیار	qī zhà de
十二月	دسامبر	shí èr yuè
得体	نجابت	dé tǐ
有分寸的	نجیب؛ باحیاء	yǒu fēn cun de
得体的	نجیب؛ باحیاء	dé tǐ de
合适地	نجیبانه	hé shì de
高雅地	نجیبانه	gāo yǎ de
诡计	فریب؛ نیرنگ	guǐ jì
迷惑的	فریبنده؛ فریبا	mí huo de
虚伪的	فریبنده؛ فریبا	xū wěi de
决定	تصمیم گرفتن	jué dìng
判决	تصمیم گرفتن	pàn jué
决心	تصمیم	jué xīn
决策	تصمیم‌گیری	jué cè
坚定的	قاطع	jiān dìng de
甲板	عرشه	jiǎ bǎn
行李仓	عرشه	xíng li cāng
宣告	اعلامیه	xuān gào
说明	اعلامیه	shuō míng
声明	اظهارکردن؛ اعلان کردن	shēng míng
跌落	کاهش؛ تنزل	diē luò
分解	تجزیه	fēn jiě
美化	آرایش دهنده؛ زینت بخش	měi huà
装饰性的	زینتی؛ آذینی	zhuāng shì xìng de
有礼貌的	زینت دار	yǒu lǐ mào de
高雅的	زینت دار	gāo yǎ de
端正	رفتار بجا	duān zhèng
法令	وضع کردن؛ تصویب نامه	fǎ lìng
献出	وفق کردن؛ اهداء کردن	xiàn chū
专注的	فداکار	zhuān zhù de
献身的	فداکار	xiàn shēn de
奉献	فداکاری	fèng xiàn
献身	فداکاری	xiàn shēn
推论	استدلال کردن	tuī lùn
演绎出	استدلال کردن	yǎn yì chū
可扣除的	مالیات پذیر	kě kòu chú de
可减的	مالیات پذیر	kě jiǎn de
减除	کاهش؛ استنتاج	jiǎn chú
扣除	کاهش؛ استنتاج	kòu chú
推论的	استدلالی	tuī lùn de
演绎的	استدلالی	yǎn yì de
实行	عمل	shí xíng
深的	عمیق	shēn de
深入地	عمیق	shēn rù de
深化	گود کردن؛ تعمیق کردن	shēn huà
使加深	گود کردن؛ تعمیق کردن	shǐ jiā shēn
深刻地	عمیقا	shēn kè de
在深处	عمیقا	zài shēn chù
鹿	آهو؛ گوزن	lù
违约	پیش‌فرض	wéi yuē
不履行责任	پیش‌فرض	bù lǚ xíng zé rèn
败北	شکست؛ هزیمت	bài běi
失败	شکست؛ هزیمت	shī bài
缺点	نقص	quē diǎn
缺损	نقص	quē sǔn
有缺陷的	ناقص؛ معیوب	yǒu quē xiàn de
欠缺的	ناقص؛ معیوب	qiàn quē de
防卫	مدافعه	fáng wèi
防护	دفاع کردن؛ مدافعه کردن	fáng hù
防卫者	مدافع	fáng wèi zhě
防护者	مدافع	fáng hù zhě
防御	دفاع؛ استحکامات	fáng yù
防卫的	تدافعی	fáng wèi de
防备用的	تدافعی	fáng bèi yòng de
推迟的	دیر فرست	tuī chí de
迟延的	دیر فرست	chí yán de
挑衅的	مبارز	tiǎo xìn de
目中无人的	مبارز	mù zhōng wú rén de
不足	کمبود	bù zú
不足的	ناقص؛ ناکارآ	bù zú de
不充分的	ناقص؛ ناکارآ	bù chōng fèn de
赤字	کسری	chì zì
不足额	کسری	bù zú é
定义	معنی کردن	dìng yì
规定	معنی کردن	guī dìng
一定的	موکد	yī dìng de
明确无疑地	قطعاً	míng què wú yí de
精确度	تعریف	jīng què dù
歪斜	عوج	wāi xié
偏	عوج	piān
畸形的	ناقصالخلقه؛ بدهیکل	jī xíng de
残废的	ناقصالخلقه؛ بدهیکل	cán fèi de
残缺	دشدیسگی؛ دشدیدگی	cán quē
藐视	نافرمانی کردن	miǎo shì
挑衅	نافرمانی کردن	tiǎo xìn
堕落的	ناخلف	duò luò de
退化	ناخلف	tuì huà
退步的	فاسد کننده	tuì bù de
退化的	فاسد کننده	tuì huà de
降格	تنزل	jiàng gé
被降级的	منحط	bèi jiàng jí de
落泊的	منحط	luò bó de
程度	درجه	chéng dù
度数	درجه	dù shu
脱水	وابشت کردن؛ بیآب کردن	tuō shuǐ
去水	وابشت کردن؛ بیآب کردن	qù shuǐ
沮丧的	افسرده؛ پژمرده	jǔ sàng de
灰心的	افسرده؛ پژمرده	huī xīn de
耽搁	تاخیر؛ درنگ	dān ge
迟滞	تاخیر؛ درنگ	chí zhì
代表	نماینده	dài biǎo
授与的	موکل	shòu yǔ de
代表团	هیئت	dài biǎo tuán
代表的地位	هیئت	dài biǎo de dì wèi
德里	دهلی	dé lǐ
深思熟虑的	عمدی؛ تعمدی	shēn sī shú lǜ de
故意的	عمدی؛ تعمدی	gù yì de
故意地	تعمدا	gù yì de
熟虑	شور؛ تامل	shú lǜ
熟思	شور؛ تامل	shú sī
细软	لطایف؛ ظریفی	xì ruǎn
精致	لطایف؛ ظریفی	jīng zhì
细致优雅的	ظریف	xì zhì yōu yǎ de
微妙的	ظریف	wēi miào de
优美地	ظریفانه	yōu měi de
微妙地	ظریفانه	wēi miào de
神志昏迷的	هذیانی؛ سرسامی	shén zhì hūn mí de
精神错乱	هذیان؛ سرسام	jīng shén cuò luàn
说谵语状态	هذیان؛ سرسام	shuì zhān yǔ zhuàng tài
递送	رساندن؛ ایراد کردن	dì sòng
陈述	رساندن؛ ایراد کردن	chén shù
解脱	رهیی	jiě tuō
解救	رهیی	jiě jiù
救助者	رساننده؛ رهان	jiù zhù zhě
引渡人	رساننده؛ رهان	yǐn dù rén
交付	زه؛ تحویل	jiāo fù
哄骗	غره	hǒng piàn
大洪水	طوفان ایجاد کردن	dà hóng shuǐ
泛滥	طوفان ایجاد کردن	fàn làn
欺瞒	فریفتگی؛ کوراب	qī mán
需求	طلب؛ تقاضا	xū qiú
贬低身分	رفتار کردن	biǎn dī shēn fèn
贬损	رفتار کردن	biǎn sǔn
民主政治	دموکراسی	mín zhǔ zhèng zhì
民主主义	دموکراسی	mín zhǔ zhǔ yì
民主人士	دمکرات؛ دمکراتی	mín zhǔ rén shì
民主主义者	دمکرات؛ دمکراتی	mín zhǔ zhǔ yì zhě
民主的	دموکراتیک	mín zhǔ de
民主政体的	دموکراتیک	mín zhǔ zhèng tǐ de
摧毁	ویران	cuī huǐ
推翻	ویران	tuī fān
魔鬼	دیو	mó guǐ
可论证的	اثباتی	kě lùn zhèng de
示范	راهپیمایی کردن؛ تظاهرات کردن	shì fàn
实证	تظاهرات، نمایش	shí zhèng
论证者	حالیکننده؛ نشان دهنده	lùn zhèng zhě
证明者	حالیکننده؛ نشان دهنده	zhèng míng zhě
兽穴	لانه؛ آشیانه	shòu xué
否认	انکار	fǒu rèn
否定	انکار	fǒu dìng
教派	تسمیه؛ طبقه بندی	jiào pài
表示	علامت بودن؛ علامت گذاردن	biǎo shì
指示	علامت بودن؛ علامت گذاردن	zhǐ shì
结局	نتیجه عمل؛ پایان نمایش	jié jú
终场	نتیجه عمل؛ پایان نمایش	zhōng chǎng
告发	محکوم کردن	gào fā
密集的	متراکم	mì jí de
浓厚的	متراکم	nóng hòu de
密度	تراکم	mì dù
牙齿的	دندانی	yá chǐ de
牙的	دندانی	yá de
牙科医生	دندانپزشک	yá kē yī shēng
牙医师	دندانپزشک	yá yī shī
生齿	دندان بندی؛ ساختمان دندانها	shēng chǐ
齿系	دندان بندی؛ ساختمان دندانها	chǐ xì
变光的	محروم	biàn guāng de
裸露的	محروم	luǒ lù de
拒绝	نفی کردن؛ تکذیب کردن	jù jué
除臭药	بوزدا	chú chòu yào
防臭剂	بوزدا	fáng chòu jì
离开	حرکت کردن	lí kāi
出发	حرکت کردن	chū fā
部门	دپارتمان	bù mén
靠	بستگی داشتن	kào
视而定	بستگی داشتن	shì ér dìng
依赖	وابستگی	yī lài
依存	وابستگی	yī cún
依赖性	توابع	yī lài xìng
相关性	توابع	xiāng guān xìng
依赖他人者	وابسته	yī lài tā rén zhě
依赖的	وابسته	yī lài de
描述	به تصویر کشیدن	miáo shù
描写	به تصویر کشیدن	miáo xiě
可叹的	زار	kě tàn de
悲惨的	زار	bēi cǎn de
展开	مستقر کردن	zhǎn kāi
免职	خلع کردن؛ عزل کردن	miǎn zhí
废黜	خلع کردن؛ عزل کردن	fèi chù
存款	رسوب، واریز کردن؛ ودیعه	cún kuǎn
定金	رسوب، واریز کردن؛ ودیعه	dìng jīn
作证	خلع؛ عزل	zuò zhèng
停车场	بازخانه؛ انبارگاه	tíng chē chǎng
车站	بازخانه؛ انبارگاه	chē zhàn
声明不赞成	قبیح دانستن	shēng míng bù zàn chéng
价值减低	ناچیز شماری	jià zhí jiǎn dī
减价	ناچیز شماری	jiǎn jià
使沮丧	افسردن؛ دلسرد شدن	shǐ jǔ sàng
压低	افسردن؛ دلسرد شدن	yā dī
降低的	افسرده؛ غر	jiàng dī de
不景气	افسردگی، رکود	bù jǐng qì
消沉	افسردگی، رکود	xiāo chén
使丧失	محروم کردن	shǐ sàng shī
深度	عمق؛ ژرف	shēn dù
深处	عمق؛ ژرف	shēn chù
副手	معاون	fù shǒu
嘲笑	بکسی خندیدن	cháo xiào
引出的	فرعی؛ مشتق	yǐn chū de
派生的	فرعی؛ مشتق	pài shēng de
得自	مشتق شدن	dé zì
皮肤的	پوستی؛ جلدی	pí fū de
真皮的	پوستی؛ جلدی	zhēn pí de
下降	پایین آمدن	xià jiàng
世代相传	پایین آمدن	shì dài xiāng chuán
后代	اعقاب	hòu dài
晚辈	اعقاب	wǎn bèi
降落	نزول	jiàng luò
家系	نزول	jiā xì
描绘	توصیف کردن	miáo huì
描述的	وصفی؛ تعریفی	miáo shù de
叙述的	وصفی؛ تعریفی	xù shù de
亵渎神圣	هتک حرمت	xiè dú shén shèng
污辱神物	هتک حرمت	wū rǔ shén wù
沙漠	بیابان	shā mò
应得的赏罚	بیابان	yīng dé de shǎng fá
该得到	سزیدن؛ لایق کردن	gāi dé dào
值得	سزیدن؛ لایق کردن	zhí de
该受的	مستحق؛ سزاوار	gāi shòu de
有功的	مستحق؛ سزاوار	yǒu gōng de
设计	طراحی، طراحی کردن	shè jì
图样	طراحی، طراحی کردن	tú yàng
称呼	تعیین کردن	chēng hu
已选出而未上任的	تعیین کردن	yǐ xuǎn chū ér wèi shàng rèn de
谋划者	طراح	móu huà zhě
值得想望	مطلوبیت؛ دلخواهی	zhí de xiǎng wàng
可取	مطلوبیت؛ دلخواهی	kě qǔ
令人想望的	مطلوب	lìng rén xiǎng wàng de
可取的	مطلوب	kě qǔ de
想要的	آرزومندانه؛ راقب بودن	xiǎng yào de
想望的	آرزومندانه؛ راقب بودن	xiǎng wàng de
书桌	میز تحریر	shū zhuō
办公桌	میز تحریر	bàn gōng zhuō
桌面	رومیزی (کامپیوتر)	zhuō miàn
荒芜	خراب	huāng wú
荒废	خراب	huāng fèi
绝望	ناامید؛ یاس	jué wàng
失望	ناامید؛ یاس	shī wàng
绝望的	نومید کننده	jué wàng de
不顾一切的	نومید؛ ناامید	bù gù yī qiè de
危急的	نومید؛ ناامید	wēi jí de
拼命地	از روی نومیدی	pīn mìng de
绝望地	از روی نومیدی	jué wàng de
可鄙的	شنیع؛ نکوهش پذیر	kě bǐ de
卑劣的	شنیع؛ نکوهش پذیر	bēi liè de
憎恨	علارغم؛ باوجوداین	zēng hèn
失去勇气	یاس؛ تنگ دلی	shī qù yǒng qì
专制君主	جابر؛ سلطان مستبد	zhuān zhì jūn zhǔ
暴君	جابر؛ سلطان مستبد	bào jūn
餐后甜点	دسر؛ دندان مز	cān hòu tián diǎn
目的地	مقصد	mù dì dì
预定的	مقدر	yù dìng de
注定的	مقدر	zhù dìng de
穷困的	لات	qióng kùn de
缺乏的	لات	quē fá de
穷困	لاتی؛ بی چیزی	qióng kùn
贫穷	لاتی؛ بی چیزی	pín qióng
破坏	نابود کردن	pò huài
毁坏	نابود کردن	huǐ huài
毁灭	تخریب	huǐ miè
毁灭性的	مخرب	huǐ miè xìng de
破坏的	مخرب	pò huài de
使分离	منفصل کردن	shǐ fēn lí
分遣	منفصل کردن	fēn qiǎn
分离	عده	fēn lí
细节	جزئیات	xì jié
详情	جزئیات	xiáng qíng
扣留	بازداشت کردن	kòu liú
扣押	بازداشت کردن	kòu yā
发现	کشف	fā xiàn
察觉	کشف	chá jué
侦探	کارآگاه	zhēn tàn
发现者	ردیاب؛ آشکارگر	fā xiàn zhě
检验器	ردیاب؛ آشکارگر	jiǎn yàn qì
阻止	بازداشت	zǔ zhǐ
制止	تحذیر کردن	zhì zhǐ
吓住	تحذیر کردن	hè zhù
果断	عزم راسخ	guǒ duàn
废位赶出	از مقام انداختن	fèi wèi gǎn chū
引爆	ترکانیدن	yǐn bào
使爆炸	ترکانیدن	shǐ bào zhà
绕路	انحراف؛ خط فرعی	rào lù
迂回	انحراف؛ خط فرعی	yū huí
两点	دولو؛ دوخال	liǎng diǎn
平手	دولو؛ دوخال	píng shǒu
使荒废	ویران کردن	shǐ huāng fèi
发展	توسعه دادن	fā zhǎn
使发达	توسعه دادن	shǐ fā dá
发展的	عمرانی	fā zhǎn de
进化的	عمرانی	jìn huà de
脱离	عدول کردن؛ منحرف شدن	tuō lí
偏离	عدول کردن؛ منحرف شدن	piān lí
背离	عدول؛ ضلال	bèi lí
偏差	عدول؛ ضلال	piān chā
设备	دستگاه	shè bèi
魔鬼似的	شیطانی؛ اهریمنی	mó guǐ shì de
该咒骂的	شیطانی؛ اهریمنی	gāi zhòu mà de
全无的	عاری	quán wú de
转移	تفویض کردن؛ محول کردن	zhuǎn yí
下放	تفویض کردن؛ محول کردن	xià fàng
投入于	وقف کردن	tóu rù yú
爱好者	مجاهد؛ فداکار	ài hào zhě
献身者	مجاهد؛ فداکار	xiàn shēn zhě
热爱	وقف؛ چاکری	rè ài
投入	وقف؛ چاکری	tóu rù
忠诚的	فداکارانه؛ عبادتی	zhōng chéng de
信仰的	فداکارانه؛ عبادتی	xìn yǎng de
虔诚的	پارسا؛ عابد	qián chéng de
虔敬的	پارسا؛ عابد	qián jìng de
露珠	شبنم؛ ژاله	lù zhū
露水	شبنم؛ ژاله	lù shuǐ
露湿的	شبنمدار؛ ترکرده	lù shī de
带露水的	شبنمدار؛ ترکرده	dài lù shuǐ de
灵巧	مهارت؛ تردستی	líng qiǎo
总督	دی	zǒng dū
糖尿病	مرضقند	táng niào bìng
多尿症	مرضقند	duō niào zhèng
糖尿病的	دولابی؛ دیابتی	táng niào bìng de
糖尿病患者	دولابی؛ دیابتی	táng niào bìng huàn zhě
恶魔的	شیطانی	è mó de
诊断	تشخیص دادن	zhěn duàn
诊断的	تشخیصی	zhěn duàn de
特征的	تشخیصی	tè zhēng de
对角线的	مورب	duì jiǎo xiàn de
斜的	مورب	xié de
刻度盘	شماره گرفتن	kè dù pán
钟面	شماره گرفتن	zhōng miàn
方言	گویش؛ گویشی	fāng yán
同源语	گویش؛ گویشی	tóng yuán yǔ
对话	گفتگو	duì huà
直径	ضخامت	zhí jìng
直经	ضخامت	zhí jīng
横隔膜	دیافراگم؛ پرده دل	héng gé mó
光圈	دیافراگم؛ پرده دل	guāng quān
日记	دفتر خاطرات	rì jì
骰子	مهره؛ طاس	tóu zi
切成方块	مهره؛ طاس	qiē chéng fāng kuài
两分	دوگانگی؛ دورستگی	liǎng fēn
听写	دیکته کردن	tīng xiě
口述	دیکته کردن	kǒu shù
命令者	دیکتاتور	mìng lìng zhě
独裁者之职位	استبداد؛ دیکتاتوری	dú cái zhě zhī zhí wèi
独裁政权	استبداد؛ دیکتاتوری	dú cái zhèng quán
字典	فرهنگ لغت	zì diǎn
词典	فرهنگ لغت	cí diǎn
消逝	مردن	xiāo shì
日常饮食	رژیم غذایی	rì cháng yǐn shí
议会	رژیم غذایی	yì huì
不一致	تفاوت داشتن	bù yī zhì
不同	تفاوت داشتن	bù tóng
差异	تفاوت	chā yì
不同的	متفاوت	bù tóng de
差动	متفاوت	chā dòng
差别的	تفاضلی؛ افتراقی	chā bié de
特异的	تفاضلی؛ افتراقی	tè yì de
区别	تمایز قائل شدن	qū bié
区分	تمایز قائل شدن	qū fēn
分化	فرق گذاری؛ مشتغ گیری	fēn huà
困难的	دشوار	kùn nan de
困难	دشواری؛ مشکل	kùn nan
难点	دشواری؛ مشکل	nán diǎn
散布的	پاشیده	sàn bù de
扩散的	پاشیده	kuò sàn de
散播	پخش؛ پاشیدگی	sàn bō
挖	کاوش کردن؛ حفر کردن	wā
翻土	کاوش کردن؛ حفر کردن	fān tǔ
文摘	گواریدن؛ تحلیل کردن	wén zhāi
消化	گواریدن؛ تحلیل کردن	xiāo huà
消化力	تحلیل؛ هضم	xiāo huà lì
领悟	تحلیل؛ هضم	lǐng wù
消化的	هاضمه؛ گوارشی	xiāo huà de
助消化药	هاضمه؛ گوارشی	zhù xiāo huà yào
数字	شماره	shù zì
位数	شماره	wèi shǔ
数字显示的	دیجیتال	shù zì xiǎn shì de
数字的	دیجیتال	shù zì de
有尊严的	موقر؛ معزز	yǒu zūn yán de
高尚的	موقر؛ معزز	gāo shàng de
高贵的人	عالی مقام	gāo guì de rén
高官	عالی مقام	gāo guān
尊严	کرامت	zūn yán
高贵	کرامت	gāo guì
拖拉的	اتساعی؛ تاخیری	tuō lā de
延期的	اتساعی؛ تاخیری	yán qī de
困境	معضل	kùn jìng
窘境	معضل	jiǒng jìng
勤奋	پشت کار؛ جد و جهد	qín fèn
用功的	کوشا؛ جاهد	yòng gōng de
冲淡	رقیق کردن؛ آبکی کردن	chōng dàn
稀释	رقیق کردن؛ آبکی کردن	xī shì
暗淡的	تیره؛ تاریک	àn dàn de
模糊的	تیره؛ تاریک	mó hu de
尺寸	بعد	chǐ cun
次元	بعد	cì yuán
变小	کاهش دادن	biàn xiǎo
缩小	نقص	suō xiǎo
小的	مصغر	xiǎo de
小型的	مصغر	xiǎo xíng de
酒窝	زنخ؛ چاه زنخدان	jiǔ wō
涟漪	زنخ؛ چاه زنخدان	lián yī
喧嚣	طنین بلند؛ طنین افکندن	xuān xiāo
絮絮不休地说	طنین بلند؛ طنین افکندن	xù xu bù xiū de shuì
用正餐	شام خوردن	yòng zhèng cān
进餐	شام خوردن	jìn cān
正餐	غذا خوری	zhèng cān
晚餐	شام	wǎn cān
二氧化物	دی اکسید	èr yǎng huà wù
浸	غوطه‌ور شدن	jìn
降下	غوطه‌ور شدن	jiàng xià
白喉	دیفتری	bái hóu
文凭	مدرک؛ گواهینامه	wén píng
毕业证书	مدرک؛ گواهینامه	bì yè zhèng shū
外交	سیاستمداری؛ دیپلماسی	wài jiāo
交际手段	سیاستمداری؛ دیپلماسی	jiāo jì shǒu duàn
外交官	دیپلمات	wài jiāo guān
有外交手腕的人	دیپلمات	yǒu wài jiāo shǒu wàn de rén
外交的	دیپلماتیک	wài jiāo de
直接的	مستقیم	zhí jiē de
方向	جهت	fāng xiàng
趋势	جهت	qū shì
方向的	بخشنامه	fāng xiàng de
径直地	مستقیماً	jìng zhí de
直接地	مستقیماً	zhí jiē de
笔直	بی واسطگی	bǐ zhí
主管	کارگردان	zhǔ guǎn
导演	کارگردان	dǎo yǎn
工商名录	فهرست	gōng shāng míng lù
污垢	خاک؛ چرک	wū gòu
肮脏的	کثیف	āng zāng de
无力	ناتوانی	wú lì
无能	ناتوانی	wú néng
不利	وضع نامساعد	bù lì
蔑视的	بی صرفه	miè shì de
不适宜	مخالفت کردن	bù shì yí
令人不快的	جوکی؛ ناپسندیده	lìng rén bù kuài de
厌恶的	جوکی؛ ناپسندیده	yàn wù de
不合	اختلاف نظر	bù hé
消失	ناپدید شدن	xiāo shī
不见	ناپدید شدن	bù jiàn
看不见	زائل؛ ناپدیدی	kàn bu jiàn
失踪	زائل؛ ناپدیدی	shī zōng
使失望	ناامید کردن	shǐ shī wàng
不赞成	تقبیح	bù zàn chéng
灾祸	فاجعه	zāi huò
损失惨重的	فاجعه‌بار	sǔn shī cǎn zhòng de
悲伤的	فاجعه‌بار	bēi shāng de
不信	دروغ پنداشتن؛ اعتقاد نکردن	bù xìn
怀疑	دروغ پنداشتن؛ اعتقاد نکردن	huái yí
丢弃	دور انداختن	diū qì
辨别	تمیز دادن	biàn bié
看清楚	تمیز دادن	kàn qīng chǔ
卸下	تخلیه کردن	xiè xià
放出	تخلیه کردن	fàng chū
弟子	سالک؛ حواری	dì zǐ
门徒	سالک؛ حواری	mén tú
惩戒性的	نظم دهنده	chéng jiè xìng de
纪律的	نظم دهنده	jì lǜ de
训练的	انتظامی؛ انضباطی	xùn liàn de
训练	انضباط؛ انتظام	xùn liàn
纪律	انضباط؛ انتظام	jì lǜ
弃权	حاشا کردن؛ قبول نکردن	qì quán
揭露	فاش کردن	jiē lù
透露	فاش کردن	tòu lù
揭发	افشاگری	jiē fā
泄露	افشاگری	xiè lù
变色	بی رنگی	biàn sè
困苦	رنج؛ ناراحتی	kùn kǔ
不适	رنج؛ ناراحتی	bù shì
不满	نارضایتی؛ سخط	bù mǎn
终止	بس کردن	zhōng zhǐ
不调和	اختلاف؛ نفاق	bù tiáo hé
不和	اختلاف؛ نفاق	bù hé
不调和的	ناموزون؛ ناساز	bù tiáo hé de
不和的	ناموزون؛ ناساز	bù hé de
折扣	تخفیف؛ تنزیل	zhé kòu
贴现率	تخفیف؛ تنزیل	tiē xiàn lǜ
使气馁	دلسرد کردن	shǐ qì něi
使泄气	دلسردی؛ دلمردگی	shǐ xiè qì
谈话	گفتمان	tán huà
找到	کشف کردن	zhǎo dào
要求告知	کشف	yāo qiú gào zhī
无信用	بی اعتبار کردن	wú xìn yòng
丢脸	بی اعتبار کردن	diū liǎn
辨别力	صلاحدید	biàn bié lì
差别待遇	تبعیض کردن؛ تبعیض قائلشدن	chā bié dài yù
岐视	تبعیض	qí shì
论述	بحث کردن	lùn shù
蔑视	ننگ؛ عار	miè shì
鄙弃	ننگ؛ عار	bǐ qì
倨傲的	ننگین	jù ào de
疾病	بیماری	jí bìng
弊病	بیماری	bì bìng
耻辱	خفت؛ ننگ	chǐ rǔ
不名誉	خفت؛ ننگ	bù míng yù
可耻的	ننگین؛ شرمآور	kě chǐ de
不名誉的	ننگین؛ شرمآور	bù míng yù de
假面目	تلبیس؛ لباس مبدل	jiǎ miàn mù
嫌恶	نفرت؛ تنفر	xián wù
令人厌恶的	نفرتآور؛ نفرتانگیز	lìng rén yàn wù de
盘子	ظرف، غذا	pán zi
碟	ظرف، غذا	dié
不诚实的	متقلب؛ نادرست	bù chéng shí de
不忠实的	متقلب؛ نادرست	bù zhōng shí de
不诚实	رجز؛ نادرستی	bù chéng shí
诈欺	رجز؛ نادرستی	zhà qī
玷辱	ننگین کردن	diàn rǔ
无耻的	بی شرف	wú chǐ de
觉醒	سرخورده کردن	jué xǐng
幻灭	سرخورده کردن	huàn miè
不愿	عدمتمایل	bù yuàn
不感兴趣	عدمتمایل	bù gǎn xìng qù
不愿意的	بی تمایل	bù yuàn yì de
无意于的	بی تمایل	wú yì yú de
消毒	گندزدائی کردن؛ ضد عفونی کردن	xiāo dú
消毒的	گندزدا؛ ماده گندزدا	xiāo dú de
杀菌的	گندزدا؛ ماده گندزدا	shā jūn de
碎裂	متلاشی کردن؛ متلاشی شدن	suì liè
无私欲的	بیغرضانه؛ بیطمع	wú sī yù de
廉洁的	بیغرضانه؛ بیطمع	lián jié de
讨厌	نپسندیدن؛ اکراه	tǎo yàn
脱臼	جابجا کردن؛ در رفتن	tuō jiù
弄乱	جابجا کردن؛ در رفتن	nòng luàn
移位的	دررفته	yí wèi de
离位的	دررفته	chī wèi de
转位	جابجائی؛ دررفتگی	zhuǎn wèi
不实的	خیانتکار؛ بی وفا	bù shí de
不义的	خیانتکار؛ بی وفا	bù yì de
不忠实	بیوفایی؛ بی وفائی	bù zhōng shí
不忠行为	بیوفایی؛ بی وفائی	bù zhōng xíng wéi
阴沉的	ملالت انگیز	yīn chén de
凄凉的	ملالت انگیز	qī liáng de
沮丧	بیجرات کردن؛ وحشت زدگی	jǔ sàng
使惊愕	بیجرات کردن؛ وحشت زدگی	shǐ jīng è
解散	بیرونکردن؛ جواب کردن	jiě sàn
开除	بیرونکردن؛ جواب کردن	kāi chú
解雇	برکناری	jiě gù
不服从	نافرمانی؛ تمرد	bù fú cóng
不孝	نافرمانی؛ تمرد	bù xiào
违反	نافرمانی کردن؛ سرپیچی کردن	wéi fǎn
杂乱	اختلال	zá luàn
混乱的	مغشوش؛ بی سبک	hùn luàn de
无秩序的	اختلالی؛ بی ترتیب	wú zhì xù de
乱的	اختلالی؛ بی ترتیب	luàn de
无组织的	شلخته؛ نامرتب	wú zǔ zhī de
紊乱的	شلخته؛ نامرتب	wěn luàn de
派遣	اعزام؛ روانهسازی	pài qiǎn
急件	اعزام؛ روانهسازی	jí jiàn
分散	پراکندن؛ متفرق کردن	fēn sàn
散布	تفرقه؛ تفرق	sàn bù
移置	آواره کردن	yí zhì
替换	آواره کردن	tì huàn
换置	جانشین سازی؛ جابجا شدگی	huàn zhì
移位	جانشین سازی؛ جابجا شدگی	yí wèi
显示	نمود کردن؛ نمایش دادن	xiǎn shì
陈列	نمود کردن؛ نمایش دادن	chén liè
使不愉快	ناخشنود کردن	shǐ bù yú kuài
使生气	ناخشنود کردن	shǐ shēng qì
不愉快	رنجش؛ رنجیدگی	bù yú kuài
丢掉	دفع	diū diào
处理	دفع	chǔ lǐ
性情	طبع؛ مشرب	xìng qíng
处置	طبع؛ مشرب	chǔ zhì
使不适合	شایسته ندانستن	shǐ bù shì gě
取消资格	شایسته ندانستن	qǔ xiāo zī gé
打搅	مضطرب ساختن	dǎ jiǎo
使烦恼	مضطرب ساختن	shǐ fán nǎo
忽视	عدمرعایت؛ بی توجهی	hū shì
漠视	عدمرعایت؛ بی توجهی	mò shì
名誉不好的	بد نام	míng yù bù hǎo de
不光彩的	بد نام	bù guāng cǎi de
失礼的	احترامنگذار؛ بدون مراعات	shī lǐ de
无礼的	احترامنگذار؛ بدون مراعات	wú lǐ de
分裂的	مختل کردن	fēn liè de
中断的	مختل کردن	zhōng duàn de
不平	نارضایتی؛ ناخشنودی	bù píng
不满的	ناراضی	bù mǎn de
解剖	تشریح کردن	jiě pōu
溶解	تجزیه؛ فسخ	róng jiě
劝阻	منصرف کردن	quàn zǔ
劝止	منصرف کردن	quàn zhǐ
距离	فاصله	jù lí
远方	فاصله	yuǎn fāng
远的	دور	yuǎn de
远期的	دور	yuǎn qī de
由蒸馏得来的	چکیده؛ مقطر	yóu zhēng liú dé lái de
净化的	چکیده؛ مقطر	jìng huà de
有特色的	متمایز	yǒu tè sè de
出众的	متمایز	chū zhòng de
卓著的	برجسته؛ مشخص	zhuó zhù de
著名的	برجسته؛ مشخص	zhù míng de
扭曲	تحریف کردن	niǔ qū
歪曲	تحریف کردن	wāi qū
变形	تحریف	biàn xíng
分心	حواس پرتی ایجاد کردن	fēn xīn
分心的事物	پریشانی	fēn xīn de shì wù
贫困	پریشانی	pín kùn
痛苦的	پریشان؛ متاثر	tòng kǔ de
哀伤的	پریشان؛ متاثر	āi shāng de
使痛苦的	پریشان کننده	shǐ tòng kǔ de
使烦恼的	پریشان کننده	shǐ fán nǎo de
分布	پخش؛ تقسیم	fēn bù
分发者	مقسم؛ دلکو	fēn fā zhě
分布者	مقسم؛ دلکو	fēn bù zhě
地方	محله	dì fāng
不信任	عدم اعتماد؛ اعتماد نداشتن	bù xìn rèn
扰乱	مزاحم شدن	rǎo luàn
妨碍	مزاحم شدن	fáng ài
不安	آشوب؛ اغتشاش	bù ān
引起烦恼的	نگران‌کننده	yǐn qǐ fán nǎo de
令人不安的	نگران‌کننده	lìng rén bù ān de
不被使用	عدم استعمال	bù bèi shǐ yòng
废弃	عدم استعمال	fèi qì
沟渠	گودال؛ چاله	gōu qú
在开沟	گودال؛ چاله	zài kāi gōu
一日间的	روز خیز؛ مربوط به روز	yī rì jiān de
潜水	شیرجه زدن	qián shuǐ
跳水	شیرجه زدن	tiào shuǐ
分歧	واگراییدن؛ متشتت شدن	fēn qí
岔开	واگراییدن؛ متشتت شدن	chà kāi
分散度	واگرایی؛ تباعد	fēn sàn dù
变化多的	متنوع	biàn huà duō de
多样化的	متشتت	duō yàng huà de
各种的	متشتت	gè zhǒng de
转向	عدول	zhuǎn xiàng
多样性	تنوع	duō yàng xìng
使欢娱	منحرف کردن	shǐ huān yú
憩室	استطاله؛ کوره راه	qì shì
膨部	استطاله؛ کوره راه	péng bù
分开	بخش کردن؛ سهم کردن	fēn kāi
被除数	سود سهام	bèi chú shù
股利	سود سهام	gǔ lì
神的	الهی	shén de
神圣的	الهی	shén shèng de
神	خدایی؛ الوهیت	shén
除法	تقسیم؛ بخش	chú fǎ
离婚	طلاق	lí hūn
离婚的	مطلقه	lí hūn de
头昏眼花	دوار؛ سرگیجه	tóu hūn yǎn huā
头晕	دوار؛ سرگیجه	tóu yūn
眼花缭乱的	دبنگ؛ سرگیجهای	yǎn huā liáo luàn de
做	انجام دادن	zuò
进行	انجام دادن	jìn xíng
码头	بارانداز؛ جاخالی کردن	mǎ tóu
船坞	بارانداز؛ جاخالی کردن	chuán wù
医生	دکتر	yī shēng
博士	دکتر	bó shì
教条	دکترین	jiào tiáo
学说	دکترین	xué shuō
文件	سند	wén jiàn
公文	سند	gōng wén
记录片	مستند؛ سندی	jì lù piàn
文件的	مستند؛ سندی	wén jiàn de
文档	مستندسازی	wén dàng
躲避	گریز زدن؛ جا خالی کردن	duǒ bì
狗	سگ	gǒu
坏蛋	سگ	huài dàn
武断	فلسفه جزمی	wǔ duàn
教条主义	فلسفه جزمی	jiào tiáo zhǔ yì
救济品	به بیکاران	jiù jì pǐn
失业救济金	به بیکاران	shī yè jiù jì jīn
悲哀的	جان سوز	bēi āi de
忧郁的	جان سوز	yōu yù de
洋娃娃	عروسک	yáng wá wa
无头脑的美丽女人	عروسک	wú tóu nǎo de měi lì nǚ rén
美元	دلار	měi yuán
元(加	دلار	yuán jiā
海豚	دلفین	hǎi tún
领域	حوزه	lǐng yù
领土	حوزه	lǐng tǔ
圆顶	گنبد؛ گنبد زدن	yuán dǐng
家庭的	داخلی؛ خانگی	jiā tíng de
国内的	داخلی؛ خانگی	guó nèi de
优势	سلطه	yōu shì
显性	سلطه	xiǎn xìng
占优势的	غالب	zhàn yōu shì de
支配的	غالب	zhī pèi de
支配	مسلط شدن؛ مستولی شدن	zhī pèi
占优势	مسلط شدن؛ مستولی شدن	zhàn yōu shì
捐赠	هبه کردن؛ اعطاء کردن	juān zèng
捐赠物	کمک مالی	juān zèng wù
捐款	کمک مالی	juān kuǎn
驴子	خر؛ الاغ	lǘ zi
捐赠人	اهداکننده	juān zèng rén
给体	اهداکننده	gěi tǐ
厄运	سرنوشت بد	è yùn
门	در	mén
门口	درگاه؛ جای در	mén kǒu
途径	درگاه؛ جای در	tú jìng
睡眠状态的	نهفته؛ نایم	shuì mián zhuàng tài de
静止的	نهفته؛ نایم	jìng zhǐ de
背的	ضهری	bēi de
背部的	ضهری	bèi bù de
剂量	دوز	jì liàng
服用量	دوز	fú yòng liáng
点	نقطه	diǎn
小东西	نقطه	xiǎo dōng xī
两倍	دو برابر	liǎng bèi
双重的	دو برابر	shuāng chóng de
疑惑	شک؛ تردید	yí huò
怀疑者	دیرباور	huái yí zhě
可疑的	مشکوک؛ دوبشک	kě yí de
疑心的	مشکوک؛ دوبشک	yí xīn de
无疑的	بی تردید؛ بدون شک	wú yí de
生面团	خمیر	shēng miàn tuán
捏塑体	خمیر	niē sù tǐ
面团的	خمیری	miàn tuán de
半熟的	خمیری	bàn shú de
向下的	پایین	xiàng xià de
下去	پایین	xià qù
衰败	ریزش	shuāi bài
大雨	ریزش	dà yǔ
下坡的	نشیب	xià pō de
向下	نشیب	xiàng xià
下载	دانلود کردن	xià zǎi
楼下	طبقه پایین؛ پایین پله‌ها	lóu xià
市中心	مرکز شهر	shì zhōng xīn
嫁妆	جهاز؛ شیربها	jià zhuang
陪嫁物	جهاز؛ شیربها	péi jià wù
老资格	شیخ السفراء؛ مقد السفراء	lǎo zī gé
首席	شیخ السفراء؛ مقد السفراء	shǒu xí
打瞌睡	چرت زدن	dǎ kē shuì
假寐	چرت زدن	jiǎ mèi
十二个	دوجین	shí èr gè
土褐色的	کسل کننده؛ زن شلخته	tǔ hè sè de
单调的	کسل کننده؛ زن شلخته	dān diào de
草稿	برات؛ مسوده	cǎo gǎo
拖	باتورگرفتن؛ سخت کشیدن	tuō
沉重缓慢地走	باتورگرفتن؛ سخت کشیدن	chén zhòng huǎn màn de zǒu
龙	اژدها	lóng
凶暴的人	اژدها	xiōng bào de rén
排水沟	تخلیه کردن	pái shuǐ gōu
消耗	تخلیه کردن	xiāo hào
排水	زهکشی	pái shuǐ
引流	زهکشی	yǐn liú
戏剧	درام	xì jù
戏剧性的	نمایشی	xì jù xìng de
生动的	نمایشی	shēng dòng de
戏剧地	به طرز چشمگیری	xì jù de
引人注目地	به طرز چشمگیری	yǐn rén zhù mù de
激烈的	عنیف	jī liè de
峻泻药	عنیف	jùn xiè yào
气流	باد؛ کوران	qì liú
拉	نقاشی کردن	lā
抽屉	نقشه کش؛ برات کش	chōu ti
开票人	نقشه کش؛ برات کش	kāi piào rén
图画	نقاشی (کار)	tú huà
制图	نقاشی (کار)	zhì tú
恐惧	بیم؛ نهیب	kǒng jù
可怕的人	بیم؛ نهیب	kě pà de rén
梦	خواب، رویا، رویا دیدن	mèng
做梦的人	خیالباف	zuò mèng de rén
梦想者	خیالباف	mèng xiǎng zhě
沉闷的	مایه افسردگی	chén mèn de
挖泥机	لاروبی کردن	wā ní jī
拖网	لاروبی کردن	tuō wǎng
渣滓	لرد	zhā zǐ
覆盖物	لباس، لباس پوشیدن	fù gài wù
裁缝	خیاط زنانه	cái féng
漂流物	رانش	piāo liú wù
动向	رانش	dòng xiàng
钻孔机	تمرین؛ مته	zuān kǒng jī
钻子	تمرین؛ مته	zuàn zǐ
演练	مته زنی	yǎn liàn
钻	مته زنی	zuàn
酒	نوشیدنی، نوشیدن	jiǔ
饮者	خوار؛ آشامنده	yǐn zhě
酒徒	خوار؛ آشامنده	jiǔ tú
喝	شرب	hē
水滴	چکیدن؛ چکاندن	shuǐ dī
滴下	چکیدن؛ چکاندن	dī xià
驾驶	رانندگی؛ رانندگی کردن	jià shǐ
驱动器	رانندگی؛ رانندگی کردن	qū dòng qì
驾驶员	راننده	jià shǐ yuán
赶	رانندگی؛ محرک	gǎn
操纵	رانندگی؛ محرک	cāo zòng
雄蜂	سخن یکنواخت	xióng fēng
懒惰者	سخن یکنواخت	lǎn duò zhě
微量	افتادن، قطره	wēi liàng
水肿	استسقاء	shuǐ zhǒng
浮肿	استسقاء	fú zhǒng
干旱	خشکسالی	gān hàn
淹死	غرق شدن	yān sǐ
淹没	غرق شدن	yān mò
睡意	خماری؛ خواب آلودگی	shuì yì
倦睡	خماری؛ خواب آلودگی	juàn shuì
昏昏欲睡的	کسل کننده؛ چرت زن	hūn hūn yù shuì de
倦睡的	کسل کننده؛ چرت زن	juàn shuì de
苦差事	خرحمالی؛ جان کنی	kǔ chāi shi
苦工	خرحمالی؛ جان کنی	kǔ gōng
药	دارو، مواد مخدر	yào
吸毒	دارو، مواد مخدر	xī dú
鼓	ضرب؛ طبل	gǔ
鼓手	طبال؛ طبل زن	gǔ shǒu
旅行推销员	طبال؛ طبل زن	lǚ xíng tuī xiāo yuán
喝醉了的	مست؛ دژم	hē zuì le de
嗜酒者	خماری	shì jiǔ zhě
酒醉的	مستانه	jiǔ zuì de
醉酒	مستی	zuì jiǔ
酒醉	مستی	jiǔ zuì
干的	خشک، خشک کردن	gān de
无酒的	خشک، خشک کردن	wú jiǔ de
干燥	خشکی؛ خشکی هوا	gān zào
双的	دوگانه	shuāng de
配音	نامیدن، لقب دادن	pèi yīn
轻点	نامیدن، لقب دادن	qīng diǎn
不确定的	مشتبه؛ مشکوک	bù què dìng de
鸭子	اردک؛ مرغابی	yā zi
没入水中	اردک؛ مرغابی	méi rù shuǐ zhōng
管	لوله آب؛ مجرای لنف	guǎn
应得的东西	موعد؛ مستحق؛ به‌علت	yīng dé de dōng xī
应付款	موعد؛ مستحق؛ به‌علت	yìng fu kuǎn
挖掘过的	کنده	wā jué guò de
防空壕	کنده شده	fáng kōng háo
公爵	دوک	gōng jué
无趣的	کسل کننده	wú qù de
迟钝	رکود؛ کندی	chí dùn
浊音	رکود؛ کندی	zhuó yīn
恰当地	بموقع خود؛ بقدر لازم	qià dàng de
充分地	بموقع خود؛ بقدر لازم	chōng fèn de
期间内	کم هوش	qī jiān nèi
只要	کم هوش	zhǐ yào
哑的	لال	yā de
不说话的	لال	bù shuō huà de
垃圾场	رها کردن	lā jī cháng
倾倒	رها کردن	qīng dǎo
催促者	سمند	cuī cù zhě
讨债者	سمند	tǎo zhài zhě
粪	پهن؛ پشگل	fèn
地牢	سیاه چال	dì láo
二重唱	دوتایی	èr chóng chàng
十二指肠的	دوازدهه	shí èr zhǐ cháng de
十二指肠	روده اثنی عشر	shí èr zhǐ cháng
易受骗的人	ساده لوح	yì shòu piàn de rén
口是心非	ریا	kǒu shì xīn fēi
持续时间	مدت	chí xù shí jiān
在的时候	در طول	zài de shí hou
薄暮	غروب؛ هنگام غروب	bó mù
傍晚	غروب؛ هنگام غروب	bàng wǎn
灰尘	گرد؛ خاک	huī chén
尘埃	گرد؛ خاک	chén āi
灰尘多的	خاکی؛ غباری	huī chén duō de
荷兰人	هلندی؛ زبان هلندی	hé lán rén
荷兰语	هلندی؛ زبان هلندی	hé lán yǔ
尽职的	وظیفه شناس	jìn zhí de
忠实的	وظیفه شناس	zhōng shí de
责任	وظیفه؛ عوارض گمرکی	zé rèn
关税	وظیفه؛ عوارض گمرکی	guān shuì
数字化视频光盘	دی‌وی‌دی	shù zì huà shì pín guāng pán
矮子	کوتوله؛ کوتاه جلوه دادن	ǎi zi
侏儒	کوتوله؛ کوتاه جلوه دادن	zhū rú
居住	اقامت گزیدن	jū zhù
存在	اقامت گزیدن	cún zài
居民	مکین	jū mín
住房	اقامت؛ مسکن	zhù fáng
颜料	رنگ؛ خضاب	yán liào
染料	رنگ؛ خضاب	rǎn liào
染色	رنگرزی	rǎn sè
动态的	پویا	dòng tài de
有活力的	پویا	yǒu huó lì de
炸药	دینامیت؛ دینامیت زدن	zhà yào
炸毁	دینامیت؛ دینامیت زدن	zhà huǐ
朝代	سلسله؛ خاندان	cháo dài
王朝	سلسله؛ خاندان	wáng cháo
痢疾	دیسانتری	lì ji
每个	هر کدام	měi gè
每一	هر کدام	měi yī
热心的	مشتاق	rè xīn de
渴望的	مشتاق	kě wàng de
热衷于	مشتاقانه؛ آرزومندانه	rè zhōng yú
热心	اشتیاق؛ شوق	rè xīn
鹰	عقاب؛ دال	yīng
耳朵	گوش	ěr duo
倾听	گوش	qīng tīng
早的	زود	zǎo de
早熟的	زود	zǎo shú de
赚得	کسب کردن	zhuàn dé
所赚的钱	درآمد	suǒ zhuàn de qián
工资	درآمد	gōng zī
听力所及之范围	صدارس؛ گوش رس	tīng lì suǒ jí zhī fàn wéi
可听距离	صدارس؛ گوش رس	kě yǐn jù lí
地球	زمین	dì qiú
土制的	سفالی	tǔ zhì de
陶制的	سفالی	táo zhì de
地球的	زمینی	dì qiú de
俗世的	زمینی	sú shì de
地震	زلزله؛ زمین لرزه	dì zhèn
土木工事	خاکریز	tǔ mù gōng shì
土方工程	خاکریز	tǔ fāng gōng chéng
土的	خاکی	tǔ de
土质的	خاکی	tǔ zhì de
安乐	آسایش، آسان کردن	ān lè
安逸	آسایش، آسان کردن	ān yì
容易地	به آسانی	róng yì de
轻易地	به آسانی	qīng yì de
东方	شرق	dōng fāng
向东的	شرق	xiàng dōng de
东的	شرقاً؛ مانند بادخاوری	dōng de
向东	شرقاً؛ مانند بادخاوری	xiàng dōng
东方人	شرقی؛ خاوری	dōng fāng rén
东正教徒	شرقی؛ خاوری	dōng zhèng jiào tú
朝东方向	روب خاور	cháo dōng fāng xiàng
向东方的	روب خاور	xiàng dōng fāng de
容易的	آسان	róng yì de
缓缓的	آسان	huǎn huǎn de
脾气随和的	بی قید	pí qi suí hé de
逍遥自在的	بی قید	xiāo yáo zì zai de
吃	خوردن	chī
腐蚀	خوردن	fǔ shí
退潮	جزر	tuì cháo
回声	پژواک	huí shēng
回音	پژواک	huí yīn
遮掩位形	منخسف	zhē yǎn wèi xíng
生态学的	بوم‌شناختی	shēng tài xué de
主张生态保护的	بوم‌شناختی	zhǔ zhāng shēng tài bǎo hù de
经济上的	اقتصادی	jīng jì shǎng de
实用的	اقتصادی	shí yòng de
节俭的	مقتصد؛ با صرفه	jié jiǎn de
经济的	مقتصد؛ با صرفه	jīng jì de
经济学	اقتصاد	jīng jì xué
经济学者	اقتصاددان	jīng jì xué zhě
经济家	اقتصاددان	jīng jì jiā
经济	اقتصاد؛ صرفه جویی	jīng jì
理财	اقتصاد؛ صرفه جویی	lǐ cái
狂喜	حالت؛ وجد	kuáng xǐ
心醉神迷	حالت؛ وجد	xīn zuì shén mí
狂喜的人	جذبهای؛ بی خود	kuáng xǐ de rén
湿疹	اگزما؛ اکزما	shī zhěn
尖锐	لب؛ لبه	jiān ruì
大厦	عمارت	dà shà
大建筑物	عمارت	dà jiàn zhù wù
有教训意味的	تهذیبی	yǒu jiào xun yì wèi de
编校	ویراستن	biān jiào
编辑的	ویرایش	biān jí de
编者	ویراستار؛ ویرایشگر	biān zhě
社论	سرمقاله	shè lùn
教育	فرهیختن؛ مودب کردن	jiào yù
教育的	تحصیلی؛ تربیتی	jiào yù de
教育性的	تحصیلی؛ تربیتی	jiào yù xìng de
教育家	مربی	jiào yù jiā
怪诞的	وهم آور	guài dàn de
有效的	کاری؛ موثر	yǒu xiào de
效力	اثربخشی	xiào lì
传出的	وابر؛ بیرون بر	chuán chū de
输出管	وابر؛ بیرون بر	shū chū guǎn
灵验的	موثر	líng yàn de
功效	درجه تأثیر	gōng xiào
效率	کارایی	xiào lǜ
效能	کارایی	xiào néng
有效率的	کارآنه؛ پرکار	yǒu xiào lǜ de
生效	به نحو کارآمد	shēng xiào
能胜任	به نحو کارآمد	néng shèng rèn
肖像	تمثال؛ پیکرک	xiào xiàng
雕像	تمثال؛ پیکرک	diāo xiàng
努力	تلاش	nǔ lì
蛋	تخم مرغ	dàn
卵	تخم مرغ	luǎn
自我	خود	zì wǒ
埃及	مصر؛ کشور مصر	āi jí
埃及人	مصری	āi jí rén
埃及的	مصری	āi jí de
八	هشت	bā
十八	هجده	shí bā
第八	اکتاو؛ یک هشتم	dì bā
八分之一	اکتاو؛ یک هشتم	bā fēn zhī yī
八十	هشتاد	bā shí
任一的	هر یک از دو، نیز (در جملات منفی)	rén yī de
各一的	هر یک از دو، نیز (در جملات منفی)	gè yī de
突然说出	انزال	tū rán shuō chū
射出	انزال	shè chū
精细的	پیچیده، با جزئیات	jīng xì de
详尽的	پیچیده، با جزئیات	xiáng jìn de
松紧带	کشی؛ لاستیکی	sōng jǐn dài
橡皮筋	کشی؛ لاستیکی	xiàng pí jīn
弹性	ارتجاع؛ جهندگی	tán xìng
兴高采烈的	برافراشته	xìng gāo cǎi liè de
得意洋洋	سرفرازی شادی	dé yì yáng yáng
兴高采烈	سرفرازی شادی	xìng gāo cǎi liè
手肘	آرنج	shǒu zhǒu
弯头	آرنج	wān tóu
年长者	ارشد؛ ریش سفید	nián zhǎng zhě
老人	ارشد؛ ریش سفید	lǎo rén
过了中年的	سالمند؛ سالمندان	guò le zhōng nián de
稍老的	سالمند؛ سالمندان	shāo lǎo de
最年长的	سالدارترین؛ مسن ترین	zuì nián zhǎng de
排行中第一的	سالدارترین؛ مسن ترین	pái háng zhōng dì yī de
选举	منتخب؛ انتخابی	xuǎn jǔ
推选	منتخب؛ انتخابی	tuī xuǎn
当选	انتخاب نماینده	dāng xuǎn
选举的	انتخابی	xuǎn jǔ de
选修的	انتخابی	xuǎn xiū de
选举人的	انتخاباتی	xuǎn jǔ rén de
有选举权者	گزینگرگان	yǒu xuǎn jǔ quán zhě
电的	برقی	diàn de
电动的	برقی	diàn dòng de
电	برق	diàn
热情	برق	rè qíng
电极	الکترود	diàn jí
焊条	الکترود	hàn tiáo
电分解	برقکافت	diàn fēn jiě
电解	برقکافت	diàn jiě
电子	الکترون	diàn zǐ
电子的	الکترونیکی	diàn zǐ de
电子学	الکترونیک	diàn zǐ xué
高雅	زیبندگی؛ ظریفی	gāo yǎ
典雅	زیبندگی؛ ظریفی	diǎn yǎ
优雅的	ظریف	yōu yǎ de
端庄的	ظریف	duān zhuāng de
元素	ماده؛ اصل	yuán sù
元素的	عنصری	yuán sù de
基本的	عنصری	jī běn de
初步的	ابتدایی	chū bù de
象皮病	داء الفیل	xiàng pí bìng
举起	بالا بردن	jǔ qǐ
提拔	بالا بردن	tí bá
海拔	علو؛ صعود	hǎi bá
提高	علو؛ صعود	tí gāo
电梯	آسانسور؛ بالابرنده	diàn tī
升降机	آسانسور؛ بالابرنده	shēng jiàng jī
十一	یازده	shí yī
伊莱亚斯(希伯来先知	خضر	yī lái yà sī xī bó lái xiān zhī
有资格当选的	واجد شرایط	yǒu zī gé dāng xuǎn de
合格的	واجد شرایط	hé gé de
除去	حذف کردن	chú qù
排除	حذف کردن	pái chú
精华	نخبه	jīng huá
精锐	نخبه	jīng ruì
伊莱扎(女子名	الیزا	yī lái zhā nǚ zǐ míng
的昵称)	الیزا	de nì chēng
椭圆的	بیضی	tuǒ yuán de
椭圆形的	بیضی	tuǒ yuán xíng de
伸长	دراز شدگی	shēn cháng
延长	دراز شدگی	yán cháng
口才	فصاحت؛ بلاغت	kǒu cái
雄辩术	فصاحت؛ بلاغت	xióng biàn shù
雄辩的	بلیغ؛ شیوا	xióng biàn de
有口才的	بلیغ؛ شیوا	yǒu kǒu cái de
别的	دیگر	bié de
其他的	دیگر	qí tā de
在别处	نقطه دیگر؛ بجای دیگر	zài bié chù
逃避	طفره زدن	táo bì
规避	طفره زدن	guī bì
难懂的	طفره زن؛ طفره آمیز	nán dǒng de
易忘的	طفره زن؛ طفره آمیز	yì wàng de
电子邮件	ایمیل، ایمیل زدن	diàn zǐ yóu jiàn
释放	ازقید رها کردن	shì fàng
解放	ازقید رها کردن	jiě fàng
堤防	سیلگیر؛ سیل برگردان	dī fáng
筑堤	سیلگیر؛ سیل برگردان	zhù dī
封港令	تحریم	fēng gǎng líng
禁运	تحریم	jìn yùn
乘船	سوار شدن، آغاز کردن	chéng chuán
着手	سوار شدن، آغاز کردن	zhuó shǒu
尴尬的	شرمنده؛ شرمسار	gān gà de
窘迫的	شرمنده؛ شرمسار	jiǒng pò de
大使馆	سفارت	dà shǐ guǎn
使插入	جاسازی کردن	shǐ chā rù
使嵌入	جاسازی کردن	shǐ qiàn rù
植入的	جاسازی شده	zhí rù de
内含的	جاسازی شده	nèi hán de
修饰	زیبا کردن؛ زینت دادن	xiū shì
盗用	اختلاس	dào yòng
挪用	اختلاس	nuó yòng
使受苦	تلخ کردن؛ ناگوار کردن	shǐ shòu kǔ
使恶化	تلخ کردن؛ ناگوار کردن	shǐ è huà
象征	علامت	xiàng zhēng
具体化	تجسم	jù tǐ huà
化身	تجسم	huà shēn
具体表达	تجسم بخشیدن	jù tǐ biǎo dá
使具体化	تجسم بخشیدن	shǐ jù tǐ huà
刺绣品	گلدوزی؛ برودری	cì xiù pǐn
粉饰	گلدوزی؛ برودری	fěn shì
胚胎	گیاهک؛ رویان	pēi tāi
胎儿	گیاهک؛ رویان	tāi ér
萌芽的	جنینی؛ رویانی	méng yá de
初期的	جنینی؛ رویانی	chū qī de
翡翠	زمرد؛ زمردسبز	fěi cuì
浮现	ظهور	fú xiàn
紧急状况	اضطرار؛ اضطراری	jǐn jí zhuàng kuàng
紧急事件	اضطرار؛ اضطراری	jǐn jí shì jiàn
移民	مهاجر؛ کوچ کننده	yí mín
侨民	مهاجر؛ کوچ کننده	qiáo mín
移居	جلاء؛ هجرت کردن	yí jū
移居外国	هجرت	yí jū wài guó
显赫的	والا؛ والا مقام	xiǎn hè de
杰出的	والا؛ والا مقام	jié chū de
发射	انتشار	fā shè
情绪的	احساساتی؛ عاطفی	qíng xù de
情感的	احساساتی؛ عاطفی	qíng gǎn de
在情绪上	از نظر احساسی	zài qíng xù shǎng
皇帝	امپراتور	huáng dì
君主	امپراتور	jūn zhǔ
强调	تکیه؛ تاکید	qiáng diào
加强	تکیه؛ تاکید	jiā qiáng
加强语气	تاکید کردن؛ اهمیت دادن	jiā qiáng yǔ qì
语调强的	موکد	yǔ diào qiáng de
着重的	موکد	zhuó zhòng de
肺气肿	آمفیزم	fèi qì zhǒng
帝国	امپراتوری	dì guó
帝权	امپراتوری	dì quán
经验的	تجربی	jīng yàn de
实证的	تجربی	shí zhèng de
雇用	استخدام کردن	gù yòng
员工	کارمند	yuán gōng
雇主	کارفرما	gù zhǔ
职业	استخدام؛ اشتغال	zhí yè
授予权力	توانمند ساختن	shòu yǔ quán lì
皇后	شهبانو؛ امپراتریس	huáng hòu
女皇	شهبانو؛ امپراتریس	nǚ huáng
空的	خالی	kōng de
空虚的	خالی	kōng xū de
乳状液	شیرابه	rǔ zhuàng yè
乳剂	شیرابه	rǔ jì
使能够	توانگر کردن؛ صلاحیتدار کردن	shǐ néng gòu
制定法律	به اجرا درآوردن	zhì dìng fǎ lǜ
扮演	به اجرا درآوردن	bàn yǎn
制定	وضع	zhì dìng
条例	وضع	tiáo lì
珐琅	لعاب؛ مینا	fà láng
瓷釉	لعاب؛ مینا	cí yòu
扎营	چادر زدن؛ خیمه برپا کردن	zhā yíng
宿营	قرار گاه	sù yíng
妩媚的	افسون گری	wǔ mèi de
围绕	ضمیمه کردن؛ پیوست کردن	wéi rào
圈起	ضمیمه کردن؛ پیوست کردن	juān qǐ
围墙	ضمیمه؛ پیوست	wéi qiáng
相会	برخورد؛ تقابل	xiāng huì
相遇	برخورد؛ تقابل	xiāng yù
鼓励	دلگرم کردن؛ تشویق کردن	gǔ lì
激励	تشویق	jī lì
鼓励的	تشویق‌کننده	gǔ lì de
促进的	تشویق‌کننده	cù jìn de
百科全书	دایرهالمعارف؛ دایرهالعلوم	bǎi kē quán shū
终点	پایان، پایان دادن	zhōng diǎn
危及	بمخاطره انداختن	wēi jí
使危险	بمخاطره انداختن	shǐ wēi xiǎn
亲爱	گرامی کردن	qīn ài
钟爱	گرامی کردن	zhōng ài
尽力	تلاش؛ جدیت	jìn lì
力图	تلاش	lì tú
不停的	بی‌ پایان	bù tíng de
无穷尽的	بی‌ پایان	wú qióng jǐn de
认可	تایید	rèn kě
忍耐	تاب؛ طاقت	rěn nài
耐性	تاب؛ طاقت	nài xìng
忍受	تحمل کردن	rěn shòu
灌肠剂	تنقیه	guàn cháng jì
灌肠法	تنقیه	guàn cháng fǎ
敌人	دشمن	dí rén
仇敌	دشمن	chóu dí
精力充沛的	فعال؛ پرتکاپو	jīng lì chōng pèi de
积极的	فعال؛ پرتکاپو	jī jí de
精力	انرژی	jīng lì
精神	انرژی	jīng shén
执行	اجرا کردن	zhí xíng
答应	گیر دادن؛ نامزد کردن	dā ying
从事	گیر دادن؛ نامزد کردن	cóng shì
诺言	نامزدی، تعامل	nuò yán
引擎	موتور	yǐn qíng
发动机	موتور	fā dòng jī
工程师	مهندس	gōng chéng shī
工兵	مهندس	gōng bīng
工程学	مهندسی	gōng chéng xué
英格兰	انگلستان	yīng gé lán
在上雕刻(字	منقوش	zài shǎng diāo kè zì
画等)	منقوش	huà děng
吞噬的	احاطهکننده	tūn shì de
吞没	احاطهکننده	tūn mò
谜	بیان مبهم	mèi
费解的事物	بیان مبهم	fèi jiě de shì wù
享受	لذت بردن	xiǎng shòu
喜欢	لذت بردن	xǐ huan
享乐	کیف؛ لذت	xiǎng lè
快乐	کیف؛ لذت	kuài lè
增大	بزرگ کردن؛ بزرگ شدن	zēng dà
肿大	بزرگی؛ بزرگ نمائی	zhǒng dà
启发	روشنفکر کردن	qǐ fā
进步的	منورالفکر؛ روشن روان	jìn bù de
启迪	روشن فکری؛ تنویر افکار	qǐ dí
征募	درفهرست نوشتن	zhēng mù
参与	درفهرست نوشتن	cān yù
服役期限	نامنویسی؛ سربازگیری	fú yì qī xiàn
使活泼	روح دادن؛ حیات بخشیدن	shǐ huó po
使生动	روح دادن؛ حیات بخشیدن	shǐ shēng dòng
敌意	عناد؛ عداوت	dí yì
巨大的	عظیم	jù dà de
够	کافی	gòu
询问	پرس و جو کردن	xún wèn
询价	استفسار	xún jià
使暴怒	آتشی	shǐ bào nù
歜	آتشی	chù
使富足	غنی کردن	shǐ fù zú
使肥沃	غنی کردن	shǐ féi wò
登记	ثبت‌نام کردن	dēng jì
使加入	ثبت‌نام کردن	shǐ jiā rù
注册	نامنویسی؛ ثبت نام	zhù cè
使成为奴隶	برده شده	shǐ chéng wéi nú lì
奴役	برده شده	nú yì
跟着发生	متعاقب بودن	gēn zhe fā shēng
继起	متعاقب بودن	jì qǐ
使成为必需	شامل بودن؛ متضمن بودن	shǐ chéng wéi bì xū
需要	شامل بودن؛ متضمن بودن	xū yào
使纠缠	گیر انداختن؛ درهم گیر افتادن	shǐ jiū chán
卷入	گیر انداختن؛ درهم گیر افتادن	juǎn rù
卷入的	دامن گیر	juǎn rù de
陷入的	دامن گیر	xiàn rù de
纠缠	گیر؛ پاپوش	jiū chán
进入	وارد شدن	jìn rù
企业	شرکت	qǐ yè
事业心	شرکت	shì yè xīn
招待	سرگرم کردن؛ پذیرایی کردن	zhāo dài
使人愉快的	سرگرم کننده	shǐ rén yú kuài de
款待	پذیرایی	kuǎn dài
巨大的热情	حرارت؛ گرمی	jù dà de rè qíng
热心家	علاقه‌مند	rè xīn jiā
狂热者	علاقه‌مند	kuáng rè zhě
整个	کل؛ دربست	zhěng gè
全部	کل؛ دربست	quán bù
完全	پاک؛ سرتاسر	wán quán
整体	تمامیت؛ سراسری	zhěng tǐ
给权利	حق دادن	gěi quán lì
取名为	حق دادن	qǔ míng wéi
实体	نهاد	shí tǐ
实存物	نهاد	shí cún wù
进入点	ورود؛ دخول	jìn rù diǎn
入场许可	غذای اصلی	rù chǎng xǔ kě
主菜	غذای اصلی	zhǔ cài
围以壕沟	درسنگرقراردادن	wéi yǐ háo gōu
掘壕沟	سنگربندی؛ سنگرسنگی	jué háo gōu
防卫工事	سنگربندی؛ سنگرسنگی	fáng wèi gōng shì
企业家	کارآفرین	qǐ yè jiā
主办人	کارآفرین	zhǔ bàn rén
信托	سپردن؛ باامانت سپردن	xìn tuō
交托	سپردن؛ باامانت سپردن	jiāo tuō
登录	ادخال	dēng lù
条目	ادخال	tiáo mù
信封	پاکت	xìn fēng
封套	پاکت	fēng tào
嫉妒的	حسود؛ حاسد	jí dù de
羡慕的	حسود؛ حاسد	xiàn mù de
外界	محیط زیست	wài jiè
周围的	محیطی؛ محیط زیستی	zhōu wéi de
环境的	محیطی؛ محیط زیستی	huán jìng de
面对	درذهن مجسم کردن	miàn duì
正视	درذهن مجسم کردن	zhèng shì
外交使节	فرستاده؛ ایلچی	wài jiāo shǐ jié
特使	فرستاده؛ ایلچی	tè shǐ
羡慕	رشک؛ حسد	xiàn mù
嫉妒	رشک؛ حسد	jí dù
酶	آنزیم؛ دیاستاز	méi
史诗	حماسی؛ شعر رزمی	shǐ shī
叙事诗	حماسی؛ شعر رزمی	xù shì shī
享乐主义者	ابیقوری؛ عیش طلب	xiǎng lè zhǔ yì zhě
美食家	ابیقوری؛ عیش طلب	měi shí jiā
传染病	همه‌گیر	chuán rǎn bìng
流行病	همه‌گیر	liú xíng bìng
表皮	روپوست	biǎo pí
真皮	روپوست	zhēn pí
警句	سخن نیشدار	jǐng jù
讽刺短诗	سخن نیشدار	fěng cì duǎn shī
癫痫症	صرع	diān xián zhèng
癫痫的	غشی؛ حملهای	diān xián de
癫痫性的	غشی؛ حملهای	diān xián xìng de
书信	نامه منظوم	shū xìn
上皮的	برپوشی؛ شبیه بشره ای	shàng pí de
匹敌	برابر؛ مساوی	pǐ dí
平等	برابری	píng děng
均匀	برابری	jūn yún
相等地	علیالسویه؛ متساویا	xiāng děng de
同样地	علیالسویه؛ متساویا	tóng yàng de
相等	معادله	xiāng děng
等式	معادله	děng shì
赤道	استواء؛ خط استوا	chì dào
中纬线	استواء؛ خط استوا	zhōng wěi xiàn
骑术的	چابک سوار	qí shù de
马的	چابک سوار	mǎ de
马	اسبی	mǎ
装备	تجهیز کردن	zhuāng bèi
配备	تجهیز کردن	pèi bèi
公正的	منصفانه؛ متساوی	gōng zhèng de
同等物	معادل	tóng děng wù
等价物	معادل	děng jià wù
说模棱两可的话	سهل انگاشتن؛ ابهام بکار بردن	shuì mó léng liǎng kě de huà
支吾	سهل انگاشتن؛ ابهام بکار بردن	zhī wú
时代	دوران	shí dài
纪元	دوران	jì yuán
根除	لنجیدن؛ ریشه کن کردن	gēn chú
扑灭	لنجیدن؛ ریشه کن کردن	pū miè
连根拔除	قلع؛ ریشه کنی	lián gēn bá chú
歼灭	قلع؛ ریشه کنی	jiān miè
直立的	برپا کردن	zhí lì de
竖立的	برپا کردن	shù lì de
直立	نعوظ؛ شق شدگی	zhí lì
竖起	نعوظ؛ شق شدگی	shù qǐ
冲蚀	سایش؛ فرسایش	chōng shí
犯错	اشتباه کردن؛ اشتباهکاری کردن	fàn cuò
做错	اشتباه کردن؛ اشتباهکاری کردن	zuò cuò
任务	ماموریت	rèn wu
差使	ماموریت	chāi shǐ
不正确	سهواً	bù zhèng què
博学的	ادیب	bó xué de
博学者	ادیب	bó xué zhě
爆发	فوران کردن	bào fā
喷出	فوران کردن	pēn chū
暴发的	بثوری	bào fā de
喷发的	بثوری	pēn fā de
逐步扩大	تشدید کردن	zhú bù kuò dà
逐步升高	تشدید کردن	zhú bù shēng gāo
越轨行为	جفتک زنی	yuè guǐ xíng wéi
逃亡	گریز؛ فرار	táo wáng
避难设备	گریز؛ فرار	bì nàn shè bèi
护送者	همراه؛ اسکورت	hù sòng zhě
护卫者	همراه؛ اسکورت	hù wèi zhě
尤其	به خصوص	yóu qí
特别	به خصوص	tè bié
间谍活动	جاسوسی	jiàn dié huó dòng
刺探	جاسوسی	cì tàn
随笔	مقاله کوتاه	suí bǐ
短文	مقاله کوتاه	duǎn wén
实质	عصاره، ذات	shí zhì
本质	عصاره، ذات	běn zhì
要点	اساسی؛ حساس	yào diǎn
本质上	اساساً	běn zhì shàng
本来	اساساً	běn lái
确立	بستن؛ افتتاحکردن	què lì
不动产	ماترک؛ املاک	bù dòng chǎn
阶段	ماترک؛ املاک	jiē duàn
尊敬	اعتبار؛ منزلت	zūn jìng
尊重	اعتبار؛ منزلت	zūn zhòng
可尊敬的	برآورد کردنی	kě zūn jìng de
可估计的	برآورد کردنی	kě gū jì de
估计	برآورد؛ براورد	gū jì
判断	برآورد؛ براورد	pàn duàn
永恒的	ابدی	yǒng héng de
永远的	ابدی	yǒng yuǎn de
永恒地	ابدالدهر	yǒng héng de
常常	ابدالدهر	cháng cháng
永远	ابد؛ جاودانی	yǒng yuǎn
醚	اتر؛ اثیر	mí
苍天	اتر؛ اثیر	cāng tiān
道德规范	اخلاق	dào dé guī fàn
伦理	اخلاق	lún lǐ
伦理学	اخلاقیات؛ اصولاخلاق	lún lǐ xué
人种的	قومی	rén zhǒng de
种族的	قومی	zhǒng zú de
病原学	لادشناسی	bìng yuán xué
病因学	لادشناسی	bìng yīn xué
礼节	آداب؛ آداب معاشرت	lǐ jié
桉属植物	اکالیپتوس	ān shǔ zhí wù
欧元	یورو	ōu yuán
欧洲	اروپا	ōu zhōu
欧洲人	فرنگی؛ اروپایی	ōu zhōu rén
欧洲的	فرنگی؛ اروپایی	ōu zhōu de
疏散	تخلیه کردن	shū sàn
撤出	تخلیه کردن	chè chū
撤退	تخلیه؛ تهی سازی	chè tuì
逃脱	در رفتن؛ طفره زدن	táo tuō
蒸发	تبخیر	zhēng fā
逃避的	طفرهزن؛ طفره آمیز	táo bì de
回避的	طفرهزن؛ طفره آمیز	huí bì de
前夕	هوا؛ حوا	qián xī
前夜	هوا؛ حوا	qián yè
平坦的	حتی	píng tǎn de
相等的	حتی	xiāng děng de
晚间	عصر	wǎn jiān
平衡地	به تساوی	píng héng de
平坦地	به تساوی	píng tǎn de
最后	سر انجام	zuì hòu
终于	سر انجام	zhōng yú
曾经	تا به حال	céng jīng
究竟	تا به حال	jiū jìng
常绿树	بی خزان؛ همیشه سبز	cháng lǜ shù
常绿植物	بی خزان؛ همیشه سبز	cháng lǜ zhí wù
经常	درتمام وقت	jīng cháng
每个人	همه	měi ge rén
人人	همه	rén rén
每天的	روزمره	měi tiān de
每件事物	همه چیز	měi jiàn shì wù
所有事物	همه چیز	suǒ yǒu shì wù
各处	همه جا	gè chù
到处	همه جا	dào chù
证据	شواهد	zhèng jù
明显的	آشکار	míng xiǎn de
明显地	ظاهراً؛ آشکارا	míng xiǎn de
根据现有证据来看	ظاهراً؛ آشکارا	gēn jù xiàn yǒu zhèng jù lái kàn
为恶者	بد کار	wéi ě zhě
做坏事的人	بد کار	zuò huài shì de rén
唤起	فراخواندن	huàn qǐ
引起	فراخواندن	yǐn qǐ
进化	تکامل	jìn huà
展开的	تکاملی	zhǎn kāi de
进化论的	تکاملی	jìn huà lùn de
准确的	دقیق	zhǔn què de
确切地	دقیقا	què qiè de
夸大	مبالغه کردن	kuā dà
夸张	مبالغه کردن	kuā zhāng
夸大的事物	اغراق؛ گزاف	kuā dà de shì wù
提升	متعال کردن	tí shēng
尊贵的	معلا؛ معلی	zūn guì de
考试	امتحان	kǎo shì
测验	امتحان	cè yàn
调查	تجزیه کردن؛ بررسی کردن	diào chá
检查人	ممتحن؛ آزمونگر	jiǎn chá rén
审查人	ممتحن؛ آزمونگر	shěn chá rén
例子	مثال	lì zi
样本	مثال	yàng běn
恼怒	اوقات تلخ	nǎo nù
挖掘	کاوش؛ حفاری	wā jué
发掘	کاوش؛ حفاری	fā jué
超越	فراتر رفتن	chāo yuè
优秀	برتری	yōu xiù
卓越	برتری	zhuó yuè
阁下	جناب؛ جناب آقای	gé xià
优良的	عالی	yōu liáng de
除	به جز	chú
例外	استثنا	lì wài
除外	استثنا	chú wài
例外的	استثنایی	lì wài de
异常的	استثنایی	yì cháng de
过度	مازاد	guò dù
剩于	مازاد	shèng yú
过度的	بیش از حد	guò dù de
过多的	بیش از حد	guò duō de
过多	بی شباهت	guò duō
交换	عوض؛ مصالحه	jiāo huàn
汇兑	عوض؛ مصالحه	huì duì
(烟	مالیات غیرمستقیم	yān
酒等)消费税	مالیات غیرمستقیم	jiǔ děng xiāo fèi shuì
能被激动的	برانگیختنی؛ قابل تهییج	néng bèi jī dòng de
易兴奋的	برانگیختنی؛ قابل تهییج	yì xīng fèn de
刺激	برانگیختن؛ تهییج کردن	cì jī
使兴奋	برانگیختن؛ تهییج کردن	shǐ xīng fèn
兴奋的	هیجان‌زده	xīng fèn de
已励磁的	هیجان‌زده	yǐ lì cí de
兴奋	هیجان؛ تهییج	xīng fèn
令人兴奋的	هیجان‌انگیز	lìng rén xīng fèn de
刺激的	هیجان‌انگیز	cì jī de
大叫	بعموم آگهی دادن	dà jiào
呼喊	بعموم آگهی دادن	hū hǎn
惊呼	غریو؛ علامت تعجب	jīng hū
激烈言词	غریو؛ علامت تعجب	jī liè yán cí
排外的	انحصاری	pái wài de
独占的	انحصاری	dú zhàn de
排他地	منحصراً	pái tā de
仅仅	منحصراً	jǐn jǐn
排泄	مدفوع؛ نجاست	pái xiè
大便	مدفوع؛ نجاست	dà biàn
极痛苦的	مشقت بار	jí tòng kǔ de
远足	کشتی تفریحی؛ مسافرت تفریحی	yuǎn zú
游览圆	کشتی تفریحی؛ مسافرت تفریحی	yóu lǎn yuán
可原谅的	بخشیدنی؛ معاف شدنی	kě yuán liàng de
可容许的	بخشیدنی؛ معاف شدنی	kě róng xǔ de
原谅	معذرت؛ بهانه	yuán liàng
申辩	معذرت؛ بهانه	shēn biàn
刽子手	دژخیم	guì zi shǒu
死刑执行人	دژخیم	sǐ xíng zhí xíng rén
执行部门	مجری؛ اجرایی	zhí xíng bù mén
执行委员会	مجری؛ اجرایی	zhí xíng wěi yuán huì
执行者	مجری؛ اجراکننده	zhí xíng zhě
可仿效的	عبرتآور؛ نمونهوسرمشق	kě fǎng xiào de
可做模范的	عبرتآور؛ نمونهوسرمشق	kě zuò mó fàn de
免税者	بری؛ معاف	miǎn shuì zhě
被免除义务者	بری؛ معاف	bèi miǎn chú yì wù zhě
解除	معافیت؛ معافی	jiě chú
免除	معافیت؛ معافی	miǎn chú
行使	ورزش، ورزش کردن	xíng shǐ
发挥	اعمال کردن	fā huī
运用	اعمال کردن	yùn yòng
排气	اگزوز؛ اگزوس	pái qì
废气	اگزوز؛ اگزوس	fèi qì
抽空	فرسودگی؛ واماندگی	chōu kòng
耗尽	فرسودگی؛ واماندگی	hào jìn
显现	نمایش دادن	xiǎn xiàn
表现	نمایشگاه؛ نظر گاه	biǎo xiàn
展览会	نمایشگاه؛ نظر گاه	zhǎn lǎn huì
令人喜欢的	مفرح؛ نشاطآور	lìng rén xǐ huan de
流放	تبعید	liú fàng
出口	خارج شدن؛ خروج	chū kǒu
退场	خارج شدن؛ خروج	tuì chǎng
过高的	گزاف	guò gāo de
异国的	عجیب و غریب	yì guó de
外来的	عجیب و غریب	wài lái de
使膨胀	منبسط کردن؛ گسترده کردن	shǐ péng zhàng
详述	منبسط کردن؛ گسترده کردن	xiáng shù
宽阔区域	فضای زیاد	kuān kuò qū yù
天空	فضای زیاد	tiān kōng
扩充	گسترش	kuò chōng
开展	گسترش	kāi zhǎn
盼望	انتظار داشتن	pàn wàng
预期者	آبستن؛ در انتظار	yù qī zhě
期待者	آبستن؛ در انتظار	qī dài zhě
期待	انتظار؛ توقع	qī dài
展望	انتظار؛ توقع	zhǎn wàng
权宜之计	مقتضی؛ مقتضا	quán yí zhī jì
权宜的	مقتضی؛ مقتضا	quán yí de
加快	شتاباندن	jiā kuài
远征	تسریع؛ اردوکشی	yuǎn zhēng
探险队	تسریع؛ اردوکشی	tàn xiǎn duì
逐出	بیرونکردن؛ بیرونانداختن	zhú chū
开支	هزینه	kāi zhī
贵的	گران	guì de
经历	تجربه کردن	jīng lì
经验	تجربه کردن	jīng yàn
实验	آزمایش	shí yàn
试验	آزمایش	shì yàn
实验的	تجربی	shí yàn de
专家	متخصص	zhuān jiā
行家	متخصص	háng jiā
专家意见	تخصص	zhuān jiā yì jiàn
专门技术	تخصص	zhuān mén jì shù
满期	انقضا؛ بازدم	mǎn qī
期满	منقضی شدن	qī mǎn
呼气	منقضی شدن	hū qì
解释	توضیح دادن	jiě shì
说明的	تاویلی؛ توضیحی	shuō míng de
解释的	تاویلی؛ توضیحی	jiě shì de
详述的	صریح	xiáng shù de
明确地	صراحتاً	míng què de
功绩	بهره‌برداری کردن	gōng jì
勋绩	بهره‌برداری کردن	xūn jì
开发	بهره‌کشی	kāi fā
开采	بهره‌کشی	kāi cǎi
探险	استخراج؛ سیاحت	tàn xiǎn
踏勘	استخراج؛ سیاحت	tà kān
探究	اکتشافی	tàn jiū
探查	اکتشافی	tàn chá
探测	سیاحت کردن؛ اکتشاف کردن	tàn cè
探险家	سیاح؛ پیگرد	tàn xiǎn jiā
探测者	سیاح؛ پیگرد	tàn cè zhě
爆破音	انفجاری	bào pò yīn
输出品	صدور؛ صادراتی	shū chū pǐn
使暴露	ضاهر ساختن؛ درمعرض گذاشتن	shǐ bào lù
使曝光	ضاهر ساختن؛ درمعرض گذاشتن	shǐ bào guāng
阐述	توضیح	chǎn shù
讲解	توضیح	jiǎng jiě
暴露	مواجهه	bào lù
详细说明	بهتفصیل شرح دادن	xiáng xì shuō míng
快车	بیان کردن	kuài chē
快递	بیان کردن	kuài dì
表达	بیان	biǎo dá
表达的	گویا؛ اشارهکننده	biǎo dá de
富于表情的	گویا؛ اشارهکننده	fù yú biǎo qíng de
精致的	نفیس	jīng zhì de
细腻的	نفیس	xì nì de
延伸	تعمیم کردن؛ تمدید کردن	yán shēn
广的	گسترده	yǎn de
广大	به طور گسترده	guǎng dà
广延	به طور گسترده	yǎn yán
为找借口	کاستن از؛ کم تقصیر	wéi zhǎo jiè kǒu
根绝	براندازی	gēn jué
外部	ظاهری؛ بیرونی	wài bù
外面	ظاهری؛ بیرونی	wài miàn
熄灭的	خاموش؛ معدوم	xī miè de
灭绝的	خاموش؛ معدوم	miè jué de
熄灭	خاموش کردن؛ خاموش شدن	xī miè
使消亡	خاموش کردن؛ خاموش شدن	shǐ xiāo wáng
连根拔起	ریشهکن کردن؛ بکلی نابود کردن	lián gēn bá qǐ
勒索	غصب؛ اجحاف	lè suǒ
敲诈	غصب؛ اجحاف	qiāo zhà
额外的事物	اضافی	é wài de shì wù
另外的收费	اضافی	lìng wài de shōu fèi
榨出物	استخراج کردن؛ استخراج کردن، عصاره	zhà chū wù
精汁	استخراج کردن؛ استخراج کردن، عصاره	jīng zhī
抽出	استخراج؛ عصارهگیری	chōu chū
取出	استخراج؛ عصارهگیری	qǔ chū
非必要的	غیراصلی	fēi bì yào de
非常的	غیرعادی؛ شگفت آور	fēi cháng de
特别的	غیرعادی؛ شگفت آور	tè bié de
奢侈	زیادهروی؛ گزافگری	shē chǐ
浪费	زیادهروی؛ گزافگری	làng fèi
奢侈的	ولخرج؛ غیرمعقول	shē chǐ de
挥霍无度的	ولخرج؛ غیرمعقول	huī huò wú dù de
极端	افراطی	jí duān
末端	افراطی	mò duān
极端地	فوق‌العاده	jí duān de
偏激份子	افراطی	piān jī fèn zi
使解脱	خلاصی بخشیدن	shǐ jiě tuō
救出	خلاصی بخشیدن	jiù chū
挤出	بیروناندازی	jǐ chū
推出	بیروناندازی	tuī chū
繁茂的	پرپشت؛ فیض بخش	fán mào de
眼睛	چشم	yǎn jing
视力	چشم	shì lì
眼球	تخمچشم؛ مقله	yǎn qiú
眉毛	ابرو	méi mao
眼镜	عینک	yǎn jìng
眼皮	پلک؛ جفن	yǎn pí
眼睑	پلک؛ جفن	yǎn jiǎn
织物	پارچه	zhī wù
布	پارچه	bù
制造	دروغ نویسی؛ حرف اختراعی	zhì zào
传说的	شگفت‌انگیز	chuán shuō de
寓言般的	شگفت‌انگیز	yù yán bān de
建筑物的正面	نمای خارجی	jiàn zhù wù de zhèng miàn
脸	صورت	liǎn
爱开玩笑的	لطیفهدار؛ شوخی آمیز	ài kāi wán xiào de
美颜	صورتی	měi yán
脸部按摩	صورتی	liǎn bù àn mó
使容易	تسهیل کردن	shǐ róng yì
工具	تسهیلات؛ امکانات	gōng jù
设施	تسهیلات؛ امکانات	shè shī
事实	واقعیت	shì shí
小派系	جناح	xiǎo pài xì
内讧	جناح	nèi hòng
因素	عامل	yīn sù
因数	عامل	yīn shù
工厂	کارخانه	gōng chǎng
产生地	کارخانه	chǎn shēng de
褪色	محو شدن	tuì sè
已失败的	شکست خورده	yǐ shī bài de
昏厥	غش؛ ضعف کردن	hūn jué
昏倒	غش؛ ضعف کردن	hūn dǎo
昏晕	ضعف؛ اغماء	hūn yūn
不省人事	ضعف؛ اغماء	bù xǐng rén shì
微弱	بی حالی	wēi ruò
衰弱	بی حالی	shuāi ruò
集市	منصفانه، نمایشگاه	jí shì
光明正大	انصاف	guāng míng zhèng dà
仙女	جن؛ پری	xiān nǚ
精灵	جن؛ پری	jīng líng
详确的	وفادار؛ مومن	xiáng què de
假货	جعلی	jiǎ huò
隼	شاهین؛ سوله	sǔn
猎鹰	شاهین؛ سوله	liè yīng
落下	افتادن؛ سقوط	luò xià
瀑布	افتادن؛ سقوط	pù bù
使人误解的	سفسطه آمیز	shǐ rén wù jiě de
谬误的	سفسطه آمیز	miù wù de
错误的观念	سفسطه؛ استدلال غلط	cuò wù de guān niàn
谬见	سفسطه؛ استدلال غلط	miù jiàn
休耕地	آیش؛ آیش کردن	xiū gēng dì
休耕的	آیش؛ آیش کردن	xiū gēng de
虚假	ناراستی	xū jiǎ
虚伪地	کاذبانه؛ بدروغ	xū wěi de
错误地	کاذبانه؛ بدروغ	cuò wù de
篡改	مغشوش	cuàn gǎi
伪造	مغشوش	wěi zào
名望	شهرت	míng wàng
熟悉的	بلد؛ آشنا	shú xī de
常见的	بلد؛ آشنا	cháng jiàn de
熟悉	آشنایی؛ موانست	shú xī
精通	آشنایی؛ موانست	jīng tōng
家庭	خانواده	jiā tíng
家人	خانواده	jiā rén
饥荒	گرسنگی؛ قحطی	jī huāng
出名的	مشهور	chū míng de
风扇	طرفدار، پنکه	fēng shàn
迷	طرفدار، پنکه	mí
盲信的	پرتعصب	máng xìn de
奇怪的	تفننی؛ پر اوهام	qí guài de
稀奇的	تفننی؛ پر اوهام	xī qí de
想象力	قوه مخیله	xiǎng xiàng lì
幻想	قوه مخیله	huàn xiǎng
奇妙的	فوق‌العاده	qí miào de
想象的产物	فانتزی	xiǎng xiàng de chǎn wù
甚远地	دور	shén yuǎn de
闹剧	کار بیهوده	nào jù
滑稽剧	کار بیهوده	huá jī jù
旅客	کرایه	lǚ kè
辞别	وداع؛ بدرود	cí bié
再见	وداع؛ بدرود	zài jiàn
农场	مزرعه؛ کشاورزی کردن	nóng chǎng
农田	مزرعه؛ کشاورزی کردن	nóng tián
农夫	کشاورز	nóng fū
农场主	کشاورز	nóng chǎng zhǔ
农舍	خانه رعیتی	nóng shè
更远的	اقصی؛ جلوتر	gēng yuǎn de
进一步的	اقصی؛ جلوتر	jìn yī bù de
最远的	اقصی نقطه	zuì yuǎn de
最久的	اقصی نقطه	zuì jiǔ de
令人入神	مسحور کردن؛ مفتون کردن	lìng rén rù shén
使着迷	مسحور کردن؛ مفتون کردن	shǐ zháo mí
令人着迷的事物	فریبندگی	lìng rén zháo mí de shì wù
流行	مد؛ مدی	liú xíng
风尚	مد؛ مدی	fēng shàng
时髦的	شیک	shí máo de
上流社会的	شیک	shàng liú shè huì de
紧的	سریع	jǐn de
拴紧	بستن؛ محکم کردن	shuān jǐn
紧固件	یراق در	jǐn gù jiàn
系结物	یراق در	xì jiē wù
难取悦的	بدمنش؛ باریک بین	nán qǔ yuè de
挑剔的	بدمنش؛ باریک بین	tiāo ti de
禁食的	ناشتا؛ صائم	jìn shí de
要塞	استواری؛ تندی	yào sài
脂肪	چاق؛ چربی	zhī fáng
脂油	چاق؛ چربی	zhī yóu
重大的	کشنده	zhòng dà de
命运	سرنوشت	mìng yùn
运气	سرنوشت	yùn qi
父亲	پدر	fù qīn
无父的	بی پدر	wú fù de
没有父亲的	بی پدر	méi yǒu fù qīn de
父亲的	پدروار؛ پدرانه	fù qīn de
慈爱的	پدروار؛ پدرانه	cí ài de
疲乏	خستگی؛ فرسودگی	pí fá
疲劳	خستگی؛ فرسودگی	pí láo
养肥	چاق کردن؛ پرواری کردن	yǎng féi
使肥胖	چاق کردن؛ پرواری کردن	shǐ féi pàng
肥胖的	پیه دار؛ چربی مانند	féi pàng de
脂肪的	پیه دار؛ چربی مانند	zhī fáng de
过错	عیب؛ خرده	guò cuò
有过失的	معیوب؛ عیبناک	yǒu guò shī de
有缺点的	معیوب؛ عیبناک	yǒu quē diǎn de
好意	لطف؛ احسان	hǎo yì
喜爱	لطف؛ احسان	xǐ ài
赞许的	مناسب؛ مساعد	zàn xǔ de
喜欢的事物	محبوب؛ سوگلی	xǐ huan de shì wù
幸运儿	محبوب؛ سوگلی	xìng yùn ér
偏爱	سوگیری؛ پارتی بازی	piān ài
偏袒	سوگیری؛ پارتی بازی	piān tǎn
好感	منت؛ التفات	hǎo gǎn
有用的	مطلوب	yǒu yòng de
良好的	مطلوب	liáng hǎo de
喜爱的	مورد علاقه	xǐ ài de
害怕	ترس	hài pà
能实行的	شدنی؛ صورت پذیر	néng shí xíng de
可行的	شدنی؛ صورت پذیر	kě xíng de
酒席	مهمانی؛ عید	jiǔ xí
壮举	شاهکار	zhuàng jǔ
羽毛	پر؛ باپرآراستن	yǔ máo
特点	ویژگی	tè diǎn
二月	فوریه	èr yuè
联邦的	فدرال	lián bāng de
联合的	فدرال	lián hé de
联邦制	فدرالیسم	lián bāng zhì
联邦主义	فدرالیسم	lián bāng zhǔ yì
同盟的	متعهد کرد	tóng méng de
小费	اجرت؛ پردازه	xiǎo fèi
微弱的	شل؛ کم زور	wēi ruò de
衰弱的	شل؛ کم زور	shuāi ruò de
饲料	غذا دادن	sì liào
一餐	غذا دادن	yī cān
反馈	پس خوراند	fǎn kuì
反应	پس خوراند	fǎn yìng
感觉	احساس کردن	gǎn jué
觉得	احساس کردن	jué de
摸	احساس	mō
触觉	احساس	chù jué
男人	همکار؛ همتا؛ شخص	nán rén
伙伴关系	پژوهانه؛ هم صحبتی	huǒ bàn guān xi
共同参与	پژوهانه؛ هم صحبتی	gòng tóng cān yù
重罪犯	تبهکار؛ بزهکار	zhòng zuì fàn
恶棍	تبهکار؛ بزهکار	è gùn
重罪	جنایت؛ تبهکاری	zhòng zuì
重刑罪	جنایت؛ تبهکاری	chóng xíng zuì
女性	زن، زنانه	nǚ xìng
女人	زن، زنانه	nǚ rén
女性的	مونث؛ مادین	nǚ xìng de
阴性的	مونث؛ مادین	yīn xìng de
男女平等主义者	فمینیست	nán nǚ píng děng zhǔ yì zhě
大腿骨的	رانی	dà tuǐ gǔ de
大腿的	رانی	dà tuǐ de
大腿骨	استخوان ران	dà tuǐ gǔ
腿节	استخوان ران	tuǐ jiē
剑术	شمشیر بازی	jiàn shù
酵素	ترش کردن؛ مخمر کردن	jiào sù
发酵	ترش کردن؛ مخمر کردن	fā jiào
凶猛的	سبع	xiōng měng de
凶猛	سبعیت؛ وحشی گری	xiōng měng
渡船	عبوردادن؛ گذر دادن	dù chuán
渡口	عبوردادن؛ گذر دادن	dù kǒu
可繁殖的	بارور؛ حاصلخیز	kě fán zhí de
肥沃的	بارور؛ حاصلخیز	féi wò de
肥沃	باروری؛ حاصلخیزی	féi wò
丰饶	باروری؛ حاصلخیزی	fēng ráo
热的	پرشور وشعف	rè de
节日的	جشنواره	jié rì de
喜庆的	جشنواره	xǐ qìng de
庆祝的	بزمی	qìng zhù de
节日	بزم؛ جشن و سرور	jié rì
喜庆日	بزم؛ جشن و سرور	xǐ qìng rì
取得	وا کشیدن	qǔ dé
拿	وا کشیدن	ná
封建制度的	تیولی؛ ملوک الطوایفی	fēng jiàn zhì dù de
封地的	تیولی؛ ملوک الطوایفی	fēng dì de
封建主义	ملوک الطوایفی	fēng jiàn zhǔ yì
封建制度	ملوک الطوایفی	fēng jiàn zhì dù
发烧	تب	fā shāo
发热的	تب دار	fā rè de
极度兴奋的	تب دار	jí dù xīng fèn de
很少的	کم	hěn shǎo de
不多的	کم	bù duō de
土耳其无边毡帽	فس	tǔ ěr qí wú biān zhān mào
未婚夫	نامزد	wèi hūn fū
纤维	فیبر	xiān wéi
纤维的	لیفی	xiān wéi de
纤维性的	لیفی	xiān wéi xìng de
小说	داستان	xiǎo shuō
虚构故事	داستان	xū gòu gù shì
假想的	مستعار	jiǎ xiǎng de
编造的	مستعار	biān zào de
小提琴	زرزر کردن؛ ویولن زدن	xiǎo tí qín
提琴类乐器	زرزر کردن؛ ویولن زدن	tí qín lèi yuè qì
田野	میدان	tián yě
炽热的	آتشی؛ مهیج	chì rè de
热烈的	آتشی؛ مهیج	rè liè de
十五	پانزده	shí wǔ
第五	پنجم	dì wǔ
五分之一	پنجم	wǔ fēn zhī yī
第五十	پنجاهمین؛ یک پنجاهم	dì wǔ shí
五十分之一	پنجاهمین؛ یک پنجاهم	wǔ shí fēn zhī yī
五十	پنجاه	wǔ shí
无花果	انجیر	wú huā guǒ
无价值的东西	انجیر	wú jià zhí de dōng xī
打架	مبارزه، مبارزه کردن	dǎ jià
斗士	مبارز؛ رزمنده	dòu shì
战士	مبارز؛ رزمنده	zhàn shì
图形	رقم، شکل	tú xíng
子女的	درخورفرزند	zǐ nǚ de
孝顺的	درخورفرزند	xiào shùn de
锉	ضبط؛ ضبات	cuò
琢磨	ضبط؛ ضبات	zhuó mó
菲律宾人	فیلیپینی	fēi lǜ bīn rén
装满	پر کردن	zhuāng mǎn
填充	پر کردن	tián chōng
装填者	بطانه؛ پر کننده	zhuāng tián zhě
补白	بطانه؛ پر کننده	bǔ bái
软片	فیلم؛ فیلم گرفتن	ruǎn piàn
薄膜	فیلم؛ فیلم گرفتن	bó mó
电影摄制者	فیلم‌ساز	diàn yǐng shè zhì zhě
滤波器	فیلتر کردن	lǜ bō qì
过滤器	فیلتر کردن	guò lǜ qì
污秽	نجاست؛ رجاست	wū huì
不洁	نجاست؛ رجاست	bù jié
污秽的	چرک؛ کثیف	wū huì de
丑恶的	چرک؛ کثیف	chǒu è de
期末考试	نهایی؛ نهایی (اسم)	qī mò kǎo shì
财政	دارایی؛ مالیه	cái zhèng
财务	دارایی؛ مالیه	cái wù
财政的	مالی؛ نقدی	cái zhèng de
金融的	مالی؛ نقدی	jīn róng de
财政家	سرمایه دار؛ سرمایه گذار	cái zhèng jiā
金融家	سرمایه دار؛ سرمایه گذار	jīn róng jiā
感到	پیدا کردن	gǎn dào
寻星镜	یابنده	xún xīng jìng
好的	جریمه، جریمه کردن؛ خوب	hǎo de
罚款	جریمه، جریمه کردن؛ خوب	fá kuǎn
策略	نکته بینی؛ زیرکی بکار بردن	cè lüè
手段	نکته بینی؛ زیرکی بکار بردن	shǒu duàn
手指	انگشت	shǒu zhǐ
伸出	انگشت	shēn chū
键盘	جا انگشتی	jiàn pán
有限的	متناهی	yǒu xiàn de
有穷的	متناهی	yǒu qióng de
火	آتش	huǒ
电炉	آتش	diàn lú
火器	سلاح گرم	huǒ qì
枪炮	سلاح گرم	qiāng pào
火把	آتش پاره	huǒ bǎ
在燃烧的木柴	آتش پاره	zài rán shāo de mù chái
美消防队员	آتش‌نشان	měi xiāo fáng duì yuán
木柴	حطب؛ هیزم	mù chái
烟火具	آتش‌بازی	yān huǒ jù
烟火信号弹	آتش‌بازی	yān huǒ xìn hào dàn
烟火	آتشبازی	yān huǒ
激烈争论	آتشبازی	jī liè zhēng lùn
商号	محکم، شرکت	shāng hào
坚定	قاطعانه	jiān dìng
坚牢	استواری؛ ثبات	jiān láo
首先	اول (اسم)؛ اول، اولین	shǒu xiān
第一	اول (اسم)؛ اول، اولین	dì yī
国库的	مالیاتی؛ محاسباتی	guó kù de
鱼	ماهی؛ ماهی گرفتن	yú
接合板	ماهی؛ ماهی گرفتن	jiē hé bǎn
渔夫	صیاد؛ ماهیگیر	yú fū
钓鱼者	صیاد؛ ماهیگیر	diào yú zhě
渔业	شیل؛ ماهی گیری	yú yè
捕鱼	شیل؛ ماهی گیری	bǔ yú
鱼业	ماهیگیری	yú yè
裂开	شکافت	liè kāi
裂沟	گسله؛ شکافدار کردن	liè gōu
拳头	مشت؛ بامشت گرفتن	quán tou
手	مشت؛ بامشت گرفتن	shǒu
适宜	مناسب بودن؛ مناسب، حمله	shì yí
合身	مناسب بودن؛ مناسب، حمله	hé shēn
断断续续的	هوس پرست	duàn duàn xù xù de
一阵阵的	هوس پرست	yī zhèn zhèn de
适宜的	پرو؛ سوار کنی	shì yí de
试穿	پرو؛ سوار کنی	shì chuān
五	پنج	wǔ
修理	تعمیر کردن	xiū lǐ
定置	عشق زیاد	dìng zhì
固定	عشق زیاد	gù dìng
软弱的	لس	ruǎn ruò de
没气力的	لس	méi qì lì de
旗标	پرچم؛ رایت	qí biāo
连枷	گندم کوب؛ خرمن کوب	lián jiā
火舌	شعله؛ زبانه	huǒ shé
燃烧的	شعلهور	rán shāo de
侧面	پهلو؛ خاصره	cè miàn
侧腹	پهلو؛ خاصره	cè fù
飘	پرزدن؛ پرپرزدن	piāo
摆动	پرزدن؛ پرپرزدن	bǎi dòng
闪光	شعله؛ شعله زنی	shǎn guāng
闪耀	شعله؛ شعله زنی	shǎn yào
闪现	تلالو	shǎn xiàn
细颈瓶	بغلی؛ دبه	xì jǐng píng
烧瓶	بغلی؛ دبه	shāo píng
使不活跃	مسطح کردن؛ بیمزه کردن	shǐ bù huó yuè
变平	مسطح کردن؛ بیمزه کردن	biàn píng
阿谀	تملق کردن؛ مداهنه کردن	ē yú
谄媚的	متملقانه؛ تملق آمیز	chǎn mèi de
讨人欢喜的	متملقانه؛ تملق آمیز	tǎo rén huān xǐ de
谄媚	تملق؛ شیره مالی	chǎn mèi
炫耀	نازیدن؛ جولان دادن	xuàn yào
飘扬	نازیدن؛ جولان دادن	piāo yáng
滋味	مزه؛ طعم	zī wèi
调味品	مزه؛ طعم	tiáo wèi pǐn
味	طعم	wèi
情趣	طعم	qíng qù
裂纹	نقص	liè wén
有裂纹的	معیوب	yǒu liè wén de
亚麻	بزرک	yà má
麻布	بزرک	má bù
剥皮	سخت انتقاد کردن	bāo pí
去皮	سخت انتقاد کردن	qù pí
跳蚤	کیک؛ شبگز	tiào zao
斑点	رگه رگه کردن	bān diǎn
雀斑	رگه رگه کردن	què bān
逃跑	فرار کردن	táo pǎo
覆盖羊毛的	مثل پشم	fù gài yáng máo de
羊毛似的	مثل پشم	yáng máo shì de
舰队	ناوگان	jiàn duì
港湾	ناوگان	gǎng wān
疾驰的	تندپا	jí chí de
短暂的	تندپا	duǎn zàn de
肉	گوشت	ròu
人性	گوشت	rén xìng
肉的	گوشتالو؛ گوشتی	ròu de
伸缩	منقبض کردن	shēn suō
适应性	انعطاف‌پذیری	shì yìng xìng
易曲的	قابل تغییر؛ قابل انحناء	yì qū de
快速的轻打	تلنگر	kuài sù de qīng dǎ
轻打声	تلنگر	qīng dǎ shēng
闪烁的	سوسوزن	shǎn shuò de
摇曳的	سوسوزن	yáo yè de
飞行	پرواز	fēi xíng
急冲	جفتک پرانی	jí chōng
打火石	چخماق؛ سنگ فندک	dǎ huǒ shí
燧石	چخماق؛ سنگ فندک	suì shí
卖弄风骚的人	طناز؛ لاس زدن	mài nong fēng sāo de rén
急动	طناز؛ لاس زدن	jí dòng
浮舟	غوطهورساختن؛ غوطهدادن	fú zhōu
兽群	رمه؛ غنم	shòu qún
鸟群	رمه؛ غنم	diǎo qún
洪水	سیل؛ طوفان	hóng shuǐ
大量之水	سیل؛ طوفان	dà liàng zhī shuǐ
地板	کف، طبقه	dì bǎn
楼层	کف، طبقه	lóu céng
砰然落下	صدای چلپ؛ باصدای تلپ افتادن	pēng rán luò xià
拍击声	صدای چلپ؛ باصدای تلپ افتادن	pāi jī shēng
叭嗒叭嗒响的	مسخره وار	bā tà bā tà xiǎng de
松软的	مسخره وار	sōng ruǎn de
植物群	گیا؛ الهه گل	zhí wù qún
植物区系	گیا؛ الهه گل	zhí wù ōu xì
华丽的	گلگون؛ سلیس وشیوا	huá lì de
红润的	گلگون؛ سلیس وشیوا	hóng rùn de
佛罗里达州	فلوریدا	fó luó lǐ dá zhōu
面粉	آرد؛ آرد کردن	miàn fěn
粉沫	آرد؛ آرد کردن	fěn mò
茂盛	رونق گرفتن	mào shèng
流程	بده؛ جاری کردن	liú chéng
流动	بده؛ جاری کردن	liú dòng
开花的	گلدار؛ شکفتگی	kāi huā de
饰以花	گلدار؛ شکفتگی	shì yǐ huā
流感	آنفولانزا	liú gǎn
流行性感冒	آنفولانزا	liú xíng xìng gǎn mào
波动	مواج	bō dòng
变动	نوسان	biàn dòng
软毛	کرکدار شدن	ruǎn máo
柔毛	کرکدار شدن	róu máo
毛绒绒的	پرزدار	máo róng róng de
蓬松的	پرزدار	péng sōng de
液体	مایع	yè tǐ
分泌液	مایع	fēn mì yè
扔	پرت	rēng
丢	پرت	diū
疾风	طوفان ناگهانی	jí fēng
飓风	طوفان ناگهانی	jù fēng
流溢	آبریز	liú yì
面红	آبریز	miàn hóng
笛	مزمار؛ زماره	dí
凹槽	مزمار؛ زماره	āo cáo
飘动	اهتزاز	piāo dòng
快速跳动	اهتزاز	kuài sù tiào dòng
苍蝇	مگس؛ پرواز کردن	cāng ying
两翼昆虫	مگس؛ پرواز کردن	liǎng yì kūn chóng
飞的	پرواز	fēi de
飘扬的	پرواز	piāo yáng de
驹	خرک	jū
生仔	خرک	shēng zǎi
水沫	کف کردن؛ جوش وخروش	shuǐ mò
焦点	تمرکز، تمرکز کردن	jiāo diǎn
焦距	تمرکز، تمرکز کردن	jiāo jù
草料	علوفه؛ علیق	cǎo liào
雾	میغ؛ مه گرفتن	wù
雾深的	میغی؛ مهآلود	wù shēn de
箔	زرورق؛ عقیم گذاردن	bó
烘托	زرورق؛ عقیم گذاردن	hōng tuō
折层	خم؛ چروک	shé céng
羊栏	خم؛ چروک	yáng lán
树叶	شاخ و برگ	shù yè
植物	شاخ و برگ	zhí wù
人们	قوم وخویش	rén men
小囊	برگه	xiǎo náng
滤泡	برگه	lǜ pào
跟随	دنبال کردن	gēn suí
沿行	دنبال کردن	yán háng
从者	هواخواه؛ تابع	cóng zhě
属下	هواخواه؛ تابع	shǔ xià
下列各项	زیر، بعدی	xià liè gè xiàng
部下	زیر، بعدی	bù xià
愚蠢	نابخردی؛ ابلهی	yú chǔn
荒唐事	نابخردی؛ ابلهی	huāng táng shì
喜欢的	علاقه‌مند	xǐ huan de
宠爱的	علاقه‌مند	chǒng ài de
溺爱	علاقه؛ خاتر خواهی	nì ài
爱好	علاقه؛ خاتر خواهی	ài hào
食物	غذا	shí wù
养料	غذا	yǎng liào
食品	موادغذایی	shí pǐn
粮食	موادغذایی	liáng shi
愚人	احمق	yú rén
受骗者	احمق	shòu piàn zhě
愚蠢的	احمقانه؛ سفیه	yú chǔn de
傻的	احمقانه؛ سفیه	shǎ de
愚笨地	احمقانه؛ سفیهانه	yú bèn de
无聊地	احمقانه؛ سفیهانه	wú liáo de
可笑	حماقت؛ سفاهت	kě xiào
脚	پا	jiǎo
步调	پا	bù diào
英尺长度	فیلم	yīng chǐ cháng dù
英板尺	فیلم	yīng bǎn chě
足球	فوتبال	zú qiú
橄榄球	فوتبال	gǎn lǎn qiú
立足处	جاپا؛ جای ثابت	lì zú chǔ
据点	جاپا؛ جای ثابت	jù diǎn
站稳	جای پا	zhàn wěn
立足点	جای پا	lì zú diǎn
马夫	شاطر	mǎ fū
仆役	شاطر	pú yì
足迹	ردپا	zú jì
足印	ردپا	zú yìn
脚步	جاپا؛ گام برداری	jiǎo bù
为了	برای	wèi le
给	برای	gěi
粮草	پی علف گشتن	liáng cǎo
不准	ممنوع کردن	bù zhǔn
被禁止的	ممنوع؛ ممنوعه	bèi jìn zhǐ de
严禁的	ممنوع؛ ممنوعه	yán jìn de
力量	نیرو؛ اجبار	lì liang
武力	نیرو؛ اجبار	wǔ lì
强烈的	اجبارا	qiáng liè de
镊子	انبر جراحی	niè zi
钳子	انبر جراحی	qián zi
强制地	عنفا؛ مجبوراً	qiáng zhì de
用力地	عنفا؛ مجبوراً	yòng lì de
浅滩	فرد؛ گدار	qiǎn tān
福特汽车	فرد؛ گدار	fú tè qì chē
前臂	ارش؛ ساعد	qián bì
预先武装	ارش؛ ساعد	yù xiān wǔ zhuāng
预想	پیش‌بینی	yù xiǎng
食指	سبابه؛ انگشت شهادت	shí zhǐ
示指	سبابه؛ انگشت شهادت	shì zhǐ
最前部	صف جلو	zuì qián bù
最前线	صف جلو	zuì qián xiàn
前景	پیشصحن	qián jǐng
最显著的位置	پیشصحن	zuì xiǎn zhù de wèi zhi
额	پیشانی؛ منصه	é
前部	پیشانی؛ منصه	qián bù
外国的	خارجی	wài guó de
外地人	خارجی	wài dì rén
领班	فورمن؛ سرکارگر	lǐng bān
工头	فورمن؛ سرکارگر	gōng tóu
最初的	جلوترین؛ دردرجه نخست	zuì chū de
最重要的	جلوترین؛ دردرجه نخست	zuì zhòng yào de
先驱	پیشرو؛ پیشگام	xiān qū
前兆	پیشرو؛ پیشگام	qián zhào
预知	پیش اندیش	yù zhī
预见	پیش اندیش	yù jiàn
远见	ابصار؛ پیش اندیشی	yuǎn jiàn
深谋远虑	ابصار؛ پیش اندیشی	shēn móu yuǎn lǜ
森林	جنگل	sēn lín
林区	جنگل	lín qū
林学	جنگلداری؛ جنگلبانی	lín xué
森林地	جنگلداری؛ جنگلبانی	sēn lín de
预尝	آزمایش قبلی	yù cháng
先试	آزمایش قبلی	xiān shì
预言	نبوت کردن؛ پیشگوئی کردن	yù yán
预告	نبوت کردن؛ پیشگوئی کردن	yù gào
没收物	ضبط شده	mò shōu wù
罚金	ضبط شده	fá jīn
熔炉	جعل کردن	róng lú
铁工厂	جعل کردن	tiě gōng chǎng
伪造者	جاعل؛ جعل کننده	wěi zào zhě
忘记	فراموش کردن	wàng jì
忽略	فراموش کردن	hū lüè
健忘的	فراموشکار؛ کم حافظه	jiàn wàng de
宽恕	آمرزیدن؛ عفو کردن	kuān shù
宽仁之心	عفو؛ بخشش	kuān rén zhī xīn
叉子	چنگال	chā zi
叉状物	چنگال	chā zhuàng wù
形状	فرم، تشکیل دادن	xíng zhuàng
形体	فرم، تشکیل دادن	xíng tǐ
形式的	رسمی	xíng shì de
拘谨	تکلف؛ رسمیت	jū jǐn
正式地	رسما	zhèng shì de
形式上	رسما	xíng shì shǎng
开本	قالب	kāi běn
版式	قالب	bǎn shì
形成	شکل‌گیری	xíng chéng
从前的	سابق؛ پیشین	cóng qián de
前者的	سابق؛ پیشین	qián zhě de
从前	قبلاً	cóng qián
优秀的	سهمناک؛ ژیان	yōu xiù de
客套语	فرمول	kè tào yǔ
公式	فرمول	gōng shì
用公式表示	فرموله کردن	yòng gōng shì biǎo shì
明确叙述	فرموله کردن	míng què xù shù
堡垒	برج وبارو	bǎo lěi
往前	رو به جلو	wǎng qián
以后	رو به جلو	yǐ hòu
即将到来的	قریب‌الوقوع	jí jiāng dào lái de
筑城	تقویت؛ حصار	zhù chéng
防御工事	تقویت؛ حصار	fáng yù gōng shì
设要塞于	مستحکم کردن؛ سنگربندی کردن	shè yào sài yú
筑防御工事于	مقوی	zhù fáng yù gōng shì yú
筑堡于	مقوی	zhù bǎo yú
刚毅	شهامت اخلاقی	gāng yì
坚毅	شهامت اخلاقی	jiān yì
两星期	دوهفته	liǎng xīng qī
每两星期一次的	دو هفتگی	měi liǎng xīng qī yī cì de
隔周发行的	دو هفتگی	gé zhōu fā xíng de
幸福的	خوش شانس	xìng fú de
幸运地	خوشبختانه	xìng yùn de
幸亏	خوشبختانه	xìng kuī
财富	طالع؛ فال	cái fù
四十	چهل	sì shí
论坛	انجمن	lùn tán
公开讨论的广场	انجمن	gōng kāi tǎo lùn de guǎng chǎng
向前的	جلو	xiàng qián de
今后	به پیش	jīn hòu
化石	فسیل	huà shí
收养的	پرورش دادن	shōu yǎng de
养育的	پرورش دادن	yǎng yù de
邪恶的	ناجوانمردانه؛ چرک شدن	xié è de
创立者	بنیانگذار	chuàng lì zhě
铸造	تشکیل دهنده	zhù zào
弃儿	لقیط	qì rén
拾来的孩儿	لقیط	shè lái de hái ér
水源	چشمه	shuǐ yuán
喷泉	چشمه	pēn quán
四	چهار	sì
十四	چهارده	shí sì
第四	چهارم	dì sì
四分之一	چهارم	sì fēn zhī yī
飞禽	پرنده	fēi qín
捕鸟者	شکارچی پرندگان	bǔ diǎo zhě
狐狸	روبه؛ روباه بازی کردن	hú li
狡猾的人	روبه؛ روباه بازی کردن	jiǎo huá de rén
小部分	کسر، بخش کوچک	xiǎo bù fen
破片	کسر، بخش کوچک	pò piàn
破碎	شکست؛ شکستگی	pò suì
骨折	شکست؛ شکستگی	gǔ zhé
脆的	شکننده	cuì de
脆弱	تردی؛ زودشکنی	cuì ruò
虚弱	تردی؛ زودشکنی	xū ruò
碎片的	ریز شده؛ جزء جزء	suì piàn de
碎屑的	ریز شده؛ جزء جزء	suì xiè de
芬芳	عطر؛ نکهت	fēn fāng
香味	عطر؛ نکهت	xiāng wèi
芬香的	معطر؛ خوشبو	fēn xiāng de
馥郁的	معطر؛ خوشبو	fù yù de
虚弱的	پوشالی؛ بی بنیه	xū ruò de
弱点	ضعف اخلاق	ruò diǎn
框	شاسی؛ قاب کردن	kuàng
骨架	چارچوب	gǔ jià
法国	فرانسه	fǎ guó
公民权	حق امتیاز	gōng mín quán
特权	حق امتیاز	tè quán
直率的	فاش؛ فرانک	zhí shuài de
坦白地	رک و راست	tǎn bái de
狂乱的	دیوانه وار	kuáng luàn de
疯狂的	دیوانه وار	fēng kuáng de
狂暴地	دیوانه وار	kuáng bào de
疯狂似地	دیوانه وار	fēng kuáng shì de
友爱	اخوت؛ مجمع اخوت	yǒu ài
互助会	اخوت؛ مجمع اخوت	hù zhù huì
欺诈	کلاهبرداری	qī zhà
不正的	دغل؛ تقلبی	bù zhēng de
畸形人	ناقصالخلقه	jī xíng rén
畸形物	ناقصالخلقه	jī xíng wù
自由的	آزاد کردن؛ آزاد، رایگان	zì yóu de
享受政治权力的	آزاد کردن؛ آزاد، رایگان	xiǎng shòu zhèng zhì quán lì de
自由	آزادی	zì yóu
坦率	آزادی	tǎn shuài
自由保有	مالکیت مطلق؛ ملک موروثی	zì yóu bǎo yǒu
自由地	آزادانه	zì yóu de
随意地	آزادانه	suí yì de
互济会会员	فراماسون؛ فراماسیون	hù jǐ huì huì yuán
共济会	فراماسیونی	gòng jì huì
自由民	آزادگان	zì yóu mín
享有市民权的人	آزادگان	xiǎng yǒu shì mín quán de rén
冷冻	یخبندان؛ منجمد کردن	lěng dòng
船货	گرانبار کردن؛ کرایه کشتی	chuán huò
运费	گرانبار کردن؛ کرایه کشتی	yùn fèi
法国人	فرانسوی؛ زبان فرانسه	fǎ guó rén
法文	فرانسوی؛ زبان فرانسه	fǎ wén
疯狂	شوریدگی؛ شوریده کردن	fēng kuáng
狂暴	شوریدگی؛ شوریده کردن	kuáng bào
频率	تناوب؛ بسامد	pín lǜ
频数	تناوب؛ بسامد	pín shù
时常发生的	مکرر	shí cháng fā shēng de
频繁的	مکرر	pín fán de
频繁	اغلب؛ مکرراً	pín fán
经常地	اغلب؛ مکرراً	jīng cháng de
新鲜的	تازه	xīn xiān de
新奇的	تازه	xīn qí de
新	تازگی؛ شادابی	xīn
精神饱满	تازگی؛ شادابی	jīng shén bǎo mǎn
烦躁	هایهو کردن؛ جور بجور کردن	fán zào
摩擦	مالش؛ اصطکاک	mó cā
星期五	جمعه	xīng qī wǔ
电冰箱	یخچال	diàn bīng xiāng
油炸的	سرخ کرده	yóu zhá de
支持者	دوست	zhī chí zhě
亲切	خوش مشربی	qīn qiè
友好的	دوستانه	yǒu hǎo de
亲切的	دوستانه	qīn qiè de
护卫舰	فرقت	hù wèi jiàn
惊骇	رم دادن	jīng hài
吃惊	رم دادن	chī jīng
使惊吓	هراسانیدن؛ ترساندن	shǐ jīng xià
令人恐惧的	ارعاب؛ وحشتناک	lìng rén kǒng jù de
惊人的	وحشت انگیز	jīng rén de
寒冷的	خنک	hán lěng de
严寒的	خنک	yán hán de
端	سجاف؛ چتر زلف	duān
轻薄	سبکی؛ لوسی	qīng bó
轻率	سبکی؛ لوسی	qīng shuài
轻佻的	سبکسر؛ بیهوده وبیمعنی	qīng tiāo de
妄动的	سبکسر؛ بیهوده وبیمعنی	wàng dòng de
轻浮地	سبکسرانه	qīng fú de
愚昧地	سبکسرانه	yú mèi de
女礼服	فراک؛ لباس اسموکینگ	nǚ lǐ fú
连衣裙	فراک؛ لباس اسموکینگ	lián yī qún
青蛙	قورباغه	qīng wā
马蹄叉	قورباغه	mǎ tí chā
嬉戏	ورجه ورجه کردن	xī xì
欢乐的	ورجه ورجه کردن	huān lè de
从	از	cóng
来自	از	lái zì
前面	جلو	qián miàn
开头	جلو	kāi tóu
前面的	پیشانی؛ وابسته بجلو	qián miàn de
正面的	پیشانی؛ وابسته بجلو	zhèng miàn de
霜	شبنم؛ سرماریزه	shuāng
冰冻	شبنم؛ سرماریزه	bīng dòng
皱眉	اخم؛ اخم کردن	zhòu méi
冻结的	منجمد؛ منجمده	dòng jié de
冰冷的	منجمد؛ منجمده	bīng lěng de
水果	میوه	shuǐ guǒ
果类	میوه	guǒ lèi
结果实的	بارور؛ زاینده	jiē guǒ shí de
多实的	بارور؛ زاینده	duō shí de
实现	تمتع؛ کامرانی	shí xiàn
不结果的	بی بر؛ بی میوه	bù jié guǒ de
不长果实的	بی بر؛ بی میوه	bù cháng guǒ shí de
挫败	هیچ کردن؛ ناامید کردن	cuò bài
击败	هیچ کردن؛ ناامید کردن	jī bài
失意的	ناامید	shī yì de
挫败的	ناامید	cuò bài de
令人沮丧的	مایوس کننده	lìng rén jǔ sàng de
挫折	ناامیدی	cuò zhé
顿挫	ناامیدی	dùn cuò
燃料	سوخت؛ سوختی	rán liào
逃亡的	گریخته؛ فراری	táo wáng de
赋格曲	نوعی آلت	fù gé qǔ
神游	نوعی آلت	shén yóu
实践	برآورده کردن	shí jiàn
完整	پر	wán zhěng
满	پری؛ سیری	mǎn
全部时间的	تمام وقت	quán bù shí jiān de
专任的	تمام وقت	zhuān rèn de
摸索或处理	کورمالی	mō suo huò chǔ lǐ
乱摸	کورمالی	luàn mō
乐趣	سرگرم کننده؛ سرگرمی	lè qù
玩笑	سرگرم کننده؛ سرگرمی	wán xiào
官能	وظایفه؛ کار افتادن	guān néng
职务	وظایفه؛ کار افتادن	zhí wù
功能的	کاربردی	gōng néng de
机能的	کاربردی	jī néng de
基金	تهیه وجه کردن	jī jīn
资金	تهیه وجه کردن	zī jīn
原则	اساسی؛ سازمانی	yuán zé
首要	اساساً	shǒu yào
筹款	جمع‌آوری کمک مالی	chóu kuǎn
募款	جمع‌آوری کمک مالی	mù kuǎn
出殡	مراسم خاکسپاری	chū bìn
漏斗	قیف؛ قیفی شکل	lòu dǒu
毛皮	پوست؛ خز	máo pí
使生苔	پوست؛ خز	shǐ shēng tái
狂怒的	خشمگین	kuáng nù de
火炉	تون؛ تنور	huǒ lú
供给	تهیه کردن؛ دارای اثاثه کردن	gōng jǐ
提供	تهیه کردن؛ دارای اثاثه کردن	tí gōng
家具	مبلمان	jiā jù
帆具	مبلمان	fān jù
犁沟	شیار کردن؛ شیار زدن	lí gōu
车辙	شیار کردن؛ شیار زدن	chē zhé
毛皮的	خزدار؛ خزپوش	máo pí de
此外的	بیشتر	cǐ wài de
隐密的	زیر جلی	yǐn mì de
愤怒	غضب؛ سوداء	fèn nù
保险丝	فتیله؛ گداختن	bǎo xiǎn sī
导火线	فتیله؛ گداختن	dǎo huǒ xiàn
齐射	شلیک متوالی	qí shè
熔合物	ذوب؛ گداز	róng gě wù
大惊小怪	هیاهو؛ ولوله	dà jīng xiǎo guài
小题大作	هیاهو؛ ولوله	xiǎo tí dà zuò
无用的	بیهوده؛ باطل	wú yòng de
琐细的	بیهوده؛ باطل	suǒ xì de
无用	عبثی؛ بیهودگی	wú yòng
无益	عبثی؛ بیهودگی	wú yì
未来	آینده	wèi lái
将来	آینده	jiāng lái
箝口物	شیرین کاری	qián kǒu wù
箝制言论	شیرین کاری	qián zhì yán lùn
增益	انتفاع؛ جلب کردن	zēng yì
步法	مشی؛ گام برداشتن	bù fǎ
步态	مشی؛ گام برداشتن	bù tài
银河	کهکشان	yín hé
星系	کهکشان	xīng xì
五倍子	زرد آب	wǔ bèi zǐ
英勇的	زن باز؛ دلاوری کردن	yīng yǒng de
壮丽的	زن باز؛ دلاوری کردن	zhuàng lì de
华丽	زن نوازی	huá lì
豪勇	زن نوازی	háo yǒng
最高楼座	گالری	zuì gāo lóu zuò
战舰	رانکا؛ رامکا	zhàn jiàn
军舰	رانکا؛ رامکا	jūn jiàn
加仑	گالن	jiā lún
疾驰	تاخت؛ چهارنعل	jí chí
飞奔	تاخت؛ چهارنعل	fēi bēn
绞架	دار؛ صلابه	jiǎo jià
绞刑	دار؛ صلابه	jiǎo xíng
赌博	قمار کردن؛ قماربازی کردن	dǔ bó
赌博者	قمارباز؛ مهرهباز	dǔ bó zhě
赌徒	قمارباز؛ مهرهباز	dǔ tú
比赛	بازی	bǐ sài
玩耍	بازی	wán shuǎ
赌胜负	بازی	dǔ shèng fù
群	گام برداری	qún
神经节	غده لنفاوی	shén jīng jiē
腱鞘囊肿	غده لنفاوی	jiàn qiào náng zhǒng
坏疽	قانقاریا	huài jū
腐败堕落	قانقاریا	fǔ bài duò luò
缝隙	شکاف	fèng xì
缺口	شکاف	quē kǒu
车库	گاراژ؛ در گاراژ گذاردن	chē kù
汽车修理厂	گاراژ؛ در گاراژ گذاردن	qì chē xiū lǐ chǎng
打扮	طرز رفتار؛ لباس پوشانیدن	dǎ ban
花园	باغ	huā yuán
果园	باغ	guǒ yuán
园丁	باغبان	yuán dīng
花匠	باغبان	huā jiàng
园艺	باغبانی؛ سبزیکاری	yuán yì
大蒜	سیر	dà suàn
衣装	جامه؛ ملبوس	yī zhuāng
守备队	ساخلو؛ پادگان	shǒu bèi duì
驻军	ساخلو؛ پادگان	zhù jūn
袜带	بند زدن	wà dài
授嘉德勋位	بند زدن	shòu jiā dé xūn wèi
气体	گاز	qì tǐ
汽油	گاز	qì yóu
加斯科涅人	گاسگن؛ لاف زن	jiā sī kē niè rén
吹牛者	گاسگن؛ لاف زن	chuī niú zhě
气体的	گازدار؛ گازی	qì tǐ de
气态的	گازدار؛ گازی	qì tài de
深长的伤口	شکافدار کردن؛ مقاربت جنسی	shēn cháng de shāng kǒu
很深的裂缝	شکافدار کردن؛ مقاربت جنسی	hěn shēn de liè fèng
煤气灯光	گاز سوز؛ شعله گاز	méi qì dēng guāng
喘气	نفس بریده	chuǎn qì
喘息	نفس بریده	chuǎn xī
胃的	معدی	wèi de
牌楼	دروازه	pái lou
标准度量	اندازهگیر	biāo zhǔn dù liàng
计量器	اندازهگیر	jì liàng qì
瘦削的	زننده ساختن	shòu xuē de
憔悴的	زننده ساختن	qiáo cuì de
薄纱	گاز؛ تنزیب	báo shā
纱布	گاز؛ تنزیب	shā bù
欢快的	همجنس‌گرا	huān kuài de
艳丽的	همجنس‌گرا	yàn lì de
凝视	خیره شدن	níng shì
报	مجله رسمی	bào
齿轮	دنده، تجهیزات	chǐ lún
明胶	ژلاتین؛ سریشم	míng jiāo
凝胶体	ژلاتین؛ سریشم	níng jiāo tǐ
凝胶状的	ژلاتینی	níng jiāo zhuàng de
珠宝	جواهر نشان کردن؛ سنگ گران بها	zhū bǎo
宝石	جواهر نشان کردن؛ سنگ گران بها	bǎo shí
性	جنسیت	xìng
基因	ژن	jī yīn
将军	عمومی	jiāng jūn
一般化	تعمیم	yī bān huā
普遍化	تعمیم	pǔ biàn huà
通常	عموما؛ معمولا	tōng cháng
逐渐地	عموما؛ معمولا	zhú jiàn de
一代	تولید؛ زاد	yī dài
一世	تولید؛ زاد	yī shì
生殖的	تولیدی؛ نسلی	shēng zhí de
生产的	تولیدی؛ نسلی	shēng chǎn de
属类的	عمومی	shǔ lèi de
一般的	عمومی	yī bān de
慷慨	کرم؛ مروت	kāng kǎi
宽大	کرم؛ مروت	kuān dà
慷慨的	کرام؛ کریم	kāng kǎi de
有雅量的	کرام؛ کریم	yǒu yǎ liàng de
宽大地	سخاوتمندانه؛ بی دریغ	kuān dà de
慷慨地	سخاوتمندانه؛ بی دریغ	kāng kǎi de
发生	تکوین؛ طرز تشکیل	fā shēng
创始的	ژنتیکی	chuàng shǐ de
遗传的	ژنتیکی	yí chuán de
日内瓦	ژنو	rì nèi wǎ
杜松子酒	ژنو	dù sōng zǐ jiǔ
和蔼的	خوش دهن	hé ǎi de
温和	خوش معاشرتی	wēn hé
天才	نابغه	tiān cái
天赋	نابغه	tiān fù
种族灭绝	نسل‌کشی	zhǒng zú miè jué
非犹太人	غیر کلیمی	fēi yóu tài rén
异邦人	غیر کلیمی	yì bāng rén
温和的	نرم؛ معتدل	wēn hé de
文雅的	نرم؛ معتدل	wén yǎ de
绅士	جنتلمن؛ سمیو	shēn shì
先生	جنتلمن؛ سمیو	xiān sheng
绅士的	آقامنشانه؛ آقامنش	shēn shì de
绅士派头的	آقامنشانه؛ آقامنش	shēn shì pài tóu de
温顺	ملایمت؛ نرمی	wēn shùn
柔和	ملایمت؛ نرمی	róu hé
良家妇女	زن نجیب؛ زن باتربیت	liáng jiā fù nǚ
淑女	زن نجیب؛ زن باتربیت	shū nǚ
温和地	بارامی؛ نرم نرم	wēn hé de
温柔地	بارامی؛ نرم نرم	wēn róu de
真正的	واقعی	zhēn zhèng de
真诚地	واقعاًً	zhēn chéng de
诚实地	واقعاًً	chéng shí de
种	سرده	zhǒng
类	سرده	lèi
地理学的	جغرافیایی	dì lǐ xué de
地理的	جغرافیایی	dì lǐ de
地理学	جغرافیا	dì lǐ xué
地质学	زمینشناسی؛ معرفت الارظ	dì zhì xué
地质情况	زمینشناسی؛ معرفت الارظ	dì zhì qíng kuàng
几何学的	هندسی	jǐ hé xué de
几何学上的	هندسی	jǐ hé xué shǎng de
几何学	هندسه	jǐ hé xué
乔治亚州	گرجستان	qiáo zhì yà zhōu
乔治亚州人	گرجی؛ گرجستانی	qiáo zhì yà zhōu rén
乔治亚人	گرجی؛ گرجستانی	qiáo zhì yà rén
种子	میکرب؛ جرثومه	zhǒng zi
德国人	آلمانی؛ زبان آلمانی	dé guó rén
德语	آلمانی؛ زبان آلمانی	dé yǔ
德国的	آلمانی؛ ژرمنی	dé guó de
日耳曼语的	آلمانی؛ ژرمنی	rì ěr màn yǔ de
德国	آلمان	dé guó
发芽	جوانه زنی؛ جوانه زایی	fā yá
萌芽	جوانه زنی؛ جوانه زایی	méng yá
手势	اشاره	shǒu shì
姿态	اشاره	zī tài
得到	گرفتن	dé dào
鬼	روح؛ شبح	guǐ
灵魂	روح؛ شبح	líng hún
巨人	غول؛ نرهغول	jù rén
大力士	غول؛ نرهغول	dà lì shì
礼物	هدیه	lǐ wù
赠予	هدیه	zèng yǔ
有天才的	خدا داده	yǒu tiān cái de
旋转物	کنسرت	xuán zhuǎn wù
轻便双轮马车	کنسرت	qīng biàn shuāng lún mǎ chē
巨人般的	غول پیکر	jù rén bān de
镀金	مطلا	dù jīn
眩目的外表	مطلا	xuàn mù de wài biǎo
手钻	گردبر؛ سوراخ کننده	shǒu zuàn
螺丝锥	گردبر؛ سوراخ کننده	luó sī zhuī
轧棉机	جینی؛ جین	yà mián jī
姜	زنجبیل	jiāng
用带束	ضربه شدید؛ کمربند بستن	yòng dài shù
女孩	دختر	nǚ hái
少女	دختر	shào nǚ
女朋友	دوست دختر	nǚ péng you
少女的	دختروار	shào nǚ de
少女似的	دختروار	shào nǚ shì de
干围	ابعاد؛ قطر شکم	gān wéi
周长	ابعاد؛ قطر شکم	zhōu cháng
要旨	نکته مهم؛ لب کلام	yào zhǐ
高兴地	بخشنودی	gāo xìng de
乐意地	بخشنودی	lè yì de
魅力	آب وتاب	mèi lì
迷人的美	آب وتاب	mí rén de měi
一瞥	نگاه اجمالی	yī piē
腺	غده؛ دشبل	xiàn
密封套	غده؛ دشبل	mì fēng tào
腺的	غدهای	xiàn de
闪耀光	درخشندگی زیاد	shǎn yào guāng
刺眼	درخشندگی زیاد	cì yǎn
玻璃	شیشه، لیوان	bō li
透镜	شیشه، لیوان	tòu jìng
玻璃质的	زجاجی	bō li zhì de
玻璃状的	زجاجی	bō li zhuàng de
像玻璃的	لعابی؛ لعابدار	xiàng bō li de
光滑的	لعابی؛ لعابدار	guāng huá de
光束	نور ضعیف؛ پرتو آنی	guāng shù
微光	نور ضعیف؛ پرتو آنی	wēi guāng
滑动	نرم رفتن؛ آسان رفتن	huá dòng
滑过	نرم رفتن؛ آسان رفتن	huá guò
一丝光线	سوسو زدن؛ نور کم	yī sī guāng xiàn
一闪	نگاه کوتاه	yī shǎn
灿烂	سوسو؛ تلالو	càn làn
闪烁	سوسو؛ تلالو	shǎn shuò
通用的	جهانی	tōng yòng de
全球的	جهانی	quán qiú de
全球化	جهانی‌سازی	quán qiú huà
普及到世界范围	جهانی‌سازی	pǔ jí dào shì jiè fàn wéi
天体	کره زمین	tiān tǐ
球状的	گلبولوار؛ گوی مانند	qiú zhuàng de
由小球形成的	گلبولوار؛ گوی مانند	yóu xiǎo qiú xíng chéng de
忧郁	عبوس بودن	yōu yù
暗处	عبوس بودن	àn chù
抑沉的	تیره؛ گرفته	yì chēn de
忧闷的	تیره؛ گرفته	yōu mèn de
光荣的	باشکوه	guāng róng de
光荣	شکوه	guāng róng
荣耀	شکوه	róng yào
光彩	جلوه ظاهر	guāng cǎi
假象	جلوه ظاهر	jiǎ xiàng
平滑的	لعابی؛ لعابدار	píng huá de
有光泽的	لعابی؛ لعابدار	yǒu guāng zé de
声门	چاکنای	shēng mén
手套	دستکش	shǒu tào
赤热	تابیدن؛ تافتن	chì rè
光辉	تابیدن؛ تافتن	guāng huī
用胶水将物体粘合	چسباننده	yòng jiāo shuǐ jiāng wù tǐ nián gě
暴食	پر خوری؛ شکم پرستی	bào shí
贪食	پر خوری؛ شکم پرستی	tān shí
去	رفتن	qù
走	رفتن	zǒu
守门员	گلر	shǒu mén yuán
山羊	بز؛ بزغاله	shān yáng
替罪羊	بز؛ بزغاله	tì zuì yáng
火鸡叫声	لپ لپ خوردن	huǒ jī jiào shēng
狼吞虎咽	لپ لپ خوردن	láng tūn hǔ yàn
神像	خدا	shén xiàng
女神	الهه؛ دارگونه	nǚ shén
美女	الهه؛ دارگونه	měi nǚ
教父	پدر تعمیدی؛ نام گذاردن بر	jiào fù
敬神的	خداشناس؛ الاهی	jìng shén de
教母	مادر خوانده	jiào mǔ
女监护人	مادر خوانده	nǚ jiān hù rén
黄金	طلا، طلایی	huáng jīn
钱财	طلا، طلایی	qián cái
金的	طلایی	jīn de
金色的	طلایی	jīn sè de
高尔夫球	گلف	gāo ěr fū qiú
哥利亚	جالوت؛ جلیات	gē lì yà
善行	خوب؛ خوبی، نیکی	shàn xíng
好处	خوب؛ خوبی، نیکی	hǎo chu
善良	خوبی	shàn liáng
友好	سر قفلی	yǒu hǎo
鹅	غاز؛ هیس	é
弯把熨斗	غاز؛ هیس	wān bǎ yùn dǒu
大猩猩	گوریل	dà xīng xing
残暴的男人	گوریل	cán bào de nán rén
血淋淋的	لختهشده؛ جنایت آمیز	xuè lín lín de
满是血的	لختهشده؛ جنایت آمیز	mǎn shì xuè de
福音	مژده نیکو	fú yīn
信仰	مژده نیکو	xìn yǎng
小蜘蛛网	بند شیطان؛ لعاب خورشید	xiǎo zhī zhū wǎng
蛛丝	بند شیطان؛ لعاب خورشید	zhū sī
闲聊	نمام؛ اراجیف	xián liáo
哥特风格	زبانگوتیک	gē tè fēng gé
哥特式的	زبانگوتیک	gē tè shì de
圆凿	مغار؛ اسکنه جراحی	yuán záo
嗜好	نقرسی؛ نقرس	shì hào
统治	حکومت کردن؛ فرمانداری کردن	tǒng zhì
统辖	حاکمیت	tǒng xiá
女家庭教师	مدیره؛ زنحاکم	nǚ jiā tíng jiào shī
政府	دولت	zhèng fǔ
政治的	دولتی؛ حکومتی	zhèng zhì de
统治上的	دولتی؛ حکومتی	tǒng zhì shǎng de
州长	استاندار	zhōu zhǎng
睡衣	خرقه؛ لباس شب	shuì yī
抓握	چنگ انداختن؛ بچنگال گرفتن	zhuā wò
掠夺	چنگ انداختن؛ بچنگال گرفتن	lüè duó
优雅	ظرافت	yōu yǎ
风度	ظرافت	fēng dù
优美的	ظریف؛ عاطر	yōu měi de
等级	پایه؛ نمره	děng jí
年级	پایه؛ نمره	nián jí
逐渐的	تدریجی	zhú jiàn de
渐增的	تدریجی	jiān zēng de
毕业生	آموخته؛ مدرج کردن	bì yè shēng
量杯	آموخته؛ مدرج کردن	liáng bēi
嫁接	اختلاس؛ پیوند کردن	jià jiē
贪污	اختلاس؛ پیوند کردن	tān wū
农移植	پیوندی	nóng yí zhí
谷粒	دان؛ دانه	gǔ lì
颗粒	دان؛ دانه	kē lì
克	گرم	kè
绿豆	گرم	lǜ dòu
语法学	دستور؛ گرامر	yǔ fǎ xué
入门书	دستور؛ گرامر	rù mén shū
语法的	دستوری؛ صرفی	yǔ fǎ de
语法上的	دستوری؛ صرفی	yǔ fǎ shǎng de
孙子	احفاد	sūn zǐ
孙辈	احفاد	sūn bèi
庄严	شکوه؛ جلال	zhuāng yán
伟大	شکوه؛ جلال	wěi dà
祖父	پدربزرگ	zǔ fù
始祖	پدربزرگ	shǐ zǔ
大言不惭的	گزاف گوی	dà yán bù cán de
夸张的	گزاف گوی	kuā zhāng de
祖母	مادربزرگ	zǔ mǔ
女祖先	مادربزرگ	nǚ zǔ xiān
祖父母	پدربزرگ/مادربزرگ	zǔ fù mǔ
外孙	پسر دختر؛ پسر پسر	wài sūn
花岗岩	خارا؛ گرانیت	huā gāng yán
颗粒的	دانهدار؛ دانه ای	kē lì de
粒状的	دانهدار؛ دانه ای	lì zhuàng de
马体葡萄疮	انگور؛ عنب	mǎ tǐ pú tao chuāng
牛结核	انگور؛ عنب	niú jié hé
曲线图	نمودار؛ گراف	qū xiàn tú
轮廓分明的	گرافیکی	lún kuò fēn míng de
制图法	گرافیک	zhì tú fǎ
制图学	گرافیک	zhì tú xué
草	چمن	cǎo
牧场	چمن	mù chǎng
牧草地	علفزار؛ سبزه زار	mù cǎo de
草原	علفزار؛ سبزه زار	cǎo yuán
草绿色的	پرچمن؛ علفی	cǎo lǜ sè de
象草的	پرچمن؛ علفی	xiàng cǎo de
炉格	کبیر؛ کبیره	lú gé
炉篦	کبیر؛ کبیره	lú bì
感谢的	ممنون؛ شکور	gǎn xiè de
感激的	ممنون؛ شکور	gǎn jī de
令人满足的事	سر بلندی	lìng rén mǎn zú de shì
喜悦	سر بلندی	xǐ yuè
光栅	گوشت ریز	guāng zhà
感激之情	سپاسگزاری؛ شکران	gǎn jī zhī qíng
墓穴	قبر، جدی	mù xué
坟墓	قبر، جدی	fén mù
砂砾	شن؛ ریگ	shā lì
碎石	شن؛ ریگ	suì shí
引力	قوه جاذبه	yǐn lì
重力	قوه جاذبه	zhòng lì
地心引力	جاذبه	dì xīn yǐn lì
灰色	خاکستری رنگ	huī sè
暗淡	خاکستری رنگ	àn dàn
吃草	چریدن؛ چرا کردن	chī cǎo
放牧	چریدن؛ چرا کردن	fàng mù
兽脂	روغن؛ مداهنه	shòu zhī
油腻的	چرب؛ روغنی	yóu nì de
含脂肪多的	چرب؛ روغنی	hán zhī fáng duō de
非常	بسیار	fēi cháng
大	بزرگی؛ شهامت	dà
希腊	یونان؛ کشور یونان	xī là
贪欲	حرص؛ طمع	tān yù
贪婪	حرص؛ طمع	tān lán
贪食地	حریصانه	tān shí de
贪婪地	حریصانه	tān lán de
贪婪的	پولکی؛ حریصانه	tān lán de
贪得的	پولکی؛ حریصانه	tān dé de
希腊人	یونانی	xī là rén
希腊语	یونانی	xī là yǔ
绿色	سبز	lǜ sè
温室	گلخانه	wēn shì
问候	سلام کردن	wèn hòu
致敬	سلام کردن	zhì jìng
手榴弹	نارنجک	shǒu liú dàn
格子	شبکه	gé zi
栅格	شبکه	shān gé
伤心	اندوه	shāng xīn
忧愁	اندوه	yōu chóu
委屈	تظلم	wěi qu
冤情	تظلم	yuān qíng
使悲伤	محزون کردن؛ غصه دادن	shǐ bēi shāng
严重的	اندوه آورد	yán zhòng de
冷酷的	عبوس؛ عبوسانه	lěng kù de
坚强的	عبوس؛ عبوسانه	jiān qiáng de
鬼脸	شکلک	guǐ liǎn
怪相	شکلک	guài xiàng
尘垢	رجاست؛ چرک سیاه کردن	chén gòu
煤尘	رجاست؛ چرک سیاه کردن	méi chén
严格地	عبوسانه	yán gé de
冷酷地	عبوسانه	lěng kù de
露齿笑	نیشخند	lù chǐ xiào
露齿而笑	نیشخند	lù chǐ ér xiào
磨	آسیاب کردن	mó
碾	آسیاب کردن	niǎn
推磨的人	کوبنده؛ لهکننده	tuī mó de rén
研磨者	کوبنده؛ لهکننده	yán mó zhě
紧握	چنگ زدن	jǐn wò
柄	چنگ زدن	bǐng
谷物	گندمآسیابی؛ جو آسیابی	gǔ wù
粗砂石	ماسه سنگ	cū shā shí
有砂砾的	شن دار؛ ریگ دار	yǒu shā lì de
坚韧不拔的	شن دار؛ ریگ دار	jiān rèn bù bá de
呻吟	فغان	shēn yín
哼声	فغان	hēng shēng
食品商	عطار؛ بقال	shí pǐn shāng
食品杂货店	خواربار	shí pǐn zá huò diàn
食品杂货业	خواربار	shí pǐn zá huò yè
腹股沟	دوطاقه کردن؛ بیخ ران	fù gǔ gōu
交叉拱	دوطاقه کردن؛ بیخ ران	jiāo chā gǒng
惯例	شیار؛ خط انداختن	guàn lì
暗中摸索的	کورمالی	àn zhōng mō suo de
探索的	کورمالی	tàn suǒ de
总量	ناخالص	zǒng liàng
土地	زمین	tǔ dì
无理由的	واهی؛ بی اساس	wú lǐ yóu de
团体	گروه	tuán tǐ
组	گروه	zǔ
小树林	بیشه؛ شاخسار	xiǎo shù lín
种植	رشد کردن	zhòng zhí
使长满	رشد کردن	shǐ zhǎng mǎn
咆哮声	خرخر کردن	páo xiào shēng
生长	رشد	shēng zhǎng
栽培	رشد	zāi péi
怨恨	کینه؛ غرض	yuàn hèn
恶意	کینه؛ غرض	è yì
令人毛骨悚然的	وحشت آور؛ نفرت انگیز	lìng rén máo gǔ sǒng rán de
怨言	غر؛ ژکیدن	yuàn yán
满腹牢骚	غر؛ ژکیدن	mǎn fù láo sāo
性情乖戾的	بد خلق؛ بد خو	xìng qíng guāi lì de
脾气暴躁的	بد خلق؛ بد خو	pí qi bào zào de
担保	التزام؛ ضمانت	dān bǎo
抵押品	التزام؛ ضمانت	dǐ yā pǐn
守卫者	گارد؛ نگهبان	shǒu wèi zhě
看守者	سرپرست؛ متکفل	kān shǒu zhě
监护人	سرپرست؛ متکفل	jiān hù rén
游击队	چریک	yóu jī duì
猜测	حدس زدن، حدس	cāi cè
臆测	حدس زدن، حدس	yì cè
客人	مهمان	kè rén
来宾	مهمان	lái bīn
哄笑	خنده بلند؛ قاه قاه	hōng xiào
狂笑	خنده بلند؛ قاه قاه	kuáng xiào
领导	راهنمایی	lǐng dǎo
引导者	راهنما، راهنمایی کردن	yǐn dǎo zhě
导游	راهنما، راهنمایی کردن	dǎo yóu
方针	دستورالعمل	fāng zhēn
狡猾	تلبیس	jiǎo huá
狡计	تلبیس	jiǎo jì
内疚	احساس گناه	nèi jiù
犯罪的	مرتکب؛ مقصر	fàn zuì de
几内亚	گینه؛ مرغ شاخدار	jī nèi yà
吉他	گیتار	jí tā
食道	مری	shí dào
咽喉	مری	yān hóu
小峡谷	آبکند؛ دره کوچک	xiǎo xiá gǔ
吞	غورت؛ جرعه	tūn
大口大口地吸气	غورت؛ جرعه	dà kǒu dà kǒu de xī qì
树胶	صمغ؛ چسب	shù jiāo
橡皮	صمغ؛ چسب	xiàng pí
枪	اسلحه	qiāng
炮手	توپچی؛ تیر انداز	pào shǒu
炮长	توپچی؛ تیر انداز	bāo cháng
火药	باروت	huǒ yào
枪弹	تیر رس؛ زخم گلوله	qiāng dàn
射击	تیر رس؛ زخم گلوله	shè jī
汩汩声	غلغل؛ شرشر	gǔ gǔ shēng
汩汩地流	غلغل؛ شرشر	gǔ gǔ de liú
突然一阵	باد ناگهانی؛ بادتند وشدید	tū rán yī zhèn
趣味	باد ناگهانی؛ بادتند وشدید	qù wèi
剧情	روده، شهود	jù qíng
槽	آبگند؛ آب رو	cáo
喉咙的	حلقی؛ گلوئی	hóu lóng de
咽喉的	حلقی؛ گلوئی	yān hóu de
支索	مرد	zhī suǒ
体育馆	باشگاه ورزشی	tǐ yù guǎn
体育训练	باشگاه ورزشی	tǐ yù xùn liàn
体操	ژیمناستیک	tǐ cāo
体育	ژیمناستیک	tǐ yù
吉卜赛人	کولی؛ غربتی	jí bǔ sài rén
吉卜赛语	کولی؛ غربتی	jí bǔ sài yǔ
栖息地	زیستگاه	qī xī dì
居留地	زیستگاه	jū liú de
惯常	عادتا	guàn cháng
劈	نویسنده مزدور؛ درشکه کرایه	pī
冰雹	تگرگ، استقبال کردن	bīng báo
头发	مو	tóu fa
毛发	مو	máo fà
无毛的	بیمو؛ کم مو	wú máo de
多毛的	مویی؛ مودار	duō máo de
一半	نصف	yī bàn
半场	نصف	bàn chǎng
中途的	در نیمه راه	zhōng tú de
不彻底的	در نیمه راه	bù chè dǐ de
门厅	سالن	mén tīng
晕轮	هاله؛ هآاله بستن	yūn lún
立定	توقف، متوقف کردن	lì dìng
火腿	ژامبون؛ گوشت ران	huǒ tuǐ
后腿	ژامبون؛ گوشت ران	hòu tuǐ
锤	چکش؛ پتک	chuí
敲打	چکش؛ پتک	qiāo dǎ
食篮	بی نتیجه کردن	shí lán
阻碍物	بی نتیجه کردن	zǔ ài wù
少数	مشت	shǎo shù
一把	مشت	yī bǎ
残疾的	فلج	cán jí de
有生理缺陷的	فلج	yǒu shēng lǐ quē xiàn de
手工艺	هنردستی؛ دستورزی	shǒu gōng yì
手工	کاردستی	shǒu gōng
手帕	دستمال	shǒu pà
头巾	دستمال	tóu jīn
把手	دسته؛ ادارهکردن	bǎ shǒu
操作的	رسیدگی	cāo zuò de
英俊的	خوبرو؛ جمیل	yīng jùn de
大方的	خوبرو؛ جمیل	dà fāng de
笔迹	خط؛ دستخط	bǐ jì
便利的	مفید، دستی	biàn lì de
悬挂	آویختن؛ دار زدن	xuán guà
诀窍	آویختن؛ دار زدن	jué qiào
汉诺威市	هانوور	hàn nuò wēi shì
恰巧	اتفاق افتادن	qià qiǎo
幸福地	با خوشحالی	xìng fú de
快乐地	با خوشحالی	kuài lè de
幸运	خوشبختی؛ شادی	xìng yùn
快乐的	خوشحال	kuài lè de
困扰	آزار و اذیت	kùn rǎo
港	بندرگاه؛ لنگرگاه	gǎng
避难所	بندرگاه؛ لنگرگاه	bì nàn suǒ
坚硬的	سخت	jiān yìng de
难的	سخت	nán de
硬化	تصلب	yìng huà
淬火	تصلب	cuì huǒ
刚刚	به‌سختی؛ تقریباً نه	gāng gang
坚硬	سختی؛ صلابت	jiān yìng
艰难	مصیبت؛ تنگی	jiān nán
辛苦	مصیبت؛ تنگی	xīn kǔ
硬件	سخت‌افزار	yìng jiàn
野兔	خرگوش؛ دراز گوش	yě tù
飞跑	خرگوش؛ دراز گوش	fēi pǎo
害处	آزار؛ آسیب	hài chu
伤害的	موذیانه؛ مضر	shāng hài de
无害处的	بیگزند؛ بی آزار	wú hài chǔ de
未受损害的	بیگزند؛ بی آزار	wèi shòu sǔn hài de
和睦的	همساز	hé mù de
调和的	همساز	tiáo hé de
簧风琴	گارمن	huáng fēng qín
以和声唱	موافق کردن؛ متناسب بودن	yǐ hé shēng chàng
马具	دهنه؛ تارکش	mǎ jù
挽具状带子	دهنه؛ تارکش	wǎn jù zhuàng dài zi
竖琴	بربط	shù qín
不停地说	بربط	bù tíng de shuì
哈珀	چنگزن	hā pò
刺耳的	خشن	cì ěr de
哈佛大学	هاروارد	hā fó dà xué
收获	برداشت	shōu huò
成果	برداشت	chéng guǒ
匆忙	شتاب؛ عجله	cōng máng
急忙	شتاب؛ عجله	jí máng
催促	شتاباندن	cuī cù
加紧	شتاباندن	jiā jǐn
匆忙地	باشتاب؛ شتابان	cōng máng de
匆匆的	تند؛ عجول	cōng cōng de
轻率的	تند؛ عجول	qīng shuài de
手斧	تیشه؛ تبرزین	shǒu fǔ
憎恨的	کینه آمیز؛ تنفر آور	zēng hèn de
可恨的	کینه آمیز؛ تنفر آور	kě hèn de
骄傲的	متکبرانه؛ مستکبر	jiāo ào de
常到的地方	تسخیر کردن	cháng dào de dì fāng
生息地	تسخیر کردن	shēng xī de
有	داشتن؛ داشتن (فعل کمکی)	yǒu
不得不	مجبور بودن (فعل کمکی)	bù dé bù
只好	مجبور بودن (فعل کمکی)	zhǐ hǎo
夏威夷州	هاوایی	xià wēi yí zhōu
夏威夷岛	هاوایی	xià wēi yí dǎo
掠夺者	جار؛ بابازشکار کردن	lüè duó zhě
干草	یونجه؛ علف خشک	gān cǎo
冒险的	خطرناک؛ پرخطر	mào xiǎn de
薄雾	مغموم بودن؛ مه کم	bó wù
阴霾	مغموم بودن؛ مه کم	yīn mái
他	او (مرد)	tā
头	سر	tóu
头痛	سردرد	tóu tòng
饰头巾	آرایش سر؛ آرایش مو	shì tóu jīn
头式	آرایش سر؛ آرایش مو	tóu shì
收割台	سرساز؛ درساز	shōu gē tái
顶梁	سرساز؛ درساز	dǐng liáng
大标题	سرصفحه	dà biāo tí
新闻摘要	سرصفحه	xīn wén zhāi yào
头向前的	سربجلو؛ شیرجه رونده	tóu xiàng qián de
仓猝而用力的	سربجلو؛ شیرجه رونده	cāng cù ér yòng lì de
总部	ستاد مرکزی	zǒng bù
司令部	ستاد مرکزی	sī lìng bù
顽固的	خودسر؛ مطلق العنان	wán gù de
刚愎的	خودسر؛ مطلق العنان	gāng bì de
痊愈	التیام یافتن	quán yù
使复原	التیام یافتن	shǐ fù yuán
治愈的	بهبود؛ التیام	zhì yù de
健康	سلامتی	jiàn kāng
卫生	سلامتی	wèi shēng
医疗保健	مراقبت‌های بهداشتی	yī liáo bǎo jiàn
卫生保健	مراقبت‌های بهداشتی	wèi shēng bǎo jiàn
健康的	سالم	jiàn kāng de
卫生的	سالم	wèi shēng de
堆	توده؛ خرمن	duī
许多	توده؛ خرمن	xǔ duō
听到	شنیدن	tīng dào
听	محاکمه؛ سمع	yǐn
心	قلب	xīn
感情	قلب	gǎn qíng
衷心的	قلبی	zhōng xīn de
真心真意的	قلبی	zhēn xīn zhēn yì de
炉床	کوره کشتی؛ کف منقل	lú chuáng
灶台	کوره کشتی؛ کف منقل	zào tái
衷心地	از ته دل	zhōng xīn de
真实地	از ته دل	zhēn shí de
无勇气的	بی عشق	wú yǒng qì de
诚恳的	جانانه	chéng kěn de
健壮的	جانانه	jiàn zhuàng de
热	گرما، گرم کردن	rè
体温	گرما، گرم کردن	tǐ wēn
石南荒原	تیغستان	shí nán huāng yuán
低矮灌木	تیغستان	dī ǎi guàn mù
举	غلپیدن	jǔ
抛	غلپیدن	pāo
天堂	بهشت	tiān táng
天上的	آسمانی؛ سماوی	tiān shàng de
很重地	به شدت	hěn zhòng dì
重的	سنگین	chóng de
希伯来人	یهودی؛ عبری	xī bó lái rén
希伯来语	یهودی؛ عبری	xī bó lái yǔ
公顷	هکتار	gōng qǐng
树篱	چپر؛ خاربست	shù lí
留心	رعایت؛ توجه کردن	liú xīn
脚后跟	پاشنه؛ پاشنه پا	jiǎo hòu gēn
踵	پاشنه؛ پاشنه پا	zhǒng
高度	ارتفاع	gāo dù
增高	تشدید کردن	zēng gāo
继承人	وارث؛ ارث بر	jì chéng rén
嗣子	وارث؛ ارث بر	sì zǐ
嗣女	وارثه	sì nǚ
女继承人	وارثه	nǚ jì chéng rén
海伦娜	هلنا	hǎi lún nà
直升机	هلیکوپتر	zhí shēng jī
地狱	درک؛ دوزخ	dì yù
邪恶势力	درک؛ دوزخ	xié è shì li
地狱的	جهنمی	dì yù de
凶恶的	جهنمی	xiōng è de
喂	سلام	wéi
嘿	سلام	hēi
舵	سکان؛ اهرم سکان	duò
驾驶盘	سکان؛ اهرم سکان	jià shǐ pán
钢盔	کلاه ایمنی	gāng kuī
防护帽	کلاه ایمنی	fáng hù mào
帮忙	کمک، کمک کردن	bāng máng
帮助者	کمک، کمک کردن	bāng zhù zhě
帮忙者	یاور؛ نصیر	bāng máng zhě
有帮助的	مفید	yǒu bāng zhù de
无助的	عاجز؛ ناگزیر	wú zhù de
无能为力的	عاجز؛ ناگزیر	wú néng wéi lì de
无可奈何状态	ناچاری؛ درماندگی	wú kě nài hé zhuàng tài
无能为力	ناچاری؛ درماندگی	wú néng wéi lì
折边	لبه؛ کناره دار کردن	shé biān
半球	نیمکره؛ نیم گوی	bàn qiú
地球的半面	نیمکره؛ نیم گوی	dì qiú de bàn miàn
母鸡	مرغ؛ مرغ خانگی	mǔ jī
雌禽	مرغ؛ مرغ خانگی	cí qín
从此	بنابراین	cóng cǐ
自此以后	منبعه؛ زین سپس	zì cǐ yǐ hòu
肝脏的	کبدی	gān zàng de
治肝病的	کبدی	zhì gān bìng de
她的	او (مفعول)، مال او (وابسته)	tā de
使者	جارچی	shǐ zhě
传令官	جارچی	chuán lìng guān
药草	گیاه	yào cǎo
香草	گیاه	xiāng cǎo
赫拉克勒斯	هرکول	hè lā kè lè sī
人群	گله؛ رمه	rén qún
在这里	اینجا	zài zhè lǐ
此时	اینجا	cǐ shí
据此	بدینوسیله	jù cǐ
世袭的	ارثی؛ مادرزادی	shì xí de
异端	ارتداد؛ الحاد	yì duān
异教	ارتداد؛ الحاد	yì jiào
祖先遗留物	میراث	zǔ xiān yí liú wù
隐士	منزوی؛ کهبد	yǐn shì
隐居者	منزوی؛ کهبد	yǐn jū zhě
疝气	باد فتق	shàn qì
突出	باد فتق	tū chū
英雄	قهرمان	yīng xióng
超越常人者	قهرمان	chāo yuè cháng rén zhě
英雄式的	حماسی؛ پهلوانانه	yīng xióng shì de
英雄地	پهلوانانه	yīng xióng de
超人地	پهلوانانه	chāo rén de
巾帼英雄	شیرزن	jīn guó yīng xióng
烈妇	شیرزن	liè fù
英勇	گردی	yīng yǒng
勇敢事迹	گردی	yǒng gǎn shì jì
她自己	خودش (زن)	tā zì jǐ
她亲自	خودش (زن)	tā qīn zì
犹豫	تامل کردن؛ تردد کردن	yóu yù
迟疑	تامل کردن؛ تردد کردن	chí yí
踌躇	تامل؛ درنگ	chóu chú
嗨	هی	hāi
隐藏的	پنهان	yǐn cáng de
兽皮	پنهان کردن	shòu pí
迹象	پنهان کردن	jì xiàng
等级制度	سلسله مراتب	děng jí zhì dù
僧侣统治	سلسله مراتب	sēng lǚ tǒng zhì
象形文字	هیروگلیف	xiàng xíng wén zì
图画文字	هیروگلیف	tú huà wén zì
高处	بالا؛ بالا، بلند	gāo chù
高	جناب؛ والاحضرت	gāo
殿下	جناب؛ والاحضرت	diàn xià
高姿态的	برجسته	gāo zī tài de
高调的	برجسته	gāo diào de
公路	بزرگراه	gōng lù
大道	بزرگراه	dà dào
喜不自禁的	خنده‌دار	xǐ bù zì jīn de
欢闹的	خنده‌دار	huān nào de
小山	تپه	xiǎo shān
丘陵	تپه	qiū líng
小丘	گریوه؛ هذلول	xiǎo qiū
小高处	گریوه؛ هذلول	xiǎo gāo chù
山坡	دامنه کوه؛ سرازیری تپه	shān pō
山腹	دامنه کوه؛ سرازیری تپه	shān fù
他自己	خودش (مرد)	tā zì jǐ
他亲自	خودش (مرد)	tā qīn zì
妨害	عایق؛ بازماندگی	fáng hài
铰链	لولا؛ منوط بودن	jiǎo liàn
关键	لولا؛ منوط بودن	guān jiàn
蔷薇果	باسن	qiáng wēi guǒ
租金	کرایه کردن؛ مزدور کردن	zū jīn
租用	کرایه کردن؛ مزدور کردن	zū yòng
他的	مال او (مرد)	tā de
组氨酸	مال او (مرد)	zǔ ān suān
组织学	بافت شناسی	zǔ zhī xué
历史学家	تاریخ‌دان	lì shǐ xué jiā
记事者	تاریخ‌دان	jì shì zhě
历史上著名的	تاریخی	lì shǐ shàng zhù míng de
有历史性的	تاریخی	yǒu lì shǐ xìng de
历史	تاریخ	lì shǐ
过去	تاریخ	guò qù
冲撞	ضربه زدن، ضربه	chōng zhuàng
这边的	به اینجا	zhè biān de
向这边	به اینجا	xiàng zhè biān
迄今	تاکنون؛ تابحال	qì jīn
至今	تاکنون؛ تابحال	zhì jīn
蜂房	مرکز تجمع	fēng fáng
闹区	مرکز تجمع	nào qū
荨麻疹	کهیر	xún má zhěn
贮藏物	احتکار کردن	zhù cáng wù
密藏的金钱	احتکار کردن	mì zàng de jīn qián
癖好	سرگرمی	pǐ hào
冰球	هاکی	bīng qiú
曲棍球	هاکی	qū gùn qiú
把持力	نگه داشتن	bǎ chí lì
持有人	حامل؛ دارنده	chí yǒu rén
所有人	حامل؛ دارنده	suǒ yǒu rén
孔	سوراخ	kǒng
假日	تعطیلات	jià rì
假期	تعطیلات	jià qī
神圣	تقدس؛ لقب پاپ	shén shèng
圣座(大写	تقدس؛ لقب پاپ	shèng zuò dà xiě
荷兰	هلند	hé lán
窟窿	تهی؛ پوچ	kū long
圣洁的	مقدس؛ مطهر	shèng jié de
家	خانه؛ در خانه	jiā
本国	میهن	běn guó
故国	میهن	gù guó
无家的	بی‌خانمان	wú jiā de
无养主的	بی‌خانمان	wú yǎng zhǔ de
家常的	مثل خانه؛ فاقد جمال	jiā cháng de
平凡的	مثل خانه؛ فاقد جمال	píng fán de
家园	مزرعه رعیتی	jiā yuán
田产	مزرعه رعیتی	tián chǎn
在归途上的	به‌طرف خانه	zài guī tú shǎng de
向家的	به‌طرف خانه	xiàng jiā de
家庭作业	تکالیف	jiā tíng zuò yè
家里做的工作	تکالیف	jiā lǐ zuò de gōng zuò
同种的	متجانس؛ همجنس	tóng zhǒng de
同质的	متجانس؛ همجنس	tóng zhì de
同性恋的	کونی؛ همجنسباز	tóng xìng liàn de
同性恋者	کونی؛ همجنسباز	tóng xìng liàn zhě
诚实的	منصف؛ امین	chéng shí de
坦直的	منصف؛ امین	tǎn zhí de
公正地	درستکارانه	gōng zhèng de
诚实	صداقت	chéng shí
公正	صداقت	gōng zhèng
蜂蜜	عسل؛ شهد	fēng mì
甜蜜	عسل؛ شهد	tián mì
蜜月	ماهعسل؛ ماه عسل رفتن	mì yuè
荣誉	افتخار؛ احترام	róng yù
头衔	افتخار؛ احترام	tóu xián
值得尊敬的	گرامی؛ شریف	zhí de zūn jìng de
荣耀的	گرامی؛ شریف	róng yào de
兜帽	کاپوت؛ باشلق	dōu mào
有罩盖的	کروک دار	yǒu zhào gě de
戴头巾的	کروک دار	dài tóu jīn de
蹄	سنب؛ باسم زدن	tí
镰刀	قلاب؛ قلاب کردن	lián dāo
用钩子的人	جیب بر؛ قلاب انداز	yòng gōu zi de rén
渔船	جیب بر؛ قلاب انداز	yú chuán
单脚跳	رازک؛ لی لی کردن	dān jiǎo tiào
跳跃	رازک؛ لی لی کردن	tiào yuè
希望	امید؛ امید، امیدوار بودن	xī wàng
有希望之人	امیدوار	yǒu xī wàng zhī rén
有前途之人	امیدوار	yǒu qián tú zhī rén
有希望地	امیدوارانه	yǒu xī wàng de
但愿	امیدوارانه	dàn yuàn
无希望的	نومید؛ ناامید	wú xī wàng de
无可奈何地	نومیدانه	wú kě nài hé de
游牧部落	گروه ترکان؛ گروه بیشمار	yóu mù bù luò
地平线	افق	dì píng xiàn
眼界	افق	yǎn jiè
水平线	ترازی؛ افقی	shuǐ píng xiàn
水平面	ترازی؛ افقی	shuǐ píng miàn
角状的	شاخدار؛ شاخی	jué zhuàng de
角的	شهوتی	jué de
似角一样坚硬的	شهوتی	shì jué yī yàng jiān yìng de
遭透的	وحشتناک؛ موحش	zāo tòu de
极讨厌的	نفرت انگیز	jí tǎo yàn de
使恐惧	بهراس انداختن؛ به بیم انداختن	shǐ kǒng jù
使震惊	بهراس انداختن؛ به بیم انداختن	shǐ zhèn jīng
骑马者	سوار کار؛ سواره نظام	qí mǎ zhě
马术师	سوار کار؛ سواره نظام	mǎ shù shī
好客的	غریب نواز؛ مهمان نوازانه	hào kè de
招待周到的	غریب نواز؛ مهمان نوازانه	zhāo dài zhōu dào de
医院	بیمارستان	yī yuàn
主人	میزبان؛ مهمان دار	zhǔ rén
旅馆老板	میزبان؛ مهمان دار	lǚ guǎn lǎo bǎn
人质	گروگان	rén zhì
青年招待所	پانسیون	qīng nián zhāo dài suǒ
宿舍	پانسیون	sù shè
女主人	میزبان؛ زن مهماندار	nǚ zhǔ rén
女房东	میزبان؛ زن مهماندار	nǚ fáng dōng
敌人的	خصمانه	dí rén de
怀敌意的	خصمانه	huái dí yì de
旅馆	هتل	lǚ guǎn
客栈	هتل	kè zhàn
激烈地	باگرمی؛ به‌طور گرم	jī liè de
热切地	باگرمی؛ به‌طور گرم	rè qiè de
猎犬	تازی؛ پاپی شدن	liè quǎn
追捕	تازی؛ پاپی شدن	zhuī bǔ
小时	ساعت	xiǎo shí
钟头	ساعت	zhōng tóu
房子	خانه	fáng zi
住宅	خانه	zhù zhái
一家人	کوچ؛ خاندان	yī jiā rén
家事	خانه داری؛ اداره منزل	jiā shì
家政	خانه داری؛ اداره منزل	jiā zhèng
主妇	کدبانو؛ سوزن دان	zhǔ fù
家庭妇女	کدبانو؛ سوزن دان	jiā tíng fù nǚ
如何	چگونه	rú hé
怎样	چگونه	zěn yàng
然而	با این حال	rán ér
嗥叫	زوزه؛ زوزهکشیدن	háo jiào
紧抱	بغل کردن؛ در آغوش گرفتن	jǐn bào
极大的	عظیم	jí dà de
壳	تنه کشتی؛ لاشه کشتی	qiào
皮	تنه کشتی؛ لاشه کشتی	pí
有同情心的	انسان، انسانی	yǒu tóng qíng xīn de
有人情的	انسانی؛ بامروت	yǒu rén qíng de
人道的	انسانی؛ بامروت	rén dào de
人道主义者	بشردوستانه	rén dào zhǔ yì zhě
博爱者	بشردوستانه	bó ài zhě
人类	انسانیت	rén lèi
低下的	فروتن	dī xià de
潮湿的	نمناک؛ مرطوب	cháo shī de
湿润的	نمناک؛ مرطوب	shī rùn de
使丢脸	تحقیر کردن؛ حقیر کردن	shǐ diū liǎn
使蒙羞	تحقیر کردن؛ حقیر کردن	shǐ méng xiū
丢脸的	تحقیر آمیز	diū liǎn de
耻辱的	تحقیر آمیز	chǐ rǔ de
谦虚	افتادگی؛ تواضع	qiān xū
发嗡嗡声的	وزوز	fā wēng wēng shēng de
哼着唱的	وزوز	hēng zhāo chàng de
幽默	لطیفه؛ خلط	yōu mò
诙谐	لطیفه؛ خلط	huī xié
幽默家	لطیفهگو؛ فکاهی نویس	yōu mò jiā
幽默作家	لطیفهگو؛ فکاهی نویس	yōu mò zuò jiā
富幽默感的	ظریف؛ فکاهی	fù yōu mò gǎn de
滑稽地	بشوخی	huá jī de
幽默地	بشوخی	yōu mò de
驼背	قوز؛ کوهان	tuó bèi
圆形隆起物	قوز؛ کوهان	yuán xíng lóng qǐ wù
脊柱后突	گوژپشت؛ قوز پشت	jǐ zhù hòu tū
百	صد	bǎi
许多的	صد	xǔ duō de
第一百的	صدم؛ یک صدم	dì yī bǎi de
匈牙利的	مجار؛ مجاری	xiōng yá lì de
匈牙利人的	مجار؛ مجاری	xiōng yá lì rén de
匈牙利	مجارستان؛ هونگاری	xiōng yá lì
饥饿	گرسنگی	jī è
饥饿的	گرسنه	jī è de
荒年的	گرسنه	huāng nián de
猎人	شکارچی؛ صیاد	liè rén
猎狐	شکار؛ صید	liè hú
管猎犬者	شکار باز؛ شکار گردان	guǎn liè quǎn zhě
猛投	پرتابه	měng tóu
用力掷	پرتابه	yòng lì zhì
爱尔兰式曲棍球	پرتاب	ài ěr lán shì qū gùn qiú
欢呼声	هورا؛ مرحبا	huān hū shēng
暴风	توفان؛ تندباد	bào fēng
仓促地	سراسیمه؛ عجولانه	cāng cù de
创伤	آسیب زدن، آسیب‌دیده	chuāng shāng
丈夫	شوهر	zhàng fu
肃静	مخفی نگاهداشتن	sù jìng
安静	مخفی نگاهداشتن	ān jìng
水螅	مار آبی	shuǐ xī
九头蛇	مار آبی	jiǔ tóu shé
水合物	هیدارت	shuǐ hé wù
水化合物	هیدارت	shuǐ huà gě wù
与水有关的	هیدرولیک	yú shuǐ yǒu guān de
水力的	هیدرولیک	shuǐ lì de
氢	هیدروژن	qīng
赞美诗	سرودروحانی؛ سرود خواندن	zàn měi shī
圣歌	سرودروحانی؛ سرود خواندن	shèng gē
过敏的	خیلی حساس	guò mǐn de
高灵敏度的	خیلی حساس	gāo líng mǐn dù de
疑病	مراق	yí bìng
季肋部	مراق	jì lèi bù
伪善	زرق؛ نفاق	wěi shàn
虚伪	زرق؛ نفاق	xū wěi
伪君子	ریاکار؛ سالوس	wěi jūn zǐ
伪善者	ریاکار؛ سالوس	wěi shàn zhě
皮下的	زیرپوستی؛ تحت الجلدی	pí xià de
假设	فرضیه	jiǎ shè
假设的	فرضی؛ نهشتی	jiǎ shè de
有待证实的	فرضی؛ نهشتی	yǒu dài zhèng shí de
我	من	wǒ
冰	یخ	bīng
糖衣	یخ	táng yī
冰淇淋	بستنی	bīng qí lín
画像	نماد	huà xiàng
冰的	یخی؛ یخمانند	bīng de
遗传素质	شناسنامه	yí chuán sù zhì
本能冲动	شناسنامه	běn néng chōng dòng
主意	ایده	zhǔ yi
办法	ایده	bàn fǎ
理想	ایده‌آل	lǐ xiǎng
典范	ایده‌آل	diǎn fàn
同一的	یکسان	tóng yī de
恒等的	یکسان	héng děng de
身份证明	شناسایی	shēn fèn zhèng míng
认为等同于	شناسایی کردن	rèn wéi děng tóng yú
身份	هویت؛ مشابهت	shēn fèn
相同	هویت؛ مشابهت	xiāng tóng
意识形态的	ایدئولوژیک	yì shí xíng tài de
思想体系	ایدئولوژی	sī xiǎng tǐ xì
意识形态	ایدئولوژی	yì shí xíng tài
白痴	ابلهی؛ سبک مغزی	bái chī
极端愚蠢	ابلهی؛ سبک مغزی	jí duān yú chǔn
极蠢之人	احمق	jí chǔn zhī rén
白痴的	ابلهانه	bái chī de
懒惰的	تنبل؛ عاطل	lǎn duò de
闲散的	تنبل؛ عاطل	xián sǎn de
懒惰	تنبلی؛ بیکاری	lǎn duò
闲散	تنبلی؛ بیکاری	xián sǎn
游手好闲的人	بیکاره؛ چرخ دلاله	yóu shǒu hào xián de rén
偶像	بت؛ صنم	ǒu xiàng
崇拜物	بت؛ صنم	chóng bài wù
偶像崇拜	بت پرستی	ǒu xiàng chóng bài
邪神崇拜	بت پرستی	xié shén chóng bài
如果	اگر	rú guǒ
是否	اگر	shì fǒu
卑贱的	ناکس؛ نا اصل	bēi jiàn de
无知	نادانی	wú zhī
愚味	نادانی	yú wèi
无知识的	نادان؛ جاهل	wú zhī shí de
不知道的	نادان؛ جاهل	bù zhī dào de
不理睬	بیاعتنایی کردن؛ ندیده گرفتن	bù lǐ cǎi
坏事	بیمار	huài shì
违法的	خلاف؛ حرام	wéi fǎ de
不合规定的	خلاف؛ حرام	bù hé guī dìng de
不法的	نامشروع؛ غیر مشروع	bù fǎ de
私生的	نامشروع؛ غیر مشروع	sī shēng de
不正当的	نا مشروع؛ مخالف مقررات	bù zhèng dàng de
伊利诺州	ایلینوی	yī lì nuò zhōu
文盲	نادانی؛ بیسوادی	wén máng
目不识丁的	نادان؛ عامی	mù bù shí dīng de
不合逻辑的	غیرمعقول؛ بی منطق	bù hé luó ji de
无缘由的	غیرمعقول؛ بی منطق	wú yuán yóu de
照明	روشنکردن؛ درخشانساختن	zhào míng
用灯装饰	روشنکردن؛ درخشانساختن	yòng dēng zhuāng shì
幻影	توهم	huàn yǐng
错觉	توهم	cuò jué
产生幻觉的	غیر واقعی	chǎn shēng huàn jué de
幻影的	غیر واقعی	huàn yǐng de
举例说明	مصور کردن؛ بامثال روشنساختن	jǔ lì shuō míng
作图解	مصور کردن؛ بامثال روشنساختن	zuō tú jiě
例证	تصویرسازی؛ تصویر؛ مثال	lì zhèng
影像	تصویر	yǐng xiàng
想像的	انگاری؛ خیالی	xiǎng xiàng de
虚构的	انگاری؛ خیالی	xū gòu de
想像	خیال؛ تصور	xiǎng xiàng
听觉	خیال؛ تصور	tīng jué
设想	تصور کردن	shè xiǎng
低能的	سبک مغز؛ کند ذهن	dī néng de
愚钝的	سبک مغز؛ کند ذهن	yú dùn de
模仿	تقلید کردن؛ متاسی شدن	mó fǎng
效法	تقلید کردن؛ متاسی شدن	xiào fǎ
无污点的	خالص	wú wū diǎn de
不成熟的	غیربالغ؛ نارسیده	bù chéng shú de
未完全发育的	غیربالغ؛ نارسیده	wèi wán quán fā yù de
不可测量的	بی اندازه؛ بی قیاس	bù kě cè liáng de
立即的	فوری؛ عاجل	lì jí de
立刻	بلافاصله	lì kè
极广大的	عظیم	jí guǎng dà de
无边的	عظیم	wú biān de
沉浸	غوطهوری	chén jìn
移入的	کوچ نشین	yí rù de
逼近	مشرف بودن	bī jìn
危急	مشرف بودن	wēi jí
逼近的	قریب الوقوع	bī jìn de
不动的	غیر متحرک؛ جنبش ناپذیر	bù dòng de
不变的	غیر متحرک؛ جنبش ناپذیر	bù biàn de
不动性	سکون؛ بی جنبشی	bù dòng xìng
不道德的	بدسیرت؛ بی سیرت	bù dào dé de
不朽人物	ابدی؛ جاوید	bù xiǔ rén wù
神仙	ابدی؛ جاوید	shén xiān
不朽	جاودانی؛ مرگ ناپذیری	bù xiǔ
不灭的声望	جاودانی؛ مرگ ناپذیری	bù miè de shēng wàng
固定的	استوار؛ غیر منقول	gù dìng de
免疫的	مصون	miǎn yì de
免除的	مصون	miǎn chú de
免疫	ایمنی؛ مصونیت	miǎn yì
顽童	مرد جوان	wán tóng
冲击	تماس؛ اثابت	chōng jī
削弱	خرابی	xuē ruò
给予	بهرهمند ساختن	jǐ yǔ
传授	بهرهمند ساختن	chuán shòu
不偏不倚的	بی غرض؛ حق گو	bù piān bù yǐ de
公平	بی نظری	gōng píng
无私	بی نظری	wú sī
公平地	بیطرفانه؛ بیغرضانه	gōng píng de
无私地	بیطرفانه؛ بیغرضانه	wú sī de
不能通行的	بی گدار؛ نا گذرا	bù néng tōng xíng de
不可逾越的	بی گدار؛ نا گذرا	bù kě yú yuè de
充满激情的	بسیار غیور	chōng mǎn jī qíng de
无感情的	پوست کلفت	wú gǎn qíng de
性急	ناصبور؛ ناصبوری	xìng jí
难耐	ناصبور؛ ناصبوری	nán nài
不耐烦的	عجول؛ ناصبور	bù nài fán de
着急的	عجول؛ ناصبور	zháo jí de
检举	استیضاح؛ اعلام جرم	jiǎn jǔ
推动	مجبور ساختن؛ بر آن داشتن	tuī dòng
不能通过的	سوراخ نشدنی؛ نفوذ ناپذیر	bù néng tōng guò de
不可理喻的	سوراخ نشدنی؛ نفوذ ناپذیر	bù kě lǐ yù de
必要的事	امری	bì yào de shì
不能感知的	نفهمیدنی؛ نامحسوس	bù néng gǎn zhī de
微细的	نفهمیدنی؛ نامحسوس	wēi xì de
帝王的	سلطنتی؛ همایون	dì wáng de
宗主国的	سلطنتی؛ همایون	zōng zhǔ guó de
帝国主义	امپریالیسم؛ استعمار طلبی	dì guó zhǔ yì
帝制	امپریالیسم؛ استعمار طلبی	dì zhì
帝国主义的	استعمار گرای؛ بهره جویانه	dì guó zhǔ yì de
专横的	اماره	zhuān hèng de
客观的	غیرشخصی؛ بی فاعل	kè guān de
和个人无关的	غیرشخصی؛ بی فاعل	hé gè rén wú guān de
动力	نیروی جنبش	dòng lì
动量	نیروی جنبش	dòng liàng
无信仰的	بدآئین؛ بی دین	wú xìn yǎng de
不敬神的	بدآئین؛ بی دین	bù jìng shén de
移植	جایگیری	yí zhí
鼓吹	جایگیری	gǔ chuī
安装启用	پیاده‌سازی	ān zhuāng qǐ yòng
涉及	بهم پیچیدن	shè jí
含意	بهم پیچیدن	hán yì
牵连	پیامد	qiān lián
含义	پیامد	hán yì
暗示的	ضمنی؛ تلویحی	àn shì de
含蓄的	ضمنی؛ تلویحی	hán xù de
含蓄	ضمنا؛ تلویحاً	hán xù
不言明	ضمنا؛ تلویحاً	bù yán míng
意味	معنی دادن؛ معنی بخشیدن	yì wèi
粗鲁的	پررو؛ بی ادب	cū lǔ de
进口货	ورود؛ بهکشور آوردن	jìn kǒu huò
输入	ورود؛ بهکشور آوردن	shū rù
重要	اعتبار؛ اهمیت	zhòng yào
有地位的	مهم	yǒu dì wèi de
征	وارد کردن؛ تکلیف کردن	zhēng
把强加于	وارد کردن؛ تکلیف کردن	bǎ qiáng jiā yú
不可能之事	کار نشدنی؛ عدم امکان	bù kě néng zhī shì
不可能性	کار نشدنی؛ عدم امکان	bù kě néng xìng
不可能的	غیر ممکن	bù kě néng de
难以置信的	غیر ممکن	nán yǐ zhì xìn de
冒名顶替者	عیار؛ طرار	mào míng dǐng tì zhě
骗子	عیار؛ طرار	piàn zi
无力的	عنین؛ اکار	wú lì de
不能实施的	غیر عملی	bù néng shí shī de
难办的	غیر عملی	nán bàn de
印象	تأثیر کردن؛ در ذهن جاگیر کردن	yìn xiàng
意念	طبع؛ تأثیر	yì niàn
易感的	اثر پذیر؛ دهن بین	yì gǎn de
敏感的	اثر پذیر؛ دهن بین	mǐn gǎn de
给人深刻印象的	برانگیزنده احساسات	gěi rén shēn kè yìn xiàng de
征用	اثر گذاری	zhēng yòng
征召	اثر گذاری	zhēng zhào
使下狱	زندانی کردن	shǐ xià yù
下狱	حبس	xià yù
不大可能的	بعید؛ مستبعد	bù dà kě néng de
不象发生的	بعید؛ مستبعد	bù xiàng fā shēng de
不合适的	ناشایسته؛ ناسره	bù hé kuò de
不适当	ناشایستگی؛ زیبندهنبودن	bù shì dàng
不得体	ناشایستگی؛ زیبندهنبودن	bù dé tǐ
改良	بهبود بخشیدن	gǎi liáng
提高的价值	بهبود بخشیدن	tí gāo de jià zhí
临时准备的	بالبداهه؛ فی البدیهه	lín shí zhǔn bèi de
不小心	بی تدبیری؛ بی مبالاتی	bù xiǎo xīn
冲动	محرک آنی	chōng dòng
驱使	محرک آنی	qū shǐ
冲动的	بلهوس	chōng dòng de
受感情驱使的	بلهوس	shòu gǎn qíng qū shǐ de
不纯的	ناپاک؛ ناخالص	bù chún de
杂质	نجاست؛ ناپاکی	zá zhì
难得到的	منیع؛ ممنوع الوصول	nán dé dào de
难接近的	منیع؛ ممنوع الوصول	nán jiē jìn de
不准确的	غیردقیق	bù zhǔn què de
不活动	ناکنش؛ بی کاری	bù huó dòng
无为	ناکنش؛ بی کاری	wú wéi
不活动的	نادایر؛ بی جنبش	bù huó dòng de
停止的	نادایر؛ بی جنبش	tíng zhǐ de
不活泼	بی جنبشی؛ عدم فعالیت	bù huó po
不足之处	عدمتکافو؛ نامناسبی	bù zú zhī chǔ
不适当的	ناکافی	bù shì dàng de
漫不经心的	غیر عمدی	màn bù jīng xīn de
非故意的	غیر عمدی	fēi gù yì de
漫不经心地	ندانسته	màn bù jīng xīn de
疏忽地	ندانسته	shū hu de
不妥当的	از مصلحت بدور است	bù tuǒ dāng de
不明智的	از مصلحت بدور است	bù míng zhì de
不能让与的	بیع ناپذیر	bù néng ràng yú de
不能转售的	بیع ناپذیر	bù néng zhuǎi shòu de
不适用的	غیر مشمول	bù shì yòng de
不相称的	نامناسب	bù xiāng chèn de
口齿不清的	بی بند؛ بی مفصل	kǒu chǐ bù qīng de
说不出的	بی بند؛ بی مفصل	shuō bu chū de
不注意	غافلی؛ ناپرهیزی	bù zhù yì
粗心	غافلی؛ ناپرهیزی	cū xīn
不注意的	بی توجه؛ بی اعتنا	bù zhù yì de
怠慢的	بی توجه؛ بی اعتنا	dài màn de
听不见的	نارسا؛ غیر مسموع	tīng bu jiàn de
就任的	افتتاحی؛ گشایشی	jiù rèn de
开幕的	افتتاحی؛ گشایشی	kāi mù de
总统就职	افتتاح	zǒng tǒng jiù zhí
开幕仪式	افتتاح	kāi mù yí shì
无法计数的	نا شمردنی	wú fǎ jì shù de
无能力的	عاجز؛ ناتوان	wú néng lì de
不能的	عاجز؛ ناتوان	bù néng de
使无能力	ناتوان ساختن؛ ناقابل ساختن	shǐ wú néng lì
使无行为能力	ناتوان ساختن؛ ناقابل ساختن	shǐ wú xíng wéi néng lì
无能力	عدم صلاحیت	wú néng lì
体现	متجسم؛ مجسمکردن	tǐ xiàn
放火的	آتش زا	fàng huǒ de
煽动的	آتش زا	shān dòng de
香	عود؛ بخور خوشبو	xiāng
动机	مشوق	dòng jī
激励的	مشوق	jī lì de
起初	درجه گیری	qǐ chū
获得学位	درجه گیری	huò dé xué wèi
不断的	لاینقطع	bù duàn de
不绝的	لاینقطع	bù jué de
不停地	دمادم؛ علیالاتصال	bù tíng de
英寸	اینچ	yīng cùn
身高	اینچ	shēn gāo
事变	اتفاق؛ ماجرا	shì biàn
伴随地	ضمنا	bàn suí de
偶然	ضمنا	ǒu rán
切割	شکافتن؛ حجاری کردن	qiē gē
切牙	ثنایا	qiē yá
门齿	ثنایا	mén chǐ
无礼貌	بی تمدنی	wú lǐ mào
不客气	بی تمدنی	bù kè qi
倾向	عطف؛ تمایل	qīng xiàng
趋向	عطف؛ تمایل	qū xiàng
倾斜	گروانیدن؛ مایل کردن	qīng xié
斜坡	گروانیدن؛ مایل کردن	xié pō
倾向于的	متمایل	qīng xiàng yú de
把算入	شامل بودن	bǎ suàn rù
包括在内	شامل	bāo kuò zài nèi
包含的	شامل	bāo hán de
内含物	شمول	nèi hán wù
微行地	نا شناس؛ بانام مستعار	wēi háng de
隐姓埋名地	نا شناس؛ بانام مستعار	yǐn xìng mái míng de
收入	دخل؛ درآمد	shōu rù
收益	دخل؛ درآمد	shōu yì
互不相容的东西	ناسازگاری؛ منافات	hù bù xiāng róng de dōng xī
不兼容性	ناسازگاری؛ منافات	bù jiān róng xìng
不相容的	ناسازگار؛ نا موافق	bù xiāng róng de
不能并存的	ناسازگار؛ نا موافق	bù néng bìng cún de
不胜任	بی کفایتی؛ بی ظرفیتی	bù shèng rén
不够格	بی کفایتی؛ بی ظرفیتی	bù gòu gé
无资格的	ناشایسته؛ نالایق	wú zī gé de
不完全的	ناقص؛ ناتمام	bù wán quán de
未完成的	ناقص؛ ناتمام	wèi wán chéng de
不能理解的	نامفهوم؛ نفهمیدنی	bù néng lǐ jiě de
费解的	نامفهوم؛ نفهمیدنی	fèi jiě de
不能想象的	غیر قابل تصور	bù néng xiǎng xiàng de
想不到的	غیر قابل تصور	xiǎng bu dào de
非决定性的	غیرقاطع	fēi jué dìng xìng de
无效果的	غیرقاطع	wú xiào guǒ de
不协调的	بی تناسب	bù xié tiáo de
不一致的	بی تناسب	bù yī zhì de
易变	نا استواری؛ نا سازگاری	yì biàn
不定性	عدمثبات	bù dìng xìng
不便	معذب داشتن؛ اسباب زحمت	bù biàn
合并的	تلفیق کردن	hé bìng de
组成公司的	تلفیق کردن	zǔ chéng gōng sī de
不正确的	نادرست	bù zhèng què de
无药可救的	درست نشدنی؛ اصلاح ناپذیر	wú yào kě jiù de
积习难改的	درست نشدنی؛ اصلاح ناپذیر	jī xí nán gǎi de
增进	افزایش، افزایش دادن	zēng jìn
连累	بگناهمتهم کردن؛ پاپوش درست کردن	lián lěi
暗示有罪	بگناهمتهم کردن؛ پاپوش درست کردن	àn shì yǒu zuì
抱蛋	جوجه کشی؛ بر خوابش	bào dàn
孵化	جوجه کشی؛ بر خوابش	fū huà
现任的	شاغل؛ مصدر کار	xiàn rèn de
依靠的	شاغل؛ مصدر کار	yī kào de
蒙受	متحمل شدن	méng shòu
不能医治的	بیدوا؛ لاعلاج	bù néng yī zhì de
不能矫正的	بیدوا؛ لاعلاج	bù néng jiǎo zhèng de
负债的	مدیون؛ بدهکار	fù zhài de
受惠的	مدیون؛ بدهکار	shòu huì de
不礼貌的	گستاخ؛ شرمآور	bù lǐ mào de
优柔寡断	بی تکلیفی؛ بی عزمی	yōu róu guǎ duàn
决定不能	بی تکلیفی؛ بی عزمی	jué dìng bù néng
犹豫不决的	غیرقاطع؛ بی همت	yóu yù bù jué de
的确	واقعاً؛ در حقیقت	dí què
实在	واقعاً؛ در حقیقت	shí zài
不能下定义的	توصیف نشدنی	bù néng xià dìng yì de
赔偿	غرامت دادن	péi cháng
独立	استقلال	dú lì
自立	استقلال	zì lì
独立自主者	مستقل	dú lì zì zhǔ zhě
无党派者	مستقل	wú dǎng pài zhě
独立地	مستقلا؛ بالاستقلال	dú lì de
自立地	مستقلا؛ بالاستقلال	zì lì de
难以形容的	وصف ناپذیر؛ توصیف ناپذیر	nán yǐ xíng róng de
不能破坏的	زوال ناپذیر؛ نابود نشدنی	bù néng pò huài de
不可毁灭的	زوال ناپذیر؛ نابود نشدنی	bù kě huǐ miè de
索引	فهرست	suǒ yǐn
下标	فهرست	xià biāo
标引	فهرست سازی	biāo yǐn
变址	فهرست سازی	biàn zhǐ
印度	هند؛ هندوستان	yìn dù
印度人	هندی؛ سرخ‌پوست	yìn dù rén
印第安人	هندی؛ سرخ‌پوست	yìn dì ān rén
象征的	حاکی؛ اشارهکننده	xiàng zhēng de
指标	شاخص	zhǐ biāo
指示器	شاخص	zhǐ shì qì
不重视	خونسردی؛ بی علاقگی	bù zhòng shì
无兴趣	خونسردی؛ بی علاقگی	wú xìng qù
漠不关心的	خونسرد؛ بی اشتیاق	mò bù guān xīn de
无重要性的	خونسرد؛ بی اشتیاق	wú zhòng yào xìng de
本土的	بومی	běn tǔ de
国产的	بومی	guó chǎn de
消化不良	رودل؛ بدهزمی	xiāo huà bù liáng
不消化	رودل؛ بدهزمی	bù xiāo huā
愤慨的	خشمگینانه	fèn kǎi de
愤慨	رنجش؛ خشم	fèn kǎi
侮辱	هتک آبرو	wǔ rǔ
无礼	هتک آبرو	wú lǐ
间接的	غیرمستقیم؛ ناراسته	jiàn jiē de
非直截了当的	غیرمستقیم؛ ناراسته	fēi zhí jié liǎo dàng de
间接	غائبانه؛ به طور غیر مستقیم	jiàn jiē
鲁莽	بی خردی	lǔ mǎng
不慎重	بی خردی	bù shèn chóng
不可缺少之物	حتمی؛ صرفنظر نکردنی	bù kě quē shǎo zhī wù
不可缺少的	حتمی؛ صرفنظر نکردنی	bù kě quē shǎo de
不清楚的	ناشمرده؛ ناشنوا	bù qīng chu de
朦胧的	ناشمرده؛ ناشنوا	méng lóng de
个体	فرد، فردی	gè tǐ
个人	فردیت؛ وجود فردی	gè rén
以个人身分	به‌طور انفرادی	yǐ gè rén shēn fèn
各个地	به‌طور انفرادی	gè gè de
无痛的	کاهل	wú tòng de
户内的	زیر سقف	hù nèi de
室内的	زیر سقف	shì nèi de
在户内	در منزل	zài hù nèi
引诱	تحریک کردن	yǐn yòu
归纳法	القاء؛ استقراء	guī nà fǎ
感应	القاء؛ استقراء	gǎn yìng
纵情于	افراط کردن	zòng qíng yú
使高兴	افراط کردن	shǐ gāo xìng
沉溺	اغماض؛ مساهله	chén nì
放纵	اغماض؛ مساهله	fàng zòng
纵容的	زیاده رو	zòng róng de
任性的	زیاده رو	rèn xìng de
工业的	صنعتی؛ اهل صنعت	gōng yè de
供工业用的	صنعتی؛ اهل صنعت	gōng gōng yè yòng de
勤劳	صنعت	qín láo
工业	صنعت	gōng yè
无效的	بی اثر؛ بی نتیجه	wú xiào de
失效的	بی اثر؛ بی نتیجه	shī xiào de
无益的	بیاثربودن؛ غیر موثر	wú yì de
无效率	بی ظرفیتی؛ بی عرضگی	wú xiào lǜ
无被选任资格的	شامل نشدنی	wú bèi xuǎn rén zī gé de
不适任的	شامل نشدنی	bù shì rén de
不平等	نابرابری	bù píng děng
不公平的	غیر منصفانه	bù gōng píng de
不公正的	غیر منصفانه	bù gōng zhèng de
惰性的	نا کار	duò xìng de
不可避免的	اجتناب‌ناپذیر	bù kě bì miǎn de
必然的	اجتناب‌ناپذیر	bì rán de
不可避免地	ناگزیر	bù kě bì miǎn de
用不完的	تهی نشدنی	yòng bù wán de
无经验	بی تجربگی	wú jīng yàn
无经验的	ناشی؛ نپخته	wú jīng yàn de
不熟练的	ناشی؛ نپخته	bù shú liàn de
逃脱不掉的	نگشودنی	táo tuō bù diào de
解不开的	نگشودنی	xiè bù kāi de
声名狼藉	سابقهبد؛ بدنامی	shēng míng láng jí
丑恶	سابقهبد؛ بدنامی	chǒu è
幼年	طفولیت؛ صغارت	yòu nián
初期	طفولیت؛ صغارت	chū qī
儿童	نوزاد	ér tóng
婴儿的	کودکانه	yīng ér de
幼稚的	کودکانه	yòu zhì de
步兵	پیاده؛ پیاده نظام	bù bīng
传染	آلوده کردن	chuán rǎn
感染	آلوده کردن	gǎn rǎn
有传染性的	عفونی؛ فاسد کننده	yǒu chuán rǎn xìng de
易传染的	عفونی؛ فاسد کننده	yì zhuàn rǎn de
推论出	استنتاج کردن	tuī lùn chū
推断	استنتاج کردن	tuī duàn
推理	استنباط	tuī lǐ
次等的	اسفل؛ فرومایه	cì děng de
较差的	اسفل؛ فرومایه	jiào chā de
自卑	پستی؛ مادونی	zì bēi
次等	پستی؛ مادونی	cì děng
阴间的	دوزخی	yīn jiān de
无限	لایتناهی؛ نامتناهی	wú xiàn
极小的	بینهایت کوچک	jí xiǎo de
极微的	بینهایت کوچک	jí wēi de
无限大	نامحدودی	wú xiàn dà
无穷	نامحدودی	wú qióng
病身	علیلی؛ نا توانی	bìng shēn
红肿的	مشتعل؛ ملتهب	hóng zhǒng de
发炎的	مشتعل؛ ملتهب	fā yán de
易燃的	آتشگیر؛ شعله ور	yì rán de
易怒的	آتشگیر؛ شعله ور	yì nù de
怒火	آماس؛ ورم	nù huǒ
发火	آماس؛ ورم	fā huǒ
激动的	ورمی؛ آماسی	jī dòng de
膨胀的	هوادار؛ بادآورده	péng zhàng de
充了气的	هوادار؛ بادآورده	chōng le qì de
胀大	تورم	zhàng dà
施以	تحمیل کردن	shī yǐ
加害	تحمیل کردن	jiā hài
流入	جریان بداخل	liú rù
影响力	تأثیر؛ نفوذ	yǐng xiǎng lì
有影响的	بانفوذ	yǒu yǐng xiǎng de
有势力的	بانفوذ	yǒu shì li de
信息	اطلاعات	xìn xī
使了解	آگاهانیدن؛ آگاه کردن	shǐ liǎo jiě
非正式的	غیر رسمی	fēi zhèng shì de
不拘礼的	غیر رسمی	bù jū lǐ de
非正式地	به‌طور غیر رسمی	fēi zhèng shì de
不拘礼节地	به‌طور غیر رسمی	bù jū lǐ jié de
提供消息者	آگاهگر؛ شکل دهنده	tí gōng xiāo xi zhě
密告者	آگاهگر؛ شکل دهنده	mì gào zhě
消息	اطلاعات	xiāo xi
知识	اطلاعات	zhī shi
控告者	نمام؛ سخنچین	kòng gào zhě
基础结构	زیرساخت	jī chǔ jié gòu
基础设施	زیرساخت	jī chǔ shè shī
精巧的	نکته دان؛ نکته پرداز	jīng qiǎo de
心灵手巧	دهاء	xīn líng shǒu qiǎo
精巧	دهاء	jīng qiǎo
摄取	درهیختن؛ داخل معده کردن	shè qǔ
咽下	درهیختن؛ داخل معده کردن	yàn xià
食入	درهنج؛ فرو بری	shí rù
使迎合	خود شیرینی کردن	shǐ yíng hé
使讨好	خود شیرینی کردن	shǐ tǎo hǎo
成分	جزء؛ جزء ترکیبی	chéng fèn
居住于	مسکون کردن؛ مسکن گزیدن	jū zhù yú
占据	مسکون کردن؛ مسکن گزیدن	zhàn jù
居住者	ساکن	jū zhù zhě
吸入	استنشاق؛ شهیق	xī rù
吸气	استنشاق کردن؛ استشمام کردن	xī qì
固有的	ذاتی	gù yǒu de
与生俱来的	ذاتی	yǔ shēng jù lái de
内在地	ذاتاً؛ به‌طور ذاتی	nèi zài de
生来地	ذاتاً؛ به‌طور ذاتی	shēng lái de
继承	به ارث بردن	jì chéng
遗传	به ارث بردن	yí chuán
无人性的	نامردم؛ غیر انسانی	wú rén xìng de
无人情味的	غیر انسانی؛ غیر بشری	wú rén qíng wèi de
薄情的	غیر انسانی؛ غیر بشری	bó qíng de
不人道	نامردمی؛ غیرانسانی بودن	bù rén dào
有敌意的	دشمنانه	yǒu dí yì de
字首	ابتدایی؛ آغازی	zì shǒu
首字母	ابتدایی؛ آغازی	shǒu zì mǔ
入会	آغاز کردن	rù huì
主动行动	ابتکار؛ ابداع	zhǔ dòng xíng dòng
首创精神	ابتکار؛ ابداع	shǒu chuàng jīng shén
注射	تزریق کردن	zhù shè
注入	تزریق کردن	zhù rù
不公平	بی‌عدالتی	bù gōng píng
非正义的行为	بی‌عدالتی	fēi zhèng yì de xíng wéi
墨水	جوهر	mò shuǐ
墨汁	جوهر	mò zhī
内陆的	درون کشور؛ درون مرزی	nèi lù de
同住者	زندانی	tóng zhù zhě
被收容者	زندانی	bèi shōu róng zhě
内部的	داخله؛ باطنی	nèi bù de
内心的	داخله؛ باطنی	nèi xīn de
小旅馆老板	صاحب مسافرخانه	xiǎo lǚ guǎn lǎo bǎn
客栈老板	صاحب مسافرخانه	kè zhàn lǎo bǎn
无罪	برائت؛ معصومیت	wú zuì
无罪的	منزه؛ روسفید	wú zuì de
不懂事的	منزه؛ روسفید	bù dǒng shì de
改革	نوآوری	gǎi gé
创新	نوآوری	chuàng xīn
革新的	نوآورانه	gé xīn de
创新的	نوآورانه	chuàng xīn de
数不清的	غیرقابل شمارش	shǔ bù qīng de
灌输	تلقیح؛ مایه کوبی	guàn shū
接种	تلقیح؛ مایه کوبی	jiē zhòng
不能动手术的	غیردایر؛ عملناپذیر	bù néng dòng shǒu shù de
不能手术的	غیردایر؛ عملناپذیر	bù néng shǒu shù de
不起作用的	غیردایر؛ نادایر	bù qǐ zuò yòng de
无效力的	غیردایر؛ نادایر	wú xiào lì de
不合时机的	نابجا؛ نابهنگام	bù hé shí jī de
不巧的	نابجا؛ نابهنگام	bù qiǎo de
问明	استفسار کردن؛ استمزاج کردن	wèn míng
询问的	استخبار	xún wèn de
打听的	استخبار	dǎ ting de
质询	سراغ؛ جستار	zhì xún
探索	سراغ؛ جستار	tàn suǒ
好问的	کنجکاو	hǎo wèn de
想知道的	کنجکاو	xiǎng zhī dào de
患精神病的	روانی؛ دیوانه	huàn jīng shén bìng de
极愚蠢的	روانی؛ دیوانه	jí yú chǔn de
愚顽	جنون؛ دیوانگی	yú wán
铭记于	محاط کردن؛ حکاکی کردن	míng jì yú
题字	ثبت؛ کتابت	tí zì
碑铭	ثبت؛ کتابت	bēi míng
难以了解的	نفوذ ناپذیر	nán yǐ liǎo jiě de
不能预测的	نفوذ ناپذیر	bù néng yù cè de
昆虫	حشره	kūn chóng
卑鄙的人	حشره	bēi bǐ de rén
不安全的	غیرمحفوظ؛ ناامن	bù ān quán de
不牢靠的	غیرمحفوظ؛ ناامن	bù láo kào de
不安全	تزلزل	bù ān quán
无保障	تزلزل	wú bǎo zhàng
不知的	غیرمحسوس؛ غیر حساس	bù zhī de
昏迷的	غیرمحسوس؛ غیر حساس	hūn mí de
对没有感觉的	لایعقل؛ بی غیرت	duì méi yǒu gǎn jué de
感觉迟钝的	لایعقل؛ بی غیرت	gǎn jué chí dùn de
不能分的	لاینفک	bù néng fēn de
不可分的	لاینفک	bù kě fēn de
插入物	وارد کردن	chā rù wù
把射入	وارد کردن	bǎ shè rù
插入	درج	chā rù
刊载	درج	kān zǎi
内部	داخل، درون	nèi bù
内部的人	خودی	nèi bù de rén
权威人士	خودی	quán wēi rén shì
察看	فراست؛ بصیرت	chá kàn
洞察力	فراست؛ بصیرت	dòng chá lì
勋章	آرم؛ نشان رسمی	xūn zhāng
无关紧要	ناقابلی؛ ناچیزی	wú guān jǐn yào
低微	ناقابلی؛ ناچیزی	dī wēi
无关紧要的	ناچیز؛ خفیف	wú guān jǐn yào de
无意义的	ناچیز؛ خفیف	wú yì yì de
无诚意的	بدونصمیمیت؛ بی صداقت	wú chéng yì de
曲意巴结的	ریشخند کننده	qū yì bā jie de
坚持	ابرام کردن؛ سماجت کردن	jiān chí
坚决主张	ابرام کردن؛ سماجت کردن	jiān jué zhǔ zhāng
坚持的	مصرانه؛ پافشار	jiān chí de
迫切的	مصرانه؛ پافشار	pò qiè de
傲慢	جسارت؛ وقاحت	ào màn
无耻	جسارت؛ وقاحت	wú chǐ
不能溶解的	غیر محلول	bù néng róng jiě de
不能解决的	غیر محلول	bù néng jiě jué de
失眠症	بیخوابی؛ بدخوابی	shī mián zhèng
检阅	بازرسی کردن	jiǎn yuè
检验	بازرسی	jiǎn yàn
检查员	بازرس	jiǎn chá yuán
巡视员	بازرس	xún shì yuán
灵感	الهام	líng gǎn
鼓舞人心的人或物	الهام	gǔ wǔ rén xīn de rén huò wù
使感动	الهام کردن؛ ملهم کردن	shǐ gǎn dòng
激发	الهام کردن؛ ملهم کردن	jī fā
安装	نصب کردن؛ کار گذاشتن	ān zhuāng
安置	نصب کردن؛ کار گذاشتن	ān zhì
就职	قسط؛ علیالحساب	jiù zhí
装设	قسط؛ علیالحساب	zhuāng shè
建议	وهله	jiàn yì
立即	فوری	lì jí
立即地	فوراً	lì jí de
作为替代	به جای	zuò wéi tì dài
反而	به جای	fǎn ér
鼓动	تحریک	gǔ dòng
煽动	تحریک	shān dòng
本能	غریزه	běn néng
直觉	غریزه	zhí jué
本能的	غریزی	běn néng de
学会	بنداد؛ انستیتو	xué huì
机构	بنگاه؛ موسسه	jī gòu
制度的	نهادی	zhì dù de
公共机构的	نهادی	gōng gòng jī gòu de
教	دستور دادن	jiào
教导	دستورالعمل	jiào dǎo
增进知识的	یاد دهنده	zēng jìn zhī shi de
教员	مربی	jiào yuán
讲师	مربی	jiǎng shī
仪器的	موثر	yí qì de
器具的	موثر	qì jù de
不顺从	نافرمانی؛ سر پیچی	bù shùn cóng
反抗	نافرمانی؛ سر پیچی	fǎn kàng
不充分	نارسائی؛ نابسندگی	bù chōng fèn
不够的	ناکافی	bù gòu de
不能胜任的	ناکافی	bù néng shèng rèn de
岛的	جزیرهای؛ غیر آزاد	dǎo de
岛民的	جزیرهای؛ غیر آزاد	dǎo mín de
绝缘的	عایق	jué yuán de
隔热的	عایق	gé rè de
侮辱的	موهن	wǔ rǔ de
损害人体的	موهن	sǔn hài rén tǐ de
保险	بیمه	bǎo xiǎn
确保	بیمه کردن؛ بیمه بدست آوردن	què bǎo
叛乱状态	یاغی گری	pàn luàn zhuàng tài
发生暴动	یاغی گری	fā shēng bào dòng
完整无损的	دست نخورده	wán zhěng wú sǔn de
难以明了的	لمس ناپذیر؛ درک نکردنی	nán yǐ míng liǎo de
无形的	لمس ناپذیر؛ درک نکردنی	wú xíng de
积分	جدایی ناپذیر	jī fēn
综合	یکپارچه کردن	zōng hé
使完整	یکپارچه کردن	shǐ wán zhěng
综合的	یکپارچه	zōng hé de
完整的	یکپارچه	wán zhěng de
与环境协调的行为	یکپارچگی	yú huán jìng xié tiáo de xíng wéi
正直	صداقت، یکپارچگی	zhèng zhí
廉正	صداقت، یکپارچگی	lián zhēng
智力	خرد؛ عقل	zhì lì
出众的才华	خرد؛ عقل	chū zhòng de cái huá
理解力	الباب	lǐ jiě lì
有知识者	روشنفکر؛ فکری	yǒu zhī shi zhě
知识分子	روشنفکر؛ فکری	zhī shi fèn zǐ
情报	هوش؛ آگاهی	qíng bào
智能的	باهوش	zhì néng de
易理解的	مفهوم؛ قابل فهم	yì lǐ jiě de
计划	بسیجیدن؛ قصد کردن	jì huà
打算	بسیجیدن؛ قصد کردن	dǎ suàn
强化	تشدید کردن	qiáng huà
强烈	شدت	qiáng liè
紧张	شدت	jǐn zhāng
加强的	فشرده	jiā qiáng de
内涵的	فشرده	nèi hán de
意图	قصد	yì tú
目的	خیال؛ آهنگ	mù dì
与目的有关的	عمدی؛ تعمدی	yú mù dì yǒu guān de
有意地	عمدا؛ تعمدا	yǒu yì de
在中间	مدفون ساختن	zài zhōng jiān
互相影响	تعامل داشتن	hù xiāng yǐng xiǎng
交互作用	تعامل داشتن	jiāo hù zuò yòng
交感	تعامل	jiāo gǎn
相互作用的	تعاملی	xiāng hù zuò yòng de
相互影响的	تعاملی	xiāng hù yǐng xiǎng de
说情	شفاعت کردن؛ پادر میانی کردن	shuō qíng
调解	شفاعت کردن؛ پادر میانی کردن	tiáo jiě
在细胞间的	بین یاختهای؛ داخل سلولی	zài xì bāo jiān de
立体交叉道	متناوب ساختن؛ جا بجا	lì tǐ jiāo chā dào
互换	متناوب ساختن؛ جا بجا	hù huàn
介入的	مداخله کننده	jiè rù de
并发的	مداخله کننده	bìng fā de
兴趣	علاقه، علاقه مند کردن	xìng qù
感兴趣的	علاقه‌مند	gǎn xìng qù de
有利害关系的	علاقه‌مند	yǒu lì hài guān xi de
分界面	رابط	fēn jiè miàn
接触面	رابط	jiē chù miàn
干涉	دخالت	gān shè
暂时的	موقت	zàn shí de
临时的	موقت	lín shí de
内政	داخلی	nèi zhèng
对话者	هم سخن؛ طرف صحبت	duì huà zhě
谈话者	هم سخن؛ طرف صحبت	tán huà zhě
仲裁者	مداخله کننده؛ وساطت کننده	zhòng cái zhě
调解者	مداخله کننده؛ وساطت کننده	tiáo jiě zhě
中间物	متوسط	zhōng jiān wù
调停者	متوسط	tiáo tíng zhě
冗长的	پایان ناپذیر؛ تمام نشدنی	rǒng cháng de
间歇的	نوبتی؛ نوبت دار	jiàn xiē de
内在的	داخلی؛ داخله	nèi zài de
国际的	بین‌المللی	guó jì de
互联网	اینترنت	hù lián wǎng
演出	ترجمه کردن؛ تعبیر کردن	yǎn chū
直译程序	مترجم؛ حلاج	zhí yì chéng xù
解释者	مترجم؛ حلاج	jiě shì zhě
贯穿	تقاطع کردن؛ از هم گذشتن	guàn chuān
横穿	تقاطع کردن؛ از هم گذشتن	héng chuān
州际的	بین ایالتی	zhōu jì de
国与国之间的	بین ایالتی	guó yú guó zhī jiān de
间隔	فاصله	jiàn gé
调停	مداخله کردن	tiáo tíng
介入	مداخله	jiè rù
面谈	مصاحبه، مصاحبه کردن	miàn tán
肠的	رودهای	cháng de
肠内的	رودهای	cháng nèi de
亲密	صمیمیت؛ محرمیت	qīn mì
亲密的	صمیمی	qīn mì de
私人的	صمیمی	sī rén de
亲切地	صمیمانه	qīn qiè de
亲密地	صمیمانه	qīn mì de
恐吓	مرعوب کردن؛ ارعاب کردن	kǒng hè
进入之内	به داخل	jìn rù zhī nèi
朝	به داخل	cháo
无法忍受的	تحمل ناپذیر؛ طاقت فرسا	wú fǎ rěn shòu de
难耐的	تحمل ناپذیر؛ طاقت فرسا	nán nài de
朗诵	تکیه صدا	lǎng sòng
语调	تکیه صدا	yǔ diào
喝醉的	سرمست؛ بدمست	hē zuì de
极其兴奋的	سرمست؛ بدمست	jí qí xīng fèn de
醉人的	سکرآور	zuì rén de
使人兴奋的	سکرآور	shǐ rén xīng fèn de
使醉	مستی؛ نشئه	shǐ zuì
沉醉状态	مستی؛ نشئه	chén zuì zhuàng tài
不听话的	ستیزه جو	bù tīng huà de
倔强的	ستیزه جو	jué jiàng de
无畏的	صارم	wú wèi de
勇猛的	صارم	yǒng měng de
纷乱	بغرنجی؛ ریزه کاری	fēn luàn
复杂的	بغرنج؛ معضل	fù zá de
错综的	بغرنج؛ معضل	cuò zōng de
复杂的事	دوز و کلک زدن؛ دوز و کلک چیدن	fù zá de shì
本质的	فطری	běn zhì de
原有的	فطری	yuán yǒu de
介绍	معرفی کردن	jiè shào
引入	معرفی کردن	yǐn rù
传入	مقدمه	chuán rù
进行反省	بخود آمدن؛ بخود برگشتن	jìn xíng fǎn xǐng
进行思想反省	بخود آمدن؛ بخود برگشتن	jìn xíng sī xiǎng fǎn xǐng
闯入	پادرازی کردن؛ فضولانه آمدن	chuǎng rù
侵入	پادرازی کردن؛ فضولانه آمدن	qīn rù
侵入者	مو؛ فضول	qīn rù zhě
干扰者	مو؛ فضول	gān rǎo zhě
侵扰	دخالت؛ پادرازی	qīn rǎo
拥入	حمله کردن	yōng rù
病人	علیل؛ نامعتبر	bìng rén
残废者	علیل؛ نامعتبر	cán fèi zhě
无价的	پر بها؛ غیرقابل تخمین	wú jià de
价值无法衡量的	پر بها؛ غیرقابل تخمین	jià zhí wú fǎ héng liáng de
不变的东西	نامغیر؛ نامتغیر	bù biàn de dōng xī
创作能力	اختراع	chuàng zuò néng lì
发明家	موجد؛ جاعل	fā míng jiā
发明人	موجد؛ جاعل	fā míng rén
倒转的	معکوس؛ وارون	dào zhuǎn de
倒转	برگشتگی؛ تقلیب	dào zhuǎn
倒置	برگشتگی؛ تقلیب	dào zhì
反向的	برگشته؛ نگون	fǎn xiàng de
投资	سرمایه گذاری کردن	tóu zī
花费	سرمایه گذاری کردن	huā fèi
审查	پژوهیدن؛ تحقیق کردن	shěn chá
调查者	بازپرس	diào chá zhě
审查者	بازپرس	shěn chá zhě
包埋料	سرمایه گذاری	bāo mái liào
投资者	سرمایه گذار	tóu zī zhě
根深的	سر سخت؛ ریشه کرده	gēn shēn de
成癖的	سر سخت؛ ریشه کرده	chéng pǐ de
无敌	شکست ناپذیری	wú dí
绝对不败	شکست ناپذیری	jué duì bù bài
不能征服的	شکست ناپذیر؛ مغلوب نشدنی	bù néng zhēng fú de
无敌的	شکست ناپذیر؛ مغلوب نشدنی	wú dí de
不可亵渎的	غصب نکردنی	bù kě xiè dú de
不可侵犯的	غصب نکردنی	bù kě qīn fàn de
未亵渎的	غصب نشدنی	wèi xiè dú de
未受侵犯的	غصب نشدنی	wèi shòu qīn fàn de
看不见的	نامرئی	kàn bu jiàn de
邀请	دعوتنامه	yāo qǐng
请柬	دعوتنامه	qǐng jiǎn
请求	دعوت کردن	qǐng qiú
祈求	احضار کردن	qí qiú
自然而然的	بی اختیار؛ غیر عمدی	zì rán ér rán de
无意识的	بی اختیار؛ غیر عمدی	wú yì shí de
使陷于	درگیر کردن	shǐ xiàn yú
不会受伤害的	زخم ناپذیر؛ آسیب ناپذیر	bù huì shòu shāng hài de
刀枪不入的	زخم ناپذیر؛ آسیب ناپذیر	dāo qiāng bù rù de
向内的	داخل رونده	xiàng nèi de
离子	یون؛ ایون	lí zǐ
希腊字母第位(	ایوتا	xī là zì mǔ dì wèi
极微小	ایوتا	jí wēi xiǎo
衣阿华州	آیوا	yī ā huá zhōu
爱尔兰	ایرلند	ài ěr lán
爱尔兰人	ایرلندی	ài ěr lán rén
爱尔兰语	ایرلندی	ài ěr lán yǔ
铁	آهن؛ اتو	tiě
熨斗	آهن؛ اتو	yùn dǒu
冷嘲的	کنایه‌آمیز	lěng cháo de
挖苦的	کنایه‌آمیز	wā kǔ de
冷嘲地	کنایه‌آمیزانه	lěng cháo de
挖苦地	کنایه‌آمیزانه	wā kǔ de
反语	کنایه	fǎn yǔ
讽刺	کنایه	fěng cì
无理数	بی منطق؛ غیر منطقی	wú lǐ shù
无理性的	بی منطق؛ غیر منطقی	wú lǐ xìng de
不能和解的	جور نشدنی؛ اصلاح ناپذیر	bù néng hé jiě de
不能协调的	جور نشدنی؛ اصلاح ناپذیر	bù néng xié tiáo de
不规则物	منحرف؛ یبس	bù guī zé wù
不合规格之物	منحرف؛ یبس	bù hé guī gé zhī wù
不规则	یبوست؛ بی حسابی	bù guī zé
不恰当的	نامربوط	bù qià dàng de
无关系的	نامربوط	wú guān xì de
不能修补的	بی کفاره؛ خوب نشدنی	bù néng xiū bǔ de
不能挽回的	بی کفاره؛ خوب نشدنی	bù néng wǎn huí de
约束不住的	منع ناپذیر؛ مطیع نشدنی	yuē shù bù zhù de
抑制不住的	منع ناپذیر؛ مطیع نشدنی	yì zhì bù zhù de
不顾的	صرفنظر از	bù gù de
无关的	صرفنظر از	wú guān de
不负责任的	وظیفهنشناس	bù fù zé rèn de
不可靠的	وظیفهنشناس	bù kě kào de
不能取消的	بلا عزل	bù néng qǔ xiāo de
灌溉	مشروب کردن؛ سیراب کردن	guàn gài
冲洗伤口	مشروب کردن؛ سیراب کردن	chōng xǐ shāng kǒu
冲洗的	مشروب	chōng xǐ de
冲洗	آبیاری	chōng xǐ
易怒	زودخشمی؛ زود رنجی	yì nù
刺激物	زودخشمی؛ زود رنجی	cì jī wù
急躁的	زودخشم	jí zào de
刺激性的	آزارنده؛ سوزش آور	cì jī xìng de
使发怒	رنجاندن؛ آزردن	shǐ fā nù
使愤怒的	رنجاننده؛ برخورنده	shǐ fèn nù de
岛	جزیره	dǎo
孤立地区	جزیره	gū lì dì qū
小岛	جزیره	xiǎo dǎo
使隔离	منزوی کردن	shǐ gé lí
使孤立	منزوی کردن	shǐ gū lì
孤立的	منزوی	gū lì de
孤零零的	منزوی	gū líng líng de
隔绝	انزوا	gé jué
孤立	انزوا	gū lì
发行	صدور	fā xíng
发布	صدور	fā bù
问题	شماره؛ موضوع	wèn tí
它	آن	tā
意大利人	ایتالیائی	yì dà lì rén
意大利语	ایتالیائی	yì dà lì yǔ
意大利	ایتالیا	yì dà lì
痒的	خارش؛ خنش	yǎng de
项目	مورد، قلم	xiàng mù
它的	مال آن	tā de
它本身	خودش	tā běn shēn
它自己	خودش	tā zì jǐ
象牙	عاجی؛ عاج	xiàng yá
乳白色	عاجی؛ عاج	rǔ bái sè
常春藤	پیچک	cháng chūn téng
夹克	ژاکت	jiā kè
锯齿状的	مضرس؛ دندانهدار	jù chǐ zhuàng de
锯齿形的	مضرس؛ دندانهدار	jù chǐ xíng de
监牢	زندان	jiān láo
监狱	زندان	jiān yù
拥塞之物	مربا، ترافیک	yōng sè zhī wù
一月	ژانویه	yī yuè
日本	ژاپن	rì běn
天然漆	ژاپن	tiān rán qī
日本人	ژاپنی	rì běn rén
日语	ژاپنی	rì yǔ
广口瓶	کوزه؛ سبو	yǎn kǒu píng
颚	فک؛ آرواره	è
爵士乐	جاز	jué shì yuè
妒忌	رشک؛ حسادت	dù jì
猜忌	رشک؛ حسادت	cāi jì
工装裤	شلوار جین	gōng zhuāng kù
牛仔裤	شلوار جین	niú zǎi kù
果冻	ژلاتین؛ لرزانک	guǒ dòng
胶状物	ژلاتین؛ لرزانک	jiāo zhuàng wù
危难	مخاطره؛ گرفتاری حقوقی	wēi nàn
性情古怪的人	زود کشیدن؛ تکان سریع دادن	xìng qíng gǔ guài de rén
急拉	زود کشیدن؛ تکان سریع دادن	jí lā
运动衫	پارچه کشباف	yùn dòng shān
耶路撒冷	اورشلیم؛ اورشلیم مقدس	yē lù sā lěng
笑柄	شوخی کردن؛ ببازی گرفتن	xiào bǐng
笑话	شوخی کردن؛ ببازی گرفتن	xiào huà
耶稣会信徒	یسوعیون	yē sū huì xìn tú
阴险的人	یسوعیون	yīn xiǎn de rén
喷射流	جت	pēn shè liú
喷嘴	جت	pēn zuǐ
贵重物	گوهر؛ جواهر	guì zhòng wù
贵重饰物	جواهرات	guì zhòng shì wù
犹太人的	یهودی؛ جهود	yóu tài rén de
犹太族的	یهودی؛ جهود	yóu tài zú de
叮当声	جرنگ؛ جلنگ	dīng dāng shēng
押韵	جرنگ؛ جلنگ	yā yùn
工作	شغل	gōng zuò
零活	شغل	líng huó
赛马骑师	سوارکار؛ چابک سوار	sài mǎ qí shī
开玩笑的	شوخی آمیز	kāi wán xiào de
诙谐的	شوخی آمیز	huī xié de
连接处	مشترک	lián jiē chǔ
共同地	تواماً؛ مشاعا	gòng tóng de
连带地	تواماً؛ مشاعا	lián dài de
震摇	تکان؛ تلق تلق	zhèn yáo
摇动	تکان؛ تلق تلق	yáo dòng
琼斯	جونز	qióng sī
推挤	تنه زدن	tuī jǐ
杂志	مجله؛ جورنال	zá zhì
新闻业	روزنامه نگاری	xīn wén yè
报章杂志	روزنامه نگاری	bào zhāng zá zhì
记者	روزنامه‌نگار	jì zhě
旅程	سفر	lǚ chéng
旅行	سفر	lǚ xíng
颚骨	کله ماهی	è gǔ
下鄂的垂肉	کله ماهی	xià è de chuí ròu
欢喜	نشاط؛ شادی	huān xǐ
乐事	نشاط؛ شادی	lè shì
欢喜的	طربناک؛ پرنشاط	huān xǐ de
法官	قاضی؛ داور	fǎ guān
裁判员	قاضی؛ داور	cái pàn yuán
审判	داوری؛ دادرسی	shěn pàn
裁判	داوری؛ قضاوت	cái pàn
法庭的	قضایی	fǎ tíng de
司法的	وابسته بدادگاه؛ قوه قضائیه	sī fǎ de
法院的	وابسته بدادگاه؛ قوه قضائیه	fǎ yuàn de
头脑精明的	روشن رای	tóu nǎo jīng míng de
贤明的	روشن رای	xián míng de
水壶	غلغلک؛ بستو	shuǐ hú
汁	آبمیوه	zhī
活力	آبمیوه	huó lì
七月	جولای	qī yuè
搀杂	درهم آمیختگی	chān zá
混杂	درهم آمیختگی	hùn zá
跳动	پریدن، پرش	tiào dòng
跳跃者	جهنده؛ سیم جهشی	tiào yuè zhě
工作服	جهنده؛ سیم جهشی	gōng zuò fú
会合处	تقاطع	huì hé chù
交叉点	مقاطع	jiāo chā diǎn
六月	ژوئن	liù yuè
丛林	جنگل	cóng lín
杂乱的一堆	جنگل	zá luàn de yī duī
年少者	اصغر	nián shào zhě
地位较低者	اصغر	dì wèi jiào dī zhě
杜松属	اردج	dù sōng shǔ
司法权	حوزه قضایی	sī fǎ quán
审判权	حوزه قضایی	shěn pàn quán
法律学	فقه	fǎ lǜ xué
法律体系	فقه	fǎ lǜ tǐ xì
陪审团	هیئت منصفه	péi shěn tuán
评判委员会	هیئت منصفه	píng pàn wěi yuán huì
正直的	عادلانه، فقط؛ فقط، همین الان	zhèng zhí de
合理的	عادلانه، فقط؛ فقط، همین الان	hé lǐ de
正义	داد؛ عدل	zhèng yì
可辩解的	توجیه پذیر	kě biàn jiě de
可证明的	توجیه پذیر	kě zhèng míng de
证明正当	توجیه	zhèng míng zhèng dāng
替辩护	توجیه کردن	tì biàn hù
理由充分地	الحق؛ انصافاً	lǐ yóu chōng fèn de
堪萨斯州	کانزاس	kān sà sī zhōu
克什米尔	کشمیر	kè shí mǐ ěr
锋利的	تیز	fēng lì de
维持	نگه داشتن	wéi chí
肯塔基州	کنتاکی	kěn tǎ jī zhōu
围巾	چار قد	wéi jīn
茶壶	کتری	chá hú
钥匙	کلید، اصلی	yào shi
键	کلید، اصلی	jiàn
键孔	سوراخ کلید	jiàn kǒng
栓孔	سوراخ کلید	shuān kǒng
可汗	خان	kè hán
商队宿店	خان	shāng duì sù diàn
反冲	لگد؛ باپازدن	fǎn chōng
小山羊	بچه	xiǎo shān yáng
小孩	بچه	xiǎo hái
肾	کلیه	shèn
杀	کشتن	shā
小河	کشتن	xiǎo hé
杀人者	آدم کش	shā rén zhě
屠杀者	آدم کش	tú shā zhě
公里	کیلومتر	gōng lǐ
千米	کیلومتر	qiān mǐ
点燃	افروختن؛ گیراندن	diǎn rán
使着火	افروختن؛ گیراندن	shǐ zháo huǒ
运动引起的	جنبشی؛ وابسته بحرکت	yùn dòng yǐn qǐ de
国王	پادشاه	guó wáng
王国	پادشاهی	wáng guó
国王的	خسروانه؛ ملوکانه	guó wáng de
高贵的	خسروانه؛ ملوکانه	gāo guì de
亲属关系	خویشاوندی؛ قوم وخویشی	qīn shǔ guān xi
家族关系	خویشاوندی؛ قوم وخویشی	jiā zú guān xi
吻	ماچ؛ بوسه	wěn
工具箱	کیت	gōng jù xiāng
厨房	آشپزخانه	chú fáng
全套炊具	آشپزخانه	quán tào chuī jù
风筝	زغن؛ خوا	fēng zhēng
筝帆	زغن؛ خوا	zhēng fān
小猫	بچهگربه	xiǎo māo
淘气姑娘	بچهگربه	táo qì gū niang
全部赌注	بچهگربه	quán bù dǔ zhù
熟练技术	لم؛ صدای شلاق	shú liàn jì shù
巧妙手法	لم؛ صدای شلاق	qiǎo miào shǒu fǎ
背包	پشتواره؛ توشه دان	bēi bāo
膝	زانو	xī
丧钟声	صدایی زنگ	sāng zhōng shēng
哀伤的声音	صدایی زنگ	āi shāng de shēng yīn
小刀	چاقو	xiǎo dāo
爵士	شوالیه؛ نجیب زاده	jué shì
编织	بافتن؛ کشبافی کردن	biān zhī
瘤	دستگیره	liú
敲	کوبیدن، ضربه زدن	qiāo
圆丘	نوک تپه	yuán qiū
结	گره؛ عقده	jiē
多节的	گرهدار؛ گرهای	duō jiē de
有节的	گرهدار؛ گرهای	yǒu jié de
有结的	پرگره؛ گره گیر	yǒu jiē de
知道	دانستن	zhī dào
了解	دانستن	liǎo jiě
学问	دانش	xué wèn
蹄爪	قرحه روده	tí zhǎo
膝关节	قرحه روده	xī guān jié
克里姆林宫	کرملین	kè lǐ mǔ lín gōng
实验室	آزمایشگاه	shí yàn shì
研究室	آزمایشگاه	yán jiū shì
标签	برچسب؛ برچسب زدن	biāo qiān
劳动	کار؛ نیروی کار؛ زایمان	láo dòng
体力劳动者	عمله	tǐ lì láo dòng zhě
辅助工	عمله	fǔ zhù gōng
艰苦的	کارکن	jiān kǔ de
费劲的	کارکن	fèi jìn de
迷宫	لابیرنت	mí gōng
难解事物	لابیرنت	nán jiě shì wù
饰带	بند؛ توری	shì dài
花边	بند؛ توری	huā biān
划破	جرح	huá pò
割破	جرح	gē pò
无	عدم؛ عاری	wú
仆人	چاکری کردن	pú rén
侍从	چاکری کردن	shì cóng
分泌乳汁	شیر مکیدن	fēn mì rǔ zhī
授乳	شیر مکیدن	shòu rǔ
乳的	شیری؛ شبیه شیر	rǔ de
乳汁的	شیری؛ شبیه شیر	rǔ zhī de
青年	پسر جوان	qīng nián
梯	نردبان	tī
发迹的途径	نردبان	fā jì de tú jìng
装满的	سنگین بار؛ بارگیری شده	zhuāng mǎn de
负载的	سنگین بار؛ بارگیری شده	fù zài de
夫人	خانم	fū ren
落后	عقب مانده	luò hòu
兽窝	لانه؛ کنام	shòu wō
湖	دریاچه	hú
池	دریاچه	chí
小羊	بره؛ گوشت بره	xiǎo yáng
羔羊	بره؛ گوشت بره	gāo yáng
跛足的	شل؛ لنگ	bǒ zú de
僵痛的	شل؛ لنگ	jiāng tòng de
悲叹	زاریدن؛ نوحه کردن	bēi tàn
悔恨	زاریدن؛ نوحه کردن	huǐ hèn
可悲的	زار	kě bēi de
薄板	لایه نازک؛ شاخه پرده ای	báo bǎn
用薄片层压制成	متورق	yòng báo piàn céng yā zhì chéng
切成薄片	متورق	qiē chéng báo piàn
灯	لامپ	dēng
灯具	لامپ	dēng jù
长矛	نیزه؛ نشتر زدن	cháng máo
柳叶刀	نیزه؛ نشتر زدن	liǔ yè dāo
陆地	زمین؛ فرود آمدن	lù dì
地面	زمین؛ فرود آمدن	dì miàn
登陆	فرود	dēng lù
无土地的	بدون زمین	wú tǔ dì de
无土地所有权的	بدون زمین	wú tǔ dì suǒ yǒu quán de
房东	صاحبخانه	fáng dōng
地主	صاحبخانه	dì zhǔ
陆标	نشانه، بنای تاریخی	lù biāo
划时代的事	نشانه، بنای تاریخی	huà shí dài de shì
土地所有人	صاحب ملک	tǔ dì suǒ yǒu rén
风景	چشم انداز	fēng jǐng
山水	چشم انداز	shān shuǐ
语言	زبان	yǔ yán
文字	زبان	wén zì
疲倦的	بی حال	pí juàn de
羊毛脂	لانولین	yáng máo zhī
灯笼	فانوس؛ چراغ توری	dēng lóng
提灯	فانوس؛ چراغ توری	tí dēng
膝盖	دامان	xī gài
舔	دامان	tiǎn
流逝	زوال؛ خرف شدن	liú shì
丧失的	ساقط	sàng shī de
膝上型的	لپ‌تاپ	xī shàng xíng de
大量的	بزرگ	dà liàng de
大规模的	گسترده	dà guī mó de
大范围的	گسترده	dà fàn wéi de
云雀	غزلاغ	yún què
百灵鸟	غزلاغ	bǎi líng niǎo
喉头的	حنجری؛ حنجرهای	hóu tóu de
喉头治疗用的	حنجری؛ حنجرهای	hóu tóu zhì liáo yòng de
喉头	حنجره	hóu tóu
激光	لیزر	jī guāng
鞭子	شلاق؛ تازیانه	biān zi
鞭打	شلاق؛ تازیانه	biān dǎ
最后的	آخرین؛ آخرین (صفت)؛ طول کشیدن	zuì hòu de
末尾的	آخرین؛ آخرین (صفت)؛ طول کشیدن	mò wěi de
上闩	چفت؛ چفت کردن	shǎng shuān
迟的	دیر	chí de
晚的	دیر	wǎn de
近来	اخیراً	jìn lái
最近	اخیراً	zuì jìn
迟	تاخیر	chí
晚	تاخیر	wǎn
潜伏性的	نهفته	qián fú xìng de
随后	بعدا؛ دیرتر	suí hòu
侧部	جانبی؛ جناحی	cè bù
支线	جانبی؛ جناحی	zhī xiàn
车床	چرخ خراطی	chē chuáng
拉丁人	لاتین	lā dīng rén
拉丁语	لاتین	lā dīng yǔ
纬度	عرض	wěi dù
后者的	دومی	hòu zhě de
较后的	دومی	jiào hòu de
鸦片酊	مخلوط افیون	yā piàn dīng
鸦片酒	مخلوط افیون	yā piàn jiǔ
笑	خنده، خندیدن	xiào
下水	روانهسازی؛ روانه کردن	xià shuǐ
汽艇	روانهسازی؛ روانه کردن	qì tǐng
月桂树	دهمست؛ درخت غار	yuè guì shù
熔岩	گدازه	róng yán
火山岩	گدازه	huǒ shān yán
法律	قانون	fǎ lǜ
法则	قانون	fǎ zé
违反法律	قانون شکنی	wéi fǎn fǎ lǜ
法律许可的	مجاز؛ مشروع	fǎ lǜ xǔ kě de
守法的	مجاز؛ مشروع	shǒu fǎ de
非法的	بی قانونی	fēi fǎ de
不服从法律	بی قانونی	bù fú cóng fǎ lǜ
不受法律制约	بی قانونی	bù shòu fǎ lǜ zhì yuē
草地	چمن	cǎo dì
草坪	چمن	cǎo píng
诉讼	دعوی حقوقی	sù sòng
松的	شل؛ لمس	sōng de
不严格的	شل؛ لمس	bù yán gé de
松弛	لینت	sōng chí
不检点	لینت	bù jiǎn diǎn
层	طبقه؛ لا	céng
产卵鸡	طبقه؛ لا	chǎn luǎn jī
布局	طرح‌بندی	bù jú
怠惰	تنبلی؛ بیعاری	dài duò
无精打采	تنبلی؛ بیعاری	wú jīng dǎ cǎi
怠惰的	تنبل	dài duò de
引导	رهبری کردن	yǐn dǎo
铅	رهبری کردن	qiān
铅制的	سربی؛ مانند سرب	qiān zhì de
呆滞的	سربی؛ مانند سرب	dāi zhì de
领导能力	سری؛ رهبری	lǐng dǎo néng lì
领导阶层	سری؛ رهبری	lǐng dǎo jiē céng
叶	برگ؛ برگ دادن	xié
花瓣	برگ؛ برگ دادن	huā bàn
小叶	بروشور	xiǎo xié
传单	بروشور	chuán dān
叶茂盛的	برگدار؛ پر برگ	xié mào shèng de
多叶的	برگدار؛ پر برگ	duō yè de
漏洞	نشت، نشت کردن	lòu dòng
漏处	نشت، نشت کردن	lòu chǔ
漏	چکه؛ تراوش	lòu
瘦肉	وادادن؛ لخم	shòu ròu
剧增	جهش	jù zēng
学习	یاد گرفتن	xué xí
认识到	یاد گرفتن	rèn shi dào
学习者	یادگیرنده	xué xí zhě
初学者	یادگیرنده	chū xué zhě
学识	یادگیری	xué shí
租约	اجاره؛ اجاره کردن	zū yuē
租期	اجاره؛ اجاره کردن	zū qī
皮带	مرس؛ بند زدن	pí dài
最少	کمترین	zuì shǎo
最小	کمترین	zuì xiǎo
皮革	چرم؛ چرمی کردن	pí gé
皮制品	چرم؛ چرمی کردن	pí zhì pǐn
告别	ترک کردن	gào bié
谴责	سخنرانی، سخنرانی کردن	qiǎn zé
演讲者	مدرس؛ سخنران	yǎn jiǎng zhě
分类帐	دفتر کل	fēn lèi zhàng
分户总帐	دفتر کل	fēn hù zǒng zhàng
水蛭	علقه؛ زالو	shuǐ zhì
吸血鬼	علقه؛ زالو	xī xuè guǐ
左边	چپ، باقی مانده	zuǒ bian
腿	پا	tuǐ
路程	پا	lù chéng
祖先传下来之物	میراث	zǔ xiān chuán xià lai zhī wù
法律的	قانونی؛ مشروع	fǎ lǜ de
法定的	قانونی؛ مشروع	fǎ dìng de
传说	افسانه	chuán shuō
传奇文学	افسانه	chuán qí wén xué
传奇中说的	افسانه‌ای	chuán qí zhōng shuì de
有腿的	پایه دار؛ پا بلند	yǒu tuǐ de
护胫	پاتابه	hù jìng
护腿	پاتابه	hù tuǐ
军团	لژیون؛ سپاه رومی	jūn tuán
立法	قانون‌گذاری	lì fǎ
立法机构	قانون‌گذاری	lì fǎ jī gòu
立法的	قانون‌گذاری	lì fǎ de
立法者	شارع؛ مقنن	lì fǎ zhě
立法官	شارع؛ مقنن	lì fǎ guān
立法机关	قوه مقننه	lì fǎ jī guān
合法的	مشروع	hé fǎ de
正当的	مشروع	zhèng dāng de
空闲	فراغت؛ وقت کافی	kòng xián
闲暇	فراغت؛ وقت کافی	xián xiá
悠闲的	تفریحانه	yōu xián de
从容的	تفریحانه	cóng róng de
柠檬	لیمو	níng méng
柠檬水	لیموناد؛ شربت آبلیمو	níng méng shuǐ
贷款给	قرض دادن	dài kuǎn gěi
出借人	وام ده	chū jiè rén
贷方	وام ده	dài fāng
长度	درازی؛ طول	cháng dù
期间	درازی؛ طول	qī jiān
加长	دراز کردن؛ دراز شدن	jiā cháng
使延长	دراز کردن؛ دراز شدن	shǐ yán cháng
漫长的	طولانی	màn cháng de
宽大的	آسان گیر؛ ضد یبوست	kuān dà de
镜头	لنز	jìng tóu
麻疯病患者	جذامی	má fēng bìng huàn zhě
受蔑视的人	جذامی	shòu miè shì de rén
麻疯病	جذام؛ خوره	má fēng bìng
女同性恋的	لزبین	nǚ tóng xìng liàn de
女同性恋者	لزبین	nǚ tóng xìng liàn zhě
较少	کمتر	jiào shǎo
较小	کمتر	jiào xiǎo
较少的	کمتر	jiào shǎo de
较小的	کمتر	jiào xiǎo de
课	درس	kè
教训	درس	jiào xun
让	اجازه دادن	ràng
致死因子	کشنده	zhì sǐ yīn zǐ
昏睡	تهاون؛ سبات	hūn shuì
瞌睡	تهاون؛ سبات	kē shuì
信	نامه	xìn
早朝	بارعام دادن؛ سلام عام	zǎo cháo
大堤	بارعام دادن؛ سلام عام	dà dī
水平	سطح	shuǐ píng
级别	سطح	jí bié
轻浮	سبک سری	qīng fú
税款	مالیات بندی؛ نام نویسی	shuì kuǎn
所征的人数	مالیات بندی؛ نام نویسی	suǒ zhēng de rén shù
字典的	لغوی	zì diǎn de
词汇的	لغوی	cí huì de
有义务的	مسئول	yǒu yì wù de
应负责的	مسئول	yìng fù zé de
说谎者	دروغگو؛ چاخان	shuō huǎng zhě
自由主义者	آزاداندیش	zì yóu zhǔ yì zhě
自由主义	آزادمنشی؛ آزادگی	zì yóu zhǔ yì
解放的	آزادشده	jiě fàng de
解放者	آزاد کننده؛ نجات دهنده	jiě fàng zhě
释放者	آزاد کننده؛ نجات دهنده	shì fàng zhě
图书馆员	کتابدار	tú shū guǎn yuán
图书管理员	کتابدار	tú shū guǎn lǐ yuán
图书馆	کتابخانه	tú shū guǎn
藏书	کتابخانه	cáng shū
许可证	مجوز؛ پروانه دادن	xǔ kě zhèng
青苔	گل سنگ	qīng tái
地衣	گل سنگ	dì yī
少许	لیس؛ لیسه	shǎo xǔ
躺	دراز کشیدن	tǎng
说谎	دراز کشیدن	shuō huǎng
中尉	ستوان	zhōng wèi
助理人员	ستوان	zhù lǐ rén yuán
生活	زندگی	shēng huó
生命	زندگی	shēng mìng
无生命的	خشک؛ موات	wú shēng mìng de
无趣味的	خشک؛ موات	wú qù wèi de
终身的	مادام‌العمر	zhōng shēn de
毕生的	مادام‌العمر	bì shēng de
生活方式	سبک زندگی	shēng huó fāng shì
一生	طول عمر	yī shēng
终生	طول عمر	zhōng shēng
结带	بندیزه	jiē dài
纽带	بندیزه	niǔ dài
光	روشن کردن؛ سبک؛ نور، روشن	guāng
轻的	روشن کردن؛ سبک؛ نور، روشن	qīng de
照亮	سبک کردن؛ تنویر کردن	zhào liàng
点亮	سبک کردن؛ تنویر کردن	diǎn liàng
舞台灯光	نورپردازی	wǔ tái dēng guāng
光亮度	خفت؛ سبکی	guāng liàng dù
浅淡	خفت؛ سبکی	qiǎn dàn
闪电	صاعقه؛ آذرخش	shǎn diàn
可能	احتمال	kě néng
有可能的	احتمالی	yǒu kě néng de
把比作	مشبه	bǎ bǐ zuò
相象	سان؛ مثال	xiāng xiàng
相似物	سان؛ مثال	xiāng sì wù
丁香	یاس شیروانی	dīng xiāng
淡紫色	یاس شیروانی	dàn zǐ sè
百合	سوسنی؛ گلایل	bǎi hé
洁白的	سوسنی؛ گلایل	jié bái de
四肢	اندام	sì zhī
枝干	اندام	zhī gān
有肢体的	عضودار	yǒu zhī tǐ de
地狱边缘	برزخ	dì yù biān yuán
石灰	آهک؛ سنگ آهک	shí huī
粘鸟胶	آهک؛ سنگ آهک	nián diǎo jiāo
石灰石	سنگ آهک	shí huī shí
石灰岩	سنگ آهک	shí huī yán
界限	حساب؛ حد	jiè xiàn
缺陷	محدودیت	quē xiàn
有限制的	محدود؛ منحصر	yǒu xiàn zhì de
无界限的	بیحد؛ بی نهایت	wú jiè xiàn de
跛行	شلیدن؛ لنگیدن	bǒ háng
柔软的	شلیدن؛ لنگیدن	róu ruǎn de
林肯	لینکلن	lín kěn
线	خط	xiàn
行	خط	háng
血统	سویه؛ اصل ونسب	xuè tǒng
直系	سویه؛ اصل ونسب	zhí xì
线的	خطی	xiàn de
线状的	خطی	xiàn zhuàng de
亚麻布	کتانی؛ کتان	yà má bù
亚麻线	کتانی؛ کتان	yà má xiàn
一排人	صف‌آرایی، ترکیب	yī pái rén
一组人	صف‌آرایی، ترکیب	yī zǔ rén
逗留	معطل ماندن	dòu liú
消磨	معطل ماندن	xiāo mó
环	پیوند، پیوند دادن	huán
连结物	پیوند، پیوند دادن	lián jié wù
油地毡	مشمع	yóu de zhān
漆布	مشمع	qī bù
亚麻籽	بزرک؛ برزگ	yà má zǐ
亚麻子	بزرک؛ برزگ	yà má zǐ
狮子	شیر	shī zǐ
唇	لب	chún
口缘	لب	kǒu yuán
液化	آبگونسازی	yè huà
流体	مایع؛ ماچی	liú tǐ
咬着舌说	شلی زبان	yǎo zhāo shé shuì
口齿不清	شلی زبان	kǒu chǐ bù qīng
名单	فهرست، فهرست کردن	míng dān
收听者	شنونده	shōu tīng zhě
双耕犁	سجاف دوز	shuāng gēng lí
制表人	سجاف دوز	zhì biǎo rén
列表	فهرست‌بندی	liè biǎo
清单	فهرست‌بندی	qīng dān
读写能力	سواد	dú xiě néng lì
识字	سواد	shí zì
逐字的	حرفی؛ لفظی	zhú zì de
字面上的	حرفی؛ لفظی	zì miàn shǎng de
逐字地	به معنای واقعی کلمه	zhú zì de
按照字面上地	به معنای واقعی کلمه	àn zhào zì miàn shǎng de
文学的	ادبی	wén xué de
文艺的	ادبی	wén yì de
学者	باسواد	xué zhě
有读写能力的	باسواد	yǒu dú xiě néng lì de
文学	ادبیات؛ ادب وهنر	wén xué
文艺	ادبیات؛ ادب وهنر	wén yì
立陶宛	لیتوانی	lì táo wǎn
升	لیتر	shēng
垃圾	آشغال	lā jī
一点点	کمی (قید)؛ کمی، کوچک	yī diǎn diǎn
活的	زندگی کردن	huó de
营生	معیشت؛ عقل معاش	yíng shēng
鲜明的	باروح؛ سبکروح	xiān míng de
肝脏	کبد	gān zàng
生活者	کبد	shēng huó zhě
穿制服的	در کسوت	chuān zhì fú de
穿号衣的	در کسوت	chuān hào yī de
利物浦	لیورپول	lì wù pǔ
制服	لباس مستخدم؛ علیق اسب	zhì fú
铁青的	کبود شده	tiě qīng de
青紫的	کبود شده	qīng zǐ de
负荷	بار؛ محمول	fù hè
担子	بار؛ محمول	dàn zi
装载	بارگیری؛ بارکنش	zhuāng zài
装填	بارگیری؛ بارکنش	zhuāng tián
一条面包	تکه؛ ولگردی کردن	yī tiáo miàn bāo
懒人	بیکاره	lǎn rén
借出	عاریه؛ وام	jiè chū
大厅	لابی، لابی کردن	dà tīng
休息室	لابی، لابی کردن	xiū xī shì
龙虾	خرچنگ	lóng xiā
地方性的	محلی	dì fāng xìng de
当地的	محلی	dāng dì de
所在	محل خاص	suǒ zài
处于	ساکن	chǔ yú
位于	ساکن	wèi yú
位置	محل	wèi zhi
场所	محل	chǎng suǒ
锁	قفل، قفل کردن	suǒ
关门时间	زندانکردن	guān mén shí jiān
拘留所	زندانکردن	jū liú suǒ
移动	نقل وانتقال	yí dòng
火车头	لکوموتیو؛ نیروی محرکه	huǒ chē tóu
机车	لکوموتیو؛ نیروی محرکه	jī chē
移动的	حرکتی؛ نقص تحرک	yí dòng de
轨迹	مکان هندسی	guǐ jì
地点	مکان هندسی	dì diǎn
门房	بیتوته کردن؛ ماوا دادن	mén fáng
寄宿处	منزل گاه؛ محل سکونت	jì sù chǔ
提起	منزل گاه؛ محل سکونت	tí qǐ
高的	سنی؛ منیع	gāo de
记录	گزارش، ثبت کردن	jì lù
圆木	گزارش، ثبت کردن	yuán mù
逻辑	منطق	luó ji
推理的方法	منطق	tuī lǐ de fāng fǎ
合乎逻辑的	منطقی	hé hū luó ji de
连合活字	لوگو	lián hé huó zì
腰部	گرد	yāo bù
腰肉	گرد	yāo ròu
游荡	پرسه زنی	yóu dàng
伦敦	لندن	lún dūn
孤单的	مجزا ومنفرد	gū dān de
寂寞	تنهایی؛ غریبی	jì mò
孤独	تنهایی؛ غریبی	gū dú
孤寂的	غریب؛ تنها	gū jì de
长的	بلند، طولانی	cháng de
长久的	بلند، طولانی	cháng jiǔ de
经度的	طولی	jīng dù de
经线的	طولی	jīng xiàn de
长期存在的	دیرینه	cháng qī cún zài de
长时间的	طولانی‌مدت	cháng shí jiān de
历久的	طولانی‌مدت	lì jiǔ de
一看	نگاه؛ نگاه کردن	yī kān
神色	نگاه؛ نگاه کردن	shén sè
前途	چشم انداز	qián tú
织布机	در افق پدیدار شدن	zhī bù jī
若隐若现的景象	در افق پدیدار شدن	ruò yǐn ruò xiàn de jǐng xiàng
圈	حلقه	juān
枪眼	مزغل ساختن؛ سوراخ سنگر	qiāng yǎn
小窗	مزغل ساختن؛ سوراخ سنگر	xiǎo chuāng
放任	گشاد؛ شل	fàng rèn
松弛地	باشلی	sōng chí de
宽松地	باشلی	kuān sōng de
赃物	غارت کردن	zāng wù
洗劫	غارت کردن	xǐ jié
大步慢跑	وخیز درآوردن	dà bù màn pǎo
统治者	ارباب؛ خداوند	tǒng zhì zhě
贵族身分	اربابی؛ سیادت	guì zú shēn fèn
主权	اربابی؛ سیادت	zhǔ quán
眼光	فرهنگ نژادی؛ وروایات قومی	yǎn guāng
长柄眼镜	عینک پنسی	cháng bǐng yǎn jìng
有柄眼镜	عینک پنسی	yǒu bǐng yǎn jìng
卡车	کامیون	kǎ chē
货车	کامیون	huò chē
遗失	از دست دادن	yí shī
损失	از دست دادن	sǔn shī
失去的	گمشده	shī qù de
遗失的	گمشده	yí shī de
签	مقدار زیادی	qiān
洗液	کرم؛ لوسیون	xǐ yè
洗剂	کرم؛ لوسیون	xǐ jì
奖券	قرعه کشی	jiǎng quàn
彩票	قرعه کشی	cǎi piào
大声的	بلند (صدا)	dà shēng de
高声地	با صدای بلند	gāo shēng de
大声地	با صدای بلند	dà shēng de
闲逛	اطاق استراحت؛ سالن استراحت	xián guàng
休闲室	اطاق استراحت؛ سالن استراحت	xiū xián shì
虱子	شپش؛ جو جو	shī zi
寄生虫	شپش؛ جو جو	jì shēng chóng
蠢人	الدنگ؛ سرفرود آوردن	chǔn rén
愚弄	الدنگ؛ سرفرود آوردن	yú nòng
爱	عشق، عاشق بودن	ài
爱人	یار؛ عاشق	ài ren
钟情的	عاشقانه؛ مشتاق	zhōng qíng de
钟爱地	مشتاقانه	zhōng ài de
低点	پایین	dī diǎn
低价	پایین	dī jià
忠贞	وفاداری	zhōng zhēn
忠诚	وفاداری	zhōng chéng
菱形	لوزی؛ شکل لوزی	líng xíng
锭剂	لوزی؛ شکل لوزی	dìng jì
润滑的	روغن؛ چرب کننده	rùn huá de
润滑物	روغن؛ چرب کننده	rùn huá wù
吉祥的	خوش شانس	jí xiáng de
有利益的	پرمنفعت	yǒu lì yì de
获利的	پرمنفعت	huò lì de
皮箱	توشه؛ بنه	pí xiāng
腰的	مهره کمر؛ ناحیه کمر	yāo de
腰部的	مهره کمر؛ ناحیه کمر	yāo bù de
木材	الوار؛ تیر بریده	mù cái
破旧家俱	الوار؛ تیر بریده	pò jiù jiā jù
发光的	تابان؛ شب نما	fā guāng de
精神失常者	مجانین	jīng shén shī cháng zhě
精神病人	مجانین	jīng shén bìng rén
午餐	ناهار	wǔ cān
午宴	غذای مفصل	wǔ yàn
午餐会	غذای مفصل	wǔ cān huì
肺	ریه؛ جگر سفید	fèi
空地	ریه؛ جگر سفید	kōng dì
火烧似的	شعله تیره؛ شعله دودنما	huǒ shāo shì de
苍白的	شعله تیره؛ شعله دودنما	cāng bái de
豪华的	مجلل؛ تجملی	háo huá de
豪华	عیش؛ تجمل	háo huá
横躺的	دروغگو؛ کذاب	héng tǎng de
淋巴	لنف	lín bā
浆	لنف	jiāng
淋巴的	بلغمی؛ لنفاوی	lín bā de
淋巴性的	بلغمی؛ لنفاوی	lín bā xìng de
私刑	مثله کردن	sī xíng
私罚	مثله کردن	sī fá
抒情诗	متن ترانه	shū qíng shī
歌词	متن ترانه	gē cí
抒情诗调的	بزمی؛ غنایی	shū qíng shī diào de
有抒情味的	بزمی؛ غنایی	yǒu shū qíng wèi de
机器	ماشین	jī qì
机械装置	ماشین	jī xiè zhuāng zhì
雨衣	پارچه بارانی	yǔ yī
防水布	پارچه بارانی	fáng shuǐ bù
发疯的	شوریده؛ دیوانه وار	fā fēng de
女士	مادام	nǚ shì
小姐	دوشیزه؛ مادموازل	xiǎo jie
发狂地	دیوانه وار	fā kuáng de
精神失常地	دیوانه وار	jīng shén shī cháng de
愚蠢的行为	شوریدگی؛ شیدائی	yú chǔn de xíng wéi
马德里	مادرید	mǎ dé lǐ
仓库	مجله	cāng kù
魔术	طلسم؛ سحر	mó shù
魔法	طلسم؛ سحر	mó fǎ
魔术的	جادویی	mó shù de
有魔力的	جادویی	yǒu mó lì de
魔术家	مغ؛ ساحر	mó shù jiā
幻术家	مغ؛ ساحر	huàn shù jiā
镁	تباشیر؛ منیری	měi
磁铁	مغناطیس؛ مقناطیس	cí tiě
有吸引力之人	مغناطیس؛ مقناطیس	yǒu xī yǐn lì zhī rén
有磁性的	مغناطیسی	yǒu cí xìng de
放大的	درشت نمایی	fàng dà de
巨大	بزرگی	jù dà
重大	بزرگی	zhòng dà
木兰	ماگنولیا	mù lán
浅桃红色	ماگنولیا	jiān táo hóng sè
未婚女子	خادمه؛ ندیمه	wèi hūn nǚ zǐ
年轻未婚女子	دختر باکره	nián qīng wèi hūn nǚ zǐ
邮件	پست، پست کردن	yóu jiàn
邮政	پست، پست کردن	yóu zhèng
使残废	چلاق کردن؛ نقص عضو	shǐ cán fèi
使不能工作	چلاق کردن؛ نقص عضو	shǐ bù néng gōng zuò
主要部分	اصلی	zhǔ yào bù fen
干线	اصلی	gàn xiàn
本土	سرزمین اصلی	běn tǔ
大抵	عمدتا	dà dǐ
主流	جریان اصلی	zhǔ liú
维修	نگهداری کردن	wéi xiū
维护	نگهداری	wéi hù
保持	نگهداری	bǎo chí
宏伟的	شاهانه؛ باعظمت	hóng wěi de
最高权威	جبروت؛ حضرت	zuì gāo quán wēi
威严	جبروت؛ حضرت	wēi yán
主修课	اصلی، عمده	zhǔ xiū kè
成年人	اصلی، عمده	chéng nián rén
多数	غالب؛ اکثریت	duō shù
大半	غالب؛ اکثریت	dà bàn
捏造	آرایش	niē zào
制作	ساخت	zhì zuò
颧骨	مالا	quán gǔ
瘴气	مالاریا؛ نوبه	zhàng qì
疟疾的	مالاریایی؛ نوبه ای	nüè jí de
抱不平的	آماده شورش	bào bù píng de
雄性动物	مرد، مردانه	xióng xìng dòng wù
有恶意的	کج اندیش	yǒu è yì de
坏心肠的	کج اندیش	huài xīn cháng de
蓄意害人	بدنهادی؛ بدذاتی	xù yì hài rén
怀恶意的	خبیث؛ غرضآلود	huái è yì de
恶毒的	خبیث؛ غرضآلود	è dú de
恶性的	خبیث؛ بدخیم	è xìng de
木槌	کلوخ کوب	mù chuí
球棍	کلوخ کوب	qiú gùn
营养失调	سوء تغزیه	yíng yǎng shī diào
营养不良	سوء تغزیه	yíng yǎng bù liáng
麦芽	مالت؛ مالت زدن	mài yá
哺乳动物	پستاندار	bǔ rǔ dòng wù
乳房的	پستانی	rǔ fáng de
经营	مدیریت؛ مدریت	jīng yíng
经理	مدیر	jīng lǐ
管理员	مدیر	guǎn lǐ yuán
管理上的	مدیریتی	guǎn lǐ shǎng de
曼彻斯特	منچستر	màn chè sī tè
命令的	الزامی	mìng lìng de
托管的	الزامی	tuō guǎn de
嘴的上部	زفر	zuǐ de shàng bù
鬃毛	یال	zōng máo
演习	مانور؛ تمرین نظامی	yǎn xí
调遣	مانور؛ تمرین نظامی	diào qiǎn
兽疥癣	گری؛ گرداندن	shòu jiè xuǎn
马槽	آخور	mǎ cáo
牛槽	آخور	niú cáo
成年	مردی؛ رجولیت	chéng nián
癫狂的	مجنون	diān kuáng de
载货单	آشکار کردن	zài huò shàn
运货单	آشکار کردن	yùn huò shàn
宣言	اعلامیه؛ اشعاریه	xuān yán
马尼拉	مانیل؛ کاغذ مانیل	mǎ ní lā
利用	دستکاری کردن	lì yòng
操作	دستکاری	cāo zuò
男性	بشر؛ نژاد انسان	nán xìng
象男人的	مردانه؛ مردوار	xiàng nán rén de
强壮的	مردانه؛ مردوار	qiáng zhuàng de
吗哪天赐食物	گزانگبین	mǎ nǎ tiān cì shí wù
精神食粮	گزانگبین	jīng shén shí liáng
样子	رفتار، روش	yàng zi
庄园	ملک تیولی	zhuāng yuán
采邑	ملک تیولی	cǎi yì
宅邸	کاخ؛ عمارت بزرگ	zhái dǐ
斗篷	غاشیه؛ کلاه توری	dǒu peng
罩子	غاشیه؛ کلاه توری	zhào zi
&.覆盖	غواشی	fù gài
手册	دستی؛ یدی	shǒu cè
手的	دستی؛ یدی	shǒu de
产品	تولید کردن	chǎn pǐn
制造业	تولید	zhì zào yè
肥料	کود کشاورزی	féi liào
粪肥	کود کشاورزی	fèn féi
手稿	دست‌نوشته	shǒu gǎo
原稿	دست‌نوشته	yuán gǎo
地图	نقشه	dì tú
天体图	نقشه	tiān tǐ tú
映射	نقشه کشی	yìng shè
变换	نقشه کشی	biàn huàn
马拉松	ماراتن	mǎ lā sōng
耐力的考验	ماراتن	nài lì de kǎo yàn
大理石	مهره؛ مرمر	dà lǐ shí
石弹	مهره؛ مرمر	shí dàn
大理石纹的	مرمرنما	dà lǐ shí wén de
三月	مارس؛ رژه	sān yuè
母马	مادیان؛ اسب ماده	mǔ mǎ
母驴	مادیان؛ اسب ماده	mǔ lǘ
页边的空白	حاشیه	yè biān de kòng bái
边缘的	حاشیه‌ای	biān yuán de
最低限度的	حاشیه‌ای	zuì dī xiàn dù de
水兵	دریایی	shuǐ bīng
海的	وابسته بدریانوردی	hǎi de
海上的	وابسته بدریانوردی	hǎi shàng de
分数	علامت، علامت گذاشتن	fēn shù
作记号的人	نشانگر	zuō jì hao de rén
记分员	نشانگر	jì fēn yuán
市场	بازار	shì chǎng
品牌	علامت مخصوص	pǐn pái
型号	علامت مخصوص	xíng hào
婚姻	عروسی؛ ازدواج	hūn yīn
结婚	عروسی؛ ازدواج	jié hūn
已婚的	متاهل	yǐ hūn de
婚姻的	متاهل	hūn yīn de
髓	مغز؛ قسمت عمده	suǐ
与结婚	ازدواج کردن	yú jié hūn
娶	ازدواج کردن	qǔ
火星	بهرام؛ مریخ	huǒ xīng
战神	بهرام؛ مریخ	zhàn shén
元帅	مارشال؛ ارتشبد	yuán shuài
陆空军高级将官	مارشال؛ ارتشبد	lù kōng jūn gāo jí jiàng guān
男子名	مارشال	nán zǐ míng
战争的	رزمی	zhàn zhēng de
军事的	رزمی	jūn shì de
烈士	شهید	liè shì
受苦者	شهید	shòu kǔ zhě
殉教	شهادت	xùn jiào
殉难	شهادت	xùn nàn
奇异事物	شگفت داشتن؛ حیرت زده شدن	qí yì shì wù
罕见例子	شگفت داشتن؛ حیرت زده شدن	hǎn jiàn lì zi
阳性	مکر؛ مردانه	yáng xìng
碎麦芽	خمیر کردن؛ درهم وبرهمی	suì mài yá
面具	ماسک	miàn jù
掩饰	ماسک	yǎn shì
泥瓦匠	بنا؛ فراماسیون	ní wǎ jiàng
共济会会员	بنا؛ فراماسیون	gòng jì huì huì yuán
砖石部分	حجاری؛ فراماسیونی	zhuān shí bù fen
大多数	توده؛ کپه کردن	dà duō shù
按摩	مالیدن؛ ماساژ	àn mó
揉	مالیدن؛ ماساژ	róu
大而重的	عظیم؛ گنده	dà ér chóng de
桅	دگل	wéi
硕士	استاد؛ ارباب؛ مسلط شدن	shuò shì
杰作	شاهکار؛ شیرین کاری	jié zuò
名著	شاهکار؛ شیرین کاری	míng zhù
统治权	سیادت؛ تبحر	tǒng zhì quán
垫	حصیر؛ زیر گلدانی	diàn
匹配	مسابقه، مطابقت داشتن	pǐ pèi
火柴制造者	دلاله؛ دلال ازدواج	huǒ chái zhì zào zhě
媒人	دلاله؛ دلال ازدواج	méi ren
配偶	رفیق	pèi ǒu
母亲	سخت شامه؛ نرم شامه	mǔ qīn
脑膜	سخت شامه؛ نرم شامه	nǎo mó
材料	ماده، جنس	cái liào
物资	ماده، جنس	wù zī
母亲的	مادرانه؛ مادروار	mǔ qīn de
母系的	مادرانه؛ مادروار	mǔ xì de
数学的	ریاضی	shù xué de
数学家	ریاضی دان	shù xué jiā
数学	ریاضیات	shù xué
母体	ماتریس	mǔ tǐ
子宫	ماتریس	zǐ gōng
妇女	بیبی؛ سرپرستار	fù nǚ
表面暗淡的	فلز شناسی	biǎo miàn àn dàn de
无光泽的	فلز شناسی	wú guāng zé de
物质	موضوع، اهمیت داشتن	wù zhì
席子	بوریا بافی	xí zi
麻袋	بوریا بافی	má dài
床垫	تشک؛ دوشک	chuáng diàn
空气垫	تشک؛ دوشک	kōng qì diàn
成熟的	بالغ	chéng shú de
到期的	بالغ	dào qī de
成熟	سر رسید	chéng shú
完备	سر رسید	wán bèi
淡而无味的	کسل کننده	dàn ér wú wèi de
令人作呕的	کسل کننده	lìng rén zuò ǒu de
小颚	فک	xiǎo è
颌的	فکی؛ آروارهای	hé de
上颌骨的	فکی؛ آروارهای	shàng hé gǔ de
格言	گفته؛ گفته اخلاقی	gé yán
座右铭	گفته؛ گفته اخلاقی	zuò yòu míng
最大化	به حداکثر رساندن	zuì dà huà
尽量增大	به حداکثر رساندن	jǐn liàng zēng dà
最大量	بیشینه؛ حد اکثر	zuì dà liàng
也许	شاید	yě xǔ
大概	شاید	dà gài
蛋黄酱	مایونز	dàn huáng jiàng
市长	شهردار	shì zhǎng
质量差的	بی چربی؛ بی برکت	zhì liàng chā de
贫乏的	بی چربی؛ بی برکت	pín fá de
膳食	وعده غذایی	shàn shí
意味着	معنی دادن، منظور داشتن	yì wèi zhe
平均数	معنی دادن، منظور داشتن	píng jūn shù
意义	معنی	yì yì
意味深长的	معنی‌دار	yì wèi shēn cháng de
吝啬	پستی؛ خست	lìn sè
卑鄙	پستی؛ خست	bēi bǐ
间隔时间	در ضمن	jiàn gé shí jiān
其时	در ضمن	qí shí
其间	ضمنا؛ درضمن	qí jiān
麻疹	سرخجه؛ سرخچه	má zhěn
风疹	سرخجه؛ سرخچه	fēng zhěn
可测量的	پیمایش پذیر	kě cè liáng de
不久的	پیمایش پذیر	bù jiǔ de
量度器	اندازه؛ اقدام	liáng dù qì
度量	سنجش؛ پیمایش	dù liàng
餐	گوشت	cān
机械工	مکانیک	jī xiè gōng
机械的	مکانیکی	jī xiè de
机械性的	مکانیکی	jī xiè xìng de
机械学	مکانیک	jī xiè xué
机械	مکانیزم	jī xiè
教育学硕士	مسحور	jiào yù xué shuò shì
奖牌	مدال	jiǎng pái
干预	فضولی کردن	gān yù
媒体	رسانه	méi tǐ
中间的	مادی	zhōng jiān de
居间的	وساطت کردن؛ میانجی شدن	jū jiān de
传递者	میانجی	chuán dì zhě
体格检查	پزشکی	tǐ gé jiǎn chá
药物治疗	دارو	yào wù zhì liáo
药物处理	دارو	yào wù chǔ lǐ
药用的	دارایی؛ داروئی	yào yòng de
药的	دارایی؛ داروئی	yào de
医学	دارو	yī xué
中古的	قرون وسطایی	zhōng gǔ de
中世纪的	قرون وسطایی	zhōng shì jì de
冥想	مراقبه	míng xiǎng
地中海	مدیترانه؛ دریای مدیترانه	dì zhōng hǎi
方法	متوسط؛ رسانه	fāng fǎ
温顺的	افتاده؛ فقیرانه	wēn shùn de
逆来顺受的	افتاده؛ فقیرانه	nì lái shùn shòu de
会	ملاقات کردن	huì
会面	جلسه	huì miàn
悲哀	سودا زدگی	bēi āi
旋律美妙的	بانوا؛ ملیح	xuán lǜ měi miào de
旋律优美的	بانوا؛ ملیح	xuán lǜ yōu měi de
曲子	ملودی	qǔ zi
美妙音乐	ملودی	měi miào yīn yuè
瓜	خربزه؛ خربوزه	guā
熔化	گداختن؛ آب کردن	róng huà
成员	عضو	chéng yuán
会员	عضو	huì yuán
会员的资格	عضویت	huì yuán de zī gé
全体会员	عضویت	quán tǐ huì yuán
羊皮纸	غشاء؛ شامه	yáng pí zhǐ
膜的	غشادار	mó de
膜性的	غشادار	mó xìng de
备忘录	یادداشت	bèi wàng lù
实录	خاطرات	shí lù
值得纪念的	به یاد ماندنی	zhí de jì niàn de
难忘的	به یاد ماندنی	nán wàng de
便笺	تذکاریه؛ شرکت نامه	biàn jiān
纪念物	یادبود	jì niàn wù
请愿书	یادبود	qǐng yuàn shū
记忆	حافظه	jì yì
回忆	حافظه	huí yì
胁迫	چشم زهره گرفتن؛ چشم زهره رفتن	xié pò
修补	بندزدن	xiū bǔ
脑膜炎	مننژیت	nǎo mó yán
心智的	روانی؛ فکری	xīn zhì de
精神病的	روانی؛ فکری	jīng shén bìng de
精神力	طرز فکر؛ قوه ذهنی	jīng shén lì
心理上	فکرا	xīn lǐ shǎng
精神上	فکرا	jīng shén shǎng
提到	اشاره کردن	tí dào
言及	اشاره کردن	yán jí
良师益友	مربی	liáng shī yì yǒu
菜单	منو	cài dān
选择单	منو	xuǎn zé shàn
店主	بازرگان	diàn zhǔ
水星的	جیوه دار	shuǐ xīng de
水银	جیوه؛ سیماب	shuǐ yín
汞	جیوه؛ سیماب	gǒng
小湖	صرفاً	xiǎo hú
池塘	صرفاً	chí táng
只	صرفاً	zhǐ
使合并	ادغام کردن	shǐ hé bìng
使消失	ادغام کردن	shǐ xiāo shī
归并	ادغام	guī bìng
子午线	درجه کمال؛ مدار نصف النهار	zǐ wǔ xiàn
经线	درجه کمال؛ مدار نصف النهار	jīng xiàn
美索不达米亚	بین النهرین	měi suǒ bù dá mǐ yà
通讯	پیام	tōng xùn
报信者	فرستاده؛ رسول	bào xìn zhě
新陈代谢	متابولیزم؛ سوخت و ساز	xīn chén dài xiè
变态	متابولیزم؛ سوخت و ساز	biàn tài
金属	فلز	jīn shǔ
合金	فلز	hé jīn
金属的	روئین	jīn shǔ de
蜕变	دگردیسی؛ مسخ	tuì biàn
变质	دگردیسی؛ مسخ	biàn zhì
隐喻	استعاره	yǐn yù
比喻地	بر سبیل استعاره	bǐ yù de
隐喻地	بر سبیل استعاره	yǐn yù de
形而上学的	علوم معقول؛ ماوراء الطبیعی	xíng ér shàng xué de
纯粹哲学的	علوم معقول؛ ماوراء الطبیعی	chún cuì zhé xué de
形而上学	ماوراءالطبیعه؛ ماوراء طبیعت	xíng ér shàng xué
玄学	ماوراءالطبیعه؛ ماوراء طبیعت	xuán xué
方法学	روش‌شناسی	fāng fǎ xué
方法论	روش‌شناسی	fāng fǎ lùn
公尺	متر	gōng chǐ
格律	متر	gé lǜ
大都市	مادرشهر؛ شهر بزرگ	dà dū shì
重要中心	مادرشهر؛ شهر بزرگ	zhòng yào zhōng xīn
大都市居民	مطران؛ مطرانی	dà dū shì jū mín
都主教	مطران؛ مطرانی	dū zhǔ jiào
耐力	خمیره	nài lì
墨西哥人	مکزیکی	mò xī gē rén
墨西哥语	مکزیکی	mò xī gē yǔ
墨西哥	مکزیک؛ مکزیکو	mò xī gē
密歇根州	میشیگان	mì xiē gēn zhōu
"微"	میکرو؛ میلیونیم	wēi
"微量"	میکرو؛ میلیونیم	wēi liàng
扩音器	میکروفن	kuò yīn qì
麦克风	میکروفن	mài kè fēng
显微镜	ریزبین؛ میکروسکپ	xiǎn wēi jìng
正午	نیمروز	zhèng wǔ
中午	نیمروز	zhōng wǔ
中央	میانه	zhōng yāng
中间	میانه	zhōng jiān
中等的	جمله مشترک	zhōng děng de
普通的	جمله مشترک	pǔ tōng de
午夜	نیمه‌شب	wǔ yè
子夜	نیمه‌شب	zǐ yè
中途	وسط مسیر	zhōng tú
助产士	ماما؛ ماماچه	zhù chǎn shì
接生婆	ماما؛ ماماچه	jiē shēng pó
有势力的人	توانا؛ اقویا	yǒu shì li de rén
强大的	توانا؛ اقویا	qiáng dà de
移往	کوچیدن؛ کوچ دادن	yí wǎng
迁移的	مهاجرت کننده	qiān yí de
流浪的	مهاجرت کننده	liú làng de
温柔的	نرم؛ ملایم	wēn róu de
柔和地	نرم نرم	róu hé de
和善地	نرم نرم	hé shàn de
英里	مایل	yīng lǐ
很大距离	مایل	hěn dà jù lí
义勇军	شبه‌نظامیان	yì yǒng jūn
民兵组织	شبه‌نظامیان	mín bīng zǔ zhī
奶	شیر	nǎi
乳状物	شیر	rǔ zhuàng wù
乳状的	شیری؛ شیردار	rǔ zhuàng de
乳白色的	شیری؛ شیردار	rǔ bái sè de
压榨机	آسیاب	yā zhà jī
磨坊	آسیاب	mò fáng
千禧年	هزاره؛ هزارمین سال	qiān xǐ nián
一千年	هزاره؛ هزارمین سال	yī qiān nián
厂主	آسیابان؛ میلر	chǎng zhǔ
蛾	آسیابان؛ میلر	é
百万	میلیون	bǎi wàn
无数	میلیون	wú shù
百万富翁	میلیونر	bǎi wàn fù wēng
大富豪	میلیونر	dà fù háo
仿制	ادا و اطوار	fǎng zhì
部长	مین	bù zhǎng
思想	ذهن، اهمیت دادن	sī xiǎng
愿望	ذهن، اهمیت دادن	yuàn wàng
深切注意的	در فکر	shēn qiè zhù yì de
留神的	در فکر	liú shén de
矿	مال من	kuàng
地雷	مال من	dì léi
矿工	معدنچی	kuàng gōng
开矿机	معدنچی	kāi kuàng jī
矿物	معدنی	kuàng wù
无机物	معدنی	wú jī wù
最小的	حداقل	zuì xiǎo de
最小化	به حداقل رساندن	zuì xiǎo huà
尽量减少	به حداقل رساندن	jǐn liàng jiǎn shǎo
最低的	اقل؛ حد اقل	zuì dī de
采矿	معدن	cǎi kuàng
部长的	اداری؛ وزارتی	bù zhǎng de
内阁的	اداری؛ وزارتی	nèi gé de
部	وزارتخانه	bù
未成年人	فرعی؛ اصغر	wèi chéng nián rén
副修科目	فرعی؛ اصغر	fù xiū kē mù
未成年	اقلیت؛ صغارت	wèi chéng nián
薄荷	نعناع	bò he
造币厂	نعناع	zào bì hǎn
负号	منها	fù hào
奇迹	معجزه	qí jì
奇事	معجزه	qí shì
奇迹的	معجزه آمیز؛ معجزه آسا	qí jì de
不可思议的	معجزه آمیز؛ معجزه آسا	bù kě sī yì de
镜子	آینه	jìng zi
写真	آینه	xiě zhēn
误送	عدمتوفیق	wù sòng
淘气的	شریر؛ مفسد	táo qì de
办错	بدرفتاری؛ سوء رفتار	bàn cuò
使行为不端	بدرفتاری؛ سوء رفتار	shǐ xíng wéi bù duān
悲惨	بدبختی	bēi cǎn
误导	منحرف کردن؛ گمراه کردن	wù dǎo
引入歧途的	گمراه‌کننده	yǐn rù qí tú de
被误导的	گمراه؛ ضال	bèi wù dǎo de
错位的	جابجا شده	cuò wèi de
寄托错的	جابجا شده	jì tuō cuò de
施暴政	سوء اداره	shī bào zhèng
失误	از دست دادن، دلتنگ شدن	shī wù
发射物	موشک	fā shè wù
导弹	موشک	dǎo dàn
不见的	گمشده	bù jiàn de
传教士	مبلغ	chuán jiào shì
负有任务者	مبلغ	fù yǒu rèn wu zhě
拼写错	مصحف	pīn xiě cuò
姑娘	دختر خانم	gū niang
迷蒙	غبار	mí méng
误会	اشتباه	wù huì
犯错的	مشتبه؛ اشتباهی	fàn cuò de
误解	بد شناختن؛ بد فهمیدن	wù jiě
暴民	اوباش	bào mín
民众	اوباش	mín zhòng
易变的	متحرک، موبایل	yì biàn de
可动性	تحرک	kě dòng xìng
流动性	تحرک	liú dòng xìng
动员	بسیج کردن	dòng yuán
调动	بسیج کردن	diào dòng
戏弄	مسخره کردن؛ استهزاء کردن	xì nòng
模态	حالت	mó tài
调式	حالت	diào shì
模型	مدل	mó xíng
模特	مدل	mó tè
适度的	متعادل	shì dù de
稳健的	متعادل	wěn jiàn de
适度地	معتدلانه	shì dù de
适度	اعتدال؛ تعادل	shì dù
现代人	مدرن	xiàn dài rén
有思想的人	مدرن	yǒu sī xiǎng de rén
质朴	شرم؛ عفت	zhì pǔ
修正	اصلاح	xiū zhèng
多雨的	تر؛ نمناک	duō yǔ de
弄湿的	نمزده	lòng shī de
水分	نمداری	shuǐ fèn
糖蜜	ملاس	táng mì
模子	قالب؛ کپک قارچی	mú zi
摩尔达维亚	ملداوی	mó ěr dá wéi yà
痣	خال	zhì
鼹鼠	خال	yǎn shǔ
分子的	مولکولی	fèn zǐ de
由分子组成的	مولکولی	yóu fèn zǐ zǔ chéng de
分子	مولکول؛ ملکول	fèn zǐ
些微	مولکول؛ ملکول	xiē wēi
瞬间的	زود گذر	shùn jiān de
刹那间的	زود گذر	chà nà jiān de
帝王	شهریار	dì wáng
君主主义者	سلطنت طلب	jūn zhǔ zhǔ yì zhě
君主政体	سلطنت؛ شهریاری	jūn zhǔ zhèng tǐ
君主国	سلطنت؛ شهریاری	jūn zhǔ guó
星期一	دوشنبه	xīng qī yī
货币的	مالی؛ پولی	huò bì de
金钱的	مالی؛ پولی	jīn qián de
一笔款	پول	yī bǐ kuǎn
监督器	مبصر؛ تحت نظر گرفتن	jiān dū qì
级长	مبصر؛ تحت نظر گرفتن	jí cháng
监控	گوشیاری	jiān kòng
监督	گوشیاری	jiān dū
修道士	راهب	xiū dào shì
猴子	میمون	hóu zi
猿	میمون	yuán
字母组合	امضای هنری	zì mǔ zǔ hé
交织文字	امضای هنری	jiāo zhī wén zì
专题论文	ویژه نگاشت	zhuān tí lùn wén
专著	ویژه نگاشت	zhuān zhù
垄断	انحصار	lǒng duàn
专卖权	انحصار	zhuān mài quán
无变化的	یک نواخت	wú biàn huà de
单调	یکآهنگی؛ یکنواختی	dān diào
缺乏变化	یکآهنگی؛ یکنواختی	quē fá biàn huà
怪物	هیولا	guài wu
恶人	هیولا	è rén
奇怪	شرارت بسیار	qí guài
月	ماه	yuè
月刊	ماهانه	yuè kān
每月的	ماهانه	měi yuè de
纪念碑	بنای یادبود	jì niàn bēi
心情	اوقات؛ حوصله	xīn qíng
气氛	اوقات؛ حوصله	qì fēn
心情不稳的	بدقلقی؛ بدقلق	xīn qíng bù wěn de
郁郁寡欢的	بدقلقی؛ بدقلق	yù yù guǎ huān de
月亮	ماه	yuè liang
月球	ماه	yuè qiú
月光	مهتاب	yuè guāng
月夜的	مهتاب	yuè yè de
大话	ماهتاب	dà huà
道德	اخلاقی؛ اخلاق	dào dé
品行	اخلاقی؛ اخلاق	pǐn xíng
士气	قوت قلب دادن	shì qì
道德上	اخلاقا	dào dé shǎng
德性上	اخلاقا	dé xìng shǎng
致病的	مرضی؛ وحشت آور	zhì bìng de
更多	بیشتر	gēng duō
多的	بیشتر	duō de
垂死的	مشرف به موت	chuí sǐ de
早晨	صبح	zǎo chén
早上	صبح	zǎo shang
郁闷的	ترشرو؛ بداخم	yù mèn de
孤僻的	ترشرو؛ بداخم	gū pì de
吗啡	مرفین	mǎ fēi
生物	فانی؛ هلاهل	shēng wù
必死的命运	میرش؛ مرگومیر	bì sǐ de mìng yùn
死亡数目	میرش؛ مرگومیر	sǐ wáng shù mù
臼	ساروج؛ هاون	jiù
研钵	ساروج؛ هاون	yán bō
抵押	رهن	dǐ yā
约束性义务	رهن	yuē shù xìng yì wù
丢失面子的感觉	ریاضت	diū shī miàn zi de gǎn jué
苦修	ریاضت دادن	kǔ xiū
马赛克	بهم پیوستن	mǎ sài kè
镶嵌细工	بهم پیوستن	xiāng qiàn xì gōng
莫斯科	مسکو	mò sī kē
清真寺	مسجد	qīng zhēn sì
苔藓	خزه؛ پژه	tái xiǎn
泥沼	خزه؛ پژه	ní zhǎo
最多	بیشتر	zuì duō
最大	بیشتر	zuì dà
大部分	بیشتر اوقات	dà bù fen
修女院长	مادر	xiū nǚ yuàn zhǎng
祖国	میهن و؛ مادر میهن	zǔ guó
主题	موتیف؛ مایه اصلی	zhǔ tí
基调	موتیف؛ مایه اصلی	jī diào
能动的	قادر بحرکت؛ قادر بجنبش	néng dòng de
运动表象型的	قادر بحرکت؛ قادر بجنبش	yùn dòng biǎo xiàng xíng de
给与动机	انگیزه دادن	jǐ yǔ dòng jī
马达	موتور	mǎ dá
摩托车	موتورسیکلت	mó tuō chē
机动车	موتورسیکلت	jī dòng chē
开汽车者	راننده	kāi qì chē zhě
驾车旅行的人	راننده	jià chē lǚ xíng de rén
箴言	نصبالعین؛ سخن زبده	zhēn yán
模制品	کپک؛ قالب کردن	mó zhì pǐn
土墩	پشته؛ خرپشته	tǔ dūn
堤	پشته؛ خرپشته	dī
乘骑用马	سوار کردن؛ سوار شدن	chéng jì yòng mǎ
山	کوه	shān
大堆	کوه	dà duī
多山的	کوهی؛ کوهستانی	duō shān de
如山的	کوهی؛ کوهستانی	rú shān de
忧伤	ماتمگرفتن؛ نوحه کردن	yōu shāng
悲恸的	عزادار؛ سوگوار	bēi tòng de
鼠标	موش	shǔ biāo
嘴	دهان	zuǐ
口	دهان	kǒu
发话筒	سرنی	fā huà tǒng
代言人	سرنی	dài yán rén
活动的东西	متحرک	huó dòng de dōng xī
动产	متحرک	dòng chǎn
迁居	حرکت کردن	qiān jū
动作	جنبش، حرکت	dòng zuò
电影	فیلم	diàn yǐng
令人感动的	متحرک، تأثیرگذار	lìng rén gǎn dòng de
存储器回收程序	آقا؛ عنوان خطاب مردان	cún chǔ qì huí shōu chéng xù
太太	خانم	tài tai
大量	زیاد	dà liàng
粘液的	مخاطی	nián yè de
粘的	مخاطی	nián de
粘液	بلغم؛ خلط	nián yè
泥	گل؛ طین	ní
泥泞的	گلی؛ گلزار	ní nìng de
浑浊的	گلی؛ گلزار	hún zhuó de
有柄大杯	ساده لوح	yǒu bǐng dà bēi
骡	استر	luó
倔强之人	استر	jué jiàng zhī rén
倍数	مضاعف؛ متعدد	bèi shù
并联	مضاعف؛ متعدد	bìng lián
乘法	ضرب؛ تکثیر	chéng fǎ
相重性	تعدد	xiāng chóng xìng
多重性	تعدد	duō chóng xìng
繁殖	تکثیر کردن؛ ضرب زدن	fán zhí
乘	تکثیر کردن؛ ضرب زدن	chéng
菊花	مامان	jú huā
沉默	مامان	chén mò
喃喃	من من	nán nán
含糊话	من من	hán hu huà
木乃伊	مومیایی	mù nǎi yī
瘦而干瘪之人	مومیایی	shòu ér gān biě zhī rén
现世的	دنیوی	xiàn shì de
世俗的	دنیوی	shì sú de
市政的	شهری	shì zhèng de
自治区的	شهری	zì zhì qū de
自治区	شهرداری؛ بلدیه	zì zhì qū
市当局	شهرداری؛ بلدیه	shì dāng jú
谋杀	قتل؛ کشتن	móu shā
损毁	قتل؛ کشتن	sǔn huǐ
凶手	قاتل؛ آدم کش	xiōng shǒu
凶狠的	خونریز	xiōng hěn de
杀人的	خونریز	shā rén de
低语	زمزمه؛ شرشر کردن	dī yǔ
低声的怨言	زمزمه؛ شرشر کردن	dī shēng de yuàn yán
臂力	ماهیچه؛ عضله	bì lì
肌肉发达的	عضلانی؛ پرعضله	jī ròu fā dá de
博物馆	موزه	bó wù guǎn
蘑菇形物	سماروغ	mó gu xíng wù
暴发户	سماروغ	bào fā hù
音乐	موسیقی	yīn yuè
乐曲	موسیقی	yuè qǔ
音乐片	موسیقایی	yīn yuè piān
音乐舞台剧	موسیقایی	yīn yuè wǔ tái jù
音乐家	موسیقیدان	yīn yuè jiā
乐师	موسیقیدان	yuè shī
平纹细布	ململ	píng wén xì bù
麦斯林纱	ململ	mài sī lín shā
必须	باید (فعل کمکی)	bì xū
未发酵葡萄汁	باید (فعل کمکی)	wèi fā jiào pú táo zhī
髭	سبیل	zī
胡子	سبیل	hú zi
芥末	خردل؛ درخت خردل	jiè mo
芥菜	خردل؛ درخت خردل	jiè cài
发霉的	بوی ناگرفته	fā méi de
霉臭的	بوی ناگرفته	méi chòu de
突变	جهش	tū biàn
哑子	صامت؛ لال	yǎ zi
哑音字母	صامت؛ لال	yā yīn zì mǔ
喃喃低语	ورور کردن؛ من من	nán nán dī yǔ
喃喃自语	ورور کردن؛ من من	nán nán zì yǔ
相互的	متقابل	xiāng hù de
共有的	متقابل	gòng yǒu de
互相地	متقابلا؛ مانعهالجمع	hù xiāng de
互助	متقابلا؛ مانعهالجمع	hù zhù
动物之鼻口	پوزه؛ پوزبند	dòng wù zhī bí kǒu
口套	پوزه؛ پوزبند	kǒu tào
我的	مال من	wǒ de
迈尔	مال من	mài ěr
我自己	خودم	wǒ zì jǐ
我亲自	خودم	wǒ qīn zì
神秘的	غیب؛ مرموز	shén mì de
神秘地	به‌طور اسرارآمیز	shén mì de
不可思议地	به‌طور اسرارآمیز	bù kě sī yì de
秘密	رمز؛ راز	mì mì
神秘	رمز؛ راز	shén mì
奥秘的	عارف؛ صوفی	ào mì de
模糊思想	درویشی؛ تصوف	mó hu sī xiǎng
神话	اسطوره	shén huà
虚构的事	اسطوره	xū gòu de shì
北美洲	جنب؛ سینمایی	běi měi zhōu
国立研究院院士	جنب؛ سینمایی	guó lì yán jiū yuàn yuàn shì
老马	نق زدن؛ نق نقو	lǎo mǎ
驽马	نق زدن؛ نق نقو	nú mǎ
钉子	میخ؛ ناخن	dīng zi
用钉钉牢	میخ؛ ناخن	yòng dīng dīng láo
纯真的	زودباور؛ ساده دل	chún zhēn de
天真烂漫	زودباوری؛ ساده دلی	tiān zhēn làn màn
无邪	زودباوری؛ ساده دلی	wú xié
裸体的	برهنه	luǒ tǐ de
无装饰的	برهنه	wú zhuāng shì de
名字	نام، نامیدن	míng zi
就是	یعنی	jiù shì
换句话说	یعنی	huàn jù huà shuō
同名人	همنام؛ هم اسم	tóng míng rén
同名物	همنام؛ هم اسم	tóng míng wù
小睡	چرت؛ خواب کوتاه	xiǎo shuì
稍睡	چرت؛ خواب کوتاه	shāo shuì
餐巾	دستمال؛ سینه بند	cān jīn
尿布	دستمال؛ سینه بند	niào bù
那不勒斯	ناپل	nà bù lè sī
说故事	نقل کردن؛ حکایت کردن	shuì gù shì
故事	نقل؛ نقالی	gù shì
讲述者	گوینده؛ راوی	jiǎng shù zhě
叙述者	گوینده؛ راوی	xù shù zhě
狭窄部分	باریک	xiá zhǎi bù fen
隘路	باریک	ài lù
鼻的	تو دماغی	bí de
鼻声的	تو دماغی	bí shēng de
发生中的	درحال تولد	fā shēng zhòng dì
开始存在的	درحال تولد	kāi shǐ cún zài de
那什维尔	نشویل	nā shén wéi ěr
出生的	تولدی؛ مولودی	chū shēng de
诞生的	تولدی؛ مولودی	dàn shēng de
民族	ملت؛ کشور	mín zú
国家的	ملی	guó jiā de
国立的	ملی	guó lì de
民族主义	ناسیونالیزم؛ ملت پرستی	mín zú zhǔ yì
民族特性	ناسیونالیزم؛ ملت پرستی	mín zú tè xìng
国家主义者	ناسیونالیست؛ ملت دوست	guó jiā zhǔ yì zhě
民族主义者	ناسیونالیست؛ ملت دوست	mín zú zhǔ yì zhě
全国性的	سراسری	quán guó xìng de
全国的	سراسری	quán guó de
本地人	محلی؛ بومی	běn dì rén
土产	محلی؛ بومی	tǔ chǎn
自然的	طبیعی	zì rán de
自然地	طبیعتاً؛ به‌طور طبیعی	zì rán de
以自然力	طبیعتاً؛ به‌طور طبیعی	yǐ zì rán lì
自然	طبیعت	zì rán
本性	طبیعت	běn xìng
顽皮的	بلا؛ شریر	wán pí de
没规矩的	بلا؛ شریر	méi guī ju de
反胃	تهوع؛ آشب	fǎn wèi
晕船	تهوع؛ آشب	yùn chuán
海军的	دریایی	hǎi jūn de
军舰的	دریایی	jūn jiàn de
可航行的	قابل کشتیرانی	kě háng xíng de
可通船的	قابل کشتیرانی	kě tōng chuán de
航行	ناوبری	háng xíng
航海	ناوبری	háng hǎi
海军	بحریه؛ کشتی جنگی	hǎi jūn
烟蒂	بحریه؛ کشتی جنگی	yān dì
近的	نزدیک	jìn de
近亲的	نزدیک	jìn qīn de
附近的	نزدیک	fù jìn de
近旁的	نزدیک	jìn páng de
密切地	تقریباً	mì qiè de
整洁的	مرتب	zhěng jié de
整洁	نظافت	zhěng jié
内布拉斯加州	نبراسکا	nèi bù lā sī jiā zhōu
星云的	شبیه سحاب	xīng yún de
星云状的	شبیه سحاب	xīng yún zhuàng de
必然地	لابد؛ لزوما	bì rán de
必须地	لابد؛ لزوما	bì xū de
必要的	ضروری	bì yào de
必需品	ضرورت	bì xū pǐn
脖子	گردن	bó zi
项链	عقد؛ طوق	xiàng liàn
坏死	بافت مردگی؛ موت موضعی	huài sǐ
枯斑	بافت مردگی؛ موت موضعی	kū bān
娘家姓	نامیده شده	niáng jia xìng
需要的	محتاج	xū yào de
针	سوزن	zhēn
尖	سوزن	jiān
不需要的	مستغنی؛ بی نیاز	bù xū yào de
不必要的	مستغنی؛ بی نیاز	bù bì yào de
贫穷的	مستمند؛ نیازمند	pín qióng de
贫困的	مستمند؛ نیازمند	pín kùn de
反面	نفی	fǎn miàn
负数	منفی	fù shù
疏忽	غفلت کردن، غفلت	shū hu
疏忽的	غافل؛ فروگذار	shū hu de
可以忽略的	قابل فراموشی	kě yǐ hū lüè de
不足取的	قابل فراموشی	bù zú qǔ de
磋商	مذاکره	cuō shāng
磋商者	مذاکره کننده	cuō shāng zhě
交涉者	مذاکره کننده	jiāo shè zhě
黑人	زنگی؛ سیاه پوست	hēi rén
邻居	همسایه	lín jū
邻接	همسایه	lín jiē
附近	مجاورت؛ همسایگی	fù jìn
邻近	مجاورت؛ همسایگی	lín jìn
邻接的东西	همسایه	lín jiē de dōng xī
周围	حوالی	zhōu wéi
接壤的	همسایه	jiē rǎng de
皆不	هیچ یک (از دو)	jiē bù
两个都不	هیچ یک (از دو)	liǎng gè dū bù
侄子	خواهرزاده؛ برادر زاده	zhí zi
外甥	خواهرزاده؛ برادر زاده	wài shēng
神经紧张的	عصبی	shén jīng jǐn zhāng de
不安的	عصبی	bù ān de
神经	عصبانیت؛ عصبیت	shén jīng
易激动	عصبانیت؛ عصبیت	yì jī dòng
巢	لانه	cháo
窝	لانه	wō
网	خالص	wǎng
净利	خالص	jìng lì
网络	شبکه	wǎng luò
神经原	یاخته عصبی	shén jīng yuán
轴索	یاخته عصبی	zhóu suǒ
中立者	بی‌طرف	zhōng lì zhě
中立国	بی‌طرف	zhōng lì guó
中立	بیطرفی؛ نادرگیری	zhōng lì
不偏不倚	بیطرفی؛ نادرگیری	bù piān bù yǐ
内华达	نوادا	nèi huá dá
从不	هرگز	cóng bù
决不	هرگز	jué bù
虽然如此	باوجوداین؛ لهذا	suī rán rú cǐ
新的	جدید	xīn de
陌生的	جدید	mò shēng de
新来者	نورسیده؛ نوآیند	xīn lái zhě
重新	به تازگی	chóng xīn
崭新	حداثت؛ بداعت	zhǎn xīn
新奇	حداثت؛ بداعت	xīn qí
新闻	اخبار	xīn wén
时事通讯	خبرنامه	shí shì tōng xùn
业务通讯	خبرنامه	yè wù tōng xùn
报纸	روزنامه	bào zhǐ
牛顿	نیوتن	niú dùn
下一个	بعدی	xià yī ge
其次的	بعدی	qí cì de
漂亮地	بخوبی	piào liang de
壁龛	موقعیت مناسب، طاقچه	bì kān
安顿	موقعیت مناسب، طاقچه	ān dùn
镍	نیکل؛ آب نیکل دادن	niè
绰号	کنیه؛ اسم فرعی	chuò hào
昵称	کنیه؛ اسم فرعی	nì chēng
侄女	خواهرزاده؛ برادر زاده	zhí nǚ
甥女	خواهرزاده؛ برادر زاده	shēng nǚ
晚上	شب	wǎn shang
黄昏	شبانگاه	huáng hūn
每夜的	شبانه؛ هر شب	měi yè de
夜间的	شبانه؛ هر شب	yè jiān de
梦魇	کابوس؛ بختک	mèng yǎn
恶梦	کابوس؛ بختک	è mèng
夜间	شبانگه	yè jiān
伶俐的	چابک؛ چالاک	líng lì de
宁录(圣经人物	نمرود	nìng lù shèng jīng rén wù
好猎手)	نمرود	hǎo liè shǒu
九	نه	jiǔ
十九	نوزده	shí jiǔ
九十	نود	jiǔ shí
第九	یک نهم؛ درنهمین درجه	dì jiǔ
九分之一	یک نهم؛ درنهمین درجه	jiǔ fēn zhī yī
捏	زخمنیشگون؛ دردناک بودن	niē
夹	زخمنیشگون؛ دردناک بودن	jiā
手铐	فندق شکن	shǒu kào
乳头	پستانک؛ نوک پستان	rǔ tóu
奶头	پستانک؛ نوک پستان	nǎi tóu
硝酸盐	شوره	xiāo suān yán
氮	نیتروژن؛ ازت	dàn
不	نه، هیچ	bù
高尚	نجابت؛ نجبا	gāo shàng
小人物	هیچ کس	xiǎo rén wù
无名小卒	هیچ کس	wú míng xiǎo zú
夜的	شبانه؛ شبانگاهی	yè de
夜曲的	شبانه؛ شبانگاهی	yè qǔ de
点头	سر تکان دادن	diǎn tóu
打盹	سر تکان دادن	dǎ dǔn
节	گره	jiē
小节的	گره دار؛ قلنبه شده	xiǎo jié de
地核状的	گره دار؛ قلنبه شده	dì hé zhuàng de
小节	قلنبه کوچک	xiǎo jié
小瘤	قلنبه کوچک	xiǎo liú
噪音	سر و صدا	zào yīn
杂音	سر و صدا	zá yīn
嘈杂的	پر سر و صدا	cáo zá de
命名法	مجموعه لغات	mìng míng fǎ
专门语	مجموعه لغات	zhuān mén yǔ
名义上的	اعتباری؛ اسمی	míng yì shàng de
名字的	اعتباری؛ اسمی	míng zi de
提名	نامزد کردن	tí míng
被提名者	نامزد	bèi tí míng zhě
被任命者	نامزد	bèi rèn mìng zhě
不关心	سهل انگاری	bù guān xīn
不墨守成规的人	نامقلد؛ ناپیرو	bù mò shǒu chéng guī de rén
莫可名状的	وصف ناپذیر	mò kě míng zhuàng de
难以区别的	وصف ناپذیر	nán yǐ qū bié de
一点也不	هیچ کدام	yī diǎn yě bù
毫不	هیچ کدام	háo bù
非营利的	غیرانتفاعی	fēi yíng lì de
无意义的事	بی‌معنی	wú yì yì de shì
荒谬言行	بی‌معنی	huāng miù yán xíng
没有人	هیچ کس	méi yǒu rén
套索	خفت کردن؛ در کمند انداختن	tào suǒ
也不	و نه؛ همچنین نه	yě bù
也没有	و نه؛ همچنین نه	yě méi yǒu
基准	هنجار	jī zhǔn
模范	هنجار	mó fàn
常态	عادی	cháng tài
使常态化	عادی کردن	shǐ cháng tài huà
使合标准	عادی کردن	shǐ gě biāo zhǔn
正规地	به طور عادی	zhèng guī de
合规则	به طور عادی	hé guī zé
北方	شمال	běi fāng
北的	شمال	běi de
东北	شمال شرقی؛ شمال شرق	dōng běi
北方的	شمالً	běi fāng de
向北的	شمالً	xiàng běi de
北方人	شمالی	běi fāng rén
西北	شمال غربی؛ شمال قرب	xī běi
在西北部的	شمال غربی؛ شمال قربی	zài xī běi bù de
西北方的	شمال غربی؛ شمال قربی	xī běi fāng de
鼻子	بینی	bí zi
突出部分	بینی	tū chū bù fen
鼻孔	منخرین	bí kǒng
非	نه	fēi
著名人士	قابل توجه	zhù míng rén shì
值得注意之事物	قابل توجه	zhí de zhù yì zhī shì wù
要人	عظام	yào rén
显著地	به ویژه	xiǎn zhù de
著名地	به ویژه	zhù míng de
刻痕	فرورفتگی؛ چوبخط زدن	kè hén
笔记	یادداشت	bǐ jì
笔记本	دفترچه یادداشت	bǐ jì běn
值得注目的	گفتنی؛ قابل دقت	zhí de zhù mù de
不关紧要之事	هیچ چیز	bù guān jǐn yào zhī shì
通告	اطلاع دادن	tōng gào
声名狼藉的	بدنام	shēng míng láng jí de
臭名昭著的	بدنام	chòu míng zhāo zhù de
名词	اسم	míng cí
滋养	قوت دادن	zī yǎng
使健壮	قوت دادن	shǐ jiàn zhuàng
有营养的	مغذی	yǒu yíng yǎng de
滋养多的	مغذی	zī yǎng duō de
滋养品	غذا؛ تغذی	zī yǎng pǐn
常识	قوه ادراک	cháng shí
长篇故事	رمان؛ رمان، جدید	cháng piān gù shì
小说家	رمان‌نویس	xiǎo shuō jiā
新鲜	طرفه؛ تازگی	xīn xiān
十一月	نوامبر	shí yī yuè
新手	جدیدالایمان؛ مبتدی	xīn shǒu
刚才	الان	gāng cái
现时	امروزه	xiàn shí
无处	هیچ جا	wú chù
到处都无	هیچ جا	dào chù dū wú
有毒的	مضر	yǒu dú de
核子的	اتمی؛ هسته ای	hé zǐ de
核子	هسته؛ هستک	hé zǐ
轻推	سقلمه	qīng tuī
讨厌的东西	مایه رنجش	tǎo yàn de dōng xī
讨厌的人	مایه رنجش	tǎo yàn de rén
使无效	لغو کردن	shǐ wú xiào
失去知觉的	سر؛ بیحس کردن	shī qù zhī jué de
数	شماره؛ شماره گذاری کردن	shǔ
号码	شماره؛ شماره گذاری کردن	hào mǎ
麻痹	خدر؛ خواب رفتگی	má bì
数值的	عددی؛ رقومی	shù zhí de
修女	راهبه؛ زن تارک دنیا	xiū nǚ
尼姑	راهبه؛ زن تارک دنیا	ní gū
全国铁路工人联合会	نور	quán guó tiě lù gōng rén lián hé huì
护士	پرستار	hù shi
保姆	پرستار	bǎo mǔ
托儿所	مهد کودک	tuō ér suǒ
苗圃	مهد کودک	miáo pǔ
看护	پرستاری	kān hù
养育	پرستاری	yǎng yù
坚果	آجیل	jiān guǒ
营养的	ماده مغذی	yíng yǎng de
滋养的	ماده مغذی	zī yǎng de
营养	تغذیه	yíng yǎng
坚果壳	ملخص کلام	jiān guǒ qiào
极小的东西	ملخص کلام	jí xiǎo de dōng xī
桨	پارو	jiǎng
搅棒	پارو	jiǎo bàng
绿洲	واحه	lǜ zhōu
舒适的地方	واحه	shū shì de dì fāng
誓约	سوگند؛ یمین	shì yuē
誓言	سوگند؛ یمین	shì yán
执拗的	سرخت؛ سخت دل	zhí niù de
服从	اطاعت؛ تمکین	fú cóng
服从的	مطیع؛ چاکر	fú cóng de
顺从的	مطیع؛ چاکر	shùn cóng de
肥胖	چاقی	féi pàng
多脂	چاقی	duō zhī
物体	شیء	wù tǐ
异议	اعتراض	yì yì
会引起反对的	ناشایسته؛ قابل اعتراض	huì yǐn qǐ fǎn duì de
令人讨厌的	ناشایسته؛ قابل اعتراض	lìng rén tǎo yàn de
义务	فرض؛ التزام	yì wù
义务的	الزام آور	yì wù de
必须的	الزام آور	bì xū de
施恩惠于	مجبور کردن	shī ēn huì yú
乐于施惠的	منت گذار	lè yú shī huì de
擦去	معدوم کردن؛ در نوشتن	cā qù
冲刷	معدوم کردن؛ در نوشتن	chōng shuā
遗忘	فراموشی	yí wàng
一片空白状	فراموشی	yī piān kòng bái zhuàng
遗忘的	فراموشکار	yí wàng de
可憎的	گزندآور؛ زیان بخش	kě zēng de
使人不愉快的	گزندآور؛ زیان بخش	shǐ rén bù yú kuài de
昏暗的	تار؛ غامض	hūn àn de
阴暗	تیرگی؛ تعسر	yīn àn
朦胧	تیرگی؛ تعسر	méng lóng
奉承的	مزاج گو	fèng cheng de
严格遵守的	مراقب؛ مراعات کننده	yán gé zūn shǒu de
观察	ملاحظه؛ تماشا	guān chá
觉察到	ملاحظه کردن؛ مشاهده کردن	jué chá dào
遵守	ملاحظه کردن؛ مشاهده کردن	zūn shǒu
观察者	ناظر	guān chá zhě
遵守者	ناظر	zūn shǒu zhě
迷住	وسواس داشتن	mí zhu
使困扰	وسواس داشتن	shǐ kùn rǎo
强迫观念	وسواس	qiǎng pò guān niàn
荒废的	مهمل؛ مهجور	huāng fèi de
成废物的	مهمل؛ مهجور	chéng fèi wù de
妨害物	مانع	fáng hài wù
倔强	معاندت؛ خیره سری	jué jiàng
顽固	معاندت؛ خیره سری	wán gù
阻隔	اشکالتراشی کردن؛ کارثکنی کردن	zǔ gé
能得到的	قابل حصول؛ بدست آوردنی	néng dé dào de
明白的	پیدا؛ آشکار	míng bai de
场合	مناسبت؛ اقتضاء	chǎng hé
时机	مناسبت؛ اقتضاء	shí jī
有时候	گاهی؛ گهگاه	yǒu shí hou
偶而	گاهی؛ گهگاه	ǒu ér
占有	سکونت	zhàn yǒu
占领	اشغال کردن	zhàn lǐng
占(时间	اشغال کردن	zhàn shí jiān
被想到	رخ دادن	bèi xiǎng dào
海洋	اقیانوس	hǎi yáng
广阔	اقیانوس	guǎng kuò
点钟	ساعت	diǎn zhōng
十月	اکتبر	shí yuè
眼睛的	چشمی؛ باصرهای	yǎn jing de
用眼的	چشمی؛ باصرهای	yòng yǎn de
奇数的	فرد؛ عجیب	jī shù de
古怪的	فرد؛ عجیب	gǔ guài de
可能性	شانس	kě néng xìng
几率	شانس	jī lǜ
颂诗	چکامه	sòng shī
赋	چکامه	fù
可厌的	نفرت انگیز؛ کراهت آور	kě yàn de
气味	عطر؛ رایحه	qì wèi
全部作品	کار عمده؛ کار حیاتی	quán bù zuò pǐn
的	از	de
关着的	خاموش، خارج از	guān zhāo de
不再生效的	خاموش، خارج از	bù zài shēng xiào de
冒犯	دلگیرکردن؛ اهانت کردن	mào fàn
无礼的人	متخلف	wú lǐ de rén
伤感情	خلاف؛ اهانت	shāng gǎn qíng
奉献物	پیشنهاد	fèng xiàn wù
无准备的	بداهه؛ بی تهیه	wú zhǔn bèi de
随便的	بداهه؛ بی تهیه	suí biàn de
办公室	دفتر	bàn gōng shì
军官	افسر	jūn guān
官员	مقام؛ رسمی	guān yuán
公务员	مقام؛ رسمی	gōng wù yuán
作为公务员	رسما؛ رسمانه	zuò wéi gōng wù yuán
职务上	رسما؛ رسمانه	zhí wù shǎng
把并列	افست	bǎ bìng liè
子孙	فرزندان	zǐ sūn
再三	کثیر الوقوع	zài sān
时常	اغلب	shí cháng
(表示惊讶	اوه	biǎo shì jīng yà
油	روغن	yóu
融化	روغن	róng huà
油的	چرب؛ دهنی	yóu de
油滑的	چرب؛ دهنی	yóu huá de
软膏	مرهم؛ مالیدنی	ruǎn gāo
油膏	مرهم؛ مالیدنی	yóu gāo
不错	خوب	bù cuò
往昔	پیر، قدیمی	wǎng xī
橄榄	زیتون؛ درخت زیتون	gǎn lǎn
黄绿色的	زیتون؛ درخت زیتون	huáng lǜ sè de
煎蛋卷	خاگینه	jiān dàn juǎn
煎蛋饼	خاگینه	jiān dàn bǐng
预兆	فال؛ اوعور	yù zhào
恶兆的	شوم؛ نامیمون	ě zhào de
不吉利的	شوم؛ نامیمون	bù jí lì de
省略	افتادگی؛ فروگذاری	shěng lüè
遗漏	افتادگی؛ فروگذاری	yí lòu
全能	قدرت مطلق؛ قادر مطلق	quán néng
无限力量	قدرت مطلق؛ قادر مطلق	wú xiàn lì liang
在上面	بر روی	zài shàng miàn
一次	یک بار	yī cì
新兴的	روی دهنده؛ جلو رونده	xīn xīng de
一	یک	yī
繁重的	کمر شکن؛ طاقت فرسا	fán zhòng de
负有法律责任的	کمر شکن؛ طاقت فرسا	fù yǒu fǎ lǜ zé rèn de
自己	خویش؛ خود شخص	zì jǐ
前进的	در حال انجام	qián jìn de
进行的	در حال انجام	jìn xíng de
洋葱	پیاز	yáng cōng
在线	آنلاین	zài xiàn
唯一的	فقط	wéi yī de
仅有的	فقط	jǐn yǒu de
在之上	روی	zài zhī shàng
蛋白石	عینالهر؛ عین الشمس	dàn bái shí
猫眼石	عینالهر؛ عین الشمس	māo yǎn shí
不透明物	مات؛ غیر شفاف	bù tòu míng wù
不透明的	مات؛ غیر شفاف	bù tòu míng de
公开	باز، باز کردن	gōng kāi
户外	باز، باز کردن	hù wài
口子	دهانه؛ افتتاح؛ فرصت شغلی	kǒu zi
公开地	آشکارا	gōng kāi de
歌剧	اپرا	gē jù
手术	عملیات؛ عمل جراحی	shǒu shù
运作的	عملیاتی	yùn zuò de
操作员	اپراتور	cāo zuò yuán
意见	نظر	yì jiàn
鸦片	افیون؛ تریاک	yā piàn
阿片	افیون؛ تریاک	ā piàn
恰好的	بموقع؛ بهنگام	qià hǎo de
时机适宜的	بموقع؛ بهنگام	shí jī shì yí de
以对抗	مخالفت کردن؛ متضاد کردن	yǐ duì kàng
压迫	جور کردن؛ جبر کردن	yā pò
压抑	جور کردن؛ جبر کردن	yā yì
受压制的	مظلوم؛ مظلومیت	shòu yā zhì de
受压迫的	مظلوم؛ مظلومیت	shòu yā pò de
沉闷	جور؛ بیداد	chén mèn
压制性的	ستمگر؛ زورگو	yā zhì xìng de
压迫的	ستمگر؛ زورگو	yā pò de
压迫者	مستبدین	yā pò zhě
视觉的	چشمی؛ شیشه عینک	shì jué de
光学的	نوری	guāng xué de
乐观主义	خوشبینی	lè guān zhǔ yì
乐天	خوشبینی	lè tiān
乐观的	خوشبین	lè guān de
乐观主义的	خوشبین	lè guān zhǔ yì de
选择权	گزینه	xuǎn zé quán
挑选	گزینه	tiāo xuǎn
可选择的	اختیاری؛ خیاری	kě xuǎn zé de
随意的	اختیاری؛ خیاری	suí yì de
或	یا	huò
口试	شفاهی	kǒu shì
口头的	شفاهی	kǒu tóu de
橙色	پرتقال، نارنجی	chéng sè
橙子	پرتقال، نارنجی	chéng zi
演说	خطابه	yǎn shuō
致辞	خطابه	zhì cí
演说者	نطاق؛ خطیب	yǎn shuō zhě
轨道	مدار؛ دور گشتن	guǐ dào
常轨	مدار؛ دور گشتن	cháng guǐ
果树林	باغ؛ درختستان	guǒ shù lín
管弦乐队	ارکستر	guǎn xián yuè duì
乐队演奏处	ارکستر	yuè duì yǎn zòu chǔ
注定	وضع کردن	zhù dìng
严酷考验	کار شاق	yán kù kǎo yàn
痛苦经历	کار شاق	tòng kǔ jīng lì
顺序	سفارش، سفارش دادن	shùn xù
有秩序的	نظمی؛ مصدر	yǒu zhì xù de
整齐的	نظمی؛ مصدر	zhěng qí de
平常的	معمولی	píng cháng de
大炮	تخشایی	dà pào
军械	تخشایی	jūn xiè
矿石	سنگ معدن	kuàng shí
器官	عضو؛ آلت	qì guān
风琴	عضو؛ آلت	fēng qín
器官的	ارگانیک	qì guān de
有机的	ارگانیک	yǒu jī de
有机体	اندامگان؛ سازواره	yǒu jī tǐ
组织	سازمان	zǔ zhī
组织的	سازمانی	zǔ zhī de
编制的	سازمانی	biān zhì de
有机化	سازماندهی کردن	yǒu jī huā
组织者	موسس؛ برگزار کننده	zǔ zhī zhě
编制者	موسس؛ برگزار کننده	biān zhì zhě
亚洲人	شرقی؛ مشرقی	yà zhōu rén
定方位	جهت‌گیری	dìng fāng wèi
起因	ریشه؛ اصل	qǐ yīn
原始的	اصلی	yuán shǐ de
创始	سرچشمه گرفتن	chuàng shǐ
发明者	بنیانگذار؛ سبب ساز	fā míng zhě
点缀品	زینت؛ زیور	diǎn zhuì pǐn
孤儿	یتیم؛ پدرمرده	gū ér
无双亲的	یتیم؛ پدرمرده	wú shuāng qīn de
孤儿院	پرورشگاه؛ یتیم خانه	gū ér yuàn
孤儿身份	پرورشگاه؛ یتیم خانه	gū ér shēn fèn
正统的	فریور؛ راشد	zhèng tǒng de
振动	نوسان	zhèn dòng
动摇	نوسان	dòng yáo
使骨化	استخوانی کردن؛ استخوانی شدن	shǐ gǔ huà
使硬化	استخوانی کردن؛ استخوانی شدن	shǐ yìng huà
表面的	قابل نمایش	biǎo miàn de
假装的	قابل نمایش	jiǎ zhuāng de
骨质疏松症	پوکی استخوان	gǔ zhì shū sōng zhèng
鸵鸟	شتر مرغ	tuó niǎo
否则	والا؛ وگرنه	fǒu zé
不同地	والا؛ وگرنه	bù tóng de
盎司	اونس	àng sī
我们的	مال ما	wǒ men de
我们自己	خودمان	wǒ men zì jǐ
外面的	بیرون	wài miàn de
暴动	شیوع	bào dòng
旧式的	قدیمی شده	jiù shì de
落伍的	قدیمی شده	luò wǔ de
胜过	بس پردازی	shèng guò
外部的	بیرونی	wài bù de
流出	بیرون ریزی؛ جریان بخارج	liú chū
传出	بیرون ریزی؛ جریان بخارج	chuán chū
郊游	گردش	jiāo yóu
被剥夺法律保护的人	یاغی؛ ممنوع ساختن	bèi bō duó fǎ lǜ bǎo hù de rén
发泄方法	خروجی	fā xiè fāng fǎ
比经久	بیشتر دوام آوردن	bǐ jīng jiǔ
比活得长	بیشتر دوام آوردن	bǐ huó dé cháng
观点	چشم‌انداز	guān diǎn
景色	چشم‌انداز	jǐng sè
在外的	پرت	zài wài de
边远的	پرت	biān yuǎn de
前哨	پایگاه مرزی	qián shào
输出	خروجی	shū chū
暴虐的	عصبانی کننده؛ بیداد گرانه	bào nüè de
极无礼的	عصبانی کننده؛ بیداد گرانه	jí wú lǐ de
外表	بیرون	wài biǎo
外人	بیگانه	wài rén
非会员	بیگانه	fēi huì yuán
近郊	حومه	jìn jiāo
市郊	حومه	shì jiāo
直言无讳的	رو دار؛ بی پرده	zhí yán wú huì de
突出的	برجسته	tū chū de
向外的	به‌طرف خارج	xiàng wài de
向外地	به‌طرف خارج	xiàng wài de
比重	مهمتربودن از	bǐ zhòng
比有价值	مهمتربودن از	bǐ yǒu jià zhí
椭圆形	بادامی	tuǒ yuán xíng
卵形的	بادامی	luǎn xíng de
子房的	تخمدانی	zǐ fáng de
卵巢的	تخمدانی	luǎn cháo de
卵巢	تخمدان	luǎn cháo
子房	تخمدان	zǐ fáng
灶	فر	zào
全体的	بالاپوش؛ لباس کار	quán tǐ de
骄傲自大的	منکوب گر؛ طاقت فرسا	jiāo ào zì dà de
自船上落下	بدریا؛ روی کشتی	zì chuán shǎng luò xià
在船外	بدریا؛ روی کشتی	zài chuán wài
外套大衣	پالتو	wài tào dà yī
过期的	سر رسیده؛ موعد رسیده	guò qī de
未兑的	سر رسیده؛ موعد رسیده	wèi duì de
溢出	طغیان؛ آگندن	yì chū
经常开支	بالاسری	jīng cháng kāi zhī
普通用费	بالاسری	pǔ tōng yòng fèi
无意中听到	استراق سمع کردن	wú yì zhōng tīng dào
偷听	استراق سمع کردن	tōu tīng
重叠	اشتراک داشتن؛ روی هم افتادن	chóng dié
重复	اشتراک داشتن؛ روی هم افتادن	chóng fù
超负荷的	گرانبار؛ گران بار شدن	chāo fù hè de
超载的	گرانبار؛ گران بار شدن	chāo zài de
俯瞰	نادیده گرفتن	fǔ kàn
远眺	نادیده گرفتن	yuǎn tiào
过度地	بیش از حد	guò dù de
极度地	بیش از حد	jí dù de
前一天晚上	یک شبه	qián yī tiān wǎn shang
一夜的逗留	یک شبه	yī yè de dòu liú
海外的	خارج از کشور	hǎi wài de
国外的	خارج از کشور	guó wài de
向下看	نظارت کردن	xiàng xià kān
了望	نظارت کردن	le wàng
遮阴	تحت الشعاع قراردادن	zhē yīn
使阴暗	تحت الشعاع قراردادن	shǐ yīn àn
公然的	نپوشیده	gōng rán de
瓦解	سرنگونی؛ منقرض کردن	wǎ jiě
主动表示	آغاز عمل؛ پیش درآمد	zhǔ dòng biǎo shì
事件的开端	آغاز عمل؛ پیش درآمد	shì jiàn de kāi duān
倾覆	واژگون کردن	qīng fù
破灭	واژگون کردن	pò miè
受打击	غرق کردن	shòu dǎ jī
压倒性的	طاقت فرسا	yā dǎo xìng de
无法抵抗的	طاقت فرسا	wú fǎ dǐ kàng de
亏欠	مدیون بودن؛ بدهکار بودن	kuī qiàn
负债	مدیون بودن؛ بدهکار بودن	fù zhài
未付的	مقروض	wèi fù de
亏欠的	مقروض	kuī qiàn de
猫头鹰	جغد؛ بوف	māo tóu yīng
自己的	خود، داشتن؛ داشتن	zì jǐ de
嫡亲的	خود، داشتن؛ داشتن	dí qīn de
拥有者	مالک	yōng yǒu zhě
物主	مالک	wù zhǔ
所有权	مالکیت	suǒ yǒu quán
物主身份	مالکیت	wù zhǔ shēn fèn
牛津	اکسفورد؛ آکسفورد	niú jīn
氧化	ترکیب اکسیژن	yǎng huà
氧化物	اکسید	yǎng huà wù
氧	اکسیژن	yǎng
充了氧的	اکسیژنه	chōng le yǎng de
氧化的	اکسیژنه	yǎng huà de
新鲜的空气	اوزون	xīn xiān de kōng qì
臭氧	اوزون	chòu yǎng
速度	شلنگ؛ خرام	sù dù
太平洋	صلح جو	tài píng yáng
爱好和平的	صلح جو	ài hào hé píng de
慰抚者	آرام کننده	wèi fǔ zhě
调解人	آرام کننده	tiáo jiě rén
使平静	آرامش دادن	shǐ píng jìng
包裹	بسته بندی کردن	bāo guǒ
一伙	بسته بندی کردن	yī huǒ
套装软件	بسته	tào zhuāng ruǎn jiàn
小包	بسته	xiǎo bāo
一批信件	بسته	yī pī xìn jiàn
填补	پد	tián bǔ
衬垫	پد	chèn diàn
明轮翼	پارو زدن	míng lún yì
异教徒	مشرک؛ غیر مسیحی	yì jiào tú
无宗教信仰者	مشرک؛ غیر مسیحی	wú zōng jiào xìn yǎng zhě
页	صفحه	xié
疼痛	درد	téng tòng
痛的	منقش	tòng de
苦恼的	منقش	kǔ nǎo de
不痛的	بیدرد	bù tòng de
苦心	رنجبر؛ زحمت کش	kǔ xīn
油漆	نقاشی کردن، رنگ	yóu qī
油漆匠	نقاش	yóu qī jiàng
画	نقاشی	huà
一双	جفت	yī shuāng
一对	جفت	yī duì
宫	کاخ	gōng
华丽大厦	کاخ	huá lì dà shà
腭	سق؛ حنک	è
味觉	سق؛ حنک	wèi jué
界线	رنگ‌پریده؛ کم‌رنگ	jiè xiàn
草铺	ماله صافکاری	cǎo pù
简陋小床	ماله صافکاری	jiǎn lòu xiǎo chuáng
手掌	کف دست	shǒu zhǎng
棕榈	کف دست	zōng lǘ
饮食过量的	نازپرورده	yǐn shí guò liàng de
饮食奢侈的	نازپرورده	yǐn shí shē chǐ de
活页文选	جزوه	huó xié wén xuǎn
小册子作者	جزوه نویس	xiǎo cè zi zuò zhě
檄文执笔者	جزوه نویس	xí wén zhí bǐ zhě
平锅	گودال آب	píng guō
浅盘	گودال آب	jiān pán
巴拿马	پاناما	bā ná mǎ
薄烤饼	نان ساجی	bó kǎo bǐng
薄煎饼	نان ساجی	bó jiān bǐng
窗玻璃	قاب شیشه	chuāng bō lí
方框	قاب شیشه	fāng kuàng
嵌板	تخته کوبی کردن	kǎn bǎn
恐慌	وحشت	kǒng huāng
惊慌	وحشت	jīng huāng
全套披甲	کاملا مجهز؛ سلاح کامل	quán tào pī jiǎ
全幅盔甲	کاملا مجهز؛ سلاح کامل	quán fú kuī jiǎ
全景	چشم انداز	quán jǐng
全貌	چشم انداز	quán mào
气促	له له	qì cù
呼吸困难	له له	hū xī kùn nan
餐具室	گنجه؛ دولاب	cān jù shì
食品室	گنجه؛ دولاب	shí pǐn shì
裤子	شلوار	kù zi
长裤	شلوار	cháng kù
纸	کاغذ	zhǐ
文书工作	کاغذ بازی	wén shū gōng zuò
游行	رژه	yóu xíng
乐园	رضوان؛ عدن	lè yuán
似非而是的	مهمل نما	shì fēi ér shì de
石蜡	پارافین	shí là
链烷烃	پارافین	liàn wán tīng
段落	پاراگراف	duàn luò
短评	پاراگراف	duǎn píng
平行	موازی	píng xíng
停顿	فلج؛ لقوه	tíng dùn
麻痹的	فالج؛ افلیج	má bì de
中风的	فالج؛ افلیج	zhòng fēng de
使瘫痪	لنگ کردن؛ فلج کردن	shǐ tān huàn
使麻痹	لنگ کردن؛ فلج کردن	shǐ má bì
参变数	پارامتر	cān biàn shù
参变量	پارامتر	cān biàn liàng
栏杆	دیواره	lán gān
扶手	دیواره	fú shǒu
释义	تاویل؛ تاویل کردن	shì yì
解述	تاویل؛ تاویل کردن	xiè shù
下身麻痹	فلج پا؛ پا فلجی	xià shēn má bì
截瘫	فلج پا؛ پا فلجی	jié tān
寄生生物	انگل؛ طفیلی	jì shēng shēng wù
寄生的	انگلی؛ پارازیتی	jì shēng de
由寄生虫引起的	انگلی؛ پارازیتی	yóu jì shēng chóng yǐn qǐ de
部分	بسته؛ رزمه	bù fen
父母	والد	fù mǔ
根源	والد	gēn yuán
父母亲的	والدین	fù mǔ qīn de
做双亲的	والدین	zuò shuāng qīn de
双亲	اولیاء؛ والدین	shuāng qīn
周壁的	جداری	zhōu bì de
体壁的	جداری	tǐ bì de
巴黎	پاریس	bā lí
重楼属	پاریس	chóng lóu shǔ
教区	اهل محله	jiào qū
堂区	اهل محله	táng ōu
公园	پارک، پارک کردن	gōng yuán
停车处	پارک، پارک کردن	tíng chē chǔ
停车	پارکینگ	tíng chē
国会的	پارلمانی؛ مجلسی	guó huì de
假释	عفو مشروط؛ قول مردانه	jiǎ shì
镶木地板	محل ارکسترنمایش؛ باچوب فرش کردن	xiāng mù dì bǎn
正厅池座	محل ارکسترنمایش؛ باچوب فرش کردن	zhēng tīng chí zuò
鹦鹉	طوطی	yīng wǔ
应声虫	طوطی	yīng shēng chóng
挡开	دورسازی	dǎng kāi
局部	قسمت	jú bù
分担	بهره داشتن؛ قسمت بردن	fēn dān
部分的	موضعی؛ طرفدارانه	bù fen de
偏袒的	موضعی؛ طرفدارانه	piān tǎn de
偏心	جانب داری	piān xīn
偏颇	جانب داری	piān pō
参加者	حاضر؛ شریک	cān jiā zhě
参与者	حاضر؛ شریک	cān yù zhě
分享	شرکت کردن؛ مشارکت کردن	fēn xiǎng
粒子	ریزه؛ ذره	lì zǐ
一项(或条	خاص	yī xiàng huò tiáo
点)	خاص	diǎn
格外	به‌ویژه	gé wài
党羽	پارتیزان	dǎng yǔ
虔诚信徒	پارتیزان	qián chéng xìn tú
党派性	هواداری	dǎng pài xìng
党派偏见	هواداری	dǎng pài piān jiàn
分割	افراز؛ انقسام	fēn gē
隔离物	افراز؛ انقسام	gé lí wù
部分地	یک چند؛ دریک جزء	bù fen de
在一定程度上	یک چند؛ دریک جزء	zài yī dìng chéng dù shǎng
合伙人	همکار، شریک	hé huǒ rén
股东	همکار، شریک	gǔ dōng
合股	مشارکت	hé gǔ
兼任的	پاره‌وقت	jiān rèn de
半工半读的	پاره‌وقت	bàn gōng bàn dú de
政党	مهمانی، حزب	zhèng dǎng
优先权	گام رقص	yōu xiān quán
舞步	گام رقص	wǔ bù
经过	رد شدن، گذراندن	jīng guò
要隘	رد شدن، گذراندن	yào ài
乘客	مسافر	chéng kè
激情	شهوت؛ شور	jī qíng
酷爱	شهوت؛ شور	kù ài
热情的	پرشور	rè qíng de
消极的	بیبهره؛ انفعالی	xiāo jí de
被动的	بیبهره؛ انفعالی	bèi dòng de
护照	گذرنامه	hù zhào
昔时	گذشته	xī shí
面团	خمیر؛ چسب	miàn tuán
面食	خمیر؛ چسب	miàn shí
轻拍	به‌طور مناسب	qīng pāi
适时	به‌طور مناسب	shì shí
片	وصله؛ جالیز	piān
补缀	وصله؛ جالیز	bǔ zhuì
拼缝物	کارسرهم بندی؛ وصله دوزی	pīn féng wù
拼凑物	کارسرهم بندی؛ وصله دوزی	pīn còu wù
专利权	منشور؛ امتیاز نامه	zhuān lì quán
父系的	از پدر	fù xì de
路径	معبر	lù jìng
探路者	بلد راه	tàn lù zhě
开拓者	بلد راه	kāi tuò zhě
成为病原的	مرض خیز	chéng wéi bìng yuán de
病理学的	پاتولوژی	bìng lǐ xué de
由疾病引起的	پاتولوژی	yóu jí bìng yǐn qǐ de
病理学家	مرض شناس؛ آسیب شناس	bìng lǐ xué jiā
病理学	پاتولوژی؛ مرض شناسی	bìng lǐ xué
病状	پاتولوژی؛ مرض شناسی	bìng zhuàng
承受者	بیمار	chéng shòu zhě
耐心地	صبورانه	nài xīn de
有毅力地	صبورانه	yǒu yì lì de
创办人	شیخ؛ پدرشاه	chuàng bàn rén
家长	شیخ؛ پدرشاه	jiā zhǎng
爱国者	پاتریوت؛ وطن پرست	ài guó zhě
爱国主义者	پاتریوت؛ وطن پرست	ài guó zhǔ yì zhě
爱国的	وطن دوستی	ài guó de
有爱国心的	وطن دوستی	yǒu ài guó xīn de
爱国心	وطن پرستی؛ وطن دوستی	ài guó xīn
爱国精神	وطن پرستی؛ وطن دوستی	ài guó jīng shén
巡逻	گشت؛ گشتی	xún luó
侦察队	گشت؛ گشتی	zhēn chá duì
赞助人	مشوق	zàn zhù rén
急速拍打声	لهجه محلی	jí sù pāi da shēng
轻快脚步声	لهجه محلی	qīng kuài jiǎo bù shēng
典型	الگو	diǎn xíng
贫民	گدا؛ بی نوا	pín mín
靠救济度日者	گدا؛ بی نوا	kào jiù jì dù rì zhě
暂停	مکث کردن، مکث	zàn tíng
铺	سنفرش شده	pù
路面	فرش؛ سنگفرش	lù miàn
人行道	فرش؛ سنگفرش	rén xíng dào
楼阁	جایگاه؛ درکلاه فرنگی	lóu gé
亭子	جایگاه؛ درکلاه فرنگی	tíng zi
以蹄扒地	پنجه؛ پنجه زدن	yǐ tí bā de
典当	گرو؛ گرو گذاشتن	diǎn dàng
抵押物	گرو؛ گرو گذاشتن	dǐ yā wù
薪资	پرداخت؛ پرداخت کردن	xīn zī
付款	پرداخت؛ پرداخت کردن	fù kuǎn
可付的	دادنی؛ پرداختنی	kě fù de
支付的款项	اجاره؛ پرداخت	zhī fù dí kuǎn xiàng
豌豆	نخود	wān dòu
和平	صلح	hé píng
和约	صلح	hé yuē
和平的	صلح دوست	hé píng de
太平的	صلح دوست	tài píng de
平静的	مسالمتآمیز؛ مسالم	píng jìng de
山峰	فرق؛ قله	shān fēng
巅	فرق؛ قله	diān
响亮持久的声音	صدای پیوسته؛ صدای مسلسل	xiǎng liàng chí jiǔ de shēng yīn
梨子	گلابی؛ امرود	lí zi
梨树	گلابی؛ امرود	lí shù
珍珠	مروارید؛ مرواریدی	zhēn zhū
珠灰色	مروارید؛ مرواریدی	zhū huī sè
农民	رعایا؛ دهقانی	nóng mín
小农地位	رعایا؛ دهقانی	xiǎo nóng dì wèi
配克	نوک زدن؛ نک زدن	pèi kè
啄痕	نوک زدن؛ نک زدن	zhuó hén
胸的	صدری	xiōng de
治疗胸科病的	صدری	zhì liáo xiōng kē bìng de
特质	غرابت	tè zhì
金钱方面的	جریمه دار	jīn qián fāng miàn de
踏板	رکاب؛ پدال	tà bǎn
脚蹬子	رکاب؛ پدال	jiǎo dēng zǐ
卖弄学问的	ملانقطی	mài nong xué wèn de
学究式的	ملانقطی	xué jiū shì de
小贩	دورگرد؛ دوره گرد	xiǎo fàn
传播者	دورگرد؛ دوره گرد	chuán bō zhě
基架	پایه؛ پایه مجسمه	jī jià
行人	پیاده؛ رهگذر	xíng rén
步行者	پیاده؛ رهگذر	bù xíng zhě
剥去皮的	پوست کنده	bāo qù pí de
剥下的皮	پوست کنی	bāo xià de pí
偷看	جیک زدن؛ نیش آفتاب	tōu kàn
钉	میخچوبی؛ شبیه میخ	dīng
桩	میخچوبی؛ شبیه میخ	zhuāng
骨盆的	لگنی	gǔ pén de
骨盆	لگن؛ لگن خاصره	gǔ pén
盂	لگن؛ لگن خاصره	yú
钢笔	خودکار	gāng bǐ
笔调	خودکار	bǐ diào
有关处罚的	مجازاتی؛ کیفری	yǒu guān chǔ fá de
刑的	مجازاتی؛ کیفری	xíng de
处罚	جریمه	chǔ fá
刑罚	جریمه	xíng fá
铅笔	مداد	qiān bǐ
色笔	مداد	sè bǐ
未决定的	امر معلق	wèi jué dìng de
待决的	امر معلق	dāi jué de
钟摆	آونگ؛ پاندول	zhōng bǎi
摇锤	آونگ؛ پاندول	yáo chuí
穿透	نفوذ کردن؛ رخنه کردن	chuān tòu
刺穿	نفوذ کردن؛ رخنه کردن	cì chuān
渗透	نفوذ؛ رسوخ	shèn tòu
半岛	شبه جزیره	bàn dǎo
突出的地方	شبه جزیره	tū chū de dì fāng
阳物	دول؛ چر	yáng wù
阴茎	دول؛ چر	yīn jīng
赤贫的	نادار؛ بی زر	chì pín de
宾夕法尼亚	پنسیلوانیا	bīn xī fǎ ní yà
便士	پنی	biàn shì
一分	پنی	yī fēn
养老金	مستمری؛ مقرری	yǎng lǎo jīn
退休金	مستمری؛ مقرری	tuì xiū jīn
领取抚恤金者	وظیفهخوار؛ مستمری بگیر	lǐng qǔ fǔ xù jīn zhě
自费生	وظیفهخوار؛ مستمری بگیر	zì fèi shēng
哀思的	گرفتار غم	āi sī de
屋顶房间	ساباط؛ کبوتر خانه	wū dǐng fáng jiān
顶层公寓	ساباط؛ کبوتر خانه	dǐng céng gōng yù
胡椒粉	فلفل	hú jiāo fěn
辣椒	فلفل	là jiāo
认知	درک کردن	rèn zhī
每百中	درصد	měi bǎi zhōng
百分之	درصد	bǎi fēn zhī
百分比	درچند؛ درصد	bǎi fēn bǐ
百分数	درچند؛ درصد	bǎi fēn shù
比率	درصد؛ سدیاچند	bǐ lǜ
可察觉的	ادراک شدنی	kě chá jué de
能感觉得到的	ادراک شدنی	néng gǎn jué dé dào de
栖木	جایگاه بلند	qī mù
高位	جایگاه بلند	gāo wèi
断然的	حکمی؛ شتاب آمیز	duàn rán de
俨然的	حکمی؛ شتاب آمیز	yǎn rán de
完成时	کامل	wán chéng shí
完美的	کامل	wán měi de
完美	کمال؛ بی عیبی	wán měi
无瑕疵地	بکمال	wú xiá cī de
穿孔于	سوراخ شده؛ خلل و فرج دار	chuān kǒng yú
在上打眼	سوراخ شده؛ خلل و فرج دار	zài shǎng dǎ yǎn
穿孔	مسئله؛ مسام	chuān kǒng
施行	اجرا؛ طرز کار	shī xíng
工作情况	اجرا؛ طرز کار	gōng zuò qíng kuàng
表演者	کننده؛ مرتکب	biǎo yǎn zhě
香水	عطر؛ نکهت	xiāng shuǐ
香气	عطر؛ نکهت	xiāng qì
香味的	معطر؛ مطیب	xiāng wèi de
冒之险	بیم زیان	mào zhī xiǎn
时期	دوره	shí qī
节段	دوره	jiē duàn
周期的	دوری؛ تناوبی	zhōu qī de
定期的	دوری؛ تناوبی	dìng qī de
期刊	مجله؛ نوبتی	qī kān
定期出版的	مجله؛ نوبتی	dìng qī chū bǎn de
周边的	جنبی؛ پیرامونی	zhōu biān de
丧生	فاسدشدن؛ هلاک شدن	sàng shēng
永久	به طور دائمی	yǒng jiǔ
不变	به طور دائمی	bù biàn
可允许的	مجاز؛ روا	kě yǔn xǔ de
可容许程度的	مجاز؛ روا	kě róng xǔ chéng dù de
垂直线	عمودی؛ ستون وار	chuí zhí xiàn
垂直的位置	عمودی؛ ستون وار	chuí zhí de wèi zhi
持久地	بر سبیل استمرار	chí jiǔ de
使永存	جاودانی ساختن	shǐ yǒng cún
使不朽	جاودانی ساختن	shǐ bù xiǔ
不知所措的	حیرت زده	bù zhī suǒ cuò de
混乱状态	حیرت؛ سرگردانی	hùn luàn zhuàng tài
毅力	ابرام؛ پشتکار	yì lì
波斯人	فارسی؛ ایرانی	bō sī rén
波斯语	فارسی؛ ایرانی	bō sī yǔ
坚持不懈	سماجت؛ پافشاری	jiān chí bù xiè
固执的	ماندگار؛ سمج	gù zhí de
坚持地	مصرانه؛ مصرا	jiān chí de
固执地	مصرانه؛ مصرا	gù zhí de
涉及隐私的	شخصی	shè jí yǐn sī de
人格	شخصیت	rén gé
亲自地	شخصاً؛ بنفسه	qīn zì de
个别地	شخصاً؛ بنفسه	gè bié de
拟人	همانند دیگری	nǐ rén
人格化	همانند دیگری	rén gé huà
将人格化	مجسم	jiāng rén gé huà
拟人化	مجسم	nǐ rén huā
人员	پرسنل؛ اعضا اداری	rén yuán
人事部门	پرسنل؛ اعضا اداری	rén shì bù mén
远景	لحاظ؛ چشمانداز	yuǎn jǐng
透视感	لحاظ؛ چشمانداز	tòu shì gǎn
汗	تعریق؛ رشحه	hán
出汗	عرق کردن؛ عرق ریختن	chū hàn
流汗	عرق کردن؛ عرق ریختن	liú hàn
劝	اغواکردن؛ راضی کردن	quàn
秘鲁	پرو	bì lǔ
走入邪路	بدراهی	zǒu rù xié lù
败坏	بدراهی	bài huài
令人讨厌之物	مرگی	lìng rén tǎo yàn zhī wù
有害之物	مرگی	yǒu hài zhī wù
瘟疫	طاعون؛ بیماری طاعون	wēn yì
散布毒害的事物	طاعون؛ بیماری طاعون	sàn bù dú hài de shì wù
宠物	حیوان خانگی	chǒng wù
受宠爱的人	حیوان خانگی	shòu chǒng ài de rén
彼得斯堡	پترزبورگ	bǐ dé sī bǎo
彼得堡	پترزبورگ	bǐ dé bǎo
彼得森	پیترسون	bǐ dé sēn
请愿	عرضحال؛ دادخواست	qǐng yuàn
诉状	عرضحال؛ دادخواست	sù zhuàng
请愿人	متظلم؛ دادخواه	qǐng yuàn rén
诉愿人	متظلم؛ دادخواه	sù yuàn rén
惊呆的	متحجر	jīng dāi de
目瞪口呆的	متحجر	mù dèng kǒu dāi de
挥发油	بنزین	huī fā yóu
石油	نفت؛ نفت خام	shí yóu
琐碎	دونی	suǒ suì
微小	دونی	wēi xiǎo
梦境	ظاهر فریبنده	mèng jìng
虚位	طیف؛ شبه	xū wèi
咽	حلقوم؛ گلوگاه	yān
局面	وجه؛ مرحله	jú miàn
雉鸡	تذرو	zhì jī
野鸡	تذرو	yě jī
现象	پدیده؛ حادثه	xiàn xiàng
费城	فیلادلفیا	fèi chéng
博爱的	بشردوست؛ نوعدوست	bó ài de
慈善家	بشردوست	cí shàn jiā
博爱主义者	بشردوست	bó ài zhǔ yì zhě
慈善	بشردوستی؛ نوعپرستی	cí shàn
菲律宾的	فیلیپین	fēi lǜ bīn de
菲律宾人的	فیلیپین	fēi lǜ bīn rén de
菲律宾	فیلیپین	fēi lǜ bīn
哲学家	فیلسوف	zhé xué jiā
哲人	فیلسوف	zhé rén
哲学的	فلسفی	zhé xué de
冷静的	فلسفی	lěng jìng de
哲学	فلسفه؛ حکمت	zhé xué
人生观	فلسفه؛ حکمت	rén shēng guàn
凤凰	سمندر؛ سیمرغ	fèng huáng
不死鸟	سمندر؛ سیمرغ	bù sǐ diǎo
电话	تلفن، تماس گرفتن	diàn huà
受话器	تلفن، تماس گرفتن	shòu huà qì
启明星	فسفر	qǐ míng xīng
金星	فسفر	jīn xīng
相片	عکس	xiàng piàn
照片	عکس	zhào piàn
摄影师	عکاس؛ عکس بردار	shè yǐng shī
摄影者	عکاس؛ عکس بردار	shè yǐng zhě
照相的	عکسی	zhào xiàng de
摄影用的	عکسی	shè yǐng yòng de
摄影	عکاسی؛ عکس برداری	shè yǐng
照相术	عکاسی؛ عکس برداری	zhào xiàng shù
惯用语	عبارت	guàn yòng yǔ
词组	عبارت	cí zǔ
物质的	فیزیکی	wù zhì de
按自然规律	جسماً	àn zì rán guī lǜ
医师	پزشک؛ طبیب	yī shī
解除痛苦者	پزشک؛ طبیب	jiě chú tòng kǔ zhě
物理学	فیزیک	wù lǐ xué
物理过程	فیزیک	wù lǐ guò chéng
生理学的	تنکردی	shēng lǐ xué de
生理学上的	تنکردی	shēng lǐ xué shǎng de
生理学	علمالابدان؛ علم طبیعی	shēng lǐ xué
生理机能	علمالابدان؛ علم طبیعی	shēng lǐ jī néng
钢琴	پیانو	gāng qín
野餐	پیکنیک؛ اجتماعی درخارج	yě cān
如画的	خوش منظره	rú huà de
馅饼	درهم ریختن؛ کلاغ زنگی	xiàn bǐng
花斑的	ابلق؛ پیسه	huā bān de
杂色的	ابلق؛ پیسه	zá sè de
桥墩	جرز؛ اسکله	qiáo dūn
虔诚	تدین؛ دیانت	qián chéng
孝敬	تدین؛ دیانت	xiào jìng
猪	خوک	zhū
贪婪的人	خوک	tān lán de rén
鸽子	کبوتر	gē zi
易上当受骗的人	کبوتر	yì shàng dàng shòu piàn de rén
色素	رنگدانه؛ رنگیزه	sè sù
色质	رنگدانه؛ رنگیزه	sè zhì
旅行者	حاجی؛ زوار	lǚ xíng zhě
朝圣者	حاجی؛ زوار	cháo shèng zhě
朝圣	زیارت؛ زیارت رفتن	cháo shèng
漫游	زیارت؛ زیارت رفتن	màn yóu
药丸	قرص	yào wán
弹丸	قرص	dàn wán
抢劫	غارت؛ تاراج	qiǎng jié
柱子	پایه؛ ستون	zhù zi
栋梁	پایه؛ ستون	dòng liáng
枕头	پشتی؛ بالش	zhěn tou
靠垫	پشتی؛ بالش	kào diàn
飞行员	خلبان	fēi xíng yuán
领航员	خلبان	lǐng háng yuán
先导控制的	راننده دار	xiān dǎo kòng zhì de
带先导阀的	راننده دار	dài xiān dǎo fá de
丘疹	کورک؛ بثور	qiū zhěn
小脓疱	کورک؛ بثور	xiǎo nóng pào
大头针	میل؛ سوزن	dà tóu zhēn
别针	میل؛ سوزن	bié zhēn
拧	مضیقه؛ وشگون	níng
松树	کاج؛ صنوبر	sōng shù
松木	کاج؛ صنوبر	sōng mù
凤梨	آناناس	fèng lí
菠萝	آناناس	bō luó
粉红色	صورتی	fěn hóng sè
石竹花	صورتی	shí zhú huā
小尖塔	منتهی درجه	xiǎo jiān tǎ
尖峰	منتهی درجه	jiān fēng
先锋	پیشگام؛ پیشرو	xiān fēng
拓荒者	پیشگام؛ پیشرو	tuò huāng zhě
声带	لوله؛ چپق	shēng dài
吹笛	مغزی؛ نیزنی	chuī dí
笛声	مغزی؛ نیزنی	dí shēng
海盗	دزد ادبی؛ دزد دریایی	hǎi dào
盗印者	دزد ادبی؛ دزد دریایی	dào yìn zhě
手枪	پارابلوم؛ هفت تیر	shǒu qiāng
信号枪	پارابلوم؛ هفت تیر	xìn hào qiāng
活塞	پیستون؛ میله متحرک	huó sāi
深坑	تخم؛ هسته	shēn kēng
矿井	تخم؛ هسته	kuàng jǐng
坡度	زفت	pō dù
有把的大罐	تنگ؛ سبو	yǒu bǎ de dà guàn
瓶状体	تنگ؛ سبو	píng zhuàng tǐ
干草叉	دوشاخه؛ سه شاخه	gān cǎo chā
草靶	دوشاخه؛ سه شاخه	cǎo bǎ
有髓的	پرمغز؛ شبیه مغز	yǒu suǐ de
由髓组成的	پرمغز؛ شبیه مغز	yóu suǐ zǔ chéng de
匹兹堡	پیتسبورگ	pǐ zī bǎo
遗憾	ترحم	yí hàn
放置	جایابی	fàng zhì
布置	جایابی	bù zhì
天罚	بلا؛ طاعون	tiān fá
格子花呢披风	پارچه پیچازی	gé zi huā ní pī fēng
格子图案	پارچه پیچازی	gé zi tú àn
平原	مسطح؛ دشت	píng yuán
起诉人	شاکی؛ دادخواه	qǐ sù rén
褶	گیس بافته	xí
辫子	گیس بافته	biàn zi
方案	برنامه، برنامه ریزی کردن	fāng àn
平面	هواپیما	píng miàn
扁平物	هواپیما	biǎn píng wù
行星	سیاره	xíng xīng
命运星辰	سیاره	mìng yùn xīng chén
厚木板	تخته؛ تخته پوش کردن	hòu mù bǎn
铺板工作	تخته بندی	pù bǎn gōng zuò
板材	تخته بندی	bǎn cái
计划者	طراح	jì huà zhě
计划的制订	زمینهسازی؛ برنامه ریزی	jì huà de zhì dìng
策划	زمینهسازی؛ برنامه ریزی	cè huà
种植园	سبزیکاری؛ درختستان	zhòng zhí yuán
大农场	سبزیکاری؛ درختستان	dà nóng chǎng
种植者	صاحب مزرعه؛ پرورنده گیاهان	zhòng zhí zhě
耕作者	صاحب مزرعه؛ پرورنده گیاهان	gēng zuò zhě
血浆	پلاسما	xuè jiāng
淋巴液	پلاسما	lín bā yè
石膏	گچ؛ مشمع	shí gāo
灰泥	گچ؛ مشمع	huī ní
塑料	پلاستیک	sù liào
可塑体	پلاستیک	kě sù tǐ
高地	فلات؛ زمین مسطح	gāo dì
高原	فلات؛ زمین مسطح	gāo yuán
平台	سکو	píng tái
电镀	آبکاری فلزی	diàn dù
镀层	آبکاری فلزی	dù céng
空谈的	افلاطونی	kōng tán de
不实际的	افلاطونی	bù shí jì de
排	رسد	pái
一组	رسد	yī zǔ
貌似真实的	باورکردنی؛ قابل استماع	mào sì zhēn shí de
貌似合理的	باورکردنی؛ قابل استماع	mào sì hé lǐ de
游戏	بازی کردن، نمایش	yóu xì
游玩	بازی کردن، نمایش	yóu wán
竞赛者	بازیکن	jìng sài zhě
上场队员	بازیکن	shàng chǎng duì yuán
爱打趣的	بازیگوش	ài dǎ qù de
多趣的	بازیگوش	duō qù de
活泼快乐	بازیگوشی	huó po kuài lè
玩伴	همبازی	wán bàn
游伴	همبازی	yóu bàn
请	خوشحال کردن؛ لطفا	qǐng
令人喜爱的	خوشایند؛ دلگشا	lìng rén xǐ ài de
充分	کثیر؛ بمقدار فراوان	chōng fèn
很多	کثیر؛ بمقدار فراوان	hěn duō
肋膜炎	ذاتالجنب؛ برسام	lèi mó yán
胸膜炎	ذاتالجنب؛ برسام	xiōng mó yán
易弯的	قابل انعطاف؛ نرم شدنی	yì wān de
柔顺的	قابل انعطاف؛ نرم شدنی	róu shùn de
小块土地	دسیسه؛ توطئه	xiǎo kuài tǔ dì
地区图	دسیسه؛ توطئه	dì qū tú
犁	شخم؛ شیار کردن	lí
开路	شخم؛ شیار کردن	kāi lù
&.用犁耕田	شیاردار؛ شخمزده	yòng lí gēng tián
珩	مرغ باران	héng
千鸟	مرغ باران	qiān diǎo
耕	گاو آهن؛ سختی جلو رفتن	gēng
猛拉	پر کندن؛ ناگهان کشیدن	měng lā
塞子	دوشاخه	sāi zi
栓	دوشاخه	shuān
李子	گوجه؛ آلو	lǐ zi
鸟类羽毛	بال و پر	niǎo lèi yǔ máo
铅锤	عمود بودن؛ عمق پیمودن	qiān chuí
垂直	عمود بودن؛ عمق پیمودن	chuí zhí
水管工人	لولهکش؛ لوله ساز	shuǐ guǎn gōng rén
堵漏防漏人员	لولهکش؛ لوله ساز	dǔ lòu fáng lòu rén yuán
羽状的	نازیدن؛ پر آرایشی	yǔ zhuàng de
丰满的	گوشتالو؛ سمین	fēng mǎn de
抢夺	غارت؛ تاراج	qiǎng duó
掠夺品	غارت؛ تاراج	lüè duó pǐn
钻进	افت؛ شیرجه	zuān jìn
跳进	افت؛ شیرجه	tiào jìn
复数	جمعی؛ صیغه جمع	fù shù
两个以上的	جمعی؛ صیغه جمع	liǎng gè yǐ shàng de
加上	به اضافه	jiā shàng
外加	به اضافه	wài jiā
厚度	لا؛ وآمد کردن	hòu dù
板层	لا؛ وآمد کردن	bǎn céng
肺炎	ذات الریه	fèi yán
口袋	جیب	kǒu dài
钱袋	جیب	qián dài
有痘疮的	مجدر؛ آبله دار	yǒu dòu chuāng de
诗	شعر؛ چامه	shī
诗人	شاعر؛ غزل سرا	shī rén
诗的	نظمی؛ شاعرانه	shī de
诗意的	نظمی؛ شاعرانه	shī yì de
用诗写成的	مشاعره	yòng shī xiě chéng de
韵文	شعر؛ اشعار	yùn wén
辛酸的	نیشدار؛ گوشه دار	xīn suān de
教鞭	عقربک؛ عقربه	jiào biān
毒物	سم؛ زهر	dú wù
中毒	مسمومیت	zhòng dú
戳的人	سیخ زن؛ سیخ بخاری	chuō de rén
拨火棍	سیخ زن؛ سیخ بخاری	bō huǒ gùn
戳出	سقلمه	chuō chū
波兰	لهستان	bō lán
波兰人	تیر؛ قطب	bō lán rén
争辩的	جدلی کردن؛ اهل جدل	zhēng biàn de
好争论的	جدلی کردن؛ اهل جدل	hǎo zhēng lùn de
治安	پلیس	zhì ān
淀帚	پلیس (مرد)	diàn zhǒu
政策	سیاست؛ خط‌مشی	zhèng cè
保险单	سیاست؛ خط‌مشی	bǎo xiǎn dān
波兰的	مالیدن؛ له	bō lán de
有礼貌地	مودبانه	yǒu lǐ mào de
文雅地	مودبانه	wén yǎ de
有礼	ادب؛ تربیت	yǒu lǐ
政治上的	سیاسی	zhèng zhì shǎng de
政客	سیاستمدار؛ ساوس	zhèng kè
政治家	سیاستمدار؛ ساوس	zhèng zhì jiā
民意测验	نمونه برداشتن؛ نظر خواهی کردن	mín yì cè yàn
花粉	گرد؛ دانه گرده	huā fěn
选举投票	نظر خواهی؛ نمونه برداری	xuǎn jǔ tóu piào
轮询	نظر خواهی؛ نمونه برداری	lún xún
玷污	آلودگی	diàn wū
多配偶	چندگانی؛ بس گانی	duō pèi ǒu
多偶性	چندگانی؛ بس گانی	duō ǒu xìng
聚合物	بسپار	jù hé wù
聚合体	بسپار	jù hé tǐ
壮丽	فر؛ غرور وتظاهر	zhuàng lì
盛观	فر؛ غرور وتظاهر	shèng guàn
爱炫耀的	باطمطراق؛ پرطمطراق	ài xuàn yào de
虚夸的	باطمطراق؛ پرطمطراق	xū kuā de
沉重的	ثقیل	chén zhòng de
笨重的	ثقیل	bèn zhòng de
水塘	استخر	shuǐ táng
救济院	دارالمساکین؛ دارالعجزه	jiù jì yuàn
贫穷地	به‌طور ناچیز	pín qióng de
不充分地	به‌طور ناچیز	bù chōng fèn de
砰然声	پاپ (موسیقی)، پاپ (چیزی)	pēng rán shēng
枪击	پاپ (موسیقی)، پاپ (چیزی)	qiāng jī
罗马教皇	پاپ	luó mǎ jiào huáng
罂粟	خشخاش	yīng sù
通俗的	محبوب	tōng sú de
流行的	محبوب	liú xíng de
受大众欢迎	وجهه؛ محبوبیت	shòu dà zhòng huān yíng
通俗化	محبوب سازی	tōng sú huā
平易化	محبوب سازی	píng yì huā
人口	جمعیت	rén kǒu
群体	جمعیت	qún tǐ
人口多的	پرجمعیت؛ پرسکنه	rén kǒu duō de
人口稠密的	پرجمعیت؛ پرسکنه	rén kǒu chóu mì de
门廊	سرپوشیده؛ رواق	mén láng
气孔	منافد	qì kǒng
毛穴	منافد	máo xué
猪肉	گوشتخوک	zhū ròu
多孔的	متخلخل؛ رخنه دار	duō kǒng de
有气孔的	متخلخل؛ رخنه دار	yǒu qì kǒng de
港口	پرت؛ حمایل زدن	gǎng kǒu
埠	پرت؛ حمایل زدن	bù
可携带的	موبایل؛ قابل انتقال	kě xié dài de
可搬运的	موبایل؛ قابل انتقال	kě bān yùn de
大门	سر در	dà mén
预示	فال بد	yù shì
大楼管理员	باربر؛ حمال	dà lóu guǎn lǐ yuán
皮包	نامه دان	pí bāo
公文包	نامه دان	gōng wén bāo
一份	قسمت	yī fèn
人像	نقاشی؛ تصویر	rén xiàng
葡萄牙	پرتقال؛ پرتغال	pú táo yá
葡萄牙人	زبان پرتقالی	pú táo yá rén
葡萄牙语	زبان پرتقالی	pú táo yá yǔ
姿势	ژست؛ ژست گرفتن	zī shì
地位	موقعیت	dì wèi
肯定地	خوشبینانه؛ مثبتاً	kěn dìng de
持有	دارا شدن؛ واجد بودن	chí yǒu
拥有	مالکیت	yōng yǒu
可能的事	امکان	kě néng de shì
可能的	ممکن	kě néng de
潜在的	ممکن	qián zài de
职位	پست کردن، اداره پست	zhí wèi
邮资	پول پست؛ ارسال پست	yóu zī
邮费	پول پست؛ ارسال پست	yóu fèi
邮政的	پستی	yóu zhèng de
邮局的	پستی	yóu jú de
海报	پوستر	hǎi bào
招贴	پوستر	zhāo tiē
在后的	پسین؛ دیرتر	zài hòu de
后裔	اعقاب؛ اخلاف	hòu yì
延迟	معوق کردن؛ موکول کردن	yán chí
使延期	معوق کردن؛ موکول کردن	shǐ yán qī
延期	تاخیر؛ تعویق	yán qī
钾碱	پتاس؛ پتاس محرق	jiǎ jiǎn
钾硷	پتاس؛ پتاس محرق	jiǎ jiǎn
钾	پتاسیم	jiǎ
马铃薯	سیب‌زمینی	mǎ líng shǔ
潜在性	التزامی؛ پتانسیل	qián zài xìng
可能地	به طور بالقوه	kě néng de
潜在地	به طور بالقوه	qián zài de
小袋	کیسه کوچک؛ کیف پول	xiǎo dài
泥罨剂	ضماد	ní yǎn jì
家禽	مرغ خانگی	jiā qín
猛扑	درحال خیز	měng pū
磅	پوند	bàng
英镑	پوند	yīng bàng
倾泻	ریختن؛ پاشیدن	qīng xiè
粉	گرد؛ پودر	fěn
粉的	گردی؛ آردی	fěn de
粉状的	گردی؛ آردی	fěn zhuàng de
电力	قدرت	diàn lì
有权力的	قادر؛ قوی	yǒu quán lì de
强有力	مقتدرانه	qiáng yǒu lì
强大	مقتدرانه	qiáng dà
无权的	بی نیرو؛ بی زور	wú quán de
可实行的	پرشدنی؛ قابل اجرا	kě shí xíng de
可做的	پرشدنی؛ قابل اجرا	kě zuò de
现实的	عملی؛ اهل عمل	xiàn shí de
练习	تمرین	liàn xí
大草原	چمنزار؛ جلگه	dà cǎo yuán
草甸	چمنزار؛ جلگه	cǎo diàn
值得称赞的	هژیر؛ ستودنی	zhí de chēng zàn de
令人钦佩的	هژیر؛ ستودنی	lìng rén qīn pèi de
开玩笑	شوخی زننده؛ شوخی خرکی	kāi wán xiào
恶作剧	شوخی زننده؛ شوخی خرکی	è zuò jù
小孩般说话	حرف مفت زدن	xiǎo hái bān shuō huà
祈祷	ذکر؛ نماز کردن	qí dǎo
常常祷告的	دعاگو	cháng cháng dǎo gào de
炼油工程师	بر خلاف	liàn yóu gōng chéng shī
传道	موعظه کردن؛ وعظ کردن	chuán dào
讲道	موعظه کردن؛ وعظ کردن	jiǎng dào
传道士	فقیه؛ روضه خوان	chuán dào shì
讲道者	فقیه؛ روضه خوان	jiǎng dào zhě
说教	موعظه؛ روضه خوانی	shuō jiào
引言	مقدمه؛ توضیحات	yǐn yán
序文	مقدمه؛ توضیحات	xù wén
预防	اقدام احتیاطی	yù fáng
预先警戒的	احتیاطی؛ پیشگیرانه	yù xiān jǐng jiè de
预防的	احتیاطی؛ پیشگیرانه	yù fáng de
优于	مقدم بودن	yōu yú
在前的	متقدم	zài qián de
宝贵的	گرانبها	bǎo guì de
珍贵的	گرانبها	zhēn guì de
沉淀物	بادست پاچگی؛ ناگهان سقوط کردن	chén diàn wù
严谨的	دقیق	yán jǐn de
精密	احتیاط کار	jīng mì
前任	ماقبل؛ سلف	qián rèn
先辈	ماقبل؛ سلف	xiān bèi
宿命论	جبر؛ فلسفه جبری	sù mìng lùn
定数	جبر؛ فلسفه جبری	dìng shù
预先确定	جبری	yù xiān què dìng
处境	وضع خطرناک؛ وضع نامساعد	chǔ jìng
穷境	وضع خطرناک؛ وضع نامساعد	qióng jìng
可预言的	قابل پیش‌بینی	kě yù yán de
预报	پیشبینی؛ غیبگویی	yù bào
占主导地位的	مستولی	zhàn zhǔ dǎo dì wèi de
卓越的	مستولی	zhuó yuè de
序	مقدمه؛ دیباجه	xù
绪言	مقدمه؛ دیباجه	xù yán
宁可	ترجیح دادن	nìng kě
较喜欢	ترجیح دادن	jiào xǐ huan
更可取的	افضل؛ مرجح	gēng kě qǔ de
更好的	افضل؛ مرجح	gēng hǎo de
优先	ترجیح	yōu xiān
首选的	مقدم؛ مورد علاقه	shǒu xuǎn de
前缀	پیشوند	qián zhuì
称谓	پیشوند	chēng wèi
怀孕	باروری؛ حاملگی	huái yùn
怀孕的	آبستن؛ بارور	huái yùn de
历史以前的	ماقبل تاریخ؛ ماقبل تاریخی	lì shǐ yǐ qián de
史前的	ماقبل تاریخ؛ ماقبل تاریخی	shǐ qián de
成见	تعصب؛ غرض ورزی	chéng jiàn
初步做法	مقدماتی؛ بدائی	chū bù zuò fǎ
初步措施	مقدماتی؛ بدائی	chū bù cuò shī
前奏	قسمت مقدماتی	qián zòu
序幕	قسمت مقدماتی	xù mù
早产的	زودهنگام	zǎo chǎn de
过早的	زودهنگام	guò zǎo de
首相	یک نمایشنامه؛ نخست وزیر	shǒu xiàng
前提	فرض قبلی؛ فرضیه مقدم	qián tí
房屋连地基	فرض قبلی؛ فرضیه مقدم	fáng wū lián dì jī
额外补贴	اعلی؛ اعلاء	é wài bǔ tiē
预感	فکر قبلی	yù gǎn
抢先占据	گرفتاری؛ کار مقدم	qiǎng xiān zhàn jù
先人之见	گرفتاری؛ کار مقدم	xiān rén zhī jiàn
被先占的	گرفتار	bèi xiān zhàn de
入神的	گرفتار	rù shén de
准备	تهیه؛ تمهید	zhǔn bèi
预备	تهیه؛ تمهید	yù bèi
预备性的	تدارکی	yù bèi xìng de
准备性的	تدارکی	zhǔn bèi xìng de
筹备	آماده کردن	chóu bèi
乖戾的	غیر طبیعی	guāi lì de
包皮	غلفه	bāo pí
君权	امتیاز مخصوص	jūn quán
嘱咐	تجویز کردن؛ نسخه دادن	zhǔ fù
处方	نسخه؛ تجویز	chǔ fāng
面前	حضور؛ وجود	miàn qián
赠与	عرضه؛ معرفی	zèng yǔ
目前	فعلا؛ الساعه	mù qián
不久	فعلا؛ الساعه	bù jiǔ
保藏	حفظ؛ حراست	bǎo cáng
保护者	حافظ؛ حافظه	bǎo hù zhě
保存者	حافظ؛ حافظه	bǎo cún zhě
总统	رئیس جمهور	zǒng tǒng
总裁	رئیس جمهور	zǒng cái
总统制的	ریاست جمهوری	zǒng tǒng zhì de
总统的	ریاست جمهوری	zǒng tǒng de
压	پرس؛ منگنه	yā
揿	پرس؛ منگنه	qìn
榨	فشار	zhà
声望	حیثیت؛ قدر ومنزلت	shēng wàng
威望	حیثیت؛ قدر ومنزلت	wēi wàng
专横	فرض؛ استنباط	zhuān hèng
放肆	فرض؛ استنباط	fàng sì
根据推定的	فرضی	gēn jù tuī dìng de
假定的	فرضی	jiǎ dìng de
伪称	وانمود کردن؛ دعوی کردن	wěi chèn
借口	وانمودسازی	jiè kǒu
骄傲	وانمود؛ تظاهر	jiāo ào
托词	بهانه؛ عذر	tuō cí
获胜	چربیدن؛ غلبه کردن	huò shèng
普遍	غلبه؛ رواج	pǔ biàn
普遍的	رایج؛ شایع	pǔ biàn de
防止的	پیشگیر؛ پیشگیرنده	fáng zhǐ de
早先的	قبلی؛ سابقی	zǎo xiān de
先	قبلا؛ سابقا	xiān
被掠食者	شکار؛ طعمه	bèi lüè shí zhě
牺牲者	شکار؛ طعمه	xī shēng zhě
价格	قیمت	jià gé
刺	خار؛ خلیدن	cī
戳	خار؛ خلیدن	chuō
自尊心	غرور	zì zūn xīn
祭司	روحانی؛ مچتهد	jì sī
神职人员	کشیش بودن؛ مقام کشیش	shén zhí rén yuán
祭司职	کشیش بودن؛ مقام کشیش	jì sī zhí
端正的	یاسم؛ نوار ابیض	duān zhèng de
首先地	در وهله اول	shǒu xiān de
最主要者	اصلی؛ اولیه	zuì zhǔ yào zhě
原色	اصلی؛ اولیه	yuán sè
最佳部分	درجه یک	zuì jiā bù fen
原始人	اولیه؛ ابتدایی	yuán shǐ rén
早期艺术家	اولیه؛ ابتدایی	zǎo qī yì shù jiā
自原始时代的	اصل نخستین؛ عنصر نخستین	zì yuán shǐ shí dài de
王子	شاهزاده؛ امیر	wáng zǐ
亲王	شاهزاده؛ امیر	qīn wáng
公主	شاهزاده‌خانم؛ شاهدخت	gōng zhǔ
王妃	شاهزاده‌خانم؛ شاهدخت	wáng fēi
校长	اصلی	xiào zhǎng
首长	اصلی	shǒu zhǎng
原理	اصل؛ عنصر	yuán lǐ
打印	چاپ کردن	dǎ yìn
版	چاپ کردن	bǎn
印刷工	پرینتر	yìn shuā gōng
打印机	پرینتر	dǎ yìn jī
印刷	طبع؛ مطبعه	yìn shuā
印花	طبع؛ مطبعه	yìn huā
更重要的	قبلی	gēng zhòng yào de
较早的	قبلی	jiào zǎo de
优先级	اولویت؛ تقدم	yōu xiān jí
隐私	پوشیدگی	yǐn sī
隐居	پوشیدگی	yǐn jū
特别恩典	امتیاز؛ مصونیت	tè bié ēn diǎn
有特权的	ممتاز؛ مصون	yǒu tè quán de
有特别恩典的	ممتاز؛ مصون	yǒu tè bié ēn diǎn de
奖赏	جایزه	jiǎng shǎng
正面地	جنبه مثبت	zhèng miàn de
可编程远程操作	جنبه مثبت	kě biān chéng yuǎn chéng cāo zuò
或然率	احتمال	huò rán lǜ
很可能的	محتمل	hěn kě néng de
大概的	محتمل	dà gài de
或许	احتمالا	huò xǔ
鉴定	کار آموزی	jiàn dìng
查验	کار آموزی	chá yàn
难题	مشکل	nán tí
成问题的	گیج کننده	chéng wèn tí de
未定的	گیج کننده	wèi dìng de
程序	رویه؛ پردازه	chéng xù
过程	رویه؛ پردازه	guò chéng
继续进行	ادامه دادن	jì xù jìn xíng
事项	شرح مذاکرات	shì xiàng
加工	پردازش؛ عمل آوری	jiā gōng
信息处理机	پرداز؛ پردازنده	xìn xī chǔ lǐ jī
加工者	پرداز؛ پردازنده	jiā gōng zhě
公布	جار؛ صلا	gōng bù
拖延者	طفرهرو	tuō yán zhě
因循者	طفرهرو	yīn xún zhě
浪费者	پر تجمل	làng fèi zhě
浪费的	پر تجمل	làng fèi de
惊人的事物	اعجوبه	jīng rén de shì wù
生产品	تولید کردن	shēng chǎn pǐn
物产	تولید کردن	wù chǎn
生产者	مولد	shēng chǎn zhě
制作者	مولد	zhì zuò zhě
生产	تولید؛ ساخت	shēng chǎn
能生产的	منبت؛ حاصلضرب	néng shēng chǎn de
有生产价值的	منبت؛ حاصلضرب	yǒu shēng chǎn jià zhí de
生产力	کارایی؛ فرآورش	shēng chǎn lì
生产率	کارایی؛ فرآورش	shēng chǎn lǜ
以为业	ابراز ایمان کردن	yǐ wéi yè
表白	پیشه؛ کسب	biǎo bái
专业人才	حرفه‌ای	zhuān yè rén cái
专业的	حرفه‌ای	zhuān yè de
教授	استاد	jiào shòu
高手	حاذق	gāo shǒu
利润	صرفه؛ دخل	lì rùn
赢利	صرفه؛ دخل	yíng lì
收益性	سودبخشی؛ سودمندی	shōu yì xìng
利益率	سودبخشی؛ سودمندی	lì yì lǜ
有利润的	سودمند؛ نافع	yǒu lì rùn de
获暴利的人	استفادهچی	huò bào lì de rén
奸商	استفادهچی	jiān shāng
放荡的	فاسد الاخلاق	fàng dàng de
不检点的	فاسد الاخلاق	bù jiǎn diǎn de
极深的	عمیق؛ عمیقانه	jí shēn de
深厚的	عمیق؛ عمیقانه	shēn hòu de
很多的	لبریز؛ سرشار	hěn duō de
预后	مال اندیشی	yù hòu
节目	برنامه	jié mù
节目的计划	برنامه‌نویسی	jié mù de jì huà
编制程序	برنامه‌نویسی	biān zhì chéng xù
连续	تصاعد	lián xù
改革论者	مترقی	gǎi gé lún zhě
进步论者	مترقی	jìn bù lún zhě
禁止的	تحریمی؛ جلوگیری کننده	jìn zhǐ de
禁止性的	تحریمی؛ جلوگیری کننده	jìn zhǐ xìng de
无产阶级的	رنجور؛ وابسته بکارگر	wú chǎn jiē jí de
无产者	رنجور؛ وابسته بکارگر	wú chǎn zhě
增殖	کثیر شدن؛ پربرکت شدن	zēng zhí
有生殖力的	ولود؛ پرزاآ	yǒu shēng zhí lì de
多产的	ولود؛ پرزاآ	duō chǎn de
拖延	کشاندن؛ کشانیدن	tuō yán
散步	گردش رفتن	sàn bù
骑马	گردش رفتن	qí mǎ
突起	برجستگی؛ پیشامدگی	tū qǐ
约定的事情	قول، قول دادن	yuē dìng de shì qing
有希望的	امیدوارکننده	yǒu xī wàng de
前途有望的	امیدوارکننده	qián tú yǒu wàng de
晋升	درجه دادن؛ تمشیت کردن	jìn shēng
促进者	کارساز؛ مروج	cù jìn zhě
助长者	کارساز؛ مروج	zhù zhǎng zhě
晋级	ترفیع	jìn jí
创建	ترفیع	chuàng jiàn
敏捷地	آنا؛ سریعا	mǐn jié de
迅速地	آنا؛ سریعا	xùn sù de
俯伏的	درازکش	fǔ fú de
面向下的	درازکش	miàn xiàng xià de
发音	تلفظ کردن	fā yīn
读法	تلفظ؛ ادای سخن	dú fǎ
校正	غلط گیری کردن	jiào zhèng
校对	غلط گیری کردن	jiào duì
校稿	براهین	jiào gǎo
宣传	تبلیغ؛ پروپاگاند	xuān chuán
财产	دارایی؛ ویژگی؛ ملک	cái chǎn
预言者	نبی؛ رسول	yù yán zhě
先知	نبی؛ رسول	xiān zhī
预言的	پیغمبری؛ نبوی	yù yán de
先知的	پیغمبری؛ نبوی	xiān zhī de
比例	نسبت	bǐ lì
比例的	نسبی؛ به نسبت	bǐ lì de
相称的	نسبی؛ به نسبت	xiāng chèn de
成比例的	متناسب کردن؛ متناسب شدن	chéng bǐ lì de
成比例地	به تناسب	chéng bǐ lì de
相称地	به تناسب	xiāng chèn de
被提议的	پیشنهادی	bèi tí yì de
所推荐的	پیشنهادی	suǒ tuī jiàn de
提议	خواستگاری	tí yì
命题	گزاره	mìng tí
提出供考虑	عنوان کردن	tí chū gōng kǎo lǜ
提出建议	عنوان کردن	tí chū jiàn yì
散文的	نثری؛ کسل کننده	sǎn wén de
散文体的	نثری؛ کسل کننده	sǎn wén tǐ de
散文	منثور؛ نثر	sǎn wén
预期的	موثر درآینده	yù qī de
将来的	موثر درآینده	jiāng lái de
成功的	خوشبخت؛ سعید	chéng gōng de
繁盛的	خوشبخت؛ سعید	fán shèng de
前列腺的	پروستات	qián liè xiàn de
平伏	سجود؛ سجده	píng fú
跪倒	سجود؛ سجده	guì dǎo
给予保护的	حفاضی؛ حفاظتی	jǐ yǔ bǎo hù de
防护的	حفاضی؛ حفاظتی	fáng hù de
保护物	مدافع؛ محافظ	bǎo hù wù
摄政职位	کشور تحت الحمایه	shè zhèng zhí wèi
摄政政体	کشور تحت الحمایه	shè zhèng zhèng tǐ
蛋白质	پروتئین	dàn bái zhì
新教徒	پروتستان	xīn jiào tú
新教的	پروتستان	xīn jiào de
抗议者	معترض	kàng yì zhě
持异议者	معترض	chí yì yì zhě
草案	پروتکل؛ پیوند نامه	cǎo àn
傲慢地	مفتخرا؛ دامن کشان	ào màn de
自大地	مفتخرا؛ دامن کشان	zì dà de
谚语	ضرب المثل؛ گفتار حکیمانه	yàn yǔ
供应	فراهم کردن	gōng yìng
天意	عاقبتاندیشی؛ آینده نگری	tiān yì
供应者	رزاق؛ تامین کننده	gōng yìng zhě
供养人	رزاق؛ تامین کننده	gōng yǎng rén
省	ایالت؛ استان	shěng
粗野的人	ولایتی؛ استانی	cū yě de rén
钱和设备	تهیه؛ توشه	qián hé shè bèi
暂定的	موقت	zàn dìng de
附文	جمله شرطی	fù wén
附带条件	جمله شرطی	fù dài tiáo jiàn
激发感情的	برانگیزنده؛ عصبانی کننده	jī fā gǎn qíng de
挑拨的	برانگیزنده؛ عصبانی کننده	tiǎo bō de
惹起	تحریک کردن؛ خشمگین کردن	rě qǐ
教务长	ناظم دانشکده	jiào wù zhǎng
监督员	ناظم دانشکده	jiān dū yuán
潜行	پرسه زدن	qián xíng
徘徊	پرسه زدن	pái huái
亲近	نزدیکی؛ قرب	qīn jìn
审慎	مصلحت؛ حزم	shěn shèn
审慎的	مدبرانه؛ مصلحتی	shěn shèn de
三思而后行的	مدبرانه؛ مصلحتی	sān sī ér hòu xíng de
普鲁士	پروس	pǔ lǔ shì
圣诗	سرود روحانی	shèng shī
冒充的	عملواره	mào chōng de
啐(表示不耐烦	علامت تعجب	cuì biǎo shì bù nài fán
轻蔑)	علامت تعجب	qīng miè
牛皮癣	داء الصدف	niú pí xuǎn
银屑病	داء الصدف	yín xiè bìng
灵魂的	روانی؛ پدیده روحی	líng hún de
精神的	روانی؛ پدیده روحی	jīng shén de
心理学的	روانشناختی	xīn lǐ xué de
精神上的	روانشناختی	jīng shén shǎng de
心理学家	روان شناس	xīn lǐ xué jiā
心理学	روان شناسی؛ معرفه النفس	xīn lǐ xué
心理状态	روان شناسی؛ معرفه النفس	xīn lǐ zhuàng tài
酒馆	میخانه	jiǔ guǎn
春情发动期	تکلیف؛ بلوغ	chūn qíng fā dòng qī
出版物	منتشر؛ نشر	chū bǎn wù
出版	منتشر کردن	chū bǎn
出版者	ناشر	chū bǎn zhě
发行人	ناشر	fā xíng rén
刊印	انتشارات	kān yìn
使起皱	درهم کشیدن؛ جمع شدگی	shǐ qǐ zhòu
折成褶	درهم کشیدن؛ جمع شدگی	shé chéng xí
布丁	فرنی	bù dīng
一阵喷烟	پک؛ باد کردن	yī zhèn pēn yān
肿块	پک؛ باد کردن	zhǒng kuài
胀大的	باد دار؛ باد کرده	zhàng dà de
肺的	ریوی	fèi de
与肺有关的	ریوی	yú fèi yǒu guān de
果肉	مغز؛ مغز ساقه	guǒ ròu
纸浆	مغز؛ مغز ساقه	zhǐ jiāng
讲道坛	منبر؛ سکوب خطابه	jiǎng dào tán
脉冲	نبض؛ فشار نبض	mài chōng
脉搏	نبض؛ فشار نبض	mài bó
抽水机	تلمبه؛ پمپ	chōu shuǐ jī
打气筒	تلمبه؛ پمپ	dǎ qì tǒng
打洞器	منگنه؛ مشت زدن	dǎ dòng qì
有小刻点的	مثل نقطه	yǒu xiǎo kè diǎn de
点状的	مثل نقطه	diǎn zhuàng de
精密细心的	نکته بین؛ نکته سنج	jīng mì xì xīn de
一丝不苟的	نکته بین؛ نکته سنج	yī sī bù gǒu de
刺痕	پارگی؛ سوراخ کردن	cī hén
穿刺	پارگی؛ سوراخ کردن	chuān cì
具刻点的	پنچر	jù kè diǎn de
尖刻的	گوشه دار؛ پر ادویه	jiān kè de
惩罚	سیاست کردن؛ عذاب کردن	chéng fá
刑罚的	کیفری؛ مجازاتی	xíng fá de
惩罚性的	کیفری؛ مجازاتی	chéng fá xìng de
废物	پانک	fèi wù
小阿飞	پانک	xiǎo ā fēi
方头平底船	لگدزدن	fāng tóu píng dǐ chuán
踢悬空球	لگدزدن	tī xuán kōng qiú
微小的	ریغماسی؛ درجه پست	wēi xiǎo de
弱小的	ریغماسی؛ درجه پست	ruò xiǎo de
学生	مردمک؛ حدقه	xué sheng
门生	مردمک؛ حدقه	mén shēng
傀儡	عروسک؛ لعبت	kuǐ lěi
木偶	عروسک؛ لعبت	mù ǒu
小狗	توله؛ سگ بچه	xiǎo gǒu
小动物	توله؛ سگ بچه	xiǎo dòng wù
购买	خرید؛ شراء	gòu mǎi
购买者	خریدار	gòu mǎi zhě
纯的	صاف؛ محض	chún de
纯净的	صاف؛ محض	chún jìng de
纯粹地	صرفاً	chún cuì de
清白地	صرفاً	qīng bái de
纯化	تصفیه؛ تطهیر	chún huā
提纯	تصفیه؛ تطهیر	tí chún
变纯净	تصفیه کردن؛ خالص کردن	biàn chún jìng
使纯净	تصفیه کردن؛ خالص کردن	shǐ chún jìng
清教徒	پاک دین	qīng jiào tú
纯净	صافی؛ صفا	chún jìng
纯正	صافی؛ صفا	chún zhèng
紫色	بنفش	zǐ sè
帝位	بنفش	dì wèi
意向	هدف	yì xiàng
钱包	کیف؛ غنچه کردن	qián bāo
小钱袋	کیف؛ غنچه کردن	xiǎo qián dài
追赶	عقب کردن؛ تعقیب کردن	zhuī gǎn
追踪	عقب کردن؛ تعقیب کردن	zhuī zōng
脓的	چرکدار	nóng de
化脓性的	چرکدار	huà nóng xìng de
承办伙食者	سورساتچی	chéng bàn huǒ shí zhě
承办商人	سورساتچی	chéng bàn shāng rén
脓	چرک	nóng
放	قرار دادن	fàng
摆	قرار دادن	bǎi
油灰	بتونه؛ زاماسکه	yóu huī
淡灰色	بتونه؛ زاماسکه	dàn huī sè
角锥	هرم	jiǎo zhuī
金字塔	هرم	jīn zì tǎ
资格	شرایط لازم	zī gé
取得资格	واجد شرایط شدن	qǔ dé zī gé
有资格	واجد شرایط شدن	yǒu zī gé
品质	کیفیت	pǐn zhì
数量的	کمی	shù liàng de
定量的	کمی	dìng liàng de
量	کمیت	liáng
吵架	ستیزه؛ جدال	chǎo jià
反目	ستیزه؛ جدال	fǎn mù
采石场	شکار؛ معدن سنگ	cǎi shí chǎng
方形石	شکار؛ معدن سنگ	fāng xíng shí
夸脱	کوارت	kuā tuō
一刻钟	یک چهارم	yī kè zhōng
王后	ملکه	wáng hòu
女王	ملکه	nǚ wáng
怪人	غریب؛ غیر عادی	guài rén
压制	فرو نشاندن	yā zhì
平息	فرو نشاندن	píng xī
抱怨的	شکوه گر؛ زود رنج	bào yuàn de
爱发牢骚的	شکوه گر؛ زود رنج	ài fā láo sāo de
寻求	طلب؛ جویش	xún qiú
调查表	پرسشنامه	diào chá biǎo
问卷	پرسشنامه	wèn juàn
一队人	صف بستن	yī duì rén
快的	سریع	kuài de
迅速的	سریع	xùn sù de
很快地	به سرعت	hěn kuài de
急速	تندی؛ فرزی	jí sù
迅速	تندی؛ فرزی	xùn sù
一镑金币	یک لیره	yī bàng jīn bì
咀嚼物	یک لیره	jǔ jué wù
闲适	آرام	xián shì
沉着地	با آرامش	chén zhuó de
棉被	دواج	mián bèi
加软衬料后缝制	دواج	jiā ruǎn chèn liào hòu féng zhì
昆西	زهرباد	kūn xī
奎宁	گنه گنه	kuí níng
金鸡纳碱	گنه گنه	jīn jī nà jiǎn
辞职	متارکه؛ ول کردن	cí zhí
相当	کاملاً	xiāng dāng
颤抖	ترکش؛ تیر دان	chàn dǒu
堂吉诃德式的	خیالپرست	táng jí hē dé shì de
愚侠的	خیالپرست	yú xiá de
配额	سهمیه؛ بنیچه	pèi é
限额	سهمیه؛ بنیچه	xiàn é
引用语	نقل؛ مظنه	yǐn yòng yǔ
语录	نقل؛ مظنه	yǔ lù
引述	نقل کردن	yǐn shù
拉比	خاخام؛ عالم یهودی	lā bǐ
大师	خاخام؛ عالم یهودی	dà shī
兔子	خرگوش	tù zi
猎兔	خرگوش	liè tù
狂犬病	هاری؛ بیماری هاری	kuáng quǎn bìng
咬病	هاری؛ بیماری هاری	yǎo bìng
种族	مسابقه، مسابقه دادن	zhǒng zú
人种	مسابقه، مسابقه دادن	rén zhǒng
种族主义	نژادپرستی	zhǒng zú zhǔ yì
种族偏见	نژادپرستی	zhǒng zú piān jiàn
种族主义者	نژادپرست	zhǒng zú zhǔ yì zhě
种族主义的	نژادپرست	zhǒng zú zhǔ yì de
架	طاقچه	jià
说书者	داستانسرا	shuō shū zhě
擅长讲故事的人	داستانسرا	shàn cháng jiǎng gù shì de rén
光线的	شعاعی؛ زندی	guāng xiàn de
光线状的	شعاعی؛ زندی	guāng xiàn zhuàng de
发光	درخشندگی؛ درخشش	fā guāng
放射	تابیدن؛ درخشیدن	fàng shè
散发	تابیدن؛ درخشیدن	sàn fā
辐射	تابش	fú shè
激进分子	ریشهای؛ رادیکال	jī jìn fèn zǐ
词根	ریشهای؛ رادیکال	cí gēn
无线电	رادیو	wú xiàn diàn
收音机	رادیو	shōu yīn jī
镭	رادیوم؛ شب چراغ	léi
半径	شعاع؛ زند اعلی	bàn jìng
碎布	کهنه؛ جل	suì bù
抹布	کهنه؛ جل	mā bù
情绪激动	شدت داشتن؛ میل مفرط	qíng xù jī dòng
衣衫褴褛的	مرقع	yī shān lán lǚ de
参差不齐的	مرقع	cēn cī bù qí de
突袭	یورش کردن؛ یورش آوردن	tū xí
奇袭者	یورش برنده	qí xí zhě
横杆	ریل	héng gān
围栏	ریل	wéi lán
铁路	راه آهن؛ خط آهن	tiě lù
雨	باران، باریدن	yǔ
使大量落下	باران، باریدن	shǐ dà liàng luò xià
彩虹	رنگین کمان	cǎi hóng
五彩缤纷的	رنگین کمان	wǔ cǎi bīn fēn de
降雨	بارندگی	jiàng yǔ
下雨的	بارانی؛ بارونی	xià yǔ de
耙子	شن کش	pá zi
钱耙	شن کش	qián bà
公羊	غوچ؛ سنبه زدن	gōng yáng
撞锤	غوچ؛ سنبه زدن	zhuàng chuí
分枝	منشعب کردن؛ شاخه دادن	fēn zhī
输弹机	سنبه	shū dàn jī
死板的人	سنبه	sǐ bǎn de rén
大牧场	دامداری کردن	dà mù chǎng
经营牧场	دامداری کردن	jīng yíng mù chǎng
深仇	کینه	shēn qiú
随意	تصادفی	suí yì
随机	تصادفی	suí jī
王室守林人	جنگل بان؛ هنگ سوار	wáng shì shǒu lín rén
骑警	جنگل بان؛ هنگ سوار	qí jǐng
到处搜索	زیاد کاوش کردن	dào chù sōu suǒ
遍寻	زیاد کاوش کردن	biàn xún
赎金	فدیهدادن؛ فدیه	shú jīn
赎身	فدیهدادن؛ فدیه	shú shēn
强夺的	حریص؛ درندهخو	qiáng duó de
贪欲的	حریص؛ درندهخو	tān yù de
飞快的	سریع؛ تندرو	fēi kuài de
飞快地	به‌سرعت	fēi kuài de
双刃长剑	سخمه	shuāng rèn cháng jiàn
着迷	حالت؛ وجد	zháo mí
狂喜的	هیجان انگیز	kuáng xǐ de
稀罕的	طرفه؛ نادر	xī han de
罕有的	طرفه؛ نادر	hǎn yǒu de
很少地	کمتر؛ نادراً	hěn shǎo de
罕有地	کمتر؛ نادراً	hǎn yǒu de
稀罕	ندرت؛ کمیابی	xī han
罕有	ندرت؛ کمیابی	hǎn yǒu
流氓	رذل؛ پدرسوخته	liú máng
无赖	رذل؛ پدرسوخته	wú lài
匆忙的	عجول؛ سبکسر	cōng máng de
鼠	موش بزرگ	shǔ
稍微	نسبتاً	shāo wēi
额定功率	رتبه‌بندی	é dìng gōng lǜ
比	تناسب	bǐ
定额	جیره؛ جیره کردن	dìng é
定量	جیره؛ جیره کردن	dìng liàng
理性的	معقول؛ عقلی	lǐ xìng de
理性地	منطقا	lǐ xìng de
讲道理地	منطقا	jiǎng dào lǐ de
使嘎嘎响	خسخس؛ خسخس کردن	shǐ gā gā xiǎng
喋喋不休地说	خسخس؛ خسخس کردن	dié dié bù xiū de shuì
蹂躏	نهب؛ بلا زده کردن	róu lìn
饿极的	دله؛ پر اشتیاق	è jí de
擦伤处	خام؛ نپخته	cā shāng chǔ
半成品	خام؛ نپخته	bàn chéng pǐn
光线	پرتو؛ شعاع	guāng xiàn
射线	پرتو؛ شعاع	shè xiàn
起反应	واکنش نشان دادن	qǐ fǎn yìng
起作用	واکنش نشان دادن	qǐ zuò yòng
反作用	معرفی؛ انعکاس	fǎn zuò yòng
反动分子	ارتجاعی؛ مرتجع	fǎn dòng fèn zǐ
反动的	ارتجاعی؛ مرتجع	fǎn dòng de
反应的	واکنشی	fǎn yìng de
反应者	رآکتور؛ عامل واکنش	fǎn yìng zhě
反应器	رآکتور؛ عامل واکنش	fǎn yìng qì
读	خواندن	dòu
值得一读的	خواندنی؛ قابل خواندن	zhí de yī dòu de
易读的	خواندنی؛ قابل خواندن	yì dú de
读者	خواننده	dú zhě
读物	خواننده	dú wù
阅读	خواندن (فعل)	yuè dú
预备好的状态	آماده	yù bèi hǎo de zhuàng tài
现款	آماده	xiàn kuǎn
真的	واقعی	zhēn de
写实主义	رآلیسم؛ واقع بینی	xiě shí zhǔ yì
现实	رآلیسم؛ واقع بینی	xiàn shí
逼真的	واقع بین	bī zhēn de
实际上	واقعاًً	shí jì shàng
收割	درویدن	shōu gē
收割者	درو گر؛ ماشین درو	shōu gē zhě
收割机	درو گر؛ ماشین درو	shōu gē jī
后面	پشت؛ عقبی	hòu miàn
背后	پشت؛ عقبی	bèi hòu
再排列	بازچیدن	zài pái liè
重新整理	بازچیدن	chóng xīn zhěng lǐ
重排	باز چینی	chóng pái
重列	باز چینی	chóng liè
理由	دلیل	lǐ yóu
明理的	معقول؛ حسابی	míng lǐ de
相当地	منطقی	xiāng dāng de
里森纳	استدلال کننده	lǐ sēn nà
使安心	دوباره اطمینان دادن	shǐ ān xīn
向再保证	دوباره اطمینان دادن	xiàng zài bǎo zhèng
叛徒	یاغی؛ عاصی	pàn tú
反叛者	یاغی؛ عاصی	fǎn pàn zhě
谋反	شورش؛ عناد	móu fǎn
叛乱	شورش؛ عناد	pàn luàn
造反的	عاصی؛ شورشی	zào fǎn de
反抗的	عاصی؛ شورشی	fǎn kàng de
再生	باز زاد؛ تولد مجدد	zài shēng
复活	باز زاد؛ تولد مجدد	fù huó
弹回	اعاده؛ پس زدن	tán huí
返回	اعاده؛ پس زدن	fǎn huí
改建	بازسازی کردن	gǎi jiàn
重建	بازسازی کردن	chóng jiàn
召回	یاد آوردن؛ فرا خواندن	zhào huí
重铸	ازنو ریختن	chóng zhù
重作	ازنو ریختن	chóng zuō
向后退	دور شدن؛ پس رفتن	xiàng hòu tuì
退却	دور شدن؛ پس رفتن	tuì què
收据	دریافت؛ رسید	shōu jù
收到	دریافت کردن	shōu dào
接到	دریافت کردن	jiē dào
接收器	گیرنده	jiē shōu qì
接受者	گیرنده	jiē shòu zhě
最近的	اخیر	zuì jìn de
近代的	اخیر	jìn dài de
接待	پذیرش	jiē dài
能接纳的	شنوا	néng jiē nà de
接受的	شنوا	jiē shòu de
受体	گیرنده؛ ستاره مساعد	shòu tǐ
感觉器官	گیرنده؛ ستاره مساعد	gǎn jué qì guān
休会	فترت؛ طاقچه ساختن	xiū huì
凹处	رکود	āo chǔ
食谱	دستور پخت	shí pǔ
领受的	دریافت کننده؛ وصول کننده	lǐng shòu de
容易接受的	دریافت کننده؛ وصول کننده	róng yì jiē shòu de
互惠的	معکوس	hù huì de
相互性	مقابله؛ عمل متقابل	xiāng hù xìng
相互作用	مقابله؛ عمل متقابل	xiāng hù zuò yòng
背诵	رسیتال	bèi sòng
吟诵	رسیتال	yín sòng
朗读	انشاد کردن؛ از برخواندن	lǎng dú
不介意的	بی احتیاط؛ بی پروا	bù jiè yì de
大意的	بی احتیاط؛ بی پروا	dà yì de
开垦	استرداد کردن؛ استرداد نمودن	kāi kěn
改造	استرداد کردن؛ استرداد نمودن	gǎi zào
赞誉	شناخت	zàn yù
认得	شناخت	rèn de
可认识的	شناخت پذیر	kě rèn shi de
可承认的	شناخت پذیر	kě chéng rèn de
认出	تشخیص دادن	rèn chū
回想	دوباره جمع کردن	huí xiǎng
推荐	توصیه کردن	tuī jiàn
使和解	آشتی کردن؛ صلح دادن	shǐ hé jiě
和解	آشتی	hé jiě
和好	آشتی	hé hǎo
再考虑	تجدید نظر؛ تجدید نظر کردن	zài kǎo lǜ
重新考虑	تجدید نظر؛ تجدید نظر کردن	chóng xīn kǎo lǜ
履历	ضبط کردن، رکورد	lǚ lì
记录员	وقایع نویس	jì lù yuán
录音机	وقایع نویس	lù yīn jī
记录的	ضبط	jì lù de
记录用的	ضبط	jì lù yòng de
求援	توسل	qiú yuán
求助	توسل	qiú zhù
重新获得	خوب شدن؛ باز یافتن	chóng xīn huò dé
恢复	خوب شدن؛ باز یافتن	huī fù
复原	بهبودی، بازیابی	fù yuán
消遣的	تفریحی	xiāo qiǎn de
娱乐的	تفریحی	yú lè de
新兵	استخدام کردن	xīn bīng
新兵征召	استخدام	xīn bīng zhēng zhào
募集	استخدام	mù jí
成直角的	مستطیلی؛ راست گوشه	chéng zhí jiǎo de
矩形的	مستطیلی؛ راست گوشه	jǔ xíng de
教区长	کشیش بخش	jiào qū cháng
直肠	روده راست	zhí cháng
背侧肛	روده راست	bèi cè gāng
恢复的	اعاده دهنده؛ بهبودی بخش	huī fù de
有恢复力的	اعاده دهنده؛ بهبودی بخش	yǒu huī fù lì de
复发	تکرار شدن	fù fā
回到	تکرار شدن	huí dào
再现	تکرار؛ باز رخدادن	zài xiàn
再发生	تکرار؛ باز رخدادن	zài fā shēng
再发生的	برگردنده؛ عود کننده	zài fā shēng de
定期重复的	برگردنده؛ عود کننده	dìng qī chóng fù de
使再循环	بازیافت کردن	shǐ zài xún huán
重新利用	بازیافت کردن	chóng xīn lì yòng
红的	قرمز	hóng de
红色的	قرمز	hóng sè de
微红的	مایل بقرمز	wēi hóng de
略带红色的	مایل بقرمز	lüè dài hóng sè de
赎回	فدیهدادن	shú huí
挽回	فدیهدادن	wǎn huí
红	سرخی؛ حمره	hóng
补救	جبران خسارت	bǔ jiù
缩影	کاهش؛ تنزل	suō yǐng
冗长	افزونگی؛ حشو	rǒng cháng
多余的	حشوی؛ رمزافزونه	duō yú de
暗礁	جزیره نما؛ مرض جرب	àn jiāo
缩帆	جزیره نما؛ مرض جرب	suō fān
再选	تجدید انتخاب	zài xuǎn
改选	تجدید انتخاب	gǎi xuǎn
提交	ارجاع دادن	tí jiāo
归诸于	ارجاع دادن	guī zhū yú
仲裁人	داور	zhòng cái rén
参考	عطف؛ مراجعه	cān kǎo
全民公决	رفراندوم؛ رفراندم	quán mín gōng jué
全民投票	رفراندوم؛ رفراندم	quán mín tóu piào
参照	مراجعه	cān zhào
再注满	دوباره پر کردن	zài zhù mǎn
替换物	دوباره پر کردن	tì huàn wù
精炼	پالودن؛ تصفیه کردن	jīng liàn
精炼的	مهذب؛ مصفا	jīng liàn de
反射	اندیشیدن؛ بازتابیدن	fǎn shè
反映	اندیشیدن؛ بازتابیدن	fǎn yìng
映像	ارتجاع؛ عکسالعمل	yìng xiàng
改革家	بهساز؛ مصلح	gǎi gé jiā
改革运动者	بهساز؛ مصلح	gǎi gé yùn dòng zhě
重复的话	روگردان بودن؛ خود داری کردن	chóng fù de huà
叠句	روگردان بودن؛ خود داری کردن	dié gōu
使清新	حال آمدن؛ تجدید نیرو کردن	shǐ qīng xīn
使恢复	حال آمدن؛ تجدید نیرو کردن	shǐ huī fù
使清爽的	گوارا؛ مفرح	shǐ qīng shuǎng de
有精神的	گوارا؛ مفرح	yǒu jīng shén de
点心	نیرو بخشی	diǎn xin
起提神作用的事物	نیرو بخشی	qǐ tí shén zuò yòng de shì wù
冷藏	تبرید؛ سرد سازی	lěng cáng
冷藏库	یخچال؛ یخچال برقی	lěng cáng kù
安全地带	پناه؛ ملجاء	ān quán dì dài
难民	پناهنده	nàn mín
流亡者	پناهنده	liú wáng zhě
付还	مسترد شدن؛ مسترد داشتن	fù huán
推却	رد؛ امتناع	tuī què
谢绝	رد کردن	xiè jué
辩驳	تکذیب	biàn bó
取回	باز یافتن؛ دوباره پیدا کردن	qǔ huí
不管	صرفنظر از	bù guǎn
政权	رژیم	zhèng quán
当权期间	رژیم	dāng quán qī jiān
团	هنگ	tuán
团的	لباس هنگ؛ لباس افسری	tuán de
团服	لباس هنگ؛ لباس افسری	tuán fú
地方的	منطقهای؛ اقلیمی	dì fāng de
地域性的	منطقهای؛ اقلیمی	dì yù xìng de
寄存器	ثبت کردن؛ نام نویسی کردن	jì cún qì
记录者	ثبت کننده؛ مدیر دروس	jì lù zhě
登记者	ثبت کننده؛ مدیر دروس	dēng jì zhě
挂号	ثبت‌نام	guà hào
后悔	تاسف؛ اسف	hòu huǐ
惋惜的	متاسف؛ نادم	wǎn xī de
遗憾的	متاسف؛ نادم	yí hàn de
懊悔地	معاللتسلف؛ مع التاسف	ào huǐ de
抱歉地	معاللتسلف؛ مع التاسف	bào qiàn de
可惜的	قابل تاسف؛ تاسف آور	kě xī de
规则的	منظم	guī zé de
常例的	منظم	cháng lì de
规则性	باقاعدگی	guī zé xìng
匀整	باقاعدگی	yún zhěng
有规则地	منظما	yǒu guī zé de
一丝不苟地	منظما	yī sī bù gǒu de
规则	تنظیم؛ مقرره	guī zé
受控制的	تنظیمی	shòu kòng zhì de
统制的	تنظیمی	tǒng zhì de
预演	تمرین؛ تمرین نمایش	yù yǎn
排演	تمرین؛ تمرین نمایش	pái yǎn
缰绳	عنان؛ لجام	jiāng shéng
增援	تقویت کردن	zēng yuán
被拒之人	نپسندیدن؛ وازدن	bèi jù zhī rén
被弃之物	نپسندیدن؛ وازدن	bèi qì zhī wù
使欢喜	شادی کردن؛ خوشی کردن	shǐ huān xǐ
欣喜	شادی کردن؛ خوشی کردن	xīn xǐ
使再结合	پاسخ دفاعی دادن	shǐ zài jié hé
再加入	پاسخ دفاعی دادن	zài jiā rù
答辩	پاسخ دفاعی	dá biàn
回复	عود؛ نکس	huí fù
故态复萌	عود؛ نکس	gù tài fù méng
讲	منسوب کردن؛ روایت کردن	jiǎng
亲戚	منسوب؛ نسبی	qīn qi
关系词	منسوب؛ نسبی	guān xi cí
放松	استراحت کردن	fàng sōng
松懈	استراحت کردن	sōng xiè
驿马	روله؛ رله	yì mǎ
替班	روله؛ رله	tì bān
发泄	آزادی؛ انتشار	fā xiè
变宽厚	نرم شدن؛ رحم بدل آوردن	biàn kuān hòu
变温和	نرم شدن؛ رحم بدل آوردن	biàn wēn hé
中肯	ربط	zhòng kěn
有关联的	مربوط؛ متناسب	yǒu guān lián de
有关系的	مربوط؛ متناسب	yǒu guān xì de
信度	اعتبار	xìn dù
可信赖的	حسابی؛ معتبر	kě xìn lài de
信赖	اعتماد؛ تکیه	xìn lài
遗物	آثار مقدس	yí wù
遗迹	آثار مقدس	yí jì
救济	تسکین دادن	jiù jì
宽慰的	آسوده خاطر	kuān wèi de
解除的	آسوده خاطر	jiě chú de
宗教	دین؛ کیش	zōng jiào
宗教性的	مذهبی؛ شرعی	zōng jiào xìng de
撤回	چشم پوشی؛ چشم پوشی شدن	chè huí
风味	رغبت؛ مزه آوردن	fēng wèi
不情愿	اکراه؛ رغم	bù qíng yuàn
勉强	اکراه؛ رغم	miǎn qiǎng
不情愿的	بیرغبت؛ بیمیل	bù qíng yuàn de
勉强的	بیرغبت؛ بیمیل	miǎn qiǎng de
不情愿地	بالاکراه	bù qíng yuàn de
勉强地	بالاکراه	miǎn qiǎng de
剩余物	مانده؛ مابقی	shèng yú wù
其他人	مانده؛ مابقی	qí tā rén
不平常的	قابل توجه	bù píng cháng de
值得注意的	قابل توجه	zhí de zhù yì de
再婚	ازدواج مجدد؛ تجدید فراش	zài hūn
再娶	ازدواج مجدد؛ تجدید فراش	zài qǔ
药物	چاره؛ درمان	yào wù
治疗法	چاره؛ درمان	zhì liáo fǎ
记得	به یاد آوردن	jì de
回忆起	به یاد آوردن	huí yì qǐ
提醒	متوجه کردن؛ یادآوری کردن	tí xǐng
使想起	متوجه کردن؛ یادآوری کردن	shǐ xiǎng qǐ
提醒的人	تذکر؛ یادآور	tí xǐng de rén
豁免	بهبودی بیماری	huò miǎn
剩余	بقیه السیف	shèng yú
零料	بقیه السیف	líng liào
懊悔	افسوس؛ پشیمانی	ào huǐ
良心不安	افسوس؛ پشیمانی	liáng xīn bù ān
遥远的	دورافتاده؛ دوردست	yáo yuǎn de
偏僻的	دورافتاده؛ دوردست	piān pì de
远离	دوری	yuǎn lí
远隔	دوری	yuǎn gé
可移去的	بردنی؛ برداشتنی	kě yí qù de
可免职的	بردنی؛ برداشتنی	kě miǎn zhí de
有报酬的	پاداشی	yǒu bào chou de
有利可图的	پاداشی	yǒu lì kě tú de
复兴	رنسانس	fù xīng
回报	تسلیم داشتن	huí bào
给于	تسلیم داشتن	gěi yú
撕碎	هتک	sī suì
背教者	یاغی	bēi jiào zhě
变节者	یاغی	biàn jié zhě
使更新	تازه کردن؛ نو کردن	shǐ gēng xīn
更新	تجدید؛ بازنوکنی	gēng xīn
革新	تجدید؛ بازنوکنی	gé xīn
刷新	تجدید؛ نوسازی	shuā xīn
房租	اجاره؛ کرایه	fáng zū
租费	کرایه؛ اجارهای	zū fèi
租金收入	کرایه؛ اجارهای	zū jīn shōu rù
承租人	اجاره دهنده؛ اجاره نشین	chéng zū rén
佃户	اجاره دهنده؛ اجاره نشین	diàn hù
棱纹平布	زن هرزه؛ مرد هرزه	léng wén píng bù
浪荡子	زن هرزه؛ مرد هرزه	làng dàng zǐ
报答	باز پرداختن	bào dá
反复	تکرار کردن	fǎn fù
重复地	مجددا؛ علیالتوالی	chóng fù de
再三地	مجددا؛ علیالتوالی	zài sān de
逐退	دفع کردن	zhú tuì
抵制	دفع کردن	dǐ zhì
抵抗的	دافع؛ دافعه	dǐ kàng de
排斥的	دافع؛ دافعه	pái chì de
悔改	توبه	huǐ gǎi
代替	جایگزین کردن	dài tì
归还	تعویض؛ جابجائی	guī huán
更换	تعویض؛ جابجائی	gēng huàn
答复	پاسخ، پاسخ دادن	dá fù
报告	گزارش دادن؛ گزارش، گزارش دادن	bào gào
报道	گزارش دادن؛ گزارش، گزارش دادن	bào dào
报告者	خبرنگار	bào gào zhě
睡眠	دراز کشیدن	shuì mián
应斥责的	ناستوده؛ سرزنش کردنی	yìng chì zé de
应该谴责的	ناستوده؛ سرزنش کردنی	yīng gāi qiǎn zé de
众议员	نماینده؛ حالیکننده	zhòng yì yuán
镇压	باز فشردن؛ باز کوفتن	zhèn yā
惩戒	توبیخ؛ توبیخ کردن	chéng jiè
报复	جبران	bào fù
复制	تکثیر؛ تناسل	fù zhì
再生的	تناسلی	zài shēng de
爬行动物	خزنده	pá xíng dòng wù
爬虫	خزنده	pá chóng
共和政体	جمهوری	gòng hé zhèng tǐ
共和主义者	جمهوری‌خواه	gòng hé zhǔ yì zhě
共和党员	جمهوری‌خواه	gòng hé dǎng yuán
受好评的	نیکنام؛ خوشنام	shòu hǎo píng de
有声望的	نیکنام؛ خوشنام	yǒu shēng wàng de
名誉	عرض؛ شهرت	míng yù
名气	آوازه داشتن	míng qì
必要条件	نیاز؛ مقرره	bì yào tiáo jiàn
援救	دریافتن؛ رهانیدن	yuán jiù
研究	پژوهش، پژوهش کردن	yán jiū
研究人员	پژوهشگر	yán jiū rén yuán
相似处	شباهت؛ تشابه	xiāng sì chǔ
愤恨	اظهار رنجش کردن	fèn hèn
储备品	ذخیره؛ محفوظ کردن	chǔ bèi pǐn
贮量	ذخیره؛ محفوظ کردن	zhù liáng
贮水池	مخزن؛ آب انبار	zhù shuǐ chí
贮藏处	مخزن؛ آب انبار	zhù cáng chǔ
住	اقامت کردن؛ منزل کردن	zhù
居留	اقامت کردن؛ منزل کردن	jū liú
常驻程序	ساکن؛ ماندنی	cháng zhù chéng xù
住宅的	محلی؛ مسکونی	zhù zhái de
与居住有关的	محلی؛ مسکونی	yú jū zhù yǒu guān de
残渣	فضولات؛ فضله	cán zhā
辞呈	کنارهگیری؛ استعفا	cí chéng
树脂	رزین؛ راتیانج	shù zhī
抵抗	مقاومت کردن؛ ایستادگی کردن	dǐ kàng
耐得住	مقاومت کردن؛ ایستادگی کردن	nài dé zhù
抵抗力	مقاومت؛ استقامت	dǐ kàng lì
抗拒的	مقاوم	kàng jù de
有抵抗力的	مقاوم	yǒu dǐ kàng lì de
果断的人	مصمم؛ باعزم	guǒ duàn de rén
坚决的	مصمم؛ باعزم	jiān jué de
解析	قطعنامه، وضوح	jiě xī
共鸣	پرطنینی؛ ایجاد طنین	gòng míng
共鸣的	پرطنین؛ طنین دار	gòng míng de
反响的	پرطنین؛ طنین دار	fǎn xiǎng de
度假胜地	توسل؛ تمسک کردن	dù jià shèng dì
资源	ذخایر	zī yuán
物力	ذخایر	wù lì
可敬	نیکنامی	kě jìng
有社会地位	نیکنامی	yǒu shè huì dì wèi
值得尊重的	شریف؛ نیکنام	zhí de zūn zhòng de
人格高尚的	شریف؛ نیکنام	rén gé gāo shàng de
尊敬地	محترمانه؛ محترما	zūn jìng de
分别的	مربوطه	fēn bié de
各自的	مربوطه	gè zì de
各自地	بترتیب؛ به ترتیب	gè zì de
独自地	بترتیب؛ به ترتیب	dú zì de
一口气	تنفس	yī kǒu qì
呼吸的	تنفسی	hū xī de
暂缓	مهلت؛ فرجه دادن	zàn huǎn
缓期执行	مهلت؛ فرجه دادن	huǎn qī zhí xíng
以回答	پاسخ دادن	yǐ huí dá
响应	پاسخ دادن	xiǎng yìng
回答的	واکنش دار	huí dá de
应答的	واکنش دار	yìng dá de
职责	وظیفه؛ عهده	zhí zé
再声明	بیان مجدد	zài shēng míng
重述	بیان مجدد	chóng shù
餐馆	رستوران	cān guǎn
饭店	رستوران	fàn diàn
给人休息的	غنوده؛ راحتبخش	gěi rén xiū xi de
素雅的	غنوده؛ راحتبخش	sù yǎ de
不愿向前走的	کله شق	bù yuàn xiàng qián zǒu de
不安静的	بی قرار؛ بی خواب	bù ān jìng de
慌张的	بی قرار؛ بی خواب	huāng zhāng de
坐立不安	ناصبوری؛ بی آرامی	zuò lì bù ān
不安定	ناصبوری؛ بی آرامی	bù ān dìng
克制	جلو گیری	kè zhì
限定	محدود کردن	xiàn dìng
成绩	نتیجه	chéng jì
结果的	برآیند؛ منتجه	jiē guǒ de
合成的	برآیند؛ منتجه	hé chéng de
重新开始	از سر گرفتن	chóng xīn kāi shǐ
零售	خرده فروشی	líng shòu
零售商人	خرده فروش	líng shòu shāng rén
传播的人	خرده فروش	chuán bō de rén
零售业	خرده فروشی	líng shòu yè
回敬	تلافی کردن؛ تقاص کردن	huí jìng
智力上迟钝的	عقبافتاده	zhì lì shǎng chí dùn de
留置	حبس	liú zhì
无言的	کم گو؛ کم حرف	wú yán de
沉默的	کم گو؛ کم حرف	chén mò de
引退	بازنشسته کردن؛ منزوی شدن	yǐn tuì
退休	بازنشستگی	tuì xiū
顶嘴	تلافی؛ جواب متقابل	dǐng zuǐ
缩回	در کشیدن؛ نکول کردن	suō huí
收回	در کشیدن؛ نکول کردن	shōu huí
缩进	نکول؛ استغفار	suō jìn
休息寓所	عقب زدن؛ عقب نشینی	xiū xi yù suǒ
报应	سزا	bào yìng
回来	بازگشت، بازگشتن	huí lai
团圆	باز پیوست؛ بهم پیوستگی	tuán yuán
重聚	باز پیوست؛ بهم پیوستگی	chóng jù
再联合	دوباره متحد کردن؛ دوباره یکی شدن	zài lián hé
一次回转	تند گشتن	yī cì huí zhuǎn
加快转速	تند گشتن	jiā kuài zhuàn sù
露出	آشکار کردن؛ ظاهر کردن	lù chū
闹饮	عیاشی	nào yǐn
狂欢	عیاشی	kuáng huān
复仇	انتقام؛ خونخواهی	fù chóu
岁入	درآمد	suì rù
回响	ولوله انداختن	huí xiǎng
反响	ولوله انداختن	fǎn xiǎng
混响	طنین	hún xiǎng
敬重	حرمت؛ تکریم	jìng zhòng
充满崇敬心的	حرمتی؛ احترامی	chōng mǎn chóng jìng xīn de
虔诚地	احتراماً	qián chéng de
恭敬地	احتراماً	gōng jìng de
梦想	خیال خام؛ خیال واهی	mèng xiǎng
背面	معکوس؛ ظهر	bèi miàn
复归	عود کردن؛ رجوع کردن	fù guī
检讨	مرور، مرور کردن	jiǎn tǎo
复习	مرور، مرور کردن	fù xí
校订	تجدید نظر کردن	jiào dìng
使苏醒	احیا کردن؛ احیاء کردن	shǐ sū xǐng
使复兴	احیا کردن؛ احیاء کردن	shǐ fù xīng
革命	انقلاب	gé mìng
大变革	انقلاب	dà biàn gé
革命者	انقلابی؛ آشوبگر	gé mìng zhě
革命党人	انقلابی؛ آشوبگر	gé mìng dǎng rén
旋转	دور زدن	xuán zhuǎn
反复考虑	دور زدن	fǎn fù kǎo lǜ
左轮手枪	رولور؛ ششلول	zuǒ lún shǒu qiāng
旋转炉	رولور؛ ششلول	xuán zhuǎn lú
剧变	ردع؛ تصریف	jù biàn
报酬	مژده؛ تلافی	bào chou
酬谢	مژده؛ تلافی	chóu xiè
修辞	لفاظی؛ خطابت	xiū cí
雄辩	لفاظی؛ خطابت	xióng biàn
风湿病的	روماتیسمی	fēng shī bìng de
风湿病引起的	روماتیسمی	fēng shī bìng yǐn qǐ de
韵	پساوند؛ قافیه ساختن	yùn
节奏	ضرب؛ نواخت	jié zòu
有韵律的	مسجع؛ پرنواخت	yǒu yùn lǜ de
有节奏的	مسجع؛ پرنواخت	yǒu jié zòu de
肋骨	دنده؛ مرز گذاشتن	lèi gǔ
肋状物	دنده؛ مرز گذاشتن	lèi zhuàng wù
缎带	نوار؛ روبان	duàn dài
色带	نوار؛ روبان	sè dài
米	برنج	mǐ
稻	برنج	dào
富裕的	ثروتمند	fù yù de
富饶的	ثروتمند	fù ráo de
富裕	خرپولی	fù yù
以清除	خلاص کردن؛ رهانیدن از	yǐ qīng chú
粗筛	لغز؛ معما	cū shāi
乘坐	سواری؛ سواری، سوار شدن	chéng zuò
脊	خرپشته؛ مرز بندی کردن	jǐ
山脉	خرپشته؛ مرز بندی کردن	shān mài
可笑的	مسخره	kě xiào de
来复枪	تفنگ؛ عده تفنگدار	lái fù qiāng
步枪	تفنگ؛ عده تفنگدار	bù qiāng
空隙	شکاف؛ شکاف دهنده	kòng xì
右边	درست، سمت راست	yòu bian
正义的	عادلانه؛ صالح	zhèng yì de
正当地	به‌طور صحیح	zhèng dāng de
刚性的	نرم نشو	gāng xìng de
边	کمانه؛ زهوار	biān
轮缘	کمانه؛ زهوار	lún yuán
拳击场	حلقه؛ زنگ زدن	quán jī cháng
魁首	سر دسته؛ سر حلقه	kuí shǒu
头目	سر دسته؛ سر حلقه	tóu mù
漂净	مظمظه؛ غر غره	piāo jìng
引起骚扰的	غوغائی؛ آشوبگرانه	yǐn qǐ sāo rǎo de
暴乱的	غوغائی؛ آشوبگرانه	bào luàn de
裂痕	درانیدن؛ چاک دادن	liè hén
破绽	درانیدن؛ چاک دادن	pò zhàn
起床者	برخیزنده؛ بلند شونده	qǐ chuáng zhě
河	رودخانه	hé
江	رودخانه	jiāng
铆钉	پرچه؛ پرچ کردن	mǎo dīng
敲进去	پرچه؛ پرچ کردن	qiāo jìn qù
路	جاده	lù
路旁	کنار جاده	lù páng
路边	کنار جاده	lù biān
车道	شوسه؛ زمین جاده	chē dào
道路	شوسه؛ زمین جاده	dào lù
沙毛的	تیماج؛ زرپور	shā máo de
沙毛牲畜	تیماج؛ زرپور	shā máo shēng chù
吼	غرش؛ غریو	hǒu
咆哮	غرش؛ غریو	páo xiào
烤肉	برشتن؛ سرخ کردن	kǎo ròu
烘烤	برشتن؛ سرخ کردن	hōng kǎo
抢掠	سرقت کردن	qiǎng lüè
盗贼	چپاولگر؛ غارتگر	dào zéi
宽松长袍	خرقه؛ حله	kuān sōng cháng páo
礼服	خرقه؛ حله	lǐ fú
强健的	هیکل دار؛ قوی هیکل	qiáng jiàn de
岩石	راک (موسیقی)؛ صخره	yán shí
摇滚	راک (موسیقی)؛ صخره	yáo gǔn
火箭	موشک	huǒ jiàn
岩石的	سنگی؛ صخرهای	yán shí de
多石的	سنگی؛ صخرهای	duō shí de
竿	میله؛ میل	gān
笞鞭	میله؛ میل	chī biān
角色	نقش	jué sè
卷	گردیدن؛ غلت	juǎn
滚动	گردیدن؛ غلت	gǔn dòng
滚筒	نورد؛ منگنه	gǔn tǒng
滚轴	نورد؛ منگنه	gǔn zhóu
罗马人	رومی	luó mǎ rén
罗马的	رومی	luó mǎ de
冒险故事	عاشقانه	mào xiǎn gù shì
浪漫史	عاشقانه	làng màn shǐ
浪漫的	خیالپرست؛ غیر ممکن	làng màn de
风流的	خیالپرست؛ غیر ممکن	fēng liú de
罗马	رم؛ روم	luó mǎ
屋顶	سقف	wū dǐng
室顶	سقف	shì dǐng
车	رخ؛ شاهرخ	chē
空位	اتاق	kōng wèi
根	ریشه؛ سنخ	gēn
绳	بند؛ طناب	shéng
索	بند؛ طناب	suǒ
玫瑰园	تسبیح	méi guī yuán
玫瑰花坛	تسبیح	méi guī huā tán
玫瑰	گل رز	méi guī
蔷薇	گل رز	qiáng wēi
蔷薇色的	گلرنگ؛ گل پاشیده	qiáng wēi sè de
玫瑰红色的	گلرنگ؛ گل پاشیده	méi guī hóng sè de
腐烂	پوسیدن؛ گندیدن	fǔ làn
辐状的	چرخان؛ دوران کردن	fú zhuàng de
使旋转	چرخان؛ دوران کردن	shǐ xuán zhuǎn
腐烂的	فاسد؛ ضایع	fǔ làn de
恶臭的	فاسد؛ ضایع	è chòu de
圆的	گلوله وار	yuán de
粗糙的东西	زبر؛ زمخت	cū cāo de dōng xī
毛坯	زبر؛ زمخت	máo pī
概略地	تقریباً	gài lüè de
粗糙地	تقریباً	cū cāo de
粗糙	زبری؛ ناصافی	cū cāo
凹凸不平	زبری؛ ناصافی	āo tū bù píng
圆	گرد، دور	yuán
巡回	گرد، دور	xún huí
奋起	رماندن	fèn qǐ
使觉醒的	منبه	shǐ jué xǐng de
使奋起的	منبه	shǐ fèn qǐ de
溃败	هزیمت؛ تار و مار کردن	kuì bài
大败	هزیمت؛ تار و مار کردن	dà bài
常规	روتین	cháng guī
日常工作	روتین	rì cháng gōng zuò
王室	سلطنتی؛ شاهانه	wáng shì
皇族	سلطنتی؛ شاهانه	huáng zú
保皇党员	شاه پرست؛ طرفدار سلطنت	bǎo huáng dǎng yuán
顽固分子	شاه پرست؛ طرفدار سلطنت	wán gù fèn zǐ
皇室	حقالامتیاز؛ حق امتیاز	huáng shì
王族成员	حقالامتیاز؛ حق امتیاز	wáng zú chéng yuán
橡胶	لاستیک؛ لاستیکی	xiàng jiāo
卢布	منات	lú bù
粗鲁无礼的	گستاخ	cū lǔ wú lǐ de
粗陋的	گستاخ	cū lòu de
无礼地	گستاخانه؛ باگستاخی	wú lǐ de
粗鲁地	گستاخانه؛ باگستاخی	cū lǔ de
粗蛮	بدزبانی؛ گستاخی	cū mán
皱褶	ناصاف کردن	zhòu zhě
波纹	ناصاف کردن	bō wén
朗姆酒	عرق نیشکر	lǎng mǔ jiǔ
谣言	چو؛ شایعه	yáo yán
传闻	چو؛ شایعه	chuán wén
跑	دویدن	páo
运行	دویدن	yùn xíng
逃走的人	دررفته؛ فراری	táo zǒu de rén
踏步	اسپوک؛ پله نردبان	tà bù
横档	اسپوک؛ پله نردبان	héng dǎng
跑步者	دونده	pǎo bù zhě
赛跑者	دونده	sài pǎo zhě
赛跑	دویدن	sài pǎo
乡下的	رعیتی	xiāng xia de
田园的	رعیتی	tián yuán de
匆促	تازیدن؛ هجوم کردن	cōng cù
冲进	تازیدن؛ هجوم کردن	chōng jìn
俄国	روسیه	é guó
俄罗斯	روسیه	é luó sī
俄国人	روسی؛ زبان روسی	é guó rén
俄语	روسی؛ زبان روسی	é yǔ
锈	زنگ؛ زنگار	xiù
沙沙声	خشخش؛ خش خش کردن	shā shā shēng
瑟瑟声	خشخش؛ خش خش کردن	sè sè shēng
生锈的	زنگ زده	shēng xiù de
辙迹	گشن؛ خط انداختن	chè jì
无情地	ظالمانه؛ بیرحمانه	wú qíng de
黑麦	چاودار	hēi mài
吉卜赛绅士	چاودار	jí bǔ sài shēn shì
军刀	باشمشیر زدن	jūn dāo
黑貂	سمور	hēi diāo
深褐色	سمور	shēn hè sè
麻布袋	تبره؛ خورجین	má bù dài
献给上帝的	مقدس؛ حرام	xiàn gěi shàng dì de
牺牲	قربانی؛ فداکاری	xī shēng
供奉	قربانی؛ فداکاری	gòng fèng
忧愁的	غمگین	yōu chóu de
使忧愁	افسردن؛ افسرده کردن	shǐ yōu chóu
使悲哀	افسردن؛ افسرده کردن	shǐ bēi āi
鞍	زین؛ غاشیه	ān
车座	زین؛ غاشیه	chē zuò
悲痛地	با ناراحتی	bēi tòng de
悲惨地	با ناراحتی	bēi cǎn de
悲伤	افسردگی؛ پژمانی	bēi shāng
保险箱	امن	bǎo xiǎn xiāng
冷藏室	امن	lěng cáng shì
保卫	صیانت کردن؛ امن نگهداشتن	bǎo wèi
保护措施	صیانت کردن؛ امن نگهداشتن	bǎo hù cuò shī
安全	اطمینان؛ امان	ān quán
藏红花	زعفران؛ سورنجان	zàng hóng huā
半自动地面防空系统	عقلا	bàn zì dòng dì miàn fáng kōng xì tǒng
弧矢的	پیکانی	hú shǐ de
矢状的	پیکانی	shǐ zhuàng de
帆	دریانوردی کردن	fān
篷	دریانوردی کردن	péng
航海术	دریانوردی	háng hǎi shù
水手	ناوی؛ دریانورد	shuǐ shǒu
船员	ناوی؛ دریانورد	chuán yuán
圣徒	مقدس شمردن	shèng tú
圣人	مقدس شمردن	shèng rén
缘故	خاطر	yuán gù
色拉	سالاد	sè lā
薪水	حقوق	xīn shuǐ
给加薪	حقوق	gěi jiā xīn
出售	فروش	chū shòu
卖	فروش	mài
售货员	فروشنده	shòu huò yuán
推销员	فروشنده	tuī xiāo yuán
盐的	نمک دار؛ درجه شوری	yán de
苦涩的	نمک دار؛ درجه شوری	kǔ sè de
唾液	تف؛ بزاق	tuò yè
唾沫	تف؛ بزاق	tuò mo
鲑鱼	ماهی آزاد	guī yú
大麻哈鱼	ماهی آزاد	dà má hǎ yú
大会客室	آرایشگاه	dà huì kè shì
盐	نمک	yán
风趣	نمک	fēng qù
行礼	سرلام کردن؛ سلام دادن	xíng lǐ
致意	سرلام کردن؛ سلام دادن	zhì yì
拯救	نجاح؛ رستگاری	zhěng jiù
救助	نجاح؛ رستگاری	jiù zhù
药膏	ضماد گذاشتن	yào gāo
安全性帐户管理器	سام	ān quán xìng zhàng hù guǎn lǐ qì
相同的	یکسان	xiāng tóng de
样品	نمونه؛ الگو	yàng pǐn
范例	نمونه؛ الگو	fàn lì
制裁	ضمانت اجراء	zhì cái
圣所(指教堂	بست؛ تحصن	shèng suǒ zhǐ jiào táng
寺院等)	بست؛ تحصن	sì yuàn děng
沙	شن؛ ریگ	shā
光阴	شن؛ ریگ	guāng yīn
沙岩	سنگ سیاه؛ ماسه سنگ	shā yán
砂岩	سنگ سیاه؛ ماسه سنگ	shā yán
三明治	ساندویچ	sān míng zhì
夹心面包	ساندویچ	jiā xīn miàn bāo
血红色的	دموی	xuè hóng sè de
满怀希望的	دموی	mǎn huái xī wàng de
公共厕所	بهداشتی؛ صحی	gōng gòng cè suǒ
圣诞老人	پاپانول	shèng dàn lǎo rén
树液	شیره؛ شیره گیاهی	shù yè
体液	شیره؛ شیره گیاهی	tǐ yè
挖苦	کنایه؛ متلک	wā kǔ
讥讽的	گوشه؛ نیشدار	jī fěng de
讽刺地	کنایه آمیز	fěng cì de
肉瘤	سارکوم؛ تومور بدخیم	ròu liú
嘲笑的	کنایه آمیز	cháo xiào de
冷笑的	کنایه آمیز	lěng xiào de
框格	ارسی	kuàng gé
肩带	ارسی	jiān dài
充分满足	فرو نشاندن	chōng fèn mǎn zú
过分满意	فرو نشاندن	guò fèn mǎn yì
人造卫星	قمر؛ ماهواره	rén zào wèi xīng
伴行静脉	قمر؛ ماهواره	bàn háng jìng mài
缎子	اطلس؛ ساتین	duàn zi
绸缎做的	اطلس؛ ساتین	chóu duàn zuò de
讽刺文学	هجا؛ طنز	fěng cì wén xué
讽刺作者	طنز نویس	fěng cì zuò zhě
爱挖苦的人	طنز نویس	ài wā kǔ de rén
满意	رضایت	mǎn yì
满意的	مرضی؛ رضایت بخش	mǎn yì de
赎罪的	مرضی؛ رضایت بخش	shú zuì de
使满意	اداکردن؛ اقناع کردن	shǐ mǎn yì
饱和的	سیراب؛ سیر شده	bǎo hé de
渗透的	سیراب؛ سیر شده	shèn tòu de
星期六	شنبه	xīng qī liù
酱油	سس	jiàng yóu
调味汁	سس	tiáo wèi zhī
深平底锅	ماهی تابه؛ روغن داغ کن	shēn píng dǐ guō
炖锅	ماهی تابه؛ روغن داغ کن	dùn guō
茶碟	نعلبکی؛ بشقاب کوچک	chá dié
茶托	نعلبکی؛ بشقاب کوچک	chá tuō
香肠	کالباس؛ سوسیس	xiāng cháng
腊肠	کالباس؛ سوسیس	là cháng
未开化的	وحشی؛ سبع	wèi kāi huà de
野蛮地	وحشیانه	yě mán de
博学之士	عقلا	bó xué zhī shì
救球	ذخیره کردن، نجات دادن	jiù qiú
风味极佳的	با مزه؛ مورد پسند	fēng wèi jí jiā de
可口的	با مزه؛ مورد پسند	kě kǒu de
锯屑	خاک اره	jū xiè
撒克逊人	ساکسون	sā kè xùn rén
说	گفتن	shuì
痂	گری	jiā
鞘	نیام؛ غلاف شمشیر	qiào
脚手架	داربست؛ چوب بست	jiǎo shǒu jià
绞刑台	داربست؛ چوب بست	jiǎo xíng tái
台架	داربستبندی	tái jià
烫伤	آب پز کردن	tàng shāng
烫洗	آب پز کردن	tàng xǐ
刻度	وزنه؛ مقیاس	kè dù
衡量	وزنه؛ مقیاس	héng liáng
剥头皮	فرق سر	bāo tóu pí
审视	ور انداز کردن؛ اجمالا مرور کردن	shěn shì
浏览	ور انداز کردن؛ اجمالا مرور کردن	liú lǎn
丑闻	رسوایی	chǒu wén
不体面的	افتراآمیز	bù tǐ miàn de
扫描	مرور اجمالی	sǎo miáo
断续言语	مرور اجمالی	duàn xù yán yǔ
肩胛	استخوان پهن	jiān jiǎ
肩板	استخوان پهن	jiān bǎn
疤痕	اثر زخم داشتن	bā hén
伤痕	اثر زخم داشتن	shāng hén
难得的	کمیاب	nán dé de
简直不	نادراً	jiǎn zhí bù
一定不	نادراً	yī dìng bù
惊吓	ترساندن	jīng xià
担惊受怕的	ترسیده	dān jīng shòu pà de
猩红色	شله؛ سرخ شدگی	xīng hóng sè
绯红色	شله؛ سرخ شدگی	fēi hóng sè
容易受惊的	ترسناک	róng yì shòu jīng de
胆小的	ترسناک	dǎn xiǎo de
消散	پراکندن؛ پخش کردن	xiāo sàn
剧本提纲	سناریو	jù běn tí gāng
情节	سناریو	qíng jié
场	صحنه	cháng
情景	صحنه	qíng jǐng
有香味的	معطر؛ بودار	yǒu xiāng wèi de
洒了香水的	معطر؛ بودار	sǎ le xiāng shuǐ de
怀疑论者	شکاک	huái yí lún zhě
时间表	برنامه، برنامه‌ریزی کردن	shí jiān biǎo
一览表	برنامه، برنامه‌ریزی کردن	yī lǎn biǎo
分立	اختلاف وتفرقهدرکلیسا	fēn lì
奖学金获得者	محقق	jiǎng xué jīn huò dé zhě
学术成就	بورسیه	xué shù chéng jiù
学校	مدرسه	xué xiào
鱼群	مدرسه	yú qún
男学生	پسر مدرسه؛ پسر مدرسه ای	nán xué sheng
男教师	مکتب دار؛ ناظم مدرسه	nán jiào shī
男校长	مکتب دار؛ ناظم مدرسه	nán xiào zhǎng
讲堂	اطاق درس	jiǎng táng
纵帆船	گاری سفری	zòng fān chuán
大酒杯	گاری سفری	dà jiǔ bēi
科学	علم	kē xué
学科	علم	xué kē
科学的	علمی	kē xué de
系统的	علمی	xì tǒng de
科学家	دانشمند	kē xué jiā
剪刀	مقراض؛ قطع کننده	jiǎn dāo
好骂街的人	عتاب؛ بدحرفی کردن	hǎo mà jiē de rén
责骂	عتاب؛ بدحرفی کردن	zé mà
铲子	چمچه؛ کج بیل	chǎn zi
勺子	چمچه؛ کج بیل	sháo zi
得分	امتیاز، امتیاز گرفتن	dé fēn
抓痕	امتیاز، امتیاز گرفتن	zhuā hén
苏格兰人	مردد بودن؛ ویسکی اسکاتلندی	sū gé lán rén
苏格兰语	مردد بودن؛ ویسکی اسکاتلندی	sū gé lán yǔ
苏格兰	اسکاتلند	sū gé lán
鞭	وسیله تنبیه؛ غضب خداوند	biān
苦难根源	وسیله تنبیه؛ غضب خداوند	kǔ nàn gēn yuán
守候	پیشاهنگ؛ پیشاهنگی کردن	shǒu hòu
侦察	پیشاهنگ؛ پیشاهنگی کردن	zhēn chá
平底驳船	قایق تفریحی؛ وته پهن	píng dǐ bó chuán
残余物	قراضه	cán yú wù
刮	ستردن؛ ساییدن	guā
擦	ستردن؛ ساییدن	cā
搔	خراشیدن	sāo
潦草书写	گشاد نشستن	liáo cǎo shū xiě
潦草笔迹	گشاد نشستن	liáo cǎo bǐ jì
尖叫声	داد؛ جیغ	jiān jiào shēng
大笑	داد؛ جیغ	dà xiào
屏幕	صفحه نمایش	píng mù
筛选	غربالگری	shāi xuǎn
筛分(如普查癌	غربالگری	shāi fēn rú pǔ chá ái
螺旋	پیچ؛ پیچ کردن	luó xuán
螺杆	پیچ؛ پیچ کردن	luó gǎn
乱写	بد نوشتن	luàn xiě
手迹	متن سند؛ متن نمایشنامه	shǒu jì
铭文	کتاب آسمانی	míng wén
用力擦洗	مالیدن؛ تیغستان	yòng lì cā xǐ
矮树	مالیدن؛ تیغستان	ǎi shù
仔细检查	مدقق؛ تدقیق	zǐ xì jiǎn chá
详审	مدقق؛ تدقیق	xiáng shěn
细看	مداقه؛ بررسی دقیق	xì kàn
扭打	کشمکش کردن	niǔ dǎ
混战	کشمکش کردن	hùn zhàn
雕刻家	حجار؛ صورتگر	diāo kè jiā
雕塑	مجسمهسازی	diāo sù
急赶	مسابقه کوتاه	jí gǎn
急跑	مسابقه کوتاه	jí páo
箩	ذغالدان؛ گام تند	luó
筐	ذغالدان؛ گام تند	kuāng
长柄大镰刀	درو کردن؛ با داس بردن	cháng bǐng dà lián dāo
大钐镰	درو کردن؛ با داس بردن	dà shān lián
斯基台人	سیت	sī jī tái rén
斯基台的	سیت	sī jī tái de
海	دریا	hǎi
沿岸	دریا کنار	yán àn
印章	سیل؛ پلمب	yìn zhāng
封条	سیل؛ پلمب	fēng tiáo
海员	جاشو؛ جاسو	hǎi yuán
缝	درزگیری کردن؛ درز گرفتن	féng
海港	بندر؛ دریابندر	hǎi gǎng
港口城市	بندر؛ دریابندر	gǎng kǒu chéng shì
搜寻	جستجو، جستجو کردن	sōu xún
查究	جستجو، جستجو کردن	chá jiū
海滨	کناره؛ دریاکنار	hǎi bīn
季节	فصل	jì jié
时节	فصل	shí jié
季节的	موسمی؛ فصلی	jì jié de
周期性的	موسمی؛ فصلی	zhōu qī xìng de
座	صندلی	zuò
位子	صندلی	wèi zi
使就座	نشیمن؛ نشیمنگاه	shǐ jiù zuò
座位	نشیمن؛ نشیمنگاه	zuò wèi
正式脱离	منتزع شدن	zhèng shì tuō lí
脱离论者	جدارو	tuō lí lún zhě
分离论者	جدارو	fēn lí lún zhě
隔离	عزلت؛ گوشه نشینی	gé lí
隐退	عزلت؛ گوشه نشینی	yǐn tuì
秒	ثانیه؛ دوم؛ دوم، ثانیه	miǎo
中级的	ثانویه؛ فرعی	zhōng jí de
第二	ثانیاً	dì èr
其次	ثانیاً	qí cì
保密	نهفتگی؛ پوشیدگی	bǎo mì
机密	راز، مرموز	jī mì
秘书	منشی	mì shū
书记	منشی	shū ji
隐秘	ترشح کردن	yǐn mì
分泌	ترشح	fēn mì
背地里	سرا؛ دزدکی	bèi dì li
宗派	تیره؛ مسلک	zōng pài
区段	بخش	ōu duàn
部门的	مقطعی؛ قطعه قطعه	bù mén de
修道院外的教士	غیر روحانی	xiū dào yuàn wài de jiào shì
无虑的	مصون؛ محفوظ	wú lǜ de
安心的	مصون؛ محفوظ	ān xīn de
防护物	امان؛ امنیت	fáng hù wù
轿车	تخت روان	jiào chē
轿子	تخت روان	jiào zi
久坐的	نشسته؛ غیر متحرک	jiǔ zuò de
坐惯的	نشسته؛ غیر متحرک	zuò guàn de
沉积	جرم؛ رسوب	chén jī
煽动骚乱	فتنه؛ فتنه پراکنی	shān dòng sāo luàn
煽动性的	فتنهجو؛ مفسد	shān dòng xìng de
妨害治安的	فتنهجو؛ مفسد	fáng hài zhì ān de
诱奸	مفتون	yòu jiān
勾引	مفتون	gōu yǐn
诱惑的	فریبا؛ گمراه کننده	yòu huò de
引人注意的	فریبا؛ گمراه کننده	yǐn rén zhù yì de
看见	دیدن	kàn jiàn
查看	دیدن	chá kàn
籽	دان؛ دانه	zǐ
多种子的	تخمی؛ پرتخم	duō zhǒng zǐ de
结籽的	تخمی؛ پرتخم	jiē zǐ de
寻找	پوییدن؛ تفحص کردن	xún zhǎo
搜索者	جوینده	sōu suǒ zhě
探求者	جوینده	tàn qiú zhě
象是	به نظر رسیدن	xiàng shì
似乎	به نظر رسیدن	sì hū
表面上的	ظاهر نما	biǎo miàn shǎng de
片段	قسمت؛ حلقه	piàn duàn
曳网	تور؛ سن	yè wǎng
拖地大网	تور؛ سن	tuō dì dà wǎng
捕获	ضبط؛ تصرف	bǔ huò
夺取	ضبط؛ تصرف	duó qǔ
不常的	بندرت؛ به ندرت	bù cháng de
稀少的	بندرت؛ به ندرت	xī shǎo de
挑选出来的	پسندیدن؛ نشان کردن	tiāo xuǎn chū lái de
选文	انتخاب؛ گلچین	xuǎn wén
选择的	بهگزین؛ گزینشی	xuǎn zé de
选择性的	بهگزین؛ گزینشی	xuǎn zé xìng de
自私的	خودخواهانه؛ خود پرست	zì sī de
利己主义的	خودخواهانه؛ خود پرست	lì jǐ zhǔ yì de
自我中心	نخوت؛ خودپسندی	zì wǒ zhōng xīn
利己主义	نخوت؛ خودپسندی	lì jǐ zhǔ yì
销售者	فروشنده	xiāo shòu zhě
卖方	فروشنده	mài fāng
伪装	ظن قوی	wěi zhuāng
精液	منی؛ نطفه	jīng yè
精子	منی؛ نطفه	jīng zǐ
半	نصف شده	bàn
精液的	نطفهای	jīng yè de
种子的	نطفهای	zhǒng zi de
研究班	سمینار	yán jiū bān
专题讨论会	سمینار	zhuān tí tǎo lùn huì
神学院	الحوزه؛ فیضیه	shén xué yuàn
发源地	الحوزه؛ فیضیه	fā yuán dì
参议院	مجلس سنا	cān yì yuàn
参议员	سناتور	cān yì yuán
发送	فرستادن	fā sòng
使进入	فرستادن	shǐ jìn rù
塞内加尔	سنگال	sài nèi jiā ěr
高龄	پیری	gāo líng
老迈	پیری	lǎo mài
资深者	ارشد؛ بالارتبه	zī shēn zhě
长辈	ارشدیت	zhǎng bèi
轰动	احساس؛ آب و تاب	hōng dòng
使人感动的	حسی؛ شورانگیز	shǐ rén gǎn dòng de
非常好的	حسی؛ شورانگیز	fēi cháng hǎo de
感性	احساس ودرک	gǎn xìng
有感觉的	محسوس؛ معقول	yǒu gǎn jué de
感受性	حساسیت	gǎn shòu xìng
敏感性	حساسیت	mǐn gǎn xìng
肉欲的	شهوانی؛ نفسانی	ròu yù de
感觉的	شهوانی؛ نفسانی	gǎn jué de
句子	جمله	jù zi
感伤	عاطفه	gǎn shāng
感伤的	احساساتی	gǎn shāng de
感情用事的	احساساتی	gǎn qíng yòng shì de
独立件	جدا	dú lì jiàn
抽印本	جدا	chōu yìn běn
不相连	جداگانه؛ جدا جدا	bù xiāng lián
分居	متارکه؛ فک	fēn jū
分离主义者	تجزیه طلب	fēn lí zhǔ yì zhě
独立派	تجزیه طلب	dú lì pài
九月	سپتامبر	jiǔ yuè
脓毒性的	پلشت؛ ماده عفونی	nóng dú xìng de
序列	قطار؛ توالی	xù liè
续发事件	قطار؛ توالی	xù fā shì jiàn
塞尔维亚	صربستان	sāi ěr wéi yà
塞尔维亚人的	صربستانی؛ صرب	sāi ěr wéi yà rén de
塞尔维亚的	صربستانی؛ صرب	sāi ěr wéi yà de
宁静的	متین	níng jìng de
沉着的	متین	chén zhuó de
警察小队长	گروهبان	jǐng chá xiǎo duì zhǎng
军士	گروهبان	jūn shì
串联	سری	chuàn lián
严肃的	جدی	yán sù de
认真的	جدی	rèn zhēn de
严肃地	جدا؛ بی شوخی	yán sù de
认真地	جدا؛ بی شوخی	rèn zhēn de
严肃	جذبه؛ جد	yán sù
认真	جذبه؛ جد	rèn zhēn
启示	موعظه؛ روضه	qǐ shì
巨蛇座	حیه؛ ماربزرگ	jù shé zuò
蛇形管	حیه؛ ماربزرگ	shé xíng guǎn
蛇的	مارپیچ؛ مارپیچی	shé de
层层卷绕的	مارپیچ؛ مارپیچی	céng céng juǎn rào de
浆液	سرم؛ خونابه	jiāng yè
血清	سرم؛ خونابه	xuè qīng
有用物	فراش؛ مستخدم	yǒu yòng wù
可作用	خدمت کردن، سرو غذا	kě zuò yòng
服务	خدمت کردن، سرو غذا	fú wù
服务器	کمک کننده	fú wù qì
奴隶的	شایسته نوکران	nú lì de
奴性的	شایسته نوکران	nú xìng de
奴态	نوکرمابی	nú tài
卑屈	نوکرمابی	bēi qū
奴隶状态	چاکری؛ بندگی	nú lì zhuàng tài
惩役	چاکری؛ بندگی	chéng yì
芝麻	کنجد	zhī ma
脂麻	کنجد	zhī ma
开庭期	نشست؛ جلسه	kāi tíng qī
设置	تنظیم کردن؛ مجموعه؛ قرار دادن	shè zhì
从事安装的人	گذارنده	cóng shì ān zhuāng de rén
调节器	گذارنده	tiáo jié qì
有背长椅	وطن کردن؛ نشست کردن	yǒu bēi cháng yǐ
解决	مسکن؛ واریز	jiě jué
移民者	مهاجر	yí mín zhě
解决者	مهاجر	jiě jué zhě
七	هفت	qī
十七	هفده	shí qī
第七	سابع؛ یک هفتم	dì qī
七分之一	سابع؛ یک هفتم	qī fēn zhī yī
七十	هفتاد	qī shí
几个的	چندین	jǐ ge de
一些的	چندین	yī xiē de
严格的	شدید؛ سخت	yán gé de
严格	به شدت	yán gé
缝纫	دوختن؛ خیاطی کردن	féng rèn
缝合	دوختن؛ خیاطی کردن	féng hé
缝制品	خیاطی؛ دوزندگی	féng zhì pǐn
性别	سکس؛ سکسی کردن	xìng bié
性欲	سکس؛ سکسی کردن	xìng yù
无性的	خنثا	wú xìng de
中性的	خنثا	zhōng xìng de
性的	جنسی؛ تناسلی	xìng de
性别的	جنسی؛ تناسلی	xìng bié de
性征	جنسیت؛ تمایلات جنسی	xìng zhēng
性行为	جنسیت؛ تمایلات جنسی	xìng xíng wéi
有性感的	سکسی	yǒu xìng gǎn de
色情的	سکسی	sè qíng de
低劣的	نخ نما	dī liè de
荫	سایه؛ آسمانه	yìn
阴影	سایه؛ ظل	yīn yǐng
有影的	سایه مانند؛ زود گذر	yǒu yǐng de
暗黑的	سایه مانند؛ زود گذر	àn hēi de
荫凉的	سایه دار؛ سایه افکن	yìn liáng de
成荫的	سایه دار؛ سایه افکن	chéng yìn de
箭杆	چوبه؛ مال بند	jiàn gǎn
粗毛	موی زبر	cū máo
蓬乱一团	موی زبر	péng luàn yī tuán
毛发蓬乱的	پر مو؛ مو دراز	máo fà péng luàn de
粗浓的	پر مو؛ مو دراز	cū nóng de
将	باید (فعل کمکی)	jiāng
水浅的地方	سطحی؛ تنکاب	shuǐ jiān de dì fāng
羞耻	ننگ؛ شرم	xiū chǐ
不知羞耻的	وقیح؛ بیعار	bù zhī xiū chǐ de
不知羞耻地	بی شرمانه	bù zhī xiū chǐ de
形态	شکل	xíng tài
成形的	شکل‌دار	chéng xíng de
有形状的	شکل‌دار	yǒu xíng zhuàng de
无形状的	بیقالب؛ بی شکل	wú xíng zhuàng de
不定形的	بیقالب؛ بی شکل	bù dìng xíng de
样子好的	خوش هیکل؛ خوش ترکیب	yàng zi hǎo de
定形的	خوش هیکل؛ خوش ترکیب	dìng xíng de
股票持有人	سهامدار؛ سهمدار	gǔ piào chí yǒu rén
半升音调	تیز؛ برنده	bàn shēng yīn diào
利刃	تیز؛ برنده	lì rèn
使尖锐	تراشیدن؛ تند کردن	shǐ jiān ruì
使敏捷	تراشیدن؛ تند کردن	shǐ mǐn jié
锐利地	به شدت	ruì lì de
严厉地	به شدت	yán lì de
严厉	تیزی؛ حادی	yán lì
修面	تراش؛ تراشیدن	xiū miàn
刮胡子	تراش؛ تراشیدن	guā hú zi
修胡须	اصلاح؛ صورت تراشی	xiū hú xū
她	او (زن)	tā
护套	غلاف؛ نیام	hù tào
覆盖的	غلافدار؛ نیامی	fù gài de
铠装的	غلافدار؛ نیامی	kǎi zhuāng de
车棚	خرگاه	chē péng
羊	گوسفند	yáng
胆小者	گوسفند	dǎn xiǎo zhě
全然的	یک راست؛ پارچه ظریف	quán rán de
床单	ورق، ملافه	chuáng dān
张	ورق، ملافه	zhāng
架子	طاقچه؛ تاقچه	jià zi
搁板	طاقچه؛ تاقچه	gē bǎn
贝壳	پوست؛ لاک	bèi ké
外形	پوست؛ لاک	wài xíng
庇护所	ملجا؛ ملجاء	bì hù suǒ
牧羊人	چوپان؛ شبان	mù yáng rén
牧羊犬	چوپان؛ شبان	mù yáng quǎn
郡治安官	داروغه؛ ضابط شهربانی	jùn zhì ān guān
县治安官	داروغه؛ ضابط شهربانی	xiàn zhì ān guān
盾	سپر	dùn
防卫物	سپر	fáng wèi wù
光泽	برق؛ تابیدن	guāng zé
阳光	برق؛ تابیدن	yáng guāng
舰	کشتی	jiàn
舷侧	سوار کشتی؛ کنار کشتی	xián cè
造船专家	کشتیساز	zào chuán zhuān jiā
造船工程师	کشتیساز	zào chuán gōng chéng shī
造船	کشتیسازی	zào chuán
装船	محموله؛ مرسله	zhuāng chuán
出货	محموله؛ مرسله	chū huò
托运人	مسافر کشتی؛ محموله کشتی	tuō yùn rén
发货人	مسافر کشتی؛ محموله کشتی	fā huò rén
遇难船	غرق کشتی؛ کشتی شکسته شدن	yù nán chuán
海难	غرق کشتی؛ کشتی شکسته شدن	hǎi nàn
衬衫	پیراهن	chèn shān
内衣	پیراهن	nèi yī
哆嗦	لرزه؛ مورمور شدن	duō suo
令人震惊的	تکان‌دهنده	lìng rén zhèn jīng de
极坏的	تکان‌دهنده	jí huài de
穿鞋的	نعل کفش	chuān xié de
鞋	کفش	xié
靴	کفش	xuē
猎场	شلیک؛ تیراندازی	liè cháng
商店	فروشگاه، خرید کردن	shāng diàn
零售商	دکاندار؛ مغازه دار	líng shòu shāng
买东西	خرید	mǎi dōng xi
购物	خرید	gòu wù
短的	کوتاه	duǎn de
弄短	کوچک کردن؛ کوتاه کردن	nòng duǎn
缩短	کوچک کردن؛ کوتاه کردن	suō duǎn
简短	به زودی	jiǎn duǎn
短小	کوتاهی	duǎn xiǎo
简略	کوتاهی	jiǎn lüè
短期的	کوتاه‌مدت	duǎn qī de
炮弹	تیر؛ عکس	pào dàn
应该	باید (فعل کمکی)	yīng gāi
将要	باید (فعل کمکی)	jiāng yào
肩	شانه	jiān
喊声	فریاد زدن، فریاد	hǎn shēng
挤	هل؛ تپاندن	jǐ
铲	بیل زدن؛ بیلچه زدن	chǎn
阵雨	دوش	zhèn yǔ
淋浴	دوش	lín yù
炫耀的	خودنما؛ پرجلوه	xuàn yào de
零钱	گلوله افشان؛ گلوله انفجاری	líng qián
榴霰弹	گلوله افشان؛ گلوله انفجاری	liú xiàn dàn
碎布条	تکه کردن؛ باریک بریدن	suì bù tiáo
细片	تکه کردن؛ باریک بریدن	xì piān
锐利的	ناقلا	ruì lì de
尖锐的响声	فریاد دلخراش زدن	jiān ruì de xiǎng shēng
尖叫	فریاد دلخراش زدن	jiān jiào
尖声	زیر؛ شبیه صفیر	jiān shēng
虾	میگو	há
圣地	ضریح؛ مرقد	shèng dì
神龛	ضریح؛ مرقد	shén kān
萎缩	انقباض؛ کوچک شدن	wěi suō
减低	کیس؛ آب رفتگی	jiǎn dī
灌木	درختچه؛ بوته دار کردن	guàn mù
战栗	لرزه	zhàn lì
发抖	لرزه	fā dǒu
关上	بستن، بسته	guān shàng
百叶窗	پشت دری	bǎi yè chuāng
关闭物	پشت دری	guān bì wù
惊跳	کمرو؛ خجالتی	jīng tiào
惊避	کمرو؛ خجالتی	jīng bì
羞怯	خجالت؛ خجلت	xiū qiè
胆怯	خجالت؛ خجلت	dǎn qiè
西伯利亚	سیبریه؛ سیبری	xī bó lì yà
不舒服	بیمار	bù shū fu
引起疾病的	بیمار کننده؛ بیزار کننده	yǐn qǐ jí bìng de
引起呕吐的	بیمار کننده؛ بیزار کننده	yǐn qǐ ǒu tù de
不健康	داء؛ ناخوشی	bù jiàn kāng
旁边	کنار	páng biān
侧	کنار	cè
筛	نخاله؛ بوجاری	shāi
过滤	نخاله؛ بوجاری	guò lǜ
叹息	آه کشیدن؛ آوخ کشیدن	tàn xī
景观	دید؛ منظره	jǐng guān
符号	علامت، امضا کردن	fú hào
招牌	علامت، امضا کردن	zhāo pai
信号	علامت؛ کوس	xìn hào
暗号	علامت؛ کوس	àn hào
签字	امضا	qiān zì
识别标志	امضا	shí bié biāo zhì
无声	سکوت	wú shēng
安静的	ساکت؛ خاموش	ān jìng de
黑色半身侧面影	نیمرخ	hēi sè bàn shēn cè miàn yǐng
影子	نیمرخ	yǐng zi
丝	ابریشم؛ خامه	sī
绸	ابریشم؛ خامه	chóu
丝的	ابریشمی؛ حریری	sī de
绸制的	ابریشمی؛ حریری	chóu zhì de
蚕	کرم ابریشم؛ کرم پیله	cán
基石	گسله بستری	jī shí
槛	گسله بستری	jiàn
糊涂	خری	hú tu
糊涂的	مهمل؛ نافهم	hú tu de
银	نقره، نقره‌ای	yín
银器	نقره آلات	yín qì
像银的	سیمگون؛ سیم اندود	xiàng yín de
银色的	سیمگون؛ سیم اندود	yín sè de
西蒙	شمعون	xī méng
简单的	ساده	jiǎn dān de
单纯	سادگی	dān chún
简朴	سادگی	jiǎn pǔ
单一化	ساده کردن	dān yī huā
简单化	ساده کردن	jiǎn dān huà
简单地	بسادگی	jiǎn dān de
只是	بسادگی	zhǐ shì
同时的	همزمان؛ مقارن	tóng shí de
同时发生的	همزمان؛ مقارن	tóng shí fā shēng de
一齐	همزمان؛ به طور همزمان	yī qí
罪	خطا؛ گناه	zuì
自以后	از آن زمان که، چون	zì yǐ hòu
自以来	از آن زمان که، چون	zì yǐ lái
真实	خلوص؛ صمیمیت	zhēn shí
有罪的	عاصی؛ فاجر	yǒu zuì de
罪孽深重的	عاصی؛ فاجر	zuì niè shēn zhòng de
唱	آواز خواندن	chàng
鸣	آواز خواندن	míng
歌手	خواننده	gē shǒu
歌唱	آواز خواندن	gē chàng
歌声	آواز خواندن	gē shēng
单身的	مجرد، تک	dān shēn de
单程的	مجرد، تک	dān chéng de
一个一个地	منفردا؛ یک یک	yī gè yī gè de
单数	تکین	dān shù
奇异	تکینی	qí yì
藏垢的场所	منجلاب؛ چاهک	zàng gòu de chǎng suǒ
罪人	عاصی؛ مخطی	zuì rén
不知礼仪的人	عاصی؛ مخطی	bù zhī lǐ yí de rén
弯弯曲曲的	گمراه کننده	wān wān qū qū de
迂回的	گمراه کننده	yū huí de
窦	سینوس؛ معصره	dòu
凹陷处	سینوس؛ معصره	āo xiàn chǔ
啜饮	جرعه؛ مزمزه	chuò yǐn
小口喝	جرعه؛ مزمزه	xiǎo kǒu hē
陛下	پدری کردن	bì xià
姐妹	خواهر	jiě mèi
坐	نشستن	zuò
就座	نشستن	jiù zuò
情形	موقعیت	qíng xing
境遇	موقعیت	jìng yù
六	شش	liù
十六	شانزده	shí liù
第六	سادس؛ سدس	dì liù
六分之一	سادس؛ سدس	liù fēn zhī yī
六十	شصت	liù shí
骨骼	چارچوب؛ اسکلت	gǔ gé
骨瘦如柴的人	چارچوب؛ اسکلت	gǔ shòu rú chái de rén
怀疑论	دیرباوری	huái yí lún
多疑癖	دیرباوری	duō yí pǐ
素描	ترسیم؛ طراحی کردن	sù miáo
草图	ترسیم؛ طراحی کردن	cǎo tú
滑雪橇	اسکی، اسکی کردن	huá xuě qiāo
滑雪运动	اسکی	huá xuě yùn dòng
滑雪术	اسکی	huá xuě shù
技巧	مهارت	jì qiǎo
有技能的	ماهر	yǒu jì néng de
巧妙地	ماهرانه	qiǎo miào de
精巧地	ماهرانه	jīng qiǎo de
皮肤	پوست	pí fū
具有皮肤的	مقشر	jù yǒu pí fū de
具有肤色的	مقشر	jù yǒu fū sè de
似皮的	لاغر؛ نحیف	shì pí de
极瘦的	لاغر؛ نحیف	jí shòu de
机长	ناخدای کشتی	jī zhǎng
前哨战	کشمکش؛ زد و خورد	qián shào zhàn
小争论	کشمکش؛ زد و خورد	xiǎo zhēng lùn
裙子	دامن	qún zi
下摆	دامن	xià bǎi
头盖骨	جمجمه	tóu gài gǔ
头脑	جمجمه	tóu nǎo
无边便帽	عرقچین؛ کلاه بره	wú biān biàn mào
黄芩属植物	عرقچین؛ کلاه بره	huáng qín shǔ zhí wù
天色	آسمان	tiān sè
天窗	پنجره طاق	tiān chuāng
向着天空	به‌طرف آسمان	xiàng zhāo tiān kōng
向上	به‌طرف آسمان	xiàng shàng
猛然	بهمکوفتن؛ ضربت سنگین	měng rán
俚语	عامیانه؛ اصطلاح عامیانه	lǐ yǔ
辱骂	عامیانه؛ اصطلاح عامیانه	rǔ mà
倾斜的	اریب	qīng xié de
歪斜的	اریب	wāi xié de
掴	چک؛ سیلی	guāi
掌击	چک؛ سیلی	zhǎng jī
猛砍	نشان ممیز؛ خیلی کم کردن	měng kǎn
乱砍	نشان ممیز؛ خیلی کم کردن	luàn kǎn
板岩	تورق؛ پلمه	bǎn yán
页岩	تورق؛ پلمه	yè yán
屠杀	کشتار؛ خونریزی	tú shā
斯拉夫人的	اسلاو؛ اسلاو زبان	sī lā fū rén de
斯拉夫语的	اسلاو؛ اسلاو زبان	sī lā fū yǔ de
奴隶	برده؛ غلام	nú lì
从动装置	برده؛ غلام	cóng dòng zhuāng zhì
奴隶的身分	برده‌داری؛ بندگی	nú lì de shēn fèn
雪橇	سورتمه راندن	xuě qiāo
大锤	سورتمه راندن	dà chuí
油嘴滑舌的	چرب ونرم	yóu zuǐ huá shé de
静止	خواب؛ خوابیدن	jìng zhǐ
不睡眠的	بی خواب	bù shuì mián de
睡不着的	بی خواب	shuì bù zháo de
困乏的	خواب آلود	kùn fá de
欲睡的	خواب آلود	yù shuì de
套管	آستین	tào guǎn
雪撬	سورتمه راندن	xuě qiào
沼地	تعداد زیادی؛ چرخاندن ناگهانی	zhǎo de
回转	تعداد زیادی؛ چرخاندن ناگهانی	huí zhuǎn
薄的切片	قاش کردن؛ قاچ کردن	bó de qiē piàn
一部分	قاش کردن؛ قاچ کردن	yī bù fen
滑	سرسره؛ سراندن	huá
怠慢	خفیف؛ جزئی	dài màn
瘦的	باریک اندام	shòu de
苗条的	باریک اندام	miáo tiao de
烂泥	لجن؛ خره	làn ní
投石器	قلاب سنگ؛ سنگ قلاب	tóu shí qì
抛掷	قلاب سنگ؛ سنگ قلاب	pāo zhì
事故	لغزش؛ سقطه	shì gù
拖鞋	کفش راحتی؛ دم پائی	tuō xié
制轮器	کفش راحتی؛ دم پائی	zhì lún qì
滑的	سر؛ لیز	huá de
靠不住的	سر؛ لیز	kào bu zhù de
投币口	چاک	tóu bì kǒu
呐喊声	شعار	nà hǎn shēng
标语	شعار	biāo yǔ
单桅帆船	قایق جنگی	shàn wéi fān chuán
外衣	شلوار گشاد؛ آشغال خوری	wài yī
水沟	شکاف کوچک	shuǐ gōu
细长孔	شکاف کوچک	xì cháng kǒng
邋遢的	هردمبیل؛ لا ابالی	lā ta de
不修边幅的	هردمبیل؛ لا ابالی	bù xiū biān fú de
慢的	آهسته	màn de
迟缓的	آهسته	chí huǎn de
慢慢地	به آرامی	màn màn de
迟缓地	به آرامی	chí huǎn de
缓慢	کندی؛ تانی	huǎn màn
偷懒的	کساد؛ لش	tōu lǎn de
麻木状态	چرت زدن؛ پینکی زدن	má mù zhuàng tài
暴跌	زمین باتلاقی؛ کاهش فعالیت	bào diē
垂头弯腰的姿态	زمین باتلاقی؛ کاهش فعالیت	chuí tóu wān yāo de zī tài
诡密的	موذیانه؛ رند	guǐ mì de
少的	کوچک	shǎo de
天花	آبله	tiān huā
痘疮	آبله	dòu chuāng
智能手机	گوشی هوشمند	zhì néng shǒu jī
打碎	مصادمت؛ خردشدگی	dǎ suì
打碎者	خرکننده؛ درهم شکننده	dǎ suì zhě
善于叩球者	خرکننده؛ درهم شکننده	shàn yú kòu qiú zhě
擦上	آغشتن	cā shǎng
味道	بو، بو کردن	wèi dao
胡瓜鱼	گداخته شدن	hú guā yú
微笑	لبخند، لبخند زدن	wēi xiào
喜色	لبخند، لبخند زدن	xǐ sè
烟	دود، سیگار کشیدن	yān
雾气	دود، سیگار کشیدن	wù qì
无烟的	بی دود	wú yān de
不出烟的	بی دود	bù chū yān de
吸烟者	سیگاری؛ اهل دود	xī yān zhě
吸烟的人	سیگاری؛ اهل دود	xī yān de rén
抽烟	سیگار کشیدن	chōu yān
冒烟	سیگار کشیدن	mào yān
平稳的	نرم؛ صاف	píng wěn de
弄平的人	صافکار	nòng píng de rén
路面平整机	صافکار	lù miàn píng zhěng jī
柔滑	روانی؛ صافی	róu huá
平滑	روانی؛ صافی	píng huá
小吃	ته بندی	xiǎo chī
蜗牛	حلزون؛ لیسه	wō niú
行动迟缓的人	حلزون؛ لیسه	xíng dòng chí huǎn de rén
蛇	مار	shé
使突然中断	بشکن؛ شتابزدگی	shǐ tū rán zhōng duàn
猛咬	بشکن؛ شتابزدگی	měng yǎo
吼叫	دندان قروچه کردن	hǒu jiào
怒骂	دندان قروچه کردن	nù mà
攫取	مقدار کم؛ قاپ زنی	jué qǔ
冷笑	پوزخند؛ نیشخند	lěng xiào
以鼻吸气	بوکشیدن؛ فن فن کردن	yǐ bí xī qì
嗅	بوکشیدن؛ فن فن کردن	xiù
鼾声	خرخر؛ خرخره	hān shēng
打鼾	خرخر؛ خرخره	dǎ hān
喷着气弄响鼻子	زفیر کشیدن	pēn zhāo qì lòng xiǎng bí zi
轻蔑地哼	زفیر کشیدن	qīng miè de hēng
喷鼻息	خر و خر	pēn bí xī
鼻口部	پوزه؛ سرلوله آب	bí kǒu bù
雪	برف، برف باریدن	xuě
多雪的	برفی	duō xuě de
被雪所覆盖着的	برفی	bèi xuě suǒ fù gài zhāo de
烛花	انفیه؛ انفیه زدن	zhú huā
用鼻吸气	انفیه؛ انفیه زدن	yòng bí xī qì
剪花	انفیهزنی	jiǎn huā
舒适的	گرم ونرم؛ آماده ومجهز	shū shì de
温暖的	گرم ونرم؛ آماده ومجهز	wēn nuǎn de
如此	بنابراین، خیلی	rú cǐ
如是	بنابراین، خیلی	rú shì
湿透	آغشتن؛ خیساندن	shī tòu
肥皂	صابون	féi zào
高扬	اوج گرفتن؛ بلند پرواز کردن	gāo yáng
翱翔	اوج گرفتن؛ بلند پرواز کردن	áo xiáng
啜泣	بغض گریه	chuò qì
呜咽	بغض گریه	wū yè
所谓的	به اصطلاح	suǒ wèi de
号称的	به اصطلاح	hào chēng de
英式足球	فوتبال	yīng shì zú qiú
社会的	اجتماعی	shè huì de
群居的	اجتماعی	qún jū de
社会主义	سوسیالیسم؛ سوسیالیزم	shè huì zhǔ yì
社会主义者	سوسیالیست؛ سوسیالیستی	shè huì zhǔ yì zhě
社会党党员	سوسیالیست؛ سوسیالیستی	shè huì dǎng dǎng yuán
社会	جامعه	shè huì
社交界	جامعه	shè jiāo jiè
社会学	انسان شناسی؛ جامعه شناسی	shè huì xué
短袜	جوراب	duǎn wà
鞋垫	جوراب	xié diàn
浑身湿透的	نیم پخته؛ چروکیده وپژمرده	hún shēn shī tòu de
饱含的	نیم پخته؛ چروکیده وپژمرده	bǎo hán de
钠	سدیم؛ سودیوم	nà
沙发	نیمکت؛ کاناپه	shā fā
软的	نرم	ruǎn de
变柔软	نرم کردن؛ شیرین کردن	biàn róu ruǎn
变柔和	نرم کردن؛ شیرین کردن	biàn róu hé
静静地	بارامی؛ نرم نرمک	jìng jìng de
温柔	ملایمت؛ شلی	wēn róu
软件	نرم افزار	ruǎn jiàn
土壤	خاک؛ تراب	tǔ rǎng
旅居	موقتا اقامت کردن	lǚ jū
太阳的	آفتابی؛ شمسی	tài yang de
日光的	آفتابی؛ شمسی	rì guāng de
焊接剂	لحیم؛ لحیم کردن	hàn jiē jì
接合物	لحیم؛ لحیم کردن	jiē hé wù
军人	سرباز	jūn rén
士兵	سرباز	shì bīng
脚掌	کف پا؛ تخت کفش	jiǎo zhǎng
鞋底	کف پا؛ تخت کفش	xié dǐ
郑重的	سنگین؛ موقرانه	zhèng zhòng de
一本正经	مراسم سنگین	yī běn zhèng jīng
法务官	خواهنده	fǎ wù guān
固体	محکم؛ استوار	gù tǐ
共同一致	همبستگی؛ بهم پیوستگی	gòng tóng yī zhì
固体性	استواری	gù tǐ xìng
独居者	گوشه نشین	dú jū zhě
单独	انفراد	dān dú
独奏	تک	dú zòu
独唱	تک	dú chàng
所罗门	سلیمان؛ صلح دوست	suǒ luó mén
聪明人	سلیمان؛ صلح دوست	cōng ming rén
解答	راه حل	jiě dá
可以解的	حلپذیر؛ قابل حل	kě yǐ xiè de
可以解决的	حلپذیر؛ قابل حل	kě yǐ jiě jué de
付给	حل کردن	fù gěi
溶剂	حلال؛ مایع محلل	róng jì
有偿付能力的	حلال؛ مایع محلل	yǒu cháng fù néng lì de
阴天的	غم انگیز	yīn tiān de
一些	مقداری، برخی	yī xiē
了不起的人	کسی	liǎo bu qǐ de rén
大人物	کسی	dà ren wù
不知何故	به نحوی	bù zhī hé gù
有人	کسی	yǒu rén
某人	کسی	mǒu rén
某事	چیزی	mǒu shì
某物	چیزی	mǒu wù
以前的	زمانی	yǐ qián de
某一时间的	زمانی	mǒu yī shí jiān de
有时	گاهی اوقات	yǒu shí
几分	تاحدی؛ مقدار نامعلومی	jǐ fēn
到某处	جایی	dào mǒu chù
在某处	جایی	zài mǒu chù
儿子	پسر	ér zi
女婿	پسر	nǚ xu
歌	آهنگ	gē
曲	آهنگ	qū
宏亮的	طنین انداز	hóng liàng de
响亮的	طنین انداز	xiǎng liàng de
早	به زودی	zǎo
煤烟	دوده؛ دودهای کردن	méi yān
炭黑色	دوده؛ دودهای کردن	tàn hēi sè
使安静	استمالت کردن؛ دل بدست آوردن	shǐ ān jìng
煤烟熏黑的	دودهای	méi yān xūn hēi de
乌黑的	دودهای	wū hēi de
久经世故的	پیچیده	jiǔ jīng shì gù de
疼痛地	به‌سختی	téng tòng de
强烈地	به‌سختی	qiáng liè de
栗色的	ریواس؛ ترشک	lì sè de
栗色动物	ریواس؛ ترشک	lì sè dòng wù
哀惜	غم؛ غصه	āi xī
难过的	متاسف	nán guò de
方式	نوع، مرتب کردن	fāng shì
从事分类的人	جور ساز	cóng shì fēn lèi de rén
分拣的人	جور ساز	fēn jiǎn de rén
醉鬼	ساده لوح	zuì guǐ
酗酒者	ساده لوح	xù jiǔ zhě
心灵	روح؛ جان	xīn líng
声音	صدا، به نظر رسیدن	shēng yīn
健全的	صدا، به نظر رسیدن	jiàn quán de
汤	سوپ	tāng
马力	سوپ	mǎ lì
酸的	ترش؛ ترشیده	suān de
酸臭的	ترش؛ ترشیده	suān chòu de
来源	منبع	lái yuán
南方	جنوب	nán fāng
南的	جنوب	nán de
东南	جنوب شرقی؛ جنوب شرق	dōng nán
南方人	جنوبی	nán fāng rén
男风	جنوبی	nán fēng
向南	به‌سوی جنوب	xiàng nán
朝南	به‌سوی جنوب	cháo nán
西南	جنوب غربی	xī nán
纪念品	یادگار؛ تحفه	jì niàn pǐn
元首	لیره زر	yuán shǒu
独立国	لیره زر	dú lì guó
母猪	خوک ماده؛ ماده خوک	mǔ zhū
懒胖女人	خوک ماده؛ ماده خوک	lǎn pán nǚ rén
播种	حرث؛ تخم پاشی	bō zhǒng
空间	فضا	kōng jiān
广大的	جادار؛ فراخ	guǎng dà de
西班牙	اندلس؛ اسپانی	xī bān yá
全长	وجب؛ گستردگی	quán cháng
跨距	وجب؛ گستردگی	kuà jù
西班牙人	اسپانیولی	xī bān yá rén
西班牙语	اسپانیولی؛ اسپانیایی	xī bān yá yǔ
备用品	اضافی	bèi yòng pǐn
火花	جرقه؛ اخگر	huǒ huā
麻雀	گنجشک	má què
抽搐	تشنجه	chōu chù
痉挛的	انقباضی	jìng luán de
痉挛性的	انقباضی	jìng luán xìng de
蚝卵	بچهحلزون	háo luǎn
口角	بچهحلزون	kǒu jiǎo
空间的	فاصلهای	kōng jiān de
受空间条件限制的	فاصلهای	shòu kōng jiān tiáo jiàn xiàn zhì de
发言	صحبت کردن	fā yán
说话人	بلندگو، سخنران	shuō huà rén
讲演者	بلندگو، سخنران	jiǎng yǎn zhě
矛	نیزه؛ سنان	máo
专辑	خاص	zhuān jí
专车	خاص	zhuān chē
专门医师	متخصص؛ ویژهگر	zhuān mén yī shī
使特殊化	تخصص یافتن	shǐ tè shū huā
列举	تخصص یافتن	liè jǔ
专门的	تخصصی	zhuān mén de
特别地	بویژه؛ مخصوصا	tè bié de
专门地	بویژه؛ مخصوصا	zhuān mén de
特效药	خاص	tè xiào yào
规格	مشخصه؛ تصریح	guī gé
详列	مشخص کردن	xiáng liè
标本	نمونه	biāo běn
引人羡慕的东西	منظره	yǐn rén xiàn mù de dōng xī
景象	منظره	jǐng xiàng
公开展示的	تماشایی	gōng kāi zhǎn shì de
目击者	تماشاگر	mù jī zhě
光谱	طیف؛ بیناب	guāng pǔ
深思	حدس و گمان زدن	shēn sī
投机商人	زمین خوار؛ سفته باز	tóu jī shāng rén
不会说话的	بی حرف؛ بی جواب	bù huì shuō huà de
速率	سرعت	sù lǜ
符咒	هجی کردن	fú zhòu
拼	هجی	pīn
经费	صرف	jīng fèi
开销	صرف	kāi xiāo
用尽的	مصروف؛ رها شده	yòng jìn de
精疲力竭的	مصروف؛ رها شده	jīng pí lì jié de
史芬克斯	ابوالهول؛ سینه زن	shǐ fēn kè sī
人面狮身像	ابوالهول؛ سینه زن	rén miàn shī shēn xiàng
香料	ادویه	xiāng liào
药料	ادویه	yào liào
蜘蛛	عنکبوت	zhī zhū
设圈套者	عنکبوت	shè quān tào zhě
长钉	آبشار زدن؛ میخ بزرگ	cháng dìng
鞋钉	آبشار زدن؛ میخ بزرگ	xié dīng
溅出	ریختن	jiàn chū
自旋	چرخان؛ ریس	zì xuán
针的	صلبی؛ شوکی	zhēn de
尖刺的	صلبی؛ شوکی	jiān cī de
纱锭	دوک	shā dìng
纺锤	دوک	fǎng chuí
背骨	تیره پشت؛ ستون فقرات	bèi gǔ
脊柱	تیره پشت؛ ستون فقرات	jǐ zhù
螺旋形之物	حلزونی؛ مارپیچ رفتن	luó xuán xíng zhī wù
螺线	حلزونی؛ مارپیچ رفتن	luó xiàn
尖塔	ساقه باریک	jiān tǎ
尖顶	ساقه باریک	jiān dǐng
精神性	روحانیت؛ معنویت	jīng shén xìng
灵性	روحانیت؛ معنویت	líng xìng
在精神上地	روحا؛ غیر مادی	zài jīng shén shǎng de
唾吐	تف؛ خدو	tuò tǔ
怀有恶意的	مغرض؛ غرضآلود	huái yǒu è yì de
脾脏	سپرز؛ طحال	pí zàng
光亮的	باشکوه؛ باجلال	guāng liàng de
了不起的	باشکوه؛ باجلال	liǎo bu qǐ de
脾脏的	اسپرزی؛ طحالی	pí zàng de
脾的	اسپرزی؛ طحالی	pí de
薄木片	جبیره؛ آهن نبشی	bó mù piàn
细木梗	جبیره؛ آهن نبشی	xì mù gěng
进行劈(切	شکافنده؛ شکاف دهنده	jìn xíng pī qiē
割)的人	شکافنده؛ شکاف دهنده	gē de rén
爆裂似的	بزل	bào liè shì de
极快的	بزل	jí kuài de
发言人	سخنگو (مرد)	fā yán rén
代言者	سخنگو (مرد)	dài yán zhě
女发言人	سخنگو (زن)	nǚ fā yán rén
女代言人	سخنگو (زن)	nǚ dài yán rén
海绵	ابر؛ لیف	hǎi mián
吸收掉	ابر؛ لیف	xī shōu diào
海绵状的	لیفی؛ اسفنجی	hǎi mián zhuàng de
海绵质的	لیفی؛ اسفنجی	hǎi mián zhì de
保证人	ضامن؛ متقبل	bǎo zhèng rén
赞助者	ضامن؛ متقبل	zàn zhù zhě
发起	حمایت مالی	fā qǐ
倡议	حمایت مالی	chàng yì
自发的	بالبداهه؛ ناخودآگاه	zì fā de
自发	ناخودآگاه؛ خودبخود	zì fā
一时冲动	ناخودآگاه؛ خودبخود	yī shí chōng dòng
匙	قاشق	chí
调羹	قاشق	tiáo gēng
偶尔发生的	گاهبگاه	ǒu ěr fā shēng de
零星发生的	گاهبگاه	líng xīng fā shēng de
孢子	هاگ؛ هاگ آوردن	bāo zǐ
喜好运动的	ورزشی	xǐ hào yùn dòng de
运动用的	ورزشی	yùn dòng yòng de
无脏污的	بی لکه؛ بی خال	wú zāng wū de
无缺点的	بی لکه؛ بی خال	wú quē diǎn de
扭筋	رگ کردن؛ بدرد آوردن	niǔ jīn
蔓生的	گل و گشاد	màn shēng de
不规则地伸展的	گل و گشاد	bù guī zé de shēn zhǎn de
浪花	افشاندن؛ دواپاشی	làng huā
春天	بهار	chūn tiān
弹簧	بهار	tán huáng
春季	بهار زندگانی	chūn jì
洒	گلنم؛ آب پاشی کردن	sǎ
散置	گلنم؛ آب پاشی کردن	sàn zhì
抽条	جوانه؛ جوانه زدن	chōu tiáo
云杉	صنوبر	yún shān
颇为干净的	صنوبر	pō wéi gān jìng de
纺成的	تابداده؛ ریسته	fǎng chéng de
旋转过的	تابداده؛ ریسته	xuán zhuǎn guò de
马刺	سیخک؛ مهمیز	mǎ cì
间谍	آبشت؛ خبرگیر	jiàn dié
班	جوخه	bān
小队	جوخه	xiǎo duì
骑兵营	بهادران	qí bīng yíng
分遣队	بهادران	fēn qiǎn duì
有鳞的	فلس دار	yǒu lín de
多鳞的	فلس دار	duō lín de
使分散	تبذیر کردن؛ اسراف کردن	shǐ fēn sàn
正方形	مربع	zhèng fāng xíng
蹲	قوز کردن؛ چاق وخپل	dūn
乡绅	ملاک عمده	xiāng shēn
大地主	ملاک عمده	dà dì zhǔ
松鼠	سنجاب	sōng shǔ
贮藏	سنجاب	zhù cáng
安定	پشتکار؛ پایداری	ān dìng
稳定性	پشتکار؛ پایداری	wěn dìng xìng
马房	پایدار؛ طویله	mǎ fáng
牛棚	پایدار؛ طویله	niú péng
露天大型运动场	ورزشگاه؛ میدان ورزش	lù tiān dà xíng yùn dòng chǎng
期	ورزشگاه؛ میدان ورزش	qī
牡鹿	آهو	mǔ lù
男性社交晚会	آهو	nán xìng shè jiāo wǎn huì
公共马车	دلیجان	gōng gòng mǎ chē
蹒跚	گیج خوردن؛ یله رفتن	pán shān
蹒跚的	تلو؛ تلوتلو	pán shān de
不流动的	راکد؛ کساد	bù liú dòng de
停滞的	راکد؛ کساد	tíng zhì de
淤塞	رکود؛ ناروانی	yū sè
停滞	رکود؛ ناروانی	tíng zhì
梯级	پله	tī jí
楼梯	پله	lóu tī
阶梯	پلگان؛ راه پله	jiē tī
炮烙刑	وتد؛ اخیه	páo lào xíng
刮软	تیرکوبی	guā ruǎn
尿	بیات؛ بیات کردن	niào
不新鲜的	بیات؛ بیات کردن	bù xīn xiān de
茎	ساقه؛ ساق	jīng
厩	غرفه، متوقف شدن	jiù
种马	نریان؛ اسب نر	zhǒng mǎ
健壮的人	جوانمرد؛ اندام دار	jiàn zhuàng de rén
高大结实的	جوانمرد؛ اندام دار	gāo dà jiē shí de
印	تمبر، مهر	yìn
邮票	تمبر، مهر	yóu piào
惊跑	لگد کردن؛ لگد کوب	jīng páo
蜂拥	لگد کردن؛ لگد کوب	fēng yōng
准备击球姿势	موضع	zhǔn bèi jī qiú zī shì
站立的姿势	موضع	zhàn lì de zī shì
站住	ایستادن	zhàn zhù
立场	نقطه نظر	lì chǎng
主要产物	قلم اصلی؛ مواد خام	zhǔ yào chǎn wù
常用品	قلم اصلی؛ مواد خام	cháng yòng pǐn
星	ستاره؛ ستاره، ستاره‌دار کردن	xīng
淀粉	نشاسته؛ آهار	diàn fěn
浆糊	نشاسته؛ آهار	jiàng hu
星光	نور ستاره	xīng guāng
星光照耀的	پرستاره	xīng guāng zhào yào de
多星的	پرستاره	duō xīng de
惊起	شروع، شروع کردن	jīng qǐ
饿死	گرسنگی؛ قحطی	è sǐ
挨饿	گرسنه ماندن	ái è
状态	ایالت، بیان کردن	zhuàng tài
州	ایالت، بیان کردن	zhōu
治国才能	ملک داری؛ کشور داری	zhì guó cái néng
治国之才	دنیاداری	zhì guó zhī cái
政治家的才能	دنیاداری	zhèng zhì jiā de cái néng
静电	ثابت؛ بی حرکت	jìng diàn
静态的	ثابت؛ بی حرکت	jìng tài de
统计的	احسائی؛ آماری	tǒng jì de
统计上的	احسائی؛ آماری	tǒng jì shǎng de
统计学	ارقام؛ آمار	tǒng jì xué
统计资料	ارقام؛ آمار	tǒng jì zī liào
以雕像装饰	مجسمه؛ تندیس	yǐ diāo xiàng zhuāng shì
雕像一般的	شبیه مجسمه؛ مجسمه وار	diāo xiàng yī bān de
均称的	شبیه مجسمه؛ مجسمه وار	jūn chèn de
身材	قدر وقیمت	shēn cái
法令的	طبق قانون	fǎ lìng de
停留	ماندن	tíng liú
接替	مفید بودن	jiē tì
踏实的	استوار	tā shi de
稳定地	به طور پیوسته	wěn dìng de
无变化地	به طور پیوسته	wú biàn huà de
稳定的	محکم؛ استوار	wěn dìng de
不动摇的	محکم؛ استوار	bù dòng yáo de
剽窃	دزدیدن	piāo qiè
偷偷地做	دزدیدن	tōu tōu de zuò
蒸汽	بخار	zhēng qì
汽船	قایق بخاری	qì chuán
轮船	قایق بخاری	lún chuán
蒸汽机	ماشین بخار	zhēng qì jī
战马	توسن؛ وسیله نقلیه	zhàn mǎ
钢	فولاد؛ فولادی	gāng
浸渍	تنده؛ شیبدار	jìn zì
干	ریشه؛ ساقه	gān
恶臭	تعفن؛ زهم	è chòu
臭气	تعفن؛ زهم	chòu qì
模版	استنسیل؛ استنسیل کردن	mó bǎn
蜡纸	استنسیل؛ استنسیل کردن	là zhǐ
步骤	قدم، گام	bù zhòu
步幅	قدم، گام	bù fú
继女	نادختری؛ دختر خوانده	jì nǚ
继父	ناپدری؛ پدراندر	jì fù
继母	نامادر؛ مادرخوانده	jì mǔ
不孕的	سترون؛ استرون	bù yùn de
不毛	عقیمی؛ سترونی	bù máo
不孕	عقیمی؛ سترونی	bù yùn
英国货币	پوند؛ استرلینگ	yīng guó huò bì
标准纯银	پوند؛ استرلینگ	biāo zhǔn chún yín
尾部	عبوس؛ عبوسانه	wěi bù
船尾	عبوس؛ عبوسانه	chuán wěi
听诊器	گوشی	tīng zhěn qì
装卸工	بارگیری وباراندازی کردن	zhuāng xiè gōng
码头工	بارگیری وباراندازی کردن	mǎ tóu gōng
炖	خورش؛ دم کردن	dùn
棍	لول؛ چسبیدن	gùn
有粘性的	چسبنده؛ چسبناک	yǒu nián xìng de
严厉的	سیخ؛ شخ	yán lì de
使变硬	شق کردن؛ سیخ شدن	shǐ biàn yìng
使僵硬	شق کردن؛ سیخ شدن	shǐ jiāng yìng
呆板	جمود	dāi bǎn
墙两边的阶梯	سنگچین	qiáng liǎng bian de jiē tī
蒸馏室	هنوز	zhēng liú shì
寂静	هنوز	jì jìng
沉静	ناروانی؛ بی حرکتی	chén jìng
兴奋性的	محرک؛ ماده محرک	xīng fèn xìng de
叮	نیش؛ گزش	dīng
刺痛	نیش؛ گزش	cì tòng
刺人的	گزنده	cī rén de
刺一般的	گزنده	cī yī bān de
小气的	زفت؛ ممسک	xiǎo qì de
吝啬的	زفت؛ ممسک	lìn sè de
臭味	بودادن؛ بدبو کردن	chòu wèi
节省	بقناعت واداشتن	jié shěng
&.规定	مصرح	guī dìng
约定	مصرح	yuē dìng
一针	کوک؛ بخیه	yī zhēn
树干	سهام؛ موجودی	shù gàn
胃	معده	wèi
石头	سنگ	shí tou
凳子	کرسی؛ عسلی	dèng zi
佝偻	دولاشدن؛ خشوع کردن	gōu lóu
屈从	دولاشدن؛ خشوع کردن	qū cóng
存储器	مخزن؛ انبارش	cún chǔ qì
储藏	مخزن؛ انبارش	chǔ cáng
存储	فروشگاه	cún chǔ
有故事的	داستانی	yǒu gù shì de
传奇的	داستانی	chuán qí de
暴风雨	طوفان	bào fēng yǔ
暴风雨的	متلاطم؛ توفانی	bào fēng yǔ de
粗暴的	متلاطم؛ توفانی	cū bào de
矮胖的	نوعی آبجو؛ قوی بنیه	ǎi pàng de
窑	اجاق؛ تون	yáo
直线	مستقیم	zhí xiàn
直的	مستقیم	zhí de
弄直	راست کردن؛ مستقیم شدن	nòng zhí
整顿	راست کردن؛ مستقیم شدن	zhěng dùn
笔直的	رک؛ صریحاللهجه	bǐ zhí de
拉紧	صافی کردن	lā jǐn
海峡	تنگه؛ بغاز	hǎi xiá
股	تار؛ کنار رود	gǔ
奇妙	غرابت	qí miào
不可思议	غرابت	bù kě sī yì
陌生人	غیر؛ بیگانه	mò shēng rén
门外汉	غیر؛ بیگانه	mén wài hàn
勒杀	اختناق	lēi shā
绞死	اختناق	jiǎo sǐ
带	تسمه؛ تسمه زدن	dài
捆扎	تسمه؛ تسمه زدن	kǔn zhā
战略的	سوقالجیشی؛ استراتژیک	zhàn lüè de
战略上的	سوقالجیشی؛ استراتژیک	zhàn lüè shǎng de
战略家	رزمآرا	zhàn lüè jiā
战略	استراتژی	zhàn lüè
分层的	رگه دار	fēn céng de
形成阶层的	رگه دار	xíng chéng jiē céng de
稻草	کاه؛ خس	dào cǎo
麦管	کاه؛ خس	mài guǎn
草莓	چلم؛ توت فرنگی	cǎo méi
走失	ضلالت؛ بیراهه روی	zǒu shī
偏离正题	ضلالت؛ بیراهه روی	piān lí zhēng tí
条理	سپیده دم	tiáo lǐ
斑纹	سپیده دم	bān wén
水流	نهر؛ مسیل	shuǐ liú
街道	خیابان	jiē dào
马路	خیابان	mǎ lù
实力	قدرت؛ استحکام	shí lì
变坚固	تقویت کردن	biàn jiān gù
奋发的	فوق العاده	fèn fā de
压力	استرس، استرس وارد کردن	yā lì
紧迫	استرس، استرس وارد کردن	jǐn pò
伸展	بسیط؛ امتداددادن	shēn zhǎn
张开	بسیط؛ امتداددادن	zhāng kāi
担架	برانکار؛ بسط یابنده	dān jià
延伸器	برانکار؛ بسط یابنده	yán shēn qì
受打击的	دچار؛ مصیبت زده	shòu dǎ jī de
负了伤的	دچار؛ مصیبت زده	fù le shāng de
确实地	به شدت	què shí de
狭窄	ضیق؛ سخت گیری	xiá zhǎi
大步	گام؛ شلنگ	dà bù
罢工	ضرب؛ ضربت	bà gōng
打击者	اعتصابی؛ اعتصابگر	dǎ jī zhě
罢工者	اعتصابی؛ اعتصابگر	bà gōng zhě
醒目的	گیرنده؛ ضربتی	xǐng mù de
细绳	زه کردن؛ رشته کردن	xì shéng
长条	نوار؛ باریکه	cháng tiáo
条状	نوار؛ باریکه	tiáo zhuàng
有斑纹的	راهراه؛ خطدار	yǒu bān wén de
条子布	خطوط	tiáo zi bù
条纹布	خطوط	tiáo wén bù
笔划	سکته، ضربه	bǐ huà
漫步	گرد؛ گردیدن	màn bù
基质	بافت بنیادی	jī zhì
底质	بافت بنیادی	de zhì
坚固的	قوی	jiān gù de
强有力地	شدیدا	qiáng yǒu lì de
坚强地	شدیدا	jiān qiáng de
结构的	ساختمانی	jié gòu de
建筑的	ساختمانی	jiàn zhù de
高视阔步	خرامیدن	gāo shì kuò bù
残株	ته ریش؛ ریش زبر	cán zhū
茬	ته ریش؛ ریش زبر	chá
倔强地	لجوجانه	jué jiàng de
顽固地	لجوجانه	wán gù de
又短又秃的	سیخ سیخ	yòu duǎn yòu tū de
粗而短的	سیخ سیخ	cū ér duǎn de
卡住的	چسبیده؛ چسباننده	kǎ zhù de
粘住的	چسبیده؛ چسباننده	nián zhù de
装饰钮扣	ایلخی؛ گل میخ	zhuāng shì niǔ kòu
大头钉	ایلخی؛ گل میخ	dà tóu dīng
研究者	دانش آموز	yán jiū zhě
工作室	اتاقکار؛ هنرکده	gōng zuò shì
画室	اتاقکار؛ هنرکده	huà shì
爱好学问的	جاهد؛ کتاب خوان	ài hào xué wèn de
原料	جنس؛ بساط	yuán liào
闷热的	محافظه کار	mēn rè de
窒息的	محافظه کار	zhì xī de
绊倒	لغزاندن؛ سقطه	bàn dǎo
蹒跚而行	لغزاندن؛ سقطه	pán shān ér háng
树桩	سنگینکندهدرخت؛ ته شاخه	shù zhuāng
受惊的	خیره شدن؛ بهت زده	shòu jīng de
糊涂事	خرف؛ حماقت	hú tu shì
愚蠢地	احمقانه؛ بی خردانه	yú chǔn de
无感觉	گیجی؛ کند ذهنی	wú gǎn jué
人事不省	گیجی؛ کند ذهنی	rén shì bù shěng
猪栏	شعیره؛ در طویله قرار دادن	zhū lán
猪圈	شعیره؛ در طویله قرار دادن	zhū juàn
风格	سبک	fēng gé
时尚	سبک	shí shàng
现代风格的	شیک	xiàn dài fēng gé de
稍尖的	زیرحاد	shāo jiān de
亚急性的	زیرحاد	yà jí xìng de
细分	بخشیزه؛ زیرقسمت	xì fēn
分部	بخشیزه؛ زیرقسمت	fēn bù
使服从	مقهور کردن؛ رام کردن	shǐ fú cóng
科目	موضوع	kē mù
壮观的	متعال؛ برین	zhuàng guān de
潜水艇	زیردریایی؛ تحت البحری	qián shuǐ tǐng
海底生物	زیردریایی؛ تحت البحری	hǎi dǐ shēng wù
使受到	تسلیم کردن؛ تمکین کردن	shǐ shòu dào
下级地位	مادونی؛ فرمان برداری	xià jí dì wèi
隶属	مادونی؛ فرمان برداری	lì shǔ
捐献	اشتراک کردن؛ مشترک شدن	juān xiàn
签署	اشتراک کردن؛ مشترک شدن	qiān shǔ
订金	اشتراک؛ آبونمان	dìng jīn
后来的	بعدی	hòu lái de
接下去的	بعدی	jiē xià qù de
辅助性	زیر زاوری	fǔ zhù xìng
从属性	زیر زاوری	cóng shǔ xìng
沉淀	نشست کردن؛ فروکش کردن	chén diàn
沉降	نشست کردن؛ فروکش کردن	chén jiàng
补助金	کمک مالی؛ کمک هزینه	bǔ zhù jīn
供给食物	گذران کردن	gōng jǐ shí wù
供养	گذران کردن	gōng yǎng
有实质的	شبیه اسم؛ مقدار زیاد	yǒu shí zhì de
独立存在的	شبیه اسم؛ مقدار زیاد	dú lì cún zài de
代理	عوض؛ جانشین	dài lǐ
代用品	عوض؛ جانشین	dài yòng pǐn
地下的	تحت الارضی	dì xià de
市郊住宅区	حومه شهر	shì jiāo zhù zhái qū
郊区	حومه شهر	jiāo qū
郊外的	برون شهری	jiāo wài de
郊区的	برون شهری	jiāo qū de
从事颠覆的	خرابکارانه	cóng shì diān fù de
颠覆	واژگون ساختن	diān fù
成功	موفق شدن	chéng gōng
一帆风顺的	موفق	yī fān fēng shùn de
结果良好	به موفقیت؛ با موفقیت	jiē guǒ liáng hǎo
继承权	جانشینی؛ خلافت	jì chéng quán
接连着地	متواترا	jiē lián zháo dì
相继地	متواترا	xiāng jì de
继承者	جانشین؛ خلف	jì chéng zhě
接任者	جانشین؛ خلف	jiē rèn zhě
救援	موجب کمک	jiù yuán
援助者	موجب کمک	yuán zhù zhě
如此的	چنین	rú cǐ de
这样的	چنین	zhè yàng de
吸	مکیدن؛ مک زدن	xī
吮	مکیدن؛ مک زدن	shǔn
乳儿	شیر خوار؛ بچه شیری	rǔ rén
乳臭未干的小子	شیر خوار؛ بچه شیری	rǔ xiù wèi gān de xiǎo zǐ
突然	تند؛ ناگهان	tū rán
忽然	تند؛ ناگهان	hū rán
遭受	خون کردن؛ خون شدن	zāo shòu
受难者	متحمل؛ درد کش	shòu nàn zhě
被害者	متحمل؛ درد کش	bèi hài zhě
苦难	رنج	kǔ nàn
受苦	رنج	shòu kǔ
足够	کفایت کردن؛ کافی بودن	zú gòu
有能力	کفایت کردن؛ کافی بودن	yǒu néng lì
充分的数量	کفایت؛ تکافو	chōng fèn de shù liàng
窒息性的	گلو گیر	zhì xī xìng de
糖	شکر	táng
甜言蜜语	شکر	tián yán mì yǔ
含糖的	شکری؛ شیرین زبان	hán táng de
糖一般的	شکری؛ شیرین زبان	táng yī bān de
提示性的	حاکی؛ تلقینی	tí shì xìng de
影射的	حاکی؛ تلقینی	yǐng shè de
自杀的	مذبوحانه	zì shā de
自杀性的	مذبوحانه	zì shā xìng de
自杀	خودکشی؛ انتحار	zì shā
套装	کت و شلوار، مناسب بودن	tào zhuāng
适当	مناسبت؛ سازگاری	shì dàng
相配的	مقتضی؛ درخور	xiāng pèi de
手提箱	چمدان؛ جامه دان	shǒu tí xiāng
随员	قطعه موسیقی؛ خدم و حشم	suí yuán
套房	قطعه موسیقی؛ خدم و حشم	tào fáng
起诉者	خواستگار؛ عرضحال دهنده	qǐ sù zhě
请愿者	خواستگار؛ عرضحال دهنده	qǐng yuàn zhě
生闷气	قهر	shēng mèn qì
愠怒	قهر	yùn nù
愠怒的	غیر معاشر	yùn nù de
硫酸盐	سولفات	liú suān yán
硫酸酯	سولفات	liú suān zhǐ
硫	گوگرد؛ کبریت	liú
苏丹	سلطان	sū dān
总和	وجه؛ مجموع	zǒng hé
概要地	جستهو گریخته	gài yào de
概述	خلاصه کردن؛ چکیده کردن	gài shù
总结	خلاصه کردن؛ چکیده کردن	zǒng jié
概要	خلاصه؛ ملخص	gài yào
夏季	تابستان	xià jì
全盛时期	تابستان	quán shèng shí qī
最高阶层	قله؛ اعلی درجه	zuì gāo jiē céng
召唤	فراخوانی؛ احضاریه	zhào huàn
太阳	خورشید	tài yang
日	خورشید	rì
星期日	یکشنبه	xīng qī rì
业余的	یکشنبه	yè yú de
向日葵	روزگردک؛ گل آفتاب پرست	xiàng rì kuí
沉没的	فرورفته؛ غرق شده	chén mò de
下凹的	فرورفته؛ غرق شده	xià āo de
阳光充足的	آفتابی؛ آفتاب گیر	yáng guāng chōng zú de
日出	مطلع؛ سحرگاه	rì chū
日落	غروب؛ افول	rì luò
晚年	غروب؛ افول	wǎn nián
光明	نور آفتاب	guāng míng
跑龙套角色	فوق‌العاده	pǎo lóng tào jué sè
冗员	فوق‌العاده	rǒng yuán
极度的	بسیار خوب	jí dù de
表面	سطحی؛ صوری	biǎo miàn
浅层	صورتا	jiān céng
过剩的	غیر ضروری	guò shèng de
超人的	مافوق انسانی	chāo rén de
监督人	ناظم	jiān dū rén
主管人	ناظم	zhǔ guǎn rén
长者	ارشد؛ مافوق	zhǎng zhě
占优势的人	ارشد؛ مافوق	zhàn yōu shì de rén
优越	شرف؛ تفوق	yōu yuè
高傲	شرف؛ تفوق	gāo ào
超级市场	سوپرمارکت	chāo jí shì chǎng
自助售货商店	سوپرمارکت	zì zhù shòu huò shāng diàn
超自然的	فوق العاده؛ مافوق طبیعت	chāo zì rán de
神奇的	فوق العاده؛ مافوق طبیعت	shén qí de
迷信	موهومات	mí xìn
迷信的	موهوم؛ خرافاتی	mí xìn de
由迷信引起的	موهوم؛ خرافاتی	yóu mí xìn yǐn qǐ de
监督者	سرپرست؛ ناظر	jiān dū zhě
逢迎的	کش دار	féng yíng de
补充物	ضمیمه؛ تکمله	bǔ chōng wù
增刊	ضمیمه؛ تکمله	zēng kān
供给国	کارپرداز؛ تهیه کننده	gōng jǐ guó
补给	عرضه؛ تهیه کردن	bǔ jǐ
后盾	طرفدار؛ هواخواه	hòu dùn
推想	فرض کردن	tuī xiǎng
想象上	بفرض	xiǎng xiàng shǎng
看上去像	بفرض	kàn shang qu xiàng
使止住	سرکوب کردن؛ سرکوبی کردن	shǐ zhǐ zhù
抑压	سرکوب؛ سرکوبی	yì yā
至高	عالی؛ عظما	zhì gāo
霸权	عالی؛ عظما	bà quán
确信	مطمئن	què xìn
的确地	بداخم؛ البته	dí què de
安全地	بداخم؛ البته	ān quán de
海浪	خیزآب	hǎi làng
拍岸浪	خیزآب	pāi àn làng
面	سطح؛ رویه	miàn
巨涌	موج زدن؛ موجدار بودن	jù chōng
汹涌	موج زدن؛ موجدار بودن	xiōng yǒng
外科医生	جراح	wài kē yī shēng
军医	جراح	jūn yī
外科	جراحی؛ عمل جراحی	wài kē
外科的	عمل جراحی	wài kē de
外科医生的	عمل جراحی	wài kē yī shēng de
不和蔼的	بدمزاج	bù hé ǎi de
姓	شهرت؛ ورنام	xìng
别号	شهرت؛ ورنام	bié hào
过剩	اضافات؛ مازاد	guò shèng
惊奇	غافلگیری، غافلگیر کردن	jīng qí
奇袭	غافلگیری، غافلگیر کردن	qí xí
感到惊讶的	غافلگیر شده	gǎn dào jīng yà de
使人惊奇	متعجبانه	shǐ rén jīng qí
出人意外	متعجبانه	chū rén yì wài
交出	تسلیم؛ تسلیم شدن	jiāo chū
环绕	محصور کردن؛ احاطه کردن	huán rào
纵览	ممیزی؛ تخطیط	zòng lǎn
视察	ممیزی؛ تخطیط	shì chá
测量员	ممیز؛ مساح	cè liáng yuán
残存	بقا	cán cún
生还者	بازمانده	shēng huán zhě
幸存者	بازمانده	xìng cún zhě
易受影响的	مستعد؛ فروگیر	yì shòu yǐng xiǎng de
易感动的	مستعد؛ فروگیر	yì gǎn dòng de
被怀疑者	مظنون؛ موردشک	bèi huái yí zhě
嫌疑犯	مظنون؛ موردشک	xián yí fàn
悬	به حالت تعلیق درآوردن	xuán
吊	به حالت تعلیق درآوردن	diào
悬疑	درحال تعلیق	xuán yí
觉察	شک؛ ظن	jué chá
多疑的	مشکوک؛ ظنین	duō yí de
足可支撑的	پایدار	jù kě zhī chēng de
养得起的	پایدار	yǎng dé qǐ de
生活资料	روزی؛ استعانت مالی	shēng huó zī liào
拖把	سنبه جراحی	tuō bǎ
药签	سنبه جراحی	yào qiān
大摇大摆	کبر فروشی؛ خود فروشانهگام زدن	dà yáo dà bǎi
燕子	قورت دادن	yàn zi
吞咽	قورت دادن	tūn yàn
进退两难的困境	مرداب؛ لجنزار	jìn tuì liǎng nán de kùn jìng
天鹅	غو؛ دجاجه	tiān é
有才华的诗人	غو؛ دجاجه	yǒu cái huá de shī rén
出风头	قروغمزه آمدن؛ شیک وبا	chū fēng tou
聚集一块	هجوم کردن؛ ازدحام کردن	jù jí yī kuài
黑黝黝的	گندمگون؛ تیره روی	hēi yǒu yǒu de
发誓	سوگند؛ ناسزا	fā shì
宣誓	دشنام؛ لعن	xuān shì
水珠	عرق؛ رشحه	shuǐ zhū
毛衣	پلیور	máo yī
毛线衫	پلیور	máo xiàn shān
瑞典	سوئد	ruì diǎn
瑞典人	سوئدی	ruì diǎn rén
瑞典语	سوئدی	ruì diǎn yǔ
打扫	روبیدن؛ جاروب کردن	dǎ sǎo
心上人	نگار؛ محبوبه	xīn shàng rén
芳香	شیرینی؛ حلاوت	fāng xiāng
隆起的部分	غلپیدن؛ باد کردن	lóng qǐ de bù fen
扫过的	کج شده	sǎo guò de
褐雨燕	تندرو؛ تکاور	hè yǔ yàn
快速爬行的小蜥蜴	تندرو؛ تکاور	kuài sù pá xíng de xiǎo xī yì
漂浮	شنا کردن	piāo fú
游泳者	شناگر؛ شناکننده	yóu yǒng zhě
眩晕	شنا	xuàn yùn
骗取	کلاه برداری	piàn qǔ
摇摆	تاب؛ نوسان	yáo bǎi
振幅	تاب؛ نوسان	zhèn fú
嗖嗖声	پیرومد؛ فش فش	sōu sōu shēng
嗖地挥动	پیرومد؛ فش فش	sōu de huī dòng
瑞士人	سویسی	ruì shì rén
瑞士腔调	سویسی	ruì shì qiāng diào
开关	کلید؛ سویچ	kāi guān
电闸	کلید؛ سویچ	diàn zhá
瑞士	سوئیس؛ سوییس	ruì shì
肿大的	متورم؛ تاخیری	zhǒng dà de
涨水的	متورم؛ تاخیری	zhǎng shuǐ de
刀	شمشیر؛ سیف	dāo
剑	شمشیر؛ سیف	jiàn
音节	هجا؛ سیلاب	yīn jié
字节	هجا؛ سیلاب	zì jié
共栖	زندگی تعاونی	gòng qī
共同生活	زندگی تعاونی	gòng tóng shēng huó
符号的	نمادی	fú hào de
症状	علامت	zhèng zhuàng
征候	علامت	zhēng hòu
晕厥的	غشی؛ غش دار	yūn jué de
音省略	سنکوپ	yīn shěng lüè
中略	سنکوپ	zhōng lüè
同义词的	مرادف؛ مترادف	tóng yì cí de
同义的	مرادف؛ مترادف	tóng yì de
句法的	نحوی	jù fǎ de
句法上的	نحوی	jù fǎ shǎng de
梅毒	سفلیس	méi dú
叙利亚人	شامی؛ سوریه ای	xù lì yà rén
叙利亚语	شامی؛ سوریه ای	xù lì yà yǔ
注射器	سرنگ؛ آبدزدک	zhù shè qì
洗涤器	سرنگ؛ آبدزدک	xǐ dí qì
系统	سامانه؛ سیستم؛ نظام	xì tǒng
体系	سامانه؛ سیستم؛ نظام	tǐ xì
有系统的	ترتیبی	yǒu xì tǒng de
分类上的	ترتیبی	fēn lèi shǎng de
桌子	میز	zhuō zi
餐桌	میز	cān zhuō
平板	قرص؛ لوحه	píng bǎn
门牌	قرص؛ لوحه	mén pái
单面小鼓	دمبک	shàn miàn xiǎo gǔ
敲小鼓	دمبک	qiāo xiǎo gǔ
沉默寡言的	کم سخن؛ کم گفتار	chén mò guǎ yán de
不太说话的	کم سخن؛ کم گفتار	bù tài shuō huà de
平头钉	میخچه؛ پونز زدن	píng tóu dīng
复滑车	رسیدگی کردن، تکل	fù huá chē
机智	مردم داری	jī zhì
手法	مردم داری	shǒu fǎ
机智的	مردم دار؛ موقع شناس	jī zhì de
一项战术	جنگ فن؛ جنگ فنی	yī xiàng zhàn shù
一条策略	جنگ فن؛ جنگ فنی	yī tiáo cè lüè
战术的	سوقالجیشی؛ تاکتیکی	zhàn shù de
用兵上的	سوقالجیشی؛ تاکتیکی	yòng bīng shǎng de
触觉的	لامسه ای	chù jué de
不机智的	بی نزاکت؛ موقع نشناس	bù jī zhì de
不机敏的	بی نزاکت؛ موقع نشناس	bù jī mǐn de
后部	دم؛ ذنب	hòu bù
有尾的	دم دار	yǒu wěi de
去掉尾的	دم دار	qù diào wěi de
成衣匠	خیاط؛ درزی	chéng yī jiàng
取	گرفتن	qǔ
天资高的	هنرمند؛ بااستعداد	tiān zī gāo de
有才能的	هنرمند؛ بااستعداد	yǒu cái néng de
交谈	صحبت کردن	jiāo tán
喜欢说话的	وراج؛ پرگو	xǐ huan shuō huà de
饶舌的	وراج؛ پرگو	ráo shé de
说话的人	نطاق	shuō huà de rén
饶舌者	نطاق	ráo shé zhě
油脂	پیه مالی کردن	yóu zhī
动物脂油	پیه مالی کردن	dòng wù zhī yóu
驯服的	آموخته؛ رام	xùn fú de
驯服	دست آموز	xùn fú
柑橘	نارنگی	gān jú
可触知的东西	لمس کردنی	kě chù zhī de dōng xī
有形资产	لمس کردنی	yǒu xíng zī chǎn
缠结	گوریده کردن؛ درهم پیچیدن	chán jié
纠结的一团	گوریده کردن؛ درهم پیچیدن	jiū jié de yī tuán
纠缠的	گوریده؛ ژولیده	jiū chán de
同等的	هم کف	tóng děng de
轻打	ضربه زدن، شیر آب	qīng dǎ
水龙头	ضربه زدن، شیر آب	shuǐ lóng tóu
录音带	نوار؛ باندرل	lù yīn dài
挂毯	ملیله دوزی	guà tǎn
绒绣	ملیله دوزی	róng xiù
焦油	قیر زدن؛ قیرمالیدن به	jiāo yóu
柏油	قیر زدن؛ قیرمالیدن به	bǎi yóu
靶子	هدف؛ نشانگاه	bǎ zi
价格表	تعرفه	jià gé biǎo
睑板	خرده پا	jiǎn bǎn
酒石	تاتار	jiǔ shí
牙垢	تاتار	yá gòu
流苏	منگوله؛ شرابه	liú sū
缨	منگوله؛ شرابه	yīng
品味	مزه؛ سلیقه	pǐn wèi
归营号	خال کوبیدن؛ خال کوبی کردن	guī yíng háo
连续有节奏的敲击	خال کوبیدن؛ خال کوبی کردن	lián xù yǒu jié zòu de qiāo jī
纹身	خال کوبی	wén shēn
黄褐色的	گندمی؛ گندمگون	huáng hè sè de
茶色的	گندمی؛ گندمگون	chá sè de
税	مالیات؛ باج	shuì
重负	مالیات؛ باج	zhòng fù
课税	مالیاتی؛ مالیات بندی	kè shuì
征税	مالیاتی؛ مالیات بندی	zhēng shuì
纳税人	مالیات دهنده؛ مالیات پرداز	nà shuì rén
纳税义务人	مالیات دهنده؛ مالیات پرداز	nà shuì yì wù rén
浸剂	چای	jìn jì
讲授	آموزش دادن	jiǎng shòu
教师	معلم	jiào shī
老师	معلم	lǎo shī
教学	تعلیم؛ معلمی	jiào xué
泪滴	اشک؛ دریدن	lèi dī
眼泪	اشک؛ دریدن	yǎn lèi
含泪的	گریان؛ اشکبار	hán lèi de
使人流泪的	گریان؛ اشکبار	shǐ rén liú lèi de
泪汪汪地	گریه کنان	lèi wāng wāng de
流泪地	گریه کنان	liú lèi de
揶揄	شوخی کردن؛ سخنان نیشدارگفتن	yé yú
技术上的	فنی؛ تکنیکی	jì shù shǎng de
技术的	فناورانه	jì shù de
工艺的	فناورانه	gōng yì de
术语	تکنولوژی	shù yǔ
冗长乏味的	ممل؛ کسل کننده	rǒng cháng fá wèi de
十三岁到十九岁的少年	نوجوان	shí sān suì dào shí jiǔ suì de shào nián
十三岁到十九岁	نوجوانی	shí sān suì dào shí jiǔ suì
电报	تلگراف؛ تلگرام	diàn bào
电汇	تلگراف؛ تلگراف کردن	diàn huì
望远镜	تلکسوپ؛ تلسکپ	wàng yuǎn jìng
叠缩	تلکسوپ؛ تلسکپ	dié suō
电视	تلویزیون	diàn shì
告诉	گفتن	gào sù
蛮勇	تهور	mán yǒng
硬度	خلق؛ درست ساختن	yìng dù
脾气	خلق؛ درست ساختن	pí qi
性格	فطرت	xìng gé
气质的	مزاجی	qì zhì de
性格的	مزاجی	xìng gé de
节欲	اعتدال	jiē yù
戒酒	اعتدال	jiè jiǔ
温度	حرارت؛ دما	wēn dù
有暴风雨的	پرتوپ وتشر	yǒu bào fēng yǔ de
圣堂	معبد	shèng táng
庙宇	معبد	miào yǔ
时间的	شقی؛ فانی	shí jiān de
暂时	موقتاً	zàn shí
一时	موقتاً	yī shí
随潮流	دست بدست کردآن	suí cháo liú
诱惑人的	وسوسه آمیز؛ هوس انگیز	yòu huò rén de
十	ده	shí
可守的	قابل تصرف؛ قابل مدافعه	kě shǒu de
站得住的	قابل تصرف؛ قابل مدافعه	zhàn dé zhù de
紧握的	استوار؛ چسبنده	jǐn wò de
不屈不挠	سرسختی	bù qū bù náo
房客	مستاجر؛ اجاره دار	fáng kè
嫩的	مناقصه؛ پیشنهاد مناقصه	nèn de
维护保养	مایل	wéi hù bǎo yǎng
腱	تاندون؛ زردپی	jiàn
十倍的	دهگانه؛ ده چندان	shí bèi de
十重的	دهگانه؛ ده چندان	shí chóng de
田纳西州	تنسی	tián nà xī zhōu
网球	تنیس	wǎng qiú
稳定的进程	مفهوم؛ مفاد	wěn dìng de jìn chéng
思路	مفهوم؛ مفاد	sī lù
紧张的	وخیم شدن؛ زمان فعل	jǐn zhāng de
拉紧的	وخیم شدن؛ زمان فعل	lā jǐn de
可拉长的	کش دار	kě lā cháng de
可伸长的	کش دار	kě shēn cháng de
帷幕	چادر؛ خیمه	wéi mù
第十	عشر	dì shí
十分之一	عشر	shí fēn zhī yī
微温的	ولرم؛ نیمگرم	wēi wēn de
温热的	ولرم؛ نیمگرم	wēn rè de
期限	اصطلاح؛ دوره؛ شرط	qī xiàn
终端机	پایانه	zhōng duān jī
有结尾的	فسخکردن؛ سپری کردن	yǒu jié wěi de
结束的	فسخکردن؛ سپری کردن	jié shù de
阶地	تختان؛ تراس	jiē dì
梯田	تختان؛ تراس	tī tián
地区	نوع زمین؛ عوارض زمین	dì qū
可怕地	به طرز وحشتناکی	kě pà de
甚为	به طرز وحشتناکی	shèn wéi
极端的	فوق العاده	jí duān de
领土的	زمینی؛ ارضی	lǐng tǔ de
土地的	زمینی؛ ارضی	tǔ dì de
领地	قلمرو	lǐng dì
恐怖主义	تروریسم	kǒng bù zhǔ yì
恐怖统治	تروریسم	kǒng bù tǒng zhì
恐怖分子	تروریست	kǒng bù fèn zǐ
恐怖份子	تروریست	kǒng bù fèn zi
第三的	قسمت سوم	dì sān de
第三位的	قسمت سوم	dì sān wèi de
测试	آزمون، آزمون گرفتن	cè shì
遗嘱	عهد؛ وصیت	yí zhǔ
圣约书	عهد؛ وصیت	shèng yuē shū
睾丸	تخم؛ بیضه	gāo wán
证言	شهادت	zhèng yán
吃力的	آزمایش	chī lì de
条顿人的	توتنی	tiáo dùn rén de
日耳曼人的	توتنی	rì ěr màn rén de
德克萨斯	تکزاس؛ تگزاس	dé kè sà sī
文本	متن	wén běn
正文	متن	zhèng wén
教科书	کتاب درسی	jiào kē shū
纺织品	بافته؛ بافتنی	fǎng zhī pǐn
纺织业	بافته؛ بافتنی	fǎng zhī yè
谢意	تشکر کردن	xiè yì
感谢	تشکر کردن	gǎn xiè
不感谢的	ناممنون	bù gǎn xiè de
忘恩的	ناممنون	wàng ēn de
那个	که، آن	nà ge
那	که، آن	nā
茅草屋顶	کاه پوش کردن؛ کاه اندود کردن	máo cǎo wū dǐng
用茅草覆盖	کاه پوش کردن؛ کاه اندود کردن	yòng máo cǎo fù gài
融解	آب کردن؛ آب شدن	róng jiě
这个	حرف تعریف معین	zhè ge
该	حرف تعریف معین	gāi
戏院	تئاتر؛ تماشا خانه	xì yuàn
你	تورا	nǐ
盗窃	سرقت	dào qiè
失窃	سرقت	shī qiè
他们的	مال آنها	tā men de
他们	آنها (مفعول)	tā men
她们	آنها (مفعول)	tā men
话题	فرهشت	huà tí
他们自己	خودشان	tā men zì jǐ
她们自己	خودشان	tā men zì jǐ
当时	سپس	dāng shí
神学上的	لدنی	shén xué shǎng de
神学	الاهیات؛ علمالادیان	shén xué
理论的	نظری	lǐ lùn de
理论上的	نظری	lǐ lùn shǎng de
理论家	نگرشگر	lǐ lùn jiā
理论工作者	نگرشگر	lǐ lùn gōng zuò zhě
理论	فرضیه؛ نگره	lǐ lùn
治疗的	معالج	zhì liáo de
有益于健康的	معالج	yǒu yì yú jiàn kāng de
治疗学	درمان شناسی	zhì liáo xué
疗法	درمان شناسی	liáo fǎ
治疗学家	درمانگر	zhì liáo xué jiā
在那里	آنجا	zài nà li
其后	بعدها؛ بدانوسیله	qí hòu
从那时以后	بعدها؛ بدانوسیله	cóng nà shí yǐ hòu
热量的	گرمایی	rè liàng de
温度计	درجه؛ گرمانما	wēn dù jì
体温计	درجه؛ گرمانما	tǐ wēn jì
这些	این‌ها	zhè xiē
论题	پایان‌نامه	lùn tí
论文	پایان‌نامه	lùn wén
厚的	انبوه؛ غلیظ	hòu de
草丛	کنام؛ شاخسار	cǎo cóng
厚地	نسبتا انبوه	hòu de
浓地	نسبتا انبوه	nóng de
小偷	دزد؛ ربا	xiǎo tōu
贼	دزد؛ ربا	zéi
大腿	ران	dà tuǐ
顶针	انگشتانه	dǐng zhēn
嵌环	انگشتانه	kǎn huán
薄的	نازک؛ لاغر	bó de
细的	نازک؛ لاغر	xì de
你的东西	مال تو	nǐ de dōng xī
事物	چیز	shì wù
东西	چیز	dōng xī
想	فکر کردن	xiǎng
思想者	فکور؛ متفکر	sī xiǎng zhě
思想家	فکور؛ متفکر	sī xiǎng jiā
薄	لاغری؛ نازکی	bó
细	لاغری؛ نازکی	xì
第三	سوم	dì sān
三分之一	سوم	sān fēn zhī yī
口渴	عطش؛ تشنگی	kǒu kě
口渴的	تشنه	kǒu kě de
十三	سیزده	shí sān
三十	سی	sān shí
位于那一边的	به آنطرف؛ به آنجا	wèi yú nā yī biān de
向那边的	به آنطرف؛ به آنجا	xiàng nà bian de
胸廓的	صدری	xiōng kuò de
棘	خار؛ سرتیز	jí
十分的	کامل	shí fēn de
彻底的	کامل	chè dǐ de
彻底地	به طور کامل	chè dǐ de
那些	آن‌ها؛ کسانی	nà xiē
可是	اگرچه؛ هرچند	kě shì
深思的	فکور؛ متفکرانه	shēn sī de
沉思地	متفکرانه	chén sī de
体贴地	متفکرانه	tǐ tiē de
欠考虑的	بی فکر؛ بی خیال	qiàn kǎo lǜ de
无深虑的	بی فکر؛ بی خیال	wú shēn lǜ de
千	هزار	qiān
第一千的	یک هزار	dì yī qiān de
千分之一的	یک هزار	qiān fēn zhī yī de
恶兆	تهدید؛ تحدید	ě zhào
胁迫的	تهدید کننده؛ تهدید آمیز	xié pò de
三	سه	sān
三倍的	ثلاثی؛ ثلاث	sān bèi de
三重的	ثلاثی؛ ثلاث	sān chóng de
打谷	خرمن کوبی کردن	dǎ gǔ
摔打	خرمن کوبی کردن	shuāi da
门槛	آستانه؛ درگاه	mén kǎn
以三倍	سه مرتبه؛ سه دفعه	yǐ sān bèi
三次	سه مرتبه؛ سه دفعه	sān cì
兴旺的	مقتصد؛ صرفه جو	xīng wàng de
震颤	هیجان؛ بهیجان آوردن	zhèn chàn
兴旺	پربرکت شدن؛ نشو و نما کردن	xīng wàng
喉咙	گلو؛ حلقوم	hóu lóng
搏动	طپیدن؛ تپش داشتن	bó dòng
王座	مسند؛ اورنگ	wáng zuò
穿越	از طریق	chuān yuè
从头至尾	از طریق	cóng tóu zhì wěi
贯穿全部地	سرتاسر؛ سربسر	guàn chuān quán bù de
投	انداختن؛ افکندن	tóu
掷	انداختن؛ افکندن	zhì
插	فشار؛ تپاندن	chā
砰的一声	هف هف	pēng de yī shēng
拇指	انگشت شست	mǔ zhǐ
笨拙地摆弄	انگشت شست	bèn zhuō de bǎi nòng
雷	رعد؛ تندر	léi
轰隆地响	رعد؛ تندر	hōng lōng de xiǎng
星期四	پنجشنبه	xīng qī sì
横放的	عقیم گذاردن	héng fàng de
你的	مال تو	nǐ de
胫骨	درشت نی	jìng gǔ
胫节	درشت نی	jìng jiē
滴答声	کنه	dī da shēng
一瞬间	کنه	yī shùn jiān
票	بلیط	piào
券	بلیط	quàn
胳肢	غلغلک؛ غلغلک دادن	gé zhi
痒	غلغلک؛ غلغلک دادن	yǎng
潮	خیزآب؛ کشند داشتن	cháo
椅子的背罩	میتیل	yǐ zi de bēi zhào
装杂物的容器	میتیل	zhuāng zá wù de róng qì
老虎	ببر	lǎo hǔ
密封的	تنگ؛ محکم	mì fēng de
勒紧	تنگ کردن؛ سفت کردن	lēi jǐn
使变紧	تنگ کردن؛ سفت کردن	shǐ biàn jǐn
砖瓦	کاشی	zhuān wǎ
瓷砖	کاشی	cí zhuān
直到	تا؛ صندوق پول	zhí dào
在以前	تا؛ صندوق پول	zài yǐ qián
耕种	کشت وزرع	gēng zhòng
耕地	کشت وزرع	gēng dì
耕种者	اهرم سکانکشتی	gēng zhòng zhě
分蘖	اهرم سکانکشتی	fēn niè
木料	صدای خشک؛ صدای زنگ	mù liào
时间	زمان	shí jiān
时侯	زمان	shí hóu
及时的	بجا؛ بوقت	jí shí de
适时的	بجا؛ بوقت	shì shí de
时间选择	زمان‌بندی	shí jiān xuǎn zé
时间测定	زمان‌بندی	shí jiān cè dìng
锡	قلع؛ حلب	xī
马口铁	قلع؛ حلب	mǎ kǒu tiě
酊	تنتور	dīng
火绒盒	فتیله فندک	huǒ róng hé
色调	سایه رنگ؛ کمی رنگ زدن	sè diào
感到刺痛	سوزش کردن	gǎn dào cì tòng
修补匠	بندزدن؛ سرهم بندی	xiū bǔ jiàng
金属丝	پولک؛ نقده	jīn shǔ sī
金属箔	پولک؛ نقده	jīn shǔ bó
浅色	ته رنگ؛ سایه رنگ	qiǎn sè
脚尖	تیپا؛ نوک پنجه	jiǎo jiān
踮着脚	تیپا؛ نوک پنجه	diǎn zhāo jiǎo
轮胎	لاستیک؛ تایر	lún tāi
头饰	لاستیک؛ تایر	tóu shì
疲累的	خسته	pí lèi de
疲乏的	خسته	pí fá de
疲倦	خستگی	pí juàn
不疲倦的	نافرسودنی؛ بی لاستیک	bù pí juàn de
不厌倦的	نافرسودنی؛ بی لاستیک	bù yàn juàn de
累人的	خستهکننده؛ طاقت فرسا	lěi rén de
薄的织物	بافت، دستمال کاغذی	bó de zhī wù
山雀	دختریازن؛ نوک پستان	shān què
小符号	همزه	xiǎo fú hào
到	به، تا (حرف اضافه)	dào
向	به، تا (حرف اضافه)	xiàng
吐司	برشته کردن؛ برشته شدن	tǔ sī
烤面包	برشته کردن؛ برشته شدن	kǎo miàn bāo
烟草	توتون؛ تنباکو	yān cǎo
今天	امروز	jīn tiān
当今	امروز	dāng jīn
足趾	انگشت پا؛ شست پا	jù zhǐ
趾部	انگشت پا؛ شست پا	zhǐ bù
一起	با هم	yī qǐ
共同	با هم	gòng tóng
梳妆	توالت	shū zhuāng
表征	علامت	biǎo zhēng
记号	علامت	jì hao
可容忍的	قابل تحمل؛ تحمل پذیر	kě róng rěn de
可以的	قابل تحمل؛ تحمل پذیر	kě yǐ de
宽容的	صبور؛ شکیبا	kuān róng de
容忍的	صبور؛ شکیبا	róng rěn de
宽容	تحمل کردن؛ بردباری کردن	kuān róng
容许	تحمل کردن؛ بردباری کردن	róng xǔ
默认	مدارا؛ آزادمنشی	mò rèn
通行费	باج؛ حق العبور	tōng xíng fèi
番茄	گوجه فرنگی	fān qié
西红柿	گوجه فرنگی	xī hóng shì
明天	فردا	míng tiān
吨	تن	dūn
音调	لحن؛ آهنگ	yīn diào
音质	لحن؛ آهنگ	yīn zhì
夹具	انبر	jiā jù
舌	زبان؛ لسان	shé
语言能力	زبان؛ لسان	yǔ yán néng lì
今晚	امشب	jīn wǎn
今夜	امشب	jīn yè
吨位	تن شماری؛ بر حسب شماره تن	dūn wèi
扁桃体	بادامک؛ لوزه	biǎn táo tǐ
机床	وسیله؛ آلت	jī chuáng
牙齿	دندان	yá chǐ
齿状物	دندان	chǐ zhuàng wù
有齿的	مضرس؛ دندانه دار	yǒu chǐ de
锯齿的	مضرس؛ دندانه دار	jù chǐ de
无齿的	بی دندان؛ بدون دندانه	wú chǐ de
无牙的	بی دندان؛ بدون دندانه	wú yá de
顶部	بالا؛ راس	dǐng bù
顶端	بالا؛ راس	dǐng duān
启发之物	مشعل؛ مشعلدار کردن	qǐ fā zhī wù
撕裂了	علف بلند؛ گچ بری	sī liè le
使人痛苦的东西	آزار؛ عذاب	shǐ rén tòng kǔ de dōng xī
折磨者	آزار؛ عذاب	zhé mó zhě
旋风	گردباد	xuàn fēng
龙卷风	گردباد	lóng juǎn fēng
奔流	سیل وار؛ جریان شدید	bēn liú
倾盆大雨	سیل وار؛ جریان شدید	qīng pén dà yǔ
龟	سنگ پشت؛ لاک پشت	guī
拷问	آزار؛ عذاب	kǎo wèn
苦闷	آزار؛ عذاب	kǔ mèn
总的	جمع؛ کل	zǒng de
动摇的	تاتی	dòng yáo de
碰	مس؛ لامسه	pèng
强硬的	صعب؛ شلاق خور	qiáng yìng de
旅游	گشت کردن؛ سیاحت کردن	lǚ yóu
观光旅行	گشت کردن؛ سیاحت کردن	guān guāng lǚ xíng
观光业	سیاحت؛ جهانگردی	guān guāng yè
游览	سیاحت؛ جهانگردی	yóu lǎn
观光客	توریست	guān guāng kè
止血器	شریان بند	zhǐ xuè qì
压脉器	شریان بند	yā mài qì
招徕顾客	بلند انتشار دادن؛ بلند جار زدن	zhāo lái gù kè
兜售物品	بلند انتشار دادن؛ بلند جار زدن	dōu shòu wù pǐn
对于	به‌سوی؛ نسبت به	duì yú
手巾	لنگ؛ حوله	shǒu jīn
毛巾	لنگ؛ حوله	máo jīn
塔	برج	tǎ
高楼	برج	gāo lóu
城镇	شهر	chéng zhèn
市	شهر	shì
中毒的	مسموم؛ زهرآلود	zhòng dú de
毒素	زهر؛ زهرابه	dú sù
玩具	بازیچه؛ لعبت	wán jù
小玩艺儿	بازیچه؛ لعبت	xiǎo wán yì r
痕迹	ردگیری کردن	hén jì
踪迹	ردگیری کردن	zōng jì
可追踪的	قابل تعقیب	kě zhuī zōng de
可描绘的	قابل تعقیب	kě miáo huì de
气管的	نای مانند	qì guǎn de
导管的	نای مانند	dǎo guǎn de
跟踪	ردیابی کردن؛ رد پا گرفتن	gēn zōng
易于管教的	سربراه؛ سست مهار	yì yú guǎn jiào de
贸易	تجارت؛ دادوستد	mào yì
商船	سوداگر	shāng chuán
传统	رسم؛ سنت	chuán tǒng
惯例的	سنتی؛ عرفی	guàn lì de
传统上	علیالرسم؛ نقلا	chuán tǒng shǎng
传说上	علیالرسم؛ نقلا	chuán shuō shǎng
通行	ترافیک	tōng xíng
悲剧	تراژدی	bēi jù
惨案	تراژدی	cǎn àn
悲剧的	غم‌انگیز	bēi jù de
追踪者	تریلی	zhuī zōng zhě
拖车	تریلی	tuō chē
火车	قطار، آموزش دادن	huǒ chē
实习生	کارآموز؛ فرهیختگر	shí xí sheng
训练员	مودب؛ پرورنده	xùn liàn yuán
驯马师	مودب؛ پرورنده	xùn mǎ shī
叛逆者	غادر؛ غدار	pàn nì zhě
叛国者	غادر؛ غدار	pàn guó zhě
坚实的脚步声	صدای پا؛ آسمان جل	jiān shí de jiǎo bù shēng
流浪者	صدای پا؛ آسمان جل	liú làng zhě
践踏	پامال کردن؛ پایمال کردن	jiàn tà
宁静	آسایش؛ سکون	níng jìng
办理	دادوستد کردآن؛ داد وستد کردن	bàn lǐ
抄写	نسخه بر داشتن	chāo xiě
译	نسخه بر داشتن	yì
抄写者	آوانویس	chāo xiě zhě
誊写员	آوانویس	téng xiě yuán
抄本	استنساخ؛ رونویسی	chāo běn
迁移	انتقال؛ واکهداشتن	qiān yí
使转换	استحاله یافتن؛ تغییر شکل دادن	shǐ zhuǎn huàn
变压器	مقلب؛ ترانسفورماتور	biàn yā qì
促使变化的人	مقلب؛ ترانسفورماتور	cù shǐ biàn huà de rén
倾注	تزریق؛ نقل وانتقال	qīng zhù
输血	تزریق؛ نقل وانتقال	shū xuè
瞬	گذرا؛ سپنج	shùn
短期居留者	گذرا؛ سپنج	duǎn qī jū liú zhě
翻译	ترجمه کردن	fān yì
译文	ترجمه؛ مترجمی	yì wén
翻译者	مترجم؛ مترجم کتبی	fān yì zhě
翻译程序	مترجم؛ مترجم کتبی	fān yì chéng xù
半透明的	فراتاب	bàn tòu míng de
传输	ارسال؛ مخابره	chuán shū
传送	ارسال؛ مخابره	chuán sòng
透明的	شفاف	tòu míng de
使移居	پیوند کردن؛ پیوند زدن	shǐ yí jū
输送	حمل و نقل	shū sòng
圈套	تله	quān tào
外伤	جراحت؛ اثر ضربت	wài shāng
损伤	جراحت؛ اثر ضربت	sǔn shāng
外伤的	ضربهای؛ جراحتی	wài shāng de
创伤的	ضربهای؛ جراحتی	chuāng shāng de
分娩的痛苦	درد شکیدن	fēn miǎn de tòng kǔ
阵痛	درد شکیدن	zhèn tòng
游历	سفر، سفر کردن	yóu lì
旅行商	مسافر؛ سیاح	lǚ xíng shāng
托盘	طبله؛ سینی	tuō pán
公文盘	طبله؛ سینی	gōng wén pán
不可信任的	غادر؛ خیانت کار	bù kě xìn rèn de
变节	نارو	biàn jié
踏	پازدن	tā
踏车	چرخ عصارخانه	tà chē
令人厌倦的工作	چرخ عصارخانه	lìng rén yàn juàn de gōng zuò
叛逆	خیانت؛ غداری	pàn nì
不忠	خیانت؛ غداری	bù zhōng
宝物	گنج	bǎo wù
会计	خازن؛ گنجور	kuài jì
国库	گنجینه؛ گنجوری	guó kù
宝库	گنجینه؛ گنجوری	bǎo kù
宴请	رفتار کردن؛ درمان کردن	yàn qǐng
待遇	درمان؛ رفتار	dài yù
最高声部	صدای زیر؛ سه برابر	zuì gāo shēng bù
三倍	صدای زیر؛ سه برابر	sān bèi
树	درخت	shù
无树木的	بی درخت	wú shù mù de
颤动	جنبش؛ تکان	chàn dòng
发抖的	لرزش دار	fā dǒu de
战栗的	لرزش دار	zhàn lì de
渠	سنگر؛ خندق زدن	qú
战壕	سنگر؛ خندق زدن	zhàn háo
惊惶	بیم وهراس	jīng huáng
擅自进入	حد شکنی	shàn zì jìn rù
非法侵入	حد شکنی	fēi fǎ qīn rù
三角形	مثلث؛ سه گوش	sān jiǎo xíng
三个一组	مثلث؛ سه گوش	sān gè yī zǔ
三角形的	مثلثی؛ سهگوشی	sān jiǎo xíng de
三人间的	مثلثی؛ سهگوشی	sān rén jiān de
部落	قبیله	bù luò
法庭	دیوان محاکمات	fǎ tíng
法官席	دیوان محاکمات	fǎ guān xí
支流的	ذمی؛ خراجگزار	zhī liú de
纳贡的	ذمی؛ خراجگزار	nà gòng de
贡物	جزیه	gòng wù
细流	چکاندن؛ چکیدن	xì liú
机敏的	شیادانه؛ نیرنگ باز	jī mǐn de
琐事	سرسری گرفتن؛ کم بها	suǒ shì
鸡毛蒜皮的事	ترهات	jī máo suàn pí de shì
触发器	راه‌اندازی کردن	chù fā qì
扳机	راه‌اندازی کردن	bān jī
兆	تریلیون	zhào
三人一组	تثلیث؛ سهگانگی	sān rén yī zǔ
三个一组的东西	تثلیث؛ سهگانگی	sān gè yī zǔ de dōng xī
分成三部分的	سه طرفه؛ سه جزئی	fēn chéng sān bù fen de
三倍数	ثلاثه؛ سهگانه	sān bèi shǔ
凯旋	پیروزی؛ ضفر یافتن	kǎi xuán
胜利	پیروزی؛ ضفر یافتن	shèng lì
得胜的	منصور؛ فریاد پیروزی	dé shèng de
得意洋洋的	منصور؛ فریاد پیروزی	dé yì yáng yáng de
琐碎的	تخمی؛ جزئی	suǒ suì de
不重要的	تخمی؛ جزئی	bù zhòng yào de
平凡	ابتذال	píng fán
电车	واگن برقی؛ اتومبیلبارکش کوتاه	diàn chē
一群	لشکر	yī qún
热带的	گرمسیری؛ گرمسیر	rè dài de
快步	یورتمه؛ یورتمه رفتن	kuài bù
小跑	یورتمه؛ یورتمه رفتن	xiǎo páo
麻烦	زحمت؛ گرفتاری	má fan
烦恼的	پریشان؛ رنجه	fán nǎo de
麻烦的	مصدع؛ پرزحمت	má fan de
泥铲	ماله؛ ماله کشیدن	ní chǎn
泥刀	ماله؛ ماله کشیدن	ní dāo
不假	بخوبی؛ حقیقی	bù gēi
小号	شیپور	xiǎo hào
后备箱	تنه؛ خرطوم	hòu bèi xiāng
捆绑	خرپا؛ پایه زدن	kǔn bǎng
受托人	امانت دار	shòu tuō rén
轻信的	متوکل	qīng xìn de
信任他人的	متوکل	xìn rèn tā rén de
可信任的	موثق؛ معتمد	kě xìn rèn de
实情	اصل؛ حقیقت	shí qíng
说真话的	صادق؛ صدیق	shuì zhēn huà de
深信不疑地	صادقانه	shēn xìn bù yí de
圆领汗衫	تی‌شرت	yuán lǐng hàn shān
恤	تی‌شرت	xù
海啸	سونامی	hǎi xiào
浴盆	لگن؛ طشت	yù pén
隧道	تیوب	suì dào
肺结核	سل	fèi jié hé
顿挫性结核	سل	dùn cuò xìng jié hé
管状的	لولهای	guǎn zhuàng de
小管的	لولهای	xiǎo guǎn de
缝褶	تو گذاشتن؛ شمشیر نازک	féng xí
星期二	سه‌شنبه	xīng qī èr
一簇	منگوله؛ شرابه	yī cù
用力拉	یدک کش؛ بازور کشیدن	yòng lì lā
拖曳	یدک کش؛ بازور کشیدن	tuō yè
跌倒	غلت زدن؛ معلق خوردن	diē dǎo
摔跤	غلت زدن؛ معلق خوردن	shuāi jiāo
平底玻璃杯	معلق زن	píng dǐ bō li bēi
一杯的容量	معلق زن	yī bēi de róng liàng
吵闹	هیاهو؛ جنجال راه	chǎo nào
吵闹的	پر آشوب؛ بهم ریخته	chǎo nào de
纷乱的	پر آشوب؛ بهم ریخته	fēn luàn de
歌曲	آهنگ؛ لحن	gē qǔ
主旋律	آهنگ؛ لحن	zhǔ xuán lǜ
地下道	نقب؛ زیرنقب	dì xià dào
污浊的	کدر؛ درهم وبرهم	wū zhuó de
涡轮机	توربین	wō lún jī
动荡	اغتشاش؛ تلاطم	dòng dàng
草皮	باچمن پوشاندن؛ کلوخ چمنی	cǎo pí
泥炭	باچمن پوشاندن؛ کلوخ چمنی	ní tàn
火鸡	عثمانی؛ بوقلمون	huǒ jī
无用的家伙	عثمانی؛ بوقلمون	wú yòng de jiā huo
土耳其语	ترک؛ عثمانی	tǔ ěr qí yǔ
土耳其的	ترک؛ عثمانی	tǔ ěr qí de
转弯	چرخیدن، نوبت	zhuǎn wān
转动	چرخیدن، نوبت	zhuǎn dòng
车工	برگردان؛ چرخنده	chē gōng
体育协会会员	برگردان؛ چرخنده	tǐ yù xié huì huì yuán
海龟	سنگ پشت؛ لاک پشت	hǎi guī
家庭教师	لله؛ معلمی کردن	jiā tíng jiào shī
导师	لله؛ معلمی کردن	dǎo shī
转移向量	تلویزیون	zhuǎn yí xiàng liàng
花呢	نوعی فاستونی	huā ní
十二	دوازده	shí èr
第二十	بیستم؛ بیستمین	dì èr shí
二十分之一	بیستم؛ بیستمین	èr shí fēn zhī yī
二十	بیست	èr shí
两次	دو بار	liǎng cì
小枝	شاخه؛ چیله	xiǎo zhī
细枝	شاخه؛ چیله	xì zhī
暮光	شفق	mù guāng
曙光	شفق	shǔ guāng
双胞胎中一人	دوقلو؛ همزاد	shuāng bāo tāi zhōng yī rén
双胞胎的	دوقلو؛ همزاد	shuāng bāo tāi de
二	دو	èr
类型	نوع	lèi xíng
样式	نوع	yàng shì
无所不在的	همه‌جا حاضر؛ فراگیر	wú suǒ bù zài de
到处存在的	همه‌جا حاضر؛ فراگیر	dào chù cún zài de
丑陋的	زشت	chǒu lòu de
溃疡	زخم؛ زخم گوارشی	kuì yáng
腐烂物	زخم؛ زخم گوارشی	fǔ làn wù
终极	نهایی	zhōng jí
根本	نهایی	gēn běn
伞	چتر	sǎn
包罗万象的	چتر	bāo luó wàn xiàng de
不会的	ناتوان؛ قادر نبودن	bù huì de
无法接受的	غیرقابل قبول	wú fǎ jiē shòu de
不受欢迎的	غیرقابل قبول	bù shòu huān yíng de
未认识到的	بی‌خبر؛ ناآگاه	wèi rèn shi dào de
无常的	نامطمئن؛ نامشخص	wú cháng de
不确定	عدم قطعیت	bù què dìng
不可靠	عدم قطعیت	bù kě kào
叔父	عمو، دایی	shū fù
伯父	عمو، دایی	bó fù
揭开	آشکار کردن؛ برداشتن پوشش	jiē kāi
在之下	زیر	zài zhī xià
低于	زیر	dī yú
大学本科生	دانشجوی کارشناسی	dà xué běn kē shēng
大学肄业生	دانشجوی کارشناسی	dà xué yì yè shēng
地下	زیرزمینی	dì xià
地铁	زیرزمینی	dì tiě
在下面划线	زیرخط کشیدن؛ تأکید کردن	zài xià miàn huà xiàn
作的衬里	زیرخط کشیدن؛ تأکید کردن	zuō de chèn lǐ
在下面挖	تضعیف کردن	zài xià miàn wā
渐渐破坏	تضعیف کردن	jiàn jiàn pò huài
在的下面	زیر؛ در زیر	zài de xià miàn
试图	بر عهده گرفتن	shì tú
解开	بازگرداندن؛ خنثی کردن	jiě kāi
失业	بیکاری	shī yè
料想不到的	غیرمنتظره	liào xiǎng bù dào de
不正直的	ناعادلانه	bù zhèng zhí de
打开	آشکار شدن	dǎ kāi
不快乐的	ناراحت؛ ناخشنود	bù kuài lè de
统一的	لباس فرم؛ یکنواخت	tǒng yī de
独一无二的	منحصربه‌فرد	dú yī wú èr de
独特的	منحصربه‌فرد	dú tè de
单位	واحد	dān wèi
分队	واحد	fēn duì
全世界的	جهانی	quán shì jiè de
宇宙	جهان؛ کیهان	yǔ zhòu
未知的	ناشناخته	wèi zhī de
卸货	خالی کردن بار	xiè huò
从卸下	خالی کردن بار	cóng xiè xià
开的锁	باز کردن قفل	kāi de suǒ
开启	باز کردن قفل	kāi qǐ
未付款的	پرداخت‌نشده؛ بدون حقوق	wèi fù kuǎn de
不支薪水的	پرداخت‌نشده؛ بدون حقوق	bù zhī xīn shuǐ de
使人厌恶的	ناخوشایند	shǐ rén yàn wù de
拔开的塞子	از برق کشیدن	bá kāi de sāi zi
拔去的插头	از برق کشیدن	bá qù de chā tóu
向上的	بالا	xiàng shàng de
起床的	بالا	qǐ chuáng de
使现代化	به‌روزرسانی؛ به‌روز کردن	shǐ xiàn dài huà
上坡	ارتقا؛ ارتقا دادن	shàng pō
升级	ارتقا؛ ارتقا دادن	shēng jí
上传	بارگذاری	shàng chuán
上面的	بالایی	shàng miàn de
较高的	بالایی	jiào gāo de
弄翻的	ناراحت؛ برهم زدن	lòng fān de
楼上的	طبقه بالا	lóu shàng de
在楼上	طبقه بالا	zài lóu shàng
都市的	شهری	dū shì de
城市的	شهری	chéng shì de
推动力	ترغیب کردن؛ میل شدید	tuī dòng lì
紧急的	فوری	jǐn jí de
急迫的	فوری	jí pò de
我们	ما (مفعول)	wǒ men
用法	کاربرد	yòng fǎ
休假	تعطیلات	xiū jià
疫苗	واکسن	yì miáo
真空	خلأ؛ جاروبرقی	zhēn kōng
含糊的	مبهم	hán hu de
山谷	دره	shān gǔ
溪谷	دره	xī gǔ
有价值的	ارزشمند	yǒu jià zhí de
贵重的	ارزشمند	guì zhòng de
篷车	ون؛ خودرو باری کوچک	péng chē
易变的事物	متغیر	yì biàn de shì wù
变数	متغیر	biàn shù
多样	تنوع؛ گوناگونی	duō yàng
蔬菜	سبزیجات	shū cài
交通工具	وسیله نقلیه	jiāo tōng gōng jù
车辆	وسیله نقلیه	chē liàng
风险	سرمایه‌گذاری پرریسک؛ جسارت کردن	fēng xiǎn
犯罪地点	محل برگزاری	fàn zuì dì diǎn
审判地	محل برگزاری	shěn pàn de
用言辞的	شفاهی؛ کلامی	yòng yán cí de
言语的	شفاهی؛ کلامی	yán yǔ de
查证	تأیید کردن؛ راستی‌آزمایی کردن	chá zhèng
一种描述	نسخه	yī zhǒng miáo shù
版本	نسخه	bǎn běn
垂直的	عمودی	chuí zhí de
老手	کهنه‌سرباز؛ باتجربه	lǎo shǒu
退伍军人	کهنه‌سرباز؛ باتجربه	tuì wǔ jūn rén
经由	از طریق	jīng yóu
振动的	پرانرژی؛ درخشان	zhèn dòng de
受害人	قربانی	shòu hài rén
视频	ویدئو	shì pín
视野	دیدگاه؛ منظره؛ مشاهده کردن	shì yě
村庄	روستا	cūn zhuāng
乡村的	روستا	xiāng cūn de
违犯	نقض کردن	wéi fàn
亵渎	نقض کردن	xiè dú
猛烈	خشونت	měng liè
暴力	خشونت	bào lì
暴力的	خشونت‌آمیز	bào lì de
实际上起作用的	مجازی	shí jì shàng qǐ zuò yòng de
虚的	مجازی	xū de
病毒	ویروس	bìng dú
签证	ویزا	qiān zhèng
签发	ویزا	qiān fā
看得见的	قابل مشاهده	kàn dé jiàn de
视觉	بینایی؛ چشم‌انداز	shì jué
拜访	بازدید، بازدید کردن	bài fǎng
参观者	بازدیدکننده	cān guān zhě
游客	بازدیدکننده	yóu kè
视力的	دیداری؛ بصری	shì lì de
生命的	حیاتی؛ ضروری	shēng mìng de
维生素	ویتامین	wéi shēng sù
嗓音的	آوازی؛ صریح	sǎng yīn de
声音的	آوازی؛ صریح	shēng yīn de
嗓音	صدا؛ بیان کردن	sǎng yīn
音量	حجم؛ جلد؛ بلندی صدا	yīn liàng
自动的	داوطلبانه	zì dòng de
自愿的	داوطلبانه	zì yuàn de
志愿者	داوطلب؛ داوطلب شدن	zhì yuàn zhě
志愿的	داوطلب؛ داوطلب شدن	zhì yuàn de
元音	حرف صدادار	yuán yīn
易受伤害的	آسیب‌پذیر	yì shòu shāng hài de
有弱点的	آسیب‌پذیر	yǒu ruò diǎn de
四轮马车	واگن؛ گاری	sì lún mǎ chē
等待	منتظر ماندن	děng dài
叫醒	بیدار شدن	jiào xǐng
墙	دیوار	qiáng
垣	دیوار	yuán
皮夹	کیف پول	pí jiā
需要的东西	خواستن	xū yào de dōng xī
战争	جنگ	zhàn zhēng
战术	جنگ	zhàn shù
暖和的	گرم	nuǎn huo de
暖的	گرم	nuǎn de
暖和	گرمایش	nuǎn huo
加温	گرمایش	jiā wēn
洗	شستن	xǐ
冲积物	شستن	chōng jī wù
手表	تماشا کردن، ساعت مچی	shǒu biǎo
观看	تماشا کردن، ساعت مچی	guān kàn
水	آب	shuǐ
使湿	آب	shǐ shī
波	موج؛ دست تکان دادن	bō
起伏	موج؛ دست تکان دادن	qǐ fú
不牢固的	ضعیف	bù láo gù de
弱的	ضعیف	ruò de
武器	سلاح	wǔ qì
兵器	سلاح	bīng qì
穿着	پوشیدن	chuān zhuó
戴	پوشیدن	dài
天气	آب و هوا	tiān qì
气象	آب و هوا	qì xiàng
网站	وب‌سایت	wǎng zhàn
婚礼	عروسی	hūn lǐ
星期三	چهارشنبه	xīng qī sān
星期	هفته	xīng qī
周	هفته	zhōu
周末	آخر هفته	zhōu mò
周刊	هفتگی	zhōu kān
周报	هفتگی	zhōu bào
怪异的	عجیب	guài yì de
欢迎	خوش آمدید، پذیرایی کردن	huān yíng
可随意的	خوش آمدید، پذیرایی کردن	kě suí yì de
福利	رفاه	fú lì
安宁	رفاه	ān níng
井	خوب، چاه	jǐng
西方	غرب	xī fāng
西部	غرب	xī bù
鲸	نهنگ	jīng
使惨败	نهنگ	shǐ cǎn bài
什么	چه، چه چیزی	shén me
怎么	چه، چه چیزی	zěn me
小麦	گندم	xiǎo mài
轮子	چرخ	lún zi
车轮	چرخ	chē lún
当的时候	چه زمانی	dāng de shí hou
何时	چه زمانی	hé shí
在哪里	کجا	zài nǎ lǐ
哪一个	کدام	nǎ yī ge
那一个	کدام	nā yī gè
耳语	نجوا کردن	ěr yǔ
密谈	نجوا کردن	mì tán
口哨	سوت؛ سوت زدن	kǒu shào
汽笛	سوت؛ سوت زدن	qì dí
白色	سفید	bái sè
洁白	سفید	jié bái
谁	چه کسی	shéi
无论谁	هر که	wú lùn shéi
全体	تمام؛ کامل	quán tǐ
为什么	چرا	wèi shén me
宽的	پهن؛ گسترده	kuān de
充分伸展的	گسترده	chōng fèn shēn zhǎn de
广布的	گسترده	yǎn bù de
妻子	همسر (زن)	qī zǐ
荒野	وحشی	huāng yě
荒地	وحشی	huāng dì
野生动植物	حیات وحش	yě shēng dòng zhí wù
意志	فعل کمکی آینده	yì zhì
乐意的	مایل	lè yì de
赢得	برنده شدن	yíng dé
打胜	برنده شدن	dá shèng
风	باد؛ پیچیدن	fēng
窗户	پنجره	chuāng hu
窗子	پنجره	chuāng zi
葡萄酒	شراب	pú tao jiǔ
果酒	شراب	guǒ jiǔ
翅膀	بال	chì bǎng
翼	بال	yì
优胜者	برنده	yōu shèng zhě
冬季	زمستان	dōng jì
萧条期	زمستان	xiāo tiáo qī
电线	سیم	diàn xiàn
智慧	خرد	zhì huì
明智行为	خرد	míng zhì xíng wéi
慎虑的	دانا؛ عاقل	shèn lǜ de
用	با	yòng
没有	بدون	méi yǒu
证人	شاهد؛ شهادت دادن	zhèng rén
令人惊奇的	فوق‌العاده	lìng rén jīng qí de
木制品	چوب	mù zhì pǐn
羊毛	پشم	yáng máo
毛织物	پشم	máo zhī wù
话	کلمه	huà
工人	کارگر	gōng rén
劳动者	کارگر	láo dòng zhě
劳动力	نیروی کار	láo dòng lì
工人总数	نیروی کار	gōng rén zǒng shù
工作场所	محل کار	gōng zuò chǎng suǒ
工场	کارگاه	gōng cháng
车间	کارگاه	chē jiān
世界	جهان	shì jiè
担心	نگران شدن؛ نگرانی	dān xīn
愿意	فعل کمکی	yuàn yì
伤口	زخم؛ زخمی کردن	shāng kǒu
手腕	مچ دست	shǒu wàn
腕关节	مچ دست	wàn guān jié
书写	نوشتن	shū xiě
著述	نوشتن	zhù shù
撰稿者	نویسنده	zhuàn gǎo zhě
著作	نوشتن (فعل)	zhù zuò
氙	زنون	xiān
仇外心理	بیگانه‌هراسی	chóu wài xīn lǐ
排外情绪	بیگانه‌هراسی	pái wài qíng xù
畏惧和憎恨外国人的	بیگانه‌هراس	wèi jù hé zēng hèn wài guó rén de
仇外的	بیگانه‌هراس	chóu wài de
静电复印	فتوکپی؛ کپی کردن	jìng diàn fù yìn
射线的	پرتو ایکس؛ عکس رادیولوژی	shè xiàn de
用光检查	پرتو ایکس؛ عکس رادیولوژی	yòng guāng jiǎn chá
木质部	آوند چوبی	mù zhì bù
二甲苯	زایلین	èr jiǎ běn
木糖醇	زایلیتول	mù táng chún
木琴	زیلوفون	mù qín
快艇	قایق تفریحی	kuài tǐng
游艇	قایق تفریحی	yóu tǐng
码	حیاط؛ یارد	mǎ
纱	نخ؛ داستان	shā
哈欠	خمیازه؛ خمیازه کشیدن	hā qian
年	سال	nián
年鉴	سالنامه	nián jiàn
持续一年的	یک‌ساله؛ سراسر سال	chí xù yī nián de
整整一年的	یک‌ساله؛ سراسر سال	zhěng zhěng yī nián de
每年的	سالانه	měi nián de
一年一度的	سالانه	yī nián yī dù de
酵母	مخمر	jiào mǔ
叫喊	فریاد زدن	jiào hǎn
黄色	زرد	huáng sè
淡黄的	مایل به زرد	dàn huáng de
微黄的	مایل به زرد	wēi huáng de
昨天	دیروز	zuó tiān
还	هنوز؛ بااین‌حال	huán
尚	هنوز؛ بااین‌حال	shàng
生产量	بازده؛ تسلیم شدن	shēng chǎn liáng
投资收益	بازده؛ تسلیم شدن	tóu zī shōu yì
瑜珈	یوگا	yú jiā
酸乳酪	ماست	suān rǔ lào
那边的	آن‌سو	nà bian de
在那边	آن‌سو	zài nà bian
你们	شما، تو	nǐ men
年轻的	جوان	nián qīng de
你们的	مال شما/تو	nǐ men de
你自己	خودت، خودتان	nǐ zì jǐ
年轻	جوانی؛ جوانان	nián qīng
青年时代	جوانی؛ جوانان	qīng nián shí dài
青年的	جوان‌گونه؛ شاداب	qīng nián de
杀死	ضربه ناگهانی؛ نابود کردن	shā sǐ
快速推动	ضربه ناگهانی؛ نابود کردن	kuài sù tuī dòng
热衷	اشتیاق؛ شور	rè zhōng
热衷的	مشتاق؛ پرشور	rè zhōng de
热诚的	مشتاق؛ پرشور	rè chéng de
斑马	گورخر	bān mǎ
最高点	اوج	zuì gāo diǎn
零	صفر	líng
曲折线条	زیگزاگ	qū zhé xiàn tiáo
字形道路	زیگزاگ	zì xíng dào lù
锌	روی	xīn
尖啸声	زیپ؛ فشرده‌سازی کردن	jiān xiào shēng
拉链	زیپ؛ فشرده‌سازی کردن	lā liàn
锆石	زیرکن	gào shí
锆	زیرکونیوم	gào
黄道带	منطقه‌البروج؛ برج‌های فلکی	huáng dào dài
黄道十二宫图	منطقه‌البروج؛ برج‌های فلکی	huáng dào shí èr gōng tú
蛇神	زامبی	shé shén
起死回生的魔力	زامبی	qǐ sǐ huí shēng de mó lì
带的	منطقه‌ای	dài de
带状的	منطقه‌ای	dài zhuàng de
分区	منطقه‌بندی	fēn qū
区域划分	منطقه‌بندی	qū yù huà fēn
动物园	باغ‌وحش	dòng wù yuán
动物学的	جانورشناختی	dòng wù xué de
动物学家	جانورشناس	dòng wù xué jiā
动物学	جانورشناسی	dòng wù xué
缩放	بزرگ‌نمایی؛ زوم کردن	suō fàng
放大	بزرگ‌نمایی؛ زوم کردن	fàng dà
人畜共患的	مشترک میان انسان و حیوان	rén chù gòng huàn de
西葫芦	کدو سبز	xī hú lu
合子	زیگوت؛ سلول تخم	hé zǐ
受精卵	زیگوت؛ سلول تخم	shòu jīng luǎn
