неопределённый артикль	یک (حرف تعریف نامعین)	neapredelyonnyy artikl
один	یک (حرف تعریف نامعین)	odin
счёты	چرتکه	schyoty
абак	چرتکه	abak
бросать	رها کردن؛ ترک کردن	brosat
покидать	رها کردن؛ ترک کردن	pokidat
оставление	ترک؛ رهاسازی	ostavleniye
отказ	ترک؛ رهاسازی	otkaz
уменьшение	کاهش؛ فروکش	umensheniye
уступка	کاهش؛ فروکش	ustupka
монастырь	خانقاه	manastyr
аббатство	خانقاه	abbatstva
алфавит	الفبا؛ مبانی اولیه	alfavit
азбука	الفبا؛ مبانی اولیه	azbuka
отказаться	کناره‌گیری کردن؛ واگذار کردن	atkazatsya
отказываться	کناره‌گیری کردن؛ واگذار کردن	atkazyvatsya
живот	شکم؛ بطن	zhivot
брюшко	شکم؛ بطن	bryushko
брюшной	شکمی؛ بطنی	bryushnoy
набрюшный	شکمی؛ بطنی	nabryushnyy
увезти	ربودن	uvezti
похитить	ربودن	pakhitit
похититель	آدمدزد؛ آدمربا	pakhititel
похитительница	آدمدزد؛ آدمربا	pakhititelnitsa
состояние неопределённости	بی تکلیفی	sostoyaniye neapredelyonnasti
приостановление	بی تکلیفی	priostanovleniye
постоянный	وفا کننده	postoyannyy
неизменный	وفا کننده	neizmennyy
способность	توانایی	spasobnast
умение	توانایی	umeniye
жалкий	خوار و زار	zhalkiy
униженный	خوار و زار	unizhennyy
горящий	افروخته	goryashchiy
сверкающий	افروخته	sverkayushchiy
знающий	قادر	znayushchiy
умелый	قادر	umelyy
самоотречение	کف نفس	samaatrecheniye
уродливый	غیر عادی	urodlivyy
ненормальный	غیر عادی	nenarmalnyy
уродство	نابههنجاری	urodstva
ненормальность	نابههنجاری	nenarmalnast
жилище	بودباش	zhilishche
обитель	بودباش	abitel
уничтожать	لغو کردن	unichtazhat
отменять	لغو کردن	atmenyat
уничтожение	نسخ؛ برانداختگی	unichtazheniye
ликвидация	نسخ؛ برانداختگی	likvidatsiya
отвратительный	مکروه	atvratitelnyy
отвращение	عمل شنیع	otvrashcheniye
омерзение	عمل شنیع	omerzeniye
аборт	سقط کردن؛ ریشه نکردن	abort
выкидыш	سقط کردن؛ ریشه نکردن	vykidysh
абортивный	عقیم	abartivnyy
мертворождённый	عقیم	mertvarazhdyonnyy
изобиловать	زیاد بودن؛ وفور داشتن	izabilavat
окрест	درباره، حدوداً	akrest
о	درباره، حدوداً	o
выше	بالای، بالاتر	vyshe
наверху	بالای، بالاتر	naverkhu
Авраам	ابراهیم؛ ابراهیم پیامبر	avraam
Абрам	ابراهیم؛ ابراهیم پیامبر	abram
царапина	خراش؛ سیش	tsarapina
ссадина	خراش؛ سیش	ssadina
сокращённый	مجمل؛ تلخیص شده	sakrashchyonnyy
граница	خارج از کشور	granitsa
заграница	خارج از کشور	zagranitsa
крутой	تند؛ ناگهان	krutoy
дробный	تند؛ ناگهان	drobnyy
резко	بی مقدمه	rezka
абсцесс	آبسه	abstsess
гнойник	آبسه	gnaynik
пропуск	غیبت	propusk
отлучка	غیبت	atluchka
отсутствующий	غایب	otsutstvuyushchiy
отсутствовать	غایب	otsutstvovat
прогульщик	غیب؛ غیابی	pragulshchik
прогульщица	غیب؛ غیابی	pragulshchitsa
положительный	مطلق؛ محض	palazhitelnyy
совершенный	مطلق؛ محض	savershennyy
абсолютно	مطلقا؛ مطلقاً	absalyutna
решительно	مطلقا؛ مطلقاً	reshitelna
пропускать	جذب کردن	prapuskat
поглотить	جذب کردن	paglatit
поглотитель	جاذب؛ نشاف	paglatitel
поглощение	جذب؛ انجذاب	paglashcheniye
всасывание	جذب؛ انجذاب	vsasyvaniye
воздержаться	نکول کردن؛ خودداری کردن	vazderzhatsya
воздерживаться	نکول کردن؛ خودداری کردن	vazderzhivatsya
воздержание	نکول	vazderzhaniye
неучастие	نکول	neuchastiye
конспект	انتزاعی	kanspekt
реферат	انتزاعی	referat
абстракция	انتزاع؛ تجرید	abstraktsiya
отвлечение	انتزاع؛ تجرید	atvlecheniye
мудрёный	غامض؛ مغلق	mudryonyy
академичный	غامض؛ مغلق	akademichnyy
смешной	پوچ	smeshnoy
нелепый	پوچ	nelepyy
абсурд	مزخرف بودن	absurd
нелепость	مزخرف بودن	nelepast
урожай	فراوانی	urazhay
изобилие	فراوانی	izabiliye
обильный	انبوه؛ وافر	abilnyy
хлебный	انبوه؛ وافر	khlebnyy
обильно	بفراوانی	obilno
изобильно	بفراوانی	izobilno
ругань	سوء استفاده	rugan
брань	سوء استفاده	bran
оскорбительный	فحاش؛ سوء استعمال	askarbitelnyy
бранный	فحاش؛ سوء استعمال	brannyy
пропасть	مغاک؛ حضیض	propast
бездна	مغاک؛ حضیض	bezdna
акация	اقاقیا	akatsiya
академический	تحصیلی؛ آکادمیک	akademicheskiy
академия	آکادمی	akademiya
ускорить	تسریع کردن	uskorit
ускорять	تسریع کردن	uskaryat
акцент	لهجه	aktsent
выговор	لهجه	vygavar
принять	پذیرفتن	prinyat
принимать	پذیرفتن	prinimat
приемлемый	پذیرفتنی؛ موجه	priyemlemyy
принятие	پذیرش	prinyatiye
акцепт	پذیرش	aktsept
доступ	دسترسی؛ دستیابی	dostup
доступный	قابل دسترس	dastupnyy
достижимый	قابل دسترس	dastizhimyy
воцарение	جلوس؛ جلوس کردن	vatsareniye
сообщник	هم دست	saobshchnik
сообщница	هم دست	saobshchnitsa
несчастье	تصادف	neschastye
происшествие	تصادف	praisshestviye
нечаянный	عرضی؛ تصادفی	nechayannyy
случайно	تصادفی	sluchayna
нечаянно	تصادفی	nechayanna
аккламация	احسنت	akklamatsiya
приспособить	جا دادن	prispasobit
разместить	جا دادن	razmestit
сопровождение	دم گیری	sapravazhdeniye
аккомпанемент	دم گیری	akkampanement
сопровождать	توام کردن؛ بدرقه کردن	sapravazhdat
провожать	توام کردن؛ بدرقه کردن	pravazhat
участник	دستیار؛ همداستان	uchastnik
выполнять	انجام دادن	vypalnyat
выполнить	انجام دادن	vypalnit
выполнение	دستاورد	vypalneniye
осуществление	دستاورد	asushchestvleniye
согласие	طیب خاطر	saglasiye
созвучие	طیب خاطر	sazvuchiye
соответствие	مطابقت	saatvetstviye
соответственно	بر این اساس	saatvetstvenna
согласно	طبق، بر اساس	saglasna
счёт	حساب؛ گزارش	schyot
отчёт	حساب؛ گزارش	atchyot
подотчётность	مسئولیت‌پذیری	padatchyotnast
отчётный	مسئول	atchyotnyy
подотчётные	مسئول	padatchyotnyye
бухгалтер	حسابدار	bukhgalter
счетовод	حسابدار	schetavod
счетоводство	محاسبه؛ حسابداری	schetavodstva
счетоводный	محاسبه؛ حسابداری	schetavodnyy
прирасти	منتج گردیدن	prirasti
начислять	منتج گردیدن	nachislyat
набрать	انباشت کردن	nabrat
нарастать	انباشت کردن	narastat
скопление	انباشت	skapleniye
накопление	انباشت	nakapleniye
точность	دقت	tochnast
чёткость	دقت	chyotkast
точный	دقیق؛ راستین	tochnyy
чёткий	دقیق؛ راستین	chyotkiy
чётко	با دقت	chyotka
обвинение	اتهام	abvineniye
обличение	اتهام	ablicheniye
обвинить	متهم کردن؛ تهمت زدن	abvinit
винить	متهم کردن؛ تهمت زدن	vinit
обвиняемый	متهم	obvinyayemyy
приучить	عادی کردن؛ خو دادن	priuchit
приучать	عادی کردن؛ خو دادن	priuchat
ас	کلمات میید	as
туз	کلمات میید	tuz
добиться	دست یافتن	dabitsya
достигнуть	دست یافتن	dastignut
достижение	کار بزرگ	dastizheniye
свершение	کار بزرگ	sversheniye
кислота	اسید؛ اسیدی	kislata
кислый	اسید؛ اسیدی	kislyy
допустить	اقرار کردن	dapustit
допускать	اقرار کردن	dapuskat
признание	اقرار؛ شهادت نامه	priznaniye
подтверждение	اقرار؛ شهادت نامه	podtverzhdeniye
вершина	نقطه کمال	vershina
апогей	نقطه کمال	apagey
угри	جوش؛ غرور جوانی	ugri
акне	جوش؛ غرور جوانی	akne
знакомство	معرفت؛ آشنا	znakomstva
знакомец	معرفت؛ آشنا	znakomets
знакомый	بلد؛ شناسا	znakomyy
соглашаться	تن در دادن	soglashatsya
завести	اندوختن	zavesti
приобрести	اندوختن	priabresti
приобретение	اکتساب	priabreteniye
комплектование	اکتساب	kamplektavaniye
оправдание	تبرئه؛ برائت ذمه	apravdaniye
акр	جریب	akr
едкий	تند؛ گس	yedkiy
через	از عرض، سراسر	cherez
поперёк	از عرض، سراسر	paperyok
закон	عمل کردن، نقش بازی کردن	zakon
действие	عمل کردن، نقش بازی کردن	deystviye
акция	عمل، اقدام	aktsiya
активировать	فعال کردن	aktiviravat
активация	فعال‌سازی	aktivatsiya
активизация	فعال‌سازی	aktivizatsiya
активный	فعال	aktivnyy
оперативный	فعال	aperativnyy
активно	فعالانه	aktivna
активист	کنشگر	aktivist
активистка	کنشگر	aktivistka
деятельность	فعالیت	deyatelnast
артист	بازیگر (مرد)	artist
актёр	بازیگر (مرد)	aktyor
актриса	بازیگر (زن)	aktrisa
артистка	بازیگر (زن)	artistka
действительный	حالی	deystvitelnyy
фактический	حالی	fakticheskiy
действительно	در واقع	deystvitelna
неужели	در واقع	neuzheli
акупунктура	سوزن درمانی؛ طب سوزنی	akupunktura
иглотерапия	سوزن درمانی؛ طب سوزنی	iglaterapiya
проницательный	حاد	pranitsatelnyy
обострённый	حاد	abastryonnyy
остро	بحدت	ostro
острота	ذکاوت	astrata
заострённость	ذکاوت	zaastryonnast
объявление	بلد؛ ضال	abyavleniye
непреклонный	یکدنده	nepreklonnyy
приспосабливаться	تطبیق دادن	prispasablivatsya
приспособление	انطباق	prispasableniye
адаптация	انطباق	adaptatsiya
добавить	اضافه کردن	dabavit
подписать	اضافه کردن	padpisat
гадюка	افزیشگر؛ مار جعفری	gadyuka
подсаживать	معتاد؛ افیونی	padsazhivat
зависимость	اعتیاد	zavisimast
привыкание	اعتیاد	privykaniye
дополнение	جمع؛ علاوه	dapalneniye
добавление	جمع؛ علاوه	dabavleniye
дополнительный	اضافی	dapalnitelnyy
прибавочный	اضافی	pribavachnyy
подваривать	علاوه بر این	padvarivat
речь	آدرس	rech
адрес	آدرس	adres
сведущий	مرد زبردست	svedushchiy
адекватный	کافی	adekvatnyy
достаточно	به اندازه کافی	dostatochno
адекватно	به اندازه کافی	adekvatno
придерживаться	پایبند بودن	priderzhivatsya
прилипнуть	پایبند بودن	prilipnut
присоединение	تبعیت؛ ملازمت	prisayedineniye
приверженность	تبعیت؛ ملازمت	priverzhennast
сцепление	دوسیدگی؛ کشش سطحی	stsepleniye
прилипчивый	چسبناک؛ چسبنده	prilipchivyy
соседствовать	مجاور	sasedstvavat
соседний	مجاور	sasedniy
прилагательный	صفت	prilagatelnyy
смежный	مجاور	smezhnyy
прилегающий	مجاور	prilegayushchiy
придаток	صفت فرعی	pridatak
настроить	تنظیم کردن	nastroit
наладить	تنظیم کردن	naladit
настройка	تنظیم	nastroyka
регулирование	تنظیم	reguliravaniye
адъютант	آجودان	adyutant
прописывать	اداره کردن	propisyvat
прописать	اداره کردن	propisat
правительство	مدیریت؛ دولت	pravitelstva
управление	مدیریت؛ دولت	upravleniye
административный	اداری	administrativnyy
управленческий	اداری	upravlencheskiy
администратор	مدیر	administratar
попечитель	مدیر	papechitel
восхитительный	هژیر؛ پسندیده	voskhititelnyy
адмирал	دریاسالار؛ دریابیگی	admiral
адмиралтейство	دریاسالاری	admiralteystvo
восхищение	پسند؛ تحسین	vaskhishcheniye
преклонение	پسند؛ تحسین	preklaneniye
любоваться	پسندیدن؛ تحسین کردن	lyubavatsya
восхищаться	پسندیدن؛ تحسین کردن	vaskhishchatsya
кавалер	ستینده؛ تحسینکننده	kavaler
поклонник	ستینده؛ تحسینکننده	paklonnik
приём	پذیرش	priyom
признанный	پذیرفته	priznannyy
допущенный	پذیرفته	dopushchennyy
по общему признанию	معترفا	po obshchemu priznaniyu
увещевать	پند دادن	uveshchevat
предостерегающий	عبرتانگیز	predosteregayushchiy
отрочество	بلوغ	otrachestva
отрок	نوجوان	otrak
отроческий	نوجوان	otracheskiy
применять	اتخاذ کردن؛ فرا گرفتن	primenyat
усвоить	اتخاذ کردن؛ فرا گرفتن	usvoit
проведение	فرزندخواندگی	pravedeniye
обожание	پرستش؛ عشق ورزی	abazhaniye
молиться	پرستیدن	malitsya
обожать	پرستیدن	abazhat
убирать	آراستن؛ پیراستن	ubirat
украсить	آراستن؛ پیراستن	ukrasit
украшение	آریش دهنده	ukrasheniye
по течению	غوطه ورروی آب مج	po techeniyu
ловкий	زبر دست	lovkiy
проворный	زبر دست	pravornyy
взрослый	بزرگسال	vzroslyy
совершеннолетний	بزرگسال	savershennaletniy
продвижение	پیشروی؛ راقی	pradvizheniye
аванс	پیشروی؛ راقی	avans
выдвижение	پیشروی؛ ترفیع	vydvizheniye
плюс	مزیت	plyus
преимущество	مزیت	preimushchestva
выгодный	نافع؛ باصرفه	vygadnyy
выигрышный	نافع؛ باصرفه	vyigryshnyy
приход	ظهور	prikhod
пришествие	ظهور	prishestviye
приключение	ماجراجویی	priklyucheniye
похождение	ماجراجویی	pakhazhdeniye
авантюрист	ماجراجو؛ حادثه جو	avantyurist
авантюрный	ماجراجو؛ پرماجرا	avantyurnyy
противник	هم آورد؛ هم نبرد	prativnik
супостат	هم آورد؛ هم نبرد	supastat
неблагоприятный	نامطلوب	neblagopriyatnyy
враждебный	نامطلوب	vrazhdebnyy
невзгода	نکبت؛ ضرا	nevzgoda
рекламировать	تبلیغ کردن	reklamiravat
разрекламировать	تبلیغ کردن	razreklamiravat
реклама	آگهی	reklama
совет	نصیحت، مشاوره	savet
рекомендация	نصیحت، مشاوره	rekamendatsiya
целесообразный	مقتضی؛ مصلحتآمیز	tselesaabraznyy
посоветовать	اعلامیه؛ تجویز	pasavetavat
советовать	اعلامیه؛ تجویز	savetavat
советник	رهنمون؛ ناصح	savetnik
советчик	رهنمون؛ ناصح	savetchik
консультативный	مشورتی؛ نصیحتی	kansultativnyy
проповедь	طرفداری	propaved
адвокат	حمایت کردن، حامی	advakat
сторонник	حمایت کردن، حامی	staronnik
антенна	هویی	antenna
воздушный	هویی	vazdushnyy
эстетический	زیبایی شناختی	esteticheskiy
приветливый	خوش خلق؛ خوش برخورد	privetlivyy
стычка	امر؛ مصلحت	stychka
поразить	تأثیر گذاشتن	parazit
трогать	تأثیر گذاشتن	trogat
аффектация	تصنع	affektatsiya
деланность	تصنع	delannast
поражение	محبت	parazheniye
привязанность	محبت	privyazannast
тёплый	مهربان؛ عاطف	tyoplyy
нежный	مهربان؛ عاطف	nezhnyy
утвердить	آشکارا گفتن؛ بحق دانستن	utverdit
утверждение	یجاب	utverzhdeniye
утвердительный	مبت؛ تصدیقآمیز	utverditelnyy
поражённый	مستمند؛ رنجه	parazhyonnyy
страдающий	مستمند؛ رنجه	stradayushchiy
мытарство	مصیبت؛ مشقت	mytarstva
потянуть	استطاعت داشتن؛ از عهده برآمدن	patyanut
афронт	روبرو دشنام دادن	afront
афганец	افغان	afganets
афганка	افغان	afganka
охваченный пламенем	مشتعل	okhvachennyy plamenem
на плаву	در حرکت	na plavu
вышеупомянутый	مذکور	vysheupamyanutyy
вышеуказанный	مذکور	vysheukazannyy
бояться	ترسیده	boyatsya
боящийся бояться	ترسیده	boyashchiysya boyatsya
африка	افریقا؛ آفریقا	afrika
африканец	آفریقیی؛ افریقیی	afrikanets
африканка	آفریقیی؛ افریقیی	afrikanka
кормовой	بعد از	karmavoy
после	بعد از	posle
заря	پس تاب؛ پس فروزش	zarya
загробная жизнь	عقبی؛ آخرت	zagrobnaya zhizn
жизнь после смерти	عقبی؛ آخرت	zhizn posle smerti
отава	پیامد	atava
день	بعدازظهر	den
потом	سپس؛ بعدا	patom
перекладывать	دوباره	perekladyvat
снова	دوباره	snova
против	علیه	protiv
агат	عقیق	agat
агатовый	عقیق	agatavyy
век	سن	vek
возраст	سن	vozrast
орган	بنگاه؛ وکالت	organ
агентство	بنگاه؛ وکالت	agentstva
повестка	برنامه عملیات	pavestka
агент	مامور؛ عامل	agent
комиссионер	مامور؛ عامل	kamissianer
усиление	تشدید	usileniye
обострение	تشدید	abastreniye
агрегат	متراکم ساختن؛ جمع شده	agregat
заполнитель	متراکم ساختن؛ جمع شده	zapalnitel
нападение	پرخاشگری	napadeniye
агрессия	پرخاشگری	agressiya
агрессивный	پرتکاپو؛ تجاوزی	agressivnyy
вызывающий	پرتکاپو؛ تجاوزی	vyzyvayushchiy
агрессор	متجاوز؛ مهاجم	agressar
захватчик	متجاوز؛ مهاجم	zakhvatchik
ошеломлённый	وحشت زده	ashelamlyonnyy
подвижной	سریعالانتقال	padvizhnoy
проворство	سبکبالی	pravorstva
поворотливость	سبکبالی	pavarotlivast
взволнованный	آشفته؛ متلاطم	vzvalnovannyy
взбаламученный	آشفته؛ متلاطم	vzbalamuchennyy
волнение	تلاطم؛ آشفتگی	valneniye
беспокойство	تلاطم؛ آشفتگی	bespakoystva
агитатор	آشوبگر	agitator
подстрекатель	آشوبگر	podstrekatel
назад	پیش از این	nazad
мучительный	سوزناک؛ رنجآور	muchitelnyy
томительный	سوزناک؛ رنجآور	tamitelnyy
терзание	رنج؛ سکرات مرگ	terzaniye
согласиться	موافق بودن	saglasitsya
договориться	موافق بودن	dagavaritsya
приятный	سازگار؛ دلجو	priyatnyy
согласный	سازگار؛ دلجو	saglasnyy
условие	قرار؛ توافق	usloviye
союз	قرار؛ توافق	sayuz
сельскохозяйственный	کشاورزی	selskakhazyaystvennyy
земледельческий	کشاورزی	zemledelcheskiy
земледелие	کشاورزی	zemledeliye
агрокультура	کشاورزی	agrakultura
озноб	تب و لرز	oznob
лихорадка	تب و لرز	likhoradka
а	آه	a
предстоящий	جلو؛ روبجلو	predstayashchiy
вперёд	جلو؛ روبجلو	vperyod
помощь	یار؛ مدد	pomashch
выручка	یار؛ مدد	vyruchka
спид	ایدز	spid
хворый	ضعیفالبنیه	khvoryy
цель	نشان؛ کام	tsel
установка	نشان؛ کام	ustanovka
бесцельный	بی هدف؛ بی مقصد	bestselnyy
беспредметный	بی هدف؛ بی مقصد	bespredmetnyy
воздух	هوا	vozdukh
ария	هوا	ariya
самолёт	طیاره؛ هواپیمیی	samalyot
авиация	طیاره؛ هواپیمیی	aviatsiya
авиакомпания	خط هواپیمایی	aviakampaniya
авиалиния	خط هواپیمایی	avialiniya
аэроплан	هواپیما؛ طیاره	aeraplan
аэропорт	فرودگاه	aeraport
проход	راه رو	prakhod
Алабама	آلاباما	alabama
язык алабама	آلاباما	yazyk alabama
тревога	آژیر؛ اعلان خطر	trevoga
увы	افسوس؛ وه	uvy
Олбани	آلبانی	olbani
хотя	اگرچه	khotya
альбом	آلبوم	albom
альбумин	آلبومین	albumin
спирт	الکل	spirt
алкоголь	الکل	alkagol
алкоголик	الکلی؛ شرابخور	alkagolik
спиртной	الکلی؛ شرابخور	spirtnoy
алкоголизм	اعتیاد به الکل	alkagalizm
ольха	توسه؛ توسکا	alkha
оповещение	هشدار دادن، هوشیار	apaveshcheniye
настороженность	هشیاری؛ بیداری	nastarozhennast
бойкость	هشیاری؛ بیداری	boykast
алгебра	جبر؛ جبر و مقابله	algebra
пришелец	بیگانه	prishelets
чужак	بیگانه	chuzhak
выровнять	همسو کردن	vyravnyat
выравнивать	همسو کردن	vyravnivat
группировка	همسویی	gruppirovka
створ	همسویی	stvor
похожий	مشابه	pakhozhiy
равно	مشابه	ravno
пищевой	رزقی	pishchevoy
питательный	رزقی	pitatelnyy
алименты	خرجی؛ نفقه	alimenty
живой	زنده	zhivoy
живьём	زنده	zhivyom
весь	همه	ves
всё	همه	vsyo
утверждать	ادعا کردن	utverzhdat
сослаться	ادعا کردن	saslatsya
якобы	ظاهراً	yakoby
будто бы	ظاهراً	budto by
аллегория	مجاز؛ کنیه	allegoriya
иносказание	مجاز؛ کنیه	inaskazaniye
аллегро	نشاط انگیز	allegro
облегчение	تسکین	oblegcheniye
смягчение	تسکین	smyagcheniye
переулок	کوچه؛ خیابان کوچک	pereulak
закоулок	کوچه؛ خیابان کوچک	zakaulak
родство	اتحاد	radstvo
уделять	اختصاص دادن	udelyat
ассигновать	اختصاص دادن	assignavat
ассигнование	تخصیص	assignavaniye
позволить	اجازه دادن	pazvolit
позволять	اجازه دادن	pazvalyat
дача	سهمیه، کمک هزینه	dacha
пособие	سهمیه، کمک هزینه	pasobiye
добро	بسیار خوب، همه چیز درست	dabro
ничего	بسیار خوب، همه چیز درست	nichego
кивнуть	اشارهکردن؛ تلمیح کردن	kivnut
кивать	اشارهکردن؛ تلمیح کردن	kivat
намёк	اشاره؛ کنیه	namyok
упоминание	اشاره؛ کنیه	upaminaniye
аллювиальный	آبرفتی	allyuvialnyy
намывной	آبرفتی	namyvnoy
союзник	متحد	sayuznik
союзница	متحد	sayuznitsa
альманах	سالنما	almanakh
миндалина	بادام؛ آلموند	mindalina
почти	تقریباً	pachti
практически	تقریباً	prakticheski
милостыня	زکات؛ ذکات	milastynya
подаяние	زکات؛ ذکات	padayaniye
ввысь	در نوک؛ در فوق	vvys
одиночка	تنها	adinochka
по	در امتداد	po
вдоль	در امتداد	vdol
рядышком	در کنار	ryadyshkam
наряду	در کنار	naryadu
отрешённый	کناره گیر	atreshyonnyy
поодаль	کناره گیر	paodal
альфа	ستاره اول	alfa
уже	قبلا	uzhe
хорошо	صحیح است	khorosho
в порядке	صحیح است	v poryadke
тоже	همچنین	tozhe
также	همچنین	takzhe
престол	مبح؛ محراب	prestol
алтарь	مبح؛ محراب	altar
алтари	مذابح	altari
изменить	دگرگون کردن؛ دگرگون شدن	izmenit
изменять	دگرگون کردن؛ دگرگون شدن	izmenyat
изменение	دگرش	izmeneniye
переделка	دگرش	peredelka
пререкание	مجادله	prerekaniye
препирательство	مجادله	prepiratelstva
перемежаться	متناوب کردن؛ تناوب کردن	peremezhatsya
чередоваться	متناوب کردن؛ تناوب کردن	cheredavatsya
вперемежку	غبا	vperemezhku
попеременно	غبا	paperemenna
чередование	تناوب؛ یک درمیانی	cheredavaniye
альтернация	تناوب؛ یک درمیانی	alternatsiya
выбор	جایگزین	vybar
альтернатива	جایگزین	alternativa
альтернативно	بنوبت؛ متناوبا	alternativno
поочерёдно	بنوبت؛ متناوبا	paacheryodna
итого	کلاً	itago
квасцы	زاغ؛ زاج	kvastsy
алюминий	آلومینیوم	alyuminiy
всегда	همیشه	vsegda
амальгама	ملقمه	amalgama
накопить	توده کردن	nakapit
накоплять	توده کردن	nakaplyat
любитель	آماتور	lyubitel
дилетант	آماتور	diletant
удивлённый	متعجب؛ متحیر	udivlyonnyy
изумлённый	متعجب؛ متحیر	izumlyonnyy
удивление	حیرت؛ بهت	udivleniye
изумление	حیرت؛ بهت	izumleniye
изумительный	شگفت‌انگیز	izumitelnyy
потрясающий	شگفت‌انگیز	patryasayushchiy
посол	سفیر	pasol
янтарь	شاهبوی؛ کهربا	yantar
янтарный	شاهبوی؛ کهربا	yantarnyy
двусмысленность	ابهام	dvusmyslennast
двусмыслица	ابهام	dvusmyslitsa
двусмысленный	مبهم	dvusmyslennyy
амбиция	جاه طلبی	ambitsiya
честолюбие	جاه طلبی	chestalyubiye
честолюбивый	نامجو؛ بلند همت	chestalyubivyy
амбициозный	نامجو؛ بلند همت	ambitsioznyy
неотложка	آمبولانس	neatlozhka
скорая	آمبولانس	skoraya
засада	کمین؛ کمینگاه	zasada
аминь	آمین	amin
улучшить	اصلاح کردن	uluchshit
улучшать	اصلاح کردن	uluchshat
поправка	اصلاحیه	papravka
исправление	اصلاحیه	ispravleniye
америка	آمریکا	amerika
американец	آمریکایی	amerikanets
американский	آمریکایی	amerikanskiy
аметист	در بنفش؛ در کوهی بنفش	ametist
аметистовый	در بنفش؛ در کوهی بنفش	ametistavyy
средь	در میان	sred
среди	در لابلی	sredi
аммиак	آمونیاک	ammiak
амнистия	عفو؛ عفو عمومی کردن	amnistiya
амнистировать	عفو؛ عفو عمومی کردن	amnistiravat
влюблённый	عاشقانه	vlyublyonnyy
любовный	عاشقانه	lyubovnyy
количество	مقدار	kalichestva
дойти	مقدار	dayti
отнять	قطع اندام کردن	atnyat
ампутировать	قطع اندام کردن	amputiravat
развлекать	سرگرم کردن؛ تفریح دادن	razvlekat
веселить	سرگرم کردن؛ تفریح دادن	veselit
удовольствие	تفریح؛ لهو	udavolstviye
развлечение	تفریح؛ لهو	razvlecheniye
забавный	سرگرم کننده	zabavnyy
ань	یک (حرف تعریف نامعین)	an
ан	یک (حرف تعریف نامعین)	an
анаэробный	ناهوازی	anaerobnyy
наркоз	داروی بیهوشی	narkoz
анестезия	داروی بیهوشی	anesteziya
анальный	کونی؛ مقعدی	analnyy
аналогичный	قابل قیاس	analagichnyy
аналогия	قیاس	analogiya
исследование	حل؛ تجزیه	issledavaniye
анализ	حل؛ تجزیه	analiz
аналитик	تحلیلگر	analitik
аналитический	تحلیلی	analiticheskiy
анализировать	تجزیه کردن؛ تحلیل کردن	analizirovat
анархист	آشوب طلب؛ هرج و مآرج طلب	anarkhist
анархистка	آشوب طلب؛ هرج و مآرج طلب	anarkhistka
анархия	بی قانونی؛ بی نظمی	anarkhiya
безвластие	بی قانونی؛ بی نظمی	bezvlastiye
анатомический	تشریحی	anatomicheskiy
анатомия	استخوانبندی؛ کالبد شناسی	anatomiya
анатомирование	استخوانبندی؛ کالبد شناسی	anatamiravaniye
предок	جد	predak
пращур	جد	prashchur
родовой	نسبی؛ اجدادی	radavoy
родословная	اصل ونسب	rodoslovnaya
происхождение	اصل ونسب	proiskhozhdeniye
якорь	لنگر	yakar
анкер	لنگر	anker
старый	باستانی	staryy
древний	باستانی	drevniy
и	و	i
анекдот	ضرب المثل؛ قصه کوتاه	anekdot
историйка	ضرب المثل؛ قصه کوتاه	istoriyka
ангел	فرشته	angel
ангельский	ملکی؛ فرشتهی	angelskiy
гнев	غضب؛ خشم	gnev
злоба	غضب؛ خشم	zloba
угол	گوشه؛ زاویه	ugal
ракурс	گوشه؛ زاویه	rakurs
злой	عصبانی	zloy
сердитый	عصبانی	serdityy
тоска	تاب و تب	taska
пытка	تاب و تب	pytka
угловой	زاویهی؛ گوشه دار	uglavoy
угловатый	زاویهی؛ گوشه دار	uglavatyy
животное	حیوان	zhivotnaye
животный	حیوان	zhivotnyy
оживить	جان دار؛ روح دادن	azhivit
оживлять	جان دار؛ روح دادن	azhivlyat
подъём	پویانمایی	padyom
увлечение	پویانمایی	uvlecheniye
вражда	کینه؛ دشمنی	vrazhda
враждебность	کینه؛ دشمنی	vrazhdebnast
щиколотка	مچ پا	shchikalatka
лодыжка	مچ پا	ladyzhka
летопись	اخبار سال؛ وقیع سالیانه	letapis
анналы	اخبار سال؛ وقیع سالیانه	annaly
пристройка	ضمیمه کردن؛ ضمیمه سازی	pristroyka
присоединить	ضمیمه کردن؛ ضمیمه سازی	prisayedinit
аннексия	الحاق؛ ضم	anneksiya
уничтожить	نابود کردن؛ کن فیکون کردن	unichtozhit
юбилей	سالروز؛ سالگرد	yubiley
годовщина	سالروز؛ سالگرد	gadavshchina
заявить	اعلامداشتن؛ اعلام کردن	zayavit
объявить	اعلامداشتن؛ اعلام کردن	abyavit
анонс	اعلام؛ آگهی	anons
достать	رنجاندن؛ آزردن	dastat
доставать	رنجاندن؛ آزردن	dastavat
неприятность	رنجش؛ دلخوری	nepriyatnast
досада	رنجش؛ دلخوری	dasada
неприятный	رنجاننده؛ سرخوری	nepriyatnyy
обидный	رنجاننده؛ سرخوری	abidnyy
ежегодник	سالانه؛ سالیانه	yezhegodnik
летник	سالانه؛ سالیانه	letnik
ежегодно	سالانه	yezhegodna
аннулирование	نسخ؛ ابطال	annuliravaniye
анод	آنود؛ قطب مثبت	anod
анодный	آنود؛ قطب مثبت	anodnyy
помазанник	مسح شدن	pomazannik
безымянный	ناشناس	bezymyannyy
анонимный	ناشناس	ananimnyy
другой	دیگری	drugoy
ответ	پاسخ، پاسخ دادن	atvet
ответить	پاسخ، پاسخ دادن	atvetit
подотчётный	پاسخ دار؛ جواب دار	padatchyotnyy
способный ответить	پاسخ دار؛ جواب دار	sposobnyy otvetit
муравей	مورچه	muravey
антагонизм	هم آوری؛ اصل مخالف	antaganizm
антагонист	هم نبرد	antaganist
предшествующий	ماقبل	predshestvuyushchiy
предыдущий	ماقبل	predydushchiy
антрацит	آنتراسیت	antratsit
сибирская язва	خراج؛ ینتراکس	sibirskaya yazva
немти	ضد	nemti
антитело	پادتن	antitela
ожидать	پیش‌بینی کردن	azhidat
предупредить	پیش‌بینی کردن	predupredit
предвкушение	پیشدستی	predvkusheniye
предвосхищение	پیشدستی	predvaskhishcheniye
антиген	پادزا؛ پادگن	antigen
старина	عتیقه؛ عتیق	starina
давность	کهنگی؛ دیرینگی	davnast
антисептик	گندزدا؛ ضدعفونی	antiseptik
антисептический	گندزدا؛ ضدعفونی	antisepticheskiy
антитоксин	زهردارو؛ پادزهرابه	antitaksin
анус	نشین؛ مقعد	anus
анальное отверстие	نشین؛ مقعد	analnoye otverstiye
забота	اضطراب	zabota
тревожный	مشتاق؛ اندیشناک	trevozhnyy
смутный	مشتاق؛ اندیشناک	smutnyy
тревожно	مشتاقانه	trevozhno
с нетерпением	مشتاقانه	s neterpeniyem
любой	هر؛ هر، هیچ	lyuboy
какой-нибудь	هر؛ هر، هیچ	kakoy-nibud
кто-нибудь	هر کسی	kto-nibud
кто-либо	هر کسی	kto-libo
как-нибудь	درهرصورت؛ بهرشکل	kak-nibud
больше	دیگر	bolshe
что-нибудь	هر چیزی	chto-nibud
что-либо	هر چیزی	chto-libo
в любом случае	به هر حال	v lyubom sluchaye
несмотря	به هر حال	nesmotrya
где-то	هر جا	gde-to
куда-то	هر جا	kuda-to
аорта	آورتا	aorta
быстро	باسرعت زیاد	bystro
спешно	باسرعت زیاد	speshno
разводить	جدا؛ مجزا	razvadit
врозь	جدا؛ مجزا	vroz
квартира	آپارتمان	kvartira
апартамент	آپارتمان	apartament
безучастный	بی احساس	bezuchastnyy
апатичный	بی احساس	apatichnyy
обезьяна	میمون؛ بوزینه	abezyana
обезьянничать	میمون؛ بوزینه	abezyannichat
верхушка	ذروه	verkhushka
извиняться	معذرت خواستن؛ پوزش خواستن	izvinyatsya
извиниться	معذرت خواستن؛ پوزش خواستن	izvinitsya
извинение	عذرخواهی	izvineniye
апология	عذرخواهی	apalogiya
апоплексия	سکته ناقص	apapleksiya
апостол	فرستاده؛ حواری	apostal
приложение	اپلیکیشن	prilozheniye
аппарат	دستگاه	apparat
прибор	دستگاه	pribor
видимый	پیدا؛ نمودار	vidimyy
кажущийся	پیدا؛ نمودار	kazhushchiysya
видно	ظاهرا؛ نظرا	vidna
видимо	ظاهرا؛ نظرا	vidima
обращение	فرجام؛ جذابیت	abrashcheniye
призыв	فرجام؛ جذابیت	prizyv
подкупающий	جذاب	padkupayushchiy
казаться	ظاهر شدن	kazatsya
появиться	ظاهر شدن	payavitsya
вид	ظاهر	vid
образ	ظاهر	obraz
успокоить	دلنوازی کردن؛ دلجوئی کردن	uspakoit
успокаивать	دلنوازی کردن؛ دلجوئی کردن	uspakaivat
умиротворяющий	دلجویانه	umirotvoryayushchiy
успокаивающий	دلجویانه	uspokaivayushchiy
название	وجه تسمیه	nazvaniye
наименование	وجه تسمیه	naimenavaniye
придатки	مضافات	pridatki
отростки	مضافات	otrostki
аппендицит	آپاندیس	appenditsit
отросток	ضمیمه؛ آپاندیس	atrostak
аппетит	اشتها	appetit
аппетитный	خوش خوراک؛ اشتها آور	appetitnyy
аплодировать	تشویق کردن	apladiravat
рукоплескать	تشویق کردن	rukapleskat
аплодисменты	تمجید؛ هلهله	apladismenty
рукоплескание	تمجید؛ هلهله	rukapleskaniye
яблоко	سیب	yablaka
яблочко	سیب	yablachka
применимый	قابل اجرا	primenimyy
кандидат	متقاضی	kandidat
проситель	متقاضی	prasitel
заявление	استعمال؛ درخواست	zayavleniye
просьба	استعمال؛ درخواست	prosba
касаться	درخواست کردن، اعمال کردن	kasatsya
обратиться	درخواست کردن، اعمال کردن	abratitsya
назначить	منصوب کردن	naznachit
назначать	منصوب کردن	naznachat
должность	تعیین؛ انتصاب	dolzhnast
оценка	تقویم؛ تخمین	otsenka
оцениить	تعیین قیمت کردن	atseniit
оценивать	تعیین قیمت کردن	atsenivat
заметный	قابل تقدیر؛ قابل ارزیابی	zametnyy
ощутимый	قابل تقدیر؛ قابل ارزیابی	ashchutimyy
ценить	تقدیر کردن؛ تشکر کردن	tsenit
повышение ценности	قدردانی	povysheniye tsennosti
опасение	تشویش خاطر	apaseniye
трусливый	مستشعر؛ درک کننده	truslivyy
мальчик	شاگرد	malchik
ученик	شاگرد	uchenik
учение	شاگردی؛ تلمذ	ucheniye
подъезд	مراجعهکردن؛ نزدیک شدن	padyezd
воспользоваться	مناسب؛ مقتضی	vaspolzavatsya
утаить	مناسب؛ مقتضی	utait
уместно	به طور مناسب	umestna
закономерно	به طور مناسب	zakonomerno
приближаться	تقریبی؛ تخمینی	priblizhatsya
примерный	تقریبی؛ تخمینی	primernyy
примерно	تقریبا؛ تخمیناً	primerna
приблизительно	تقریبا؛ تخمیناً	priblizitelna
приближение	تقریب	priblizheniye
апрель	آوریل	aprel
фартук	خرند؛ پیش بند	fartuk
передник	خرند؛ پیش بند	perednik
аквариум	آکواریوم؛ آبزیگاه	akvarium
араб	عربی؛ عرب	arab
арабский	عربی؛ عرب	arabskiy
пахотный	مزروعی؛ قابل زرع	pakhatnyy
арабы	اعراب	araby
произвольно	به‌طور قراردادی	praizvolna
произвольный	خودسرانه	praizvolnyy
вкусовой	خودسرانه	vkusavoy
арбитраж	داوری؛ حکمیت	arbitrazh
дуга	کمان	duga
пассаж	تیمچه	passazh
аркада	تیمچه	arkada
свод	طاق؛ تاق	svod
археологический	باستانشناسی	arkhealagicheskiy
архиепископ	سر اسقف؛ اسقف بزرگ	arkhiyepiskap
сводчатый	طاقدار	svodchatyy
арочный	طاقدار	arachnyy
архипелаг	مجمع الجزیر؛ دریی پر جزیره	arkhipelag
архитектор	معمار	arkhitektar
зодчий	معمار	zodchiy
архитектурный	معماری	arkhitekturnyy
зодческий	معماری	zodcheskiy
архитектура	معماری	arkhitektura
зодчество	معماری	zodchestva
архив	آرشیو	arkhiv
архивировать	آرشیو	arkhivirovat
арка	گذر سرپوشیده؛ دروازه طاقدار	arka
полярный	شمالی؛ قطبی	palyarnyy
арктический	شمالی؛ قطبی	arkticheskiy
трудный	پر زحمت؛ صعب الصعود	trudnyy
место	منطقه	mesta
район	منطقه	rayon
арена	عرصه	arena
манеж	عرصه	manezh
возможно	مسلماً	vozmozhno
можно утверждать	مسلماً	mozhno utverzhdat
спорить	بحث کردن	sporit
доказательство	بحث	dakazatelstva
аргумент	بحث	argument
склонный спорить	جدلی؛ استدلالی	sklonnyy sporit
полемический	جدلی؛ استدلالی	polemicheskiy
сухой	خشک؛ لم یزرع	sukhoy
безводный	خشک؛ لم یزرع	bezvodnyy
происходить	بروز کردن	praiskhadit
произойти	بروز کردن	praizayti
аристократия	نجبا؛ اشرافیت	aristakratiya
знать	نجبا؛ اشرافیت	znat
аристократ	بزرگزاده؛ اشرافزاده	aristakrat
аристократический	اشرافی؛ اعیانی	aristakraticheskiy
аристократичный	اشرافی؛ اعیانی	aristakratichnyy
Арканзас	آرکانزاس	arkanzas
рука	بازو؛ مسلح کردن	ruka
плечо	بازو؛ مسلح کردن	plecho
вооружение	تسلیحات	vooruzheniye
оружие	تسلیحات	oruzhiye
кресло	صندلی دسته دار	kresla
армянин	ارمنی؛ زبان ارمنی	armyanin
армянка	ارمنی؛ زبان ارمنی	armyanka
армяне	ارامنه	armyane
перемирие	متارکه جنگ؛ صلح موقت	peremiriye
бронетанковые войска	جوشن	bronetankovyye voyska
броня	جوشن	bronya
оружейная	زراد خانه	oruzheynaya
арсенал	زراد خانه	arsenal
подмышка	بغل؛ زیر بغل	podmyshka
армия	ارتش	armiya
войско	ارتش	voyska
ароматный	خوشبو؛ گیاه خوشبو	aramatnyy
ароматический	خوشبو؛ گیاه خوشبو	aramaticheskiy
вокруг	اطراف، حدود	vakrug
возбуждающий	تحریص؛ شهوت آمیز	vozbuzhdayushchiy
пробуждающий	تحریص؛ شهوت آمیز	probuzhdayushchiy
устроить	ترتیب دادن	ustroit
устраивать	ترتیب دادن	ustraivat
расположение	ترتیب	raspalazheniye
порядок	آرایه	paryadak
рать	آرایه	rat
хвост	پس افت	khvost
задолженность	پس افت	zadolzhennast
арест	جلب؛ توقیف	arest
задержание	جلب؛ توقیف	zaderzhaniye
съезд	مقدم؛ وصول	syezd
наступление	مقدم؛ وصول	nastupleniye
прийти	رسیدن	priyti
приехать	رسیدن	priyekhat
гордыня	تکبر؛ نخوت	gardynya
спесь	تکبر؛ نخوت	spes
надменный	خودکامه؛ مغرور	nadmennyy
высокомерный	خودکامه؛ مغرور	vysakamernyy
стрела	پیکان	strela
стрелка	پیکان	strelka
искусство	هنر	iskusstva
художество	هنر	khudozhestva
артериальный	شریانی	arterialnyy
магистральный	شریانی	magistralnyy
артерия	سرخرگ؛ شریان	arteriya
хитрый	نیرنگ باز	khitryy
хитроумный	نیرنگ باز	khitraumnyy
член	مقاله	chlen
статья	مقاله	statya
суставной	مفصلی	sustavnoy
произнести	بیان کردن	praiznesti
произносить	بیان کردن	praiznasit
сустав	مفصل بندی؛ طرز گفتار	sustav
произношение	مفصل بندی؛ طرز گفتار	praiznasheniye
искусственный	مصنوعی؛ ساختگی	iskusstvennyy
фальшивый	مصنوعی؛ ساختگی	falshivyy
артиллерия	توپ؛ توپخانه	artilleriya
художник	هنرمند	khudozhnik
художественный	هنری؛ هنرمندانه	khudozhestvennyy
артистический	هنری؛ هنرمندانه	artisticheskiy
произведение искусства	اثر هنری	proizvedeniye iskusstva
художественное оформление	اثر هنری	khudozhestvennoye oformleniye
когда	به عنوان، همانطور که؛ همانطور که	kagda
поскольку	به عنوان، همانطور که؛ همانطور که	paskolku
подниматься	فرازیدن؛ فرازروی	padnimatsya
взойти	فرازیدن؛ فرازروی	vzayti
установить	محقق نمودن؛ محقق دانستن	ustanovit
устанавливать	محقق نمودن؛ محقق دانستن	ustanavlivat
аскет	زاهد؛ زاهدانه	asket
аскетический	زاهد؛ زاهدانه	asketicheskiy
приписанный	منسوب	pripisannyy
пепел	خاکستر	pepel
ясень	خاکستر	yasen
пристыжённый	شرمنده؛ خجل	pristyzhyonnyy
ясеневый	خاکستری؛ شبیه خاکستر	yasenevyy
на берегу	بکنار؛ درساحل	na beregu
на берег	بکنار؛ درساحل	na bereg
Азия	آسیا	aziya
в сторону	کنار	v storonu
в стороне	کنار	v storone
спросить	پرسیدن، درخواست کردن	sprasit
спрашивать	پرسیدن، درخواست کردن	sprashivat
спящий	خوابیده	spyashchiy
уснувший	خوابیده	usnuvshiy
спаржа	مارچوبه؛ شودی	sparzha
облик	منظر؛ منظره	oblik
клевета	هتک	kleveta
стремление	آرزو	stremleniye
устремление	آرزو	ustremleniye
стремиться	آرزو کردن	stremitsya
претендовать	آرزو کردن	pretendavat
аспирин	آسپیرین	aspirin
осёл	الاغ؛ ماتحت	asyol
задница	الاغ؛ ماتحت	zadnitsa
нападающий	ضارب	napadayushchiy
напавший	ضارب	napavshiy
убийца	قاتل؛ آدمکش	ubiytsa
ассасин	قاتل؛ آدمکش	assasin
убийство	ترور	ubiystva
атака	حمله	ataka
собраться	جمع‌آوری کردن	sabratsya
собрать	جمع‌آوری کردن	sabrat
собрание	مونتاژ، مجلس	sabraniye
узел	مونتاژ، مجلس	uzel
заверение	ادعا	zavereniye
подать	ارزیابی؛ اظهارنظر	podat
распределение	ارزیابی؛ اظهارنظر	raspredeleniye
заседатель	ارزیاب	zasedatel
достояние	دارایی	dastayaniye
старательный	مستدام؛ عاکف	staratelnyy
трудолюбивый	مستدام؛ عاکف	trudalyubivyy
задавать	اختصاص دادن	zadavat
придавать	اختصاص دادن	pridavat
назначение	تکلیف؛ گمارش	naznacheniye
поручение	تکلیف؛ گمارش	parucheniye
освоить	تلفیق کردن؛ سازش کردن	asvoit
помочь	یاری کردن؛ اعانه کردن	pomach
помогать	یاری کردن؛ اعانه کردن	pamagat
содействие	کمک	sadeystviye
товарищ	دستیار	tavarishch
помощник	دستیار	pamoshchnik
сподвижник	نزدیکی کردن؛ اختلاط کردن	spadvizhnik
сотоварищ	نزدیکی کردن؛ اختلاط کردن	satavarishch
ассоциация	معاشرت؛ اشتراک	assatsiatsiya
объединение	معاشرت؛ اشتراک	abyedineniye
полагать	پنداشتن؛ فرض کردن	palagat
предполагать	پنداشتن؛ فرض کردن	predpalagat
предположение	فرض	predpalazheniye
допущение	فرض	dapushcheniye
уверение	اطمینان	uvereniye
апломб	اطمینان	aplomb
уверять	اطمینان دادن	uveryat
заверить	اطمینان دادن	zaverit
звёздочка	ستاره	zvyozdachka
потрясти	گیج کردن؛ مبهوت کردن	patryasti
удивить	گیج کردن؛ مبهوت کردن	udivit
поразительно	حیرت‌آور	parazitelna
смушка	حاجی ترخان	smushka
каракулевый	حاجی ترخان	karakulevyy
заблудившись	گمراه؛ بی راه	zabludivshis
сбившись с пути	گمراه؛ بی راه	sbivshis s puti
астрономия	نجوم؛ ستاره شناسی	astranomiya
тонкий	تیز هوش	tonkiy
убежище	پناهندگی	ubezhishche
приют	پناهندگی	priyut
в	در	v
на	در	na
атеист	ناخدا؛ زندیق	ateist
безбожник	ناخدا؛ زندیق	bezbozhnik
атеистический	ناخدا	ateisticheskiy
богатырь	ورزشکار	bagatyr
атлет	ورزشکار	atlet
спортивный	ورزشی؛ پهلوانی	spartivnyy
богатырский	ورزشی؛ پهلوانی	bagatyrskiy
атлантический	آتلانتیک	atlanticheskiy
тень	اتم؛ آتم	ten
атом	اتم؛ آتم	atam
атомный	اتمی	atamnyy
исправить	کفاره دادن؛ تقاص پس دادن	ispravit
исправлять	کفاره دادن؛ تقاص پس دادن	ispravlyat
расплата	دیه	rasplata
искупление	دیه	iskupleniye
зверство	جنیات	zverstva
неистовство	جنیات	neistavstva
злодеяние	ظلم	zlodeyaniye
привязать	ضمیمه کردن؛ الصاق کردن	privyazat
попытка	سعی؛ کوشش	papytka
покушение	سعی؛ کوشش	pakusheniye
слушать	شرکت کردن	slushat
посещение	حضور	paseshcheniye
явка	حضور	yavka
служитель	ملازم؛ ملتزم	sluzhitel
сопутствующий	ملازم؛ ملتزم	saputstvuyushchiy
внимание	توجه	vnimaniye
внимательный	متوجه؛ دربند	vnimatelnyy
предупредительный	متوجه؛ دربند	predupreditelnyy
туалет	لباس پوشاندن	tualet
наряд	لباس پوشاندن	naryad
отношение	طرز برخورد	atnasheniye
положение	طرز برخورد	palazheniye
поверенный	وکیل	paverennyy
стряпчий	وکیل	stryapchiy
привлечь	مجذوب کردن؛ مجذوب ساختن	privlech
привлекать	مجذوب کردن؛ مجذوب ساختن	privlekat
привлечение	جلب؛ جذب	privlecheniye
влечение	جلب؛ جذب	vlecheniye
интересный	جذاب	interesnyy
симпатичный	جذاب	simpatichnyy
определение	نسبت دادن، صفت	apredeleniye
атрибут	نسبت دادن، صفت	atribut
аукцион	حراج	auktsion
торги	حراج	targi
смелый	گستاخ؛ جسور	smelyy
дерзкий	گستاخ؛ جسور	derzkiy
смелость	بی باکی	smelast
дерзость	بی باکی	derzast
слышный	شنیدنی	slyshnyy
слышимый	شنیدنی	slyshimyy
зритель	حضار	zritel
слушатель	حضار	slushatel
аудио	شنیداری	audio
звук	شنیداری	zvuk
проверить	حسابرسی	praverit
проверять	حسابرسی	praveryat
аудитор	ممیز؛ مستمع	auditor
ревизор	ممیز؛ مستمع	revizor
слушательница	سمعی؛ سماعی	slushatelnitsa
август	آگوست	avgust
величественный	آگوست	velichestvennyy
тётя	عمه، خاله	tyotya
тётка	عمه، خاله	tyotka
эгида	توجهات	egida
благоприятный	خجسته؛ فرخنده	blagapriyatnyy
строгий	ریاضت کش	strogiy
строгость	ریاضت	strogast
Австралия	استرالیا	avstraliya
австралиец	استرالیائی	avstraliyets
австралийка	استرالیائی	avstraliyka
Австрия	اطریش؛ اتریش	avstriya
австриец	اتریشی؛ اطریشی	avstriyets
австрийка	اتریشی؛ اطریشی	avstriyka
подлинный	معتبر	podlinnyy
неподдельный	معتبر	nepaddelnyy
подлинность	اصالت؛ سندیت	podlinnast
достоверность	اصالت؛ سندیت	dastavernast
писатель	نویسنده	pisatel
автор	نویسنده	avtar
властный	حاکمانه	vlastnyy
авторитетный	حاکمانه	avtaritetnyy
власть	اجازه؛ اختیار	vlast
вес	اجازه؛ اختیار	ves
разрешение	تنفیذ	razresheniye
разрешить	مجوز دادن	razreshit
разрешать	مجوز دادن	razreshat
ауто	خودرو	auto
автобиография	خودزیستنامه	avtabiagrafiya
самодержавие	استبداد	samaderzhaviye
автократия	استبداد	avtakratiya
самодержец	سلطان مطلق؛ سلطان مستبد	samaderzhets
автократический	استبدادی	avtakraticheskiy
единовластный	استبدادی	yedinavlastnyy
парабеллум	خودکار	parabellum
механический	خودکار	mekhanicheskiy
невольно	به صورت خودکار	nevolna
автоматически	به صورت خودکار	avtamaticheski
автомобиль	اتومبیل؛ خودرو	avtamabil
автомобильный	اتومبیل؛ خودرو	avtamabilnyy
автономный	خودگردان؛ خود مختار	avtanomnyy
автономия	خودمختاری	avtanomiya
осень	پاییز	osen
осенний	خزانی؛ خریفی	asenniy
использовать	بکار خوردن؛ سودمند بودن	ispolzovat
наличие	در دسترس بودن	nalichiye
доступность	در دسترس بودن	dastupnast
наличный	در دسترس	nalichnyy
лавина	بهمن	lavina
лава	بهمن	lava
отомстить	دادگیری کردن	atamstit
мстить	دادگیری کردن	mstit
средний	متوسط	sredniy
среднестатистический	متوسط	srednestatisticheskiy
гадливость	نفرت؛ بدآمدن	gadlivast
авиационный	هواپیمائی؛ هوانوردی	aviatsionnyy
избегать	اجتناب کردن	izbegat
уклоняться	اجتناب کردن	uklanyatsya
избежание	اجتناب؛ حذر	izbezhaniye
ждать	در انتظار بودن	zhdat
пробуждение	بیدار؛ بیداری کشیدن	prabuzhdeniye
проснуться	بیدار؛ بیداری کشیدن	prasnutsya
премия	جایزه	premiya
диплом	جایزه	diplom
осведомлённый	آگاه؛ مطلع	asvedamlyonnyy
сознание	آگاهی	saznaniye
прочь	دور	proch
подальше	دور	padalshe
благоговение	هیبت؛ هیبت دادن	blagagaveniye
ужасать	هیبت؛ هیبت دادن	uzhasat
кошмарный	وحشتناک	kashmarnyy
дьявольский	وحشتناک	dyavalskiy
ненадолго	مدتی؛ یک چندی	nenadolgo
на некоторое время	مدتی؛ یک چندی	na nekotoroye vremya
неуклюжий	نامناسب	neuklyuzhiy
неудобный	نامناسب	neudobnyy
неловкость	ناشیگری	nelovkast
неуклюжесть	ناشیگری	neuklyuzhest
набок	چپ چپ؛ به‌طور میل	nabak
криво	چپ چپ؛ به‌طور میل	kriva
ах	تیشه؛ تبر	akh
топор	تیشه؛ تیشه زدن	tapor
ось	آسه؛ محور چرخ	os
лазурь	مینا؛ لاجورد	lazur
голубой	مینا؛ لاجورد	galuboy
вавилон	طرح خیالی؛ بنای شگرف	vavilon
бабель	طرح خیالی؛ بنای شگرف	babel
павиан	عنتر	pavian
мандрил	عنتر	mandril
младенец	نوزاد، کودک	mladenets
дитя	نوزاد، کودک	ditya
холостяк	عزب؛ مجرد	khalastyak
бобыль	عزب؛ مجرد	babyl
палочка	باسیل	palachka
бацилла	باسیل	batsilla
спина	پشت، عقب؛ پشتی، عقب	spina
рубашка	پشت، عقب؛ پشتی، عقب	rubashka
задник	صحنه پشت	zadnik
нарды	مهره؛ نرد	nardy
триктрак	مهره؛ نرد	triktrak
фон	سابقه، پس زمینه	fon
фоновый	سابقه، پس زمینه	fonavyy
поддержка	حمایت	padderzhka
резервный	پشتیبان	rezervnyy
запасной	پشتیبان	zapasnoy
отсталый	بدون ترقی	atstalyy
запоздалый	بدون ترقی	zapazdalyy
обратно	ازپشت؛ عقب مانده	abratna
подпор	باریکه آب	padpor
глушь	جنگلهای دورافتاده	glush
глухомань	جنگلهای دورافتاده	glukhaman
бактерия	باکتری‌ها	bakteriya
бактериальный	باکتریائی	bakterialnyy
бактерийный	باکتریائی	bakteriynyy
бактериология	باکتری شناسی	bakterialogiya
плохой	بد	plakhoy
дурной	بد	durnoy
значок	نشان	znachok
бляха	نشان	blyakha
худо	بد	khuda
сильно	بد	silna
мешок	کیف	meshok
сумка	کیف	sumka
багаж	بارسفر	bagazh
мешковина	پارچه کیسهای	meshkovina
упаковка в мешки	پارچه کیسهای	upakovka v meshki
помятый	کیسه ای متورم	pamyatyy
мешковатый	کیسه ای متورم	meshkavatyy
порука	وثیقه	paruka
поручитель	وثیقه	paruchitel
приказчик	ضابط	prikazchik
приманка	طعمه؛ طعمه دادن	primanka
наживка	طعمه؛ طعمه دادن	nazhivka
печь	پختن؛ طبخ کردن	pech
испечь	پختن؛ طبخ کردن	ispech
пекарь	شاطر؛ نانوا	pekar
хлебник	شاطر؛ نانوا	khlebnik
выпечка	طبخ	vypechka
обжиг	طبخ	obzhig
остаток	مانده؛ تراز	astatak
равновесие	مانده؛ تراز	ravnavesiye
планомерный	متعادل	planamernyy
взвешенный	متعادل	vzveshennyy
балкон	خروجی؛ بالکن	balkon
голый	کل؛ طاس	golyy
лысый	کل؛ طاس	lysyy
пагубный	غم انگیز؛ مصیبت بار	pagubnyy
балка	زیرش زدن؛ مایه لغزش	balka
шар	توپ	shar
мяч	توپ	myach
дума	شعر افسانه ای	duma
баллада	شعر افسانه ای	ballada
балет	باله	balet
балетный	باله	baletnyy
аэростат	بادکنک	aerastat
воздухоплавательный	بادکنک	vazdukhaplavatelnyy
баллотировать	برگه رای	ballatiravat
бальзам	بلسان	balzam
бальзамин	بلسان	balzamin
балтийский	بالتیک	baltiyskiy
прибалтийский	بالتیک	pribaltiyskiy
бамбук	خیزران؛ بامبو	bambuk
запрет	نهی؛ منع کردن	zapret
запретить	نهی؛ منع کردن	zapretit
банан	موز	banan
полоса	گروه (موسیقی)	palasa
дорожка	گروه (موسیقی)	darozhka
повязка	تنزیب؛ پانسمان	pavyazka
бинт	تنزیب؛ پانسمان	bint
бандит	سارق؛ راهزن	bandit
головорез	سارق؛ راهزن	galavarez
патронташ	قطار فشنگ	patrantash
отрава	جانی؛ مخرب زندگی	atrava
пагуба	جانی؛ مخرب زندگی	paguba
хлопок	چتر زلف	khlapok
угодить	چتر زلف	ugadit
выслать	دور کردن؛ نفی بلد کردن	vyslat
изгнать	دور کردن؛ نفی بلد کردن	izgnat
изгнание	نفی؛ تبعید	izgnaniye
берег	بانک (پول)	bereg
банк	بانک (پول)	bank
банкир	صراف؛ بانک دار	bankir
банкомёт	صراف؛ بانک دار	bankamyot
банкирский	بانکی؛ صرافی	bankirskiy
банкрот	ورشکست	bankrot
крах	اعسار؛ افلاس	krakh
банкротство	اعسار؛ افلاس	bankrotstva
знамя	بنر	znamya
стяг	بنر	styag
пир	مهمانی؛ سور	pir
банкет	مهمانی؛ سور	banket
подшучивать	شوخی کنایه دار	padshuchivat
подшутить	شوخی کنایه دار	padshutit
крещение	تعمید؛ غسل	kreshcheniye
крестильный	تعمیدی	krestilnyy
стойка	میخانه، میله	stoyka
буфет	میخانه، میله	bufet
варвар	بی تمدن	varvar
варварский	بی تمدن	varvarskiy
дикий	بربری	dikiy
варварство	وحشیگری	varvarstva
варваризм	وحشیگری	varvarizm
изуверство	بی رحمی؛ قساوت قلب	izuverstva
колючий	خاردار	kolyuchiy
зазубренный	خاردار	zazubrennyy
парикмахер	آرایشگر؛ سلمانی	parikmakher
брадобрей	آرایشگر؛ سلمانی	bradabrey
открыть	لخت	atkryt
открывать	لخت	atkryvat
босиком	پابرهنه	basikom
едва	به سختی	yedva
еле	به سختی	yele
сделка	معامله	sdelka
торг	چانه زنی	torg
баржа	دوبه؛ سرزده وارد شدن	barzha
вваливаться	دوبه؛ سرزده وارد شدن	vvalivatsya
лай	عوعو؛ عوعو کردن	lay
кора	عوعو؛ عوعو کردن	kara
ячмень	علیق؛ جوین	yachmen
ячменный	علیق؛ جوین	yachmennyy
сарай	طویله؛ کاهدان	saray
казарма	طویله؛ کاهدان	kazarma
барон	باروری	baron
магнат	باروری	magnat
баронесса	همسر بارون	baranessa
ствол	بشکه	stvol
барабан	بشکه	baraban
безрудный	عقیم؛ نازا	bezrudnyy
скудный	عقیم؛ نازا	skudnyy
барьер	مانع	baryer
преграда	مانع	pregrada
носилки	زنبه؛ خاک کش	nasilki
курган	زنبه؛ خاک کش	kurgan
обмен	پایاپای؛ تهاتر	abmen
мена	پایاپای؛ تهاتر	mena
основание	فرومایه؛ لئیم	asnavaniye
основа	فرومایه؛ لئیم	asnova
бейсбол	بیسبال	beysbol
бейсбольный	بیسبال	beysbolnyy
основанный	بر اساس	osnovannyy
необоснованный	بی پایه؛ بی اساس	neabasnovannyy
подвал	زیرزمین	padval
робкий	محجوبانه؛ شرمرو	robkiy
застенчивый	محجوبانه؛ شرمرو	zastenchivyy
застенчивость	کمروئی	zastenchivast
стыдливость	کمروئی	stydlivast
основной	اصلی؛ اساسی	asnavnoy
коренной	اصلی؛ اساسی	karennoy
в основном	اصلاً؛ اساساً	v osnovnom
по существу	اصلاً؛ اساساً	po sushchestvu
миска	طشت؛ تشتک	miska
таз	طشت؛ تشتک	taz
начало	پایه؛ اصل	nachala
нажариваться	حمام آفتاب گرفتن	nazharivatsya
корзина	سبد	karzina
кузов	سبد	kuzav
баскетбол	بسکتبال	basketbol
бас	باس	bas
бита	خفاش؛ ضربه زدن (با چوب)	bita
лапта	خفاش؛ ضربه زدن (با چوب)	lapta
ванна	حمام	vanna
кюветка	حمام	kyuvetka
покупать	شستشو؛ شستشو کردن	pakupat
купаться	شستشو؛ شستشو کردن	kupatsya
купание	آبتنی	kupaniye
промывание	آبتنی	pramyvaniye
санузел	حمام	sanuzel
батист	پاتیس	batist
дубинка	باتون؛ عصای افسران	dubinka
жезл	باتون؛ عصای افسران	zhezl
батальон	گردان	batalon
батарея	باتری؛ باطری	batareya
батарейка	باتری؛ باطری	batareyka
бой	نبرد؛ جنگ	boy
битва	نبرد؛ جنگ	bitva
поле боя	میدان جنگ	pole boya
поле битвы	میدان جنگ	pole bitvy
броненосец	ناو؛ رزمناو	branenosets
линкор	ناو؛ رزمناو	linkor
губа	خلیج	guba
горло	خلیج	gorla
штык	سرنیزه	shtyk
приколоть	سرنیزه	prikalot
быть	بودن	byt
сидеть	بودن	sidet
пляж	ساحل	plyazh
маяк	چراق دریایی	mayak
аэромаяк	چراق دریایی	aeramayak
шарик	دانه؛ مهره	sharik
бисерина	دانه؛ مهره	biserina
бисерная отделка	روکوب	bisernaya otdelka
обшивка	روکوب	obshivka
нос	نوک؛ تک	nos
клюв	نوک؛ تک	klyuv
луч	پرتو	luch
бревно	پرتو	brevno
боб	لوبیا	bob
медведь	خرس	medved
мишка	خرس	mishka
ость	ریش؛ محاسن	ost
бородатый	ریشو؛ ریشدار	baradatyy
остистый	ریشو؛ ریشدار	astistyy
проводник	حامل؛ درخت بارور	pravadnik
податель	حامل؛ درخت بارور	padatel
зверь	جانور	zver
скотина	جانور	skatina
зверский	جانوروار	zverskiy
бит	ضربه زدن، شکست دادن	bit
бить	ضربه زدن، شکست دادن	bit
наезженный	زده؛ کوبیده	nayezzhennyy
проторённый	زده؛ کوبیده	prataryonnyy
денди	جوان شیک	dendi
франт	جوان شیک	frant
хороший	زیبا	kharoshiy
красивый	زیبا	krasivyy
красота	خوبی؛ جمال	krasata
красавица	خوبی؛ جمال	krasavitsa
потому	زیرا	patamu
потому что	زیرا	patamu chto
становиться	شدن	stanavitsya
делаться	شدن	delatsya
кровать	تختخواب	kravat
постель	تختخواب	pastel
опочивальня	شبستان	apachivalnya
подстилка	رختخواب؛ هوای آزاد	padstilka
прикованный к постели	بستری	prikovannyy k posteli
спальня	اتاق خواب	spalnya
у постели	بالین	u posteli
прикроватный	بالین	prikrovatnyy
время ложиться спать	وقت استراحت؛ موقع خوابیدن	vremya lozhitsya spat
пчела	زنبور؛ مگس انگبین	pchela
пчелиный	زنبور؛ مگس انگبین	pchelinyy
бук	آلش	buk
говядина	گوشت گاو	gavyadina
пиво	آبجو	piva
пивасик	آبجو	pivasik
пред	قبل از	pred
перед	قبل از	pered
заранее	پیشاپیش	zaraneye
предварительно	پیشاپیش	predvaritelna
подружиться	رفاقت کردن؛ تجیب کردن	podruzhitsya
стать другом	رفاقت کردن؛ تجیب کردن	stat drugom
умолять	التماس کردن؛ استدعا کردن	umalyat
взмолиться	التماس کردن؛ استدعا کردن	vzmalitsya
породить	پس انداختن؛ سبب وجود شدن	paradit
порождать	پس انداختن؛ سبب وجود شدن	parazhdat
попрошайка	گدا؛ فقیر	paprashayka
разночинец	گدا؛ فقیر	raznachinets
начать	شروع کردن	nachat
начинать	شروع کردن	nachinat
почин	شروع	pachin
от имени	از طرف	ot imeni
в интересах	از طرف	v interesakh
вести	رفتار کردن	vesti
поступать	رفتار کردن	pastupat
поведение	رفتار؛ اخلاق	pavedeniye
обезглавленный	سربریده	obezglavlennyy
за	پشت سر، عقب	za
сзади	پشت سر، عقب	szadi
зреть	هان؛ هین	zret
узреть	هان؛ هین	uzret
бежевый	بژ	bezhevyy
беж	بژ	bezh
бельгиец	بلژیکی	belgiyets
бельгийка	بلژیکی	belgiyka
бельгия	بلژیک	belgiya
вера	ایمان؛ اعتقاد	vera
убеждение	ایمان؛ اعتقاد	ubezhdeniye
думать	باور داشتن	dumat
верить	باور داشتن	verit
верующий	معتقد؛ مومن	veruyushchiy
звонок	ناقوس؛ جرس	zvanok
колокол	ناقوس؛ جرس	kolakal
воюющий	متحارب	vayuyushchiy
брюхо	شکم؛ بطن	bryukha
принадлежать	تعلق داشتن	prinadlezhat
лада	محبوب	lada
возлюбленная	محبوب	vazlyublennaya
под	زیر، پایین	pod
внизу	زیر، پایین	vnizu
пояс	کمربند	poyas
скамейка	نیمکت	skameyka
лавка	نیمکت	lavka
критерий	معیار	kriteriy
мерило	معیار	merilo
колено	چنبره؛ خمیدگی	kalena
поворот	چنبره؛ خمیدگی	pavarot
ниже	زیر	nizhe
благословение	رضوان؛ نیایش	blagaslaveniye
благодетель	واقف؛ نیکوکار	blagadetel
благодетельный	منان؛ منعم	blagadetelnyy
благодатный	مفید	blagadatnyy
благотворный	مفید	blagatvornyy
льготник	ذینفع	lgotnik
польза	فایده	polza
выгода	فایده	vygada
благосклонность	خوشدلی؛ نوع پرستی	blagasklonnast
благожелательность	خوشدلی؛ نوع پرستی	blagazhelatelnast
доброжелательный	خیر؛ نیکوکار	dabrazhelatelnyy
благосклонный	خیر؛ نیکوکار	blagasklonnyy
доброкачественный	جید	dabrakachestvennyy
склонность	خم؛ متمایل	sklonnast
наследство	وقف نامه	nasledstvo
Берлин	برلین؛ برلن	berlin
берлинский	برلین؛ برلن	berlinskiy
койка	پهلو گرفتن؛ اطاق کشتی	koyka
полка	پهلو گرفتن؛ اطاق کشتی	polka
берилл	بزادی	berill
упрашивать	التماس کردن	uprashivat
упросить	التماس کردن	uprasit
умоляющий	از و جز	umolyayushchiy
возле	کنار	vozle
рядом	کنار	ryadam
кроме	علاوه بر این	krome
кстати	علاوه بر این	kstati
лучший	بهترین	luchshiy
наилучший	بهترین	nailuchshiy
пожаловать	عطا کردن؛ بذل کردن	pazhalavat
подарить	عطا کردن؛ بذل کردن	padarit
ставка	شرط بندی؛ شرط بستن	stavka
пари	شرط بندی؛ شرط بستن	pari
бета	بتا	beta
выдавать	خیانت کردن	vydavat
предательство	خیانت؛ افشاء سر	predatelstva
измена	خیانت؛ افشاء سر	izmena
поправить	بهتر	papravit
поправлять	بهتر	papravlyat
улучшение	بهی	uluchsheniye
между	بین	mezhdu
меж	بین	mezh
напиток	شربت؛ نوشابه	napitak
питьё	شربت؛ نوشابه	pityo
беречься	هان؛ هلا	berechsya
остерегаться	هان؛ هلا	asteregatsya
растерянный	گیج؛ سردرگم	rasteryannyy
озадаченный	گیج؛ سردرگم	ozadachennyy
недоумение	گیجی؛ سردرگمی	nedaumeniye
дезориентация	گیجی؛ سردرگمی	dezariyentatsiya
тенденция	تعصب	tendentsiya
библия	انجیل؛ کتاب مقدس	bibliya
бикарбонат	جوش شیرین	bikarbanat
двууглекислый	جوش شیرین	dvuuglekislyy
велосипед	دوچرخه	velasiped
велик	دوچرخه	velik
езда на велосипеде	دوچرخه سواری	yezda na velosipede
наказывать	پیشنهاد دادن، پیشنهاد	nakazyvat
катафалк	مقبره	katafalk
раздвоение	شکاف گاه	razdvayeniye
бифуркация	شکاف گاه	bifurkatsiya
большой	بزرگ	balshoy
крупный	بزرگ	krupnyy
двусторонний	دوجانبه؛ دوطرفه	dvustaronniy
желчь	صفر؛ زرداب	zhelch
жёлчный	صفراوی؛ زرداب ریز	zhelchnyy
полено	یادداشت مختصر؛ ورقه جیره	palena
миллиард	میلیارد	milliard
млрд	میلیارد	mlrd
биллон	بورچاق	billon
ларь	سطل آشغال	lar
двойной	دوجزئی؛ دوگانه	dvoynoy
двоичный	دوجزئی؛ دوگانه	dvoichnyy
связывать	بستن	svyazyvat
вязальщик	صحاف؛ شیرازه	vyazalshchik
сноповязалка	صحاف؛ شیرازه	snapavyazalka
переплёт	حتیالاجرا؛ تجلید	pereplyot
вязка	حتیالاجرا؛ تجلید	vyazka
биографический	زیستنامهای	biograficheskiy
биография	زندگی‌نامه	biagrafiya
жизнеописание	زندگی‌نامه	zhizneapisaniye
биологический	زیستی	bialagicheskiy
биология	زیست‌شناسی	bialogiya
биполярный	دوقطبی	bipalyarnyy
берёза	توس؛ غان	beryoza
розга	توس؛ غان	rozga
птица	پرنده	ptitsa
птичий	پرنده	ptichiy
Бирмингем	بیرمنگام	birmingem
род	تولد	rod
рождение	تولد	razhdeniye
др	تولد	dr
родина	زادگاه؛ مسقطالراس	rodina
право по рождению	حق ارشدیت	pravo po rozhdeniyu
галета	بیسکویت	galeta
бисквит	بیسکویت	biskvit
слон	اسقف	slon
епископ	اسقف	yepiskap
кусок	تکه کوچک	kusok
бородка	تکه کوچک	barodka
укус	گاز؛ نیش	ukus
хватка	گاز؛ نیش	khvatka
горький	تلخ؛ مر	gorkiy
ожесточённый	تلخ؛ مر	azhestachyonnyy
горечь	تلخی	gorech
ожесточение	تلخی	azhestacheniye
бивак	اتراق؛ اتراق کردن	bivak
бивачный	اتراق؛ اتراق کردن	bivachnyy
вычурный	عجیب و غریب	vychurnyy
ваксить	سیاه	vaksit
наваксить	سیاه	navaksit
коваль	آهنکر؛ آهنگر	kaval
камера	بادکنک؛ کمیزدان	kamera
пузырь	بادکنک؛ کمیزدان	puzyr
пластинка	تیغه	plastinka
лезвие	تیغه	lezviye
лезвийный	تیغه دار	lezviynyy
снабжённый лезвием	تیغه دار	snabzhyonnyy lezviyem
упрёк	سرزنش؛ ملامت	upryok
осуждение	سرزنش؛ ملامت	asuzhdeniye
пробел	خالی	prabel
одеяло	پتو	adeyala
плед	پتو	pled
разрушать	انفجار، منفجر کردن	razrushat
подорвать	انفجار، منفجر کردن	padarvat
пламя	افروختگی؛ شعله زدن	plamya
пылать	افروختگی؛ شعله زدن	pylat
уклейка	درمعرض بادسرد	ukleyka
неуютный	درمعرض بادسرد	neuyutnyy
кровоточить	خونریزی کردن	kravatachit
изъяны	معایب	izyany
пятна	معایب	pyatna
смесь	ترکیب کردن	smes
смешение	ترکیب کردن	smesheniye
смешанные	عجین	smeshannyye
благословить	برکت دادن	blagaslavit
благословлять	برکت دادن	blagaslavlyat
блаженство	مبارکی	blazhenstvo
благословенность	مبارکی	blagoslovennost
благо	برکت	blaga
штора	کور؛ نابینا	shtora
ослепить	کور؛ نابینا	aslepit
слепота	کوری؛ نابینائی	slepata
ослепление	کوری؛ نابینائی	aslepleniye
мигать	سوسو زدن؛ نگاه مختصر	migat
моргнуть	سوسو زدن؛ نگاه مختصر	margnut
мигание	طرفه العین	miganiye
раковина	آبله؛ طاول	rakavina
блок	مانع ورادع؛ جعبه قرقره	blok
квартал	بلوک؛ مسدود کردن	kvartal
блокада	گرفتگی؛ سدراه کردن	blakada
блокировать	گرفتگی؛ سدراه کردن	blakiravat
дуб	بی کله	dub
пень	بی کله	pen
блог	وبلاگ	blog
блондинка	بلوند	blandinka
блондин	بلوند	blandin
кровь	خون	krov
кровушка	خون	krovushka
бескровный	بی خون؛ بدون خونریزی	beskrovnyy
обескровленный	بی خون؛ بدون خونریزی	abeskrovlennyy
кровопролитие	خونریزی؛ سفک دماء	kravapralitiye
кровавый	خونریز؛ خونخوار	krovavyy
кровопролитный	خونریز؛ خونخوار	krovoprolitnyy
окровавленный	خونین؛ خون آلود	akravavlennyy
пушок	شکوفه؛ شکفتن	pushok
налёт	شکوفه؛ شکفتن	nalyot
цветок	شکوفه؛ گل دادن	tsvetok
расцвести	شکوفه؛ گل دادن	rastsvesti
пятно	لک کردن	pyatno
клякса	لک کردن	klyaksa
дуть	دمیدن؛ ضربه، دمیدن	dut
веять	دمیدن؛ ضربه، دمیدن	veyat
синева	آبی	sineva
голубизна	آبی	galubizna
блеф	توپ؛ بلف	blef
пуф	توپ؛ بلف	puf
сизый	آبی فام	sizyy
голубоватый	آبی فام	galubavatyy
ошибка	خبط کردن؛ اشتباه کار	ashibka
притупить	کند کردن؛ بی نوک	pritupit
задурманивать	کند کردن؛ بی نوک	zadurmanivat
прямо	بالصراحه	pryama
тупость	صراحت	tupast
отуманивать	تیرگی؛ لک کردن	atumanivat
размазываться	تیرگی؛ لک کردن	razmazyvatsya
краска	روژ	kraska
румянец	روژ	rumyanets
удав	مار اژدر؛ اژدر مار	udav
боа	مار اژدر؛ اژدر مار	boa
стол	تخته، هیئت مدیره	stol
хвастаться	فخر فروختن	khvastatsya
хвалиться	فخر فروختن	khvalitsya
корабль	قایق	karabl
лодка	قایق	lodka
телесный	تنی؛ جسمی	telesnyy
тело	بدن	tela
телохранитель	مستحفظ شخص؛ گارد مخصوص	telokhranitel
охранник	مستحفظ شخص؛ گارد مخصوص	okhrannik
болото	سیاه آب؛ لجن زار	balota
зыбун	سیاه آب؛ لجن زار	zybun
нарыв	جوشاندن	naryv
чирей	جوشاندن	chirey
котёл	دیگ	katyol
куб	دیگ	kub
оживлённый	بلند وناهنجار	azhivlyonnyy
шумливый	بلند وناهنجار	shumlivyy
смело	جسارتا؛ جسورانه	smela
размашисто	جسارتا؛ جسورانه	razmashista
затвор	زبانه؛ زبانه دار کردن	zatvor
запор	زبانه؛ زبانه دار کردن	zapor
бомба	بمب؛ بمباران کردن	bomba
бомбить	بمب؛ بمباران کردن	bambit
бомбардировать	توپ زدن؛ بتوپ بستن	bambardiravat
заспать	توپ زدن؛ بتوپ بستن	zaspat
бомбардировка	بمباران	bambardirovka
бомбардирование	بمباران	bambardiravaniye
бомбардировщик	بمب انداز؛ بمب افکن	bambardirovshchik
бомбовоз	بمب انداز؛ بمب افکن	bambavoz
бомбёжка	بمباران	bambyozhka
связь	صلح؛ وجه الضمانه	svyaz
купюра	صلح؛ وجه الضمانه	kupyura
кость	استخوان	kost
косточка	استخوان	kostachka
шляпа	درپوش؛ کلاه سرگذاشتن	shlyapa
капот	درپوش؛ کلاه سرگذاشتن	kapot
бонни	قوی وزیبا	bonni
тантьема	پاداش	tantyema
костлявый	استخوانی؛ اسکلتی	kastlyavyy
костистый	استخوانی؛ اسکلتی	kastistyy
балбес	ساده لوح	balbes
оболтус	ساده لوح	aboltus
книга	رزرو کردن؛ کتاب، رزرو کردن	kniga
книжка	رزرو کردن؛ کتاب، رزرو کردن	knizhka
запись	رزرو	zapis
книжный	کتابی؛ ملانقطی	knizhnyy
гул	رونق	gul
находка	هم پیاله	nakhodka
раздувать	افزایش دادن، افزایش	razduvat
сапог	چکمه	sapog
ботинок	چکمه	batinak
палатка	غرفه؛ جای ویژه	palatka
кабина	غرفه؛ جای ویژه	kabina
добыча	غارت؛ غنیمت	dabycha
край	کناره؛ مرز	kray
рубеж	کناره؛ مرز	rubezh
канал	مو؛ سرخر	kanal
зуда	مو؛ سرخر	zuda
скучающий	خسته	skuchayushchiy
скука	خستگی؛ ملالت	skuka
бурение	خسته‌کننده	bureniye
скучный	خسته‌کننده	skuchnyy
природный	متولد شدن	prirodnyy
присяжный	متولد شدن	prisyazhnyy
занять	قرض گرفتن	zanyat
перехватывать	قرض گرفتن	perekhvatyvat
заимствование	عاریه؛ استقراض	zaimstvavaniye
Босния	بوسنی	bosniya
грудь	سینه؛ بغل	grud
пазуха	سینه؛ بغل	pazukha
начальник	رئیس	nachalnik
хозяин	رئیس	khazyain
Бостон	بوستون	bostan
бостоновый	بوستون	bastonavyy
ботаник	گیاهشناس	batanik
ботаника	گیاهشناسی	batanika
двух	هر دو	dvukh
оба	هر دو	oba
возня	رنجاندن؛ ایذاء	vaznya
бутылка	بطری	butylka
флакон	بطری	flakon
дно	پایین، ته	dno
зад	پایین، ته	zad
лапа	شانه حیوان	lapa
ветвь	شانه حیوان	vetv
прыгать	جهش کردن	prygat
предел	مقید	predel
перебежка	مقید	perebezhka
черта	مرز	cherta
безграничный	بیکران؛ نامتناهی	bezgranichnyy
бескрайний	بیکران؛ نامتناهی	beskrayniy
букет	گلدسته	buket
буржуй	طبقه دوم	burzhuy
боргес	طبقه دوم	borges
коровий	شبیه گاو؛ گاو خوی	koroviy
бычий	شبیه گاو؛ گاو خوی	bychiy
лук	خم شدن، تعظیم	luk
кишечник	امعاء	kishechnik
потроха	امعاء	patrakha
будуар	آلاچیق	buduar
чаша	کاسه	chasha
котелок	قدح ساز؛ مشروب خوارافراطی	katelok
ящик	جعبه	yashchik
коробка	جعبه	karobka
боксёр	مشتباز؛ مشتزن	baksyor
бокс	بوکس؛ مشتزنی	boks
парень	پسر	paren
бойкот	بایکوت؛ تحریم کردن	baykot
бойкотировать	بایکوت؛ تحریم کردن	baykatiravat
друг	دوست پسر	drug
подпорка	آکولاد	padporka
оттяжка	آکولاد	attyazhka
скобка	دیاق	skobka
вилка	دیاق	vilka
хвастать	لاف؛ بالیدن	khvastat
похвастать	لاف؛ بالیدن	pakhvastat
плетёный	بافته	pletyonyy
заплетённый	بافته	zapletyonnyy
плетение	نواریاتوری قیطانی	pleteniye
оплётка	نواریاتوری قیطانی	aplyotka
мозг	مغز	mozg
мозговой	مغز	mazgavoy
тормоз	ترمز؛ ترمز کردن	tormaz
линейка	ترمز؛ ترمز کردن	lineyka
рукав	شاخه؛ شاخ	rukav
марка	جور؛ داغ	marka
сорт	جور؛ داغ	sort
латунь	نحاس؛ افسر ارشد	latun
медяшка	نحاس؛ افسر ارشد	medyashka
латунный	برنجی؛ برنج مانند	latunnyy
невоспитанный	ننر؛ کف شیر	nevospitannyy
бравировать	رشید؛ راد	braviravat
храбрый	رشید؛ راد	khrabryy
храбро	شجاعانه؛ غازیانه	khrabra
храбрость	تهور؛ شهامت	khrabrast
отвага	تهور؛ شهامت	atvaga
браво	آفرین؛ هورا	brava
жаровня	رویگر؛ آتشدان	zharovnya
мангал	رویگر؛ آتشدان	mangal
Бразилия	برازیلیا؛ برزیل	braziliya
нарушение	نقض کردن، نقض	narusheniye
прорыв	نقض کردن، نقض	praryv
хлеб	نان	khleb
ширина	وسعت نظر	shirina
широта	وسعت نظر	shirata
окно	شکستن، استراحت	akno
перемена	شکستن، استراحت	peremena
авария	خرابی	avariya
развал	خرابی	razval
завтрак	صبحانه	zavtrak
завтракать	صبحانه	zavtrakat
переломный	پیشرفت	perelomnyy
разрыв отношений	بهم زدن	razryv otnosheniy
грудинка	سینه؛ پستان	grudinka
дух	دم؛ نفس	dukh
дыхание	دم؛ نفس	dykhaniye
дышать	تنفس کردن؛ استنشاق کردن	dyshat
вдохнуть	تنفس کردن؛ استنشاق کردن	vdakhnut
веяние	تنفس؛ ذینفس	veyaniye
запыхавшийся	بی جان؛ بی نفس	zapykhavshiysya
задыхающийся	بی جان؛ بی نفس	zadykhayushchiysya
казённая часть	ته توپ؛ ته تفنگ	kazyonnaya chast
племя	نژاد، پرورش دادن	plemya
порода	نژاد، پرورش دادن	paroda
воспитание	تخم کشی؛ تولید مثل	vaspitaniye
развод	تخم کشی؛ تولید مثل	razvod
ветер	نسیم؛ بادملایم	veter
ветерок	نسیم؛ بادملایم	veterok
бризи	نسیمدار؛ شادی بخش	brizi
пивовар	آبجوساز	pivavar
пивоваренный завод	آبجوسازی	pivovarennyy zavod
пивоварня	آبجوسازی	pivovarnya
мзда	رشوه؛ رشوه دادن	mzda
взятка	رشوه؛ رشوه دادن	vzyatka
подкуп	رشوه؛ ارتشاء	podkup
взяточничество	رشوه؛ ارتشاء	vzyatachnichestva
кирпич	آجر	kirpich
плитка	آجر	plitka
свадебный	متعلق بعروس	svadebnyy
невестин	متعلق بعروس	nevestin
невеста	عروس	nevesta
новобрачная	عروس	navabrachnaya
жених	دامادی	zhenikh
молодой	دامادی	maladoy
мост	پل	most
мостик	پل	mostik
уздечка	افسار؛ عنان	uzdechka
узда	افسار؛ عنان	uzda
краткий	مختصر؛ کوتاهمدت	kratkiy
недолгий	مختصر؛ کوتاهمدت	nedolgiy
вкрасться	به طور خلاصه	vkrastsya
коротко	به طور خلاصه	koratka
бригада	تیپ	brigada
светлый	روشن	svetlyy
яркий	روشن	yarkiy
проясниться	زرنگ کردن؛ درخشان کردن	prayasnitsya
светлеть	زرنگ کردن؛ درخشان کردن	svetlet
яркость	فروغ؛ روشنی	yarkast
светлость	فروغ؛ روشنی	svetlast
бриллиант	درخشان	brilliant
привести	آوردن	privesti
принести	آوردن	prinesti
грань	لب؛ شرف	gran
Британия	بریتانیا	britaniya
английский	بریتانیایی؛ انگلیسی	angliyskiy
британский	بریتانیایی؛ انگلیسی	britanskiy
хрупкий	شکننده؛ ترد	khrupkiy
ломкий	شکننده؛ ترد	lomkiy
широкий	گشاد؛ پهن	shirokiy
широкополосная передача	پهنای باند	shirokopolosnaya peredacha
бродбэнд	پهنای باند	brodbend
передача	پخش؛ پراکندن	peredacha
трансляция	پخش؛ پراکندن	translyatsiya
диктор	پخش کننده	diktor
дикторша	پخش کننده	diktorsha
расширяться	وسیع کردن	rasshiryatsya
расширять	وسیع کردن	rasshiryat
широко	به طور گسترده	shirako
брошюра	جزوه؛ بروشور	brashyura
разбитый	شکسته	razbityy
прерывистый	شکسته	preryvistyy
маклер	واسطه؛ دلال	makler
бронхит	برنشیت؛ آماس نایژه	brankhit
бронза	برنز؛ برنزی	bronza
бронзировать	برنز؛ برنزی	branziravat
брошка	گل سینه؛ باسنجاق آراستن	broshka
брошь	گل سینه؛ باسنجاق آراستن	brosh
речка	جوی؛ جویبار	rechka
ручей	جوی؛ جویبار	ruchey
веник	جاروب؛ جارو	venik
метла	جاروب؛ جارو	metla
брат	برادر	brat
братец	برادر	bratets
братство	اخوت؛ برادری	bratstva
братия	اخوت؛ برادری	bratiya
братский	برادرانه؛ برادر وار	bratskiy
зарумяниться	قهوه‌ای	zarumyanitsya
зарумяниваться	قهوه‌ای	zarumyanivatsya
браузер	مرورگر	brauzer
синяк	کوفتگی؛ تباره	sinyak
ушиб	کوفتگی؛ تباره	ushib
вызывающий синяки	دق	vyzyvayushchiy sinyaki
брюнет	سبزه	bryunet
брюнетка	سبزه	bryunetka
правило	برس، برس زدن	pravila
жесть	بیرحمانه	zhest
зверски	بی رحمانه	zverski
по-зверски	بی رحمانه	po-zverski
пробурчать	حباب؛ غلغل سدن	praburchat
бубонный	خیارکی	bubonnyy
самец	دلار، نر (جانور)	samets
ведро	سطل؛ دول	vedro
ковш	سطل؛ دول	kovsh
пряжка	چپراست؛ سگک	pryazhka
застёжка	چپراست؛ سگک	zastyozhka
почка	جوانه؛ شکوفه	pochka
бутон	جوانه؛ شکوفه	buton
буддист	بودایی	buddist
буддийский	بودایی	buddiyskiy
приятель	رفیق	priyatel
кореш	رفیق	koresh
бюджет	بودجه	byudzhet
полировать	گاو وحشی؛ زرد نخودی	paliravat
отполировать	گاو وحشی؛ زرد نخودی	atpaliravat
буйвол	گاومیش؛ بوفالو	buyval
буфер	بافر	bufer
клоп	حشره، اشکال نرم‌افزاری	klop
подслушивать	حشره، اشکال نرم‌افزاری	padslushivat
рог	بوق	rog
рожок	بوق	razhok
сложение	ساختن	slazheniye
телосложение	ساختن	telaslazheniye
строитель	بساز و بفروش	straitel
здание	ساختمان	zdaniye
корпус	ساختمان	korpus
луковица	سوخ؛ لامپ برق	lukavitsa
луковичный	پیازی	lukovichnyy
выпуклый	پیازی	vypuklyy
утолщение	برامدگی؛ بالارفتگی	utalshcheniye
выпучить	برامدگی؛ بالارفتگی	vypuchit
громада	عمده	gramada
туша	عمده	tusha
грузный	جسیم؛ تنه دار	gruznyy
громоздкий	جسیم؛ تنه دار	gramozdkiy
бык	گاو؛ ثور	byk
производитель	گاو؛ ثور	praizvaditel
бульдог	بول داگ	buldog
пуля	تیر؛ گلوله	pulya
бюллетень	پژوهشنامه؛ بولتن	byulleten
вестник	پژوهشنامه؛ بولتن	vestnik
слиток	شمش	slitok
задира	قلدر؛ گردنکلفت	zadira
забияка	قلدر؛ گردنکلفت	zabiyaka
бастион	سنگربندی	bastion
оплот	سنگربندی	aplot
кисть	خوشه؛ خوشه کردن	kist
связка	خوشه؛ خوشه کردن	svyazka
пачка	بقچه؛ دسته کردن	pachka
свёрток	بقچه؛ دسته کردن	svyortak
бант	دربیس بال	bant
жизнерадостный	شناور	zhizneradastnyy
плавучий	شناور	plavuchiy
тяжесть	بار	tyazhest
груз	بار	gruz
тягостный	غم انگیز	tyagastnyy
обременительный	غم انگیز	abremenitelnyy
контора	اداره؛ شورا	kantora
бюро	اداره؛ شورا	byuro
бюрократия	بوروکراسی	byurakratiya
казёнщина	بوروکراسی	kazyonshchina
грабитель	دزد؛ دزد خانه	grabitel
взломщик	دزد؛ دزد خانه	vzlomshchik
похороны	دفن	pokharany
захоронение	دفن	zakharaneniye
дородный	گره دار	darodnyy
ожог	سوختن	azhog
гореть	سوختن	garet
грат	غلیظ تلفظ کردن	grat
заусенец	غلیظ تلفظ کردن	zausenets
нора	نقب؛ زیرزمین لانه کردن	nara
рыть	نقب؛ زیرزمین لانه کردن	ryt
взрыв	ترکیدن	vzryv
разрыв	ترکیدن	razryv
завалить	خاک کردن؛ گور کردن	zavalit
похоронить	خاک کردن؛ گور کردن	pakharanit
автобус	اتوبوس	avtobus
куст	بوته؛ بوش	kust
кустик	بوته؛ بوش	kustik
бушель	لیتر است؛ با پیمانه وزن کردن	bushel
дело	کسب و کار	dela
предприятие	کسب و کار	predpriyatiye
бизнесмен	بازرگان	biznesmen
предприниматель	بازرگان	predprinimatel
бюст	ورشکست کردن؛ ورشکست شدن	byust
суета	هایهو	suyeta
хлопоты	هایهو	khlopaty
занятый	مشغول	zanyatyy
напряжённый	مشغول	napryazhyonnyy
но	اما	no
боец	قصاب؛ قصابی کردن	bayets
палач	قصاب؛ قصابی کردن	palach
дворецкий	ساقی؛ آبدارباشی	dvaretskiy
приклад	شاخ زدن؛ نزدیک یا متصل شدن	priklad
попка	شاخ زدن؛ نزدیک یا متصل شدن	popka
масло	کره	masla
маслить	کره	maslit
бабочка	پروانه	babachka
мотылёк	پروانه	matylyok
сыворотка	آبدوغ	syvaratka
пахтанье	آبدوغ	pakhtanye
ягодицы	سرین؛ لنبر	yagoditsy
кнопка	دکمه	knopka
пуговица	دکمه	pugavitsa
петля	مادگی	petlya
петлица	مادگی	petlitsa
купить	خریدن	kupit
покупатель	خریدار؛ خرنده	pakupatel
закупщик	خریدار؛ خرنده	zakupshchik
гудение	ویزویز کردن؛ نامشخص حرف زدن	gudeniye
у	توسط، کنار	u
ко	توسط، کنار	ko
пока	خداحافظ	paka
до свидания	خداحافظ	do svidaniya
извозчик	تاکسی؛ جای لوکوموتیوران	izvozchik
капуста	کلم	kapusta
каюта	کلبه	kayuta
хижина	کلبه	khizhina
кабинет	کابینت، هیئت وزیران	kabinet
горка	کابینت، هیئت وزیران	gorka
телеграмма	تلگراف؛ طناب سیمی	telegramma
канат	تلگراف؛ طناب سیمی	kanat
гогот	نعیب کردن؛ غار غار	gogat
кудахтанье	نعیب کردن؛ غار غار	kudakhtanye
кофейня	کافه	kafeynya
клетка	قفس؛ درقفس نهادن	kletka
клеть	قفس؛ درقفس نهادن	klet
торт	کیک	tort
бедственный	پربلا؛ مصیبت بار	bedstvennyy
бедствие	بلا؛ آفت	bedstviye
рассчитывать	حساب کردن؛ احتساب کردن	rasschityvat
рассчитать	حساب کردن؛ احتساب کردن	rasschitat
расчёт	محاسبه	raschyot
учёт	محاسبه	uchyot
календарь	تقویم؛ سالنما	kalendar
времяисчисление	تقویم؛ سالنما	vremyaischisleniye
телёнок	گوساله؛ عجل	telyonak
телец	گوساله؛ عجل	telets
коленкор	چلوار	kolenkor
миткаль	چلوار	mitkal
Калифорния	کالیفرنیا	kaliforniya
калифорнийский	کالیفرنیایی	kaliforniyskiy
калифорниец	کالیفرنیایی	kaliforniyets
вызов	صدا زدن، تماس گرفتن	vyzav
бесчувственный	پینهدار؛ سنگ دل	beschuvstvennyy
чёрствый	پینهدار؛ سنگ دل	chyorstvyy
мозоль	پینه؛ پینه ای	mozol
спокойствие	آرام؛ ملایم	spakoystviye
успокоение	آرام؛ ملایم	uspakayeniye
тихо	به آرامی	tikha
спокойно	به آرامی	spakoyna
успокоенность	آرامی؛ آرامش	uspakoyennast
калория	کالری	kaloriya
навет	افترا؛ بهتان	navet
верблюд	شتر؛ سار	verblyud
гемма	به زرد	gemma
камея	به زرد	kameya
фотоаппарат	دوربین	fataapparat
лагерь	اردو، اردو زدن	lager
стан	اردو، اردو زدن	stan
поход	کارزار؛ کمپین	pakhod
кампания	کارزار؛ کمپین	kampaniya
служака	نامزد انتخابات	sluzhaka
жизнь в палатке	اردو زدن	zhizn v palatke
проживание в лагере	اردو زدن	prozhivaniye v lagere
мочь	توانستن (فعل کمکی)؛ قوطی	moch
жестяная банка	توانستن (فعل کمکی)؛ قوطی	zhestyanaya banka
Канада	کانادا	kanada
канадец	کانادایی	kanadets
каноэ	کانادایی	kanoe
проток	کانال	pratok
отменить	فسخکردن؛ موقوف کردن	atmenit
отмена	فسخ؛ لغو	atmena
погашение	فسخ؛ لغو	pagasheniye
рак	سرطان	rak
раковый	سرطان	rakavyy
искренний	صاف؛ بی تزویر	iskrenniy
откровенный	صاف؛ بی تزویر	atkravennyy
кандидатура	نامزدی؛ داوطلبی	kandidatura
свеча	شمع	svecha
свечной	شمع	svechnoy
конфета	نقل؛ شیرینی	kanfeta
конфетка	نقل؛ شیرینی	kanfetka
палка	عصا؛ قصب	palka
трость	عصا؛ قصب	trost
контейнер	چای دان؛ گازاشک آور	konteyner
пьяный	مست باده	pyanyy
бухой	مست باده	bukhoy
не мочь	نمی‌تواند (فعل کمکی)	ne moch
нельзя	نمی‌تواند (فعل کمکی)	nelzya
челнок	قایق رانی	chelnok
чёлн	قایق رانی	chyoln
сень	سایبان گذاشتن؛ کروک اتومبیل	sen
полог	سایبان گذاشتن؛ کروک اتومبیل	polag
кентер	سلانه سلانه	kenter
картина	بوم نقاشی	kartina
полотно	بوم نقاشی	palatno
ущелье	دربند؛ تنگه	ushchelye
каньон	دربند؛ تنگه	kanon
шапка	کلاهک	shapka
колпак	کلاهک	kalpak
дееспособность	توانایی	deyespasobnast
дееспособный	قابل؛ لایق	deyespasobnyy
правоспособный	قابل؛ لایق	pravaspasobnyy
вместительный	جادار؛ گنجا	vmestitelnyy
ёмкий	جادار؛ گنجا	yomkiy
объём	گنجایش؛ ظرفیت	abyom
мыс	شنل	mys
накидка	شنل	nakidka
капилляр	عروق شعریه	kapillyar
волосной	عروق شعریه	valasnoy
столица	پایتخت، سرمایه	stalitsa
капитал	پایتخت، سرمایه	kapital
капитализм	سرمایه‌داری	kapitalizm
капиталист	سرمایه‌دار	kapitalist
капиталистический	سرمایه‌دار	kapitalisticheskiy
капитуляция	کاپیتولاسیون	kapitulyatsiya
капризный	بوالهوس؛ هوسران	kapriznyy
прихотливый	بوالهوس؛ هوسران	prikhatlivyy
оболочка	کپسول؛ پوشینه	abalochka
капсула	کپسول؛ پوشینه	kapsula
капитан	ناخدا؛ سروان	kapitan
командир	ناخدا؛ سروان	kamandir
пленник	بندی؛ دربند	plennik
пленница	بندی؛ دربند	plennitsa
плен	گرفتاری؛ اسارت	plen
неволя	گرفتاری؛ اسارت	nevolya
захват	تسخیر؛ دستگیری	zakhvat
поимка	تسخیر؛ دستگیری	paimka
машина	ماشین	mashina
вагон	ماشین	vagon
фургон	کاروان	furgon
караван	کاروان	karavan
углерод	کربن	uglerod
карта	کارت	karta
билет	کارت	bilet
плата	مقوا؛ مقوای نازک	plata
картон	مقوا؛ مقوای نازک	karton
сердечный	فم المعدی	serdechnyy
кардинал	کاردینال؛ عدداصلی	kardinal
кардинальный	کاردینال؛ عدداصلی	kardinalnyy
уход	مراقبت، اهمیت دادن	ukhod
карьера	شغل، حرفه	karyera
беспечность	سبکبار؛ بی غم	bespechnast
беззаботный	سبکبار؛ بی غم	bezzabotnyy
осторожный	مراقب	astarozhnyy
осторожно	با دقت	astarozhna
внимательно	با دقت	vnimatelna
нечистый	بیدقت؛ مسالمتآمیز	nechistyy
беспечный	بیدقت؛ مسالمتآمیز	bespechnyy
небрежно	سرسری؛ غافلا	nebrezhna
наспех	سرسری؛ غافلا	naspekh
небрежность	غفلت؛ مسامحه	nebrezhnast
неосторожность	غفلت؛ مسامحه	neastarozhnast
ласка	نوازش؛ ناز	laska
погладить	نوازش؛ ناز	pagladit
грузовой	بار	gruzavoy
карибский	کارائیب	karibskiy
карикатура	کاریکاتور؛ کاریکاتور ساختن	karikatura
бойня	قتل عام	boynya
побоище	قتل عام	paboishche
карнавал	کارناول؛ کارناوال	karnaval
карнавальный	کارناول؛ کارناوال	karnavalnyy
каролина	کارولینا	karolina
запястный	مچ دستی	zapyastnyy
плотник	درودگر؛ نجار	plotnik
столярничество	نجاری؛ درودگری	stolyarnichestvo
плотничье дело	نجاری؛ درودگری	plotnichye delo
ковёр	فرش	kavyor
экипаж	کالسکه	ekipazh
носильщик	حامل؛ ترک بند	nasilshchik
падаль	لاش؛ گوشت گندیده	padal
мертвечина	لاش؛ گوشت گندیده	mertvechina
морковь	هویج	markov
каротель	هویج	karatel
нести	حمل کردن	nesti
носить	حمل کردن	nasit
телега	چرخ؛ گاری	telega
воз	چرخ؛ گاری	voz
хрящ	غضروف	khryashch
эскиз	کارتون	eskiz
патрон	فشنگ	patron
резать	حکاکی کردن	rezat
вырезать	حکاکی کردن	vyrezat
водопад	آبشار	vadapad
каскад	آبشار	kaskad
случай	مورد، پرونده	sluchay
процесс	مورد، پرونده	pratsess
бабка	پول نقد	babka
касса	پول نقد	kassa
кассир	صندوقدار؛ تحویلدار	kassir
казино	کازینو	kazino
шкатулка	صندوق یاتابوت	shkatulka
ларец	صندوق یاتابوت	larets
кассета	کاست	kasseta
ряса	دلق	ryasa
подрясник	دلق	padryasnik
плавка	افکندن؛ بر افکندن	plavka
отливка	افکندن؛ بر افکندن	atlivka
каста	صنف	kasta
тура	قلعه	tura
ладья	قلعه	ladya
небрежный	معمولی	nebrezhnyy
залётный	معمولی	zalyotnyy
вскользь	تفریحاً	vskolz
раненый	تلفات	ranenyy
кот	گربه	kot
кошка	گربه	koshka
каталог	کاتالوگ	katalog
каталогизировать	کاتالوگ	katalagiziravat
катастрофа	مصیبت؛ بلای ناگهانی	katastrofa
подвох	گرفتن	padvokh
категория	طبقه؛ رده	kategoriya
разряд	طبقه؛ رده	razryad
обслуживать	پذیرایی کردن	absluzhivat
обслужить	پذیرایی کردن	absluzhit
собор	کلیسا	sabor
кафедральный	کلیسا	kafedralnyy
католик	کاتولیک؛ جامع	katolik
католический	کاتولیک؛ جامع	katalicheskiy
кошачий	گربهوار	kashachiy
скот	گله گاو	skot
Кавказ	قزاقی	kavkaz
цветная капуста	گلکلم	tsvetnaya kapusta
причинный	سببی؛ علتی	prichinnyy
каузальный	سببی؛ علتی	kauzalnyy
мотив	علت، باعث شدن	mativ
осторожность	احتیاط	astarozhnast
опаска	احتیاط	apaska
опасливый	محتاط	apaslivyy
бережно	از رویاحتیاط	berezhna
кавалькада	گردش سواره	kavalkada
конница	سواره نذام	konnitsa
кавалерия	سواره نذام	kavaleriya
пещера	غار	peshchera
подземелье	غار	padzemelye
пещерный	غارمانند؛ غاردار	peshchernyy
пещеристый	غارمانند؛ غاردار	peshcheristyy
полость	گودی	polast
дупло	گودی	duplo
си-ди	سی‌دی	si-di
перестать	متوقف کردن	perestat
прекратить	متوقف کردن	prekratit
кедр	سرو؛ سدر	kedr
кедровый	سرو؛ سدر	kedrovyy
потолок	سقف	patalok
перекрытие	سقف	perekrytiye
отмечать	جشن گرفتن	atmechat
торжествовать	جشن گرفتن	tarzhestvavat
празднование	جشن؛ برگزاری	prazdnavaniye
магарыч	جشن؛ برگزاری	magarych
известность	سلبریتی	izvestnast
знаменитость	سلبریتی	znamenitast
небесный	سماوی؛ عرشی	nebesnyy
неземной	سماوی؛ عرشی	nezemnoy
погреб	زیرزمین؛ سرداب	pogreb
клетчатый	سلولی؛ سلول دار	kletchatyy
клеточный	سلولی؛ سلول دار	kletachnyy
кельтский	سلتی؛ زبان سلتی	keltskiy
цемент	سیمان؛ سمنت	tsement
томить	سیمان؛ سمنت	tamit
кладбище	قبرستان	kladbishche
кадило	بخورسوز؛ عودسوز	kadila
курильница	بخورسوز؛ عودسوز	kurilnitsa
цензура	سانسور	tsenzura
перепись	سرشماری؛ آمارگیری	perepis
цент	سنت	tsent
столетие	صدساله؛ یادبود صدساله	staletiye
столетний	صدساله؛ یادبود صدساله	staletniy
центр	مرکز؛ وسط	tsentr
опалубить	مرکز؛ وسط	apalubit
центровой	مرکزی؛ میانی	tsentravoy
центральный	مرکزی؛ میانی	tsentralnyy
централизация	تمرکز	tsentralizatsiya
централизованный	متمرکز	tsentralizovannyy
центробежный	مرکزگریز؛ نیروی گریز از مرکز	tsentrabezhnyy
крупа	غله؛ حبوبات	krupa
злак	غله؛ حبوبات	zlak
головной	مغزی؛ دماغی	galavnoy
церемониал	تشریفاتی	tseremanial
торжественный	تشریفاتی	tarzhestvennyy
церемонии	تشریفات؛ مناسک	tseremonii
обряды	تشریفات؛ مناسک	obryady
церемония	جشن؛ مراسم	tseremoniya
обряд	جشن؛ مراسم	abryad
известный	مطمئن	izvestnyy
уверенный	مطمئن	uverennyy
конечно	قطعا	kanechna
наверно	قطعا	naverna
уверенность	قطعیت	uverennast
несомненность	قطعیت	nesamnennast
справка	گواهی	spravka
свидетельство	گواهی	svidetelstva
ручаться	تصدیق کردن؛ شهادت کتبی دادن	ruchatsya
затылочный	گردنی	zatylachnyy
огорчение	غم وغصه	agarcheniye
цепь	سلسله؛ زنجیر	tsep
цепочка	سلسله؛ زنجیر	tsepochka
стул	صندلی	stul
кафедра	صندلی	kafedra
председатель	رئیس؛ فرنشین	predsedatel
председательствующий	رئیس؛ فرنشین	predsedatelstvuyushchiy
мел	گچ؛ تباشیر	mel
мелок	گچ؛ تباشیر	melok
отвод	طلب حق؛ سر تافتن	atvod
сложный	چالش برانگیز	slozhnyy
бросающий вызов	چالش برانگیز	brosayushchiy vyzov
покой	اتاق	pakoy
чавкать	میدان جنگ	chavkat
шампанское	شامپانی	shampanskaye
шампанский	شامپانی	shampanskiy
чемпион	قهرمان؛ پهلوان	chempion
чемпионат	قهرمانی	chempianat
первенство	قهرمانی	pervenstva
возможность	شانس	vazmozhnast
канцлер	صدر اعظم	kantsler
люстра	چلچراغ؛ لوستر	lyustra
ложе	مجری؛ مجرا	lozhe
хаос	هرج و مرج	khaas
светопреставление	هرج و مرج	svetaprestavleniye
щель	خشکی شدن؛ خشکی زدن	shchel
капеллан	پیشنماز؛ قاضی عسگر	kapellan
глава	فصل؛ بخش	glava
стать	شخصیت	stat
герой	شخصیت	geroy
характеристика	اختصاصی؛ مشخصه	kharakteristika
характерный	اختصاصی؛ مشخصه	kharakternyy
характеризовать	توصیف کردن	kharakterizavat
охарактеризовать	توصیف کردن	akharakterizavat
угольный	زغال؛ ذغال	ugolnyy
уголь	زغال؛ ذغال	ugol
заряд	عهده؛ تهمت	zaryad
колесница	اراده؛ ارابه	kalesnitsa
благотворительный	خیر؛ اوقاف	blagatvaritelnyy
милосердный	خیر؛ اوقاف	milaserdnyy
милость	خیریه	milast
милосердие	خیریه	milaserdiye
шарлатан	چاچولباز؛ شارلاتان	sharlatan
заговор	جذابیت	zagavar
прелесть	جذابیت	prelest
очаровательный	جذاب	acharavatelnyy
прелестный	جذاب	prelestnyy
схема	نمودار	skhema
устав	منشور	ustav
зафрахтовывать	منشور	zafrakhtovyvat
погоня	تعقیب کردن، تعقیب	pagonya
преследование	تعقیب کردن، تعقیب	presledavaniye
непорочный	مخدر؛ عفیف	neparochnyy
целомудренный	مخدر؛ عفیف	tselamudrennyy
чат	گپ زدن	chat
болтать	گپ زدن	baltat
болтовня	ورور کردن؛ وراجی کردن	baltavnya
стрекотание	ورور کردن؛ وراجی کردن	strekataniye
дешёвый	ارزان	deshyovyy
копеечный	ارزان	kapeyechnyy
дешевизна	ارزانی	deshevizna
жулик	فریب؛ گولزدن	zhulik
арап	فریب؛ گولزدن	arap
мошенничество	فریب؛ تقلب	mashennichestva
жульничество	فریب؛ تقلب	zhulnichestva
мат	مات کردن؛ شاه مات	mat
щека	گونه	shcheka
косяк	گونه	kasyak
весёлый	خرم؛ شنگول	vesyolyy
бодрый	خرم؛ شنگول	bodryy
бодрость	انبساط؛ بشاشت	bodrast
весёлость	انبساط؛ بشاشت	vesyolast
сыр	پنیر	syr
сырный	پنیر	syrnyy
повар	سرآشپز	povar
шеф-повар	سرآشپز	shef-povar
химический	شیمیایی	khimicheskiy
химик	شیمیدان	khimik
аптекарь	شیمیدان	aptekar
химия	شیمی	khimiya
дорожить	ورزیدن؛ عزیز داشتن	darazhit
лелеять	ورزیدن؛ عزیز داشتن	leleyat
вишня	گیلاس	vishnya
черешня	گیلاس	chereshnya
шахматы	شطرنج؛ شترنج	shakhmaty
шахматный	شطرنج؛ شترنج	shakhmatnyy
шахматная доска	تخته شطرنج	shakhmatnaya doska
каштан	بلوط؛ شاه بلوط	kashtan
рыжий	بلوط؛ شاه بلوط	ryzhiy
жевать	خاییدن؛ جویدن	zhevat
пожевать	خاییدن؛ جویدن	pazhevat
Чикаго	شیکاگو	chikago
курица	مرغ	kuritsa
кура	مرغ	kura
голова	رئیس؛ اصلی	galava
главное	عمدتاً	glavnaye
преимущественно	عمدتاً	preimushchestvenna
шифон	تور نازک؛ نوعی کیک	shifon
ребёнок	کودک	rebyonak
детство	خردی؛ بچگی	detstva
детский	کودکانه؛ بچگانه	detskiy
ребячий	کودکانه؛ بچگانه	rebyachiy
бездетный	بی فرزند؛ بی اولاد	bezdetnyy
ребяческий	کودک مانند	rebyacheskiy
холодок	چایمان؛ سرد کردن	khaladok
звон	ناقوس را؛ سازیاموسیقی زنگی	zvon
перезвон	ناقوس را؛ سازیاموسیقی زنگی	perezvon
химерический	هوس باز؛ هوس آمیز	khimericheskiy
нереальный	هوس باز؛ هوس آمیز	nerealnyy
труба	دودکش؛ تنوره	truba
паровоз	دودکش؛ تنوره	paravoz
подбородок	چانه؛ پوز	padbarodak
китай	چین؛ ظروف چینی	kitay
фарфор	چین؛ ظروف چینی	farfor
китаец	چینی؛ زبان چینی	kitayets
китайский	چینی؛ زبان چینی	kitayskiy
скважина	درزپیدا کردن	skvazhina
щепка	چیپس، تراشه	shchepka
лучина	چیپس، تراشه	luchina
резец	اسکنه؛ منقاش	rezets
зубило	اسکنه؛ منقاش	zubila
рыцарство	سلحشوری	rytsarstva
шоколад	شکلات	shakalad
шоколадный	شکلات	shakaladnyy
отборный	انتخاب	atbornyy
хор	گروه کر	khor
капелла	گروه کر	kapella
заглушка	اختناق؛ ساسات	zaglushka
задыхаться	اختناق؛ ساسات	zadykhatsya
холера	وبا	khalera
выбрать	انتخاب کردن	vybrat
выбирать	انتخاب کردن	vybirat
колоть	خرد کردن	kalot
рубленый	ریز ریز	rublenyy
Христос	مسیح؛ یاعلی	khristos
христианство	مسیحیت؛ عیسویت	khristianstva
христиане	نصارا	khristiane
хронический	مزمن	khranicheskiy
застарелый	مزمن	zastarelyy
хронологический	زمانی	khranalagicheskiy
круглолицый	خپله	kruglalitsyy
кругленький	خپله	kruglenkiy
ломоть	تکه بزرگ	lamot
церковь	کلیسا	tserkav
взбитый	چرخی	vzbityy
взболтанный	چرخی	vzboltannyy
сидр	آب سیب؛ شربت سیب	sidr
сигара	سیگار برگ	sigara
сигарный	سیگار برگ	sigarnyy
сигарета	سیگار	sigareta
папироса	سیگار	papirosa
кино	سینما	kino
кинотеатр	سینما	kinateatr
круг	دایره، دور چیزی کشیدن	krug
кружок	دایره، دور چیزی کشیدن	kruzhok
сеть	مدار	set
круговой	حلقهای؛ مدور	krugavoy
кольцевой	حلقهای؛ مدور	kaltsevoy
разослать	گردش کردن	razaslat
циркулировать	گردش کردن	tsirkuliravat
оборот	گردش	abarot
обрезание	ختنه	abrezaniye
осмотрительный	ملاحظه کار؛ مال اندیش	asmatritelnyy
обстоятельство	چگونگی	abstayatelstva
цирк	میدان؛ جولانگاه	tsirk
кремль	ارک؛ قلعه نظامی	kreml
цитадель	ارک؛ قلعه نظامی	tsitadel
приводить	اقتباس کردن؛ اتخاذ سند کردن	privadit
гражданин	شهروند	grazhdanin
гражданка	شهروند	grazhdanka
гражданство	شهروندی	grazhdanstva
подданство	شهروندی	poddanstva
городской	شهر	garadskoy
общегородской	شهر	obshchegorodskoy
гражданский	مدنی	grazhdanskiy
вежливый	مدنی؛ غیرنظامی	vezhlivyy
штатский	غیرنظامی	shtatskiy
вежливость	نزاکت	vezhlivast
цивилизация	تمدن	tsivilizatsiya
цивилизованный	متمدن	tsivilizovannyy
требование	طلب؛ ادعا	trebavaniye
претензия	طلب؛ ادعا	pretenziya
претендент	مدعی؛ مطالبه کننده	pretendent
претендентка	مدعی؛ مطالبه کننده	pretendentka
холодный и влажный	بی حرارت؛ سرد ومرطوب	kholodnyy i vlazhnyy
ропот	سروصدا؛ غریو کشیدن	ropot
крик	سروصدا؛ غریو کشیدن	krik
хомут	گیره؛ سوزن بند	khamut
зажим	گیره؛ سوزن بند	zazhim
клан	طایفه؛ قبیله	klan
тайный	غیرمشروع	taynyy
бряцание	صدای شیپور	bryatsaniye
позвонить	صدای شیپور	pazvanit
прояснение	تبیین	proyasneniye
пояснение	تبیین	poyasneniye
уточнить	روشن کردن	utachnit
прояснить	روشن کردن	prayasnit
доходчивость	وضوح	dakhodchivast
кларк	کلارک	klark
столкновение	درگیری	stalknaveniye
коллизия	درگیری	kalliziya
класс	کلاس	klass
античный	کلاسیک	antichnyy
классификация	طبقه‌بندی	klassifikatsiya
классифицировать	طبقه‌بندی کردن	klassifitsiravat
группировать	طبقه‌بندی کردن	gruppiravat
классная комната	کلاس درس	klassnaya komnata
цоканье	زغ زغ کردن	tsokanye
греметь	زغ زغ کردن	gremet
коготь	پنجه؛ چنگ	kogat
глина	گل؛ رس	glina
глиняный	گل؛ رس	glinyanyy
убрать	تمیز، تمیز کردن	ubrat
чистить	تمیز، تمیز کردن	chistit
чистка	زدایش؛ پاک سازی	chistka
уборка	زدایش؛ پاک سازی	uborka
чистота	نظافت؛ پاکی	chistata
очистить	تطهیر کردن	achistit
очищать	تطهیر کردن	achishchat
очищающий	پاکسازی	ochishchayushchiy
очищение	پاکسازی	ochishcheniye
зазор	مفاصا؛ برائت ذمه	zazor
клиренс	مفاصا؛ برائت ذمه	klirens
ясно	به وضوح	yasna
понятно	به وضوح	panyatna
ясность	صافی؛ روشنی	yasnast
раскалывание	رخ؛ شکافتگی	raskalyvaniye
сечка	ساطور؛ ساتور	sechka
трещина	شکاف دار	treshchina
расщелина	شکاف دار	rasshchelina
сжать	گره کردن	szhat
сжаться	گره کردن	szhatsya
духовенство	روحانیون؛ مردروحانی	dukhavenstva
священник	روحانی؛ مجتهد	svyashchennik
церковник	روحانی؛ مجتهد	tserkovnik
клерикал	دفتری	klerikal
клерикальный	دفتری	klerikalnyy
писарь	کارمند	pisar
дьяк	کارمند	dyak
умный	باهوش	umnyy
разумный	باهوش	razumnyy
разумно	بزیرکی؛ زیرکانه	razumna
умно	بزیرکی؛ زیرکانه	umno
сообразительность	هشیاری؛ زرنگی	soobrazitelnost
ловкость	هشیاری؛ زرنگی	lovkost
щелчок	تیک؛ صدای مختصر	shchelchok
щёлкнуть	تیک؛ صدای مختصر	shchyolknut
клиент	موکل؛ ارباب رجوع	kliyent
обрыв	صخره	abryv
утёс	صخره	utyos
климат	آب و هوا	klimat
подняться	بالا رفتن	padnyatsya
альпинист	صعود کننده	alpinist
альпинистка	صعود کننده	alpinistka
скоба	مشت کردن؛ قاطع ساختن	skoba
вцепиться	چسبیدن	vtsepitsya
цепляться	چسبیدن	tseplyatsya
клиника	درمانگاه	klinika
лечебница	درمانگاه	lechebnitsa
клинический	بالینی	klinicheskiy
скрепка	گیره، کلیپ	skrepka
стрижка	جمع در	strizhka
плащ	شنل؛ عبا	plashch
покров	شنل؛ عبا	pakrov
часовой	ساعت دیواری	chasavoy
закрывать	بستن؛ نزدیک	zakryvat
близкий	بستن؛ نزدیک	blizkiy
закрытый	بسته	zakrytyy
близость	نزدیکی؛ تقریب	blizast
теснота	نزدیکی؛ تقریب	tesnata
клетушка	قفسه؛ گنجه	kletushka
окончание	بسته شدن	okonchaniye
закрытие	بسته شدن	zakrytiye
комок	لخته؛ علقه	kamok
болван	لخته؛ علقه	balvan
ткань	پارچه	tkan
материя	پارچه	materiya
вещь	لباس‌ها	veshch
одежда	لباس‌ها	adezhda
платье	پوشاک	platye
облако	ابر	oblaka
туча	ابر	tucha
безоблачный	بی ابر؛ بدون ابر	bezoblachnyy
мутный	ابری؛ میغی	mutnyy
хмурый	ابری؛ میغی	khmuryy
клоун	دلقک؛ الدنگ	kloun
паяц	دلقک؛ الدنگ	payats
клуб	باشگاه	klub
дубина	باشگاه	dubina
ключ	مدرک؛ سر نخ	klyuch
разгадка	مدرک؛ سر نخ	razgadka
группа	انبوه کردن؛ ضربه سنگین	gruppa
нескладно	ناشیانه؛ شلخته وار	neskladno
корявый	ناشی؛ بی عرضه	karyavyy
кучер	کالسکهچی؛ درشکهچی	kucher
возница	کالسکهچی؛ درشکهچی	vaznitsa
запекаться	منعقد کردن؛ دلمه کردن	zapekatsya
свёртываться	منعقد کردن؛ دلمه کردن	svyortyvatsya
свёртывание	انعقاد؛ لختگی	svyortyvaniye
коагуляция	انعقاد؛ لختگی	kaagulyatsiya
бункероваться	زغال کردن؛ زغال سنگ	bunkerovatsya
коалиция	ائتلاف	kaalitsiya
дубовый	درشت؛ زبر	dubovyy
грубоватый	درشت؛ زبر	grubavatyy
взморье	ساحل	vzmorye
прибрежный	ساحلی	pribrezhnyy
береговой	ساحلی	beregavoy
слой	کت، پالتو	sloy
пиджак	کت، پالتو	pidzhak
покрытие	روکش؛ کپسول	pakrytiye
облицовка	روکش؛ کپسول	ablitsovka
выманить	ریشخند کردن؛ چرب زبانی کردن	vymanit
обхаживать	ریشخند کردن؛ چرب زبانی کردن	abkhazhivat
уговаривающий	ریشخند	ugovarivayushchiy
ласковый	ریشخند	laskovyy
лебедь	کاهگلی	lebed
башмачник	پینه دوز	bashmachnik
кокаин	کوکائین	kakain
коктейль	کوکتل	kakteyl
какао	کاکائو	kakaa
треска	نوعی ماهی؛ کیسه کوچک	treska
тресковый	نوعی ماهی؛ کیسه کوچک	treskovyy
кодекс	کد	kodeks
принудить	ناگزیر کردن	prinudit
изнасиловать	ناگزیر کردن	iznasilavat
насилие	اجبار؛ عنف	nasiliye
принуждение	اجبار؛ عنف	prinuzhdeniye
сосуществовать	همزیستی کردن	sasushchestvavat
сосуществование	همزیستی؛ همزیگری	sasushchestvavaniye
кофе	قهوه	kofe
гроб	تابوت	grob
убедительность	قدرت عقیده	ubeditelnast
познание	ادراک	paznaniye
познавательный	شناختی	paznavatelnyy
связный	منسجم	svyaznyy
бухта	بوبین	bukhta
катушка	بوبین	katushka
монета	سکه؛ سکه زدن	maneta
монетка	سکه؛ سکه زدن	manetka
чеканка	مسکوکات؛ ابداع واژه	chekanka
сходиться	مصادف بودن	skhaditsya
совпадать	مصادف بودن	savpadat
совпадение	تصادف	savpadeniye
совпадающий	منطبق؛ مصادف	sovpadayushchiy
холод	سرد، سرما	kholad
насморк	سرد، سرما	nasmark
холодность	برودت؛ سردی	kholadnast
сотрудничать	همکاری کردن	satrudnichat
поспособствовать	همکاری کردن	paspasobstvavat
участие	همکاری	uchastiye
падение	هوار؛ فروریختگی	padeniye
распад	هوار؛ فروریختگی	raspad
ворот	یقه؛ طوق	vorat
воротник	یقه؛ طوق	varatnik
коллега	همکار	kallega
собирать	جمع آوری کردن	sabirat
сбор	مجموعه؛ وصول	sbor
коллектив	جمعی	kallektiv
коллективный	جمعی	kallektivnyy
коллективно	اجماعا؛ مجتمعا	kallektivna
коллегиально	اجماعا؛ مجتمعا	kallegialna
коллекционер	گردآورنده	kallektsianer
сборщик	گردآورنده	sborshchik
училище	کالج	uchilishche
вуз	کالج	vuz
коллежский	دانشکدهای	kallezhskiy
сталкиваться	خوردن؛ برخورد کردن	stalkivatsya
налетать	خوردن؛ برخورد کردن	naletat
сталкивающийся	مصادم	stalkivayushchiysya
двоеточие	دونقطه؛ نشان دونقطه	dvayetochiye
полковник	سرهنگ	palkovnik
колониальный	استعماری	kalanialnyy
колонизация	استعمار	kalanizatsiya
колония	کلونی	kaloniya
цвет	رنگ؛ فام	tsvet
Колорадо	کلرادو	kolorado
цветной	رنگی؛ چرده	tsvetnoy
разноцветный	رنگی؛ چرده	raznotsvetnyy
окрашивание	ملون؛ تلوین	akrashivaniye
красочный	رنگارنگ	krasachnyy
жеребец	شخص ناآزموده؛ نوعی طپانچه	zherebets
кольт	شخص ناآزموده؛ نوعی طپانچه	kolt
Колумбия	کلمبیا	kolumbiya
колонна	ستون	kalonna
столб	ستون	stolb
обозреватель	ستون‌نویس	abazrevatel
кома	اغماء؛ بیهشی	koma
гребень	شانه؛ شانه کردن	greben
расчёска	شانه؛ شانه کردن	raschyoska
борьба	مبارزه، مبارزه کردن	barba
строевой	رزمنده	strayevoy
воинственный	جنگجو	voinstvennyy
соединение	ترکیب؛ اختلاط	sayedineniye
сочетание	ترکیب؛ اختلاط	sachetaniye
комбайн	آمیختن؛ ادغام	kambayn
соединить	آمیختن؛ ادغام	sayedinit
комедия	کمدی	kamediya
комедийный	کمدی	kamediynyy
пригожий	خوش منظر	prigozhiy
благовидный	خوش منظر	blagavidnyy
комета	ذوذنب؛ ستاره دنباله دار	kameta
удобство	راحتی؛ آسایش	udobstva
утешение	راحتی؛ آسایش	utesheniye
удобный	راحت	udobnyy
уютный	راحت	uyutnyy
удобно	براحتی	udobna
уютно	براحتی	uyutna
комик	کمدی	komik
эксцентрик	کمدی	ekstsentrik
комический	خندهآور	kamicheskiy
комичный	خندهآور	kamichnyy
запятая	ویرگول؛ واوک	zapyataya
команда	فرمان؛ دستور دادن	kamanda
приказ	فرمان؛ دستور دادن	prikaz
командующий	فرمانده	kamanduyushchiy
акт	فتح	akt
благодарность	سفارش؛ تقریظ	blagodarnost
комментарий	نظر، نظر دادن	kammentariy
отзыв	نظر، نظر دادن	otzyv
репортаж	تفسیر	repartazh
толкование	تفسیر	talkavaniye
комментатор	مفسر	kammentatar
истолкователь	مفسر	istalkavatel
торговля	بازرگانی	targovlya
коммерция	بازرگانی	kammertsiya
торговый	تجارتی	targovyy
коммерческий	تجارتی	kammercheskiy
комиссия	کمیسیون؛ کارمزد	kamissiya
комиссар	کمیسر	kamissar
уполномоченный	کمیسر	upalnamochennyy
совершить	مرتکب شدن؛ سر سپردن	savershit
обязательство	سرسپردگی	abyazatelstva
загружённость	سرسپردگی	zagruzhennast
комитет	کمیته؛ کمیسیون	kamitet
товар	کالا	tavar
товарный	کالا	tavarnyy
выгон	رایج، مشترک	vygan
общий	رایج، مشترک	obshchiy
обычно	علیالرسم؛ عرفا	abychna
коммонс	مردم عادی	kommons
государство	مشترک المنافع	gasudarstva
содружество	مشترک المنافع	sadruzhestva
смятение	جنجال؛ هیاهو	smyateniye
переполох	جنجال؛ هیاهو	perepalokh
коммунальный	اشتراکی	kammunalnyy
общинный	اشتراکی	abshchinnyy
община	کمون؛ مزرعه اشتراکی	abshchina
коммуна	کمون؛ مزرعه اشتراکی	kammuna
сообщить	ارتباط برقرار کردن	saabshchit
сообщать	ارتباط برقرار کردن	saabshchat
общение	مکاتبه؛ ابلاغ	abshcheniye
коммуникативный	ارتباطی	kammunikativnyy
причастие	صمیمیت وهمدلی	prichastiye
коммунизм	کمونیسم؛ مسلک اشتراکی	kammunizm
коммунист	کمونیست	kammunist
красный	کمونیست	krasnyy
сообщество	جامعه	saobshchestva
уговор	فشرده؛ فشرده کردن	ugavor
уплотнить	فشرده؛ فشرده کردن	uplatnit
спутник	همدم	sputnik
товарищество	یاری؛ مصاحبت	tovarishchestvo
общество	شرکت	obshchestva
рота	شرکت	rota
сравнимый	قابل مقایسه	sravnimyy
сопоставимый	قابل مقایسه	sapastavimyy
относительный	مقایسه‌ای	atnasitelnyy
сравнительный	مقایسه‌ای	sravnitelnyy
сравнительно	بالنسبه	sravnitelna
сравнивать	مقایسه کردن	sravnivat
сравнить	مقایسه کردن	sravnit
сравнение	قیاس؛ مقایسه	sravneniye
сопоставление	قیاس؛ مقایسه	sapastavleniye
отделение	کوپه	atdeleniye
купе	کوپه	kupe
компас	حیطه؛ پرگار	kompas
диапазон	حیطه؛ پرگار	diapazon
жалость	شفقت	zhalast
сострадание	شفقت	sastradaniye
сострадать	شفیق؛ دلسوز	sastradat
участливый	شفیق؛ دلسوز	uchastlivyy
совместимый	سازگار	savmestimyy
соотечественник	هم وطن	saatechestvennik
компатриот	هم وطن	kampatriot
заставлять	مجبور کردن	zastavlyat
убедительный	قانع‌کننده	ubeditelnyy
непреодолимый	قانع‌کننده	nepreodolimyy
компенсировать	جبران کردن	kampensiravat
искупить	جبران کردن	iskupit
компенсация	جبران	kampensatsiya
вознаграждение	جبران	vaznagrazhdeniye
компенсационный	جبرانی	kampensatsionnyy
конкурировать	رقابت کردن	kankuriravat
равняться	رقابت کردن	ravnyatsya
компетенция	صلاحیت	kampetentsiya
грамотность	صلاحیت	gramatnast
конкурс	رقابت	konkurs
соревнование	رقابت	sarevnavaniye
конкурентный	رقابتی؛ قابل رقابت	kankurentnyy
конкурентоспособный	رقابتی؛ قابل رقابت	kankurentaspasobnyy
конкурент	رقیب؛ هم چشم	kankurent
компиляция	تدوین؛ همگردانی	kampilyatsiya
компилировать	گردآوری کردن	kampiliravat
самодовольство	خود خوشنودی	samadavolstva
самоуспокоение	خود خوشنودی	samauspakayeniye
самодовольный	خود خوشنود؛ عشرت طلب	samadavolnyy
благодушный	خود خوشنود؛ عشرت طلب	blagadushnyy
жаловаться	شکایت کردن	zhalavatsya
пожаловаться	شکایت کردن	pazhalavatsya
жалоба	گله؛ شکوه	zhalaba
сетование	گله؛ شکوه	setavaniye
дополнять	تکمیل کردن	dopolnyat
дополняющий	مکمل؛ متممی	dopolnyayushchiy
завершить	کامل، تکمیل کردن	zavershit
завершать	کامل، تکمیل کردن	zavershat
совсем	کاملا	savsem
вполне	کاملا	vpalne
завершение	تکمیل	zaversheniye
довершение	تکمیل	daversheniye
комплекс	عقده؛ مجتمع	kompleks
цвет лица	بشره	tsvet litsa
сложность	پیچیدگی	slozhnast
усложнённость	پیچیدگی	uslazhnyonnast
уступчивость	انطباق	ustupchivast
осложнить	مشکل کردن؛ بغرنج کردن	aslazhnit
осложнять	مشکل کردن؛ بغرنج کردن	aslazhnyat
осложнение	پیچیدگی	aslazhneniye
комплимент	تعارف	kampliment
любезность	تعارف	lyubeznast
лестный	تعارفی؛ تعارف آمیز	lestnyy
удовлетворить	تبعیت کردن	udavletvarit
удовлетворять	تبعیت کردن	udavletvaryat
компонент	مولفه	kampanent
составной	مولفه	sastavnoy
составить	ساختن	sastavit
набирать	ساختن	nabirat
композитор	آهنگساز	kampazitar
состав	ترکیب، قطعه موسیقی	sastav
сочинение	ترکیب، قطعه موسیقی	sachineniye
запчасть	ترکیب	zapchast
понять	درک نمودن	panyat
понимать	درک نمودن	panimat
постижимый	قابل درک	pastizhimyy
удобопонятный	قابل درک	udabapanyatnyy
понимание	درک؛ فهم	panimaniye
исчерпывающий	جامع	ischerpyvayushchiy
всесторонний	جامع	vsestaronniy
компресс	کمپرس؛ متراکمکردن	kampress
уплотнение	تراکم؛ فشردگی	uplatneniye
сжатие	تراکم؛ فشردگی	szhatiye
насчитывать	شامل بودن	naschityvat
компромисс	مصالحه	kampramiss
компрометировать	مصالحه	kamprametiravat
примиренец	متصالح؛ سازشکار	primirenets
соглашатель	متصالح؛ سازشکار	saglashatel
обязательный	اجباری	abyazatelnyy
принудительный	اجباری	prinuditelnyy
считать	محاسبه کردن	schitat
посчитать	محاسبه کردن	paschitat
компьютер	کامپیوتر	kampyuter
эвм	کامپیوتر	evm
вогнутый	مقعر	vognutyy
скрывать	پنهان کردن	skryvat
спрятать	پنهان کردن	spryatat
сокрытие	خفیه؛ نهفتگی	sakrytiye
утайка	خفیه؛ نهفتگی	utayka
тщеславие	نخوت؛ خود بینی	tshcheslaviye
гонор	نخوت؛ خود بینی	gonar
мыслимый	قابل تصور	myslimyy
задумать	تصور کردن	zadumat
мыслить	تصور کردن	myslit
концентрат	تغلیظ کردن	kantsentrat
сосредоточить	تغلیظ کردن	sasredatochit
концентрация	تمرکز؛ غلظت	kantsentratsiya
обогащение	تمرکز؛ غلظت	abagashcheniye
концентрический	هم مرکز؛ متحد المرکز	kantsentricheskiy
идея	مفهوم	ideya
понятие	مفهوم	panyatiye
представление	مفهوم	predstavleniye
понятийный	ادراکی؛ تعقلی	panyatiynyy
концерт	کنسرت	kantsert
согласованный	هم نوا	saglasovannyy
концессия	امتیاز	kantsessiya
примирение	استمالت	primireniye
умиротворение	استمالت	umiratvareniye
примиренческий	آشتی کننده؛ استمالت پذیر	primirencheskiy
примирительный	آشتی کننده؛ استمالت پذیر	primiritelnyy
сжатый	لب گو؛ فشرده ومختصر	szhatyy
вывести	منعقد کردن؛ استنتاج کردن	vyvesti
заключаться	منعقد کردن؛ استنتاج کردن	zaklyuchatsya
вывод	عاقبت؛ خاتمه	vyvad
заключение	عاقبت؛ خاتمه	zaklyucheniye
заключительный	مسکت؛ اختتامی	zaklyuchitelnyy
доказательный	مسکت؛ اختتامی	dakazatelnyy
гармония	سازگاری؛ همدلی	garmoniya
толпа	محل اجتماع؛ محل ملاقات	tolpa
множество	محل اجتماع؛ محل ملاقات	mnozhestvo
бетон	بتن، واقعی	beton
бетонировать	بتن، واقعی	betaniravat
сотрясение	ضربت سخت	satryaseniye
контузия	ضربت سخت	kantuziya
осудить	محکوم کردن	asudit
осуждать	محکوم کردن	asuzhdat
приговор	محکومیت	prigavor
конденсация	تراکم؛ تغلیظ	kandensatsiya
сгущение	تراکم؛ تغلیظ	sgushcheniye
снизойти	تواضع کردن	snizayti
снисходить	تواضع کردن	sniskhadit
снисходительный	نوازش کننده	sniskhaditelnyy
покровительственный	نوازش کننده	pakravitelstvennyy
состояние	وضعیت	sastayaniye
условный	مشروط؛ شرطی	uslovnyy
соболезнование	عزا؛ تعزیت	sabaleznavaniye
проводимость	رسانائی؛ قابلیت هدایت	pravadimast
провод	هادی؛ رسانا	provad
шишка	مخروط؛ میوه کاج	shishka
конус	مخروط؛ میوه کاج	konus
кондитер	شیرینی فروش؛ شکر ریز	kanditer
конфедерация	هم پیمانی	kanfederatsiya
единомышленник	موتلف	yedinamyshlennik
заседание	کنفرانس	zasedaniye
совещание	کنفرانس	saveshchaniye
признаться	اعتراف کردن	priznatsya
признаваться	اعتراف کردن	priznavatsya
исповедь	اعتراف	ispaved
наперсник	همراز؛ سرنگهدار	napersnik
доверие	اطمینان؛ اعتماد	daveriye
конфиденциально	به‌طور محرمانه	kanfidentsialna
уверенно	متوکلاً	uverenna
конфигурация	پیکربندی	kanfiguratsiya
роды	توقیف؛ زندان بودن	rody
подтвердить	استوار کردن؛ تصدیق کردن	padtverdit
подтверждать	استوار کردن؛ تصدیق کردن	padtverzhdat
изъять	ضبط کردن؛ مسدود کردن	izyat
конфисковать	ضبط کردن؛ مسدود کردن	kanfiskavat
конфискация	ضبط	kanfiskatsiya
пожар	آتش سوزی	pazhar
конфликт	نبرد؛ تضاد	kanflikt
слияние	تلاقی؛ همریختنگاه	sliyaniye
стечение	تلاقی؛ همریختنگاه	stecheniye
сливающийся	متلاقی؛ همریز	slivayushchiysya
конфлюэнтный	متلاقی؛ همریز	konflyuentnyy
соответствовать	مطابق کردن؛ تطبیق کردن	saatvetstvavat
применяться	مطابق کردن؛ تطبیق کردن	primenyatsya
сообразность	مطابقت؛ تطابق	saabraznast
проклятый	نفرین شده؛ لعنت شده	proklyatyy
сконфуженный	نفرین شده؛ لعنت شده	skanfuzhennyy
сопоставить	روبرو شدن	sapastavit
сопоставлять	روبرو شدن	sapastavlyat
конфронтация	رویارویی	kanfrantatsiya
путать	گیج کردن؛ مختل کردن	putat
смущать	گیج کردن؛ مختل کردن	smushchat
сбивчивый	ملتبس	sbivchivyy
путаный	ملتبس	putanyy
растерянность	سردرگمی	rasteryannast
смущение	سردرگمی	smushcheniye
мёрзлый	منجمد	myorzlyy
конгениальный	همخو؛ هم مشرب	kangenialnyy
врождённый	ارثی؛ مادرزاد	vrazhdyonnyy
прилив	احتقان	priliv
скученность	احتقان	skuchennast
поздравлять	تبریک گفتن	pazdravlyat
поздравить	تبریک گفتن	pazdravit
поздравление	تهنیت؛ تبریک	pazdravleniye
паства	جماعت	pastva
конгресс	کنگره؛ مجلس	kangress
относящийся к конгрессу	کنگره‌ای	otnosyashchiysya k kongressu
конусообразный	کله قندی	kanusaabraznyy
догадка	حدس	dagadka
домысел	حدس	domysel
колдовать	افسونکردن؛ جادو کردن	kaldavat
заклинать	افسونکردن؛ جادو کردن	zaklinat
связанный	متصل	svyazannyy
Коннектикут	کانکتیکت	konnektikut
соединительный	آگینی؛ اتصالی	soyedinitelnyy
попустительство	اغماض؛ غمض	papustitelstva
потакание	اغماض؛ غمض	patakaniye
завоевать	فتح کردن	zavayevat
одолевать	فتح کردن	adalevat
завоеватель	غالب؛ فاتح	zavayevatel
победительница	غالب؛ فاتح	pabeditelnitsa
завоевание	تسخیر	zavayevaniye
совесть	وجدان	sovest
аккуратный	وجدانی؛ باوجدان	akkuratnyy
сознательный	وجدانی؛ باوجدان	saznatelnyy
сознательность	آگاهی	saznatelnast
солдатчина	سربازگیری	saldatchina
последовательный	متوالی	pasledavatelnyy
консенсус	اجماع	konsensus
следствие	موجب؛ عاقبت	sledstviye
последствие	موجب؛ عاقبت	pasledstviye
последующий	نتیجه بخش؛ بر آیند	pasleduyushchiy
важный	پربرآیند؛ نتیجهای	vazhnyy
являющийся следствием	پربرآیند؛ نتیجهای	yavlyayushchiysya sledstviyem
следовательно	در نتیجه	sledavatelna
сохранение	حفاظت	sakhraneniye
консерватор	مرتجع؛ محافظه کار	kanservatar
консервативный	مرتجع؛ محافظه کار	kanservativnyy
беречь	حفاظت کردن	berech
значительный	قابل توجه	znachitelnyy
солидный	قابل توجه	salidnyy
значительно	به میزان قابل توجهی	znachitelna
деликатный	محتاط؛ باملاحظه	delikatnyy
заботливый	محتاط؛ باملاحظه	zabotlivyy
соображение	توجه؛ ملاحظه	saabrazheniye
состоять	یکپارچهبودن؛ تشکیل دادن	sastayat
консистенция	درجه غلظت	kansistentsiya
последовательность	سازگاری	pasledavatelnast
выдержанность	سازگاری	vyderzhannast
последовательно	به طور مداوم	posledovatelno
утеха	دلداری	utekha
приставка	پیشانه؛ میزفرمان	pristavka
консоль	پیشانه؛ میزفرمان	kansol
объединить	تحکیم کردن	abyedinit
объединённый	مستحکم	abyedinyonnyy
укреплённый	مستحکم	ukreplyonnyy
укрепление	تحکیم؛ تشیید	ukrepleniye
созвучный	بیواکه؛ همخوان	sazvuchnyy
консорциум	کنسرسیوم	kansortsium
комплот	توطئه	kamplot
постоянство	استواری؛ ثبات	pastayanstva
константа	ثابت؛ دایم	kanstanta
постоянно	دایم؛ دائما	pastayanna
оцепенение	بهت وحیرت	atsepeneniye
страдающий запором	یبس؛ مقوبض	stradayushchiy zaporom
избиратель	حوزه انتخابیه	izbiratel
конституировать	تشکیل دادن	kanstituiravat
склад	قانون اساسی	sklad
конституция	قانون اساسی	kanstitutsiya
конституционный	قانونی	kanstitutsionnyy
конституциональный	قانونی	kanstitutsianalnyy
стеснение	محدودیت	stesneniye
сужение	تنگی؛ تنگ شدگی	suzheniye
построить	بر پا کردن	pastroit
строить	بر پا کردن	stroit
строительство	سازندگی؛ ساخت و ساز	straitelstva
конструктивный	سازنده	kanstruktivnyy
созидательный	سازنده	sazidatelnyy
консул	کنسول	konsul
ознакомиться	مشورت کردن	aznakomitsya
советоваться	مشورت کردن	savetavatsya
консультант	مشاور	kansultant
консультация	مشاوره	kansultatsiya
консультационный	مشاوره؛ استشاره	konsultatsionnyy
консалтинговый	مشاوره؛ استشاره	konsaltingovyy
потреблённый	مورد مصرف	patreblyonnyy
поглощённый	مورد مصرف	paglashchyonnyy
потребитель	مصرف کننده؛ مسرف کننده	patrebitel
потребительница	مصرف کننده؛ مسرف کننده	patrebitelnitsa
сожжение	استهلاک؛ مصرف کننده	sazhzheniye
законченный	بوصال رسیدن	zakonchennyy
употребление	مصرف	upatrebleniye
потребление	مصرف	patrebleniye
контакт	ارتباط؛ تماس	kantakt
соприкосновение	ارتباط؛ تماس	saprikasnaveniye
инфекция	واگیر؛ هم گیری	infektsiya
зараза	واگیر؛ هم گیری	zaraza
инфекционный	مسری؛ واگیردار	infektsionnyy
заразный	مسری؛ واگیردار	zaraznyy
заразность	واگیری	zaraznost
содержать	حاوی بودن	saderzhat
сдерживать	حاوی بودن	sderzhivat
танк	ظرف؛ محفه	tank
заражённый	فاسد؛ آلوده	zarazhyonnyy
загрязнение	آلودگی؛ آلایش	zagryazneniye
заражённость	آلودگی؛ آلایش	zarazhyonnast
предположить	تامل کردن	predpalazhit
созерцание	غور	sazertsaniye
созерцательный	معقول؛ تفکری	sazertsatelnyy
современник	همزمان؛ معاصر	savremennik
современница	همزمان؛ معاصر	savremennitsa
забвение	تحقیر	zabveniye
презрительность	تحقیر	prezritelnast
ничтожный	استهزاء آمیز	nichtozhnyy
презренный	استهزاء آمیز	prezrennyy
презрительный	قابل تحقیر	prezritelnyy
бороться	رقابت کردن	barotsya
содержание	راضی	saderzhaniye
довольство	راضی	davolstva
спор	اختلاف	spor
раздор	اختلاف	razdor
нега	خرسندی	nega
рамка	زمینه	ramka
материк	قاره	materik
континент	قاره	kantinent
континентальный	بری؛ اقلیمی	kantinentalnyy
беспрестанный	مدام؛ مداوم	besprestannyy
ежеминутный	مدام؛ مداوم	yezheminutnyy
беспрестанно	به طور مستمر	besprestanna
продолжение	ادامه؛ دنباله	pradalzheniye
продолжать	ادامه دادن	pradalzhat
продолжаться	ادامه دادن	pradalzhatsya
преемственность	پیوستگی؛ تسلسل	preyemstvennast
непрерывность	پیوستگی؛ تسلسل	nepreryvnast
сплошной	پیاپی؛ لاینقطع	splashnoy
непрерывный	پیاپی؛ لاینقطع	nepreryvnyy
непрерывно	پیوسته؛ همچنان	nepreryvna
беспрерывно	پیوسته؛ همچنان	bespreryvna
контур	حدفاصل؛ محیط مرئی	kontur
абрис	حدفاصل؛ محیط مرئی	abris
контрабанда	اجناس قاچاق	kantrabanda
контрабандный	اجناس قاچاق	kantrabandnyy
договор	پیمان؛ مقاطعه	dagavor
контрактация	پیمان کار	kantraktatsiya
сведение	گرفتگی؛ انقباض	svedeniye
подрядчик	پیمانکار	padryadchik
контрагент	پیمانکار	kantragent
договорный	پیمانی؛ عهدی	dagavornyy
противоречить	تناقض داشتن؛ خلاف گفتن	prativarechit
перечить	تناقض داشتن؛ خلاف گفتن	perechit
противоречие	تناقض	prativarechiye
прекословие	تناقض	prekasloviye
противоречивый	مغایر؛ نقیض	prativarechivyy
разноречивый	مغایر؛ نقیض	raznarechivyy
противоположный	برعکس	prativapalozhnyy
противоположность	تباین؛ مباینت	prativapalozhnast
контраст	تباین؛ مباینت	kantrast
вносить	هم بخشی کردن؛ همکاری و کمک کردن	vnasit
вклад	کمک؛ اعانه	vklad
дань	کمک؛ اعانه	dan
благодетельница	مشارکت‌کننده	blagodetelnitsa
снаряд	تمهید	snaryad
контроль	کنترل، کنترل کردن	kantrol
наблюдение	کنترل، کنترل کردن	nablyudeniye
диспетчер	ممیز؛ بازبین	dispetcher
контроллер	ممیز؛ بازبین	kantroller
дискуссионный	بحث‌برانگیز	diskussionnyy
состязание	مناقشه	sastyazaniye
выздоравливающий	بهگرا	vyzdoravlivayushchiy
созвать	هم آیش کردن؛ دورهم جمع شدن	sazvat
созывать	هم آیش کردن؛ دورهم جمع شدن	sazyvat
сподручный	بی دغدغه	spadruchnyy
легко	مصلحه؛ به راحتی	legko
условность	کنوانسیون	uslovnast
общепринятый	متعارف	abshcheprinyatyy
приблизиться	متقارب شدن؛ همگرا بودن	priblizitsya
разговор	مکالمه	razgavor
беседа	مکالمه	beseda
разговорный	مکالمهای؛ گفتگوئی	razgovornyy
разговаривать	محاوره کردن	razgavarivat
беседовать	محاوره کردن	besedavat
перевод	تبدیل	perevod
новообращённый	نقد کردن	navaabrashchyonnyy
обратимый	قابل تسعیر	abratimyy
выразить	منتقل کردن	vyrazit
выражать	منتقل کردن	vyrazhat
перевозка	سند انتقال؛ وسیله نقلیه	perevozka
провоз	سند انتقال؛ وسیله نقلیه	pravoz
зек	محکوم کردن	zek
осуждённый	محکوم کردن	asuzhdyonnyy
убеждённость	محکومیت	ubezhdyonnast
убедить	متقاعد کردن؛ قانع کردن	ubedit
уговаривать	متقاعد کردن؛ قانع کردن	ugavarivat
запутанный	بهم تابیده	zaputannyy
судорога	تشنج؛ اختلاج	sudaraga
конвульсия	تشنج؛ اختلاج	kanvulsiya
судорожный	متشنج؛ تشنجی	sudarazhnyy
конвульсивный	متشنج؛ تشنجی	kanvulsivnyy
кухарка	آشپز؛ آشپزی کردن	kukharka
плита	اجاق گاز	plita
кухня	آشپزی	kukhnya
отпад	خنک، باحال	atpad
остыть	خنک، باحال	astyt
охлаждение	خنک کننده؛ خنک سازی	akhlazhdeniye
прохладительный	خنک کننده؛ خنک سازی	prakhladitelnyy
свежесть	خنکی؛ خون سردی	svezhest
прохлада	خنکی؛ خون سردی	prakhlada
кооперировать	همکاری کردن	kooperirovat
сотрудничество	اشتراک؛ مشارکت	satrudnichestva
готовый к сотрудничеству	تعاونی	gotovyy k sotrudnichestvu
совместный	تعاونی	sovmestnyy
координата	هماهنگ کردن	koordinata
согласовывать	هماهنگ کردن	soglasovyvat
согласование	هماهنگی	soglasovaniye
координация	هماهنگی	koordinatsiya
координатор	هماهنگ‌کننده	koordinator
мент	پلیس	ment
початок	پلیس	pachatak
справиться	کنار آمدن	spravitsya
справляться	کنار آمدن	spravlyatsya
медь	مس	med
медяк	مس	medyak
рукопись	کپی، کپی کردن	rukapis
копия	کپی، کپی کردن	kopiya
переписка	استنساخ؛ رونویسی	perepiska
выписка	استنساخ؛ رونویسی	vypiska
авторское право	حق چاپ	avtorskoye pravo
коралл	مرجان؛ بسد	karall
коралловый	مرجان؛ بسد	karallavyy
верёвка	طناب؛ سیم	veryovka
шнур	طناب؛ سیم	shnur
душевный	قلبی؛ مقوی	dushevnyy
зерно	سلف	zerno
ядро	سلف	yadro
пробка	سربطری؛ چوب پنبه	probka
пробковый	سربطری؛ چوب پنبه	probkavyy
уголок	گوشه	ugalok
коронарный	اکیلی	koronarnyy
венечный	اکیلی	venechnyy
коронер	پزشک قانونی	koroner
следователь по убийствам	پزشک قانونی	sledovatel po ubiystvam
коронет	نیم تاج	koronet
малая корона	نیم تاج	malaya korona
ефрейтор	جسمی؛ سرجوخه	yefreytar
капрал	جسمی؛ سرجوخه	kapral
цех	شرکت	tsekh
корпорация	شرکت	karparatsiya
труп	لاشه؛ مردار	trup
мертвец	لاشه؛ مردار	mertvets
исправительный	اصلاحی	ispravitelnyy
правильно	به درستی	pravilna
верно	به درستی	verna
справедливость	درستی	spravedlivast
верность	درستی	vernast
коррелят	همبستگی داشتن	karrelyat
соотносить	همبستگی داشتن	saatnasit
соотношение	همبستگی	saatnasheniye
взаимосвязь	همبستگی	vzaimasvyaz
корреспондент	خبرنگار	karrespandent
соответственный	متناظر	saatvetstvennyy
коридор	راهرو	karidor
коррозионный	خورنده؛ اکال	korrozionnyy
испортить	فاسد	isportit
портить	فاسد	portit
грязь	فساد	gryaz
коррупция	فساد	karruptsiya
грация	شکم بند	gratsiya
корсет	شکم بند	karset
казак	قزاق	kazak
цена	هزینه، هزینه داشتن	tsena
стоимость	هزینه، هزینه داشتن	stoimast
уличный торговец	سبزی فروش	ulichnyy torgovets
дорогой	پرهزینه	daragoy
костюм	جامه؛ لباس محلی	kastyum
изба	کلبه	izba
хлопчатобумажный	پنبه؛ کتانی	khlapchatabumazhnyy
диван	مبل	divan
кашель	سرفه؛ سرفه کردن	kashel
кашлять	سرفه؛ سرفه کردن	kashlyat
мог бы	می‌توانست (فعل کمکی)	mog by
могла бы	می‌توانست (فعل کمکی)	mogla by
член совета	عضو انجمن؛ عضو شورا	chlen soveta
консультирование	مشاوره	konsultirovaniye
психологическая помощь	مشاوره	psikhologicheskaya pomoshch
консультантка	وکیل مدافع	konsultantka
граф	شمردن	graf
сверка	شمردن	sverka
мина	لقا	mina
поощрять	لقا	paashchryat
столик	مقابله کردن (با استدلال)؛ پیشخوان	stolik
противодействовать	خنثی کردن؛ خنثی نمودن	prativadeystvavat
контрудар	حمله متقابل کردن	kontrudar
двойник	همتا	dvoynik
дубликат	همتا	dublikat
графиня	کنتس؛ همسر کنت	grafinya
бесчисленный	بی‌شمار	beschislennyy
несметный	بی‌شمار	nesmetnyy
страна	کشور	strana
сельский житель	هم میهن	selskiy zhitel
сельская жительница	هم میهن	selskaya zhitelnitsa
деревня	ییلاقات؛ بیرون شهر	derevnya
природа	ییلاقات؛ بیرون شهر	priroda
переворот	کودتا	perevarot
пара	زوج، چند	para
парочка	زوج، چند	parachka
талон	کوپن	talon
купон	کوپن	kupon
мужество	دل؛ جرات	muzhestva
курьер	پیک؛ حملهدار	kuryer
нарочный	پیک؛ حملهدار	narochnyy
ход	دوره، البته	khod
курс	دوره، البته	kurs
двор	دادگاه؛ دربار	dvor
суд	دادگاه؛ دربار	sud
воспитанный	مبادی آداب	vaspitannyy
здание суда	کاخ دادگستری	zdaniye suda
галантерейный	درباری	galantereynyy
ухаживание	نظر بازی	ukhazhivaniye
кузина	پسرعمو/عمه/دایی/خاله، دخترعمو/عمه/دایی/خاله	kuzina
кузен	پسرعمو/عمه/دایی/خاله، دخترعمو/عمه/دایی/خاله	kuzen
соглашение	میثاق بستن	saglasheniye
защита	پوشاندن، پوشش	zashchita
крышка	پوشاندن، پوشش	kryshka
охват	پوشش	okhvat
покрытие зона действия	پوشش	pokrytiye zona deystviya
коверкот	پوشپر	kaverkot
корова	گاو	karova
самка	گاو	samka
трус	ترسو؛ ضعیفالنفس	trus
трусиха	ترسو؛ ضعیفالنفس	trusikha
трусость	بیدلی؛ نامردی	trusast
малодушие	بیدلی؛ نامردی	maladushiye
малодушный	بی حمیت	maladushnyy
пастух	گاوچران	pastukh
ковбой	گاوچران	kavboy
краб	خرچنگ	krab
треск	ترک، شکستن	tresk
люлька	گهواره؛ مهد	lyulka
колыбель	گهواره؛ مهد	kalybel
судно	ساختن؛ مهارت، صنایع دستی	sudna
хитрость	ساختن؛ مهارت، صنایع دستی	khitrast
ремесленник	صنعت گر؛ پیشه ور	remeslennik
мастерство	صنعت گری	masterstvo
коварный	موذی؛ هفت خط	kavarnyy
кран	کلنگ؛ جرثقیل	kran
журавль	کلنگ؛ جرثقیل	zhuravl
черепной	جمجمه ای	cherepnoy
чудак	محوردار؛ میل لنگ	chudak
психопат	محوردار؛ میل لنگ	psikhapat
грохот	سقوط؛ برخورد کردن	grokhat
воронка	دهانه آتش فشان	varonka
кратер	دهانه آتش فشان	krater
кроль	خزیدن	krol
тянуться	خزیدن	tyanutsya
сумасшедший	دیوانه	sumasshedshiy
бешеный	دیوانه	beshenyy
скрип	غژغژ کردن	skrip
скрипеть	غژغژ کردن	skripet
крем	خامه، کرم	krem
сливка	خامه، کرم	slivka
складка	تاه؛ تاه کردن	skladka
морщина	تاه؛ تاه کردن	marshchina
создать	خلق کردن	sazdat
создание	ایجاد؛ خلق	sazdaniye
творение	ایجاد؛ خلق	tvareniye
творческий	خلاق	tvorcheskiy
креативность	خلاقیت	kreativnost
творческие способности	خلاقیت	tvorcheskiye sposobnosti
создатель	خالق	sazdatel
творец	خالق	tvarets
существо	خلق؛ موجود	sushchestvo
кредит доверия	اعتبار	kredit doveriya
достоверный	معتبر	dostovernyy
заслуживающий доверия	معتبر	zasluzhivayushchiy doveriya
кредит	اعتبار	kredit
титр	اعتبار	titr
похвальный	معتبر	pokhvalnyy
кредитор	بستانکار؛ وامخواه	kreditor
заимодавец	بستانکار؛ وامخواه	zaimadavets
верование	کیش	veravaniye
исповедание	کیش	ispavedaniye
ползать	خزیدن	polzat
охватывать	خزیدن	akhvatyvat
полумесяц	هلال؛ هلالی	palumesyats
серповидный	هلال؛ هلالی	serpavidnyy
ясли	گهواره؛ دزدی ادبی	yasli
кроватка	گهواره؛ دزدی ادبی	kravatka
сверчок	جیر جیرک	sverchok
крикет	جیر جیرک	kriket
преступление	جرم	prestupleniye
преступность	جرم	prestupnast
преступник	جنایتکار	prestupnik
уголовник	جنایتکار	ugalovnik
багрянец	جگری؛ لاکی	bagryanets
поклониться	چندک زدن	paklanitsya
кланяться	چندک زدن	klanyatsya
калека	عاجز؛ زمین گیر	kaleka
изуродовать	عاجز؛ زمین گیر	izurodavat
калечащий	فلج کننده	kalechashchiy
парализующий	فلج کننده	paralizuyushchiy
кризис	بحران	krizis
перелом	بحران	perelom
критик	منقد؛ نقدگر	kritik
оппонент	منقد؛ نقدگر	appanent
решительный	وخیم؛ بحرانی	reshitelnyy
критический	وخیم؛ بحرانی	kriticheskiy
критично	به طور انتقادی	kritichno
критика	انتقاد؛ نکوهش	kritika
проработка	انتقاد؛ نکوهش	prarabotka
критиковать	انتقاد کردن؛ نکوهش کردن	kritikavat
покритиковать	انتقاد کردن؛ نکوهش کردن	pakritikavat
разбор	نقد	razbor
посуда	بدل چینی؛ ظروف گلی	pasuda
закадычный приятель	هم اطاق	zakadychnyy priyatel
дружок	هم اطاق	druzhok
кривой	کج؛ ناراست	krivoy
зоб	محصول؛ محصود	zob
крест	صلیب، عبور کردن	krest
крестик	صلیب، عبور کردن	krestik
перекрёсток	چهار راه	perekryostak
переезд	چهار راه	pereyezd
взбалмошный	قلاب دار	vzbalmashnyy
пригнувшийся	دولا دولا	prignuvshiysya
сидящий на корточках	دولا دولا	sidyashchiy na kortochkakh
круп	خناق	krup
ворона	غراب؛ بانگ خروس	varona
лом	غراب؛ بانگ خروس	lom
набитый	شلوغ	nabityy
многолюдный	شلوغ	mnagalyudnyy
макушка	تاج	makushka
корона	تاج	karona
ответственный	حیاتی	atvetstvennyy
распять	مصلوب کردن؛ چارمیخ کردن	raspyat
распинать	مصلوب کردن؛ چارمیخ کردن	raspinat
нефть	خام	neft
неграмотный	خام	negramatnyy
жестокосердный	ستمگر؛ ظالم	zhestakaserdnyy
жестокосердый	ستمگر؛ ظالم	zhestakaserdyy
жестокость	بیداد؛ ظلم	zhestokast
жестокосердие	بیداد؛ ظلم	zhestakaserdiye
мятый	مچاله	myatyy
измятый	مچاله	izmyatyy
крестовый поход	غزا؛ جنگ مذهبی	krestovyy pokhod
толчея	خرد کردن	talcheya
корка	پوست؛ پوسته	korka
костыль	زیربغل راه رفتن؛ چوب زیر بغل	kastyl
клюка	زیربغل راه رفتن؛ چوب زیر بغل	klyuka
вопль	گریه کردن	vopl
кристалл	بلور	kristall
хрусталь	بلور	khrustal
кристаллизованный	متبلور	kristallizovannyy
щенок	شبل	shchenok
Куба	کوبا	kuba
кубинец	کوبایی	kubinets
кубинка	کوبایی	kubinka
кубический	مکعبی	kubicheskiy
огурец	خیار؛ بالنک	agurets
реплика	نشانه	replika
кий	نشانه	kiy
завершающий	منتهی	zavershayushchiy
достигающий кульминации	منتهی	dostigayushchiy kulminatsii
кульминация	اوج	kulminatsiya
культ	فرقه	kult
воспитывать	کشت کردن	vaspityvat
растить	کشت کردن	rastit
разработка	زرع؛ تهذیب	razrabotka
обработка	زرع؛ تهذیب	abrabotka
культурный	فرهنگی	kulturnyy
культура	فرهنگ	kultura
культурность	فرهنگ	kulturnast
интеллигентный	بافرهنگ	intelligentnyy
клинопись	خط میخی	klinapis
чашка	فنجان	chashka
шкаф	کمد	shkaf
лечебный	علاج بخش؛ شفا بخش	lechebnyy
целебный	علاج بخش؛ شفا بخش	tselebnyy
обочина	جدول؛ طوقه	abochina
мундштук	جدول؛ طوقه	mundshtuk
лечение	چاره؛ درمان	lecheniye
излечение	چاره؛ درمان	izlecheniye
любопытство	کنجکاوی	lyubapytstva
редкость	کنجکاوی	redkast
любопытный	کنجکاو	lyubapytnyy
любознательный	کنجکاو	lyubaznatelnyy
завиток	فر؛ مرغول	zavitok
локон	فر؛ مرغول	lokan
кудрявый	فرفری	kudryavyy
курчавый	فرفری	kurchavyy
валюта	ارز	valyuta
валютный	ارز	valyutnyy
течение	جاری؛ رایج	techeniye
поток	جاری؛ رایج	patok
в данный момент	فعلا؛ اکنون	v dannyy moment
в настоящее время	فعلا؛ اکنون	v nastoyashcheye vremya
курс обучения	برنامه درسی	kurs obucheniya
учебный план	برنامه درسی	uchebnyy plan
проклятие	نفرین؛ لعنت	praklyatiye
ругательство	نفرین؛ لعنت	rugatelstva
свернуть	کوتاه کردن؛ مختصر نمودن	svernut
сократить	کوتاه کردن؛ مختصر نمودن	sakratit
занавеска	پرده؛ حجاب	zanaveska
кривизна	خمیدگی	krivizna
выгиб	خمیدگی	vygib
изгиб	خم؛ منحنی	izgib
изогнутый	خمیاده؛ سرکج	izognutyy
борт	چنبره؛ مخده	bort
подушка	چنبره؛ مخده	padushka
переломный момент	نوک هلال؛ غره برج	perelomnyy moment
пик	نوک هلال؛ غره برج	pik
хранитель	متولی؛ سرایدار	khranitel
смотритель	متولی؛ سرایدار	smatritel
хранение	حضانت	khraneniye
заведение	رسم؛ عادت	zavedeniye
обычай	رسم؛ عادت	abychay
обычный	مرسوم؛ عادتی	abychnyy
выпуск	بریدن	vypusk
милый	بامزه	milyy
вскрытие	برش	vskrytiye
просека	برش	proseka
цианид	سیانور	tsianid
цикл	دوچرخه سواری، چرخه	tsikl
цилиндр	سیلندر؛ استوانه	tsilindr
валик	سیلندر؛ استوانه	valik
цилиндрический	لولهای؛ استوانهای	tsilindricheskiy
циничный	بدبین	tsinichnyy
кистозный	پیشاب دانی	kistoznyy
царь	تزار	tsar
чех	زبان چکوسلواکی	chekh
чешский	زبان چکوسلواکی	cheshskiy
папа	بابا	papa
тятя	بابا	tyatya
папочка	پاپا؛ بابا	papachka
кинжал	خنجر؛ دشنه	kinzhal
газета	روزانه	gazeta
дневной	روزانه	dnevnoy
деликатес	لذیذ	delikates
молочная	لبنیات	molochnaya
матка	سد	matka
плотина	سد	platina
ущерб	زیان؛ غرامت	ushcherb
вред	زیان؛ غرامت	vred
вредный	آسیب‌زننده	vrednyy
повреждающий	آسیب‌زننده	povrezhdayushchiy
дамасский	گلدار کردن	damasskiy
проклинать	اف؛ نفرین کردن	praklinat
проклясть	اف؛ نفرین کردن	praklyast
окаянный	ملعون؛ لعین	akayannyy
охладить	نمناک؛ نمدار	akhladit
охлаждать	نمناک؛ نمدار	akhlazhdat
сырость	رطوبت؛ نمناکی	syrast
влажность	رطوبت؛ نمناکی	vlazhnast
танец	رقص، رقصیدن	tanets
бал	رقص، رقصیدن	bal
танцор	رقصنده	tantsor
танцовщица	رقصنده	tantsovshchitsa
пляска	رقص	plyaska
танцевальный	رقص	tantsevalnyy
красавчик	خوش تیپ؛ شیک پوش	krasavchik
стиляга	خوش تیپ؛ شیک پوش	stilyaga
опасность	خطر	apasnast
опасный	خطرناک	apasnyy
свисающий	آویز شده	svisayushchiy
болтающийся	آویز شده	boltayushchiysya
датский	دانمارکی	datskiy
сметь	جرئت کردن	smet
посметь	جرئت کردن	pasmet
удаль	جسور؛ شهامت	udal
темнота	تاریک؛ تاریکی	temnata
тьма	تاریک؛ تاریکی	tma
милочка	عزیز؛ دلبند	milachka
душенька	عزیز؛ دلبند	dushenka
дротик	مزراق	drotik
панель управления	داشبورد	panel upravleniya
гонка	زنده دل	gonka
бравый	زنده دل	bravyy
данные	داده‌ها	dannyye
база данных	پایگاه داده	baza dannykh
число	تاریخ، قرار ملاقات	chislo
свидание	تاریخ، قرار ملاقات	svidaniye
дочь	دختر	doch
дочка	دختر	dochka
Дэвис	دیویس	devis
рассвет	طلوع	rassvet
ослеплённый	خیره؛ مسحور	asleplyonnyy
дьякон	شماس	dyakan
мёртвый	مرده	myortvyy
дохлый	مرده	dokhlyy
срок	مهلت	srok
смертный	کشنده	smertnyy
смертельный	کشنده	smertelnyy
глухой	ناشنوا؛ اصم	glukhoy
глухота	ناشنوایی	glukhata
сдача	معامله، سر و کار داشتن	sdacha
торговец	فروشنده	targovets
декан	شیخ السفرا	dekan
настоятель	شیخ السفرا	nastayatel
смерть	مرگ	smert
гибель	مرگ	gibel
смертное ложе	بستر مرگ	smertnoye lozhe
смертный одр	بستر مرگ	smertnyy odr
мертвенный	مرگ وار	mertvennyy
разврат	فسق؛ الواطی	razvrat
беспутство	فسق؛ الواطی	besputstva
мусор	آوار	musar
обломок	آوار	ablomak
долг	دین؛ بدهکاری	dolg
должник	مدیون؛ بدهکار	dalzhnik
заёмщик	مدیون؛ بدهکار	zayomshchik
дебют	اولین حضور	debyut
десяток	دهه	desyatak
десятилетие	دهه	desyatiletiye
упадок	تنزل؛ آغاز ویرانی	upadak
декадентство	تنزل؛ آغاز ویرانی	dekadentstva
покойный	مرده؛ مرحوم	pakoynyy
усопший	مرده؛ مرحوم	usopshiy
обман	فریب؛ گول	obman
обманчивость	فریب؛ گول	obmanchivost
лживый	جلب؛ عیار	lzhivyy
обмануть	فریفتن؛ رنگ کردن	abmanut
обманывать	فریفتن؛ رنگ کردن	abmanyvat
декабрь	دسامبر	dekabr
приличие	نجابت	prilichiye
порядочность	نجابت	paryadachnast
приличный	نجیب؛ باحیاء	prilichnyy
порядочный	نجیب؛ باحیاء	paryadachnyy
прилично	نجیبانه	prilichna
порядочно	نجیبانه	paryadachna
обманчивый	فریبنده؛ فریبا	abmanchivyy
решить	تصمیم گرفتن	reshit
решать	تصمیم گرفتن	reshat
решение	تصمیم	resheniye
принятие решений	تصمیم‌گیری	prinyatiye resheniy
решающий	قاطع	reshayushchiy
палуба	عرشه	paluba
колода	عرشه	kaloda
закат	کاهش؛ تنزل	zakat
разложение	تجزیه	razlazheniye
расщепление	تجزیه	rasshchepleniye
награждение	آرایش دهنده؛ زینت بخش	nagrazhdeniye
орден	آرایش؛ تراز	orden
награда	آرایش؛ تراز	nagrada
декоративный	زینتی؛ آذینی	dekarativnyy
пристойный	زینت دار	pristoynyy
благопристойность	رفتار بجا	blagapristoynast
убыль	نقص؛ تنزل	ubyl
распоряжение	وضع کردن؛ تصویب نامه	rasparyazheniye
указ	وضع کردن؛ تصویب نامه	ukaz
посвятить	وفق کردن؛ اهداء کردن	pasvyatit
посвящать	وفق کردن؛ اهداء کردن	pasvyashchat
преданный	فداکار	predannyy
посвящение	فداکاری	pasvyashcheniye
умозаключать	استدلال کردن	umazaklyuchat
вычитаемый	مالیات پذیر	vychitayemyy
умозаключение	کاهش؛ استنتاج	umazaklyucheniye
отчисление	کاهش؛ استنتاج	atchisleniye
дедуктивный	استدلالی	deduktivnyy
документ	عمل	dakument
поступок	عمل	pastupak
счесть	در نظر گرفتن	schest
глубокий	عمیق	glubokiy
густой	عمیق	gustoy
усиливаться	گود کردن؛ تعمیق کردن	usilivatsya
углубляться	گود کردن؛ تعمیق کردن	uglublyatsya
глубоко	عمیقا	glubako
олень	آهو؛ گوزن	alen
позорить	بدنام کردن؛ هتاکی کردن	pazorit
опозорить	بدنام کردن؛ هتاکی کردن	apazorit
разгром	شکست؛ هزیمت	razgrom
победить	شکست؛ هزیمت	pabedit
брак	نقص	brak
порок	نقص	parok
отпадение	ارتداد	atpadeniye
неполноценный	ناقص؛ معیوب	nepalnatsennyy
неисправный	ناقص؛ معیوب	neispravnyy
оборона	مدافعه	abarona
защитить	دفاع کردن؛ مدافعه کردن	zashchitit
отстаивать	دفاع کردن؛ مدافعه کردن	atstaivat
подсудимый	دادخوانده؛ مدعی علیه	padsudimyy
ответчик	دادخوانده؛ مدعی علیه	atvetchik
защитник	مدافع	zashchitnik
заступник	مدافع	zastupnik
оборонительный	تدافعی	abaranitelnyy
отложенный	دیر فرست	otlozhennyy
дефицит	کمبود	defitsit
недостаточный	ناقص؛ ناکارآ	nedostatochnyy
дефицитный	ناقص؛ ناکارآ	defitsitnyy
недостача	کسری	nedastacha
определить	معنی کردن	apredelit
определять	معنی کردن	apredelyat
определённый	موکد	apredelyonnyy
ясный	موکد	yasnyy
определённо	قطعاً	apredelyonna
дефиниция	تعریف	definitsiya
отклонение	عوج	atklaneniye
угломер	عوج	uglamer
безобразный	ناقصالخلقه؛ بدهیکل	bezabraznyy
безобразие	دشدیسگی؛ دشدیدگی	bezabraziye
вызвать	نافرمانی کردن	vyzvat
попрать	نافرمانی کردن	paprat
выродок	ناخلف	vyradak
выродиться	ناخلف	vyraditsya
дегенерация	فساد؛ انحطاط	degeneratsiya
вырождение	فساد؛ انحطاط	vyrazhdeniye
вырождающийся	فاسد کننده	vyrozhdayushchiysya
вырожденческий	فاسد کننده	vyrazhdencheskiy
деградация	تنزل	degradatsiya
опустившийся	منحط	apustivshiysya
степень	درجه	stepen
размер	درجه	razmer
обезвоживать	وابشت کردن؛ بیآب کردن	abezvozhivat
пришибленный	افسرده؛ پژمرده	prishiblennyy
задержка	تاخیر؛ درنگ	zaderzhka
промедление	تاخیر؛ درنگ	pramedleniye
делегат	نماینده	delegat
делегатка	نماینده	delegatka
делегированный	موکل	delegirovannyy
делегация	هیئت	delegatsiya
делегирование	هیئت	delegiravaniye
стирать	حذف کردن	stirat
стереть	حذف کردن	steret
Дели	دهلی	deli
раздумывать	عمدی؛ تعمدی	razdumyvat
совещаться	عمدی؛ تعمدی	saveshchatsya
сознательно	تعمدا	saznatelna
нарочито	تعمدا	narachita
обдуманность	شور؛ تامل	abdumannast
нежность	لطایف؛ ظریفی	nezhnast
тонкость	لطایف؛ ظریفی	tonkast
нежно	ظریفانه	nezhna
деликатно	ظریفانه	delikatna
вкусный	خوشمزه	vkusnyy
дивный	خوشمزه	divnyy
наслаждение	میل؛ حظ	naslazhdeniye
бредовый	هذیانی؛ سرسامی	bredovyy
бредовой	هذیانی؛ سرسامی	bredavoy
бред	هذیان؛ سرسام	bred
умоисступление	هذیان؛ سرسام	umaisstupleniye
передать	رساندن؛ ایراد کردن	peredat
доставить	رساندن؛ ایراد کردن	dastavit
освобождение	رهیی	asvabazhdeniye
избавление	رهیی	izbavleniye
избавитель	رساننده؛ رهان	izbavitel
избавительница	رساننده؛ رهان	izbavitelnitsa
отпуск	زه؛ تحویل	otpusk
заблуждающийся	غره	zabluzhdayushchiysya
обманутый	غره	obmanutyy
потоп	طوفان ایجاد کردن	patop
заблуждение	فریفتگی؛ کوراب	zabluzhdeniye
спрос	طلب؛ تقاضا	spros
унижать	رفتار کردن	unizhat
принижать	رفتار کردن	prinizhat
демократия	دموکراسی	demakratiya
народовластие	دموکراسی	naradavlastiye
демократ	دمکرات؛ دمکراتی	demakrat
демократический	دموکراتیک	demakraticheskiy
демократичный	دموکراتیک	demakratichnyy
разрушенный	ویران	razrushennyy
снесённый	ویران	snesyonnyy
бес	دیو	bes
демон	دیو	deman
доказуемый	اثباتی	dakazuyemyy
доказать	راهپیمایی کردن؛ تظاهرات کردن	dakazat
доказывать	راهپیمایی کردن؛ تظاهرات کردن	dakazyvat
демонстрация	تظاهرات، نمایش	demanstratsiya
показ	تظاهرات، نمایش	pakaz
демонстрант	حالیکننده؛ نشان دهنده	demanstrant
демонстрантка	حالیکننده؛ نشان دهنده	demanstrantka
логово	لانه؛ آشیانه	logava
берлога	لانه؛ آشیانه	berloga
отрицание	انکار	atritsaniye
опровержение	انکار	apraverzheniye
деноминация	تسمیه؛ طبقه بندی	denaminatsiya
обозначать	علامت بودن؛ علامت گذاردن	oboznachat
финал	نتیجه عمل؛ پایان نمایش	final
доносить	محکوم کردن	danasit
разоблачить	محکوم کردن	razablachit
плотность	تراکم	plotnast
густота	تراکم	gustata
зубной	دندانی	zubnoy
стоматолог	دندانپزشک	stamatolag
дантист	دندانپزشک	dantist
прорезывание	دندان بندی؛ ساختمان دندانها	prarezyvaniye
обнажённый	محروم	abnazhyonnyy
лишённый	محروم	lishyonnyy
отказать	نفی کردن؛ تکذیب کردن	atkazat
отрицать	نفی کردن؛ تکذیب کردن	atritsat
дезодорант	بوزدا	dezodorant
уйти	حرکت کردن	uyti
уходить	حرکت کردن	ukhadit
выступление	عزیمت؛ هجرت	vystupleniye
зависеть	بستگی داشتن	zaviset
обусловливаться	بستگی داشتن	obuslovlivatsya
иждивенство	وابستگی	izhdivenstva
несамостоятельность	وابستگی	nesamastayatelnast
зависимости	توابع	zavisimosti
зависимые территории	توابع	zavisimyye territorii
зависимый	وابسته	zavisimyy
подвластный	وابسته	padvlastnyy
описать	به تصویر کشیدن	apisat
плачевный	زار	plachevnyy
прискорбный	زار	priskorbnyy
развернуть	مستقر کردن	razvernut
развернуться	مستقر کردن	razvernutsya
разворот	استقرار	razvarot
развёртывание	استقرار	razvyortyvaniye
низлагать	خلع کردن؛ عزل کردن	nizlagat
залог	رسوب، واریز کردن؛ ودیعه	zalog
месторождение	رسوب، واریز کردن؛ ودیعه	mestarazhdeniye
показание	خلع؛ عزل	pakazaniye
осадок	خلع؛ عزل	asadak
парк	بازخانه؛ انبارگاه	park
возражать	قبیح دانستن	vozrazhat
возразить	قبیح دانستن	vozrazit
девальвация	ناچیز شماری	devalvatsiya
амортизация	ناچیز شماری	amartizatsiya
подавлять	افسردن؛ دلسرد شدن	padavlyat
угнетать	افسردن؛ دلسرد شدن	ugnetat
убитый	افسرده؛ غر	ubityy
угнетённый	افسرده؛ غر	ugnetyonnyy
депрессия	افسردگی، رکود	depressiya
лишение	محرومیت؛ انعزال	lisheniye
лишить	محروم کردن	lishit
лишать	محروم کردن	lishat
глубина	عمق؛ ژرف	glubina
глубь	عمق؛ ژرف	glub
заместитель	معاون	zamestitel
депутат	معاون	deputat
смеяться	بکسی خندیدن	smeyatsya
высмеивать	بکسی خندیدن	vysmeivat
осмеяние	سخریه؛ سخره	asmeyaniye
производная	فرعی؛ مشتق	praizvodnaya
дериват	فرعی؛ مشتق	derivat
возвести	مشتق شدن	vazvesti
возводить	مشتق شدن	vazvadit
кожный	پوستی؛ جلدی	kozhnyy
дермальный	پوستی؛ جلدی	dermalnyy
потомство	اعقاب	patomstva
описывать	توصیف کردن	apisyvat
описание	توصیف	apisaniye
описательный	وصفی؛ تعریفی	apisatelnyy
поругание	هتک حرمت	paruganiye
пустыня	بیابان	pustynya
заслуга	بیابان	zasluga
заслужить	سزیدن؛ لایق کردن	zasluzhit
заслуживать	سزیدن؛ لایق کردن	zasluzhivat
достойный	مستحق؛ سزاوار	dostoynyy
проект	طراحی، طراحی کردن	prayekt
рисунок	طراحی، طراحی کردن	risunak
обозначить	تعیین کردن	abaznachit
конструктор	طراح	kanstruktar
дизайнер	طراح	dizayner
желательность	مطلوبیت؛ دلخواهی	zhelatelnost
привлекательность	مطلوبیت؛ دلخواهی	privlekatelnost
желательный	مطلوب	zhelatelnyy
пожелание	میل؛ هوس	pazhelaniye
позыв	میل؛ هوس	pazyv
желающий	آرزومندانه؛ راقب بودن	zhelayushchiy
стремящийся	آرزومندانه؛ راقب بودن	stremyashchiysya
пульт	میز تحریر	pult
настольный компьютер	رومیزی (کامپیوتر)	nastolnyy kompyuter
столешница	رومیزی (کامپیوتر)	stoleshnitsa
нелюдимый	بی جمعیت	nelyudimyy
запустелый	بی جمعیت	zapustelyy
запустение	خراب	zapusteniye
запущенность	خراب	zapushchennast
отчаяние	ناامید؛ یاس	atchayaniye
безнадёжность	ناامید؛ یاس	beznadyozhnast
отчаявшийся	نومید کننده	otchayavshiysya
безнадёжный	نومید کننده	beznadyozhnyy
отчаянный	نومید؛ ناامید	atchayannyy
отчаянно	از روی نومیدی	atchayanna
напропалую	از روی نومیدی	naprapaluyu
плюгавый	شنیع؛ نکوهش پذیر	plyugavyy
презирать	تحقیر کردن؛ حقیر شمردن	prezirat
пренебрегать	تحقیر کردن؛ حقیر شمردن	prenebregat
вопреки	علارغم؛ باوجوداین	vapreki
уныние	یاس؛ تنگ دلی	unyniye
удручённость	یاس؛ تنگ دلی	udruchyonnast
деспот	جابر؛ سلطان مستبد	despat
десерт	دسر؛ دندان مز	desert
сладкое	دسر؛ دندان مز	sladkaye
предназначение	مقصد	prednaznacheniye
предназначенный	مقدر	prednaznachennyy
суждено	مقدر	suzhdeno
нищий	لات	nishchiy
нищета	لاتی؛ بی چیزی	nishcheta
обнищание	لاتی؛ بی چیزی	abnishchaniye
разрушительный	مخرب	razrushitelnyy
сокрушительный	مخرب	sakrushitelnyy
выделить	منفصل کردن	vydelit
отделять	منفصل کردن	atdelyat
партия	عده	partiya
подробность	جزئیات	padrobnast
деталь	جزئیات	detal
задержать	بازداشت کردن	zaderzhat
задерживать	بازداشت کردن	zaderzhivat
обнаружение	کشف	abnaruzheniye
сыск	کشف	sysk
сыщик	کارآگاه	syshchik
детектив	کارآگاه	detektiv
детектор	ردیاب؛ آشکارگر	detektar
сдержать	تحذیر کردن	sderzhat
ухудшаться	بدتر شدن	ukhudshatsya
портиться	بدتر شدن	portitsya
решимость	عزم راسخ	reshimast
развенчать	از مقام انداختن	razvenchat
детонировать	ترکانیدن	detaniravat
крюк	انحراف؛ خط فرعی	kryuk
объезд	انحراف؛ خط فرعی	abyezd
подрыв	ضرر	padryv
вредоносный	درد ناک	vredonosnyy
чёрт	دولو؛ دوخال	chyort
двойка	دولو؛ دوخال	dvoyka
опустошить	ویران کردن	apustashit
опустошать	ویران کردن	apustashat
развиваться	توسعه دادن	razvivatsya
развитие	توسعه؛ رشد	razvitiye
проявление	توسعه؛ رشد	prayavleniye
развивающий	عمرانی	razvivayushchiy
связанный с развитием	عمرانی	svyazannyy s razvitiyem
отходить	عدول کردن؛ منحرف شدن	atkhadit
отступать	عدول کردن؛ منحرف شدن	atstupat
отход	عدول؛ ضلال	atkhod
отступление	عدول؛ ضلال	atstupleniye
устройство	دستگاه	ustroystva
дьявол	شیطان	dyaval
чертовый	شیطانی؛ اهریمنی	chertavyy
придумать	ابداع کردن	pridumat
разработать	ابداع کردن	razrabotat
пустой	عاری	pustoy
порожний	عاری	porozhniy
переходить	تفویض کردن؛ محول کردن	perekhodit
передавать	تفویض کردن؛ محول کردن	peredavat
отдать	وقف کردن	atdat
подвижник	مجاهد؛ فداکار	padvizhnik
преданность	وقف؛ چاکری	predannast
религиозный	فداکارانه؛ عبادتی	religioznyy
молитвенный	فداکارانه؛ عبادتی	molitvennyy
благочестивый	پارسا؛ عابد	blagachestivyy
набожный	پارسا؛ عابد	nabazhnyy
роса	شبنم؛ ژاله	rasa
росистый	شبنمدار؛ ترکرده	rasistyy
дей	دی	dey
диабет	مرضقند	diabet
диабетик	دولابی؛ دیابتی	diabetik
диабетический	دولابی؛ دیابتی	diabeticheskiy
диадема	دیهیم؛ نیم تاج	diadema
диагностировать	تشخیص دادن	diagnostirovat
диагноз	تشخیص	diagnaz
диагностический	تشخیصی	diagnasticheskiy
диагональ	مورب	diaganal
диагональный	مورب	diaganalnyy
циферблат	شماره گرفتن	tsiferblat
говор	گویش؛ گویشی	govar
диалект	گویش؛ گویشی	dialekt
диалог	گفتگو	dialog
диаметр	ضخامت	diametr
поперечник	ضخامت	paperechnik
диафрагма	دیافراگم؛ پرده دل	diafragma
мембрана	دیافراگم؛ پرده دل	membrana
журнал	دفتر خاطرات	zhurnal
дневник	دفتر خاطرات	dnevnik
резать кубиками	مهره؛ طاس	rezat kubikami
нарезать кубиками	مهره؛ طاس	narezat kubikami
дихотомия	دوگانگی؛ دورستگی	dikhotomiya
диктовать	دیکته کردن	diktavat
продиктовать	دیکته کردن	pradiktavat
диктовка	تلقین؛ املاء	diktovka
диктант	تلقین؛ املاء	diktant
диктатор	دیکتاتور	diktatar
диктатура	استبداد؛ دیکتاتوری	diktatura
диктаторство	استبداد؛ دیکتاتوری	diktatarstva
словарь	فرهنگ لغت	slavar
лексикон	فرهنگ لغت	leksikon
матрица	مردن	matritsa
питание	رژیم غذایی	pitaniye
отличаться	تفاوت داشتن	atlichatsya
отличиться	تفاوت داشتن	atlichitsya
разница	تفاوت	raznitsa
отличие	تفاوت	atlichiye
разный	متفاوت	raznyy
дифференциал	تفاضلی؛ افتراقی	differentsial
дифференциальный	تفاضلی؛ افتراقی	differentsialnyy
дифференцировать	تمایز قائل شدن	differentsiravat
дифференцироваться	تمایز قائل شدن	differentsiravatsya
дифференциация	فرق گذاری؛ مشتغ گیری	differentsiatsiya
разграничение	فرق گذاری؛ مشتغ گیری	razgranicheniye
иначе	به طور متفاوت	inache
по-другому	به طور متفاوت	po-drugomu
тяжёлый	دشوار	tyazhyolyy
труд	دشواری؛ مشکل	trud
расплывчатый	پاشیده	rasplyvchatyy
распространение	پخش؛ پاشیدگی	rasprastraneniye
диффузия	پخش؛ پاشیدگی	diffuziya
копать	کاوش کردن؛ حفر کردن	kapat
копаться	کاوش کردن؛ حفر کردن	kapatsya
компендиум	گواریدن؛ تحلیل کردن	kampendium
переваривать	گواریدن؛ تحلیل کردن	perevarivat
пищеварение	تحلیل؛ هضم	pishchevareniye
пищеварительный	تحلیل؛ هضم	pishchevaritelnyy
палец	شماره	palets
перст	شماره	perst
цифровой	دیجیتال	tsifravoy
представительный	موقر؛ معزز	predstavitelnyy
вельможа	عالی مقام	velmozha
сановник	عالی مقام	sanovnik
сан	کرامت	san
откладывающий	اتساعی؛ تاخیری	otkladyvayushchiy
оттягивающий	اتساعی؛ تاخیری	ottyagivayushchiy
дилемма	معضل	dilemma
старание	پشت کار؛ جد و جهد	staraniye
усердие	پشت کار؛ جد و جهد	userdiye
разбавить	رقیق کردن؛ آبکی کردن	razbavit
разбавлять	رقیق کردن؛ آبکی کردن	razbavlyat
затуманить	تیره؛ تاریک	zatumanit
помутнеть	تیره؛ تاریک	pamutnet
измерение	بعد	izmereniye
уменьшить	کاهش دادن	umenshit
уменьшиться	کاهش دادن	umenshitsya
маленький	مصغر	malenkiy
крохотный	مصغر	krokhatnyy
ямочка	زنخ؛ چاه زنخدان	yamachka
обедать	شام خوردن	abedat
пообедать	شام خوردن	paabedat
обеденный	غذا خوری	obedennyy
приём пищи	غذا خوری	priyom pishchi
обед	شام	abed
двуокись	دی اکسید	dvuokis
протрава	غوطه‌ور شدن	pratrava
дифтеритный	دیفتری	difteritnyy
дифтерит	دیفتری	difterit
дипломатия	سیاستمداری؛ دیپلماسی	diplamatiya
дипломат	دیپلمات	diplamat
дипломатический	دیپلماتیک	diplamaticheskiy
дипломатичный	دیپلماتیک	diplamatichnyy
зловещий	شوم	zloveshchiy
жуткий	شوم	zhutkiy
обратить	مستقیم	abratit
направление	جهت	napravleniye
директивный	بخشنامه	direktivnyy
непосредственно	مستقیماً	nepasredstvenna
напрямую	مستقیماً	napryamuyu
прямота	بی واسطگی	pryamota
непосредственность	بی واسطگی	neposredstvennost
директор	کارگردان	direktar
режиссёр	کارگردان	rezhissyor
директория	فهرست	direktoriya
завезти	کثیف	zavezti
испачкать	کثیف	ispachkat
инвалидность	ناتوانی	invalidnast
неправоспособность	ناتوانی	nepravaspasobnast
увечный	ناتوان	uvechnyy
небоеспособный	ناتوان	nebayespasobnyy
недостаток	وضع نامساعد	nedastatak
невыгодный	بی صرفه	nevygadnyy
убыточный	بی صرفه	ubytachnyy
не соглашаться	مخالفت کردن	ne soglashatsya
расходиться	مخالفت کردن	raskhoditsya
неугодный	جوکی؛ ناپسندیده	neugodnyy
разногласие	اختلاف نظر	raznaglasiye
несогласие	اختلاف نظر	nesaglasiye
исчезнуть	ناپدید شدن	ischeznut
скрыться	ناپدید شدن	skrytsya
исчезновение	زائل؛ ناپدیدی	ischeznaveniye
отмирание	زائل؛ ناپدیدی	atmiraniye
разочаровать	ناامید کردن	razacharavat
разочаровывать	ناامید کردن	razacharovyvat
неодобрение	تقبیح	neadabreniye
не одобрять	نپسندیدن؛ تقبیح کردن	ne odobryat
напасть	فاجعه	napast
катастрофический	فاجعه‌بار	katastraficheskiy
гибельный	فاجعه‌بار	gibelnyy
не верить	دروغ پنداشتن؛ اعتقاد نکردن	ne verit
сомневаться	دروغ پنداشتن؛ اعتقاد نکردن	somnevatsya
выбросить	دور انداختن	vybrasit
отбросить	دور انداختن	atbrosit
разглядеть	تمیز دادن	razglyadet
различать	تمیز دادن	razlichat
исполнение	تخلیه کردن	ispalneniye
ученица	سالک؛ حواری	uchenitsa
сторонник строгой дисциплины	نظم دهنده	storonnik strogoy distsipliny
строгий воспитатель	نظم دهنده	strogiy vospitatel
дисциплинарный	انتظامی؛ انضباطی	distsiplinarnyy
дисциплина	انضباط؛ انتظام	distsiplina
дисциплинированность	انضباط؛ انتظام	distsipliniravannast
раскрыть	فاش کردن	raskryt
раскрывать	فاش کردن	raskryvat
разоблачение	افشاگری	razablacheniye
выцветание	بی رنگی	vytsvetaniye
неудобство	رنج؛ ناراحتی	neudobstva
дискомфорт	رنج؛ ناراحتی	diskamfort
недовольство	نارضایتی؛ سخط	nedavolstva
неудовлетворённость	نارضایتی؛ سخط	neudavletvaryonnast
прекращать	بس کردن	prekrashchat
нестройный	ناموزون؛ ناساز	nestroynyy
несогласный	ناموزون؛ ناساز	nesaglasnyy
скидка	تخفیف؛ تنزیل	skidka
обескуражить	دلسرد کردن	abeskurazhit
обескураживать	دلسرد کردن	abeskurazhivat
обескураживание	دلسردی؛ دلمردگی	obeskurazhivaniye
рассуждение	گفتمان	rassuzhdeniye
узнать	کشف کردن	uznat
открытие	کشف	atkrytiye
дискредитация	بی اعتبار کردن	diskreditatsiya
порочить	بی اعتبار کردن	parochit
усмотрение	صلاحدید	usmatreniye
сдержанность	صلاحدید	sderzhannast
дискриминировать	تبعیض کردن؛ تبعیض قائلشدن	diskriminiravat
разграничивать	تبعیض کردن؛ تبعیض قائلشدن	razgranichivat
дискриминация	تبعیض	diskriminatsiya
разобрать	بحث کردن	razabrat
презрение	ننگ؛ عار	prezreniye
пренебрежение	ننگ؛ عار	prenebrezheniye
пренебрежительный	ننگین	prenebrezhitelnyy
заболевание	بیماری	zabalevaniye
позор	خفت؛ ننگ	pazor
позорный	ننگین؛ شرمآور	pazornyy
маскировка	تلبیس؛ لباس مبدل	maskirovka
переодевание	تلبیس؛ لباس مبدل	pereadevaniye
брезгливость	نفرت؛ تنفر	brezglivast
мерзость	نفرتآور؛ نفرتانگیز	merzast
противный	نفرتآور؛ نفرتانگیز	prativnyy
блюдо	ظرف، غذا	blyuda
кушанье	ظرف، غذا	kushanye
дисгармония	ناسازی؛ ناموزونی	disgarmoniya
неблагозвучие	ناسازی؛ ناموزونی	neblagazvuchiye
бессовестный	متقلب؛ نادرست	bessovestnyy
нечестный	متقلب؛ نادرست	nechestnyy
бессовестность	رجز؛ نادرستی	bessovestnast
нечестность	رجز؛ نادرستی	nechestnast
бесчестье	ننگین کردن	beschestye
бесчестный	بی شرف	beschestnyy
разочарование	سرخورده کردن	razocharovaniye
нежелание	عدمتمایل	nezhelaniye
нерасположение	عدمتمایل	neraspalazheniye
не склонный	بی تمایل	ne sklonnyy
нерасположенный	بی تمایل	neraspolozhennyy
дезинфицировать	گندزدائی کردن؛ ضد عفونی کردن	dezinfitsiravat
обеззараживать	گندزدائی کردن؛ ضد عفونی کردن	abezzarazhivat
дезинфицирующий	گندزدا؛ ماده گندزدا	dezinfitsiruyushchiy
обеззараживающий	گندزدا؛ ماده گندزدا	abezzarazhivayushchiy
дезинфекция	گندزدائی؛ ضد عفونی	dezinfektsiya
обеззараживание	گندزدائی؛ ضد عفونی	abezzarazhivaniye
распасться	متلاشی کردن؛ متلاشی شدن	raspastsya
распадаться	متلاشی کردن؛ متلاشی شدن	raspadatsya
бескорыстный	بیغرضانه؛ بیطمع	beskarystnyy
нелюбовь	نپسندیدن؛ اکراه	nelyubov
неприязненность	نپسندیدن؛ اکراه	nepriyaznennast
вывихнуть	جابجا کردن؛ در رفتن	vyvikhnut
свихнуть	جابجا کردن؛ در رفتن	svikhnut
вывихнутый	دررفته	vyvikhnutyy
перемещение	جابجائی؛ دررفتگی	peremeshcheniye
сдвиг	جابجائی؛ دررفتگی	sdvig
неверный	خیانتکار؛ بی وفا	nevernyy
нелояльный	خیانتکار؛ بی وفا	nelayalnyy
неверность	بیوفایی؛ بی وفائی	nevernost
мрачный	ملالت انگیز	mrachnyy
унылый	ملالت انگیز	unylyy
страх	بیجرات کردن؛ وحشت زدگی	strakh
распустить	بیرونکردن؛ جواب کردن	raspustit
отставка	برکناری	atstavka
неповиновение	نافرمانی؛ تمرد	nepavinaveniye
непослушание	نافرمانی؛ تمرد	nepaslushaniye
ослушаться	نافرمانی کردن؛ سرپیچی کردن	aslushatsya
расстройство	اختلال	rasstroystva
беспорядок	اختلال	besparyadak
беспорядочный	مغشوش؛ بی سبک	besporyadochnyy
расстроенный	مغشوش؛ بی سبک	rasstroyennyy
неорганизованный	شلخته؛ نامرتب	nearganizovannyy
дезорганизованный	شلخته؛ نامرتب	dezarganizovannyy
несоответствие	عدم توافق؛ بی شباهتی	nesaatvetstviye
донесение	اعزام؛ روانهسازی	daneseniye
отправка	اعزام؛ روانهسازی	atpravka
разнести	پراکندن؛ متفرق کردن	raznesti
разогнать	پراکندن؛ متفرق کردن	razagnat
дисперсия	تفرقه؛ تفرق	dispersiya
распыление	تفرقه؛ تفرق	raspyleniye
сворачивать	آواره کردن	svarachivat
вытеснить	آواره کردن	vytesnit
выставка	نمود کردن؛ نمایش دادن	vystavka
вызывать недовольство	ناخشنود کردن	vyzyvat nedovolstvo
не нравиться	ناخشنود کردن	ne nravitsya
неудовольствие	رنجش؛ رنجیدگی	neudavolstviye
утилизация	دفع	utilizatsiya
расположить	دور انداختن	raspalazhit
распорядиться	دور انداختن	rasparyaditsya
характер	طبع؛ مشرب	kharakter
дисквалифицировать	شایسته ندانستن	diskvalifitsiravat
беспокоить	مضطرب ساختن	bespakoit
постыдный	بد نام	pastydnyy
непочтительный	احترامنگذار؛ بدون مراعات	nepachtitelnyy
неуважительный	احترامنگذار؛ بدون مراعات	neuvazhitelnyy
расколоть	مختل کردن	raskalot
раскалывать	مختل کردن	raskalyvat
недовольный	ناراضی	nedavolnyy
неудовлетворённый	ناراضی	neudavletvaryonnyy
вскрыть	تشریح کردن	vskryt
вскрывать	تشریح کردن	vskryvat
вкрапление	پاشیدگی	vkrapleniye
роспуск	تجزیه؛ فسخ	rospusk
расторжение	تجزیه؛ فسخ	rastarzheniye
отговаривать	منصرف کردن	atgavarivat
отговорить	منصرف کردن	atgavarit
даль	فاصله	dal
расстояние	فاصله	rasstayaniye
дальний	دور	dalniy
отдалённый	دور	atdalyonnyy
дистиллированный	چکیده؛ مقطر	distillirovannyy
отчётливый	متمایز	atchyotlivyy
различие	تمایز	razlichiye
своеобразный	متمایز	svayeabraznyy
видный	برجسته؛ مشخص	vidnyy
знатный	برجسته؛ مشخص	znatnyy
кривить	تحریف کردن	krivit
скривить	تحریف کردن	skrivit
извращение	تحریف	izvrashcheniye
искажение	تحریف	iskazheniye
отвлекать	حواس پرتی ایجاد کردن	atvlekat
отвлечь	حواس پرتی ایجاد کردن	atvlech
отдушина	پریشانی	atdushina
горе	پریشانی	gore
огорчённый	پریشان؛ متاثر	agarchyonnyy
бедствующий	پریشان؛ متاثر	bedstvuyushchiy
тяжкий	پریشان کننده	tyazhkiy
сдать	تقسیم کردن؛ پخش شدن	sdat
сдавать	تقسیم کردن؛ پخش شدن	sdavat
распределитель	مقسم؛ دلکو	raspredelitel
раздатчик	مقسم؛ دلکو	razdatchik
участок	محله	uchastak
недоверие	عدم اعتماد؛ اعتماد نداشتن	nedaveriye
мешать	مزاحم شدن	meshat
смута	آشوب؛ اغتشاش	smuta
разобщение	عدم اتفاق؛ جدا شدگی	razobshcheniye
раскол	عدم اتفاق؛ جدا شدگی	raskol
неупотребление	عدم استعمال	neupotrebleniye
выход из употребления	عدم استعمال	vykhod iz upotrebleniya
канава	گودال؛ چاله	kanava
ров	گودال؛ چاله	rov
каждодневный	روز خیز؛ مربوط به روز	kazhdadnevnyy
погружение	شیرجه زدن	pagruzheniye
пикирование	شیرجه زدن	pikiravaniye
разойтись	واگراییدن؛ متشتت شدن	razaytis
расхождение	واگرایی؛ تباعد	raskhazhdeniye
различный	متنوع	razlichnyy
разнохарактерный	متشتت	raznakharakternyy
диверсия	عدول	diversiya
разнообразие	تنوع	raznaabraziye
многообразие	تنوع	mnagaabraziye
дивертикул	استطاله؛ کوره راه	divertikul
разделить	بخش کردن؛ سهم کردن	razdelit
разбить	بخش کردن؛ سهم کردن	razbit
дивиденд	سود سهام	dividend
делимое	سود سهام	delimaye
богослов	الهی	bagaslov
разгадать	الهی	razgadat
богословие	خدایی؛ الوهیت	bagasloviye
дивизия	تقسیم؛ بخش	diviziya
раздел	تقسیم؛ بخش	razdel
разведённый	مطلقه	razvedyonnyy
головокружение	دوار؛ سرگیجه	galavakruzheniye
головокружительный	دبنگ؛ سرگیجهای	galavakruzhitelnyy
опьянённый	دبنگ؛ سرگیجهای	apyanyonnyy
делать	انجام دادن	delat
сделать	انجام دادن	sdelat
док	بارانداز؛ جاخالی کردن	dok
репица	بارانداز؛ جاخالی کردن	repitsa
врач	دکتر	vrach
доктор	دکتر	doktar
доктрина	دکترین	daktrina
бумага	سند	bumaga
документальный	مستند؛ سندی	dakumentalnyy
документация	مستندسازی	dokumentatsiya
уловка	گریز زدن؛ جا خالی کردن	ulovka
вертеться	گریز زدن؛ جا خالی کردن	vertetsya
собака	سگ	sabaka
пёс	سگ	pyos
догма	اصول عقاید	dogma
вероучение	اصول عقاید	veraucheniye
догматизм	فلسفه جزمی	dagmatizm
начётничество	فلسفه جزمی	nachyotnichestva
печальный	جان سوز	pechalnyy
кукла	عروسک	kukla
доллар	دلار	dollar
долларовый	دلار	dollaravyy
дельфин	دلفین	delfin
домен	حوزه	domen
владение	حوزه	vladeniye
купол	گنبد؛ گنبد زدن	kupal
внутренний	داخلی؛ خانگی	vnutrenniy
домашний	داخلی؛ خانگی	damashniy
господство	سلطه	gospodstvo
доминирование	سلطه	dominirovaniye
доминанта	غالب	daminanta
возвышаться	مسلط شدن؛ مستولی شدن	vazvyshatsya
господствовать	مسلط شدن؛ مستولی شدن	gaspodstvavat
главенство	تسلط؛ استیلاء	glavenstva
дар	کمک مالی	dar
пожертвование	کمک مالی	pazhertvavaniye
ишак	خر؛ الاغ	ishak
донор	اهداکننده	donar
даритель	اهداکننده	daritel
обречённость	سرنوشت بد	abrechyonnast
обречение	سرنوشت بد	abrecheniye
дверь	در	dver
дверца	در	dvertsa
неактивный	نهفته؛ نایم	neaktivnyy
среднеязычный	ضهری	sredneyazychnyy
доза	دوز	doza
напичкать	دوز	napichkat
точка	نقطه	tochka
покрывать	نقطه	pakryvat
дубль	دو برابر	dubl
обогнуть	دو برابر	abagnut
сомнение	شک؛ تردید	samneniye
сомневающийся	دیرباور	somnevayushchiysya
скептик	دیرباور	skeptik
сомнительный	مشکوک؛ دوبشک	samnitelnyy
гадательный	مشکوک؛ دوبشک	gadatelnyy
несомненно	بی تردید؛ بدون شک	nesamnenna
тесто	خمیر	testa
тестообразный	خمیری	testoobraznyy
рыхлый	خمیری	rykhlyy
пух	پایین	pukh
вертикаль	پایین	vertikal
спускающийся	نشیب	spuskayushchiysya
под гору	نشیب	pod goru
скачивать	دانلود کردن	skachivat
загрузка	دانلود کردن	zagruzka
центр города	مرکز شهر	tsentr goroda
нисходящий	فرو	niskhodyashchiy
приданое	جهاز؛ شیربها	pridanaye
дуайен	شیخ السفراء؛ مقد السفراء	duayen
старейшина	شیخ السفراء؛ مقد السفراء	stareyshina
полусон	چرت زدن	paluson
дремать	چرت زدن	dremat
дюжина	دوجین	dyuzhina
бесцветный	کسل کننده؛ زن شلخته	bestsvetnyy
трасса	برات؛ مسوده	trassa
дракон	اژدها	drakon
змей	اژدها	zmey
сток	تخلیه کردن	stok
водосток	تخلیه کردن	vadastok
дренаж	زهکشی	drenazh
драма	درام	drama
драматический	نمایشی	dramaticheskiy
драматичный	نمایشی	dramatichnyy
драматически	به طرز چشمگیری	dramaticheski
радикальный	عنیف	radikalnyy
сильнодействующий	عنیف	silnodeystvuyushchiy
тяга	باد؛ کوران	tyaga
ничья	نقاشی کردن	nichya
затяжка	نقاشی کردن	zatyazhka
векселедатель	نقشه کش؛ برات کش	vekseledatel
тираж	نقاشی (کار)	tirazh
боязнь	بیم؛ نهیب	bayazn
страшный	موحش؛ هراسناک	strashnyy
безумный	موحش؛ هراسناک	bezumnyy
сон	خواب، رویا، رویا دیدن	son
мечта	خواب، رویا، رویا دیدن	mechta
мечтатель	خیالباف	mechtatel
фантазёр	خیالباف	fantazyor
тусклый	مایه افسردگی	tusklyy
драгировать	لاروبی کردن	dragiravat
муть	لرد	mut
мразь	لرد	mraz
портниха	خیاط زنانه	partnikha
снос	رانش	snos
самотёк	رانش	samatyok
зарядка	تمرین؛ مته	zaryadka
сверлильный	مته زنی	sverlilnyy
глоток	نوشیدنی، نوشیدن	glatok
пьющий	خوار؛ آشامنده	pyushchiy
пьющая	خوار؛ آشامنده	pyushchaya
неженка	چکیدن؛ چکاندن	nezhenka
капать	چکیدن؛ چکاندن	kapat
водитель	راننده	vaditel
шофёр	راننده	shafyor
вождение	رانندگی؛ محرک	vazhdeniye
перегон	رانندگی؛ محرک	peregon
жужжание	سخن یکنواخت	zhuzhzhaniye
капля	افتادن، قطره	kaplya
водянка	استسقاء	vadyanka
засуха	خشکسالی	zasukha
сухмень	خشکسالی	sukhmen
утонуть	غرق شدن	utanut
тонуть	غرق شدن	tanut
забытьё	خماری؛ خواب آلودگی	zabytyo
дремота	خماری؛ خواب آلودگی	dremota
сонный	کسل کننده؛ چرت زن	sonnyy
усыпительный	کسل کننده؛ چرت زن	usypitelnyy
каторга	خرحمالی؛ جان کنی	katarga
страда	خرحمالی؛ جان کنی	strada
лекарство	دارو، مواد مخدر	lekarstva
наркотика	دارو، مواد مخدر	narkotika
диск	ضرب؛ طبل	disk
ударник	طبال؛ طبل زن	udarnik
барабанщик	طبال؛ طبل زن	barabanshchik
нетрезвый	مست؛ دژم	netrezvyy
пьяница	خماری	pyanitsa
хмель	مستی	khmel
вытереть	خشک، خشک کردن	vyteret
вытирать	خشک، خشک کردن	vytirat
сухость	خشکی؛ خشکی هوا	sukhast
сухота	خشکی؛ خشکی هوا	sukhata
двойственный	دوگانه	dvoystvennyy
смазать	نامیدن، لقب دادن	smazat
смазывать	نامیدن، لقب دادن	smazyvat
парусина	اردک؛ مرغابی	parusina
утка	اردک؛ مرغابی	utka
путь	لوله آب؛ مجرای لنف	put
взнос	موعد؛ مستحق؛ به‌علت	vznos
причитающийся	موعد؛ مستحق؛ به‌علت	prichitayushchiysya
вырыл	کنده	vyryl
выкопанный	کنده	vykopannyy
долблёнка	کنده شده	dalblyonka
окоп	کنده شده	okop
герцог	دوک	gertsag
заглушать	کسل کننده	zaglushat
потускнеть	کسل کننده	patusknet
серость	رکود؛ کندی	serast
вовремя	بموقع خود؛ بقدر لازم	vovremya
глупый	کم هوش	glupyy
тупой	کم هوش	tupoy
немой	لال	nemoy
бессловесный	لال	besslavesnyy
свалка	رها کردن	svalka
отвал	رها کردن	atval
буланый	سمند	bulanyy
навоз	پهن؛ پشگل	navoz
помёт	پهن؛ پشگل	pamyot
темница	سیاه چال	temnitsa
дуэт	دوتایی	duet
двенадцатиперстный	دوازدهه	dvenadtsatiperstnyy
двенадцатиперстная кишка	روده اثنی عشر	dvenadtsatiperstnaya kishka
надувать	ساده لوح	naduvat
дурачить	ساده لوح	durachit
двойственность	ریا	dvoystvennast
двоедушие	ریا	dvayedushiye
протяжение	مدت	pratyazheniye
продолжительность	مدت	pradalzhitelnast
в течение	در طول	v techeniye
сумерки	غروب؛ هنگام غروب	sumerki
сумрак	غروب؛ هنگام غروب	sumrak
пыль	گرد؛ خاک	pyl
пыльный	خاکی؛ غباری	pylnyy
голландский	هلندی؛ زبان هلندی	gallandskiy
послушный	وظیفه شناس	paslushnyy
ди-ви-ди	دی‌وی‌دی	di-vi-di
карлик	کوتوله؛ کوتاه جلوه دادن	karlik
карлица	کوتوله؛ کوتاه جلوه دادن	karlitsa
останавливаться	اقامت گزیدن	astanavlivatsya
обитать	اقامت گزیدن	abitat
житель	مکین	zhitel
жительница	مکین	zhitelnitsa
жильё	اقامت؛ مسکن	zhilyo
краситель	رنگ؛ خضاب	krasitel
окраска	رنگرزی	akraska
крашение	رنگرزی	krasheniye
функциональный	پویا	funktsianalnyy
динамический	پویا	dinamicheskiy
динамит	دینامیت؛ دینامیت زدن	dinamit
династия	سلسله؛ خاندان	dinastiya
дизентерия	دیسانتری	dizenteriya
каждый	هر کدام	kazhdyy
жадный	مشتاق	zhadnyy
охотно	مشتاقانه؛ آرزومندانه	okhotno
жадность	اشتیاق؛ شوق	zhadnast
орёл	عقاب؛ دال	aryol
орлиный	عقاب؛ دال	arlinyy
ухо	گوش	ukha
ранний	زود	ranniy
скороспелый	زود	skaraspelyy
заработать	کسب کردن	zarabotat
зарабатывать	کسب کردن	zarabatyvat
заработок	درآمد	zarabatak
расстояние слышимости	صدارس؛ گوش رس	rasstoyaniye slyshimosti
земля	زمین	zemlya
прах	زمین	prakh
земляной	سفالی	zemlyanoy
земной	زمینی	zemnoy
землетрясение	زلزله؛ زمین لرزه	zemletryaseniye
земляные работы	خاکریز	zemlyanyye raboty
земляное укрепление	خاکریز	zemlyanoye ukrepleniye
землистый	خاکی	zemlistyy
непринуждённость	آسایش، آسان کردن	neprinuzhdyonnast
свободно	به آسانی	svabodna
восток	شرق	vastok
ост	شرق	ost
восточный	شرقاً؛ مانند بادخاوری	vastochnyy
к востоку	روب خاور	k vostoku
на восток	روب خاور	na vostok
простой	آسان	prastoy
свободный	آسان	svabodnyy
покладистый	بی قید	pokladistyy
есть	خوردن	yest
съесть	خوردن	syest
отлив	جزر	atliv
эхо	پژواک	ekha
отклик	پژواک	otklik
затмённый	منخسف	zatmyonnyy
превзойдённый	منخسف	prevzaydyonnyy
экологический	بوم‌شناختی	ekalagicheskiy
экономический	اقتصادی	ekanamicheskiy
хозяйственный	اقتصادی	khazyaystvennyy
расчётливый	مقتصد؛ با صرفه	raschyotlivyy
экономика	اقتصاد	ekanomika
экономист	اقتصاددان	ekanamist
эконом	اقتصاددان	ekanom
хозяйство	اقتصاد؛ صرفه جویی	khazyaystva
экстаз	حالت؛ وجد	ekstaz
упоение	حالت؛ وجد	upayeniye
экзальтированный	جذبهای؛ بی خود	ekzaltirovannyy
экзема	اگزما؛ اکزما	ekzema
ребро	لب؛ لبه	rebro
наставительный	تهذیبی	nastavitelnyy
назидательный	تهذیبی	nazidatelnyy
редактировать	ویراستن	redaktiravat
отредактировать	ویراستن	atredaktiravat
редактирование	ویرایش	redaktiravaniye
редактор	ویراستار؛ ویرایشگر	redaktar
передовая	سرمقاله	peredavaya
редакционный	سرمقاله	redaktsionnyy
воспитать	فرهیختن؛ مودب کردن	vaspitat
образование	آموزش	abrazavaniye
учебный	تحصیلی؛ تربیتی	uchebnyy
педагогический	تحصیلی؛ تربیتی	pedagagicheskiy
педагог	مربی	pedagog
воспитатель	مربی	vospitatel
впечатление	تأثیر	vpechatleniye
эффективный	کاری؛ موثر	effektivnyy
эффективность	اثربخشی	effektivnast
действенность	اثربخشی	deystvennast
эфферентный	وابر؛ بیرون بر	efferentnyy
выносящий	وابر؛ بیرون بر	vynosyashchiy
отдача	کارایی	atdacha
практичность	کارآنه؛ پرکار	praktichnast
дельно	به نحو کارآمد	delno
продуктивно	به نحو کارآمد	praduktivna
чучело	تمثال؛ پیکرک	chuchelo
изображение	تمثال؛ پیکرک	izobrazheniye
усилие	تلاش	usiliye
яйцо	تخم مرغ	yaytso
яичко	تخم مرغ	yaichka
эго	خود	ego
я	خود	ya
египет	مصر؛ کشور مصر	yegipet
египтянин	مصری	yegiptyanin
египтянка	مصری	yegiptyanka
восьмёрка	هشت	vasmyorka
восемь	هشت	vosem
восемнадцать	هجده	vasemnadtsat
восьмая	اکتاو؛ یک هشتم	vasmaya
восьмой	اکتاو؛ یک هشتم	vasmoy
восемьдесят	هشتاد	vosemdesyat
семяизлияние	انزال	semyaizliyaniye
пояснить	پیچیده، با جزئیات	payasnit
выработать	پیچیده، با جزئیات	vyrabatat
резинка	کشی؛ لاستیکی	rezinka
упругий	کشی؛ لاستیکی	uprugiy
эластичность	ارتجاع؛ جهندگی	elastichnast
упругость	ارتجاع؛ جهندگی	uprugast
приподнятый	برافراشته	pripodnyatyy
приподнятость	سرفرازی شادی	pripodnyatast
локоть	آرنج	lokat
старец	ارشد؛ ریش سفید	starets
пожилой	سالمند؛ سالمندان	pazhiloy
немолодой	سالمند؛ سالمندان	nemaladoy
старший	سالدارترین؛ مسن ترین	starshiy
избранный	منتخب؛ انتخابی	izbrannyy
выборный	منتخب؛ انتخابی	vybornyy
выборы	انتخاب نماینده	vybary
представительство	انتخاب نماینده	predstavitelstva
избирательный	انتخاباتی	izbiratelnyy
электорат	گزینگرگان	elektorat
избиратели	گزینگرگان	izbirateli
электрический	برقی	elektricheskiy
электричество	برق	elektrichestva
электрод	الکترود	elektrod
электролиз	برقکافت	elektroliz
электрон	الکترون	elektron
электронный	الکترونیکی	elektronnyy
техника	الکترونیک	tekhnika
электроника	الکترونیک	elektronika
изящество	زیبندگی؛ ظریفی	izyashchestva
элегантность	زیبندگی؛ ظریفی	elegantnast
изящный	ظریف	izyashchnyy
элегантный	ظریف	elegantnyy
элегантно	ظریفانه	elegantno
элемент	ماده؛ اصل	element
подразделение	ماده؛ اصل	padrazdeleniye
стихийный	عنصری	stikhiynyy
начальный	ابتدایی	nachalnyy
элементарный	ابتدایی	elementarnyy
слоновость	داء الفیل	slanovast
поднимать	بالا بردن	padnimat
высота	علو؛ صعود	vysata
возвышение	علو؛ صعود	vazvysheniye
лифт	آسانسور؛ بالابرنده	lift
личинка	آسانسور؛ بالابرنده	lichinka
одиннадцать	یازده	adinnadtsat
элиаш	خضر	eliash
годный	واجد شرایط	godnyy
пригодный	واجد شرایط	prigodnyy
исключить	حذف کردن	isklyuchit
ликвидировать	حذف کردن	likvidiravat
исключение	رفع؛ حذف	isklyucheniye
элита	نخبه	elita
элитный	نخبه	elitnyy
элиза	الیزا	eliza
эллиптический	بیضی	ellipticheskiy
овальный	بیضی	ovalnyy
элонгация	دراز شدگی	elongatsiya
красноречие	فصاحت؛ بلاغت	krasnarechiye
красноречивость	فصاحت؛ بلاغت	krasnarechivast
красноречивый	بلیغ؛ شیوا	krasnarechivyy
ещё	دیگر	yeshchyo
в другом месте	نقطه دیگر؛ بجای دیگر	v drugom meste
где-нибудь ещё	نقطه دیگر؛ بجای دیگر	gde-nibud yeshchyo
уклониться	طفره زدن	uklanitsya
неуловимый	طفره زن؛ طفره آمیز	neulavimyy
электронная почта	ایمیل، ایمیل زدن	elektronnaya pochta
освободить	ازقید رها کردن	asvabadit
освобождать	ازقید رها کردن	asvabazhdat
набережная	سیلگیر؛ سیل برگردان	naberezhnaya
насыпь	سیلگیر؛ سیل برگردان	nasyp
запрещение	تحریم	zapreshcheniye
эмбарго	تحریم	embarga
грузить	سوار شدن، آغاز کردن	gruzit
грузиться	سوار شدن، آغاز کردن	gruzitsya
потерянный	شرمنده؛ شرمسار	pateryannyy
смущённый	شرمنده؛ شرمسار	smushchyonnyy
посольство	سفارت	pasolstva
полпредство	سفارت	palpredstva
вделывать	جاسازی کردن	vdelyvat
вставлять	جاسازی کردن	vstavlyat
встроенный	جاسازی شده	vstroyennyy
внедрённый	جاسازی شده	vnedryonnyy
разукрасить	زیبا کردن؛ زینت دادن	razukrasit
прикрашивать	زیبا کردن؛ زینت دادن	prikrashivat
хищение	اختلاس	khishcheniye
растрата	اختلاس	rastrata
озлобить	تلخ کردن؛ ناگوار کردن	azlobit
обозлить	تلخ کردن؛ ناگوار کردن	abazlit
эмблема	علامت	emblema
воплощение	تجسم	vaplashcheniye
олицетворение	تجسم	alitsetvareniye
воплотить	تجسم بخشیدن	vaplatit
олицетворять	تجسم بخشیدن	alitsetvaryat
объятие	در آغوش گرفتن	abyatiye
обнять	در آغوش گرفتن	abnyat
шитьё	گلدوزی؛ برودری	shityo
вышивка	گلدوزی؛ برودری	vyshivka
зародыш	گیاهک؛ رویان	zarodysh
зачаток	گیاهک؛ رویان	zachatak
зародышевый	جنینی؛ رویانی	zarodyshevyy
эмбриональный	جنینی؛ رویانی	embrianalnyy
изумруд	زمرد؛ زمردسبز	izumrud
смарагд	زمرد؛ زمردسبز	smaragd
выход	ظهور	vykhad
аварийный	اضطرار؛ اضطراری	avariynyy
экстренный	اضطرار؛ اضطراری	ekstrennyy
эмигрант	مهاجر؛ کوچ کننده	emigrant
эмигрантка	مهاجر؛ کوچ کننده	emigrantka
эмигрировать	جلاء؛ هجرت کردن	emigriravat
эмиграция	هجرت	emigratsiya
переселение	هجرت	pereseleniye
именитый	والا؛ والا مقام	imenityy
выброс	انتشار	vybras
эмоциональный	احساساتی؛ عاطفی	ematsianalnyy
темпераментный	احساساتی؛ عاطفی	temperamentnyy
эмоционально	از نظر احساسی	emotsionalno
император	امپراتور	imperatar
ударение	تکیه؛ تاکید	udareniye
подчёркивание	تکیه؛ تاکید	padchyorkivaniye
подчеркнуть	تاکید کردن؛ اهمیت دادن	padcherknut
подчёркивать	تاکید کردن؛ اهمیت دادن	padchyorkivat
выразительный	موکد	vyrazitelnyy
эмфатический	موکد	emfaticheskiy
эмфизема	آمفیزم	emfizema
империя	امپراتوری	imperiya
владычество	امپراتوری	vladychestva
эмпирический	تجربی	empiricheskiy
применить	استخدام کردن	primenit
сотрудник	کارمند	satrudnik
сотрудница	کارمند	satrudnitsa
работодатель	کارفرما	rabotadatel
наниматель	کارفرما	nanimatel
занятие	استخدام؛ اشتغال	zanyatiye
занятость	استخدام؛ اشتغال	zanyatast
уполномочить	توانمند ساختن	upalnamochit
уполномочивать	توانمند ساختن	upalnamochivat
императрица	شهبانو؛ امپراتریس	imperatritsa
опустеть	خالی	apustet
эмульсия	شیرابه	emulsiya
давать возможность	توانگر کردن؛ صلاحیتدار کردن	davat vozmozhnost
постановить	به اجرا درآوردن	pastanavit
постановлять	به اجرا درآوردن	pastanavlyat
постановление	وضع	pastanavleniye
эмаль	لعاب؛ مینا	emal
энкам	چادر زدن؛ خیمه برپا کردن	enkam
расположение лагерем	قرار گاه	raspolozheniye lagerem
волшебный	افسون گری	valshebnyy
феерический	افسون گری	feyericheskiy
огородить	ضمیمه کردن؛ پیوست کردن	agaradit
загородить	ضمیمه کردن؛ پیوست کردن	zagaradit
загон	ضمیمه؛ پیوست	zagon
загородка	ضمیمه؛ پیوست	zagarodka
обхватить	شامل شدن	abkhvatit
обхватывать	شامل شدن	abkhvatyvat
встречаться	برخورد؛ تقابل	vstrechatsya
одобрить	دلگرم کردن؛ تشویق کردن	adobrit
побуждение	تشویق	pabuzhdeniye
поощрительный	تشویق‌کننده	paashchritelnyy
ободрительный	تشویق‌کننده	abadritelnyy
энциклопедия	دایرهالمعارف؛ دایرهالعلوم	entsiklopediya
конец	پایان، پایان دادن	kanets
подвергать опасности	بمخاطره انداختن	podvergat opasnosti
подвергнуть опасности	بمخاطره انداختن	podvergnut opasnosti
бесконечный	بی‌ پایان	beskanechnyy
одобрять	تایید کردن	adabryat
жиро	تایید	zhira
жироприказ	تایید	zhiraprikaz
придать	متصف کردن؛ چیزی راوقف کردن	pridat
терпение	تاب؛ طاقت	terpeniye
выдержка	تاب؛ طاقت	vyderzhka
выдержать	تحمل کردن	vyderzhat
вынести	تحمل کردن	vynesti
клизма	تنقیه	klizma
клистир	تنقیه	klistir
враг	دشمن	vrag
энергичный	فعال؛ پرتکاپو	energichnyy
деятельный	فعال؛ پرتکاپو	deyatelnyy
энергия	انرژی	energiya
обеспечивать исполнение	اجرا کردن	obespechivat ispolneniye
принуждать	اجرا کردن	prinuzhdat
заниматься	گیر دادن؛ نامزد کردن	zanimatsya
пригласить	گیر دادن؛ نامزد کردن	priglasit
включение	جذاب	vklyucheniye
мотор	موتور	mator
инженер	مهندس	inzhener
машинист	مهندس	mashinist
инженерный	مهندسی	inzhenernyy
Англия	انگلستان	angliya
выгравированный	منقوش	vygravirovannyy
резной	منقوش	reznoy
поглощающий	احاطهکننده	pogloshchayushchiy
охватывающий	احاطهکننده	okhvatyvayushchiy
загадка	بیان مبهم	zagadka
нравиться	لذت بردن	nravitsya
пользоваться	لذت بردن	polzavatsya
доставляющий удовольствие	لذت بخش	dostavlyayushchiy udovolstviye
увеличить	بزرگ کردن؛ بزرگ شدن	uvelichit
распространяться	بزرگ کردن؛ بزرگ شدن	rasprastranyatsya
увеличение	بزرگی؛ بزرگ نمائی	uvelicheniye
укрупнение	بزرگی؛ بزرگ نمائی	ukrupneniye
просвещать	روشنفکر کردن	prasveshchat
просвещённый	منورالفکر؛ روشن روان	prasveshchyonnyy
просвещение	روشن فکری؛ تنویر افکار	prasveshcheniye
прозрение	روشن فکری؛ تنویر افکار	prazreniye
зачислить	درفهرست نوشتن	zachislit
зачислять	درفهرست نوشتن	zachislyat
зачисление	نامنویسی؛ سربازگیری	zachisleniye
вербовка	نامنویسی؛ سربازگیری	verbovka
неприязнь	عناد؛ عداوت	nepriyazn
огромный	عظیم	agromnyy
громадный	عظیم	gramadnyy
достаточный	کافی	dastatachnyy
осведомляться	پرس و جو کردن	osvedomlyatsya
запрос	استفسار	zapros
расследование	استفسار	rassledovaniye
злющий	آتشی	zlyushchiy
заправить	غنی کردن	zapravit
пополнить	غنی کردن	papolnit
порабощённый	برده شده	parabashchyonnyy
воспоследовать	متعاقب بودن	vaspasledavat
упрочивать	حتمی کردن	uprochivat
повлечь	شامل بودن؛ متضمن بودن	pavlech
замешать	گیر انداختن؛ درهم گیر افتادن	zameshat
опутать	گیر انداختن؛ درهم گیر افتادن	aputat
замешиваться	دامن گیر	zameshivatsya
замешаться	دامن گیر	zameshatsya
запутывание	گیر؛ پاپوش	zaputyvaniye
затруднение	گیر؛ پاپوش	zatrudneniye
войти	وارد شدن	vayti
входить	وارد شدن	vkhadit
затея	شرکت	zateya
угощать	سرگرم کردن؛ پذیرایی کردن	ugashchat
угостить	سرگرم کردن؛ پذیرایی کردن	ugastit
занятный	سرگرم کننده	zanyatnyy
занимательный	سرگرم کننده	zanimatelnyy
угощение	پذیرایی	ugashcheniye
патриот	علاقه‌مند	patriot
энтузиаст	علاقه‌مند	entuziast
восторженный	باحمیت؛ باحرارت	vastorzhennyy
вдохновенный	باحمیت؛ باحرارت	vdakhnavennyy
целый	کل؛ دربست	tselyy
кругом	پاک؛ سرتاسر	krugom
полнота	تمامیت؛ سراسری	polnota
озаглавить	حق دادن	azaglavit
озаглавливать	حق دادن	azaglavlivat
сущность	نهاد	sushchnost
вход	ورود؛ دخول	vkhod
мольба	التماس	malba
основное блюдо	غذای اصلی	osnovnoye blyudo
окапываться	درسنگرقراردادن	akapyvatsya
антрепренёр	کارآفرین	antreprenyor
доверять	سپردن؛ باامانت سپردن	daveryat
поручить	سپردن؛ باامانت سپردن	paruchit
конверт	پاکت	kanvert
завистливый	حسود؛ حاسد	zavistlivyy
среда	محیط زیست	sreda
окружение	محیط زیست	akruzheniye
относящийся к окружающей среде	محیطی؛ محیط زیستی	otnosyashchiysya k okruzhayushchey srede
предусмотреть	درذهن مجسم کردن	predusmatret
предусматривать	درذهن مجسم کردن	predusmatrivat
посланец	فرستاده؛ ایلچی	paslanets
посланник	فرستاده؛ ایلچی	paslannik
зависть	رشک؛ حسد	zavist
завидовать	رشک؛ حسد	zavidavat
фермент	آنزیم؛ دیاستاز	ferment
эпопея	حماسی؛ شعر رزمی	epapeya
былина	حماسی؛ شعر رزمی	bylina
эпикурейский	ابیقوری؛ عیش طلب	epikureyskiy
эпикуреец	ابیقوری؛ عیش طلب	epikureyets
эпидемия	همه‌گیر	epidemiya
поветрие	همه‌گیر	pavetriye
эпидермис	روپوست	epidermis
эпиграмма	سخن نیشدار	epigramma
эпилепсия	صرع	epilepsiya
эпилептик	غشی؛ حملهای	epileptik
припадочный	غشی؛ حملهای	pripadachnyy
послание	نامه منظوم	paslaniye
эпителиальный	برپوشی؛ شبیه بشره ای	epitelialnyy
ровня	برابر؛ مساوی	rovnya
равенство	برابری	ravenstva
равноправие	برابری	ravnapraviye
ровно	علیالسویه؛ متساویا	rovna
уравнение	معادله	uravneniye
экватор	استواء؛ خط استوا	ekvatar
конный	چابک سوار	konnyy
наездник	چابک سوار	nayezdnik
лошадиный	اسبی	lashadinyy
справедливый	منصفانه؛ متساوی	spravedlivyy
беспристрастный	منصفانه؛ متساوی	bespristrastnyy
замена	معادل	zamena
эквивалент	معادل	ekvivalent
говорить двусмысленно	سهل انگاشتن؛ ابهام بکار بردن	govorit dvusmyslenno
уклоняться от ответа	سهل انگاشتن؛ ابهام بکار بردن	uklonyatsya ot otveta
эпоха	دوران	epokha
эра	دوران	era
искоренить	لنجیدن؛ ریشه کن کردن	iskarenit
искоренять	لنجیدن؛ ریشه کن کردن	iskarenyat
искоренение	قلع؛ ریشه کنی	iskareneniye
рубить	برپا کردن	rubit
соорудить	برپا کردن	saarudit
сооружение	نعوظ؛ شق شدگی	saaruzheniye
постройка	نعوظ؛ شق شدگی	pastroyka
разгар	سایش؛ فرسایش	razgar
эрозия	سایش؛ فرسایش	eroziya
ошибиться	اشتباه کردن؛ اشتباهکاری کردن	ashibitsya
ошибаться	اشتباه کردن؛ اشتباهکاری کردن	ashibatsya
ошибочно	سهواً	ashibachna
неправильно	سهواً	nepravilna
прорезаться	فوران کردن	prarezatsya
извергать	فوران کردن	izvergat
изверженный	بثوری	izverzhennyy
обострять	تشدید کردن	obostryat
углублять	تشدید کردن	uglublyat
выходка	جفتک زنی	vykhadka
проделка	جفتک زنی	pradelka
спасение	گریز؛ فرار	spaseniye
побег	گریز؛ فرار	pabeg
конвой	همراه؛ اسکورت	kanvoy
особенно	به خصوص	asobenna
специально	به خصوص	spetsialna
шпионаж	جاسوسی	shpianazh
шпионский	جاسوسی	shpionskiy
поддерживать	نامزد کردن؛ شوهر دادن	podderzhivat
отдаваться	نامزد کردن؛ شوهر دادن	otdavatsya
суть	عصاره، ذات	sut
существенный	اساسی؛ حساس	sushchestvennyy
существенно	اساساً	sushchestvenno
объект	تاسیس	abyekt
штат	تاسیس	shtat
экономия	ماترک؛ املاک	ekanomiya
сословие	ماترک؛ املاک	sasloviye
уважение	اعتبار؛ منزلت	uvazheniye
почтение	اعتبار؛ منزلت	pachteniye
почтенный	برآورد کردنی	pachtennyy
смета	برآورد؛ براورد	smeta
приблизительный расчёт	تخمین؛ براورد	priblizitelnyy raschyot
вечный	ابدی	vechnyy
вековечный	ابدی	vekavechnyy
вечно	ابدالدهر	vechno
вечность	ابد؛ جاودانی	vechnast
бесконечность	ابد؛ جاودانی	beskanechnast
эфир	اتر؛ اثیر	efir
эфирный	اتر؛ اثیر	efirnyy
этический	اخلاق	eticheskiy
этичный	اخلاق	etichnyy
мораль	اخلاقیات؛ اصولاخلاق	maral
этика	اخلاقیات؛ اصولاخلاق	etika
этнический	قومی	etnicheskiy
этиология	لادشناسی	etiologiya
этикет	آداب؛ آداب معاشرت	etiket
эвкалипт	اکالیپتوس	evkalipt
евро	یورو	yevra
Европа	اروپا	yevropa
европеец	فرنگی؛ اروپایی	yevrapeyets
европейский	فرنگی؛ اروپایی	yevrapeyskiy
эвакуировать	تخلیه کردن	evakuiravat
выселить	تخلیه کردن	vyselit
эвакуация	تخلیه؛ تهی سازی	evakuatsiya
обойти	در رفتن؛ طفره زدن	abayti
обходить	در رفتن؛ طفره زدن	abkhadit
оценивание	ارزیابی	otsenivaniye
испарение	تبخیر	ispareniye
выварка	تبخیر	vyvarka
уклончивый	طفرهزن؛ طفره آمیز	uklonchivyy
канун	هوا؛ حوا	kanun
вечер	عصر	vecher
вечерний	عصر	vecherniy
равномерно	به تساوی	ravnamerna
история	رویداد	istoriya
в конце концов	سر انجام	v kontse kontsov
в конечном счёте	سر انجام	v konechnom schyote
никогда	تا به حال	nikagda
когда-нибудь	تا به حال	kagda-nibud
вечнозелёный	بی خزان؛ همیشه سبز	vechnazelyonyy
навсегда	درتمام وقت	navsegda
обежать	همه	abezhat
обегать	همه	abegat
текущий	روزمره	tekushchiy
житейский	روزمره	zhiteyskiy
везде	همه جا	vezde
всюду	همه جا	vsyudu
явный	آشکار	yavnyy
зло	سوء؛ خبیث	zlo
злоумышленник	بد کار	zloumyshlennik
извлечь	فراخواندن	izvlech
эволюция	تکامل	evalyutsiya
эволюционный	تکاملی	evalyutsionnyy
эволюционировать	تکامل یافتن	evalyutsianiravat
взыскать	دقیق	vzyskat
взыскивать	دقیق	vzyskivat
ноль-ноль	دقیقا	nol-nol
именно	دقیقا	imenna
преувеличивать	مبالغه کردن	preuvelichivat
преувеличить	مبالغه کردن	preuvelichit
байка	اغراق؛ گزاف	bayka
преувеличение	اغراق؛ گزاف	preuvelicheniye
возвеличивать	متعال کردن	vazvelichivat
возвеличить	متعال کردن	vazvelichit
возвышенный	معلا؛ معلی	vazvyshennyy
экзамен	امتحان	ekzamen
допрос	آزمایش؛ تجزیه	dapros
рассматривать	تجزیه کردن؛ بررسی کردن	rassmatrivat
экзаменатор	ممتحن؛ آزمونگر	ekzamenatar
досмотрщик	ممتحن؛ آزمونگر	dasmotrshchik
пример	مثال	primer
образец	مثال	abrazets
раздражение	اوقات تلخ	razdrazheniye
озлобление	اوقات تلخ	ozlobleniye
выработка	کاوش؛ حفاری	vyrabatka
выемка	کاوش؛ حفاری	vyyemka
превышать	فراتر رفتن	prevyshat
превосходить	فراتر رفتن	prevaskhadit
превосходство	برتری	prevoskhodstvo
превосходительство	جناب؛ جناب آقای	prevaskhaditelstva
сиятельство	جناب؛ جناب آقای	siyatelstva
пятёрка	عالی	pyatyorka
прекрасный	عالی	prekrasnyy
исключать	به جز	isklyuchat
изъятие	استثنا	izyatiye
исключительный	استثنایی	isklyuchitelnyy
необычайный	استثنایی	neabychaynyy
излишек	مازاد	izlishek
излишество	مازاد	izlishestva
излишний	بیش از حد	izlishniy
чрезмерный	بیش از حد	chrezmernyy
излишне	بی شباهت	izlishne
непомерно	بی شباهت	nepamerna
качество	عوض؛ مصالحه	kachestva
акциз	مالیات غیرمستقیم	aktsiz
азартный	برانگیختنی؛ قابل تهییج	azartnyy
вызывать	برانگیختن؛ تهییج کردن	vyzyvat
завестись	هیجان‌زده	zavestis
возбуждённый	هیجان‌زده	vazbuzhdyonnyy
восторг	هیجان؛ تهییج	vastorg
волнующий	هیجان‌انگیز	valnuyushchiy
захватывающий	هیجان‌انگیز	zakhvatyvayushchiy
воскликнуть	بعموم آگهی دادن	vaskliknut
вскричать	بعموم آگهی دادن	vskrichat
возглас	غریو؛ علامت تعجب	vozglas
восклицание	غریو؛ علامت تعجب	vasklitsaniye
выключить	حذف کردن	vyklyuchit
вытеснение	محرومیت	vytesneniye
монопольный	انحصاری	manapolnyy
исключительно	منحصراً	isklyuchitelna
всецело	منحصراً	vsetsela
кал	مدفوع؛ نجاست	kal
испражнение	مدفوع؛ نجاست	isprazhneniye
поездка	کشتی تفریحی؛ مسافرت تفریحی	payezdka
экскурсия	کشتی تفریحی؛ مسافرت تفریحی	ekskursiya
простительный	بخشیدنی؛ معاف شدنی	prastitelnyy
извинительный	بخشیدنی؛ معاف شدنی	izvinitelnyy
предлог	معذرت؛ بهانه	predlog
производство	اعدام	praizvodstva
исполнительный	مجری؛ اجرایی	ispalnitelnyy
исполнитель	مجری؛ اجراکننده	ispalnitel
исполнительница	مجری؛ اجراکننده	ispalnitelnitsa
образцовый	عبرتآور؛ نمونهوسرمشق	abraztsovyy
освобождённый	بری؛ معاف	asvabazhdyonnyy
задача	ورزش، ورزش کردن	zadacha
упражнение	ورزش، ورزش کردن	uprazhneniye
прилагать	اعمال کردن	prilagat
выхлоп	اگزوز؛ اگزوس	vykhlap
исчерпать	اگزوز؛ اگزوس	ischerpat
истощение	فرسودگی؛ واماندگی	istashcheniye
изнеможение	فرسودگی؛ واماندگی	iznemazheniye
экспонат	نمایش دادن	ekspanat
выставлять	نمایش دادن	vystavlyat
ссылка	تبعید	ssylka
существовать	وجود داشتن	sushchestvavat
бытовать	وجود داشتن	bytavat
жизнь	زیست؛ زندگی	zhizn
существование	زیست؛ زندگی	sushchestvavaniye
выезд	خارج شدن؛ خروج	vyyezd
непомерный	گزاف	nepamernyy
грабительский	گزاف	grabitelskiy
экзотический	عجیب و غریب	ekzaticheskiy
ширь	فضای زیاد	shir
раздолье	فضای زیاد	razdolye
расширение	گسترش	rasshireniye
выжидательный	آبستن؛ در انتظار	vyzhidatelnyy
ожидание	انتظار؛ توقع	azhidaniye
чаяние	انتظار؛ توقع	chayaniye
экспедиция	تسریع؛ اردوکشی	ekspeditsiya
выгнать	بیرونکردن؛ بیرونانداختن	vygnat
расход	هزینه	raskhod
затрата	هزینه	zatrata
расходование	خرج؛ هزینه	raskhodavaniye
дорогостоящий	گران	daragastoyashchiy
опыт	تجربه کردن	opyt
испытание	تجربه کردن	ispytaniye
эксперимент	آزمایش	eksperiment
опытный	تجربی	opytnyy
экспериментальный	تجربی	eksperimentalnyy
мастер	متخصص	master
специалист	متخصص	spetsialist
экспертиза	تخصص	ekspertiza
экспертная оценка	تخصص	ekspertnaya otsenka
истечение	انقضا؛ بازدم	istecheniye
истекать	منقضی شدن	istekat
истечь	منقضی شدن	istech
объяснить	توضیح دادن	abyasnit
объяснять	توضیح دادن	abyasnyat
объяснение	توضیح	abyasneniye
разъяснение	توضیح	razyasneniye
объяснительный	تاویلی؛ توضیحی	abyasnitelnyy
разъяснительный	تاویلی؛ توضیحی	razyasnitelnyy
явно	صراحتاً	yavno
взорваться	ترکیدن؛ منفجر کردن	vzarvatsya
взрываться	ترکیدن؛ منفجر کردن	vzryvatsya
подвиг	بهره‌برداری کردن	podvig
эксплуатировать	بهره‌برداری کردن	ekspluatiravat
эксплуатация	بهره‌کشی	ekspluatatsiya
исследовательский	اکتشافی	issledovatelskiy
разведочный	اکتشافی	razvedochnyy
исследовать	سیاحت کردن؛ اکتشاف کردن	issledavat
разведать	سیاحت کردن؛ اکتشاف کردن	razvedat
исследователь	سیاح؛ پیگرد	issledavatel
землепроходец	سیاح؛ پیگرد	zemleprakhodets
взрывчатка	انفجاری	vzryvchatka
взрывной	انفجاری	vzryvnoy
экспорт	صدور؛ صادراتی	ekspart
вывоз	صدور؛ صادراتی	vyvaz
выставить	ضاهر ساختن؛ درمعرض گذاشتن	vystavit
экспозиция	توضیح	ekspazitsiya
изложить	بهتفصیل شرح دادن	izlazhit
излагать	بهتفصیل شرح دادن	izlagat
экспресс	بیان کردن	ekspress
выражение	بیان	vyrazheniye
утончённый	نفیس	utanchyonnyy
обширный	گسترده	abshirnyy
пространный	گسترده	prastrannyy
обширно	به طور گسترده	obshirno
уменьшать	کاستن از؛ کم تقصیر	umenshat
переводить	قلع کردن؛ منقرض کردن	perevadit
истребление	براندازی	istrebleniye
внешний	ظاهری؛ بیرونی	vneshniy
наружный	ظاهری؛ بیرونی	naruzhnyy
потухший	خاموش؛ معدوم	patukhshiy
вымерший	خاموش؛ معدوم	vymershiy
вымирание	خفگی؛ انهدام	vymiraniye
потухание	خفگی؛ انهدام	patukhaniye
залить	خاموش کردن؛ خاموش شدن	zalit
погасить	خاموش کردن؛ خاموش شدن	pagasit
выводить	ریشهکن کردن؛ بکلی نابود کردن	vyvadit
вымогательство	غصب؛ اجحاف	vymagatelstva
лихоимство	غصب؛ اجحاف	likhaimstva
фигурант	اضافی	figurant
статист	اضافی	statist
отрывок	استخراج کردن؛ استخراج کردن، عصاره	atryvak
посторонний	غیراصلی	postoronniy
необыкновенный	غیرعادی؛ شگفت آور	neabyknavennyy
чрезвычайный	غیرعادی؛ شگفت آور	chrezvychaynyy
чудачество	زیادهروی؛ گزافگری	chudachestva
мотовство	زیادهروی؛ گزافگری	matavstvo
экстравагантный	ولخرج؛ غیرمعقول	ekstravagantnyy
крайность	افراطی	kraynast
перегиб	افراطی	peregib
удивительно	فوق‌العاده	udivitelna
крайне	فوق‌العاده	krayne
экстремист	افراطی	ekstremist
конечность	انتها	kanechnast
экструзия	بیروناندازی	ekstruziya
изобильный	پرپشت؛ فیض بخش	izobilnyy
глаз	چشم	glaz
глазок	چشم	glazok
глазное яблоко	تخمچشم؛ مقله	glaznoye yabloko
бровь	ابرو	brov
очки	عینک	ochki
веко	پلک؛ جفن	veka
материал	پارچه	material
фантазия	دروغ نویسی؛ حرف اختراعی	fantaziya
вымысел	دروغ نویسی؛ حرف اختراعی	vymysel
невероятный	شگفت‌انگیز	neverayatnyy
сказочный	شگفت‌انگیز	skazachnyy
фасад	نمای خارجی	fasad
ширма	نمای خارجی	shirma
лицо	صورت	litso
морда	صورت	morda
шутливый	لطیفهدار؛ شوخی آمیز	shutlivyy
шуточный	لطیفهدار؛ شوخی آمیز	shutachnyy
лицевой	صورتی	litsevoy
личной	صورتی	lichnoy
облегчить	تسهیل کردن	ablegchit
облегчать	تسهیل کردن	ablegchat
обслуживание	تسهیلات؛ امکانات	absluzhivaniye
факт	واقعیت	fakt
быль	واقعیت	byl
фракция	جناح	fraktsiya
клика	جناح	klika
фактор	عامل	faktar
коэффициент	عامل	kaeffitsiyent
завод	کارخانه	zavod
факультет	هیئت علمی	fakultet
затихнуть	محو شدن	zatikhnut
затихать	محو شدن	zatikhat
сорваться	شکست خوردن	sarvatsya
провалиться	شکست خوردن	pravalitsya
неудавшийся	شکست خورده	neudavshiysya
потерпевший неудачу	شکست خورده	poterpevshiy neudachu
неудача	شکست؛ اعسار	neudacha
провал	شکست؛ اعسار	praval
обморок	غش؛ ضعف کردن	obmarak
обмирать	غش؛ ضعف کردن	abmirat
дурнота	بی حالی	durnata
базар	منصفانه، نمایشگاه	bazar
ярмарка	منصفانه، نمایشگاه	yarmarka
фея	جن؛ پری	feya
верный	وفادار؛ مومن	vernyy
верноподданнический	وفادار؛ مومن	vernapoddannicheskiy
липа	جعلی	lipa
подделка	جعلی	paddelka
сокол	شاهین؛ سوله	sokal
порочный	سفسطه آمیز	parochnyy
пар	آیش؛ آیش کردن	par
перелог	آیش؛ آیش کردن	perelog
ложный	نادرست	lozhnyy
ложь	ناراستی	lozh
неправда	ناراستی	nepravda
ложно	کاذبانه؛ بدروغ	lozhno
фальсифицированный	مغشوش	falsifitsirovannyy
подделанный	مغشوش	poddelannyy
слава	شهرت	slava
вольный	بلد؛ آشنا	volnyy
вольность	آشنایی؛ موانست	volnast
семья	خانواده	semya
голод	گرسنگی؛ قحطی	golad
знаменитый	مشهور	znamenityy
веер	طرفدار، پنکه	veyer
фанатический	پرتعصب	fanaticheskiy
затейливый	تفننی؛ پر اوهام	zateylivyy
небывалый	فوق‌العاده	nebyvalyy
фантастика	فانتزی	fantastika
далёкий	دور	dalyokiy
далеко	دور	daleko
шутка	کار بیهوده	shutka
седок	کرایه	sedok
прощание	وداع؛ بدرود	prashchaniye
прощальный	وداع؛ بدرود	prashchalnyy
хутор	مزرعه؛ کشاورزی کردن	khutar
фермер	کشاورز	fermer
хуторянин	کشاورز	khutaryanin
фермерский дом	خانه رعیتی	fermerskiy dom
откуп	کشاورزی	otkup
дальше	اقصی؛ جلوتر	dalshe
самый дальний	اقصی نقطه	samyy dalniy
дальше всего	اقصی نقطه	dalshe vsego
увлечь	مسحور کردن؛ مفتون کردن	uvlech
увлекать	مسحور کردن؛ مفتون کردن	uvlekat
обаяние	فریبندگی	abayaniye
мода	مد؛ مدی	moda
фасон	مد؛ مدی	fason
модный	شیک	modnyy
фешенебельный	شیک	feshenebelnyy
пост	سریع	post
голодание	سریع	galadaniye
закрепить	بستن؛ محکم کردن	zakrepit
причал	یراق در	prichal
крепление	یراق در	krepleniye
брезгливый	بدمنش؛ باریک بین	brezglivyy
требовательный	بدمنش؛ باریک بین	trebavatelnyy
говенье	ناشتا؛ صائم	gavenye
прочность	استواری؛ تندی	prochnast
жир	چاق؛ چربی	zhir
сало	چاق؛ چربی	sala
судьба	سرنوشت	sudba
доля	سرنوشت	dolya
отец	پدر	atets
папка	پدر	papka
без отца	بی پدر	bez ottsa
отеческий	پدروار؛ پدرانه	atecheskiy
усталость	خستگی؛ فرسودگی	ustalast
утомляемость	خستگی؛ فرسودگی	utamlyayemast
подкармливать	چاق کردن؛ پرواری کردن	padkarmlivat
жировать	چاق کردن؛ پرواری کردن	zhiravat
жировой	پیه دار؛ چربی مانند	zhiravoy
вина	عیب؛ خرده	vina
проступок	عیب؛ خرده	prastupak
услуга	لطف؛ احسان	usluga
любимый	محبوب؛ سوگلی	lyubimyy
фаворитизм	سوگیری؛ پارتی بازی	favoritizm
предвзятость	سوگیری؛ پارتی بازی	predvzyatost
любимец	مورد علاقه	lyubimets
фаворит	مورد علاقه	favarit
услуги	الطاف	uslugi
испуг	ترس	ispug
бесстрашный	متهور؛ ناپروا	besstrashnyy
безбоязненный	متهور؛ ناپروا	bezbayaznennyy
возможный	شدنی؛ صورت پذیر	vazmozhnyy
посильный	شدنی؛ صورت پذیر	pasilnyy
праздник	مهمانی؛ عید	prazdnik
трюк	شاهکار	tryuk
перо	پر؛ باپرآراستن	pero
момент	ویژگی	mament
февраль	فوریه	fevral
федеральный	فدرال	federalnyy
федеративный	فدرال	federativnyy
федерализм	فدرالیسم	federalizm
объединять в федерацию	متعهد کرد	obyedinyat v federatsiyu
федерация	فدراسیون	federatsiya
гонорар	اجرت؛ پردازه	ganarar
дохлятина	شل؛ کم زور	dakhlyatina
слабый	شل؛ کم زور	slabyy
корм	غذا دادن	korm
подача	غذا دادن	padacha
чувствовать	احساس کردن	chuvstvavat
почувствовать	احساس کردن	pachuvstvavat
чувство	احساس	chuvstva
ощущение	احساس	ashchushcheniye
дядя	همکار؛ همتا؛ شخص	dyadya
дружба	پژوهانه؛ هم صحبتی	druzhba
преступница	تبهکار؛ بزهکار	prestupnitsa
женский	مونث؛ مادین	zhenskiy
женственный	مونث؛ مادین	zhenstvennyy
феминистка	فمینیست	feministka
феминист	فمینیست	feminist
бедренный	رانی	bedrennyy
бедро	استخوان ران	bedro
бедренная кость	استخوان ران	bedrennaya kost
забор	نرده؛ حصار	zabor
ограда	نرده؛ حصار	agrada
штакетник	شمشیر بازی	shtaketnik
фехтование	شمشیر بازی	fekhtavaniye
закваска	ترش کردن؛ مخمر کردن	zakvaska
грозный	سبع	groznyy
свирепый	سبع	svirepyy
свирепость	سبعیت؛ وحشی گری	svirepast
лютость	سبعیت؛ وحشی گری	lyutast
паром	عبوردادن؛ گذر دادن	parom
перевоз	عبوردادن؛ گذر دادن	perevoz
тучный	بارور؛ حاصلخیز	tuchnyy
плодородный	بارور؛ حاصلخیز	pladarodnyy
плодородие	باروری؛ حاصلخیزی	pladarodiye
плодовитость	باروری؛ حاصلخیزی	pladavitast
истовый	پرشور وشعف	istavyy
ревностный	پرشور وشعف	revnastnyy
жара	شور؛ گرمی	zhara
зной	شور؛ گرمی	znoy
торжество	جشنواره	tarzhestvo
фестиваль	جشنواره	festival
праздничный	بزمی	prazdnichnyy
веселье	بزم؛ جشن و سرور	veselye
кандалы	پابند	kandaly
феодальный	تیولی؛ ملوک الطوایفی	feadalnyy
ленный	تیولی؛ ملوک الطوایفی	lennyy
феодализм	ملوک الطوایفی	feadalizm
жар	تب	zhar
лихорадочный	تب دار	likharadachnyy
горстка	کم	gorstka
немногий	کم	nemnogiy
феска	فس	feska
Фес	فس	fes
жилка	فیبر	zhilka
волокно	فیبر	valakno
фиброзный	لیفی	fibroznyy
волокнистый	لیفی	valaknistyy
выдумка	داستان	vydumka
фиктивный	مستعار	fiktivnyy
подставной	مستعار	padstavnoy
скрипка	زرزر کردن؛ ویولن زدن	skripka
область	میدان	oblast
поле	میدان	pole
сильный	شدید	silnyy
яростный	شدید	yarastnyy
огненный	آتشی؛ مهیج	ognennyy
огневой	آتشی؛ مهیج	agnevoy
пятнадцать	پانزده	pyatnadtsat
квинта	پنجم	kvinta
пятый	پنجم	pyatyy
пятидесятый	پنجاهمین؛ یک پنجاهم	pyatidesyatyy
полсотни	پنجاه	palsotni
пятьдесят	پنجاه	pyatdesyat
фига	انجیر	figa
шиш	انجیر	shish
истребитель	مبارز؛ رزمنده	istrebitel
ряд	خط؛ سوهان	ryad
файл	خط؛ سوهان	fayl
дочерний	درخورفرزند	dacherniy
сыновний	درخورفرزند	synovniy
подшивка	ضبط؛ ضبات	padshivka
опиловка	ضبط؛ ضبات	apilovka
филиппинский	فیلیپینی	filippinskiy
филиппинец	فیلیپینی	filippinets
заставить	پر کردن	zastavit
филлер	بطانه؛ پر کننده	filler
слова-паразиты	بطانه؛ پر کننده	slova-parazity
фильм	فیلم؛ فیلم گرفتن	film
лента	فیلم؛ فیلم گرفتن	lenta
кинорежиссёр	فیلم‌ساز	kinarezhissyor
кинематографист	فیلم‌ساز	kinematografist
фильтровать	فیلتر کردن	filtrovat
фильтр	فیلتر کردن	filtr
гадость	نجاست؛ رجاست	gadast
грязный	چرک؛ کثیف	gryaznyy
подлый	چرک؛ کثیف	podlyy
конечный	نهایی؛ نهایی (اسم)	kanechnyy
наконец	بالاخره	nakanets
окончательно	بالاخره	akanchatelna
финансировать	دارایی؛ مالیه	finansiravat
кредитовать	دارایی؛ مالیه	kreditavat
финансовый	مالی؛ نقدی	finansavyy
финансист	سرمایه دار؛ سرمایه گذار	finansist
найти	پیدا کردن	nayti
искатель	یابنده	iskatel
видоискатель	یابنده	vidoiskatel
штраф	جریمه، جریمه کردن؛ خوب	shtraf
пеня	جریمه، جریمه کردن؛ خوب	penya
утончённость	نکته بینی؛ زیرکی بکار بردن	utanchyonnast
пальчик	انگشت	palchik
гриф	جا انگشتی	grif
финиш	تمام کردن؛ پایان	finish
отделка	تمام کردن؛ پایان	atdelka
ограниченный	متناهی	ogranichennyy
огонь	آتش	agon
костёр	آتش	kastyor
подстрекательница	آتش پاره	padstrekatelnitsa
пожарный	آتش‌نشان	pazharnyy
дрова	حطب؛ هیزم	drava
фейерверк	آتش‌بازی	feyerverk
салют	آتشبازی	salyut
фирма	محکم، شرکت	firma
крепкий	محکم، شرکت	krepkiy
твёрдо	قاطعانه	tvyorda
прочно	قاطعانه	prochna
твёрдость	استواری؛ ثبات	tvyordast
первый	اول (اسم)؛ اول، اولین	pervyy
передний	اول (اسم)؛ اول، اولین	peredniy
сначала	اولاً	snachala
сперва	اولاً	sperva
казённый	مالیاتی؛ محاسباتی	kazyonnyy
рыба	ماهی؛ ماهی گرفتن	ryba
фишка	ماهی؛ ماهی گرفتن	fishka
рыбак	صیاد؛ ماهیگیر	rybak
рыболов	صیاد؛ ماهیگیر	rybalov
тоня	شیل؛ ماهی گیری	tonya
рыболовство	شیل؛ ماهی گیری	rybalovstva
рыбалка	ماهیگیری	rybalka
путина	ماهیگیری	putina
борозда	گسله؛ شکافدار کردن	barazda
кулак	مشت؛ بامشت گرفتن	kulak
приступ	مناسب بودن؛ مناسب، حمله	pristup
порыв	مناسب بودن؛ مناسب، حمله	paryv
порывистый	هوس پرست	poryvistyy
годность	مناسبت	godnast
пригодность	مناسبت	prigodnast
арматура	پرو؛ سوار کنی	armatura
примерка	پرو؛ سوار کنی	primerka
пять	پنج	pyat
пяток	پنج	pyatok
фиксация	عشق زیاد	fiksatsiya
светильник	وسایل ثابت	svetilnik
вялый	چروک شده؛ شل وول	vyalyy
дряблый	چروک شده؛ شل وول	dryablyy
флаг	پرچم؛ رایت	flag
кистень	گندم کوب؛ خرمن کوب	kisten
пламенный	شعلهور	plamennyy
бок	پهلو؛ خاصره	bok
бочок	پهلو؛ خاصره	bachok
взмах	پرزدن؛ پرپرزدن	vzmakh
клапан	پرزدن؛ پرپرزدن	klapan
ракета	شعله؛ شعله زنی	raketa
вспышка	تلالو	vspyshka
проблеск	تلالو	problesk
фляга	بغلی؛ دبه	flyaga
бемоль	آپارتمان؛ صاف، یک طبقه	bemol
расплющить	مسطح کردن؛ بیمزه کردن	rasplyushchit
примять	مسطح کردن؛ بیمزه کردن	primyat
льстить	تملق کردن؛ مداهنه کردن	lstit
польстить	تملق کردن؛ مداهنه کردن	palstit
льстивый	متملقانه؛ تملق آمیز	lstivyy
лесть	تملق؛ شیره مالی	lest
заискивание	تملق؛ شیره مالی	zaiskivaniye
щеголять	نازیدن؛ جولان دادن	shchegalyat
ароматизаторы	مزه؛ طعم	aromatizatory
заправлять	طعم	zapravlyat
несовершенный	معیوب	nesovershennyy
с изъяном	معیوب	s izyanom
холст	بزرک	kholst
лён	بزرک	lyon
ободрать	سخت انتقاد کردن	abadrat
обдирать	سخت انتقاد کردن	abdirat
блоха	کیک؛ شبگز	blakha
крапинка	رگه رگه کردن	krapinka
сбегать	فرار کردن	sbegat
ворсистый	مثل پشم	varsistyy
шерстистый	مثل پشم	sherstistyy
флот	ناوگان	flot
мимолётный	تندپا	mimalyotnyy
бренный	تندپا	brennyy
мясо	گوشت	myasa
плоть	گوشت	plot
мясистый	گوشتالو؛ گوشتی	myasistyy
гибкость	انعطاف‌پذیری	gibkast
гибкий	قابل تغییر؛ قابل انحناء	gibkiy
эластичный	قابل تغییر؛ قابل انحناء	elastichnyy
трепетный	سوسوزن	trepetnyy
полёт	پرواز	palyot
лёт	پرواز	lyot
кинуть	جفتک پرانی	kinut
кремень	چخماق؛ سنگ فندک	kremen
авантюра	طناز؛ لاس زدن	avantyura
вертушка	طناز؛ لاس زدن	vertushka
поплавок	غوطهورساختن؛ غوطهدادن	paplavok
плыть	غوطهورساختن؛ غوطهدادن	plyt
стадо	رمه؛ غنم	stada
стая	رمه؛ غنم	staya
пол	کف، طبقه	pol
этаж	کف، طبقه	etazh
настил	کف سازی	nastil
плюхнуться	صدای چلپ؛ باصدای تلپ افتادن	plyukhnutsya
дискета	مسخره وار	disketa
флора	گیا؛ الهه گل	flora
пёстрый	گلگون؛ سلیس وشیوا	pyostryy
витиеватый	گلگون؛ سلیس وشیوا	vitiyevatyy
Флорида	فلوریدا	florida
мука	آرد؛ آرد کردن	muka
мучное	آرد؛ آرد کردن	muchnoye
туш	رونق گرفتن	tush
цветочек	گل	tsvetochek
расцвет	گلدار؛ شکفتگی	rastsvet
цветущий	گلدار؛ شکفتگی	tsvetushchiy
грипп	آنفولانزا	gripp
инфлюэнца	آنفولانزا	inflyuentsa
неустойчивый	مواج	neustoychivyy
текучий	مواج	tekuchiy
колебание	نوسان	kalebaniye
текучесть	نوسان	tekuchest
пышный	پرزدار	pyshnyy
пушистый	پرزدار	pushistyy
жидкость	مایع	zhidkast
жидкий	مایع	zhidkiy
брошенный	پرت	broshennyy
швырнул	پرت	shvyrnul
переполошить	طوفان ناگهانی	perepalashit
флейта	مزمار؛ زماره	fleyta
трепещущий	اهتزاز	trepeshchushchiy
развевающийся	اهتزاز	razvevayushchiysya
муха	مگس؛ پرواز کردن	mukha
ширинка	مگس؛ پرواز کردن	shirinka
пилотаж	پرواز	pilatazh
жеребёнок	خرک	zherebyonak
ослёнок	خرک	aslyonak
мыло	کف کردن؛ جوش وخروش	myla
пена	کف کردن؛ جوش وخروش	pena
фокус	تمرکز، تمرکز کردن	fokus
средоточие	تمرکز، تمرکز کردن	sredatochiye
недруг	عدو	nedrug
туман	میغ؛ مه گرفتن	tuman
туманность	میغ؛ مه گرفتن	tumannast
туманный	میغی؛ مهآلود	tumannyy
туманно	میغی؛ مهآلود	tumanna
наводка	زرورق؛ عقیم گذاردن	navodka
фольга	زرورق؛ عقیم گذاردن	falga
створка	خم؛ چروک	stvorka
листва	شاخ و برگ	listva
люд	قوم وخویش	lyud
народный	قوم وخویش	narodnyy
фолликул	برگه	fallikul
следовать	دنبال کردن	sledavat
следить	دنبال کردن	sledit
последователь	هواخواه؛ تابع	pasledavatel
следующий	زیر، بعدی	sleduyushchiy
глупость	نابخردی؛ ابلهی	glupast
безумие	نابخردی؛ ابلهی	bezumiye
лакомый	علاقه‌مند	lakamyy
любовь	علاقه؛ خاتر خواهی	lyubov
еда	غذا	yeda
пища	غذا	pishcha
продукт	موادغذایی	pradukt
продовольствие	موادغذایی	pradavolstviye
дурак	احمق	durak
дура	احمق	dura
бессмысленный	احمقانه؛ سفیه	bessmyslennyy
глупо	احمقانه؛ سفیهانه	glupa
бессмысленно	احمقانه؛ سفیهانه	bessmyslenna
дурь	حماقت؛ سفاهت	dur
подошва	پا	padoshva
ступня	پا	stupnya
метраж	فیلم	metrazh
футбол	فوتبال	futbol
опора для ноги	جاپا؛ جای ثابت	opora dlya nogi
плацдарм	جاپا؛ جای ثابت	platsdarm
опора для ног	جای پا	opora dlya nog
лакей	شاطر	lakey
скороход	شاطر	skarakhod
следы	ردپا	sledy
отпечатки ног	ردپا	otpechatki nog
след	جاپا؛ گام برداری	sled
ступень	جاپا؛ گام برداری	stupen
развилина	برای	razvilina
зернофураж	پی علف گشتن	zernofurazh
запрещать	ممنوع کردن	zapreshchat
запретный	ممنوع؛ ممنوعه	zapretnyy
неразрешённый	ممنوع؛ ممنوعه	nerazreshyonnyy
напор	نیرو؛ اجبار	napor
напористый	اجبارا	naporistyy
щипцы	انبر جراحی	shchiptsy
пинцет	انبر جراحی	pintset
насильственный	موثر؛ عدوانی	nasilstvennyy
насильнический	موثر؛ عدوانی	nasilnicheskiy
неволей	عنفا؛ مجبوراً	nevoley
переправа	فرد؛ گدار	pereprava
брод	فرد؛ گدار	brod
предплечье	ارش؛ ساعد	predplechye
прогноз	پیش‌بینی	pragnoz
предсказание	پیش‌بینی	predskazaniye
дед	اجداد	ded
прадед	اجداد	praded
указательный палец	سبابه؛ انگشت شهادت	ukazatelnyy palets
передний край	صف جلو	peredniy kray
авангард	صف جلو	avangard
передний план	پیشصحن	peredniy plan
лоб	پیشانی؛ منصه	lob
пришлый	خارجی	prishlyy
иностранец	خارجی	inastranets
чужеземец	خارجی	chuzhezemets
старшина	فورمن؛ سرکارگر	starshina
передовой	جلوترین؛ دردرجه نخست	peredavoy
предшественник	پیشرو؛ پیشگام	predshestvennik
предвестник	پیشرو؛ پیشگام	predvestnik
предвидящий	پیش اندیش	predvidyashchiy
мушка	ابصار؛ پیش اندیشی	mushka
предвидение	ابصار؛ پیش اندیشی	predvideniye
лес	جنگل	les
лесной	جنگل	lesnoy
лесхоз	جنگلداری؛ جنگلبانی	leskhoz
лесничество	جنگلداری؛ جنگلبانی	lesnichestva
предсказывать	نبوت کردن؛ پیشگوئی کردن	predskazyvat
предугадать	نبوت کردن؛ پیشگوئی کردن	predugadat
фант	ضبط شده	fant
неустойка	ضبط شده	neustoyka
кузница	جعل کردن	kuznitsa
сковать	جعل کردن	skavat
подделыватель	جاعل؛ جعل کننده	paddelyvatel
подделывательница	جاعل؛ جعل کننده	poddelyvatelnitsa
подлог	جعل؛ سند سازی	padlog
забыть	فراموش کردن	zabyt
забывать	فراموش کردن	zabyvat
беспамятный	فراموشکار؛ کم حافظه	bespamyatnyy
забывчивый	فراموشکار؛ کم حافظه	zabyvchivyy
простить	آمرزیدن؛ عفو کردن	prastit
отпустить	آمرزیدن؛ عفو کردن	atpustit
прощённый	آمرزیده	prashchyonnyy
прощение	عفو؛ بخشش	prashcheniye
помилование	عفو؛ بخشش	pamilavaniye
развилок	چنگال	razvilak
заброшенный	مهجور؛ بی کس	zabroshennyy
покинутый	مهجور؛ بی کس	pokinutyy
форма	فرم، تشکیل دادن	forma
формальный	رسمی	farmalnyy
формальность	تکلف؛ رسمیت	farmalnast
проформа	تکلف؛ رسمیت	proforma
формально	رسما	farmalna
формат	قالب	farmat
строй	شکل‌گیری	stroy
формирование	شکل‌گیری	farmiravaniye
бывший	سابق؛ پیشین	byvshiy
прежде	قبلاً	prezhde
когда-то	قبلاً	kagda-to
формула	فرمول	formula
рецепт	فرمول	retsept
сформулировать	فرموله کردن	sfarmuliravat
форт	برج وبارو	fort
впредь	رو به جلو	vpred
скорый	قریب‌الوقوع	skoryy
укрепить	مستحکم کردن؛ سنگربندی کردن	ukrepit
укреплять	مستحکم کردن؛ سنگربندی کردن	ukreplyat
выносливость	شهامت اخلاقی	vynoslivast
две недели	دوهفته	dve nedeli
двухнедельный	دو هفتگی	dvukhnedelnyy
полумесячный	دو هفتگی	palumesyachnyy
крепость	قلعه؛ دژ	krepast
счастливый	خوش شانس	schastlivyy
удачный	خوش شانس	udachnyy
удачно	خوشبختانه	udachno
к счастью	خوشبختانه	k schastyu
сорок	چهل	sorak
форум	انجمن	forum
форвард	جلو	forvard
ископаемое	فسیل	iskapayemaye
окаменелость	فسیل	akamenelast
фол	ناجوانمردانه؛ چرک شدن	fol
заедать	ناجوانمردانه؛ چرک شدن	zayedat
тема	بنیاد	tema
основатель	بنیانگذار	asnavatel
учреждение	تشکیل دهنده	uchrezhdeniye
подкидыш	لقیط	padkidysh
найдёныш	لقیط	naydyonysh
литейная	چدن ریزی	liteynaya
плавильня	چدن ریزی	plavilnya
фонтан	چشمه	fantan
четвёрка	چهار	chetvyorka
четыре	چهار	chetyre
четырнадцать	چهارده	chetyrnadtsat
кварта	چهارم	kvarta
четвёртый	چهارم	chetvyortyy
курятина	پرنده	kuryatina
птицелов	شکارچی پرندگان	ptitselov
лисица	روبه؛ روباه بازی کردن	lisitsa
лиса	روبه؛ روباه بازی کردن	lisa
частица	کسر، بخش کوچک	chastitsa
пролом	شکست؛ شکستگی	pralom
непрочность	تردی؛ زودشکنی	neprochnast
осколок	تکه	askolak
отрывочный	ریز شده؛ جزء جزء	atryvachnyy
аромат	عطر؛ نکهت	aramat
благовоние	عطر؛ نکهت	blagavoniye
душистый	معطر؛ خوشبو	dushistyy
щуплый	پوشالی؛ بی بنیه	shchuplyy
бренность	ضعف اخلاق	brennast
нежизнеспособность	ضعف اخلاق	nezhiznespasobnast
скелет	چارچوب	skelet
Франция	فرانسه	frantsiya
франшиза	حق امتیاز	franshiza
открытый	فاش؛ فرانک	atkrytyy
прямой	فاش؛ فرانک	pryamoy
искренно	رک و راست	iskrenna
начистоту	رک و راست	nachistotu
откровенность	رک گوئی	atkravennast
неистовый	دیوانه وار	neistavyy
неистово	دیوانه وار	neistovo
обманный	دغل؛ تقلبی	abmannyy
жульнический	دغل؛ تقلبی	zhulnicheskiy
урод	ناقصالخلقه	urod
свобода	آزادی	svaboda
воля	آزادی	volya
безусловное право собственности	مالکیت مطلق؛ ملک موروثی	bezuslovnoye pravo sobstvennosti
беспрепятственно	آزادانه	besprepyatstvenna
масон	فراماسون؛ فراماسیون	mason
масонство	فراماسیونی	masonstva
вольница	آزادگان	volnitsa
блокировка	یخبندان؛ منجمد کردن	blakirovka
замёрзнуть	یخبندان؛ منجمد کردن	zamyorznut
нагрузить	گرانبار کردن؛ کرایه کشتی	nagruzit
французский	فرانسوی؛ زبان فرانسه	frantsuzskiy
исступлённый	شوریده؛ شوریده حال	isstuplyonnyy
остервенелый	شوریده؛ شوریده حال	astervenelyy
беспамятство	شوریدگی؛ شوریده کردن	bespamyatstva
остервенение	شوریدگی؛ شوریده کردن	asterveneniye
частота	تناوب؛ بسامد	chastata
частотный	تناوب؛ بسامد	chastotnyy
частый	مکرر	chastyy
часто	اغلب؛ مکرراً	chasta
зачастую	اغلب؛ مکرراً	zachastuyu
свежий	تازه	svezhiy
прохладный	تازه	prakhladnyy
лад	هایهو کردن؛ جور بجور کردن	lad
трение	مالش؛ اصطکاک	treniye
пятница	جمعه	pyatnitsa
холодильник	یخچال	khaladilnik
жареный	سرخ کرده	zharenyy
фри	سرخ کرده	fri
дружелюбие	خوش مشربی	druzhelyubiye
приязнь	خوش مشربی	priyazn
дружеский	دوستانه	druzheskiy
дружный	دوستانه	druzhnyy
брудершафт	یاری؛ دوستی	brudershaft
фрегат	فرقت	fregat
пугать	هراسانیدن؛ ترساندن	pugat
напугать	هراسانیدن؛ ترساندن	napugat
устрашение	ارعاب؛ وحشتناک	ustrasheniye
пугающий	ارعاب؛ وحشتناک	pugayushchiy
адский	وحشت انگیز	adskiy
очень холодный	خنک	ochen kholodnyy
фригидный	خنک	frigidnyy
чёлка	سجاف؛ چتر زلف	chyolka
бахрома	سجاف؛ چتر زلف	bakhrama
ветреность	سبکی؛ لوسی	vetrenast
несерьёзность	سبکی؛ لوسی	neseryoznast
легкомысленный	سبکسر؛ بیهوده وبیمعنی	legkamyslennyy
ветреный	سبکسر؛ بیهوده وبیمعنی	vetrenyy
ветрено	سبکسرانه	vetrena
лягушка	قورباغه	lyagushka
крестовина	قورباغه	krestavina
баловаться	ورجه ورجه کردن	balavatsya
дурить	ورجه ورجه کردن	durit
с	از	s
из	از	iz
фронт	جلو	front
лобовой	پیشانی؛ وابسته بجلو	labavoy
лобный	پیشانی؛ وابسته بجلو	lobnyy
пограничье	مرز؛ سرحد	pagranichye
пограничный	مرز؛ سرحد	pagranichnyy
мороз	شبنم؛ سرماریزه	maroz
заморозок	شبنم؛ سرماریزه	zamorazak
нахмуриться	اخم؛ اخم کردن	nakhmuritsya
хмуриться	اخم؛ اخم کردن	khmuritsya
мороженый	منجمد؛ منجمده	marozhenyy
плод	میوه	plod
фрукт	میوه	frukt
плодотворный	بارور؛ زاینده	pladatvornyy
плодовитый	بارور؛ زاینده	pladavityy
бесплодный	بی بر؛ بی میوه	besplodnyy
сорвать	هیچ کردن؛ ناامید کردن	sarvat
опрокинуть	هیچ کردن؛ ناامید کردن	aprakinut
разочарованный	ناامید	razocharovannyy
разочаровывающий	مایوس کننده	razocharovyvayushchiy
топливо	سوخت؛ سوختی	topliva
горючее	سوخت؛ سوختی	garyucheye
беглец	گریخته؛ فراری	beglets
беглянка	گریخته؛ فراری	beglyanka
фуга	نوعی آلت	fuga
исполнить	تکمیل کردن؛ رفع نیاز کردن	ispolnit
осуществлять	تکمیل کردن؛ رفع نیاز کردن	asushchestvlyat
валять	پر	valyat
сытый	پر	sytyy
многоводье	پری؛ سیری	mnagavodye
занятый полное рабочее время	تمام وقت	zanyatyy polnoye rabocheye vremya
на полное рабочее время	تمام وقت	na polnoye rabocheye vremya
полно	مفصل؛ تماما	palno
ощупывающий	کورمالی	oshchupyvayushchiy
забава	سرگرم کننده؛ سرگرمی	zabava
потеха	سرگرم کننده؛ سرگرمی	patekha
функция	وظایفه؛ کار افتادن	funktsiya
отправление	وظایفه؛ کار افتادن	atpravleniye
фонд	تهیه وجه کردن	fond
принципиально	اساساً	printsipialno
в основе	اساساً	v osnove
сбор средств	جمع‌آوری کمک مالی	sbor sredstv
фандрайзинг	جمع‌آوری کمک مالی	fandrayzing
похоронный	مراسم خاکسپاری	pakharonnyy
странный	خنده‌دار	strannyy
мех	پوست؛ خز	mekh
накипь	پوست؛ خز	nakip
печка	تون؛ تنور	pechka
топка	تون؛ تنور	topka
обеспечить	تهیه کردن؛ دارای اثاثه کردن	abespechit
обстановка	مبلمان	abstanovka
мебель	مبلمان	mebel
бороздка	شیار کردن؛ شیار زدن	barozdka
меховой	خزدار؛ خزپوش	mekhovoy
двигать	بیشتر	dvigat
содействовать	بیشتر	sadeystvavat
к тому же	وانگهی؛ دیگراینکه	k tomu zhe
кроме того	وانگهی؛ دیگراینکه	krome togo
вороватый	زیر جلی	varavatyy
ярость	غضب؛ سوداء	yarast
злость	غضب؛ سوداء	zlost
запал	فتیله؛ گداختن	zapal
расстрел	شلیک متوالی	rasstrel
расстреливать	شلیک متوالی	rasstrelivat
расплавление	ذوب؛ گداز	rasplavleniye
пустяковый	بیهوده؛ باطل	pustyakovyy
тщетный	بیهوده؛ باطل	tshchetnyy
пустота	عبثی؛ بیهودگی	pustata
безрезультатность	عبثی؛ بیهودگی	bezrezultatnast
будущность	آینده	budushchnast
будущий	آینده	budushchiy
кляп	شیرین کاری	klyap
отсебятина	شیرین کاری	atsebyatina
прибыль	انتفاع؛ جلب کردن	pribyl
походка	مشی؛ گام برداشتن	pakhodka
аллюр	مشی؛ گام برداشتن	allyur
галактика	کهکشان	galaktika
цветник	کهکشان	tsvetnik
галантный	زن باز؛ دلاوری کردن	galantnyy
галантность	زن نوازی	galantnast
галантерейность	زن نوازی	galantereynast
галерея	گالری	galereya
галёрка	گالری	galyorka
камбуз	رانکا؛ رامکا	kambuz
галлон	گالن	gallon
скачка	تاخت؛ چهارنعل	skachka
галоп	تاخت؛ چهارنعل	galop
виселица	دار؛ صلابه	viselitsa
игрок	قمارباز؛ مهرهباز	igrok
картёжник	قمارباز؛ مهرهباز	kartyozhnik
игорный	قمار	igornyy
картёжный	قمار	kartyozhnyy
игра	بازی	igra
банда	گام برداری	banda
лавочка	گام برداری	lavachka
ганглий	غده لنفاوی	gangliy
гангрена	قانقاریا	gangrena
гараж	گاراژ؛ در گاراژ گذاردن	garazh
автогараж	گاراژ؛ در گاراژ گذاردن	avtagarazh
одеяние	طرز رفتار؛ لباس پوشانیدن	adeyaniye
сад	باغ	sad
огород	باغ	agarod
садовник	باغبان	sadovnik
садовод	باغبان	sadavod
садоводство	باغبانی؛ سبزیکاری	sadavodstva
садоводческий	باغبانی؛ سبزیکاری	sadavodcheskiy
чеснок	سیر	chesnok
гарнизон	ساخلو؛ پادگان	garnizon
подвязка	بند زدن	padvyazka
газ	گاز	gaz
гасконский	گاسگن؛ لاف زن	gaskonskiy
газообразный	گازدار؛ گازی	gazaabraznyy
разрез	شکافدار کردن؛ مقاربت جنسی	razrez
впадина	شکافدار کردن؛ مقاربت جنسی	vpadina
газовая лампа	گاز سوز؛ شعله گاز	gazovaya lampa
газовое освещение	گاز سوز؛ شعله گاز	gazovoye osveshcheniye
бензин	بنزین؛ گازولین	benzin
газолин	بنزین؛ گازولین	gazalin
задохнуться	نفس بریده	zadakhnutsya
желудочный	معدی	zheludachnyy
гастрический	معدی	gastricheskiy
калитка	دروازه	kalitka
застава	دروازه	zastava
подворотня	مدخل	padvarotnya
колея	اندازهگیر	kaleya
калибр	اندازهگیر	kalibr
сетка	گاز؛ تنزیب	setka
взгляд	خیره شدن	vzglyad
взор	خیره شدن	vzor
ведомость	مجله رسمی	vedamast
механизм	دنده، تجهیزات	mekhanizm
желатин	ژلاتین؛ سریشم	zhelatin
желатиновый	ژلاتینی	zhelatinavyy
драгоценность	جواهر نشان کردن؛ سنگ گران بها	dragatsennast
ген	ژن	gen
генерал	عمومی	general
обобщение	تعمیم	ababshcheniye
вообще	عموما؛ معمولا	vaabshche
порождающий	تولیدی؛ نسلی	porozhdayushchiy
генеративный	تولیدی؛ نسلی	generativnyy
благородство	کرم؛ مروت	blagarodstva
щедрость	کرم؛ مروت	shchedrast
щедрый	کرام؛ کریم	shchedryy
великодушный	کرام؛ کریم	velikadushnyy
щедро	سخاوتمندانه؛ بی دریغ	shchedra
великодушно	سخاوتمندانه؛ بی دریغ	velikadushna
генезис	تکوین؛ طرز تشکیل	genezis
генетический	ژنتیکی	geneticheskiy
Женева	ژنو	zheneva
кантон Женева	ژنو	kanton zheneva
дружелюбный	خوش دهن	druzhelyubnyy
радушный	خوش دهن	radushnyy
сердечность	خوش معاشرتی	serdechnost
гений	نابغه	geniy
гениальность	نابغه	genialnast
геноцид	نسل‌کشی	genatsid
джентиле	غیر کلیمی	dzhentile
мягкий	نرم؛ معتدل	myagkiy
пологий	نرم؛ معتدل	palogiy
господин	جنتلمن؛ سمیو	gaspadin
барин	جنتلمن؛ سمیو	barin
джентльменский	آقامنشانه؛ آقامنش	dzhentlmenskiy
мягкость	ملایمت؛ نرمی	myagkast
кротость	ملایمت؛ نرمی	krotast
благородная женщина	زن نجیب؛ زن باتربیت	blagorodnaya zhenshchina
слегка	بارامی؛ نرم نرم	slegka
настоящий	واقعی	nastayashchiy
искренне	واقعاًً	iskrenne
географический	جغرافیایی	geograficheskiy
география	جغرافیا	geagrafiya
геология	زمینشناسی؛ معرفت الارظ	gealogiya
геометрический	هندسی	geametricheskiy
геометрия	هندسه	geametriya
Грузия	گرجستان	gruziya
грузин	گرجی؛ گرجستانی	gruzin
грузинка	گرجی؛ گرجستانی	gruzinka
бактериологический	میکرب؛ جرثومه	bakterialagicheskiy
немец	آلمانی؛ زبان آلمانی	nemets
германец	آلمانی؛ زبان آلمانی	germanets
германский	آلمانی؛ ژرمنی	germanskiy
Германия	آلمان	germaniya
всхожесть	جوانه زنی؛ جوانه زایی	vskhozhest
прорастание	جوانه زنی؛ جوانه زایی	prarastaniye
жест	اشاره	zhest
мимика	اشاره	mimika
получить	گرفتن	paluchit
попасть	گرفتن	papast
великан	غول؛ نرهغول	velikan
гигант	غول؛ نرهغول	gigant
насмешка	طنز گفتن؛ باطعنه استهزاء کردن	nasmeshka
насмехаться	طنز گفتن؛ باطعنه استهزاء کردن	nasmekhatsya
подарок	هدیه	padarak
талант	هدیه	talant
талантливый	خدا داده	talantlivyy
одарённый	خدا داده	adaryonnyy
гичка	کنسرت	gichka
одноколка	کنسرت	adnakolka
гигантский	غول پیکر	gigantskiy
исполинский	غول پیکر	ispalinskiy
позолота	مطلا	pazalota
подсвинок	مطلا	padsvinak
бурав	گردبر؛ سوراخ کننده	burav
буравчик	گردبر؛ سوراخ کننده	buravchik
джин	جینی؛ جین	dzhin
имбирь	زنجبیل	imbir
опоясывать	ضربه شدید؛ کمربند بستن	apayasyvat
подпоясать	ضربه شدید؛ کمربند بستن	padpayasat
девушка	دختر	devushka
девочка	دختر	devachka
подруга	دوست دختر	padruga
подружка	دوست دختر	padruzhka
девичий	دختروار	devichiy
девчачий	دختروار	devchachiy
подпруга	ابعاد؛ قطر شکم	padpruga
обхват	ابعاد؛ قطر شکم	abkhvat
соль	نکته مهم؛ لب کلام	sol
давать	دادن	davat
дать	دادن	dat
рада	خوشحال	rada
радостный	خوشحال	radastnyy
колдовство	آب وتاب	kaldavstvo
взглянуть	نگاه اجمالی	vzglyanut
железа	غده؛ دشبل	zheleza
сальник	غده؛ دشبل	salnik
железистый	غدهای	zhelezistyy
сверкание	درخشندگی زیاد	sverkaniye
стекло	شیشه، لیوان	steklo
зеркало	شیشه، لیوان	zerkala
стекловидный	زجاجی	steklavidnyy
глазированный	لعابی؛ لعابدار	glazirovannyy
муравленый	لعابی؛ لعابدار	muravlenyy
отблеск	نور ضعیف؛ پرتو آنی	otblesk
планирование	نرم رفتن؛ آسان رفتن	planiravaniye
скользить	نرم رفتن؛ آسان رفتن	skalzit
мерцание	سوسو زدن؛ نور کم	mertsaniye
мерцать	سوسو زدن؛ نور کم	mertsat
беглый взгляд	نگاه کوتاه	beglyy vzglyad
увидеть мельком	نگاه کوتاه	uvidet melkom
вспыхивать	ظهور آنی	vspykhivat
блестеть	سوسو؛ تلالو	blestet
глобальный	جهانی	glabalnyy
общемировой	جهانی	abshchemiravoy
глобализация	جهانی‌سازی	globalizatsiya
глобус	کره زمین	globus
шаровой	کره زمین	sharavoy
мрак	عبوس بودن	mrak
мрачность	عبوس بودن	mrachnast
угрюмый	تیره؛ گرفته	ugryumyy
прославить	تکریم کردن؛ تجلیل کردن	praslavit
воспеть	تکریم کردن؛ تجلیل کردن	vaspet
славный	باشکوه	slavnyy
лоск	جلوه ظاهر	losk
глянец	جلوه ظاهر	glyanets
глянцевый	لعابی؛ لعابدار	glyantsevyy
глянцевитый	لعابی؛ لعابدار	glyantsevityy
глотка	چاکنای	glotka
перчатка	دستکش	perchatka
перчаточный	دستکش	perchatachnyy
зарево	تابیدن؛ تافتن	zareva
клеёный	چسباننده	kleyonyy
обжорство	پر خوری؛ شکم پرستی	abzhorstva
прожорливость	پر خوری؛ شکم پرستی	prazhorlivast
изюминка	رفتن	izyuminka
напористость	رفتن	naporistast
подстрекательство	سک	podstrekatelstvo
подгоняющий	سک	podgonyayushchiy
гол	هدف	gol
вратарь	گلر	vratar
коза	بز؛ بزغاله	kaza
жрать	لپ لپ خوردن	zhrat
глотать	لپ لپ خوردن	glatat
бог	خدا	bog
господь	خدا	gaspod
богиня	الهه؛ دارگونه	baginya
восприемник	پدر تعمیدی؛ نام گذاردن بر	vaspriyemnik
крёстный	پدر تعمیدی؛ نام گذاردن بر	krestnyy
божий	خداشناس؛ الاهی	bozhiy
божественный	خداشناس؛ الاهی	bozhestvennyy
восприемница	مادر خوانده	vaspriyemnitsa
крёстная	مادر خوانده	kryostnaya
золото	طلا، طلایی	zolata
злато	طلا، طلایی	zlata
золотой	طلایی	zalatoy
златой	طلایی	zlatoy
гольф	گلف	golf
Голиаф	جالوت؛ جلیات	goliaf
до встречи	خداحافظ	do vstrechi
доброта	خوبی	dabrata
гусь	غاز؛ هیس	gus
гусятина	غاز؛ هیس	gusyatina
великолепный	باشکوه	velikalepnyy
горилла	گوریل	garilla
евангельский	مژده نیکو	yevangelskiy
паутина	بند شیطان؛ لعاب خورشید	pautina
сплетня	نمام؛ اراجیف	spletnya
болтун	نمام؛ اراجیف	baltun
готика	زبانگوتیک	gotika
готический	زبانگوتیک	gaticheskiy
долото	مغار؛ اسکنه جراحی	dalato
долбить	مغار؛ اسکنه جراحی	dalbit
подагра	نقرسی؛ نقرس	padagra
управлять	حکومت کردن؛ فرمانداری کردن	upravlyat
править	حکومت کردن؛ فرمانداری کردن	pravit
руководство	حاکمیت	rukovodstvo
мадам	مدیره؛ زنحاکم	madam
воспитательница	مدیره؛ زنحاکم	vaspitatelnitsa
правление	دولت	pravleniye
правительственный	دولتی؛ حکومتی	pravitelstvennyy
губернатор	استاندار	gubernatar
регулятор	استاندار	regulyatar
мантия	خرقه؛ لباس شب	mantiya
грейфер	چنگ انداختن؛ بچنگال گرفتن	greyfer
хватать	چنگ انداختن؛ بچنگال گرفتن	khvatat
благодать	ظرافت	blagadat
грациозный	ظریف؛ عاطر	gratsioznyy
милостивый	توفیق دهنده؛ فیض بخش	milastivyy
постепенный	تدریجی	pastepennyy
постепенно	بمرور؛ متدرجا	pastepenna
исподволь	بمرور؛ متدرجا	ispadval
выпускник	آموخته؛ مدرج کردن	vypusknik
аспирантка	آموخته؛ مدرج کردن	aspirantka
черенок	اختلاس؛ پیوند کردن	cherenok
привитый	پیوندی	privityy
пересаженный	پیوندی	peresazhennyy
грамм	گرم	gramm
грамматика	دستور؛ گرامر	grammatika
грамотный	دستوری؛ صرفی	gramatnyy
грамматический	دستوری؛ صرفی	grammaticheskiy
внучата	احفاد	vnuchata
величие	شکوه؛ جلال	velichiye
благолепие	شکوه؛ جلال	blagalepiye
дедушка	پدربزرگ	dedushka
высокопарный	گزاف گوی	vysakaparnyy
выспренний	گزاف گوی	vysprenniy
бабушка	مادربزرگ	babushka
внук	پسر دختر؛ پسر پسر	vnuk
гранит	خارا؛ گرانیت	granit
гранитный	خارا؛ گرانیت	granitnyy
зернистый	دانهدار؛ دانه ای	zernistyy
зерновидный	دانهدار؛ دانه ای	zernavidnyy
виноград	انگور؛ عنب	vinagrad
график	نمودار؛ گراف	grafik
диаграмма	نمودار؛ گراف	diagramma
наглядный	گرافیکی	naglyadnyy
графика	گرافیک	grafika
проектирование	گرافیک	proyektirovaniye
ориентация	گرفتن، درک کردن	ariyentatsiya
трава	چمن	trava
марихуана	چمن	marikhuana
травянистые сообщества	علفزار؛ سبزه زار	travyanistyye soobshchestva
травяной	پرچمن؛ علفی	travyanoy
травянистый	پرچمن؛ علفی	travyanistyy
тереть	کبیر؛ کبیره	teret
протереть	کبیر؛ کبیره	prateret
благодарный	ممنون؛ شکور	blagadarnyy
признательный	ممنون؛ شکور	priznatelnyy
удовлетворение	سر بلندی	udavletvareniye
тешить	مفتخر کردن؛ بوجد آوردن	teshit
ублажать	مفتخر کردن؛ بوجد آوردن	ublazhat
решётка	گوشت ریز	reshyotka
признательность	سپاسگزاری؛ شکران	priznatelnast
могила	قبر، جدی	magila
песок	شن؛ ریگ	pesok
галка	شن؛ ریگ	galka
тяготение	قوه جاذبه	tyagateniye
гравитация	قوه جاذبه	gravitatsiya
серьёзность	جاذبه	seryoznast
серый	خاکستری رنگ	seryy
седой	خاکستری رنگ	sedoy
пастись	چریدن؛ چرا کردن	pastis
смазка	روغن؛ مداهنه	smazka
жирный	چرب؛ روغنی	zhirnyy
засаленный	چرب؛ روغنی	zasalennyy
великий	عالی، بزرگ	velikiy
очень	بسیار	ochen
Греция	یونان؛ کشور یونان	gretsiya
корысть	حرص؛ طمع	karyst
жадно	حریصانه	zhadna
ненасытный	پولکی؛ حریصانه	nenasytnyy
грек	یونانی	grek
греческий	یونانی	grecheskiy
зелень	سبز	zelen
зелёный	سبز	zelyonyy
оранжерея	گلخانه	aranzhereya
теплица	گلخانه	teplitsa
приветствовать	سلام کردن	privetstvavat
приветствие	تهنیت؛ درود	privetstviye
граната	نارنجک	granata
посереть	خاکستری	paseret
сереть	خاکستری	seret
сеточный	شبکه	setachnyy
тосковать	محزون کردن؛ غصه دادن	taskavat
горевать	محزون کردن؛ غصه دادن	garevat
кровный	اندوه آورد	krovnyy
мрачно	عبوس؛ عبوسانه	mrachna
гримаса	شکلک	grimasa
ужимка	شکلک	uzhimka
въевшаяся грязь	رجاست؛ چرک سیاه کردن	vyevshayasya gryaz
зловеще	عبوسانه	zloveshche
усмешка	نیشخند	usmeshka
ухмылка	نیشخند	ukhmylka
растирать	آسیاب کردن	rastirat
точильщик	کوبنده؛ لهکننده	tachilshchik
ручка	چنگ زدن	ruchka
рукоятка	چنگ زدن	rukayatka
зерно для помола	گندمآسیابی؛ جو آسیابی	zerno dlya pomola
строение	ماسه سنگ	strayeniye
песчинка	ماسه سنگ	peschinka
песчаный	شن دار؛ ریگ دار	peschanyy
стойкий	شن دار؛ ریگ دار	stoykiy
кряхтенье	فغان	kryakhtenye
бакалейщик	عطار؛ بقال	bakaleyshchik
бакалея	خواربار	bakaleya
бакалейный	خواربار	bakaleynyy
пах	دوطاقه کردن؛ بیخ ران	pakh
конюх	داماد؛ چاروادار	konyukh
грум	داماد؛ چاروادار	grum
рытвина	شیار؛ خط انداختن	rytvina
паз	شیار؛ خط انداختن	paz
ощупью	کورمالی	oshchupyu
бяка	ناخالص	byaka
гросс	ناخالص	gross
беспричинный	واهی؛ بی اساس	besprichinnyy
несостоятельный	واهی؛ بی اساس	nesastayatelnyy
роща	بیشه؛ شاخسار	roshcha
лесок	بیشه؛ شاخسار	lesok
расти	رشد کردن	rasti
рычание	خرخر کردن	rychaniye
ворчать	خرخر کردن	varchat
рост	رشد	rost
дрожать	کینه؛ غرض	drazhat
жалеть	کینه؛ غرض	zhalet
омерзительный	وحشت آور؛ نفرت انگیز	omerzitelnyy
ворчание	غر؛ ژکیدن	varchaniye
ворчливый	بد خلق؛ بد خو	varchlivyy
гарантия	التزام؛ ضمانت	garantiya
охрана	گارد؛ نگهبان	akhrana
блюститель	سرپرست؛ متکفل	blyustitel
опекун	سرپرست؛ متکفل	apekun
опека	سرپرستی؛ قیمومیت	apeka
попечительство	سرپرستی؛ قیمومیت	papechitelstva
партизанщина	چریک	partizanshchina
партизан	چریک	partizan
гадание	حدس زدن، حدس	gadaniye
догадаться	حدس زدن، حدس	dagadatsya
гость	مهمان	gost
посетитель	مهمان	pasetitel
захохотать	خنده بلند؛ قاه قاه	zakhakhatat
директива	دستورالعمل	direktiva
гильдия	سنخ؛ صنف	gildiya
виновность	احساس گناه	vinovnast
виноватый	مرتکب؛ مقصر	vinavatyy
виновный	مرتکب؛ مقصر	vinovnyy
гинея	گینه؛ مرغ شاخدار	gineya
личина	لباس مبدل	lichina
гитара	گیتار	gitara
залив	خلیج	zaliv
пучина	خلیج	puchina
пищевод	مری	pishchevod
овраг	آبکند؛ دره کوچک	avrag
десна	صمغ؛ چسب	desna
мастика	صمغ؛ چسب	mastika
стрелок	توپچی؛ تیر انداز	strelok
артиллерист	توپچی؛ تیر انداز	artillerist
порох	باروت	porakh
выстрел	تیر رس؛ زخم گلوله	vystrel
звук выстрела	تیر رس؛ زخم گلوله	zvuk vystrela
булькать	غلغل؛ شرشر	bulkat
кишка	روده، شهود	kishka
лоток	آبگند؛ آب رو	latok
жёлоб	آبگند؛ آب رو	zhyolab
гортанный	حلقی؛ گلوئی	gartannyy
мужик	مرد	muzhik
спортзал	باشگاه ورزشی	spartzal
гимнастика	ژیمناستیک	gimnastika
цыган	کولی؛ غربتی	tsygan
цыганка	کولی؛ غربتی	tsyganka
привычка	عادت	privychka
среда обитания	زیستگاه	sreda obitaniya
обыкновенный	عادتی	abyknavennyy
привычный	عادتی	privychnyy
кайло	نویسنده مزدور؛ درشکه کرایه	kaylo
град	تگرگ، استقبال کردن	grad
окрик	تگرگ، استقبال کردن	okrik
волос	مو	volas
шерсть	مو	sherst
безволосый	بیمو؛ کم مو	bezvalosyy
мохнатый	مویی؛ مودار	makhnatyy
волосатый	مویی؛ مودار	valasatyy
половина	نصف	palavina
половинка	نصف	palavinka
посредине	در نیمه راه	pasredine
зал	سالن	zal
прихожая	سالن	prikhozhaya
ореол	هاله؛ هآاله بستن	areol
нимб	هاله؛ هآاله بستن	nimb
привал	توقف، متوقف کردن	prival
разъезд	توقف، متوقف کردن	razyezd
ветчина	ژامبون؛ گوشت ران	vetchina
бездарность	ژامبون؛ گوشت ران	bezdarnast
молоток	چکش؛ پتک	malatok
молот	چکش؛ پتک	molat
горсть	مشت	gorst
пригоршня	مشت	prigorshnya
гандикап	فلج؛ معلول	gandikap
дефективный	فلج	defektivnyy
ремесло	هنردستی؛ دستورزی	remeslo
ручная работа	کاردستی	ruchnaya rabota
платок	دستمال	platok
почерк	خط؛ دستخط	pocherk
вис	آویختن؛ دار زدن	vis
повесить	آویختن؛ دار زدن	pavesit
Ганновер	هانوور	gannover
весело	با خوشحالی	vesela
радостно	با خوشحالی	radastna
счастье	خوشبختی؛ شادی	schastye
благополучие	خوشبختی؛ شادی	blagapaluchiye
домогательство	آزار و اذیت	damagatelstva
гавань	بندرگاه؛ لنگرگاه	gavan
порт	بندر	port
закалка	تصلب	zakalka
тяжело	به‌سختی؛ تقریباً نه	tyazhelo
зачерствелость	سختی؛ صلابت	zacherstvelast
аппаратное обеспечение	سخت‌افزار	apparatnoye obespecheniye
заяц	خرگوش؛ دراز گوش	zayats
русак	خرگوش؛ دراز گوش	rusak
зловредный	موذیانه؛ مضر	zlavrednyy
безобидный	بیگزند؛ بی آزار	bezabidnyy
безвредный	بیگزند؛ بی آزار	bezvrednyy
стройный	همساز	stroynyy
фисгармония	گارمن	fisgarmoniya
сочетаться	موافق کردن؛ متناسب بودن	sachetatsya
гармонировать	موافق کردن؛ متناسب بودن	garmaniravat
упряжка	دهنه؛ تارکش	upryazhka
сбруя	دهنه؛ تارکش	sbruya
арфа	بربط	arfa
талдычить	بربط	taldychit
харпер	چنگزن	kharper
резкий	خشن	rezkiy
Гарвард	هاروارد	garvard
жатва	برداشت	zhatva
спешка	شتاب؛ عجله	speshka
торопиться	شتاباندن	tarapitsya
поспешить	شتاباندن	paspeshit
поспешно	باشتاب؛ شتابان	paspeshna
наскоро	باشتاب؛ شتابان	naskara
торопливый	تند؛ عجول	taraplivyy
опрометчивый	تند؛ عجول	aprametchivyy
топорик	تیشه؛ تبرزین	taporik
тесак	تیشه؛ تبرزین	tesak
ненавидеть	متنفر بودن	nenavidet
ненавистный	کینه آمیز؛ تنفر آور	nenavistnyy
постылый	کینه آمیز؛ تنفر آور	pastylyy
ненависть	نفرت	nenavist
неприступный	متکبرانه؛ مستکبر	nepristupnyy
горделивый	متکبرانه؛ مستکبر	gardelivyy
притон	تسخیر کردن	priton
преследовать	تسخیر کردن	presledavat
иметь	داشتن؛ داشتن (فعل کمکی)	imet
бывать	داشتن؛ داشتن (فعل کمکی)	byvat
прийтись	مجبور بودن (فعل کمکی)	priytis
приходиться	مجبور بودن (فعل کمکی)	prikhaditsya
Гавайи	هاوایی	gavayi
Гавайские острова	هاوایی	gavayskiye ostrova
ястреб	جار؛ بابازشکار کردن	yastreb
перепелятник	جار؛ بابازشکار کردن	perepelyatnik
сено	یونجه؛ علف خشک	sena
сенной	یونجه؛ علف خشک	sennoy
помеха	خطر	pomekha
мгла	مغموم بودن؛ مه کم	mgla
он	او (مرد)	on
она	او (مرد)	ana
головная боль	سردرد	golovnaya bol
головной убор	آرایش سر؛ آرایش مو	golovnoy ubor
тычок	سرساز؛ درساز	tychok
заголовок	سرساز؛ درساز	zagolovok
стремительный	سربجلو؛ شیرجه رونده	stremitelnyy
опрометью	سربجلو؛ شیرجه رونده	oprametyu
штаб	ستاد مرکزی	shtab
командование	ستاد مرکزی	kamandavaniye
упрямый	خودسر؛ مطلق العنان	upryamyy
своевольный	خودسر؛ مطلق العنان	svoyevolnyy
лечить	التیام یافتن	lechit
зарасти	التیام یافتن	zarasti
заживление	بهبود؛ التیام	zazhivleniye
исцеление	بهبود؛ التیام	istseleniye
здоровье	سلامتی	zdarovye
здравие	سلامتی	zdraviye
здравоохранение	مراقبت‌های بهداشتی	zdravookhraneniye
медицинская помощь	مراقبت‌های بهداشتی	meditsinskaya pomoshch
здоровый	سالم	zdarovyy
куча	توده؛ خرمن	kucha
груда	توده؛ خرمن	gruda
слышать	شنیدن	slyshat
слух	محاکمه؛ سمع	slukh
сердце	قلب	serdtse
проникновенный	قلبی	praniknavennyy
очаг	کوره کشتی؛ کف منقل	achag
горн	کوره کشتی؛ کف منقل	gorn
сердечно	از ته دل	serdechno
бездушный	بی عشق	bezdushnyy
тепло	گرما، گرم کردن	teplo
вереск	تیغستان	veresk
поднять	غلپیدن	padnyat
колыхаться	غلپیدن	kalykhatsya
небо	بهشت	neba
райский	آسمانی؛ سماوی	rayskiy
грузно	به شدت	gruzna
еврей	یهودی؛ عبری	yevrey
иврит	یهودی؛ عبری	ivrit
гектар	هکتار	gektar
оградка	چپر؛ خاربست	agradka
внимать	رعایت؛ توجه کردن	vnimat
внять	رعایت؛ توجه کردن	vnyat
каблук	پاشنه؛ پاشنه پا	kabluk
пята	پاشنه؛ پاشنه پا	pyata
повышать	تشدید کردن	pavyshat
обострить	تشدید کردن	abastrit
наследник	وارث؛ ارث بر	naslednik
наследница	وارثه	naslednitsa
елена Равноапостольная	هلنا	yelena ravnoapostolnaya
хелена	هلنا	khelena
вертолёт	هلیکوپتر	vertalyot
ад	درک؛ دوزخ	ad
пекло	درک؛ دوزخ	pekla
привет	سلام	privet
здравствуйте	سلام	zdravstvuyte
руль	سکان؛ اهرم سکان	rul
шлем	کلاه ایمنی	shlem
каска	کلاه ایمنی	kaska
помощница	یاور؛ نصیر	pamoshchnitsa
полезный	مفید	paleznyy
беспомощный	عاجز؛ ناگزیر	bespomashchnyy
бессильный	عاجز؛ ناگزیر	bessilnyy
беспомощность	ناچاری؛ درماندگی	bespomashchnast
подол	لبه؛ کناره دار کردن	padol
рубец	لبه؛ کناره دار کردن	rubets
полушарие	نیمکره؛ نیم گوی	palushariye
отсюда	بنابراین	atsyuda
отныне	منبعه؛ زین سپس	atnyne
печёночный	کبدی	pechyonachnyy
свой	او (مفعول)، مال او (وابسته)	svoy
гонец	جارچی	ganets
здешний	اینجا	zdeshniy
вот	اینجا	vot
сим	بدینوسیله	sim
этим	بدینوسیله	etim
наследственный	ارثی؛ مادرزادی	nasledstvennyy
потомственный	ارثی؛ مادرزادی	patomstvennyy
ересь	ارتداد؛ الحاد	yeres
наследие	میراث	naslediye
отшельник	منزوی؛ کهبد	atshelnik
затворник	منزوی؛ کهبد	zatvornik
грыжа	باد فتق	gryzha
грыжевый	باد فتق	gryzhevyy
витязь	قهرمان	vityaz
героический	حماسی؛ پهلوانانه	geraicheskiy
доблестный	حماسی؛ پهلوانانه	doblestnyy
героически	پهلوانانه	geroicheski
героиня	شیرزن	gerainya
героизм	گردی	geraizm
геройство	گردی	geroystva
её	مال او (زن)	yeyo
сам	خودش (زن)	sam
себя	خودش (زن)	sebya
колебаться	تامل کردن؛ تردد کردن	kalebatsya
раздумье	تامل؛ درنگ	razdumye
зарубить	شقه	zarubit
эй	هی	ey
заветный	پنهان	zavetnyy
невысказанный	پنهان	nevyskazannyy
шкура	پنهان کردن	shkura
иерархия	سلسله مراتب	iyerarkhiya
иероглиф	هیروگلیف	iyeroglif
высокий	بالا؛ بالا، بلند	vysokiy
высочество	جناب؛ والاحضرت	vysochestvo
высокопоставленный	برجسته	vysokopostavlennyy
шоссе	بزرگراه	shasse
тракт	بزرگراه	trakt
уморительный	خنده‌دار	umaritelnyy
гора	تپه	gara
холм	گریوه؛ هذلول	kholm
бугор	گریوه؛ هذلول	bugor
склон	دامنه کوه؛ سرازیری تپه	sklon
его	او (مفعول)	yego
ему	او (مفعول)	yemu
тормозить	عقبی؛ موخر	tarmazit
препятствовать	عقبی؛ موخر	prepyatstvavat
препятствие	عایق؛ بازماندگی	prepyatstviye
шарнир	لولا؛ منوط بودن	sharnir
намекать	اشاره، اشاره کردن	namekat
тазобедренный	باسن	tazabedrennyy
прокат	کرایه کردن؛ مزدور کردن	prakat
наём	کرایه کردن؛ مزدور کردن	nayom
гистология	بافت شناسی	gistalogiya
историк	تاریخ‌دان	istorik
исторический	تاریخی	istaricheskiy
боевик	ضربه زدن، ضربه	bayevik
попадание	ضربه زدن، ضربه	papadaniye
сюда	به اینجا	syuda
доселе	تاکنون؛ تابحال	dasele
дотоле	تاکنون؛ تابحال	datole
улей	مرکز تجمع	uley
крапивница	کهیر	krapivnitsa
ульи	کهیر	uli
клад	احتکار کردن	klad
мистификация	حقه بازی کردن	mistifikatsiya
мистифицировать	حقه بازی کردن	mistifitsiravat
конёк	سرگرمی	kanyok
хобби	سرگرمی	khobbi
хоккей	هاکی	khakkey
хоккейный	هاکی	khakkeynyy
трюм	نگه داشتن	tryum
держать	نگه داشتن	derzhat
обладатель	حامل؛ دارنده	abladatel
оправа	حامل؛ دارنده	aprava
очко	سوراخ	achko
дыра	سوراخ	dyra
святость	تقدس؛ لقب پاپ	svyatast
Голландия	هلند	gollandiya
Нидерланды	هلند	niderlandy
углубление	تهی؛ پوچ	uglubleniye
святой	مقدس؛ مطهر	svyatoy
дом	خانه؛ در خانه	dom
бездомный	بی‌خانمان	bezdomnyy
неказистый	مثل خانه؛ فاقد جمال	nekazistyy
свойский	مثل خانه؛ فاقد جمال	svoyskiy
домой	به‌طرف خانه	damoy
урок	تکالیف	urok
задание	تکالیف	zadaniye
однородный	متجانس؛ همجنس	adnarodnyy
гомогенный	متجانس؛ همجنس	gamagennyy
гомосексуалист	کونی؛ همجنسباز	gamaseksualist
гомосексуальный	کونی؛ همجنسباز	gamaseksualnyy
честный	منصف؛ امین	chestnyy
собственно	درستکارانه	sobstvenna
честно	درستکارانه	chestna
честность	صداقت	chestnast
мёд	عسل؛ شهد	myod
медовый месяц	ماهعسل؛ ماه عسل رفتن	medovyy mesyats
свадебное путешествие	ماهعسل؛ ماه عسل رفتن	svadebnoye puteshestviye
честь	افتخار؛ احترام	chest
соблюдать	افتخار؛ احترام	sablyudat
благородный	گرامی؛ شریف	blagorodnyy
уважаемый	گرامی؛ شریف	uvazhayemyy
шапочка	کاپوت؛ باشلق	shapachka
капюшон	کاپوت؛ باشلق	kapyushon
с капюшоном	کروک دار	s kapyushonom
копыто	سنب؛ باسم زدن	kapyta
копытный	سنب؛ باسم زدن	kapytnyy
крючок	قلاب؛ قلاب کردن	kryuchok
курва	جیب بر؛ قلاب انداز	kurva
проститутка	جیب بر؛ قلاب انداز	prostitutka
скакать	رازک؛ لی لی کردن	skakat
надежда	امید؛ امید، امیدوار بودن	nadezhda
многообещающий	امیدوار	mnagaabeshchayushchiy
надеюсь	امیدوارانه	nadeyus
с надеждой	امیدوارانه	s nadezhdoy
безвыходный	نومید؛ ناامید	bezvykhadnyy
безнадёжно	نومیدانه	beznadyozhna
бесперспективность	نومیدی؛ لاعلاجی	besperspektivnast
орда	گروه ترکان؛ گروه بیشمار	arda
орава	گروه ترکان؛ گروه بیشمار	arava
горизонт	افق	garizont
кругозор	افق	krugazor
горизонталь	ترازی؛ افقی	garizantal
горизонтальный	ترازی؛ افقی	garizantalnyy
рогатый	شاخدار؛ شاخی	ragatyy
роговой	شاخدار؛ شاخی	ragavoy
похотливый	شهوتی	pakhatlivyy
мозолистый	شهوتی	mazolistyy
ужасный	وحشتناک؛ موحش	uzhasnyy
ужаснуть	بهراس انداختن؛ به بیم انداختن	uzhasnut
ужас	مورمور؛ دهشت	uzhas
жуть	مورمور؛ دهشت	zhut
лошадь	اسب	loshad
конь	اسب	kon
всадник	سوار کار؛ سواره نظام	vsadnik
конник	سوار کار؛ سواره نظام	konnik
гостеприимный	غریب نواز؛ مهمان نوازانه	gastepriimnyy
больница	بیمارستان	balnitsa
госпиталь	بیمارستان	gospital
гостеприимство	غریب پروری؛ غریب نوازی	gastepriimstva
заложник	گروگان	zalozhnik
заложница	گروگان	zalozhnitsa
общежитие	پانسیون	abshchezhitiye
хозяйка	میزبان؛ زن مهماندار	khazyayka
хозяюшка	میزبان؛ زن مهماندار	khazyayushka
вражеский	خصمانه	vrazheskiy
горячий	داغ، گرم	garyachiy
жаркий	داغ، گرم	zharkiy
гостиница	هتل	gastinitsa
отель	هتل	atel
жарко	باگرمی؛ به‌طور گرم	zharka
горячо	باگرمی؛ به‌طور گرم	garyacho
гончая	تازی؛ پاپی شدن	gonchaya
заклёвывать	تازی؛ پاپی شدن	zaklyovyvat
час	ساعت	chas
палата	خانه	palata
домочадцы	کوچ؛ خاندان	damachadtsy
домоводство	خانه داری؛ اداره منزل	damavodstva
домохозяйка	کدبانو؛ سوزن دان	damakhazyayka
как	چگونه	kak
чём	چگونه	chyom
однако	با این حال	adnaka
впрочем	با این حال	vprochem
рёв	زوزه؛ زوزهکشیدن	ryov
обниматься	بغل کردن؛ در آغوش گرفتن	abnimatsya
облапить	بغل کردن؛ در آغوش گرفتن	ablapit
фюзеляж	تنه کشتی؛ لاشه کشتی	fyuzelyazh
человеческий	انسان، انسانی	chelavecheskiy
человечий	انسان، انسانی	chelavechiy
гуманный	انسانی؛ بامروت	gumannyy
гуманист	بشردوستانه	gumanist
гуманитарный	بشردوستانه	gumanitarnyy
человечество	انسانیت	chelavechestva
человечность	انسانیت	chelavechnast
унизить	فروتن	unizit
влажный	نمناک؛ مرطوب	vlazhnyy
волглый	نمناک؛ مرطوب	volglyy
мокрота	رطوبت؛ نمداری	makrata
унизительный	تحقیر آمیز	unizitelnyy
издевательский	تحقیر آمیز	izdevatelskiy
унижение	تحقیر؛ انفعال	unizheniye
издевательство	تحقیر؛ انفعال	izdevatelstva
смирение	افتادگی؛ تواضع	smireniye
приниженность	افتادگی؛ تواضع	prinizhennast
напевающий	وزوز	napevayushchiy
юмор	لطیفه؛ خلط	yumor
настроение	لطیفه؛ خلط	nastroyeniye
юморист	لطیفهگو؛ فکاهی نویس	yumarist
забавник	لطیفهگو؛ فکاهی نویس	zabavnik
юмористический	ظریف؛ فکاهی	yumaristicheskiy
юмористически	بشوخی	yumoristicheski
шутливо	بشوخی	shutlivo
горб	قوز؛ کوهان	gorb
блямба	قوز؛ کوهان	blyamba
горбун	گوژپشت؛ قوز پشت	garbun
горбунья	گوژپشت؛ قوز پشت	garbunya
сто	صد	sto
сотая	صدم؛ یک صدم	sotaya
сотый	صدم؛ یک صدم	sotyy
венгр	مجار؛ مجاری	vengr
венгерский	مجار؛ مجاری	vengerskiy
Венгрия	مجارستان؛ هونگاری	vengriya
голодовка	گرسنگی	galadovka
алчущий	گرسنه	alchushchiy
голодный	گرسنه	galodnyy
охота	شکار؛ نخجیر	akhota
гоньба	شکار؛ نخجیر	ganba
охотник	شکارچی؛ صیاد	akhotnik
ловец	شکارچی؛ صیاد	lavets
ловля	شکار؛ صید	lovlya
егерь	شکار باز؛ شکار گردان	yeger
псарь	شکار باز؛ شکار گردان	psar
швырнутый	پرتابه	shvyrnutyy
хёрлинг	پرتاب	khyorling
ура	هورا؛ مرحبا	ura
ураган	توفان؛ تندباد	uragan
ураганный	توفان؛ تندباد	uragannyy
обидеть	آسیب زدن، آسیب‌دیده	abidet
муж	شوهر	muzh
безмолвие	مخفی نگاهداشتن	bezmolviye
притихнуть	مخفی نگاهداشتن	pritikhnut
барак	کلبه؛ زاغه	barak
гидра	مار آبی	gidra
гидрат	هیدارت	gidrat
гидравлический	هیدرولیک	gidravlicheskiy
водород	هیدروژن	vadarod
водородный	هیدروژن	vadarodnyy
гимн	سرودروحانی؛ سرود خواندن	gimn
славословить	سرودروحانی؛ سرود خواندن	slavaslovit
сверхчувствительный	خیلی حساس	sverkhchuvstvitelnyy
мнительность	مراق	mnitelnast
ипохондрия	مراق	ipakhondriya
фальшь	زرق؛ نفاق	falsh
лицемерие	زرق؛ نفاق	litsemeriye
лицемер	ریاکار؛ سالوس	litsemer
комедиант	ریاکار؛ سالوس	kamediant
подкожный	زیرپوستی؛ تحت الجلدی	padkozhnyy
гипотеза	فرضیه	gipoteza
вымышленный	فرضی؛ نهشتی	vymyshlennyy
лёд	یخ	lyod
глазировать	یخ	glaziravat
мороженое	بستنی	morozhenoye
икона	نماد	ikona
ледяной	یخی؛ یخمانند	ledyanoy
леденящий	یخی؛ یخمانند	ledenyashchiy
удостоверение личности	شناسنامه	udostovereniye lichnosti
идентификатор	شناسنامه	identifikator
мысль	ایده	mysl
идеал	ایده‌آل	ideal
идеальный	ایده‌آل	idealnyy
одинаковый	یکسان	adinakavyy
идентичный	یکسان	identichnyy
идентификация	شناسایی	identifikatsiya
опознание	شناسایی	apaznaniye
опознать	شناسایی کردن	apaznat
идентифицировать	شناسایی کردن	identifitsirovat
личность	هویت؛ مشابهت	lichnast
идентичность	هویت؛ مشابهت	identichnast
идеологический	ایدئولوژیک	idealagicheskiy
идейный	ایدئولوژیک	ideynyy
идеология	ایدئولوژی	idealogiya
мировоззрение	ایدئولوژی	miravazzreniye
идиотизм	ابلهی؛ سبک مغزی	idiatizm
идиотство	ابلهی؛ سبک مغزی	idiotstva
идиосинкразия	طبیعت ویژه؛ خصوصیات اخلاقی	idiasinkraziya
идиот	احمق	idiot
дурацкий	ابلهانه	duratskiy
идиотский	ابلهانه	idiotskiy
лениться	تنبل؛ عاطل	lenitsya
проболтаться	تنبل؛ عاطل	prabaltatsya
лень	تنبلی؛ بیکاری	len
безделье	تنبلی؛ بیکاری	bezdelye
бездельник	بیکاره؛ چرخ دلاله	bezdelnik
зевака	بیکاره؛ چرخ دلاله	zevaka
кумир	بت؛ صنم	kumir
идол	بت؛ صنم	idal
идолопоклонничество	بت پرستی	idalapaklonnichestva
идолопоклонство	بت پرستی	idalapaklonstva
если	اگر	yesli
ли	اگر	li
неблагородный	ناکس؛ نا اصل	neblagarodnyy
бесславный	ننگ آور	besslavnyy
невежество	نادانی	nevezhestva
тёмный	نادان؛ جاهل	tyomnyy
игнорировать	بیاعتنایی کردن؛ ندیده گرفتن	ignariravat
дурно	بیمار	durna
незаконный	خلاف؛ حرام	nezakonnyy
нелегальный	خلاف؛ حرام	nelegalnyy
неправомерный	نامشروع؛ غیر مشروع	nepravamernyy
недозволенный	نا مشروع؛ مخالف مقررات	nedazvolennyy
Иллинойс	ایلینوی	illinoys
неграмотность	نادانی؛ بیسوادی	negramatnast
безграмотность	نادانی؛ بیسوادی	bezgramatnast
безграмотный	نادان؛ عامی	bezgramatnyy
болезнь	بیماری	balezn
нелогичный	غیرمعقول؛ بی منطق	nelagichnyy
осветить	روشنکردن؛ درخشانساختن	asvetit
освещать	روشنکردن؛ درخشانساختن	asveshchat
освещение	تنویر؛ تذهیب	asveshcheniye
заставка	تنویر؛ تذهیب	zastavka
иллюзия	توهم	illyuziya
призрачный	غیر واقعی	prizrachnyy
иллюзорный	غیر واقعی	illyuzornyy
иллюстрировать	مصور کردن؛ بامثال روشنساختن	illyustriravat
проиллюстрировать	مصور کردن؛ بامثال روشنساختن	praillyustriravat
художественный образ	تصاویر ذهنی	khudozhestvennyy obraz
мнимый	انگاری؛ خیالی	mnimyy
воображение	خیال؛ تصور	vaabrazheniye
обладающий воображением	متخیله؛ متخیل	obladayushchiy voobrazheniyem
представить	تصور کردن	predstavit
представлять	تصور کردن	predstavlyat
дурачок	سبک مغز؛ کند ذهن	durachok
изображать	تقلید کردن؛ متاسی شدن	izabrazhat
подражание	ادا؛ تقلید	padrazhaniye
имитация	ادا؛ تقلید	imitatsiya
ученический	غیربالغ؛ نارسیده	uchenicheskiy
незрелый	غیربالغ؛ نارسیده	nezrelyy
неизмеримый	بی اندازه؛ بی قیاس	neizmerimyy
непосредственный	فوری؛ عاجل	nepasredstvennyy
немедленный	فوری؛ عاجل	nemedlennyy
сразу	بلافاصله	srazu
немедленно	بلافاصله	nemedlenna
грандиозный	عظیم	grandioznyy
иммигрант	کوچ نشین	immigrant
переселенец	کوچ نشین	pereselenets
иммиграция	مهاجرت	immigratsiya
неминуемость	مشرف بودن	neminuyemost
неминуемый	قریب الوقوع	neminuyemyy
неизбежный	قریب الوقوع	neizbezhnyy
неподвижный	غیر متحرک؛ جنبش ناپذیر	nepodvizhnyy
неподвижность	سکون؛ بی جنبشی	nepadvizhnast
безнравственный	بدسیرت؛ بی سیرت	beznravstvennyy
аморальный	بدسیرت؛ بی سیرت	amaralnyy
бессмертный	ابدی؛ جاوید	bessmertnyy
бессмертие	جاودانی؛ مرگ ناپذیری	bessmertiye
каменный	استوار؛ غیر منقول	kamennyy
застрахованный	مصون	zastrakhovannyy
невосприимчивый	مصون	nevaspriimchivyy
иммунитет	ایمنی؛ مصونیت	immunitet
неприкосновенность	ایمنی؛ مصونیت	neprikasnavennast
чертёнок	مرد جوان	chertyonak
бесёнок	مرد جوان	besyonak
удар	تماس؛ اثابت	udar
влияние	تماس؛ اثابت	vliyaniye
расшатать	معیوب کردن؛ زیان رساندن	rasshatat
расшатывать	معیوب کردن؛ زیان رساندن	rasshatyvat
ухудшение	خرابی	ukhudsheniye
объективный	بی غرض؛ حق گو	abyektivnyy
беспристрастие	بی نظری	bespristrastiye
беспристрастность	بی نظری	bespristrastnast
беспристрастно	بیطرفانه؛ بیغرضانه	bespristrastna
непроходимый	بی گدار؛ نا گذرا	neprakhadimyy
непролазный	بی گدار؛ نا گذرا	nepralaznyy
страстный	بسیار غیور	strastnyy
бесстрастный	پوست کلفت	besstrastnyy
нетерпение	ناصبور؛ ناصبوری	neterpeniye
нетерпёж	ناصبور؛ ناصبوری	neterpyozh
нетерпеливый	عجول؛ ناصبور	neterpelivyy
импичмент	استیضاح؛ اعلام جرم	impichment
побуждать	مجبور ساختن؛ بر آن داشتن	pabuzhdat
понуждать	مجبور ساختن؛ بر آن داشتن	panuzhdat
непроницаемый	سوراخ نشدنی؛ نفوذ ناپذیر	nepranitsayemyy
непроглядный	سوراخ نشدنی؛ نفوذ ناپذیر	nepraglyadnyy
императив	امری	imperativ
повелительный	امری	pavelitelnyy
незаметный	نفهمیدنی؛ نامحسوس	nezametnyy
империал	سلطنتی؛ همایون	imperial
императорский	سلطنتی؛ همایون	imperatarskiy
империализм	امپریالیسم؛ استعمار طلبی	imperializm
империалистический	استعمار گرای؛ بهره جویانه	imperialisticheskiy
начальнический	اماره	nachalnicheskiy
безличный	غیرشخصی؛ بی فاعل	bezlichnyy
импульс	نیروی جنبش	impuls
нечестивый	بدآئین؛ بی دین	nechestivyy
вживление	جایگیری	vzhivleniye
имплантированный	مرکوز	implantirovannyy
орудие	اجرا کردن	arudiye
инструмент	اجرا کردن	instrument
ставить	بهم پیچیدن	stavit
пристегнуть	بهم پیچیدن	pristegnut
подтекст	پیامد	padtekst
неявный	ضمنی؛ تلویحی	neyavnyy
беспрекословный	ضمنی؛ تلویحی	besprekaslovnyy
беспрекословно	ضمنا؛ تلویحاً	besprekaslovna
намекнуть	معنی دادن؛ معنی بخشیدن	nameknut
невежливый	پررو؛ بی ادب	nevezhlivyy
неучтивый	پررو؛ بی ادب	neuchtivyy
импорт	ورود؛ بهکشور آوردن	impart
ввоз	ورود؛ بهکشور آوردن	vvoz
важность	اعتبار؛ اهمیت	vazhnast
значимость	اعتبار؛ اهمیت	znachimast
спустить	وارد کردن؛ تکلیف کردن	spustit
спускать	وارد کردن؛ تکلیف کردن	spuskat
невозможность	کار نشدنی؛ عدم امکان	nevazmozhnast
невозможный	غیر ممکن	nevazmozhnyy
немыслимый	غیر ممکن	nemyslimyy
обманщик	عیار؛ طرار	abmanshchik
самозванец	عیار؛ طرار	samazvanets
бессилие	عنن؛ ضعف جنسی	bessiliye
импотенция	عنن؛ ضعف جنسی	impatentsiya
обедневший	فقیرنشین	abednevshiy
обнищалый	فقیرنشین	abnishchalyy
невыполнимый	غیر عملی	nevypalnimyy
неосуществимый	غیر عملی	neasushchestvimyy
отпечаток	تأثیر کردن؛ در ذهن جاگیر کردن	atpechatak
внушать	تأثیر کردن؛ در ذهن جاگیر کردن	vnushat
оттиск	طبع؛ تأثیر	ottisk
впечатлительный	اثر پذیر؛ دهن بین	vpechatlitelnyy
внушительный	برانگیزنده احساسات	vnushitelnyy
пресс	اثر گذاری	press
лишать свободы	زندانی کردن	lishat svobody
заключать в тюрьму	زندانی کردن	zaklyuchat v tyurmu
заточение	حبس	zatacheniye
неправдоподобный	بعید؛ مستبعد	nepravdapadobnyy
неприличный	ناشایسته؛ ناسره	neprilichnyy
бестактный	ناشایسته؛ ناسره	bestaktnyy
неприличие	ناشایستگی؛ زیبندهنبودن	neprilichiye
неблагопристойность	ناشایستگی؛ زیبندهنبودن	neblagapristoynast
импровизированный	بالبداهه؛ فی البدیهه	impraviziravannyy
безрассудство	بی تدبیری؛ بی مبالاتی	bezrassudstva
неосторожный	بی تدبیر	neastarozhnyy
безрассудный	بی تدبیر	bezrassudnyy
импульсивный	بلهوس	impulsivnyy
примесь	نجاست؛ ناپاکی	primes
неспособность	عدم توانایی	nespasobnast
неумение	عدم توانایی	neumeniye
недоступный	منیع؛ ممنوع الوصول	nedastupnyy
неточный	غیردقیق	netochnyy
бездействие	ناکنش؛ بی کاری	bezdeystviye
инертный	نادایر؛ بی جنبش	inertnyy
бездейственный	نادایر؛ بی جنبش	bezdeystvennyy
праздность	بی جنبشی؛ عدم فعالیت	prazdnast
недостаточность	عدمتکافو؛ نامناسبی	nedastatachnast
неуважительность	عدمتکافو؛ نامناسبی	neuvazhitelnast
неудовлетворительный	ناکافی	neudavletvaritelnyy
неумышленный	غیر عمدی	neumyshlennyy
нехотя	ندانسته	nekhatya
нецелесообразный	از مصلحت بدور است	netselesoobraznyy
нежелательный	از مصلحت بدور است	nezhelatelnyy
неотъемлемый	بیع ناپذیر	neatyemlemyy
неотчуждаемый	بیع ناپذیر	neatchuzhdayemyy
неприменимый	غیر مشمول	neprimenimyy
неуместный	نامناسب	neumestnyy
неподходящий	نامناسب	nepadkhadyashchiy
невнятный	بی بند؛ بی مفصل	nevnyatnyy
нечленораздельный	بی بند؛ بی مفصل	nechlenarazdelnyy
невнимание	غافلی؛ ناپرهیزی	nevnimaniye
невнимательность	غافلی؛ ناپرهیزی	nevnimatelnast
невнимательный	بی توجه؛ بی اعتنا	nevnimatelnyy
неслышный	نارسا؛ غیر مسموع	neslyshnyy
вступительный	افتتاحی؛ گشایشی	vstupitelnyy
инаугурационный	افتتاحی؛ گشایشی	inauguratsionnyy
торжественное открытие	افتتاح	torzhestvennoye otkrytiye
инаугурация	افتتاح	inauguratsiya
неисчислимый	نا شمردنی	neischislimyy
неспособный	عاجز؛ ناتوان	nespasobnyy
недееспособный	عاجز؛ ناتوان	nedeyespasobnyy
лишать дееспособности	ناتوان ساختن؛ ناقابل ساختن	lishat deyesposobnosti
выводить из строя	ناتوان ساختن؛ ناقابل ساختن	vyvodit iz stroya
недееспособность	عدم صلاحیت	nedeyespasobnast
воплощать	متجسم؛ مجسمکردن	vaplashchat
зажигалка	آتش زا	zazhigalka
поджигатель	آتش زا	padzhigatel
курение	عود؛ بخور خوشبو	kureniye
ладан	عود؛ بخور خوشبو	ladan
стимул	مشوق	stimul
отправная точка	درجه گیری	otpravnaya tochka
непрестанный	لاینقطع	neprestannyy
ежеминутно	دمادم؛ علیالاتصال	yezheminutna
вершок	اینچ	vershok
дюйм	اینچ	dyuym
наклон	وقوع	naklon
событие	اتفاق؛ ماجرا	sabytiye
попутно	ضمنا	paputna
надрезать	شکافتن؛ حجاری کردن	nadrezat
зарубка	شکاف	zarubka
надрез	شکاف	nadrez
резцы	ثنایا	reztsy
подстрекающий	تحریص	podstrekayushchiy
невежливость	بی تمدنی	nevezhlivast
неучтивость	بی تمدنی	neuchtivast
бремсберг	گروانیدن؛ مایل کردن	bremsberg
наклонный	متمایل	naklonnyy
расположенный	متمایل	raspalozhennyy
охватить	شامل بودن	akhvatit
включая	شامل	vklyuchaya
инкогнито	نا شناس؛ بانام مستعار	inkognita
доход	دخل؛ درآمد	dakhod
достаток	دخل؛ درآمد	dastatak
несовместимость	ناسازگاری؛ منافات	nesavmestimast
несообразность	ناسازگاری؛ منافات	nesaabraznast
непримиримый	ناسازگار؛ نا موافق	neprimirimyy
несовместимый	ناسازگار؛ نا موافق	nesavmestimyy
некомпетентность	بی کفایتی؛ بی ظرفیتی	nekampetentnast
неправомочность	بی کفایتی؛ بی ظرفیتی	nepravamochnast
некомпетентный	ناشایسته؛ نالایق	nekampetentnyy
неправомочный	ناشایسته؛ نالایق	nepravamochnyy
неполный	ناقص؛ ناتمام	nepolnyy
непонятный	نامفهوم؛ نفهمیدنی	nepanyatnyy
непостижимый	نامفهوم؛ نفهمیدنی	nepastizhimyy
малосостоятельный	غیرقاطع	malasastayatelnyy
неокончательный	غیرقاطع	neakanchatelnyy
несообразный	بی تناسب	nesaabraznyy
непоследовательность	نا استواری؛ نا سازگاری	nepasledavatelnast
сбивчивость	نا استواری؛ نا سازگاری	sbivchivast
непостоянство	عدمثبات	nepastayanstva
стеснительность	معذب داشتن؛ اسباب زحمت	stesnitelnast
инкорпорировать	تلفیق کردن	inkarpariravat
инкорпорация	تلفیق؛ یکی شدنی	inkarparatsiya
неправильный	نادرست	nepravilnyy
неисправимый	درست نشدنی؛ اصلاح ناپذیر	neispravimyy
неимоверный	باورنکردنی	neimavernyy
инкриминировать	بگناهمتهم کردن؛ پاپوش درست کردن	inkriminiravat
высиживание	جوجه کشی؛ بر خوابش	vysizhivaniye
инкубация	جوجه کشی؛ بر خوابش	inkubatsiya
действующий	شاغل؛ مصدر کار	deystvuyushchiy
возложенный	شاغل؛ مصدر کار	vozlozhennyy
навлекать на себя	متحمل شدن	navlekat na sebya
неизлечимый	بیدوا؛ لاعلاج	neizlechimyy
неисцелимый	بیدوا؛ لاعلاج	neistselimyy
обязанный	مدیون؛ بدهکار	abyazannyy
непристойный	گستاخ؛ شرمآور	nepristoynyy
нерешительность	بی تکلیفی؛ بی عزمی	nereshitelnast
нерешительный	غیرقاطع؛ بی همت	nereshitelnyy
право	واقعاً؛ در حقیقت	prava
таки	واقعاً؛ در حقیقت	taki
неопределимый	توصیف نشدنی	neapredelimyy
неопределённый	غیرمشخص؛ نکره	neapredelyonnyy
неясный	غیرمشخص؛ نکره	neyasnyy
возмещение	غرامت؛ جبران زیان	vazmeshcheniye
независимость	استقلال	nezavisimast
самостоятельность	استقلال	samastayatelnast
отдельный	مستقل	atdelnyy
самостоятельный	مستقل	samastayatelnyy
самостоятельно	مستقلا؛ بالاستقلال	samastayatelna
независимо	مستقلا؛ بالاستقلال	nezavisima
неописуемый	وصف ناپذیر؛ توصیف ناپذیر	neapisuyemyy
несокрушимый	زوال ناپذیر؛ نابود نشدنی	nesakrushimyy
неразрушимый	زوال ناپذیر؛ نابود نشدنی	nerazrushimyy
показатель	فهرست	pakazatel
указатель	فهرست	ukazatel
индексирование	فهرست سازی	indeksirovaniye
Индия	هند؛ هندوستان	indiya
индеец	هندی؛ سرخ‌پوست	indeyets
индиец	هندی؛ سرخ‌پوست	indiyets
указать	حکایت داشتن؛ حاکی بودن	ukazat
признак	نشانه	priznak
указание	نشانه	ukazaniye
свидетельствующий	حاکی؛ اشارهکننده	svidetelstvuyushchiy
указывающий	حاکی؛ اشارهکننده	ukazyvayushchiy
индикатор	شاخص	indikatar
обвинительный акт	کیفرخواست	obvinitelnyy akt
равнодушие	خونسردی؛ بی علاقگی	ravnadushiye
безразличие	خونسردی؛ بی علاقگی	bezrazlichiye
равнодушный	خونسرد؛ بی اشتیاق	ravnadushnyy
безразличный	خونسرد؛ بی اشتیاق	bezrazlichnyy
туземный	بومی	tuzemnyy
несварение желудка	رودل؛ بدهزمی	nesvareniye zheludka
диспепсия	رودل؛ بدهزمی	dispepsiya
негодующий	خشمگینانه	negaduyushchiy
возмущённый	خشمگینانه	vazmushchyonnyy
возмущение	رنجش؛ خشم	vazmushcheniye
негодование	رنجش؛ خشم	negadavaniye
оскорбление достоинства	هتک آبرو	oskorbleniye dostoinstva
косвенный	غیرمستقیم؛ ناراسته	kosvennyy
непрямой	غیرمستقیم؛ ناراسته	nepryamoy
косвенно	غائبانه؛ به طور غیر مستقیم	kosvenno
бестактность	بی خردی	bestaktnast
болтливость	بی خردی	baltlivast
необходимый	حتمی؛ صرفنظر نکردنی	neabkhadimyy
непременный	حتمی؛ صرفنظر نکردنی	nepremennyy
единица	فرد، فردی	yedinitsa
индивид	فرد، فردی	individ
индивидуальность	فردیت؛ وجود فردی	individualnast
неорганизованно	به‌طور انفرادی	nearganizovanna
способствующий праздности	کاهل	sposobstvuyushchiy prazdnosti
разнеживающий	کاهل	raznezhivayushchiy
комнатный	زیر سقف	komnatnyy
в помещении	در منزل	v pomeshchenii
внутри	در منزل	vnutri
наведение	القاء؛ استقراء	navedeniye
индукция	القاء؛ استقراء	induktsiya
баловать	افراط کردن	balavat
снисхождение	اغماض؛ مساهله	sniskhazhdeniye
снисходительность	اغماض؛ مساهله	sniskhaditelnast
терпимый	زیاده رو	terpimyy
промышленный	صنعتی؛ اهل صنعت	pramyshlennyy
производственный	صنعتی؛ اهل صنعت	praizvodstvennyy
промышленность	صنعت	pramyshlennast
индустрия	صنعت	industriya
недействительный	بی اثر؛ بی نتیجه	nedeystvitelnyy
безуспешный	بی اثر؛ بی نتیجه	bezuspeshnyy
безрезультатный	بیاثربودن؛ غیر موثر	bezrezultatnyy
неэффективность	بی ظرفیتی؛ بی عرضگی	neeffektivnost
непригодный	شامل نشدنی	neprigodnyy
неравенство	نابرابری	neravenstva
несправедливый	غیر منصفانه	nespravedlivyy
неравноправный	غیر منصفانه	neravnopravnyy
неотвратимый	اجتناب‌ناپذیر	neatvratimyy
неизбежно	ناگزیر	neizbezhna
неминуемо	ناگزیر	neminuyema
неисчерпаемый	تهی نشدنی	neischerpayemyy
неистощимый	تهی نشدنی	neistashchimyy
неопытность	بی تجربگی	neopytnast
неискушённость	بی تجربگی	neiskushyonnast
неопытный	ناشی؛ نپخته	neopytnyy
неискушённый	ناشی؛ نپخته	neiskushyonnyy
неразрешимый	نگشودنی	nerazreshimyy
неразрывный	نگشودنی	nerazryvnyy
небезызвестный	بدنام	nebezyzvestnyy
гнусность	سابقهبد؛ بدنامی	gnusnast
малолетство	طفولیت؛ صغارت	malaletstva
младенчество	طفولیت؛ صغارت	mladenchestva
грудник	نوزاد	grudnik
младенческий	کودکانه	mladencheskiy
пехота	پیاده؛ پیاده نظام	pekhota
стрелковый	پیاده؛ پیاده نظام	strelkovyy
заразить	آلوده کردن	zarazit
заразиться	آلوده کردن	zarazitsya
низший	اسفل؛ فرومایه	nizshiy
неполноценность	پستی؛ مادونی	nepalnatsennast
бесконечно малый	بینهایت کوچک	beskonechno malyy
бесконечно малая величина	بینهایت کوچک	beskonechno malaya velichina
убожество	علیلی؛ نا توانی	ubozhestva
немощь	علیلی؛ نا توانی	nemashch
воспалённый	مشتعل؛ ملتهب	vaspalyonnyy
горючий	آتشگیر؛ شعله ور	garyuchiy
возгораемый	آتشگیر؛ شعله ور	vazgarayemyy
воспаление	آماس؛ ورم	vaspaleniye
воспламенение	آماس؛ ورم	vasplameneniye
воспалительный	ورمی؛ آماسی	vaspalitelnyy
зажигательный	ورمی؛ آماسی	zazhigatelnyy
раздутый	هوادار؛ بادآورده	razdutyy
надутый	هوادار؛ بادآورده	nadutyy
инфляция	تورم	inflyatsiya
наполнение	تورم	napalneniye
нанести	تحمیل کردن	nanesti
наносить	تحمیل کردن	nanasit
приток	جریان بداخل	pritok
влиятельный	بانفوذ	vliyatelnyy
информация	اطلاعات	informatsiya
неофициальный	غیر رسمی	neafitsialnyy
неформальный	غیر رسمی	nefarmalnyy
неофициально	به‌طور غیر رسمی	neofitsialno
осведомитель	آگاهگر؛ شکل دهنده	asvedamitel
информатор	آگاهگر؛ شکل دهنده	infarmatar
наушник	نمام؛ سخنچین	naushnik
инфраструктура	زیرساخت	infrastruktura
изобретательный	نکته دان؛ نکته پرداز	izabretatelnyy
изобретательность	دهاء	izabretatelnast
мудрёность	دهاء	mudryonast
проглатывать	درهیختن؛ داخل معده کردن	proglatyvat
проглатывание	درهنج؛ فرو بری	proglatyvaniye
снискать расположение	خود شیرینی کردن	sniskat raspolozheniye
втираться в доверие	خود شیرینی کردن	vtiratsya v doveriye
ингредиент	جزء؛ جزء ترکیبی	ingrediyent
населять	مسکون کردن؛ مسکن گزیدن	naselyat
обитатель	ساکن	abitatel
вдох	استنشاق؛ شهیق	vdokh
ингаляция	استنشاق؛ شهیق	ingalyatsiya
затянуться	استنشاق کردن؛ استشمام کردن	zatyanutsya
затягиваться	استنشاق کردن؛ استشمام کردن	zatyagivatsya
присущий	ذاتی	prisushchiy
имманентный	ذاتی	immanentnyy
изначально	ذاتاً؛ به‌طور ذاتی	iznachalno
по своей природе	ذاتاً؛ به‌طور ذاتی	po svoyey prirode
унаследовать	به ارث بردن	unasledavat
наследовать	به ارث بردن	nasledavat
наследование	ارث؛ میراث	nasledavaniye
подавить	مهار کردن	podavit
нечеловеческий	نامردم؛ غیر انسانی	nechelavecheskiy
бесчеловечный	غیر انسانی؛ غیر بشری	beschelavechnyy
бесчеловечность	نامردمی؛ غیرانسانی بودن	beschelavechnast
неприязненный	دشمنانه	nepriyaznennyy
параф	ابتدایی؛ آغازی	paraf
первоначально	ابتدا	pervonachalno
инициатива	ابتکار؛ ابداع	initsiativa
впрыскивать	تزریق کردن	vpryskivat
укол	تزریق	ukol
инъекция	تزریق	inyektsiya
ранить	ناقص کردن؛ مجروح کردن	ranit
повредить	ناقص کردن؛ مجروح کردن	pavredit
клеветнический	مضر	klevetnicheskiy
рана	جراحت	rana
обида	جراحت	abida
несправедливость	بی‌عدالتی	nespravedlivast
неправота	بی‌عدالتی	nepravata
чернила	جوهر	chernila
чернильный	جوهر	chernilnyy
вглубь страны	درون کشور؛ درون مرزی	vglub strany
трактир	رباط؛ سرای	traktir
внутренности	قسمتهای داخلی	vnutrennosti
сокровенный	داخلی ترین	sakravennyy
трактирщик	صاحب مسافرخانه	traktirshchik
корчмарь	صاحب مسافرخانه	karchmar
правота	برائت؛ معصومیت	pravata
невиновность	برائت؛ معصومیت	nevinovnast
невиновный	منزه؛ روسفید	nevinovnyy
новшество	نوآوری	novshestva
нововведение	نوآوری	navavvedeniye
инновационный	نوآورانه	innavatsionnyy
прививка	تلقیح؛ مایه کوبی	privivka
инокуляция	تلقیح؛ مایه کوبی	inakulyatsiya
неоперабельный	غیردایر؛ عملناپذیر	neaperabelnyy
бездействующий	غیردایر؛ نادایر	bezdeystvuyushchiy
неурочный	نابجا؛ نابهنگام	neurochnyy
несвоевременный	نابجا؛ نابهنگام	nesvayevremennyy
ввод	ورودی	vvod
вводить	ورودی	vvodit
вопросительный	استخبار	vaprasitelnyy
обследование	سراغ؛ جستار	absledavaniye
пытливый	کنجکاو	pytlivyy
помешательство	جنون؛ دیوانگی	pameshatelstva
включать	محاط کردن؛ حکاکی کردن	vklyuchat
вписать	محاط کردن؛ حکاکی کردن	vpisat
надпись	ثبت؛ کتابت	nadpis
начертание	ثبت؛ کتابت	nachertaniye
неисповедимый	نفوذ ناپذیر	neispavedimyy
насекомое	حشره	nasekomaye
букашка	حشره	bukashka
ненадёжный	غیرمحفوظ؛ ناامن	nenadyozhnyy
небезопасный	غیرمحفوظ؛ ناامن	nebezapasnyy
ненадёжность	تزلزل	nenadyozhnast
неощутительный	غیرمحسوس؛ غیر حساس	neashchutitelnyy
нечувствительный	لایعقل؛ بی غیرت	nechuvstvitelnyy
неразлучный	لاینفک	nerazluchnyy
неотделимый	لاینفک	neatdelimyy
вставить	وارد کردن	vstavit
вставка	درج	vstavka
нутро	داخل، درون	nutro
инсайдер	خودی	insayder
свой человек	خودی	svoy chelovek
проницательность	فراست؛ بصیرت	pranitsatelnast
знак отличия	آرم؛ نشان رسمی	znak otlichiya
знак различия	آرم؛ نشان رسمی	znak razlichiya
незначительность	ناقابلی؛ ناچیزی	neznachitelnast
ничтожность	ناقابلی؛ ناچیزی	nichtozhnast
незначительный	ناچیز؛ خفیف	neznachitelnyy
неискренний	بدونصمیمیت؛ بی صداقت	neiskrenniy
вкрадчивый	ریشخند کننده	vkradchivyy
настаивать	ابرام کردن؛ سماجت کردن	nastaivat
настоять	ابرام کردن؛ سماجت کردن	nastayat
настойчивость	ابرام؛ سماجت	nastoychivast
настояние	ابرام؛ سماجت	nastayaniye
настоятельный	مصرانه؛ پافشار	nastayatelnyy
наглость	جسارت؛ وقاحت	naglast
нерастворимый	غیر محلول	nerastvarimyy
бессонница	بیخوابی؛ بدخوابی	bessonnitsa
осмотреть	بازرسی کردن	asmatret
осматривать	بازرسی کردن	asmatrivat
осмотр	بازرسی	asmotr
инспектор	بازرس	inspektar
контролёр	بازرس	kantralyor
вдохновение	الهام	vdakhnaveniye
воодушевление	الهام	vaadushevleniye
внушить	الهام کردن؛ ملهم کردن	vnushit
часть	قسط؛ علیالحساب	chast
инстанция	وهله	instantsiya
миг	فوری	mig
тотчас	فوراً	totchas
мгновенно	فوراً	mgnavenna
вместо	به جای	vmesto
наущение	تحریک	naushcheniye
подговор	تحریک	padgavor
инстинкт	غریزه	instinkt
интуиция	غریزه	intuitsiya
инстинктивный	غریزی	instinktivnyy
бессознательный	غریزی	bessaznatelnyy
институт	بنداد؛ انستیتو	institut
учредить	بنداد؛ انستیتو	uchredit
институциональный	نهادی	institutsionalnyy
учить	دستور دادن	uchit
поучать	دستور دادن	pauchat
обучение	دستورالعمل	abucheniye
поучительный	یاد دهنده	pauchitelnyy
руководитель	مربی	rukavaditel
преподаватель	مربی	prepadavatel
инструментальный	موثر	instrumentalnyy
творительный	موثر	tvaritelnyy
неподчинение	نافرمانی؛ سر پیچی	nepadchineniye
неудовлетворительность	نارسائی؛ نابسندگی	neudavletvaritelnast
островной	جزیرهای؛ غیر آزاد	astravnoy
изолировочный	عایق	izalirovachnyy
изолирующий	عایق	izaliruyushchiy
оскорбление	توهین	askarbleniye
оскорбить	توهین	askarbit
страховка	بیمه	strakhovka
страхование	بیمه	strakhavaniye
застраховать	بیمه کردن؛ بیمه بدست آوردن	zastrakhavat
страховать	بیمه کردن؛ بیمه بدست آوردن	strakhavat
бунт	یاغی گری	bunt
восстание	یاغی گری	vosstaniye
невредимый	دست نخورده	nevredimyy
впуск	مصرف	vpusk
неосязаемый	لمس ناپذیر؛ درک نکردنی	neasyazayemyy
интеграл	جدایی ناپذیر	integral
цельный	جدایی ناپذیر	tselnyy
интегрировать	یکپارچه کردن	integriravat
интегрированный	یکپارچه	integrirovannyy
интеграция	یکپارچگی	integratsiya
интегрирование	یکپارچگی	integriravaniye
целостность	صداقت، یکپارچگی	tselastnast
ум	خرد؛ عقل	um
интеллект	خرد؛ عقل	intellekt
умы	الباب	umy
интеллекты	الباب	intellekty
интеллигент	روشنفکر؛ فکری	intelligent
интеллектуал	روشنفکر؛ فکری	intellektual
разведка	هوش؛ آگاهی	razvedka
толковый	باهوش	talkovyy
понятный	مفهوم؛ قابل فهم	panyatnyy
усиливать	تشدید کردن	usilivat
интенсивность	شدت	intensivnast
интенсивный	فشرده	intensivnyy
пристальный	قصد	pristalnyy
намерение	خیال؛ آهنگ	namereniye
замысел	خیال؛ آهنگ	zamysel
намеренный	عمدی؛ تعمدی	namerennyy
нарочитый	عمدی؛ تعمدی	narachityy
хоронить	مدفون ساختن	kharanit
пообщаться	تعامل داشتن	paabshchatsya
взаимодействовать	تعامل داشتن	vzaimadeystvavat
взаимодействие	تعامل	vzaimadeystviye
интерактивный	تعاملی	interaktivnyy
взаимодействующий	تعاملی	vzaimodeystvuyushchiy
хлопотать	شفاعت کردن؛ پادر میانی کردن	khlapatat
заступиться	شفاعت کردن؛ پادر میانی کردن	zastupitsya
межклеточный	بین یاختهای؛ داخل سلولی	mezhkletachnyy
сношение	آمیزش؛ مقاربت	snasheniye
интеркуррентный	مداخله کننده	interkurrentnyy
интерес	علاقه، علاقه مند کردن	interes
процент	علاقه، علاقه مند کردن	pratsent
заинтересованный	علاقه‌مند	zainteresovannyy
содержательный	جالب	saderzhatelnyy
интерфейс	رابط	interfeys
вмешиваться	دخالت کردن	vmeshivatsya
путаться	دخالت کردن	putatsya
вмешательство	دخالت	vmeshatelstva
промежуточный	موقت	pramezhutachnyy
межсессионный	موقت	mezhsessionnyy
собеседник	هم سخن؛ طرف صحبت	sabesednik
посредник	مداخله کننده؛ وساطت کننده	pasrednik
посреднический	مداخله کننده؛ وساطت کننده	pasrednicheskiy
нескончаемый	پایان ناپذیر؛ تمام نشدنی	neskanchayemyy
перемежающийся	نوبتی؛ نوبت دار	peremezhayushchiysya
интернационал	بین‌المللی	internatsianal
международный	بین‌المللی	mezhdunarodnyy
интернет	اینترنت	internet
толковать	ترجمه کردن؛ تعبیر کردن	talkavat
переводчик	مترجم؛ حلاج	perevodchik
переводчица	مترجم؛ حلاج	perevodchitsa
перебить	ایجاد وقفه	perebit
прервать	ایجاد وقفه	prervat
перерыв	وقفه؛ ایجاد وقفه	pereryv
перебой	وقفه؛ ایجاد وقفه	pereboy
пересечь	تقاطع کردن؛ از هم گذشتن	peresech
пересекать	تقاطع کردن؛ از هم گذشتن	peresekat
междуштатный	بین ایالتی	mezhdushtatnyy
межштатный	بین ایالتی	mezhshtatnyy
пауза	فاصله	pauza
интервенция	مداخله	interventsiya
интервью	مصاحبه، مصاحبه کردن	intervyu
кишечный	رودهای	kishechnyy
сближение	صمیمیت؛ محرمیت	sblizheniye
интимный	صمیمی	intimnyy
испугать	مرعوب کردن؛ ارعاب کردن	ispugat
застращивание	ارعاب؛ ترهیب	zastrashchivaniye
невыносимый	تحمل ناپذیر؛ طاقت فرسا	nevynasimyy
нестерпимый	تحمل ناپذیر؛ طاقت فرسا	nesterpimyy
интонация	تکیه صدا	intanatsiya
упоённый	سرمست؛ بدمست	upayonnyy
хмельной	سکرآور	khmelnoy
опьяняющий	سکرآور	apyanyayushchiy
интоксикация	مستی؛ نشئه	intaksikatsiya
несговорчивый	ستیزه جو	nesgavorchivyy
лихой	صارم	likhoy
замысловатость	بغرنجی؛ ریزه کاری	zamyslavatast
интрига	دوز و کلک زدن؛ دوز و کلک چیدن	intriga
махинация	دوز و کلک زدن؛ دوز و کلک چیدن	makhinatsiya
интриганство	جذاب	intriganstva
подсиживание	جذاب	padsizhivaniye
свойственный	فطری	svoystvennyy
ввести	معرفی کردن	vvesti
внести	معرفی کردن	vnesti
введение	مقدمه	vvedeniye
вступление	مقدمه	vstupleniye
заниматься самоанализом	بخود آمدن؛ بخود برگشتن	zanimatsya samoanalizom
вторгнуться	پادرازی کردن؛ فضولانه آمدن	vtorgnutsya
вторгаться	پادرازی کردن؛ فضولانه آمدن	vtargatsya
нарушитель	مو؛ فضول	narushitel
нарушительница	مو؛ فضول	narushitelnitsa
вторжение	دخالت؛ پادرازی	vtarzheniye
внедрение	دخالت؛ پادرازی	vnedreniye
инвалид	علیل؛ نامعتبر	invalid
больной	علیل؛ نامعتبر	balnoy
бесценный	پر بها؛ غیرقابل تخمین	bestsennyy
неоценимый	پر بها؛ غیرقابل تخمین	neatsenimyy
нашествие	حمله	nashestviye
сочинять	اختراع کردن	sachinyat
изобретение	اختراع	izabreteniye
изобретатель	موجد؛ جاعل	izabretatel
сочинитель	موجد؛ جاعل	sachinitel
обратный	معکوس؛ وارون	obratnyy
инверсный	معکوس؛ وارون	inversnyy
инверсия	برگشتگی؛ تقلیب	inversiya
перевёрнутый	برگشته؛ نگون	perevyornutyy
обращённый	برگشته؛ نگون	abrashchyonnyy
приложить	سرمایه گذاری کردن	prilazhit
вложить	سرمایه گذاری کردن	vlazhit
разбираться	پژوهیدن؛ تحقیق کردن	razbiratsya
следователь	بازپرس	sledavatel
инвестиция	سرمایه گذاری	investitsiya
размещение	سرمایه گذاری	razmeshcheniye
инвестор	سرمایه گذار	investar
вкладчик	سرمایه گذار	vkladchik
матёрый	سر سخت؛ ریشه کرده	matyoryy
записной	سر سخت؛ ریشه کرده	zapisnoy
непобедимость	شکست ناپذیری	nepabedimast
непобедимый	شکست ناپذیر؛ مغلوب نشدنی	nepabedimyy
неодолимый	شکست ناپذیر؛ مغلوب نشدنی	neadalimyy
нерушимый	غصب نکردنی	nerushimyy
неприкосновенный	غصب نکردنی	neprikasnavennyy
невидимый	نامرئی	nevidimyy
незримый	نامرئی	nezrimyy
приглашение	دعوتنامه	priglasheniye
пригласительный	دعوتنامه	priglasitelnyy
приглашать	دعوت کردن	priglashat
непроизвольный	بی اختیار؛ غیر عمدی	nepraizvolnyy
невольный	بی اختیار؛ غیر عمدی	nevolnyy
втянуть	درگیر کردن	vtyanut
втягивать	درگیر کردن	vtyagivat
прикосновенность	درگیری	prikasnavennast
неуязвимый	زخم ناپذیر؛ آسیب ناپذیر	neuyazvimyy
внутрь	داخل رونده	vnutr
ион	یون؛ ایون	ion
йота	ایوتا	yota
Айова	آیوا	ayova
ирландия	ایرلند	irlandiya
ирландский	ایرلندی	irlandskiy
нудный	کسل کننده	nudnyy
железо	آهن؛ اتو	zheleza
утюг	آهن؛ اتو	utyug
иронический	کنایه‌آمیز	ironicheskiy
ироничный	کنایه‌آمیز	ironichnyy
по иронии судьбы	کنایه‌آمیزانه	po ironii sudby
иронично	کنایه‌آمیزانه	ironichno
ирония	کنایه	ironiya
иррациональный	بی منطق؛ غیر منطقی	irratsianalnyy
нерациональный	بی منطق؛ غیر منطقی	neratsianalnyy
неровный	منحرف؛ یبس	nerovnyy
незакономерность	یبوست؛ بی حسابی	nezakanamernast
непоправимый	بی کفاره؛ خوب نشدنی	nepapravimyy
неудержимый	منع ناپذیر؛ مطیع نشدنی	neuderzhimyy
неуёмный	منع ناپذیر؛ مطیع نشدنی	neuyomnyy
безотносительный	صرفنظر از	bezatnasitelnyy
безответственный	وظیفهنشناس	bezatvetstvennyy
невозвратимый	بلا عزل	nevazvratimyy
безвозвратный	بلا عزل	bezvazvratnyy
промыть	مشروب کردن؛ سیراب کردن	pramyt
промывать	مشروب کردن؛ سیراب کردن	pramyvat
орошаемый	مشروب	oroshayemyy
орошение	آبیاری	arasheniye
ирригация	آبیاری	irrigatsiya
раздражительность	زودخشمی؛ زود رنجی	razdrazhitelnast
нервозность	زودخشمی؛ زود رنجی	nervoznast
раздражительный	زودخشم	razdrazhitelnyy
нервозный	زودخشم	nervoznyy
раздражитель	آزارنده؛ سوزش آور	razdrazhitel
раздражить	رنجاندن؛ آزردن	razdrazhit
драть	رنجاندن؛ آزردن	drat
раздражающий	رنجاننده؛ برخورنده	razdrazhayushchiy
остров	جزیره	ostrav
изолировать	منزوی کردن	izaliravat
единичный	منزوی	yedinichnyy
изолированный	منزوی	izaliravannyy
выделение	انزوا	vydeleniye
изоляция	انزوا	izalyatsiya
выдача	صدور	vydacha
вопрос	شماره؛ موضوع	vapros
номер	شماره؛ موضوع	nomer
это	آن	eta
итальянец	ایتالیائی	italyanets
итальянский	ایتالیائی	italyanskiy
Италия	ایتالیا	italiya
зуд	خارش؛ خنش	zud
чешущийся	خارش؛ خنش	cheshushchiysya
пункт	مورد، قلم	punkt
слоновая кость	عاجی؛ عاج	slanovaya kost
плющ	پیچک	plyushch
куртка	ژاکت	kurtka
тюрьма	زندان	tyurma
гулаг	زندان	gulag
варенье	مربا، ترافیک	varenye
давка	مربا، ترافیک	davka
январь	ژانویه	yanvar
Япония	ژاپن	yaponiya
лакировать	ژاپن	lakiravat
японец	ژاپنی	yaponets
японский	ژاپنی	yaponskiy
банка	کوزه؛ سبو	banka
дисгармонировать	کوزه؛ سبو	disgarmaniravat
показной	خود ساز	pokaznoy
изысканный	خود ساز	izyskannyy
челюсть	فک؛ آرواره	chelyust
щёчка	فک؛ آرواره	shchyochka
джаз	جاز	dzhaz
джазовый	جاز	dzhazavyy
ревнивый	حسود؛ حسودانه	revnivyy
ревность	رشک؛ حسادت	revnast
джинсы	شلوار جین	dzhinsy
желе	ژلاتین؛ لرزانک	zhele
толчок	زود کشیدن؛ تکان سریع دادن	talchok
рывок	زود کشیدن؛ تکان سریع دادن	ryvok
фуфайка	پارچه کشباف	fufayka
джерси	پارچه کشباف	dzhersi
Иерусалим	اورشلیم؛ اورشلیم مقدس	iyerusalim
Аль-Кудс	اورشلیم؛ اورشلیم مقدس	al-kuds
шуточка	شوخی کردن؛ ببازی گرفتن	shutachka
иезуит	یسوعیون	iyezuit
струя	جت	struya
ювелирный	جواهرات	yuvelirnyy
еврейский	یهودی؛ جهود	yevreyskiy
жидовский	یهودی؛ جهود	zhidovskiy
звенеть	جرنگ؛ جلنگ	zvenet
работа	شغل	rabota
жокей	سوارکار؛ چابک سوار	zhakey
поступить	پیوستن	pastupit
сообща	تواماً؛ مشاعا	saabshcha
совместно	تواماً؛ مشاعا	savmestna
трясти	تکان؛ تلق تلق	tryasti
Джонс	جونز	dzhons
толкаться	تنه زدن	talkatsya
затолкать	تنه زدن	zatalkat
журналистика	روزنامه نگاری	zhurnalistika
журналист	روزنامه‌نگار	zhurnalist
газетчик	روزنامه‌نگار	gazetchik
дорога	سفر	daroga
головизна	کله ماهی	galavizna
радость	نشاط؛ شادی	radast
судья	قاضی؛ داور	sudya
ценитель	قاضی؛ داور	tsenitel
суждение	داوری؛ قضاوت	suzhdeniye
судебный	قضایی	sudebnyy
судейский	قضایی	sudeyskiy
судебная власть	وابسته بدادگاه؛ قوه قضائیه	sudebnaya vlast
благоразумный	روشن رای	blagarazumnyy
кувшин	غلغلک؛ بستو	kuvshin
жбан	غلغلک؛ بستو	zhban
сок	آبمیوه	sok
морс	آبمیوه	mors
июль	جولای	iyul
каша	درهم آمیختگی	kasha
путаница	درهم آمیختگی	putanitsa
прыжок	پریدن، پرش	pryzhok
вскочить	پریدن، پرش	vskachit
прыгун	جهنده؛ سیم جهشی	prygun
джемпер	جهنده؛ سیم جهشی	dzhemper
соединения	مقاطع	soyedineniya
перекрёстки	مقاطع	perekryostki
конъюнктура	ملتقا؛ درزگاه	kanyunktura
июнь	ژوئن	iyun
джунгли	جنگل	dzhungli
младший	اصغر	mladshiy
можжевельник	اردج	mazhzhevelnik
можжевёловый	اردج	mazhzhevyolavyy
юрисдикция	حوزه قضایی	yurisdiktsiya
подсудность	حوزه قضایی	padsudnast
юриспруденция	فقه	yurisprudentsiya
законоведение	فقه	zakanavedeniye
присяжные	هیئت منصفه	prisyazhnyye
суд присяжных	هیئت منصفه	sud prisyazhnykh
праведный	عادلانه، فقط؛ فقط، همین الان	pravednyy
божеский	عادلانه، فقط؛ فقط، همین الان	bozheskiy
обоснование	توجیه	abasnavaniye
оправдать	توجیه کردن	apravdat
оправдывать	توجیه کردن	apravdyvat
справедливо	الحق؛ انصافاً	spravedlivo
кайзер	کایزر	kayzer
Канзас	کانزاس	kanzas
Кашмир	کشمیر	kashmir
причитать	تیز	prichitat
держаться	نگه داشتن	derzhatsya
Кентукки	کنتاکی	kentukki
полушалок	چار قد	palushalak
чайник	کتری	chaynik
ключик	کلید، اصلی	klyuchik
клавиатура	جا انگشتی؛ سفحه کلید	klaviatura
замочная скважина	سوراخ کلید	zamochnaya skvazhina
хан	خان	khan
пинок	لگد؛ باپازدن	pinok
девчонка	بچه	devchonka
похищение	آدمربایی؛ آدم ربا	pakhishcheniye
убить	کشتن	ubit
убивать	کشتن	ubivat
километр	کیلومتر	kilametr
зажечь	افروختن؛ گیراندن	zazhech
зажигать	افروختن؛ گیراندن	zazhigat
благоволить	مرحمتا	blagavalit
кинетический	جنبشی؛ وابسته بحرکت	kineticheskiy
король	پادشاه	karol
царство	پادشاهی	tsarstva
королевство	پادشاهی	karalevstva
королевский	خسروانه؛ ملوکانه	karalevskiy
царственный	خسروانه؛ ملوکانه	tsarstvennyy
поцелуй	ماچ؛ بوسه	patseluy
лобзание	ماچ؛ بوسه	labzaniye
набор	کیت	nabor
обмундирование	کیت	abmundiravaniye
коршун	زغن؛ خوا	korshun
котёнок	بچهگربه	katyonak
котиться	بچهگربه	katitsya
кон	بچهگربه	kon
сноровка	لم؛ صدای شلاق	snarovka
котомка	پشتواره؛ توشه دان	katomka
ранец	پشتواره؛ توشه دان	ranets
коленка	زانو	kalenka
звонить	صدایی زنگ	zvonit
нож	چاقو	nozh
ножик	چاقو	nozhik
рыцарь	شوالیه؛ نجیب زاده	rytsar
вязать	بافتن؛ کشبافی کردن	vyazat
повязать	بافتن؛ کشبافی کردن	pavyazat
стук	کوبیدن، ضربه زدن	stuk
стучать	کوبیدن، ضربه زدن	stuchat
сопка	نوک تپه	sopka
сук	گره؛ عقده	suk
узловатый	گرهدار؛ گرهای	uzlovatyy
завязанный	گرهدار؛ گرهای	zavyazannyy
свилеватый	پرگره؛ گره گیر	svilevatyy
наука	دانش	nauka
знание	دانش	znaniye
сустав пальца	قرحه روده	sustav paltsa
Кремль	کرملین	kreml
лаборатория	آزمایشگاه	laboratoriya
этикетка	برچسب؛ برچسب زدن	etiketka
наклейка	برچسب؛ برچسب زدن	nakleyka
рабочая сила	کار؛ نیروی کار؛ زایمان	rabochaya sila
лабораторный	آزمایشگاه؛ لابراتوار	labaratornyy
чернорабочий	عمله	chernorabochiy
рабочий	عمله	rabochiy
кропотливый	کارکن	krapatlivyy
трудоёмкий	کارکن	trudayomkiy
лабиринт	لابیرنت	labirint
дебри	لابیرنت	debri
шнурок	بند؛ توری	shnurok
кружево	بند؛ توری	kruzheva
рваная рана	جرح	rvanaya rana
неимение	عدم؛ عاری	neimeniye
холоп	چاکری کردن	khalop
немногословный	موجز؛ مختصر گو	nemnagaslovnyy
лаконический	موجز؛ مختصر گو	lakanicheskiy
лактат	شیر مکیدن	laktat
кормить грудью	شیر مکیدن	kormit grudyu
лактация	ارضاع؛ ایجاد شیر	laktatsiya
молочный	شیری؛ شبیه شیر	malochnyy
млечный	شیری؛ شبیه شیر	mlechnyy
лестница	نردبان	lestnitsa
трап	نردبان	trap
гружёный	سنگین بار؛ بارگیری شده	gruzhyonyy
дама	خانم	dama
запаздывание	عقب مانده	zapazdyvaniye
озеро	دریاچه	ozera
приозёрный	دریاچه	priazyornyy
барашек	بره؛ گوشت بره	barashek
агнец	بره؛ گوشت بره	agnets
неудачный	شل؛ لنگ	neudachnyy
хромой	شل؛ لنگ	khramoy
грустить	زاریدن؛ نوحه کردن	grustit
скорбящий	شیون	skorbyashchiy
оплакивающий	شیون	oplakivayushchiy
слоистый	متورق	slaistyy
фонарь	لامپ	fanar
лампа	لامپ	lampa
копьё	نیزه؛ نشتر زدن	kapyo
пика	نیزه؛ نشتر زدن	pika
площадка	فرود	plashchadka
посадка	فرود	pasadka
безземельный	بدون زمین	bezzemelnyy
обезземеленный	بدون زمین	abezzemelennyy
помещик	صاحبخانه	pameshchik
веха	نشانه، بنای تاریخی	vekha
вешка	نشانه، بنای تاریخی	veshka
пейзаж	چشم انداز	peyzazh
ландшафт	چشم انداز	landshaft
обвал	ریزش خاک؛ ریزش کوه	abval
оползень	ریزش خاک؛ ریزش کوه	opalzen
язык	زبان	yazyk
ланолин	لانولین	lanalin
фонарный	فانوس؛ چراغ توری	fanarnyy
этап	دامان	etap
прореха	زوال؛ خرف شدن	prarekha
истёкший	ساقط	istyokshiy
утративший силу	ساقط	utrativshiy silu
ноутбук	لپ‌تاپ	nautbuk
крупномасштабный	گسترده	krupnamasshtabnyy
жаворонок	غزلاغ	zhavaranak
гортань	حنجره	gartan
лазер	لیزر	lazer
лазерный	لیزر	lazernyy
бич	شلاق؛ تازیانه	bich
колодка	آخرین؛ آخرین (صفت)؛ طول کشیدن	kalodka
щеколда	چفت؛ چفت کردن	shchekolda
защёлка	چفت؛ چفت کردن	zashchyolka
давеча	اخیراً	davecha
намедни	اخیراً	namedni
опоздание	تاخیر	apazdaniye
запоздание	تاخیر	zapazdaniye
скрытый	نهفته	skrytyy
латентный	نهفته	latentnyy
там	بعدا؛ دیرتر	tam
боковой	جانبی؛ جناحی	bakavoy
токарный станок	چرخ خراطی	tokarnyy stanok
станок	چرخ خراطی	stanok
латынь	لاتین	latyn
латинский	لاتین	latinskiy
последний	دومی	pasledniy
лауданум	مخلوط افیون	laudanum
опийная настойка	مخلوط افیون	opiynaya nastoyka
смех	خنده، خندیدن	smekh
посмешище	مظحکه	posmeshishche
хохот	خنده	khokhat
спуск	روانهسازی؛ روانه کردن	spusk
пуск	روانهسازی؛ روانه کردن	pusk
лавр	دهمست؛ درخت غار	lavr
отваливать	خراج؛ مبذر	atvalivat
расточать	خراج؛ مبذر	rastachat
нарушение закона	قانون شکنی	narusheniye zakona
законный	مجاز؛ مشروع	zakonnyy
правомерный	مجاز؛ مشروع	pravamernyy
беззаконный	بی قانونی	bezzakonnyy
беззаконие	بی قانونی	bezzakoniye
бесправие	بی قانونی	bespraviye
лужайка	چمن	luzhayka
газон	چمن	gazon
тяжба	دعوی حقوقی	tyazhba
юрист	وکیل	yurist
расхлябанный	شل؛ لمس	raskhlyabannyy
расхлябанность	لینت	raskhlyabannast
пласт	طبقه؛ لا	plast
леность	تنبلی؛ بیعاری	lenast
ленивый	تنبل	lenivyy
руководить	رهبری کردن	rukovodit
свинец	رهبری کردن	svinets
свинцовый	سربی؛ مانند سرب	svintsovyy
вождь	رهبر	vozhd
головка	سری؛ رهبری	galovka
лист	برگ؛ برگ دادن	list
листок	بروشور	listok
листовка	بروشور	listovka
лига	گروه ورزشی	liga
протечка	نشت، نشت کردن	pratechka
течь	نشت، نشت کردن	tech
утечка	چکه؛ تراوش	utechka
просачивание	چکه؛ تراوش	prasachivaniye
наклониться	وادادن؛ لخم	naklanitsya
опираться	وادادن؛ لخم	apiratsya
скачок	جهش	skachok
учиться	یاد گرفتن	uchitsya
аренда	اجاره؛ اجاره کردن	arenda
арендовать	اجاره؛ اجاره کردن	arendavat
свора	مرس؛ بند زدن	svora
привязь	مرس؛ بند زدن	privyaz
маломальский	کمترین	malamalskiy
наименее	کمترین	naimeneye
кожа	چرم؛ چرمی کردن	kozha
кожаный	چرم؛ چرمی کردن	kozhanyy
позволение	ترک کردن	pazvaleniye
побывка	ترک کردن	pabyvka
доклад	سخنرانی، سخنرانی کردن	daklad
лекция	سخنرانی، سخنرانی کردن	lektsiya
лектор	مدرس؛ سخنران	lektar
лежень	دفتر کل	lezhen
гроссбух	دفتر کل	grassbukh
пиявка	علقه؛ زالو	piyavka
левый	چپ، باقی مانده	levyy
оставшийся	چپ، باقی مانده	ostavshiysya
нога	پا	naga
ножка	پا	nozhka
легенда	افسانه	legenda
легендарный	افسانه‌ای	legendarnyy
баснословный	افسانه‌ای	basnaslovnyy
с ногами	پایه دار؛ پا بلند	s nogami
ножной	پایه دار؛ پا بلند	nozhnoy
гетры	پاتابه	getry
краги	پاتابه	kragi
легион	لژیون؛ سپاه رومی	legion
законодательство	قانون‌گذاری	zakanadatelstva
законодательный	قانون‌گذاری	zakanadatelnyy
законодатель	شارع؛ مقنن	zakanadatel
законодательница	شارع؛ مقنن	zakanadatelnitsa
законодательная власть	قوه مقننه	zakonodatelnaya vlast
законодательный орган	قوه مقننه	zakonodatelnyy organ
узаконить	مشروع	uzakonit
узаконивать	مشروع	uzakonivat
досуг	فراغت؛ وقت کافی	dasug
досужий	فراغت؛ وقت کافی	dasuzhiy
неторопливый	تفریحانه	netaraplivyy
тягучий	تفریحانه	tyaguchiy
лимон	لیمو	limon
лимонад	لیموناد؛ شربت آبلیمو	limanad
одолжить	قرض دادن	adalzhit
одалживать	قرض دادن	adalzhivat
длина	درازی؛ طول	dlina
прибавить	دراز کردن؛ دراز شدن	pribavit
прибавлять	دراز کردن؛ دراز شدن	pribavlyat
длинный	طولانی	dlinnyy
протяжённый	طولانی	pratyazhyonnyy
снисходительно	ارفاقا	sniskhaditelna
линза	لنز	linza
объектив	لنز	abyektiv
прокажённый	جذامی	prakazhyonnyy
проказа	جذام؛ خوره	prakaza
лесбийский	لزبین	lesbiyskiy
меньше	کمتر	menshe
меньший	کمتر	menshiy
поучение	درس	paucheniye
пустить	اجازه دادن	pustit
пускать	اجازه دادن	puskat
смертоносный	کشنده	smertanosnyy
летальный	کشنده	letalnyy
недомогание	تهاون؛ سبات	nedamaganiye
спячка	تهاون؛ سبات	spyachka
письмо	نامه	pismo
буква	نامه	bukva
дамба	بارعام دادن؛ سلام عام	damba
уровень	سطح	uraven
легкомыслие	سبک سری	legkamysliye
взимание	مالیات بندی؛ نام نویسی	vzimaniye
словарный	لغوی	slavarnyy
лексический	لغوی	leksicheskiy
подверженный	مسئول	padverzhennyy
подлежащий	مسئول	podlezhashchiy
лжец	دروغگو؛ چاخان	lzhets
враль	دروغگو؛ چاخان	vral
либерал	آزاداندیش	liberal
либерализм	آزادمنشی؛ آزادگی	liberalizm
раскрепощённый	آزادشده	raskrepashchyonnyy
освобождающий	آزادسازی	osvobozhdayushchiy
раскрепощающий	آزادسازی	raskreposhchayushchiy
раскрепощение	آزادی	raskrepashcheniye
освободитель	آزاد کننده؛ نجات دهنده	asvabaditel
библиотекарь	کتابدار	bibliatekar
библиотекарша	کتابدار	bibliatekarsha
библиотека	کتابخانه	bibliateka
книгохранилище	کتابخانه	knigakhranilishche
лицензия	مجوز دادن	litsenziya
удостоверение	مجوز دادن	udostovereniye
лишай	گل سنگ	lishay
лизать	لیس؛ لیسه	lizat
облизывать	لیس؛ لیسه	ablizyvat
лейтенант	ستوان	leytenant
поручик	ستوان	paruchik
пожизненный	مادام‌العمر	pazhiznennyy
образ жизни	سبک زندگی	obraz zhizni
подъёмник	بلند کردن، آسانسور	padyomnik
свет	روشن کردن؛ سبک؛ نور، روشن	svet
зажигание	نورپردازی	zazhiganiye
лёгкость	خفت؛ سبکی	lyogkast
молния	صاعقه؛ آذرخش	molniya
молниеносный	صاعقه؛ آذرخش	malniyenosnyy
любить	دوست داشتن؛ مانند	lyubit
хотеться	دوست داشتن؛ مانند	khatetsya
вероятность	احتمال	verayatnast
правдоподобие	احتمال	pravdapadobiye
вероятный	احتمالی	verayatnyy
правдоподобный	احتمالی	pravdapadobnyy
уподобленный	مشبه	upodoblennyy
сравнённый	مشبه	sravnyonnyy
портрет	سان؛ مثال	partret
подобие	سان؛ مثال	padobiye
так же	به همین ترتیب	tak zhe
аналогично	به همین ترتیب	analogichno
сирень	یاس شیروانی	siren
лиловый	یاس شیروانی	lilovyy
лилипут	سوسنی؛ گلایل	liliput
лимб	اندام	limb
с конечностями	عضودار	s konechnostyami
лимбо	برزخ	limbo
подвешенное состояние	برزخ	podveshennoye sostoyaniye
известь	آهک؛ سنگ آهک	izvest
известняк	سنگ آهک	izvestnyak
ограничение	محدودیت	agranicheniye
неограниченный	بیحد؛ بی نهایت	neagranichennyy
прихрамывать	شلیدن؛ لنگیدن	prikhramyvat
хромать	شلیدن؛ لنگیدن	khramat
линкольн	لینکلن	linkoln
линкольнская порода овец	لینکلن	linkolnskaya poroda ovets
очередь	خط	ochered
линейный	خطی	lineynyy
погонный	خطی	pagonnyy
бельё	کتانی؛ کتان	belyo
расстановка	صف‌آرایی، ترکیب	rasstanovka
задерживаться	معطل ماندن	zaderzhivatsya
медлить	معطل ماندن	medlit
линолеум	مشمع	linoleum
льняное семя	بزرک؛ برزگ	lnyanoye semya
лев	شیر	lev
губной	لب	gubnoy
сжижение	آبگونسازی	szhizheniye
сжижать	ذوب شدن	szhizhat
раствор	مایع؛ ماچی	rastvor
вино	عرق؛ مشروب	vino
сюсюкать	شلی زبان	syusyukat
список	فهرست، فهرست کردن	spisak
послушать	گوش دادن	paslushat
слухач	شنونده	slukhach
листер	سجاف دوز	lister
листинг	فهرست‌بندی	listing
грамота	سواد	gramata
буквальный	حرفی؛ لفظی	bukvalnyy
дословный	حرفی؛ لفظی	daslovnyy
буквально	به معنای واقعی کلمه	bukvalna
дословно	به معنای واقعی کلمه	daslovna
литературный	ادبی	literaturnyy
литература	ادبیات؛ ادب وهنر	literatura
словесность	ادبیات؛ ادب وهنر	slavesnast
Литва	لیتوانی	litva
судебный процесс	دعوا؛ دعوی	sudebnyy protsess
литр	لیتر	litr
литровый	لیتر	litrovyy
карапуз	کمی (قید)؛ کمی، کوچک	karapuz
жить	زندگی کردن	zhit
прожитие	معیشت؛ عقل معاش	prazhitiye
печень	کبد	pechen
печёнка	کبد	pechyonka
ливрейный	در کسوت	livreynyy
Ливерпуль	لیورپول	liverpul
Ливерпул	لیورپول	liverpul
ливрея	لباس مستخدم؛ علیق اسب	livreya
нагрузка	بارگیری؛ بارکنش	nagruzka
булка	تکه؛ ولگردی کردن	bulka
заём	عاریه؛ وام	zayom
ссуда	عاریه؛ وام	ssuda
гнушаться	منزجر بودن؛ سبب بیزاری	gnushatsya
холл	لابی، لابی کردن	kholl
тамбур	لابی، لابی کردن	tambur
омар	خرچنگ	amar
местный	محلی	mestnyy
местность	محل خاص	mestnast
запирание	زندانکردن	zapiraniye
локомотив	لکوموتیو؛ نیروی محرکه	lakamativ
двигательный	حرکتی؛ نقص تحرک	dvigatelnyy
локомоторный	حرکتی؛ نقص تحرک	lokomotornyy
локус	مکان هندسی	lokus
геометрическое место точек	مکان هندسی	geometricheskoye mesto tochek
ложа	بیتوته کردن؛ ماوا دادن	lozha
вселение	بیتوته کردن؛ ماوا دادن	vseleniye
логика	منطق	logika
логический	منطقی	lagicheskiy
логичный	منطقی	lagichnyy
логин	قطع ارتباط	login
имя пользователя	قطع ارتباط	imya polzovatelya
логотип	لوگو	logotip
филейная часть	گرد	fileynaya chast
поясница	گرد	poyasnitsa
торчание	پرسه زنی	torchaniye
праздношатание	پرسه زنی	prazdnoshataniye
Лондон	لندن	londan
лондонский	لندن	londanskiy
одинокий	مجزا ومنفرد	adinokiy
сиротливый	مجزا ومنفرد	siratlivyy
одиночество	تنهایی؛ غریبی	adinochestva
безлюдный	غریب؛ تنها	bezlyudnyy
рваться	بلند، طولانی	rvatsya
продольный	طولی	pradolnyy
долевой	طولی	dalevoy
давний	دیرینه	davniy
многолетний	طولانی‌مدت	mnogoletniy
дозорный	چشم انداز	dozornyy
наблюдатель	چشم انداز	nablyudatel
валёк	در افق پدیدار شدن	valyok
темнеть	در افق پدیدار شدن	temnet
крица	حلقه	kritsa
лазейка	مزغل ساختن؛ سوراخ سنگر	lazeyka
увёртка	مزغل ساختن؛ سوراخ سنگر	uvyortka
нежёстко	باشلی	nezhyostka
грабить	غارت کردن	grabit
лорд	ارباب؛ خداوند	lord
милорд	اربابی؛ سیادت	milord
эрудиция	فرهنگ نژادی؛ وروایات قومی	eruditsiya
лорнет	عینک پنسی	larnet
грузовик	کامیون	gruzavik
автомашина	کامیون	avtamashina
потерять	از دست دادن	pateryat
терять	از دست دادن	teryat
потеря	زیان؛ فقدان	paterya
забытый	گمشده	zabytyy
примочка	کرم؛ لوسیون	primochka
лосьон	کرم؛ لوسیون	lason
лотерея	قرعه کشی	latereya
громкий	بلند (صدا)	gromkiy
шумный	بلند (صدا)	shumnyy
звучно	با صدای بلند	zvuchna
болтаться	اطاق استراحت؛ سالن استراحت	baltatsya
разваливаться	اطاق استراحت؛ سالن استراحت	razvalivatsya
вошь	شپش؛ جو جو	vosh
вахлак	الدنگ؛ سرفرود آوردن	vakhlak
губошлёп	الدنگ؛ سرفرود آوردن	gubashlyop
чудесный	دوست داشتنی	chudesnyy
чудный	دوست داشتنی	chudnyy
влюблённо	مشتاقانه	vlyublyonna
мычать	پایین	mychat
промычать	پایین	pramychat
лояльный	وفادار	layalnyy
лояльность	وفاداری	layalnast
лепёшка	لوزی؛ شکل لوزی	lepyoshka
успех	شانس	uspekh
удачливый	خوش شانس	udachlivyy
доходный	پرمنفعت	dakhodnyy
поклажа	توشه؛ بنه	paklazha
поясничный	مهره کمر؛ ناحیه کمر	payasnichnyy
хлам	الوار؛ تیر بریده	khlam
светящийся	تابان؛ شب نما	svetyashchiysya
безумцы	مجانین	bezumtsy
сумасшедшие	مجانین	sumasshedshiye
лёгкое	ریه؛ جگر سفید	lyogkaye
лёгкий	ریه؛ جگر سفید	lyogkiy
вабик	اغوا کردن؛ گول زنک	vabik
желтоватый	شعله تیره؛ شعله دودنما	zheltovatyy
мертвенно-бледный	شعله تیره؛ شعله دودنما	mertvenno-blednyy
вожделение	شهوت؛ شهوانیت	vazhdeleniye
похоть	شهوت؛ شهوانیت	pokhat
блеск	تجلی؛ درخشش	blesk
пылкий	مغلم؛ شهوت انگیز	pylkiy
роскошный	پرپشت؛ پربرکت	raskoshnyy
роскошь	عیش؛ تجمل	roskash
лганьё	دروغگو؛ کذاب	lganyo
лимфа	لنف	limfa
лимфатический	بلغمی؛ لنفاوی	limfaticheskiy
линчевать	مثله کردن	linchevat
лирический	متن ترانه	liricheskiy
макинтош	پارچه بارانی	makintosh
помешаться	شوریده؛ دیوانه وار	pameshatsya
сударыня	مادام	sudarynya
госпожа	دوشیزه؛ مادموازل	gaspazha
мадемуазель	دوشیزه؛ مادموازل	mademuazel
безумно	دیوانه وار	bezumna
сумасшествие	شوریدگی؛ شیدائی	sumasshestviye
Мадрид	مادرید	madrid
магазин	مجله	magazin
магия	طلسم؛ سحر	magiya
магический	جادویی	magicheskiy
колдовской	جادویی	kaldavskoy
колдун	مغ؛ ساحر	kaldun
волшебник	مغ؛ ساحر	valshebnik
магний	تباشیر؛ منیری	magniy
магнит	مغناطیس؛ مقناطیس	magnit
магнитный	مغناطیسی	magnitnyy
притягательный	مغناطیسی	prityagatelnyy
увеличительный	درشت نمایی	uvelichitelnyy
величина	بزرگی	velichina
обширность	بزرگی	abshirnast
магнолия	ماگنولیا	magnoliya
уборщица	خادمه؛ ندیمه	uborshchitsa
прислуга	خادمه؛ ندیمه	prisluga
дева	دختر باکره	deva
отроковица	دختر باکره	atrakavitsa
почта	پست، پست کردن	pochta
искалечить	چلاق کردن؛ نقص عضو	iskalechit
магистраль	اصلی	magistral
главный	اصلی	glavnyy
мейнстримовый	جریان اصلی	meynstrimovyy
мейнстримный	جریان اصلی	meynstrimnyy
сохранить	نگهداری کردن	sakhranit
гордый	شاهانه؛ باعظمت	gordyy
величество	جبروت؛ حضرت	velichestva
величавость	جبروت؛ حضرت	velichavast
майор	اصلی، عمده	mayor
совершеннолетие	غالب؛ اکثریت	savershennaletiye
выделка	ساختن	vydelka
грим	آرایش	grim
мала	مالا	mala
чётки	مالا	chyotki
недуг	فاسد شدگی	nedug
малярия	مالاریا؛ نوبه	malyariya
малярийный	مالاریایی؛ نوبه ای	malyariynyy
мужской	مرد، مردانه	muzhskoy
зложелательный	کج اندیش	zlazhelatelnyy
злопыхательский	کج اندیش	zlapykhatelskiy
ехидство	بدنهادی؛ بدذاتی	yekhidstva
злобный	خبیث؛ غرضآلود	zlobnyy
опухолевые клетки	بدخیمی	opukholevyye kletki
злокачественный	خبیث؛ بدخیم	zlakachestvennyy
киянка	کلوخ کوب	kiyanka
недоедание	سوء تغزیه	nedayedaniye
солод	مالت؛ مالت زدن	solad
млекопитающее	پستاندار	mlekapitayushcheye
млекопитающий	پستاندار	mlekapitayushchiy
относящийся к молочной железе	پستانی	otnosyashchiysya k molochnoy zheleze
человек	مرد	chelavek
успеть	مدیریت کردن	uspet
получиться	مدیریت کردن	paluchitsya
администрация	مدیریت؛ مدریت	administratsiya
директорский	مدیریتی	direktarskiy
манчестер	منچستر	manchester
мандат	دستور، حکم	mandat
мандатный	دستور، حکم	mandatnyy
нижняя челюсть	زفر	nizhnyaya chelyust
мандибула	زفر	mandibula
грива	یال	griva
космы	یال	kosmy
маневр	مانور؛ تمرین نظامی	manevr
чесотка	گری؛ گرداندن	chesotka
парша	گری؛ گرداندن	parsha
кормушка	آخور	karmushka
мужественность	مردی؛ رجولیت	muzhestvennast
возмужалость	مردی؛ رجولیت	vazmuzhalast
маньяк	مجنون	manyak
проявить	آشکار کردن	prayavit
проявлять	آشکار کردن	prayavlyat
очевидно	علانیتا	achevidna
манифест	اعلامیه؛ اشعاریه	manifest
Манила	مانیل؛ کاغذ مانیل	manila
манипулировать	دستکاری کردن	manipuliravat
манипуляция	دستکاری	manipulyatsiya
мужественный	مردانه؛ مردوار	muzhestvennyy
возмужалый	مردانه؛ مردوار	vazmuzhalyy
манна	گزانگبین	manna
вкус	رفتار، روش	vkus
имение	ملک تیولی	imeniye
особняк	کاخ؛ عمارت بزرگ	asabnyak
хоромы	کاخ؛ عمارت بزرگ	kharomy
манто	غاشیه؛ کلاه توری	manto
мантии	غواشی	mantii
покровы	غواشی	pokrovy
учебник	دستی؛ یدی	uchebnik
изготовление	تولید کردن	izgatavleniye
фабричный	تولید	fabrichnyy
позём	کود کشاورزی	pazyom
манускрипт	دست‌نوشته	manuskript
многие	بسیاری	mnogiye
много	بسیاری	mnoga
план	نقشه	plan
картографирование	نقشه کشی	kartografirovaniye
отображение	نقشه کشی	otobrazheniye
марафон	ماراتن	marafon
мрамор	مهره؛ مرمر	mramar
марморировать	مهره؛ مرمر	marmariravat
мраморный	مرمرنما	mramarnyy
март	مارس؛ رژه	mart
маршировать	مارس؛ رژه	marshirovat
кобыла	مادیان؛ اسب ماده	kabyla
припуск	حاشیه	pripusk
марина	دریایی	marina
морской	دریایی	marskoy
приморский	وابسته بدریانوردی	primorskiy
знак	علامت، علامت گذاشتن	znak
маркёр	نشانگر	marker
маркировщик	نشانگر	markirovshchik
рынок	بازار	rynak
каперское свидетельство	علامت مخصوص	kaperskoye svidetelstvo
женитьба	عروسی؛ ازدواج	zhenitba
женатый	متاهل	zhenatyy
замужем	متاهل	zamuzhem
выйти	ازدواج کردن	vyyti
жениться	ازدواج کردن	zhenitsya
марс	بهرام؛ مریخ	mars
маршал	مارشال؛ ارتشبد	marshal
выстраивать	مارشال؛ ارتشبد	vystraivat
маршалл	مارشال	marshall
боевой	رزمی	bayevoy
воинский	رزمی	voinskiy
мученик	شهید	muchenik
мученица	شهید	muchenitsa
мученичество	شهادت	muchenichestva
чудо	شگفت داشتن؛ حیرت زده شدن	chuda
диво	شگفت داشتن؛ حیرت زده شدن	diva
мужеподобный	مکر؛ مردانه	muzhepadobnyy
месиво	خمیر کردن؛ درهم وبرهمی	mesiva
пойло	خمیر کردن؛ درهم وبرهمی	poyla
маска	ماسک	maska
вывеска	ماسک	vyveska
каменщик	بنا؛ فراماسیون	kamenshchik
каменная кладка	حجاری؛ فراماسیونی	kamennaya kladka
масса	توده؛ کپه کردن	massa
избиение	قتل عام	izbiyeniye
массаж	مالیدن؛ ماساژ	massazh
растирание	مالیدن؛ ماساژ	rastiraniye
мощный	عظیم؛ گنده	moshchnyy
мачта	دگل	machta
шедевр	شاهکار؛ شیرین کاری	shedevr
циновка	حصیر؛ زیر گلدانی	tsinovka
встреча	مسابقه، مطابقت داشتن	vstrecha
сват	دلاله؛ دلال ازدواج	svat
сваха	دلاله؛ دلال ازدواج	svakha
штурман	رفیق	shturman
оболочка мозга	سخت شامه؛ نرم شامه	obolochka mozga
мать	سخت شامه؛ نرم شامه	mat
материнский	مادرانه؛ مادروار	materinskiy
математический	ریاضی	matematicheskiy
математик	ریاضی دان	matematik
математика	ریاضیات	matematika
матрона	بیبی؛ سرپرستار	matrona
кастелянша	بیبی؛ سرپرستار	kastelyansha
мэтт	فلز شناسی	mett
матирование	بوریا بافی	matirovaniye
матрас	تشک؛ دوشک	matras
тюфяк	تشک؛ دوشک	tyufyak
выносить	بالغ	vynasit
созреть	بالغ	sazret
зрелость	سر رسید	zrelast
приторный	کسل کننده	pritornyy
сентиментальный	کسل کننده	sentimentalnyy
верхнечелюстной	فکی؛ آروارهای	verkhnechelyustnoy
сентенция	گفته؛ گفته اخلاقی	sententsiya
разворачивать	به حداکثر رساندن	razvorachivat
максимум	بیشینه؛ حد اکثر	maksimum
максимальный	بیشینه؛ حد اکثر	maksimalnyy
чай	شاید	chay
наверное	شاید	navernaye
майонез	مایونز	mayanez
мэр	شهردار	mer
мне	من (مفعول)	mne
луг	چمن؛ چمنزار	lug
полянка	چمن؛ چمنزار	palyanka
худой	بی چربی؛ بی برکت	khudoy
тощий	بی چربی؛ بی برکت	toshchiy
трапеза	وعده غذایی	trapeza
значить	معنی دادن، منظور داشتن	znachit
означать	معنی دادن، منظور داشتن	aznachat
смысл	معنی	smysl
значение	معنی	znacheniye
значимый	معنی‌دار	znachimyy
подлость	پستی؛ خست	podlast
низость	پستی؛ خست	nizast
тем временем	در ضمن	tem vremenem
покамест	ضمنا؛ درضمن	pakamest
корь	سرخجه؛ سرخچه	kor
измеримый	پیمایش پذیر	izmerimyy
мера	اندازه؛ اقدام	mera
обмер	سنجش؛ پیمایش	abmer
мясное	گوشت	myasnoye
механик	مکانیک	mekhanik
машинальный	مکانیکی	mashinalnyy
механика	مکانیک	mekhanika
медицинский	مسحور	meditsinskiy
медицина	مسحور	meditsina
медаль	مدال	medal
жетон	مدال	zheton
лезть	فضولی کردن	lezt
медиа	رسانه	media
средства массовой информации	رسانه	sredstva massovoy informatsii
медиана	مادی	mediana
посредничать	وساطت کردن؛ میانجی شدن	pasrednichat
посредничество	وساطت؛ شفاعت	pasrednichestva
заступничество	وساطت؛ شفاعت	zastupnichestva
медосмотр	پزشکی	medasmotr
лекарства	دارو	lekarstva
медикаменты	دارو	medikamenty
лекарственный	دارایی؛ داروئی	lekarstvennyy
средневековый	قرون وسطایی	srednevekovyy
размышление	مراقبه	razmyshleniye
средиземный	مدیترانه؛ دریای مدیترانه	sredizemnyy
средиземноморский	مدیترانه؛ دریای مدیترانه	sredizemnamorskiy
медиум	متوسط؛ رسانه	medium
кроткий	افتاده؛ فقیرانه	krotkiy
безответный	افتاده؛ فقیرانه	bezatvetnyy
встретить	ملاقات کردن	vstretit
грусть	سودا زدگی	grust
мелодичный	بانوا؛ ملیح	meladichnyy
певучий	بانوا؛ ملیح	pevuchiy
мелодия	ملودی	melodiya
мелодичность	ملودی	meladichnast
дыня	خربزه؛ خربوزه	dynya
дынный	خربزه؛ خربوزه	dynnyy
выплавка	گداختن؛ آب کردن	vyplavka
членство	عضویت	chlenstva
перепонка	غشاء؛ شامه	pereponka
перепончатый	غشادار	pereponchatyy
записка	یادداشت	zapiska
памятка	یادداشت	pamyatka
мемуары	خاطرات	memuary
памятный	به یاد ماندنی	pamyatnyy
достопамятный	به یاد ماندنی	dastapamyatnyy
меморандум	تذکاریه؛ شرکت نامه	memarandum
памятник	یادبود	pamyatnik
мемориал	یادبود	memarial
память	حافظه	pamyat
воспоминание	حافظه	vaspaminaniye
угроза	چشم زهره گرفتن؛ چشم زهره رفتن	ugroza
угрожать	چشم زهره گرفتن؛ چشم زهره رفتن	ugrazhat
менингит	مننژیت	meningit
психический	روانی؛ فکری	psikhicheskiy
менталитет	طرز فکر؛ قوه ذهنی	mentalitet
мысленно	فکرا	myslenna
психически	فکرا	psikhicheski
напоминание	اشاره کردن	napaminaniye
наставник	مربی	nastavnik
ментор	مربی	mentar
меню	منو	menyu
купец	بازرگان	kupets
ртутный	جیوه دار	rtutnyy
меркурий	جیوه؛ سیماب	merkuriy
чистый	صرفاً	chistyy
чисто	صرفاً	chista
сливаться	ادغام کردن	slivatsya
вливаться	ادغام کردن	vlivatsya
комбинация	ادغام	kambinatsiya
меридиан	درجه کمال؛ مدار نصف النهار	meridian
достоинство	شایستگی	dastoinstva
развесёлый	شنگ؛ شاد دل	razvesyolyy
Месопотамия	بین النهرین	mesopotamiya
Междуречье	بین النهرین	mezhdurechye
сообщение	پیام	saabshcheniye
метаболизм	متابولیزم؛ سوخت و ساز	metabolizm
обмен веществ	متابولیزم؛ سوخت و ساز	obmen veshchestv
металл	فلز	metall
металлический	فلز	metallicheskiy
превращение	دگردیسی؛ مسخ	prevrashcheniye
метаморфоза	دگردیسی؛ مسخ	metamarfoza
метафора	استعاره	metafara
метафорически	بر سبیل استعاره	metaforicheski
метафизический	علوم معقول؛ ماوراء الطبیعی	metafizicheskiy
метафизика	ماوراءالطبیعه؛ ماوراء طبیعت	metafizika
метастаз	هجوم مرض	metastaz
способ	روش	sposab
метода	روش	metoda
методология	روش‌شناسی	metadalogiya
метр	متر	metr
митрополит	مطران؛ مطرانی	mitrapalit
мексиканец	مکزیکی	meksikanets
мексиканка	مکزیکی	meksikanka
Мехико	مکزیک؛ مکزیکو	mekhiko
Мексика	مکزیک؛ مکزیکو	meksika
Мичиган	میشیگان	michigan
микро	میکرو؛ میلیونیم	mikro
микрофон	میکروفن	mikrafon
микроскоп	ریزبین؛ میکروسکپ	mikraskop
полдень	نیمروز	polden
полуденный	نیمروز	paludennyy
середина	میانه	seredina
средне	جمله مشترک	sredne
полночь	نیمه‌شب	polnach
полуночный	نیمه‌شب	palunochnyy
на полпути	وسط مسیر	na polputi
середина пути	وسط مسیر	seredina puti
повитуха	ماما؛ ماماچه	pavitukha
акушерка	ماما؛ ماماچه	akusherka
мощь	ممکن است (فعل کمکی)	moshch
могущество	ممکن است (فعل کمکی)	magushchestva
могучий	توانا؛ اقویا	maguchiy
кочевать	کوچیدن؛ کوچ دادن	kachevat
перекочевать	کوچیدن؛ کوچ دادن	perekachevat
миграция	مهاجرت	migratsiya
кочевой	مهاجرت کننده	kachevoy
миграционный	مهاجرت کننده	migratsionnyy
мягко	نرم نرم	myagka
миля	مایل	milya
воинствующий	شبه‌نظامی	vainstvuyushchiy
военный	نظامی	vayennyy
милиция	شبه‌نظامیان	militsiya
молоко	شیر	malako
доить	شیر	dait
мельница	آسیاب	melnitsa
тысячелетие	هزاره؛ هزارمین سال	tysyacheletiye
мукомол	آسیابان؛ میلر	mukamol
мельник	آسیابان؛ میلر	melnik
миллион	میلیون	million
миллионер	میلیونر	millianer
миллионерша	میلیونر	millianersha
передразнивание	ادا و اطوار	peredraznivaniye
мин	مین	min
минь	مین	min
помнящий	در فکر	pomnyashchiy
шахта	مال من	shakhta
шахтёр	معدنچی	shakhtyor
рудокоп	معدنچی	rudakop
минерал	معدنی	mineral
минеральный	معدنی	mineralnyy
смешать	در آمیختن	smeshat
минимальный	حداقل	minimalnyy
минимум	اقل؛ حد اقل	minimum
добывание	معدن	dabyvaniye
министр	وزیر	ministr
пастор	وزیر	pastar
министерский	اداری؛ وزارتی	ministerskiy
министерство	وزارتخانه	ministerstva
недоросль	فرعی؛ اصغر	nedarasl
малолетний	فرعی؛ اصغر	malaletniy
меньшинство	اقلیت؛ صغارت	menshinstvo
мята	نعناع	myata
чеканить	نعناع	chekanit
минус	منها	minus
минута	دقیقه؛ دقیقه، بسیار کوچک	minuta
мельчайший	دقیقه؛ دقیقه، بسیار کوچک	melchayshiy
миракль	معجزه	mirakl
чудодейственный	معجزه آمیز؛ معجزه آسا	chudadeystvennyy
озорство	شیطانی؛ شیطنت	azarstvo
озорной	شریر؛ مفسد	azarnoy
блудливый	شریر؛ مفسد	bludlivyy
неправомерное поведение	بدرفتاری؛ سوء رفتار	nepravomernoye povedeniye
несчастный	بدبخت	neschastnyy
кислятина	بدبختی	kislyatina
беда	بلا؛ بدبختی	beda
вводить в заблуждение	منحرف کردن؛ گمراه کردن	vvodit v zabluzhdeniye
ввести в заблуждение	منحرف کردن؛ گمراه کردن	vvesti v zabluzhdeniye
дезориентирующий	گمراه‌کننده	dezoriyentiruyushchiy
введённый в заблуждение	گمراه؛ ضال	vvedyonnyy v zabluzhdeniye
плохое управление	سوء اداره	plokhoye upravleniye
метательный	موشک	metatelnyy
недостающий	گمشده	nedastayushchiy
миссия	ماموریت	missiya
миссионер	مبلغ	missianer
написанный с ошибкой	مصحف	napisannyy s oshibkoy
мисси	دختر خانم	missi
погрешность	اشتباه	pagreshnast
ошибочный	مشتبه؛ اشتباهی	ashibachnyy
оплошный	مشتبه؛ اشتباهی	aploshnyy
неправильно понимать	بد شناختن؛ بد فهمیدن	nepravilno ponimat
недоразумение	سوءتفاهم؛ سو تفاهم	nedarazumeniye
непонимание	سوءتفاهم؛ سو تفاهم	nepanimaniye
сплав	آمیختن؛ آغشتن	splav
смешивать	آمیختن؛ آغشتن	smeshivat
стон	لابه کردن؛ زاری کردن	ston
стенание	لابه کردن؛ زاری کردن	stenaniye
чернь	اوباش	chern
сборище	اوباش	sborishche
походный	متحرک، موبایل	pakhodnyy
подвижность	تحرک	padvizhnast
мобилизовать	بسیج کردن	mabilizavat
издеваться	مسخره کردن؛ استهزاء کردن	izdevatsya
тип	مدل	tip
модель	مدل	madel
умерить	متعادل	umerit
умерять	متعادل	umeryat
умеренно	معتدلانه	umerenno
умеренность	اعتدال؛ تعادل	umerennast
современный	مدرن	savremennyy
новейший	مدرن	naveyshiy
скромный	متواضع	skromnyy
стыдливый	متواضع	stydlivyy
скромность	شرم؛ عفت	skromnast
модификация	اصلاح	madifikatsiya
видоизменение	اصلاح	vidaizmeneniye
переиначить	جرح و تعدیل کردن	pereinachit
варьировать	جرح و تعدیل کردن	variravat
мокрый	تر؛ نمناک	mokryy
увлажнённый	نمزده	uvlazhnyonnyy
смоченный	نمزده	smochennyy
влага	نمداری	vlaga
меласса	ملاس	melassa
патока	ملاس	patoka
слепить	قالب؛ کپک قارچی	slepit
лепить	قالب؛ کپک قارچی	lepit
Молдавия	ملداوی	maldaviya
крот	خال	krot
родинка	خال	rodinka
молекулярный	مولکولی	malekulyarnyy
молекула	مولکول؛ ملکول	malekula
мгновенный	زود گذر	mgnavennyy
минутный	زود گذر	minutnyy
инерция	تکانه	inertsiya
монарх	شهریار	manarkh
венценосец	شهریار	ventsenosets
монархист	سلطنت طلب	manarkhist
монархический	سلطنت طلب	manarkhicheskiy
монархия	سلطنت؛ شهریاری	manarkhiya
понедельник	دوشنبه	panedelnik
денежный	مالی؛ پولی	denezhnyy
монетный	مالی؛ پولی	manetnyy
бумажка	پول	bumazhka
монитор	مبصر؛ تحت نظر گرفتن	manitor
мониторинг	گوشیاری	monitoring
монах	راهب	manakh
чернец	راهب	chernets
мартышка	میمون	martyshka
шифр	امضای هنری	shifr
вензель	امضای هنری	venzel
монография	ویژه نگاشت	managrafiya
монополия	انحصار	manapoliya
монотонный	یک نواخت	manatonnyy
однообразный	یک نواخت	adnaabraznyy
однообразие	یکآهنگی؛ یکنواختی	adnaabraziye
монотонность	یکآهنگی؛ یکنواختی	manatonnast
чудовище	هیولا	chudovishche
месяц	ماه	mesyats
месячник	ماه	mesyachnik
ежемесячник	ماهانه	yezhemesyachnik
месячный	ماهانه	mesyachnyy
монумент	بنای یادبود	manument
луна	ماه	luna
лунный свет	مهتاب	lunnyy svet
подрабатывать	مهتاب	podrabatyvat
самогон	ماهتاب	samogon
нравоучение	اخلاقی؛ اخلاق	nravaucheniye
боевой дух	قوت قلب دادن	boyevoy dukh
морально	اخلاقا	maralna
нездоровый	مرضی؛ وحشت آور	nezdarovyy
более	بیشتر	boleye
причём	علاوه بر این	prichyom
вдобавок	علاوه بر این	vdabavak
умирающий	مشرف به موت	umirayushchiy
отживающий	مشرف به موت	otzhivayushchiy
утро	صبح	utra
утренний	صبح	utrenniy
морфин	مرفین	morfin
порция	لقمه؛ مضغه	portsiya
смертность	میرش؛ مرگومیر	smertnast
миномёт	ساروج؛ هاون	minamyot
ступа	ساروج؛ هاون	stupa
ипотека	رهن	ipateka
закладная	رهن	zakladnaya
умерщвлять плоть	ریاضت دادن	umershchvlyat plot
мозаика	بهم پیوستن	mazaika
мозаичный	بهم پیوستن	mazaichnyy
Москва	مسکو	maskva
московский	مسکو	maskovskiy
мечеть	مسجد	mechet
мох	خزه؛ پژه	mokh
наиболее	بیشتر	naiboleye
по большей части	بیشتر اوقات	po bolshey chasti
главным образом	بیشتر اوقات	glavnym obrazom
отечество	میهن و؛ مادر میهن	atechestva
подвижный	قادر بحرکت؛ قادر بجنبش	podvizhnyy
неподвижно	بی حرکت؛ بی جنبش	nepadvizhna
мотивировать	انگیزه دادن	mativiravat
мотивация	انگیزه	mativatsiya
моторный	انگیزه	matornyy
двигатель	موتور	dvigatel
мотоцикл	موتورسیکلت	mototsikl
автомобилист	راننده	avtamabilist
автомобилистка	راننده	avtamabilistka
девиз	نصبالعین؛ سخن زبده	deviz
плесень	کپک؛ قالب کردن	plesen
шаблон	کپک؛ قالب کردن	shablon
окантовка	سوار کردن؛ سوار شدن	akantovka
горный	کوهی؛ کوهستانی	gornyy
гористый	کوهی؛ کوهستانی	garistyy
плакать	ماتمگرفتن؛ نوحه کردن	plakat
скорбный	عزادار؛ سوگوار	skorbnyy
мышка	موش	myshka
мышь	موش	mysh
рот	دهان	rot
уста	دهان	usta
рупор	سرنی	rupar
передвижной	متحرک	peredvizhnoy
движимый	متحرک	dvizhimyy
движение	جنبش، حرکت	dvizheniye
передвижение	جنبش، حرکت	peredvizheniye
кинофильм	فیلم	kinafilm
внесение	متحرک، تأثیرگذار	vneseniye
трогательный	متحرک، تأثیرگذار	trogatelnyy
г-н	آقا؛ عنوان خطاب مردان	g-n
г-жа	خانم	g-zha
гораздо	زیاد	garazda
немало	زیاد	nemala
слизистый	مخاطی	slizistyy
ослизлый	مخاطی	aslizlyy
слизь	بلغم؛ خلط	sliz
тина	گل؛ طین	tina
рожа	ساده لوح	rozha
мул	استر	mul
кратное	مضاعف؛ متعدد	kratnaye
многократный	مضاعف؛ متعدد	mnagakratnyy
умножение	ضرب؛ تکثیر	umnazheniye
приумножение	ضرب؛ تکثیر	priumnazheniye
многочисленность	تعدد	mnagachislennast
размножаться	تکثیر کردن؛ ضرب زدن	razmnazhatsya
разводиться	تکثیر کردن؛ ضرب زدن	razvaditsya
мама	مامان	mama
мамочка	مامان	mamochka
бормотание	من من	barmataniye
бурчание	من من	burchaniye
мирской	دنیوی	mirskoy
муниципалитет	شهرداری؛ بلدیه	munitsipalitet
душегубство	قتل؛ کشتن	dushegubstva
душегуб	قاتل؛ آدم کش	dushegub
убийственный	خونریز	ubiystvennyy
шум	زمزمه؛ شرشر کردن	shum
рокот	زمزمه؛ شرشر کردن	rokat
мышца	ماهیچه؛ عضله	myshtsa
мускул	ماهیچه؛ عضله	muskul
здоровенный	عضلانی؛ پرعضله	zdaravennyy
мускулистый	عضلانی؛ پرعضله	muskulistyy
музей	موزه	muzey
гриб	سماروغ	grib
грибок	سماروغ	gribok
музыка	موسیقی	muzyka
ноты	موسیقی	noty
мюзикл	موسیقایی	myuzikl
музыкальный	موسیقایی	muzykalnyy
музыкант	موسیقیدان	muzykant
музыкантша	موسیقیدان	muzykantsha
кисея	ململ	kiseya
муслин	ململ	muslin
должный	باید (فعل کمکی)	dolzhnyy
усы	سبیل	usy
горчица	خردل؛ درخت خردل	garchitsa
горчичный	خردل؛ درخت خردل	garchichnyy
затхлый	بوی ناگرفته	zatkhlyy
прелый	بوی ناگرفته	prelyy
мутация	جهش	mutatsiya
перегласовка	جهش	pereglasovka
вентиль	صامت؛ لال	ventil
сурдинка	صامت؛ لال	surdinka
пробормотать	ورور کردن؛ من من	prabarmatat
взаимный	متقابل	vzaimnyy
взаимно	متقابلا؛ مانعهالجمع	vzaimna
обоюдно	متقابلا؛ مانعهالجمع	abayudna
дуло	پوزه؛ پوزبند	dula
мой	مال من	moy
неведомый	غیب؛ مرموز	nevedamyy
таинственный	غیب؛ مرموز	tainstvennyy
таинственно	به‌طور اسرارآمیز	tainstvenno
тайна	رمز؛ راز	tayna
мистик	عارف؛ صوفی	mistik
мистический	عارف؛ صوفی	misticheskiy
мистичный	عارفانه؛ صوفیانه	mistichnyy
мистика	درویشی؛ تصوف	mistika
мистицизм	درویشی؛ تصوف	mistitsizm
миф	اسطوره	mif
мифология	اسطوره شناسی؛ علم اساطیر	mifalogiya
заноза	نق زدن؛ نق نقو	zanoza
пилить	نق زدن؛ نق نقو	pilit
гвоздь	میخ؛ ناخن	gvozd
ноготь	میخ؛ ناخن	nogat
наивный	زودباور؛ ساده دل	naivnyy
невинный	زودباور؛ ساده دل	nevinnyy
наивность	زودباوری؛ ساده دلی	naivnast
невинность	زودباوری؛ ساده دلی	nevinnast
имя	نام، نامیدن	imya
тёзка	همنام؛ هم اسم	tyozka
однофамилица	همنام؛ هم اسم	adnafamilitsa
ворс	چرت؛ خواب کوتاه	vors
начёс	چرت؛ خواب کوتاه	nachyos
салфетка	دستمال؛ سینه بند	salfetka
салфеточный	دستمال؛ سینه بند	salfetachnyy
Неаполь	ناپل	neapol
повествовать	نقل کردن؛ حکایت کردن	pavestvavat
повествование	نقل؛ نقالی	pavestvavaniye
пересказ	نقل؛ نقالی	pereskaz
повесть	روایت؛ نقلی	povest
сказитель	گوینده؛ راوی	skazitel
сказительница	گوینده؛ راوی	skazitelnitsa
щуриться	باریک	shchuritsya
сузить	باریک	suzit
носовой	تو دماغی	nasavoy
гнусавый	تو دماغی	gnusavyy
рождающийся	درحال تولد	rozhdayushchiysya
зарождающийся возникающий	درحال تولد	zarozhdayushchiysya voznikayushchiy
нэшвилл	نشویل	neshvill
мерзкий	ناخوشایند	merzkiy
скверный	ناخوشایند	skvernyy
Наталь	تولدی؛ مولودی	natal
народ	ملت؛ کشور	narod
государственный	ملی	gasudarstvennyy
национализм	ناسیونالیزم؛ ملت پرستی	natsianalizm
националист	ناسیونالیست؛ ملت دوست	natsianalist
национальность	ملیت؛ قومیت	natsianalnast
народность	ملیت؛ قومیت	narodnast
общенациональный	سراسری	obshchenatsionalnyy
по всей стране	سراسری	po vsey strane
туземец	محلی؛ بومی	tuzemets
уроженец	محلی؛ بومی	urazhenets
бекар	طبیعی	bekar
естественно	طبیعتاً؛ به‌طور طبیعی	yestestvenna
гадкий	بلا؛ شریر	gadkiy
тошнота	تهوع؛ آشب	tashnata
флотский	دریایی	flotskiy
судоходный	قابل کشتیرانی	sudakhodnyy
плавание	ناوبری	plavaniye
навигация	ناوبری	navigatsiya
близлежащий	نزدیک	blizlezhashchiy
вблизи	نزدیک	vblizi
чуть	تقریباً	chut
меткость	نظافت	metkast
Небраска	نبراسکا	nebraska
неотчётливый	شبیه سحاب	neatchyotlivyy
обязательно	لابد؛ لزوما	abyazatelna
нужный	ضروری	nuzhnyy
требовать	اقتضاء کردن؛ ایجاب کردن	trebovat
делать необходимым	اقتضاء کردن؛ ایجاب کردن	delat neobkhodimym
необходимость	ضرورت	neabkhadimast
шея	گردن	sheya
ожерелье	عقد؛ طوق	azherelye
колье	عقد؛ طوق	kalye
некроз	بافت مردگی؛ موت موضعی	nekroz
омертвелость	بافت مردگی؛ موت موضعی	amertvelast
урождённая	نامیده شده	urazhdyonnaya
потребный	محتاج	patrebnyy
надобный	محتاج	nadabnyy
игла	سوزن	igla
иголка	سوزن	igolka
ненужный	مستغنی؛ بی نیاز	nenuzhnyy
нуждающийся	مستمند؛ نیازمند	nuzhdayushchiysya
малоимущий	مستمند؛ نیازمند	malaimushchiy
негатив	منفی	negativ
отрицательный	منفی	atritsatelnyy
упущение	غفلت کردن، غفلت	upushcheniye
оплошность	غفلت؛ اهمال	aploshnast
договариваться	مذاکره کردن	dagavarivatsya
переговоры	مذاکره	peregovory
негр	زنگی؛ سیاه پوست	negr
негритянский	زنگی؛ سیاه پوست	negrityanskiy
сосед	همسایه	sosed
соседи	مجاورت؛ همسایگی	sosedi
соседство	مجاورت؛ همسایگی	sosedstvo
соседка	همسایه	sasedka
округа	حوالی	akruga
окрестность	حوالی	akrestnast
ближний	همسایه	blizhniy
ни	هیچ یک (از دو)	ni
племянник	خواهرزاده؛ برادر زاده	plemyannik
нерв	عصب؛ جرئت	nerv
нервный	عصبی	nervnyy
слабонервный	عصبی	slabanervnyy
гнездо	لانه	gnezdo
гнездиться	لانه	gnezditsya
сетевой	شبکه	setevoy
нейрон	یاخته عصبی	neyron
нейтральный	بی‌طرف	neytralnyy
нейтралитет	بیطرفی؛ نادرگیری	neytralitet
нейтральность	بیطرفی؛ نادرگیری	neytralnast
Невада	نوادا	nevada
нипочём	هرگز	nipachyom
всё-таки	باوجوداین؛ لهذا	vsyo-taki
новый	جدید	novyy
приезжий	نورسیده؛ نوآیند	priyezzhiy
приезжающий	نورسیده؛ نوآیند	priyezzhayushchiy
вновь	به تازگی	vnov
заново	به تازگی	zanovo
новизна	حداثت؛ بداعت	navizna
новость	اخبار	novast
известие	اخبار	izvestiye
информационный бюллетень	خبرنامه	informatsionnyy byulleten
еженедельник	روزنامه	yezhenedelnik
ньютон	نیوتن	nyuton
очередной	بعدی	acherednoy
мило	بخوبی	mila
любезно	بخوبی	lyubezna
ниша	موقعیت مناسب، طاقچه	nisha
никель	نیکل؛ آب نیکل دادن	nikel
никелировать	نیکل؛ آب نیکل دادن	nikeliravat
кличка	کنیه؛ اسم فرعی	klichka
прозвище	کنیه؛ اسم فرعی	prozvishche
племянница	خواهرزاده؛ برادر زاده	plemyannitsa
ночь	شب	noch
ночной	شب	nachnoy
наступление ночи	شبانگاه	nastupleniye nochi
еженощно	شبانه؛ هر شب	yezhenoshchna
кошмар	کابوس؛ بختک	kashmar
юркий	چابک؛ چالاک	yurkiy
нимрод	نمرود	nimrod
девятка	نه	devyatka
девятеро	نه	devyatera
девятнадцать	نوزده	devyatnadtsat
девяносто	نود	devyanosta
девятый	یک نهم؛ درنهمین درجه	devyatyy
побить	زخمنیشگون؛ دردناک بودن	pabit
щипать	زخمنیشگون؛ دردناک بودن	shchipat
клешня	فندق شکن	kleshnya
сосок	پستانک؛ نوک پستان	sasok
ниппель	پستانک؛ نوک پستان	nippel
нитрат	شوره	nitrat
нитрировать	شوره	nitriravat
азот	نیتروژن؛ ازت	azot
нет	نه، هیچ	net
дворянство	نجابت؛ نجبا	dvaryanstva
дворянин	نجیب	dvaryanin
донья	نجیب	donya
князь	نجیب زاده	knyaz
никто	هیچ کس	nikto
кивок	سر تکان دادن	kivok
мановение	سر تکان دادن	manaveniye
узелковый	گره دار؛ قلنبه شده	uzelkovyy
узелок	قلنبه کوچک	uzelok
горластый	پر سر و صدا	garlastyy
номенклатура	مجموعه لغات	namenklatura
именной	اعتباری؛ اسمی	imennoy
номинальный	اعتباری؛ اسمی	naminalnyy
номинант	نامزد	nominant
номинантка	نامزد	nominantka
диссидент	نامقلد؛ ناپیرو	dissident
невзрачный	وصف ناپذیر	nevzrachnyy
никакой	هیچ کدام	nikakoy
тем не менее	با این حال	tem ne meneye
некоммерческий	غیرانتفاعی	nekommercheskiy
ерунда	بی‌معنی	yerunda
полдневный	ظهر	paldnevnyy
никой	هیچ کس	nikoy
силок	خفت کردن؛ در کمند انداختن	silok
норма	هنجار	norma
норматив	هنجار	narmativ
нормаль	عادی	narmal
нормальный	عادی	narmalnyy
нормализовать	عادی کردن	narmalizavat
нормировать	عادی کردن	narmiravat
нормально	به طور عادی	narmalna
север	شمال	sever
норд	شمال	nord
северо-восточный	شمال شرقی؛ شمال شرق	severo-vostochnyy
северо-восток	شمال شرقی؛ شمال شرق	severo-vostok
северный	شمالً	severnyy
северный ветер	شمالً	severnyy veter
севернее	شمالا؛ قسمت شمالی	severneye
северо-западный	شمال غربی؛ شمال قرب	severo-zapadnyy
северо-запад	شمال غربی؛ شمال قرب	severo-zapad
ноздри	منخرین	nozdri
не	نه	ne
знатные лица	عظام	znatnyye litsa
знаменитости	عظام	znamenitosti
примечательно	به ویژه	primechatelno
взвод	فرورفتگی؛ چوبخط زدن	vzvod
тетрадь	دفترچه یادداشت	tetrad
примечательный	گفتنی؛ قابل دقت	primechatelnyy
пшик	هیچ چیز	pshik
известить	اطلاع دادن	izvestit
извещать	اطلاع دادن	izveshchat
пресловутый	بدنام	preslavutyy
общеизвестно	علانیتا	obshcheizvestno
печально известным образом	علانیتا	pechalno izvestnym obrazom
херовина	اسم	kherovina
питать	قوت دادن	pitat
сытный	مغذی	sytnyy
прокорм	غذا؛ تغذی	prakorm
нус	قوه ادراک	nus
роман	رمان؛ رمان، جدید	raman
новелла	رمان؛ رمان، جدید	navella
романист	رمان‌نویس	ramanist
беллетрист	رمان‌نویس	belletrist
новинка	طرفه؛ تازگی	navinka
ноябрь	نوامبر	nayabr
новичок	جدیدالایمان؛ مبتدی	navichok
послушник	جدیدالایمان؛ مبتدی	poslushnik
скашивать	الان	skashivat
теперь	امروزه	teper
нынче	امروزه	nynche
никуда	هیچ جا	nikuda
нигде	هیچ جا	nigde
тлетворный	مضر	tletvornyy
ядерный	اتمی؛ هسته ای	yadernyy
подталкивание	سقلمه	podtalkivaniye
толкающий	سقلمه	tolkayushchiy
аннулировать	لغو کردن	annuliravat
одеревенелый	سر؛ بیحس کردن	aderevenelyy
окостенелый	سر؛ بیحس کردن	akastenelyy
онемение	خدر؛ خواب رفتگی	anemeniye
количественный	عددی؛ رقومی	kalichestvennyy
численный	عددی؛ رقومی	chislennyy
монахиня	راهبه؛ زن تارک دنیا	manakhinya
инокиня	راهبه؛ زن تارک دنیا	inakinya
нур	نور	nur
сестра	پرستار	sestra
медсестра	پرستار	medsestra
питомник	مهد کودک	pitomnik
кормление	پرستاری	karmleniye
орех	آجیل	arekh
псих	آجیل	psikh
питательное вещество	ماده مغذی	pitatelnoye veshchestvo
ореховая скорлупа	ملخص کلام	orekhovaya skorlupa
весло	پارو	veslo
оазис	واحه	aazis
клятва	سوگند؛ یمین	klyatva
строптивый	سرخت؛ سخت دل	straptivyy
покорность	اطاعت؛ تمکین	pakornast
послушание	اطاعت؛ تمکین	paslushaniye
покорный	مطیع؛ چاکر	pakornyy
ожирение	چاقی	azhireniye
слушаться	چاکری کردن؛ فرمانبرداری کردن	slushatsya
возражение	اعتراض	vazrazheniye
повинность	فرض؛ التزام	pavinnast
общеобязательный	الزام آور	abshcheabyazatelnyy
обязывать	مجبور کردن	abyazyvat
любезный	منت گذار	lyubeznyy
косой	مورب	kasoy
затемнить	تار؛ غامض	zatemnit
неизвестность	تیرگی؛ تعسر	neizvestnast
угодливый	مزاج گو	ugodlivyy
наблюдательный	مراقب؛ مراعات کننده	nablyudatelnyy
приметливый	مراقب؛ مراعات کننده	primetlivyy
замечание	ملاحظه؛ تماشا	zamechaniye
заметить	ملاحظه کردن؛ مشاهده کردن	zametit
замечать	ملاحظه کردن؛ مشاهده کردن	zamechat
лётчик-наблюдатель	ناظر	lyotchik-nablyudatel
зацикливаться	وسواس داشتن	zatsiklivatsya
завладевать	وسواس داشتن	zavladevat
страсть	وسواس	strast
наваждение	وسواس	navazhdeniye
отживший	مهمل؛ مهجور	atzhivshiy
устарелый	مهمل؛ مهجور	ustarelyy
упорство	معاندت؛ خیره سری	uporstva
упрямство	معاندت؛ خیره سری	upryamstva
упорный	معاند؛ متعند	upornyy
завал	گرفتگی؛ سده	zaval
заграждение	گرفتگی؛ سده	zagrazhdeniye
получать	اخذ کردن؛ اکتساب کردن	paluchat
причинить	مناسبت؛ اقتضاء	prichinit
случайный	گاه به گاه	sluchaynyy
редкий	گاه به گاه	redkiy
изредка	گاهی؛ گهگاه	izredka
проживание	سکونت	prozhivaniye
занимать	اشغال کردن	zanimat
море	اقیانوس	more
океан	اقیانوس	akean
в час	ساعت	v chas
октябрь	اکتبر	aktyabr
окуляр	چشمی؛ باصرهای	akulyar
фора	شانس	fora
ода	چکامه	oda
одиозный	نفرت انگیز؛ کراهت آور	adioznyy
привкус	عطر؛ رایحه	privkus
творчество	کار عمده؛ کار حیاتی	tvorchestvo
произведение	کار عمده؛ کار حیاتی	proizvedeniye
насчёт	از	naschyot
предотвращение	خاموش، خارج از	predatvrashcheniye
задеть	دلگیرکردن؛ اهانت کردن	zadet
обижать	دلگیرکردن؛ اهانت کردن	abizhat
обидчик	متخلف	abidchik
предложение	پیشنهاد، پیشنهاد دادن	predlazheniye
жертва	پیشنهاد	zhertva
жертвоприношение	پیشنهاد	zhertvaprinasheniye
бесцеремонный	بداهه؛ بی تهیه	bestseremonnyy
офицер	افسر	afitser
чиновник	مقام؛ رسمی	chinovnik
официально	رسما؛ رسمانه	afitsialna
офсетный	افست	afsetnyy
потомок	فرزندان	patomak
чадо	فرزندان	chada
ой	اوه	oy
масляный	چرب؛ دهنی	maslyanyy
маслянистый	چرب؛ دهنی	maslyanistyy
мазь	مرهم؛ مالیدنی	maz
окей	خوب	akey
ладно	صحیح است	ladna
обносок	پیر، قدیمی	abnosak
маслина	زیتون؛ درخت زیتون	maslina
оливка	زیتون؛ درخت زیتون	alivka
омлет	خاگینه	omlet
примета	فال؛ اوعور	primeta
опустить	حذف کردن؛ از قلم انداختن	apustit
всемогущество	قدرت مطلق؛ قادر مطلق	vsemagushchestva
всесилие	قدرت مطلق؛ قادر مطلق	vsesiliye
раз	یک بار	raz
некогда	یک بار	nekagda
встречный	روی دهنده؛ جلو رونده	vstrechnyy
кол	یک	kol
самолично	خویش؛ خود شخص	samalichna
онлайн	آنلاین	onlayn
в сети	آنلاین	v seti
единственный	فقط	yedinstvennyy
опал	عینالهر؛ عین الشمس	apal
опаловый	عینالهر؛ عین الشمس	apalavyy
опак	مات؛ غیر شفاف	apak
непрозрачный	مات؛ غیر شفاف	neprazrachnyy
опера	اپرا	opera
оперный	اپرا	opernyy
операция	عملیات؛ عمل جراحی	aperatsiya
эксплуатационный	عملیاتی	ekspluatatsionnyy
оператор	اپراتور	aperatar
опиум	افیون؛ تریاک	opium
своевременный	بموقع؛ بهنگام	svayevremennyy
сопротивляться	مخالفت کردن؛ متضاد کردن	saprativlyatsya
противостоять	مخالفت کردن؛ متضاد کردن	prativastayat
сопротивление	مخالفت؛ طرفیت	saprativleniye
душить	جور کردن؛ جبر کردن	dushit
задушить	جور کردن؛ جبر کردن	zadushit
унижённый	مظلوم؛ مظلومیت	unizhennyy
гнёт	جور؛ بیداد	gnyot
угнетение	جور؛ بیداد	ugneteniye
гнетущий	ستمگر؛ زورگو	gnetushchiy
удручающий	ستمگر؛ زورگو	udruchayushchiy
угнетатели	مستبدین	ugnetateli
оптировать	انتخاب کردن	aptiravat
зрительный	چشمی؛ شیشه عینک	zritelnyy
оптический	نوری	apticheskiy
оптимизм	خوشبینی	aptimizm
оптимистический	خوشبین	aptimisticheskiy
оптимистичный	خوشبین	aptimistichnyy
вариант	گزینه	variant
необязательный	اختیاری؛ خیاری	neabyazatelnyy
жёлтый	یا	zhyoltyy
словесный	شفاهی	slavesnyy
устный	شفاهی	ustnyy
апельсин	پرتقال، نارنجی	apelsin
оранжевый	پرتقال، نارنجی	aranzhevyy
оратор	نطاق؛ خطیب	aratar
вития	نطاق؛ خطیب	vitiya
держава	کروی شدن	derzhava
орбита	مدار؛ دور گشتن	arbita
фруктовый сад	باغ؛ درختستان	fruktovyy sad
оркестр	ارکستر	arkestr
дневальный	نظمی؛ مصدر	dnevalnyy
ординарец	نظمی؛ مصدر	ardinarets
орудия	تخشایی	orudiya
руда	سنگ معدن	ruda
рудный	سنگ معدن	rudnyy
органический	ارگانیک	arganicheskiy
организм	اندامگان؛ سازواره	arganizm
организация	سازمان	arganizatsiya
организационный	سازمانی	organizatsionnyy
организатор	موسس؛ برگزار کننده	arganizatar
устроитель	موسس؛ برگزار کننده	ustraitel
ориентировать	شرق؛ درخشندگی بسیار	ariyentiravat
востоковедный	شرقی؛ مشرقی	vastakavednyy
оригинал	اصلی	ariginal
подлинник	اصلی	podlinnik
взяться	سرچشمه گرفتن	vzyatsya
начинатель	بنیانگذار؛ سبب ساز	nachinatel
орнамент	زینت؛ زیور	arnament
сирота	یتیم؛ پدرمرده	sirata
детдом	پرورشگاه؛ یتیم خانه	detdom
православный	فریور؛ راشد	pravaslavnyy
правоверный	فریور؛ راشد	pravavernyy
качание	نوسان	kachaniye
окостенеть	استخوانی کردن؛ استخوانی شدن	akastenet
закостенеть	استخوانی کردن؛ استخوانی شدن	zakastenet
остеопороз	پوکی استخوان	osteoporoz
страус	شتر مرغ	straus
прочее	دیگر	procheye
барс	اونس	bars
унция	اونس	untsiya
нашить	مال ما	nashit
наш	ما	nash
аут	بیرون	aut
вон	بیرون	von
результат	مآل؛ برآمد	rezultat
исход	مآل؛ برآمد	iskhod
превосходящий	بس پردازی	prevoskhodyashchiy
превзойти	بس پردازی	prevzoyti
оборудование	لباس	abarudavaniye
отток	بیرون ریزی؛ جریان بخارج	attok
пережить	بیشتر دوام آوردن	perezhit
перспектива	چشم‌انداز	perspektiva
воззрение	چشم‌انداز	vazzreniye
удалённый	پرت	udalyonnyy
форпост	پایگاه مرزی	farpost
продукция	خروجی	praduktsiya
наповал	یکجا	napaval
завязка	ابتدا	zavyazka
вовне	بیرون	vavne
аутсайдер	بیگانه	autsayder
окраина	حومه	akraina
замечательный	برجسته	zamechatelnyy
наружу	به‌طرف خارج	naruzhu
перетягивать	مهمتربودن از	peretyagivat
перевешивать	مهمتربودن از	pereveshivat
овал	بادامی	aval
яичниковый	تخمدانی	yaichnikovyy
яичник	تخمدان	yaichnik
завязь	تخمدان	zavyaz
духовка	فر	dukhovka
халат	بالاپوش؛ لباس کار	khalat
прозодежда	بالاپوش؛ لباس کار	prazadezhda
начальственный	منکوب گر؛ طاقت فرسا	nachalstvennyy
заносчивый	منکوب گر؛ طاقت فرسا	zanoschivyy
за борт	بدریا؛ روی کشتی	za bort
за бортом	بدریا؛ روی کشتی	za bortom
шинель	پالتو	shinel
преодолеть	غلبه کردن	preadalet
просроченный	سر رسیده؛ موعد رسیده	prasrochennyy
разлив	طغیان؛ آگندن	razliv
водоотвод	طغیان؛ آگندن	vadaatvod
надземный	بالاسری	nadzemnyy
вверху	بالاسری	vverkhu
подслушать	استراق سمع کردن	padslushat
перекрывать	اشتراک داشتن؛ روی هم افتادن	perekryvat
перегруженный	گرانبار؛ گران بار شدن	peregruzhennyy
упустить	نادیده گرفتن	upustit
просмотреть	نادیده گرفتن	prasmatret
чрезмерно	بیش از حد	chrezmerno
слишком	بیش از حد	slishkom
за ночь	یک شبه	za noch
заморский	خارج از کشور	zamorskiy
надзирать	نظارت کردن	nadzirat
надсматривать	نظارت کردن	nadsmatrivat
надзиратель	سرکار	nadziratel
надсмотрщик	سرکار	nadsmotrshchik
заслонить	تحت الشعاع قراردادن	zaslanit
заслонять	تحت الشعاع قراردادن	zaslanyat
свержение	سرنگونی؛ منقرض کردن	sverzheniye
низвержение	سرنگونی؛ منقرض کردن	nizverzheniye
свергнутый	منقرض؛ مظمحل	svergnutyy
опрокинутый	منقرض؛ مظمحل	oprokinutyy
увертюра	آغاز عمل؛ پیش درآمد	uvertyura
переворачивать	واژگون کردن	perevarachivat
засыпать	غرق کردن	zasypat
подавляющий	طاقت فرسا	padavlyayushchiy
задолжать	مدیون بودن؛ بدهکار بودن	zadalzhat
должать	مدیون بودن؛ بدهکار بودن	dalzhat
вследствие	مقروض	vsledstviye
сова	جغد؛ بوف	sava
обладать	خود، داشتن؛ داشتن	abladat
владеть	خود، داشتن؛ داشتن	vladet
собственность	مالکیت	sobstvennast
вол	نره گاو	vol
Оксфорд	اکسفورد؛ آکسفورد	oksford
Оксфордский университет	اکسفورد؛ آکسفورد	oksfordskiy universitet
окисление	ترکیب اکسیژن	akisleniye
окись	اکسید	okis
окисел	اکسید	okisel
кислород	اکسیژن	kislarod
насыщенный кислородом	اکسیژنه	nasyshchennyy kislorodom
озон	اوزون	azon
шаг	شلنگ؛ خرام	shag
темп	شلنگ؛ خرام	temp
тихоокеанский	صلح جو	tikhaakeanskiy
умиротворитель	آرام کننده	umiratvaritel
умиротворительница	آرام کننده	umiratvaritelnitsa
усмирить	آرامش دادن	usmirit
утихомирить	آرامش دادن	utikhamirit
пакет	بسته	paket
лопасть	پارو زدن	lopast
язычник	مشرک؛ غیر مسیحی	yazychnik
языческий	مشرک؛ غیر مسیحی	yazycheskiy
страница	صفحه	stranitsa
страничка	صفحه	stranichka
боль	درد	bol
зелье	درد	zelye
болезненный	دردمند؛ رنجور	baleznennyy
безболезненный	بیدرد	bezbaleznennyy
писать	نقاشی کردن، رنگ	pisat
живописец	نقاش	zhivapisets
живопись	نقاشی	zhivapis
чета	جفت	cheta
дворец	کاخ	dvarets
нёбо	سق؛ حنک	nyoba
побледнеть	رنگ‌پریده؛ کم‌رنگ	pablednet
бледнеть	رنگ‌پریده؛ کم‌رنگ	blednet
поддон	ماله صافکاری	paddon
бледный	کم رنگ	blednyy
ладонь	کف دست	ladon
пальма	کف دست	palma
осязаемый	قابل لمس	asyazayemyy
паралич	زمین گیری	paralich
парализованность	زمین گیری	paralizovannast
балованный	نازپرورده	balovannyy
буклет	جزوه	buklet
публицист	جزوه نویس	publitsist
памфлетист	جزوه نویس	pamfletist
кастрюля	گودال آب	kastryulya
Панама	پاناما	panama
блин	نان ساجی	blin
блинчик	نان ساجی	blinchik
щит	تخته کوبی کردن	shchit
панель	تخته کوبی کردن	panel
паника	وحشت	panika
паниковать	وحشت	panikavat
паноплия	کاملا مجهز؛ سلاح کامل	panopliya
панорама	چشم انداز	panarama
тяжёлое дыхание	له له	tyazhyolaye dykhaniye
чулан	گنجه؛ دولاب	chulan
кладовая	گنجه؛ دولاب	kladavaya
брюки	شلوار	bryuki
кальсоны	شلوار	kalsony
канцелярская работа	کاغذ بازی	kantselyarskaya rabota
делопроизводство	کاغذ بازی	deloproizvodstvo
парад	رژه	parad
рай	رضوان؛ عدن	ray
парадоксальный	مهمل نما	paradaksalnyy
парафин	پارافین	parafin
заметка	پاراگراف	zametka
параллель	موازی	parallel
параллельный	موازی	parallelnyy
паралитик	فالج؛ افلیج	paralitik
паралитический	فالج؛ افلیج	paraliticheskiy
парализовать	لنگ کردن؛ فلج کردن	paralizovat
параметр	پارامتر	parametr
бруствер	دیواره	brustver
парапет	دیواره	parapet
перефразировка	تاویل؛ تاویل کردن	perefrazirovka
перефразировать	تاویل؛ تاویل کردن	perefraziravat
параплегия	فلج پا؛ پا فلجی	paraplegiya
паразит	انگل؛ طفیلی	parazit
тунеядец	انگل؛ طفیلی	tuneyadets
паразитический	انگلی؛ پارازیتی	paraziticheskiy
паразитарный	انگلی؛ پارازیتی	parazitarnyy
родитель	والد	raditel
родительский	والدین	raditelskiy
родители	اولیاء؛ والدین	roditeli
теменной	جداری	temennoy
Париж	پاریس	parizh
приходский	اهل محله	prikhodskiy
парковать	پارک، پارک کردن	parkavat
стоянка	پارکینگ	stayanka
парламент	مجلس؛ کنگره	parlament
парламентский	پارلمانی؛ مجلسی	parlamentskiy
парламентарный	پارلمانی؛ مجلسی	parlamentarnyy
пароль	عفو مشروط؛ قول مردانه	parol
паркет	محل ارکسترنمایش؛ باچوب فرش کردن	parket
паркетный	محل ارکسترنمایش؛ باچوب فرش کردن	parketnyy
попугай	طوطی	papugay
отражение	دورسازی	atrazheniye
отвести	دورسازی	atvesti
голос	قسمت	golas
вкусить	بهره داشتن؛ قسمت بردن	vkusit
вкушать	بهره داشتن؛ قسمت بردن	vkushat
частичный	موضعی؛ طرفدارانه	chastichnyy
пристрастный	موضعی؛ طرفدارانه	pristrastnyy
пристрастие	جانب داری	pristrastiye
лицеприятие	جانب داری	litsepriyatiye
сопричастный	حاضر؛ شریک	saprichastnyy
участвовать	شرکت کردن؛ مشارکت کردن	uchastvavat
поучаствовать	شرکت کردن؛ مشارکت کردن	pauchastvavat
причастность	مشارکت	prichastnast
особый	خاص	asobyy
особенный	خاص	asobennyy
сугубо	به‌ویژه	suguba
пристрастность	هواداری	pristrastnost
партийность	هواداری	partiynost
перегородка	افراز؛ انقسام	peregarodka
отчасти	یک چند؛ دریک جزء	atchasti
партнёр	همکار، شریک	partnyor
партнёрство	مشارکت	partnyorstva
занятый неполное рабочее время	پاره‌وقت	zanyatyy nepolnoye rabocheye vremya
на полставки	پاره‌وقت	na polstavki
па	گام رقص	pa
пассажир	مسافر	passazhir
пассажирка	مسافر	passazhirka
пассивный	بیبهره؛ انفعالی	passivnyy
безынициативный	بیبهره؛ انفعالی	bezynitsiativnyy
паспорт	گذرنامه	paspart
прошлый	گذشته	proshlyy
прошедший	گذشته	prashedshiy
икра	خمیر؛ چسب	ikra
пастырь	شبان	pastyr
пастбище	چراندن؛ چراگاه	pastbishche
потрепать	به‌طور مناسب	patrepat
похлопывать	به‌طور مناسب	pakhlopyvat
лоскутное шитьё	کارسرهم بندی؛ وصله دوزی	loskutnoye shityo
патент	منشور؛ امتیاز نامه	patent
запатентовать	منشور؛ امتیاز نامه	zapatentavat
отчий	از پدر	otchiy
следопыт	بلد راه	sledapyt
первопроходец	بلد راه	pervaprakhodets
патогенный	مرض خیز	patagennyy
болезнетворный	مرض خیز	baleznetvornyy
патологический	پاتولوژی	patologicheskiy
патолог	مرض شناس؛ آسیب شناس	patolag
патология	پاتولوژی؛ مرض شناسی	patalogiya
терпеливость	صبر	terpelivast
пациент	بیمار	patsiyent
пациентка	بیمار	patsiyentka
терпеливо	صبورانه	terpeliva
патриарх	شیخ؛ پدرشاه	patriarkh
отечественный	وطن دوستی	atechestvennyy
патриотический	وطن دوستی	patriaticheskiy
патриотизм	وطن پرستی؛ وطن دوستی	patriatizm
патруль	گشت؛ گشتی	patrul
дозор	گشت؛ گشتی	dazor
шеф	مشوق	shef
скороговорка	لهجه محلی	skaragavorka
постукивать	لهجه محلی	pastukivat
паупер	گدا؛ بی نوا	pauper
мощёный	سنفرش شده	mashchyonyy
брусчатый	سنفرش شده	bruschatyy
тротуар	فرش؛ سنگفرش	tratuar
павильон	جایگاه؛ درکلاه فرنگی	pavilon
беседка	جایگاه؛ درکلاه فرنگی	besedka
пешка	گرو؛ گرو گذاشتن	peshka
заложить	گرو؛ گرو گذاشتن	zalazhit
зарплата	پرداخت؛ پرداخت کردن	zarplata
подлежащий оплате	دادنی؛ پرداختنی	podlezhashchiy oplate
оплата	اجاره؛ پرداخت	aplata
горох	نخود	garokh
горошина	نخود	garoshina
мир	صلح	mir
мирный	صلح دوست	mirnyy
миролюбивый	صلح دوست	miralyubivyy
тихий	مسالمتآمیز؛ مسالم	tikhiy
мирно	از راه مسالمت	mirna
козырёк	فرق؛ قله	kazyryok
раскат	صدای پیوسته؛ صدای مسلسل	raskat
груша	گلابی؛ امرود	grusha
жемчужина	مروارید؛ مرواریدی	zhemchuzhina
жемчуг	مروارید؛ مرواریدی	zhemchug
крестьянин	رعیت	krestyanin
крестьянство	رعایا؛ دهقانی	krestyanstva
клевок	نوک زدن؛ نک زدن	klevok
клевать	نوک زدن؛ نک زدن	klevat
грудной	صدری	grudnoy
своеобразие	غرابت	svayeabraziye
пунктик	غرابت	punktik
материальный	جریمه دار	materialnyy
педаль	رکاب؛ پدال	pedal
педантичный	ملانقطی	pedantichnyy
талмудистский	ملانقطی	talmudistskiy
коробейник	دورگرد؛ دوره گرد	korobeynik
подножие	پایه؛ پایه مجسمه	padnozhiye
подставка	پایه؛ پایه مجسمه	padstavka
пешеход	پیاده؛ رهگذر	peshekhod
пеший	پیاده؛ رهگذر	peshiy
обдирный	پوست کنده	abdirnyy
шелушение	پوست کنی	shelusheniye
писк	جیک زدن؛ نیش آفتاب	pisk
подглядывать	جیک زدن؛ نیش آفتاب	padglyadyvat
сверстник	همتا	sverstnik
однокурсник	همتا	adnakursnik
пэрство	مقام اشرافی	perstvo
титул пэра	مقام اشرافی	titul pera
вешалка	میخچوبی؛ شبیه میخ	veshalka
забросать	پوستک؛ خامسوز	zabrasat
тазовый	لگنی	tazavyy
уголовный	مجازاتی؛ کیفری	ugalovnyy
штрафной	مجازاتی؛ کیفری	shtrafnoy
наказание	جریمه	nakazaniye
карандаш	مداد	karandash
ожидающий решения	امر معلق	ozhidayushchiy resheniya
до	امر معلق	do
маятник	آونگ؛ پاندول	mayatnik
проникнуть	نفوذ کردن؛ رخنه کردن	praniknut
пробить	نفوذ کردن؛ رخنه کردن	prabit
догадливый	ثاقب؛ نافذ	dagadlivyy
вдумчивый	ثاقب؛ نافذ	vdumchivyy
проникновение	نفوذ؛ رسوخ	praniknaveniye
догадливость	نفوذ؛ رسوخ	dagadlivast
полуостров	شبه جزیره	paluostrav
писюн	دول؛ چر	pisyun
пенитенциарный	ندامتی؛ ندامتگاه	penitentsiarnyy
безденежный	نادار؛ بی زر	bezdenezhnyy
Пенсильвания	پنسیلوانیا	pensilvaniya
копейка	پنی	kapeyka
грош	پنی	grosh
пенсия	مستمری؛ مقرری	pensiya
пенсионер	وظیفهخوار؛ مستمری بگیر	pensianer
пенсионерка	وظیفهخوار؛ مستمری بگیر	pensianerka
задумчивый	گرفتار غم	zadumchivyy
мечтательный	گرفتار غم	mechtatelnyy
верхотура	ساباط؛ کبوتر خانه	verkhatura
перец	فلفل	perets
усеять	فلفل	useyat
воспринимать	درک کردن	vasprinimat
чувствительный	ادراک شدنی	chuvstvitelnyy
восприятие	ادراک	vaspriyatiye
окунь	جایگاه بلند	okun
шесток	جایگاه بلند	shestok
безапелляционный	حکمی؛ شتاب آمیز	bezapellyatsionnyy
перфект	کامل	perfekt
отрабатывать	کامل	atrabatyvat
совершенство	کمال؛ بی عیبی	savershenstva
совершенствование	کمال؛ بی عیبی	savershenstvavaniye
превосходно	بکمال	prevaskhodna
перфорированный	سوراخ شده؛ خلل و فرج دار	perforirovannyy
отверстия	مسئله؛ مسام	otverstiya
перфорации	مسئله؛ مسام	perforatsii
играть	اجرا کردن	igrat
проводить	اجرا کردن	pravadit
благоухание	عطر؛ نکهت	blagaukhaniye
благоуханный	معطر؛ مطیب	blagaukhannyy
благовонный	معطر؛ مطیب	blagavonnyy
авось	شاید	avos
разве	شاید	razve
период	دوره	periad
периодический	دوری؛ تناوبی	periadicheskiy
периодичный	دوری؛ تناوبی	periadichnyy
повременный	مجله؛ نوبتی	pavremennyy
периферический	جنبی؛ پیرامونی	perifericheskiy
мереть	فاسدشدن؛ هلاک شدن	meret
пропадать	فاسدشدن؛ هلاک شدن	prapadat
стационарный	پایدار؛ ماندنی	statsianarnyy
неотлучно	به طور دائمی	neatluchna
допустимый	مجاز؛ روا	dapustimyy
позволительный	مجاز؛ روا	pazvalitelnyy
перпендикуляр	عمودی؛ ستون وار	perpendikulyar
отвесный	عمودی؛ ستون وار	atvesnyy
увековечить	جاودانی ساختن	uvekavechit
усидчивость	ابرام؛ پشتکار	usidchivast
перс	فارسی؛ ایرانی	pers
персиянка	فارسی؛ ایرانی	persiyanka
упорствовать	پیله کردن؛ پافشاری کردن	uporstvavat
упрямиться	پیله کردن؛ پافشاری کردن	upryamitsya
упорно	مصرانه؛ مصرا	uporna
личный	شخصی	lichnyy
персональный	شخصی	persanalnyy
персонально	شخصاً؛ بنفسه	persanalna
лично	شخصاً؛ بنفسه	lichna
воплощённый	مجسم	vaplashchyonnyy
олицетворённый	مجسم	alitsetvaryonnyy
персонал	پرسنل؛ اعضا اداری	persanal
пот	تعریق؛ رشحه	pot
испарина	تعریق؛ رشحه	isparina
вспотеть	عرق کردن؛ عرق ریختن	vspatet
потеть	عرق کردن؛ عرق ریختن	patet
толк	ترغیب؛ متقاعد سازی	tolk
Перу	پرو	peru
язва	مرگی	yazva
вредитель	مرگی	vreditel
мор	طاعون؛ بیماری طاعون	mor
питомец	حیوان خانگی	pitomets
петерсбург	پترزبورگ	petersburg
петербург	پترزبورگ	peterburg
Петров	پیترسون	petrov
прошение	عرضحال؛ دادخواست	prasheniye
истец	متظلم؛ دادخواه	istets
подача петиции	استرحام؛ جدید الورودی	podacha petitsii
ходатайство	استرحام؛ جدید الورودی	khodataystvo
окаменелый	متحجر	akamenelyy
мелкота	دونی	melkata
мелочность	دونی	melachnast
фантазм	ظاهر فریبنده	fantazm
призрак	طیف؛ شبه	prizrak
зев	حلقوم؛ گلوگاه	zev
фаза	وجه؛ مرحله	faza
фазан	تذرو	fazan
явление	پدیده؛ حادثه	yavleniye
Филадельфия	فیلادلفیا	filadelfiya
филантропический	بشردوست؛ نوعدوست	filantrapicheskiy
меценат	بشردوست	metsenat
филантроп	بشردوست	filantrop
благотворительность	بشردوستی؛ نوعپرستی	blagatvaritelnast
человеколюбие	بشردوستی؛ نوعپرستی	chelavekalyubiye
двойчатка	فیلیپین	dvaychatka
Филиппины	فیلیپین	filippiny
философ	فیلسوف	filosaf
философский	فلسفی	filasofskiy
философический	فلسفی	filosoficheskiy
философия	فلسفه؛ حکمت	filasofiya
феникс	سمندر؛ سیمرغ	feniks
телефон	تلفن، تماس گرفتن	telefon
телефонировать	تلفن، تماس گرفتن	telefaniravat
фосфор	فسفر	fosfar
фосфорный	فسفر	fosfarnyy
фотография	عکس	fatagrafiya
снимок	عکس	snimak
карточка	عکس؛ عکس گرفتن	kartachka
фотограф	عکاس؛ عکس بردار	fatograf
фотокорреспондент	عکاس؛ عکس بردار	fatakarrespandent
фотографический	عکسی	fatagraficheskiy
светопись	عکاسی؛ عکس برداری	svetapis
фраза	عبارت	fraza
словосочетание	عبارت	slavasachetaniye
физический	فیزیکی	fizicheskiy
физически	جسماً	fizicheski
физика	فیزیک	fizika
физиологический	تنکردی	fizialagicheskiy
физиология	علمالابدان؛ علم طبیعی	fizialogiya
пианино	پیانو	pianina
фортепьяно	پیانو	fartepyana
пикник	پیکنیک؛ اجتماعی درخارج	piknik
живописный	خوش منظره	zhivapisnyy
колоритный	خوش منظره	kalaritnyy
пирог	درهم ریختن؛ کلاغ زنگی	pirog
пегий	ابلق؛ پیسه	pegiy
фигура	تکه	figura
пробиться	سپوختن؛ سفتن	prabitsya
впиться	سپوختن؛ سفتن	vpitsya
благочестие	تدین؛ دیانت	blagachestiye
религиозность	تدین؛ دیانت	religioznast
свинья	خوک	svinya
чушка	خوک	chushka
голубь	کبوتر	golub
голубка	کبوتر	galubka
пигмент	رنگدانه؛ رنگیزه	pigment
щука	نوک نیزه؛ اردک ماهی	shchuka
стопка	توده؛ کومه	stopka
пилигрим	حاجی؛ زوار	piligrim
паломник	حاجی؛ زوار	palomnik
паломничество	زیارت؛ زیارت رفتن	palomnichestva
богомолье	زیارت؛ زیارت رفتن	bagamolye
таблетка	قرص	tabletka
пилюля	قرص	pilyulya
грабёж	غارت؛ تاراج	grabyozh
мародёрство	غارت؛ تاراج	maradyorstva
лётчик	خلبان	lyotchik
пилот	خلبان	pilot
пилотируемый	راننده دار	pilotiruyemyy
прыщ	کورک؛ بثور	pryshch
пупырышек	کورک؛ بثور	pupyryshek
поп	میل؛ سوزن	pop
щепотка	مضیقه؛ وشگون	shchepotka
ущемление	مضیقه؛ وشگون	ushchemleniye
сосна	کاج؛ صنوبر	sasna
таять	کاج؛ صنوبر	tayat
ананас	آناناس	ananas
ананасный	آناناس	ananasnyy
гвоздика	صورتی	gvazdika
проткнуть	صورتی	pratknut
пионер	پیشگام؛ پیشرو	pianer
сапёр	پیشگام؛ پیشرو	sapyor
трубка	لوله؛ چپق	trubka
свист	مغزی؛ نیزنی	svist
трубопровод	مغزی؛ نیزنی	trubapravod
пикантный	هشیارکننده؛ تند و بامزه	pikantnyy
пират	دزد ادبی؛ دزد دریایی	pirat
пистолет	پارابلوم؛ هفت تیر	pistalet
револьвер	پارابلوم؛ هفت تیر	revalver
поршень	پیستون؛ میله متحرک	porshen
пистон	پیستون؛ میله متحرک	piston
яма	تخم؛ هسته	yama
вилы	دوشاخه؛ سه شاخه	vily
горестный	قابل ترحم	gorestnyy
безжалостный	بی ترحم	bezzhalastnyy
питтсбург	پیتسبورگ	pittsburg
сожаление	ترحم	sazhaleniye
положить	مکان	palazhit
трудоустройство	جایابی	trudaustroystva
чума	بلا؛ طاعون	chuma
надоесть	بلا؛ طاعون	nadayest
шотландка	پارچه پیچازی	shatlandka
равнина	مسطح؛ دشت	ravnina
жалобщик	شاکی؛ دادخواه	zhalabshchik
жалобный	شکوهآمیز؛ گله آمیز	zhalabnyy
заунывный	شکوهآمیز؛ گله آمیز	zaunyvnyy
коса	گیس بافته	kasa
плоскость	هواپیما	ploskast
планета	سیاره	planeta
доска	تخته؛ تخته پوش کردن	daska
проектировщик	طراح	prayektirovshchik
плановик	طراح	planavik
планировка	زمینهسازی؛ برنامه ریزی	planirovka
плантация	سبزیکاری؛ درختستان	plantatsiya
насаждение	سبزیکاری؛ درختستان	nasazhdeniye
плантатор	صاحب مزرعه؛ پرورنده گیاهان	plantatar
сажалка	صاحب مزرعه؛ پرورنده گیاهان	sazhalka
плазменный	پلاسما	plazmennyy
штукатурка	گچ؛ مشمع	shtukaturka
гипс	گچ؛ مشمع	gips
пластмасса	پلاستیک	plastmassa
пластический	پلاستیک	plasticheskiy
тарелка	بشقاب	tarelka
нагорье	فلات؛ زمین مسطح	nagorye
плато	فلات؛ زمین مسطح	plato
платформа	سکو	platforma
плакировка	آبکاری فلزی	plakirovka
платонический	افلاطونی	platanicheskiy
спектакль	بازی کردن، نمایش	spektakl
лукавый	بازیگوش	lukavyy
резвость	بازیگوشی	rezvast
шаловливость	بازیگوشی	shalavlivast
товарищ по играм	همبازی	tovarishch po igram
отрадный	خرم؛ دلپذیر	atradnyy
довольный	خوشحال	davolnyy
угодный	خوشایند؛ دلگشا	ugodnyy
заклятие	سوگند؛ گرو	zaklyatiye
пленарный	غیر مقید	plenarnyy
избыток	کثیر؛ بمقدار فراوان	izbytak
плеврит	ذاتالجنب؛ برسام	plevrit
податливый	قابل انعطاف؛ نرم شدنی	padatlivyy
сюжет	دسیسه؛ توطئه	syuzhet
плуг	شخم؛ شیار کردن	plug
орало	شخم؛ شیار کردن	arala
паханый	شیاردار؛ شخمزده	pakhanyy
зуёк	مرغ باران	zuyok
ржанка	مرغ باران	rzhanka
пахать	گاو آهن؛ سختی جلو رفتن	pakhat
ливер	پر کندن؛ ناگهان کشیدن	liver
затычка	دوشاخه	zatychka
слива	گوجه؛ آلو	sliva
сливовый	گوجه؛ آلو	slivavyy
оперение	بال و پر	apereniye
лот	عمود بودن؛ عمق پیمودن	lot
отвес	عمود بودن؛ عمق پیمودن	atves
сантехник	لولهکش؛ لوله ساز	santekhnik
водопроводчик	لولهکش؛ لوله ساز	vadapravodchik
султан	نازیدن؛ پر آرایشی	sultan
влопаться	گوشتالو؛ سمین	vlopatsya
плюхать	گوشتالو؛ سمین	plyukhat
расхищение	غارتگری؛ یغماگری	raskhishcheniye
погрузить	افت؛ شیرجه	pagruzit
окунуться	افت؛ شیرجه	akunutsya
множественный	جمعی؛ صیغه جمع	mnozhestvennyy
курсировать	لا؛ وآمد کردن	kursiravat
приналечь	لا؛ وآمد کردن	prinalech
пневмония	ذات الریه	pnevmaniya
карман	جیب	karman
карманная книжка	کتاب جیبی؛ جزوه دان	karmannaya knizhka
кошелёк	کتاب جیبی؛ جزوه دان	kashelyok
рябой	مجدر؛ آبله دار	ryaboy
щербатый	مجدر؛ آبله دار	shcherbatyy
стихотворение	شعر؛ چامه	stikhatvareniye
поэма	شعر؛ چامه	paema
поэт	شاعر؛ غزل سرا	paet
стихотворец	شاعر؛ غزل سرا	stikhatvorets
поэтический	نظمی؛ شاعرانه	paeticheskiy
поэтичный	نظمی؛ شاعرانه	paetichnyy
стихи	شعر؛ اشعار	stikhi
поэзия	شعر؛ اشعار	paeziya
указка	عقربک؛ عقربه	ukazka
яд	سم؛ زهر	yad
отравление	مسمومیت	atravleniye
ядовитый	زهری؛ زهردار	yadavityy
поганый	زهری؛ زهردار	paganyy
кочерга	سیخ زن؛ سیخ بخاری	kacherga
покер	سیخ زن؛ سیخ بخاری	poker
тыканье	سقلمه	tykanye
Польша	لهستان	polsha
полемика	جدلی کردن؛ اهل جدل	palemika
полиция	پلیس	palitsiya
полицейский	پلیس	palitseyskiy
милиционер	پلیس (مرد)	militsianer
полисмен	پلیس (مرد)	palismen
политика	سیاست؛ خط‌مشی	palitika
полировка	مالیدن؛ له	palirovka
вежливо	مودبانه	vezhliva
политичный	مصلحتآمیز؛ نماینده سیاسی	palitichnyy
политический	سیاسی	paliticheskiy
политик	سیاستمدار؛ ساوس	palitik
политикан	سیاستمدار؛ ساوس	palitikan
голосование	نمونه برداشتن؛ نظر خواهی کردن	galasavaniye
опрос	نمونه برداشتن؛ نظر خواهی کردن	apros
пыльца	گرد؛ دانه گرده	pyltsa
баллотировка	نظر خواهی؛ نمونه برداری	ballatirovka
скверна	آلودگی	skverna
многобрачие	چندگانی؛ بس گانی	mnagabrachiye
многожёнство	چندگانی؛ بس گانی	mnagazhyonstva
полимер	بسپار	polimer
помпа	فر؛ غرور وتظاهر	pompa
высокопарность	طمطراق؛ آب وتاب	vysakaparnast
напыщенность	طمطراق؛ آب وتاب	napyshchennast
напыщенный	باطمطراق؛ پرطمطراق	napyshchennyy
пруд	دریاچه؛ غدیر	prud
водопой	دریاچه؛ غدیر	vadapoy
задуматься	تامل کردن؛ تعمق کردن	zadumatsya
тяжеловесный	ثقیل	tyazhelavesnyy
вымученный	ثقیل	vymuchennyy
пони	تاتو	poni
лужа	استخر	luzha
бассейн	استخر	basseyn
бедный	فقیر	bednyy
богадельня	دارالمساکین؛ دارالعجزه	bogadelnya
квёлый	به‌طور ناچیز	kvyolyy
неважно	به‌طور ناچیز	nevazhna
щёлкать	پاپ (موسیقی)، پاپ (چیزی)	shchyolkat
мак	خشخاش	mak
массовый	محبوب	massavyy
популярность	وجهه؛ محبوبیت	papulyarnast
пропаганда	محبوب سازی	prapaganda
популяризация	محبوب سازی	papulyarizatsiya
население	جمعیت	naseleniye
народонаселение	جمعیت	naradanaseleniye
людный	پرجمعیت؛ پرسکنه	lyudnyy
крыльцо	سرپوشیده؛ رواق	kryltso
поры	منافد	pory
свинина	گوشتخوک	svinina
пористый	متخلخل؛ رخنه دار	poristyy
ноздреватый	متخلخل؛ رخنه دار	nazdrevatyy
портативный	موبایل؛ قابل انتقال	partativnyy
переносный	موبایل؛ قابل انتقال	perenosnyy
портал	سر در	partal
портальный	سر در	partalnyy
предвестие	فال بد	predvestiye
портье	باربر؛ حمال	partye
вахтёр	باربر؛ حمال	vakhtyor
портфель	نامه دان	partfel
портретный	نقاشی؛ تصویر	partretnyy
Португалия	پرتقال؛ پرتغال	partugaliya
португалец	زبان پرتقالی	partugalets
португалка	زبان پرتقالی	partugalka
поза	ژست؛ ژست گرفتن	poza
позитив	مثبت	pazitiv
положительно	خوشبینانه؛ مثبتاً	palazhitelna
обладание	مالکیت	abladaniye
почтовая марка	پول پست؛ ارسال پست	pochtovaya marka
почтовый	پستی	pachtovyy
плакат	پوستر	plakat
афиша	پوستر	afisha
перенести	معوق کردن؛ موکول کردن	perenesti
отложить	معوق کردن؛ موکول کردن	atlazhit
отсрочка	تاخیر؛ تعویق	atsrochka
поташ	پتاس؛ پتاس محرق	patash
калий	پتاسیم	kaliy
калиевый	پتاسیم	kaliyevyy
картофелина	سیب‌زمینی	kartofelina
картофельный	سیب‌زمینی	kartofelnyy
потенциал	التزامی؛ پتانسیل	patentsial
потенциальный	التزامی؛ پتانسیل	patentsialnyy
потенциально	به طور بالقوه	potentsialno
горшечный	کوزهگری؛ سفالگری	garshechnyy
сума	کیسه کوچک؛ کیف پول	suma
припарка	ضماد	priparka
живность	مرغ خانگی	zhivnast
наброситься	درحال خیز	nabrositsya
обрушиваться	درحال خیز	abrushivatsya
фунт	پوند	funt
стукнуть	پوند	stuknut
лить	ریختن؛ پاشیدن	lit
бедность	تنگی؛ درویشی	bednast
порошок	گرد؛ پودر	parashok
порошкообразный	گردی؛ آردی	parashkaabraznyy
сила	قدرت	sila
мощно	مقتدرانه	moshchno
реальный	پرشدنی؛ قابل اجرا	realnyy
проходимый	پرشدنی؛ قابل اجرا	prakhadimyy
фактически	عملا	fakticheski
практика	تمرین	praktika
тренировочный	تمرین	trenirovachnyy
практиковать	تمرین کردن	praktikavat
упражняться	تمرین کردن	uprazhnyatsya
прерия	چمنزار؛ جلگه	preriya
похвала	تمجید؛ درود	pakhvala
хвала	تمجید؛ درود	khvala
трепаться	حرف مفت زدن	trepatsya
лепетать	حرف مفت زدن	lepetat
помянуть	ذکر؛ نماز کردن	pamyanut
молитва	نماز؛ دعا	malitva
намаз	نماز؛ دعا	namaz
пред-	بر خلاف	pred-
предварительный	بر خلاف	predvaritelnyy
проповедовать	موعظه کردن؛ وعظ کردن	prapavedavat
проповедник	فقیه؛ روضه خوان	prapavednik
проповедующий	موعظه؛ روضه خوانی	propoveduyushchiy
преамбула	مقدمه؛ توضیحات	preambula
предосторожность	اقدام احتیاطی	predastarozhnast
предшествовать	مقدم بودن	predshestvavat
драгоценный	گرانبها	dragatsennyy
манерный	گرانبها	manernyy
торопить	بادست پاچگی؛ ناگهان سقوط کردن	tarapit
уточнять	دقیق	utachnyat
аккурат	دقیقاً	akkurat
предшественница	ماقبل؛ سلف	predshestvennitsa
предопределение	جبر؛ فلسفه جبری	predapredeleniye
предопределённый	جبری	predapredelyonnyy
затруднительное положение	وضع خطرناک؛ وضع نامساعد	zatrudnitelnoye polozheniye
предсказать	پیش‌بینی کردن	predskazat
предсказуемый	قابل پیش‌بینی	predskazuyemyy
прогнозирование	پیشبینی؛ غیبگویی	pragnaziravaniye
господствующий	مستولی	gaspodstvuyushchiy
преобладающий	مستولی	preabladayushchiy
предисловие	مقدمه؛ دیباجه	predisloviye
предпочитать	ترجیح دادن	predpachitat
предпочесть	ترجیح دادن	predpachest
предпочтительный	افضل؛ مرجح	predpachtitelnyy
предпочтение	ترجیح	predpachteniye
предпочитаемый	مقدم؛ مورد علاقه	predpochitayemyy
префикс	پیشوند	prefiks
беременность	باروری؛ حاملگی	beremennast
беременный	آبستن؛ بارور	beremennyy
беременная	آبستن؛ بارور	beremennaya
доисторический	ماقبل تاریخ؛ ماقبل تاریخی	daistaricheskiy
предрассудок	تعصب؛ غرض ورزی	predrassudak
прелиминарный	مقدماتی؛ بدائی	preliminarnyy
прелюдия	قسمت مقدماتی	prelyudiya
преждевременный	زودهنگام	prezhdevremennyy
безвременный	زودهنگام	bezvremennyy
премьер	یک نمایشنامه؛ نخست وزیر	premyer
премьер-министр	یک نمایشنامه؛ نخست وزیر	premyer-ministr
посылка	فرض قبلی؛ فرضیه مقدم	pasylka
предпосылка	فرض قبلی؛ فرضیه مقدم	predpasylka
предчувствие	فکر قبلی	predchuvstviye
озабоченность	گرفتاری؛ کار مقدم	azabochennast
озабоченный	گرفتار	azabochennyy
подготовка	تهیه؛ تمهید	padgatovka
препарат	تهیه؛ تمهید	preparat
подготовительный	تدارکی	padgatavitelnyy
приготовительный	تدارکی	prigatavitelnyy
готовиться	آماده کردن	gatovitsya
подготовить	آماده کردن	padgatovit
перевес	سنگین تری	pereves
засилье	سنگین تری	zasilye
абсурдный	غیر طبیعی	absurdnyy
крайняя плоть	غلفه	kraynyaya plot
препуций	غلفه	preputsiy
прерогатива	امتیاز مخصوص	preragativa
предзнаменование	فال نما	predznamenavaniye
присутствие	حضور؛ وجود	prisutstviye
вручение	عرضه؛ معرفی	vrucheniye
вскоре	فعلا؛ الساعه	vskore
скоро	فعلا؛ الساعه	skoro
предъявление	طرز نمایش	predyavleniye
предохранение	حفظ؛ حراست	predakhraneniye
заповедник	نگاهداری کردن؛ کنسرو میوه	zapovednik
консервант	حافظ؛ حافظه	konservant
президент	رئیس جمهور	prezident
президентский	ریاست جمهوری	prezidentskiy
печать	پرس؛ منگنه	pechat
давление	فشار	davleniye
престиж	حیثیت؛ قدر ومنزلت	prestizh
престижный	حیثیت؛ قدر ومنزلت	prestizhnyy
презумпция	فرض؛ استنباط	prezumptsiya
самонадеянность	فرض؛ استنباط	samanadeyannast
предполагаемый	فرضی	predpolagayemyy
презумптивный	فرضی	prezumptivnyy
выдать	وانمود کردن؛ دعوی کردن	vydat
притворяться	وانمود کردن؛ دعوی کردن	pritvaryatsya
притворство	وانمودسازی	pritvorstvo
притязание	وانمود؛ تظاهر	prityazaniye
зацепка	بهانه؛ عذر	zatsepka
хорошенький	زیبا، نسبتاً	kharoshenkiy
миленький	زیبا، نسبتاً	milenkiy
побеждать	چربیدن؛ غلبه کردن	pabezhdat
преобладание	غلبه؛ رواج	preabladaniye
предупреждать	جلوگیری کردن	preduprezhdat
помешать	جلوگیری کردن	pameshat
предупреждение	منع؛ جلوگیری	preduprezhdeniye
профилактический	پیشگیر؛ پیشگیرنده	prafilakticheskiy
ранее	قبلا؛ سابقا	raneye
терзать	شکار؛ طعمه	terzat
расценка	قیمت	rastsenka
гордость	غرور	gordast
самолюбие	غرور	samalyubiye
священство	کشیش بودن؛ مقام کشیش	svyashchenstva
чопорный	یاسم؛ نوار ابیض	choparnyy
первоначальный	اصلی؛ اولیه	pervanachalnyy
первичный	اصلی؛ اولیه	pervichnyy
грунтовать	درجه یک	gruntavat
загрунтовывать	درجه یک	zagruntovyvat
примитив	اولیه؛ ابتدایی	primitiv
первобытный	اولیه؛ ابتدایی	pervabytnyy
изначальный	اصل نخستین؛ عنصر نخستین	iznachalnyy
принц	شاهزاده؛ امیر	prints
принцесса	شاهزاده‌خانم؛ شاهدخت	printsessa
княгиня	شاهزاده‌خانم؛ شاهدخت	knyaginya
доверитель	اصلی	daveritel
принцип	اصل؛ عنصر	printsip
шрифт	چاپ کردن	shrift
набойщик	پرینتر	naboyshchik
набойщица	پرینتر	naboyshchitsa
печатание	طبع؛ مطبعه	pechataniye
книгопечатание	طبع؛ مطبعه	knigapechataniye
приоритет	اولویت؛ تقدم	priaritet
первичность	اولویت؛ تقدم	pervichnast
уединение	پوشیدگی	uyedineniye
приватность	پوشیدگی	privatnost
солдат	خاص؛ خصوصی	saldat
льгота	امتیاز؛ مصونیت	lgota
привилегия	امتیاز؛ مصونیت	privilegiya
привилегированный	ممتاز؛ مصون	privilegirovannyy
профи	جنبه مثبت	profi
искус	کار آموزی	iskus
проблема	مشکل	prablema
проблематичный	گیج کننده	problematichnyy
процедура	رویه؛ پردازه	pratsedura
отправиться	ادامه دادن	atpravitsya
протокол	شرح مذاکرات	pratakol
обрабатывать	فرآیند	abrabatyvat
переработка	پردازش؛ عمل آوری	pererabotka
процессор	پرداز؛ پردازنده	protsessor
провозгласить	جار؛ جار زدن	pravazglasit
провозглашать	جار؛ جار زدن	pravazglashat
воззвание	جار؛ صلا	vazzvaniye
провозглашение	جار؛ صلا	pravazglasheniye
волокитчик	طفرهرو	valakitchik
мот	پر تجمل	mot
транжира	پر تجمل	tranzhira
умопомрачительный	غیر عادی	umapamrachitelnyy
вундеркинд	اعجوبه	vunderkind
производительный	منبت؛ حاصلضرب	praizvaditelnyy
продуктивный	منبت؛ حاصلضرب	praduktivnyy
продуктивность	کارایی؛ فرآورش	praduktivnast
урожайность	کارایی؛ فرآورش	urazhaynast
исповедовать	ابراز ایمان کردن	ispavedavat
профессия	پیشه؛ کسب	prafessiya
специальность	پیشه؛ کسب	spetsialnast
профессионал	حرفه‌ای	prafessianal
профессионалка	حرفه‌ای	professionalka
профессор	استاد	prafessar
искусный	حاذق	iskusnyy
профиль	پروفایل	profil
профильный	پروفایل	profilnyy
рентабельность	سودبخشی؛ سودمندی	rentabelnast
прибыльность	سودبخشی؛ سودمندی	pribylnast
спекулянт	استفادهچی	spekulyant
барышник	استفادهچی	baryshnik
развратник	فاسد الاخلاق	razvratnik
забулдыга	فاسد الاخلاق	zabuldyga
глубокомысленный	عمیق؛ عمیقانه	glubakamyslennyy
буйный	لبریز؛ سرشار	buynyy
программа	برنامه	pragramma
запрограммировать	برنامه	zapragrammiravat
программирование	برنامه‌نویسی	pragrammiravaniye
прогрессия	تصاعد	pragressiya
прогрессивный	مترقی	pragressivnyy
заказ	منع؛ نهی	zakaz
воспретительный	تحریمی؛ جلوگیری کننده	vaspretitelnyy
запретительный	تحریمی؛ جلوگیری کننده	zapretitelnyy
выступ	برآمدگی؛ پیشرفتگی	vystup
уступ	برآمدگی؛ پیشرفتگی	ustup
пролетарий	رنجور؛ وابسته بکارگر	praletariy
пролетарка	رنجور؛ وابسته بکارگر	praletarka
размножиться	کثیر شدن؛ پربرکت شدن	razmnozhitsya
размножение	تکثیر	razmnozheniye
плодоносный	ولود؛ پرزاآ	plodonosnyy
продолжить	کشاندن؛ کشانیدن	pradolzhit
прогуливаться	گردش رفتن	pragulivatsya
прогуляться	گردش رفتن	pragulyatsya
бугорок	برجستگی؛ پیشامدگی	bugarok
обещание	قول، قول دادن	abeshchaniye
обет	قول، قول دادن	abet
перспективный	امیدوارکننده	perspektivnyy
выдвинуть	درجه دادن؛ تمشیت کردن	vydvinut
промоутер	کارساز؛ مروج	promouter
подсказка	فوری، تحریک کردن	padskazka
подсказать	فوری، تحریک کردن	padskazat
живо	آنا؛ سریعا	zhiva
распростёртый	درازکش	rasprastyortyy
ничком	درازکش	nichkom
проговорить	تلفظ کردن	pragavarit
гранка	علامت؛ اثبات	granka
корректировать	غلط گیری کردن	korrektirovat
доказательства	براهین	dokazatelstva
корректуры	براهین	korrektury
пропагандистский	تبلیغ؛ پروپاگاند	prapagandistskiy
соответствующий	خوب؛ بجا	saatvetstvuyushchiy
правильный	خوب؛ بجا	pravilnyy
пророчество	نبوت؛ رسالت	prarochestva
пророк	نبی؛ رسول	prarok
провидец	نبی؛ رسول	pravidets
вещий	پیغمبری؛ نبوی	veshchiy
пророческий	پیغمبری؛ نبوی	prarocheskiy
пропорция	نسبت	praportsiya
пропорциональность	نسبت	prapartsianalnast
пропорциональный	نسبی؛ به نسبت	prapartsianalnyy
соразмерный	متناسب کردن؛ متناسب شدن	sarazmernyy
пропорционально	به تناسب	proportsionalno
предложенный	پیشنهادی	predlozhennyy
предлагающий	خواستگاری	predlagayushchiy
делающий предложение	خواستگاری	delayushchiy predlozheniye
выдвигать	عنوان کردن	vydvigat
предлагать на рассмотрение	عنوان کردن	predlagat na rassmotreniye
прозаический	نثری؛ کسل کننده	prazaicheskiy
прозаичный	نثری؛ کسل کننده	prazaichnyy
проза	منثور؛ نثر	proza
зажиточный	خوشبخت؛ سعید	zazhitachnyy
простата	پروستات	prastata
прострация	سجود؛ سجده	prastratsiya
защищать	محافظت کردن	zashchishchat
охранять	محافظت کردن	akhranyat
защитный	حفاضی؛ حفاظتی	zashchitnyy
покровитель	مدافع؛ محافظ	pakravitel
протекторат	کشور تحت الحمایه	pratektarat
белок	پروتئین	belok
протеин	پروتئین	pratein
протест	ایراد؛ اعتراض	pratest
протестовать	ایراد؛ اعتراض	pratestavat
протестант	پروتستان	pratestant
протестантский	پروتستان	pratestantskiy
торчать	جلو آمدهبودن	tarchat
выступать	جلو آمدهبودن	vystupat
гордо	مفتخرا؛ دامن کشان	gorda
горделиво	مفتخرا؛ دامن کشان	gardeliva
поговорка	ضرب المثل؛ گفتار حکیمانه	pagavorka
пословица	ضرب المثل؛ گفتار حکیمانه	paslovitsa
промысл	عاقبتاندیشی؛ آینده نگری	promysl
провидение	عاقبتاندیشی؛ آینده نگری	pravideniye
поставщик	رزاق؛ تامین کننده	pastavshchik
снабженец	رزاق؛ تامین کننده	snabzhenets
провинция	ایالت؛ استان	pravintsiya
провинциал	ولایتی؛ استانی	pravintsial
провинциалка	ولایتی؛ استانی	pravintsialka
обеспечение	تهیه؛ توشه	abespecheniye
снабжение	تهیه؛ توشه	snabzheniye
временный	موقت	vremennyy
оговорка	جمله شرطی	agavorka
клаузула	جمله شرطی	klauzula
провокация	تهییج؛ برافروختگی	pravakatsiya
провокационный	برانگیزنده؛ عصبانی کننده	pravakatsionnyy
спровоцировать	تحریک کردن؛ خشمگین کردن	spravatsiravat
ректор	ناظم دانشکده	rektor
рыскать	پرسه زدن	ryskat
шнырять	پرسه زدن	shnyryat
приближённость	نزدیکی؛ قرب	priblizhyonnast
благоразумие	مصلحت؛ حزم	blagarazumiye
предусмотрительный	مدبرانه؛ مصلحتی	predusmatritelnyy
Пруссия	پروس	prussiya
песнопение	سرود روحانی	pesnapeniye
псалом	سرود روحانی	psalom
псевдо-	عملواره	psevdo-
тьфу	علامت تعجب	tfu
фу	علامت تعجب	fu
псориаз	داء الصدف	psoriaz
экстрасенс	روانی؛ پدیده روحی	ekstrasens
психологический	روانشناختی	psikhologicheskiy
психолог	روان شناس	psikholag
психология	روان شناسی؛ معرفه النفس	psikhalogiya
психика	روان شناسی؛ معرفه النفس	psikhika
пивная	میخانه	pivnaya
половая зрелость	تکلیف؛ بلوغ	polovaya zrelost
половое созревание	تکلیف؛ بلوغ	polovoye sozrevaniye
публика	عمومی	publika
издание	منتشر؛ نشر	izdaniye
гласность	تبلیغات	glasnast
опубликовать	منتشر کردن	apublikavat
издать	منتشر کردن	izdat
издатель	ناشر	izdatel
издательница	ناشر	izdatelnitsa
книгоиздательский	انتشارات	knigaizdatelskiy
наморщить	درهم کشیدن؛ جمع شدگی	namorshchit
морщить	درهم کشیدن؛ جمع شدگی	marshchit
пудинг	فرنی	puding
дуновение	پک؛ باد کردن	dunaveniye
одутловатый	باد دار؛ باد کرده	adutlavatyy
блат	کشیدن	blat
натяжение	کشیدن	natyazheniye
лёгочный	ریوی	lyogachnyy
мякоть	مغز؛ مغز ساقه	myakat
пульпа	مغز؛ مغز ساقه	pulpa
пульс	نبض؛ فشار نبض	puls
насос	تلمبه؛ پمپ	nasos
штамп	منگنه؛ مشت زدن	shtamp
точечный	مثل نقطه	tochechnyy
покрытый точками	مثل نقطه	pokrytyy tochkami
исправный	نکته بین؛ نکته سنج	ispravnyy
прокол	پارگی؛ سوراخ کردن	prakol
пункция	پارگی؛ سوراخ کردن	punktsiya
проколотый	پنچر	prokolotyy
наказать	سیاست کردن؛ عذاب کردن	nakazat
казнить	سیاست کردن؛ عذاب کردن	kaznit
кара	عذاب؛ کتک	kara
карательный	کیفری؛ مجازاتی	karatelnyy
панк	پانک	pank
понтировать	لگدزدن	pantiravat
зрачок	مردمک؛ حدقه	zrachok
марионетка	عروسک؛ لعبت	marianetka
покупка	خرید؛ شراء	pakupka
слабительное	پاک سازی	slabitelnaye
очистка	تصفیه؛ تطهیر	achistka
пуританин	پاک دین	puritanin
неиспорченность	صافی؛ صفا	neisporchennast
пурпур	بنفش	purpur
намеренно	عمدا؛ مخصوصا	namerenno
сумочка	کیف؛ غنچه کردن	sumachka
гнать	عقب کردن؛ تعقیب کردن	gnat
гнойный	چرکدار	gnoynyy
гной	چرک	gnoy
поставить	قرار دادن	pastavit
замазка	بتونه؛ زاماسکه	zamazka
головоломка	پازل، معما	galavalomka
озадачить	پازل، معما	azadachit
пирамида	هرم	piramida
квалификация	شرایط لازم	kvalifikatsiya
квалифицировать	واجد شرایط شدن	kvalifitsiravat
выслуживать	واجد شرایط شدن	vysluzhivat
неполадка	ستیزه؛ جدال	nepaladka
свара	ستیزه؛ جدال	svara
рудник	شکار؛ معدن سنگ	rudnik
карьер	شکار؛ معدن سنگ	karyer
королева	ملکه	karaleva
тушить	فرو نشاندن	tushit
заливать	فرو نشاندن	zalivat
искание	طلب؛ جویش	iskaniye
переспросить	سوال؛ پرسیدن	peresprasit
анкета	پرسشنامه	anketa
вопросник	پرسشنامه	vaprosnik
быстрота	تندی؛ فرزی	bystrata
прыть	تندی؛ فرزی	pryt
фунт стерлингов	یک لیره	funt sterlingov
стегать	دواج	stegat
куинси	زهرباد	kuinsi
хина	گنه گنه	khina
бросить	متارکه؛ ول کردن	brosit
завязать	متارکه؛ ول کردن	zavyazat
довольно	کاملاً	davolna
дрожь	ترکش؛ تیر دان	drozh
колчан	ترکش؛ تیر دان	kalchan
донкихотский	خیالپرست	dankikhotskiy
цитата	نقل؛ مظنه	tsitata
кавычка	نقل کردن	kavychka
раввин	خاخام؛ عالم یهودی	ravvin
кролик	خرگوش	krolik
кроликовый	خرگوش	krolikavyy
осатанелый	هار	asatanelyy
бешенство	هاری؛ بیماری هاری	beshenstva
водобоязнь	هاری؛ بیماری هاری	vadabayazn
расовый	نژادی	rasavyy
расизм	نژادپرستی	rasizm
расист	نژادپرست	rasist
расистский	نژادپرست	rasistskiy
рассказчик	داستانسرا	rasskazchik
рассказчица	داستانسرا	rasskazchitsa
лучевой	شعاعی؛ زندی	luchevoy
лучистый	شعاعی؛ زندی	luchistyy
сияние	درخشندگی؛ درخشش	siyaniye
лучезарный	ساطع؛ تابان	luchezarnyy
излучать	تابیدن؛ درخشیدن	izluchat
излучение	تابش	izlucheniye
радиация	تابش	radiatsiya
корень	ریشهای؛ رادیکال	koren
радикал	ریشهای؛ رادیکال	radikal
радио	رادیو	radia
приёмник	رادیو	priyomnik
радий	رادیوم؛ شب چراغ	radiy
радиевый	رادیوم؛ شب چراغ	radiyevyy
радиус	شعاع؛ زند اعلی	radius
тряпка	کهنه؛ جل	tryapka
клок	کهنه؛ جل	klok
оборванный	مرقع	aborvannyy
обшарпанный	مرقع	absharpannyy
поиск	یورش کردن؛ یورش آوردن	poisk
налётчик	یورش برنده	nalyotchik
рейдер	یورش برنده	reyder
рельс	ریل	rels
перила	ریل	perila
железнодорожный	راه آهن؛ خط آهن	zheleznadarozhnyy
чугунка	راه‌آهن	chugunka
дождь	باران، باریدن	dozhd
посыпаться	باران، باریدن	pasypatsya
радуга	رنگین کمان	raduga
осадки	بارندگی	asadki
дождливый	بارانی؛ بارونی	dazhdlivyy
ненастный	بارانی؛ بارونی	nenastnyy
набавка	بلند کردن، افزایش دادن	nabavka
уклон	شن کش	uklon
грабли	شن کش	grabli
баба	غوچ؛ سنبه زدن	baba
баран	غوچ؛ سنبه زدن	baran
ветвиться	منشعب کردن؛ شاخه دادن	vetvitsya
разветвляться	منشعب کردن؛ شاخه دادن	razvetvlyatsya
шомпол	سنبه	shompal
ранчо	دامداری کردن	rancho
затаённая ненависть	کینه	zatayonnaya nenavist
странник	جنگل بان؛ هنگ سوار	strannik
звание	پایه؛ مرتبه	zvaniye
рыться	زیاد کاوش کردن	rytsya
обшарить	زیاد کاوش کردن	absharit
выкуп	فدیهدادن؛ فدیه	vykup
выкупить	فدیهدادن؛ فدیه	vykupit
хищный	حریص؛ درندهخو	khishchnyy
изнасилование	تجاوز بناموس کردن	iznasilavaniye
рапс	تجاوز بناموس کردن	raps
стремнина	سریع؛ تندرو	stremnina
быстрина	سریع؛ تندرو	bystrina
беглость	تندی؛ تیزی	beglast
дружно	به‌سرعت	druzhna
шпага	سخمه	shpaga
восхищённый	هیجان انگیز	vaskhishchyonnyy
редкостный	طرفه؛ نادر	redkastnyy
редко	کمتر؛ نادراً	redka
раритет	ندرت؛ کمیابی	raritet
подлец	رذل؛ پدرسوخته	padlets
проходимец	رذل؛ پدرسوخته	prakhadimets
сыпь	عجول؛ سبکسر	syp
крыса	موش بزرگ	krysa
стукач	موش بزرگ	stukach
скрепить	بتصویب رساندن؛ به تصویب رساندن	skrepit
пайка	جیره؛ جیره کردن	payka
паёк	جیره؛ جیره کردن	payok
рациональный	معقول؛ عقلی	ratsianalnyy
рассудочный	معقول؛ عقلی	rassudachnyy
рационально	منطقا	ratsianalna
колотушка	خسخس؛ خسخس کردن	kalatushka
разорение	نهب؛ بلا زده کردن	razareniye
разорить	نهب؛ بلا زده کردن	razarit
изголодавшийся	دله؛ پر اشتیاق	izgolodavshiysya
сырой	خام؛ نپخته	syroy
скат	پرتو؛ شعاع	skat
плёс	رسیدن	plyos
реагировать	واکنش نشان دادن	reagiravat
отреагировать	واکنش نشان دادن	atreagiravat
реакция	معرفی؛ انعکاس	reaktsiya
реакционер	ارتجاعی؛ مرتجع	reaktsianer
ретроград	ارتجاعی؛ مرتجع	retragrad
реактивный	واکنشی	reaktivnyy
реактор	رآکتور؛ عامل واکنش	reaktar
читать	خواندن	chitat
прочитать	خواندن	prachitat
удобочитаемый	خواندنی؛ قابل خواندن	udabachitayemyy
читатель	خواننده	chitatel
доцент	خواننده	datsent
готовность	آمادگی؛ سازمندی	gatovnast
чтение	خواندن (فعل)	chteniye
чистоган	آماده	chistagan
готовый	آماده	gatovyy
реал	واقعی	real
подоснова	واقعی	padasnova
реализм	رآلیسم؛ واقع بینی	realizm
реалистический	واقع بین	realisticheskiy
действительность	معنی؛ حقیقت	deystvitelnast
реальность	معنی؛ حقیقت	realnast
сфера	قلمرو سلطان	sfera
пожать	درویدن	pazhat
жать	درویدن	zhat
жнейка	درو گر؛ ماشین درو	zhneyka
жнец	درو گر؛ ماشین درو	zhnets
тыл	پشت؛ عقبی	tyl
переставлять	بازچیدن	perestavlyat
переставить	بازچیدن	perestavit
перестановка	باز چینی	perestanovka
причина	دلیل	prichina
повод	دلیل	povad
рассудительный	معقول؛ حسابی	rassuditelnyy
здраво	منطقی	zdrava
резонёр	استدلال کننده	rezanyor
аргументация	استدلال؛ تعقل	argumentatsiya
мятежник	یاغی؛ عاصی	myatezhnik
повстанец	یاغی؛ عاصی	pavstanets
мятежный	عاصی؛ شورشی	myatezhnyy
непокорный	عاصی؛ شورشی	nepakornyy
возрождение	باز زاد؛ تولد مجدد	vazrazhdeniye
рикошет	اعاده؛ پس زدن	rikashet
отскочить	اعاده؛ پس زدن	atskachit
отстроить	بازسازی کردن	atstroit
перестраивать	بازسازی کردن	perestraivat
отповедь	زخم زبان	otpaved
отозвание	یاد آوردن؛ فرا خواندن	atazvaniye
переливать	ازنو ریختن	perelivat
отступить	دور شدن؛ پس رفتن	atstupit
получение	دریافت؛ رسید	palucheniye
поступление	دریافت؛ رسید	pastupleniye
короб	گیرنده	korab
недавний	اخیر	nedavniy
недавно	اخیراً	nedavna
восприимчивый	شنوا	vaspriimchivyy
рецептивный	شنوا	retseptivnyy
клеточный рецептор	گیرنده؛ ستاره مساعد	kletochnyy retseptor
рецептор	گیرنده؛ ستاره مساعد	retseptor
спад	رکود	spad
рецессия	رکود	retsessiya
получатель	دریافت کننده؛ وصول کننده	paluchatel
получательница	دریافت کننده؛ وصول کننده	paluchatelnitsa
ответный	معکوس	atvetnyy
взаимность	مقابله؛ عمل متقابل	vzaimnast
декламация	قرائت؛ قراعت	deklamatsiya
декламировать	انشاد کردن؛ از برخواندن	deklamiravat
продекламировать	انشاد کردن؛ از برخواندن	pradeklamiravat
считаться	محاسبه کردن	schitatsya
расплатиться	محاسبه کردن	rasplatitsya
возвращать	استرداد کردن؛ استرداد نمودن	vozvrashchat
восстанавливать	استرداد کردن؛ استرداد نمودن	vosstanavlivat
рекламация	استرداد؛ احیا اراضی	reklamatsiya
распознавание	شناخت	raspaznavaniye
распознаваемый	شناخت پذیر	raspaznavayemyy
узнавать	تشخیص دادن	uznavat
откат	فنری بودن	atkat
вспомнить	دوباره جمع کردن	vspomnit
вспоминать	دوباره جمع کردن	vspaminat
рекомендовать	توصیه کردن	rekamendavat
порекомендовать	توصیه کردن	parekamendavat
аттестат	نظریه؛ توصیه	attestat
примириться	آشتی کردن؛ صلح دادن	primiritsya
уладить	آشتی کردن؛ صلح دادن	uladit
пересмотреть	تجدید نظر؛ تجدید نظر کردن	peresmatret
пересматривать	تجدید نظر؛ تجدید نظر کردن	peresmatrivat
рекорд	ضبط کردن، رکورد	rekord
рекордер	وقایع نویس	rekorder
магнитофон	وقایع نویس	magnitofon
занесение	ضبط	zaneseniye
регистрирующий	ضبط	registriruyushchiy
обращение за помощью	توسل	obrashcheniye za pomoshchyu
средство защиты	توسل	sredstvo zashchity
вернуть	خوب شدن؛ باز یافتن	vernut
выздоровление	بهبودی، بازیابی	vyzdaravleniye
отдых	تفریح؛ نزهت	otdykh
развлекательный	تفریحی	razvlekatelnyy
новобранец	استخدام کردن	navabranets
рекрут	استخدام کردن	rekrut
прямоугольный	مستطیلی؛ راست گوشه	pryamaugolnyy
прямая кишка	روده راست	pryamaya kishka
ректум	روده راست	rektum
восстанавливаться	نیروی تازه یافتن	vosstanavlivatsya
поправляться	نیروی تازه یافتن	popravlyatsya
восстановительный	اعاده دهنده؛ بهبودی بخش	vosstanovitelnyy
возвращаться	تکرار شدن	vazvrashchatsya
повторяться	تکرار شدن	pavtaryatsya
возвращение	تکرار؛ باز رخدادن	vazvrashcheniye
рецидив	تکرار؛ باز رخدادن	retsidiv
возвратный	برگردنده؛ عود کننده	vazvratnyy
рециркулировать	بازیافت کردن	retsirkulirovat
перерабатывать	بازیافت کردن	pererabatyvat
красноватый	مایل بقرمز	krasnavatyy
рыжеватый	مایل بقرمز	ryzhevatyy
выкупать	فدیهدادن	vykupat
краснота	سرخی؛ حمره	krasnata
восстановление	کاهش؛ تنزل	vasstanavleniye
избыточный	حشوی؛ رمزافزونه	izbytachnyy
риф	جزیره نما؛ مرض جرب	rif
переизбрание	تجدید انتخاب	pereizbraniye
перевыборы	تجدید انتخاب	perevybory
направить	ارجاع دادن	napravit
судить	داور	sudit
референдум	رفراندوم؛ رفراندم	referendum
добавка	دوباره پر کردن	dobavka
рафинирование	قال	rafinirovaniye
размышлять	اندیشیدن؛ بازتابیدن	razmyshlyat
рефлекс	ارتجاع؛ عکسالعمل	refleks
рефлекторный	ارتجاع؛ عکسالعمل	reflektornyy
реформа	اصلاح؛ بهسازی	reforma
преобразование	اصلاح؛ بهسازی	preabrazavaniye
реформатор	بهساز؛ مصلح	refarmatar
преобразователь	بهساز؛ مصلح	preabrazavatel
непослушный	گردن کش؛ دیر گداز	nepaslushnyy
припев	روگردان بودن؛ خود داری کردن	pripev
рефрен	روگردان بودن؛ خود داری کردن	refren
подкрепить	حال آمدن؛ تجدید نیرو کردن	padkrepit
освежать	حال آمدن؛ تجدید نیرو کردن	asvezhat
освежительный	گوارا؛ مفرح	asvezhitelnyy
подкрепление	نیرو بخشی	padkrepleniye
замораживание	تبرید؛ سرد سازی	zamorazhivaniye
рефрижератор	یخچال؛ یخچال برقی	refrizheratar
беженец	پناهنده	bezhenets
беженка	پناهنده	bezhenka
отбросы	رد کردن	atbrosy
вновь обрести	باز یافتن؛ دوباره پیدا کردن	vnov obresti
расценить	مبالات؛ وقع	rastsenit
невзирая	صرفنظر از	nevziraya
перерождение	ترمیم؛ تولید مجدد	pererazhdeniye
регенерация	ترمیم؛ تولید مجدد	regeneratsiya
режим	رژیم	rezhim
полк	هنگ	polk
полковой	لباس هنگ؛ لباس افسری	palkavoy
областной	منطقهای؛ اقلیمی	ablastnoy
региональный	منطقهای؛ اقلیمی	regianalnyy
регистратор	ثبت کننده؛ مدیر دروس	registratar
регистраторша	ثبت کننده؛ مدیر دروس	registratarsha
регистрация	ثبت‌نام	registratsiya
прискорбие	تاسف؛ اسف	priskorbiye
опечаленный	متاسف؛ نادم	opechalennyy
с сожалением	معاللتسلف؛ مع التاسف	s sozhaleniyem
правильность	باقاعدگی	pravilnast
мерность	باقاعدگی	mernast
регулировать	تنظیم کردن	reguliravat
урегулирование	تنظیم؛ مقرره	ureguliravaniye
регулирующий	تنظیمی	reguliruyushchiy
нормативный	تنظیمی	normativnyy
реабилитация	توانبخشی؛ نوتوانی	reabilitatsiya
реабилитационный	توانبخشی؛ نوتوانی	reabilitatsionnyy
репетиция	تمرین؛ تمرین نمایش	repetitsiya
репетиционный	تمرین؛ تمرین نمایش	repetitsionnyy
вожжа	عنان؛ لجام	vazhzha
усилить	تقویت کردن	usilit
пополнение	تقویت؛ تجدید قوا	papalneniye
восстановить	دوباره برقرار کردن؛ دوباره بکار انداختن	vasstanavit
радоваться	شادی کردن؛ خوشی کردن	radavatsya
ликовать	شادی کردن؛ خوشی کردن	likavat
родственник	رابطه؛ نسبت	rodstvennik
родня	منسوب؛ نسبی	radnya
относительно	نسبتا	atnasitelna
расслабление	استراحت کردن	rasslableniye
расслабиться	استراحت کردن	rasslabitsya
увольнение	آزادی؛ انتشار	uvalneniye
смягчаться	نرم شدن؛ رحم بدل آوردن	smyagchatsya
беспощадный	بی امان؛ بی مروت	bespashchadnyy
неумолимый	بی امان؛ بی مروت	neumalimyy
актуальность	ربط	aktualnost
уместность	ربط	umestnost
актуальный	مربوط؛ متناسب	aktualnyy
нелишний	مربوط؛ متناسب	nelishniy
надёжность	اعتبار	nadyozhnast
солидность	اعتبار	salidnast
надёжный	حسابی؛ معتبر	nadyozhnyy
реликвия	آثار مقدس	relikviya
мощи	آثار مقدس	moshchi
сменить	تسکین دادن	smenit
облегчённый	آسوده خاطر	ablegchyonnyy
приправа	رغبت؛ مزه آوردن	priprava
неохота	اکراه؛ رغم	neakhota
неохотный	بیرغبت؛ بیمیل	neokhotnyy
неохотно	بالاکراه	neakhotna
надеяться	اتکا کردن؛ استناد کردن	nadeyatsya
полагаться	اتکا کردن؛ استناد کردن	palagatsya
остаться	باقی ماندن	astatsya
оставаться	باقی ماندن	astavatsya
последки	مانده؛ مابقی	pasledki
выдающийся	قابل توجه	vydayushchiysya
замечательно	به طور قابل توجهی	zamechatelna
повторный брак	ازدواج مجدد؛ تجدید فراش	povtornyy brak
вступить в повторный брак	تجدید فراش کردن	vstupit v povtornyy brak
средство	چاره؛ درمان	sredstvo
помнить	به یاد آوردن	pomnit
напоминать	متوجه کردن؛ یادآوری کردن	napaminat
напомнить	متوجه کردن؛ یادآوری کردن	napomnit
реминисценция	خاطره؛ یاد بود	reministsentsiya
отпущение	بهبودی بیماری	atpushcheniye
пережиток	بقیه السیف	perezhitak
раскаяние	افسوس؛ پشیمانی	raskayaniye
отдалённость	دوری	atdalyonnast
съёмный	بردنی؛ برداشتنی	syomnyy
отъёмный	بردنی؛ برداشتنی	atyomnyy
съёмка	عزل؛ فک	syomka
оказать	تسلیم داشتن	akazat
оказывать	تسلیم داشتن	akazyvat
свиданье	میعاد؛ وعدهگاه	svidanye
разрывающий	هتک	razryvayushchiy
раскалывающий	هتک	raskalyvayushchiy
отщепенец	یاغی	atshchepenets
ренегат	یاغی	renegat
обновление	تجدید؛ بازنوکنی	abnavleniye
квартплата	اجاره؛ کرایه	kvartplata
напрокат	کرایه؛ اجارهای	naprakat
арендатор	اجاره دهنده؛ اجاره نشین	arendator
репс	زن هرزه؛ مرد هرزه	reps
ремонт	تعمیر کردن	remont
репарация	غرامت؛ جبران غرامت	reparatsiya
репарационный	غرامت؛ جبران غرامت	reparatsionnyy
заплатить	باز پرداختن	zaplatit
возврат	غرامت؛ بازپرداخت	vazvrat
отплата	غرامت؛ بازپرداخت	atplata
повторить	تکرار کردن	pavtarit
повторять	تکرار کردن	pavtaryat
неоднократно	مجددا؛ علیالتوالی	neadnakratna
многократно	مجددا؛ علیالتوالی	mnagakratna
отражать	دفع کردن	atrazhat
отбить	دفع کردن	atbit
отталкивающий	دافع؛ دافعه	attalkivayushchiy
каяться	توبه کردن؛ اصلاح شدن	kayatsya
покаяться	توبه کردن؛ اصلاح شدن	pakayatsya
покаяние	توبه	pakayaniye
повторение	تکرار؛ بازگو	pavtareniye
повторяемость	تکرار؛ بازگو	pavtaryayemast
заменить	جایگزین کردن	zamenit
смена	تعویض؛ جابجائی	smena
репортёр	خبرنگار	repartyor
отдохновение	دراز کشیدن	atdakhnaveniye
покоиться	دراز کشیدن	pakoitsya
предосудительный	ناستوده؛ سرزنش کردنی	predasuditelnyy
представитель	نماینده؛ حالیکننده	predstavitel
репрессия	سرکوبی	repressiya
подавление	سرکوبی	padavleniye
расправа	جبران	rasprava
укор	توبیخ؛ ملامت	ukor
воспроизвести	تکثیر کردن؛ تناسل کردن	vaspraizvesti
репродукция	تکثیر؛ تناسل	repraduktsiya
воспроизводительный	تناسلی	vaspraizvaditelnyy
гад	خزنده	gad
пресмыкающееся	خزنده	presmykayushcheyesya
республика	جمهوری	respublika
республиканец	جمهوری‌خواه	respublikanets
республиканка	جمهوری‌خواه	respublikanka
с хорошей репутацией	نیکنام؛ خوشنام	s khoroshey reputatsiyey
требоваться	طلبیدن؛ مستلزمبودن	trebavatsya
изыскание	پژوهش، پژوهش کردن	izyskaniye
сходство	شباهت؛ تشابه	skhodstva
обидеться	اظهار رنجش کردن	abidetsya
обижаться	اظهار رنجش کردن	abizhatsya
запас	ذخیره؛ محفوظ کردن	zapas
резерв	ذخیره؛ محفوظ کردن	rezerv
водоём	مخزن؛ آب انبار	vadayom
водохранилище	مخزن؛ آب انبار	vadakhranilishche
проживать	اقامت کردن؛ منزل کردن	prazhivat
пребывать	اقامت کردن؛ منزل کردن	prebyvat
жительство	اقامت؛ مسکن	zhitelstva
резиденция	اقامت؛ مسکن	rezidentsiya
жилой	محلی؛ مسکونی	zhiloy
отказываться от должности	استعفا دادن	otkazyvatsya ot dolzhnosti
уходить в отставку	استعفا دادن	ukhodit v otstavku
смола	رزین؛ راتیانج	smala
устоять	مقاومت کردن؛ ایستادگی کردن	ustayat
отпор	مقاومت؛ استقامت	atpor
сопротивляющийся	مقاوم	saprativlyayushchiysya
волевой	مصمم؛ باعزم	valevoy
резонанс	پرطنینی؛ ایجاد طنین	rezanans
звонкий	پرطنین؛ طنین دار	zvonkiy
гулкий	پرطنین؛ طنین دار	gulkiy
ресурс	توسل؛ تمسک کردن	resurs
прибежать	توسل؛ تمسک کردن	pribezhat
респектабельность	نیکنامی	respektabelnast
почтительный	حرمتی؛ احترامی	pachtitelnyy
уважительный	حرمتی؛ احترامی	uvazhitelnyy
уважительно	محترمانه؛ محترما	uvazhitelno
в указанном порядке	بترتیب؛ به ترتیب	v ukazannom poryadke
дыхательный	تنفسی	dykhatelnyy
респираторный	تنفسی	respiratornyy
передышка	مهلت؛ فرجه دادن	peredyshka
отвечать	پاسخ دادن	atvechat
респондент	واکنش دار	respandent
ответственность	وظیفه؛ عهده	atvetstvennast
отзывчивый	جوابی؛ پاسخی	atzyvchivyy
повторное изложение	بیان مجدد	povtornoye izlozheniye
ресторан	رستوران	restaran
спокойный	غنوده؛ راحتبخش	spokoynyy
способствующий отдыху	غنوده؛ راحتبخش	sposobstvuyushchiy otdykhu
беспокойный	کله شق	bespakoynyy
норовистый	کله شق	naravistyy
неспокойный	بی قرار؛ بی خواب	nespakoynyy
непоседливость	ناصبوری؛ بی آرامی	nepasedlivast
неусидчивость	ناصبوری؛ بی آرامی	neusidchivast
реставрация	تجدید؛ بازسازی	restavratsiya
ограничить	محدود کردن	agranichit
ограничивать	محدود کردن	agranichivat
итог	نتیجه	itog
равнодействующий	برآیند؛ منتجه	ravnadeystvuyushchiy
резюме	از سر گرفتن	rezyume
возобновить	از سر گرفتن	vazabnavit
возобновление	ادامه؛ باز یافت	vazabnavleniye
воскресение	حشر؛ رستاخیز	vaskreseniye
воскрешение	حشر؛ رستاخیز	vaskresheniye
розница	خرده فروشی	roznitsa
розничный	خرده فروشی	roznichnyy
розничный торговец	خرده فروش	roznichnyy torgovets
ритейлер	خرده فروش	riteyler
розничная торговля	خرده فروشی	roznichnaya torgovlya
возмездие	تلافی؛ تقص	vozmezdiye
воздаяние	تلافی؛ تقص	vozdayaniye
удержание	حبس	uderzhaniye
неразговорчивый	کم گو؛ کم حرف	nerazgavorchivyy
скрытный	کم گو؛ کم حرف	skrytnyy
удаляться	بازنشسته کردن؛ منزوی شدن	udalyatsya
уволиться	بازنشسته کردن؛ منزوی شدن	uvolitsya
вбирать	در کشیدن؛ نکول کردن	vbirat
ретракция	نکول؛ استغفار	retraktsiya
воссоединение	باز پیوست؛ بهم پیوستگی	vassayedineniye
воссоединять	دوباره متحد کردن؛ دوباره یکی شدن	vassayedinyat
воссоединяться	دوباره متحد کردن؛ دوباره یکی شدن	vassayedinyatsya
увеличивать обороты	تند گشتن	uvelichivat oboroty
оборот двигателя	تند گشتن	oborot dvigatelya
обнаружить	آشکار کردن؛ ظاهر کردن	abnaruzhit
откровение	الهام؛ مکاشفه	atkraveniye
пиршество	عیاشی	pirshestva
разгул	عیاشی	razgul
месть	انتقام؛ خونخواهی	mest
реванш	انتقام؛ خونخواهی	revansh
отражаться	ولوله انداختن	atrazhatsya
реверберация	طنین	reverberatsiya
почитание	حرمت؛ تکریم	pachitaniye
благоговейный	حرمتی؛ احترامی	blagagaveynyy
почтительно	احتراماً	pochtitelno
благоговейно	احتراماً	blagogoveyno
задумчивость	خیال خام؛ خیال واهی	zadumchivast
грёза	خیال خام؛ خیال واهی	gryoza
сводка	تجدید نظر کردن	svodka
ревизия	تجدید نظر کردن	reviziya
пересмотр	بازنگری	peresmotr
ожить	احیا کردن؛ احیاء کردن	azhit
воскреснуть	احیا کردن؛ احیاء کردن	vaskresnut
мятеж	طغیان؛ اغتشاش	myatezh
революция	انقلاب	revalyutsiya
революционер	انقلابی؛ آشوبگر	revalyutsianer
революционерка	انقلابی؛ آشوبگر	revalyutsianerka
вращаться	دور زدن	vrashchatsya
наган	رولور؛ ششلول	nagan
риторика	لفاظی؛ خطابت	ritorika
ревматик	روماتیسمی	revmatik
ревматический	روماتیسمی	revmaticheskiy
стишок	پساوند؛ قافیه ساختن	stishok
ритм	ضرب؛ نواخت	ritm
ритмический	مسجع؛ پرنواخت	ritmicheskiy
ленточка	نوار؛ روبان	lentachka
рис	برنج	ris
рисовый	برنج	risavyy
богатый	ثروتمند	bagatyy
богатство	خرپولی	bagatstva
избавлять	خلاص کردن؛ رهانیدن از	izbavlyat
избавить	خلاص کردن؛ رهانیدن از	izbavit
езда	سواری؛ سواری، سوار شدن	yezda
ездить	سواری؛ سواری، سوار شدن	yezdit
хребет	خرپشته؛ مرز بندی کردن	khrebet
высмеять	ریشخند؛ استهزا	vysmeyat
винтовка	تفنگ؛ عده تفنگدار	vintovka
ружьё	تفنگ؛ عده تفنگدار	ruzhyo
расселина	شکاف؛ شکاف دهنده	rasselina
правый	درست، سمت راست	pravyy
праведность	حق گذاری	pravednost
жёсткий	نرم نشو	zhyostkiy
негибкий	نرم نشو	negibkiy
обод	کمانه؛ زهوار	obad
кольцо	حلقه؛ زنگ زدن	kaltso
перстень	حلقه؛ زنگ زدن	persten
главарь	سر دسته؛ سر حلقه	glavar
заводила	سر دسته؛ سر حلقه	zavadila
полоскание	مظمظه؛ غر غره	palaskaniye
рвать	درانیدن؛ چاک دادن	rvat
пороть	درانیدن؛ چاک دادن	parot
зрелый	رسیده؛ چیدنی	zrelyy
спелый	رسیده؛ چیدنی	spelyy
повышение	بالا رفتن	pavysheniye
риск	خطر؛ ریسک	risk
рискованный	پرخطر	riskovannyy
ритуал	آداب نماز	ritual
ритуальный	آداب نماز	ritualnyy
соперник	رقیب	sapernik
соперничество	رقابت؛ همچشمی	sapernichestva
река	رودخانه	reka
речной	رودخانه	rechnoy
заклёпка	پرچه؛ پرچ کردن	zaklyopka
наклёпка	پرچه؛ پرچ کردن	naklyopka
рейд	جاده	reyd
придорожный	کنار جاده	pridarozhnyy
проезжая часть	شوسه؛ زمین جاده	proyezzhaya chast
бродить	پرسه زدن	bradit
шататься	پرسه زدن	shatatsya
чалый	تیماج؛ زرپور	chalyy
жаркое	برشتن؛ سرخ کردن	zharkoye
разбойник	چپاولگر؛ غارتگر	razboynik
облачить	خرقه؛ حله	ablachit
камень	راک (موسیقی)؛ صخره	kamen
скала	راک (موسیقی)؛ صخره	skala
взмыть	موشک	vzmyt
каменистый	سنگی؛ صخرهای	kamenistyy
скалистый	سنگی؛ صخرهای	skalistyy
удочка	میله؛ میل	udachka
прут	میله؛ میل	prut
жук	رند	zhuk
роль	نقش	rol
амплуа	نقش	amplua
вал	نورد؛ منگنه	val
римлянин	رومی	rimlyanin
римлянка	رومی	rimlyanka
романтика	عاشقانه	ramantika
романтик	خیالپرست؛ غیر ممکن	ramantik
романтический	خیالپرست؛ غیر ممکن	ramanticheskiy
Рим	رم؛ روم	rim
крыша	سقف	krysha
грач	رخ؛ شاهرخ	grach
комната	اتاق	komnata
трос	بند؛ طناب	tros
розарий	تسبیح	razariy
роза	گل رز	roza
розовый	گلرنگ؛ گل پاشیده	rozavyy
румяный	گلرنگ؛ گل پاشیده	rumyanyy
чепуха	پوسیدن؛ گندیدن	chepukha
вращать	چرخان؛ دوران کردن	vrashchat
вращение	گشتن؛ چرخه	vrashcheniye
гнилой	فاسد؛ ضایع	gniloy
бурный	زبر؛ زمخت	burnyy
грубо	تقریباً	gruba
грубость	زبری؛ ناصافی	grubast
обход	گرد، دور	abkhod
возбудить	رماندن	vazbudit
добудиться	منبه	dabuditsya
раут	هزیمت؛ تار و مار کردن	raut
маршрут	مسیر	marshrut
распорядок	روتین	rasparyadak
царский	سلطنتی؛ شاهانه	tsarskiy
роялист	شاه پرست؛ طرفدار سلطنت	rayalist
роялистский	شاه پرست؛ طرفدار سلطنت	rayalistskiy
роялти	حقالامتیاز؛ حق امتیاز	royalti
королевская семья	حقالامتیاز؛ حق امتیاز	korolevskaya semya
потереть	مالیدن؛ ساییدن	pateret
резина	لاستیک؛ لاستیکی	rezina
каучук	لاستیک؛ لاستیکی	kauchuk
рубль	منات	rubl
грубый	گستاخ	grubyy
рута	سداب	ruta
волновать	ناصاف کردن	valnavat
взволновать	ناصاف کردن	vzvalnavat
развалина	خراب کردن، خرابی	razvalina
правитель	فرمانروا؛ حکمران	pravitel
разграфление	حاکم؛ حکمفرما	razgrafleniye
правящий	حاکم؛ حکمفرما	pravyashchiy
ром	عرق نیشکر	rom
слухи	چو؛ شایعه	slukhi
молва	شهرت دادن	malva
бег	دویدن	beg
беглый	دررفته؛ فراری	beglyy
ступенька	اسپوک؛ پله نردبان	stupenka
деревенский	رعیتی	derevenskiy
сельский	رعیتی	selskiy
Россия	روسیه	rassiya
русский	روسی؛ زبان روسی	russkiy
российский	روسی؛ زبان روسی	rassiyskiy
ржавчина	زنگ؛ زنگار	rzhavchina
заржаветь	زنگ؛ زنگار	zarzhavet
шорох	خشخش؛ خش خش کردن	shorakh
шелест	خشخش؛ خش خش کردن	shelest
ржавый	زنگ زده	rzhavyy
заржавленный	زنگ زده	zarzhavlennyy
беспощадно	ظالمانه؛ بیرحمانه	besposhchadno
безжалостно	ظالمانه؛ بیرحمانه	bezzhalostno
рожь	چاودار	rozh
ржаной	چاودار	rzhanoy
сабля	باشمشیر زدن	sablya
соболь	سمور	sobal
соболиный	سمور	sabalinyy
куль	تبره؛ خورجین	kul
священный	مقدس؛ حرام	svyashchennyy
грустный	غمگین	grustnyy
печалить	افسردن؛ افسرده کردن	pechalit
седло	زین؛ غاشیه	sedlo
седловина	زین؛ غاشیه	sedlavina
грустно	با ناراحتی	grustna
печально	با ناراحتی	pechalna
сейф	امن	seyf
безопасный	امن	bezapasnyy
обезопасить	صیانت کردن؛ امن نگهداشتن	abezapasit
безопасность	اطمینان؛ امان	bezapasnast
сохранность	اطمینان؛ امان	sakhrannast
шафранный	زعفران؛ سورنجان	shafrannyy
шафрановый	زعفران؛ سورنجان	shafranovyy
мудрецы	عقلا	mudretsy
сагиттальный	پیکانی	sagittalnyy
крыло	دریانوردی کردن	krylo
парус	دریانوردی کردن	parus
моряк	ناوی؛ دریانورد	maryak
матрос	ناوی؛ دریانورد	matros
угодник	مقدس شمردن	ugodnik
святитель	مقدس شمردن	svyatitel
сакэ	خاطر	sake
саке	خاطر	sake
салат	سالاد	salat
продажа	فروش	pradazha
продавец	فروشنده	pradavets
соляной	نمک دار؛ درجه شوری	solyanoy
солевой	نمک دار؛ درجه شوری	solevoy
слюна	تف؛ بزاق	slyuna
лосось	ماهی آزاد	lasos
сёмга	ماهی آزاد	syomga
салон	آرایشگاه	salon
солить	نمک	salit
спасительный	درودی؛ سلامت بخش	spasitelnyy
Сэм	سام	sem
зенитная ракета	سام	zenitnaya raketa
тот же	یکسان	tot zhe
проба	نمونه؛ الگو	proba
санкция	ضمانت اجراء	sanktsiya
святилище	بست؛ تحصن	svyatilishche
отшлифовать	شن؛ ریگ	atshlifavat
песчаник	سنگ سیاه؛ ماسه سنگ	peschanik
бутерброд	ساندویچ	buterbrod
сандвич	ساندویچ	sandvich
сангвина	دموی	sangvina
санитарный	بهداشتی؛ صحی	sanitarnyy
гигиенический	بهداشتی؛ صحی	gigiyenicheskiy
санта	پاپانول	santa
подкоп	شیره؛ شیره گیاهی	padkop
сарказм	کنایه؛ متلک	sarkazm
едкость	کنایه؛ متلک	yedkast
зубастый	گوشه؛ نیشدار	zubastyy
саркастичный	گوشه؛ نیشدار	sarkastichnyy
саркастически	کنایه آمیز	sarkasticheski
саркома	سارکوم؛ تومور بدخیم	sarkoma
сардонический	کنایه آمیز	sardanicheskiy
насытить	فرو نشاندن	nasytit
насыщать	فرو نشاندن	nasyshchat
сателлит	قمر؛ ماهواره	satellit
атлас	اطلس؛ ساتین	atlas
сатинировать	اطلس؛ ساتین	satiniravat
сатира	هجا؛ طنز	satira
сатирический	هزلی	satiricheskiy
сатирик	طنز نویس	satirik
удовлетворительный	مرضی؛ رضایت بخش	udavletvaritelnyy
посредственный	مرضی؛ رضایت بخش	pasredstvennyy
утоление	اقناع؛ ارضاء	utaleniye
насыщенный	سیراب؛ سیر شده	nasyshchennyy
пропитанный	سیراب؛ سیر شده	propitannyy
суббота	شنبه	subbota
соус	سس	sous
блюдце	نعلبکی؛ بشقاب کوچک	blyudtse
блюдечко	نعلبکی؛ بشقاب کوچک	blyudechka
колбаса	کالباس؛ سوسیس	kalbasa
сосиска	کالباس؛ سوسیس	sasiska
дикарь	وحشی؛ سبع	dikar
дикарка	وحشی؛ سبع	dikarka
жестоко	وحشیانه	zhestoko
дико	وحشیانه	diko
учёные	عقلا	uchyonyye
спасти	ذخیره کردن، نجات دادن	spasti
хранить	ذخیره کردن، نجات دادن	khranit
спаситель	ناجی؛ منجی	spasitel
солёный	با مزه؛ مورد پسند	salyonyy
опилки	خاک اره	apilki
саксонец	ساکسون	saksonets
саксонка	ساکسون	saksonka
сказать	گفتن	skazat
рассказать	گفتن	rasskazat
болячка	گری	balyachka
ножны	نیام؛ غلاف شمشیر	nozhny
помост	داربست؛ چوب بست	pamost
эшафот	داربست؛ چوب بست	eshafot
подмостки	داربستبندی	padmostki
подмости	داربستبندی	podmasti
скальд	آب پز کردن	skald
обжечь	آب پز کردن	abzhech
скальп	فرق سر	skalp
оскальпировать	فرق سر	askalpiravat
пробежать	ور انداز کردن؛ اجمالا مرور کردن	prabezhat
скандал	رسوایی	skandal
скандальный	افتراآمیز	skandalnyy
развёртка	مرور اجمالی	razvyortka
скупиться	کم دادن؛ بخیلانه دادن	skupitsya
поскупиться	کم دادن؛ بخیلانه دادن	paskupitsya
лопатка	استخوان پهن	lopatka
шрам	اثر زخم داشتن	shram
оскуделый	کمیاب	askudelyy
оскудение	کمی؛ قحطی	askudeniye
скудость	کمی؛ قحطی	skudast
испуганный	ترسیده	ispugannyy
напуганный	ترسیده	napugannyy
шарф	شال؛ روسری	sharf
кашне	شال؛ روسری	kashne
алый	شله؛ سرخ شدگی	alyy
страшно	ترسناک	strashna
рассыпаться	پراکندن؛ پخش کردن	rassypatsya
разбросать	پراکندن؛ پخش کردن	razbrasat
сценарий	سناریو	stsenariy
киносценарий	سناریو	kinastsenariy
декорация	صحنه سازی	dekaratsiya
чутьё	عطر؛ رایحه	chutyo
нюх	عطر؛ رایحه	nyukh
надушенный	معطر؛ بودار	nadushennyy
скептический	شکاک	skepticheskiy
расписание	برنامه، برنامه‌ریزی کردن	raspisaniye
схизма	اختلاف وتفرقهدرکلیسا	skhizma
учёный	محقق	uchyonyy
стипендиат	بورسیه	stipendiat
школа	مدرسه	shkola
школьник	پسر مدرسه؛ پسر مدرسه ای	shkolnik
учащийся	پسر مدرسه؛ پسر مدرسه ای	uchashchiysya
школьный учитель	مکتب دار؛ ناظم مدرسه	shkolnyy uchitel
шхуна	گاری سفری	shkhuna
естествознание	علم	yestestvaznaniye
научный	علمی	nauchnyy
естествовед	دانشمند	yestestvaved
ножницы	مقراض؛ قطع کننده	nozhnitsy
мегера	عتاب؛ بدحرفی کردن	megera
покрыть	عتاب؛ بدحرفی کردن	pakryt
ложечка	چمچه؛ کج بیل	lozhechka
партитура	امتیاز، امتیاز گرفتن	partitura
забить	امتیاز، امتیاز گرفتن	zabit
пренебрежительность	استهزاء؛ خردانگاری	prenebrezhitelnast
тормозной башмак	مردد بودن؛ ویسکی اسکاتلندی	tormoznoy bashmak
клин	مردد بودن؛ ویسکی اسکاتلندی	klin
Шотландия	اسکاتلند	shatlandiya
негодяй	ارقه	negadyay
мерзавец	ارقه	merzavets
исполосовать	وسیله تنبیه؛ غضب خداوند	ispalasavat
разведчик	پیشاهنگ؛ پیشاهنگی کردن	razvedchik
лазутчик	پیشاهنگ؛ پیشاهنگی کردن	lazutchik
шаланда	قایق تفریحی؛ وته پهن	shalanda
клочок	قراضه	klachok
обрывок	قراضه	abryvak
скрежет	ستردن؛ ساییدن	skrezhet
передряга	ستردن؛ ساییدن	peredryaga
каракуль	گشاد نشستن	karakul
царапать	گشاد نشستن	tsarapat
экран	صفحه نمایش	ekran
экранизация	غربالگری	ekranizatsiya
отсеивание	غربالگری	atseivaniye
винт	پیچ؛ پیچ کردن	vint
гайка	پیچ؛ پیچ کردن	gayka
писанина	بد نوشتن	pisanina
каракуля	بد نوشتن	karakulya
писание	کتاب آسمانی	pisaniye
священное писание	کتاب آسمانی	svyashchennoye pisaniye
драить	مالیدن؛ تیغستان	drait
надраить	مالیدن؛ تیغستان	nadrait
стесняться	وسواس؛ نهی اخلاقی	stesnyatsya
совеститься	وسواس؛ نهی اخلاقی	sovestitsya
внимательно изучающий	مدقق؛ تدقیق	vnimatelno izuchayushchiy
рассмотрение	مداقه؛ بررسی دقیق	rassmatreniye
драка	کشمکش کردن	draka
скульптор	حجار؛ صورتگر	skulptar
ваятель	حجار؛ صورتگر	vayatel
скульптура	مجسمهسازی	skulptura
изваяние	مجسمهسازی	izvayaniye
мчаться	مسابقه کوتاه	mchatsya
нестись	مسابقه کوتاه	nestis
иллюминатор	ذغالدان؛ گام تند	illyuminator
затоплять	ذغالدان؛ گام تند	zatoplyat
закашивать	درو کردن؛ با داس بردن	zakashivat
скиф	سیت	skif
скифский	سیت	skifskiy
морское побережье	دریا کنار	morskoye poberezhye
тюлень	سیل؛ پلمب	tyulen
швы	درزگیری کردن؛ درز گرفتن	shvy
стыки	درزگیری کردن؛ درز گرفتن	styki
морской порт	بندر؛ دریابندر	morskoy port
розыск	جستجو، جستجو کردن	rozysk
морской берег	کناره؛ دریاکنار	morskoy bereg
сезон	فصل	sezon
сезонный	موسمی؛ فصلی	sezonnyy
сиденье	صندلی	sidenye
места для сидения	نشیمن؛ نشیمنگاه	mesta dlya sideniya
рассадка	نشیمن؛ نشیمنگاه	rassadka
отделяться	منتزع شدن	otdelyatsya
отделиться	منتزع شدن	otdelitsya
сепаратист	جدارو	separatist
сторонник отделения	جدارو	storonnik otdeleniya
секунда	ثانیه؛ دوم؛ دوم، ثانیه	sekunda
секундант	ثانیه؛ دوم؛ دوم، ثانیه	sekundant
вторичный	ثانویه؛ فرعی	vtarichnyy
второстепенный	ثانویه؛ فرعی	vtarastepennyy
второе	ثانیاً	vtaroye
во-вторых	ثانیاً	vo-vtarykh
секретность	نهفتگی؛ پوشیدگی	sekretnast
секрет	راز، مرموز	sekret
секретарь	منشی	sekretar
точить	ترشح کردن	tachit
потихоньку	سرا؛ دزدکی	patikhonku
тайно	سرا؛ دزدکی	tayna
секта	تیره؛ مسلک	sekta
отдел	بخش	atdel
блочный	مقطعی؛ قطعه قطعه	blochnyy
секционный	مقطعی؛ قطعه قطعه	sektsionnyy
светский	غیر روحانی	svetskiy
гарантировать	مصون؛ محفوظ	garantiravat
портшез	تخت روان	partshez
сидячий	نشسته؛ غیر متحرک	sidyachiy
гуща	جرم؛ رسوب	gushcha
бунтарство	فتنه؛ فتنه پراکنی	buntarstva
крамольный	فتنهجو؛ مفسد	kramolnyy
бунтарский	فتنهجو؛ مفسد	buntarskiy
соблазнённый	مفتون	sablaznyonnyy
соблазнительный	فریبا؛ گمراه کننده	sablaznitelnyy
обольстительный	فریبا؛ گمراه کننده	abalstitelnyy
видеть	دیدن	videt
увидеть	دیدن	uvidet
семя	دان؛ دانه	semya
потрёпанный	تخمی؛ پرتخم	patryopannyy
потасканный	تخمی؛ پرتخم	pataskannyy
искать	پوییدن؛ تفحص کردن	iskat
искательница	جوینده	iskatelnitsa
показаться	به نظر رسیدن	pakazatsya
отрезок	قسمت؛ حلقه	atrezak
сегмент	قسمت؛ حلقه	segment
невод	تور؛ سن	nevad
перемёт	تور؛ سن	peremyot
выборочный	بهگزین؛ گزینشی	vybarachnyy
эгоистический	خودخواهانه؛ خود پرست	egaisticheskiy
себялюбивый	خودخواهانه؛ خود پرست	sebyalyubivyy
эгоизм	نخوت؛ خودپسندی	egaizm
продать	فروختن	pradat
продавать	فروختن	pradavat
продавщица	فروشنده	pradavshchitsa
видимость	ظن قوی	vidimast
полу-	نصف شده	polu-
наполовину	نصف شده	napolovinu
семенной	نطفهای	semennoy
семинар	سمینار	seminar
семинария	الحوزه؛ فیضیه	seminariya
бурса	الحوزه؛ فیضیه	bursa
сенат	مجلس سنا	senat
синклит	مجلس سنا	sinklit
сенатор	سناتور	senatar
послать	فرستادن	paslat
прислать	فرستادن	prislat
Сенегал	سنگال	senegal
старость	پیری	starost
дряхлость	پیری	dryakhlost
староста	ارشد؛ بالارتبه	starasta
субординация	ارشدیت	subardinatsiya
старшинство	ارشدیت	starshinstvo
сенсация	احساس؛ آب و تاب	sensatsiya
сенсационный	حسی؛ شورانگیز	sensatsionnyy
нашумевший	حسی؛ شورانگیز	nashumevshiy
чувствительность	احساس ودرک	chuvstvitelnost
восприимчивость	احساس ودرک	vospriimchivost
здравый	محسوس؛ معقول	zdravyy
чуткий	حساس	chutkiy
чуткость	حساسیت	chutkast
чувственный	شهوانی؛ نفسانی	chuvstvennyy
эротический	شهوانی؛ نفسانی	eraticheskiy
сентимент	عاطفه	sentiment
разделять	جدا	razdelyat
отдельно	جداگانه؛ جدا جدا	atdelna
раздельно	جداگانه؛ جدا جدا	razdelna
разлука	متارکه؛ فک	razluka
сепаратистка	تجزیه طلب	separatistka
сентябрь	سپتامبر	sentyabr
септический	پلشت؛ ماده عفونی	septicheskiy
кадр	قطار؛ توالی	kadr
Сербия	صربستان	serbiya
серб	صربستانی؛ صرب	serb
сербка	صربستانی؛ صرب	serbka
сержант	گروهبان	serzhant
серьёзный	جدی	seryoznyy
серьёзно	جدا؛ بی شوخی	seryozna
всерьёз	جدا؛ بی شوخی	vseryoz
змея	حیه؛ ماربزرگ	zmeya
змеевик	مارپیچ؛ مارپیچی	zmeyevik
серпентин	مارپیچ؛ مارپیچی	serpentin
пилообразный	منغمز	pilaabraznyy
серум	سرم؛ خونابه	serum
слуга	فراش؛ مستخدم	sluga
служить	خدمت کردن، سرو غذا	sluzhit
сервер	کمک کننده	server
служба	خدمات	sluzhba
рабский	شایسته نوکران	rabskiy
подобострастный	شایسته نوکران	padabastrastnyy
подобострастие	نوکرمابی	padabastrastiye
лакейство	نوکرمابی	lakeystva
рабство	چاکری؛ بندگی	rabstva
кабала	چاکری؛ بندگی	kabala
кунжут	کنجد	kunzhut
сезам	کنجد	sezam
сеттер	گذارنده	setter
установщик	گذارنده	ustanovshchik
садиться	وطن کردن؛ نشست کردن	saditsya
посёлок	مسکن؛ واریز	pasyolak
колонист	مهاجر	kalanist
семёрка	هفت	semyorka
семь	هفت	sem
семнадцатилетний	هفده	semnadtsatiletniy
семнадцать	هفده	semnadtsat
септима	سابع؛ یک هفتم	septima
седьмой	سابع؛ یک هفتم	sedmoy
семьдесят	هفتاد	semdesyat
несколькие	چندین	neskalkiye
строго	به شدت	stroga
сурово	به شدت	surova
сшить	دوختن؛ خیاطی کردن	sshit
шить	دوختن؛ خیاطی کردن	shit
пошивка	خیاطی؛ دوزندگی	pashivka
сшитый	دوخته	sshityy
секс	سکس؛ سکسی کردن	seks
бесполый	خنثا	bespolyy
половой	جنسی؛ تناسلی	palavoy
сексуальный	جنسی؛ تناسلی	seksualnyy
чувственность	جنسیت؛ تمایلات جنسی	chuvstvennast
сексуальность	جنسیت؛ تمایلات جنسی	seksualnast
потёртый	نخ نما	patyortyy
облезлый	نخ نما	ablezlyy
оттенок	سایه؛ آسمانه	attenak
подозрительный	سایه دار؛ سایه افکن	padazritelnyy
траханье	موی زبر	trakhanye
махорка	موی زبر	makhorka
лохматый	پر مو؛ مو دراز	lakhmatyy
шах	شاه	shakh
буду	باید (فعل کمکی)	budu
должен	باید (فعل کمکی)	dolzhen
мелкий	سطحی؛ تنکاب	melkiy
поверхностный	سطحی؛ تنکاب	paverkhnastnyy
стыд	ننگ؛ شرم	styd
стыдный	ننگین؛ رسوا	stydnyy
бесстыжий	وقیح؛ بیعار	besstyzhiy
бесстыдно	بی شرمانه	besstydno
сформированный	شکل‌دار	sformirovannyy
имеющий форму	شکل‌دار	imeyushchiy formu
бесформенный	بیقالب؛ بی شکل	besformennyy
хорошо сложенный	خوش هیکل؛ خوش ترکیب	khorosho slozhennyy
акционер	سهامدار؛ سهمدار	aktsianer
пайщик	سهامدار؛ سهمدار	payshchik
диез	تیز؛ برنده	diyez
передёргивать	تیز؛ برنده	peredyorgivat
направлять	تراشیدن؛ تند کردن	napravlyat
резкость	تیزی؛ حادی	rezkast
расстроить	خرد کردن؛ متلاشی کردن	rasstroit
разлетаться	خرد کردن؛ متلاشی کردن	razletatsya
бритьё	تراش؛ تراشیدن	brityo
бриться	تراش؛ تراشیدن	britsya
стружка	اصلاح؛ صورت تراشی	struzhka
оно	او (زن)	ano
в ножнах	غلافدار؛ نیامی	v nozhnakh
покрытый оболочкой	غلافدار؛ نیامی	pokrytyy obolochkoy
навес	خرگاه	naves
овца	گوسفند	avtsa
овечий	گوسفندی؛ گوسفندوار	ovechiy
простыня	ورق، ملافه	prastynya
полок	طاقچه؛ تاقچه	palok
блиндаж	ملجا؛ ملجاء	blindazh
чабан	چوپان؛ شبان	chaban
шериф	داروغه؛ ضابط شهربانی	sherif
экранирование	استحفاظ	ekranirovaniye
блестящий	درخشان؛ براق	blestyashchiy
борт судна	سوار کشتی؛ کنار کشتی	bort sudna
на борту	سوار کشتی؛ کنار کشتی	na bortu
корабел	کشتیساز	karabel
кораблестроитель	کشتیساز	karablestraitel
судостроение	کشتیسازی	sudastrayeniye
кораблестроение	کشتیسازی	karablestrayeniye
погрузка	محموله؛ مرسله	pagruzka
грузоотправитель	مسافر کشتی؛ محموله کشتی	gruzaatpravitel
кораблекрушение	غرق کشتی؛ کشتی شکسته شدن	karablekrusheniye
рубаха	پیراهن	rubakha
шок	یکه؛ ضغطه	shok
копнение	تکان‌دهنده	kapneniye
кованный	نعل کفش	kovannyy
туфля	کفش	tuflya
стрельба	نهال؛ تیر زدن	strelba
киносъёмка	شلیک؛ تیراندازی	kinasyomka
владелец магазина	دکاندار؛ مغازه دار	vladelets magazina
лавочник	دکاندار؛ مغازه دار	lavochnik
покупки	خرید	pokupki
побережье	ساحل	paberezhye
стриженый	پشم چیده	strizhenyy
короткий	کوتاه	karotkiy
небольшой	کوتاه	nebalshoy
нехватка	کمبود	nekhvatka
сокращать	کوچک کردن؛ کوتاه کردن	sakrashchat
незадолго	به زودی	nezadolga
краткость	کوتاهی	kratkost
кратковременный	کوتاه‌مدت	kratkavremennyy
краткосрочный	کوتاه‌مدت	kratkasrochnyy
следует	باید (فعل کمکی)	sleduyet
выкрик	فریاد زدن، فریاد	vykrik
сунуть	هل؛ تپاندن	sunut
лопата	بیل زدن؛ بیلچه زدن	lapata
зрелище	نمایش، نشان دادن	zrelishche
эффектный	خودنما؛ پرجلوه	effektnyy
шрапнель	گلوله افشان؛ گلوله انفجاری	shrapnel
осколочный	گلوله افشان؛ گلوله انفجاری	askolachnyy
лоскут	تکه کردن؛ باریک بریدن	laskut
дошлый	ناقلا	doshlyy
пронзительный крик	فریاد دلخراش زدن	pronzitelnyy krik
визг	فریاد دلخراش زدن	vizg
пронзительный	زیر؛ شبیه صفیر	pranzitelnyy
визгливый	زیر؛ شبیه صفیر	vizglivyy
сморчок	میگو	smarchok
креветка	میگو	krevetka
рака	ضریح؛ مرقد	raka
ковчег	ضریح؛ مرقد	kavcheg
усадка	کیس؛ آب رفتگی	usadka
кустарник	درختچه زار	kustarnik
содрогание	لرزه	sadraganiye
вздрогнуть	لرزه	vzdrognut
закрыть	بستن، بسته	zakryt
ставень	پشت دری	staven
кидаться	کمرو؛ خجالتی	kidatsya
шарахаться	کمرو؛ خجالتی	sharakhatsya
робость	خجالت؛ خجلت	robast
дикость	خجالت؛ خجلت	dikast
сибирь	سیبریه؛ سیبری	sibir
немощный	بیمار	nemashchnyy
тошнотворный	بیمار کننده؛ بیزار کننده	tashnatvornyy
серп	داسقاله؛ دهره	serp
сторона	کنار	starana
просеивание	نخاله؛ بوجاری	praseivaniye
вздох	آه کشیدن؛ آوخ کشیدن	vzdokh
вздохнуть	آه کشیدن؛ آوخ کشیدن	vzdakhnut
зрение	دید؛ منظره	zreniye
сигнал	علامت؛ کوس	signal
подпись	امضا	podpis
сигнатура	امضا	signatura
тишина	سکوت	tishina
молчание	سکوت	malchaniye
молчаливый	ساکت؛ خاموش	malchalivyy
силуэт	نیمرخ	siluet
шёлк	ابریشم؛ خامه	shyolk
нахохлиться	ابریشم؛ خامه	nakhokhlitsya
шёлковый	ابریشمی؛ حریری	shyolkavyy
шелкопряд	کرم ابریشم؛ کرم پیله	shelkapryad
придурковатость	خری	pridurkavatast
глупыш	مهمل؛ نافهم	glupysh
серебро	نقره، نقره‌ای	serebro
серебриться	نقره، نقره‌ای	serebritsya
столовые приборы	نقره آلات	stolovyye pribory
приборы	نقره آلات	pribory
серебристый	سیمگون؛ سیم اندود	serebristyy
подобный	مشابه	padobnyy
Симон	شمعون	simon
Семён	شمعون	semyon
простота	سادگی	prastata
упрощать	ساده کردن	uprashchat
упростить	ساده کردن	uprastit
только	بسادگی	tolka
просто	بسادگی	prosta
одновременный	همزمان؛ مقارن	adnavremennyy
параллельно	همزمان؛ به طور همزمان	parallelna
грех	خطا؛ گناه	grekh
прегрешение	خطا؛ گناه	pregresheniye
искренность	خلوص؛ صمیمیت	iskrennast
задушевность	خلوص؛ صمیمیت	zadushevnast
жилистый	سخت پی	zhilistyy
поджарый	سخت پی	padzharyy
грешный	عاصی؛ فاجر	greshnyy
греховный	عاصی؛ فاجر	grekhovnyy
петь	آواز خواندن	pet
свистеть	آواز خواندن	svistet
певец	خواننده	pevets
певица	خواننده	pevitsa
пение	آواز خواندن	peniye
пикировать	مجرد، تک	pikiravat
сенли	منفردا؛ یک یک	senli
единственное число	تکین	yedinstvennoye chislo
странность	تکینی	strannast
необычность	تکینی	neabychnast
мойка	منجلاب؛ چاهک	moyka
грешник	عاصی؛ مخطی	greshnik
греховодник	عاصی؛ مخطی	grekhavodnik
извилистый	گمراه کننده	izvilistyy
змеевидный	گمراه کننده	zmeyevidnyy
синус	سینوس؛ معصره	sinus
прихлёбывать	جرعه؛ مزمزه	prikhlyobyvat
сэр	آقا	ser
государь	پدری کردن	gasudar
ситуация	موقعیت	situatsiya
шестёрка	شش	shestyorka
шесть	شش	shest
шестнадцать	شانزده	shestnadtsat
секста	سادس؛ سدس	seksta
шестой	سادس؛ سدس	shestoy
шестьдесят	شصت	shestdesyat
остов	چارچوب؛ اسکلت	ostav
скептицизм	دیرباوری	skeptitsizm
скепсис	دیرباوری	skepsis
чертёж	ترسیم؛ طراحی کردن	chertyozh
лыжа	اسکی، اسکی کردن	lyzha
лыжный	اسکی، اسکی کردن	lyzhnyy
лыжи	اسکی	lyzhi
квалифицированный	ماهر	kvalifitsiravannyy
наторелый	ماهر	natarelyy
умело	ماهرانه	umelo
очищенный от кожи	مقشر	ochishchennyy ot kozhi
освежёванный	مقشر	asvezhyovannyy
шкипер	ناخدای کشتی	shkiper
схватка	کشمکش؛ زد و خورد	skhvatka
перестрелка	کشمکش؛ زد و خورد	perestrelka
юбка	دامن	yubka
череп	جمجمه	cherep
ермолка	عرقچین؛ کلاه بره	yermolka
кипа	عرقچین؛ کلاه بره	kipa
небосклон	آسمان	nebasklon
слабина	شل کردن	slabina
волынить	شل کردن	valynit
захлопнуть	بهمکوفتن؛ ضربت سنگین	zakhlopnut
ябеда	افترا؛ ذم	yabeda
жаргон	عامیانه؛ اصطلاح عامیانه	zhargon
арго	عامیانه؛ اصطلاح عامیانه	argo
раскосый	اریب	raskosyy
шлепок	چک؛ سیلی	shlepok
ударить	نشان ممیز؛ خیلی کم کردن	udarit
шифер	تورق؛ پلمه	shifer
аспид	تورق؛ پلمه	aspid
забой	کشتار؛ خونریزی	zaboy
славянин	اسلاو؛ اسلاو زبان	slavyanin
славянка	اسلاو؛ اسلاو زبان	slavyanka
раб	برده؛ غلام	rab
раба	برده؛ غلام	raba
сани	سورتمه راندن	sani
нарта	سورتمه راندن	narta
пригладить	چرب ونرم	prigladit
зализать	چرب ونرم	zalizat
спаньё	خواب؛ خوابیدن	spanyo
сонливость	خواب آلودی	sanlivast
бессонный	بی خواب	bessonnyy
заспанный	خواب آلود	zaspannyy
муфта	آستین	mufta
санный	سورتمه راندن	sannyy
ломтик	قاش کردن؛ قاچ کردن	lomtik
движок	سرسره؛ سراندن	dvizhok
золотник	سرسره؛ سراندن	zalatnik
перевязь	قلاب سنگ؛ سنگ قلاب	perevyaz
строп	قلاب سنگ؛ سنگ قلاب	strop
промах	لغزش؛ سقطه	promakh
тапка	کفش راحتی؛ دم پائی	tapka
скользкий	سر؛ لیز	skolzkiy
скользко	سر؛ لیز	skolzka
лозунг	شعار	lozung
шлюп	قایق جنگی	shlyup
помои	شلوار گشاد؛ آشغال خوری	pomoi
ленивец	تنبل	lenivets
омут	خشک ریشه	omut
неряшливый	هردمبیل؛ لا ابالی	neryashlivyy
медленный	آهسته	medlennyy
медленно	به آرامی	medlenna
медленность	کندی؛ تانی	medlennast
неповоротливость	کندی؛ تانی	nepavarotlivast
медлительный	کساد؛ لش	medlitelnyy
душок	ماچ صدادار؛ باصدا غذاخوردن	dushok
оспа	آبله	ospa
саднить	زرنگ؛ زیرک	sadnit
смартфон	گوشی هوشمند	smartfon
разрушитель	خرکننده؛ درهم شکننده	razrushitel
сокрушитель	خرکننده؛ درهم شکننده	sokrushitel
мазок	آغشتن	mazok
запах	بو، بو کردن	zapakh
пахнуть	بو، بو کردن	pakhnut
корюшка	گداخته شدن	koryushka
выплавлять	گداخته شدن	vyplavlyat
улыбка	لبخند، لبخند زدن	ulybka
дым	دود، سیگار کشیدن	dym
чад	دود، سیگار کشیدن	chad
бездымный	بی دود	bezdymnyy
курильщик	سیگاری؛ اهل دود	kurilshchik
курильщица	سیگاری؛ اهل دود	kurilshchitsa
копчение	سیگار کشیدن	kapcheniye
уравнять	نرم؛ صاف	uravnyat
более гладкий	صافکار	boleye gladkiy
сглаживатель	صافکار	sglazhivatel
гладкость	روانی؛ صافی	gladkast
плавность	روانی؛ صافی	plavnast
закуска	ته بندی	zakuska
полдник	ته بندی	poldnik
улитка	حلزون؛ لیسه	ulitka
ехидна	مار	yekhidna
щёлк	بشکن؛ شتابزدگی	shchyolk
заснять	بشکن؛ شتابزدگی	zasnyat
ловушка	تله؛ با تله گرفتن	lavushka
западня	تله؛ با تله گرفتن	zapadnya
двоеборье	مقدار کم؛ قاپ زنی	dvayeborye
усмехнуться	پوزخند؛ نیشخند	usmekhnutsya
фыркнуть	بوکشیدن؛ فن فن کردن	fyrknut
фыркать	بوکشیدن؛ فن فن کردن	fyrkat
храп	خرخر؛ خرخره	khrap
храпеть	خرخر؛ خرخره	khrapet
фырканье	خر و خر	fyrkanye
рыло	پوزه؛ سرلوله آب	ryla
снег	برف، برف باریدن	sneg
снежный	برف، برف باریدن	snezhnyy
белоснежный	برفی	belasnezhnyy
нагар	انفیه؛ انفیه زدن	nagar
тушение	انفیهزنی	tusheniye
нюхание табака	انفیهزنی	nyukhaniye tabaka
плотно прилегающий	گرم ونرم؛ آماده ومجهز	plotno prilegayushchiy
такой	بنابراین، خیلی	takoy
так	بنابراین، خیلی	tak
поливать	آغشتن؛ خیساندن	palivat
пропитать	آغشتن؛ خیساندن	prapitat
намылить	صابون	namylit
парить	اوج گرفتن؛ بلند پرواز کردن	parit
витать	اوج گرفتن؛ بلند پرواز کردن	vitat
рыдать	بغض گریه	rydat
всхлипывать	بغض گریه	vskhlipyvat
так называемый	به اصطلاح	tak nazyvayemyy
социальный	اجتماعی	satsialnyy
общественный	اجتماعی	abshchestvennyy
социализм	سوسیالیسم؛ سوسیالیزم	satsializm
социалист	سوسیالیست؛ سوسیالیستی	satsialist
социалистический	سوسیالیست؛ سوسیالیستی	satsialisticheskiy
социология	انسان شناسی؛ جامعه شناسی	satsialogiya
носок	جوراب	nasok
стелька	جوراب	stelka
розетка	سرپیچ؛ بوشن	razetka
промокший	نیم پخته؛ چروکیده وپژمرده	promokshiy
отупевший	نیم پخته؛ چروکیده وپژمرده	otupevshiy
натрий	سدیم؛ سودیوم	natriy
софа	نیمکت؛ کاناپه	safa
смягчить	نرم کردن؛ شیرین کردن	smyagchit
смягчать	نرم کردن؛ شیرین کردن	smyagchat
программное обеспечение	نرم افزار	programmnoye obespecheniye
почва	خاک؛ تراب	pochva
пребывание	موقتا اقامت کردن	prebyvaniye
солнечный	آفتابی؛ شمسی	solnechnyy
припой	لحیم؛ لحیم کردن	pripoy
армеец	سرباز	armeyets
празднество	مراسم سنگین	prazdnestva
торжественность	مراسم سنگین	tarzhestvennast
ходатай	خواهنده	khadatay
твёрдый	محکم؛ استوار	tvyordyy
плотный	محکم؛ استوار	plotnyy
солидарность	همبستگی؛ بهم پیوستگی	salidarnast
сплочённость	همبستگی؛ بهم پیوستگی	splachyonnast
запев	تک	zapev
сольный	تک	solnyy
Соломон	سلیمان؛ صلح دوست	solomon
разрешимый	حلپذیر؛ قابل حل	razreshimyy
растворитель	حلال؛ مایع محلل	rastvaritel
состоятельный	حلال؛ مایع محلل	sastayatelnyy
некоторый	مقداری، برخی	nekataryy
иной	مقداری، برخی	inoy
кто-то	کسی	kto-to
что-то	به نحوی	chto-to
как-то	به نحوی	kak-to
некто	کسی	nekta
нечто	چیزی	nechta
прежний	زمانی	prezhniy
иногда	گاهی اوقات	inagda
подчас	گاهی اوقات	padchas
малость	تاحدی؛ مقدار نامعلومی	malast
немного	تاحدی؛ مقدار نامعلومی	nemnoga
сын	پسر	syn
сынок	پسر	synok
песня	آهنگ	pesnya
песенка	آهنگ	pesenka
звучный	طنین انداز	zvuchnyy
полнозвучный	طنین انداز	palnazvuchnyy
сейчас	به زودی	seychas
копоть	دوده؛ دودهای کردن	kopat
сажа	دوده؛ دودهای کردن	sazha
закоптелый	دودهای	zakaptelyy
прокоптелый	دودهای	prakaptelyy
продвинутый	پیچیده	pradvinutyy
щавель	ریواس؛ ترشک	shchavel
печаль	غم؛ غصه	pechal
простите	متاسف	prastite
сортировка	جور ساز	sartirovka
браковщик	جور ساز	brakovshchik
пьянчуга	ساده لوح	pyanchuga
пьянчужка	ساده لوح	pyanchuzhka
душа	روح؛ جان	dusha
суп	سوپ	sup
похлёбка	سوپ	pakhlyobka
скиснуть	ترش؛ ترشیده	skisnut
закисать	ترش؛ ترشیده	zakisat
юг	جنوب	yug
зюйд	جنوب	zyuyd
юго-восточный	جنوب شرقی؛ جنوب شرق	yugo-vostochnyy
юго-восток	جنوب شرقی؛ جنوب شرق	yugo-vostok
южный	جنوبی	yuzhnyy
южнее	به‌سوی جنوب	yuzhneye
юго-западный	جنوب غربی	yugo-zapadnyy
юго-запад	جنوب غربی	yugo-zapad
сувенир	یادگار؛ تحفه	suvenir
сувенирный	یادگار؛ تحفه	suvenirnyy
владыка	لیره زر	vladyka
суверенитет	شاهی؛ خداوندی	suverenitet
свиноматка	خوک ماده؛ ماده خوک	svinamatka
сев	حرث؛ تخم پاشی	sev
посев	حرث؛ تخم پاشی	pasev
площадь	فضا	ploshchad
просторный	جادار؛ فراخ	prastornyy
Испания	اندلس؛ اسپانی	ispaniya
промежуток	وجب؛ گستردگی	pramezhutak
пролёт	وجب؛ گستردگی	pralyot
испанец	اسپانیولی	ispanets
испанский	اسپانیولی؛ اسپانیایی	ispanskiy
пожалеть	اضافی	pazhalet
искра	جرقه؛ اخگر	iskra
искрить	جرقه؛ اخگر	iskrit
воробей	گنجشک	varabey
воробьиный	گنجشک	varabinyy
спазма	تشنجه	spazma
спазм	تشنجه	spazm
спастический	انقباضی	spasticheskiy
гетра	بچهحلزون	getra
гамаша	بچهحلزون	gamasha
пространственный	فاصلهای	prastranstvennyy
говорить	صحبت کردن	gavarit
докладчик	بلندگو، سخنران	dakladchik
багрить	نیزه؛ سنان	bagrit
специальный	خاص	spetsialnyy
специализироваться	تخصص یافتن	spetsializiravatsya
специализированный	تخصصی	spetsializiravannyy
конкретный	خاص	kankretnyy
уточнение	مشخصه؛ تصریح	utachneniye
спецификация	مشخصه؛ تصریح	spetsifikatsiya
оговаривать	مشخص کردن	agavarivat
зрительница	تماشاگر	zritelnitsa
спектр	طیف؛ بیناب	spektr
спекулировать	حدس و گمان زدن	spekuliravat
барышничать	حدس و گمان زدن	baryshnichat
спекуляция	گمانه‌زنی	spekulyatsiya
спекулирование	گمانه‌زنی	spekulirovaniye
спекулянтка	زمین خوار؛ سفته باز	spekulyantka
слово	سخنرانی	slova
безмолвный	بی حرف؛ بی جواب	bezmolvnyy
скорость	سرعت	skorast
заклинание	هجی کردن	zaklinaniye
написание	هجی	napisaniye
орфография	هجی	arfagrafiya
провести	خرج کردن، گذراندن	pravesti
стреляный	مصروف؛ رها شده	strelyanyy
сфинкс	ابوالهول؛ سینه زن	sfinks
специя	ادویه	spetsiya
пряность	ادویه	pryanast
паук	عنکبوت	pauk
остриё	آبشار زدن؛ میخ بزرگ	astriyo
просыпаться	ریختن	prasypatsya
штопор	چرخان؛ ریس	shtopar
крутиться	چرخان؛ ریس	krutitsya
спинной	صلبی؛ شوکی	spinnoy
спинномозговой	صلبی؛ شوکی	spinnomozgovoy
веретено	دوک	vereteno
спираль	حلزونی؛ مارپیچ رفتن	spiral
винтовой	حلزونی؛ مارپیچ رفتن	vintavoy
шпиль	ساقه باریک	shpil
духовный	روحانی؛ معنوی	dukhovnyy
моральный	روحانی؛ معنوی	maralnyy
духовность	روحانیت؛ معنویت	dukhovnast
одухотворённость	روحانیت؛ معنویت	adukhatvaryonnast
духовно	روحا؛ غیر مادی	dukhovno
вертел	تف؛ خدو	vertel
ехидный	مغرض؛ غرضآلود	yekhidnyy
селезёнка	سپرز؛ طحال	selezyonka
меланхолия	سپرز؛ طحال	melankholiya
роскошная жизнь	کوکبه؛ زرق وبرق	roskoshnaya zhizn
селезёночный	اسپرزی؛ طحالی	selezyonachnyy
шина	جبیره؛ آهن نبشی	shina
лубок	جبیره؛ آهن نبشی	lubok
сплиттер	شکافنده؛ شکاف دهنده	splitter
представительница	سخنگو	predstavitelnitsa
губка	ابر؛ لیف	gubka
декатировать	ابر؛ لیف	dekatiravat
губчатый	لیفی؛ اسفنجی	gubchatyy
инициатор	ضامن؛ متقبل	initsiatar
спонсорство	حمایت مالی	sponsorstvo
стихийно	ناخودآگاه؛ خودبخود	stikhiyna
ложка	قاشق	lozhka
черпать	قاشق	cherpat
спорадический	گاهبگاه	sparadicheskiy
спора	هاگ؛ هاگ آوردن	spora
спорт	ورزش	sport
резвиться	ورزش	rezvitsya
охотничий	ورزشی	akhotnichiy
спортсмен	ورزشکار؛ ورزش دوست	spartsmen
безупречный	بی لکه؛ بی خال	bezuprechnyy
без пятен	بی لکه؛ بی خال	bez pyaten
супруг	همسر؛ زوج	suprug
растяжение	رگ کردن؛ بدرد آوردن	rastyazheniye
растягивать	رگ کردن؛ بدرد آوردن	rastyagivat
раскидистый	گل و گشاد	raskidistyy
растянувшийся	گل و گشاد	rastyanuvshiysya
брызги	افشاندن؛ دواپاشی	bryzgi
развести	گسترش دادن؛ پخش شدن	razvesti
весна	بهار	vesna
посыпать	گلنم؛ آب پاشی کردن	pasypat
брызгать	گلنم؛ آب پاشی کردن	bryzgat
росток	جوانه؛ جوانه زدن	rastok
ель	صنوبر	yel
елевый	صنوبر	yelevyy
пряденый	تابداده؛ ریسته	pryadenyy
шпора	سیخک؛ مهمیز	shpora
отрог	سیخک؛ مهمیز	atrog
шпион	آبشت؛ خبرگیر	shpion
отряд	جوخه	atryad
дивизион	بهادران	divizion
эскадрилья	بهادران	eskadrilya
убогий	بد ظاهر	ubogiy
чешуйчатый	فلس دار	cheshuychatyy
приседать	قوز کردن؛ چاق وخپل	prisedat
приземистый	قوز کردن؛ چاق وخپل	prizemistyy
оруженосец	ملاک عمده	oruzhenosets
камердинер	ملاک عمده	kamerdiner
белка	سنجاب	belka
векша	سنجاب	veksha
стабильность	پشتکار؛ پایداری	stabilnast
устойчивость	پشتکار؛ پایداری	ustoychivast
конюшня	پایدار؛ طویله	kanyushnya
стадион	ورزشگاه؛ میدان ورزش	stadion
ристалище	ورزشگاه؛ میدان ورزش	ristalishche
рогач	آهو	ragach
сцена	صحنه، مرحله	stsena
дилижанс	دلیجان	dilizhans
качаться	گیج خوردن؛ یله رفتن	kachatsya
поразительный	تلو؛ تلوتلو	parazitelnyy
застойный	راکد؛ کساد	zastoynyy
застой	رکود؛ ناروانی	zastoy
косность	رکود؛ ناروانی	kosnast
потёк	لکه؛ شایبه	patyok
лестничный марш	پلگان؛ راه پله	lestnichnyy marsh
заклад	وتد؛ اخیه	zaklad
установка кольев	تیرکوبی	ustanovka kolyev
рискование	تیرکوبی	riskovaniye
несвежий	بیات؛ بیات کردن	nesvezhiy
стебель	ساقه؛ ساق	stebel
рослый	جوانمرد؛ اندام دار	roslyy
дюжий	جوانمرد؛ اندام دار	dyuzhiy
паническое бегство	لگد کردن؛ لگد کوب	panicheskoye begstvo
позиция	موضع	pozitsiya
трибуна	ایستادن	tribuna
точка зрения	نقطه نظر	tochka zreniya
остановка	سکته؛ لنگی	ostanovka
проушина	قلم اصلی؛ مواد خام	praushina
звезда	ستاره؛ ستاره، ستاره‌دار کردن	zvezda
лысина	ستاره؛ ستاره، ستاره‌دار کردن	lysina
крахмал	نشاسته؛ آهار	krakhmal
накрахмалить	نشاسته؛ آهار	nakrakhmalit
уставиться	خیره شدن؛ خیره نگریستن	ustavitsya
звёздный свет	نور ستاره	zvyozdnyy svet
свет звёзд	نور ستاره	svet zvyozd
звёздный	پرستاره	zvyozdnyy
старт	شروع، شروع کردن	start
поражать	زدگی؛ رمانیدن	parazhat
изголодаться	گرسنه ماندن	izgaladatsya
проголодать	گرسنه ماندن	pragaladat
государственное управление	ملک داری؛ کشور داری	gosudarstvennoye upravleniye
искусство управления государством	ملک داری؛ کشور داری	iskusstvo upravleniya gosudarstvom
государственная мудрость	دنیاداری	gosudarstvennaya mudrost
искусство государственного деятеля	دنیاداری	iskusstvo gosudarstvennogo deyatelya
статический	ثابت؛ بی حرکت	staticheskiy
станция	ایستگاه	stantsiya
статистический	احسائی؛ آماری	statisticheskiy
статистика	ارقام؛ آمار	statistika
статуя	مجسمه؛ تندیس	statuya
скульптурный	شبیه مجسمه؛ مجسمه وار	skulpturnyy
установленный	طبق قانون	ustanovlennyy
ферма	مفید بودن	ferma
неуклонно	به طور پیوسته	neuklonna
устойчивый	محکم؛ استوار	ustoychivyy
вытащить	دزدیدن	vytashchit
украсть	دزدیدن	ukrast
плавать	بخار	plavat
пароход	قایق بخاری	parakhod
сталь	فولاد؛ فولادی	stal
огниво	فولاد؛ فولادی	agniva
круча	تنده؛ شیبدار	krucha
пропитка	تنده؛ شیبدار	prapitka
вонь	تعفن؛ زهم	von
смрад	تعفن؛ زهم	smrad
трафарет	استنسیل؛ استنسیل کردن	trafaret
падчерица	نادختری؛ دختر خوانده	padcheritsa
отчим	ناپدری؛ پدراندر	otchim
мачеха	نامادر؛ مادرخوانده	machekha
степь	استپ	step
стерильный	سترون؛ استرون	sterilnyy
бесплодие	عقیمی؛ سترونی	besplodiye
неплодородность	عقیمی؛ سترونی	nepladarodnast
стерлинг	پوند؛ استرلینگ	sterling
высокопробный	پوند؛ استرلینگ	vysakaprobnyy
корма	عبوس؛ عبوسانه	karma
суровость	عبوسی	surovast
крутость	عبوسی	krutast
стетоскоп	گوشی	stetaskop
грузчик	بارگیری وباراندازی کردن	gruzchik
крючник	بارگیری وباراندازی کردن	kryuchnik
гусятница	خورش؛ دم کردن	gusyatnitsa
липкий	چسبنده؛ چسبناک	lipkiy
клейкий	چسبنده؛ چسبناک	kleykiy
натянутый	سیخ؛ شخ	natyanutyy
одеревенеть	شق کردن؛ سیخ شدن	aderevenet
натянутость	جمود	natyanutast
окостенение	جمود	akasteneniye
перелаз	سنگچین	perelaz
стимулятор	محرک؛ ماده محرک	stimulyatar
стимулировать	تحریک کردن	stimuliravat
бодрить	تحریک کردن	badrit
стимуляция	تحریک؛ انگیزش	stimulyatsiya
стимулирование	تحریک؛ انگیزش	stimuliravaniye
жало	نیش؛ گزش	zhala
скупость	خست؛ بخل	skupast
скаредность	خست؛ بخل	skarednast
жгучий	گزنده	zhguchiy
колкий	گزنده	kolkiy
скупой	زفت؛ ممسک	skupoy
жаться	بقناعت واداشتن	zhatsya
ажиотаж	هم زدن؛ بهم زدن	azhiatazh
заваруха	هم زدن؛ بهم زدن	zavarukha
шов	کوک؛ بخیه	shov
желудок	معده	zheludak
табуретка	کرسی؛ عسلی	taburetka
сутуловатость	دولاشدن؛ خشوع کردن	sutulavatast
нагнуться	دولاشدن؛ خشوع کردن	nagnutsya
упор	توقف، توقف کردن	upor
многоэтажный	داستانی	mnogoetazhnyy
буря	طوفان	burya
рассказ	داستان	rasskaz
толстый	نوعی آبجو؛ قوی بنیه	tolstyy
подряд	مستقیم	padryad
прямая	مستقیم	pryamaya
расправить	راست کردن؛ مستقیم شدن	raspravit
расправлять	راست کردن؛ مستقیم شدن	raspravlyat
прямолинейный	رک؛ صریحاللهجه	pryamalineynyy
напряжение	صافی کردن	napryazheniye
натуга	صافی کردن	natuga
пролив	تنگه؛ بغاز	praliv
жила	تار؛ کنار رود	zhila
прядь	تار؛ کنار رود	pryad
незнакомец	غیر؛ بیگانه	neznakomets
удушение	اختناق	udusheniye
ремень	تسمه؛ تسمه زدن	remen
хлястик	تسمه؛ تسمه زدن	khlyastik
стратегический	سوقالجیشی؛ استراتژیک	strategicheskiy
военно-экономический	سوقالجیشی؛ استراتژیک	voyenno-ekanamicheskiy
стратег	رزمآرا	strateg
стратегия	استراتژی	strategiya
солома	کاه؛ خس	saloma
соломинка	کاه؛ خس	salominka
земляника	چلم؛ توت فرنگی	zemlyanika
клубника	چلم؛ توت فرنگی	klubnika
сбившийся с пути	ضلالت؛ بیراهه روی	sbivshiysya s puti
блуждание	ضلالت؛ بیراهه روی	bluzhdaniye
улица	خیابان	ulitsa
уличный	خیابان	ulichnyy
численность	قدرت؛ استحکام	chislennast
усердный	فوق العاده	userdnyy
стресс	استرس، استرس وارد کردن	stress
натяжка	بسیط؛ امتداددادن	natyazhka
подрамник	برانکار؛ بسط یابنده	padramnik
охваченный	دچار؛ مصیبت زده	okhvachennyy
накрепко	به شدت	nakrepka
шагать	گام؛ شلنگ	shagat
распря	نفاق؛ سعی بلیغ	rasprya
рознь	نفاق؛ سعی بلیغ	rozn
забастовка	ضرب؛ ضربت	zabastovka
стачка	ضرب؛ ضربت	stachka
денщик	اعتصابی؛ اعتصابگر	denshchik
нитка	زه کردن؛ رشته کردن	nitka
полосатый	راهراه؛ خطدار	palasatyy
тигровый	راهراه؛ خطدار	tigrovyy
добровольцы поневоле	خطوط	dobrovoltsy ponevole
стараться	جدیت کردن	staratsya
прогулка	گرد؛ گردیدن	pragulka
гулянье	گرد؛ گردیدن	gulyanye
строма	بافت بنیادی	stroma
несущий	ساختمانی	nesushchiy
структурный	ساختمانی	strukturnyy
структура	ساختار	struktura
стерня	ته ریش؛ ریش زبر	sternya
жнивьё	ته ریش؛ ریش زبر	zhnivyo
упрямо	لجوجانه	upryamo
коренастый	سیخ سیخ	korenastyy
вонзить	چسبیده؛ چسباننده	vanzit
вонзать	چسبیده؛ چسباننده	vanzat
шпилька	ایلخی؛ گل میخ	shpilka
запонка	ایلخی؛ گل میخ	zapanka
студент	دانش آموز	student
курсант	دانش آموز	kursant
студия	اتاقکار؛ هنرکده	studiya
ателье	اتاقکار؛ هنرکده	atelye
прилежный	جاهد؛ کتاب خوان	prilezhnyy
изучение	مطالعه، مطالعه کردن	izucheniye
душный	محافظه کار	dushnyy
запинка	لغزاندن؛ سقطه	zapinka
наткнуться	لغزاندن؛ سقطه	natknutsya
обрубок	سنگینکندهدرخت؛ ته شاخه	abrubak
обалделый	خیره شدن؛ بهت زده	abaldelyy
сногсшибательный	خیره‌کننده	snagsshibatelnyy
ошеломительный	خیره‌کننده	ashelamitelnyy
тупо	احمقانه؛ بی خردانه	tupa
столбняк	گیجی؛ کند ذهنی	stalbnyak
одурь	گیجی؛ کند ذهنی	odur
закут	شعیره؛ در طویله قرار دادن	zakut
стильный	شیک	stilnyy
подострый	زیرحاد	podostryy
подчинить	مقهور کردن؛ رام کردن	padchinit
покорять	مقهور کردن؛ رام کردن	pakaryat
предмет	موضوع	predmet
сублимировать	متعال؛ برین	sublimiravat
подлодка	زیردریایی؛ تحت البحری	padlodka
подводный	زیردریایی؛ تحت البحری	padvodnyy
подчинение	فرمانبرداری؛ اذعان	padchineniye
безропотный	مطیع؛ خاشع	bezropatnyy
подчиняться	تسلیم کردن؛ تمکین کردن	padchinyatsya
смиряться	تسلیم کردن؛ تمکین کردن	smiryatsya
подчинённый	تابع؛ زیردست	padchinyonnyy
подчинённость	مادونی؛ فرمان برداری	padchinyonnast
выписать	اشتراک کردن؛ مشترک شدن	vypisat
подписка	اشتراک؛ آبونمان	padpiska
абонемент	اشتراک؛ آبونمان	abanement
дальнейший	بعدی	dalneyshiy
затем	متعاقباً	zatem
впоследствии	متعاقباً	vpasledstvii
прислужничество	زیر زاوری	prisluzhnichestva
оседать	نشست کردن؛ فروکش کردن	asedat
стихнуть	نشست کردن؛ فروکش کردن	stikhnut
субсидия	کمک مالی؛ کمک هزینه	subsidiya
дотация	کمک مالی؛ کمک هزینه	datatsiya
прокормиться	گذران کردن	prakarmitsya
пробавляться	گذران کردن	prabavlyatsya
пропитание	معاش؛ گذران	prapitaniye
имя существительное	شبیه اسم؛ مقدار زیاد	imya sushchestvitelnoye
замещение	جانشینی؛ جانشین سازی	zameshcheniye
подземный	تحت الارضی	padzemnyy
пригород	حومه شهر	prigarad
слобода	حومه شهر	slabada
пригородный	برون شهری	prigaradnyy
подрывной	خرابکارانه	padryvnoy
низвергнуть	واژگون ساختن	nizvergnut
низвергать	واژگون ساختن	nizvergat
удаться	موفق شدن	udatsya
удача	موفقیت	udacha
успешный	موفق	uspeshnyy
успешно	به موفقیت؛ با موفقیت	uspeshna
преемник	جانشین؛ خلف	preyemnik
таковой	چنین	takavoy
сосать	مکیدن؛ مک زدن	sasat
посасывать	مکیدن؛ مک زدن	pasasyvat
сосунок	شیر خوار؛ بچه شیری	sasunok
сосун	شیر خوار؛ بچه شیری	sasun
отсасывание	مکش	atsasyvaniye
неожиданный	تند؛ ناگهان	neazhidannyy
вдруг	ناگهان	vdrug
неожиданно	ناگهان	neazhidanna
страдать	خون کردن؛ خون شدن	stradat
переживать	خون کردن؛ خون شدن	perezhivat
страдалец	متحمل؛ درد کش	stradalets
страдалица	متحمل؛ درد کش	stradalitsa
страдание	رنج	stradaniye
довлеть	کفایت کردن؛ کافی بودن	davlet
достаточность	کفایت؛ تکافو	dastatachnast
удушливый	گلو گیر	udushlivyy
удушье	اختناق؛ خفقان	udushye
сахар	شکر	sakhar
насахаривать	شکر	nasakharivat
сахарный	شکری؛ شیرین زبان	sakharnyy
слащавый	شکری؛ شیرین زبان	slashchavyy
предложить	پیشنهاد کردن	predlazhit
предлагать	پیشنهاد کردن	predlagat
внушение	پیشنهاد	vnusheniye
самоубийственный	مذبوحانه	samaubiystvennyy
самоубийство	خودکشی؛ انتحار	samaubiystva
самоубийца	خودکشی؛ انتحار	samaubiytsa
подходящий	مقتضی؛ درخور	padkhadyashchiy
чемодан	چمدان؛ جامه دان	chemadan
чемоданчик	چمدان؛ جامه دان	chemadanchik
свита	قطعه موسیقی؛ خدم و حشم	svita
дующийся	قهر	duyushchiysya
обиженное молчание	قهر	obizhennoye molchaniye
сульфат	سولفات	sulfat
сера	گوگرد؛ کبریت	sera
сумма	وجه؛ مجموع	summa
кратко	جستهو گریخته	kratko
без промедления	جستهو گریخته	bez promedleniya
резюмировать	خلاصه کردن؛ چکیده کردن	rezyumiravat
обобщать	خلاصه کردن؛ چکیده کردن	ababshchat
лето	تابستان	leta
солнце	خورشید	solntse
солнышко	خورشید	solnyshka
солнечный луч	تیغ آفتاب	solnechnyy luch
воскресенье	یکشنبه	vaskresenye
подсолнух	روزگردک؛ گل آفتاب پرست	padsolnukh
подсолнечник	روزگردک؛ گل آفتاب پرست	padsolnechnik
впалый	فرورفته؛ غرق شده	vpalyy
ввалившийся	فرورفته؛ غرق شده	vvalivshiysya
солнечный свет	نور آفتاب	solnechnyy svet
превосходный	بسیار خوب	prevaskhodnyy
бегло	صورتا	begla
поверхностно	صورتا	poverkhnostno
лишний	غیر ضروری	lishniy
сверхчеловеческий	مافوق انسانی	sverkhchelavecheskiy
комендант	ناظم	komendant
заведующий	ناظم	zaveduyushchiy
начальница	ارشد؛ مافوق	nachalnitsa
универмаг	سوپرمارکت	univermag
супермаркет	سوپرمارکت	supermarket
сверхъестественный	فوق العاده؛ مافوق طبیعت	sverkhyestestvennyy
суеверия	موهومات	suyeveriya
суеверный	موهوم؛ خرافاتی	suyevernyy
наблюдать	نظارت کردن؛ برنگری کردن	nablyudat
надзор	نظارت؛ مراقبت	nadzor
ужин	شام؛ عشا	uzhin
прибавка	ضمیمه؛ تکمله	pribavka
добавочный	مکمل؛ تکمیلی	dabavachnyy
придаточный	مکمل؛ تکمیلی	pridatachnyy
опора	حمایت، حمایت کردن	apora
предположительно	بفرض	predpalazhitelna
зажать	سرکوب کردن؛ سرکوبی کردن	zazhat
высший	عالی؛ عظما	vysshiy
верховный	عالی؛ عظما	verkhovnyy
наверняка	بداخم؛ البته	navernyaka
прибой	خیزآب	priboy
бурун	خیزآب	burun
поверхность	سطح؛ رویه	paverkhnast
всплыть	سطح؛ رویه	vsplyt
зыбь	موج زدن؛ موجدار بودن	zyb
хирург	جراح	khirurg
медпункт	جراحی؛ عمل جراحی	medpunkt
хирургия	جراحی؛ عمل جراحی	khirurgiya
хирургический	عمل جراحی	khirurgicheskiy
фамилия	شهرت؛ ورنام	familiya
неожиданность	غافلگیری، غافلگیر کردن	neazhidannast
удивительный	غافلگیرکننده	udivitelnyy
удивленно	متعجبانه	udivlenno
окружить	محصور کردن؛ احاطه کردن	akruzhit
окружать	محصور کردن؛ احاطه کردن	akruzhat
съёмщик	ممیز؛ مساح	syomshchik
выживание	بقا	vyzhivaniye
выжить	سپری کردن؛ بر زیستن	vyzhit
выживший	بازمانده	vyzhivshiy
обидчивый	مستعد؛ فروگیر	abidchivyy
подозреваемый	مظنون؛ موردشک	padazrevayemyy
подвесить	به حالت تعلیق درآوردن	padvesit
отстранить	به حالت تعلیق درآوردن	atstranit
напряжённое ожидание	درحال تعلیق	napryazhyonnaye ozhidaniye
подвеска	معلق؛ تعلیق	padveska
подозрение	شک؛ ظن	padazreniye
мнительный	مشکوک؛ ظنین	mnitelnyy
выдерживать	مقاومت کردن؛ اعاشه کردن	vyderzhivat
экологичный	پایدار	ekologichnyy
возобновляемый	پایدار	vozobnovlyayemyy
швабра	سنبه جراحی	shvabra
форс	کبر فروشی؛ خود فروشانهگام زدن	fors
молодцеватость	کبر فروشی؛ خود فروشانهگام زدن	maladtsevatast
ласточка	قورت دادن	lastachka
касатка	قورت دادن	kasatka
топь	مرداب؛ لجنزار	top
рой	هجوم کردن؛ ازدحام کردن	roy
черномазый	گندمگون؛ تیره روی	chernamazyy
темнокожий	گندمگون؛ تیره روی	temnakozhiy
ругаться	سوگند؛ ناسزا	rugatsya
клясться	سوگند؛ ناسزا	klyastsya
свитер	پلیور	sviter
Швеция	سوئد	shvetsiya
шведский	سوئدی	shvedskiy
размах	روبیدن؛ جاروب کردن	razmakh
симпатия	نگار؛ محبوبه	simpatiya
сладость	شیرینی؛ حلاوت	sladast
ласковость	شیرینی؛ حلاوت	laskavast
цаца	غلپیدن؛ باد کردن	tsatsa
подметённый	کج شده	padmetyonnyy
стриж	تندرو؛ تکاور	strizh
пловец	شناگر؛ شناکننده	plavets
вплавь	شنا	vplav
афера	کلاه برداری	afera
качели	تاب؛ نوسان	kacheli
шикарный	پیرومد؛ فش فش	shikarnyy
швейцарец	سویسی	shveytsarets
швейцарка	سویسی	shveytsarka
выключатель	کلید؛ سویچ	vyklyuchatel
Швейцария	سوئیس؛ سوییس	shveytsariya
вздутый	متورم؛ تاخیری	vzdutyy
опухлый	متورم؛ تاخیری	apukhlyy
меч	شمشیر؛ سیف	mech
слог	هجا؛ سیلاب	slog
симбиоз	زندگی تعاونی	simbioz
символ	نماد؛ علامات اختصاری	simval
символический	نمادی	simvalicheskiy
сочувствовать	دلسوزی کردن؛ اظهار تاسف کردن	sachuvstvavat
симпатизировать	دلسوزی کردن؛ اظهار تاسف کردن	simpatiziravat
сочувствие	غمخواری؛ دلسوزی	sachuvstviye
симптом	علامت	simptom
синкопальный	غشی؛ غش دار	sinkopalnyy
обморочный	غشی؛ غش دار	obmorochnyy
синкопа	سنکوپ	sinkopa
синонимический	مرادف؛ مترادف	sinanimicheskiy
синонимичный	مرادف؛ مترادف	sinanimichnyy
синтаксический	نحوی	sintaksicheskiy
сифилис	سفلیس	sifilis
сирийский	شامی؛ سوریه ای	siriyskiy
шприц	سرنگ؛ آبدزدک	shprits
спринцовка	سرنگ؛ آبدزدک	sprintsovka
система	سامانه؛ سیستم؛ نظام	sistema
плановый	ترتیبی	planavyy
систематический	ترتیبی	sistematicheskiy
таблица	میز	tablitsa
маленький барабан	دمبک	malenkiy baraban
принадлежность	رسیدگی کردن، تکل	prinadlezhnast
снаряжение	رسیدگی کردن، تکل	snaryazheniye
такт	مردم داری	takt
деликатность	مردم داری	delikatnast
тактический	جنگ فن؛ جنگ فنی	takticheskiy
тактика	جنگ فن؛ جنگ فنی	taktika
осязательный	لامسه ای	asyazatelnyy
некорректный	بی نزاکت؛ موقع نشناس	nekarrektnyy
ушко	برچسب	ushka
ярлык	برچسب	yarlyk
хвостатый	دم دار	khvostatyy
портной	خیاط؛ درزی	partnoy
швец	خیاط؛ درزی	shvets
запятнать	شایبه؛ آلوده کردن	zapyatnat
улов	گرفتن	ulov
сказка	طلق؛ سرگذشت	skazka
дарование	ذوق؛ استعداد	daravaniye
разговорчивый	وراج؛ پرگو	razgavorchivyy
болтливый	وراج؛ پرگو	baltlivyy
говорун	نطاق	gavarun
кощей	بلند	kashchey
сальный	پیه مالی کردن	salnyy
приручить	آموخته؛ رام	priruchit
укротить	آموخته؛ رام	ukratit
приручённый	دست آموز	priruchyonnyy
мандарин	نارنگی	mandarin
клубок	گوریده کردن؛ درهم پیچیدن	klubok
бак	مخزن؛ حوض	bak
равносильный	هم کف	ravnasilnyy
плёнка	نوار؛ باندرل	plyonka
гобелен	ملیله دوزی	gabelen
пестротканый	ملیله دوزی	pestratkanyy
дёготь	قیر زدن؛ قیرمالیدن به	dyogat
тариф	تعرفه	tarif
такса	تعرفه	taksa
замешкаться	درنگ کردن	zameshkatsya
предплюсна	خرده پا	predplyusna
тартар	تاتار	tartar
кисточка	منگوله؛ شرابه	kistachka
татуировка	خال کوبیدن؛ خال کوبی کردن	tatuirovka
барабанить	خال کوبیدن؛ خال کوبی کردن	barabanit
издёвка	سرکوفت؛ شماتت کردن	izdyovka
кабак	میکده؛ میخانه	kabak
рыжевато-коричневый	گندمی؛ گندمگون	ryzhevato-korichnevyy
налогообложение	مالیاتی؛ مالیات بندی	nalagaablazheniye
обложение	مالیاتی؛ مالیات بندی	ablazheniye
такси	تاکسی	taksi
таксомотор	تاکسی	taksamator
налогоплательщица	مالیات دهنده؛ مالیات پرداز	nalagaplatelshchitsa
чайный	چای	chaynyy
научить	آموزش دادن	nauchit
учитель	معلم	uchitel
учительница	معلم	uchitelnitsa
слеза	اشک؛ دریدن	sleza
слезливый	گریان؛ اشکبار	slezlivyy
слёзно	گریه کنان	slyozna
дразнить	شوخی کردن؛ سخنان نیشدارگفتن	draznit
технический	فنی؛ تکنیکی	tekhnicheskiy
технологический	فناورانه	tekhnalagicheskiy
технология	تکنولوژی	tekhnalogiya
снотворный	ممل؛ کسل کننده	snatvornyy
подросток	نوجوان	padrostak
подростковый возраст	نوجوانی	podrostkovyy vozrast
подростки	نوجوانی	podrostki
депеша	تلگراف؛ تلگرام	depesha
телеграф	تلگراف؛ تلگراف کردن	telegraf
телеграфировать	تلگراف؛ تلگراف کردن	telegrafiravat
обзванивать	تلفن، تلفن زدن	abzvanivat
телескоп	تلکسوپ؛ تلسکپ	teleskop
телескопный	تلکسوپ؛ تلسکپ	teleskopnyy
телевидение	تلویزیون	televideniye
телевизионный	تلویزیون	televizionnyy
темперамент	فطرت	temperament
темперация	فطرت	temperatsiya
трезвость	اعتدال	trezvast
умеренный	معتدل	umerennyy
воздержанный	معتدل	vazderzhannyy
температура	حرارت؛ دما	temperatura
храм	معبد	khram
висок	معبد	visok
временно	موقتاً	vremenna
провизорный	موقت؛ موقتی	pravizornyy
тянуть время	دست بدست کردآن	tyanut vremya
лавировать	دست بدست کردآن	lavirovat
соблазнить	فریفتن؛ اغواکردن	sablaznit
соблазнять	فریفتن؛ اغواکردن	sablaznyat
соблазн	اغوا؛ وسوسه	sablazn
искушение	اغوا؛ وسوسه	iskusheniye
заманчивый	وسوسه آمیز؛ هوس انگیز	zamanchivyy
десятка	ده	desyatka
десять	ده	desyat
обоснованный	قابل تصرف؛ قابل مدافعه	obosnovannyy
защищаемый	قابل تصرف؛ قابل مدافعه	zashchishchayemyy
цепкий	استوار؛ چسبنده	tsepkiy
хваткий	استوار؛ چسبنده	khvatkiy
живучесть	سرسختی	zhivuchest
жилец	مستاجر؛ اجاره دار	zhilets
квартирант	مستاجر؛ اجاره دار	kvartirant
тендер	مناقصه؛ پیشنهاد مناقصه	tender
присмотр	مایل	prismotr
сухожилие	تاندون؛ زردپی	sukhazhiliye
десятикратный	دهگانه؛ ده چندان	desyatikratnyy
удесятерённый	دهگانه؛ ده چندان	udesyateryonnyy
Теннесси	تنسی	tennessi
теннис	تنیس	tennis
теннисный	تنیس	tennisnyy
тенор	مفهوم؛ مفاد	tenar
лейтмотив	مفهوم؛ مفاد	leytmativ
время	وخیم شدن؛ زمان فعل	vremya
напрягаться	وخیم شدن؛ زمان فعل	napryagatsya
растяжимый	کش دار	rastyazhimyy
напряжённость	تنش	napryazhyonnast
накал	تنش	nakal
чум	چادر؛ خیمه	chum
десятый	عشر	desyatyy
тёпленький	ولرم؛ نیمگرم	tyoplenkiy
тепловатый	ولرم؛ نیمگرم	teplavatyy
вокзал	پایانه	vakzal
терминал	پایانه	terminal
уволить	فسخکردن؛ سپری کردن	uvolit
оканчиваться	فسخکردن؛ سپری کردن	akanchivatsya
условия	شرایط، اصطلاحات	usloviya
термины	شرایط، اصطلاحات	terminy
терраса	تختان؛ تراس	terrasa
территориальный	زمینی؛ ارضی	territarialnyy
территория	قلمرو	territoriya
гроза	وحشت	graza
терроризм	تروریسم	terrarizm
террорист	تروریست	terrarist
террористический	تروریست	terraristicheskiy
третичный	قسمت سوم	tretichnyy
завещание	عهد؛ وصیت	zaveshchaniye
семенник	تخم؛ بیضه	semennik
свидетельствовать	شهادت دادن؛ گواهی دادن	svidetelstvavat
засвидетельствовать	شهادت دادن؛ گواهی دادن	zasvidetelstvavat
тестирование	آزمایش	testiravaniye
опробование	آزمایش	aprobavaniye
тевтонский	توتنی	tevtonskiy
Техас	تکزاس؛ تگزاس	tekhas
текст	متن	tekst
текстовой	متن	tekstavoy
текстильный	بافته؛ بافتنی	tekstilnyy
фактура	بافت؛ تاروپود	faktura
нежели	از (در مقایسه)	nezheli
благодарить	تشکر کردن	blagadarit
поблагодарить	تشکر کردن	pablagadarit
неблагодарный	ناممنون	neblagadarnyy
благодарственный	شکرگزاری	blagadarstvennyy
тот	که، آن	tot
который	که، آن	katoryy
оттепель	آب کردن؛ آب شدن	ottepel
капель	آب کردن؛ آب شدن	kapel
тем	حرف تعریف معین	tem
театр	تئاتر؛ تماشا خانه	teatr
операционная	تئاتر	aperatsionnaya
тебя	تورا	tebya
тебе	تورا	tebe
кража	سرقت	krazha
ихний	مال آنها	ikhniy
их	آنها (مفعول)	ikh
богословский	لدنی	bagaslovskiy
теоретический	نظری	teareticheskiy
кабинетный	نظری	kabinetnyy
теоретик	نگرشگر	tearetik
теория	فرضیه؛ نگره	teoriya
терапевтический	معالج	terapevticheskiy
терапия	درمان شناسی	terapiya
терапевт	درمانگر	terapevt
после этого	بعدها؛ بدانوسیله	posle etogo
поэтому	بنابراین	paetamu
тепловой	گرمایی	teplavoy
термический	گرمایی	termicheskiy
градусник	درجه؛ گرمانما	gradusnik
термометр	درجه؛ گرمانما	termometr
эти	این‌ها	eti
диссертация	پایان‌نامه	dissertatsiya
они	آنها	ani
заросль	کنام؛ شاخسار	zarasl
чаща	کنام؛ شاخسار	chashcha
густо	نسبتا انبوه	gusta
толщина	غلظت؛ قطر	talshchina
толща	غلظت؛ قطر	tolshcha
вор	دزد؛ ربا	vor
напёрсток	انگشتانه	napyorstak
поредеть	نازک؛ لاغر	paredet
редеть	نازک؛ لاغر	redet
твой	مال تو	tvoy
штука	چیز	shtuka
мыслитель	فکور؛ متفکر	myslitel
худоба	لاغری؛ نازکی	khudaba
терция	سوم	tertsiya
третий	سوم	tretiy
в-третьих	ثالثا	v-tretikh
жажда	عطش؛ تشنگی	zhazhda
жаждущий	تشنه	zhazhdushchiy
тринадцать	سیزده	trinadtsat
тридцать	سی	tridtsat
этот	این	etat
сей	این	sey
туда	به آنطرف؛ به آنجا	tuda
торакальный	صدری	torakalnyy
щиток	قفسه سینه	shchitok
колючка	خار؛ سرتیز	kalyuchka
проезд	شارع عام	prayezd
тщательно	به طور کامل	tshchatelna
основательно	به طور کامل	asnavatelna
те	آن‌ها؛ کسانی	te
глубокомысленно	متفکرانه	glubokomyslenno
тысяча	هزار	tysyacha
тысячный	یک هزار	tysyachnyy
нить	نخ؛ نخ کردن	nit
угрожающий	تهدید کننده؛ تهدید آمیز	ugrazhayushchiy
тройка	سه	troyka
три	سه	tri
тройной	ثلاثی؛ ثلاث	traynoy
утроенный	ثلاثی؛ ثلاث	utroyennyy
молотить	خرمن کوبی کردن	malatit
вымолачивать	خرمن کوبی کردن	vymalachivat
порог	آستانه؛ درگاه	parog
преддверие	آستانه؛ درگاه	preddveriye
трижды	سه مرتبه؛ سه دفعه	trizhdy
захватывать	هیجان؛ بهیجان آوردن	zakhvatyvat
родиться	پربرکت شدن؛ نشو و نما کردن	raditsya
здравствовать	پربرکت شدن؛ نشو و نما کردن	zdravstvavat
пульсировать	طپیدن؛ تپش داشتن	pulsiravat
трон	مسند؛ اورنگ	tron
проходной	از طریق	prakhadnoy
насквозь	سرتاسر؛ سربسر	naskvoz
бросок	انداختن؛ افکندن	brasok
распор	فشار؛ تپاندن	raspor
бухать	هف هف	bukhat
замусолить	انگشت شست	zamusolit
наигрывать	انگشت شست	naigryvat
гром	رعد؛ تندر	grom
четверг	پنجشنبه	chetverg
настолько	بنابراین؛ بدین‌ترتیب	nastolka
большеберцовая кость	درشت نی	bolshebertsovaya kost
птичка	کنه	ptichka
клещ	کنه	kleshch
квиток	بلیط	kvitok
щекотать	غلغلک؛ غلغلک دادن	shchekatat
пощекотать	غلغلک؛ غلغلک دادن	pashchekatat
галстук	بستن؛ گره	galstuk
шпала	بستن؛ گره	shpala
ярус	ردیف کردن؛ ردیف شدن	yarus
тигр	ببر	tigr
узкий	تنگ؛ محکم	uzkiy
затянуть	تنگ کردن؛ سفت کردن	zatyanut
подтянуть	تنگ کردن؛ سفت کردن	padtyanut
узость	سفتی	uzast
черепица	کاشی	cherepitsa
распахнуть	تا؛ صندوق پول	raspakhnut
пахота	کشت وزرع	pakhata
землепашество	کشت وزرع	zemlepashestva
землепашец	اهرم سکانکشتی	zemlepashets
румпель	اهرم سکانکشتی	rumpel
наклонить	نیزه بازی کردن	naklanit
наклонять	نیزه بازی کردن	naklanyat
древесина	صدای خشک؛ صدای زنگ	drevesina
уместный	بجا؛ بوقت	umestnyy
выбор времени	زمان‌بندی	vybor vremeni
синхронизация	زمان‌بندی	sinkhronizatsiya
тинктура	تنتور	tinktura
окрасить	تنتور	akrasit
трут	فتیله فندک	trut
покалывание	سوزش کردن	pokalyvaniye
испытывать покалывание	سوزش کردن	ispytyvat pokalyvaniye
паяльщик	بندزدن؛ سرهم بندی	payalshchik
портач	بندزدن؛ سرهم بندی	partach
мишура	پولک؛ نقده	mishura
кончик	سر؛ نوک	konchik
наконечник	سر؛ نوک	nakanechnik
цыпочки	تیپا؛ نوک پنجه	tsypachki
автопокрышка	لاستیک؛ تایر	avtapakryshka
усталый	خسته	ustalyy
утомлённый	خسته	utamlyonnyy
утомление	خستگی	utamleniye
неутомимый	نافرسودنی؛ بی لاستیک	neutamimyy
неустанный	نافرسودنی؛ بی لاستیک	neustannyy
утомительный	خستهکننده؛ طاقت فرسا	utamitelnyy
тканевый	بافت، دستمال کاغذی	tkanevyy
титька	دختریازن؛ نوک پستان	titka
тост	برشته کردن؛ برشته شدن	tost
здравица	برشته کردن؛ برشته شدن	zdravitsa
табак	توتون؛ تنباکو	tabak
табачный	توتون؛ تنباکو	tabachnyy
сегодняшний	امروز	segodnyashniy
вместе	با هم	vmeste
унитаз	توالت	unitaz
сносный	قابل تحمل؛ تحمل پذیر	snosnyy
веротерпимый	صبور؛ شکیبا	veraterpimyy
терпеть	تحمل کردن؛ بردباری کردن	terpet
потерпеть	تحمل کردن؛ بردباری کردن	paterpet
веротерпимость	مدارا؛ آزادمنشی	veraterpimast
благовест	باج؛ حق العبور	blagovest
помидор	گوجه فرنگی	pamidor
томат	گوجه فرنگی	tamat
гробница	گور؛ قبر	grabnitsa
завтра	فردا	zavtra
тонна	تن	tonna
тон	لحن؛ آهنگ	ton
тонус	لحن؛ آهنگ	tonus
клещи	انبر	kleshchi
факел	زبان؛ لسان	fakel
сегодня вечером	امشب	segodnya vecherom
сегодня ночью	امشب	segodnya nochyu
вместимость	تن شماری؛ بر حسب شماره تن	vmestimast
тоннаж	تن شماری؛ بر حسب شماره تن	tannazh
миндалины	بادامک؛ لوزه	mindaliny
зуб	دندان	zub
зубец	دندان	zubets
зубчатый	مضرس؛ دندانه دار	zubchatyy
беззубый	بی دندان؛ بدون دندانه	bezzubyy
верх	بالا؛ راس	verkh
запасать	علف بلند؛ گچ بری	zapasat
запасти	علف بلند؛ گچ بری	zapasti
разрываться	دریده؛ گسیخته	razryvatsya
рваный	دریده؛ گسیخته	rvanyy
смерч	گردباد	smerch
черепаха	سنگ پشت؛ لاک پشت	cherepakha
казнь	آزار؛ عذاب	kazn
швырнуть	متلاطم شدن؛ لول زدن	shvyrnut
метаться	متلاطم شدن؛ لول زدن	metatsya
совершенно	مفصل؛ سرتاسر	savershenna
шаткий	تاتی	shatkiy
шатающийся	تاتی	shatayushchiysya
гастроль	گشت کردن؛ سیاحت کردن	gastrol
туризм	سیاحت؛ جهانگردی	turizm
турист	توریست	turist
турнир	تورنمنت	turnir
жгут	شریان بند	zhgut
турникет	شریان بند	turniket
навязывать	بلند انتشار دادن؛ بلند جار زدن	navyazyvat
расхваливать	بلند انتشار دادن؛ بلند جار زدن	raskhvalivat
пакля	بکسل کردن؛ هر دوتا	paklya
кудель	بکسل کردن؛ هر دوتا	kudel
к	به‌سوی؛ نسبت به	k
в направлении	به‌سوی؛ نسبت به	v napravlenii
полотенце	لنگ؛ حوله	palatentse
башня	برج	bashnya
вышка	برج	vyshka
город	شهر	gorad
городок	شهر	garadok
токсический	مسموم؛ زهرآلود	taksicheskiy
токсин	زهر؛ زهرابه	taksin
игрушка	بازیچه؛ لعبت	igrushka
постромка	ردگیری کردن	pastromka
прослеживаемый	قابل تعقیب	proslezhivayemyy
трахейный	نای مانند	trakheynyy
сговорчивый	سربراه؛ سست مهار	sgavorchivyy
уступчивый	سربراه؛ سست مهار	ustupchivyy
торгующий	تجارت	torguyushchiy
традиция	رسم؛ سنت	traditsiya
предание	رسم؛ سنت	predaniye
традиционный	سنتی؛ عرفی	traditsionnyy
традиционно	علیالرسم؛ نقلا	traditsionna
дорожный	ترافیک	darozhnyy
трагедия	تراژدی	tragediya
трагизм	تراژدی	tragizm
трагический	غم‌انگیز	tragicheskiy
свисать	دنباله داشتن؛ طفیلی بودن	svisat
волочиться	دنباله داشتن؛ طفیلی بودن	valachitsya
вагончик	تریلی	vagonchik
прицеп	تریلی	pritsep
поезд	قطار، آموزش دادن	poyezd
стажёр	کارآموز؛ فرهیختگر	stazhyor
тренер	مودب؛ پرورنده	trener
дрессировщик	مودب؛ پرورنده	dressirovshchik
штрих	ویژگی	shtrikh
предатель	غادر؛ غدار	predatel
изменник	غادر؛ غدار	izmennik
бродяга	صدای پا؛ آسمان جل	bradyaga
топот	صدای پا؛ آسمان جل	topat
смять	پامال کردن؛ پایمال کردن	smyat
безмятежный	آرام؛ آسوده	bezmyatezhnyy
совершать сделку	دادوستد کردآن؛ داد وستد کردن	sovershat sdelku
вести дела	دادوستد کردآن؛ داد وستد کردن	vesti dela
переступать пределы	بالاتر بودن؛ ورا رفتن	perestupat predely
транскрибировать	نسخه بر داشتن	transkribirovat
переписчик	آوانویس	perepischik
транскрибатор	آوانویس	transkribator
транскрипция	استنساخ؛ رونویسی	transkriptsiya
перегрузка	انتقال؛ واکهداشتن	peregruzka
преобразовать	استحاله یافتن؛ تغییر شکل دادن	preabrazavat
преобразить	استحاله یافتن؛ تغییر شکل دادن	preabrazit
трансформатор	مقلب؛ ترانسفورماتور	transfarmatar
переливание	تزریق؛ نقل وانتقال	perelivaniye
переходящий	گذرا؛ سپنج	perekhadyashchiy
транзит	گزر؛ ترانزیت	tranzit
пересыльный	گزر؛ ترانزیت	peresylnyy
переход	گذارنما	perekhod
переходный	گذارنما	perekhodnyy
перевести	ترجمه کردن	perevesti
полупрозрачный	فراتاب	paluprazrachnyy
транслировать	انتقال دادن	transliravat
прозрачный	شفاف	prazrachnyy
пересаживать	پیوند کردن؛ پیوند زدن	peresazhivat
отсаживать	پیوند کردن؛ پیوند زدن	atsazhivat
пересадка	پیوند؛ نشاکاری	peresadka
транспорт	نقلیه؛ نقل کردن	transpart
обоз	نقلیه؛ نقل کردن	aboz
люк	تله	lyuk
дрянь	آشغال؛ خاکروبه	dryan
травма	جراحت؛ اثر ضربت	travma
травматический	ضربهای؛ جراحتی	travmaticheskiy
тяжёлый труд	درد شکیدن	tyazhyolyy trud
родовые муки	درد شکیدن	rodovyye muki
путник	مسافر؛ سیاح	putnik
путешественник	مسافر؛ سیاح	puteshestvennik
поднос	طبله؛ سینی	padnos
предательский	غادر؛ خیانت کار	predatelskiy
вероломный	غادر؛ خیانت کار	veralomnyy
бегущая дорожка	چرخ عصارخانه	begushchaya dorozhka
беговая дорожка	چرخ عصارخانه	begovaya dorozhka
сокровище	گنج	sakrovishche
казначей	خازن؛ گنجور	kaznachey
казна	گنجینه؛ گنجوری	kazna
сокровищница	گنجینه؛ گنجوری	sakrovishchnitsa
относиться	رفتار کردن؛ درمان کردن	atnasitsya
трактат	پیمان؛ معاهده	traktat
дискант	صدای زیر؛ سه برابر	diskant
утроить	صدای زیر؛ سه برابر	utroit
дерево	درخت	dereva
древо	درخت	dreva
безлесный	بی درخت	bezlesnyy
колоссальный	فاحش	kalassalnyy
дрожательный	لرزش دار	drazhatelnyy
дрожащий	لرزش دار	drazhashchiy
траншея	سنگر؛ خندق زدن	transheya
трепет	بیم وهراس	trepet
согрешение	حد شکنی	sagresheniye
преступать	حد شکنی	prestupat
треугольник	مثلث؛ سه گوش	treugolnik
треугольный	مثلثی؛ سهگوشی	treugolnyy
трибунал	دیوان محاکمات	tribunal
данник	ذمی؛ خراجگزار	dannik
побор	جزیه	pabor
струйка	چکاندن؛ چکیدن	struyka
сочиться	چکاندن؛ چکیدن	sachitsya
каверзный	شیادانه؛ نیرنگ باز	kaverznyy
мелочь	سرسری گرفتن؛ کم بها	melach
пустяки	ترهات	pustyaki
собачка	راه‌اندازی کردن	sabachka
курок	راه‌اندازی کردن	kurok
квинтиллион	تریلیون	kvintillion
триллион	تریلیون	trillion
троица	تثلیث؛ سهگانگی	troitsa
трёхсторонний	سه طرفه؛ سه جزئی	tryokhstaranniy
тройственный	سه طرفه؛ سه جزئی	troystvennyy
победа	پیروزی؛ ضفر یافتن	pabeda
победный	منصور؛ فریاد پیروزی	pabednyy
ликующий	منصور؛ فریاد پیروزی	likuyushchiy
пошлый	تخمی؛ جزئی	poshlyy
плоский	تخمی؛ جزئی	ploskiy
раздавлен	پامال	razdavlen
тележка	واگن برقی؛ اتومبیلبارکش کوتاه	telezhka
дрезина	واگن برقی؛ اتومبیلبارکش کوتاه	drezina
трофей	نشان ظفر	trafey
трофейный	نشان ظفر	trafeynyy
тропический	گرمسیری؛ گرمسیر	trapicheskiy
фигуральный	گرمسیری؛ گرمسیر	figuralnyy
рысь	یورتمه؛ یورتمه رفتن	rys
струсить	یورتمه؛ یورتمه رفتن	strusit
назойливый	مصدع؛ پرزحمت	nazoylivyy
хлопотливый	مصدع؛ پرزحمت	khlapatlivyy
корыто	سنگاب	karyta
штаны	شلوار	shtany
форель	قزل آلا؛ ماهی قزل آلا	farel
мастерок	ماله؛ ماله کشیدن	masterak
реально	بخوبی؛ حقیقی	realna
фанфара	شیپور	fanfara
стропило	خرپا؛ پایه زدن	strapila
доверчивый	متوکل	daverchivyy
благонадёжный	موثق؛ معتمد	blaganadyozhnyy
правда	اصل؛ حقیقت	pravda
истина	اصل؛ حقیقت	istina
правдивый	صادق؛ صدیق	pravdivyy
правдиво	صادقانه	pravdivo
попробовать	تلاش کردن	paprobavat
испытывать	تلاش کردن	ispytyvat
майка	تی‌شرت	mayka
футболка	تی‌شرت	futbolka
цунами	سونامی	tsunami
чан	لگن؛ طشت	chan
кадка	لگن؛ طشت	kadka
туберкулёз	سل	tuberkulyoz
бугорчатка	سل	bugarchatka
трубчатый	لولهای	trubchatyy
вытачка	تو گذاشتن؛ شمشیر نازک	vytachka
вторник	سه‌شنبه	vtornik
буксир	یدک کش؛ بازور کشیدن	buksir
гуж	یدک کش؛ بازور کشیدن	guzh
шлёпнуться	غلت زدن؛ معلق خوردن	shlyopnutsya
акробат	معلق زن	akrobat
стакан	معلق زن	stakan
опухоль	ورم؛ غده	opukhol
суматоха	هیاهو؛ جنجال راه	sumatokha
тоннель	نقب؛ زیرنقب	tannel
турбина	توربین	turbina
турбинный	توربین	turbinnyy
завихрение	اغتشاش؛ تلاطم	zavikhreniye
дёрн	باچمن پوشاندن؛ کلوخ چمنی	dyorn
дернина	باچمن پوشاندن؛ کلوخ چمنی	dernina
Турция	عثمانی؛ بوقلمون	turtsiya
индюк	عثمانی؛ بوقلمون	indyuk
турецкий	ترک؛ عثمانی	turetskiy
токарь	برگردان؛ چرخنده	tokar
твид	نوعی فاستونی	tvid
двенадцать	دوازده	dvenadtsat
двадцатый	بیستم؛ بیستمین	dvadtsatyy
двадцать	بیست	dvadtsat
дважды	دو بار	dvazhdy
вдвое	دو بار	vdvoye
ветка	شاخه؛ چیله	vetka
близнец	دوقلو؛ همزاد	bliznets
парный	دوقلو؛ همزاد	parnyy
два	دو	dva
вездесущий	همه‌جا حاضر؛ فراگیر	vezdesushchiy
повсеместный	همه‌جا حاضر؛ فراگیر	pavsemestnyy
некрасивый	زشت	nekrasivyy
зонтик	چتر	zontik
зонт	چتر	zont
неприемлемый	غیرقابل قبول	nepriyemlemyy
невдомёк	بی‌خبر؛ ناآگاه	nevdamyok
неосведомлённый	بی‌خبر؛ ناآگاه	neasvedamlyonnyy
неуверенный	نامطمئن؛ نامشخص	neuverennyy
неуверенность	عدم قطعیت	neuverennast
дядюшка	عمو، دایی	dyadyushka
исподний	زیر	ispodniy
подвергаться	متحمل شدن	padvergatsya
подвергнуться	متحمل شدن	padvergnutsya
метро	زیرزمینی	metro
подполье	زیرزمینی	padpolye
подрывать	تضعیف کردن	padryvat
браться	بر عهده گرفتن	bratsya
расстегнуть	بازگرداندن؛ خنثی کردن	rasstegnut
развязать	بازگرداندن؛ خنثی کردن	razvyazat
безработица	بیکاری	bezrabotitsa
нежданный	غیرمنتظره	nezhdannyy
уникальный	منحصربه‌فرد	unikalnyy
неповторимый	منحصربه‌فرد	nepavtarimyy
единство	وحدت	yedinstva
всеобщий	جهانی	vseobshchiy
всемирный	جهانی	vsemirnyy
вселенная	جهان؛ کیهان	vselennaya
университет	دانشگاه	universitet
университетский	دانشگاه	universitetskiy
неизвестный	ناشناخته	neizvestnyy
незнакомый	ناشناخته	neznakomyy
разгружать	خالی کردن بار	razgruzhat
выгрузить	خالی کردن بار	vygruzit
отпереть	باز کردن قفل	atperet
отпирать	باز کردن قفل	atpirat
безвозмездный	پرداخت‌نشده؛ بدون حقوق	bezvazmezdnyy
неоплаченный	پرداخت‌نشده؛ بدون حقوق	neaplachennyy
отсоединять	از برق کشیدن	otsoyedinyat
отсоединить	از برق کشیدن	otsoyedinit
доколе	تا	dakole
вверх	بالا	vverkh
наверх	بالا	naverkh
обновить	به‌روزرسانی؛ به‌روز کردن	abnavit
модернизация	ارتقا؛ ارتقا دادن	modernizatsiya
апгрейд	ارتقا؛ ارتقا دادن	apgreyd
загружать	بارگذاری	zagruzhat
заготовка	بالایی	zagatovka
верхний	بالایی	verkhniy
срочный	فوری	srochnyy
настойчивый	فوری	nastoychivyy
использование	استفاده کردن، استفاده	ispolzavaniye
бесполезный	بی‌فایده	bespaleznyy
обыкновенно	معمولاً	abyknavenna
вакцина	واکسن	vaktsina
вакуум	خلأ؛ جاروبرقی	vakuum
долина	دره	dalina
ценный	ارزشمند	tsennyy
полноценный	ارزشمند	palnatsennyy
исчезать	ناپدید شدن	ischezat
переменная	متغیر	peremennaya
переменный	متغیر	peremennyy
вариация	تنوع	variatsiya
эстрада	تنوع؛ گوناگونی	estrada
овощ	سبزیجات	ovashch
скороспелка	سبزیجات	skaraspelka
повозка	وسیله نقلیه	pavozka
место встречи	محل برگزاری	mesto vstrechi
место сбора	محل برگزاری	mesto sbora
поверять	تأیید کردن؛ راستی‌آزمایی کردن	paveryat
версия	نسخه	versiya
вертикальный	عمودی	vertikalnyy
зело	خیلی	zelo
ветеран	کهنه‌سرباز؛ باتجربه	veteran
посредством	از طریق	posredstvom
с помощью	از طریق	s pomoshchyu
резонирующий	پرانرژی؛ درخشان	rezoniruyushchiy
пострадавший	قربانی	pastradavshiy
видео	ویدئو	video
село	روستا	selo
нарушить	نقض کردن	narushit
нарушать	نقض کردن	narushat
виртуальный	مجازی	virtualnyy
вирус	ویروس	virus
виза	ویزا	viza
визировать	ویزا	viziravat
видение	بینایی؛ چشم‌انداز	videniye
визит	بازدید، بازدید کردن	vizit
жизненный	حیاتی؛ ضروری	zhiznennyy
витамин	ویتامین	vitamin
речевой	آوازی؛ صریح	rechevoy
голосовой	آوازی؛ صریح	galasavoy
добровольный	داوطلبانه	dabravolnyy
добровольческий	داوطلبانه	dabravolcheskiy
доброволец	داوطلب؛ داوطلب شدن	dabravolets
волонтёр	داوطلب؛ داوطلب شدن	valantyor
вотум	رأی؛ رأی دادن	votum
гласный	حرف صدادار	glasnyy
путешествие	سفر دریایی	puteshestviye
уязвимый	آسیب‌پذیر	uyazvimyy
ранимый	آسیب‌پذیر	ranimyy
заработная плата	دستمزد	zarabotnaya plata
талия	کمر	taliya
постой	منتظر ماندن	pastoy
официант	پیشخدمت (مرد)	afitsiant
кельнер	پیشخدمت (مرد)	kelner
кильватер	بیدار شدن	kilvater
разбудить	بیدار شدن	razbudit
стена	دیوار	stena
стенка	دیوار	stenka
бумажник	کیف پول	bumazhnik
кружить	سرگردان شدن	kruzhit
потребность	خواستن	patrebnast
нужда	خواستن	nuzhda
война	جنگ	vayna
воевать	جنگ	vayevat
греть	گرم	gret
нагреть	گرم	nagret
обогревание	گرمایش	abagrevaniye
согревание	گرمایش	sagrevaniye
стирка	شستن	stirka
мытьё	شستن	mytyo
стража	تماشا کردن، ساعت مچی	strazha
дежурство	تماشا کردن، ساعت مچی	dezhurstva
вода	آب	vada
моча	آب	macha
волна	موج؛ دست تکان دادن	volna
мы	ما	my
состоятельность	ثروت	sastayatelnast
износ	پوشیدن	iznos
погода	آب و هوا	pagoda
выветриваться	آب و هوا	vyvetrivatsya
веб-сайт	وب‌سایت	veb-sayt
сайт	وب‌سایت	sayt
свадьба	عروسی	svadba
бракосочетание	عروسی	brakasachetaniye
неделя	هفته	nedelya
выходные	آخر هفته	vykhadnyye
выходной	آخر هفته	vykhadnoy
недельный	هفتگی	nedelnyy
благосостояние	رفاه	blagasastayaniye
колодец	خوب، چاه	kalodets
запад	غرب	zapad
вест	غرب	vest
смочить	خیس	smachit
замочить	خیس	zamachit
кит	نهنگ	kit
какой	چه، چه چیزی	kakoy
этакий	چه، چه چیزی	etakiy
пшеница	گندم	pshenitsa
колесо	چرخ	kaleso
где	کجا	gde
шёпот	نجوا کردن	shyopat
прошептать	نجوا کردن	prasheptat
свисток	سوت؛ سوت زدن	svistok
белый	سفید	belyy
кто	چه کسی	kto
кто же	هر که	kto zhe
кто бы ни	هر که	kto by ni
круглый	تمام؛ کامل	kruglyy
почему	چرا	pachemu
зачем	چرا	zachem
распространённый	گسترده	rasprastranyonnyy
жена	همسر (زن)	zhena
взбеситься	وحشی	vzbesitsya
дикая природа	حیات وحش	dikaya priroda
живая природа	حیات وحش	zhivaya priroda
охотный	مایل	akhotnyy
выиграть	برنده شدن	vyigrat
наматывать	باد؛ پیچیدن	namatyvat
фланг	بال	flang
победитель	برنده	pabeditel
зима	زمستان	zima
зимовать	زمستان	zimavat
проволока	سیم	provalaka
мудрость	خرد	mudrast
премудрость	خرد	premudrast
мудрый	دانا؛ عاقل	mudryy
отойти	عقب‌نشینی کردن	atayti
без	بدون	bez
свидетель	شاهد؛ شهادت دادن	svidetel
понятой	شاهد؛ شهادت دادن	panyatoy
женщина	زن	zhenshchina
руно	پشم	runo
глагол	کلمه	glagol
работник	کارگر	rabotnik
работница	کارگر	rabotnitsa
трудовые ресурсы	نیروی کار	trudovyye resursy
рабочее место	محل کار	rabocheye mesto
червь	کرم	cherv
червяк	کرم	chervyak
волноваться	نگران شدن؛ نگرانی	valnavatsya
бы	فعل کمکی	by
хотел бы	فعل کمکی	khotel by
ранение	زخم؛ زخمی کردن	raneniye
завернуть	پیچیدن؛ بسته‌بندی کردن	zavernut
окутать	پیچیدن؛ بسته‌بندی کردن	akutat
запястье	مچ دست	zapyastye
наручный	مچ دست	naruchnyy
написать	نوشتن	napisat
ксенон	زنون	ksenon
ксенофобия	بیگانه‌هراسی	ksenofobiya
неприязнь к иностранцам	بیگانه‌هراسی	nepriyazn k inostrantsam
ксенофобский	بیگانه‌هراس	ksenofobskiy
фотокопия	فتوکپی؛ کپی کردن	fatakopiya
ксерокс	فتوکپی؛ کپی کردن	kseraks
рентген	پرتو ایکس؛ عکس رادیولوژی	rentgen
рентгеновский снимок	پرتو ایکس؛ عکس رادیولوژی	rentgenovskiy snimok
ксилема	آوند چوبی	ksilema
ксилол	زایلین	ksilol
диметилбензол	زایلین	dimetilbenzol
ксилит	زایلیتول	ksilit
ксилофон	زیلوفون	ksilofon
яхта	قایق تفریحی	yakhta
россказни	نخ؛ داستان	rosskazni
пряжа	نخ؛ داستان	pryazha
зевок	خمیازه؛ خمیازه کشیدن	zevok
зевнуть	خمیازه؛ خمیازه کشیدن	zevnut
ага	بله (غیر رسمی)	aga
год	سال	god
година	سال	gadina
годичный	یک‌ساله؛ سراسر سال	godichnyy
продолжающийся год	یک‌ساله؛ سراسر سال	prodolzhayushchiysya god
годовой	سالانه	gadavoy
ежегодный	سالانه	yezhegodnyy
дрожжи	مخمر	drozhzhi
да	بله	da
вчера	دیروز	vchera
дебит	بازده؛ تسلیم شدن	debit
йога	یوگا	yoga
йогурт	ماست	yogurt
вон там	آن‌سو	von tam
ты	شما، تو	ty
вы	شما، تو	vy
всходы	جوان	vskhody
юноша	جوانی؛ جوانان	yunasha
молодёжь	جوانی؛ جوانان	maladyozh
юный	جوان‌گونه؛ شاداب	yunyy
шок-акция	ضربه ناگهانی؛ نابود کردن	shok-aktsiya
ретивый	مشتاق؛ پرشور	retivyy
зебра	گورخر	zebra
зенит	اوج	zenit
ноль	صفر	nol
огонёк	شور و شوق؛ پوست رنده‌شده مرکبات	aganyok
пикантность	شور و شوق؛ پوست رنده‌شده مرکبات	pikantnast
зигзаг	زیگزاگ	zigzag
зигзагообразный	زیگزاگ	zigzagaabraznyy
цинк	روی	tsink
сжимать	زیپ؛ فشرده‌سازی کردن	szhimat
молния-застёжка	زیپ	molniya-zastyozhka
циркон	زیرکن	tsirkon
цирконий	زیرکونیوم	tsirkoniy
зодиак	منطقه‌البروج؛ برج‌های فلکی	zadiak
зодиакальный	منطقه‌البروج؛ برج‌های فلکی	zadiakalnyy
зомби	زامبی	zombi
зональный	منطقه‌ای	zonalnyy
зона	منطقه؛ ناحیه	zona
зонирование	منطقه‌بندی	zonirovaniye
зоопарк	باغ‌وحش	zoopark
зоологический	جانورشناختی	zoologicheskiy
зоолог	جانورشناس	zoolog
зоология	جانورشناسی	zoologiya
масштабирование	بزرگ‌نمایی؛ زوم کردن	masshtabirovaniye
увеличивать	بزرگ‌نمایی؛ زوم کردن	uvelichivat
зоонозный	مشترک میان انسان و حیوان	zoonoznyy
передающийся от животных человеку	مشترک میان انسان و حیوان	peredayushchiysya ot zhivotnykh cheloveku
кабачок	کدو سبز	kabachok
цукини	کدو سبز	tsukini
зигота	زیگوت؛ سلول تخم	zigota
