a	یک (حرف تعریف نامعین)	a / ey
abacus	چرتکه	abakas
abandon	رها کردن؛ ترک کردن	abandan
abandonment	ترک؛ رهاسازی	abandanmant
abatement	کاهش؛ فروکش	abeytmant
abbey	خانقاه	abi
abc	الفبا؛ مبانی اولیه	eybisi
abdicate	کناره‌گیری کردن؛ واگذار کردن	abdakeyt
abdomen	شکم؛ بطن	abdoman / abdaman
abdominal	شکمی؛ بطنی	abdaamanel
abduct	ربودن	abdakt
abductor	آدمدزد؛ آدمربا	abdakter
abeyance	بی تکلیفی	abeyans
abiding	وفا کننده	abaiding
ability	توانایی	abiliti
abject	خوار و زار	abjekt
ablaze	افروخته	ableyz
able	قادر	eybel
abnegation	کف نفس	abnegeyshen
abnormal	غیر عادی	abnormel
abnormality	نابههنجاری	abnormaliti
abode	بودباش	abod
abolish	لغو کردن	abaalish
abolition	نسخ؛ برانداختگی	abalishen
abominable	مکروه	abaamanabel
abomination	عمل شنیع	abaamaneyshen
abort	سقط کردن؛ ریشه نکردن	abort
abortion	سقط جنین	aborshen
abortive	عقیم	abortiv
abound	زیاد بودن؛ وفور داشتن	abaund
about	درباره، حدوداً	abaut
above	بالای، بالاتر	abav
abraham	ابراهیم؛ ابراهیم پیامبر	eybraham
abrasion	خراش؛ سیش	abreyzhen
abridged	مجمل؛ تلخیص شده	abrijd
abroad	خارج از کشور	abrod
abrupt	تند؛ ناگهان	abrapt
abruptly	بی مقدمه	abraptli
abscess	آبسه	abses
absence	غیبت	absans
absent	غایب	absant
absentee	غیب؛ غیابی	absanti
absolute	مطلق؛ محض	absalut
absolutely	مطلقا؛ مطلقاً	absalutli
absorb	جذب کردن	abzorb
absorbent	جاذب؛ نشاف	abzorbant
absorption	جذب؛ انجذاب	abzorpshen / absorpshen
abstain	نکول کردن؛ خودداری کردن	absteyn
abstention	نکول	abstenchan
abstract	انتزاعی	abstrakt
abstraction	انتزاع؛ تجرید	abstrakshen
abstruse	غامض؛ مغلق	abstrus
absurd	پوچ	abserd
absurdity	مزخرف بودن	abserditi
abundance	فراوانی	abandans
abundant	انبوه؛ وافر	abandant
abundantly	بفراوانی	abandantli
abuse	سوء استفاده	abyus / abyuz
abusive	فحاش؛ سوء استعمال	abyusiv
abyss	مغاک؛ حضیض	abis
acacia	اقاقیا	akeysha
academic	تحصیلی؛ آکادمیک	akademik
academy	آکادمی	akadami
accelerate	تسریع کردن	akselereyt
accent	لهجه	aksent
accept	پذیرفتن	aksept
acceptable	پذیرفتنی؛ موجه	akseptabel
acceptance	پذیرش	akseptans
access	دسترسی؛ دستیابی	akses
accessible	قابل دسترس	aksesabel
accession	جلوس؛ جلوس کردن	akseshen
accessory	هم دست	akseseri
accident	تصادف	aksadant
accidental	عرضی؛ تصادفی	aksadentel / aksadenel
accidentally	تصادفی	aksadentali / aksadenali
acclamation	احسنت	aklameyshen
accommodate	جا دادن	akaamadeyt
accompaniment	دم گیری	akampnimant
accompany	توام کردن؛ بدرقه کردن	akampani
accomplice	دستیار؛ همداستان	akaamplas
accomplish	انجام دادن	akaamplish
accomplishment	دستاورد	akaamplishmant
accord	طیب خاطر	akord
accordance	مطابقت	akordans
accordingly	بر این اساس	akordingli
according to	طبق، بر اساس	akording tu / ti
account	حساب؛ گزارش	akaunt
accountability	مسئولیت‌پذیری	akauntabiliti / akaunabiliti
accountable	مسئول	akauntabel / akaunabel
accountant	حسابدار	akauntant
accounting	محاسبه؛ حسابداری	akaunting / akauning
accrue	منتج گردیدن	akru
accumulate	انباشت کردن	akyumyaleyt
accumulation	انباشت	akyumyaleyshen
accuracy	دقت	akyerasi
accurate	دقیق؛ راستین	akyerat
accurately	با دقت	akyeratli
accusation	اتهام	akyazeyshen / akyuzeyshen
accuse	متهم کردن؛ تهمت زدن	akyuz
accused	متهم	akyuzd
accustom	عادی کردن؛ خو دادن	akastam
ace	کلمات میید	eys
achieve	دست یافتن	achiv
achievement	کار بزرگ	achivmant
acid	اسید؛ اسیدی	asad
acknowledge	اقرار کردن	aknaalij
acknowledgment	اقرار؛ شهادت نامه	aknaalijmant
acme	نقطه کمال	akmi
acne	جوش؛ غرور جوانی	akni
acquaintance	معرفت؛ آشنا	akweyntans
acquainted	بلد؛ شناسا	akweyntid / akweynid
acquiesce	تن در دادن	akwies
acquire	اندوختن	akwaier
acquisition	اکتساب	akwazishen
acquittal	تبرئه؛ برائت ذمه	akwitel
acre	جریب	eyker
acrid	تند؛ گس	akrid
across	از عرض، سراسر	akros
act	عمل کردن، نقش بازی کردن	akt
action	عمل، اقدام	akshen
activate	فعال کردن	aktaveyt
activation	فعال‌سازی	aktaveyshen
active	فعال	aktiv
actively	فعالانه	aktivli
activist	کنشگر	aktavast / aktivist
activity	فعالیت	aktiviti
actor	بازیگر (مرد)	akter
actress	بازیگر (زن)	aktras
actual	حالی	akchawel / akshel
actually	در واقع	akchuali / akchli
acupuncture	سوزن درمانی؛ طب سوزنی	akyupangkcher
acute	حاد	akyut
acutely	بحدت	akyutli
acuteness	ذکاوت	akyutnas
ad	بلد؛ ضال	ad
adamant	یکدنده	adamant
adapt	تطبیق دادن	adapt
adaptation	انطباق	adapteyshen
add	اضافه کردن	ad
adder	افزیشگر؛ مار جعفری	ader
addicted	معتاد؛ افیونی	adiktid
addiction	اعتیاد	adikshen
addition	جمع؛ علاوه	adishen
additional	اضافی	adishenel / adishnel
additionally	علاوه بر این	adishenali / adishnali
address	آدرس	adres
adept	مرد زبردست	adept
adequate	کافی	adakwat / adakweyt
adequately	به اندازه کافی	adakwatli / adakwitli
adhere	پایبند بودن	adhir
adherence	تبعیت؛ ملازمت	adhirans
adhesion	دوسیدگی؛ کشش سطحی	adhizhen
adhesive	چسبناک؛ چسبنده	adhisiv
adjacent	مجاور	ajeysant
adjective	صفت	ajiktiv
adjoining	مجاور	ajoyning
adjunct	صفت فرعی	ajangkt
adjust	تنظیم کردن	ajast
adjustment	تنظیم	ajastmant
adjutant	آجودان	ajatant
administer	اداره کردن	adminaster
administration	مدیریت؛ دولت	administreyshen
administrative	اداری	adminastreytiv
administrator	مدیر	adminastreyter
admirable	هژیر؛ پسندیده	admerabel / admrabel
admiral	دریاسالار؛ دریابیگی	admerel
admiralty	دریاسالاری	admeralti
admiration	پسند؛ تحسین	admereyshen
admire	پسندیدن؛ تحسین کردن	admair
admirer	ستینده؛ تحسینکننده	admairer
admission	پذیرش	admishen
admitted	پذیرفته	admitid
admittedly	معترفا	admitidli
admonish	پند دادن	admaanish
admonitory	عبرتانگیز	admonitori
adolescence	بلوغ	adalesans / adolesans
adolescent	نوجوان	adalesant / adolesant
adopt	اتخاذ کردن؛ فرا گرفتن	adaapt
adoption	فرزندخواندگی	adaapshen
adorable	قابل پرستش	adorabel
adoration	پرستش؛ عشق ورزی	adereyshen
adore	پرستیدن	ador
adorn	آراستن؛ پیراستن	adorn
adorning	آریش دهنده	adorning
adornment	زینت؛ تراز	adornmant
adrift	غوطه ورروی آب مج	adrift
adroit	زبر دست	adroyt
adult	بزرگسال	adalt
advance	پیشروی؛ راقی	advans
advancement	پیشروی؛ ترفیع	advansmant
advantage	مزیت	advantij
advantageous	نافع؛ باصرفه	advanteyjas
advent	ظهور	advent
adventure	ماجراجویی	advencher
adventurer	ماجراجو؛ حادثه جو	advencherer
adventurous	ماجراجو؛ پرماجرا	advencheras
adversary	هم آورد؛ هم نبرد	adverseri
adverse	نامطلوب	advers
adversity	نکبت؛ ضرا	adversiti
advertise	تبلیغ کردن	advertaiz
advertisement	آگهی	advertazmant / advertaizmant
advertising	تبلیغات	advertaizing
advice	نصیحت، مشاوره	advais
advisable	مقتضی؛ مصلحتآمیز	advaizabel
advise	اعلامیه؛ تجویز	advaiz
adviser	رهنمون؛ ناصح	advaizer
advisory	مشورتی؛ نصیحتی	advaizeri
advocacy	طرفداری	advakasi
advocate	حمایت کردن، حامی	advakat / advakeyt
aerial	هویی	eriel
aesthetic	زیبایی شناختی	esthetik
affable	خوش خلق؛ خوش برخورد	afabel
affair	امر؛ مصلحت	afer
affect	تأثیر گذاشتن	afekt
affectation	تصنع	afekteyshen
affection	محبت	afekshen
affectionate	مهربان؛ عاطف	afekshenat / afekshenit
affirm	آشکارا گفتن؛ بحق دانستن	aferm
affirmation	یجاب	afermeyshen
affirmative	مبت؛ تصدیقآمیز	afermativ
afflicted	مستمند؛ رنجه	afliktid
affliction	مصیبت؛ مشقت	aflikshen
afford	استطاعت داشتن؛ از عهده برآمدن	aford
affordable	مقرون به صرفه	afordabel
affront	روبرو دشنام دادن	afrant
afghan	افغان	afgan
aflame	مشتعل	afleym
afloat	در حرکت	aflot
aforesaid	مذکور	aforsed
afraid	ترسیده	afreyd
africa	افریقا؛ آفریقا	afrakaa / afrika
african	آفریقیی؛ افریقیی	afrakan / afrikan
after	بعد از	after
afterglow	پس تاب؛ پس فروزش	afterglo
afterlife	عقبی؛ آخرت	afterlaif
aftermath	پیامد	aftermath
afternoon	بعدازظهر	afternun
afterwards	سپس؛ بعدا	afterwerdz
again	دوباره	agen / ageyn
against	علیه	agenst / ageynst
agate	عقیق	agat
age	سن	eyj
agency	بنگاه؛ وکالت	eyjansi
agenda	برنامه عملیات	ajenda
agent	مامور؛ عامل	eyjant
aggravated	مشدد	agraveytid
aggravation	تشدید	agraveyshen
aggregate	متراکم ساختن؛ جمع شده	agragat / agragit
aggression	پرخاشگری	agreshen
aggressive	پرتکاپو؛ تجاوزی	agresiv
aggressor	متجاوز؛ مهاجم	agreser
aghast	وحشت زده	agast
agile	سریعالانتقال	ajel
agility	سبکبالی	ajiliti
agitated	آشفته؛ متلاطم	ajateytid
agitation	تلاطم؛ آشفتگی	ajateyshen
agitator	آشوبگر	ajateyter
ago	پیش از این	ago
agonizing	سوزناک؛ رنجآور	aganaizing
agony	رنج؛ سکرات مرگ	agani
agree	موافق بودن	agri
agreeable	سازگار؛ دلجو	agriabel
agreement	قرار؛ توافق	agrimant
agricultural	کشاورزی	agrakalcherel / agrikalcherel
agriculture	کشاورزی	agrikalcher
ague	تب و لرز	eygyu
ah	آه	aa
ahead	جلو؛ روبجلو	ahed
aid	یار؛ مدد	eyd
aide	دستیار	eyd
aids	ایدز	eydz
ailing	ضعیفالبنیه	eyling
aim	نشان؛ کام	eym
aimless	بی هدف؛ بی مقصد	eymlas
air	هوا	er
aircraft	طیاره؛ هواپیمیی	erkraft
airline	خط هواپیمایی	erlain
airplane	هواپیما؛ طیاره	erpleyn
airport	فرودگاه	erport
airy	هوا مانند؛ با روح	eri
aisle	راه رو	ail / aiel
alabama	آلاباما	alabama
alarm	آژیر؛ اعلان خطر	alaarm
alas	افسوس؛ وه	alas
albany	آلبانی	olbani
albeit	اگرچه	olbiit
album	آلبوم	albam
albumin	آلبومین	albyuman
alcohol	الکل	alkahaal
alcoholic	الکلی؛ شرابخور	alkahaalik
alcoholism	اعتیاد به الکل	alkaholizam
alder	توسه؛ توسکا	older
alert	هشدار دادن، هوشیار	alert
alertness	هشیاری؛ بیداری	alertnas
algebra	جبر؛ جبر و مقابله	aljabra
alien	بیگانه	eylian
align	همسو کردن	alain
alignment	همسویی	alainmant
alike	مشابه	alaik
alimentary	رزقی	alamenteri
alimony	خرجی؛ نفقه	alamoni
alive	زنده	alaiv
all	همه	ol
allegation	ادعا	alageyshen
allege	ادعا کردن	alej
allegedly	ظاهراً	alejadli
allegory	مجاز؛ کنیه	alagori
allegro	نشاط انگیز	alegro
alleviation	تسکین	alivieyshen
alley	کوچه؛ خیابان کوچک	ali
alliance	اتحاد	alaians
allocate	اختصاص دادن	alakeyt
allocation	تخصیص	alakeyshen
allow	اجازه دادن	alau
allowance	سهمیه، کمک هزینه	alauans
all right	بسیار خوب، همه چیز درست	ol rait
allude	اشارهکردن؛ تلمیح کردن	alud
allusion	اشاره؛ کنیه	aluzhen
alluvial	آبرفتی	aluviel
ally	متحد	alai
almanac	سالنما	aalmanak
almond	بادام؛ آلموند	aamand
almost	تقریباً	olmost
alms	زکات؛ ذکات	aalmz / aamz
aloft	در نوک؛ در فوق	aloft
alone	تنها	alon
along	در امتداد	along
alongside	در کنار	alongsaid
aloof	کناره گیر	aluf
alpha	ستاره اول	alfa
alphabet	الفبا	alfabet
already	قبلا	olredi / oredi
alright	صحیح است	olrait
also	همچنین	olso
altar	مبح؛ محراب	olter
altars	مذابح	olterz
alter	دگرگون کردن؛ دگرگون شدن	olter
alteration	دگرش	oltereyshen
altercation	مجادله	aalterkeyshen
alternate	متناوب کردن؛ تناوب کردن	olternat / olterneyt
alternately	غبا	olternatli
alternation	تناوب؛ یک درمیانی	olterneyshen
alternative	جایگزین	olternativ
alternatively	بنوبت؛ متناوبا	olternativli
although	اگرچه	oldho
altogether	کلاً	oltagedher
alum	زاغ؛ زاج	alam
aluminium	آلومینیوم	aluminam / alyuminam
always	همیشه	olweyz / olwiz
amalgam	ملقمه	amalgam
amass	توده کردن	amas
amateur	آماتور	amater / amacher
amazed	متعجب؛ متحیر	ameyzd
amazement	حیرت؛ بهت	ameyzmant
amazing	شگفت‌انگیز	ameyzing
ambassador	سفیر	ambasader
amber	شاهبوی؛ کهربا	amber
ambiguity	ابهام	ambigyuiti
ambiguous	مبهم	ambigyuas
ambition	جاه طلبی	ambishen
ambitious	نامجو؛ بلند همت	ambishas
ambulance	آمبولانس	ambyalans
ambush	کمین؛ کمینگاه	ambush
amen	آمین	eymen / aamen
amend	اصلاح کردن	amend
amendment	اصلاحیه	amendmant
america	آمریکا	ameraka / amerika
american	آمریکایی	amerakan / amerikan
amethyst	در بنفش؛ در کوهی بنفش	amithist
amid	در میان	amid
amidst	در لابلی	amidst
ammonia	آمونیاک	amonya
amnesty	عفو؛ عفو عمومی کردن	amnasti
among	در میان	amang
amorous	عاشقانه	ameras
amount	مقدار	amaunt
amputate	قطع اندام کردن	ampyateyt
amuse	سرگرم کردن؛ تفریح دادن	amyuz
amusement	تفریح؛ لهو	amyuzmant
amusing	سرگرم کننده	amyuzing
an	یک (حرف تعریف نامعین)	an
anaerobic	ناهوازی	anerobik
anaesthesia	داروی بیهوشی	anasthizha
anal	کونی؛ مقعدی	eynel
analogous	قابل قیاس	analagas
analogy	قیاس	analaji
analysis	حل؛ تجزیه	analasas / analisis
analyst	تحلیلگر	analist
analytical	تحلیلی	analitikel
analyze	تجزیه کردن؛ تحلیل کردن	analaiz
anarchist	آشوب طلب؛ هرج و مآرج طلب	anerkist
anarchy	بی قانونی؛ بی نظمی	anerki
anatomical	تشریحی	anataamakel / anataamikel
anatomy	استخوانبندی؛ کالبد شناسی	anatami
ancestor	جد	ansester
ancestral	نسبی؛ اجدادی	ansestrel
ancestry	اصل ونسب	ansestri
anchor	لنگر	angker
ancient	باستانی	eynchant / eynshent
and	و	and
anecdote	ضرب المثل؛ قصه کوتاه	anakdot
angel	فرشته	eynjel
angelic	ملکی؛ فرشتهی	anjelik
anger	غضب؛ خشم	angger
angle	گوشه؛ زاویه	anggel
angry	عصبانی	anggri
anguish	تاب و تب	anggwish
angular	زاویهی؛ گوشه دار	anggyaler
animal	حیوان	anamel
animate	جان دار؛ روح دادن	anamat / anameyt
animation	پویانمایی	anameyshen
animosity	کینه؛ دشمنی	anamaasiti
ankle	مچ پا	angkel
annals	اخبار سال؛ وقیع سالیانه	analz
annex	ضمیمه کردن؛ ضمیمه سازی	aneks
annexation	الحاق؛ ضم	anekseyshen
annihilate	نابود کردن؛ کن فیکون کردن	anaialeyt
anniversary	سالروز؛ سالگرد	anaverseri
announce	اعلامداشتن؛ اعلام کردن	anauns
announcement	اعلام؛ آگهی	anaunsmant / anaunsment
annoy	رنجاندن؛ آزردن	anoy
annoyance	رنجش؛ دلخوری	anoyans
annoying	رنجاننده؛ سرخوری	anoying
annual	سالانه؛ سالیانه	anyuel
annually	سالانه	anyuali
annulment	نسخ؛ ابطال	analmant
anode	آنود؛ قطب مثبت	anod
anointed	مسح شدن	anoyntid / anoynad
anonymous	ناشناس	anaanamas
another	دیگری	anadher
answer	پاسخ، پاسخ دادن	anser
answerable	پاسخ دار؛ جواب دار	anserabel
ant	مورچه	ant
antagonism	هم آوری؛ اصل مخالف	antaganizam
antagonist	هم نبرد	antaganast
antecedent	ماقبل	antesadant / antisidant
anthracite	آنتراسیت	anthrasait
anthrax	خراج؛ ینتراکس	anthraks
anti	ضد	anti / antai
antibody	پادتن	antibaadi
anticipate	پیش‌بینی کردن	antisapeyt
anticipation	پیشدستی	antisapeyshen
antigen	پادزا؛ پادگن	antajan
antique	عتیقه؛ عتیق	antik
antiquity	کهنگی؛ دیرینگی	antikwiti
antiseptic	گندزدا؛ ضدعفونی	antaseptik
antitoxin	زهردارو؛ پادزهرابه	antitaaksan
anus	نشین؛ مقعد	eynas
anxiety	اضطراب	angzaiati
anxious	مشتاق؛ اندیشناک	angkshas / angshas
anxiously	مشتاقانه	angkshasli
any	هر؛ هر، هیچ	eni
anybody	هر کسی	enibadi
anyhow	درهرصورت؛ بهرشکل	enihau
any more	دیگر	eni mor
anyone	هر کسی	eniwan
anything	هر چیزی	enithing
anyway	به هر حال	eniwey
anywhere	هر جا	eniwer / enihwer
aorta	آورتا	eyorta
apace	باسرعت زیاد	apeys
apart	جدا؛ مجزا	apaart
apartment	آپارتمان	apaartmant
apathetic	بی احساس	apathetik
ape	میمون؛ بوزینه	eyp
apex	ذروه	eypeks
apologize	معذرت خواستن؛ پوزش خواستن	apaalajaiz
apology	عذرخواهی	apaalaji
apoplexy	سکته ناقص	apapleksi
apostle	فرستاده؛ حواری	apaasel
app	اپلیکیشن	ap
apparatus	دستگاه	aperatas
apparent	پیدا؛ نمودار	aperant
apparently	ظاهرا؛ نظرا	aperantli
appeal	فرجام؛ جذابیت	apil
appealing	جذاب	apiling
appear	ظاهر شدن	apir
appearance	ظاهر	apirans
appease	دلنوازی کردن؛ دلجوئی کردن	apiz
appeasing	دلجویانه	apizing
appellation	وجه تسمیه	apaleyshen
appendages	مضافات	apendijiz
appendicitis	آپاندیس	apendisaitiz
appendix	ضمیمه؛ آپاندیس	apendiks
appetite	اشتها	apatait
appetizing	خوش خوراک؛ اشتها آور	apitaizing
applaud	تشویق کردن	aplod
applause	تمجید؛ هلهله	aploz
apple	سیب	apel
appliance	اسباب	aplaians
applicable	قابل اجرا	aplakabel
applicant	متقاضی	aplikant
application	استعمال؛ درخواست	aplakeyshen
apply	درخواست کردن، اعمال کردن	aplai
appoint	منصوب کردن	apoynt
appointment	تعیین؛ انتصاب	apoyntmant
appraisal	تقویم؛ تخمین	apreyzel
appraise	تعیین قیمت کردن	apreyz
appreciable	قابل تقدیر؛ قابل ارزیابی	aprishabel
appreciate	تقدیر کردن؛ تشکر کردن	aprishieyt
appreciation	قدردانی	aprishieyshen
apprehension	تشویش خاطر	aprihenshen
apprehensive	مستشعر؛ درک کننده	aprihensiv
apprentice	شاگرد	aprentas / aprentis
apprenticeship	شاگردی؛ تلمذ	aprentasship
approach	مراجعهکردن؛ نزدیک شدن	aproch
appropriate	مناسب؛ مقتضی	apropriat / aproprieyt
appropriately	به طور مناسب	apropriitli
approval	موافقت؛ امضاء	apruvel
approve	امضاکردن؛ پسند کردن	apruv
approximate	تقریبی؛ تخمینی	apraaksamat / apraaksameyt
approximately	تقریبا؛ تخمیناً	apraaksamatli
approximation	تقریب	apraaksameyshen
april	آوریل	eyprel
apron	خرند؛ پیش بند	eypran
aptitude	ذوق؛ گنجیش	aptatud
aquarium	آکواریوم؛ آبزیگاه	akweriam
arab	عربی؛ عرب	arab / eyrab
arabic	عربی؛ زبان عربی	arabik / erabik
arable	مزروعی؛ قابل زرع	arabel
arabs	اعراب	arabz / eyrabz
arbitrarily	به‌طور قراردادی	aarbitrerali
arbitrary	خودسرانه	aarbatreri / aarbitreri
arbitration	داوری؛ حکمیت	aarbitreyshen
arc	کمان	aark
arcade	تیمچه	aarkeyd
arch	طاق؛ تاق	aarch
archaeological	باستانشناسی	aarkialaajikel
archbishop	سر اسقف؛ اسقف بزرگ	aarchbishap
arched	طاقدار	aarcht
archipelago	مجمع الجزیر؛ دریی پر جزیره	aarkapelago / aarchapaleygo
architect	معمار	aarkatekt
architectural	معماری	aarkatekcherel
architecture	معماری	aarkatekcher
archive	آرشیو	aarkaiv
archway	گذر سرپوشیده؛ دروازه طاقدار	aarchwey
arctic	شمالی؛ قطبی	aarktik / aartik
arduous	پر زحمت؛ صعب الصعود	aarjuas
area	منطقه	eria
arena	عرصه	erina
arguably	مسلماً	aargyuabli
argue	بحث کردن	aargyu
argument	بحث	aargyamant
argumentative	جدلی؛ استدلالی	aargyamentativ
arid	خشک؛ لم یزرع	arad / erad
arise	بروز کردن	eraiz
aristocracy	نجبا؛ اشرافیت	erastaakrasi
aristocrat	بزرگزاده؛ اشرافزاده	eristakrat
aristocratic	اشرافی؛ اعیانی	eristakratik
arkansas	آرکانزاس	aarkansaa
arm	بازو؛ مسلح کردن	aarm
armaments	تسلیحات	aarmamants
armchair	صندلی دسته دار	aarmcher
armenian	ارمنی؛ زبان ارمنی	aarminian
armenians	ارامنه	aarminianz
arming	تسلیح	aarming
armistice	متارکه جنگ؛ صلح موقت	aarmastas
armor	جوشن	aarmer
armory	زراد خانه	aarmeri
armpit	بغل؛ زیر بغل	aarmpit
army	ارتش	aarmi
aromatic	خوشبو؛ گیاه خوشبو	eramatik
around	اطراف، حدود	eraund / eraun
arousing	تحریص؛ شهوت آمیز	erauzing
arrange	ترتیب دادن	ereynj
arrangement	ترتیب	ereynjmant
array	آرایه	erey
arrears	پس افت	erirz
arrest	جلب؛ توقیف	erest
arrival	مقدم؛ وصول	eraivel
arrive	رسیدن	eraiv
arrogance	تکبر؛ نخوت	eragans
arrogant	خودکامه؛ مغرور	eragant
arrow	پیکان	aro / ero
arsenal	زرادخانه؛ مهمات جنگی	aarsanel
art	هنر	aart
arterial	شریانی	aartiriel
artery	سرخرگ؛ شریان	aarteri
artful	نیرنگ باز	aartfel
article	مقاله	aartakel / aartikel
articular	مفصلی	aartikyaler
articulate	بیان کردن	aartikyaleyt / aartikyalat
articulation	مفصل بندی؛ طرز گفتار	aartikyaleyshen
artificial	مصنوعی؛ ساختگی	aartafishel
artillery	توپ؛ توپخانه	aartileri
artist	هنرمند	aartast / aartist
artistic	هنری؛ هنرمندانه	aartistik
artwork	اثر هنری	aartwerk
as	به عنوان، همانطور که؛ همانطور که	az / ez
ascend	فرازیدن؛ فرازروی	asend
ascertain	محقق نمودن؛ محقق دانستن	aserteyn
ascetic	زاهد؛ زاهدانه	asetik
ascribed	منسوب	askraibd
ash	خاکستر	ash
ashamed	شرمنده؛ خجل	asheymd
ashen	خاکستری؛ شبیه خاکستر	ashen
ashore	بکنار؛ درساحل	ashor
asia	آسیا	eyzha
aside	کنار	asaid
ask	پرسیدن، درخواست کردن	ask
asleep	خوابیده	aslip
asparagus	مارچوبه؛ شودی	asperagas
aspect	منظر؛ منظره	aspekt
aspersion	هتک	asperzhen
aspiration	آرزو	aspereyshen
aspire	آرزو کردن	aspair
aspirin	آسپیرین	asprin
ass	الاغ؛ ماتحت	as
assailant	ضارب	aseylant
assassin	قاتل؛ آدمکش	asasan
assassination	ترور	asasaneyshen
assault	حمله	asolt
assemble	جمع‌آوری کردن	asembel
assembly	مونتاژ، مجلس	asembli
assert	ادعا کردن	asert
assertion	ادعا	asershen
assessment	ارزیابی؛ اظهارنظر	asesmant
assessor	ارزیاب	aseser
asset	دارایی	aset
assiduous	مستدام؛ عاکف	asidwas
assign	اختصاص دادن	asain
assignment	تکلیف؛ گمارش	asainmant
assimilate	تلفیق کردن؛ سازش کردن	asimaleyt
assist	یاری کردن؛ اعانه کردن	asist
assistance	کمک	asistans
assistant	دستیار	asistant
associate	نزدیکی کردن؛ اختلاط کردن	asosiat / asosieyt
association	معاشرت؛ اشتراک	asosieyshen / asoshieyshen
assume	پنداشتن؛ فرض کردن	asum
assumption	فرض	asampshen
assurance	اطمینان	ashurans
assure	اطمینان دادن	ashur
asterisk	ستاره	asterisk
astonish	گیج کردن؛ مبهوت کردن	astaanish
astonishing	حیرت‌آور	astaanishing
astonishment	گیجی؛ خیرگی	astaanishmant
astrakhan	حاجی ترخان	astrakaan
astray	گمراه؛ بی راه	astrey
astronomy	نجوم؛ ستاره شناسی	astraanami
astute	تیز هوش	astut
asylum	پناهندگی	asailam
at	در	at
atheist	ناخدا؛ زندیق	eythiast
atheistic	ناخدا	eythiistik
athlete	ورزشکار	athlit
athletic	ورزشی؛ پهلوانی	athletik
atlantic	آتلانتیک	atlantik / atlanik
atom	اتم؛ آتم	atam
atomic	اتمی	ataamik
atone	کفاره دادن؛ تقاص پس دادن	aton
atonement	دیه	atonmant
atrocities	جنیات	atraasatiz
atrocity	ظلم	atraasiti
attach	ضمیمه کردن؛ الصاق کردن	atach
attachment	پیوست	atachmant
attack	حمله، حمله کردن	atak
attain	دست یافتن	ateyn
attainment	نیل؛ حصول	ateynmant
attempt	سعی؛ کوشش	atempt
attend	شرکت کردن	atend
attendance	حضور	atendans
attendant	ملازم؛ ملتزم	atendant
attention	توجه	atenshen
attentive	متوجه؛ دربند	atentiv
attire	لباس پوشاندن	ataier
attitude	طرز برخورد	atatud
attorney	وکیل	aterni
attract	مجذوب کردن؛ مجذوب ساختن	atrakt
attraction	جلب؛ جذب	atrakshen
attractive	جذاب	atraktiv
attribute	نسبت دادن، صفت	atrabyut / atribyut
auction	حراج	aakshen / okshen
audacious	گستاخ؛ جسور	aadeyshas
audacity	بی باکی	aadasiti
audible	شنیدنی	aadabel
audience	حضار	aadians / odians
audio	شنیداری	aadio
audit	حسابرسی	odit
auditor	ممیز؛ مستمع	oditer
auditory	سمعی؛ سماعی	oditori
august	آگوست	aagast / ogast
aunt	عمه، خاله	ant / ont
auspices	توجهات	ospisiz
auspicious	خجسته؛ فرخنده	aaspishas
austere	ریاضت کش	ostir
austerity	ریاضت	osteriti
australia	استرالیا	ostreylya
australian	استرالیائی	ostreylyan
austria	اطریش؛ اتریش	ostria
austrian	اتریشی؛ اطریشی	ostrian
authentic	معتبر	athentik / othentik
authenticity	اصالت؛ سندیت	othantisiti
author	نویسنده	other
authoritative	حاکمانه	athorateytiv
authority	اجازه؛ اختیار	athoriti
authorization	تنفیذ	otherazeyshen
authorize	مجوز دادن	otheraiz
auto	خودرو	oto
autobiography	خودزیستنامه	otabaiaagrafi
autocracy	استبداد	otaakrasi
autocrat	سلطان مطلق؛ سلطان مستبد	otakrat
autocratic	استبدادی	otakratik
automatic	خودکار	otamatik / otomatik
automatically	به صورت خودکار	otamatikli / otomatikli
automobile	اتومبیل؛ خودرو	otamobil
autonomous	خودگردان؛ خود مختار	otaanamas
autonomy	خودمختاری	otaanami / ataanami
autumn	پاییز	otam
autumnal	خزانی؛ خریفی	otamnel
avail	بکار خوردن؛ سودمند بودن	aveyl
availability	در دسترس بودن	aveylabiliti
available	در دسترس	aveylabel
avalanche	بهمن	avalanch
avenge	دادگیری کردن	avenj
average	متوسط	averij / avraj
aversion	نفرت؛ بدآمدن	averzhen
aviation	هواپیمائی؛ هوانوردی	eyvieyshen
avoid	اجتناب کردن	avoyd
avoidance	اجتناب؛ حذر	avoydans
avowed	اعتراف شده	avaud
await	در انتظار بودن	aweyt
awake	بیدار؛ بیداری کشیدن	aweyk
award	جایزه	aword
aware	آگاه؛ مطلع	awer
awareness	آگاهی	awernas
away	دور	awey
awe	هیبت؛ هیبت دادن	aa / o
awful	وحشتناک	aafel / ofel
awhile	مدتی؛ یک چندی	awail
awkward	نامناسب	aakwerd / okwerd
awkwardness	ناشیگری	okwerdnas
awry	چپ چپ؛ به‌طور میل	erai
ax	تیشه؛ تبر	aks
axe	تیشه؛ تیشه زدن	aks
axis	آسه؛ محور چرخ	aksas
azure	مینا؛ لاجورد	azher
babel	طرح خیالی؛ بنای شگرف	babel
baboon	عنتر	babun
baby	نوزاد، کودک	beybi
bachelor	عزب؛ مجرد	bachaler / bachler
bacillus	باسیل	basilas
back	پشت، عقب؛ پشتی، عقب	bak
backdrop	صحنه پشت	bakdraap
backgammon	مهره؛ نرد	bakgaman
background	سابقه، پس زمینه	bakgraund
backing	حمایت	baking
backup	پشتیبان	bakap
backward	بدون ترقی	bakwerd
backwards	ازپشت؛ عقب مانده	bakwerdz
backwater	باریکه آب	bakwoter
backwoods	جنگلهای دورافتاده	bakwudz
bacteria	باکتری‌ها	baktiria
bacterial	باکتریائی	baktiriel
bacteriology	باکتری شناسی	baktiriaalaji
bad	بد	bad
badge	نشان	baj
badly	بد	badli
bag	کیف	bag
baggage	بارسفر	bagaj / bagij
bagging	پارچه کیسهای	baging
baggy	کیسه ای متورم	bagi
bail	وثیقه	beyl
bailiff	ضابط	beylaf / beylif
bait	طعمه؛ طعمه دادن	beyt
bake	پختن؛ طبخ کردن	beyk
baker	شاطر؛ نانوا	beyker
baking	طبخ	beyking
balance	مانده؛ تراز	balans
balanced	متعادل	balanst
balcony	خروجی؛ بالکن	balkani
bald	کل؛ طاس	bold
baleful	غم انگیز؛ مصیبت بار	beylfel
balk	زیرش زدن؛ مایه لغزش	bok / baalk
ball	توپ	bol
ballad	شعر افسانه ای	balad
ballet	باله	baley
balloon	بادکنک	balun
ballot	برگه رای	balat
balsam	بلسان	bolsam
baltic	بالتیک	boltik
bamboo	خیزران؛ بامبو	bambu
ban	نهی؛ منع کردن	ban
banana	موز	banana
band	گروه (موسیقی)	band
bandage	تنزیب؛ پانسمان	bandij
bandit	سارق؛ راهزن	bandat
bandolier	قطار فشنگ	bandalir
bane	جانی؛ مخرب زندگی	beyn
bang	چتر زلف	bang
banish	دور کردن؛ نفی بلد کردن	banish
banishment	نفی؛ تبعید	banishmant
bank	بانک (پول)	bangk
banker	صراف؛ بانک دار	bangker
banking	بانکی؛ صرافی	bangking
bankrupt	ورشکست	bangkrapt
bankruptcy	اعسار؛ افلاس	bangkrapsi / bangkraptsi
banner	بنر	baner
banquet	مهمانی؛ سور	bangkwat
banter	شوخی کنایه دار	banter
baptism	تعمید؛ غسل	baptizam
baptismal	تعمیدی	baptizmel
bar	میخانه، میله	baar
barbarian	بی تمدن	baarberian
barbaric	بربری	baarbarik / baarberik
barbarism	وحشیگری	baarberizam
barbarity	بی رحمی؛ قساوت قلب	baarbariti / baarberiti
barbarous	غیر مصطلح	baarberas
barbed	خاردار	baarbd
barber	آرایشگر؛ سلمانی	baarber
bare	لخت	ber
barefoot	پابرهنه	berfut
barely	به سختی	berli
bargain	معامله	baargan / baargin
bargaining	چانه زنی	baargining
barge	دوبه؛ سرزده وارد شدن	baarj
bark	عوعو؛ عوعو کردن	baark
barley	علیق؛ جوین	baarli
barn	طویله؛ کاهدان	baarn
baron	باروری	baran / beran
baroness	همسر بارون	beranis
barrel	بشکه	barel / berel
barren	عقیم؛ نازا	baran / beran
barrier	مانع	barier / berier
barrow	زنبه؛ خاک کش	baro / bero
barter	پایاپای؛ تهاتر	baarter
base	فرومایه؛ لئیم	beys
baseball	بیسبال	beysbol
based	بر اساس	beyst
baseless	بی پایه؛ بی اساس	beyslas
basement	زیرزمین	beysmant
bashful	محجوبانه؛ شرمرو	bashfel
bashfulness	کمروئی	bashfalnes
basic	اصلی؛ اساسی	beysik
basically	اصلاً؛ اساساً	beysikli
basin	طشت؛ تشتک	beysan
basis	پایه؛ اصل	beysas / beysis
bask	حمام آفتاب گرفتن	bask
basket	سبد	baskat
basketball	بسکتبال	baskatbol
bass	باس	bas / beys
bat	خفاش؛ ضربه زدن (با چوب)	bat
bath	حمام	bath
bathe	شستشو؛ شستشو کردن	beydh
bathing	آبتنی	beydhing
bathroom	حمام	bathrum
batiste	پاتیس	batista
baton	باتون؛ عصای افسران	bataan / batan
battalion	گردان	batalyan
battery	باتری؛ باطری	bateri
battle	نبرد؛ جنگ	batel
battlefield	میدان جنگ	batalfild
battleground	نبردگاه؛ عرصه منازعه	batalgraund
battleship	ناو؛ رزمناو	batalship
bay	خلیج	bey
bayonet	سرنیزه	beyanet
be	بودن	bi
beach	ساحل	bich
beacon	چراق دریایی	bikan
bead	دانه؛ مهره	bid
beading	روکوب	biding
beak	نوک؛ تک	bik
beam	پرتو	bim
bean	لوبیا	bin
bear	خرس	ber
beard	ریش؛ محاسن	bird
bearded	ریشو؛ ریشدار	birdad
bearer	حامل؛ درخت بارور	berer
beast	جانور	bist
beastly	جانوروار	bistli
beat	ضربه زدن، شکست دادن	bit
beaten	زده؛ کوبیده	bitan
beau	جوان شیک	bo
beautiful	زیبا	byutafel
beauty	خوبی؛ جمال	byuti
because	زیرا	bikoz / bikaz
become	شدن	bikam
bed	تختخواب	bed
bedchamber	شبستان	bedcheymber
bedding	رختخواب؛ هوای آزاد	beding
bedridden	بستری	bedridan
bedroom	اتاق خواب	bedrum
bedside	بالین	bedsaid
bedtime	وقت استراحت؛ موقع خوابیدن	bedtaim
bee	زنبور؛ مگس انگبین	bi
beech	آلش	bich
beef	گوشت گاو	bif
beer	آبجو	bir
before	قبل از	bifor
beforehand	پیشاپیش	biforhand
befriend	رفاقت کردن؛ تجیب کردن	bifrend
beg	التماس کردن؛ استدعا کردن	beg
beget	پس انداختن؛ سبب وجود شدن	biget
beggar	گدا؛ فقیر	beger
begin	شروع کردن	bigin
beginning	شروع	bigining
behalf	از طرف	bihaf
behave	رفتار کردن	biheyv
behavior	رفتار؛ اخلاق	biheyvyer
behaviour	رفتار	biheyvyer
beheaded	سربریده	bihedid
behind	پشت سر، عقب	bihaind
behold	هان؛ هین	bihold
beige	بژ	beyzh
belated	دیر شده	bileytid
belgian	بلژیکی	beljan
belgium	بلژیک	beljam
belief	ایمان؛ اعتقاد	bilif
believe	باور داشتن	biliv
believer	معتقد؛ مومن	baliver
bell	ناقوس؛ جرس	bel
belligerent	متحارب	balijerant
belly	شکم؛ بطن	beli
belong	تعلق داشتن	bilong
beloved	محبوب	bilavd / bilavad
below	زیر، پایین	bilo
belt	کمربند	belt
bench	نیمکت	bench
benchmark	معیار	benchmaark
bend	چنبره؛ خمیدگی	bend
beneath	زیر	binith
benediction	رضوان؛ نیایش	benadikshen
benefactor	واقف؛ نیکوکار	benafakter
beneficent	منان؛ منعم	benafishent
beneficial	مفید	benafishel
beneficiary	ذینفع	benafishieri
benefit	فایده	benafit
benevolence	خوشدلی؛ نوع پرستی	banevalans
benevolent	خیر؛ نیکوکار	banevalant
benign	جید	binain
bent	خم؛ متمایل	bent
bequest	وقف نامه	bikwest
berlin	برلین؛ برلن	berlin
berth	پهلو گرفتن؛ اطاق کشتی	berth
beryl	بزادی	berel
beseech	التماس کردن	bisich
beseeching	از و جز	bisiching
beside	کنار	bisaid
besides	علاوه بر این	bisaidz
best	بهترین	best
bestial	دامی؛ شبیه حیوان	beschel
bestow	عطا کردن؛ بذل کردن	bisto
bet	شرط بندی؛ شرط بستن	bet
beta	بتا	beyta
betray	خیانت کردن	bitrey
betrayal	خیانت؛ افشاء سر	bitreyel
better	بهتر	beter
betterment	بهی	betermant
between	بین	bitwin
beverage	شربت؛ نوشابه	beverij / bevrij
beware	هان؛ هلا	biwer
bewildered	گیج؛ سردرگم	biwilderd
bewilderment	گیجی؛ سردرگمی	biwildermant
beyond	فراتر از؛ آن‌سوی	biaand / biond
bias	تعصب	baias
bible	انجیل؛ کتاب مقدس	baibel
bicarbonate	جوش شیرین	baikaarbanat
bicycle	دوچرخه	baisikel
bicycling	دوچرخه سواری	baisikaling / baisikling
bid	پیشنهاد دادن، پیشنهاد	bid
bier	مقبره	bir
bifurcation	شکاف گاه	biferkeyshen / baiferkeyshen
big	بزرگ	big
bike	دوچرخه	baik
bilateral	دوجانبه؛ دوطرفه	bailaterel
bile	صفر؛ زرداب	bail
bilious	صفراوی؛ زرداب ریز	bilias
bill	صورتحساب	bil
billet	یادداشت مختصر؛ ورقه جیره	bilat / bilit
billion	میلیارد	bilyan
billon	بورچاق	bilan
bin	سطل آشغال	bin
binary	دوجزئی؛ دوگانه	baineri
bind	بستن	baind
binder	صحاف؛ شیرازه	bainder
binding	حتیالاجرا؛ تجلید	bainding
biographical	زیستنامهای	baiagrafikel
biography	زندگی‌نامه	baiaagrafi
biological	زیستی	baialaajikel
biology	زیست‌شناسی	baiaalaji
bipolar	دوقطبی	baipoler
birch	توس؛ غان	berch
bird	پرنده	berd
birmingham	بیرمنگام	bermingham
birth	تولد	berth
birthday	تولد	berthdey
birthplace	زادگاه؛ مسقطالراس	berthpleys
birthright	حق ارشدیت	berthrait
biscuit	بیسکویت	biskat
bishop	اسقف	bishap
bit	تکه کوچک	bit
bite	گاز؛ نیش	bait
bitter	تلخ؛ مر	biter
bitterness	تلخی	biternas
bivouac	اتراق؛ اتراق کردن	bivwak
bizarre	عجیب و غریب	bazaar / bizaar
black	سیاه	blak
blacksmith	آهنکر؛ آهنگر	blaksmith
bladder	بادکنک؛ کمیزدان	blader
blade	تیغه	bleyd
bladed	تیغه دار	bleydid
blame	سرزنش؛ ملامت	bleym
blank	خالی	blangk
blanket	پتو	blangkat / blangkit
blast	انفجار، منفجر کردن	blast
blaze	افروختگی؛ شعله زدن	bleyz
bleak	درمعرض بادسرد	blik
bleed	خونریزی کردن	blid
blemishes	معایب	blemishiz
blend	ترکیب کردن	blend
blended	عجین	blendid
bless	برکت دادن	bles
blessedness	مبارکی	blesadnas
blessing	برکت	blesing
blind	کور؛ نابینا	blaind
blindness	کوری؛ نابینائی	blaindnas
blink	سوسو زدن؛ نگاه مختصر	blingk
blinking	طرفه العین	blingking
blister	آبله؛ طاول	blister
bloc	مانع ورادع؛ جعبه قرقره	blaak
block	بلوک؛ مسدود کردن	blaak
blockade	گرفتگی؛ سدراه کردن	blaakeyd
blockhead	بی کله	blaakhed
blog	وبلاگ	blog
blonde	بلوند	blaand
blood	خون	blad
bloodless	بی خون؛ بدون خونریزی	bladlas
bloodshed	خونریزی؛ سفک دماء	bladshed
bloodthirsty	خونریز؛ خونخوار	bladthersti
bloody	خونین؛ خون آلود	bladi
bloom	شکوفه؛ شکفتن	blum
blossom	شکوفه؛ گل دادن	blaasam
blot	لک کردن	blaat
blow	دمیدن؛ ضربه، دمیدن	blo
blue	آبی	blu
bluff	توپ؛ بلف	blaf
bluish	آبی فام	bluish
blunder	خبط کردن؛ اشتباه کار	blander
blunt	کند کردن؛ بی نوک	blant
bluntly	بالصراحه	blantli
bluntness	صراحت	blantnas
blur	تیرگی؛ لک کردن	bler
blush	روژ	blash
boa	مار اژدر؛ اژدر مار	boa
board	تخته، هیئت مدیره	bord
boast	فخر فروختن	bost
boat	قایق	bot
bodily	تنی؛ جسمی	baadali
body	بدن	baadi
bodyguard	مستحفظ شخص؛ گارد مخصوص	baadigaard
bog	سیاه آب؛ لجن زار	baag / bog
boil	جوشاندن	boyl
boiler	دیگ	boyler
boisterous	بلند وناهنجار	boysteras / boystras
bold	پررنگ	bold
boldly	جسارتا؛ جسورانه	boldli
boldness	جرات؛ جسارت	boldnas
bolt	زبانه؛ زبانه دار کردن	bolt
bomb	بمب؛ بمباران کردن	baam / bom
bombard	توپ زدن؛ بتوپ بستن	baambaard
bombardment	بمباران	baambaardmant
bomber	بمب انداز؛ بمب افکن	baamer
bombing	بمباران	baaming
bond	صلح؛ وجه الضمانه	baand
bone	استخوان	bon
bonnet	درپوش؛ کلاه سرگذاشتن	baanat
bonny	قوی وزیبا	baani
bonus	پاداش	bonas
bony	استخوانی؛ اسکلتی	boni
booby	ساده لوح	bubi
book	رزرو کردن؛ کتاب، رزرو کردن	buk
booking	رزرو	buking
bookish	کتابی؛ ملانقطی	bukish
boom	رونق	bum
boon	هم پیاله	bun
boost	افزایش دادن، افزایش	bust
boot	چکمه	but
booth	غرفه؛ جای ویژه	buth
booty	غارت؛ غنیمت	buti
border	کناره؛ مرز	border
bore	مو؛ سرخر	bor
bored	خسته	bord
boredom	خستگی؛ ملالت	bordam
boring	خسته‌کننده	boring
born	متولد شدن	born
borrow	قرض گرفتن	baaro
borrowing	عاریه؛ استقراض	baaroing
bosnia	بوسنی	baaznia
bosom	سینه؛ بغل	buzam
boss	رئیس	baas / bos
boston	بوستون	baastan / bostan
botanist	گیاهشناس	baatanist
botany	گیاهشناسی	baatani
both	هر دو	both
bother	رنجاندن؛ ایذاء	baadher
bottle	بطری	baatel
bottom	پایین، ته	baatam
bough	شانه حیوان	bau
bounce	جهش کردن	bauns
bound	مقید	baund
boundary	مرز	baunderi / baundri
boundless	بیکران؛ نامتناهی	baundlas
bouquet	گلدسته	bukey
bourgeois	طبقه دوم	burzhwaa
bovine	شبیه گاو؛ گاو خوی	bovain
bow	خم شدن، تعظیم	bau / bo
bowels	امعاء	baualz / baulz
bower	آلاچیق	bauer
bowl	کاسه	bol
bowler	قدح ساز؛ مشروب خوارافراطی	boler
box	جعبه	baaks
boxer	مشتباز؛ مشتزن	baakser
boxing	بوکس؛ مشتزنی	baaksing
boy	پسر	boy
boycott	بایکوت؛ تحریم کردن	boykaat
boyfriend	دوست پسر	boyfrend
boyhood	پسری؛ پسر بچگی	boyhud
brace	آکولاد	breys
bracket	دیاق	brakit
brag	لاف؛ بالیدن	brag
braided	بافته	breydid
braiding	نواریاتوری قیطانی	breyding
brain	مغز	breyn
brake	ترمز؛ ترمز کردن	breyk
branch	شاخه؛ شاخ	branch
brand	جور؛ داغ	brand
brass	نحاس؛ افسر ارشد	bras
brassy	برنجی؛ برنج مانند	brasi
brat	ننر؛ کف شیر	brat
brave	رشید؛ راد	breyv
bravely	شجاعانه؛ غازیانه	breyvli
bravery	تهور؛ شهامت	breyveri
bravo	آفرین؛ هورا	braavo
brazier	رویگر؛ آتشدان	breyzier
brazil	برازیلیا؛ برزیل	brazil
breach	نقض کردن، نقض	brich
bread	نان	bred
breadth	وسعت نظر	bredth
break	شکستن، استراحت	breyk
breakdown	خرابی	breykdaun
breakfast	صبحانه	brekfast
breakthrough	پیشرفت	breykthru
breakup	بهم زدن	breykap
breast	سینه؛ پستان	brest
breath	دم؛ نفس	breth
breathe	تنفس کردن؛ استنشاق کردن	bridh
breathing	تنفس؛ ذینفس	bridhing
breathless	بی جان؛ بی نفس	brethlas
breech	ته توپ؛ ته تفنگ	brich
breed	نژاد، پرورش دادن	brid
breeding	تخم کشی؛ تولید مثل	briding
breeze	نسیم؛ بادملایم	briz
breezy	نسیمدار؛ شادی بخش	brizi
brewer	آبجوساز	bruer
brewery	آبجوسازی	brueri
bribe	رشوه؛ رشوه دادن	braib
bribery	رشوه؛ ارتشاء	braiberi
brick	آجر	brik
bridal	متعلق بعروس	braidel
bride	عروس	braid
bridegroom	دامادی	braidgrum
bridge	پل	brij
bridle	افسار؛ عنان	braidel
brief	مختصر؛ کوتاهمدت	brif
briefly	به طور خلاصه	brifli
brigade	تیپ	brageyd / brigeyd
bright	روشن	brait
brighten	زرنگ کردن؛ درخشان کردن	braitan
brightness	فروغ؛ روشنی	braitnas
brilliant	درخشان	brilyant
bring	آوردن	bring
brink	لب؛ شرف	bringk
britain	بریتانیا	britan
british	بریتانیایی؛ انگلیسی	british
brittle	شکننده؛ ترد	britel
broad	گشاد؛ پهن	brod
broadband	پهنای باند	brodband
broadcast	پخش؛ پراکندن	brodkast
broadcaster	پخش کننده	brodkaster
broaden	وسیع کردن	brodan
broadly	به طور گسترده	brodli
brochure	جزوه؛ بروشور	broshur
broken	شکسته	brokan
broker	واسطه؛ دلال	broker
bronchitis	برنشیت؛ آماس نایژه	braangkaitas
bronze	برنز؛ برنزی	braanz
brooch	گل سینه؛ باسنجاق آراستن	bruch / broch
brook	جوی؛ جویبار	bruk
broom	جاروب؛ جارو	brum
brother	برادر	bradher
brotherhood	اخوت؛ برادری	bradherhud
brotherly	برادرانه؛ برادر وار	bradherli
brown	قهوه‌ای	braun
browser	مرورگر	brauzer
bruise	کوفتگی؛ تباره	bruz
bruising	دق	bruzing
brunette	سبزه	brunet
brush	برس، برس زدن	brash
brutal	بیرحمانه	brutel
brutally	بی رحمانه	brutali
brute	جانور خوی؛ کودن یاشهوانی	brut
bubble	حباب؛ غلغل سدن	babel
bubonic	خیارکی	byubaanik
buck	دلار، نر (جانور)	bak
bucket	سطل؛ دول	bakat / bakit
buckle	چپراست؛ سگک	bakel
bud	جوانه؛ شکوفه	bad
buddhist	بودایی	budast
buddy	رفیق	badi
budget	بودجه	bajit
buff	گاو وحشی؛ زرد نخودی	baf
buffalo	گاومیش؛ بوفالو	bafalo
buffer	بافر	bafer
bug	حشره، اشکال نرم‌افزاری	bag
bugle	بوق	byugel
build	ساختن	bild
builder	بساز و بفروش	bilder
building	ساختمان	bilding
bulb	سوخ؛ لامپ برق	balb
bulbous	پیازی	balbas
bulge	برامدگی؛ بالارفتگی	balj
bulk	عمده	balk
bulky	جسیم؛ تنه دار	balki
bull	گاو؛ ثور	bul
bulldog	بول داگ	buldog
bullet	تیر؛ گلوله	bulat
bulletin	پژوهشنامه؛ بولتن	bulitan
bullion	شمش	bulyan
bully	قلدر؛ گردنکلفت	buli
bulwark	سنگربندی	bulwerk
bunch	خوشه؛ خوشه کردن	banch
bundle	بقچه؛ دسته کردن	bandel
bunt	دربیس بال	bant
buoyant	شناور	boyant
burden	بار	berdan
burdensome	غم انگیز	berdansam
bureau	اداره؛ شورا	byuro
bureaucracy	بوروکراسی	byuraakrasi
burglar	دزد؛ دزد خانه	bergler
burial	دفن	beriel
burly	گره دار	berli
burn	سوختن	bern
burr	غلیظ تلفظ کردن	ber
burrow	نقب؛ زیرزمین لانه کردن	bero
burst	ترکیدن	berst
bury	خاک کردن؛ گور کردن	beri
bus	اتوبوس	bas
bush	بوته؛ بوش	bush
bushel	لیتر است؛ با پیمانه وزن کردن	bushel
business	کسب و کار	biznas / biznis
businessman	بازرگان	biznasman / biznisman
bust	ورشکست کردن؛ ورشکست شدن	bast
bustle	هایهو	basel
busy	مشغول	bizi
but	اما	bat
butcher	قصاب؛ قصابی کردن	bucher
butler	ساقی؛ آبدارباشی	batler
butt	شاخ زدن؛ نزدیک یا متصل شدن	bat
butter	کره	bater
butterfly	پروانه	baterflai
buttermilk	آبدوغ	batermilk
buttocks	سرین؛ لنبر	bataks
button	دکمه	batan
buttonhole	مادگی	batanhol
buy	خریدن	bai
buyer	خریدار؛ خرنده	baier
buzz	ویزویز کردن؛ نامشخص حرف زدن	baz
by	توسط، کنار	bai
bye	خداحافظ	bai
cab	تاکسی؛ جای لوکوموتیوران	kab
cabbage	کلم	kabaj / kabij
cabby	رانندهتاکسی	kabi
cabin	کلبه	kaban
cabinet	کابینت، هیئت وزیران	kabanat / kabnat
cable	تلگراف؛ طناب سیمی	keybel
cackle	نعیب کردن؛ غار غار	kakel
cafe	کافه	kafey
cage	قفس؛ درقفس نهادن	keyj
cake	کیک	keyk
calamitous	پربلا؛ مصیبت بار	kalamatas
calamity	بلا؛ آفت	kalamiti
calculate	حساب کردن؛ احتساب کردن	kalkyaleyt
calculation	محاسبه	kalkyaleyshen
calendar	تقویم؛ سالنما	kalander
calf	گوساله؛ عجل	kaf
calico	چلوار	kalako
california	کالیفرنیا	kalafornya
californian	کالیفرنیایی	kalifornyan
call	صدا زدن، تماس گرفتن	kol
callous	پینهدار؛ سنگ دل	kalas
callus	پینه؛ پینه ای	kalas
calm	آرام؛ ملایم	kaam / kaalm
calmly	به آرامی	kaamli / kaalmli
calmness	آرامی؛ آرامش	kaamnas / kaalmnas
calorie	کالری	kaleri
calumny	افترا؛ بهتان	kalamni
camel	شتر؛ سار	kamel
cameo	به زرد	kamio
camera	دوربین	kamera / kamra
camp	اردو، اردو زدن	kamp
campaign	کارزار؛ کمپین	kampeyn
campaigner	نامزد انتخابات	kampeyner
camping	اردو زدن	kamping
can	توانستن (فعل کمکی)؛ قوطی	kan
canada	کانادا	kanada
canadian	کانادایی	kaneydian
canal	کانال	kanal
cancel	فسخکردن؛ موقوف کردن	kansel
cancellation	فسخ؛ لغو	kansaleyshen
cancer	سرطان	kanser
cancerous	سرطانی	kanseras
candid	صاف؛ بی تزویر	kandad / kandid
candidacy	نامزدی؛ داوطلبی	kandidasi
candidate	نامزد؛ کاندید	kandadeyt / kanadit
candle	شمع	kandel
candy	نقل؛ شیرینی	kandi
cane	عصا؛ قصب	keyn
canister	چای دان؛ گازاشک آور	kanaster / kanister
canned	مست باده	kand
cannot	نمی‌تواند (فعل کمکی)	kanaat
canoe	قایق رانی	kanu
canopy	سایبان گذاشتن؛ کروک اتومبیل	kanapi
canter	سلانه سلانه	kanter
canvas	بوم نقاشی	kanvas
canyon	دربند؛ تنگه	kanyan
cap	کلاهک	kap
capability	توانایی	keypabiliti
capable	قابل؛ لایق	keypabel
capacious	جادار؛ گنجا	kapeyshas
capacity	گنجایش؛ ظرفیت	kapasiti
cape	شنل	keyp
capillary	عروق شعریه	kapaleri
capital	پایتخت، سرمایه	kapatel / kapitel
capitalism	سرمایه‌داری	kapitalizam
capitalist	سرمایه‌دار	kapatalist
capitulation	کاپیتولاسیون	kapichaleyshen
capricious	بوالهوس؛ هوسران	kaprishas
capsule	کپسول؛ پوشینه	kapsel
captain	ناخدا؛ سروان	kaptan
captive	بندی؛ دربند	kaptiv
captivity	گرفتاری؛ اسارت	kaptiviti
capture	تسخیر؛ دستگیری	kapcher
car	ماشین	kaar
caravan	کاروان	karavan / keravan
carbon	کربن	kaarban
card	کارت	kaard
cardboard	مقوا؛ مقوای نازک	kaardbord
cardiac	فم المعدی	kaardiak
cardinal	کاردینال؛ عدداصلی	kaardanel / kaardinel
care	مراقبت، اهمیت دادن	ker
career	شغل، حرفه	kerir
carefree	سبکبار؛ بی غم	kerfri
careful	مراقب	kerfel
carefully	با دقت	kerfali
careless	بیدقت؛ مسالمتآمیز	kerlas
carelessly	سرسری؛ غافلا	kerlasli
carelessness	غفلت؛ مسامحه	kerlasnas
caress	نوازش؛ ناز	keres
cargo	بار	kaargo
caribbean	کارائیب	keribian
caricature	کاریکاتور؛ کاریکاتور ساختن	kerakacher
carnage	قتل عام	kaarnij
carnival	کارناول؛ کارناوال	kaarnavel
carolina	کارولینا	keralaina
carpal	مچ دستی	kaarpel
carpenter	درودگر؛ نجار	kaarpanter
carpentry	نجاری؛ درودگری	kaarpantri
carpet	فرش	kaarpat
carriage	کالسکه	karij / keraj
carrier	حامل؛ ترک بند	karier / kerier
carrion	لاش؛ گوشت گندیده	kerian
carrot	هویج	karat / kerat
carry	حمل کردن	kari / keri
cart	چرخ؛ گاری	kaart
cartilage	غضروف	kaartalaj / kaartalij
cartoon	کارتون	kaartun
cartridge	فشنگ	kaartraj / kaartrij
carve	حکاکی کردن	kaarv
cascade	آبشار	kaskeyd
case	مورد، پرونده	keys
cash	پول نقد	kash
cashier	صندوقدار؛ تحویلدار	kashir
casino	کازینو	kasino
casket	صندوق یاتابوت	kaskat
cassette	کاست	kaset
cassock	دلق	kasak
cast	افکندن؛ بر افکندن	kast
caste	صنف	kast
castle	قلعه	kasel
casual	معمولی	kazhawel / kazhwel
casually	تفریحاً	kazhawali / kazhwali
casualty	تلفات	kazhawalti / kazhwalti
cat	گربه	kat
catalogue	کاتالوگ	katalog
catastrophe	مصیبت؛ بلای ناگهانی	katastrafi
catch	گرفتن	kach
category	طبقه؛ رده	katagori
cater	پذیرایی کردن	keyter
cathedral	کلیسا	kathidrel
catholic	کاتولیک؛ جامع	kathlik
catlike	گربهوار	katlaik
cattle	گله گاو	katel
caucasus	قزاقی	kokasas
cauliflower	گلکلم	kaalaflauer
causal	سببی؛ علتی	kozel
causative	سبب شونده	kaazativ / kozativ
cause	علت، باعث شدن	kaaz / koz
caution	احتیاط	kaashen / koshen
cautious	محتاط	koshas
cautiously	از رویاحتیاط	koshasli
cavalcade	گردش سواره	kavalkeyd
cavalier	شوالیه	kavalir
cavalry	سواره نذام	kavalri
cave	غار	keyv
cavern	غار؛ حفره	kavern
cavernous	غارمانند؛ غاردار	kavernas
cavity	گودی	kaviti
cd	سی‌دی	sidi
cease	متوقف کردن	sis
cedar	سرو؛ سدر	sider
ceiling	سقف	siling
celebrate	جشن گرفتن	selabreyt
celebration	جشن؛ برگزاری	selabreyshen
celebrity	سلبریتی	salebriti
celestial	سماوی؛ عرشی	saleschel
cell	یاخته؛ سلول	sel
cellar	زیرزمین؛ سرداب	seler
cellular	سلولی؛ سلول دار	selyaler
celtic	سلتی؛ زبان سلتی	seltik / keltik
cement	سیمان؛ سمنت	sament / siment
cemetery	قبرستان	semateri / semiteri
censer	بخورسوز؛ عودسوز	senser
censorship	سانسور	sensership
census	سرشماری؛ آمارگیری	sensas
cent	سنت	sent
centennial	صدساله؛ یادبود صدساله	senteniel
center	مرکز؛ وسط	senter / sener
central	مرکزی؛ میانی	sentrel
centralization	تمرکز	sentralizeyshen
centralized	متمرکز	sentralaizd
centre	مرکز	senter
centrifugal	مرکزگریز؛ نیروی گریز از مرکز	sentrifyugel
century	قرن	sencheri
cereal	غله؛ حبوبات	siriel
cerebral	مغزی؛ دماغی	serabrel / seribrel
ceremonial	تشریفاتی	seramoniel
ceremonies	تشریفات؛ مناسک	seramoniz
ceremony	جشن؛ مراسم	seramoni
certain	مطمئن	sertan
certainly	قطعا	sertanli
certainty	قطعیت	sertanti
certificate	گواهی	sertifikat
certify	تصدیق کردن؛ شهادت کتبی دادن	sertafai
cervical	گردنی	servakel / servikel
chagrin	غم وغصه	shagrin
chain	سلسله؛ زنجیر	cheyn
chair	صندلی	cher
chairman	رئیس؛ فرنشین	cherman
chalice	جام	chalis
chalk	گچ؛ تباشیر	chaak / chok
challenge	طلب حق؛ سر تافتن	chalanj
challenging	چالش برانگیز	chalanjing
chamber	اتاق	cheymber
champ	میدان جنگ	champ
champagne	شامپانی	shampeyn
champion	قهرمان؛ پهلوان	champian
championship	قهرمانی	champianship
chance	شانس	chans
chancellor	صدر اعظم	chansaler / chansler
chandelier	چلچراغ؛ لوستر	shandalir
change	تغییر، تغییر دادن	cheynj
channel	مجری؛ مجرا	chanel
chaos	هرج و مرج	keyaas
chap	خشکی شدن؛ خشکی زدن	chap
chaplain	پیشنماز؛ قاضی عسگر	chaplan
chapter	فصل؛ بخش	chapter
character	شخصیت	kerikter
characteristic	اختصاصی؛ مشخصه	kerakteristik
characterize	توصیف کردن	kerakteraiz
charcoal	زغال؛ ذغال	chaarkol
charge	عهده؛ تهمت	chaarj
chariot	اراده؛ ارابه	cheriat
charitable	خیر؛ اوقاف	charatabel / cheratabel
charity	خیریه	cheriti
charlatan	چاچولباز؛ شارلاتان	shaarlatan
charm	جذابیت	chaarm
charming	جذاب	chaarming
chart	نمودار	chaart
charter	منشور	chaarter
chase	تعقیب کردن، تعقیب	cheys
chaste	مخدر؛ عفیف	cheyst
chat	گپ زدن	chat
chatter	ورور کردن؛ وراجی کردن	chater
cheap	ارزان	chip
cheapness	ارزانی	chipnas
cheat	فریب؛ گولزدن	chit
cheating	فریب؛ تقلب	chiting
check	بررسی کردن، چک؛ چک کردن	chek
checkmate	مات کردن؛ شاه مات	chekmeyt
cheek	گونه	chik
cheer	تشویق کردن، تشویق	chir
cheerful	خرم؛ شنگول	chirfel
cheerfulness	انبساط؛ بشاشت	chirfalnas
cheery	با ل بشاشت	chiri
cheese	پنیر	chiz
chef	سرآشپز	shef
chemical	شیمیایی	kemakel / kemikel
chemist	شیمیدان	kemist
chemistry	شیمی	kemastri / kemistri
cherish	ورزیدن؛ عزیز داشتن	cherish
cherry	گیلاس	cheri
chess	شطرنج؛ شترنج	ches
chessboard	تخته شطرنج	chesbord
chest	سینه؛ قص	chest
chestnut	بلوط؛ شاه بلوط	chesnat / chestnat
chew	خاییدن؛ جویدن	chu
chicago	شیکاگو	shakaago
chicken	مرغ	chikan
chief	رئیس؛ اصلی	chif
chiefly	عمدتاً	chifli
chiffon	تور نازک؛ نوعی کیک	shifaan
child	کودک	chaild
childhood	خردی؛ بچگی	chaildhud
childish	کودکانه؛ بچگانه	chaildish
childless	بی فرزند؛ بی اولاد	chaildlas
childlike	کودک مانند	chaildlaik
chill	چایمان؛ سرد کردن	chil
chime	ناقوس را؛ سازیاموسیقی زنگی	chaim
chimerical	هوس باز؛ هوس آمیز	kimerakel
chimney	دودکش؛ تنوره	chimni
chin	چانه؛ پوز	chin
china	چین؛ ظروف چینی	chaina
chinese	چینی؛ زبان چینی	chainiz
chink	درزپیدا کردن	chingk
chip	چیپس، تراشه	chip
chisel	اسکنه؛ منقاش	chizel
chivalry	سلحشوری	shivalri
chocolate	شکلات	choklat
choice	انتخاب	choys
choir	گروه کر	kwaier
choke	اختناق؛ ساسات	chok
cholera	وبا	kaalera
choose	انتخاب کردن	chuz
chop	خرد کردن	chaap
chopped	ریز ریز	chaapt
christ	مسیح؛ یاعلی	kraist
christianity	مسیحیت؛ عیسویت	krischianiti
christians	نصارا	krischanz / krischinz
chronic	مزمن	kraanik
chronological	زمانی	kraanalaajikel
chubby	خپله	chabi
chuck	مرغک	chak
chunk	تکه بزرگ	changk
church	کلیسا	cherch
churned	چرخی	chernd
cider	آب سیب؛ شربت سیب	saider
cigar	سیگار برگ	sigaar
cigarette	سیگار	sigeret
cinema	سینما	sinama
circle	دایره، دور چیزی کشیدن	serkel
circuit	مدار	serkat
circular	حلقهای؛ مدور	serkyaler
circulate	گردش کردن	serkyaleyt
circulation	گردش	serkyaleyshen
circumcision	ختنه	serkamsizhen
circumspect	ملاحظه کار؛ مال اندیش	serkamspekt
circumstance	چگونگی	serkamstans
circus	میدان؛ جولانگاه	serkas
citadel	ارک؛ قلعه نظامی	sitadel
cite	اقتباس کردن؛ اتخاذ سند کردن	sait
citizen	شهروند	sitazan / sitizan
citizenship	شهروندی	sitizanship
city	شهر	siti
civic	مدنی	sivik
civil	مدنی؛ غیرنظامی	sivel
civilian	غیرنظامی	savilyan
civility	نزاکت	saviliti
civilization	تمدن	sivalizeyshen
civilized	متمدن	sivalaizd
claim	طلب؛ ادعا	kleym
claimant	مدعی؛ مطالبه کننده	kleymant
clammy	بی حرارت؛ سرد ومرطوب	klami
clamor	سروصدا؛ غریو کشیدن	klamer
clamp	گیره؛ سوزن بند	klamp
clan	طایفه؛ قبیله	klan
clandestine	غیرمشروع	klandestin
clang	صدای شیپور	klang
clarification	تبیین	klerafakeyshen
clarify	روشن کردن	klerafai
clarity	وضوح	kleriti
clark	کلارک	klaark
clash	درگیری	klash
clasp	سرچسب؛ جفت چپراست	klasp
class	کلاس	klas
classical	کلاسیک	klasikel
classification	طبقه‌بندی	klasafakeyshen
classify	طبقه‌بندی کردن	klasafai
classroom	کلاس درس	klasrum
clatter	زغ زغ کردن	klater
clause	ماده	kloz
claw	پنجه؛ چنگ	klo
clay	گل؛ رس	kley
clean	تمیز، تمیز کردن	klin
cleaning	زدایش؛ پاک سازی	klining
cleanliness	نظافت؛ پاکی	klenlinis
cleanse	تطهیر کردن	klenz
cleansing	پاکسازی	klenzing
clear	روشن، واضح	klir
clearance	مفاصا؛ برائت ذمه	klirans
clearly	به وضوح	klirli
clearness	صافی؛ روشنی	klirnas
cleavage	رخ؛ شکافتگی	klivaj / klivij
cleaver	ساطور؛ ساتور	kliver
cleft	شکاف دار	kleft
clemency	اعتدال عناصر	klemansi
clench	گره کردن	klench
clergy	روحانیون؛ مردروحانی	klerji
clergyman	روحانی؛ مجتهد	klerjiman
clerical	دفتری	klerakel / klerikel
clerk	کارمند	klerk
clever	باهوش	klever
cleverly	بزیرکی؛ زیرکانه	kleverli
cleverness	هشیاری؛ زرنگی	klevernas
click	تیک؛ صدای مختصر	klik
client	موکل؛ ارباب رجوع	klaiant
cliff	صخره	klif
climate	آب و هوا	klaimat / klaimit
climax	اوج؛ منتها درجه	klaimaks
climb	بالا رفتن	klaim
climber	صعود کننده	klaimer
clinch	مشت کردن؛ قاطع ساختن	klinch
cling	چسبیدن	kling
clinic	درمانگاه	klinik
clinical	بالینی	klinakel / klinikel
clip	گیره، کلیپ	klip
clipping	جمع در	kliping
cloak	شنل؛ عبا	klok
clock	ساعت دیواری	klaak
cloister	در صومعه گذاشتن	kloyster
close	بستن؛ نزدیک	klos / kloz
closed	بسته	klozd
closeness	نزدیکی؛ تقریب	klosnis
closet	قفسه؛ گنجه	klaazat
closure	بسته شدن	klozher
clot	لخته؛ علقه	klaat
cloth	پارچه	kloth
clothes	لباس‌ها	klodhz / kloz
clothing	پوشاک	klodhing
cloud	ابر	klaud
cloudless	بی ابر؛ بدون ابر	klaudlas
cloudy	ابری؛ میغی	klaudi
clown	دلقک؛ الدنگ	klaun
club	باشگاه	klab
clue	مدرک؛ سر نخ	klu
clump	انبوه کردن؛ ضربه سنگین	klamp
clumsily	ناشیانه؛ شلخته وار	klamsali
clumsy	ناشی؛ بی عرضه	klamzi
cluster	خوشه	klaster
clutch	چنگ	klach
coach	مربی	koch
coachman	کالسکهچی؛ درشکهچی	kochman
coagulate	منعقد کردن؛ دلمه کردن	koagyaleyt
coagulation	انعقاد؛ لختگی	koagyaleyshen
coal	زغال کردن؛ زغال سنگ	kol
coalition	ائتلاف	koalishen
coarse	درشت؛ زبر	kors
coast	ساحل	kost
coastal	ساحلی	kostel
coat	کت، پالتو	kot
coating	روکش؛ کپسول	koting
coax	ریشخند کردن؛ چرب زبانی کردن	koks
coaxing	ریشخند	koksing
cob	کاهگلی	kaab
cobbler	پینه دوز	kaabler
cocaine	کوکائین	kokeyn
cocktail	کوکتل	kaakteyl
cocoa	کاکائو	koko
cod	نوعی ماهی؛ کیسه کوچک	kaad / siodi
code	کد	kod
coerce	ناگزیر کردن	koers
coercion	اجبار؛ عنف	koershen
coexist	همزیستی کردن	koagzist
coexistence	همزیستی؛ همزیگری	koigzistans
coffee	قهوه	kaafi / kofi
coffin	تابوت	kofin
cogency	قدرت عقیده	kojansi
cognition	ادراک	kaagnishen
cognitive	شناختی	kaagnitiv
coherent	منسجم	kohirant
coil	بوبین	koyl
coin	سکه؛ سکه زدن	koyn
coinage	مسکوکات؛ ابداع واژه	koynij
coincide	مصادف بودن	koinsaid
coincidence	تصادف	koinsidans
coincident	منطبق؛ مصادف	koinsadant
cold	سرد، سرما	kold
coldness	برودت؛ سردی	koldnas
collaborate	همکاری کردن	kalabereyt
collaboration	همکاری	kalabereyshen
collapse	هوار؛ فروریختگی	kalaps
collar	یقه؛ طوق	kaaler
colleague	همکار	kaalig
collect	جمع آوری کردن	kalekt
collection	مجموعه؛ وصول	kalekshen
collective	جمعی	kalektiv
collectively	اجماعا؛ مجتمعا	kalektivli
collector	گردآورنده	kalekter
college	کالج	kaalij
collegiate	دانشکدهای	kalijit
collide	خوردن؛ برخورد کردن	kalaid
colliding	مصادم	kalaiding
collision	برخورد	kalizhen
colon	دونقطه؛ نشان دونقطه	kolan
colonel	سرهنگ	kernel
colonial	استعماری	kaloniel
colonization	استعمار	kaalanizeyshen
colony	کلونی	kaalani
color	رنگ؛ فام	kaler / koler
colorado	کلرادو	kaaleraado / kaalerado
colored	رنگی؛ چرده	kalerd
coloring	ملون؛ تلوین	kalering
colour	رنگ	kaler
colourful	رنگارنگ	colourful
colt	شخص ناآزموده؛ نوعی طپانچه	kolt
columbia	کلمبیا	kalambia
column	ستون	kaalam
columnist	ستون‌نویس	kaalamnast
coma	اغماء؛ بیهشی	koma
comb	شانه؛ شانه کردن	kom
combat	مبارزه، مبارزه کردن	kaambat / kambat
combatant	رزمنده	kambatant
combative	جنگجو	kambativ / kaambativ
combination	ترکیب؛ اختلاط	kaambaneyshen
combine	آمیختن؛ ادغام	kaambain / kambain
come	آمدن	kam
comedy	کمدی	kaamadi
comely	خوش منظر	kamli
comet	ذوذنب؛ ستاره دنباله دار	kaamat
comfort	راحتی؛ آسایش	kamfert
comfortable	راحت	kamfertabel
comfortably	براحتی	kamfertabli
comic	کمدی	kaamik
comical	خندهآور	kaamikel
comma	ویرگول؛ واوک	kaama
command	فرمان؛ دستور دادن	kamand
commander	فرمانده	kamander
commence	آغاز کردن	kamens
commencement	فتح	kamensmant
commendation	سفارش؛ تقریظ	kaamandeyshen
comment	نظر، نظر دادن	kaament
commentary	تفسیر	kaamanteri
commentator	مفسر	kaamanteyter
commerce	بازرگانی	kaamers
commercial	تجارتی	kamershel
commission	کمیسیون؛ کارمزد	kamishen
commissioner	کمیسر	kamishener
commit	مرتکب شدن؛ سر سپردن	kamit
commitment	سرسپردگی	kamitmant
committee	کمیته؛ کمیسیون	kamiti
commodity	کالا	kamaaditi
common	رایج، مشترک	kaaman
commonly	علیالرسم؛ عرفا	kaamanli
commons	مردم عادی	kaamanz
commonwealth	مشترک المنافع	kaamanwelth
commotion	جنجال؛ هیاهو	kamoshen
communal	اشتراکی	kamyunel
commune	کمون؛ مزرعه اشتراکی	kaamyun / kamyun
communicate	ارتباط برقرار کردن	kamyunakeyt
communication	مکاتبه؛ ابلاغ	kamyunakeyshen
communicative	ارتباطی	kamyunakativ
communion	صمیمیت وهمدلی	kamyunyan
communism	کمونیسم؛ مسلک اشتراکی	kaamyanizam
communist	کمونیست	kaamyanast
community	جامعه	kamyuniti
compact	فشرده؛ فشرده کردن	kaampakt / kampakt
companion	همدم	kampanyan
companionship	یاری؛ مصاحبت	kampanyanship
company	شرکت	kampani
comparable	قابل مقایسه	kaamperabel / kamperabel
comparative	مقایسه‌ای	kamperativ
comparatively	بالنسبه	kamperativli
compare	مقایسه کردن	kamper
comparison	قیاس؛ مقایسه	kamperasan
compartment	کوپه	kampaartmant
compass	حیطه؛ پرگار	kampas
compassion	شفقت	kampashen
compassionate	شفیق؛ دلسوز	kampashenat
compatible	سازگار	kampatabel
compatriot	هم وطن	kampeytriat
compel	مجبور کردن	kampel
compelling	قانع‌کننده	kampeling
compensate	جبران کردن	kaampanseyt
compensation	جبران	kaampanseyshen
compensatory	جبرانی	kampensatori
compete	رقابت کردن	kampit
competence	صلاحیت	kaampatins
competent	صالح	kaampatint
competition	رقابت	kaampatishen
competitive	رقابتی؛ قابل رقابت	kampetativ / kampetitiv
competitor	رقیب؛ هم چشم	kampetater / kampetiter
compilation	تدوین؛ همگردانی	kaampaleyshen
compile	گردآوری کردن	kampail
complacency	خود خوشنودی	kampleysansi
complacent	خود خوشنود؛ عشرت طلب	kampleysant
complain	شکایت کردن	kampleyn
complaint	گله؛ شکوه	kampleynt
complement	تکمیل کردن	kaamplamant
complementary	مکمل؛ متممی	kaamplamentri / kaamplamenchi
complete	کامل، تکمیل کردن	kamplit
completely	کاملا	kamplitli
completion	تکمیل	kamplishen
complex	عقده؛ مجتمع	kaampleks / kampleks
complexion	بشره	kamplekshen
complexity	پیچیدگی	kampleksiti
compliance	انطباق	kamplaians
complicate	مشکل کردن؛ بغرنج کردن	kaamplakeyt
complication	پیچیدگی	kaamplakeyshen
compliment	تعارف	kaamplament
complimentary	تعارفی؛ تعارف آمیز	kaamplamenteri
comply	تبعیت کردن	kamplai
component	مولفه	kamponant
compose	ساختن	kampoz
composer	آهنگساز	kampozer
composition	ترکیب، قطعه موسیقی	kaampazishen
compound	ترکیب	kaampaund / kampaund
comprehend	درک نمودن	kaamprihend
comprehensible	قابل درک	kaamprihensabel
comprehension	درک؛ فهم	kaamprihenshen
comprehensive	جامع	kaamprihensiv
compress	کمپرس؛ متراکمکردن	kaampres / kampres
compression	تراکم؛ فشردگی	kampreshen
comprise	شامل بودن	kampraiz
compromise	مصالحه	kaampramaiz
compromiser	متصالح؛ سازشکار	kaampramaizer
compulsory	اجباری	kampalseri
compute	محاسبه کردن	kampyut
computer	کامپیوتر	kampyuter
concave	مقعر	kaankeyv
conceal	پنهان کردن	kansil
concealment	خفیه؛ نهفتگی	kansilmant
concede	اعتراف کردن	kansid
conceit	نخوت؛ خود بینی	kansit
conceivable	قابل تصور	kansivabel
conceive	تصور کردن	kansiv
concentrate	تغلیظ کردن	kaansantreyt
concentration	تمرکز؛ غلظت	kaansantreyshen
concentric	هم مرکز؛ متحد المرکز	kansentrik
concept	مفهوم	kaansept
conception	مفهوم	kansepshen
conceptual	ادراکی؛ تعقلی	kansepchuel
concern	پروا؛ مربوط بودن	kansern
concert	کنسرت	kaansert / kansert
concerted	هم نوا	kansertad / kansertid
concession	امتیاز	kanseshen
conciliation	استمالت	kansilieyshen
conciliatory	آشتی کننده؛ استمالت پذیر	kansiliatori / kansilyatori
concise	لب گو؛ فشرده ومختصر	kansais
conclude	منعقد کردن؛ استنتاج کردن	kanklud
conclusion	عاقبت؛ خاتمه	kankluzhen
conclusive	مسکت؛ اختتامی	kanklusiv
concord	سازگاری؛ همدلی	kaankord / kaankerd
concourse	محل اجتماع؛ محل ملاقات	kaankors
concrete	بتن، واقعی	kankrit / kaankrit
concur	دمساز شدن	kanker
concussion	ضربت سخت	kankashen
condemn	محکوم کردن	kandem
condemnation	محکومیت	kaandamneyshen
condensation	تراکم؛ تغلیظ	kaandanseyshen
condensed	متراکم؛ غلیظ	kandenst
condescend	تواضع کردن	kaandisend
condescending	نوازش کننده	kaandisending
condition	وضعیت	kandishen
conditional	مشروط؛ شرطی	kandishenel
condolence	عزا؛ تعزیت	kandolans
conduct	رفتار؛ کردار	kaandakt
conductivity	رسانائی؛ قابلیت هدایت	kaandaktiviti
conductor	هادی؛ رسانا	kandakter
cone	مخروط؛ میوه کاج	kon
confectioner	شیرینی فروش؛ شکر ریز	kanfekshener
confederacy	هم پیمانی	kanfederasi / kanfedrasi
confederate	موتلف	kanfederat / kanfedereyt
confederation	اتحادیه؛ هم پیمانی	kanfedereyshen
confer	اعطا کردن، مشورت کردن	kanfer
conference	کنفرانس	kaanferans / kaanfrans
confess	اعتراف کردن	kanfes
confession	اعتراف	kanfeshen
confidant	همراز؛ سرنگهدار	kaanfadaant
confidence	اطمینان؛ اعتماد	kaanfadans
confident	دلگرم	kaanfadant
confidentially	به‌طور محرمانه	kaanfadenshali
confidently	متوکلاً	kaanfadantli
configuration	پیکربندی	kanfigyereyshen
confine	محبوس کردن	kanfain
confinement	توقیف؛ زندان بودن	kanfainmant
confirm	استوار کردن؛ تصدیق کردن	kanferm
confirmation	تایید	kaanfermeyshen
confiscate	ضبط کردن؛ مسدود کردن	kaanfaskeyt
confiscation	ضبط	kaanfaskeyshen
conflagration	آتش سوزی	kaanflagreyshen
conflict	نبرد؛ تضاد	kaanflikt / kanflikt
confluence	تلاقی؛ همریختنگاه	kaanfluans
confluent	متلاقی؛ همریز	kaanfluant
conform	مطابق کردن؛ تطبیق کردن	kanform
conformity	مطابقت؛ تطابق	kanformiti
confounded	نفرین شده؛ لعنت شده	kanfaundid
confront	روبرو شدن	kanfrant
confrontation	رویارویی	kaanfranteyshen
confuse	گیج کردن؛ مختل کردن	kanfyuz
confusing	ملتبس	kanfyuzing
confusion	سردرگمی	kanfyuzhen
congealed	منجمد	kanjild
congenial	همخو؛ هم مشرب	kanjinyel
congenital	ارثی؛ مادرزاد	kanjenatel
congestion	احتقان	kanjeschan
congratulate	تبریک گفتن	kangrachaleyt
congratulation	تهنیت؛ تبریک	kangrachaleyshen
congregation	جماعت	kaanggrageyshen
congress	کنگره؛ مجلس	kaanggras
congressional	کنگره‌ای	kangreshenel
conical	کله قندی	kaanikel / konikel
conjecture	حدس	kanjekcher / kanjeksher
conjunction	تلاقی؛ مقارنت	kanjangkshen
conjure	افسونکردن؛ جادو کردن	kaanjer
connect	وصل کردن	kanekt
connected	متصل	kanektid
connecticut	کانکتیکت	kanetakat
connection	پیوند؛ اتصال	kanekshen
connective	آگینی؛ اتصالی	kanektiv
connivance	اغماض؛ غمض	kanaivans
conquer	فتح کردن	kaangker
conqueror	غالب؛ فاتح	kaangkerer
conquest	تسخیر	kaangkwest
conscience	وجدان	kaanshens
conscientious	وجدانی؛ باوجدان	kaanshienshas
conscious	بهوش؛ واقف	kaanshas
consciousness	آگاهی	kaanshasnas
conscription	سربازگیری	kanskripshen
consecutive	متوالی	kansekyativ
consensus	اجماع	kansensas
consent	رضایت، رضایت دادن	kansent
consequence	موجب؛ عاقبت	kaansakwans
consequent	نتیجه بخش؛ بر آیند	kaansakwant
consequential	پربرآیند؛ نتیجهای	kaansakwenshel
consequently	در نتیجه	kaansakwantli / kaansakwentli
conservation	حفاظت	kaanserveyshen
conservative	مرتجع؛ محافظه کار	kanservativ
conserve	حفاظت کردن	kanserv
consider	در نظر گرفتن	kansider
considerable	قابل توجه	kansiderabel
considerably	به میزان قابل توجهی	kansiderabli
considerate	محتاط؛ باملاحظه	kansiderat
consideration	توجه؛ ملاحظه	kansidereyshen
consist	یکپارچهبودن؛ تشکیل دادن	kansist
consistence	درجه غلظت	kansistans
consistency	سازگاری	kansistansi
consistently	به طور مداوم	kansistantli
consolation	دلداری	kaansaleyshen
console	پیشانه؛ میزفرمان	kaansol / kansol
consolidate	تحکیم کردن	kansaalideyt
consolidated	مستحکم	kansaaladeytad
consolidation	تحکیم؛ تشیید	kansaaladeyshen
consonant	بیواکه؛ همخوان	kaansanant
consortium	کنسرسیوم	kansorshiam / kansorshyam
conspiracy	توطئه	kanspirasi
constancy	استواری؛ ثبات	kaanstansi
constant	ثابت؛ دایم	kaanstant
constantly	دایم؛ دائما	kaanstantli
consternation	بهت وحیرت	kaansterneyshen
constipated	یبس؛ مقوبض	kaanstapeytad
constipation	یبوست	kaanstapeyshen
constituency	حوزه انتخابیه	kanstichuansi
constitute	تشکیل دادن	kaanstatut
constitution	قانون اساسی	kaanstatushen
constitutional	قانونی	kaanstatushenel
constraint	محدودیت	kanstreynt
constriction	تنگی؛ تنگ شدگی	kanstrikshen
construct	بر پا کردن	kanstrakt / kaanstrakt
construction	سازندگی؛ ساخت و ساز	kanstrakshen
constructive	سازنده	kanstraktiv
consul	کنسول	kaansel
consult	مشورت کردن	kansalt
consultant	مشاور	kansaltant
consultation	مشاوره	kaansalteyshen
consulting	مشاوره؛ استشاره	kansalting
consumed	مورد مصرف	kansumd
consumer	مصرف کننده؛ مسرف کننده	kansumer
consuming	استهلاک؛ مصرف کننده	kansuming
consummate	بوصال رسیدن	kaansamat / kaansameyt
consumption	مصرف	kansampshen / kansamshen
contact	ارتباط؛ تماس	kaantakt
contagion	واگیر؛ هم گیری	kanteyjan
contagious	مسری؛ واگیردار	kanteyjas
contagiousness	واگیری	kanteyjasnas
contain	حاوی بودن	kanteyn
container	ظرف؛ محفه	kanteyner
contaminated	فاسد؛ آلوده	kantamaneytid
contamination	آلودگی؛ آلایش	kantamaneyshen
contemplate	تامل کردن	kaantampleyt
contemplation	غور	kaantampleyshen
contemplative	معقول؛ تفکری	kantemplativ
contemporary	همزمان؛ معاصر	kantempereri
contempt	تحقیر	kantempt
contemptible	استهزاء آمیز	kantemptabel
contemptuous	قابل تحقیر	kantempchuas
contend	رقابت کردن	kantend
contender	رقیب	kantender
content	راضی	kaantent / kantent
contention	اختلاف	kantenshen
contentment	خرسندی	kantentmant
contest	مسابقه؛ منازعه کردن	kaantest / kantest
context	زمینه	kaantekst
continent	قاره	kaantanant
continental	بری؛ اقلیمی	kaantanentel / kaantanenel
continual	مدام؛ مداوم	kantinyuel
continually	به طور مستمر	kantinyuali / kantinyuli
continuation	ادامه؛ دنباله	kantinyueyshen
continue	ادامه دادن	kantinyu
continuity	پیوستگی؛ تسلسل	kaantanuiti
continuous	پیاپی؛ لاینقطع	kantinyuas
continuously	پیوسته؛ همچنان	kantinyuasli
contour	حدفاصل؛ محیط مرئی	kaantur
contraband	اجناس قاچاق	kaantraband
contract	پیمان؛ مقاطعه	kaantrakt / kantrakt
contracting	پیمان کار	kaantrakting
contraction	گرفتگی؛ انقباض	kantrakshen
contractor	پیمانکار	kaantrakter
contractual	پیمانی؛ عهدی	kantrakchuel
contradict	تناقض داشتن؛ خلاف گفتن	kaantradikt
contradiction	تناقض	kaantradikshen
contradictory	مغایر؛ نقیض	kaantradikteri
contrary	برعکس	kaantreri / kantreri
contrast	تباین؛ مباینت	kaantrast / kantrast
contribute	هم بخشی کردن؛ همکاری و کمک کردن	kantribyut
contribution	کمک؛ اعانه	kaantrabyushen
contributor	مشارکت‌کننده	kantribyater
contrivance	تمهید	kantraivans
control	کنترل، کنترل کردن	kantrol
controller	ممیز؛ بازبین	kantroler
controversial	بحث‌برانگیز	kaantravershel
controversy	مناقشه	kaantraversi
convalescent	بهگرا	kaanvalesant
convene	هم آیش کردن؛ دورهم جمع شدن	kanvin
convenience	راحتی	kanvinyans
convenient	بی دغدغه	kanvinyant
conveniently	مصلحه؛ به راحتی	kanvinyantli
convent	دیر؛ صومعه	kaanvant / kaanvent
convention	کنوانسیون	kanvenshen
conventional	متعارف	kanvenshenel
converge	متقارب شدن؛ همگرا بودن	kanverj
conversation	مکالمه	kaanverseyshen
conversational	مکالمهای؛ گفتگوئی	kaanverseyshenel
converse	محاوره کردن	kaanvers / kanvers
conversely	بالعکس	kaanversli
conversion	تبدیل	kanverzhen
convert	نقد کردن	kaanvert / kanvert
convertible	قابل تسعیر	kanvertabel
convex	محدب؛ محذب	kanveks / kaanveks
convey	منتقل کردن	kanvey
conveyance	سند انتقال؛ وسیله نقلیه	kanveyans
convict	محکوم کردن	kaanvikt / kanvikt
conviction	محکومیت	kanvikshen
convince	متقاعد کردن؛ قانع کردن	kanvins
convincing	متقاعد کننده	kanvinsing
convoluted	بهم تابیده	kaanvalutad
convoy	کاروان	kaanvoy
convulsion	تشنج؛ اختلاج	kanvalshen
convulsive	متشنج؛ تشنجی	kanvalsiv
cook	آشپز؛ آشپزی کردن	kuk
cooker	اجاق گاز	kuker
cooking	آشپزی	kuking
cool	خنک، باحال	kul
cooling	خنک کننده؛ خنک سازی	kuling
coolness	خنکی؛ خون سردی	kulnas
cooperate	همکاری کردن	koaapereyt / kwaapereyt
cooperation	اشتراک؛ مشارکت	koaapereyshen / kwaapereyshen
cooperative	تعاونی	koaapereytiv
coordinate	هماهنگ کردن	koordanat / koordaneyt
coordination	هماهنگی	koordaneyshen
coordinator	هماهنگ‌کننده	koordaneyter
cop	پلیس	kaap
cope	کنار آمدن	kop
copper	مس	kaaper
copy	کپی، کپی کردن	kaapi
copying	استنساخ؛ رونویسی	kaapiing
copyright	حق چاپ	kaapirait
coral	مرجان؛ بسد	korel
cord	طناب؛ سیم	kord
cordial	قلبی؛ مقوی	korjel
core	سلف	kor
cork	سربطری؛ چوب پنبه	kork
corn	ذرت؛ غله	korn
corner	گوشه	korner
corollary	نتیجه فرعی	koraleri
coronary	اکیلی	koraneri
coroner	پزشک قانونی	koraner
coronet	نیم تاج	koranet
corporal	جسمی؛ سرجوخه	korperel / korprel
corporation	شرکت	korpereyshen
corps	سپاه	kor / korz
corpse	لاشه؛ مردار	korps
correct	صحیح، اصلاح کردن	kerekt
correction	اصلاح	kerekshen
corrective	اصلاحی	kerektiv
correctly	به درستی	kerektli
correctness	درستی	kerektnas
correlate	همبستگی داشتن	koraleyt / koralat
correlation	همبستگی	koraleyshen
correspond	مطابقت داشتن	koraspaand
correspondence	مکاتبات	koraspaandans
correspondent	خبرنگار	koraspaandant
corresponding	متناظر	koraspaanding
corridor	راهرو	korader / korider
corrosive	خورنده؛ اکال	kerosiv
corrupt	فاسد	kerapt
corruption	فساد	kerapshen
corset	شکم بند	korsat
cossack	قزاق	kosak
cost	هزینه، هزینه داشتن	kaast / kost
coster	سبزی فروش	koster
costly	پرهزینه	kaastli / kostli
costume	جامه؛ لباس محلی	kaastum
cosy	گرم ونرم	kozi
cottage	کلبه	kaataj / kaatij
cotton	پنبه؛ کتانی	kaatan / kotan
couch	مبل	kauch
cough	سرفه؛ سرفه کردن	kaaf / kof
could	می‌توانست (فعل کمکی)	kud
council	مجلس؛ هیئت	kaunsel
councillor	عضو شورا	councillor
councilor	عضو انجمن؛ عضو شورا	kaunsaler / kaunsler
counsel	مشورت	kaunsel
counselling	مشاوره	counselling
counsellor	مشاور	kaunsaler / kaunsler
counselor	وکیل مدافع	kaunsaler
count	شمردن	kaunt
countenance	لقا	kauntanans
counter	مقابله کردن (با استدلال)؛ پیشخوان	kaunter
counteract	خنثی کردن؛ خنثی نمودن	kaunterakt
counterattack	حمله متقابل کردن	kaunteratak
counterpart	همتا	kaunterpaart
countess	کنتس؛ همسر کنت	kauntas
countless	بی‌شمار	kauntlas
country	کشور	kantri
countryman	هم میهن	kantriman
countryside	ییلاقات؛ بیرون شهر	kantrisaid
coup	کودتا	ku
couple	زوج، چند	kapel
coupon	کوپن	kupon / kyupon
courage	دل؛ جرات	keraj / kerij
courageous	دلاور؛ شجاع	kereyjas
courier	پیک؛ حملهدار	kerier
course	دوره، البته	kors
court	دادگاه؛ دربار	kort
courteous	مبادی آداب	kertias
courtesy	ادب	kertasi
courthouse	کاخ دادگستری	korthaus
courtly	درباری	kortli
courtship	نظر بازی	korchip
courtyard	صحن	kortyaard
cousin	پسرعمو/عمه/دایی/خاله، دخترعمو/عمه/دایی/خاله	kazan
covenant	میثاق بستن	kavanant
cover	پوشاندن، پوشش	kaver
coverage	پوشش	kaveraj / kaverij
covert	پوشپر	kovert
cow	گاو	kau
coward	ترسو؛ ضعیفالنفس	kauerd
cowardice	بیدلی؛ نامردی	kauerdas
cowardly	بی حمیت	kauerdli
cowboy	گاوچران	kauboy
crab	خرچنگ	krab
crack	ترک، شکستن	krak
cradle	گهواره؛ مهد	kreydel
craft	ساختن؛ مهارت، صنایع دستی	kraft
craftsman	صنعت گر؛ پیشه ور	kraftsman / krafsman
craftsmanship	صنعت گری	kraftsmanship / krafsmanship
crafty	موذی؛ هفت خط	krafti
cramp	چنگوک؛ چنگه	kramp
crane	کلنگ؛ جرثقیل	kreyn
cranial	جمجمه ای	kreynyel
crank	محوردار؛ میل لنگ	krangk
crash	سقوط؛ برخورد کردن	krash
crate	صندوقه؛ درجعبه گذاردن	kreyt
crater	دهانه آتش فشان	kreyter
crawl	خزیدن	krol
crazy	دیوانه	kreyzi
creak	غژغژ کردن	krik
cream	خامه، کرم	krim
crease	تاه؛ تاه کردن	kris
create	خلق کردن	krieyt
creation	ایجاد؛ خلق	krieyshen
creative	خلاق	krieytiv
creativity	خلاقیت	krieytiviti
creator	خالق	krieyter
creature	خلق؛ موجود	kricher
credibility	اعتبار	kredabiliti
credible	معتبر	kredabel
credit	اعتبار	kredat / kredit
creditable	معتبر	kredatabel
creditor	بستانکار؛ وامخواه	kredater / krediter
creed	کیش	krid
creep	خزیدن	krip
crescent	هلال؛ هلالی	kresant
crest	ستیغ	krest
crew	خدمه	kru
crib	گهواره؛ دزدی ادبی	krib
cricket	جیر جیرک	krikat / krikit
crime	جرم	kraim
criminal	جنایتکار	krimanel
crimson	جگری؛ لاکی	krimzan
cringe	چندک زدن	krinj
cripple	عاجز؛ زمین گیر	kripel
crippling	فلج کننده	kripaling / kripling
crisis	بحران	kraisas
criterion	معیار	kraitirian
critic	منقد؛ نقدگر	kritik
critical	وخیم؛ بحرانی	kritikel
critically	به طور انتقادی	kritikali / kritikli
criticism	انتقاد؛ نکوهش	kritisizam
criticize	انتقاد کردن؛ نکوهش کردن	kritisaiz
critique	نقد	kratik / kritik
crockery	بدل چینی؛ ظروف گلی	kraakeri
crony	هم اطاق	kroni
crooked	کج؛ ناراست	krukad
crop	محصول؛ محصود	kraap
cross	صلیب، عبور کردن	kros
crossroads	چهار راه	krosrodz
crotchety	قلاب دار	kraachati
crouching	دولا دولا	krauching
croup	خناق	krup
crow	غراب؛ بانگ خروس	kro
crowd	جمعیت	kraud
crowded	شلوغ	kraudad / kraudid
crown	تاج	kraun
crucial	حیاتی	krushel
crucify	مصلوب کردن؛ چارمیخ کردن	krusafai
crude	خام	krud
cruel	ستمگر؛ ظالم	kruel / krul
cruelty	بیداد؛ ظلم	krulti / krualti
cruise	سفر دریایی	kruz
crumpled	مچاله	krampald
crusade	غزا؛ جنگ مذهبی	kruseyd
crush	خرد کردن	krash
crust	پوست؛ پوسته	krast
crutch	زیربغل راه رفتن؛ چوب زیر بغل	krach
cry	گریه کردن	krai
crystal	بلور	kristel
crystallized	متبلور	kristalaizd
cub	شبل	kab
cuba	کوبا	kyuba
cuban	کوبایی	kyuban
cubic	مکعبی	kyubik
cucumber	خیار؛ بالنک	kyukamber
cue	نشانه	kyu
culminating	منتهی	kalmaneyting
culmination	اوج	kalmaneyshen
cult	فرقه	kalt
cultivate	کشت کردن	kaltaveyt
cultivation	زرع؛ تهذیب	kaltiveyshen
cultural	فرهنگی	kalcherel
culture	فرهنگ	kalcher
cultured	بافرهنگ	kalcherd
cuneiform	خط میخی	kyuniaform
cunning	ناقلا؛ مکار	kaning
cup	فنجان	kap
cupboard	کمد	kaberd
curative	علاج بخش؛ شفا بخش	kyurativ
curb	جدول؛ طوقه	kerb
cure	چاره؛ درمان	kyur
curiosity	کنجکاوی	kyuriaasiti
curious	کنجکاو	kyurias
curl	فر؛ مرغول	kerl
curly	فرفری	kerli
currency	ارز	keransi
current	جاری؛ رایج	kerant / kernt
currently	فعلا؛ اکنون	kerantli
curriculum	برنامه درسی	kerikyalam
curse	نفرین؛ لعنت	kers
curtail	کوتاه کردن؛ مختصر نمودن	kerteyl
curtain	پرده؛ حجاب	kertan
curvature	خمیدگی	kervacher
curve	خم؛ منحنی	kerv
curved	خمیاده؛ سرکج	kervd
cushion	چنبره؛ مخده	kushen
cusp	نوک هلال؛ غره برج	kasp
custodian	متولی؛ سرایدار	kastodian
custody	حضانت	kastadi
custom	رسم؛ عادت	kastam
customary	مرسوم؛ عادتی	kastameri
customer	مشتری	kastamer
cut	بریدن	kat
cute	بامزه	kyut
cutting	برش	kating
cyanide	سیانور	saianaid / sainaid
cycle	دوچرخه سواری، چرخه	saikel
cylinder	سیلندر؛ استوانه	silander / silinder
cylindrical	لولهای؛ استوانهای	salindrikel / silindrikel
cynical	بدبین	sinikel
cystic	پیشاب دانی	sistik
czar	تزار	zaar
czech	زبان چکوسلواکی	chek
dad	بابا	dad
daddy	پاپا؛ بابا	dadi
dagger	خنجر؛ دشنه	dager
daily	روزانه	deyli
dainty	لذیذ	deynti
dairy	لبنیات	deri
dam	سد	dam
damage	زیان؛ غرامت	damaj / damij
damaging	آسیب‌زننده	damijing
damask	گلدار کردن	damask
damn	اف؛ نفرین کردن	dam
damned	ملعون؛ لعین	damd
damp	نمناک؛ نمدار	damp
dampness	رطوبت؛ نمناکی	dampnis
dance	رقص، رقصیدن	dans
dancer	رقصنده	danser
dancing	رقص	dansing
dandy	خوش تیپ؛ شیک پوش	dandi
danger	خطر	deynjer
dangerous	خطرناک	deynjeras
dangling	آویز شده	danggaling / danggling
danish	دانمارکی	deynish
dare	جرئت کردن	der
daring	جسور؛ شهامت	dering
dark	تاریک؛ تاریکی	daark
darkness	تاریکی	daarknas
darling	عزیز؛ دلبند	daarling
dart	مزراق	daart
dashboard	داشبورد	dashbord
dashing	زنده دل	dashing
data	داده‌ها	deyta / data
database	پایگاه داده	deytabeys / databeys
date	تاریخ، قرار ملاقات	deyt
daughter	دختر	doter
davis	دیویس	deyvas / deyvis
dawn	طلوع	don
day	روز	dey
daybreak	سپیده دم؛ تیغ سحر	deybreyk
daytime	روز؛ نهارخوری	deytaim
dazzled	خیره؛ مسحور	dazald
deacon	شماس	dikan
dead	مرده	ded
deadline	مهلت	dedlain
deadly	کشنده	dedli
deaf	ناشنوا؛ اصم	def
deafness	ناشنوایی	defnas
deal	معامله، سر و کار داشتن	dil
dealer	فروشنده	diler
dean	شیخ السفرا	din
dear	عزیز؛ عزیز (خطاب در نامه)	dir
death	مرگ	deth
deathbed	بستر مرگ	dethbed
deathly	مرگ وار	dethli
debate	بحث؛ جدال	dabeyt
debauchery	فسق؛ الواطی	dabocheri
debris	آوار	dabri
debt	دین؛ بدهکاری	det
debtor	مدیون؛ بدهکار	deter
debut	اولین حضور	deybyu
decade	دهه	dekeyd
decadence	تنزل؛ آغاز ویرانی	dekadans
decay	فساد؛ فاسدکردن	dikey
deceased	مرده؛ مرحوم	disist
deceit	فریب؛ گول	dasit / disit
deceitful	جلب؛ عیار	dasitfel / disitfel
deceive	فریفتن؛ رنگ کردن	disiv
december	دسامبر	disember
decency	نجابت	disansi
decent	نجیب؛ باحیاء	disant
decently	نجیبانه	disantli
deception	فریب؛ نیرنگ	disepshen
deceptive	فریبنده؛ فریبا	diseptiv
decide	تصمیم گرفتن	disaid
decision	تصمیم	disizhen
decision-making	تصمیم‌گیری	disizhenmeyking
decisive	قاطع	disaisiv
deck	عرشه	dek
declaration	اعلامیه	deklereyshen
declare	اظهارکردن؛ اعلان کردن	dikler
decline	کاهش؛ تنزل	diklain
decomposition	تجزیه	dikampozishen / dikampazishen
decorate	آراستن؛ پیراستن	dekereyt
decorating	آرایش دهنده؛ زینت بخش	dekereyting
decoration	آرایش؛ تراز	dekereyshen
decorative	زینتی؛ آذینی	dekrativ
decorous	زینت دار	dekeras
decorum	رفتار بجا	dikoram
decrease	نقص؛ تنزل	dikris
decree	وضع کردن؛ تصویب نامه	dikri
dedicate	وفق کردن؛ اهداء کردن	dedakeyt
dedicated	فداکار	dedakeytad
dedication	فداکاری	dedakeyshen
deduce	استدلال کردن	didus
deductible	مالیات پذیر	didaktabel
deduction	کاهش؛ استنتاج	didakshen
deductive	استدلالی	didaktav
deed	عمل	did
deem	در نظر گرفتن	dim
deep	عمیق	dip
deepen	گود کردن؛ تعمیق کردن	dipan
deeply	عمیقا	dipli
deer	آهو؛ گوزن	dir
defame	بدنام کردن؛ هتاکی کردن	difeym
default	پیش‌فرض	difolt
defeat	شکست؛ هزیمت	difit
defect	نقص	difekt
defection	ارتداد	difekshen
defective	ناقص؛ معیوب	difektiv
defence	مدافعه	difens
defend	دفاع کردن؛ مدافعه کردن	difend
defendant	دادخوانده؛ مدعی علیه	difendant
defender	مدافع	difender
defense	دفاع؛ استحکامات	difens
defensive	تدافعی	difensiv
deferred	دیر فرست	diferd
defiant	مبارز	difaiant
deficiency	کمبود	difishensi
deficient	ناقص؛ ناکارآ	difishent
deficit	کسری	defasat
define	معنی کردن	difain
definite	موکد	defanat
definitely	قطعاً	defanatli
definition	تعریف	defanishen
deflection	عوج	diflekshen
deformed	ناقصالخلقه؛ بدهیکل	diformd
deformity	دشدیسگی؛ دشدیدگی	diformiti
defy	نافرمانی کردن	difai
degenerate	ناخلف	dijenerat / dijenereyt
degeneration	فساد؛ انحطاط	dijenereyshen
degenerative	فاسد کننده	dijenerativ
degradation	تنزل	degradeyshen
degraded	منحط	digreydad / digreydid
degree	درجه	digri
dehydrate	وابشت کردن؛ بیآب کردن	dihaidreyt
dejected	افسرده؛ پژمرده	dijektid
delay	تاخیر؛ درنگ	diley
delegate	نماینده	delageyt / delagat
delegated	موکل	delageytad
delegation	هیئت	delageyshen
delete	حذف کردن	dilit
delhi	دهلی	deli
deliberate	عمدی؛ تعمدی	diliberat / dilibereyt
deliberately	تعمدا	diliberatli / dilibratli
deliberation	شور؛ تامل	dilibereyshen
delicacy	لطایف؛ ظریفی	delakasi / delikasi
delicate	ظریف	delakat
delicately	ظریفانه	delakatli
delicious	خوشمزه	dilishas
delight	میل؛ حظ	dilait
delightful	دلپذیر؛ طیب	dilaitfel
delirious	هذیانی؛ سرسامی	dilirias
delirium	هذیان؛ سرسام	diliriam
deliver	رساندن؛ ایراد کردن	diliver
deliverance	رهیی	diliverans / dilivrans
deliverer	رساننده؛ رهان	diliverer
delivery	زه؛ تحویل	diliveri
deluded	غره	diludid
deluge	طوفان ایجاد کردن	delyuj
delusion	فریفتگی؛ کوراب	diluzhen
demand	طلب؛ تقاضا	dimand
demean	رفتار کردن	dimin
democracy	دموکراسی	dimaakrasi
democrat	دمکرات؛ دمکراتی	demakrat
democratic	دموکراتیک	demakratik
demolished	ویران	dimaalisht
demon	دیو	diman
demonstrable	اثباتی	demanstrabel
demonstrate	راهپیمایی کردن؛ تظاهرات کردن	demanstreyt
demonstration	تظاهرات، نمایش	demanstreyshen
demonstrator	حالیکننده؛ نشان دهنده	demanstreyter
den	لانه؛ آشیانه	den
denial	انکار	dinaiel
denomination	تسمیه؛ طبقه بندی	dinomaneyshen
denote	علامت بودن؛ علامت گذاردن	dinot
denouement	نتیجه عمل؛ پایان نمایش	deynumaan
denounce	محکوم کردن	dinauns
dense	متراکم	dens
density	تراکم	densiti
dental	دندانی	dentel / denel
dentist	دندانپزشک	dentast / dentist
dentition	دندان بندی؛ ساختمان دندانها	dentishen
denuded	محروم	dinudid
deny	نفی کردن؛ تکذیب کردن	dinai
deodorant	بوزدا	dioderant
depart	حرکت کردن	dipaart
department	دپارتمان	dipaartmant
departure	عزیمت؛ هجرت	dipaarcher
depend	بستگی داشتن	dipend
dependence	وابستگی	dipendans
dependencies	توابع	dipendansiz
dependent	وابسته	dipendant
depict	به تصویر کشیدن	dipikt
deplorable	زار	diplorabel
deploy	مستقر کردن	diploy
deployment	استقرار	diploymant
depose	خلع کردن؛ عزل کردن	dipoz
deposit	رسوب، واریز کردن؛ ودیعه	dapaazit / dipaazat
deposition	خلع؛ عزل	depazishen
depot	بازخانه؛ انبارگاه	dipo
deprecate	قبیح دانستن	deprakeyt
depreciation	ناچیز شماری	diprishieyshen
depress	افسردن؛ دلسرد شدن	dipres
depressed	افسرده؛ غر	diprest
depression	افسردگی، رکود	dipreshen
deprivation	محرومیت؛ انعزال	depraveyshen
deprive	محروم کردن	dipraiv
depth	عمق؛ ژرف	depth
deputy	معاون	depyati / depyuti
deride	بکسی خندیدن	diraid
derision	سخریه؛ سخره	derizhen
derivative	فرعی؛ مشتق	derivativ / derivitiv
derive	مشتق شدن	deraiv
dermal	پوستی؛ جلدی	dermel
descend	پایین آمدن	disend
descendants	اعقاب	disendants / disenints
descent	نزول	disent
describe	توصیف کردن	diskraib
description	توصیف	diskripshen
descriptive	وصفی؛ تعریفی	diskriptiv
desecration	هتک حرمت	desakreyshen / dezakreyshen
desert	بیابان	dezert / dizert
deserve	سزیدن؛ لایق کردن	dizerv
deserving	مستحق؛ سزاوار	dizerving
design	طراحی، طراحی کردن	dizain
designate	تعیین کردن	dezagneyt / dezigneyt
designer	طراح	dizainer
desirability	مطلوبیت؛ دلخواهی	dizairabiliti
desirable	مطلوب	dizairabel / dizaierabel
desire	میل؛ هوس	dizaier
desirous	آرزومندانه؛ راقب بودن	dizairas
desk	میز تحریر	desk
desktop	رومیزی (کامپیوتر)	desktaap
desolate	بی جمعیت	desalat / dezalat
desolation	خراب	desaleyshen
despair	ناامید؛ یاس	disper
despairing	نومید کننده	dispering
desperate	نومید؛ ناامید	desprit / desperit
desperately	از روی نومیدی	desperatli / despratli
desperation	نومیدی؛ لاعلاجی	despereyshen / despereyshin
despicable	شنیع؛ نکوهش پذیر	dispikabel
despise	تحقیر کردن؛ حقیر شمردن	dispaiz
despite	علارغم؛ باوجوداین	dispait
despondency	یاس؛ تنگ دلی	dispaandansi
despot	جابر؛ سلطان مستبد	despat
dessert	دسر؛ دندان مز	dizert
destination	مقصد	destaneyshen / destineyshen
destined	مقدر	destind
destitute	لات	destatut
destitution	لاتی؛ بی چیزی	destatushen
destroy	نابود کردن	distroy
destruction	تخریب	distrakshen
destructive	مخرب	distraktiv
detach	منفصل کردن	ditach
detachment	عده	ditachmant
detail	جزئیات	diteyl
detain	بازداشت کردن	diteyn
detection	کشف	ditekshen
detective	کارآگاه	ditektiv
detector	ردیاب؛ آشکارگر	ditekter
detention	بازداشت	ditenshen
deter	تحذیر کردن	diter
deteriorate	بدتر شدن	ditiriereyt
determination	عزم راسخ	ditermaneyshen
determine	معین کردن؛ مشخص کردن	daterman / diterman
dethrone	از مقام انداختن	dithron
detonate	ترکانیدن	detaneyt
detour	انحراف؛ خط فرعی	ditur
detriment	ضرر	detramant
detrimental	درد ناک	detramentel / detramenel
deuce	دولو؛ دوخال	dus
devastate	ویران کردن	devasteyt
develop	توسعه دادن	divelap
development	توسعه؛ رشد	divelapmant
developmental	عمرانی	divelapmentel / divelapmenel
deviate	عدول کردن؛ منحرف شدن	divieyt
deviation	عدول؛ ضلال	divieyshen
device	دستگاه	divais
devil	شیطان	devel
devilish	شیطانی؛ اهریمنی	devlish
devise	ابداع کردن	divaiz / divais
devoid	عاری	divoyd
devolve	تفویض کردن؛ محول کردن	divaalv
devote	وقف کردن	divot
devotee	مجاهد؛ فداکار	devati
devotion	وقف؛ چاکری	divoshen
devotional	فداکارانه؛ عبادتی	divoshenel
devout	پارسا؛ عابد	divaut
dew	شبنم؛ ژاله	du
dewy	شبنمدار؛ ترکرده	dui
dexterity	مهارت؛ تردستی	deksteriti
dey	دی	dey
diabetes	مرضقند	daiabitiz
diabetic	دولابی؛ دیابتی	daiabetik
diabolical	شیطانی	daiabaalikel
diadem	دیهیم؛ نیم تاج	daiadem
diagnose	تشخیص دادن	daiagnos
diagnosis	تشخیص	daiagnosas
diagnostic	تشخیصی	daiagnaastik
diagonal	مورب	daiaganel
dial	شماره گرفتن	daiel / dail
dialect	گویش؛ گویشی	daialekt
dialogue	گفتگو	daialog
diameter	ضخامت	daiamater
diaphragm	دیافراگم؛ پرده دل	daiafram
diary	دفتر خاطرات	daieri / dairi
dice	مهره؛ طاس	dais
dichotomy	دوگانگی؛ دورستگی	daikaatami
dictate	دیکته کردن	dikteyt
dictation	تلقین؛ املاء	dikteyshen
dictator	دیکتاتور	dikteyter
dictatorship	استبداد؛ دیکتاتوری	dikteytership
dictionary	فرهنگ لغت	diksheneri
die	مردن	dai
diet	رژیم غذایی	daiat
differ	تفاوت داشتن	difer
difference	تفاوت	diferans / difrans
different	متفاوت	diferant / difrant
differential	تفاضلی؛ افتراقی	diferenshel
differentiate	تمایز قائل شدن	diferenshieyt / diferenchieyt
differentiation	فرق گذاری؛ مشتغ گیری	diferenshieyshen / diferenchieyshen
differently	به طور متفاوت	difrantli / diferentli
difficult	دشوار	difakalt
difficulty	دشواری؛ مشکل	difakalti / difikalti
diffused	پاشیده	difyuzd
diffusion	پخش؛ پاشیدگی	difyuzhen
dig	کاوش کردن؛ حفر کردن	dig
digest	گواریدن؛ تحلیل کردن	daijest
digestion	تحلیل؛ هضم	daijeschan
digestive	هاضمه؛ گوارشی	daijestiv
digit	شماره	dijat / dijit
digital	دیجیتال	dijatel / dijitel
dignified	موقر؛ معزز	dignafaid
dignitary	عالی مقام	dignateri
dignity	کرامت	digniti
dilatory	اتساعی؛ تاخیری	dilatori
dilemma	معضل	dilema
diligence	پشت کار؛ جد و جهد	dilajans / dilijans
diligent	کوشا؛ جاهد	dilijant
dilute	رقیق کردن؛ آبکی کردن	dailut / dilut
dim	تیره؛ تاریک	dim
dimension	بعد	dimenshen
diminish	کاهش دادن	diminish
diminution	نقص	dimanushen
diminutive	مصغر	diminyativ
dimple	زنخ؛ چاه زنخدان	dimpel
din	طنین بلند؛ طنین افکندن	din
dine	شام خوردن	dain
dining	غذا خوری	daining
dinner	شام	diner
dioxide	دی اکسید	daiaaksaid
dip	غوطه‌ور شدن	dip
diphtheria	دیفتری	difthiriaa
diploma	مدرک؛ گواهینامه	diplomaa
diplomacy	سیاستمداری؛ دیپلماسی	diplomasi
diplomat	دیپلمات	diplamat
diplomatic	دیپلماتیک	diplamatik
dire	شوم	dair / daier
direct	مستقیم	derekt / dairekt
direction	جهت	derekshen / direkshin
directive	بخشنامه	derektiv / direktiv
directly	مستقیماً	derektli / direkli
directness	بی واسطگی	derektnas / direknas
director	کارگردان	derekter / dairekter
directory	فهرست	derekteri / dairekteri
dirt	خاک؛ چرک	dert
dirty	کثیف	derti
disability	ناتوانی	disabiliti / disabilitiz
disabled	ناتوان	diseybald
disadvantage	وضع نامساعد	disadvantij / disadvanij
disadvantageous	بی صرفه	disadvanteyjas
disagree	مخالفت کردن	disagri
disagreeable	جوکی؛ ناپسندیده	disagriabel
disagreement	اختلاف نظر	disagrimant
disappear	ناپدید شدن	disapir
disappearance	زائل؛ ناپدیدی	disapirans
disappoint	ناامید کردن	disapoynt
disappointment	ناامیدی	disapoyntmant
disapproval	تقبیح	disapruvel
disapprove	نپسندیدن؛ تقبیح کردن	disapruv
disaster	فاجعه	dizaster
disastrous	فاجعه‌بار	dizastras
disbelieve	دروغ پنداشتن؛ اعتقاد نکردن	disbaliv
discard	دور انداختن	diskaard
discern	تمیز دادن	disern
discharge	تخلیه کردن	dischaarj
disciple	سالک؛ حواری	disaipel
disciplinarian	نظم دهنده	disiplinerian
disciplinary	انتظامی؛ انضباطی	disaplaneri
discipline	انضباط؛ انتظام	disaplan
disclaim	حاشا کردن؛ قبول نکردن	diskleym
disclose	فاش کردن	diskloz
disclosure	افشاگری	disklozher
discoloration	بی رنگی	diskalereyshen
discomfort	رنج؛ ناراحتی	diskamfert
discontent	نارضایتی؛ سخط	diskantent
discontinue	بس کردن	diskantinyu
discord	اختلاف؛ نفاق	diskord
discordant	ناموزون؛ ناساز	diskordant
discount	تخفیف؛ تنزیل	diskaunt
discourage	دلسرد کردن	diskerij
discouragement	دلسردی؛ دلمردگی	diskerijmant
discourse	گفتمان	diskors
discover	کشف کردن	diskaver
discovery	کشف	diskaveri / diskavri
discredit	بی اعتبار کردن	diskredat
discretion	صلاحدید	diskreshen
discriminate	تبعیض کردن؛ تبعیض قائلشدن	diskrimaneyt
discrimination	تبعیض	diskrimaneyshen
discuss	بحث کردن	diskas
discussion	بحث	diskashen
disdain	ننگ؛ عار	disdeyn
disdainful	ننگین	disdeynfel
disease	بیماری	diziz
disgrace	خفت؛ ننگ	disgreys
disgraceful	ننگین؛ شرمآور	disgreysfel
disguise	تلبیس؛ لباس مبدل	disgaiz
disgust	نفرت؛ تنفر	disgast
disgusting	نفرتآور؛ نفرتانگیز	disgasting
dish	ظرف، غذا	dish
disharmony	ناسازی؛ ناموزونی	dishaarmani
dishonest	متقلب؛ نادرست	disaanast
dishonesty	رجز؛ نادرستی	disaanasti
dishonor	ننگین کردن	disaaner
dishonorable	بی شرف	disaanerabel
disillusion	سرخورده کردن	disiluzhen
disinclination	عدمتمایل	disinklaneyshen
disinclined	بی تمایل	disinklaind
disinfect	گندزدائی کردن؛ ضد عفونی کردن	disinfekt
disinfectant	گندزدا؛ ماده گندزدا	disinfektant
disinfection	گندزدائی؛ ضد عفونی	disinfekshen
disintegrate	متلاشی کردن؛ متلاشی شدن	disintagreyt
disinterested	بیغرضانه؛ بیطمع	disintristid / disinristid
dislike	نپسندیدن؛ اکراه	dislaik
dislocate	جابجا کردن؛ در رفتن	dislokeyt
dislocated	دررفته	dislokeytid
dislocation	جابجائی؛ دررفتگی	dislokeyshen
disloyal	خیانتکار؛ بی وفا	disloyel
disloyalty	بیوفایی؛ بی وفائی	disloyalti
dismal	ملالت انگیز	dizmel
dismay	بیجرات کردن؛ وحشت زدگی	dismey
dismiss	بیرونکردن؛ جواب کردن	dismis
dismissal	برکناری	dismisel
disobedience	نافرمانی؛ تمرد	disabidians / disobidians
disobey	نافرمانی کردن؛ سرپیچی کردن	disabey
disorder	اختلال	disorder
disordered	مغشوش؛ بی سبک	disorderd
disorderly	اختلالی؛ بی ترتیب	disorderli
disorganized	شلخته؛ نامرتب	disorganaizd
disparity	عدم توافق؛ بی شباهتی	disperiti
dispatch	اعزام؛ روانهسازی	dispach
disperse	پراکندن؛ متفرق کردن	dispers
dispersion	تفرقه؛ تفرق	disperzhen
displace	آواره کردن	displeys
displacement	جانشین سازی؛ جابجا شدگی	displeysmant
display	نمود کردن؛ نمایش دادن	displey
displease	ناخشنود کردن	displiz
displeasure	رنجش؛ رنجیدگی	displezher
disposal	دفع	dispozel
dispose	دور انداختن	dispoz
disposition	طبع؛ مشرب	dispazishen
dispute	اختلاف، بحث کردن	dispyut
disqualify	شایسته ندانستن	diskwaalafai
disquiet	مضطرب ساختن	diskwaiat
disregard	عدمرعایت؛ بی توجهی	disrigaard
disreputable	بد نام	disrepyatabel
disrespectful	احترامنگذار؛ بدون مراعات	disrispektfel
disrupt	مختل کردن	disrapt
disruption	اختلال	disrapshen
dissatisfaction	نارضایتی؛ ناخشنودی	disatisfakshen
dissatisfied	ناراضی	disatasfaid
dissect	تشریح کردن	daisekt
dissection	تشریح	daisekshen
dissemination	پاشیدگی	disemaneyshen
dissolution	تجزیه؛ فسخ	disalushen
dissolve	حل کردن	dizaalv
dissuade	منصرف کردن	disweyd
distance	فاصله	distans
distant	دور	distant
distilled	چکیده؛ مقطر	distild
distinct	متمایز	distingkt
distinction	تمایز	distingkshen
distinctive	متمایز	distingktiv
distinguish	تشخیص دادن	distinggwish
distinguished	برجسته؛ مشخص	distinggwisht
distort	تحریف کردن	distort
distortion	تحریف	distorshen
distract	حواس پرتی ایجاد کردن	distrakt
distraction	پریشانی	distrakshen
distress	پریشانی	distres
distressed	پریشان؛ متاثر	distrest
distressing	پریشان کننده	distresing
distribute	تقسیم کردن؛ پخش شدن	distribyut
distribution	پخش؛ تقسیم	distrabyushen
distributor	مقسم؛ دلکو	distribyater
district	محله	distrikt
distrust	عدم اعتماد؛ اعتماد نداشتن	distrast
disturb	مزاحم شدن	disterb
disturbance	آشوب؛ اغتشاش	disterbans
disturbing	نگران‌کننده	disterbing
disunion	عدم اتفاق؛ جدا شدگی	disyunyan
disuse	عدم استعمال	disyus
ditch	گودال؛ چاله	dich
diurnal	روز خیز؛ مربوط به روز	daiernel
dive	شیرجه زدن	daiv
diverge	واگراییدن؛ متشتت شدن	diverj
divergence	واگرایی؛ تباعد	daiverjans / diverjans
diverse	متنوع	daivers / divers
diversified	متشتت	daiversafaid / diversafaid
diversion	عدول	daiverzhen / diverzhen
diversity	تنوع	diversiti / daiversiti
divert	منحرف کردن	daivert / divert
diverticulum	استطاله؛ کوره راه	daivertikyalam
divide	بخش کردن؛ سهم کردن	divaid
dividend	سود سهام	dividend
divine	الهی	divain
divinity	خدایی؛ الوهیت	diviniti
division	تقسیم؛ بخش	divizhen
divorce	طلاق	divors
divorced	مطلقه	divorst
dizziness	دوار؛ سرگیجه	dizinas
dizzy	دبنگ؛ سرگیجهای	dizi
do	انجام دادن	du
dock	بارانداز؛ جاخالی کردن	daak
doctor	دکتر	daakter / dokter
doctrine	دکترین	daaktran / dokterin
document	سند	daakyament / daakyument
documentary	مستند؛ سندی	daakyamenteri / daakyameneri
documentation	مستندسازی	daakyamenteyshen / daakyumenteyshen
dodge	گریز زدن؛ جا خالی کردن	daaj
dog	سگ	dog
dogma	اصول عقاید	daagma
dogmatism	فلسفه جزمی	daagmatizam
dole	به بیکاران	dol
doleful	جان سوز	dolfel
doll	عروسک	daal
dollar	دلار	daaler / doler
dolphin	دلفین	daalfan
domain	حوزه	domeyn
dome	گنبد؛ گنبد زدن	dom
domestic	داخلی؛ خانگی	damestik
dominance	سلطه	daamanans
dominant	غالب	daamanant
dominate	مسلط شدن؛ مستولی شدن	daamaneyt
domination	تسلط؛ استیلاء	daamaneyshen
donate	هبه کردن؛ اعطاء کردن	doneyt
donation	کمک مالی	doneyshen
donkey	خر؛ الاغ	daangki / dongki
donor	اهداکننده	doner
doom	سرنوشت بد	dum
door	در	dor
doorway	درگاه؛ جای در	dorwey
dormant	نهفته؛ نایم	dormant
dorsal	ضهری	dorsel
dose	دوز	dos
dot	نقطه	daat
double	دو برابر	dabel
doubt	شک؛ تردید	daut
doubter	دیرباور	dauter
doubtful	مشکوک؛ دوبشک	dautfel
doubtless	بی تردید؛ بدون شک	dautlas
dough	خمیر	do
doughy	خمیری	doi
down	پایین	daun
downfall	ریزش	daunfol
downhill	نشیب	daunhil
download	دانلود کردن	daunlod
downstairs	طبقه پایین؛ پایین پله‌ها	daunsterz
downtown	مرکز شهر	dauntaun
downward	فرو	daunwerd
dowry	جهاز؛ شیربها	dauri
doyen	شیخ السفراء؛ مقد السفراء	doyin
doze	چرت زدن	doz
dozen	دوجین	dazan
drab	کسل کننده؛ زن شلخته	drab
draft	برات؛ مسوده	draft
drag	باتورگرفتن؛ سخت کشیدن	drag
dragon	اژدها	dragan
drain	تخلیه کردن	dreyn
drainage	زهکشی	dreynaj / dreynij
drama	درام	draama
dramatic	نمایشی	dramatik
dramatically	به طرز چشمگیری	dramatikli / dramatikali
drastic	عنیف	drastik
draught	باد؛ کوران	draft
draw	نقاشی کردن	dro
drawer	نقشه کش؛ برات کش	dror
drawing	نقاشی (کار)	droing
dread	بیم؛ نهیب	dred
dreadful	موحش؛ هراسناک	dredfel
dream	خواب، رویا، رویا دیدن	drim
dreamer	خیالباف	drimer
dreary	مایه افسردگی	driri
dredge	لاروبی کردن	drej
dregs	لرد	dregz
dress	لباس، لباس پوشیدن	dres
dressmaker	خیاط زنانه	dresmeyker
drift	رانش	drift
drill	تمرین؛ مته	dril
drilling	مته زنی	driling
drink	نوشیدنی، نوشیدن	dringk
drinker	خوار؛ آشامنده	dringker
drinking	شرب	dringking
drip	چکیدن؛ چکاندن	drip
drive	رانندگی؛ رانندگی کردن	draiv
driver	راننده	draiver
driving	رانندگی؛ محرک	draiving
drone	سخن یکنواخت	dron
drop	افتادن، قطره	draap / drop
dropsy	استسقاء	draapsi
drought	خشکسالی	draut
drown	غرق شدن	draun
drowsiness	خماری؛ خواب آلودگی	drauzinas
drowsy	کسل کننده؛ چرت زن	drauzi
drudgery	خرحمالی؛ جان کنی	drajeri
drug	دارو، مواد مخدر	drag
drum	ضرب؛ طبل	dram
drummer	طبال؛ طبل زن	dramer
drunk	مست؛ دژم	drangk
drunkard	خماری	drangkerd
drunken	مستانه	drangkan
drunkenness	مستی	drangkannas
dry	خشک، خشک کردن	drai
dryness	خشکی؛ خشکی هوا	drainas
dual	دوگانه	duel / dul
dub	نامیدن، لقب دادن	dab
dubious	مشتبه؛ مشکوک	dubias
duck	اردک؛ مرغابی	dak
duct	لوله آب؛ مجرای لنف	dakt
due	موعد؛ مستحق؛ به‌علت	du / dyu
dug	کنده	dag
dugout	کنده شده	dagaut
duke	دوک	duk
dull	کسل کننده	del
dullness	رکود؛ کندی	dalnas
duly	بموقع خود؛ بقدر لازم	duli
dum	کم هوش	dam
dumb	لال	dam
dump	رها کردن	damp
dun	سمند	dan
dung	پهن؛ پشگل	dang
dungeon	سیاه چال	danjan
duo	دوتایی	duo
duodenal	دوازدهه	duadinel / duaadanel
duodenum	روده اثنی عشر	duaadanam
dupe	ساده لوح	dup
duplicate	المثنی؛ نسختین	duplakat / duplakeyt
duplicity	ریا	duplisiti
duration	مدت	dureyshen
during	در طول	during / dyuring
dusk	غروب؛ هنگام غروب	dask
dust	گرد؛ خاک	dast
dusty	خاکی؛ غباری	dasti
dutch	هلندی؛ زبان هلندی	dach
dutiful	وظیفه شناس	dutifel
duty	وظیفه؛ عوارض گمرکی	duti / dyuti
dvd	دی‌وی‌دی	dividi
dwarf	کوتوله؛ کوتاه جلوه دادن	dworf
dwell	اقامت گزیدن	dwel
dweller	مکین	dweler
dwelling	اقامت؛ مسکن	dweling
dye	رنگ؛ خضاب	dai
dyeing	رنگرزی	daiing
dynamic	پویا	dainamik
dynamite	دینامیت؛ دینامیت زدن	dainamait
dynasty	سلسله؛ خاندان	dainasti
dysentery	دیسانتری	disanteri
each	هر کدام	ich
eager	مشتاق	iger
eagerly	مشتاقانه؛ آرزومندانه	igerli
eagerness	اشتیاق؛ شوق	igernas
eagle	عقاب؛ دال	igel
ear	گوش	ir
early	زود	erli
earn	کسب کردن	ern
earnings	درآمد	erningz
earshot	صدارس؛ گوش رس	irshaat
earth	زمین	erth
earthen	سفالی	erthan
earthly	زمینی	erthli
earthquake	زلزله؛ زمین لرزه	erthkweyk
earthwork	خاکریز	erthwerk
earthy	خاکی	erthi
ease	آسایش، آسان کردن	iz
easily	به آسانی	izali
east	شرق	ist
easterly	شرقاً؛ مانند بادخاوری	isterli
eastern	شرقی؛ خاوری	istern
eastward	روب خاور	istwerd
easy	آسان	izi
easygoing	بی قید	izigoing
eat	خوردن	it
ebb	جزر	eb
echo	پژواک	eko
eclipsed	منخسف	iklipst / aklipst
ecological	بوم‌شناختی	ikalaajikel / ekalaajikel
economic	اقتصادی	ekanaamik / ikanaamik
economical	مقتصد؛ با صرفه	ekanaamikel / ikanaamikel
economics	اقتصاد	ekanaamiks / ikanaamiks
economist	اقتصاددان	ikaanamist
economy	اقتصاد؛ صرفه جویی	ikaanami
ecstasy	حالت؛ وجد	ekstasi
ecstatic	جذبهای؛ بی خود	ekstatik
eczema	اگزما؛ اکزما	eksama
edge	لب؛ لبه	ej
edifice	عمارت	edafas
edifying	تهذیبی	edafaiing
edit	ویراستن	edat
editing	ویرایش	edating / editing
editor	ویراستار؛ ویرایشگر	edater / editer
editorial	سرمقاله	edatoriel
educate	فرهیختن؛ مودب کردن	ejakeyt / ejyukeyt
education	آموزش	ejakeyshen / ejyukeyshen
educational	تحصیلی؛ تربیتی	ejakeyshenel / ejyukeyshenel
educator	مربی	ejakeyter / ejyukeyter
eerie	وهم آور	iri
effect	تأثیر	ifekt / afekt
effective	کاری؛ موثر	ifektiv
effectiveness	اثربخشی	ifektivnas
efferent	وابر؛ بیرون بر	eferant
efficacious	موثر	efakeyshas
efficacy	درجه تأثیر	efikasi
efficiency	کارایی	ifishensi
efficient	کارآنه؛ پرکار	ifishent
efficiently	به نحو کارآمد	ifishentli
effigy	تمثال؛ پیکرک	efiji
effort	تلاش	efert
egg	تخم مرغ	eg
ego	خود	igo
egypt	مصر؛ کشور مصر	ijapt / ijipt
egyptian	مصری	ijipshen
eight	هشت	eyt
eighteen	هجده	eytin
eighth	اکتاو؛ یک هشتم	eytth / eyth
eighty	هشتاد	eyti
either	هر یک از دو، نیز (در جملات منفی)	idher / aidher
ejaculation	انزال	ijakyuleyshen
elaborate	پیچیده، با جزئیات	ilabrat / ilabereyt
elastic	کشی؛ لاستیکی	ilastik
elasticity	ارتجاع؛ جهندگی	ilastisiti
elated	برافراشته	ileytad / ileytid
elation	سرفرازی شادی	ileyshen
elbow	آرنج	elbo
elder	ارشد؛ ریش سفید	elder
elderly	سالمند؛ سالمندان	elderli
eldest	سالدارترین؛ مسن ترین	eldast
elected	منتخب؛ انتخابی	ilektad / ilektid
election	انتخاب نماینده	ilekshen
elective	انتخابی	ilektiv
electoral	انتخاباتی	ilekterel
electorate	گزینگرگان	ilekterat / ilektrit
electric	برقی	ilektrik
electrical	برقی	ilektrikel
electricity	برق	ilektrisiti
electrode	الکترود	ilektrod
electrolysis	برقکافت	ilektraalasas
electron	الکترون	ilektraan
electronic	الکترونیکی	ilektraanik
electronics	الکترونیک	ilektraaniks
elegance	زیبندگی؛ ظریفی	elagans
elegant	ظریف	elagant
elegantly	ظریفانه	eligantli
element	ماده؛ اصل	elamant
elemental	عنصری	elamentel / elamenel
elementary	ابتدایی	elamentri / elamenterri
elephant	فیل	elafant
elephantiasis	داء الفیل	elifantaiasis
elevate	بالا بردن	elaveyt
elevation	علو؛ صعود	elaveyshen
elevator	آسانسور؛ بالابرنده	elaveyter
eleven	یازده	ilevan
elias	خضر	alaias
eligible	واجد شرایط	elajabel / elijabel
eliminate	حذف کردن	ilimaneyt
elimination	رفع؛ حذف	ilimaneyshen
elite	نخبه	ilit / eylit
eliza	الیزا	ilaiza
elliptical	بیضی	iliptikel
elongation	دراز شدگی	ilonggeyshen
eloquence	فصاحت؛ بلاغت	elakwans
eloquent	بلیغ؛ شیوا	elakwant
else	دیگر	els
elsewhere	نقطه دیگر؛ بجای دیگر	elswer
elude	طفره زدن	ilud
elusive	طفره زن؛ طفره آمیز	ilusiv
email	ایمیل، ایمیل زدن	imeyl
emancipate	ازقید رها کردن	imansapeyt
embankment	سیلگیر؛ سیل برگردان	embangkmant
embargo	تحریم	embaargo
embark	سوار شدن، آغاز کردن	embaark / imbaark
embarrassed	شرمنده؛ شرمسار	imberast
embarrassment	شرمندگی	imberasmant
embassy	سفارت	embasi
embed	جاسازی کردن	imbed
embedded	جاسازی شده	embedid
embellish	زیبا کردن؛ زینت دادن	imbelish
embezzlement	اختلاس	embezalmant
embitter	تلخ کردن؛ ناگوار کردن	embiter
emblem	علامت	emblam
embodiment	تجسم	embaadimant
embody	تجسم بخشیدن	imbaadi
embrace	در آغوش گرفتن	embreys / imbreys
embroidery	گلدوزی؛ برودری	embroyderi
embryo	گیاهک؛ رویان	embrio
embryonic	جنینی؛ رویانی	embriaanik
emerald	زمرد؛ زمردسبز	emrald / emerrald
emergence	ظهور	imerjans
emergency	اضطرار؛ اضطراری	imerjansi
emigrant	مهاجر؛ کوچ کننده	emagrant
emigrate	جلاء؛ هجرت کردن	emagreyt
emigration	هجرت	emagreyshen
eminent	والا؛ والا مقام	emanant
emission	انتشار	imishen
emotional	احساساتی؛ عاطفی	imoshenel
emotionally	از نظر احساسی	imoshnali
emperor	امپراتور	emperer
emphasis	تکیه؛ تاکید	emfasas / emfasis
emphasize	تاکید کردن؛ اهمیت دادن	emfasaiz
emphatic	موکد	emfatik
emphysema	آمفیزم	emfazima
empire	امپراتوری	empaier
empirical	تجربی	empirikel
employ	استخدام کردن	employ / imploy
employee	کارمند	employi / imployi
employer	کارفرما	employer / imployer
employment	استخدام؛ اشتغال	employmant / imploymant
empower	توانمند ساختن	impauer
empress	شهبانو؛ امپراتریس	empres
empty	خالی	empti / emti
emulsion	شیرابه	imalshen
enable	توانگر کردن؛ صلاحیتدار کردن	eneybel / ineybel
enact	به اجرا درآوردن	inakt
enactment	وضع	enaktmant / enakmant
enamel	لعاب؛ مینا	inamel
encamp	چادر زدن؛ خیمه برپا کردن	inkamp
encampment	قرار گاه	inkampmint
enchanting	افسون گری	enchanting / enchaning
enclose	ضمیمه کردن؛ پیوست کردن	inkloz
enclosure	ضمیمه؛ پیوست	enklozher / inklozher
encompass	شامل شدن	enkampas
encounter	برخورد؛ تقابل	inkaunter / inkauner
encourage	دلگرم کردن؛ تشویق کردن	enkerij / inkeraj
encouragement	تشویق	enkerijmant
encouraging	تشویق‌کننده	enkerijing / inkerajing
encyclopedia	دایرهالمعارف؛ دایرهالعلوم	insaiklapidia / insaiklopidia
end	پایان، پایان دادن	end
endanger	بمخاطره انداختن	endeynjer
endearment	گرامی کردن	indirmant
endeavor	تلاش؛ جدیت	indever
endeavour	تلاش	indever
ending	پایان	ending
endless	بی‌ پایان	endlas
endorse	تایید کردن	endors
endorsement	تایید	endorsmant
endow	متصف کردن؛ چیزی راوقف کردن	endau
endurance	تاب؛ طاقت	enderans
endure	تحمل کردن	endyur / indur
enema	تنقیه	enama
enemy	دشمن	enami
energetic	فعال؛ پرتکاپو	enerjetik
energy	انرژی	enerji
enforce	اجرا کردن	enfors
enforcement	اجرا	enforsmant
engage	گیر دادن؛ نامزد کردن	engeyj
engagement	نامزدی، تعامل	engeyjmant
engaging	جذاب	engeyjing
engine	موتور	enjan / injan
engineer	مهندس	enjanir
engineering	مهندسی	enjaniring
england	انگلستان	inggland
engraved	منقوش	ingreyvd
engulfing	احاطهکننده	ingalfing
enigma	بیان مبهم	inigma
enjoy	لذت بردن	enjoy / injoy
enjoyable	لذت بخش	enjoyabel
enjoyment	کیف؛ لذت	enjoymant / injoymant
enlarge	بزرگ کردن؛ بزرگ شدن	enlaarj / inlaarj
enlargement	بزرگی؛ بزرگ نمائی	inlaarjmant
enlighten	روشنفکر کردن	enlaitan
enlightened	منورالفکر؛ روشن روان	enlaitand
enlightenment	روشن فکری؛ تنویر افکار	enlaitanmant
enlist	درفهرست نوشتن	enlist
enlistment	نامنویسی؛ سربازگیری	enlistmant
enliven	روح دادن؛ حیات بخشیدن	enlaivan
enmity	عناد؛ عداوت	enmiti
enormous	عظیم	inormas / inormis
enough	کافی	inaf
enquire	پرس و جو کردن	inkwaier
enquiry	استفسار	inkwairi
enraged	آتشی	enreyjd / inreyjd
enrich	غنی کردن	enrich / inrich
enrol	ثبت‌نام کردن	enrol
enrollment	نامنویسی؛ ثبت نام	enrolmant
enslaved	برده شده	ensleyvd
ensue	متعاقب بودن	insu
ensure	حتمی کردن	enshur / inshur
entail	شامل بودن؛ متضمن بودن	enteyl
entangle	گیر انداختن؛ درهم گیر افتادن	entanggel
entangled	دامن گیر	entanggald
entanglement	گیر؛ پاپوش	entanggalmant / intanggalmant
enter	وارد شدن	enter / ener
enterprise	شرکت	enterpraiz / enerpraiz
entertain	سرگرم کردن؛ پذیرایی کردن	enterteyn / enerteyn
entertaining	سرگرم کننده	enterteyning / enerteyning
entertainment	پذیرایی	enterteynmant / enerteynmant
enthusiasm	حرارت؛ گرمی	inthuziazam
enthusiast	علاقه‌مند	enthuziast
enthusiastic	باحمیت؛ باحرارت	inthuziastik
entire	کل؛ دربست	intaier
entirely	پاک؛ سرتاسر	intaierli
entirety	تمامیت؛ سراسری	intaierti
entitle	حق دادن	entaitel / intaitel
entity	نهاد	entiti
entrance	ورود؛ دخول	entrans
entreaty	التماس	entriti
entree	غذای اصلی	aantrey
entrench	درسنگرقراردادن	entrench
entrenchment	سنگربندی؛ سنگرسنگی	entrenchmant
entrepreneur	کارآفرین	aantrapraner / aantrapranur
entrust	سپردن؛ باامانت سپردن	entrast
entry	ادخال	entri
envelope	پاکت	envalop
envious	حسود؛ حاسد	envias
environment	محیط زیست	invairanmant
environmental	محیطی؛ محیط زیستی	invairanmentel / invairanmenel
envisage	درذهن مجسم کردن	envizij
envoy	فرستاده؛ ایلچی	envoy / aanvoy
envy	رشک؛ حسد	envi
enzyme	آنزیم؛ دیاستاز	enzaim
epic	حماسی؛ شعر رزمی	epik
epicurean	ابیقوری؛ عیش طلب	epakyurian
epidemic	همه‌گیر	epademik / epidemik
epidermis	روپوست	epadermas
epigram	سخن نیشدار	epagram
epilepsy	صرع	epalepsi
epileptic	غشی؛ حملهای	epaleptik
epistle	نامه منظوم	ipisel
epithelial	برپوشی؛ شبیه بشره ای	epithelyel
equal	برابر؛ مساوی	ikwel
equality	برابری	ikwaaliti
equally	علیالسویه؛ متساویا	ikwali
equation	معادله	ikweyzhen
equator	استواء؛ خط استوا	ikweyter
equestrian	چابک سوار	ikwestrian
equilibrium	موازنه	ikwalibriam
equine	اسبی	ikwain
equip	تجهیز کردن	ikwip
equipment	تجهیزات	ikwipmant
equitable	منصفانه؛ متساوی	ekwatabel / ekwitabel
equivalent	معادل	ikwivalant
equivocate	سهل انگاشتن؛ ابهام بکار بردن	ikwivakeyt
era	دوران	era / ira
eradicate	لنجیدن؛ ریشه کن کردن	iradakeyt
eradication	قلع؛ ریشه کنی	iradakeyshen
erect	برپا کردن	irekt
erection	نعوظ؛ شق شدگی	irekshen
erosion	سایش؛ فرسایش	irozhen
err	اشتباه کردن؛ اشتباهکاری کردن	er
errand	ماموریت	erand
erroneously	سهواً	eroniasli
error	خطا	erer
erudite	ادیب	eradait
erupt	فوران کردن	irapt
eruptive	بثوری	iraptiv
escalate	تشدید کردن	eskaleyt
escapade	جفتک زنی	eskapeyd
escape	گریز؛ فرار	iskeyp
escort	همراه؛ اسکورت	eskort
especially	به خصوص	aspeshli / aspeshali
espionage	جاسوسی	espianaaj
espouse	نامزد کردن؛ شوهر دادن	ispauz / ispaus
essay	مقاله کوتاه	esey
essence	عصاره، ذات	esans
essential	اساسی؛ حساس	esenshel / isenshel
essentially	اساساً	esenshali / isenshali
establish	بستن؛ افتتاحکردن	istablish
establishment	تاسیس	istablishmant
estate	ماترک؛ املاک	isteyt
esteem	اعتبار؛ منزلت	astim
estimable	برآورد کردنی	estamabel
estimate	برآورد؛ براورد	estamat / estameyt
estimation	تخمین؛ براورد	estameyshen
eternal	ابدی	iternel
eternally	ابدالدهر	iternali
eternity	ابد؛ جاودانی	iterniti
ether	اتر؛ اثیر	ither
ethic	اخلاق	ethik
ethics	اخلاقیات؛ اصولاخلاق	ethiks
ethnic	قومی	ethnik
etiology	لادشناسی	itiaalaji
etiquette	آداب؛ آداب معاشرت	etakat
eucalyptus	اکالیپتوس	yukaliptas
euro	یورو	yuro / yura
europe	اروپا	yurap
european	فرنگی؛ اروپایی	yurapian
evacuate	تخلیه کردن	ivakyaeyt
evacuation	تخلیه؛ تهی سازی	ivakyaweyshen
evade	در رفتن؛ طفره زدن	iveyd
evaluate	ارزیابی کردن؛ تقویم کردن	ivalyueyt
evaluation	ارزیابی	ivalyueyshen
evaporation	تبخیر	ivapereyshen
evasive	طفرهزن؛ طفره آمیز	iveyziv
eve	هوا؛ حوا	iv
even	حتی	ivin
evening	عصر	ivning
evenly	به تساوی	ivanli
event	رویداد	ivent
eventually	سر انجام	ivenchawali / ivenshali
ever	تا به حال	ever
evergreen	بی خزان؛ همیشه سبز	evergrin
everlasting	ابدی؛ ابد	everlasting
evermore	درتمام وقت	evermor
every	هر	everi / evri
everybody	همه	evribaadi
everyday	روزمره	evridey
everyone	همه	evriwan
everything	همه چیز	evrithing
everywhere	همه جا	evriwer / evrihwer
evidence	شواهد	evadans
evident	آشکار	evadant
evidently	ظاهراً؛ آشکارا	evadantli
evil	سوء؛ خبیث	ivel
evildoer	بد کار	ivalduer
evoke	فراخواندن	ivok
evolution	تکامل	evalushen / ivalushen
evolutionary	تکاملی	evalusheneri / ivalusheneri
evolve	تکامل یافتن	ivaalv
exact	دقیق	igzakt
exactly	دقیقا	igzaktli
exaggerate	مبالغه کردن	igzajereyt
exaggeration	اغراق؛ گزاف	igzajereyshen
exalt	متعال کردن	igzolt
exalted	معلا؛ معلی	igzoltid
exam	امتحان	igzam
examination	آزمایش؛ تجزیه	igzamaneyshen
examine	تجزیه کردن؛ بررسی کردن	igzamin
examiner	ممتحن؛ آزمونگر	igzamaner
example	مثال	igzampel
exasperation	اوقات تلخ	eksaspereyshen
excavation	کاوش؛ حفاری	ekskaveyshen
exceed	فراتر رفتن	iksid
excellence	برتری	eksalans
excellency	جناب؛ جناب آقای	ekslensi
excellent	عالی	eksalant
except	به جز	iksept
exception	استثنا	iksepshen
exceptional	استثنایی	iksepshenel
excess	مازاد	ekses / ikses
excessive	بیش از حد	iksesiv
excessively	بی شباهت	iksesivli
exchange	عوض؛ مصالحه	ikscheynj
excise	مالیات غیرمستقیم	eksais / eksaiz
excitable	برانگیختنی؛ قابل تهییج	iksaitabel
excite	برانگیختن؛ تهییج کردن	iksait
excited	هیجان‌زده	iksaitad / iksaitid
excitement	هیجان؛ تهییج	iksaitmant
exciting	هیجان‌انگیز	iksaiting
exclaim	بعموم آگهی دادن	ikskleym
exclamation	غریو؛ علامت تعجب	eksklameyshen
exclude	حذف کردن	iksklud
exclusion	محرومیت	ikskluzhen
exclusive	انحصاری	iksklusiv
exclusively	منحصراً	iksklusivli
excrement	مدفوع؛ نجاست	ekskramant
excruciating	مشقت بار	ikskrushieyting
excursion	کشتی تفریحی؛ مسافرت تفریحی	ikskerzhen
excusable	بخشیدنی؛ معاف شدنی	ikskyuzabel
excuse	معذرت؛ بهانه	ikskyus / ikskyuz
execute	اجرا کردن	eksakyut
execution	اعدام	eksakyushen
executioner	دژخیم	eksakyushener
executive	مجری؛ اجرایی	igzekyativ
executor	مجری؛ اجراکننده	igzekyater
exemplary	عبرتآور؛ نمونهوسرمشق	igzempleri
exempt	بری؛ معاف	igzempt
exemption	معافیت؛ معافی	igzempshen / igzemshen
exercise	ورزش، ورزش کردن	eksersaiz
exert	اعمال کردن	igzert
exertion	اعمال زور	igzershen
exhaust	اگزوز؛ اگزوس	igzost
exhaustion	فرسودگی؛ واماندگی	igzoschan
exhibit	نمایش دادن	igzibit
exhibition	نمایشگاه؛ نظر گاه	eksabishen
exhilarating	مفرح؛ نشاطآور	igzilereyting
exile	تبعید	egzail / eksail
exist	وجود داشتن	igzist
existence	زیست؛ زندگی	egzistans / igzistans
exit	خارج شدن؛ خروج	egzit / eksat
exorbitant	گزاف	igzorbitant
exotic	عجیب و غریب	igzaatik
expand	منبسط کردن؛ گسترده کردن	ikspand
expanse	فضای زیاد	ikspans
expansion	گسترش	ikspanshen / ikspanchan
expect	انتظار داشتن	ikspekt
expectant	آبستن؛ در انتظار	ikspektant
expectation	انتظار؛ توقع	ekspekteyshen
expedient	مقتضی؛ مقتضا	ikspidiant
expedite	شتاباندن	ekspidait
expedition	تسریع؛ اردوکشی	ekspadishen
expel	بیرونکردن؛ بیرونانداختن	ikspel
expenditure	هزینه	ikspendacher / ikspendicher
expense	خرج؛ هزینه	ikspens
expensive	گران	ikspensiv
experience	تجربه کردن	ikspirians
experiment	آزمایش	iksperamant
experimental	تجربی	iksperimentel
expert	متخصص	ekspert
expertise	تخصص	ekspertiz
expiration	انقضا؛ بازدم	ekspereyshen
expire	منقضی شدن	ikspair
explain	توضیح دادن	ikspleyn
explanation	توضیح	eksplaneyshen
explanatory	تاویلی؛ توضیحی	iksplanatori
explicit	صریح	iksplisat
explicitly	صراحتاً	iksplisatli
explode	ترکیدن؛ منفجر کردن	iksplod
exploit	بهره‌برداری کردن	eksployt
exploitation	بهره‌کشی	eksployteyshen
exploration	استخراج؛ سیاحت	eksplereyshen / eksploreyshen
exploratory	اکتشافی	iksploratori
explore	سیاحت کردن؛ اکتشاف کردن	iksplor
explorer	سیاح؛ پیگرد	iksplorer
explosion	احتراق؛ ترکیدن	iksplozhen
explosive	انفجاری	iksplosiv
export	صدور؛ صادراتی	eksport
expose	ضاهر ساختن؛ درمعرض گذاشتن	ikspoz
exposition	توضیح	ekspazishen
exposure	مواجهه	ikspozher
expound	بهتفصیل شرح دادن	ikspaund
express	بیان کردن	ikspres
expression	بیان	ikspreshen
expressive	گویا؛ اشارهکننده	ikspresiv
expulsion	اخراج؛ طرد	ikspalshen
exquisite	نفیس	ekskwazat
extend	تعمیم کردن؛ تمدید کردن	ikstend
extension	گسترش، افزونه	ikstenshen
extensive	گسترده	ikstensiv
extensively	به طور گسترده	ikstensivli
extent	حدود؛ بسیط	ikstent
extenuate	کاستن از؛ کم تقصیر	ikstenyueyt
exterminate	قلع کردن؛ منقرض کردن	ikstermaneyt
extermination	براندازی	ikstermaneyshen
external	ظاهری؛ بیرونی	iksternel
extinct	خاموش؛ معدوم	ikstingkt
extinction	خفگی؛ انهدام	ikstingkshen / ikstingshen
extinguish	خاموش کردن؛ خاموش شدن	ikstinggwish
extirpate	ریشهکن کردن؛ بکلی نابود کردن	eksterpeyt
extortion	غصب؛ اجحاف	ekstorshen
extra	اضافی	ekstra
extract	استخراج کردن؛ استخراج کردن، عصاره	ekstrakt / ikstrakt
extraction	استخراج؛ عصارهگیری	ekstrakshen
extraneous	غیراصلی	ekstreynias
extraordinary	غیرعادی؛ شگفت آور	ekstraordaneri / ikstrordaneri
extravagance	زیادهروی؛ گزافگری	ekstravagans
extravagant	ولخرج؛ غیرمعقول	ekstravagant
extreme	افراطی	ekstrim
extremely	فوق‌العاده	ekstrimli
extremist	افراطی	ekstrimist
extremity	انتها	ekstremiti
extricate	خلاصی بخشیدن	ekstrakeyt
extrusion	بیروناندازی	ikstruzhen
exuberant	پرپشت؛ فیض بخش	igzuberant
eye	چشم	ai
eyeball	تخمچشم؛ مقله	aibol
eyebrow	ابرو	aibrau
eyeglasses	عینک	aiglasaz / aiglasiz
eyelid	پلک؛ جفن	ailid
fabric	پارچه	fabrik
fabrication	دروغ نویسی؛ حرف اختراعی	fabrikeyshen
fabulous	شگفت‌انگیز	fabyalas
facade	نمای خارجی	fasaad
face	صورت	feys
facetious	لطیفهدار؛ شوخی آمیز	fasishas
facial	صورتی	feyshel
facilitate	تسهیل کردن	fasilateyt
facilities	تسهیلات؛ امکانات	fasilatiz / fasilitiz
fact	واقعیت	fakt
faction	جناح	fakshen
factor	عامل	fakter
factory	کارخانه	fakteri
faculty	هیئت علمی	fakalti
fade	محو شدن	feyd
fail	شکست خوردن	feyl
failed	شکست خورده	feyld
failure	شکست؛ اعسار	feylyer
faint	غش؛ ضعف کردن	feynt
fainting	ضعف؛ اغماء	feynting
faintness	بی حالی	feyntnas
fair	منصفانه، نمایشگاه	fer
fairness	انصاف	fernas
fairy	جن؛ پری	feri
faith	اعتقاد؛ ایمان	feyth
faithful	وفادار؛ مومن	feythfel
fake	جعلی	feyk
falcon	شاهین؛ سوله	falkan
fall	افتادن؛ سقوط	fol / faal
fallacious	سفسطه آمیز	faleyshas
fallacy	سفسطه؛ استدلال غلط	falasi
fallow	آیش؛ آیش کردن	falo
false	نادرست	fols
falsehood	ناراستی	falshud
falsely	کاذبانه؛ بدروغ	folsli
falsified	مغشوش	folsafaid
fame	شهرت	feym
familiar	بلد؛ آشنا	familyer
familiarity	آشنایی؛ موانست	familyeriti
family	خانواده	famali / famli
famine	گرسنگی؛ قحطی	faman
famous	مشهور	feymas
fan	طرفدار، پنکه	fan
fanatical	پرتعصب	fanatikel
fanciful	تفننی؛ پر اوهام	fansifel
fancy	قوه مخیله	fansi
fantastic	فوق‌العاده	fantastik
fantasy	فانتزی	fantasi / fanasi
far	دور	faar
farce	کار بیهوده	faars
fare	کرایه	fer
farewell	وداع؛ بدرود	ferwel
farm	مزرعه؛ کشاورزی کردن	faarm
farmer	کشاورز	faarmer
farmhouse	خانه رعیتی	faarmhaus
farming	کشاورزی	faarming
farther	اقصی؛ جلوتر	faardher
farthest	اقصی نقطه	faardhast
fascinate	مسحور کردن؛ مفتون کردن	fasaneyt
fascination	فریبندگی	fasaneyshen
fashion	مد؛ مدی	fashen
fashionable	شیک	fashenabel / fashnabel
fast	سریع	fast
fasten	بستن؛ محکم کردن	fasan
fastening	یراق در	fasaning / fasning
fastidious	بدمنش؛ باریک بین	fastidias
fasting	ناشتا؛ صائم	fasting
fastness	استواری؛ تندی	fastnas
fat	چاق؛ چربی	fat
fatal	کشنده	feytel
fate	سرنوشت	feyt
father	پدر	faadher
fatherless	بی پدر	faadherlas
fatherly	پدروار؛ پدرانه	faadherli
fatigue	خستگی؛ فرسودگی	fatig
fatten	چاق کردن؛ پرواری کردن	fatan
fatty	پیه دار؛ چربی مانند	fati
fault	عیب؛ خرده	folt
faulty	معیوب؛ عیبناک	folti
favor	لطف؛ احسان	feyver
favorable	مناسب؛ مساعد	feyverabel / feyvrabel
favorite	محبوب؛ سوگلی	feyverit / feyvrat
favoritism	سوگیری؛ پارتی بازی	feyveritizam
favour	منت؛ التفات	feyver
favourable	مطلوب	favourable
favourite	مورد علاقه	feyverit
favours	الطاف	feyverz
fear	ترس	fir
fearful	ترسان؛ خوفناک	firfel
fearless	متهور؛ ناپروا	firlas
feasible	شدنی؛ صورت پذیر	fizabel
feast	مهمانی؛ عید	fist
feat	شاهکار	fit
feather	پر؛ باپرآراستن	fedher
feature	ویژگی	ficher
february	فوریه	febyaweri / februeri
federal	فدرال	federel / fedrel
federalism	فدرالیسم	federalizam / fedralizam
federate	متعهد کرد	federeyt
federation	فدراسیون	federeyshen
fee	اجرت؛ پردازه	fi
feeble	شل؛ کم زور	fibel
feed	غذا دادن	fid
feedback	پس خوراند	fidbak
feel	احساس کردن	fil
feeling	احساس	filing
fellow	همکار؛ همتا؛ شخص	felo
fellowship	پژوهانه؛ هم صحبتی	feloship
felon	تبهکار؛ بزهکار	felan
felony	جنایت؛ تبهکاری	felani
female	زن، زنانه	fimeyl
feminine	مونث؛ مادین	femanan
feminist	فمینیست	femanist
femoral	رانی	femerel
femur	استخوان ران	fimer
fence	نرده؛ حصار	fens
fencing	شمشیر بازی	fensing
ferment	ترش کردن؛ مخمر کردن	ferment
ferocious	سبع	feroshas
ferocity	سبعیت؛ وحشی گری	feraasiti
ferry	عبوردادن؛ گذر دادن	feri
fertile	بارور؛ حاصلخیز	fertel / fertail
fertility	باروری؛ حاصلخیزی	fertiliti
fervent	پرشور وشعف	fervant
fervor	شور؛ گرمی	ferver
festival	جشنواره	festavel / festivel
festive	بزمی	festiv
festivity	بزم؛ جشن و سرور	festiviti
fetch	وا کشیدن	fech
fetters	پابند	feterz
feudal	تیولی؛ ملوک الطوایفی	fyudel
feudalism	ملوک الطوایفی	fyudalizam
fever	تب	fiver
feverish	تب دار	fiverish
few	کم	fyu
fez	فس	fez
fiance	نامزد	fiaansey
fibre	فیبر	faiber
fibrous	لیفی	faibras
fiction	داستان	fikshen
fictitious	مستعار	fiktishas
fiddle	زرزر کردن؛ ویولن زدن	fidel
field	میدان	fild
fierce	شدید	firs
fiery	آتشی؛ مهیج	faieri
fifteen	پانزده	fiftin
fifth	پنجم	fifth / fith
fiftieth	پنجاهمین؛ یک پنجاهم	fiftiith
fifty	پنجاه	fifti
fig	انجیر	fig
fight	مبارزه، مبارزه کردن	fait
fighter	مبارز؛ رزمنده	faiter
figure	رقم، شکل	figyer
file	خط؛ سوهان	fail
filial	درخورفرزند	filiel
filing	ضبط؛ ضبات	failing
filipino	فیلیپینی	filapino
fill	پر کردن	fil
filler	بطانه؛ پر کننده	filer
film	فیلم؛ فیلم گرفتن	film
film-maker	فیلم‌ساز	film-meyker
filter	فیلتر کردن	filter
filth	نجاست؛ رجاست	filth
filthy	چرک؛ کثیف	filthi
final	نهایی؛ نهایی (اسم)	fainel
finally	بالاخره	fainali
finance	دارایی؛ مالیه	fanans / finans
financial	مالی؛ نقدی	fananshel / finanshel
financier	سرمایه دار؛ سرمایه گذار	finansir / fainansir
find	پیدا کردن	faind
finder	یابنده	fainder
fine	جریمه، جریمه کردن؛ خوب	fain / fina
finesse	نکته بینی؛ زیرکی بکار بردن	fines
finger	انگشت	fingger
fingerboard	جا انگشتی	finggerbord
finish	تمام کردن؛ پایان	finish
finite	متناهی	fainait
fire	آتش	faier / fair
firearm	سلاح گرم	faieraarm / fairaarm
firebrand	آتش پاره	faierbrand
firefighter	آتش‌نشان	fairfaiter
firewood	حطب؛ هیزم	faierwud / fairwud
firework	آتش‌بازی	fairwerk
fireworks	آتشبازی	fairwerks
firm	محکم، شرکت	ferm
firmly	قاطعانه	fermli
firmness	استواری؛ ثبات	fermnas
first	اول (اسم)؛ اول، اولین	ferst
firstly	اولاً	ferstli
fiscal	مالیاتی؛ محاسباتی	fiskel
fish	ماهی؛ ماهی گرفتن	fish
fisherman	صیاد؛ ماهیگیر	fisherman
fishery	شیل؛ ماهی گیری	fisheri
fishing	ماهیگیری	fishing
fission	شکافت	fishen
fissure	گسله؛ شکافدار کردن	fisher
fist	مشت؛ بامشت گرفتن	fist
fit	مناسب بودن؛ مناسب، حمله	fit
fitful	هوس پرست	fitfel
fitness	مناسبت	fitnas
fitting	پرو؛ سوار کنی	fiting
five	پنج	faiv
fix	تعمیر کردن	fiks
fixation	عشق زیاد	fikseyshen
fixture	وسایل ثابت	fikscher
flabby	لس	flabi
flaccid	چروک شده؛ شل وول	flaksid / flakid
flag	پرچم؛ رایت	flag
flail	گندم کوب؛ خرمن کوب	fleyl
flame	شعله؛ زبانه	fleym
flaming	شعلهور	fleyming
flank	پهلو؛ خاصره	flangk
flap	پرزدن؛ پرپرزدن	flap
flare	شعله؛ شعله زنی	fler
flash	تلالو	flash
flask	بغلی؛ دبه	flask
flat	آپارتمان؛ صاف، یک طبقه	flat
flatten	مسطح کردن؛ بیمزه کردن	flatan
flatter	تملق کردن؛ مداهنه کردن	flater
flattering	متملقانه؛ تملق آمیز	flatering
flattery	تملق؛ شیره مالی	flateri
flaunt	نازیدن؛ جولان دادن	flont
flavor	مزه؛ طعم	fleyver
flavour	طعم	flavour
flaw	نقص	flo
flawed	معیوب	flod
flax	بزرک	flaks
flay	سخت انتقاد کردن	fley
flea	کیک؛ شبگز	fli
fleck	رگه رگه کردن	flek
flee	فرار کردن	fli
fleecy	مثل پشم	flisi
fleet	ناوگان	flit
fleeting	تندپا	fliting
flesh	گوشت	flesh
fleshy	گوشتالو؛ گوشتی	fleshi
flex	منقبض کردن	fleks
flexibility	انعطاف‌پذیری	fleksabiliti
flexible	قابل تغییر؛ قابل انحناء	fleksabel
flick	تلنگر	flik
flickering	سوسوزن	flikering
flight	پرواز	flait
fling	جفتک پرانی	fling
flint	چخماق؛ سنگ فندک	flint
flirt	طناز؛ لاس زدن	flert
float	غوطهورساختن؛ غوطهدادن	flot
flock	رمه؛ غنم	flaak
flood	سیل؛ طوفان	flad
floor	کف، طبقه	flor
flooring	کف سازی	floring
flop	صدای چلپ؛ باصدای تلپ افتادن	flaap
floppy	مسخره وار	flaapi
flora	گیا؛ الهه گل	flora
florid	گلگون؛ سلیس وشیوا	florad
florida	فلوریدا	florada / florida
flour	آرد؛ آرد کردن	flauer / flaur
flourish	رونق گرفتن	flerish
flow	بده؛ جاری کردن	flo
flower	گل	flauer
flowering	گلدار؛ شکفتگی	flauering
flu	آنفولانزا	flu
fluctuating	مواج	flakchaweyting
fluctuation	نوسان	flakchueyshen
fluff	کرکدار شدن	flaf
fluffy	پرزدار	flafi
fluid	مایع	fluad / fluid
flung	پرت	flang
flurry	طوفان ناگهانی	fleri
flush	آبریز	flash
flute	مزمار؛ زماره	flut
fluttering	اهتزاز	flatering
fly	مگس؛ پرواز کردن	flai
flying	پرواز	flaiing
foal	خرک	fol
foam	کف کردن؛ جوش وخروش	fom
focus	تمرکز، تمرکز کردن	fokas / fokis
fodder	علوفه؛ علیق	faader
foe	عدو	fo
fog	میغ؛ مه گرفتن	faag / fog
foggy	میغی؛ مهآلود	faagi
foil	زرورق؛ عقیم گذاردن	foyl
fold	خم؛ چروک	fold
foliage	شاخ و برگ	folij / foliij
folk	قوم وخویش	fok
follicle	برگه	faalakel / faalikel
follow	دنبال کردن	faalo
follower	هواخواه؛ تابع	faaloer
following	زیر، بعدی	faaloing
folly	نابخردی؛ ابلهی	faali
fond	علاقه‌مند	faand
fondness	علاقه؛ خاتر خواهی	faandnas
food	غذا	fud
foodstuffs	موادغذایی	fudstafs
fool	احمق	ful
foolish	احمقانه؛ سفیه	fulish
foolishly	احمقانه؛ سفیهانه	fulishli
foolishness	حماقت؛ سفاهت	fulishnas
foot	پا	fut
footage	فیلم	futij
football	فوتبال	futbol
foothold	جاپا؛ جای ثابت	futhold
footing	جای پا	futing
footman	شاطر	futman
footprints	ردپا	futprints
footstep	جاپا؛ گام برداری	futstep
for	برای	for / fer
forage	پی علف گشتن	forij
forbid	ممنوع کردن	ferbid / fobid
forbidden	ممنوع؛ ممنوعه	forbidan / ferrbidan
force	نیرو؛ اجبار	fors
forceful	اجبارا	forsfel
forceps	انبر جراحی	forseps
forcible	موثر؛ عدوانی	forsabel
forcibly	عنفا؛ مجبوراً	forsabli
ford	فرد؛ گدار	ford
forearm	ارش؛ ساعد	foraarm
forecast	پیش‌بینی	forkast
forefathers	اجداد	forfaadherz
forefinger	سبابه؛ انگشت شهادت	forfingger
forefront	صف جلو	forfrant
foreground	پیشصحن	forgraund
forehead	پیشانی؛ منصه	forhed
foreign	خارجی	foran / faaran
foreigner	خارجی	foraner / faaraner
foreman	فورمن؛ سرکارگر	forman
foremost	جلوترین؛ دردرجه نخست	formost
forerunner	پیشرو؛ پیشگام	foraner
foreseeing	پیش اندیش	forsiing
foresight	ابصار؛ پیش اندیشی	forsait
forest	جنگل	forast / forist
forestry	جنگلداری؛ جنگلبانی	forastri
foretaste	آزمایش قبلی	forteyst
foretell	نبوت کردن؛ پیشگوئی کردن	fortel
forever	برای همیشه؛ الی الابد	ferever
forfeit	ضبط شده	forfit
forge	جعل کردن	forj
forger	جاعل؛ جعل کننده	forjer
forgery	جعل؛ سند سازی	forjeri
forget	فراموش کردن	ferget / forget
forgetful	فراموشکار؛ کم حافظه	forgetfel / fergetfel
forgive	آمرزیدن؛ عفو کردن	fergiv / forgiv
forgiven	آمرزیده	fergivan / forgivan
forgiveness	عفو؛ بخشش	fergivnas / forgivnas
fork	چنگال	fork
forlorn	مهجور؛ بی کس	ferlorn
form	فرم، تشکیل دادن	form
formal	رسمی	formel
formality	تکلف؛ رسمیت	formaliti
formally	رسما	formali
format	قالب	format
formation	شکل‌گیری	formeyshen
former	سابق؛ پیشین	former
formerly	قبلاً	formerli
formidable	سهمناک؛ ژیان	formadabel / formidabel
formula	فرمول	formyala
formulate	فرموله کردن	formyaleyt
fort	برج وبارو	fort
forth	رو به جلو	forth
forthcoming	قریب‌الوقوع	forthkaming
fortification	تقویت؛ حصار	fortafakeyshen
fortify	مستحکم کردن؛ سنگربندی کردن	fortifai
fortifying	مقوی	fortifaiing
fortitude	شهامت اخلاقی	fortitud
fortnight	دوهفته	fortnait
fortnightly	دو هفتگی	fortnaitli
fortress	قلعه؛ دژ	fortras
fortunate	خوش شانس	forchanat / forchunat
fortunately	خوشبختانه	forchanatli / forchunatli
fortune	طالع؛ فال	forchan / forchun
forty	چهل	forti
forum	انجمن	foram
forward	جلو	forwerd
forwards	به پیش	forwerdz
fossil	فسیل	faasel
foster	پرورش دادن	faaster
foul	ناجوانمردانه؛ چرک شدن	faul
foundation	بنیاد	faundeyshen
founder	بنیانگذار	faunder
founding	تشکیل دهنده	faunding
foundling	لقیط	faundling
foundry	چدن ریزی	faundri
fountain	چشمه	fauntan
four	چهار	for
fourteen	چهارده	fortin
fourth	چهارم	forth
fowl	پرنده	faul
fowler	شکارچی پرندگان	fauler
fox	روبه؛ روباه بازی کردن	faaks
fraction	کسر، بخش کوچک	frakshen
fracture	شکست؛ شکستگی	frakcher / fraksher
fragile	شکننده	frajel
fragility	تردی؛ زودشکنی	frajiliti
fragment	تکه	fragmant
fragmentary	ریز شده؛ جزء جزء	fragmanteri
fragrance	عطر؛ نکهت	freygrans
fragrant	معطر؛ خوشبو	freygrant
frail	پوشالی؛ بی بنیه	freyl
frailty	ضعف اخلاق	freylti
frame	شاسی؛ قاب کردن	freym
framework	چارچوب	freymwerk
france	فرانسه	frans
franchise	حق امتیاز	franchaiz
frank	فاش؛ فرانک	frangk
frankly	رک و راست	frangkli
frankness	رک گوئی	frangknas
frantic	دیوانه وار	frantik
frantically	دیوانه وار	frantakali / frantakli
fraternity	اخوت؛ مجمع اخوت	fraterniti
fraud	کلاهبرداری	frod
fraudulent	دغل؛ تقلبی	frojalant
freak	ناقصالخلقه	frik
free	آزاد کردن؛ آزاد، رایگان	fri
freedom	آزادی	fridam
freehold	مالکیت مطلق؛ ملک موروثی	frihold
freely	آزادانه	frili
freemason	فراماسون؛ فراماسیون	frimeysan
freemasonry	فراماسیونی	frimeysanri
freemen	آزادگان	frimen
freeze	یخبندان؛ منجمد کردن	friz
freight	گرانبار کردن؛ کرایه کشتی	freyt
french	فرانسوی؛ زبان فرانسه	french
frenzied	شوریده؛ شوریده حال	frenzid
frenzy	شوریدگی؛ شوریده کردن	frenzi
frequency	تناوب؛ بسامد	frikwansi
frequent	مکرر	frikwant / frikwent
frequently	اغلب؛ مکرراً	frikwantli / frikwentli
fresh	تازه	fresh
freshness	تازگی؛ شادابی	freshnas
fret	هایهو کردن؛ جور بجور کردن	fret
friction	مالش؛ اصطکاک	frikshen
friday	جمعه	fraidi / fraidey
fridge	یخچال	frij
fried	سرخ کرده	fraid / frid
friend	دوست	frend
friendliness	خوش مشربی	frendlinis / frenlinis
friendly	دوستانه	frendli / frenli
friendship	یاری؛ دوستی	frendship / frenship
frigate	فرقت	frigat
fright	رم دادن	frait
frighten	هراسانیدن؛ ترساندن	fraitan
frightening	ارعاب؛ وحشتناک	fraitaning / fraitning
frightful	وحشت انگیز	fraitfel
frigid	خنک	frijad
fringe	سجاف؛ چتر زلف	frinj
frivolity	سبکی؛ لوسی	fravaaliti
frivolous	سبکسر؛ بیهوده وبیمعنی	frivalas
frivolously	سبکسرانه	frivalasli
frock	فراک؛ لباس اسموکینگ	fraak
frog	قورباغه	fraag
frolic	ورجه ورجه کردن	fraalik
from	از	fram
front	جلو	frant
frontal	پیشانی؛ وابسته بجلو	frantel
frontier	مرز؛ سرحد	frantir
frost	شبنم؛ سرماریزه	frost
frown	اخم؛ اخم کردن	fraun
frozen	منجمد؛ منجمده	frozan
fruit	میوه	frut
fruitful	بارور؛ زاینده	frutfel
fruition	تمتع؛ کامرانی	fruishen
fruitless	بی بر؛ بی میوه	frutlas
frustrate	هیچ کردن؛ ناامید کردن	frastreyt
frustrated	ناامید	frastreytad
frustrating	مایوس کننده	frastreyting
frustration	ناامیدی	frastreyshen
fuel	سوخت؛ سوختی	fyuel / fyul
fugitive	گریخته؛ فراری	fyujativ / fyujitiv
fugue	نوعی آلت	fyug
fulfil	برآورده کردن	fulfil
fulfill	تکمیل کردن؛ رفع نیاز کردن	fulfil
fulfillment	انجام؛ ایفاء	fulfilmant
full	پر	ful
fullness	پری؛ سیری	fulnas
full-time	تمام وقت	fultaim
fully	مفصل؛ تماما	fuli
fumbling	کورمالی	fambaling / fambling
fun	سرگرم کننده؛ سرگرمی	fan
function	وظایفه؛ کار افتادن	fangkshen
functional	کاربردی	fangkshenel
fund	تهیه وجه کردن	fand
fundamental	اساسی؛ سازمانی	fandamentel / fandamenel
fundamentally	اساساً	fandamentali / fandamenali
fundraising	جمع‌آوری کمک مالی	fandreysing
funeral	مراسم خاکسپاری	fyunerel
funnel	قیف؛ قیفی شکل	fanel
funny	خنده‌دار	fani
fur	پوست؛ خز	fer
furious	خشمگین	fyurias
furnace	تون؛ تنور	fernas
furnish	تهیه کردن؛ دارای اثاثه کردن	fernish
furniture	مبلمان	fernicher
furrow	شیار کردن؛ شیار زدن	fero
furry	خزدار؛ خزپوش	feri
further	بیشتر	ferdher
furthermore	وانگهی؛ دیگراینکه	ferdhermor
furtive	زیر جلی	fertiv
fury	غضب؛ سوداء	fyuri
fuse	فتیله؛ گداختن	fyuz
fusillade	شلیک متوالی	fyusileyd
fusion	ذوب؛ گداز	fyuzhen
fuss	هیاهو؛ ولوله	fas
futile	بیهوده؛ باطل	fyutel
futility	عبثی؛ بیهودگی	fyutiliti
future	آینده	fyucher
gag	شیرین کاری	gag
gain	انتفاع؛ جلب کردن	geyn
gait	مشی؛ گام برداشتن	geyt
galaxy	کهکشان	galaksi
gall	زرد آب	gol
gallant	زن باز؛ دلاوری کردن	galant
gallantry	زن نوازی	galantri
gallery	گالری	galeri
galley	رانکا؛ رامکا	gali
gallon	گالن	galan
gallop	تاخت؛ چهارنعل	galap
gallows	دار؛ صلابه	galoz
gamble	قمار کردن؛ قماربازی کردن	gambel
gambler	قمارباز؛ مهرهباز	gambler
gambling	قمار	gambaling / gambling
game	بازی	geym
gaming	بازی	geyming
gang	گام برداری	gang
ganglion	غده لنفاوی	ganggliaan
gangrene	قانقاریا	gangrin
gap	شکاف	gap
garage	گاراژ؛ در گاراژ گذاردن	geraazh
garb	طرز رفتار؛ لباس پوشانیدن	gaarb
garden	باغ	gaardan
gardener	باغبان	gaardaner
gardening	باغبانی؛ سبزیکاری	gaardaning / gaardning
garlic	سیر	gaarlik
garment	جامه؛ ملبوس	gaarmant
garrison	ساخلو؛ پادگان	garisan
garter	بند زدن	gaarter
gas	گاز	gas
gascon	گاسگن؛ لاف زن	gaskan
gaseous	گازدار؛ گازی	gasias
gash	شکافدار کردن؛ مقاربت جنسی	gash
gaslight	گاز سوز؛ شعله گاز	gaslait
gasoline	بنزین؛ گازولین	gasalin
gasp	نفس بریده	gasp
gastric	معدی	gastrik
gate	دروازه	geyt
gateway	مدخل	geytwey
gather	اجتماع کردن؛ انجمن کردن	gadher
gathering	گردهمایی	gadhering
gauge	اندازهگیر	geyj
gaunt	زننده ساختن	gont
gauze	گاز؛ تنزیب	goz
gay	همجنس‌گرا	gey
gaze	خیره شدن	geyz
gazette	مجله رسمی	gazet
gear	دنده، تجهیزات	gir
gelatin	ژلاتین؛ سریشم	jelatan
gelatinous	ژلاتینی	jalatanas
gem	جواهر نشان کردن؛ سنگ گران بها	jem
gender	جنسیت	jender
gene	ژن	jin
general	عمومی	jenerel / jenrel
generalization	تعمیم	jeneralizeyshen / jenralizeyshen
generally	عموما؛ معمولا	jenerali / jenrali
generation	تولید؛ زاد	jenereyshen
generative	تولیدی؛ نسلی	jenerativ
generic	عمومی	janerik
generosity	کرم؛ مروت	jeneraasiti
generous	کرام؛ کریم	jeneras
generously	سخاوتمندانه؛ بی دریغ	jenerasli
genesis	تکوین؛ طرز تشکیل	jenasas
genetic	ژنتیکی	janetik
geneva	ژنو	janiva
genial	خوش دهن	jinyel
geniality	خوش معاشرتی	jinialiti
genius	نابغه	jinyas
genocide	نسل‌کشی	jenasaid
gentile	غیر کلیمی	jentail
gentle	نرم؛ معتدل	jentel / jenel
gentleman	جنتلمن؛ سمیو	jentalman / jenalman
gentlemanly	آقامنشانه؛ آقامنش	jentalmanli / jenalmanli
gentleness	ملایمت؛ نرمی	jentalnas / jenalnas
gentlewoman	زن نجیب؛ زن باتربیت	jentalwuman / jenalwuman
gently	بارامی؛ نرم نرم	jentli
genuine	واقعی	jenyawan / jenyuwain
genuinely	واقعاًً	jenyawanli / jenyuwainli
genus	سرده	jinas
geographical	جغرافیایی	jiagrafikel
geography	جغرافیا	jiaagrafi
geology	زمینشناسی؛ معرفت الارظ	jiaalaji
geometric	هندسی	jiametrik
geometry	هندسه	jiaamatri
georgia	گرجستان	jorja
georgian	گرجی؛ گرجستانی	jorjan
germ	میکرب؛ جرثومه	jerm
german	آلمانی؛ زبان آلمانی	jerman
germanic	آلمانی؛ ژرمنی	jermanik
germany	آلمان	jermani
germination	جوانه زنی؛ جوانه زایی	jermaneyshen
gesture	اشاره	jescher
get	گرفتن	get / git
ghost	روح؛ شبح	gost
giant	غول؛ نرهغول	jaiant
gibe	طنز گفتن؛ باطعنه استهزاء کردن	jaib
gift	هدیه	gift
gifted	خدا داده	giftad / giftid
gig	کنسرت	gig
gigantic	غول پیکر	jaigantik / jaiganik
gilt	مطلا	gilt
gimlet	گردبر؛ سوراخ کننده	gimlet
gin	جینی؛ جین	jin
ginger	زنجبیل	jinjer
gird	ضربه شدید؛ کمربند بستن	gerd
girl	دختر	gerl
girlfriend	دوست دختر	gerlfrend
girlish	دختروار	gerlish
girth	ابعاد؛ قطر شکم	gerth
gist	نکته مهم؛ لب کلام	jist
give	دادن	giv
glad	خوشحال	glad
gladly	بخشنودی	gladli
glamour	آب وتاب	glamer
glance	نگاه اجمالی	glans
gland	غده؛ دشبل	gland
glandular	غدهای	glanjaler
glare	درخشندگی زیاد	gler
glass	شیشه، لیوان	glas
glassy	زجاجی	glasi
glazed	لعابی؛ لعابدار	gleyzd
gleam	نور ضعیف؛ پرتو آنی	glim
glide	نرم رفتن؛ آسان رفتن	glaid
glimmer	سوسو زدن؛ نور کم	glimer
glimpse	نگاه کوتاه	glimps
glint	ظهور آنی	glint
glitter	سوسو؛ تلالو	gliter
global	جهانی	globel
globalization	جهانی‌سازی	globalizeyshen
globe	کره زمین	glob
globular	گلبولوار؛ گوی مانند	glaabyaler
gloom	عبوس بودن	glum
gloomy	تیره؛ گرفته	glumi
glorify	تکریم کردن؛ تجلیل کردن	glorafai
glorious	باشکوه	glorias
glory	شکوه	glori
gloss	جلوه ظاهر	glos
glossy	لعابی؛ لعابدار	glosi
glottis	چاکنای	glaatas
glove	دستکش	glav
glow	تابیدن؛ تافتن	glo
glued	چسباننده	glud
gluttony	پر خوری؛ شکم پرستی	glatani
go	رفتن	go
goading	سک	goding
goal	هدف	gol
goalkeeper	گلر	golkiper
goat	بز؛ بزغاله	got
gobble	لپ لپ خوردن	gaabel
god	خدا	gaad
goddess	الهه؛ دارگونه	gaadas
godfather	پدر تعمیدی؛ نام گذاردن بر	gaadfaadher
godly	خداشناس؛ الاهی	gaadli
godmother	مادر خوانده	gaadmadher
gold	طلا، طلایی	gold
golden	طلایی	goldan
golf	گلف	gaalf / golf
goliath	جالوت؛ جلیات	galaiath
good	خوب؛ خوبی، نیکی	gud / gid
goodbye	خداحافظ	gudbai
goodness	خوبی	gudnas / gudnis
goodwill	سر قفلی	gudwil
goose	غاز؛ هیس	gus
gorge	پر خوردن؛ زیاد تپاندن	gorj
gorgeous	باشکوه	gorjas
gorilla	گوریل	gerila
gory	لختهشده؛ جنایت آمیز	gori
gospel	مژده نیکو	gaaspel / gospel
gossamer	بند شیطان؛ لعاب خورشید	gaasamer
gossip	نمام؛ اراجیف	gaasap
gothic	زبانگوتیک	gaathik
gouge	مغار؛ اسکنه جراحی	gauj
gout	نقرسی؛ نقرس	gaut
govern	حکومت کردن؛ فرمانداری کردن	gavern
governance	حاکمیت	gavernans
governess	مدیره؛ زنحاکم	gavernas
government	دولت	gavermant / gavernmant
governmental	دولتی؛ حکومتی	gavermentel / gavernmentel
governor	استاندار	gaverner
gown	خرقه؛ لباس شب	gaun
grab	چنگ انداختن؛ بچنگال گرفتن	grab
grace	ظرافت	greys
graceful	ظریف؛ عاطر	greysfel
gracious	توفیق دهنده؛ فیض بخش	greyshas
grade	پایه؛ نمره	greyd
gradual	تدریجی	grajuel
gradually	بمرور؛ متدرجا	grajuali / grajuli
graduate	آموخته؛ مدرج کردن	grajawat / grajaweyt
graft	اختلاس؛ پیوند کردن	graft
grafted	پیوندی	graftid
grain	دان؛ دانه	greyn
gram	گرم	gram
grammar	دستور؛ گرامر	gramer
grammatical	دستوری؛ صرفی	gramatakel / gramatikel
grandchildren	احفاد	granchildran / grandchildran
grandeur	شکوه؛ جلال	grandur
grandfather	پدربزرگ	grandfaadher / granfaadher
grandiloquent	گزاف گوی	grandilakwant
grandmother	مادربزرگ	grandmadher
grandparent	پدربزرگ/مادربزرگ	grandperant
grandson	پسر دختر؛ پسر پسر	grandsan
granite	خارا؛ گرانیت	granat / granit
grant	عطا؛ اعطاء	grant
granular	دانهدار؛ دانه ای	granyaler
grapes	انگور؛ عنب	greyps
graph	نمودار؛ گراف	graf
graphic	گرافیکی	grafik
graphics	گرافیک	grafiks
grasp	گرفتن، درک کردن	grasp
grass	چمن	gras
grassland	علفزار؛ سبزه زار	grasland
grassy	پرچمن؛ علفی	grasi
grate	کبیر؛ کبیره	greyt
grateful	ممنون؛ شکور	greytfel
gratification	سر بلندی	gratafakeyshen
gratify	مفتخر کردن؛ بوجد آوردن	gratafai
grating	گوشت ریز	greyting
gratitude	سپاسگزاری؛ شکران	gratatud
grave	قبر، جدی	greyv
gravel	شن؛ ریگ	gravel
gravitation	قوه جاذبه	graviteyshen
gravity	جاذبه	graviti
gray	خاکستری رنگ	grey
graze	چریدن؛ چرا کردن	greyz
grease	روغن؛ مداهنه	gris
greasy	چرب؛ روغنی	grisi
great	عالی، بزرگ	greyt
greatly	بسیار	greytli
greatness	بزرگی؛ شهامت	greytnas
greece	یونان؛ کشور یونان	gris
greed	حرص؛ طمع	grid
greedily	حریصانه	gridali
greedy	پولکی؛ حریصانه	gridi
greek	یونانی	grik
green	سبز	grin
greenhouse	گلخانه	grinhaus
greet	سلام کردن	grit
greeting	تهنیت؛ درود	griting
grenade	نارنجک	graneyd
grey	خاکستری	grey
grid	شبکه	grid
grief	اندوه	grif
grievance	تظلم	grivans
grieve	محزون کردن؛ غصه دادن	griv
grievous	اندوه آورد	grivas
grim	عبوس؛ عبوسانه	grim
grimace	شکلک	grimas
grime	رجاست؛ چرک سیاه کردن	graim
grimly	عبوسانه	grimli
grin	نیشخند	grin
grind	آسیاب کردن	graind
grinder	کوبنده؛ لهکننده	grainder
grip	چنگ زدن	grip
grist	گندمآسیابی؛ جو آسیابی	grist
grit	ماسه سنگ	grit
gritty	شن دار؛ ریگ دار	griti
groaning	فغان	groning
grocer	عطار؛ بقال	groser
grocery	خواربار	groseri / grosri
groin	دوطاقه کردن؛ بیخ ران	groyn
groom	داماد؛ چاروادار	grum
groove	شیار؛ خط انداختن	gruv
groping	کورمالی	groping
gross	ناخالص	gros
ground	زمین	graund
groundless	واهی؛ بی اساس	graundlas
group	گروه	grup
grove	بیشه؛ شاخسار	grov
grow	رشد کردن	gro
growl	خرخر کردن	graul
growth	رشد	groth
grudge	کینه؛ غرض	graj
gruesome	وحشت آور؛ نفرت انگیز	grusam
grumble	غر؛ ژکیدن	grambel
grumpy	بد خلق؛ بد خو	grampi
guarantee	التزام؛ ضمانت	geranti
guard	گارد؛ نگهبان	gaard
guardian	سرپرست؛ متکفل	gaardian
guardianship	سرپرستی؛ قیمومیت	gaardianship
guerrilla	چریک	gerila
guess	حدس زدن، حدس	ges
guest	مهمان	gest
guffaw	خنده بلند؛ قاه قاه	gafo
guidance	راهنمایی	gaidans
guide	راهنما، راهنمایی کردن	gaid
guideline	دستورالعمل	gaidlain
guild	سنخ؛ صنف	gild
guile	تلبیس	gail
guilt	احساس گناه	gilt
guilty	مرتکب؛ مقصر	gilti
guinea	گینه؛ مرغ شاخدار	gini
guise	لباس مبدل	gaiz
guitar	گیتار	gitaar
gulf	خلیج	galf
gullet	مری	galat
gully	آبکند؛ دره کوچک	gali
gulp	غورت؛ جرعه	galp
gum	صمغ؛ چسب	gam
gun	اسلحه	gan
gunner	توپچی؛ تیر انداز	ganer
gunpowder	باروت	ganpauder
gunshot	تیر رس؛ زخم گلوله	ganshaat
gurgle	غلغل؛ شرشر	gergel
gust	باد ناگهانی؛ بادتند وشدید	gast
gut	روده، شهود	gat
gutter	آبگند؛ آب رو	gater
guttural	حلقی؛ گلوئی	gaterel
guy	مرد	gai
gym	باشگاه ورزشی	jim
gymnastics	ژیمناستیک	jimnastiks
gypsy	کولی؛ غربتی	jipsi
habit	عادت	habat
habitat	زیستگاه	habatat
habitual	عادتی	habichuel
habitually	عادتا	habichuali / habichuli
hack	نویسنده مزدور؛ درشکه کرایه	hak
hail	تگرگ، استقبال کردن	heyl
hair	مو	her
hairless	بیمو؛ کم مو	herlas
hairy	مویی؛ مودار	heri
half	نصف	haf
halfway	در نیمه راه	hafwey
hall	سالن	hol
halo	هاله؛ هآاله بستن	heylo
halt	توقف، متوقف کردن	holt
ham	ژامبون؛ گوشت ران	ham
hammer	چکش؛ پتک	hamer
hamper	بی نتیجه کردن	hamper
hand	دست	hand
handful	مشت	handful
handicap	فلج؛ معلول	handikap
handicapped	فلج	handikapt
handicraft	هنردستی؛ دستورزی	handikraft
handiwork	کاردستی	handiwerk
handkerchief	دستمال	hangkerchif
handle	دسته؛ ادارهکردن	handel
handling	رسیدگی	handling / handaling
handsome	خوبرو؛ جمیل	hansam
handwriting	خط؛ دستخط	handraiting
handy	مفید، دستی	handi
hang	آویختن؛ دار زدن	hang
hanover	هانوور	hanover
happen	اتفاق افتادن	hapan
happily	با خوشحالی	hapali
happiness	خوشبختی؛ شادی	hapinas
happy	خوشحال	hapi
harassment	آزار و اذیت	herasmant
harbor	بندرگاه؛ لنگرگاه	haarber
harbour	بندر	haarber
hard	سخت	haard
hardening	تصلب	haardaning / haardning
hardly	به‌سختی؛ تقریباً نه	haardli
hardness	سختی؛ صلابت	haardnas
hardship	مصیبت؛ تنگی	haardship
hardware	سخت‌افزار	haardwer
hare	خرگوش؛ دراز گوش	her
harm	آزار؛ آسیب	haarm
harmful	موذیانه؛ مضر	haarmfel
harmless	بیگزند؛ بی آزار	haarmlas
harmonious	همساز	haarmonias
harmonium	گارمن	haarmoniam
harmonize	موافق کردن؛ متناسب بودن	haarmanaiz
harmony	هماهنگی	haarmani
harness	دهنه؛ تارکش	haarnas / haarnis
harp	بربط	haarp
harper	چنگزن	haarper
harsh	خشن	haarsh
harvard	هاروارد	haarverd
harvest	برداشت	haarvast
haste	شتاب؛ عجله	heyst
hasten	شتاباندن	heysan
hastily	باشتاب؛ شتابان	heystali
hasty	تند؛ عجول	heysti
hat	کلاه	hat
hatchet	تیشه؛ تبرزین	hachat
hate	متنفر بودن	heyt
hateful	کینه آمیز؛ تنفر آور	heytfel
hatred	نفرت	heytrad
haughty	متکبرانه؛ مستکبر	hoti
haunt	تسخیر کردن	hont
have	داشتن؛ داشتن (فعل کمکی)	hav
have to	مجبور بودن (فعل کمکی)	hav tu / ti
hawaii	هاوایی	hawaii
hawk	جار؛ بابازشکار کردن	hok
hay	یونجه؛ علف خشک	hey
hazard	خطر	hazerd
hazardous	خطرناک؛ پرخطر	hazerdas
haze	مغموم بودن؛ مه کم	heyz
he	او (مرد)	hi
head	سر	hed
headache	سردرد	hedeyk
headdress	آرایش سر؛ آرایش مو	hedres
header	سرساز؛ درساز	heder
headline	سرصفحه	hedlain
headlong	سربجلو؛ شیرجه رونده	hedlong
headquarters	ستاد مرکزی	hedkworterz / hedkorterz
headstrong	خودسر؛ مطلق العنان	hedstrong
heal	التیام یافتن	hil
healing	بهبود؛ التیام	hiling
health	سلامتی	helth
healthcare	مراقبت‌های بهداشتی	helthker
healthy	سالم	helthi
heap	توده؛ خرمن	hip
hear	شنیدن	hir
hearer	شنونده؛ سمیع	hirer
hearing	محاکمه؛ سمع	hiring
heart	قلب	haart
heartfelt	قلبی	haartfelt
hearth	کوره کشتی؛ کف منقل	haarth
heartily	از ته دل	haartali
heartless	بی عشق	haartlas
hearty	جانانه	haarti
heat	گرما، گرم کردن	hit
heath	تیغستان	hith
heave	غلپیدن	hiv
heaven	بهشت	hevan
heavenly	آسمانی؛ سماوی	hevanli
heavily	به شدت	hevali
heavy	سنگین	hevi
hebrew	یهودی؛ عبری	hibru
hectare	هکتار	hektaar
hedge	چپر؛ خاربست	hej
heed	رعایت؛ توجه کردن	hid
heel	پاشنه؛ پاشنه پا	hil
height	ارتفاع	hait
heighten	تشدید کردن	haitan
heir	وارث؛ ارث بر	er
heiress	وارثه	eras
helena	هلنا	helana
helicopter	هلیکوپتر	helikaapter
hell	درک؛ دوزخ	hel
hellish	جهنمی	helish
hello	سلام	halo / helo
helm	سکان؛ اهرم سکان	helm
helmet	کلاه ایمنی	helmat
help	کمک، کمک کردن	help
helper	یاور؛ نصیر	helper
helpful	مفید	helpfel
helpless	عاجز؛ ناگزیر	helplas
helplessness	ناچاری؛ درماندگی	helplasnas
hem	لبه؛ کناره دار کردن	hem
hemisphere	نیمکره؛ نیم گوی	hemisfir
hen	مرغ؛ مرغ خانگی	hen
hence	بنابراین	hens
henceforth	منبعه؛ زین سپس	hensforth
hepatic	کبدی	hapatik
her	او (مفعول)، مال او (وابسته)	her
herald	جارچی	herald
herb	گیاه	erb / herb
hercules	هرکول	herkyaliz
herd	گله؛ رمه	herd
here	اینجا	hir
hereby	بدینوسیله	hirbai
hereditary	ارثی؛ مادرزادی	heredateri
heresy	ارتداد؛ الحاد	herasi
heritage	میراث	herataj / heritij
hermit	منزوی؛ کهبد	hermat
hernia	باد فتق	hernia
hero	قهرمان	hiro
heroic	حماسی؛ پهلوانانه	hiroik
heroically	پهلوانانه	hiroikli
heroine	شیرزن	heroan
heroism	گردی	heroizam
hers	مال او (زن)	herz
herself	خودش (زن)	herself
hesitate	تامل کردن؛ تردد کردن	hezateyt
hesitation	تامل؛ درنگ	hezateyshen
hew	شقه	hyu
hey	هی	hey
hi	سلام	hai
hidden	پنهان	hidan
hide	پنهان کردن	haid
hierarchy	سلسله مراتب	haieraarki / hairaarki
hieroglyph	هیروگلیف	hairoglif
high	بالا؛ بالا، بلند	hai
highness	جناب؛ والاحضرت	hainas
high-profile	برجسته	haiprofail
highway	بزرگراه	haiwey
hilarious	خنده‌دار	hilerias
hill	تپه	hil
hillock	گریوه؛ هذلول	hilak
hillside	دامنه کوه؛ سرازیری تپه	hilsaid
him	او (مفعول)	him / im
himself	خودش (مرد)	himself
hinder	عقبی؛ موخر	hinder
hindrance	عایق؛ بازماندگی	hindrans
hinge	لولا؛ منوط بودن	hinj
hint	اشاره، اشاره کردن	hint
hip	باسن	hip
hire	کرایه کردن؛ مزدور کردن	haier / hair
his	مال او (مرد)	hiz
histology	بافت شناسی	histaalaji
historian	تاریخ‌دان	historian
historic	تاریخی	historik
history	تاریخ	histeri / histri
hit	ضربه زدن، ضربه	hit
hither	به اینجا	hidher
hitherto	تاکنون؛ تابحال	hidhertu
hive	مرکز تجمع	haiv
hives	کهیر	haivz
hoard	احتکار کردن	hord
hoax	حقه بازی کردن	hoks
hobby	سرگرمی	haabi
hockey	هاکی	haaki
hold	نگه داشتن	hold
holder	حامل؛ دارنده	holder
hole	سوراخ	hol
holiday	تعطیلات	haaladey / haalidey
holiness	تقدس؛ لقب پاپ	holinas
holland	هلند	haaland
hollow	تهی؛ پوچ	haalo
holy	مقدس؛ مطهر	holi
home	خانه؛ در خانه	hom
homeland	میهن	homland
homeless	بی‌خانمان	homlas
homely	مثل خانه؛ فاقد جمال	homli
homestead	مزرعه رعیتی	homsted
homeward	به‌طرف خانه	homwerd
homework	تکالیف	homwerk
homogeneous	متجانس؛ همجنس	homajinias
homosexual	کونی؛ همجنسباز	homosekshawel
honest	منصف؛ امین	aanast
honestly	درستکارانه	aanastli / aanasli
honesty	صداقت	aanasti
honey	عسل؛ شهد	hani
honeymoon	ماهعسل؛ ماه عسل رفتن	hanimun
honor	افتخار؛ احترام	aaner
honorable	گرامی؛ شریف	aanerabel
hood	کاپوت؛ باشلق	hud
hooded	کروک دار	hudid
hoof	سنب؛ باسم زدن	huf
hook	قلاب؛ قلاب کردن	huk
hooker	جیب بر؛ قلاب انداز	huker
hop	رازک؛ لی لی کردن	haap
hope	امید؛ امید، امیدوار بودن	hop
hopeful	امیدوار	hopfel
hopefully	امیدوارانه	hopfali
hopeless	نومید؛ ناامید	hoplas
hopelessly	نومیدانه	hoplasli
hopelessness	نومیدی؛ لاعلاجی	hoplasnas
horde	گروه ترکان؛ گروه بیشمار	hord
horizon	افق	heraizan
horizontal	ترازی؛ افقی	horazaantel
horn	شاخ، بوق	horn
horned	شاخدار؛ شاخی	hornd
horny	شهوتی	horni
horrible	وحشتناک؛ موحش	horabel
horrid	نفرت انگیز	horad
horrify	بهراس انداختن؛ به بیم انداختن	horafai
horror	مورمور؛ دهشت	horer
horse	اسب	hors
horseman	سوار کار؛ سواره نظام	horsman
hospitable	غریب نواز؛ مهمان نوازانه	haaspitabel
hospital	بیمارستان	haaspitel
hospitality	غریب پروری؛ غریب نوازی	haaspataliti
host	میزبان؛ مهمان دار	host
hostage	گروگان	haastij
hostel	پانسیون	haastel
hostess	میزبان؛ زن مهماندار	hostas
hostile	خصمانه	haastel / haastail
hostility	خصومت	haastiliti
hot	داغ، گرم	haat
hotel	هتل	hotel
hotly	باگرمی؛ به‌طور گرم	haatli
hound	تازی؛ پاپی شدن	haund
hour	ساعت	auer / aur
house	خانه	haus
household	کوچ؛ خاندان	haushold
housekeeping	خانه داری؛ اداره منزل	hauskiping
housewife	کدبانو؛ سوزن دان	hauswaif
how	چگونه	hau
however	با این حال	hauever
howl	زوزه؛ زوزهکشیدن	haul
hug	بغل کردن؛ در آغوش گرفتن	hag
huge	عظیم	hyuj / yuj
hull	تنه کشتی؛ لاشه کشتی	hel
hum	زرزر؛ زمزمه کردن	ham
human	انسان، انسانی	hyuman / yuman
humane	انسانی؛ بامروت	hyumeyn
humanitarian	بشردوستانه	hyumanaterian / yumanaterian
humanity	انسانیت	hyumaniti / yumaniti
humble	فروتن	hambel
humid	نمناک؛ مرطوب	hyumad / hyumid
humidity	رطوبت؛ نمداری	hyumiditi
humiliate	تحقیر کردن؛ حقیر کردن	hyumilieyt
humiliating	تحقیر آمیز	hyumilieyting
humiliation	تحقیر؛ انفعال	hyumilieyshen
humility	افتادگی؛ تواضع	hyumiliti
humming	وزوز	haming
humor	لطیفه؛ خلط	hyumer
humorist	لطیفهگو؛ فکاهی نویس	hyumerast / hyumerist
humorous	ظریف؛ فکاهی	hyumeras
humorously	بشوخی	hyumerasli
hump	قوز؛ کوهان	hamp
hunchback	گوژپشت؛ قوز پشت	hanchbak
hundred	صد	handrad / handrid
hundredth	صدم؛ یک صدم	handradth
hung	آویخته	hang
hungarian	مجار؛ مجاری	hanggerian
hungary	مجارستان؛ هونگاری	hanggeri
hunger	گرسنگی	hangger
hungry	گرسنه	hanggri
hunt	شکار؛ نخجیر	hant
hunter	شکارچی؛ صیاد	hanter
hunting	شکار؛ صید	hanting
huntsman	شکار باز؛ شکار گردان	hantsman
hurled	پرتابه	herld
hurling	پرتاب	herling
hurrah	هورا؛ مرحبا	huraa
hurricane	توفان؛ تندباد	herakeyn / harakeynz
hurriedly	سراسیمه؛ عجولانه	heridli
hurry	عجله؛ شتابزدگی	heri
hurt	آسیب زدن، آسیب‌دیده	hert
husband	شوهر	hazband
hush	مخفی نگاهداشتن	hash
hut	کلبه؛ زاغه	hat
hydra	مار آبی	haidra
hydrate	هیدارت	haidreyt
hydraulic	هیدرولیک	haidrolik
hydrogen	هیدروژن	haidrajan
hymn	سرودروحانی؛ سرود خواندن	him
hypersensitive	خیلی حساس	haipersensitiv
hypochondria	مراق	haipakaandria
hypocrisy	زرق؛ نفاق	hipaakrasi
hypocrite	ریاکار؛ سالوس	hipakrit
hypodermic	زیرپوستی؛ تحت الجلدی	haipadermik
hypothesis	فرضیه	haipaathasas
hypothetical	فرضی؛ نهشتی	haipathetakel / haipathetikel
i	من	ai
ice	یخ	ais
ice cream	بستنی	ais krim
icon	نماد	aikaan
icy	یخی؛ یخمانند	aisi
id	شناسنامه	id / aidi
idea	ایده	aidia
ideal	ایده‌آل	aidil
identical	یکسان	aidentikel
identification	شناسایی	aidentafakeyshen
identify	شناسایی کردن	aidentafai
identity	هویت؛ مشابهت	aidentiti
ideological	ایدئولوژیک	aidialaajikel
ideology	ایدئولوژی	aidiaalaji
idiocy	ابلهی؛ سبک مغزی	idiasi
idiosyncrasy	طبیعت ویژه؛ خصوصیات اخلاقی	idiosinkrasi
idiot	احمق	idiat
idiotic	ابلهانه	idiaatik
idle	تنبل؛ عاطل	aidel
idleness	تنبلی؛ بیکاری	aidalnas
idler	بیکاره؛ چرخ دلاله	aidaler / aidler
idol	بت؛ صنم	aidel
idolatry	بت پرستی	aidaalatri
if	اگر	if
ignoble	ناکس؛ نا اصل	ignobel
ignominious	ننگ آور	ignaminias
ignorance	نادانی	ignerans
ignorant	نادان؛ جاهل	ignerant
ignore	بیاعتنایی کردن؛ ندیده گرفتن	ignor
ill	بیمار	il
illegal	خلاف؛ حرام	iligel
illegitimate	نامشروع؛ غیر مشروع	ilijitamit
illicit	نا مشروع؛ مخالف مقررات	ilisat
illinois	ایلینوی	ilanoy / ilanoyz
illiteracy	نادانی؛ بیسوادی	iliterasi
illiterate	نادان؛ عامی	iliterat
illness	بیماری	ilnas
illogical	غیرمعقول؛ بی منطق	ilaajikel
illuminate	روشنکردن؛ درخشانساختن	iluminit
illumination	تنویر؛ تذهیب	ilumaneyshen
illusion	توهم	iluzhen
illusory	غیر واقعی	iluseri
illustrate	مصور کردن؛ بامثال روشنساختن	ilastreyt
illustration	تصویرسازی؛ تصویر؛ مثال	ilastreyshen
image	تصویر	imaj / imij
imagery	تصاویر ذهنی	imajri / imijri
imaginary	انگاری؛ خیالی	imajaneri
imagination	خیال؛ تصور	imajaneyshen
imaginative	متخیله؛ متخیل	imajanativ
imagine	تصور کردن	imajan
imbecile	سبک مغز؛ کند ذهن	imbasel / imbasail
imitate	تقلید کردن؛ متاسی شدن	imateyt
imitation	ادا؛ تقلید	imateyshen
immaculate	خالص	imakyulit
immature	غیربالغ؛ نارسیده	imatyur
immeasurable	بی اندازه؛ بی قیاس	imezherabel
immediate	فوری؛ عاجل	imidiat
immediately	بلافاصله	imidiatli
immense	عظیم	imens
immersion	غوطهوری	imerzhen
immigrant	کوچ نشین	imagrant
immigration	مهاجرت	imagreyshen
imminence	مشرف بودن	imanans
imminent	قریب الوقوع	imanant
immobile	غیر متحرک؛ جنبش ناپذیر	imobel / imobail
immobility	سکون؛ بی جنبشی	imobiliti
immoral	بدسیرت؛ بی سیرت	imorel
immortal	ابدی؛ جاوید	imortel
immortality	جاودانی؛ مرگ ناپذیری	imortaliti
immovable	استوار؛ غیر منقول	imuvabel
immune	مصون	imyun
immunity	ایمنی؛ مصونیت	imyuniti
imp	مرد جوان	imp
impact	تماس؛ اثابت	impakt
impair	معیوب کردن؛ زیان رساندن	imper
impairment	خرابی	impermant
impart	بهرهمند ساختن	impaart
impartial	بی غرض؛ حق گو	impaarshel
impartiality	بی نظری	impaarshialiti
impartially	بیطرفانه؛ بیغرضانه	impaarshali
impassable	بی گدار؛ نا گذرا	impasabel
impassioned	بسیار غیور	impashend
impassive	پوست کلفت	impasiv
impatience	ناصبور؛ ناصبوری	impeyshens
impatient	عجول؛ ناصبور	impeyshent
impeachment	استیضاح؛ اعلام جرم	impichmant
impediment	رادع	impedamant
impel	مجبور ساختن؛ بر آن داشتن	impel
impenetrable	سوراخ نشدنی؛ نفوذ ناپذیر	impenatrabel
imperative	امری	imperativ
imperceptible	نفهمیدنی؛ نامحسوس	imperseptibel
imperial	سلطنتی؛ همایون	impiriel
imperialism	امپریالیسم؛ استعمار طلبی	impirializam
imperialistic	استعمار گرای؛ بهره جویانه	impirialistik
imperious	اماره	impirias
impersonal	غیرشخصی؛ بی فاعل	impersanel
impersonate	جعل هویت کردن	impersaneyt
impetus	نیروی جنبش	impatas
impious	بدآئین؛ بی دین	impaias
implantation	جایگیری	implanteyshen
implanted	مرکوز	implantid
implement	اجرا کردن	implamant
implementation	پیاده‌سازی	implamenteyshen
implicate	بهم پیچیدن	implikeyt
implication	پیامد	implakeyshen
implicit	ضمنی؛ تلویحی	implisat
implicitly	ضمنا؛ تلویحاً	implisatli
implore	التماس کردنبه؛ استغاثه کردناز	implor
imply	معنی دادن؛ معنی بخشیدن	implai
impolite	پررو؛ بی ادب	impalait
import	ورود؛ بهکشور آوردن	import
importance	اعتبار؛ اهمیت	importans
important	مهم	important
impose	وارد کردن؛ تکلیف کردن	impoz
impossibility	کار نشدنی؛ عدم امکان	imposibiliti
impossible	غیر ممکن	impaasabel
impostor	عیار؛ طرار	imposter
impotence	عنن؛ ضعف جنسی	impatans
impotent	عنین؛ اکار	impatant
impoverished	فقیرنشین	impaavrisht
impracticable	غیر عملی	impraktikabel
impress	تأثیر کردن؛ در ذهن جاگیر کردن	impres
impression	طبع؛ تأثیر	impreshen
impressionable	اثر پذیر؛ دهن بین	impreshenabel
impressive	برانگیزنده احساسات	impresiv
impressment	اثر گذاری	impresmant
imprison	زندانی کردن	imprizan
imprisonment	حبس	imprizanmant
improbable	بعید؛ مستبعد	impraababel
improper	ناشایسته؛ ناسره	impraaper
impropriety	ناشایستگی؛ زیبندهنبودن	imprapraiati
improve	بهبود بخشیدن	impruv
improvement	ترقی؛ بهبودی	impruvmant
improvised	بالبداهه؛ فی البدیهه	impravaizd
imprudence	بی تدبیری؛ بی مبالاتی	imprudans
imprudent	بی تدبیر	imprudant
impulse	محرک آنی	impals
impulsive	بلهوس	impalsiv
impure	ناپاک؛ ناخالص	impyur
impurity	نجاست؛ ناپاکی	impyuriti
in	در	in
inability	عدم توانایی	inabiliti
inaccessible	منیع؛ ممنوع الوصول	inaksesabel
inaccurate	غیردقیق	inakyerat
inaction	ناکنش؛ بی کاری	inakshen
inactive	نادایر؛ بی جنبش	inaktiv
inactivity	بی جنبشی؛ عدم فعالیت	inaktiviti
inadequacy	عدمتکافو؛ نامناسبی	inadikwasi
inadequate	ناکافی	inadakwat / inadakweyt
inadvertent	غیر عمدی	inadvertant
inadvertently	ندانسته	inadvertantli
inadvisable	از مصلحت بدور است	inadvaizabel
inalienable	بیع ناپذیر	ineylyanabel
inapplicable	غیر مشمول	inaplikabel
inappropriate	نامناسب	inapropriit
inarticulate	بی بند؛ بی مفصل	inaartikyalat
inattention	غافلی؛ ناپرهیزی	inatenchan
inattentive	بی توجه؛ بی اعتنا	inatentiv
inaudible	نارسا؛ غیر مسموع	inodabel
inaugural	افتتاحی؛ گشایشی	inogerel / inogyerel
inauguration	افتتاح	inogyereyshen
incalculable	نا شمردنی	inkalkyalabel
incapable	عاجز؛ ناتوان	inkeypabel
incapacitate	ناتوان ساختن؛ ناقابل ساختن	inkapasiteyt
incapacity	عدم صلاحیت	inkapasiti
incarnate	متجسم؛ مجسمکردن	inkaarnat / inkaarneyt
incendiary	آتش زا	insendieri
incense	عود؛ بخور خوشبو	insens
incentive	مشوق	insentiv / inseniv
inception	درجه گیری	insepshen
incessant	لاینقطع	insesant
incessantly	دمادم؛ علیالاتصال	insesantli
inch	اینچ	inch
incidence	وقوع	insadans / insidans
incident	اتفاق؛ ماجرا	insadant
incidentally	ضمنا	insidentali / insidentli
incise	شکافتن؛ حجاری کردن	insaiz
incision	شکاف	insizhen
incisors	ثنایا	insaizerz
inciting	تحریص	insaiting
incivility	بی تمدنی	insiviliti
inclination	عطف؛ تمایل	inklaneyshen
incline	گروانیدن؛ مایل کردن	inklain
inclined	متمایل	inklaind
include	شامل بودن	inklud
included	شامل	inkludad / inkludid
including	شامل	inkluding
inclusion	شمول	inkluzhen
incognito	نا شناس؛ بانام مستعار	inkognito
income	دخل؛ درآمد	inkam
incompatibility	ناسازگاری؛ منافات	inkaampatibiliti
incompatible	ناسازگار؛ نا موافق	inkampatabel
incompetence	بی کفایتی؛ بی ظرفیتی	inkaampatans
incompetency	ناشایستگی	inkaampatansi
incompetent	ناشایسته؛ نالایق	inkaampatant
incomplete	ناقص؛ ناتمام	inkamplit
incomprehensible	نامفهوم؛ نفهمیدنی	ingkaamprahensibel
inconceivable	غیر قابل تصور	inkansivabel
inconclusive	غیرقاطع	inkanklusiv
incongruous	بی تناسب	ingkongruas
inconsistency	نا استواری؛ نا سازگاری	inkansistansi
inconstancy	عدمثبات	inkaanstansi
inconvenience	معذب داشتن؛ اسباب زحمت	inkanvinyans
incorporate	تلفیق کردن	inkorpereyt
incorporation	تلفیق؛ یکی شدنی	inkorpereyshen
incorrect	نادرست	inkerekt
incorrigible	درست نشدنی؛ اصلاح ناپذیر	inkaarajabel
increase	افزایش، افزایش دادن	inkris
incredible	باورنکردنی	inkredabel
incriminate	بگناهمتهم کردن؛ پاپوش درست کردن	inkrimaneyt
incubation	جوجه کشی؛ بر خوابش	ingkyubeyshen
incumbent	شاغل؛ مصدر کار	inkambant
incur	متحمل شدن	inker
incurable	بیدوا؛ لاعلاج	inkyurabel
indebted	مدیون؛ بدهکار	indetid
indecent	گستاخ؛ شرمآور	indisant
indecision	بی تکلیفی؛ بی عزمی	indisizhen
indecisive	غیرقاطع؛ بی همت	indisaisiv
indeed	واقعاً؛ در حقیقت	indid
indefinable	توصیف نشدنی	indifainabel
indefinite	غیرمشخص؛ نکره	indefanat
indemnify	غرامت دادن	indemnafai
indemnity	غرامت؛ جبران زیان	indemniti
independence	استقلال	indipendans
independent	مستقل	indipendant
independently	مستقلا؛ بالاستقلال	indipendantli
indescribable	وصف ناپذیر؛ توصیف ناپذیر	indiskraibabel
indestructible	زوال ناپذیر؛ نابود نشدنی	indastraktibel
index	فهرست	indeks
indexing	فهرست سازی	indeksing
india	هند؛ هندوستان	india
indian	هندی؛ سرخ‌پوست	indian
indicate	حکایت داشتن؛ حاکی بودن	indakeyt
indication	نشانه	indakeyshen
indicative	حاکی؛ اشارهکننده	indikativ
indicator	شاخص	indakeyter
indictment	کیفرخواست	indaitmant
indifference	خونسردی؛ بی علاقگی	indiferans / indifrans
indifferent	خونسرد؛ بی اشتیاق	indifrant / indiferant
indigenous	بومی	indijanas
indigestion	رودل؛ بدهزمی	indaijeschan
indignant	خشمگینانه	indignant
indignation	رنجش؛ خشم	indigneyshen
indignity	هتک آبرو	indigniti
indirect	غیرمستقیم؛ ناراسته	inderekt
indirectly	غائبانه؛ به طور غیر مستقیم	inderektli
indiscretion	بی خردی	indiskreshen
indispensable	حتمی؛ صرفنظر نکردنی	indispensabel
indistinct	ناشمرده؛ ناشنوا	indistingkt
individual	فرد، فردی	indavijawel
individuality	فردیت؛ وجود فردی	indivijualiti
individually	به‌طور انفرادی	indivijuali / indivijali
indolent	کاهل	indalant
indoor	زیر سقف	indor
indoors	در منزل	indorz
induce	تحریک کردن	indus
induction	القاء؛ استقراء	indakshen
indulge	افراط کردن	indalj
indulgence	اغماض؛ مساهله	indaljans
indulgent	زیاده رو	indaljant
industrial	صنعتی؛ اهل صنعت	indastriel
industrious	کوشارو؛ کار کن	indastrias
industry	صنعت	indastri
ineffective	بی اثر؛ بی نتیجه	inifektiv
ineffectual	بیاثربودن؛ غیر موثر	inafekchuel
inefficiency	بی ظرفیتی؛ بی عرضگی	inifishensi
ineligible	شامل نشدنی	inelijabel
inequality	نابرابری	inikwaaliti / inakwaaliti
inequitable	غیر منصفانه	inekwatabel
inert	نا کار	inert
inevitable	اجتناب‌ناپذیر	inevatabel
inevitably	ناگزیر	inevatabli
inexhaustible	تهی نشدنی	inigzostabel
inexperience	بی تجربگی	inikspirians
inexperienced	ناشی؛ نپخته	inikspirianst
inextricable	نگشودنی	inekstrikabel
infamous	بدنام	infamas
infamy	سابقهبد؛ بدنامی	infami
infancy	طفولیت؛ صغارت	infansi
infant	نوزاد	infant
infantile	کودکانه	infantil
infantry	پیاده؛ پیاده نظام	infantri
infect	آلوده کردن	infekt
infection	عفونت	infekshen
infectious	عفونی؛ فاسد کننده	infekshas
infective	عفونت زا؛ گند زا	infektiv
infer	استنتاج کردن	infer
inference	استنباط	inferans
inferior	اسفل؛ فرومایه	infirier
inferiority	پستی؛ مادونی	infirioriti
infernal	دوزخی	infernel
infinite	لایتناهی؛ نامتناهی	infanat
infinitesimal	بینهایت کوچک	infinitesimel
infinity	نامحدودی	infiniti
infirmity	علیلی؛ نا توانی	infermiti
inflamed	مشتعل؛ ملتهب	infleymd
inflammable	آتشگیر؛ شعله ور	inflamabel
inflammation	آماس؛ ورم	inflameyshen
inflammatory	ورمی؛ آماسی	inflamatori
inflated	هوادار؛ بادآورده	infleytid
inflation	تورم	infleyshen
inflict	تحمیل کردن	inflikt
inflow	جریان بداخل	inflo
influence	تأثیر؛ نفوذ	influans
influential	بانفوذ	influenshel
influenza	آنفلوانزا؛ آنفلوآنزا	influenza
info	اطلاعات	info
inform	آگاهانیدن؛ آگاه کردن	inform
informal	غیر رسمی	informel
informally	به‌طور غیر رسمی	informali
informant	آگاهگر؛ شکل دهنده	informant
information	اطلاعات	infermeyshen / informeyshen
informer	نمام؛ سخنچین	informer
infrastructure	زیرساخت	infrastrakcher
ingenious	نکته دان؛ نکته پرداز	injinyas
ingenuity	دهاء	injanuiti
ingest	درهیختن؛ داخل معده کردن	injest
ingestion	درهنج؛ فرو بری	injeschan
ingratiate	خود شیرینی کردن	inggreyshieyt
ingredient	جزء؛ جزء ترکیبی	ingridiant
inhabit	مسکون کردن؛ مسکن گزیدن	inhabat
inhabitant	ساکن	inhabatant / inhabitant
inhalation	استنشاق؛ شهیق	inaleyshen / inhaleyshen
inhale	استنشاق کردن؛ استشمام کردن	inheyl
inherent	ذاتی	inhirant / inherant
inherently	ذاتاً؛ به‌طور ذاتی	inhirantli / inherantli
inherit	به ارث بردن	inherat
inheritance	ارث؛ میراث	inheratans
inhibit	مهار کردن	inhibat
inhuman	نامردم؛ غیر انسانی	inhyuman
inhumane	غیر انسانی؛ غیر بشری	inhyumeyn
inhumanity	نامردمی؛ غیرانسانی بودن	inhyumaniti
inimical	دشمنانه	inimikel
initial	ابتدایی؛ آغازی	inishel
initially	ابتدا	inishali
initiate	آغاز کردن	inishieyt
initiation	راهاندازی	inishieyshen
initiative	ابتکار؛ ابداع	inishativ / inishyativ
inject	تزریق کردن	injekt
injection	تزریق	injekshen
injure	ناقص کردن؛ مجروح کردن	injer
injurious	مضر	injurias
injury	جراحت	injeri
injustice	بی‌عدالتی	injastis
ink	جوهر	ingk
inland	درون کشور؛ درون مرزی	inland
inmate	زندانی	inmeyt
inn	رباط؛ سرای	in
innards	قسمتهای داخلی	inerdz
innate	فطری؛ درون زاد	ineyt
inner	داخله؛ باطنی	iner
innermost	داخلی ترین	inermost
innkeeper	صاحب مسافرخانه	inkiper
innocence	برائت؛ معصومیت	inasans
innocent	منزه؛ روسفید	inasant
innovation	نوآوری	inaveyshen / inoveyshen
innovative	نوآورانه	inaveytiv / inoveytiv
innumerable	غیرقابل شمارش	inumerabel
inoculation	تلقیح؛ مایه کوبی	inaakyaleyshen
inoperable	غیردایر؛ عملناپذیر	inaaperabel
inoperative	غیردایر؛ نادایر	inaaperativ
inopportune	نابجا؛ نابهنگام	inaapertun
inordinate	مفرط؛ غیر معتدل	inordanit
input	ورودی	input
inquire	استفسار کردن؛ استمزاج کردن	inkwair
inquiring	استخبار	inkwaiering
inquiry	سراغ؛ جستار	inkwairi / inkwerri
inquisitive	کنجکاو	inkwizitiv
insane	روانی؛ دیوانه	inseyn
insanity	جنون؛ دیوانگی	insaniti
inscribe	محاط کردن؛ حکاکی کردن	inskraib
inscription	ثبت؛ کتابت	inskripshen
inscrutable	نفوذ ناپذیر	inskrutabel
insect	حشره	insekt
insecure	غیرمحفوظ؛ ناامن	insakyer
insecurity	تزلزل	insikyuriti
insensible	غیرمحسوس؛ غیر حساس	insensabel
insensitive	لایعقل؛ بی غیرت	insensativ / insensitiv
inseparable	لاینفک	inseperabel
insert	وارد کردن	insert
insertion	درج	insershen
inside	داخل، درون	insaid
insider	خودی	insaider
insight	فراست؛ بصیرت	insait
insignia	آرم؛ نشان رسمی	insignia
insignificance	ناقابلی؛ ناچیزی	insignyifikans
insignificant	ناچیز؛ خفیف	insignyifikant
insincere	بدونصمیمیت؛ بی صداقت	insinsir
insinuating	ریشخند کننده	insinyueyting
insist	ابرام کردن؛ سماجت کردن	insist
insistence	ابرام؛ سماجت	insistans
insistent	مصرانه؛ پافشار	insistant
insolence	جسارت؛ وقاحت	insalans
insoluble	غیر محلول	insaalyabel
insomnia	بیخوابی؛ بدخوابی	insaamnia
inspect	بازرسی کردن	inspekt
inspection	بازرسی	inspekshen
inspector	بازرس	inspekter
inspiration	الهام	inspereyshen
inspire	الهام کردن؛ ملهم کردن	inspair
install	نصب کردن؛ کار گذاشتن	instol
installation	نصب	instaleyshen
installment	قسط؛ علیالحساب	instolmant
instance	وهله	instans
instant	فوری	instant
instantly	فوراً	instantli
instead	به جای	insted
instigation	تحریک	instigeyshen
instinct	غریزه	instingkt
instinctive	غریزی	instingktiv
institute	بنداد؛ انستیتو	instatut
institution	بنگاه؛ موسسه	institushen
institutional	نهادی	institushenel
instruct	دستور دادن	instrakt
instruction	دستورالعمل	instrakshen
instructive	یاد دهنده	instraktiv
instructor	مربی	instrakter
instrument	ابزار، ساز	instramant
instrumental	موثر	instramentel / instramenel
insubordination	نافرمانی؛ سر پیچی	insabordaneyshen
insufficiency	نارسائی؛ نابسندگی	insafishensi
insufficient	ناکافی	insafishent
insular	جزیرهای؛ غیر آزاد	insaler
insulating	عایق	insaleyting
insult	توهین	insalt
insulting	موهن	insalting
insurance	بیمه	inshurans
insure	بیمه کردن؛ بیمه بدست آوردن	inshur
insurgency	یاغی گری	inserjansi
intact	دست نخورده	intakt
intake	مصرف	inteyk
intangible	لمس ناپذیر؛ درک نکردنی	intanjabel
integral	جدایی ناپذیر	intagrel / inagrel
integrate	یکپارچه کردن	intagreyt / inagreyt
integrated	یکپارچه	intagreytad / intagreytid
integration	یکپارچگی	intagreyshen / inagreyshen
integrity	صداقت، یکپارچگی	integriti
intellect	خرد؛ عقل	intalekt / inalekt
intellects	الباب	intalekts / inalekts
intellectual	روشنفکر؛ فکری	intalekchuel / inalekchuel
intelligence	هوش؛ آگاهی	intelajans
intelligent	باهوش	intelajant
intelligible	مفهوم؛ قابل فهم	intelajabel
intend	بسیجیدن؛ قصد کردن	intend
intense	شدید	intens
intensify	تشدید کردن	intensafai
intensity	شدت	intensiti
intensive	فشرده	intensiv
intent	قصد	intent
intention	خیال؛ آهنگ	intenchan
intentional	عمدی؛ تعمدی	intenshenel
intentionally	عمدا؛ تعمدا	intenshenali
inter	مدفون ساختن	inter
interact	تعامل داشتن	interakt / inerakt
interaction	تعامل	interakshen / inerakshen
interactive	تعاملی	interaktiv / ineraktiv
intercede	شفاعت کردن؛ پادر میانی کردن	intersid
intercellular	بین یاختهای؛ داخل سلولی	interselyaler
interchange	متناوب ساختن؛ جا بجا	intercheynj / inercheynj
intercourse	آمیزش؛ مقاربت	interkors / inerkors
intercurrent	مداخله کننده	interkerant
interest	علاقه، علاقه مند کردن	intrast / intrist
interested	علاقه‌مند	intrastid / intristid
interesting	جالب	intrasting / intristing
interface	رابط	interfeys / inerfeys
interfere	دخالت کردن	interfir / inerfir
interference	دخالت	interfirans / inerfirans
interim	موقت	interam / intram
interior	داخلی	intirier
interlocutor	هم سخن؛ طرف صحبت	interlaakyater
intermediary	مداخله کننده؛ وساطت کننده	inermidieri / intermidieri
intermediate	متوسط	intermidiit / inermidiit
interminable	پایان ناپذیر؛ تمام نشدنی	intermanabel
intermittent	نوبتی؛ نوبت دار	intermitant
internal	داخلی؛ داخله	internel
international	بین‌المللی	internashenel / inernashenel
internet	اینترنت	internet
interpret	ترجمه کردن؛ تعبیر کردن	interprat
interpretation	تفسیر	interpriteyshen
interpreter	مترجم؛ حلاج	interprater
interrupt	ایجاد وقفه	interapt
interruption	وقفه؛ ایجاد وقفه	interapshen
intersect	تقاطع کردن؛ از هم گذشتن	intersekt
interstate	بین ایالتی	intersteyt
interval	فاصله	intervel
intervene	مداخله کردن	intervin
intervention	مداخله	intervenshen
interview	مصاحبه، مصاحبه کردن	intervyu
intestinal	رودهای	intestanel
intestine	روده؛ معاء	intestan
intimacy	صمیمیت؛ محرمیت	intamasi
intimate	صمیمی	intamat / intameyt
intimately	صمیمانه	intamatli
intimidate	مرعوب کردن؛ ارعاب کردن	intimideyt
intimidation	ارعاب؛ ترهیب	intimideyshen
into	به داخل	intu / inta
intolerable	تحمل ناپذیر؛ طاقت فرسا	intaalerabel
intonation	تکیه صدا	intaneyshen
intoxicated	سرمست؛ بدمست	intaaksakeytid / intaaksikeytid
intoxicating	سکرآور	intaaksikeyting
intoxication	مستی؛ نشئه	intaaksakeyshen
intractable	ستیزه جو	intraktabel
intrepid	صارم	intrepad
intricacy	بغرنجی؛ ریزه کاری	intrakasi
intricate	بغرنج؛ معضل	intrakat
intrigue	دوز و کلک زدن؛ دوز و کلک چیدن	intrig
intriguing	جذاب	intriging
intrinsic	فطری	intrinsik
introduce	معرفی کردن	intradus / introdus
introduction	مقدمه	intradakshen / introdakshen
introspect	بخود آمدن؛ بخود برگشتن	intraspekt
intrude	پادرازی کردن؛ فضولانه آمدن	intrud
intruder	مو؛ فضول	intruder
intrusion	دخالت؛ پادرازی	intruzhen
intuition	فراست؛ بصیرت	intuishen
invade	حمله کردن	inveyd
invalid	علیل؛ نامعتبر	invalad / invalid
invaluable	پر بها؛ غیرقابل تخمین	invalyabel
invariable	نامغیر؛ نامتغیر	inveriabel
invasion	حمله	inveyzhen
invent	اختراع کردن	invent
invention	اختراع	invenshen
inventor	موجد؛ جاعل	inventer
inverse	معکوس؛ وارون	invers
inversion	برگشتگی؛ تقلیب	inverzhen
inverted	برگشته؛ نگون	invertid
invest	سرمایه گذاری کردن	invest
investigate	پژوهیدن؛ تحقیق کردن	investageyt
investigation	تحقیق؛ رسیدگی	investageyshen
investigator	بازپرس	investageyter
investment	سرمایه گذاری	investmant / invesmant
investor	سرمایه گذار	invester
inveterate	سر سخت؛ ریشه کرده	inveterat
invincibility	شکست ناپذیری	invinsabiliti
invincible	شکست ناپذیر؛ مغلوب نشدنی	invinsabel
inviolable	غصب نکردنی	invaialabel
inviolate	غصب نشدنی	invaialit
invisible	نامرئی	invizabel
invitation	دعوتنامه	inviteyshen
invite	دعوت کردن	invait
invoke	احضار کردن	invok
involuntary	بی اختیار؛ غیر عمدی	invaalanteri
involve	درگیر کردن	invaalv
involvement	درگیری	invaalvmant
invulnerable	زخم ناپذیر؛ آسیب ناپذیر	invalnerabel
inward	داخل رونده	inwerd
ion	یون؛ ایون	aian / aiaan
iota	ایوتا	aiota
iowa	آیوا	aiawa / aioa
ireland	ایرلند	aierland / airland
irish	ایرلندی	airish
irksome	کسل کننده	erksam
iron	آهن؛ اتو	aiern
ironic	کنایه‌آمیز	airaanik
ironically	کنایه‌آمیزانه	airaanikli
irony	کنایه	airani
irrational	بی منطق؛ غیر منطقی	irashenel
irreconcilable	جور نشدنی؛ اصلاح ناپذیر	irekansailabel
irregular	منحرف؛ یبس	iregyaler
irregularity	یبوست؛ بی حسابی	iregyaleriti
irrelevant	نامربوط	irelavant
irreparable	بی کفاره؛ خوب نشدنی	ireperabel
irrepressible	منع ناپذیر؛ مطیع نشدنی	irapresabel
irrespective	صرفنظر از	iraspektiv
irresponsible	وظیفهنشناس	iraspaansabel
irrevocable	بلا عزل	irevakabel
irrigate	مشروب کردن؛ سیراب کردن	irageyt
irrigated	مشروب	irageytid
irrigation	آبیاری	irageyshen
irritability	زودخشمی؛ زود رنجی	iritabiliti
irritable	زودخشم	iratabel
irritant	آزارنده؛ سوزش آور	iratant
irritate	رنجاندن؛ آزردن	iriteyt
irritating	رنجاننده؛ برخورنده	irateyting
irritation	سوزش؛ رنجش	iriteyshen
island	جزیره	ailand
isle	جزیره	ail
isolate	منزوی کردن	aisaleyt
isolated	منزوی	aisaleytad / aisaleytid
isolation	انزوا	aisaleyshen
issuance	صدور	ishuans
issue	شماره؛ موضوع	ishu
it	آن	it
italian	ایتالیائی	italyan
italy	ایتالیا	itali
itching	خارش؛ خنش	iching
item	مورد، قلم	aitam
its	مال آن	its
itself	خودش	itself
ivory	عاجی؛ عاج	aiveri / aivri
ivy	پیچک	aivi
jacket	ژاکت	jakat / jakit
jagged	مضرس؛ دندانهدار	jagad
jail	زندان	jeyl
jam	مربا، ترافیک	jam
january	ژانویه	janyueri
japan	ژاپن	japan
japanese	ژاپنی	japaniz
jar	کوزه؛ سبو	jaar
jaunty	خود ساز	jonti
jaw	فک؛ آرواره	jo
jazz	جاز	jaz
jealous	حسود؛ حسودانه	jelas
jealousy	رشک؛ حسادت	jelasi
jeans	شلوار جین	jinz
jelly	ژلاتین؛ لرزانک	jeli
jeopardy	مخاطره؛ گرفتاری حقوقی	jeperdi
jerk	زود کشیدن؛ تکان سریع دادن	jerk
jersey	پارچه کشباف	jerzi
jerusalem	اورشلیم؛ اورشلیم مقدس	jerusalam
jest	شوخی کردن؛ ببازی گرفتن	jest
jesuit	یسوعیون	jezhuit
jet	جت	jet
jewel	گوهر؛ جواهر	juel / jul
jewellery	جواهرات	jewellery
jewish	یهودی؛ جهود	juish
jingle	جرنگ؛ جلنگ	jinggel
job	شغل	jaab / job
jockey	سوارکار؛ چابک سوار	jaaki
jocose	شوخی آمیز	jokoz
jocular	شوخی آمیز	jaakyaler
join	پیوستن	joyn
joint	مشترک	joynt
jointly	تواماً؛ مشاعا	joyntli
joke	شوخی، شوخی کردن	jok
jolly	شنگ	jaali
jolt	تکان؛ تلق تلق	jolt
jones	جونز	jonz
jostle	تنه زدن	jaasel
journal	مجله؛ جورنال	jernel
journalism	روزنامه نگاری	jernalizam
journalist	روزنامه‌نگار	jernalast / jernalist
journey	سفر	jerni
jowl	کله ماهی	jaul
joy	نشاط؛ شادی	joy
joyful	طربناک؛ پرنشاط	joyfel
judge	قاضی؛ داور	jaj
judgement	داوری؛ دادرسی	jajmant
judgment	داوری؛ قضاوت	jajmant
judicial	قضایی	judishel
judiciary	وابسته بدادگاه؛ قوه قضائیه	judishieri
judicious	روشن رای	judishas
jug	غلغلک؛ بستو	jag
juice	آبمیوه	jus
july	جولای	julai / jalai
jumble	درهم آمیختگی	jambel
jump	پریدن، پرش	jamp
jumper	جهنده؛ سیم جهشی	jamper
junction	تقاطع	jangkshen
junctions	مقاطع	jangkshenz
juncture	ملتقا؛ درزگاه	jangkcher
june	ژوئن	jun
jungle	جنگل	janggel
junior	اصغر	junyer
juniper	اردج	junaper
jurisdiction	حوزه قضایی	jurasdikshen / jurisdikshen
jurisprudence	فقه	jurasprudans
jury	هیئت منصفه	juri
just	عادلانه، فقط؛ فقط، همین الان	jast / jist
justice	داد؛ عدل	jastas / jastis
justifiable	توجیه پذیر	jastafaiabel
justification	توجیه	jastafakeyshen
justify	توجیه کردن	jastafai
justly	الحق؛ انصافاً	jastli
kaiser	کایزر	kaizer
kansas	کانزاس	kanzas
kashmir	کشمیر	kashmir
keen	تیز	kin
keep	نگه داشتن	kip
keeper	حافظ؛ حافظه	kiper
kentucky	کنتاکی	kantaki
kerchief	چار قد	kerchaf
kettle	کتری	ketel
key	کلید، اصلی	ki
keyboard	جا انگشتی؛ سفحه کلید	kibord
keyhole	سوراخ کلید	kihol
khan	خان	kaan
kick	لگد؛ باپازدن	kik
kid	بچه	kid
kidnap	ربودن	kidnap
kidnapping	آدمربایی؛ آدم ربا	kidnaping
kidney	کلیه	kidni
kill	کشتن	kil
killer	آدم کش	kiler
kilometre	کیلومتر	kilomater / kilamiter
kind	نوع	kaind
kindle	افروختن؛ گیراندن	kindel
kindly	مرحمتا	kaindli
kindness	ترحم؛ لطف	kaindnas
kinetic	جنبشی؛ وابسته بحرکت	kanetik / kinetik
king	پادشاه	king
kingdom	پادشاهی	kingdam
kingly	خسروانه؛ ملوکانه	kingli
kinship	خویشاوندی؛ قوم وخویشی	kinship
kiss	ماچ؛ بوسه	kis
kit	کیت	kit
kitchen	آشپزخانه	kichan
kite	زغن؛ خوا	kait
kitten	بچهگربه	kitan
kitty	بچهگربه	kiti
knack	لم؛ صدای شلاق	nak
knapsack	پشتواره؛ توشه دان	napsak
knee	زانو	ni
knell	صدایی زنگ	nel
knife	چاقو	naif
knight	شوالیه؛ نجیب زاده	nait
knit	بافتن؛ کشبافی کردن	nit
knob	دستگیره	naab
knock	کوبیدن، ضربه زدن	naak
knoll	نوک تپه	nol
knot	گره؛ عقده	naat
knotted	گرهدار؛ گرهای	naatid
knotty	پرگره؛ گره گیر	naati
know	دانستن	no
knowledge	دانش	naalaj / naalij
knuckle	قرحه روده	nakel
kremlin	کرملین	kremlan / kremlin
lab	آزمایشگاه	lab
label	برچسب؛ برچسب زدن	leybel
labor	کار؛ نیروی کار؛ زایمان	leyber
laboratory	آزمایشگاه؛ لابراتوار	labratori
laborer	عمله	leyberer
laborious	کارکن	laborias
labyrinth	لابیرنت	laberinth
lace	بند؛ توری	leys
laceration	جرح	lasereyshen
lack	عدم؛ عاری	lak
lackey	چاکری کردن	laki
laconic	موجز؛ مختصر گو	laakaanik
lactate	شیر مکیدن	lakteyt
lactation	ارضاع؛ ایجاد شیر	lakteyshen
lactic	شیری؛ شبیه شیر	laktik
lad	پسر جوان	lad
ladder	نردبان	lader
laden	سنگین بار؛ بارگیری شده	leydan
lady	خانم	leydi
lagging	عقب مانده	laging
lair	لانه؛ کنام	ler
lake	دریاچه	leyk
lamb	بره؛ گوشت بره	lam
lame	شل؛ لنگ	leym
lament	زاریدن؛ نوحه کردن	lament
lamentable	زار	lamentabel
lamenting	شیون	lamenting
lamina	لایه نازک؛ شاخه پرده ای	lamana
laminated	متورق	lamaneytad
lamp	لامپ	lamp
lance	نیزه؛ نشتر زدن	lans
land	زمین؛ فرود آمدن	land
landing	فرود	landing
landless	بدون زمین	landlas
landlord	صاحبخانه	landlord
landmark	نشانه، بنای تاریخی	landmaark
landowner	صاحب ملک	landoner
landscape	چشم انداز	landskeyp / lanskeyp
landslide	ریزش خاک؛ ریزش کوه	landslaid / lanslaid
lane	خط (جاده)	leyn
language	زبان	langgwaj / langgwij
languid	بی حال	langgwad
lanolin	لانولین	lanalan / lanalin
lantern	فانوس؛ چراغ توری	lantern
lap	دامان	lap
lapse	زوال؛ خرف شدن	laps
lapsed	ساقط	lapst
laptop	لپ‌تاپ	laptaap
large	بزرگ	laarj
large-scale	گسترده	laarjskeyl
lark	غزلاغ	laark
laryngeal	حنجری؛ حنجرهای	laarinjiel
larynx	حنجره	leringks
laser	لیزر	leyzer
lash	شلاق؛ تازیانه	lash
last	آخرین؛ آخرین (صفت)؛ طول کشیدن	last / las
latch	چفت؛ چفت کردن	lach
late	دیر	leyt
lately	اخیراً	leytli
lateness	تاخیر	leytnas
latent	نهفته	leytant
later	بعدا؛ دیرتر	leyter
lateral	جانبی؛ جناحی	laterel
lathe	چرخ خراطی	leydh
latin	لاتین	latan
latitude	عرض	latatud
latter	دومی	later
laudanum	مخلوط افیون	lodanam
laugh	خنده، خندیدن	laf
laughingstock	مظحکه	lafingstaak
laughter	خنده	lafter
launch	روانهسازی؛ روانه کردن	lonch
laurel	دهمست؛ درخت غار	lorel
lava	گدازه	laava
lavish	خراج؛ مبذر	lavish
law	قانون	lo / laa
lawbreaking	قانون شکنی	lobreyking
lawful	مجاز؛ مشروع	lofel
lawless	بی قانونی	lolas
lawlessness	بی قانونی	lolasnas
lawn	چمن	lon
lawsuit	دعوی حقوقی	losut
lawyer	وکیل	loyer
lax	شل؛ لمس	laks
laxity	لینت	laksiti
layer	طبقه؛ لا	leyer
layout	طرح‌بندی	leyaut
laziness	تنبلی؛ بیعاری	leyzinas
lazy	تنبل	leyzi
lead	رهبری کردن	led / lid
leaden	سربی؛ مانند سرب	ledan
leader	رهبر	lider
leadership	سری؛ رهبری	lidership
leaf	برگ؛ برگ دادن	lif
leaflet	بروشور	liflat
leafy	برگدار؛ پر برگ	lifi
league	گروه ورزشی	lig
leak	نشت، نشت کردن	lik
leakage	چکه؛ تراوش	likaj / likij
lean	وادادن؛ لخم	lin
leap	جهش	lip
learn	یاد گرفتن	lern
learner	یادگیرنده	lerner
learning	یادگیری	lerning
lease	اجاره؛ اجاره کردن	lis
leash	مرس؛ بند زدن	lish
least	کمترین	list
leather	چرم؛ چرمی کردن	ledher
leave	ترک کردن	liv
lecture	سخنرانی، سخنرانی کردن	lekcher
lecturer	مدرس؛ سخنران	lekcherer
ledger	دفتر کل	lejer
leech	علقه؛ زالو	lich
left	چپ، باقی مانده	left
leg	پا	leg
legacy	میراث	legasi
legal	قانونی؛ مشروع	ligel
legend	افسانه	lejand
legendary	افسانه‌ای	lejanderi
legged	پایه دار؛ پا بلند	legad / legd
leggings	پاتابه	legingz
legion	لژیون؛ سپاه رومی	lijan
legislation	قانون‌گذاری	lejasleyshen
legislative	قانون‌گذاری	lejasleytiv
legislator	شارع؛ مقنن	lejasleyter
legislature	قوه مقننه	lejasleycher
legitimate	مشروع	lajitamat
leisure	فراغت؛ وقت کافی	lezher / lizher
leisurely	تفریحانه	lizerli
lemon	لیمو	leman
lemonade	لیموناد؛ شربت آبلیمو	lemaneyd
lend	قرض دادن	lend
lender	وام ده	lender
length	درازی؛ طول	lengkth / length
lengthen	دراز کردن؛ دراز شدن	lengthan / lengkthan
lengthy	طولانی	lengthi
lenient	آسان گیر؛ ضد یبوست	liniant / linyant
leniently	ارفاقا	linyantli
lens	لنز	lenz
leper	جذامی	leper
leprosy	جذام؛ خوره	leprasi
lesbian	لزبین	lezbian
less	کمتر	les
lessen	کمتر شدن	lesan
lesser	کمتر	leser
lesson	درس	lesan
let	اجازه دادن	let
lethal	کشنده	lithel
lethargy	تهاون؛ سبات	letherji
letter	نامه	leter
levee	بارعام دادن؛ سلام عام	levi
level	سطح	level
levity	سبک سری	leviti
levy	مالیات بندی؛ نام نویسی	levi / livi
lexical	لغوی	leksikel
liability	مشمولیت	laiabiliti
liable	مسئول	laiabel
liar	دروغگو؛ چاخان	laier
liberal	آزاداندیش	liberel
liberalism	آزادمنشی؛ آزادگی	liberalizam
liberated	آزادشده	libereytid
liberating	آزادسازی	libereyting
liberation	آزادی	libereyshen
liberator	آزاد کننده؛ نجات دهنده	libereyter
liberty	آزادی	liberti
librarian	کتابدار	laibrerian
library	کتابخانه	laibreri
licence	مجوز؛ پروانه دادن	laisans
license	مجوز دادن	laisans
lichen	گل سنگ	laikan
lick	لیس؛ لیسه	lik
lid	سر؛ دریچه گذاشتن	lid
lie	دراز کشیدن	lai
lieutenant	ستوان	lutenant
life	زندگی	laif
lifeless	خشک؛ موات	laiflas
lifelong	مادام‌العمر	laiflong
lifestyle	سبک زندگی	laifstail
lifetime	طول عمر	laiftaim
lift	بلند کردن، آسانسور	lift
ligament	بندیزه	ligamant
light	روشن کردن؛ سبک؛ نور، روشن	lait
lighten	سبک کردن؛ تنویر کردن	laitan
lighthearted	سبکبار؛ مشرور	laithaartid
lighting	نورپردازی	laiting
lightness	خفت؛ سبکی	laitnas
lightning	صاعقه؛ آذرخش	laitning
like	دوست داشتن؛ مانند	laik
likelihood	احتمال	laiklihud
likely	احتمالی	laikli
likened	مشبه	laikand
likeness	سان؛ مثال	laiknas
likewise	به همین ترتیب	laikwaiz
lilac	یاس شیروانی	lailak
lily	سوسنی؛ گلایل	lili
limb	اندام	lim
limbed	عضودار	limd
limbo	برزخ	limbo
lime	آهک؛ سنگ آهک	laim
limestone	سنگ آهک	laimston
limit	حساب؛ حد	limat
limitation	محدودیت	limiteyshen
limited	محدود؛ منحصر	limatad / limitid
limitless	بیحد؛ بی نهایت	limatlas
limp	شلیدن؛ لنگیدن	limp
lincoln	لینکلن	lingkan
line	خط	lain
lineage	سویه؛ اصل ونسب	liniaj
linear	خطی	linier
linen	کتانی؛ کتان	linan
line-up	صف‌آرایی، ترکیب	lainap
linger	معطل ماندن	lingger / linger
link	پیوند، پیوند دادن	lingk
linoleum	مشمع	lanoliam
linseed	بزرک؛ برزگ	linsid
lion	شیر	laian
lip	لب	lip
liquefaction	آبگونسازی	likwafakshen
liquefy	ذوب شدن	likwafai
liquid	مایع؛ ماچی	likwad / likwid
liquor	عرق؛ مشروب	liker
lisp	شلی زبان	lisp
list	فهرست، فهرست کردن	list
listen	گوش دادن	lisan
listener	شنونده	lisaner / lisner
lister	سجاف دوز	lister
listing	فهرست‌بندی	listing
literacy	سواد	literasi
literal	حرفی؛ لفظی	literel
literally	به معنای واقعی کلمه	literali / litrali
literary	ادبی	litereri
literate	باسواد	literat
literature	ادبیات؛ ادب وهنر	literacher
lithe	لاغر اندام	laidh
lithuania	لیتوانی	lithaweynia
litigation	دعوا؛ دعوی	litageyshen
litre	لیتر	litre
litter	آشغال	liter
little	کمی (قید)؛ کمی، کوچک	litel
live	زندگی کردن	laiv / liv
livelihood	معیشت؛ عقل معاش	laivlihud
lively	باروح؛ سبکروح	laivli
liver	کبد	liver
liveried	در کسوت	livrid
liverpool	لیورپول	liverpul
livery	لباس مستخدم؛ علیق اسب	liveri
livid	کبود شده	livid
load	بار؛ محمول	lod
loading	بارگیری؛ بارکنش	loding
loaf	تکه؛ ولگردی کردن	lof
loafer	بیکاره	lofer
loan	عاریه؛ وام	lon
loathe	منزجر بودن؛ سبب بیزاری	lodh
lobby	لابی، لابی کردن	laabi
lobster	خرچنگ	laabster
local	محلی	lokel
locality	محل خاص	lokaliti
located	ساکن	lokeytad / lokeyd
location	محل	lokeyshen
lock	قفل، قفل کردن	laak
lockup	زندانکردن	laakap
locomotion	نقل وانتقال	lokamoshen
locomotive	لکوموتیو؛ نیروی محرکه	lokamotiv
locomotor	حرکتی؛ نقص تحرک	lokamoter
locus	مکان هندسی	lokas
lodge	بیتوته کردن؛ ماوا دادن	laaj
lodging	منزل گاه؛ محل سکونت	laajing
lofty	سنی؛ منیع	lofti
log	گزارش، ثبت کردن	log
logic	منطق	laajik
logical	منطقی	laajikel
login	قطع ارتباط	login
logo	لوگو	logo
loin	گرد	loyn
loitering	پرسه زنی	loytering
london	لندن	landan
lone	مجزا ومنفرد	lon
loneliness	تنهایی؛ غریبی	lonlinas
lonely	غریب؛ تنها	lonli
long	بلند، طولانی	long
longing	هوس؛ میل وافر	longing
longitudinal	طولی	laanjatudanel
long-standing	دیرینه	long-standing
long-time	طولانی‌مدت	long-taim
look	نگاه؛ نگاه کردن	luk
lookout	چشم انداز	lukaut
loom	در افق پدیدار شدن	lum
loop	حلقه	lup
loophole	مزغل ساختن؛ سوراخ سنگر	luphol
loose	گشاد؛ شل	lus
loosely	باشلی	lusli
loot	غارت کردن	lut
lope	وخیز درآوردن	lop
lord	ارباب؛ خداوند	lord
lordship	اربابی؛ سیادت	lordship
lore	فرهنگ نژادی؛ وروایات قومی	lor
lorgnette	عینک پنسی	lornyet
lorry	کامیون	lori
lose	از دست دادن	luz
loss	زیان؛ فقدان	los
lost	گمشده	lost
lot	مقدار زیادی	laat / lot
lotion	کرم؛ لوسیون	loshen
lottery	قرعه کشی	laateri
loud	بلند (صدا)	laud
loudly	با صدای بلند	laudli
lounge	اطاق استراحت؛ سالن استراحت	launj
louse	شپش؛ جو جو	laus
lout	الدنگ؛ سرفرود آوردن	laut
love	عشق، عاشق بودن	lav
lovely	دوست داشتنی	lavli
lover	یار؛ عاشق	laver
loving	عاشقانه؛ مشتاق	laving
lovingly	مشتاقانه	lavingli
low	پایین	lo
loyal	وفادار	loyel
loyalty	وفاداری	loyalti
lozenge	لوزی؛ شکل لوزی	lozanj
lubricant	روغن؛ چرب کننده	lubrakant
luck	شانس	lak
lucky	خوش شانس	laki
lucrative	پرمنفعت	lukrativ
luggage	توشه؛ بنه	lagaj / lagij
lumbar	مهره کمر؛ ناحیه کمر	lambaar
lumber	الوار؛ تیر بریده	lamber
luminous	تابان؛ شب نما	lumanas
lump	غلنبه؛ قلنبه کردن	lamp
lunatics	مجانین	lunatiks
lunch	ناهار	lanch
luncheon	غذای مفصل	lanchan
lung	ریه؛ جگر سفید	lang
lure	اغوا کردن؛ گول زنک	lur
lurid	شعله تیره؛ شعله دودنما	lurad
lust	شهوت؛ شهوانیت	last
luster	تجلی؛ درخشش	laster
lustre	جار	laster
lustrous	پر جلوه	lastras
lusty	مغلم؛ شهوت انگیز	lasti
luxuriant	پرپشت؛ پربرکت	lagzheriant
luxurious	مجلل؛ تجملی	lagzherias
luxury	عیش؛ تجمل	lagzheri
lying	دروغگو؛ کذاب	laiing
lymph	لنف	limf
lymphatic	بلغمی؛ لنفاوی	limfatik
lynch	مثله کردن	linch
lyric	متن ترانه	lirik
lyrical	بزمی؛ غنایی	lirikel
machine	ماشین	mashin
machinery	ماشین‌آلات	mashineri / mashinri
mackintosh	پارچه بارانی	makantaash
mad	شوریده؛ دیوانه وار	mad
madam	مادام	madam
mademoiselle	دوشیزه؛ مادموازل	madamazel
madly	دیوانه وار	madli
madness	شوریدگی؛ شیدائی	madnas
madrid	مادرید	madrid
magazine	مجله	magazin
magic	طلسم؛ سحر	majik
magical	جادویی	majikel
magician	مغ؛ ساحر	majishen
magistrate	قاضی	majastreyt / majistreyt
magnesium	تباشیر؛ منیری	magniziam
magnet	مغناطیس؛ مقناطیس	magnat
magnetic	مغناطیسی	magnetik
magnificent	باشکوه	magnifasant / magnifisant
magnifying	درشت نمایی	magnafaiing
magnitude	بزرگی	magnatud
magnolia	ماگنولیا	magnolya
maid	خادمه؛ ندیمه	meyd
maiden	دختر باکره	meydan
mail	پست، پست کردن	meyl
maim	چلاق کردن؛ نقص عضو	meym
main	اصلی	meyn
mainland	سرزمین اصلی	meynland
mainly	عمدتا	meynli
mainstream	جریان اصلی	meynstrim
maintain	نگهداری کردن	meynteyn
maintenance	نگهداری	meyntanans / meyntnans
majestic	شاهانه؛ باعظمت	majestik
majesty	جبروت؛ حضرت	majasti
major	اصلی، عمده	meyjer
majority	غالب؛ اکثریت	majoriti
make	ساختن	meyk
maker	سازنده؛ صنیع	meyker
make-up	آرایش	meykap
making	ساخت	meyking
mala	مالا	maala
malady	فاسد شدگی	maladi
malaria	مالاریا؛ نوبه	maleria
malarial	مالاریایی؛ نوبه ای	maleriel
malcontent	آماده شورش	malkantent
male	مرد، مردانه	meyl
malevolent	کج اندیش	malevalant
malice	بدنهادی؛ بدذاتی	malas / malis
malicious	خبیث؛ غرضآلود	malishas
malignancy	بدخیمی	malignansi
malignant	خبیث؛ بدخیم	malignant
mallet	کلوخ کوب	malit
malnutrition	سوء تغزیه	malnutrishen
malt	مالت؛ مالت زدن	molt
mammal	پستاندار	mamel
mammary	پستانی	mameri
man	مرد	man
manage	مدیریت کردن	manaj / manij
management	مدیریت؛ مدریت	manajmant / manijmant
manager	مدیر	manajer / manijer
managerial	مدیریتی	manijiriel
manchester	منچستر	manchester
mandate	دستور، حکم	mandeyt
mandatory	الزامی	mandatori
mandible	زفر	mandabel / mandibel
mane	یال	meyn
maneuver	مانور؛ تمرین نظامی	manuver
mange	گری؛ گرداندن	meynj
manger	آخور	meynjer
manhood	مردی؛ رجولیت	manhud
maniac	مجنون	meyniak
manifest	آشکار کردن	manafest
manifestation	جلوه؛ ظهور	manafesteyshen
manifestly	علانیتا	manafestli
manifesto	اعلامیه؛ اشعاریه	manafesto / manifesto
manila	مانیل؛ کاغذ مانیل	manila
manipulate	دستکاری کردن	manipyaleyt
manipulation	دستکاری	manipyaleyshen
mankind	بشر؛ نژاد انسان	mankaind
manly	مردانه؛ مردوار	manli
manna	گزانگبین	mana
manner	رفتار، روش	maner
manor	ملک تیولی	maner
mansion	کاخ؛ عمارت بزرگ	manshen
mantle	غاشیه؛ کلاه توری	mantel
mantles	غواشی	mantalz
manual	دستی؛ یدی	manyuel
manufacture	تولید کردن	manyafakcher
manufacturing	تولید	manyafakchering
manure	کود کشاورزی	manur
manuscript	دست‌نوشته	manyaskript
many	بسیاری	meni
map	نقشه	map
mapping	نقشه کشی	maping
marathon	ماراتن	merathaan
marble	مهره؛ مرمر	maarbel
marbled	مرمرنما	maarbald
march	مارس؛ رژه	maarch
mare	مادیان؛ اسب ماده	mer
margin	حاشیه	maarjan
marginal	حاشیه‌ای	maarjanel
marine	دریایی	merin
maritime	وابسته بدریانوردی	merataim
mark	علامت، علامت گذاشتن	maark
marker	نشانگر	maarker
market	بازار	maarkat / maarkit
marketplace	بازار	maarkatpleys / maarkitpleys
marque	علامت مخصوص	maark
marriage	عروسی؛ ازدواج	merij
married	متاهل	merid
marrow	مغز؛ قسمت عمده	mero
marry	ازدواج کردن	meri
mars	بهرام؛ مریخ	maarz
marshal	مارشال؛ ارتشبد	maarshel
marshall	مارشال	maarshel
martial	رزمی	maarshel
martyr	شهید	maarter
martyrdom	شهادت	maarterdam
marvel	شگفت داشتن؛ حیرت زده شدن	maarvel
masculine	مکر؛ مردانه	maskyalan
mash	خمیر کردن؛ درهم وبرهمی	mash
mask	ماسک	mask
mason	بنا؛ فراماسیون	meysan
masonry	حجاری؛ فراماسیونی	meysanri
mass	توده؛ کپه کردن	mas
massacre	قتل عام	masaker
massage	مالیدن؛ ماساژ	masaazh
massive	عظیم؛ گنده	masiv
mast	دگل	mast
master	استاد؛ ارباب؛ مسلط شدن	master
masterpiece	شاهکار؛ شیرین کاری	masterpis
mastery	سیادت؛ تبحر	masteri
mat	حصیر؛ زیر گلدانی	mat
match	مسابقه، مطابقت داشتن	mach
matchmaker	دلاله؛ دلال ازدواج	machmeyker
mate	رفیق	meyt
mater	سخت شامه؛ نرم شامه	maater / meyter
material	ماده، جنس	matiriel
maternal	مادرانه؛ مادروار	maternel
mathematical	ریاضی	mathamatikel
mathematician	ریاضی دان	mathamatishen
mathematics	ریاضیات	mathamatiks
maths	ریاضیات	maths
matrix	ماتریس	meytriks
matron	بیبی؛ سرپرستار	meytran
matt	فلز شناسی	mat
matter	موضوع، اهمیت داشتن	mater
matting	بوریا بافی	mating
mattress	تشک؛ دوشک	matras
mature	بالغ	machur / matyur
maturity	سر رسید	machuriti / matyuriti
mawkish	کسل کننده	mokish
maxilla	فک	maksila
maxillary	فکی؛ آروارهای	maksilari
maxim	گفته؛ گفته اخلاقی	maksam
maximize	به حداکثر رساندن	maksamaiz
maximum	بیشینه؛ حد اکثر	maksamam
may	می؛ ممکن است (فعل کمکی)	mey
maybe	شاید	meybi
mayonnaise	مایونز	meyaneyz
mayor	شهردار	meyer
me	من (مفعول)	mi
meadow	چمن؛ چمنزار	medo
meager	بی چربی؛ بی برکت	miger
meal	وعده غذایی	mil
mean	معنی دادن، منظور داشتن	min
meaning	معنی	mining
meaningful	معنی‌دار	miningfel
meaningless	بیمعنا؛ بی معنی	mininglas
meanness	پستی؛ خست	minnas
meantime	در ضمن	mintaim
meanwhile	ضمنا؛ درضمن	minwail
measles	سرخجه؛ سرخچه	mizalz
measurable	پیمایش پذیر	mezherabel
measure	اندازه؛ اقدام	mezher
measurement	سنجش؛ پیمایش	mezhermant
meat	گوشت	mit
mechanic	مکانیک	makanik / mikanik
mechanical	مکانیکی	makanikel
mechanics	مکانیک	makaniks
mechanism	مکانیزم	mekanizam
med	مسحور	med
medal	مدال	medel
meddle	فضولی کردن	medel
media	رسانه	midia
median	مادی	midian
mediate	وساطت کردن؛ میانجی شدن	midieyt
mediation	وساطت؛ شفاعت	midieyshen
mediator	میانجی	midieyter
medical	پزشکی	medakel / medikel
medication	دارو	medakeyshen
medicinal	دارایی؛ داروئی	madisanel
medicine	دارو	medasan
medieval	قرون وسطایی	midivel / midyivel
meditation	مراقبه	medateyshen
mediterranean	مدیترانه؛ دریای مدیترانه	medatereynian
medium	متوسط؛ رسانه	midiam
meek	افتاده؛ فقیرانه	mik
meet	ملاقات کردن	mit
meeting	جلسه	miting
melancholy	سودا زدگی	melankaali
melodious	بانوا؛ ملیح	malodias
melody	ملودی	meladi
melon	خربزه؛ خربوزه	melan
melt	گداختن؛ آب کردن	melt
member	عضو	member
membership	عضویت	membership
membrane	غشاء؛ شامه	membreyn
membranous	غشادار	membranas
memo	یادداشت	memo
memoir	خاطرات	memwaar
memorable	به یاد ماندنی	memerabel
memorandum	تذکاریه؛ شرکت نامه	memerandam
memorial	یادبود	mamoriel
memory	حافظه	memeri
menace	چشم زهره گرفتن؛ چشم زهره رفتن	menas / menis
mend	بندزدن	mend
meningitis	مننژیت	menanjaitas
mental	روانی؛ فکری	mentel
mentality	طرز فکر؛ قوه ذهنی	mentaliti
mentally	فکرا	mentali / menali
mention	اشاره کردن	menshen
mentor	مربی	mentor / menter
menu	منو	menyu
merchandise	متاع؛ مبیع	merchandaiz
merchant	بازرگان	merchant
merciful	رحیم؛ بخشنده	mersifel
mercurial	جیوه دار	merkyuriel
mercury	جیوه؛ سیماب	merkyeri
mercy	رحمت	mersi
mere	صرفاً	mir
merely	صرفاً	mirli
merge	ادغام کردن	merj
merger	ادغام	merjer
meridian	درجه کمال؛ مدار نصف النهار	meridian
merit	شایستگی	merat
merry	شنگ؛ شاد دل	meri
mesopotamia	بین النهرین	mesapateymia
message	پیام	mesaj / mesij
messenger	فرستاده؛ رسول	mesanjer / mesinjer
metabolism	متابولیزم؛ سوخت و ساز	matabalizam
metal	فلز	metel
metallic	روئین	matalik
metamorphosis	دگردیسی؛ مسخ	metamorfasas
metaphor	استعاره	metafor
metaphorically	بر سبیل استعاره	metaforikli
metaphysical	علوم معقول؛ ماوراء الطبیعی	metafizikel
metaphysics	ماوراءالطبیعه؛ ماوراء طبیعت	metafiziks
metastasis	هجوم مرض	matastasis
method	روش	methad
methodology	روش‌شناسی	methadaalaji
metre	متر	miter
metropolis	مادرشهر؛ شهر بزرگ	matraapalas
metropolitan	مطران؛ مطرانی	metrapaalatan
mettle	خمیره	metel
mexican	مکزیکی	meksakan
mexico	مکزیک؛ مکزیکو	meksako
michigan	میشیگان	mishigan
micro	میکرو؛ میلیونیم	maikro
microphone	میکروفن	maikrafon
microscope	ریزبین؛ میکروسکپ	maikraskop
midday	نیمروز	middey
middle	میانه	midel
middling	جمله مشترک	midaling / midling
midnight	نیمه‌شب	midnait
midst	میان	midst / mist
midway	وسط مسیر	midwey
midwife	ماما؛ ماماچه	midwaif
might	ممکن است (فعل کمکی)	mait
mighty	توانا؛ اقویا	maiti
migrate	کوچیدن؛ کوچ دادن	maigreyt
migration	مهاجرت	maigreyshen
migratory	مهاجرت کننده	maigratori
mild	نرم؛ ملایم	maild
mildly	نرم نرم	maildli
mile	مایل	mail
militant	شبه‌نظامی	milatant
military	نظامی	milateri / militeri
militia	شبه‌نظامیان	malisha / milisha
milk	شیر	milk
milky	شیری؛ شیردار	milki
mill	آسیاب	mil
millennium	هزاره؛ هزارمین سال	maleniam
miller	آسیابان؛ میلر	miler
million	میلیون	milyan
millionaire	میلیونر	milyaner
mimicking	ادا و اطوار	mimiking
min	مین	min
mind	ذهن، اهمیت دادن	maind
mindful	در فکر	maindfel
mine	مال من	main
miner	معدنچی	mainer
mineral	معدنی	minerel / minrel
mingle	در آمیختن	minggel
minimal	حداقل	minamel
minimize	به حداقل رساندن	minamaiz
minimum	اقل؛ حد اقل	minamam
mining	معدن	maining
minister	وزیر	minaster / minister
ministerial	اداری؛ وزارتی	ministiriel
ministry	وزارتخانه	minastri / ministri
minor	فرعی؛ اصغر	mainer
minority	اقلیت؛ صغارت	mainoriti / manoriti
mint	نعناع	mint
minus	منها	mainas
minute	دقیقه؛ دقیقه، بسیار کوچک	minat / mainut
miracle	معجزه	mirakel
miraculous	معجزه آمیز؛ معجزه آسا	merakyalas
mirror	آینه	mirer
miscarriage	عدمتوفیق	miskeraj
mischief	شیطانی؛ شیطنت	mischaf
mischievous	شریر؛ مفسد	mischavas
misconduct	بدرفتاری؛ سوء رفتار	miskaandakt
miserable	بدبخت	mizerabel / mizrabel
misery	بدبختی	mizeri
misfortune	بلا؛ بدبختی	misforchan
mislead	منحرف کردن؛ گمراه کردن	mislid
misleading	گمراه‌کننده	misliding
misled	گمراه؛ ضال	misled
misplaced	جابجا شده	mispleyst
misrule	سوء اداره	misrul
miss	از دست دادن، دلتنگ شدن	mis
missile	موشک	misel
missing	گمشده	mising
mission	ماموریت	mishen
missionary	مبلغ	misheneri
misspelled	مصحف	misspeld / mispeld
missy	دختر خانم	misi
mist	غبار	mist
mistake	اشتباه	misteyk
mistaken	مشتبه؛ اشتباهی	misteykan
mistress	معشوقه؛ کدبانو	mistras
misunderstand	بد شناختن؛ بد فهمیدن	misanderstand
misunderstanding	سوءتفاهم؛ سو تفاهم	misanderstanding
mix	آمیختن؛ آغشتن	miks
mixture	آمیزه؛ آمیختگی	mikscher
moan	لابه کردن؛ زاری کردن	mon
mob	اوباش	maab
mobile	متحرک، موبایل	mobel
mobility	تحرک	mobiliti
mobilize	بسیج کردن	mobalaiz
mock	مسخره کردن؛ استهزاء کردن	maak
mode	حالت	mod
model	مدل	maadel
moderate	متعادل	maaderat / maadereyt
moderately	معتدلانه	maaderatli
moderation	اعتدال؛ تعادل	maadereyshen
modern	مدرن	maadern
modest	متواضع	maadast
modesty	شرم؛ عفت	maadasti
modification	اصلاح	maadafakeyshen
modify	جرح و تعدیل کردن	maadafai
moist	تر؛ نمناک	moyst
moistened	نمزده	moysand
moisture	نمداری	moyscher
molasses	ملاس	malasaz
mold	قالب؛ کپک قارچی	mold
moldavia	ملداوی	moldeyvia / moldaavia
mole	خال	mol
molecular	مولکولی	malekyaler
molecule	مولکول؛ ملکول	maalakyul
moment	لحظه	momant
momentary	زود گذر	momanteri
momentum	تکانه	momentam
monarch	شهریار	maanaark
monarchist	سلطنت طلب	maanaarkist
monarchy	سلطنت؛ شهریاری	maanaarki
monastery	صومعه؛ خانقاه	maanasteri
monday	دوشنبه	mandi / mandey
monetary	مالی؛ پولی	maanateri
money	پول	mani
monitor	مبصر؛ تحت نظر گرفتن	maanater
monitoring	گوشیاری	maanatering
monk	راهب	mangk
monkey	میمون	mangki
monogram	امضای هنری	maanagram
monograph	ویژه نگاشت	maanagraf
monopoly	انحصار	manaapali
monotonous	یک نواخت	manaatanas
monotony	یکآهنگی؛ یکنواختی	manaatani
monsieur	مسیو	masyer
monster	هیولا	maanster
monstrosity	شرارت بسیار	maanstraasiti
month	ماه	manth
monthly	ماهانه	manthli
monument	بنای یادبود	maanyumant / maanyamant
mood	اوقات؛ حوصله	mud
moody	بدقلقی؛ بدقلق	mudi
moon	ماه	mun
moonlight	مهتاب	munlait
moonshine	ماهتاب	munshain
moral	اخلاقی؛ اخلاق	morel
morale	قوت قلب دادن	meral
morality	اخلاق	meraliti
morally	اخلاقا	morali
morbid	مرضی؛ وحشت آور	morbad
more	بیشتر	mor
moreover	علاوه بر این	morover
moribund	مشرف به موت	moraband
morning	صبح	morning
morose	ترشرو؛ بداخم	meros
morphin	مرفین	morfan
morsel	لقمه؛ مضغه	morsel
mortal	فانی؛ هلاهل	mortel
mortality	میرش؛ مرگومیر	mortaliti
mortar	ساروج؛ هاون	morter
mortgage	رهن	morgaj / morgij
mortification	ریاضت	mortafkeyshen
mortify	ریاضت دادن	mortifai
mosaic	بهم پیوستن	mozeyik
moscow	مسکو	maasko / moskau
mosque	مسجد	maask / mosk
moss	خزه؛ پژه	mos
most	بیشتر	most / mos
mostly	بیشتر اوقات	mostli / mosli
mother	مادر	madher
motherland	میهن و؛ مادر میهن	madherland
motherly	مادرانه؛ مادروار	madherli
motif	موتیف؛ مایه اصلی	motif
motile	قادر بحرکت؛ قادر بجنبش	motel
motion	حرکت	moshen
motionless	بی حرکت؛ بی جنبش	moshenlas
motivate	انگیزه دادن	motaveyt
motivation	انگیزه	motaveyshen
motive	انگیزه	motiv
motor	موتور	moter
motorcycle	موتورسیکلت	motersaikel
motorist	راننده	moterist
motto	نصبالعین؛ سخن زبده	maato
mould	کپک؛ قالب کردن	mold
mound	پشته؛ خرپشته	maund
mount	سوار کردن؛ سوار شدن	maunt
mountain	کوه	mauntan
mountainous	کوهی؛ کوهستانی	mauntanas
mourn	ماتمگرفتن؛ نوحه کردن	morn
mournful	عزادار؛ سوگوار	mornfel
mouse	موش	maus
mouth	دهان	mauth
mouthpiece	سرنی	mauthpis
movable	متحرک	muvabel
move	حرکت کردن	muv
movement	جنبش، حرکت	muvmant
movie	فیلم	muvi
moving	متحرک، تأثیرگذار	muving
mr	آقا؛ عنوان خطاب مردان	mister
mrs	خانم	misiz
much	زیاد	mach
mucous	مخاطی	myukas
mucus	بلغم؛ خلط	myukas
mud	گل؛ طین	mad
muddy	گلی؛ گلزار	madi
mug	ساده لوح	mag
mule	استر	myul
multiple	مضاعف؛ متعدد	maltapel
multiplication	ضرب؛ تکثیر	maltaplakeyshen
multiplicity	تعدد	maltaplisiti
multiply	تکثیر کردن؛ ضرب زدن	maltaplai
multitude	انبوه؛ گروه بسیار	maltatud / maltatyud
mum	مامان	mam
mumbling	من من	mambaling / mambling
mummy	مومیایی	mami
mundane	دنیوی	mandeyn
municipal	شهری	myunisapel
municipality	شهرداری؛ بلدیه	myunisapaliti
murder	قتل؛ کشتن	merder
murderer	قاتل؛ آدم کش	merderer
murderous	خونریز	merderas
murmur	زمزمه؛ شرشر کردن	mermer
muscle	ماهیچه؛ عضله	masel
muscular	عضلانی؛ پرعضله	maskyaler
museum	موزه	myuziam
mushroom	سماروغ	mashrum
music	موسیقی	myuzik
musical	موسیقایی	myuzikel
musician	موسیقیدان	myuzishen
muslin	ململ	mazlan
must	باید (فعل کمکی)	mast
mustache	سبیل	mastash
mustard	خردل؛ درخت خردل	masterd
musty	بوی ناگرفته	masti
mutation	جهش	myuteyshen
mute	صامت؛ لال	myut
mutter	ورور کردن؛ من من	mater
mutual	متقابل	myuchuel
mutually	متقابلا؛ مانعهالجمع	myuchuali
muzzle	پوزه؛ پوزبند	mazel
my	مال من	mai
myself	خودم	maiself
mysterious	غیب؛ مرموز	mistirias
mysteriously	به‌طور اسرارآمیز	mistiriasli / mistiryasli
mystery	رمز؛ راز	misteri
mystic	عارف؛ صوفی	mistik
mystical	عارفانه؛ صوفیانه	mistikel
mysticism	درویشی؛ تصوف	mistisizam
myth	اسطوره	mith
mythology	اسطوره شناسی؛ علم اساطیر	mathaalaji
na	جنب؛ سینمایی	naa
nag	نق زدن؛ نق نقو	nag
nail	میخ؛ ناخن	neyl
naive	زودباور؛ ساده دل	naiiv
naivete	زودباوری؛ ساده دلی	naaivatey
naked	برهنه	neykad
name	نام، نامیدن	neym
namely	یعنی	neymli
namesake	همنام؛ هم اسم	neymseyk
nap	چرت؛ خواب کوتاه	nap
napkin	دستمال؛ سینه بند	napkin
naples	ناپل	neypalz
narrate	نقل کردن؛ حکایت کردن	nereyt
narration	نقل؛ نقالی	nereyshen
narrative	روایت؛ نقلی	narativ / nerativ
narrator	گوینده؛ راوی	nereyter
narrow	باریک	nero / naro
nasal	تو دماغی	neyzel
nascent	درحال تولد	neysant
nashville	نشویل	nashvil
nasty	ناخوشایند	nasti
natal	تولدی؛ مولودی	neytel / nataal
nation	ملت؛ کشور	neyshen
national	ملی	nashenel / nashnel
nationalism	ناسیونالیزم؛ ملت پرستی	nashenalizam
nationalist	ناسیونالیست؛ ملت دوست	nashenalast / nashenalist
nationality	ملیت؛ قومیت	nashenaliti
nationwide	سراسری	neyshenwaid
native	محلی؛ بومی	neytiv
natural	طبیعی	nacherel / nachrel
naturally	طبیعتاً؛ به‌طور طبیعی	nacherali / nachrali
nature	طبیعت	neycher
naughty	بلا؛ شریر	noti
nausea	تهوع؛ آشب	nozia
naval	دریایی	neyvel
navigable	قابل کشتیرانی	navagabel
navigation	ناوبری	navageyshen
navy	بحریه؛ کشتی جنگی	neyvi
near	نزدیک	nir
nearby	نزدیک	nirbai
nearly	تقریباً	nirli
neat	مرتب	nit
neatness	نظافت	nitnas
nebraska	نبراسکا	nabraska
nebulous	شبیه سحاب	nebyalas
necessarily	لابد؛ لزوما	nesaserali
necessary	ضروری	nesaseri
necessitate	اقتضاء کردن؛ ایجاب کردن	nasesateyt
necessity	ضرورت	nasesiti
neck	گردن	nek
necklace	عقد؛ طوق	neklas
necrosis	بافت مردگی؛ موت موضعی	nakrosas
nee	نامیده شده	ni
need	نیاز؛ نیاز داشتن	nid
needful	محتاج	nidfel
needle	سوزن	nidel
needless	مستغنی؛ بی نیاز	nidlas
needy	مستمند؛ نیازمند	nidi
negation	نفی	nageyshen
negative	منفی	negativ
neglect	غفلت کردن، غفلت	naglekt / niglekt
negligence	غفلت؛ اهمال	neglajans / neglijans
negligent	غافل؛ فروگذار	neglajant / neglijant
negligible	قابل فراموشی	neglajabel / neglijabel
negotiate	مذاکره کردن	nagoshieyt / nigoshieyt
negotiation	مذاکره	nigoshieyshen
negotiator	مذاکره کننده	nagoshieyter / nigoshieyter
negro	زنگی؛ سیاه پوست	nigro
neighbor	همسایه	neyber
neighborhood	مجاورت؛ همسایگی	neyberhud
neighbour	همسایه	neyber
neighbourhood	حوالی	neyberhud
neighbouring	همسایه	neybering
neither	هیچ یک (از دو)	nidher / naidher
nephew	خواهرزاده؛ برادر زاده	nefyu
nerve	عصب؛ جرئت	nerv
nervous	عصبی	nervas
nervousness	عصبانیت؛ عصبیت	nervasnas
nest	لانه	nest
net	خالص	net
network	شبکه	netwerk
neuron	یاخته عصبی	nuraan
neutral	بی‌طرف	nutrel
neutrality	بیطرفی؛ نادرگیری	nutraliti
nevada	نوادا	navaada / navada
never	هرگز	never
nevertheless	باوجوداین؛ لهذا	neverdhales
new	جدید	nu / nyu
newcomer	نورسیده؛ نوآیند	nukamer
newly	به تازگی	nuli
newness	حداثت؛ بداعت	nunas
news	اخبار	nuz / nyuz
newsletter	خبرنامه	nuzleter
newspaper	روزنامه	nuzpeyper
newton	نیوتن	nutan
next	بعدی	nekst / neks
next to	کنار	nekst / neks tu / ti
nice	خوب، زیبا	nais / nis
nicely	بخوبی	naisli
niche	موقعیت مناسب، طاقچه	nich
nickel	نیکل؛ آب نیکل دادن	nikel
nickname	کنیه؛ اسم فرعی	nikneym
niece	خواهرزاده؛ برادر زاده	nis
night	شب	nait
nightfall	شبانگاه	naitfol
nightly	شبانه؛ هر شب	naitli
nightmare	کابوس؛ بختک	naitmer
nighttime	شبانگه	naittaim
nimble	چابک؛ چالاک	nimbel
nimrod	نمرود	nimraad
nine	نه	nain
nineteen	نوزده	naintin
ninety	نود	nainti
ninth	یک نهم؛ درنهمین درجه	nainth
nip	زخمنیشگون؛ دردناک بودن	nip
nipper	فندق شکن	niper
nipple	پستانک؛ نوک پستان	nipel
nitrate	شوره	naitreyt
nitrogen	نیتروژن؛ ازت	naitrajan
no	نه، هیچ	no
nobility	نجابت؛ نجبا	nobiliti
noble	نجیب	nobel
nobleman	نجیب زاده	nobalman
nobody	هیچ کس	nobaadi / nobadi
nocturnal	شبانه؛ شبانگاهی	naakternel
nod	سر تکان دادن	naad
node	گره	nod
nodular	گره دار؛ قلنبه شده	naajaler
nodule	قلنبه کوچک	naajul
noise	سر و صدا	noyz
noisy	پر سر و صدا	noyzi
nomenclature	مجموعه لغات	nomankleycher
nominal	اعتباری؛ اسمی	naamanel
nominate	نامزد کردن	naamanat / naamaneyt
nomination	نامزدی	naamaneyshen
nominee	نامزد	naamani
nonchalance	سهل انگاری	naanshalaans
nonconformist	نامقلد؛ ناپیرو	naankanformist
nondescript	وصف ناپذیر	naandiskript
none	هیچ کدام	nan
nonetheless	با این حال	nandhales
non-profit	غیرانتفاعی	naanprofit / naanprofat
nonsense	بی‌معنی	naansens
noon	ظهر	nun
no one	هیچ کس	no wan
noose	خفت کردن؛ در کمند انداختن	nus
nor	و نه؛ همچنین نه	nor
norm	هنجار	norm
normal	عادی	normel
normalize	عادی کردن	normalaiz
normally	به طور عادی	normali / normli
north	شمال	north
northeast	شمال شرقی؛ شمال شرق	northist
northerly	شمالً	nordherli
northern	شمالی	nordhern
northward	شمالا؛ قسمت شمالی	northwerd
northwest	شمال غربی؛ شمال قرب	northwest
northwestern	شمال غربی؛ شمال قربی	northwestern
nose	بینی	noz
nostrils	منخرین	naastralz
not	نه	naat
notable	قابل توجه	notabel
notables	عظام	notabalz
notably	به ویژه	notabli
notch	فرورفتگی؛ چوبخط زدن	naach
note	یادداشت	not
notebook	دفترچه یادداشت	notbuk
noteworthy	گفتنی؛ قابل دقت	notwerdhi
nothing	هیچ چیز	nathing
notice	اطلاع، متوجه شدن	notas / notis
notify	اطلاع دادن	notafai
notion	صرافت	noshen
notorious	بدنام	notorias
notoriously	علانیتا	notoriasli
noun	اسم	naun
nourish	قوت دادن	nerish
nourishing	مغذی	nerishing
nourishment	غذا؛ تغذی	nerishmant
nous	قوه ادراک	nus
novel	رمان؛ رمان، جدید	naavel
novelist	رمان‌نویس	naavalast
novelty	طرفه؛ تازگی	naavalti
november	نوامبر	november
novice	جدیدالایمان؛ مبتدی	naavas
now	الان	nau
nowadays	امروزه	nauadeyz
nowhere	هیچ جا	nower / nohwer
noxious	مضر	naakshas
nuclear	اتمی؛ هسته ای	nuklier
nucleus	هسته؛ هستک	nuklias
nudging	سقلمه	najing
nuisance	مایه رنجش	nusans
null	تهی	nel
nullify	لغو کردن	nalafai
numb	سر؛ بیحس کردن	nam
number	شماره؛ شماره گذاری کردن	namber
numbness	خدر؛ خواب رفتگی	namnas
numerical	عددی؛ رقومی	numerakel / numerikel
nun	راهبه؛ زن تارک دنیا	nan
nur	نور	nur
nurse	پرستار	ners
nursery	مهد کودک	nerseri
nursing	پرستاری	nersing
nut	آجیل	nat
nutrient	ماده مغذی	nutriant
nutrition	تغذیه	nutrishen
nutshell	ملخص کلام	natshel
oar	پارو	or
oasis	واحه	oeysis
oath	سوگند؛ یمین	oth
obdurate	سرخت؛ سخت دل	aabderat
obedience	اطاعت؛ تمکین	obidians
obedient	مطیع؛ چاکر	obidiant
obese	تپل	obis / abis
obesity	چاقی	obisiti / abisiti
obey	چاکری کردن؛ فرمانبرداری کردن	obey
object	شیء	aabjekt / abjekt
objection	اعتراض	abjekshen
objectionable	ناشایسته؛ قابل اعتراض	abjekshenabel
objective	هدف؛ عینی	abjektiv
obligation	فرض؛ التزام	aablageyshen
obligatory	الزام آور	abligatori
oblige	مجبور کردن	ablaij
obliging	منت گذار	ablaijing
oblique	مورب	ablik
obliterate	معدوم کردن؛ در نوشتن	ablitereyt
oblivion	فراموشی	ablivian
oblivious	فراموشکار	ablivias
obnoxious	گزندآور؛ زیان بخش	aabnaakshas
obscure	تار؛ غامض	abskyur
obscurity	تیرگی؛ تعسر	abskyuriti
obsequious	مزاج گو	absikwias
observant	مراقب؛ مراعات کننده	abzervant
observation	ملاحظه؛ تماشا	aabzerveyshen
observe	ملاحظه کردن؛ مشاهده کردن	abzerv
observer	ناظر	abzerver
obsess	وسواس داشتن	abses
obsession	وسواس	abseshen
obsolete	مهمل؛ مهجور	aabsalit
obstacle	مانع	aabstakel
obstinacy	معاندت؛ خیره سری	aabstanasi
obstinate	معاند؛ متعند	aabstanat
obstruct	اشکالتراشی کردن؛ کارثکنی کردن	abstrakt
obstruction	گرفتگی؛ سده	abstrakshen
obtain	اخذ کردن؛ اکتساب کردن	abteyn
obtainable	قابل حصول؛ بدست آوردنی	abteynabel
obvious	پیدا؛ آشکار	aabvias
occasion	مناسبت؛ اقتضاء	akeyzhen
occasional	گاه به گاه	akeyzhenel
occasionally	گاهی؛ گهگاه	akeyzhenali / akeyzhnali
occupancy	سکونت	aakyapansi
occupation	شغل	aakyapeyshen
occupy	اشغال کردن	aakyapai
occur	رخ دادن	aker
occurrence	وقوع	akerans
ocean	اقیانوس	oshen
o'clock	ساعت	aklaak
october	اکتبر	aaktober
ocular	چشمی؛ باصرهای	okyuler
odd	فرد؛ عجیب	aad
odds	شانس	aadz
ode	چکامه	od
odious	نفرت انگیز؛ کراهت آور	odias
odor	عطر؛ رایحه	oder
oeuvre	کار عمده؛ کار حیاتی	uvra / erv
of	از	av
off	خاموش، خارج از	of
offend	دلگیرکردن؛ اهانت کردن	afend
offender	متخلف	afender
offense	خلاف؛ اهانت	afens
offensive	رنجاننده؛ موهن	afensiv
offer	پیشنهاد، پیشنهاد دادن	ofer
offering	پیشنهاد	ofering / ofring
offhand	بداهه؛ بی تهیه	ofhand
office	دفتر	ofis
officer	افسر	ofaser / ofiser
official	مقام؛ رسمی	afishel
officially	رسما؛ رسمانه	afishali
offset	افست	ofset
offspring	فرزندان	ofspring
oft	کثیر الوقوع	oft
often	اغلب	ofan / oftan
oh	اوه	o
oil	روغن	oyl
oily	چرب؛ دهنی	oyli
ointment	مرهم؛ مالیدنی	oyntmant
ok	خوب	okey
okay	صحیح است	okey
old	پیر، قدیمی	old
olive	زیتون؛ درخت زیتون	aalav / aaliv
omelet	خاگینه	aamlat
omen	فال؛ اوعور	oman
ominous	شوم؛ نامیمون	aamanas
omission	افتادگی؛ فروگذاری	omishen
omit	حذف کردن؛ از قلم انداختن	omit
omnipotence	قدرت مطلق؛ قادر مطلق	aamnipatans
on	بر روی	aan / on
once	یک بار	wans
oncoming	روی دهنده؛ جلو رونده	onkaming
one	یک	wan
onerous	کمر شکن؛ طاقت فرسا	oneras
oneself	خویش؛ خود شخص	wanself
ongoing	در حال انجام	aangoing / ongoing
onion	پیاز	anyan
online	آنلاین	onlain
only	فقط	onli
onto	روی	aantu / ontu
onward	بجلو؛ به پیش	onwerd
opal	عینالهر؛ عین الشمس	opel
opaque	مات؛ غیر شفاف	opeyk
open	باز، باز کردن	opan
opening	دهانه؛ افتتاح؛ فرصت شغلی	opaning
openly	آشکارا	opanli
opera	اپرا	aapra
operation	عملیات؛ عمل جراحی	aapereyshen
operational	عملیاتی	aapereyshenel
operator	اپراتور	aapereyter
opinion	نظر	apinyan
opium	افیون؛ تریاک	opiam
opponent	مقاوم؛ دشمن	aponant
opportune	بموقع؛ بهنگام	aapertun
opportunity	فرصت	aapertuniti
oppose	مخالفت کردن؛ متضاد کردن	apoz
opposite	مقابل، روبرو	aapazat / aapzat
opposition	مخالفت؛ طرفیت	aapazishen
oppress	جور کردن؛ جبر کردن	apres
oppressed	مظلوم؛ مظلومیت	aprest
oppression	جور؛ بیداد	apreshen
oppressive	ستمگر؛ زورگو	apresiv
oppressors	مستبدین	apreserz
opt	انتخاب کردن	aapt
optic	چشمی؛ شیشه عینک	aaptik
optical	نوری	aaptikel
optimism	خوشبینی	aaptamizam
optimistic	خوشبین	aaptamistik
option	گزینه	aapshen / opshen
optional	اختیاری؛ خیاری	aapshenel / opshenel
or	یا	or / er
oral	شفاهی	orel
orange	پرتقال، نارنجی	oranj / orinj
oration	خطابه	oreyshen
orator	نطاق؛ خطیب	orater
oratory	شیوهسخنرانی؛ سخن پردازی	oratori
orb	کروی شدن	orb
orbit	مدار؛ دور گشتن	orbat
orchard	باغ؛ درختستان	orcherd
orchestra	ارکستر	orkastra
ordain	وضع کردن	ordeyn
ordeal	کار شاق	ordil
order	سفارش، سفارش دادن	order
orderly	نظمی؛ مصدر	orderli
ordinary	معمولی	ordaneri
ordnance	تخشایی	ordnans
ore	سنگ معدن	or
organ	عضو؛ آلت	organ
organic	ارگانیک	organik
organism	اندامگان؛ سازواره	organizam
organization	سازمان	organazeyshen
organizational	سازمانی	organazeyshenel
organize	سازماندهی کردن	organaiz
organizer	موسس؛ برگزار کننده	organaizer
orient	شرق؛ درخشندگی بسیار	orient
oriental	شرقی؛ مشرقی	orientel / orienel
orientation	جهت‌گیری	orienteyshen
origin	ریشه؛ اصل	orajan
original	اصلی	erijanel
originate	سرچشمه گرفتن	erijaneyt
originator	بنیانگذار؛ سبب ساز	erijaneyter
ornament	زینت؛ زیور	ornamant
orphan	یتیم؛ پدرمرده	orfan
orphanage	پرورشگاه؛ یتیم خانه	orfanaj
orthodox	فریور؛ راشد	orthadaaks
oscillation	نوسان	aasaleyshen
ossify	استخوانی کردن؛ استخوانی شدن	aasafai
ostensible	قابل نمایش	aastensabel
osteoporosis	پوکی استخوان	ostiaaperosis
ostrich	شتر مرغ	ostrich
other	دیگر	adher
otherwise	والا؛ وگرنه	adherwaiz
ounce	اونس	auns
our	مال ما	auer / aur
ours	ما	auerz / aarz
ourselves	خودمان	auerselvz / aarselvz
out	بیرون	aut
outbreak	شیوع	autbreyk
outcome	مآل؛ برآمد	autkam
outdated	قدیمی شده	autdeytid
outdoing	بس پردازی	autduing
outer	بیرونی	auter
outfit	لباس	autfit
outflow	بیرون ریزی؛ جریان بخارج	autflo
outing	گردش	auting
outlaw	یاغی؛ ممنوع ساختن	autlo
outlet	خروجی	autlet
outlive	بیشتر دوام آوردن	autliv
outlook	چشم‌انداز	autluk
outlying	پرت	autlaiing
outpost	پایگاه مرزی	autpost
output	خروجی	autput
outrage	خشم	autreyj
outrageous	عصبانی کننده؛ بیداد گرانه	autreyjas
outright	یکجا	autrait
outset	ابتدا	autset
outside	بیرون	autsaid
outsider	بیگانه	autsaider
outskirts	حومه	autskerts
outspoken	رو دار؛ بی پرده	autspokan
outstanding	برجسته	autstanding
outward	به‌طرف خارج	autwerd
outwards	به‌طرف خارج	autwerdz
outweigh	مهمتربودن از	autwey
oval	بادامی	ovel
ovarian	تخمدانی	overian
ovary	تخمدان	overi
oven	فر	avan
over	روی، تمام شده	over
overall	بالاپوش؛ لباس کار	overol
overbearing	منکوب گر؛ طاقت فرسا	overbering
overboard	بدریا؛ روی کشتی	overbord
overcoat	پالتو	overkot
overcome	غلبه کردن	overkam
overdue	سر رسیده؛ موعد رسیده	overdu
overflow	طغیان؛ آگندن	overflo
overhead	بالاسری	overhed
overhear	استراق سمع کردن	overhir
overlap	اشتراک داشتن؛ روی هم افتادن	overlap
overloaded	گرانبار؛ گران بار شدن	overlodid
overlook	نادیده گرفتن	overluk
overly	بیش از حد	overli
overnight	یک شبه	overnait
overseas	خارج از کشور	oversiz
oversee	نظارت کردن	oversi
overseer	سرکار	oversier
overshadow	تحت الشعاع قراردادن	overshado
overt	نپوشیده	overt
overthrow	سرنگونی؛ منقرض کردن	overthro
overthrown	منقرض؛ مظمحل	overthron
overture	آغاز عمل؛ پیش درآمد	overcher
overturn	واژگون کردن	overtern
overwhelm	غرق کردن	overwelm / overhwelm
overwhelming	طاقت فرسا	overwelming / overhwelming
ovum	تخم؛ تخمک	ovam
owe	مدیون بودن؛ بدهکار بودن	o
owing	مقروض	oing
owl	جغد؛ بوف	aul
own	خود، داشتن؛ داشتن	on
owner	مالک	oner
ownership	مالکیت	onership
ox	نره گاو	aaks
oxford	اکسفورد؛ آکسفورد	aaksferd
oxidation	ترکیب اکسیژن	aaksadeyshen
oxide	اکسید	aaksaid
oxygen	اکسیژن	aaksajan / aaksijan
oxygenated	اکسیژنه	aaksajaneytid
ozone	اوزون	ozon
pace	شلنگ؛ خرام	peys
pacific	صلح جو	pasifik
pacifier	آرام کننده	pasafaier
pacify	آرامش دادن	pasafai
pack	بسته بندی کردن	pak
package	بسته	pakaj / pakij
packet	بسته	pakat / pakit
pad	پد	pad
paddle	پارو زدن	padel
pagan	مشرک؛ غیر مسیحی	peygan
page	صفحه	peyj
pain	درد	peyn
pained	منقش	peynd
painful	دردمند؛ رنجور	peynfel
painless	بیدرد	peynlas
painstaking	رنجبر؛ زحمت کش	peynsteyking
paint	نقاشی کردن، رنگ	peynt
painter	نقاش	peynter
painting	نقاشی	peynting
pair	جفت	per
pal	رفیق شدن	pal
palace	کاخ	palas
palate	سق؛ حنک	palat / palit
pale	رنگ‌پریده؛ کم‌رنگ	peyl
pallet	ماله صافکاری	palat
pallid	کم رنگ	palad
palm	کف دست	paam / paalm
palpable	قابل لمس	palpabel
palsy	زمین گیری	polzi
pampered	نازپرورده	pamperd
pamphlet	جزوه	pamflat
pamphleteer	جزوه نویس	pamflatir
pan	گودال آب	pan
panama	پاناما	panamaa
pancake	نان ساجی	pankeyk
pane	قاب شیشه	peyn
panel	تخته کوبی کردن	panel
pang	سوزش ناگهانی	pang
panic	وحشت	panik
panoply	کاملا مجهز؛ سلاح کامل	panaapli
panorama	چشم انداز	panerama
panting	له له	panting
pantry	گنجه؛ دولاب	pantri
pants	شلوار	pants
papa	کشیش ناحیه	paapa
paper	کاغذ	peyper
paperwork	کاغذ بازی	peyperwerk
parade	رژه	pereyd
paradise	رضوان؛ عدن	peradais
paradoxical	مهمل نما	peradaaksikel
paraffin	پارافین	perafan
paragraph	پاراگراف	paragraf / peragraf
parallel	موازی	peralel
paralysis	فلج؛ لقوه	peralasas / peralisis
paralytic	فالج؛ افلیج	peralitik
paralyze	لنگ کردن؛ فلج کردن	peralaiz
parameter	پارامتر	peramater
parapet	دیواره	perapet
paraphrase	تاویل؛ تاویل کردن	perafreyz
paraplegia	فلج پا؛ پا فلجی	peraplijia
parasite	انگل؛ طفیلی	perasait
parasitic	انگلی؛ پارازیتی	perasitik
parcel	بسته؛ رزمه	paarsel
pardon	بخشش؛ آمرزش	paardan
parent	والد	perant
parental	والدین	perentel
parents	اولیاء؛ والدین	perants
parietal	جداری	peraiatel
paris	پاریس	peris / paris
parish	اهل محله	parish / perish
park	پارک، پارک کردن	paark
parking	پارکینگ	paarking
parliament	مجلس؛ کنگره	paarlamant
parliamentary	پارلمانی؛ مجلسی	paarlamenteri / paarlameneri
parole	عفو مشروط؛ قول مردانه	perol
parquet	محل ارکسترنمایش؛ باچوب فرش کردن	paarkey
parrot	طوطی	perat
parry	دورسازی	peri
part	قسمت	paart
partake	بهره داشتن؛ قسمت بردن	paarteyk
partial	موضعی؛ طرفدارانه	paarshel
partiality	جانب داری	paarshialiti
participant	حاضر؛ شریک	paartisapant
participate	شرکت کردن؛ مشارکت کردن	paartisapeyt
participation	مشارکت	paartisapeyshen
particle	ریزه؛ ذره	paartakel / paartikel
particular	خاص	pertikyaler / paatikyaler
particularly	به‌ویژه	paartikyalerli / pertikyalerli
partisan	پارتیزان	paartazan
partisanship	هواداری	paartazanship
partition	افراز؛ انقسام	paartishen
partly	یک چند؛ دریک جزء	paartli
partner	همکار، شریک	paartner
partnership	مشارکت	paartnership
part-time	پاره‌وقت	paarttaim
party	مهمانی، حزب	paarti
pas	گام رقص	paaz
pass	رد شدن، گذراندن	pas
passage	گذرگاه؛ قطعه متن	pasaj / pasij
passenger	مسافر	pasanjer
passion	شهوت؛ شور	pashen
passionate	پرشور	pashenat
passive	بیبهره؛ انفعالی	pasiv
passport	گذرنامه	pasport
password	رمز عبور	paswerd
past	گذشته	past
paste	خمیر؛ چسب	peyst
pastime	کاروقت گذران	pastaim
pastor	شبان	paster
pasture	چراندن؛ چراگاه	pascher
pat	به‌طور مناسب	pat
patch	وصله؛ جالیز	pach
patchwork	کارسرهم بندی؛ وصله دوزی	pachwerk
patent	منشور؛ امتیاز نامه	patant
paternal	از پدر	paternel
path	معبر	path
pathetic	تاثرآور	pathetik
pathfinder	بلد راه	pathfainder
pathogenic	مرض خیز	pathajenik
pathological	پاتولوژی	pathalaajikel
pathologist	مرض شناس؛ آسیب شناس	pathaalajast
pathology	پاتولوژی؛ مرض شناسی	pathaalaji
patience	صبر	peyshens
patient	بیمار	peyshent
patiently	صبورانه	peyshentli
patriarch	شیخ؛ پدرشاه	peytriaark
patriot	پاتریوت؛ وطن پرست	peytriat
patriotic	وطن دوستی	peytriaatik
patriotism	وطن پرستی؛ وطن دوستی	peytriatizam
patrol	گشت؛ گشتی	patrol
patron	مشوق	peytran
patter	لهجه محلی	pater
pattern	الگو	patern
pauper	گدا؛ بی نوا	poper
pause	مکث کردن، مکث	poz
paved	سنفرش شده	peyvd
pavement	فرش؛ سنگفرش	peyvmant
pavilion	جایگاه؛ درکلاه فرنگی	pavilyan
paw	پنجه؛ پنجه زدن	po
pawn	گرو؛ گرو گذاشتن	pon
pay	پرداخت؛ پرداخت کردن	pey
payable	دادنی؛ پرداختنی	peyabel
payment	اجاره؛ پرداخت	peymant
pea	نخود	pi
peace	صلح	pis
peaceable	صلح دوست	pisabel
peaceful	مسالمتآمیز؛ مسالم	pisfel
peacefully	از راه مسالمت	pisfali
peak	فرق؛ قله	pik
peal	صدای پیوسته؛ صدای مسلسل	pil
pear	گلابی؛ امرود	per
pearl	مروارید؛ مرواریدی	perl
peasant	رعیت	pezant
peasantry	رعایا؛ دهقانی	pezantri
peck	نوک زدن؛ نک زدن	pek
pectoral	صدری	pekterel
peculiarity	غرابت	pikyulieriti
pecuniary	جریمه دار	pekyunieri
pedal	رکاب؛ پدال	pedel
pedantic	ملانقطی	padantik
peddler	دورگرد؛ دوره گرد	pedler
pedestal	پایه؛ پایه مجسمه	pedastel
pedestrian	پیاده؛ رهگذر	padestrian
peeled	پوست کنده	pild
peeling	پوست کنی	piling
peep	جیک زدن؛ نیش آفتاب	pip
peer	همتا	pir
peerage	مقام اشرافی	piraj
peg	میخچوبی؛ شبیه میخ	peg
pelt	پوستک؛ خامسوز	pelt
pelvic	لگنی	pelvik
pelvis	لگن؛ لگن خاصره	pelvas
pen	خودکار	pen
penal	مجازاتی؛ کیفری	pinel
penalty	جریمه	penalti
pencil	مداد	pensel
pending	امر معلق	pending
pendulum	آونگ؛ پاندول	penjalam
penetrate	نفوذ کردن؛ رخنه کردن	penatreyt
penetrating	ثاقب؛ نافذ	penatreyting
penetration	نفوذ؛ رسوخ	penatreyshen
peninsula	شبه جزیره	paninsala
penis	دول؛ چر	pinis
penitentiary	ندامتی؛ ندامتگاه	penitencheri
penniless	نادار؛ بی زر	penilas
pennsylvania	پنسیلوانیا	pensalveynya
penny	پنی	peni
pension	مستمری؛ مقرری	penshen
pensioner	وظیفهخوار؛ مستمری بگیر	penshener
pensive	گرفتار غم	pensiv
penthouse	ساباط؛ کبوتر خانه	penthaus
people	مردم	pipel
pepper	فلفل	peper
per	در هر	per
perceive	درک کردن	persiv
per cent	درصد	per sent
percent	درچند؛ درصد	persent
percentage	درصد؛ سدیاچند	persentaj / persenaj
perceptible	ادراک شدنی	perseptabel
perception	ادراک	persepshen
perch	جایگاه بلند	perch
peremptory	حکمی؛ شتاب آمیز	perempteri
perfect	کامل	perfekt / perfikt
perfection	کمال؛ بی عیبی	perfekshen
perfectly	بکمال	perfaktli / perfakli
perforated	سوراخ شده؛ خلل و فرج دار	perfereytid
perforations	مسئله؛ مسام	perfereyshenz
perform	اجرا کردن	perform
performance	اجرا؛ طرز کار	performans
performer	کننده؛ مرتکب	performer
perfume	عطر؛ نکهت	perfyum
perfumed	معطر؛ مطیب	perfyumd
perhaps	شاید	perhaps
peril	بیم زیان	perel
period	دوره	piriad
periodic	دوری؛ تناوبی	piriaadik
periodical	مجله؛ نوبتی	piriaadikel
peripheral	جنبی؛ پیرامونی	periferel / perifrel
perish	فاسدشدن؛ هلاک شدن	perish
permanent	پایدار؛ ماندنی	permanant
permanently	به طور دائمی	permanantli
permissible	مجاز؛ روا	permisabel
permission	اجازه	permishen
permit	پروانه؛ پته	permit
pernicious	نابود کننده	pernishas
perpendicular	عمودی؛ ستون وار	perpandikyaler
perpetual	ابد	perpechuel
perpetually	بر سبیل استمرار	perpechuali
perpetuate	جاودانی ساختن	perpechaweyt
perplexed	حیرت زده	perplekst
perplexity	حیرت؛ سرگردانی	perpleksiti
perseverance	ابرام؛ پشتکار	persavirans
persian	فارسی؛ ایرانی	perzhen
persist	پیله کردن؛ پافشاری کردن	persist
persistence	سماجت؛ پافشاری	persistans
persistent	ماندگار؛ سمج	persistant
persistently	مصرانه؛ مصرا	persistantli
person	شخص	persan
personal	شخصی	persinel
personality	شخصیت	persanaliti
personally	شخصاً؛ بنفسه	persanali / persanli
personification	همانند دیگری	persaanafakeyshen
personified	مجسم	persaanafaid
personnel	پرسنل؛ اعضا اداری	persanel
perspective	لحاظ؛ چشمانداز	perspektiv
perspiration	تعریق؛ رشحه	perspereyshen
perspire	عرق کردن؛ عرق ریختن	perspair
persuade	اغواکردن؛ راضی کردن	persweyd
persuasion	ترغیب؛ متقاعد سازی	persweyzhen
peru	پرو	peru
perversion	بدراهی	perverzhen
pest	مرگی	pest
pestilence	طاعون؛ بیماری طاعون	pestalans
pet	حیوان خانگی	pet
petersburg	پترزبورگ	piterzberg
peterson	پیترسون	pitersan
petition	عرضحال؛ دادخواست	patishen
petitioner	متظلم؛ دادخواه	patishener
petitioning	استرحام؛ جدید الورودی	patishening
petrified	متحجر	petrafaid
petrol	بنزین	petrol
petroleum	نفت؛ نفت خام	patroliam
pettiness	دونی	petinas
petulance	کج خلقی؛ زود رنجی	pechalans
phantasm	ظاهر فریبنده	fantazam
phantom	طیف؛ شبه	fantam / fanam
pharynx	حلقوم؛ گلوگاه	feringks
phase	وجه؛ مرحله	feyz
pheasant	تذرو	fezant
phenomenon	پدیده؛ حادثه	fanaamanaan
philadelphia	فیلادلفیا	filadelfia
philanthropic	بشردوست؛ نوعدوست	filanthraapik
philanthropist	بشردوست	falanthrapast / filanthrapist
philanthropy	بشردوستی؛ نوعپرستی	filanthrapi
philippine	فیلیپین	filapin
philippines	فیلیپین	filapinz
philosopher	فیلسوف	falaasafer
philosophical	فلسفی	filasaafikel
philosophy	فلسفه؛ حکمت	falaasafi
phoenix	سمندر؛ سیمرغ	finiks
phone	تلفن، تماس گرفتن	fon
phosphorus	فسفر	faasferas
photo	عکس	foto
photograph	عکس؛ عکس گرفتن	fotagraf
photographer	عکاس؛ عکس بردار	fataagrafer
photographic	عکسی	fotagrafik
photography	عکاسی؛ عکس برداری	fataagrafi
phrase	عبارت	freyz
physical	فیزیکی	fizikel
physically	جسماً	fizikali / fizikli
physician	پزشک؛ طبیب	fazishen
physics	فیزیک	fiziks
physiological	تنکردی	fizialaajikel
physiology	علمالابدان؛ علم طبیعی	fiziaalaji
piano	پیانو	piano / piana
pick	برداشتن	pik
picnic	پیکنیک؛ اجتماعی درخارج	piknik
picture	تصویر	pikcher
picturesque	خوش منظره	pikcherask
pie	درهم ریختن؛ کلاغ زنگی	pai
piebald	ابلق؛ پیسه	paibold
piece	تکه	pis
pier	جرز؛ اسکله	pir
pierce	سپوختن؛ سفتن	pirs
piety	تدین؛ دیانت	paiati
pig	خوک	pig
pigeon	کبوتر	pijan / pijin
pigment	رنگدانه؛ رنگیزه	pigmant
pike	نوک نیزه؛ اردک ماهی	paik
pile	توده؛ کومه	pail
pilgrim	حاجی؛ زوار	pilgram / pilgrim
pilgrimage	زیارت؛ زیارت رفتن	pilgramaj / pilgramij
pill	قرص	pil
pillage	غارت؛ تاراج	pilij
pillaging	یغماگری	pilijing
pillar	پایه؛ ستون	piler
pillow	پشتی؛ بالش	pilo
pilot	خلبان	pailat
piloted	راننده دار	pailatid
pimple	کورک؛ بثور	pimpel
pin	میل؛ سوزن	pin
pinch	مضیقه؛ وشگون	pinch
pine	کاج؛ صنوبر	pain
pineapple	آناناس	painapel
pink	صورتی	pingk
pinnacle	منتهی درجه	pinakel
pioneer	پیشگام؛ پیشرو	paianir
pious	خیر؛ پارسا	paias
pipe	لوله؛ چپق	paip
piping	مغزی؛ نیزنی	paiping
piquant	هشیارکننده؛ تند و بامزه	pikant
pirate	دزد ادبی؛ دزد دریایی	pairat
pistol	پارابلوم؛ هفت تیر	pistel
piston	پیستون؛ میله متحرک	pistan
pit	تخم؛ هسته	pit
pitch	زفت	pich
pitcher	تنگ؛ سبو	picher
pitchfork	دوشاخه؛ سه شاخه	pichfork
pithy	پرمغز؛ شبیه مغز	pithi
pitiable	قابل ترحم	pitiabel
pitiful	قابل ترحم	pitafel
pitiless	بی ترحم	pitilas
pittsburgh	پیتسبورگ	pitsberg
pity	ترحم	piti
place	مکان	pleys
placement	جایابی	pleysmant
plague	بلا؛ طاعون	pleyg
plaid	پارچه پیچازی	plad
plain	مسطح؛ دشت	pleyn
plaintiff	شاکی؛ دادخواه	pleyntaf / pleynaf
plaintive	شکوهآمیز؛ گله آمیز	pleyntiv / pleyniv
plait	گیس بافته	pleyt
plan	برنامه، برنامه ریزی کردن	plan
plane	هواپیما	pleyn
planet	سیاره	planat
plank	تخته؛ تخته پوش کردن	plangk
planking	تخته بندی	plangking
planner	طراح	planer
planning	زمینهسازی؛ برنامه ریزی	planing
plant	کاشتن؛ گیاه	plant
plantation	سبزیکاری؛ درختستان	planteyshen
planter	صاحب مزرعه؛ پرورنده گیاهان	planter
plasma	پلاسما	plazma
plaster	گچ؛ مشمع	plaster
plastic	پلاستیک	plastik
plate	بشقاب	pleyt
plateau	فلات؛ زمین مسطح	plato
platform	سکو	platform
plating	آبکاری فلزی	pleyting
platonic	افلاطونی	plataanik
platoon	رسد	platun
plausible	باورکردنی؛ قابل استماع	plozabel
play	بازی کردن، نمایش	pley
player	بازیکن	pleyer
playful	بازیگوش	pleyfel
playfulness	بازیگوشی	pleyfalnas
playmate	همبازی	pleymeyt
plea	استدعا؛ عرضحال	pli
plead	عرضحال دادن	plid
pleasant	خرم؛ دلپذیر	plezant
please	خوشحال کردن؛ لطفا	pliz
pleased	خوشحال	plizd
pleasing	خوشایند؛ دلگشا	plizing
pleasurable	کیفی؛ لذت بخش	plezherabel
pleasure	لذت؛ خوشی	plezher
pledge	سوگند؛ گرو	plej
plenary	غیر مقید	pleneri / plineri
plentiful	وافر	plentafel / plentifel
plenty	کثیر؛ بمقدار فراوان	plenti / pleni
pleurisy	ذاتالجنب؛ برسام	plurasi
pliable	قابل انعطاف؛ نرم شدنی	plaiabel
plot	دسیسه؛ توطئه	plaat
plough	شخم؛ شیار کردن	plau / plo
ploughed	شیاردار؛ شخمزده	plaud
plover	مرغ باران	plaver
plow	گاو آهن؛ سختی جلو رفتن	plau
pluck	پر کندن؛ ناگهان کشیدن	plak
plug	دوشاخه	plag
plum	گوجه؛ آلو	plam
plumage	بال و پر	plumaj / plumij
plumb	عمود بودن؛ عمق پیمودن	plam
plumber	لولهکش؛ لوله ساز	plamer
plume	نازیدن؛ پر آرایشی	plum
plump	گوشتالو؛ سمین	plamp
plunder	غارت؛ تاراج	plander
plundering	غارتگری؛ یغماگری	plandering
plunge	افت؛ شیرجه	planj
plural	جمعی؛ صیغه جمع	plurel
plus	به اضافه	plas
ply	لا؛ وآمد کردن	plai
pneumonia	ذات الریه	numonya / namonya
pocket	جیب	paakat
pocketbook	کتاب جیبی؛ جزوه دان	paakatbuk
pockmarked	مجدر؛ آبله دار	paakmaarkt
poem	شعر؛ چامه	poam
poet	شاعر؛ غزل سرا	poat
poetic	نظمی؛ شاعرانه	poetik
poetical	مشاعره	poetikel
poetry	شعر؛ اشعار	poatri
poignant	نیشدار؛ گوشه دار	poynyant
point	نقطه، اشاره کردن	poynt
pointer	عقربک؛ عقربه	poynter
poison	سم؛ زهر	poyzan
poisoning	مسمومیت	poyzaning
poisonous	زهری؛ زهردار	poyzanas
poker	سیخ زن؛ سیخ بخاری	poker
poking	سقلمه	poking
poland	لهستان	poland
pole	تیر؛ قطب	pol
polemic	جدلی کردن؛ اهل جدل	palemik
police	پلیس	palis
policeman	پلیس (مرد)	palisman
policy	سیاست؛ خط‌مشی	paalasi
polish	مالیدن؛ له	paalish / polish
polite	مودب	palait
politely	مودبانه	palaitli
politeness	ادب؛ تربیت	palaitnas
politic	مصلحتآمیز؛ نماینده سیاسی	paalatik
political	سیاسی	palitakel / palitikel
politician	سیاستمدار؛ ساوس	paalatishen
poll	نمونه برداشتن؛ نظر خواهی کردن	pol
pollen	گرد؛ دانه گرده	paalan
polling	نظر خواهی؛ نمونه برداری	poling
pollution	آلودگی	palushen
polygamy	چندگانی؛ بس گانی	paligami
polymer	بسپار	paalamer
pomp	فر؛ غرور وتظاهر	paamp
pomposity	طمطراق؛ آب وتاب	paampaasiti
pompous	باطمطراق؛ پرطمطراق	paampas
pond	دریاچه؛ غدیر	paand
ponder	تامل کردن؛ تعمق کردن	paander
ponderous	ثقیل	paanderas
pony	تاتو	poni
pool	استخر	pul
poor	فقیر	pur
poorhouse	دارالمساکین؛ دارالعجزه	purhaus
poorly	به‌طور ناچیز	purli
pop	پاپ (موسیقی)، پاپ (چیزی)	paap
pope	پاپ	pop
poppy	خشخاش	paapi
popular	محبوب	paapyaler
popularity	وجهه؛ محبوبیت	paapyaleriti
popularization	محبوب سازی	paapyalerazeyshen
population	جمعیت	paapyaleyshen
populous	پرجمعیت؛ پرسکنه	paapyalas
porch	سرپوشیده؛ رواق	porch
pores	منافد	porz
pork	گوشتخوک	pork
porous	متخلخل؛ رخنه دار	poras
port	پرت؛ حمایل زدن	port
portable	موبایل؛ قابل انتقال	portabel
portal	سر در	portel
portent	فال بد	portent
porter	باربر؛ حمال	porter
portfolio	نامه دان	portfolio
portion	قسمت	porshen
portrait	نقاشی؛ تصویر	portrat
portray	تصویر کردن؛ ترسیم کردن	portrey
portugal	پرتقال؛ پرتغال	porchagel
portuguese	زبان پرتقالی	porchagiz
pose	ژست؛ ژست گرفتن	poz
position	موقعیت	pazishen
positive	مثبت	paazativ
positively	خوشبینانه؛ مثبتاً	paazativli
possess	دارا شدن؛ واجد بودن	pazes
possession	مالکیت	pazeshen
possessor	مالک؛ دارا	pazeser
possibility	امکان	paasabiliti
possible	ممکن	paasabel
post	پست کردن، اداره پست	post
postage	پول پست؛ ارسال پست	postaj / postij
postal	پستی	postel
poster	پوستر	poster
posterior	پسین؛ دیرتر	postiryer
posterity	اعقاب؛ اخلاف	paasteriti
postpone	معوق کردن؛ موکول کردن	postpon / pospon
postponement	تاخیر؛ تعویق	postponmant / posponmant
posture	پز	paascher
pot	دیگ؛ تیان	paat
potash	پتاس؛ پتاس محرق	paatash
potassium	پتاسیم	patasiam
potato	سیب‌زمینی	pateyto
potential	التزامی؛ پتانسیل	patenshel
potentially	به طور بالقوه	patenshali
pottery	کوزهگری؛ سفالگری	paateri
pouch	کیسه کوچک؛ کیف پول	pauch
poultice	ضماد	poltas
poultry	مرغ خانگی	poltri
pounce	درحال خیز	pauns
pound	پوند	paund
pour	ریختن؛ پاشیدن	por
poverty	تنگی؛ درویشی	paaverti
powder	گرد؛ پودر	pauder
powdery	گردی؛ آردی	pauderi
power	قدرت	pauer
powerful	قادر؛ قوی	pauerfel
powerfully	مقتدرانه	pauerfli
powerless	بی نیرو؛ بی زور	pauerlas
powerlessness	بی قوتی	pauerlasnas
practicable	پرشدنی؛ قابل اجرا	praktakabel
practical	عملی؛ اهل عمل	praktakel / praktikel
practically	عملا	praktikli / praktikali
practice	تمرین	praktas / praktis
practise	تمرین کردن	praktis
prairie	چمنزار؛ جلگه	preri
praise	تمجید؛ درود	preyz
praiseworthy	هژیر؛ ستودنی	preyzwerdhi
prank	شوخی زننده؛ شوخی خرکی	prangk
prattle	حرف مفت زدن	pratel
pray	ذکر؛ نماز کردن	prey
prayer	نماز؛ دعا	prer / preyer
prayerful	دعاگو	prerfel / preyerfel
pre	بر خلاف	pri
preach	موعظه کردن؛ وعظ کردن	prich
preacher	فقیه؛ روضه خوان	pricher
preaching	موعظه؛ روضه خوانی	priching
preamble	مقدمه؛ توضیحات	priambel
precaution	اقدام احتیاطی	prikoshen
precautionary	احتیاطی؛ پیشگیرانه	prikosheneri
precede	مقدم بودن	prisid
preceding	متقدم	prisiding
precious	گرانبها	preshas
precipice	پرتگاه؛ سراشیبی تند	presapas
precipitate	بادست پاچگی؛ ناگهان سقوط کردن	prisipiteyt
precise	دقیق	prisais
precisely	دقیقاً	prisaisli
precision	احتیاط کار	prisizhen
predecessor	ماقبل؛ سلف	predaseser
predestination	جبر؛ فلسفه جبری	pridestaneyshen
predestined	جبری	pridestand
predicament	وضع خطرناک؛ وضع نامساعد	pridikamant
predict	پیش‌بینی کردن	pridikt
predictable	قابل پیش‌بینی	pridiktabel
prediction	پیشبینی؛ غیبگویی	pridikshen
predominant	مستولی	pridaamanant
preface	مقدمه؛ دیباجه	prefas
prefer	ترجیح دادن	prafer / prifer
preferable	افضل؛ مرجح	preferabel / prefrabel
preference	ترجیح	preferans / prefrans
preferred	مقدم؛ مورد علاقه	praferd / priferd
prefix	پیشوند	prifiks
pregnancy	باروری؛ حاملگی	pregnansi
pregnant	آبستن؛ بارور	pregnant
prehistoric	ماقبل تاریخ؛ ماقبل تاریخی	prihistorik
prejudice	تعصب؛ غرض ورزی	prejadis
preliminary	مقدماتی؛ بدائی	prilimaneri
prelude	قسمت مقدماتی	preylud
premature	زودهنگام	primachur
premier	یک نمایشنامه؛ نخست وزیر	premir / primir
premise	فرض قبلی؛ فرضیه مقدم	premis
premium	اعلی؛ اعلاء	primiam
premonition	فکر قبلی	premanishen
preoccupation	گرفتاری؛ کار مقدم	priaakyapeyshen
preoccupied	گرفتار	priaakyapaid
preparation	تهیه؛ تمهید	prepereyshen
preparatory	تدارکی	priperatori / prepratori
prepare	آماده کردن	priper
preponderance	سنگین تری	pripaandrans
preposterous	غیر طبیعی	pripaasteras / pripaastras
prepuce	غلفه	prepyus
prerogative	امتیاز مخصوص	priraagativ / peraagativ
presage	فال نما	presij
prescribe	تجویز کردن؛ نسخه دادن	praskraib / priskraib
prescription	نسخه؛ تجویز	praskripshen
presence	حضور؛ وجود	prezans
present	ارائه دادن؛ حاضر، هدیه	prezant / prizent
presentation	عرضه؛ معرفی	prezanteyshen
presently	فعلا؛ الساعه	prezantli
presentment	طرز نمایش	prizentmant
preservation	حفظ؛ حراست	prezerveyshen
preserve	نگاهداری کردن؛ کنسرو میوه	prazerv / prizerv
preserver	حافظ؛ حافظه	prizerver / prazerver
president	رئیس جمهور	prezadent / prezidant
presidential	ریاست جمهوری	prezadenshel
press	پرس؛ منگنه	pres
pressure	فشار	presher
prestige	حیثیت؛ قدر ومنزلت	prestizh
presume	استنباط کردن؛ مسلم دانستن	prizum
presumption	فرض؛ استنباط	prizampshen
presumptive	فرضی	prizamptiv
pretend	وانمود کردن؛ دعوی کردن	pritend
pretense	وانمودسازی	pritens
pretension	وانمود؛ تظاهر	pritenshen
pretext	بهانه؛ عذر	pritekst
pretty	زیبا، نسبتاً	priti
prevail	چربیدن؛ غلبه کردن	priveyl
prevalence	غلبه؛ رواج	prevalans
prevalent	رایج؛ شایع	prevalant
prevent	جلوگیری کردن	privent
prevention	منع؛ جلوگیری	privenshen
preventive	پیشگیر؛ پیشگیرنده	priventiv / priveniv
previous	قبلی؛ سابقی	privias
previously	قبلا؛ سابقا	priviasli
prey	شکار؛ طعمه	prey
price	قیمت	prais
prick	خار؛ خلیدن	prik
pride	غرور	praid
priest	روحانی؛ مچتهد	prist
priesthood	کشیش بودن؛ مقام کشیش	pristhud
prim	یاسم؛ نوار ابیض	prim
primarily	در وهله اول	praimerali
primary	اصلی؛ اولیه	praimeri
prime	درجه یک	praim
primitive	اولیه؛ ابتدایی	primativ / primitiv
primordial	اصل نخستین؛ عنصر نخستین	primordiel / praimordiel
prince	شاهزاده؛ امیر	prins
princess	شاهزاده‌خانم؛ شاهدخت	prinses
principal	اصلی	prinsapel
principle	اصل؛ عنصر	prinsapel
print	چاپ کردن	print
printer	پرینتر	printer / priner
printing	طبع؛ مطبعه	printing / prining
prior	قبلی	praier
priority	اولویت؛ تقدم	praioriti
prison	زندان	prizan
prisoner	بندی؛ زندانی	prizaner / prizner
privacy	پوشیدگی	praivasi
private	خاص؛ خصوصی	praivat
privation	حرمان؛ محروم سازی	praiveyshen
privilege	امتیاز؛ مصونیت	privlaj / privlij
privileged	ممتاز؛ مصون	privlajd / privlijd
prize	جایزه	praiz
pro	جنبه مثبت	pro
probability	احتمال	praababiliti
probable	محتمل	praababel
probably	احتمالا	praababli / praabli
probation	کار آموزی	probeyshen
problem	مشکل	praablam
problematical	گیج کننده	praablamatikel
procedure	رویه؛ پردازه	prasijer / prosijer
proceed	ادامه دادن	prasid / prosid
proceedings	شرح مذاکرات	prosidingz / prasidingz
process	فرآیند	praases / proses
processing	پردازش؛ عمل آوری	praasesing
processor	پرداز؛ پردازنده	praaseser
proclaim	جار؛ جار زدن	prokleym
proclamation	جار؛ صلا	praaklameyshen
procrastinator	طفرهرو	prakrastaneyter
prodigal	پر تجمل	praadigel
prodigious	غیر عادی	pradijas
prodigy	اعجوبه	praadaji
produce	تولید کردن	pradus / produs
producer	مولد	praduser
product	محصول	praadakt
production	تولید؛ ساخت	pradakshen / prodakshen
productive	منبت؛ حاصلضرب	pradaktiv / prodaktiv
productivity	کارایی؛ فرآورش	prodaktiviti
profess	ابراز ایمان کردن	prafes
profession	پیشه؛ کسب	prafeshen
professional	حرفه‌ای	prafeshenel
professor	استاد	prafeser
proficient	حاذق	praafishent
profile	پروفایل	profail
profit	صرفه؛ دخل	praafat / praafit
profitability	سودبخشی؛ سودمندی	praafitabiliti
profitable	سودمند؛ نافع	praafatabel
profiteer	استفادهچی	praafatir
profligate	فاسد الاخلاق	profligeyt
profound	عمیق؛ عمیقانه	profaund
profuse	لبریز؛ سرشار	prafyus
profusion	سرشاری	prafyuzhen
progeny	اخلاف	praajani
prognosis	مال اندیشی	praagnosas
program	برنامه	program
programme	برنامه	program
programming	برنامه‌نویسی	programing
progress	پیشرفت	praagres / pragres
progression	تصاعد	pragreshen
progressive	مترقی	pragresiv
prohibit	ممنوع کردن	prohibat
prohibition	منع؛ نهی	proabishen
prohibitive	تحریمی؛ جلوگیری کننده	prohibativ
project	پروژه	praajekt / prajekt
projection	برآمدگی؛ پیشرفتگی	prajekshen
proletarian	رنجور؛ وابسته بکارگر	prolaterian
proliferate	کثیر شدن؛ پربرکت شدن	prolifereyt
proliferation	تکثیر	prolifereyshen
prolific	ولود؛ پرزاآ	prolifik
prolong	کشاندن؛ کشانیدن	pralong
promenade	گردش رفتن	praamaneyd
prominence	برجستگی؛ پیشامدگی	praamanans
prominent	برجسته	praamanant
promise	قول، قول دادن	praamas
promising	امیدوارکننده	praamasing
promote	درجه دادن؛ تمشیت کردن	pramot
promoter	کارساز؛ مروج	pramoter
promotion	ترفیع	pramoshen / permoshen
prompt	فوری، تحریک کردن	praampt
promptly	آنا؛ سریعا	praamptli / praampli
prone	درازکش	pron
pronounce	تلفظ کردن	pranauns
pronunciation	تلفظ؛ ادای سخن	pronansieyshen / pranansieyshen
proof	علامت؛ اثبات	pruf
proofread	غلط گیری کردن	prufrid
proofs	براهین	prufs
prop	شمشعک	praap
propaganda	تبلیغ؛ پروپاگاند	praapaganda
propagation	اشاعه	praapageyshen
proper	خوب؛ بجا	praaper
property	دارایی؛ ویژگی؛ ملک	praaperti
prophecy	نبوت؛ رسالت	praafasi
prophet	نبی؛ رسول	praafat
prophetic	پیغمبری؛ نبوی	prafetik
proportion	نسبت	praporshen
proportional	نسبی؛ به نسبت	praporshenel
proportionate	متناسب کردن؛ متناسب شدن	praporshenat
proportionately	به تناسب	praporshenatli
proposed	پیشنهادی	prapozd
proposing	خواستگاری	prapozing
proposition	گزاره	praapazishen
propound	عنوان کردن	prapaund
prosaic	نثری؛ کسل کننده	prozeyik
prose	منثور؛ نثر	proz
prospect	چشم انداز؛ معدن کاوی کردن	praaspekt
prospective	موثر درآینده	praspektiv
prosperity	عمران؛ رونق	praasperiti
prosperous	خوشبخت؛ سعید	praasperas
prostate	پروستات	praasteyt
prostration	سجود؛ سجده	praastreyshen
protect	محافظت کردن	pratekt
protection	حفظ؛ محافظه	pratekshen
protective	حفاضی؛ حفاظتی	pratektiv
protector	مدافع؛ محافظ	pratekter
protectorate	کشور تحت الحمایه	pratekterat
protein	پروتئین	protin
protest	ایراد؛ اعتراض	protest / pratest
protestant	پروتستان	praatastant
protester	معترض	protester
protocol	پروتکل؛ پیوند نامه	protakaal / protakol
protrude	جلو آمدهبودن	protrud
proud	غره؛ مفتخر	praud
proudly	مفتخرا؛ دامن کشان	praudli
prove	ثابت کردن؛ مسلم کردن	pruv
proverb	ضرب المثل؛ گفتار حکیمانه	praaverb
provide	فراهم کردن	pravaid
providence	عاقبتاندیشی؛ آینده نگری	praavadans
provider	رزاق؛ تامین کننده	pravaider
province	ایالت؛ استان	praavans / praavins
provincial	ولایتی؛ استانی	pravinshel
provision	تهیه؛ توشه	pravizhen
provisional	موقت	pravizhenel
proviso	جمله شرطی	pravaizo
provocation	تهییج؛ برافروختگی	praavakeyshen
provocative	برانگیزنده؛ عصبانی کننده	provaakativ
provoke	تحریک کردن؛ خشمگین کردن	pravok
provost	ناظم دانشکده	provost
prowl	پرسه زدن	praul
proximity	نزدیکی؛ قرب	praaksimiti
prudence	مصلحت؛ حزم	prudans
prudent	مدبرانه؛ مصلحتی	prudant
prussia	پروس	prasha
psalm	سرود روحانی	saalm / saam
pseudo	عملواره	sudo
pshaw	علامت تعجب	pshau
psoriasis	داء الصدف	seraiasas
psychic	روانی؛ پدیده روحی	saikik
psychological	روانشناختی	saikalaajikel
psychologist	روان شناس	saikaalajast
psychology	روان شناسی؛ معرفه النفس	saikaalaji
pub	میخانه	pab
puberty	تکلیف؛ بلوغ	pyuberti
public	عمومی	pablik
publication	منتشر؛ نشر	pablikeyshen
publicity	تبلیغات	pablisiti
publish	منتشر کردن	pablish
publisher	ناشر	pablisher
publishing	انتشارات	pablishing
pucker	درهم کشیدن؛ جمع شدگی	paker
pudding	فرنی	puding
puff	پک؛ باد کردن	paf
puffy	باد دار؛ باد کرده	pafi
pull	کشیدن	pul
pulmonary	ریوی	pulmaneri
pulp	مغز؛ مغز ساقه	palp
pulpit	منبر؛ سکوب خطابه	pulpit
pulse	نبض؛ فشار نبض	pals
pump	تلمبه؛ پمپ	pamp
punch	منگنه؛ مشت زدن	panch
punctate	مثل نقطه	pankteyt
punctilious	نکته بین؛ نکته سنج	pangktilias
puncture	پارگی؛ سوراخ کردن	pangkcher / pangksher
punctured	پنچر	pangkcherd / pangksherd
pungent	گوشه دار؛ پر ادویه	panjant
punish	سیاست کردن؛ عذاب کردن	panish
punishment	عذاب؛ کتک	panishmant
punitive	کیفری؛ مجازاتی	pyunativ
punk	پانک	pangk
punt	لگدزدن	pant
puny	ریغماسی؛ درجه پست	pyuni
pupil	مردمک؛ حدقه	pyupel
puppet	عروسک؛ لعبت	papat / papit
puppy	توله؛ سگ بچه	papi
purchase	خرید؛ شراء	perchas
purchaser	خریدار	perchaser
pure	صاف؛ محض	pyur
purely	صرفاً	pyurli
purge	پاک سازی	perj
purification	تصفیه؛ تطهیر	pyurafakeyshen
purify	تصفیه کردن؛ خالص کردن	pyurafai
puritan	پاک دین	pyuratan
purity	صافی؛ صفا	pyuriti
purple	بنفش	perpel
purport	مفهوم؛ مفاد	perport
purpose	هدف	perpas
purposely	عمدا؛ مخصوصا	perpasli
purse	کیف؛ غنچه کردن	pers
pursue	عقب کردن؛ تعقیب کردن	persu
pursuit	پیگیری	persut
purulent	چرکدار	pyurulant
purveyor	سورساتچی	perveyer
pus	چرک	pas
push	هل دادن	push
put	قرار دادن	put
putty	بتونه؛ زاماسکه	pati
puzzle	پازل، معما	pazel
pyramid	هرم	piramid
qualification	شرایط لازم	kwaalafakeyshen
qualify	واجد شرایط شدن	kwaalafai
quality	کیفیت	kwaaliti
quantitative	کمی	kwaantiteytiv
quantity	کمیت	kwaantiti
quarrel	ستیزه؛ جدال	kworel
quarry	شکار؛ معدن سنگ	kwori
quart	کوارت	kwort
quarter	یک چهارم	kworter
queen	ملکه	kwin
queer	غریب؛ غیر عادی	kwir
quell	فرو نشاندن	kwel
quench	فرو نشاندن	kwench
querulous	شکوه گر؛ زود رنج	kweralas
quest	طلب؛ جویش	kwest
question	سوال؛ پرسیدن	kweschan / kweshen
questionnaire	پرسشنامه	kweschaner
queue	صف بستن	kyu
quick	سریع	kwik
quickly	به سرعت	kwikli
quickness	تندی؛ فرزی	kwiknas
quid	یک لیره	kwid
quiet	آرام	kwaiat
quietly	با آرامش	kwaiatli
quilt	دواج	kwilt
quincy	زهرباد	kwinsi
quinine	گنه گنه	kwainain
quit	متارکه؛ ول کردن	kwit
quite	کاملاً	kwait
quiver	ترکش؛ تیر دان	kwiver
quixotic	خیالپرست	kwiksaatik
quota	سهمیه؛ بنیچه	kwota
quotation	نقل؛ مظنه	kwoteyshen
quote	نقل کردن	kwot
rabbi	خاخام؛ عالم یهودی	rabai
rabbit	خرگوش	rabat / rabit
rabid	هار	rabid / reybid
rabies	هاری؛ بیماری هاری	reybiz
race	مسابقه، مسابقه دادن	reys
racial	نژادی	reyshel
racism	نژادپرستی	reysizam
racist	نژادپرست	reysist
rack	طاقچه	rak
raconteur	داستانسرا	rakaantur
radial	شعاعی؛ زندی	reydiel
radiance	درخشندگی؛ درخشش	reydians / reydyans
radiant	ساطع؛ تابان	reydiant / reydyant
radiate	تابیدن؛ درخشیدن	reydiat / reydieyt
radiation	تابش	reydieyshen
radical	ریشهای؛ رادیکال	radakel / radikel
radio	رادیو	reydio
radium	رادیوم؛ شب چراغ	reydiam
radius	شعاع؛ زند اعلی	reydias
rag	کهنه؛ جل	rag
rage	شدت داشتن؛ میل مفرط	reyj
ragged	مرقع	ragad
raid	یورش کردن؛ یورش آوردن	reyd
raider	یورش برنده	reyder
rail	ریل	reyl
railroad	راه آهن؛ خط آهن	reylrod
railway	راه‌آهن	reylwey
rain	باران، باریدن	reyn
rainbow	رنگین کمان	reynbo
rainfall	بارندگی	reynfol
rainy	بارانی؛ بارونی	reyni
raise	بلند کردن، افزایش دادن	reyz
rake	شن کش	reyk
ram	غوچ؛ سنبه زدن	ram
ramify	منشعب کردن؛ شاخه دادن	ramafai
ramrod	سنبه	ramraad
ranch	دامداری کردن	ranch
rancor	کینه	rangker
random	تصادفی	randam
range	رسائی؛ برد	reynj
ranger	جنگل بان؛ هنگ سوار	reynjer
rank	پایه؛ مرتبه	rangk
ransack	زیاد کاوش کردن	ransak
ransom	فدیهدادن؛ فدیه	ransam
rapacious	حریص؛ درندهخو	rapashis / rapeyshis
rape	تجاوز بناموس کردن	reyp
rapid	سریع؛ تندرو	rapad / rapid
rapidity	تندی؛ تیزی	rapiditi
rapidly	به‌سرعت	rapadli
rapier	سخمه	reypier
rapture	حالت؛ وجد	rapcher
rapturous	هیجان انگیز	rapcheras
rare	طرفه؛ نادر	rer
rarely	کمتر؛ نادراً	rerli
rarity	ندرت؛ کمیابی	reriti
rascal	رذل؛ پدرسوخته	raskel
rash	عجول؛ سبکسر	rash
rat	موش بزرگ	rat
rate	نرخ	reyt
rather	نسبتاً	radher
ratify	بتصویب رساندن؛ به تصویب رساندن	ratafai
rating	رتبه‌بندی	reyting
ratio	تناسب	reyshio
ration	جیره؛ جیره کردن	rashen / reyshen
rational	معقول؛ عقلی	rashenel / rashnel
rationally	منطقا	rashenali / rashnali
rattle	خسخس؛ خسخس کردن	ratel
ravage	نهب؛ بلا زده کردن	ravij
ravenous	دله؛ پر اشتیاق	ravanas
raw	خام؛ نپخته	raa
ray	پرتو؛ شعاع	rey
reach	رسیدن	rich
react	واکنش نشان دادن	riakt
reaction	معرفی؛ انعکاس	riakshen
reactionary	ارتجاعی؛ مرتجع	riaksheneri
reactive	واکنشی	riaktiv
reactor	رآکتور؛ عامل واکنش	riakter
read	خواندن	red / rid
readable	خواندنی؛ قابل خواندن	ridabel
reader	خواننده	rider
readiness	آمادگی؛ سازمندی	redinas
reading	خواندن (فعل)	riding / reding
ready	آماده	redi
real	واقعی	ril
realism	رآلیسم؛ واقع بینی	rializam
realistic	واقع بین	rialistik
reality	معنی؛ حقیقت	rialiti
realization	تحقق	rilazeyshen
realize	درک کردن	rialaiz
really	واقعاًً	rili
realm	قلمرو سلطان	relm
reap	درویدن	rip
reaper	درو گر؛ ماشین درو	riper
rear	پشت؛ عقبی	rir
rearrange	بازچیدن	riereynj
rearrangement	باز چینی	riereynjmant
reason	دلیل	rizan
reasonable	معقول؛ حسابی	rizanabel / riznabel
reasonably	منطقی	rizanabli
reasoner	استدلال کننده	rizaner
reasoning	استدلال؛ تعقل	rizaning
reassure	دوباره اطمینان دادن	riashur
rebel	یاغی؛ عاصی	rebel / ribel
rebellion	شورش؛ عناد	ribelyan
rebellious	عاصی؛ شورشی	ribelyas / rabelyas
rebirth	باز زاد؛ تولد مجدد	riberth
rebound	اعاده؛ پس زدن	ribaund
rebuild	بازسازی کردن	ribild
rebuke	زخم زبان	ribyuk
recalcitrant	ناتو	rikalsitrant
recall	یاد آوردن؛ فرا خواندن	rikol
recast	ازنو ریختن	rikast
recede	دور شدن؛ پس رفتن	risid
receipt	دریافت؛ رسید	risit
receive	دریافت کردن	rasiv / risiv
receiver	گیرنده	rasiver / risiver
recent	اخیر	risant
recently	اخیراً	risantli / risanli
reception	پذیرش	risepshen
receptive	شنوا	riseptiv
receptor	گیرنده؛ ستاره مساعد	risepter
recess	فترت؛ طاقچه ساختن	rises
recession	رکود	riseshen
recipe	دستور پخت	resapi
recipient	دریافت کننده؛ وصول کننده	rasipiant / risipiant
reciprocal	معکوس	risiprakel
reciprocity	مقابله؛ عمل متقابل	resipraasiti
recital	رسیتال	rasaitel
recitation	قرائت؛ قراعت	resateyshen
recite	انشاد کردن؛ از برخواندن	rasait
reckless	بی احتیاط؛ بی پروا	reklas
reckon	محاسبه کردن	rekan
reclaim	استرداد کردن؛ استرداد نمودن	rikleym
reclamation	استرداد؛ احیا اراضی	reklameyshen
recognition	شناخت	rekagnishen / rekignishen
recognizable	شناخت پذیر	rekagnaizabel
recognize	تشخیص دادن	rekagnaiz
recoil	فنری بودن	rikoyl
recollect	دوباره جمع کردن	rekalekt / rikalekt
recollection	یادآوری	rekalekshen
recommend	توصیه کردن	rekamend
recommendation	نظریه؛ توصیه	rekamandeyshen
reconcile	آشتی کردن؛ صلح دادن	rekansail
reconciliation	آشتی	rekansilieyshen
reconsider	تجدید نظر؛ تجدید نظر کردن	rikansider
record	ضبط کردن، رکورد	rakord / rekerd
recorder	وقایع نویس	rikorder
recording	ضبط	rakording / rikording
recourse	توسل	rikors
recover	خوب شدن؛ باز یافتن	rikaver
recovery	بهبودی، بازیابی	rikavri / rikaveri
recreation	تفریح؛ نزهت	rekrieyshen
recreational	تفریحی	rekrieyshenel
recruit	استخدام کردن	rakrut / rikrut
recruitment	استخدام	rakrutmant / rikrutmant
rectangular	مستطیلی؛ راست گوشه	rektanggyaler
rectitude	راست گری؛ صحت عمل	rektitud
rector	کشیش بخش	rekter
rectum	روده راست	rektam
recuperate	نیروی تازه یافتن	rikupereyt
recuperative	اعاده دهنده؛ بهبودی بخش	rikuperativ
recur	تکرار شدن	riker
recurrence	تکرار؛ باز رخدادن	rikerans
recurrent	برگردنده؛ عود کننده	rikerant
recycle	بازیافت کردن	risaikel
red	قرمز	red
reddish	مایل بقرمز	redish
redeem	فدیهدادن	ridim
redemption	رهیی؛ باز خرید	ridempshen / ridemshen
redness	سرخی؛ حمره	rednas
redress	جبران خسارت	ridres
reduce	کاهش دادن	radus / ridus
reduction	کاهش؛ تنزل	radakshen / ridakshen
redundancy	افزونگی؛ حشو	ridandansi
redundant	حشوی؛ رمزافزونه	ridandant
reef	جزیره نما؛ مرض جرب	rif
reelection	تجدید انتخاب	riilekshen
refer	ارجاع دادن	rafer / rifer
referee	داور	referi
reference	عطف؛ مراجعه	referans / refrans
referendum	رفراندوم؛ رفراندم	referendam
referral	مراجعه	riferel
refill	دوباره پر کردن	rifil
refine	پالودن؛ تصفیه کردن	rafain / rifain
refined	مهذب؛ مصفا	rafaind / rifaind
refinement	تصفیه	rafainmant
refining	قال	rafaining / rifaining
reflect	اندیشیدن؛ بازتابیدن	riflekt
reflection	انعکاس؛ بازتاب	riflekshen
reflex	ارتجاع؛ عکسالعمل	rifleks
reform	اصلاح؛ بهسازی	raform / riform
reformer	بهساز؛ مصلح	riformer
refractory	گردن کش؛ دیر گداز	rafrakteri
refrain	روگردان بودن؛ خود داری کردن	rifreyn
refresh	حال آمدن؛ تجدید نیرو کردن	rifresh
refreshing	گوارا؛ مفرح	rifreshing
refreshment	نیرو بخشی	rafreshmant
refrigeration	تبرید؛ سرد سازی	rifrijereyshen
refrigerator	یخچال؛ یخچال برقی	rafrijereyter / rifrijereyter
refuge	پناه؛ ملجاء	refyuj
refugee	پناهنده	refyuji
refund	مسترد شدن؛ مسترد داشتن	rifand
refusal	رد؛ امتناع	rafyuzel / rifyuzel
refuse	رد کردن	rafyuz / refyuz
refutation	تکذیب	refyuteyshen
regain	باز یافتن؛ دوباره پیدا کردن	rigeyn
regard	مبالات؛ وقع	rigaard
regardless	صرفنظر از	ragaardlas
regeneration	ترمیم؛ تولید مجدد	rijenereyshen
regime	رژیم	razhim / reyzhim
regiment	هنگ	rejamant
regimental	لباس هنگ؛ لباس افسری	rejamentel
region	منطقه	rijan
regional	منطقهای؛ اقلیمی	rijanel
register	ثبت کردن؛ نام نویسی کردن	rejister
registrar	ثبت کننده؛ مدیر دروس	rejistraar
registration	ثبت‌نام	rejistreyshen
regret	تاسف؛ اسف	ragret / rigret
regretful	متاسف؛ نادم	rigretfel
regretfully	معاللتسلف؛ مع التاسف	rigretfali
regrettable	قابل تاسف؛ تاسف آور	rigretabel
regular	منظم	regyaler / reygyaler
regularity	باقاعدگی	regyaleriti
regularly	منظما	regyalerli
regulate	تنظیم کردن	regyaleyt
regulation	تنظیم؛ مقرره	regyaleyshen
regulatory	تنظیمی	regyalatori
rehabilitation	توانبخشی؛ نوتوانی	rihabilateyshen / riabilateyshen
rehearsal	تمرین؛ تمرین نمایش	rihersel
rein	عنان؛ لجام	reyn
reinforce	تقویت کردن	riinfors
reinforcement	تقویت؛ تجدید قوا	riinforsmant
reinstate	دوباره برقرار کردن؛ دوباره بکار انداختن	riinsteyt
reject	نپسندیدن؛ وازدن	rijekt
rejection	رد؛ امتناع	rijekshen
rejoice	شادی کردن؛ خوشی کردن	rijoys
rejoin	پاسخ دفاعی دادن	rijoyn
rejoinder	پاسخ دفاعی	rijoynder
relapse	عود؛ نکس	rilaps
relate	منسوب کردن؛ روایت کردن	rileyt
relation	رابطه؛ نسبت	rileyshen
relationship	رابطه	rileyshenship
relative	منسوب؛ نسبی	relativ
relatively	نسبتا	relativli
relax	استراحت کردن	rilaks
relaxation	استراحت؛ وارفتگی	rilakseyshen
relay	روله؛ رله	riley
release	آزادی؛ انتشار	rilis
relent	نرم شدن؛ رحم بدل آوردن	rilent
relentless	بی امان؛ بی مروت	rilentlis
relevance	ربط	relavans
relevant	مربوط؛ متناسب	relavant
reliability	اعتبار	rilaiabiliti
reliable	حسابی؛ معتبر	rilaiabel
reliance	اعتماد؛ تکیه	rilaians
relic	آثار مقدس	relik
relief	اعانه؛ تسکین	rilif
relieve	تسکین دادن	riliv
relieved	آسوده خاطر	rilivd
religion	دین؛ کیش	rilijan
religious	مذهبی؛ شرعی	rilijas
relinquish	چشم پوشی؛ چشم پوشی شدن	rilingkwish
relish	رغبت؛ مزه آوردن	relish
reluctance	اکراه؛ رغم	rilaktans
reluctant	بیرغبت؛ بیمیل	rilaktant
reluctantly	بالاکراه	rilaktantli
rely	اتکا کردن؛ استناد کردن	rilai
remain	باقی ماندن	rimeyn
remainder	مانده؛ مابقی	rimeynder
remark	ملاحظه؛ عرض	rimaark
remarkable	قابل توجه	rimaarkabel
remarkably	به طور قابل توجهی	rimaarkabli
remarriage	ازدواج مجدد؛ تجدید فراش	rimerij
remarry	تجدید فراش کردن	rimeri
remedy	چاره؛ درمان	remadi
remember	به یاد آوردن	rimember
remembrance	یادبود؛ یادگار	rimembrans
remind	متوجه کردن؛ یادآوری کردن	rimaind
reminder	تذکر؛ یادآور	rimainder
reminiscence	خاطره؛ یاد بود	remanisans
remission	بهبودی بیماری	rimishen
remnant	بقیه السیف	remnant
remorse	افسوس؛ پشیمانی	rimors
remote	دورافتاده؛ دوردست	rimot
remoteness	دوری	rimotnas
removable	بردنی؛ برداشتنی	rimuvabel
removal	عزل؛ فک	rimuvel
remove	حذف کردن	rimuv
remunerative	پاداشی	rimyunerativ
renaissance	رنسانس	renasaans
render	تسلیم داشتن	render
rendezvous	میعاد؛ وعدهگاه	raandivu
rending	هتک	rending
renegade	یاغی	renageyd
renew	تازه کردن؛ نو کردن	rinu
renewal	تجدید؛ بازنوکنی	rinuel
renovation	تجدید؛ نوسازی	renaveyshen
renown	نامآوری	rinaun
rent	اجاره؛ کرایه	rent
rental	کرایه؛ اجارهای	rentel
renter	اجاره دهنده؛ اجاره نشین	renter
rep	زن هرزه؛ مرد هرزه	rep / reprizetativ
repair	تعمیر کردن	riper
reparation	غرامت؛ جبران غرامت	repereyshen
repay	باز پرداختن	ripey
repayment	غرامت؛ بازپرداخت	ripeymant
repeat	تکرار کردن	ripit
repeatedly	مجددا؛ علیالتوالی	ripitidli
repel	دفع کردن	ripel
repellent	دافع؛ دافعه	ripelant
repent	توبه کردن؛ اصلاح شدن	ripent
repentance	توبه	ripentans
repetition	تکرار؛ بازگو	repatishen
replace	جایگزین کردن	ripleys / erpleys
replacement	تعویض؛ جابجائی	ripleysmant
reply	پاسخ، پاسخ دادن	riplai
report	گزارش دادن؛ گزارش، گزارش دادن	riport
reporter	خبرنگار	riporter
reporting	گزارش‌دهی	riporting
repose	دراز کشیدن	ripoz
reprehensible	ناستوده؛ سرزنش کردنی	reprihensabel
represent	نمایندگی کردن؛ نیابت کردن	reprizent
representation	نیابت	reprazenteyshen
representative	نماینده؛ حالیکننده	reprazentativ / reprizentativ
repress	باز فشردن؛ باز کوفتن	ripres
repression	سرکوبی	ripreshen
reprimand	توبیخ؛ توبیخ کردن	repramand
reprisal	جبران	ripraizel
reproach	توبیخ؛ ملامت	riproch
reproduce	تکثیر کردن؛ تناسل کردن	ripradus
reproduction	تکثیر؛ تناسل	ripradakshen
reproductive	تناسلی	ripradaktiv
reptile	خزنده	reptail
republic	جمهوری	ripablak / ripablik
republican	جمهوری‌خواه	ripablikan / ripablakan
repudiation	ردی	ripyudieyshen
repulsive	زننده؛ متنفر کننده	ripalsiv
reputable	نیکنام؛ خوشنام	repyatabel
reputation	عرض؛ شهرت	repyateyshen
repute	آوازه داشتن	ripyut
request	درخواست	rikwest
require	طلبیدن؛ مستلزمبودن	rikwaier / rikwair
requirement	نیاز؛ مقرره	rikwairmant
requisite	لازمه؛ شرط لازم	rekwazat
rescue	دریافتن؛ رهانیدن	reskyu
research	پژوهش، پژوهش کردن	riserch
researcher	پژوهشگر	risercher
resemblance	شباهت؛ تشابه	rizemblans
resemble	شبیه شدن؛ مانند بودن	rizembel
resent	اظهار رنجش کردن	rizent
resentment	غیض	rizentmant / rizenmant
reserve	ذخیره؛ محفوظ کردن	rizerv
reservoir	مخزن؛ آب انبار	rezavwaar / rezervwaar
reside	اقامت کردن؛ منزل کردن	rizaid
residence	اقامت؛ مسکن	rezidans
resident	ساکن؛ ماندنی	rezidant
residential	محلی؛ مسکونی	rezidenshel
residue	فضولات؛ فضله	rezadu
resign	استعفا دادن	rizain / risain
resignation	کنارهگیری؛ استعفا	rezagneyshen / rezigneyshen
resin	رزین؛ راتیانج	rezan / rezin
resist	مقاومت کردن؛ ایستادگی کردن	rizist
resistance	مقاومت؛ استقامت	rizistans
resistant	مقاوم	rizistant
resolute	مصمم؛ باعزم	rezalut
resolution	قطعنامه، وضوح	rezalushen
resolve	تحلیل کردن؛ اراده کردن	rizaalv
resonance	پرطنینی؛ ایجاد طنین	rezanans
resonant	پرطنین؛ طنین دار	rezanant
resort	توسل؛ تمسک کردن	rizort / risort
resources	ذخایر	risorsiz
respect	احترام؛ ملاحظه	rispekt
respectability	نیکنامی	rispektabiliti
respectable	شریف؛ نیکنام	rispektabel
respectful	حرمتی؛ احترامی	rispektfel
respectfully	محترمانه؛ محترما	rispektfali
respective	مربوطه	rispektiv
respectively	بترتیب؛ به ترتیب	rispektivli
respiration	تنفس	respereyshen
respiratory	تنفسی	resperatori
respite	مهلت؛ فرجه دادن	respit
respond	پاسخ دادن	rispaand
respondent	واکنش دار	rispaandant
response	پاسخ	rispaans
responsibility	وظیفه؛ عهده	rispaansabiliti
responsible	متصدی؛ مسئول	rispaansabel
responsive	جوابی؛ پاسخی	rispaansiv
rest	استراحت، استراحت کردن؛ بقیه	rest
restatement	بیان مجدد	risteytmant
restaurant	رستوران	resteraant / restraant
restful	غنوده؛ راحتبخش	restfel
restitution	جبران؛ غرامت	restitushen
restive	کله شق	restiv
restless	بی قرار؛ بی خواب	restlas
restlessness	ناصبوری؛ بی آرامی	restlasnas
restoration	تجدید؛ بازسازی	restereyshen
restore	بازگرداندن	ristor
restrain	مهار کردن	ristreyn
restraint	جلو گیری	ristreynt
restrict	محدود کردن	ristrikt
restriction	محدودیت	ristrikshen
result	نتیجه	rizalt
resultant	برآیند؛ منتجه	rizaltant
resume	از سر گرفتن	rizum / rezamey
resumption	ادامه؛ باز یافت	rizampshen / rizamshen
resurrection	حشر؛ رستاخیز	rezerekshen
retail	خرده فروشی	riteyl
retailer	خرده فروش	riteyler
retailing	خرده فروشی	riteyling
retaliate	تلافی کردن؛ تقاص کردن	ritalieyt
retaliation	تلافی؛ تقص	ritalieyshen
retard	عقبانداختن؛ کند ساختن	ritaard
retarded	عقبافتاده	ritaardid / ritaardad
retention	حبس	ritenshen
reticent	کم گو؛ کم حرف	retisant
retire	بازنشسته کردن؛ منزوی شدن	ritair / ritaier
retirement	بازنشستگی	ritaiermant
retort	تلافی؛ جواب متقابل	ritort
retract	در کشیدن؛ نکول کردن	ritrakt
retraction	نکول؛ استغفار	ritrakshen
retreat	عقب زدن؛ عقب نشینی	ritrit
retribution	سزا	retrabyushen
return	بازگشت، بازگشتن	ritern
reunion	باز پیوست؛ بهم پیوستگی	riunyan
reunite	دوباره متحد کردن؛ دوباره یکی شدن	riunait
rev	تند گشتن	rev
reveal	آشکار کردن؛ ظاهر کردن	rivil
revelation	الهام؛ مکاشفه	revaleyshen
revelry	عیاشی	revalri
revenge	انتقام؛ خونخواهی	rivenj
revenue	درآمد	revanu / revanyu
reverberate	ولوله انداختن	riverberat / riverbereyt
reverberation	طنین	riverbereyshen
reverence	حرمت؛ تکریم	reverans
reverential	حرمتی؛ احترامی	reverenshel
reverently	احتراماً	reverantli
reverie	خیال خام؛ خیال واهی	reveri
reverse	معکوس؛ ظهر	rivers
revert	عود کردن؛ رجوع کردن	rivert
review	مرور، مرور کردن	rivyu
revise	تجدید نظر کردن	rivaiz
revision	بازنگری	rivizhen
revival	احیا؛ تجدد	rivaivel
revive	احیا کردن؛ احیاء کردن	rivaiv
revolt	طغیان؛ اغتشاش	rivolt
revolution	انقلاب	revalushen
revolutionary	انقلابی؛ آشوبگر	revalusheneri
revolve	دور زدن	rivaalv
revolver	رولور؛ ششلول	rivaalver
revulsion	ردع؛ تصریف	rivalshen
reward	مژده؛ تلافی	riword
rhetoric	لفاظی؛ خطابت	reterik
rheumatic	روماتیسمی	rumatik
rhyme	پساوند؛ قافیه ساختن	raim
rhythm	ضرب؛ نواخت	ridham
rhythmic	مسجع؛ پرنواخت	ridhmik
rib	دنده؛ مرز گذاشتن	rib
ribbon	نوار؛ روبان	riban
rice	برنج	rais
rich	ثروتمند	rich
richness	خرپولی	richnas
rid	خلاص کردن؛ رهانیدن از	rid
riddle	لغز؛ معما	ridel
ride	سواری؛ سواری، سوار شدن	raid
rider	سوار؛ الحاقیه	raider
ridge	خرپشته؛ مرز بندی کردن	rij
ridicule	ریشخند؛ استهزا	ridakyul
ridiculous	مسخره	ridikyalas
rifle	تفنگ؛ عده تفنگدار	raifel
rift	شکاف؛ شکاف دهنده	rift
right	درست، سمت راست	rait
righteous	عادلانه؛ صالح	raichas
righteousness	حق گذاری	raichasnas
rightful	حقه؛ حقدار	raitfel
rightly	به‌طور صحیح	raitli
rigid	نرم نشو	rijad / rijid
rim	کمانه؛ زهوار	rim
ring	حلقه؛ زنگ زدن	ring
ringleader	سر دسته؛ سر حلقه	ringlider
rinsing	مظمظه؛ غر غره	rinsing
riot	آشوب؛ شورش	raiat
riotous	غوغائی؛ آشوبگرانه	raiatas
rip	درانیدن؛ چاک دادن	rip
ripe	رسیده؛ چیدنی	raip
rise	بالا رفتن	raiz
riser	برخیزنده؛ بلند شونده	raizer
risk	خطر؛ ریسک	risk
risky	پرخطر	riski
rite	فرمان اساسی	rait
ritual	آداب نماز	richuel
rival	رقیب	raivel
rivalry	رقابت؛ همچشمی	raivalri
river	رودخانه	river
rivet	پرچه؛ پرچ کردن	rivat
road	جاده	rod
roadside	کنار جاده	rodsaid
roadway	شوسه؛ زمین جاده	rodwey
roam	پرسه زدن	rom
roan	تیماج؛ زرپور	ron
roar	غرش؛ غریو	ror
roast	برشتن؛ سرخ کردن	rost
rob	سرقت کردن	raab
robber	چپاولگر؛ غارتگر	raaber
robbery	سرقت	raaberi
robe	خرقه؛ حله	rob
robust	هیکل دار؛ قوی هیکل	robast
rock	راک (موسیقی)؛ صخره	raak
rocket	موشک	raakat
rocky	سنگی؛ صخرهای	raaki
rod	میله؛ میل	raad
rogue	رند	rog
role	نقش	rol
roll	گردیدن؛ غلت	rol
roller	نورد؛ منگنه	roler
roman	رومی	roman
romance	عاشقانه	romans
romantic	خیالپرست؛ غیر ممکن	romantik
rome	رم؛ روم	rom
roof	سقف	ruf
rook	رخ؛ شاهرخ	ruk
room	اتاق	rum
root	ریشه؛ سنخ	rut
rope	بند؛ طناب	rop
rosary	تسبیح	rozeri
rose	گل رز	roz
rosy	گلرنگ؛ گل پاشیده	rozi
rot	پوسیدن؛ گندیدن	raat
rotate	چرخان؛ دوران کردن	roteyt
rotation	گشتن؛ چرخه	roteyshen
rotten	فاسد؛ ضایع	raatan
rotund	گلوله وار	rotand
rough	زبر؛ زمخت	raf
roughly	تقریباً	rafli
roughness	زبری؛ ناصافی	rafnas
round	گرد، دور	raund
rouse	رماندن	raus / rauz
rousing	منبه	rauzing
rout	هزیمت؛ تار و مار کردن	raut
route	مسیر	rut / raut
routine	روتین	rutin
row	ردیف؛ رده	ro
royal	سلطنتی؛ شاهانه	royel
royalist	شاه پرست؛ طرفدار سلطنت	royalist
royalty	حقالامتیاز؛ حق امتیاز	royalti
rub	مالیدن؛ ساییدن	rab
rubber	لاستیک؛ لاستیکی	raber
rubbish	آشغال	rabish
ruble	منات	rubel
ruddy	گلچهره؛ شنجرفی	radi
rude	گستاخ	rud
rudely	گستاخانه؛ باگستاخی	rudli
rudeness	بدزبانی؛ گستاخی	rudnas
rue	سداب	ru
ruffle	ناصاف کردن	rafel
ruin	خراب کردن، خرابی	ruan / ruin
rule	قانون	rul
ruler	فرمانروا؛ حکمران	ruler
ruling	حاکم؛ حکمفرما	ruling
rum	عرق نیشکر	ram
rumor	چو؛ شایعه	rumer
rumour	شهرت دادن	rumer
run	دویدن	ran
runaway	دررفته؛ فراری	ranawey
rung	اسپوک؛ پله نردبان	rang
runner	دونده	raner
running	دویدن	raning
rupture	ترکیدن	rapcher
rural	رعیتی	rurel
rush	تازیدن؛ هجوم کردن	rash
russia	روسیه	rasha
russian	روسی؛ زبان روسی	rashen
rust	زنگ؛ زنگار	rast
rustle	خشخش؛ خش خش کردن	rasel
rusty	زنگ زده	rasti
rut	گشن؛ خط انداختن	rat
ruthless	ظالم؛ ظالمانه	ruthlas
ruthlessly	ظالمانه؛ بیرحمانه	ruthlasli
rye	چاودار	rai
saber	باشمشیر زدن	seyber
sable	سمور	seybel
sack	تبره؛ خورجین	sak
sacred	مقدس؛ حرام	seykrad / seykrid
sacrifice	قربانی؛ فداکاری	sakrafais
sad	غمگین	sad
sadden	افسردن؛ افسرده کردن	sadan
saddle	زین؛ غاشیه	sadel
sadly	با ناراحتی	sadli
sadness	افسردگی؛ پژمانی	sadnas
safe	امن	seyf
safeguard	صیانت کردن؛ امن نگهداشتن	seyfgaard
safety	اطمینان؛ امان	seyfti
saffron	زعفران؛ سورنجان	safran
sages	عقلا	seyjiz
sagittal	پیکانی	sajatel
sail	دریانوردی کردن	seyl
sailing	دریانوردی	seyling
sailor	ناوی؛ دریانورد	seyler
saint	مقدس شمردن	seynt
sake	خاطر	seyk
salad	سالاد	salad
salary	حقوق	saleri
sale	فروش	seyl
salesman	فروشنده	seylzman
saline	نمک دار؛ درجه شوری	salin
saliva	تف؛ بزاق	salaiva
salmon	ماهی آزاد	saman
salon	آرایشگاه	salaan
salt	نمک	solt
salutary	درودی؛ سلامت بخش	salyateri
salute	سرلام کردن؛ سلام دادن	salut
salvation	نجاح؛ رستگاری	salveyshen
salve	ضماد گذاشتن	saav
sam	سام	sam
same	یکسان	seym
sample	نمونه؛ الگو	sampel
sanction	ضمانت اجراء	sangkshen
sanctity	علو مقام	sangktiti
sanctuary	بست؛ تحصن	sangkchueri
sand	شن؛ ریگ	sand
sandstone	سنگ سیاه؛ ماسه سنگ	sandston / sanston
sandwich	ساندویچ	sandwich / sanwich
sanguine	دموی	sanggwin
sanitary	بهداشتی؛ صحی	saniteri
santa	پاپانول	santa / sana
sap	شیره؛ شیره گیاهی	sap
sarcasm	کنایه؛ متلک	saarkazam
sarcastic	گوشه؛ نیشدار	saarkastik
sarcastically	کنایه آمیز	saarkastikli
sarcoma	سارکوم؛ تومور بدخیم	saarkomer
sardonic	کنایه آمیز	saardaanik
sash	ارسی	sash
sate	فرو نشاندن	seyt
satellite	قمر؛ ماهواره	satalait
satin	اطلس؛ ساتین	satan
satire	هجا؛ طنز	sataier
satirical	هزلی	satirakel / satirikel
satirist	طنز نویس	saterast
satisfaction	رضایت	satasfakshen / satisfakshen
satisfactory	مرضی؛ رضایت بخش	satasfaktri / satisfakteri
satisfy	اداکردن؛ اقناع کردن	satasfai / satisfai
satisfying	اقناع؛ ارضاء	satisfaiing
saturated	سیراب؛ سیر شده	sachereytid
saturday	شنبه	saterdi / satidey
sauce	سس	sos
saucepan	ماهی تابه؛ روغن داغ کن	sospan
saucer	نعلبکی؛ بشقاب کوچک	soser
sausage	کالباس؛ سوسیس	sosaj / sosij
savage	وحشی؛ سبع	savaj / savij
savagely	وحشیانه	savijli
savants	عقلا	savants
save	ذخیره کردن، نجات دادن	seyv
savior	ناجی؛ منجی	seyvyer
savory	با مزه؛ مورد پسند	seyveri
sawdust	خاک اره	sodast
saxon	ساکسون	saksan
say	گفتن	sey
scab	گری	skab
scabbard	نیام؛ غلاف شمشیر	skaberd
scaffold	داربست؛ چوب بست	skafald
scaffolding	داربستبندی	skafalding
scald	آب پز کردن	skold
scale	وزنه؛ مقیاس	skeyl
scalp	فرق سر	skalp
scan	ور انداز کردن؛ اجمالا مرور کردن	skan
scandal	رسوایی	skandel
scandalous	افتراآمیز	skandalas
scanning	مرور اجمالی	skaning
scant	کم دادن؛ بخیلانه دادن	skant
scanty	غیر کافی	skanti
scapula	استخوان پهن	skapyala
scar	اثر زخم داشتن	skaar
scarce	کمیاب	skers
scarcely	نادراً	skersli
scarcity	کمی؛ قحطی	skersiti
scare	ترساندن	sker
scared	ترسیده	skerd
scarf	شال؛ روسری	skaarf
scarlet	شله؛ سرخ شدگی	skaarlat
scary	ترسناک	skeri
scatter	پراکندن؛ پخش کردن	skater
scenario	سناریو	sinerio
scene	صحنه	sin
scenery	صحنه سازی	sineri
scent	عطر؛ رایحه	sent
scented	معطر؛ بودار	sentid
sceptic	شکاک	skeptik
schedule	برنامه، برنامه‌ریزی کردن	skejul
scheme	نقشه طرح کردن	skim
schism	اختلاف وتفرقهدرکلیسا	skizam
scholar	محقق	skaaler
scholarship	بورسیه	skaalership
school	مدرسه	skul
schoolboy	پسر مدرسه؛ پسر مدرسه ای	skulboy
schoolmaster	مکتب دار؛ ناظم مدرسه	skulmaster
schoolroom	اطاق درس	skulrum
schooner	گاری سفری	skuner
science	علم	saians
scientific	علمی	saiantifik
scientist	دانشمند	saiantist
scissors	مقراض؛ قطع کننده	sizerz
scold	عتاب؛ بدحرفی کردن	skold
scoop	چمچه؛ کج بیل	skup
scope	دایره؛ دامنه	skop
score	امتیاز، امتیاز گرفتن	skor
scorn	استهزاء؛ خردانگاری	skorn
scotch	مردد بودن؛ ویسکی اسکاتلندی	skaach
scotland	اسکاتلند	skaatland
scoundrel	ارقه	skaundrel
scourge	وسیله تنبیه؛ غضب خداوند	skerj
scout	پیشاهنگ؛ پیشاهنگی کردن	skaut
scow	قایق تفریحی؛ وته پهن	skau
scrap	قراضه	skrap
scrape	ستردن؛ ساییدن	skreyp
scratch	خراشیدن	skrach
scrawl	گشاد نشستن	skrol
scream	داد؛ جیغ	skrim
screen	صفحه نمایش	skrin
screening	غربالگری	skrining
screw	پیچ؛ پیچ کردن	skru
scribble	بد نوشتن	skribel
script	متن سند؛ متن نمایشنامه	skript
scripture	کتاب آسمانی	skripcher
scrub	مالیدن؛ تیغستان	skrab
scruple	وسواس؛ نهی اخلاقی	skrupel
scrutinizing	مدقق؛ تدقیق	skrutanaizing
scrutiny	مداقه؛ بررسی دقیق	skrutani
scuffle	کشمکش کردن	skafel
sculptor	حجار؛ صورتگر	skalpter
sculpture	مجسمهسازی	skalpcher
scurry	مسابقه کوتاه	skeri
scuttle	ذغالدان؛ گام تند	skatel
scythe	درو کردن؛ با داس بردن	sith / saith
scythian	سیت	sithian
sea	دریا	si
seacoast	دریا کنار	sikost
seal	سیل؛ پلمب	sil
seaman	جاشو؛ جاسو	siman
seams	درزگیری کردن؛ درز گرفتن	simz
seaport	بندر؛ دریابندر	siport
search	جستجو، جستجو کردن	serch
seashore	کناره؛ دریاکنار	sishor
season	فصل	sizan
seasonal	موسمی؛ فصلی	sizanel
seat	صندلی	sit
seating	نشیمن؛ نشیمنگاه	siting
secede	منتزع شدن	sisid
secessionist	جدارو	siseshenist
seclusion	عزلت؛ گوشه نشینی	sikluzhen
second	ثانیه؛ دوم؛ دوم، ثانیه	sekand
secondary	ثانویه؛ فرعی	sekanderi
secondly	ثانیاً	sekandli
secrecy	نهفتگی؛ پوشیدگی	sikrasi
secret	راز، مرموز	sikrat / sikrit
secretary	منشی	sekrateri
secrete	ترشح کردن	sikrit
secretion	ترشح	sakrishen
secretive	پنهان کار	sikrativ
secretly	سرا؛ دزدکی	sikritli
sect	تیره؛ مسلک	sekt
section	بخش	sekshen
sectional	مقطعی؛ قطعه قطعه	sekshenel
secular	غیر روحانی	sekyaler
secure	مصون؛ محفوظ	sikyur
security	امان؛ امنیت	sikyuriti
sedan	تخت روان	sadan
sedentary	نشسته؛ غیر متحرک	sedanteri
sediment	جرم؛ رسوب	sedamant
sedition	فتنه؛ فتنه پراکنی	sidishen
seditious	فتنهجو؛ مفسد	sidishas
seduced	مفتون	sidust
seductive	فریبا؛ گمراه کننده	sidaktiv
see	دیدن	si
seed	دان؛ دانه	sid
seedy	تخمی؛ پرتخم	sidi
seek	پوییدن؛ تفحص کردن	sik
seeker	جوینده	siker
seem	به نظر رسیدن	sim
seeming	ظاهر نما	siming
segment	قسمت؛ حلقه	segmant / segment
seine	تور؛ سن	seyn
seize	تصرف کردن؛ غصب کردن	siz
seizure	ضبط؛ تصرف	sizher
seldom	بندرت؛ به ندرت	seldam
select	پسندیدن؛ نشان کردن	salekt
selection	انتخاب؛ گلچین	salekshen
selective	بهگزین؛ گزینشی	salektiv
self	خود؛ خویشتن	self
selfish	خودخواهانه؛ خود پرست	selfish
selfishness	نخوت؛ خودپسندی	selfishnas
sell	فروختن	sel
seller	فروشنده	seler
semblance	ظن قوی	semblans
semen	منی؛ نطفه	siman
semi	نصف شده	semi / semai
seminal	نطفهای	semanel
seminar	سمینار	semanaar
seminary	الحوزه؛ فیضیه	semaneri
senate	مجلس سنا	senat / senit
senator	سناتور	senater
send	فرستادن	send
senegal	سنگال	senagol
senility	پیری	saniliti
senior	ارشد؛ بالارتبه	sinyer
seniority	ارشدیت	sinyoriti
sensation	احساس؛ آب و تاب	senseyshen
sensational	حسی؛ شورانگیز	senseyshenel
sense	حس	sens
sensibility	احساس ودرک	sensibiliti
sensible	محسوس؛ معقول	sensabel
sensitive	حساس	sensativ / sensitiv
sensitiveness	حساسیت	sensativnas
sensual	شهوانی؛ نفسانی	senshawel
sentence	جمله	sentans
sentiment	عاطفه	sentamant / senamant
sentimental	احساساتی	sentamentel / senamentel
separate	جدا	sepereyt / seperit
separately	جداگانه؛ جدا جدا	seperatli / sepratli
separation	متارکه؛ فک	sepereyshen
separatist	تجزیه طلب	seperatist
september	سپتامبر	september
septic	پلشت؛ ماده عفونی	septik
sequence	قطار؛ توالی	sikwans
serbia	صربستان	serbia
serbian	صربستانی؛ صرب	serbian
serene	متین	serin
sergeant	گروهبان	saarjant
series	سری	siriz
serious	جدی	sirias
seriously	جدا؛ بی شوخی	siriasli
seriousness	جذبه؛ جد	siriasnas
sermon	موعظه؛ روضه	serman
serpent	حیه؛ ماربزرگ	serpant
serpentine	مارپیچ؛ مارپیچی	serpantain
serrated	منغمز	sereytid
serum	سرم؛ خونابه	siram
servant	فراش؛ مستخدم	servant
serve	خدمت کردن، سرو غذا	serv
server	کمک کننده	server
service	خدمات	servas / servis
servile	شایسته نوکران	servel
servility	نوکرمابی	serviliti
servitude	چاکری؛ بندگی	servatud
sesame	کنجد	sesami
session	نشست؛ جلسه	seshen
set	تنظیم کردن؛ مجموعه؛ قرار دادن	set
setter	گذارنده	seter
settle	وطن کردن؛ نشست کردن	setel
settlement	مسکن؛ واریز	setalmant
settler	مهاجر	setaler / setler
seven	هفت	sevan
seventeen	هفده	sevantin
seventh	سابع؛ یک هفتم	sevanth
seventy	هفتاد	sevanti / sevani
several	چندین	sevrel / severel
severe	شدید؛ سخت	savir
severely	به شدت	savirli
severity	سختی؛ خشکی	siveriti
sew	دوختن؛ خیاطی کردن	so
sewing	خیاطی؛ دوزندگی	soing
sewn	دوخته	son
sex	سکس؛ سکسی کردن	seks
sexless	خنثا	sekslis
sexual	جنسی؛ تناسلی	sekshuel
sexuality	جنسیت؛ تمایلات جنسی	sekshualiti
sexy	سکسی	seksi
shabby	نخ نما	shabi
shade	سایه؛ آسمانه	sheyd
shadow	سایه؛ ظل	shado
shadowy	سایه مانند؛ زود گذر	shadoi
shady	سایه دار؛ سایه افکن	sheydi
shaft	چوبه؛ مال بند	shaft
shag	موی زبر	shag
shaggy	پر مو؛ مو دراز	shagi
shah	شاه	shaa
shake	لرزاندن	sheyk
shall	باید (فعل کمکی)	shal
shallow	سطحی؛ تنکاب	shalo
shame	ننگ؛ شرم	sheym
shameful	ننگین؛ رسوا	sheymfel
shameless	وقیح؛ بیعار	sheymlas
shamelessly	بی شرمانه	sheymlasli
shape	شکل	sheyp
shaped	شکل‌دار	sheypt
shapeless	بیقالب؛ بی شکل	sheyplas
shapely	خوش هیکل؛ خوش ترکیب	sheypli
share	اشتراک گذاشتن	sher
shareholder	سهامدار؛ سهمدار	sherholder
sharp	تیز؛ برنده	shaarp
sharpen	تراشیدن؛ تند کردن	shaarpan
sharply	به شدت	shaarpli
sharpness	تیزی؛ حادی	shaarpnas
shatter	خرد کردن؛ متلاشی کردن	shater
shave	تراش؛ تراشیدن	sheyv
shaving	اصلاح؛ صورت تراشی	sheyving
she	او (زن)	shi
sheaf	بافه؛ بافه کردن	shif
sheath	غلاف؛ نیام	shith
sheathed	غلافدار؛ نیامی	shidhd
shed	خرگاه	shed
sheep	گوسفند	ship
sheepish	گوسفندی؛ گوسفندوار	shipish
sheer	یک راست؛ پارچه ظریف	shir
sheet	ورق، ملافه	shit
shelf	طاقچه؛ تاقچه	shelf
shell	پوست؛ لاک	shel
shelter	ملجا؛ ملجاء	shelter
shepherd	چوپان؛ شبان	sheperd
sheriff	داروغه؛ ضابط شهربانی	sheraf / sherif
shield	سپر	shild
shielding	استحفاظ	shilding
shift	نوبت کار؛ نوبت کاری	shift
shine	برق؛ تابیدن	shain
shiny	درخشان؛ براق	shaini
ship	کشتی	ship
shipboard	سوار کشتی؛ کنار کشتی	shipbord
shipbuilder	کشتیساز	shipbilder
shipbuilding	کشتیسازی	shipbilding
shipment	محموله؛ مرسله	shipmant
shipper	مسافر کشتی؛ محموله کشتی	shiper
shipwreck	غرق کشتی؛ کشتی شکسته شدن	shiprek
shirt	پیراهن	shert
shiver	لرزه؛ مورمور شدن	shiver
shock	یکه؛ ضغطه	shaak
shocking	تکان‌دهنده	shaaking
shod	نعل کفش	shaad
shoe	کفش	shu
shoot	نهال؛ تیر زدن	shut
shooting	شلیک؛ تیراندازی	shuting
shop	فروشگاه، خرید کردن	shaap
shopkeeper	دکاندار؛ مغازه دار	shaapkiper
shopping	خرید	shaaping
shore	ساحل	shor
shorn	پشم چیده	shorn
short	کوتاه	short
shortage	کمبود	shortaj / shortij
shorten	کوچک کردن؛ کوتاه کردن	shortan
shortly	به زودی	shortli
shortness	کوتاهی	shortnas
short-term	کوتاه‌مدت	shortterm
shot	تیر؛ عکس	shaat
should	باید (فعل کمکی)	shud
shoulder	شانه	sholder
shout	فریاد زدن، فریاد	shaut
shove	هل؛ تپاندن	shav
shovel	بیل زدن؛ بیلچه زدن	shavel
show	نمایش، نشان دادن	sho
shower	دوش	shauer
showy	خودنما؛ پرجلوه	shoi
shrapnel	گلوله افشان؛ گلوله انفجاری	shrapnel
shred	تکه کردن؛ باریک بریدن	shred
shrewd	ناقلا	shrud
shrewdness	کیاست	shrudnas
shriek	فریاد دلخراش زدن	shrik
shrill	زیر؛ شبیه صفیر	shril
shrimp	میگو	shrimp
shrine	ضریح؛ مرقد	shrain
shrink	انقباض؛ کوچک شدن	shringk
shrinkage	کیس؛ آب رفتگی	shringkij
shrub	درختچه؛ بوته دار کردن	shrab
shrubbery	درختچه زار	shraberi
shudder	لرزه	shader
shut	بستن، بسته	shat
shutter	پشت دری	shater
shy	کمرو؛ خجالتی	shai
shyness	خجالت؛ خجلت	shainas
siberia	سیبریه؛ سیبری	saibiria
sibling	خواهر یا برادر	sibling
sick	بیمار	sik
sickening	بیمار کننده؛ بیزار کننده	sikaning / sikning
sickle	داسقاله؛ دهره	sikel
sickness	داء؛ ناخوشی	siknas
side	کنار	said
sidewalk	پیادهرو	saidwok
sifting	نخاله؛ بوجاری	sifting
sigh	آه کشیدن؛ آوخ کشیدن	sai
sight	دید؛ منظره	sait
sign	علامت، امضا کردن	sain
signal	علامت؛ کوس	signel
signature	امضا	signacher
significance	اهمیت	sagnifikans / signifikans
significant	مهم؛ پرمعنی	sagnifikant / signifikant
signify	باشاره فهماندن	signafai
silence	سکوت	sailans
silent	ساکت؛ خاموش	sailant
silhouette	نیمرخ	silawet
silk	ابریشم؛ خامه	silk
silken	ابریشمی؛ حریری	silkan
silkworm	کرم ابریشم؛ کرم پیله	silkwerm
sill	گسله بستری	sil
silliness	خری	silinas
silly	مهمل؛ نافهم	sili
silver	نقره، نقره‌ای	silver
silverware	نقره آلات	silverwer
silvery	سیمگون؛ سیم اندود	silveri
similar	مشابه	simaler
similarity	شباهت؛ تشابه	simaleriti
simon	شمعون	saiman
simple	ساده	simpel
simplicity	سادگی	simplisiti
simplify	ساده کردن	simplafai
simply	بسادگی	simpli
simultaneous	همزمان؛ مقارن	saimalteynias
simultaneously	همزمان؛ به طور همزمان	saimalteyniasli
sin	خطا؛ گناه	sin
since	از آن زمان که، چون	sins
sincere	صاف؛ صمیمی	sinsir
sincerely	صمیمانه؛ صادقانه	sinsirli
sincerity	خلوص؛ صمیمیت	sinseriti
sinewy	سخت پی	sinyui
sinful	عاصی؛ فاجر	sinfel
sing	آواز خواندن	sing
singer	خواننده	singer
singing	آواز خواندن	singing
single	مجرد، تک	singgel
singly	منفردا؛ یک یک	singgli
singular	تکین	singgyaler
singularity	تکینی	singgyaleriti
sinister	شوم؛ بدشگون	sinister
sink	منجلاب؛ چاهک	singk
sinner	عاصی؛ مخطی	siner
sinuous	گمراه کننده	sinwas
sinus	سینوس؛ معصره	sainas
sip	جرعه؛ مزمزه	sip
sir	آقا	ser
sire	پدری کردن	saier
sister	خواهر	sister
sit	نشستن	sit
site	سایت	sait
situation	موقعیت	sichueyshen
six	شش	siks
sixteen	شانزده	sikstin
sixth	سادس؛ سدس	siksth
sixty	شصت	siksti
size	اندازه	saiz
skeleton	چارچوب؛ اسکلت	skelatan
skepticism	دیرباوری	skeptisizam
sketch	ترسیم؛ طراحی کردن	skech
ski	اسکی، اسکی کردن	ski
skiing	اسکی	skiing
skill	مهارت	skil
skilled	ماهر	skild
skillful	زبده؛ ماهر	skilfel
skillfully	ماهرانه	skilfali
skin	پوست	skin
skinned	مقشر	skind
skinny	لاغر؛ نحیف	skini
skipper	ناخدای کشتی	skiper
skirmish	کشمکش؛ زد و خورد	skermish
skirt	دامن	skert
skull	جمجمه	skel
skullcap	عرقچین؛ کلاه بره	skalkap
sky	آسمان	skai
skylight	پنجره طاق	skailait
skyward	به‌طرف آسمان	skaiwerd
slack	شل کردن	slak
slain	مقتول	sleyn
slam	بهمکوفتن؛ ضربت سنگین	slam
slander	افترا؛ ذم	slander
slang	عامیانه؛ اصطلاح عامیانه	slang
slanting	اریب	slanting
slap	چک؛ سیلی	slap
slash	نشان ممیز؛ خیلی کم کردن	slash
slate	تورق؛ پلمه	sleyt
slaughter	کشتار؛ خونریزی	sloter
slav	اسلاو؛ اسلاو زبان	slaav
slave	برده؛ غلام	sleyv
slavery	برده‌داری؛ بندگی	sleyveri
slavish	غلام صحت	sleyvish
sledge	سورتمه راندن	slej
sleek	چرب ونرم	slik
sleep	خواب؛ خوابیدن	slip
sleepiness	خواب آلودی	slipinas
sleepless	بی خواب	sliplas
sleepy	خواب آلود	slipi
sleeve	آستین	sliv
sleigh	سورتمه راندن	sley
slew	تعداد زیادی؛ چرخاندن ناگهانی	slu
slice	قاش کردن؛ قاچ کردن	slais
slide	سرسره؛ سراندن	slaid
slight	خفیف؛ جزئی	slait
slim	باریک اندام	slim
slime	لجن؛ خره	slaim
sling	قلاب سنگ؛ سنگ قلاب	sling
slip	لغزش؛ سقطه	slip
slipper	کفش راحتی؛ دم پائی	sliper
slippery	سر؛ لیز	sliperi / slipri
slit	چاک	slit
slogan	شعار	slogan
sloop	قایق جنگی	slup
slop	شلوار گشاد؛ آشغال خوری	slaap
slope	شیب؛ دامنه	slop
slot	شکاف کوچک	slaat
sloth	تنبل	sloth
slough	خشک ریشه	slaf
slovenly	هردمبیل؛ لا ابالی	slavanli
slow	آهسته	slo
slowly	به آرامی	sloli
slowness	کندی؛ تانی	slonas
sluggish	کساد؛ لش	slagish
slumber	چرت زدن؛ پینکی زدن	slamber
slump	زمین باتلاقی؛ کاهش فعالیت	slamp
sly	موذیانه؛ رند	slai
smack	ماچ صدادار؛ باصدا غذاخوردن	smak
small	کوچک	smol
smallpox	آبله	smolpaaks
smart	زرنگ؛ زیرک	smaart
smartphone	گوشی هوشمند	smaartfon
smash	مصادمت؛ خردشدگی	smash
smasher	خرکننده؛ درهم شکننده	smasher
smear	آغشتن	smir
smell	بو، بو کردن	smel
smelt	گداخته شدن	smelt
smile	لبخند، لبخند زدن	smail
smoke	دود، سیگار کشیدن	smok
smokeless	بی دود	smoklas
smoker	سیگاری؛ اهل دود	smoker
smoking	سیگار کشیدن	smoking
smooth	نرم؛ صاف	smudh
smoother	صافکار	smudher
smoothness	روانی؛ صافی	smudhnas
smuggling	قاچاق؛ خفیه فروشی	smagling / smagaling
snack	ته بندی	snak
snail	حلزون؛ لیسه	sneyl
snake	مار	sneyk
snap	بشکن؛ شتابزدگی	snap
snare	تله؛ با تله گرفتن	sner
snarl	دندان قروچه کردن	snaarl
snatch	مقدار کم؛ قاپ زنی	snach
sneer	پوزخند؛ نیشخند	snir
sniff	بوکشیدن؛ فن فن کردن	snif
snore	خرخر؛ خرخره	snor
snort	زفیر کشیدن	snort
snorting	خر و خر	snorting
snout	پوزه؛ سرلوله آب	snaut
snow	برف، برف باریدن	sno
snowy	برفی	snoi
snuff	انفیه؛ انفیه زدن	snaf
snuffing	انفیهزنی	snafing
snug	گرم ونرم؛ آماده ومجهز	snag
so	بنابراین، خیلی	so
soak	آغشتن؛ خیساندن	sok
soap	صابون	sop
soar	اوج گرفتن؛ بلند پرواز کردن	sor
sob	بغض گریه	saab
so-called	به اصطلاح	sokold
soccer	فوتبال	saaker
social	اجتماعی	soshel
socialism	سوسیالیسم؛ سوسیالیزم	soshalizam
socialist	سوسیالیست؛ سوسیالیستی	soshalast / soshalist
society	جامعه	sasaiati
sociology	انسان شناسی؛ جامعه شناسی	sosiaalaji
sock	جوراب	saak
socket	سرپیچ؛ بوشن	saakat
sodden	نیم پخته؛ چروکیده وپژمرده	saadan
sodium	سدیم؛ سودیوم	sodiam
sofa	نیمکت؛ کاناپه	sofa
soft	نرم	saaft / soft
soften	نرم کردن؛ شیرین کردن	saafan / sofan
softly	بارامی؛ نرم نرمک	softli / sofli
softness	ملایمت؛ شلی	softnas / sofnas
software	نرم افزار	softwer / sofwer
soil	خاک؛ تراب	soyl
sojourn	موقتا اقامت کردن	sojern
solace	مایه تسلی	saalas / solis
solar	آفتابی؛ شمسی	soler
solder	لحیم؛ لحیم کردن	saader
soldier	سرباز	soljer
sole	کف پا؛ تخت کفش	sol
solemn	سنگین؛ موقرانه	saalam
solemnity	مراسم سنگین	salemniti
solicitor	خواهنده	salisater
solid	محکم؛ استوار	saalad
solidarity	همبستگی؛ بهم پیوستگی	saaladeriti
solidity	استواری	saliditi
solitary	گوشه نشین	saalateri
solitude	انفراد	saalatud
solo	تک	solo
solomon	سلیمان؛ صلح دوست	saalaman
solution	راه حل	salushen
solvable	حلپذیر؛ قابل حل	saalvabel
solve	حل کردن	saalv
solvent	حلال؛ مایع محلل	saalvant
somber	غم انگیز	saamber
some	مقداری، برخی	sam
somebody	کسی	sambaadi / sambadi
somehow	به نحوی	samhau
someone	کسی	samwan
something	چیزی	samthing
sometime	زمانی	samtaim
sometimes	گاهی اوقات	samtaimz
somewhat	تاحدی؛ مقدار نامعلومی	samwat / samhwat
somewhere	جایی	samwer
son	پسر	san
song	آهنگ	song
sonorous	طنین انداز	saaneras
soon	به زودی	sun
soot	دوده؛ دودهای کردن	sut
soothe	استمالت کردن؛ دل بدست آوردن	sudh
sooty	دودهای	suti
sophisticated	پیچیده	safistakeytid / safistikeytad
sore	ریشناک؛ جای زخم	sor
sorely	به‌سختی	sorli
sorrel	ریواس؛ ترشک	sorel
sorrow	غم؛ غصه	saaro
sorrowful	غمگین؛ غمافزا	saarofel
sorry	متاسف	saari
sort	نوع، مرتب کردن	sort
sorter	جور ساز	sorter
sot	ساده لوح	sot
soul	روح؛ جان	sol
sound	صدا، به نظر رسیدن	saund
soup	سوپ	sup
sour	ترش؛ ترشیده	sauer / saur
source	منبع	sors
south	جنوب	sauth
southeast	جنوب شرقی؛ جنوب شرق	sauthist
southern	جنوبی	sadhern
southward	به‌سوی جنوب	sauthwerd
southwest	جنوب غربی	sauthwest
souvenir	یادگار؛ تحفه	suvanir
sovereign	لیره زر	saavran
sovereignty	شاهی؛ خداوندی	saavranti
sow	خوک ماده؛ ماده خوک	sau / so
sowing	حرث؛ تخم پاشی	soing
space	فضا	speys
spacious	جادار؛ فراخ	speyshas
spain	اندلس؛ اسپانی	speyn
span	وجب؛ گستردگی	span
spaniard	اسپانیولی	spanyerd
spanish	اسپانیولی؛ اسپانیایی	spanish
spare	اضافی	sper
spark	جرقه؛ اخگر	spaark
sparkle	جرقه؛ تلالو	spaarkel
sparrow	گنجشک	spero
spasm	تشنجه	spazam
spastic	انقباضی	spastik
spat	بچهحلزون	spat
spatial	فاصلهای	speyshel
speak	صحبت کردن	spik
speaker	بلندگو، سخنران	spiker
spear	نیزه؛ سنان	spir
special	خاص	speshel
specialist	متخصص؛ ویژهگر	speshalast / speshalist
specialize	تخصص یافتن	speshalaiz
specialized	تخصصی	speshalaizd
specially	بویژه؛ مخصوصا	speshali / speshli
species	انواع	spishiz
specific	خاص	spasifik / spisifik
specification	مشخصه؛ تصریح	spesifikeyshen
specify	مشخص کردن	spesafai
specimen	نمونه	spesaman
spectacle	منظره	spektakel
spectacular	تماشایی	spektakyaler
spectator	تماشاگر	spekteyter
spectrum	طیف؛ بیناب	spektram
speculate	حدس و گمان زدن	spekyaleyt
speculation	گمانه‌زنی	spekyaleyshen
speculator	زمین خوار؛ سفته باز	spekyaleyter
speech	سخنرانی	spich
speechless	بی حرف؛ بی جواب	spichlas
speed	سرعت	spid
spell	هجی کردن	spel
spelling	هجی	speling
spend	خرج کردن، گذراندن	spend
spending	صرف	spending
spent	مصروف؛ رها شده	spent
sphere	جسم کروی	sfir
sphinx	ابوالهول؛ سینه زن	sfingks
spice	ادویه	spais
spider	عنکبوت	spaider
spike	آبشار زدن؛ میخ بزرگ	spaik
spill	ریختن	spil
spin	چرخان؛ ریس	spin
spinal	صلبی؛ شوکی	spainel
spindle	دوک	spindel
spine	تیره پشت؛ ستون فقرات	spain
spiral	حلزونی؛ مارپیچ رفتن	spairel
spire	ساقه باریک	spair
spirit	روح؛ روحیه؛ الکل	spirat / spirit
spiritual	روحانی؛ معنوی	spirichuel
spirituality	روحانیت؛ معنویت	spirichualiti
spiritually	روحا؛ غیر مادی	spirichuali
spit	تف؛ خدو	spit
spite	کینه	spait
spiteful	مغرض؛ غرضآلود	spaitfel
spleen	سپرز؛ طحال	splin
splendid	باشکوه؛ باجلال	splendid
splendor	کوکبه؛ زرق وبرق	splender
splenic	اسپرزی؛ طحالی	splenik / splinik
splint	جبیره؛ آهن نبشی	splint
split	شکاف؛ شکافته	split
splitter	شکافنده؛ شکاف دهنده	spliter
splitting	بزل	spliting
spoil	خراب کردن	spoyl
spokesman	سخنگو (مرد)	spoksman
spokesperson	سخنگو	spokspersan
spokeswoman	سخنگو (زن)	spokswuman
sponge	ابر؛ لیف	spanj
spongy	لیفی؛ اسفنجی	spanji
sponsor	ضامن؛ متقبل	spaanser
sponsorship	حمایت مالی	spaansership
spontaneous	بالبداهه؛ ناخودآگاه	spaanteynias
spontaneously	ناخودآگاه؛ خودبخود	spaanteyniasli
spoon	قاشق	spun
sporadic	گاهبگاه	speradik
spore	هاگ؛ هاگ آوردن	spor
sport	ورزش	sport
sporting	ورزشی	sporting
sportsman	ورزشکار؛ ورزش دوست	sportsman
spot	گله؛ لکه	spaat
spotless	بی لکه؛ بی خال	spaatlas
spouse	همسر؛ زوج	spaus
sprain	رگ کردن؛ بدرد آوردن	spreyn
sprawling	گل و گشاد	sproling
spray	افشاندن؛ دواپاشی	sprey
spread	گسترش دادن؛ پخش شدن	spred
spring	بهار	spring / spering
springtime	بهار زندگانی	springtaim
sprinkle	گلنم؛ آب پاشی کردن	springkel
sprout	جوانه؛ جوانه زدن	spraut
spruce	صنوبر	sprus
spun	تابداده؛ ریسته	span
spur	سیخک؛ مهمیز	sper
spy	آبشت؛ خبرگیر	spai
squad	جوخه	skwaad
squadron	بهادران	skwaadran
squalid	بد ظاهر	skwaalad
squamous	فلس دار	skweymas
squander	تبذیر کردن؛ اسراف کردن	skwaander
square	مربع	skwer
squat	قوز کردن؛ چاق وخپل	skwaat
squeeze	چلاندن؛ فشاردن	skwiz
squire	ملاک عمده	skwair
squirrel	سنجاب	skwerel
stab	چاقو زدن؛ زخم چاقو	stab
stability	پشتکار؛ پایداری	stabiliti
stable	پایدار؛ طویله	steybel
stadium	ورزشگاه؛ میدان ورزش	steydiam
staff	کارکنان؛ کادر	staf
stag	آهو	stag
stage	صحنه، مرحله	steyj
stagecoach	دلیجان	steyjkoch
stagger	گیج خوردن؛ یله رفتن	stager
staggering	تلو؛ تلوتلو	stagering
stagnant	راکد؛ کساد	stagnant
stagnation	رکود؛ ناروانی	stagneyshen
stain	لکه؛ شایبه	steyn
stair	پله	ster
stairway	پلگان؛ راه پله	sterwey
stake	وتد؛ اخیه	steyk
staking	تیرکوبی	steyking
stale	بیات؛ بیات کردن	steyl
stalk	ساقه؛ ساق	stok
stall	غرفه، متوقف شدن	stol
stallion	نریان؛ اسب نر	stalyan
stalwart	جوانمرد؛ اندام دار	stolwert
stamp	تمبر، مهر	stamp
stampede	لگد کردن؛ لگد کوب	stampid
stance	موضع	stans
stand	ایستادن	stand
standard	علامت؛ عیار	standerd
standpoint	نقطه نظر	standpoynt
standstill	سکته؛ لنگی	standstil
staple	قلم اصلی؛ مواد خام	steypel
star	ستاره؛ ستاره، ستاره‌دار کردن	staar
starch	نشاسته؛ آهار	staarch
stare	خیره شدن؛ خیره نگریستن	ster
starlight	نور ستاره	staarlait
starry	پرستاره	staari
start	شروع، شروع کردن	staart
startle	زدگی؛ رمانیدن	staartel
starvation	گرسنگی؛ قحطی	staarveyshen
starve	گرسنه ماندن	staarv
state	ایالت، بیان کردن	steyt
statecraft	ملک داری؛ کشور داری	steytkraft
statement	اظهار نظر	steytmant
statesmanship	دنیاداری	steytsmanship
static	ثابت؛ بی حرکت	statik
station	ایستگاه	steyshen
statistical	احسائی؛ آماری	statistikel
statistics	ارقام؛ آمار	statistiks
statue	مجسمه؛ تندیس	stachu
statuesque	شبیه مجسمه؛ مجسمه وار	stachuesk
stature	قدر وقیمت	stacher
statutory	طبق قانون	stachatori
stay	ماندن	stey
stead	مفید بودن	sted
steadfast	استوار	stedfast
steadily	به طور پیوسته	stedali
steady	محکم؛ استوار	stedi
steal	دزدیدن	stil
steam	بخار	stim
steamboat	قایق بخاری	stimbot
steamer	ماشین بخار	stimer
steed	توسن؛ وسیله نقلیه	stid
steel	فولاد؛ فولادی	stil
steep	تنده؛ شیبدار	stip
stem	ریشه؛ ساقه	stem
stench	تعفن؛ زهم	stench
stencil	استنسیل؛ استنسیل کردن	stensil
step	قدم، گام	step
stepdaughter	نادختری؛ دختر خوانده	stepdoter
stepfather	ناپدری؛ پدراندر	stepfaadher
stepmother	نامادر؛ مادرخوانده	stepmadher
steppe	استپ	step
sterile	سترون؛ استرون	sterel
sterility	عقیمی؛ سترونی	steriliti
sterling	پوند؛ استرلینگ	sterling
stern	عبوس؛ عبوسانه	stern
sternness	عبوسی	sternnas / sternas
stethoscope	گوشی	stethaskop
stevedore	بارگیری وباراندازی کردن	stivador
stew	خورش؛ دم کردن	stu
stick	لول؛ چسبیدن	stik
sticky	چسبنده؛ چسبناک	stiki
stiff	سیخ؛ شخ	stif
stiffen	شق کردن؛ سیخ شدن	stifan
stiffness	جمود	stifnas
stile	سنگچین	stail
still	هنوز	stil
stillness	ناروانی؛ بی حرکتی	stilnas
stimulant	محرک؛ ماده محرک	stimyalant
stimulate	تحریک کردن	stimyaleyt
stimulation	تحریک؛ انگیزش	stimyaleyshen
sting	نیش؛ گزش	sting
stinginess	خست؛ بخل	stinjinis
stinging	گزنده	stinging
stingy	زفت؛ ممسک	stinji
stink	بودادن؛ بدبو کردن	stingk
stint	بقناعت واداشتن	stint
stipulated	مصرح	stipyaleytid
stipulation	مصرح؛ مصرحات	stipyaleyshen
stir	هم زدن؛ بهم زدن	ster
stitch	کوک؛ بخیه	stich
stock	سهام؛ موجودی	staak
stomach	معده	stamak
stone	سنگ	ston
stony	باسنگ ساختن	stoni
stool	کرسی؛ عسلی	stul
stoop	دولاشدن؛ خشوع کردن	stup
stop	توقف، توقف کردن	staap
stoppage	انسداد	staapij
storage	مخزن؛ انبارش	storaj / storij
store	فروشگاه	stor
storied	داستانی	storid
storm	طوفان	storm
stormy	متلاطم؛ توفانی	stormi
story	داستان	stori
stout	نوعی آبجو؛ قوی بنیه	staut
stove	اجاق؛ تون	stov
straight	مستقیم	streyt
straighten	راست کردن؛ مستقیم شدن	streytan
straightforward	رک؛ صریحاللهجه	streytforwerd
strain	صافی کردن	streyn
strait	تنگه؛ بغاز	streyt
strand	تار؛ کنار رود	strand
strange	عجیب	streynj
strangeness	غرابت	streynjnas
stranger	غیر؛ بیگانه	streynjer
strangulation	اختناق	stranggyaleyshen
strap	تسمه؛ تسمه زدن	strap
strategic	سوقالجیشی؛ استراتژیک	stratijik
strategist	رزمآرا	stratijist
strategy	استراتژی	strataji
stratified	رگه دار	stratafaid
stratum	طبقه؛ رگه	stratam
straw	کاه؛ خس	stro
strawberry	چلم؛ توت فرنگی	stroberi
straying	ضلالت؛ بیراهه روی	streying
streak	سپیده دم	strik
stream	نهر؛ مسیل	strim
street	خیابان	strit
strength	قدرت؛ استحکام	strengkth / strength
strengthen	تقویت کردن	strengthan
strenuous	فوق العاده	strenyuas
stress	استرس، استرس وارد کردن	stres
stretch	بسیط؛ امتداددادن	strech
stretcher	برانکار؛ بسط یابنده	strecher
stricken	دچار؛ مصیبت زده	strikan
strict	خشک؛ موکد	strikt
strictly	به شدت	striktli
stricture	ضیق؛ سخت گیری	strikcher
stride	گام؛ شلنگ	straid
strife	نفاق؛ سعی بلیغ	straif
strike	ضرب؛ ضربت	straik
striker	اعتصابی؛ اعتصابگر	straiker
striking	گیرنده؛ ضربتی	straiking
string	زه کردن؛ رشته کردن	string
strip	نوار؛ باریکه	strip
striped	راهراه؛ خطدار	straipt
stripes	خطوط	straips
strive	جدیت کردن	straiv
stroke	سکته، ضربه	strok
stroll	گرد؛ گردیدن	strol
stroma	بافت بنیادی	stroma
strong	قوی	strong
stronghold	قلعه نظامی	stronghold
strongly	شدیدا	strongli
structural	ساختمانی	strakcherel
structure	ساختار	strakcher
struggle	تلاش؛ تنازع	stragel
strut	خرامیدن	strat
stubble	ته ریش؛ ریش زبر	stabel
stubborn	غد؛ سرسخت	stabern
stubbornly	لجوجانه	stabernli
stubby	سیخ سیخ	stabi
stuck	چسبیده؛ چسباننده	stak
stud	ایلخی؛ گل میخ	stad
student	دانش آموز	studant
studio	اتاقکار؛ هنرکده	studio
studious	جاهد؛ کتاب خوان	studias
study	مطالعه، مطالعه کردن	stadi
stuff	جنس؛ بساط	staf
stuffy	محافظه کار	stafi
stumble	لغزاندن؛ سقطه	stambel
stump	سنگینکندهدرخت؛ ته شاخه	stamp
stunned	خیره شدن؛ بهت زده	stand
stunning	خیره‌کننده	staning
stupendous	شگفت انگیز	stupendas
stupid	احمق	stupad / stupid
stupidity	خرف؛ حماقت	stupiditi
stupidly	احمقانه؛ بی خردانه	stupadli
stupor	گیجی؛ کند ذهنی	stuper
sturdy	تنومند؛ خوش بنیه	sterdi
sty	شعیره؛ در طویله قرار دادن	stai
style	سبک	stail
stylish	شیک	stailish
subacute	زیرحاد	sabakyut
subdivision	بخشیزه؛ زیرقسمت	sabdivizhen
subdue	مقهور کردن؛ رام کردن	sabdu
subject	موضوع	sabjekt / sabjikt
sublime	متعال؛ برین	sablaim
submarine	زیردریایی؛ تحت البحری	sabmerin
submission	فرمانبرداری؛ اذعان	sabmishen
submissive	مطیع؛ خاشع	sabmisiv
submit	تسلیم کردن؛ تمکین کردن	sabmit
subordinate	تابع؛ زیردست	sabordaneyt / sabordanat
subordination	مادونی؛ فرمان برداری	sabordaneyshen
subscribe	اشتراک کردن؛ مشترک شدن	sabskraib
subscription	اشتراک؛ آبونمان	sabskripshen
subsequent	بعدی	sabsakwant
subsequently	متعاقباً	sabsakwantli
subservience	زیر زاوری	sabservians
subside	نشست کردن؛ فروکش کردن	sabsaid
subsidy	کمک مالی؛ کمک هزینه	sabsidi
subsist	گذران کردن	sabsist
subsistence	معاش؛ گذران	sabsistans
substance	جسم؛ عین	sabstans
substantive	شبیه اسم؛ مقدار زیاد	sabstantiv
substitute	عوض؛ جانشین	sabstatut
substitution	جانشینی؛ جانشین سازی	sabstitushen
subterranean	تحت الارضی	sabtereynian
suburb	حومه شهر	saberb
suburban	برون شهری	saberban
subversive	خرابکارانه	sabversiv
subvert	واژگون ساختن	sabvert
succeed	موفق شدن	saksid
success	موفقیت	sakses
successful	موفق	saksesfel
successfully	به موفقیت؛ با موفقیت	saksesfali
succession	جانشینی؛ خلافت	sakseshen
successively	متواترا	saksesivli
successor	جانشین؛ خلف	sakseser
succor	موجب کمک	saker
such	چنین	sach
suck	مکیدن؛ مک زدن	sak
suckling	شیر خوار؛ بچه شیری	sakling
suction	مکش	sakshen
sudden	تند؛ ناگهان	sadan
suddenly	ناگهان	sadanli
suffer	خون کردن؛ خون شدن	safer
sufferer	متحمل؛ درد کش	saferer
suffering	رنج	safering / safring
suffice	کفایت کردن؛ کافی بودن	safais
sufficiency	کفایت؛ تکافو	safishensi
sufficient	کافی	safishent
sufficiently	به اندازه کافی	safishentli
suffocating	گلو گیر	safakeyting
suffocation	اختناق؛ خفقان	safakeyshen
sugar	شکر	shuger
sugary	شکری؛ شیرین زبان	shugeri
suggest	پیشنهاد کردن	sajest
suggestion	پیشنهاد	sajeschan
suggestive	حاکی؛ تلقینی	sajestiv
suicidal	مذبوحانه	suasaidel
suicide	خودکشی؛ انتحار	suasaid / suisaid
suit	کت و شلوار، مناسب بودن	sut
suitability	مناسبت؛ سازگاری	sutabiliti
suitable	مقتضی؛ درخور	sutabel
suitcase	چمدان؛ جامه دان	sutkeys
suite	قطعه موسیقی؛ خدم و حشم	swit
suitor	خواستگار؛ عرضحال دهنده	suter
sulking	قهر	salking
sullen	غیر معاشر	salan
sulphate	سولفات	salfeyt
sulphur	گوگرد؛ کبریت	salfer
sultan	سلطان	saltan
sum	وجه؛ مجموع	sam
summarily	جستهو گریخته	samerili
summarize	خلاصه کردن؛ چکیده کردن	sameraiz
summary	خلاصه؛ ملخص	sameri
summer	تابستان	samer
summit	قله؛ اعلی درجه	samat / samit
summon	فراخوانی؛ احضاریه	saman
sun	خورشید	san
sunbeam	تیغ آفتاب	sanbim
sunday	یکشنبه	sandey / sandi
sunflower	روزگردک؛ گل آفتاب پرست	sanflauer
sunken	فرورفته؛ غرق شده	sangkan
sunny	آفتابی؛ آفتاب گیر	sani
sunrise	مطلع؛ سحرگاه	sanraiz
sunset	غروب؛ افول	sanset
sunshine	نور آفتاب	sanshain
super	فوق‌العاده	super
superb	بسیار خوب	superb
superficial	سطحی؛ صوری	superfishel
superficially	صورتا	superfishali
superfluous	غیر ضروری	superflwas
superhuman	مافوق انسانی	superhyuman
superintendent	ناظم	superantendant / superintendant
superior	ارشد؛ مافوق	supirier
superiority	شرف؛ تفوق	supirioriti
supermarket	سوپرمارکت	supermaarkit
supernatural	فوق العاده؛ مافوق طبیعت	supernacherel
superstitions	موهومات	superstishenz
superstitious	موهوم؛ خرافاتی	superstishas
supervise	نظارت کردن؛ برنگری کردن	supervaiz
supervision	نظارت؛ مراقبت	supervizhen
supervisor	سرپرست؛ ناظر	supervaizer
supper	شام؛ عشا	saper
supple	کش دار	sapel
supplement	ضمیمه؛ تکمله	saplamant / saplament
supplementary	مکمل؛ تکمیلی	saplamenteri / saplameneri
supplier	کارپرداز؛ تهیه کننده	saplaier
supply	عرضه؛ تهیه کردن	saplai
support	حمایت، حمایت کردن	saport
supporter	طرفدار؛ هواخواه	saporter
suppose	فرض کردن	sapoz
supposedly	بفرض	sapozadli
supposition	گمان؛ انگاشت	sapazishen
suppress	سرکوب کردن؛ سرکوبی کردن	sapres
suppression	سرکوب؛ سرکوبی	sapreshen
supreme	عالی؛ عظما	saprim / serprim
sure	مطمئن	shur
surely	بداخم؛ البته	shurli
surf	خیزآب	serf
surface	سطح؛ رویه	serfas
surge	موج زدن؛ موجدار بودن	serj
surgeon	جراح	serjan / serjin
surgery	جراحی؛ عمل جراحی	serjeri
surgical	عمل جراحی	serjikel
surly	بدمزاج	serli
surmise	گمان بردن	sermaiz
surname	شهرت؛ ورنام	serneym
surplus	اضافات؛ مازاد	serplas
surprise	غافلگیری، غافلگیر کردن	serpraiz / sapraiz
surprised	غافلگیر شده	serpraizd / sapraizd
surprising	غافلگیرکننده	serpraizing / sapraizing
surprisingly	متعجبانه	serpraizingli / sapraizingli
surrender	تسلیم؛ تسلیم شدن	serender
surround	محصور کردن؛ احاطه کردن	seraund
survey	ممیزی؛ تخطیط	servey
surveyor	ممیز؛ مساح	serveyer
survival	بقا	servaivel
survive	سپری کردن؛ بر زیستن	servaiv
survivor	بازمانده	servaiver
susceptible	مستعد؛ فروگیر	saseptabel
suspect	مظنون؛ موردشک	saspekt
suspend	به حالت تعلیق درآوردن	saspend
suspense	درحال تعلیق	saspens
suspension	معلق؛ تعلیق	saspenshen
suspicion	شک؛ ظن	saspishen
suspicious	مشکوک؛ ظنین	saspishas
sustain	مقاومت کردن؛ اعاشه کردن	sasteyn
sustainable	پایدار	sasteynabel
sustenance	روزی؛ استعانت مالی	sastanans
swab	سنبه جراحی	swaab
swagger	کبر فروشی؛ خود فروشانهگام زدن	swager
swallow	قورت دادن	swaalo / swolo
swamp	مرداب؛ لجنزار	swaamp / swomp
swan	غو؛ دجاجه	swaan / swon
swank	قروغمزه آمدن؛ شیک وبا	swangk
swarm	هجوم کردن؛ ازدحام کردن	sworm
swarthy	گندمگون؛ تیره روی	swordhi / sworthi
swear	سوگند؛ ناسزا	swer
swearing	دشنام؛ لعن	swering
sweat	عرق؛ رشحه	swet
sweater	پلیور	sweter
sweden	سوئد	swidan
swedish	سوئدی	swidish
sweep	روبیدن؛ جاروب کردن	swip
sweet	خوش؛ شیرین	swit
sweetheart	نگار؛ محبوبه	swithaart
sweetness	شیرینی؛ حلاوت	switnas
swell	غلپیدن؛ باد کردن	swel
swept	کج شده	swept
swift	تندرو؛ تکاور	swift
swim	شنا کردن	swim
swimmer	شناگر؛ شناکننده	swimer
swimming	شنا	swiming
swindle	کلاه برداری	swindel
swing	تاب؛ نوسان	swing
swish	پیرومد؛ فش فش	swish
swiss	سویسی	swis
switch	کلید؛ سویچ	swich
switzerland	سوئیس؛ سوییس	switserland
swollen	متورم؛ تاخیری	swolan
sword	شمشیر؛ سیف	sord
syllable	هجا؛ سیلاب	silabel
symbiosis	زندگی تعاونی	simbaiosas
symbol	نماد؛ علامات اختصاری	simbel
symbolic	نمادی	simbaalik
sympathetic	دلسوز	simpathetik
sympathize	دلسوزی کردن؛ اظهار تاسف کردن	simpathaiz
sympathy	غمخواری؛ دلسوزی	simpathi
symptom	علامت	simptam
syncopal	غشی؛ غش دار	sinkapa
syncope	سنکوپ	sinkapi
synonymous	مرادف؛ مترادف	sanaanamas
syntactic	نحوی	sintaktik
syphilis	سفلیس	sifalis
syrian	شامی؛ سوریه ای	sirian
syringe	سرنگ؛ آبدزدک	serinj / sirinj
system	سامانه؛ سیستم؛ نظام	sistam
systematic	ترتیبی	sistamatik
table	میز	teybel
tablet	قرص؛ لوحه	tablat
tabor	دمبک	teyber
taciturn	کم سخن؛ کم گفتار	tasitern
tack	میخچه؛ پونز زدن	tak
tackle	رسیدگی کردن، تکل	takel
tact	مردم داری	takt
tactful	مردم دار؛ موقع شناس	taktfel
tactic	جنگ فن؛ جنگ فنی	taktik
tactical	سوقالجیشی؛ تاکتیکی	taktikel
tactile	لامسه ای	taktil / taktail
tactless	بی نزاکت؛ موقع نشناس	taktlas
tag	برچسب	tag
tail	دم؛ ذنب	teyl
tailed	دم دار	teyld
tailor	خیاط؛ درزی	teyler
taint	شایبه؛ آلوده کردن	teynt
take	گرفتن	teyk
tale	طلق؛ سرگذشت	teyl
talent	ذوق؛ استعداد	talant
talented	هنرمند؛ بااستعداد	talantid
talk	صحبت کردن	tok
talkative	وراج؛ پرگو	tokativ
talker	نطاق	toker
tall	بلند	tol
tallow	پیه مالی کردن	talo
tame	آموخته؛ رام	teym
tamed	دست آموز	teymd
tangerine	نارنگی	tanjerin
tangible	لمس کردنی	tanjabel
tangle	گوریده کردن؛ درهم پیچیدن	tanggel
tangled	گوریده؛ ژولیده	tanggald
tank	مخزن؛ حوض	tangk
tantamount	هم کف	tantamaunt
tap	ضربه زدن، شیر آب	tap
tape	نوار؛ باندرل	teyp
tapestry	ملیله دوزی	tapastri
tar	قیر زدن؛ قیرمالیدن به	taar
target	هدف؛ نشانگاه	taargat / tergat
tariff	تعرفه	teraf
tarry	درنگ کردن	teri
tarsus	خرده پا	taarsas
tartar	تاتار	taarter
task	کار؛ تکلیف	task
tassel	منگوله؛ شرابه	tasel
taste	مزه؛ سلیقه	teyst
tattoo	خال کوبیدن؛ خال کوبی کردن	tatu
tattooing	خال کوبی	tatuing
taunt	سرکوفت؛ شماتت کردن	tont
tavern	میکده؛ میخانه	tavern
tawny	گندمی؛ گندمگون	taani
tax	مالیات؛ باج	taks
taxation	مالیاتی؛ مالیات بندی	takseyshen
taxi	تاکسی	taksi
taxpayer	مالیات دهنده؛ مالیات پرداز	takspeyer
tea	چای	ti
teach	آموزش دادن	tich
teacher	معلم	ticher
teaching	تعلیم؛ معلمی	tiching
team	تیم	tim
tear	اشک؛ دریدن	ter / tir
tearful	گریان؛ اشکبار	tirfel
tearfully	گریه کنان	tirfali
tease	شوخی کردن؛ سخنان نیشدارگفتن	tiz
technical	فنی؛ تکنیکی	teknikel
technique	فن؛ تکنیک	teknik
technological	فناورانه	teknalaajikel
technology	تکنولوژی	teknaalaji
tedious	ممل؛ کسل کننده	tidias
teenager	نوجوان	tineyjer
teens	نوجوانی	tinz
telegram	تلگراف؛ تلگرام	telagram
telegraph	تلگراف؛ تلگراف کردن	telagraf
telephone	تلفن، تلفن زدن	telafon
telescope	تلکسوپ؛ تلسکپ	telaskop
television	تلویزیون	telavizhen
tell	گفتن	tel
temerity	تهور	tameriti
temper	خلق؛ درست ساختن	temper
temperament	فطرت	tempramant / tempermant
temperamental	مزاجی	tempramentel / tempermentel
temperance	اعتدال	temperans / temprans
temperate	معتدل	temprat / temperat
temperature	حرارت؛ دما	tempracher / temperacher
tempest	جوش وخروش	tempast
tempestuous	پرتوپ وتشر	tempeschuas
temple	معبد	tempel
temporal	شقی؛ فانی	temperel
temporarily	موقتاً	tempererali
temporary	موقت؛ موقتی	tempereri
temporize	دست بدست کردآن	temperaiz
tempt	فریفتن؛ اغواکردن	tempt
temptation	اغوا؛ وسوسه	temteyshen
tempting	وسوسه آمیز؛ هوس انگیز	tempting
ten	ده	ten
tenable	قابل تصرف؛ قابل مدافعه	tenabel
tenacious	استوار؛ چسبنده	taneyshas
tenacity	سرسختی	tanasiti
tenant	مستاجر؛ اجاره دار	tenant
tendency	تمایل	tendansi
tender	مناقصه؛ پیشنهاد مناقصه	tender
tending	مایل	tending
tendon	تاندون؛ زردپی	tendan
tenfold	دهگانه؛ ده چندان	tenfold
tennessee	تنسی	tenasi
tennis	تنیس	tenas / tenis
tenor	مفهوم؛ مفاد	tener
tense	وخیم شدن؛ زمان فعل	tens
tensile	کش دار	tensel
tension	تنش	tenshen
tent	چادر؛ خیمه	tent
tenth	عشر	tenth
tepid	ولرم؛ نیمگرم	tepid
term	اصطلاح؛ دوره؛ شرط	term
terminal	پایانه	termanel
terminate	فسخکردن؛ سپری کردن	termaneyt
termination	ختم؛ ختام	termaneyshen
terms	شرایط، اصطلاحات	termz
terrace	تختان؛ تراس	teras
terrain	نوع زمین؛ عوارض زمین	tereyn
terrible	وحشتناک	terabel
terribly	به طرز وحشتناکی	terabli
terrific	فوق العاده	terifik
terrify	ترساندن	terafai
territorial	زمینی؛ ارضی	teritoriel
territory	قلمرو	teritori
terror	وحشت	terer
terrorism	تروریسم	tererizam
terrorist	تروریست	tererist
terse	مختصر ومفید	ters
tertiary	قسمت سوم	tersheri / tershieri
test	آزمون، آزمون گرفتن	test
testament	عهد؛ وصیت	testamant
testicle	تخم؛ بیضه	testikel
testify	شهادت دادن؛ گواهی دادن	testafai
testimony	شهادت	testamoni
testing	آزمایش	testing
teutonic	توتنی	tutonik
texas	تکزاس؛ تگزاس	teksas
text	متن	tekst
textbook	کتاب درسی	tekstbuk
textile	بافته؛ بافتنی	tekstail
texture	بافت؛ تاروپود	tekscher
than	از (در مقایسه)	dhan
thank	تشکر کردن	thangk
thankful	ممنون؛ شکور	thangkfel
thankless	ناممنون	thangklas
thanks	ممنون	thangks
thanksgiving	شکرگزاری	thangksgiving
that	که، آن	dhat
thatch	کاه پوش کردن؛ کاه اندود کردن	thach
thaw	آب کردن؛ آب شدن	tho
the	حرف تعریف معین	dha / dhi
theater	تئاتر؛ تماشا خانه	thiater
theatre	تئاتر	thiater
thee	تورا	dhi
theft	سرقت	theft
their	مال آنها	dher
them	آنها (مفعول)	dhem / dham
theme	فرهشت	thim
themselves	خودشان	dhemselvz / dhamselvz
then	سپس	dhen
theological	لدنی	thialaajikel
theology	الاهیات؛ علمالادیان	thiaalaji
theoretical	نظری	thieretikel
theorist	نگرشگر	thierist
theory	فرضیه؛ نگره	thiri / thieri
therapeutic	معالج	therapyutik
therapeutics	درمان شناسی	therapyutiks
therapist	درمانگر	therapast / therapist
there	آنجا	dher
thereafter	بعدها؛ بدانوسیله	dherafter
therefore	بنابراین	dherfor
thermal	گرمایی	thermel
thermometer	درجه؛ گرمانما	thermaamater
these	این‌ها	dhiz
thesis	پایان‌نامه	thisas
they	آنها	dhey
thick	انبوه؛ غلیظ	thik
thicket	کنام؛ شاخسار	thikit
thickly	نسبتا انبوه	thikli
thickness	غلظت؛ قطر	thiknas
thief	دزد؛ ربا	thif
thigh	ران	thai
thimble	انگشتانه	thimbel
thin	نازک؛ لاغر	thin
thine	مال تو	dhain
thing	چیز	thing
think	فکر کردن	thingk
thinker	فکور؛ متفکر	thingker
thinness	لاغری؛ نازکی	thinnis / thinis
third	سوم	therd
thirdly	ثالثا	therdli
thirst	عطش؛ تشنگی	therst
thirsty	تشنه	thersti
thirteen	سیزده	thertin
thirty	سی	therdi / therti
this	این	dhis
thither	به آنطرف؛ به آنجا	dhither
thoracic	صدری	thorasik
thorax	قفسه سینه	thoraks
thorn	خار؛ سرتیز	thorn
thorough	کامل	thero / thoro
thoroughfare	شارع عام	therofer
thoroughly	به طور کامل	theroli
those	آن‌ها؛ کسانی	dhoz
though	اگرچه؛ هرچند	dho
thoughtful	فکور؛ متفکرانه	thotfel
thoughtfully	متفکرانه	thotfali
thoughtless	بی فکر؛ بی خیال	thotlas
thousand	هزار	thauzand / thauzan
thousandth	یک هزار	thauzandth / thauzanth
thread	نخ؛ نخ کردن	thred
threat	تهدید؛ تحدید	thret
threatening	تهدید کننده؛ تهدید آمیز	thretaning / thretning
three	سه	thri
threefold	ثلاثی؛ ثلاث	thrifold
thresh	خرمن کوبی کردن	thresh
threshold	آستانه؛ درگاه	threshold
thrice	سه مرتبه؛ سه دفعه	thrais
thrifty	مقتصد؛ صرفه جو	thrifti
thrill	هیجان؛ بهیجان آوردن	thril
thrive	پربرکت شدن؛ نشو و نما کردن	thraiv
throat	گلو؛ حلقوم	throt
throb	طپیدن؛ تپش داشتن	thraab
throne	مسند؛ اورنگ	thron
through	از طریق	thru
throughout	سرتاسر؛ سربسر	thruaut
throw	انداختن؛ افکندن	thro
thrust	فشار؛ تپاندن	thrast
thud	هف هف	thad
thumb	انگشت شست	tham
thunder	رعد؛ تندر	thander
thursday	پنجشنبه	therzdey / therzdi
thus	بنابراین؛ بدین‌ترتیب	dhas
thwart	عقیم گذاردن	thwort
thy	مال تو	dhai
tibia	درشت نی	tibia / tibya
tick	کنه	tik
ticket	بلیط	tikat / tikit
tickle	غلغلک؛ غلغلک دادن	tikel
tide	خیزآب؛ کشند داشتن	taid
tidy	میتیل	taidi
tie	بستن؛ گره	tai
tier	ردیف کردن؛ ردیف شدن	tir
tiger	ببر	taiger
tight	تنگ؛ محکم	tait
tighten	تنگ کردن؛ سفت کردن	taitan
tightness	سفتی	taitnas
tile	کاشی	tail
till	تا؛ صندوق پول	til
tillage	کشت وزرع	tilaaj
tiller	اهرم سکانکشتی	tiler
tilt	نیزه بازی کردن	tilt
timber	صدای خشک؛ صدای زنگ	timber
time	زمان	taim
timely	بجا؛ بوقت	taimli
timetable	صورت اوقات	taimteybel
timid	نافر؛ ترسو	timid
timing	زمان‌بندی	taiming
tin	قلع؛ حلب	tin
tincture	تنتور	tingkcher
tinder	فتیله فندک	tinder
tinge	سایه رنگ؛ کمی رنگ زدن	tinj
tingle	سوزش کردن	tinggel
tinker	بندزدن؛ سرهم بندی	tingker
tinsel	پولک؛ نقده	tinsel
tint	ته رنگ؛ سایه رنگ	tint
tiny	ریز؛ ریزه	taini
tip	سر؛ نوک	tip
tipsy	لول؛ شنگول	tipsi
tiptoe	تیپا؛ نوک پنجه	tipto
tire	لاستیک؛ تایر	taier
tired	خسته	taierd
tiredness	خستگی	taierdnis
tireless	نافرسودنی؛ بی لاستیک	taierlas
tiresome	خستهکننده؛ طاقت فرسا	taiersam
tissue	بافت، دستمال کاغذی	tisyu / tishu
tit	دختریازن؛ نوک پستان	tit
title	عنوان	taitel
tittle	همزه	titel
to	به، تا (حرف اضافه)	tu / ti
toast	برشته کردن؛ برشته شدن	tost
tobacco	توتون؛ تنباکو	tabako
today	امروز	tadey / tudey
toe	انگشت پا؛ شست پا	to
together	با هم	tagedher
toil	مشقت کشیدن؛ محصول رنج	toyl
toilet	توالت	toylat
token	علامت	tokan
tolerable	قابل تحمل؛ تحمل پذیر	taalerabel
tolerant	صبور؛ شکیبا	taalerant
tolerate	تحمل کردن؛ بردباری کردن	taalereyt
toleration	مدارا؛ آزادمنشی	taalereyshen
toll	باج؛ حق العبور	tol
tomato	گوجه فرنگی	tameyto / tamaato
tomb	گور؛ قبر	tum
tomorrow	فردا	tamaaro / tumaaro
ton	تن	tan
tone	لحن؛ آهنگ	ton
tongs	انبر	taangz / tongz
tongue	زبان؛ لسان	tang
tonight	امشب	tanait / tunait
tonnage	تن شماری؛ بر حسب شماره تن	tanaj / tanij
tonne	تن	tan
tonsil	بادامک؛ لوزه	taansel
too	هم، خیلی	tu
tool	وسیله؛ آلت	tul
tooth	دندان	tuth
toothed	مضرس؛ دندانه دار	tutht / tudhd
toothless	بی دندان؛ بدون دندانه	tuthlas
top	بالا؛ راس	taap / top
topic	موضوع	taapik
torch	مشعل؛ مشعلدار کردن	torch
tore	علف بلند؛ گچ بری	tor
torment	آزار؛ عذاب	torment
torn	دریده؛ گسیخته	torn
tornado	گردباد	torneydo
torrent	سیل وار؛ جریان شدید	torant
tortoise	سنگ پشت؛ لاک پشت	tortas
torture	آزار؛ عذاب	torcher
toss	متلاطم شدن؛ لول زدن	tos
total	جمع؛ کل	totel
totally	مفصل؛ سرتاسر	totali
tottering	تاتی	taatering
touch	مس؛ لامسه	tach
tough	صعب؛ شلاق خور	taf
tour	گشت کردن؛ سیاحت کردن	tur
tourism	سیاحت؛ جهانگردی	turizam
tourist	توریست	turast / turist
tournament	تورنمنت	turnamant
tourniquet	شریان بند	ternikit
tout	بلند انتشار دادن؛ بلند جار زدن	taut
tow	بکسل کردن؛ هر دوتا	to
toward	به‌سوی؛ نسبت به	taword / tord
towards	روبه‌طرف؛ رو به	tawordz / tordz
towel	لنگ؛ حوله	tauel / taul
tower	برج	tauer
town	شهر	taun
toxic	مسموم؛ زهرآلود	taaksik
toxin	زهر؛ زهرابه	taaksan
toy	بازیچه؛ لعبت	toy
trace	ردگیری کردن	treys
traceable	قابل تعقیب	treysabel
tracheal	نای مانند	treykiel
track	ردیابی کردن؛ رد پا گرفتن	trak
tractable	سربراه؛ سست مهار	traktabel
trade	تجارت؛ دادوستد	treyd
trader	سوداگر	treyder
trading	تجارت	treyding
tradition	رسم؛ سنت	tradishen
traditional	سنتی؛ عرفی	tradishenel
traditionally	علیالرسم؛ نقلا	tradishenali / tradishnali
traffic	ترافیک	trafik
tragedy	تراژدی	trajadi
tragic	غم‌انگیز	trajik
trail	دنباله داشتن؛ طفیلی بودن	treyl
trailer	تریلی	treyler
train	قطار، آموزش دادن	treyn
trainee	کارآموز؛ فرهیختگر	treyni
trainer	مودب؛ پرورنده	treyner
training	تربیت؛ آموزش	treyning
trait	ویژگی	treyt
traitor	غادر؛ غدار	treyter
tramp	صدای پا؛ آسمان جل	tramp
trample	پامال کردن؛ پایمال کردن	trampel
tranquil	آرام؛ آسوده	trangkwel / trangkwil
tranquility	آسایش؛ سکون	trangkwiliti
transact	دادوستد کردآن؛ داد وستد کردن	tranzakt
transaction	معامله؛ سودا	tranzakshen
transcend	بالاتر بودن؛ ورا رفتن	transend
transcribe	نسخه بر داشتن	transkraib
transcriber	آوانویس	transkraiber
transcription	استنساخ؛ رونویسی	transkripshen
transfer	انتقال؛ واکهداشتن	transfer
transference	احاله؛ ورابری	transferans
transform	استحاله یافتن؛ تغییر شکل دادن	transform
transformation	تبدیل؛ دگرگونی	transfermeyshen
transformer	مقلب؛ ترانسفورماتور	transformer
transfusion	تزریق؛ نقل وانتقال	transfyuzhen
transient	گذرا؛ سپنج	tranzhent
transit	گزر؛ ترانزیت	tranzit
transition	گذارنما	tranzishen
transitory	عاجل؛ سپنج	tranzatori
translate	ترجمه کردن	tranzleyt / transleyt
translation	ترجمه؛ مترجمی	tranzleyshen / transleyshen
translator	مترجم؛ مترجم کتبی	transleyter / tranzleyter
translucent	فراتاب	translusant
transmission	ارسال؛ مخابره	transmishen / tranzmishen
transmit	انتقال دادن	tranzmit
transparent	شفاف	transperant
transplant	پیوند کردن؛ پیوند زدن	transplant
transplantation	پیوند؛ نشاکاری	tranzplanteyshen
transport	نقلیه؛ نقل کردن	transport
transportation	حمل و نقل	transperteyshen
trap	تله	trap
trash	آشغال؛ خاکروبه	trash
trauma	جراحت؛ اثر ضربت	troma
traumatic	ضربهای؛ جراحتی	tromatik
travail	درد شکیدن	traveyl
travel	سفر، سفر کردن	travel
traveller	مسافر؛ سیاح	travaler
tray	طبله؛ سینی	trey
treacherous	غادر؛ خیانت کار	trecheras
treachery	نارو	trecheri
tread	پازدن	tred
treadmill	چرخ عصارخانه	tredmil
treason	خیانت؛ غداری	trizan
treasure	گنج	trezher
treasurer	خازن؛ گنجور	trezherer
treasury	گنجینه؛ گنجوری	trezheri
treat	رفتار کردن؛ درمان کردن	trit
treatment	درمان؛ رفتار	tritmant
treaty	پیمان؛ معاهده	triti
treble	صدای زیر؛ سه برابر	trebel
tree	درخت	tri
treeless	بی درخت	trilas
tremble	ارتعاش؛ لرزیدن	trembel
tremendous	فاحش	tramendas / trimendas
tremor	جنبش؛ تکان	tremer
tremulous	لرزش دار	tremyalas
trench	سنگر؛ خندق زدن	trench
trepidation	بیم وهراس	trepideyshen
trespass	حد شکنی	trespas
trial	محاکمه؛ دادرسی	traiel / trail
triangle	مثلث؛ سه گوش	traianggel
triangular	مثلثی؛ سهگوشی	traianggyaler
tribe	قبیله	traib
tribunal	دیوان محاکمات	trabyunel
tributary	ذمی؛ خراجگزار	tribyateri
tribute	جزیه	tribyut
trick	رمز؛ حقه	trik
trickery	دستان؛ گول زنی	trikeri
trickle	چکاندن؛ چکیدن	trikel
tricky	شیادانه؛ نیرنگ باز	triki
trifle	سرسری گرفتن؛ کم بها	traifel
trifles	ترهات	traifalz
trigger	راه‌اندازی کردن	triger
trillion	تریلیون	trilyan
trinity	تثلیث؛ سهگانگی	triniti
trip	سفر کوتاه	trip
tripartite	سه طرفه؛ سه جزئی	traipaartait
triple	ثلاثه؛ سهگانه	tripel
triumph	پیروزی؛ ضفر یافتن	traiamf
triumphant	منصور؛ فریاد پیروزی	traiamfant
trivial	تخمی؛ جزئی	triviel
triviality	ابتذال	trivialiti
trodden	پامال	traadan
trolley	واگن برقی؛ اتومبیلبارکش کوتاه	traali
troop	لشکر	trup
trophy	نشان ظفر	trofi
tropical	گرمسیری؛ گرمسیر	traapikel
trot	یورتمه؛ یورتمه رفتن	traat
trouble	زحمت؛ گرفتاری	trabel
troubled	پریشان؛ رنجه	trabald
troublesome	مصدع؛ پرزحمت	trabalsam
trough	سنگاب	trof
trousers	شلوار	trauzerz
trout	قزل آلا؛ ماهی قزل آلا	traut
trowel	ماله؛ ماله کشیدن	trauwel
truce	متارکه جنگ	trus
truck	بارکش؛ کامیون	trak
true	درست	tru
truly	بخوبی؛ حقیقی	truli
trumpet	شیپور	trampat
trunk	تنه؛ خرطوم	trangk
truss	خرپا؛ پایه زدن	tras
trust	اعتماد؛ اعتبار	trast
trustee	امانت دار	trasti
trusting	متوکل	trasting
trustworthy	موثق؛ معتمد	trastwerdhi
trusty	قابل اعتماد؛ اطمینان بخش	trasti
truth	اصل؛ حقیقت	truth
truthful	صادق؛ صدیق	truthfel
truthfully	صادقانه	truthfali
try	تلاش کردن	trai
t-shirt	تی‌شرت	tishert
tsunami	سونامی	tsunaami / sunaami
tub	لگن؛ طشت	tab
tube	تیوب	tub / tyub
tuberculosis	سل	taberkyalosis / tuberkyalosas
tubular	لولهای	tubyaler
tuck	تو گذاشتن؛ شمشیر نازک	tak
tuesday	سه‌شنبه	tuzdi / tuzdey
tuft	منگوله؛ شرابه	taft
tug	یدک کش؛ بازور کشیدن	tag
tumble	غلت زدن؛ معلق خوردن	tambel
tumbler	معلق زن	tambler
tumor	ورم؛ غده	tumer
tumult	هیاهو؛ جنجال راه	tumalt
tumultuous	پر آشوب؛ بهم ریخته	tumalchuas
tune	آهنگ؛ لحن	tun
tunnel	نقب؛ زیرنقب	tanel
turbid	کدر؛ درهم وبرهم	terbid
turbine	توربین	terbain
turbulence	اغتشاش؛ تلاطم	terbyalans
turf	باچمن پوشاندن؛ کلوخ چمنی	terf
turkey	عثمانی؛ بوقلمون	terki
turkish	ترک؛ عثمانی	terkish
turmoil	بهم خوردگی	termoyl
turn	چرخیدن، نوبت	tern
turner	برگردان؛ چرخنده	terner
turtle	سنگ پشت؛ لاک پشت	tertel
tutor	لله؛ معلمی کردن	tuter
tv	تلویزیون	tivi / telavizhen
tweed	نوعی فاستونی	twid
twelve	دوازده	twelv
twentieth	بیستم؛ بیستمین	twentiath / twentiith
twenty	بیست	twenti / tweni
twice	دو بار	twais
twig	شاخه؛ چیله	twig
twilight	شفق	twailait
twin	دوقلو؛ همزاد	twin
two	دو	tu
type	نوع	taip
ubiquitous	همه‌جا حاضر؛ فراگیر	yubikwitas
ugly	زشت	agli
ulcer	زخم؛ زخم گوارشی	alser
ultimate	نهایی	altamat
umbrella	چتر	ambrela
unable	ناتوان؛ قادر نبودن	aneybel
unacceptable	غیرقابل قبول	anakseptabel
unaware	بی‌خبر؛ ناآگاه	anawer
unbelievable	باورنکردنی	anbalivabel
uncertain	نامطمئن؛ نامشخص	ansertan
uncertainty	عدم قطعیت	ansertanti
uncle	عمو، دایی	angkel
uncover	آشکار کردن؛ برداشتن پوشش	ankaver
under	زیر	ander
undergo	متحمل شدن	andergo
undergraduate	دانشجوی کارشناسی	andergrajawat
underground	زیرزمینی	andergraund
underline	زیرخط کشیدن؛ تأکید کردن	anderlain
undermine	تضعیف کردن	andermain
underneath	زیر؛ در زیر	andernith
understand	فهمیدن	anderstand
undertake	بر عهده گرفتن	anderteyk
undo	بازگرداندن؛ خنثی کردن	andu
unemployment	بیکاری	animploymant
unexpected	غیرمنتظره	anikspektid
unfair	ناعادلانه	anfer / onfer
unfold	آشکار شدن	anfold
unfortunate	بدشانس	anforchanat / anforchunat
unhappy	ناراحت؛ ناخشنود	anhapi
uniform	لباس فرم؛ یکنواخت	yunaform
unique	منحصربه‌فرد	yunik
unit	واحد	yunat / yunit
unite	متحد شدن	yunait
unity	وحدت	yuniti
universal	جهانی	yunaversel
universe	جهان؛ کیهان	yunavers
university	دانشگاه	yunaversiti
unknown	ناشناخته	annon
unload	خالی کردن بار	anlod
unlock	باز کردن قفل	anlaak
unpaid	پرداخت‌نشده؛ بدون حقوق	anpeyd
unpleasant	ناخوشایند	anplezant
unplug	از برق کشیدن	anplag
until	تا	antil
up	بالا	ap
update	به‌روزرسانی؛ به‌روز کردن	apdeyt
upgrade	ارتقا؛ ارتقا دادن	apgreyd
upload	بارگذاری	aplod
upper	بالایی	aper
upset	ناراحت؛ برهم زدن	apset
upstairs	طبقه بالا	apsterz
urban	شهری	erban
urge	ترغیب کردن؛ میل شدید	erj
urgent	فوری	erjant
us	ما (مفعول)	as / yues
usage	کاربرد	yusaj / yusij
use	استفاده کردن، استفاده	yus / yuz
useful	مفید	yusfel
useless	بی‌فایده	yuslas
usually	معمولاً	yuzhawali / yuzhali
vacation	تعطیلات	veykeyshen
vaccine	واکسن	vaksin
vacuum	خلأ؛ جاروبرقی	vakyum
vague	مبهم	veyg
valid	معتبر	valid
valley	دره	vali
valuable	ارزشمند	valyabel / valyubel
value	ارزش؛ ارزش‌گذاری کردن	valyu
van	ون؛ خودرو باری کوچک	van
vanish	ناپدید شدن	vanish
variable	متغیر	veriabel
variation	تنوع	verieyshen
variety	تنوع؛ گوناگونی	veraiati
vast	وسیع؛ پهناور	vast
vegetable	سبزیجات	vejtabel
vehicle	وسیله نقلیه	vihikel / viikel
venture	سرمایه‌گذاری پرریسک؛ جسارت کردن	vencher
venue	محل برگزاری	venyu
verbal	شفاهی؛ کلامی	verbel
verify	تأیید کردن؛ راستی‌آزمایی کردن	verafai
version	نسخه	verzhen
vertical	عمودی	vertikel
very	خیلی	veri
vessel	کشتی؛ رگ؛ ظرف	vesel
veteran	کهنه‌سرباز؛ باتجربه	veteran / vetran
via	از طریق	vaia / via
vibrant	پرانرژی؛ درخشان	vaibrant
victim	قربانی	viktam / viktim
victory	پیروزی	vikteri / viktri
video	ویدئو	vidio
view	دیدگاه؛ منظره؛ مشاهده کردن	vyu
viewpoint	دیدگاه	vyupoynt
village	روستا	vilaj / vilij
violate	نقض کردن	vaialeyt
violence	خشونت	vaialans
violent	خشونت‌آمیز	vaialant / vailant
virtual	مجازی	verchuel
virus	ویروس	vairas
visa	ویزا	viza
visible	قابل مشاهده	vizabel
vision	بینایی؛ چشم‌انداز	vizhen
visit	بازدید، بازدید کردن	vizit
visitor	بازدیدکننده	viziter
visual	دیداری؛ بصری	vizhawel
vital	حیاتی؛ ضروری	vaitel
vitamin	ویتامین	vaitaman
vocal	آوازی؛ صریح	vokel
voice	صدا؛ بیان کردن	voys
volume	حجم؛ جلد؛ بلندی صدا	vaalyum
voluntary	داوطلبانه	vaalanteri
volunteer	داوطلب؛ داوطلب شدن	vaalantir
vote	رأی؛ رأی دادن	vot
voting	رای‌گیری	voting
vowel	حرف صدادار	vauel
voyage	سفر دریایی	voyaj / voyij
vulnerable	آسیب‌پذیر	valnerabel
wage	دستمزد	weyj
wagon	واگن؛ گاری	wagan
waist	کمر	weyst
wait	منتظر ماندن	weyt
waiter	پیشخدمت (مرد)	weyter
wake	بیدار شدن	weyk
walk	پیاده‌روی، پیاده‌روی کردن	wok / waak
wall	دیوار	wol
wallet	کیف پول	wolat
wander	سرگردان شدن	waander
want	خواستن	waant / wont
war	جنگ	wor
warm	گرم	worm
warming	گرمایش	worming
warn	هشدار دادن	worn
wash	شستن	waash
waste	هدر دادن؛ زباله	weyst
watch	تماشا کردن، ساعت مچی	waach / woch
water	آب	woter
wave	موج؛ دست تکان دادن	weyv
way	راه	wey
we	ما	wi
weak	ضعیف	wik
wealth	ثروت	welth
weapon	سلاح	wepan
wear	پوشیدن	wer
weather	آب و هوا	wedher
website	وب‌سایت	websait
wedding	عروسی	weding
wednesday	چهارشنبه	wenzdi / wenzdey
week	هفته	wik
weekend	آخر هفته	wikend / wikind
weekly	هفتگی	wikli
weird	عجیب	wird
welcome	خوش آمدید، پذیرایی کردن	welkam
welfare	رفاه	welfer
well	خوب، چاه	wel
west	غرب	west
wet	خیس	wet
whale	نهنگ	weyl / hweyl
what	چه، چه چیزی	wat / hwat
wheat	گندم	wit / hwit
wheel	چرخ	wil / hwil
when	چه زمانی	wen / hwen
where	کجا	wer / hwer
which	کدام	wich / hwich
while	درحالی‌که؛ مدتی	wail / hwail
whisper	نجوا کردن	wisper / hwisper
whistle	سوت؛ سوت زدن	wisel / hwisel
white	سفید	wait / hwait
who	چه کسی	hu
whoever	هر که	huever
whole	تمام؛ کامل	hol
why	چرا	wai / hwai
wide	پهن؛ گسترده	waid
widespread	گسترده	waidspred
wife	همسر (زن)	waif
wild	وحشی	waild
wildlife	حیات وحش	waildlaif
will	فعل کمکی آینده	wil / wel
willing	مایل	wiling
win	برنده شدن	win
wind	باد؛ پیچیدن	waind / wind
window	پنجره	windo
wine	شراب	wain
wing	بال	wing
winner	برنده	winer
winter	زمستان	winter
wire	سیم	waier / wair
wisdom	خرد	wizdam
wise	دانا؛ عاقل	waiz
wish	آرزو؛ آرزو کردن	wish
with	با	widh / with
withdraw	عقب‌نشینی کردن	widhdro / withdro
without	بدون	withaut / widhaut
witness	شاهد؛ شهادت دادن	witnas
woman	زن	wuman
wonder	شگفتی؛ تعجب کردن	wander
wonderful	فوق‌العاده	wanderfel
wood	چوب	wud
wool	پشم	wul
word	کلمه	werd
work	کار، کار کردن	werk
worker	کارگر	werker
workforce	نیروی کار	werkfors
workplace	محل کار	werkpleys
workshop	کارگاه	werkshaap
world	جهان	werld
worm	کرم	werm
worry	نگران شدن؛ نگرانی	weri
worth	ارزش؛ ارزشمند	werth
would	فعل کمکی	wud
wound	زخم؛ زخمی کردن	waund / wund
wrap	پیچیدن؛ بسته‌بندی کردن	rap
wrath	قهر	rath
wrist	مچ دست	rist
write	نوشتن	rait
writer	نویسنده	raiter
writing	نوشتن (فعل)	raiting
wrong	غلط	rong
xenon	زنون	zinan
xenophobia	بیگانه‌هراسی	zenafobiya
xenophobic	بیگانه‌هراس	zenafobik
xerox	فتوکپی؛ کپی کردن	ziraks
x-ray	پرتو ایکس؛ عکس رادیولوژی	eks-rey
xylem	آوند چوبی	zailem
xylene	زایلین	zaileyn
xylitol	زایلیتول	zailitol
xylophone	زیلوفون	zailafon
yacht	قایق تفریحی	yaat
yard	حیاط؛ یارد	yaard
yarn	نخ؛ داستان	yaarn
yawn	خمیازه؛ خمیازه کشیدن	yon
yeah	بله (غیر رسمی)	ya
year	سال	yir
yearbook	سالنامه	yirbuk
yearlong	یک‌ساله؛ سراسر سال	yirlong
yearly	سالانه	yirli
yeast	مخمر	yist
yell	فریاد زدن	yel
yellow	زرد	yelo
yellowish	مایل به زرد	yeloish
yes	بله	yes
yesterday	دیروز	yesterdey / yesterdi
yet	هنوز؛ بااین‌حال	yet
yield	بازده؛ تسلیم شدن	yild
yoga	یوگا	yoga
yogurt	ماست	yogert
yonder	آن‌سو	yaander
you	شما، تو	yu
young	جوان	yang
your	مال شما/تو	yor / yur
yourself	خودت، خودتان	yerself / yurself
youth	جوانی؛ جوانان	yuth
youthful	جوان‌گونه؛ شاداب	yuthfel
yummy	خوشمزه	yami
zap	ضربه ناگهانی؛ نابود کردن	zap
zeal	اشتیاق؛ شور	zil
zealous	مشتاق؛ پرشور	zelas
zebra	گورخر	zibra
zenith	اوج	zinath / zinith
zero	صفر	ziro
zest	شور و شوق؛ پوست رنده‌شده مرکبات	zest
zigzag	زیگزاگ	zigzag
zinc	روی	zingk
zip	زیپ؛ فشرده‌سازی کردن	zip
zipper	زیپ	ziper
zircon	زیرکن	zerkan
zirconium	زیرکونیوم	zerkoniam
zodiac	منطقه‌البروج؛ برج‌های فلکی	zodiak
zombie	زامبی	zaambi
zonal	منطقه‌ای	zonal
zone	منطقه؛ ناحیه	zon
zoning	منطقه‌بندی	zoning
zoo	باغ‌وحش	zu
zoological	جانورشناختی	zulaajikel
zoologist	جانورشناس	zoaalajast
zoology	جانورشناسی	zoaalaji
zoom	بزرگ‌نمایی؛ زوم کردن	zum
zoonotic	مشترک میان انسان و حیوان	zuanatik
zucchini	کدو سبز	zukini
zygote	زیگوت؛ سلول تخم	zaigout
