ein	یک (حرف تعریف نامعین)	ain
eine	یک (حرف تعریف نامعین)	aine
Abakus	چرتکه	abakus
Rechenbrett	چرتکه	rehenbrett
aufgeben	رها کردن؛ ترک کردن	aufgeben
verlassen	رها کردن؛ ترک کردن	verlassen
Aufgabe	ترک؛ رهاسازی	aufgabe
Verlassen	ترک؛ رهاسازی	verlassen
Verringerung	کاهش؛ فروکش	verringerunk
Minderung	کاهش؛ فروکش	minderunk
Abtei	خانقاه	abtai
Kloster	خانقاه	kloster
Alphabet	الفبا؛ مبانی اولیه	alfabet
Grundlagen	الفبا؛ مبانی اولیه	grundlagen
abdanken	کناره‌گیری کردن؛ واگذار کردن	abdanken
auf ein Amt verzichten	کناره‌گیری کردن؛ واگذار کردن	auf ain amt vertsihten
Bauch	شکم؛ بطن	bauh
Unterleib	شکم؛ بطن	unterlaib
abdominal	شکمی؛ بطنی	abdominal
den Bauch betreffend	شکمی؛ بطنی	den bauh betreffend
entführen	ربودن	entfuehren
Entführer	آدمدزد؛ آدمربا	entfuehrer
Abduktor	آدمدزد؛ آدمربا	abduktor
Schwebezustand	بی تکلیفی	shvebetsustand
dauerhaft	وفا کننده	dauerhaft
beständig	وفا کننده	bestendik
Fähigkeit	توانایی	fehigkait
erbärmlich	خوار و زار	erbermlih
niederträchtig	خوار و زار	nidertrehtik
in Flammen	افروخته	in flammen
fähig	قادر	fehik
Selbstverleugnung	کف نفس	tselbstverloygnunk
anomal	غیر عادی	anomal
regelwidrig	غیر عادی	regelvidrik
Abweichung	نابههنجاری	abvaihunk
Regelwidrigkeit	نابههنجاری	regelvidrigkait
Wohnsitz	بودباش	vohnsits
abschaffen	لغو کردن	abshaffen
Abschaffung	نسخ؛ برانداختگی	abshaffunk
verabscheuungswürdig	مکروه	verabshoyungsvuerdik
verhasst	مکروه	verhasst
Abscheulichkeit	عمل شنیع	abshoylihkait
abbrechen	سقط کردن؛ ریشه نکردن	abbrehen
Abtreibung	سقط جنین	abtraibunk
erfolglos	عقیم	erfolglos
fehlgeschlagen	عقیم	fehlgeshlagen
im Überfluss vorhanden sein	زیاد بودن؛ وفور داشتن	im ueberfluss vorhanden sain
über	درباره، حدوداً	ueber
ungefähr	درباره، حدوداً	ungefehr
oben	بالای، بالاتر	oben
Abraham	ابراهیم؛ ابراهیم پیامبر	abraham
Abrasion	خراش؛ سیش	abrasion
gekürzt	مجمل؛ تلخیص شده	gekuertst
im Ausland	خارج از کشور	im ausland
plötzlich	تند؛ ناگهان	ploetslih
schroff	تند؛ ناگهان	shroff
Abszess	آبسه	abstsess
Abwesenheit	غیبت	abvesenhait
abwesend	غایب	abvesend
Abwesender	غیب؛ غیابی	abvesender
Fehlender	غیب؛ غیابی	fehlender
absolut	مطلق؛ محض	absolut
total	مطلقا؛ مطلقاً	total
unbedingt	مطلقا؛ مطلقاً	unbedingt
aufnehmen	جذب کردن	aufnehmen
absorbieren	جذب کردن	absorbiren
saugfähig	جاذب؛ نشاف	saugfehik
Absorption	جذب؛ انجذاب	absorption
Übernahme	جذب؛ انجذاب	uebernahme
sich enthalten	نکول کردن؛ خودداری کردن	tsih entalten
sich zurückhalten	نکول کردن؛ خودداری کردن	tsih tsuruekhalten
Nichtwähler	نکول	nihtvehler
abstrakt	انتزاعی	abstrakt
Zusammenfassung	انتزاعی	tsusammenfassunk
Entwendung	انتزاع؛ تجرید	entvendunk
schwer verständlich	غامض؛ مغلق	shver verstendlih
absurd	پوچ	absurd
aberwitzig	پوچ	abervitsik
Absurdität	مزخرف بودن	absurditet
Überfluss	فراوانی	ueberfluss
im Überfluss	انبوه؛ وافر	im ueberfluss
reichlich	انبوه؛ وافر	raihlih
Missbrauch	سوء استفاده	missbrauh
missbrauchen	سوء استفاده	missbrauhen
beleidigend	فحاش؛ سوء استعمال	belaidigend
missbräuchlich	فحاش؛ سوء استعمال	missbroyhlih
Abgrund	مغاک؛ حضیض	abgrund
Akazie	اقاقیا	akatsi
akademisch	تحصیلی؛ آکادمیک	akademish
theoretisch	تحصیلی؛ آکادمیک	teoretish
Akademie	آکادمی	akademi
beschleunigen	تسریع کردن	beshloynigen
sich beschleunigen	تسریع کردن	tsih beshloynigen
hervorheben	لهجه	hervorheben
betonen	لهجه	betonen
akzeptieren	پذیرفتن	aktseptiren
annehmen	پذیرفتن	annehmen
annehmbar	پذیرفتنی؛ موجه	annehmbar
Akzept	پذیرش	aktsept
Akzeptierung	پذیرش	aktseptirunk
Zugang	دسترسی؛ دستیابی	tsugank
zugreifen	دسترسی؛ دستیابی	tsugraifen
zugänglich	قابل دسترس	tsugenglih
Eintritt	جلوس؛ جلوس کردن	aintritt
hinzukommend	هم دست	hintsukommend
Mithelfer	هم دست	mitelfer
Unfall	تصادف	unfall
durch Unfall verursacht	عرضی؛ تصادفی	durh unfall verursakht
zufällig	عرضی؛ تصادفی	tsufellik
in unbeabsichtigter Weise	تصادفی	in unbeabsihtigter vaise
Zustimmung durch Zuruf	احسنت	tsustimmunk durh tsuruf
anpassen	جا دادن	anpassen
entgegenkommen	جا دادن	entgegenkommen
Begleitung	دم گیری	beglaitunk
Begleiterscheinung	دم گیری	beglaitershainunk
begleiten	توام کردن؛ بدرقه کردن	beglaiten
Helfershelfer	دستیار؛ همداستان	helfershelfer
Komplize	دستیار؛ همداستان	komplitse
bewerkstelligen	انجام دادن	beverkstelligen
fertig stellen	انجام دادن	fertik shtellen
Ausführung	دستاورد	ausfuehrunk
Durchführung	دستاورد	durhfuehrunk
Übereinkunft	طیب خاطر	ueberainkunft
Übereinkommen	طیب خاطر	ueberainkommen
Übereinstimmung	مطابقت	ueberainstimmunk
dementsprechend	بر این اساس	dementsprehend
entsprechend	طبق، بر اساس	entsprehend
Konto	حساب؛ گزارش	konto
Bericht	حساب؛ گزارش	beriht
Haftungsumfang	مسئولیت‌پذیری	haftungsumfank
Verantwortlichkeit	مسئولیت‌پذیری	verantvortlihkait
haftbar	مسئول	haftbar
verantwortlich	مسئول	verantvortlih
Buchhalter	حسابدار	bukhhalter
Kontenführer	حسابدار	kontenfuehrer
Buchführung	محاسبه؛ حسابداری	bukhfuehrunk
Rechnungswesen	محاسبه؛ حسابداری	rehnungsvesen
anfallen	منتج گردیدن	anfallen
auflaufen	منتج گردیدن	auflaufen
anhäufen	انباشت کردن	anhoyfen
Anhäufung	انباشت	anhoyfunk
Ansammlung	انباشت	ansammlunk
Genauigkeit	دقت	genauigkait
Sorgfalt und Genauigkeit	دقت	tsorgfalt und genauigkait
genau	دقیق؛ راستین	genau
Anklage	اتهام	anklage
Beschuldigen	اتهام	beshuldigen
beschuldigen	متهم کردن؛ تهمت زدن	beshuldigen
Angeklagter	متهم	angeklagter
sich gewöhnen	عادی کردن؛ خو دادن	tsih gevoehnen
Ass	کلمات میید	ass
erreichen	دست یافتن	erraihen
Leistung	کار بزرگ	laistunk
Erfolg	کار بزرگ	erfolk
sauer	اسید؛ اسیدی	sauer
den Empfang bestätigen	اقرار کردن	den empfank bestetigen
anerkennen	اقرار کردن	anerkennen
Anerkennung	اقرار؛ شهادت نامه	anerkennunk
Bestätigung	اقرار؛ شهادت نامه	bestetigunk
Spitze	نقطه کمال	shpitse
Gipfel	نقطه کمال	gipfel
Akne	جوش؛ غرور جوانی	akne
Bekannter	معرفت؛ آشنا	bekannter
Bekanntschaft	معرفت؛ آشنا	bekannhaft
bekannt	بلد؛ شناسا	bekannt
zustimmen	تن در دادن	tsustimmen
einwilligen	تن در دادن	ainvilligen
erwerben	اندوختن	erverben
Abschluss	اکتساب	abshluss
Anschaffung	اکتساب	anshaffunk
Freispruch	تبرئه؛ برائت ذمه	fraisprukh
Freisprechung	تبرئه؛ برائت ذمه	fraisprehunk
Acker	جریب	aker
beißend	تند؛ گس	baissend
scharf	تند؛ گس	sharf
handeln	عمل کردن، نقش بازی کردن	handeln
Akt	عمل کردن، نقش بازی کردن	akt
Handlung	عمل، اقدام	handlunk
Maßnahme	عمل، اقدام	massnahme
aktivieren	فعال کردن	aktiviren
Aktivierung	فعال‌سازی	aktivirunk
aktiv	فعال	aktiv
Aktivist	کنشگر	aktivist
Aktivität	فعالیت	aktivitet
Schauspieler	بازیگر (مرد)	shauspiler
Schauspielerin	بازیگر (زن)	shauspilerin
tatsächlich	حالی	tatsehlih
wirklich	حالی	virklih
eigentlich	در واقع	aigentlih
Akupunktur	سوزن درمانی؛ طب سوزنی	akupunktur
spitz	حاد	shpits
akut	بحدت	akut
Schärfe	ذکاوت	sherfe
Heftigkeit	ذکاوت	heftigkait
Anzeige	بلد؛ ضال	antsaige
kompromisslos	یکدنده	kompromisslos
intransigent	یکدنده	intransigent
einrichten	تطبیق دادن	ainrihten
Anpassung	انطباق	anpassunk
Bearbeitung	انطباق	bearbaitunk
hinzufügen	اضافه کردن	hintsufuegen
Kreuzotter	افزیشگر؛ مار جعفری	kroytsotter
Addierer	افزیشگر؛ مار جعفری	addirer
abhängig	معتاد؛ افیونی	abhengik
Hinneigung	اعتیاد	hinnaigunk
Hingabe	اعتیاد	hingabe
Aufschlag	جمع؛ علاوه	aufshlak
Zugabe	جمع؛ علاوه	tsugabe
zusätzlich	اضافی	tsusetslih
Adresse	آدرس	adresse
ansprechen	آدرس	ansprehen
erfahren	مرد زبردست	erfahren
bewandert	مرد زبردست	bevandert
angemessen	کافی	angemessen
hinreichend	کافی	hinraihend
kleben	پایبند بودن	kleben
anhängen	پایبند بودن	anhengen
Festhalten	تبعیت؛ ملازمت	festalten
Anhänglichkeit	تبعیت؛ ملازمت	anhenglihkait
anhängend	چسبناک؛ چسبنده	anhengend
klebend	چسبناک؛ چسبنده	klebend
anliegend	مجاور	anligend
benachbart	مجاور	benakhbart
Adjektiv	صفت	adyektiv
Eigenschaftswort	صفت	aigenshaftsvort
angrenzend	مجاور	angrentsend
Adjunkt	صفت فرعی	adyunkt
einstellen	تنظیم کردن	ainstellen
nachstellen	تنظیم کردن	nakhstellen
Schadensregulierung	تنظیم	shadensregulirunk
Adjutant	آجودان	adyutant
Flügeladjutant	آجودان	fluegeladyutant
verwalten	اداره کردن	vervalten
Verwaltung	مدیریت؛ دولت	vervaltunk
verwaltungstechnisch	اداری	vervaltungstehnish
Testamentsvollstrecker	مدیر	testamentsvollstreker
Vermögensverwalter	مدیر	vermoegensvervalter
bewundernswert	هژیر؛ پسندیده	bevundernsvert
Admiral	دریاسالار؛ دریابیگی	admiral
Admiralität	دریاسالاری	admiralitet
Bewunderung	پسند؛ تحسین	bevunderunk
bewundern	پسندیدن؛ تحسین کردن	bevundern
Bewunderer	ستینده؛ تحسینکننده	bevunderer
Einlass	پذیرش	ainlass
zugegeben	پذیرفته	tsugegeben
aufgenommen	پذیرفته	aufgenommen
zugestandenermaßen	معترفا	tsugestandenermassen
ermahnen	پند دادن	ermahnen
mahnend	عبرتانگیز	mahnend
Jugend	بلوغ	yugend
heranwachsend	نوجوان	heranvakhsend
jugendlich	نوجوان	yugendlih
adoptieren	اتخاذ کردن؛ فرا گرفتن	adoptiren
Adoption	فرزندخواندگی	adoption
anbetungswürdig	قابل پرستش	anbetungsvuerdik
verehrenswert	قابل پرستش	verehrensvert
Verehrung	پرستش؛ عشق ورزی	verehrunk
verehren	پرستیدن	verehren
lieben	پرستیدن	liben
verzieren	آراستن؛ پیراستن	vertsiren
schmücken	آراستن؛ پیراستن	shmueken
schmückend	آریش دهنده	shmuekend
Schmuck	زینت؛ تراز	shmuk
Verzierung	زینت؛ تراز	vertsirunk
treibend	غوطه ورروی آب مج	traibend
orientierungslos	غوطه ورروی آب مج	orintirungslos
geschickt	زبر دست	geshikt
Erwachsener	بزرگسال	ervakhsener
erwachsen	بزرگسال	ervakhsen
Fortschritt	پیشروی؛ راقی	forhritt
vorankommen	پیشروی؛ راقی	vorankommen
Aufstieg	پیشروی؛ ترفیع	aufstik
sozialer Aufstieg	پیشروی؛ ترفیع	tsotsialer aufstik
Vorteil	مزیت	vortail
vorteilhaft	نافع؛ باصرفه	vortailhaft
Ankunft	ظهور	ankunft
Advent	ظهور	advent
Abenteuer	ماجراجویی	abentoyer
Abenteurer	ماجراجو؛ حادثه جو	abentoyrer
Spekulant	ماجراجو؛ حادثه جو	shpekulant
abenteuerlich	ماجراجو؛ پرماجرا	abentoyerlih
unternehmenslustig	ماجراجو؛ پرماجرا	unternehmenslustik
Gegner	هم آورد؛ هم نبرد	gegner
Widersacher	هم آورد؛ هم نبرد	vidersakher
nachteilig	نامطلوب	nakhtailik
ungünstig	نامطلوب	unguenstik
Ungemach	نکبت؛ ضرا	ungemakh
annoncieren	تبلیغ کردن	annonkiren
Zeitungsanzeige	آگهی	tsaitungsantsaige
Werbung	تبلیغات	verbunk
Rat	نصیحت، مشاوره	rat
ratsam	مقتضی؛ مصلحتآمیز	ratsam
raten	اعلامیه؛ تجویز	raten
Beirat	رهنمون؛ ناصح	bairat
Ratgeber	رهنمون؛ ناصح	ratgeber
beratend	مشورتی؛ نصیحتی	beratend
Anwaltschaft	طرفداری	anvalhaft
Advokat	حمایت کردن، حامی	advokat
Antenne	هویی	antenne
ästhetisch	زیبایی شناختی	estetish
freundlich	خوش خلق؛ خوش برخورد	froyndlih
leutselig	خوش خلق؛ خوش برخورد	loytselik
Angelegenheit	امر؛ مصلحت	angelegenhait
beeinflussen	تأثیر گذاشتن	beainflussen
Ziererei	تصنع	tsirerai
Heuchlerei	تصنع	hoyhlerai
Zuneigung	محبت	tsunaigunk
liebevoll	مهربان؛ عاطف	libevoll
zugeneigt	مهربان؛ عاطف	tsugenaigt
bejahen	آشکارا گفتن؛ بحق دانستن	beyahen
bekräftigen	آشکارا گفتن؛ بحق دانستن	bekreftigen
Bekräftigung	یجاب	bekreftigunk
zustimmend	مبت؛ تصدیقآمیز	tsustimmend
bejahend	مبت؛ تصدیقآمیز	beyahend
heimgesucht	مستمند؛ رنجه	haimgesukht
leidend	مستمند؛ رنجه	laidend
Leiden	مصیبت؛ مشقت	laiden
sich leisten können	استطاعت داشتن؛ از عهده برآمدن	tsih laisten koennen
bezahlbar	مقرون به صرفه	betsahlbar
die Stirn bieten	روبرو دشنام دادن	di shtirn biten
Afghane	افغان	afghane
afghanisch	افغان	afghanish
auf See	در حرکت	auf tsee
schwimmend	در حرکت	shvimmend
vorgenannt	مذکور	vorgenannt
ängstlich	ترسیده	engstlih
bange	ترسیده	bange
Afrika	افریقا؛ آفریقا	afrika
Afrikaner	آفریقیی؛ افریقیی	afrikaner
afrikanisch	آفریقیی؛ افریقیی	afrikanish
danach	بعد از	danakh
nach	بعد از	nakh
Abendrot	پس تاب؛ پس فروزش	abendrot
Leben nach dem Tod	عقبی؛ آخرت	leben nakh dem tod
Nachwirkungen	پیامد	nakhvirkungen
Folgen	پیامد	folgen
Nachmittag	بعدازظهر	nakhmittak
nachher	سپس؛ بعدا	nakhher
wieder	دوباره	vider
gegen	علیه	gegen
Achat	عقیق	akhat
Alter	سن	alter
Vertretung	بنگاه؛ وکالت	vertretunk
Agentur	بنگاه؛ وکالت	agentur
Tagesordnung	برنامه عملیات	tagesordnunk
Agent	مامور؛ عامل	agent
Vertreter	مامور؛ عامل	vertreter
verschlimmert	مشدد	vershlimmert
Erschwerung	تشدید	ershverunk
ansammeln	متراکم ساختن؛ جمع شده	ansammeln
Gesamtsumme	متراکم ساختن؛ جمع شده	gesamtsumme
Angriff	پرخاشگری	angriff
aggressiv	پرتکاپو؛ تجاوزی	aggressiv
angreifend	پرتکاپو؛ تجاوزی	angraifend
Angreifer	متجاوز؛ مهاجم	angraifer
entsetzt	وحشت زده	entsetst
behend	سریعالانتقال	behend
lebendig	سریعالانتقال	lebendik
Geschicklichkeit	سبکبالی	geshiklihkait
erregt	آشفته؛ متلاطم	erregt
aufgewühlt	آشفته؛ متلاطم	aufgevuehlt
Aufregung	تلاطم؛ آشفتگی	aufregunk
Bewegung	تلاطم؛ آشفتگی	bevegunk
Agitator	آشوبگر	agitator
vor	پیش از این	vor
qualvoll	سوزناک؛ رنجآور	kvalvoll
Qual	رنج؛ سکرات مرگ	kval
angenehm	سازگار؛ دلجو	angenehm
Vereinbarung	قرار؛ توافق	verainbarunk
Zustimmung	قرار؛ توافق	tsustimmunk
landwirtschaftlich	کشاورزی	landvirhaftlih
Landwirtschaft	کشاورزی	landvirhaft
Wechselfieber	تب و لرز	vehselfiber
ach	آه	akh
ah	آه	ah
voraus	جلو؛ روبجلو	voraus
Hilfe	یار؛ مدد	hilfe
Hilfen	ایدز	hilfen
AIDS	ایدز	aids
kränkelnd	ضعیفالبنیه	krenkelnd
Ziel	نشان؛ کام	tsil
ziellos	بی هدف؛ بی مقصد	tsillos
Luft	هوا	luft
Flugzeug	طیاره؛ هواپیمیی	flugtsoyk
Fluglinie	خط هواپیمایی	fluglini
Flugplatz	فرودگاه	flugplats
luftig	هوا مانند؛ با روح	luftik
Gang	راه رو	gank
Alabama	آلاباما	alabama
Alarm	آژیر؛ اعلان خطر	alarm
leider	افسوس؛ وه	laider
unglücklicherweise	افسوس؛ وه	unglueklihervaise
Albany	آلبانی	albany
obwohl	اگرچه	obvohl
Musikalbum	آلبوم	musikalbum
Albumin	آلبومین	albumin
Alkohol	الکل	alkohol
Alkoholiker	الکلی؛ شرابخور	alkoholiker
alkoholisch	الکلی؛ شرابخور	alkoholish
Alkoholkrankheit	اعتیاد به الکل	alkoholkrankhait
Erlen	توسه؛ توسکا	erlen
flink	هشدار دادن، هوشیار	flink
Konzentration	هشیاری؛ بیداری	kontsentration
Algebra	جبر؛ جبر و مقابله	algebra
Ausländer	بیگانه	auslender
ausländisch	بیگانه	auslendish
ausrichten	همسو کردن	ausrihten
ebenso	مشابه	ebenso
gleich	مشابه	glaih
die Ernährung betreffend	رزقی	di ernehrunk betreffend
Alimente	خرجی؛ نفقه	alimente
am Leben	زنده	am leben
all	همه	all
ganz	همه	gants
Angabe	ادعا	angabe
Vorgabe	ادعا	vorgabe
behaupten	ادعا کردن	behaupten
angeblich	ظاهراً	angeblih
Allegorie	مجاز؛ کنیه	allegori
Allegro	نشاط انگیز	allegro
Linderung	تسکین	linderunk
Gasse	کوچه؛ خیابان کوچک	gasse
Bündnis	اتحاد	buendnis
Bund	اتحاد	bund
zuteilen	اختصاص دادن	tsutailen
zuweisen	اختصاص دادن	tsuvaisen
Etat	تخصیص	etat
Kontingent	تخصیص	kontingent
erlauben	اجازه دادن	erlauben
Taschengeld	سهمیه، کمک هزینه	tashengeld
in Ordnung	بسیار خوب، همه چیز درست	in ordnunk
alles klar	بسیار خوب، همه چیز درست	alles klar
anspielen auf	اشارهکردن؛ تلمیح کردن	anspilen auf
Anspielung	اشاره؛ کنیه	anspilunk
alluvial	آبرفتی	alluvial
angeschwemmt	آبرفتی	angeshvemmt
verbünden	متحد	verbuenden
vereinigen	متحد	verainigen
Almanach	سالنما	almanakh
Mandelbaum	بادام؛ آلموند	mandelbaum
fast	تقریباً	fast
Almosen	زکات؛ ذکات	almosen
in der Höhe	در نوک؛ در فوق	in der hoehe
allein	تنها	allain
entlang	در امتداد	entlank
neben	در کنار	neben
längsseits	در کنار	lengssaits
distanziert	کناره گیر	distantsirt
Alpha	ستاره اول	alfa
bereits	قبلا	beraits
auch	همچنین	auh
Altar	مبح؛ محراب	altar
Altäre	مذابح	altere
ändern	دگرگون کردن؛ دگرگون شدن	endern
Änderung	دگرش	enderunk
Abänderung	دگرش	abenderunk
Streit	مجادله	shtrait
Auseinandersetzung	مجادله	ausainandersetsunk
abwechselnd	متناوب کردن؛ تناوب کردن	abvehselnd
Wechsel	تناوب؛ یک درمیانی	vehsel
Alternative	جایگزین	alternative
alternativ	بنوبت؛ متناوبا	alternativ
völlig	کلاً	voellik
Alaune	زاغ؛ زاج	alaune
Aluminium	آلومینیوم	aluminium
immer	همیشه	immer
Amalgam	ملقمه	amalgam
Mischung	ملقمه	mishunk
Amateur	آماتور	amatoyr
Dilettant	آماتور	dilettant
erstaunt	متعجب؛ متحیر	erstaunt
Erstaunen	حیرت؛ بهت	erstaunen
erstaunlich	شگفت‌انگیز	erstaunlih
Botschafter	سفیر	bokhafter
Bernstein	شاهبوی؛ کهربا	bernstain
Mehrdeutigkeit	ابهام	mehrdoytigkait
Zweideutigkeit	ابهام	tsvaidoytigkait
zweideutig	مبهم	tsvaidoytik
mehrdeutig	مبهم	mehrdoytik
Ehrgeiz	جاه طلبی	ehrgaits
ehrgeizig	نامجو؛ بلند همت	ehrgaitsik
Krankenwagen	آمبولانس	krankenvagen
Hinterhalt	کمین؛ کمینگاه	hinterhalt
Amen	آمین	amen
abändern	اصلاح کردن	abendern
ergänzen	اصلاح کردن	ergentsen
Verbesserung	اصلاحیه	verbesserunk
Amerika	آمریکا	amerika
amerikanisch	آمریکایی	amerikanish
Amethyst	در بنفش؛ در کوهی بنفش	ametyst
inmitten	در میان	inmitten
Ammoniak	آمونیاک	ammoniak
Amnestie	عفو؛ عفو عمومی کردن	amnesti
Straferlass	عفو؛ عفو عمومی کردن	shtraferlass
zwischen	در میان	tsvishen
verliebt	عاشقانه	verlibt
amourös	عاشقانه	amouroes
Menge	مقدار	menge
Betrag	مقدار	betrak
amputieren	قطع اندام کردن	amputiren
amüsieren	سرگرم کردن؛ تفریح دادن	amuesiren
Vergnügen	تفریح؛ لهو	vergnuegen
amüsant	سرگرم کننده	amuesant
unterhaltsam	سرگرم کننده	unterhaltsam
anaerob	ناهوازی	anaerob
Anästhesie	داروی بیهوشی	anestesi
Narkose	داروی بیهوشی	narkose
Anal	کونی؛ مقعدی	anal
analog	قابل قیاس	analok
Entsprechung	قیاس	entsprehunk
Analogie	قیاس	analogi
Analyse	حل؛ تجزیه	analyse
Analytiker	تحلیلگر	analytiker
analytisch	تحلیلی	analytish
analysieren	تجزیه کردن؛ تحلیل کردن	analysiren
Anarchist	آشوب طلب؛ هرج و مآرج طلب	anarhist
Anarchie	بی قانونی؛ بی نظمی	anarhi
anatomisch	تشریحی	anatomish
Anatomie	استخوانبندی؛ کالبد شناسی	anatomi
Vorfahr	جد	vorfahr
angestammt	نسبی؛ اجدادی	angestammt
Abstammung	اصل ونسب	abstammunk
Anker	لنگر	anker
ankern	لنگر	ankern
antik	باستانی	antik
und	و	und
Anekdote	ضرب المثل؛ قصه کوتاه	anekdote
Engel	فرشته	engel
engelhaft	ملکی؛ فرشتهی	engelhaft
Zorn	غضب؛ خشم	tsorn
Winkel	گوشه؛ زاویه	vinkel
Blickwinkel	گوشه؛ زاویه	blikvinkel
zornig	عصبانی	tsornik
Angst	تاب و تب	angst
winklig	زاویهی؛ گوشه دار	vinklik
Tier	حیوان	tir
anregen	جان دار؛ روح دادن	anregen
lebhaft	جان دار؛ روح دادن	lebhaft
Lebhaftigkeit	پویانمایی	lebhaftigkait
Feindseligkeit	کینه؛ دشمنی	faindseligkait
Sprunggelenk	مچ پا	shprunggelenk
Annalen	اخبار سال؛ وقیع سالیانه	annalen
Anhang	ضمیمه کردن؛ ضمیمه سازی	anhank
Annexion	الحاق؛ ضم	anneksion
vernichten	نابود کردن؛ کن فیکون کردن	vernihten
Jahrestag	سالروز؛ سالگرد	yahrestak
Jubiläum	سالروز؛ سالگرد	yubiloym
ansagen	اعلامداشتن؛ اعلام کردن	ansagen
ankündigen	اعلامداشتن؛ اعلام کردن	ankuendigen
Ankündigung	اعلام؛ آگهی	ankuendigunk
verärgern	رنجاندن؛ آزردن	verergern
Ärgernis	رنجش؛ دلخوری	ergernis
Verärgerung	رنجش؛ دلخوری	verergerunk
ärgerlich	رنجاننده؛ سرخوری	ergerlih
jährlich	سالانه؛ سالیانه	yehrlih
Annullierung	نسخ؛ ابطال	annullirunk
Nichtigkeitserklärung	نسخ؛ ابطال	nihtigkaitserklerunk
Anode	آنود؛ قطب مثبت	anode
gesalbt	مسح شدن	gesalbt
anonym	ناشناس	anonym
noch ein	دیگری	nokh ain
noch eine	دیگری	nokh aine
Antwort	پاسخ، پاسخ دادن	antvort
antworten	پاسخ، پاسخ دادن	antvorten
Ameisen	مورچه	amaisen
Widerstreit	هم آوری؛ اصل مخالف	viderstrait
Antagonismus	هم آوری؛ اصل مخالف	antagonismus
Antagonist	هم نبرد	antagonist
Antezedens	ماقبل	antetsedens
Anthrazit	آنتراسیت	antratsit
Milzbrand	خراج؛ ینتراکس	miltsbrand
Anti	ضد	anti
Antikörper	پادتن	antikoerper
vorwegnehmen	پیش‌بینی کردن	vorvegnehmen
Vorgriff	پیشدستی	vorgriff
Vorwegnahme	پیشدستی	vorvegnahme
Antigen	پادزا؛ پادگن	antigen
Antiquität	عتیقه؛ عتیق	antikvitet
Antike	کهنگی؛ دیرینگی	antike
Altertum	کهنگی؛ دیرینگی	altertum
Antiseptikum	گندزدا؛ ضدعفونی	antiseptikum
Antitoxin	زهردارو؛ پادزهرابه	antitoksin
Anus	نشین؛ مقعد	anus
Furcht	اضطراب	furht
begierig	مشتاق؛ اندیشناک	begirik
bestrebt	مشتاق؛ اندیشناک	bestrebt
gespannt	مشتاقانه	gespannt
irgendein beliebiger	هر؛ هر، هیچ	irgendain belibiger
irgendein	هر؛ هر، هیچ	irgendain
jeder beliebige	هر کسی	yeder belibige
jemand	هر کسی	yemand
jedenfalls	درهرصورت؛ بهرشکل	yedenfalls
nicht mehr	دیگر	niht mehr
noch	دیگر	nokh
alles beliebige	هر چیزی	alles belibige
etwas beliebiges	هر چیزی	etvas belibiges
in jedem Falle	به هر حال	in yedem falle
irgendwo	هر جا	irgendvo
Aorta	آورتا	aorta
schnell	باسرعت زیاد	shnell
getrennt	جدا؛ مجزا	getrennt
Wohnung	آپارتمان	vohnunk
apathisch	بی احساس	apatish
Menschenartige	میمون؛ بوزینه	menshenartige
um Entschuldigung bitten	معذرت خواستن؛ پوزش خواستن	um enhuldigunk bitten
Entschuldigung	عذرخواهی	enhuldigunk
Apoplex	سکته ناقص	apopleks
Apostel	فرستاده؛ حواری	apostel
App	اپلیکیشن	app
Gerät	دستگاه	geret
offensichtlich	پیدا؛ نمودار	offensihtlih
scheinbar	پیدا؛ نمودار	shainbar
anscheinend	ظاهرا؛ نظرا	anshainend
Anreiz	فرجام؛ جذابیت	anraits
appellieren	فرجام؛ جذابیت	appelliren
ansprechend	جذاب	ansprehend
erscheinen	ظاهر شدن	ershainen
Aussehen	ظاهر	aussehen
Erscheinen	ظاهر	ershainen
beschwichtigen	دلنوازی کردن؛ دلجوئی کردن	beshvihtigen
beschwichtigend	دلجویانه	beshvihtigend
Bezeichnung	وجه تسمیه	betsaihnunk
Anhänge	مضافات	anhenge
Gliedmaßen	مضافات	glidmassen
Appendizitis	آپاندیس	appenditsitis
Zusatz	ضمیمه؛ آپاندیس	tsusats
Appetit	اشتها	appetit
appetitlich	خوش خوراک؛ اشتها آور	appetitlih
applaudieren	تشویق کردن	applaudiren
Applaus	تمجید؛ هلهله	applaus
Apfel	سیب	apfel
anwendbar	قابل اجرا	anvendbar
Antragsteller	متقاضی	antragsteller
Bewerber	متقاضی	beverber
Bewerbung	استعمال؛ درخواست	beverbunk
anwenden	درخواست کردن، اعمال کردن	anvenden
sich bewerben	درخواست کردن، اعمال کردن	tsih beverben
ernennen	منصوب کردن	ernennen
Benennung	تعیین؛ انتصاب	benennunk
Ernennung	تعیین؛ انتصاب	ernennunk
Abschätzung	تقویم؛ تخمین	abshetsunk
Schätzung des Wertes	تقویم؛ تخمین	shetsunk des vertes
bewerten	تعیین قیمت کردن	beverten
abschätzbar	قابل تقدیر؛ قابل ارزیابی	abshetsbar
merklich	قابل تقدیر؛ قابل ارزیابی	merklih
hochschätzen	تقدیر کردن؛ تشکر کردن	hokhshetsen
Würdigung	قدردانی	vuerdigunk
Fassungskraft	تشویش خاطر	fassungskraft
Festnahme	تشویش خاطر	festnahme
besorgt	مستشعر؛ درک کننده	besorgt
Lehrling	شاگرد	lehrlink
Auszubildender	شاگرد	austsubildender
Ausbildungsverhältnis	شاگردی؛ تلمذ	ausbildungsverheltnis
Lehre	شاگردی؛ تلمذ	lehre
Ansatz	مراجعهکردن؛ نزدیک شدن	ansats
sich nähern	مراجعهکردن؛ نزدیک شدن	tsih nehern
aneignen	مناسب؛ مقتضی	anaignen
Billigung	موافقت؛ امضاء	billigunk
Genehmigung	موافقت؛ امضاء	genehmigunk
billigen	امضاکردن؛ پسند کردن	billigen
annähern	تقریبی؛ تخمینی	annehern
annähernd	تقریبی؛ تخمینی	annehernd
Annäherung	تقریب	anneherunk
April	آوریل	april
Ostermond	آوریل	ostermond
Schürze	خرند؛ پیش بند	shuertse
Eignung	ذوق؛ گنجیش	aignunk
Eignung für eine Tätigkeit	ذوق؛ گنجیش	aignunk fuer aine tetigkait
Aquarium	آکواریوم؛ آبزیگاه	akvarium
Araber	عربی؛ عرب	araber
Arabisch	عربی؛ زبان عربی	arabish
arabisch	عربی؛ زبان عربی	arabish
anbaufähig	مزروعی؛ قابل زرع	anbaufehik
willkürlich	به‌طور قراردادی	villkuerlih
eigenmächtig	خودسرانه	aigenmehtik
Arbitrage	داوری؛ حکمیت	arbitrage
Schiedsgericht	داوری؛ حکمیت	shidsgeriht
Lichtbogen	کمان	lihtbogen
Bogen	کمان	bogen
Arkade	تیمچه	arkade
archäologisch	باستانشناسی	arheologish
Erzbischof	سر اسقف؛ اسقف بزرگ	ertsbishof
gewölbt	طاقدار	gevoelbt
Archipel	مجمع الجزیر؛ دریی پر جزیره	arhipel
Architekt	معمار	arhitekt
architektonisch	معماری	arhitektonish
Architektur	معماری	arhitektur
Archiv	آرشیو	arhiv
Torbogen	گذر سرپوشیده؛ دروازه طاقدار	torbogen
Arktis	شمالی؛ قطبی	arktis
mühsam	پر زحمت؛ صعب الصعود	muehsam
Gebiet	منطقه	gebit
Fläche	منطقه	flehe
Arena	عرصه	arena
wohl	مسلماً	vohl
nachweislich	مسلماً	nakhvaislih
sich herumstreiten	بحث کردن	tsih herumstraiten
Argument	بحث	argument
streitlustig	جدلی؛ استدلالی	shtraitlustik
beweisend	جدلی؛ استدلالی	bevaisend
trocken	خشک؛ لم یزرع	troken
aufstehen	بروز کردن	aufstehen
aufsteigen	بروز کردن	aufstaigen
Aristokratie	نجبا؛ اشرافیت	aristokrati
Aristokrat	بزرگزاده؛ اشرافزاده	aristokrat
aristokratisch	اشرافی؛ اعیانی	aristokratish
Arkansas	آرکانزاس	arkansas
rüsten	بازو؛ مسلح کردن	ruesten
bewaffnen	بازو؛ مسلح کردن	bevaffnen
Rüstungsgüter	تسلیحات	ruestungsgueter
Sessel	صندلی دسته دار	tsessel
Armenisch	ارمنی؛ زبان ارمنی	armenish
Armenier	ارامنه	armenir
Bewaffnung	تسلیح	bevaffnunk
Waffenstillstand	متارکه جنگ؛ صلح موقت	vaffenstillstand
Rüstung	جوشن	ruestunk
Waffenkammer	زراد خانه	vaffenkammer
Achselhöhle	بغل؛ زیر بغل	akhselhoehle
Armee	ارتش	armee
aromatisch	خوشبو؛ گیاه خوشبو	aromatish
um herum	اطراف، حدود	um herum
herum	اطراف، حدود	herum
erregend	تحریص؛ شهوت آمیز	erregend
anordnen	ترتیب دادن	anordnen
planen	ترتیب دادن	planen
Abmachung	ترتیب	abmakhunk
Reservierung	ترتیب	reservirunk
mathematische Anordnung	آرایه	matematishe anordnunk
Array	آرایه	array
Rückstände	پس افت	ruekstende
Zahlungsrückstände	پس افت	tsahlungsruekstende
verhaften	جلب؛ توقیف	verhaften
Verhaftung	جلب؛ توقیف	verhaftunk
ankommen	رسیدن	ankommen
Anmaßung	تکبر؛ نخوت	anmassunk
Arroganz	تکبر؛ نخوت	arrogants
anmaßend	خودکامه؛ مغرور	anmassend
arrogant	خودکامه؛ مغرور	arrogant
Pfeil	پیکان	pfail
Zeughaus	زرادخانه؛ مهمات جنگی	tsoyghaus
Kunst	هنر	kunst
arteriell	شریانی	arterill
Arterie	سرخرگ؛ شریان	arteri
listig	نیرنگ باز	listik
Artikel	مقاله	artikel
gelenkbezogen	مفصلی	gelenkbetsogen
deutlich sprechen	بیان کردن	doytlih shprehen
artikuliert	بیان کردن	artikulirt
Artikulation	مفصل بندی؛ طرز گفتار	artikulation
künstlich	مصنوعی؛ ساختگی	kuenstlih
Artillerie	توپ؛ توپخانه	artilleri
Künstler	هنرمند	kuenstler
künstlerisch	هنری؛ هنرمندانه	kuenstlerish
artistisch	هنری؛ هنرمندانه	artistish
Kunstwerk	اثر هنری	kunstverk
da	به عنوان، همانطور که؛ همانطور که	da
wie	به عنوان، همانطور که؛ همانطور که	vi
feststellen	محقق نمودن؛ محقق دانستن	feststellen
nachprüfen	محقق نمودن؛ محقق دانستن	nakhpruefen
asketisch	زاهد؛ زاهدانه	asketish
Asket	زاهد؛ زاهدانه	asket
zugeschrieben	منسوب	tsugeshriben
Asche	خاکستر	ashe
beschämt	شرمنده؛ خجل	beshemt
aschfahl	خاکستری؛ شبیه خاکستر	ashfahl
an Land	بکنار؛ درساحل	an land
Asien	آسیا	asin
beiseite	کنار	baisaite
fragen	پرسیدن، درخواست کردن	fragen
im Schlaf	خوابیده	im shlaf
schlafend	خوابیده	shlafend
Gemüsespargel	مارچوبه؛ شودی	gemuesespargel
Ansicht	منظر؛ منظره	ansiht
Anblick	منظر؛ منظره	anblik
Verleumdung	هتک	verloymdunk
Streben	آرزو	shtreben
streben	آرزو کردن	shtreben
anstreben	آرزو کردن	anstreben
Acetylsalicylsäure	آسپیرین	atsetylsalitsylsoyre
Fick	الاغ؛ ماتحت	fik
Bums	الاغ؛ ماتحت	bums
Attentäter	قاتل؛ آدمکش	attenteter
Mörder	قاتل؛ آدمکش	moerder
Attentat	ترور	attentat
angreifen	حمله	angraifen
zusammenfügen	جمع‌آوری کردن	tsusammenfuegen
zusammenbauen	جمع‌آوری کردن	tsusammenbauen
Montage	مونتاژ، مجلس	montage
Zusammenbau	مونتاژ، مجلس	tsusammenbau
Behauptung	ادعا	behauptunk
Bewertung	ارزیابی؛ اظهارنظر	bevertunk
Veranlagung	ارزیابی؛ اظهارنظر	veranlagunk
Assessor	ارزیاب	assessor
Gutachter	ارزیاب	gutakhter
Anlagegut	دارایی	anlagegut
Aktivposten	دارایی	aktivposten
fleißig	مستدام؛ عاکف	flaissik
gewissenhaft	مستدام؛ عاکف	gevissenhaft
anweisen	اختصاص دادن	anvaisen
Abtretung	تکلیف؛ گمارش	abtretunk
Zession	تکلیف؛ گمارش	tsession
assimilieren	تلفیق کردن؛ سازش کردن	assimiliren
in sich aufnehmen	تلفیق کردن؛ سازش کردن	in tsih aufnehmen
helfen	یاری کردن؛ اعانه کردن	helfen
Beistand	کمک	baistand
Assistent	دستیار	assistent
Gesellschafter	نزدیکی کردن؛ اختلاط کردن	gesellshafter
beigesellen	نزدیکی کردن؛ اختلاط کردن	baigesellen
Verein	معاشرت؛ اشتراک	verain
Gesellschaft	معاشرت؛ اشتراک	gesellshaft
voraussetzen	پنداشتن؛ فرض کردن	voraussetsen
Annahme	فرض	annahme
Vermutung	فرض	vermutunk
Lebensversicherung	اطمینان	lebensversiherunk
Versicherung	اطمینان	versiherunk
versichern	اطمینان دادن	versihern
zusichern	اطمینان دادن	tsusihern
Sternchen	ستاره	shternhen
erstaunen	گیج کردن؛ مبهوت کردن	erstaunen
Astrachan	حاجی ترخان	astrakhan
vom Weg abgekommen	گمراه؛ بی راه	vom vek abgekommen
Astronomie	نجوم؛ ستاره شناسی	astronomi
scharfsinnig	تیز هوش	sharfsinnik
Asyl	پناهندگی	asyl
an	در	an
bei	در	bai
atheistisch	ناخدا؛ زندیق	ataistish
Atheist	ناخدا؛ زندیق	ataist
Sportler	ورزشکار	shportler
sportlich	ورزشی؛ پهلوانی	shportlih
athletisch	ورزشی؛ پهلوانی	atletish
Atlantik	آتلانتیک	atlantik
atlantisch	آتلانتیک	atlantish
Atom	اتم؛ آتم	atom
nuklear	اتمی	nuklear
Kern	اتمی	kern
büßen	کفاره دادن؛ تقاص پس دادن	buessen
gut machen	کفاره دادن؛ تقاص پس دادن	gut makhen
Sühne	دیه	tsuehne
Gräueltaten	جنیات	groyeltaten
Gräueltat	ظلم	groyeltat
beifügen	ضمیمه کردن؛ الصاق کردن	baifuegen
anheften	ضمیمه کردن؛ الصاق کردن	anheften
Pfändung	پیوست	pfendunk
erlangen	دست یافتن	erlangen
Erreichung	نیل؛ حصول	erraihunk
Versuch	سعی؛ کوشش	versukh
versuchen	سعی؛ کوشش	versukhen
zugegen sein	شرکت کردن	tsugegen sain
beachten	شرکت کردن	beakhten
Anwesenheit	حضور	anvesenhait
Besuch	حضور	besukh
Begleiter	ملازم؛ ملتزم	beglaiter
Angestellter	ملازم؛ ملتزم	angestellter
Aufmerksamkeit	توجه	aufmerksamkait
aufmerksam	متوجه؛ دربند	aufmerksam
Kleidung	لباس پوشاندن	klaidunk
Haltung	طرز برخورد	haltunk
Verhalten	طرز برخورد	verhalten
Rechtsanwalt	وکیل	rehtsanvalt
anlocken	مجذوب کردن؛ مجذوب ساختن	anloken
reizen	مجذوب کردن؛ مجذوب ساختن	raitsen
Attraktion	جلب؛ جذب	attraktion
attractiv	جذاب	attraktiv
Eigenschaft	نسبت دادن، صفت	aigenshaft
Qualitätsmerkmal	نسبت دادن، صفت	kvalitetsmerkmal
Auktion	حراج	auktion
Versteigerung	حراج	verstaigerunk
kühn	گستاخ؛ جسور	kuehn
dreist	گستاخ؛ جسور	draist
Kühnheit	بی باکی	kuehnhait
Dreistigkeit	بی باکی	draistigkait
hörbar	شنیدنی	hoerbar
Publikum	حضار	publikum
Audio	شنیداری	audio
Bücher prüfen	حسابرسی	bueher pruefen
Buchprüfung	حسابرسی	bukhpruefunk
Buchprüfer	ممیز؛ مستمع	bukhpruefer
Rechnungsprüfer	ممیز؛ مستمع	rehnungspruefer
Zuhörerschaft	سمعی؛ سماعی	tsuhoerershaft
Vortragssaal	سمعی؛ سماعی	vortragssaal
August	آگوست	august
Ernting	آگوست	erntink
Tante	عمه، خاله	tante
Schirmherrschaft	توجهات	shirmherrshaft
verheißungsvoll	خجسته؛ فرخنده	verhaissungsvoll
herb	ریاضت کش	herb
streng	ریاضت کش	shtrenk
Entbehrung	ریاضت	entbehrunk
selbstauferlegte Sparsamkeit	ریاضت	tselbstauferlegte shparsamkait
Australien	استرالیا	australin
Australier	استرالیائی	australir
australisch	استرالیائی	australish
Österreich	اطریش؛ اتریش	oesterraih
österreichisch	اتریشی؛ اطریشی	oesterraihish
Österreicher	اتریشی؛ اطریشی	oesterraiher
echt	معتبر	eht
zuverlässig	معتبر	tsuverlessik
Echtheit	اصالت؛ سندیت	ehtait
Verfasser	نویسنده	verfasser
maßgebend	حاکمانه	massgebend
verbindlich	حاکمانه	verbindlih
Autorität	اجازه؛ اختیار	autoritet
Ermächtigung	اجازه؛ اختیار	ermehtigunk
Bevollmächtigung	تنفیذ	bevollmehtigunk
bevollmächtigen	مجوز دادن	bevollmehtigen
ermächtigen	مجوز دادن	ermehtigen
Auto	خودرو	auto
Autobiografie	خودزیستنامه	autobiografi
Autokratie	استبداد	autokrati
Autokrat	سلطان مطلق؛ سلطان مستبد	autokrat
selbstherrlich	استبدادی	tselbsterrlih
autokratisch	استبدادی	autokratish
automatisch	خودکار	automatish
Automobil	اتومبیل؛ خودرو	automobil
autonom	خودگردان؛ خود مختار	autonom
sich selbst regierend	خودگردان؛ خود مختار	tsih tselbst regirend
Autonomie	خودمختاری	autonomi
Unabhängigkeit	خودمختاری	unabhengigkait
Herbst	پاییز	herbst
herbstlich	خزانی؛ خریفی	herbstlih
im Herbst	خزانی؛ خریفی	im herbst
verwenden	بکار خوردن؛ سودمند بودن	vervenden
nützen	بکار خوردن؛ سودمند بودن	nuetsen
Lieferbarkeit	در دسترس بودن	liferbarkait
Verfügbarkeit	در دسترس بودن	verfuegbarkait
verfügbar	در دسترس	verfuegbar
Lawine	بهمن	lavine
rächen	دادگیری کردن	rehen
Durchschnitt	متوسط	durhshnitt
durchschnittlich	متوسط	durhshnittlih
Abneigung	نفرت؛ بدآمدن	abnaigunk
Luftfahrt	هواپیمائی؛ هوانوردی	luftfahrt
vermeiden	اجتناب کردن	vermaiden
Vermeidung	اجتناب؛ حذر	vermaidunk
erklärtermaßen	اعتراف شده	erklertermassen
erwarten	در انتظار بودن	ervarten
aufwachen	بیدار؛ بیداری کشیدن	aufvakhen
wach	بیدار؛ بیداری کشیدن	vakh
zuerkennen	جایزه	tsuerkennen
belohnen	جایزه	belohnen
gewahr	آگاه؛ مطلع	gevahr
Bewusstsein	آگاهی	bevusstsain
weg	دور	vek
Ehrfurcht	هیبت؛ هیبت دادن	ehrfurht
furchtbar	وحشتناک	furhtbar
für eine kurze Zeit	مدتی؛ یک چندی	fuer aine kurtse tsait
scheußlich	نامناسب	shoysslih
Unbeholfenheit	ناشیگری	unbeholfenhait
schief	چپ چپ؛ به‌طور میل	shif
falsch	چپ چپ؛ به‌طور میل	falsh
Axt	تیشه؛ تبر	akst
niederschlagen	تیشه؛ تیشه زدن	nidershlagen
Achse	آسه؛ محور چرخ	akhse
azur	مینا؛ لاجورد	atsur
Himmelblau	مینا؛ لاجورد	himmelblau
Turmbau zu Babel	طرح خیالی؛ بنای شگرف	turmbau tsu babel
Paviane	عنتر	paviane
Baby	نوزاد، کودک	baby
Junggeselle	عزب؛ مجرد	yunggeselle
Bazillus	باسیل	batsillus
zurück	پشت، عقب؛ پشتی، عقب	tsuruek
Rücken	پشت، عقب؛ پشتی، عقب	rueken
Hintergrund	صحنه پشت	hintergrund
Kulisse	صحنه پشت	kulisse
Backgammon	مهره؛ نرد	bakgammon
Deckung	حمایت	dekunk
Unterstützung	حمایت	unterstuetsunk
rückständig	بدون ترقی	ruekstendik
rückwärts	ازپشت؛ عقب مانده	ruekverts
abgelegener Ort	باریکه آب	abgelegener ort
Rückstauwasser	باریکه آب	ruekstauvasser
Hinterland	جنگلهای دورافتاده	hinterland
abgelegene Gegend	جنگلهای دورافتاده	abgelegene gegend
Bakterien	باکتری‌ها	bakterin
bakteriell	باکتریائی	bakterill
Bakteriologie	باکتری شناسی	bakteriologi
schlecht	بد	shleht
Abzeichen	نشان	abtsaihen
Tasche	کیف	tashe
Handtasche	کیف	handtashe
Gepäck	بارسفر	gepek
ausgeleiert	کیسه ای متورم	ausgelaiert
Bürgschaft	وثیقه	buergshaft
Bürge	وثیقه	buerge
Gerichtsvollzieher	ضابط	gerihtsvolltsiher
Lockmittel	طعمه؛ طعمه دادن	lokmittel
Köder	طعمه؛ طعمه دادن	koeder
backen	پختن؛ طبخ کردن	baken
Bäcker	شاطر؛ نانوا	beker
Backen	طبخ	baken
balancieren	مانده؛ تراز	balankiren
Gleichgewicht	مانده؛ تراز	glaihgeviht
ausgeglichen	متعادل	ausgeglihen
ausgewogen	متعادل	ausgevogen
Balkon	خروجی؛ بالکن	balkon
kahl	کل؛ طاس	kahl
Ballen	غم انگیز؛ مصیبت بار	ballen
Hindernis	زیرش زدن؛ مایه لغزش	hindernis
Behinderung	زیرش زدن؛ مایه لغزش	behinderunk
Kugel	توپ	kugel
Ball	توپ	ball
Ballade	شعر افسانه ای	ballade
Ballett	باله	ballett
Heißluftballon	بادکنک	haissluftballon
Ballon	بادکنک	ballon
Wahl	برگه رای	vahl
geheime Wahl	برگه رای	gehaime vahl
Balsame	بلسان	balsame
Ostsee	بالتیک	ostsee
Baltisches Meer	بالتیک	baltishes meer
Bambuseae	خیزران؛ بامبو	bambuseae
verbieten	نهی؛ منع کردن	verbiten
verbannen	نهی؛ منع کردن	verbannen
Banane	موز	banane
Musikkapelle	گروه (موسیقی)	musikkapelle
bandagieren	تنزیب؛ پانسمان	bandagiren
Verband	تنزیب؛ پانسمان	verband
Bandit	سارق؛ راهزن	bandit
Räuber	سارق؛ راهزن	royber
Bandelier	قطار فشنگ	bandelir
Ruin	جانی؛ مخرب زندگی	ruin
Verderben	جانی؛ مخرب زندگی	verderben
dröhnen	چتر زلف	droehnen
Krach	چتر زلف	krakh
herauswerfen	دور کردن؛ نفی بلد کردن	herausverfen
Verbannung	نفی؛ تبعید	verbannunk
Bank	بانک (پول)	bank
Ufer	بانک (پول)	ufer
Bankier	صراف؛ بانک دار	bankir
Bankbeamter	صراف؛ بانک دار	bankbeamter
bankrott	ورشکست	bankrott
pleite	ورشکست	plaite
Bankrott	اعسار؛ افلاس	bankrott
Konkurs	اعسار؛ افلاس	konkurs
Spruchband	بنر	shprukhband
Banner	بنر	banner
Bankett	مهمانی؛ سور	bankett
Geplänkel	شوخی کنایه دار	geplenkel
scherzen	شوخی کنایه دار	shertsen
Taufe	تعمید؛ غسل	taufe
Bar	میخانه، میله	bar
Barren	میخانه، میله	barren
Barbar	بی تمدن	barbar
Barbarei	وحشیگری	barbarai
Barbe	خاردار	barbe
Herrenfriseur	آرایشگر؛ سلمانی	herrenfrisoyr
nackt	لخت	nakt
Barfüßigkeit	پابرهنه	barfuessigkait
kaum	به سختی	kaum
Handel	معامله	handel
Geschäft	معامله	gesheft
Verhandeln	چانه زنی	verhandeln
Tarifverhandlung	چانه زنی	tarifverhandlunk
Lastkahn	دوبه؛ سرزده وارد شدن	lastkahn
bellen	عوعو؛ عوعو کردن	bellen
Gerste	علیق؛ جوین	gerste
Scheune	طویله؛ کاهدان	shoyne
Magnat	باروری	magnat
Tycoon	باروری	tykoon
Baro	همسر بارون	baro
Faß	بشکه	fass
unfruchtbar	عقیم؛ نازا	unfrukhtbar
Schranke	مانع	shranke
Karren	زنبه؛ خاک کش	karren
Karre	زنبه؛ خاک کش	karre
tauschen	پایاپای؛ تهاتر	taushen
Tauschhandel	پایاپای؛ تهاتر	taushhandel
Basis	فرومایه؛ لئیم	basis
Grundlage	فرومایه؛ لئیم	grundlage
Baseball	بیسبال	baseball
Bas	بر اساس	bas
grundlos	بی پایه؛ بی اساس	grundlos
ohne Basis	بی پایه؛ بی اساس	ohne basis
Untergeschoss	زیرزمین	untergeshoss
Bash	محجوبانه؛ شرمرو	bash
Schüchternheit	کمروئی	shuehternhait
grundlegend	اصلی؛ اساسی	grundlegend
Becken	طشت؛ تشتک	beken
sich sonnen	حمام آفتاب گرفتن	tsih tsonnen
Korb	سبد	korb
Basketball	بسکتبال	basketball
tief	باس	tif
Bass	باس	bass
Fledertiere	خفاش؛ ضربه زدن (با چوب)	fledertire
Bad	حمام	bad
baden	شستشو؛ شستشو کردن	baden
Badekultur	آبتنی	badekultur
Badezimmer	حمام	badetsimmer
Batist	پاتیس	batist
Taktstock	باتون؛ عصای افسران	taktstok
Bataillon	گردان	bataillon
Körperverletzung	باتری؛ باطری	koerperverletsunk
Schlacht	نبرد؛ جنگ	shlakht
Schlachtfeld	میدان جنگ	shlakhtfeld
Schlachtschiff	ناو؛ رزمناو	shlakhhiff
Bucht	خلیج	bukht
Bajonett	سرنیزه	bayonett
sein	بودن	sain
Strand	ساحل	shtrand
Leuchtturm	چراق دریایی	loyhtturm
Künstliche Perle	دانه؛ مهره	kuenstlihe perle
Schnabel	نوک؛ تک	shnabel
ausstrahlen	پرتو	ausstrahlen
senden	پرتو	tsenden
Bohne	لوبیا	bohne
Bär	خرس	ber
ertragen	خرس	ertragen
Bart	ریش؛ محاسن	bart
Inhaber eines Wertpapieres	حامل؛ درخت بارور	inhaber aines vertpapires
Überbringer	حامل؛ درخت بارور	ueberbringer
wildes Tier	جانور	vildes tir
schlagen	ضربه زدن، شکست دادن	shlagen
Takt	ضربه زدن، شکست دادن	takt
geschlagen	زده؛ کوبیده	geshlagen
Freund	جوان شیک	froynd
Boyfriend	جوان شیک	boyfrind
schön	زیبا	shoen
Schönheit	خوبی؛ جمال	shoenhait
weil	زیرا	vail
werden	شدن	verden
Bett	تختخواب	bett
Raum	شبستان	raum
Schlafzimmer	شبستان	shlaftsimmer
Bettware	رختخواب؛ هوای آزاد	bettvare
bettlägerig	بستری	bettlegerik
Bettseite	بالین	bettsaite
am Krankenbett	بالین	am krankenbett
Schlafenszeit	وقت استراحت؛ موقع خوابیدن	shlafenstsait
Zeit zum Schlafengehen	وقت استراحت؛ موقع خوابیدن	tsait tsum shlafengehen
Biene	زنبور؛ مگس انگبین	bine
Buchen	آلش	bukhen
Rindfleisch	گوشت گاو	rindflaish
Bier	آبجو	bir
vorher	قبل از	vorher
sich anfreunden mit	رفاقت کردن؛ تجیب کردن	tsih anfroynden mit
betteln	التماس کردن؛ استدعا کردن	betteln
bitten	التماس کردن؛ استدعا کردن	bitten
zeugen	پس انداختن؛ سبب وجود شدن	tsoygen
erzeugen	پس انداختن؛ سبب وجود شدن	ertsoygen
Bettler	گدا؛ فقیر	bettler
beginnen	شروع کردن	beginnen
Anfang	شروع	anfank
im Namen von	از طرف	im namen von
zugunsten	از طرف	tsugunsten
sich benehmen	رفتار کردن	tsih benehmen
Benehmen	رفتار	benehmen
enthauptet	سربریده	entauptet
hinter	پشت سر، عقب	hinter
ansehen	هان؛ هین	ansehen
betrachten	هان؛ هین	betrakhten
Beige	بژ	baige
verspätet	دیر شده	verspetet
belgisch	بلژیکی	belgish
Belgier	بلژیکی	belgir
Belgien	بلژیک	belgin
Glauben	ایمان؛ اعتقاد	glauben
glauben	باور داشتن	glauben
Glauber	معتقد؛ مومن	glauber
Glocke	ناقوس؛ جرس	gloke
militant	متحارب	militant
Kämpfer	متحارب	kempfer
Wampe	شکم؛ بطن	vampe
Plauze	شکم؛ بطن	plautse
gehören	تعلق داشتن	gehoeren
lieb	محبوب	lib
Liebe	محبوب	libe
unten	زیر، پایین	unten
unter	زیر، پایین	unter
Gürtel	کمربند	guertel
Sitzbank	نیمکت	tsitsbank
Bezugswert	معیار	betsugsvert
Maßstab	معیار	massstab
Kurve	چنبره؛ خمیدگی	kurve
Benediktion	رضوان؛ نیایش	benediktion
Wohltäter	واقف؛ نیکوکار	vohlteter
Vikarie	منان؛ منعم	vikari
dienlich	مفید	dinlih
förderlich	مفید	foerderlih
Begünstigter	ذینفع	beguenstigter
Empfänger. Nutznießer	ذینفع	empfenger. nutsnisser
Nutzen	فایده	nutsen
Wohlwollen	خوشدلی؛ نوع پرستی	vohlvollen
wohlwollend	خیر؛ نیکوکار	vohlvollend
gütig	خیر؛ نیکوکار	guetik
gutartig	جید	gutartik
bog	خم؛ متمایل	bok
gebogen	خم؛ متمایل	gebogen
Vermächtnis	وقف نامه	vermehtnis
Berlin	برلین؛ برلن	berlin
Ankerplatz	پهلو گرفتن؛ اطاق کشتی	ankerplats
Liegeplatz	پهلو گرفتن؛ اطاق کشتی	ligeplats
Beryll	بزادی	beryll
anflehen	التماس کردن	anflehen
flehentlich bitten	التماس کردن	flehentlih bitten
außer	علاوه بر این	ausser
beste	بهترین	beste
am besten	بهترین	am besten
Bestie	دامی؛ شبیه حیوان	besti
schenken	عطا کردن؛ بذل کردن	shenken
beisteuern	عطا کردن؛ بذل کردن	baistoyern
gewettet	شرط بندی؛ شرط بستن	gevettet
Wette	شرط بندی؛ شرط بستن	vette
Beta	بتا	beta
verraten	خیانت کردن	verraten
Verrat	خیانت؛ افشاء سر	verrat
besser	بهتر	besser
Besserung	بهی	besserunk
Getränk	شربت؛ نوشابه	getrenk
sich hüten	هان؛ هلا	tsih hueten
verwirren	گیج؛ سردرگم	vervirren
Verwirrung	گیجی؛ سردرگمی	vervirrunk
jenseits	فراتر از؛ آن‌سوی	yensaits
Vorurteil	تعصب	vorurtail
Befangenheit	تعصب	befangenhait
Bibel	انجیل؛ کتاب مقدس	bibel
Hydrogencarbonate	جوش شیرین	hydrogenkarbonate
Fahrrad	دوچرخه	fahrrad
Gebot	پیشنهاد دادن، پیشنهاد	gebot
bieten	پیشنهاد دادن، پیشنهاد	biten
Totenbahre	مقبره	totenbahre
Bifurkation	شکاف گاه	bifurkation
groß	بزرگ	gross
beidseitig	دوجانبه؛ دوطرفه	baidsaitik
zweiseitig	دوجانبه؛ دوطرفه	tsvaisaitik
Galle	صفر؛ زرداب	galle
Bily	صفراوی؛ زرداب ریز	bily
Rechnung	صورتحساب	rehnunk
Gesetzentwurf	صورتحساب	gesetsentvurf
quartieren	یادداشت مختصر؛ ورقه جیره	kvartiren
einquartieren	یادداشت مختصر؛ ورقه جیره	ainkvartiren
Milliarde	میلیارد	milliarde
Billion	میلیارد	billion
Billonlegierung	بورچاق	billonlegirunk
Behälter	سطل آشغال	behelter
Abfallbehälter	سطل آشغال	abfallbehelter
Binär	دوجزئی؛ دوگانه	biner
binden	بستن	binden
verpflichten	بستن	verpflihten
Deckungszusage	صحاف؛ شیرازه	dekungstsusage
bindend	حتیالاجرا؛ تجلید	bindend
biographisch	زیستنامهای	biografish
Biografie	زندگی‌نامه	biografi
biologisch	زیستی	biologish
Biologie	زیست‌شناسی	biologi
bipolar	دوقطبی	bipolar
Birken	توس؛ غان	birken
Vogel	پرنده	vogel
Birmingham	بیرمنگام	birmingham
Geburt	تولد	geburt
Geburtstag	تولد	geburtstak
Geburtsort	زادگاه؛ مسقطالراس	geburtsort
Patrimonium	حق ارشدیت	patrimonium
Geburtsrecht	حق ارشدیت	geburtsreht
Keks	بیسکویت	keks
Bischof	اسقف	bishof
biss	تکه کوچک	biss
beißen	گاز؛ نیش	baissen
verbittert	تلخ؛ مر	verbittert
bitter	تلخ؛ مر	bitter
bitterer Geschmack	تلخی	bitterer geshmak
zelten	اتراق؛ اتراق کردن	tselten
biwakieren	اتراق؛ اتراق کردن	bivakiren
bizarr	عجیب و غریب	bitsarr
komisch	عجیب و غریب	komish
schwarz	سیاه	shvarts
Schmied	آهنکر؛ آهنگر	shmid
Blase	بادکنک؛ کمیزدان	blase
Klinge	تیغه	klinge
Blad	تیغه دار	blad
die Schuld geben	سرزنش؛ ملامت	di shuld geben
leer	خالی	leer
Leerstelle	خالی	leerstelle
Wolldecke	پتو	volldeke
BLAST-Algorithmus	انفجار، منفجر کردن	blast-algoritmus
Blast	انفجار، منفجر کردن	blast
Hölle	افروختگی؛ شعله زدن	hoelle
Flamme	افروختگی؛ شعله زدن	flamme
öde	درمعرض بادسرد	oede
ungeschützt	درمعرض بادسرد	ungeshuetst
bluten	خونریزی کردن	bluten
Makel	معایب	makel
Flecken	معایب	fleken
vermischen	ترکیب کردن	vermishen
segnen	برکت دادن	tsegnen
gesegnet	مبارکی	gesegnet
Segen	برکت	tsegen
blind	کور؛ نابینا	blind
blenden	کور؛ نابینا	blenden
Blindheit	کوری؛ نابینائی	blindhait
blinken	سوسو زدن؛ نگاه مختصر	blinken
blinzeln	سوسو زدن؛ نگاه مختصر	blintseln
Bulla	آبله؛ طاول	bulla
Block	مانع ورادع؛ جعبه قرقره	blok
blockieren	بلوک؛ مسدود کردن	blokiren
Blockade	گرفتگی؛ سدراه کردن	blokade
Blockheads	بی کله	blokheads
Blog	وبلاگ	blok
blond	بلوند	blond
hell	بلوند	hell
Blut	خون	blut
Blutvergießen	خونریزی؛ سفک دماء	blutvergissen
Blutbad	خونریزی؛ سفک دماء	blutbad
blutrünstig	خونریز؛ خونخوار	blutruenstik
blutig	خونین؛ خون آلود	blutik
Blüte	شکوفه؛ شکفتن	bluete
Blütenpracht	شکوفه؛ گل دادن	bluetenprakht
Fleck	لک کردن	flek
Klecks	لک کردن	kleks
Schlag	دمیدن؛ ضربه، دمیدن	shlak
Hieb	دمیدن؛ ضربه، دمیدن	hib
blau	آبی	blau
bluffen	توپ؛ بلف	bluffen
täuschen	توپ؛ بلف	toyshen
bläulich	آبی فام	bloylih
patzen	خبط کردن؛ اشتباه کار	patsen
einen Bock schießen	خبط کردن؛ اشتباه کار	ainen bok shissen
stumpf	کند کردن؛ بی نوک	shtumpf
trüben	تیرگی؛ لک کردن	trueben
erröten	روژ	erroeten
Boa	مار اژدر؛ اژدر مار	boa
Brett	تخته، هیئت مدیره	brett
Verpflegung	تخته، هیئت مدیره	verpflegunk
prahlen	فخر فروختن	prahlen
Boot	قایق	boot
körperlich	تنی؛ جسمی	koerperlih
Körper	بدن	koerper
Leibwache	مستحفظ شخص؛ گارد مخصوص	laibvakhe
Regenmoor	سیاه آب؛ لجن زار	regenmoor
kochen	جوشاندن	kokhen
sieden	جوشاندن	siden
Heizkessel	دیگ	haitskessel
boisterös	بلند وناهنجار	boisteroes
in mutiger Weise	جسارتا؛ جسورانه	in mutiger vaise
fliehen	زبانه؛ زبانه دار کردن	flihen
fortlaufen	زبانه؛ زبانه دار کردن	fortlaufen
Bombe	بمب؛ بمباران کردن	bombe
Bombarda	توپ زدن؛ بتوپ بستن	bombarda
Bombardement	بمباران	bombardement
Bomber	بمب انداز؛ بمب افکن	bomber
Obligation	صلح؛ وجه الضمانه	obligation
Pfandbrief	صلح؛ وجه الضمانه	pfandbrif
Knochen	استخوان	knokhen
Haube	درپوش؛ کلاه سرگذاشتن	haube
Motorhaube	درپوش؛ کلاه سرگذاشتن	motorhaube
Bonny	قوی وزیبا	bonny
Bonus	پاداش	bonus
Prämie	پاداش	premi
grätig	استخوانی؛ اسکلتی	gretik
knochig	استخوانی؛ اسکلتی	knokhik
Tölpel	ساده لوح	toelpel
Narr	ساده لوح	narr
Buch	رزرو کردن؛ کتاب، رزرو کردن	bukh
buchen	رزرو کردن؛ کتاب، رزرو کردن	bukhen
Verbuchung	رزرو	verbukhunk
bücherliebend	کتابی؛ ملانقطی	bueherlibend
gelehrt	کتابی؛ ملانقطی	gelehrt
Aufschwung	رونق	aufshvunk
Geschäftsbelebung	رونق	gesheftsbelebunk
Auftrieb	افزایش دادن، افزایش	auftrib
in die Höhe treiben	افزایش دادن، افزایش	in di hoehe traiben
Stiefel	چکمه	shtifel
Marktbude	غرفه؛ جای ویژه	marktbude
Ausstellungsstand	غرفه؛ جای ویژه	ausstellungsstand
Beute	غارت؛ غنیمت	boyte
Grenze	کناره؛ مرز	grentse
trug	مو؛ سرخر	truk
Bor	خسته	bor
Langeweile	خستگی؛ ملالت	langevaile
langweilig	خسته‌کننده	langvailik
geboren	متولد شدن	geboren
borgen	قرض گرفتن	borgen
Kreditaufnahme	عاریه؛ استقراض	kreditaufnahme
Fremdfinanzierung	عاریه؛ استقراض	fremdfinantsirunk
Bosnien und Herzegowina	بوسنی	bosnin und hertsegovina
Bosnien	بوسنی	bosnin
umarmen	سینه؛ بغل	umarmen
drücken	سینه؛ بغل	drueken
Chef	رئیس	hef
Boston	بوستون	boston
Botaniker	گیاهشناس	botaniker
Botanikerin	گیاهشناس	botanikerin
Botanik	گیاهشناسی	botanik
beide	هر دو	baide
belästigen	رنجاندن؛ ایذاء	belestigen
plagen	رنجاندن؛ ایذاء	plagen
auf Flaschen füllen	بطری	auf flashen fuellen
Flasche	بطری	flashe
Tiefststand	پایین، ته	tifststand
Boden	پایین، ته	boden
Ast	شانه حیوان	ast
Zweig	شانه حیوان	tsvaik
platzen	جهش کردن	platsen
band	مقید	band
gebunden	مقید	gebunden
Abgrenzung	مرز	abgrentsunk
Blumenstrauß	گلدسته	blumenstrauss
Bouquet	گلدسته	boukvet
bourgeois	طبقه دوم	bourgeois
Kalbfleisch	شبیه گاو؛ گاو خوی	kalbflaish
Schleife	خم شدن، تعظیم	shlaife
Eingeweide	امعاء	aingevaide
Darm	امعاء	darm
Pergola	آلاچیق	pergola
Schale	کاسه	shale
Melone	قدح ساز؛ مشروب خوارافراطی	melone
Melonenhut	قدح ساز؛ مشروب خوارافراطی	melonenhut
boxen	جعبه	boksen
Schachtel	جعبه	shakhtel
Boxer	مشتباز؛ مشتزن	bokser
Boxerin	مشتباز؛ مشتزن	bokserin
Boxen	بوکس؛ مشتزنی	boksen
Junge	پسر	yunge
Boykott	بایکوت؛ تحریم کردن	boykott
boykottieren	بایکوت؛ تحریم کردن	boykottiren
Freund eines Mädchens	دوست پسر	froynd aines medhens
stabilisieren	آکولاد	shtabilisiren
Zahnspange	آکولاد	tsahnspange
einklammern	دیاق	ainklammern
Klammer	دیاق	klammer
angeben	لاف؛ بالیدن	angeben
Flechten	بافته	flehten
Gehirn	مغز	gehirn
Bremse	ترمز؛ ترمز کردن	bremse
Filiale	شاخه؛ شاخ	filiale
verzweigen	شاخه؛ شاخ	vertsvaigen
Marke	جور؛ داغ	marke
Markenartikel	جور؛ داغ	markenartikel
Messing	نحاس؛ افسر ارشد	messink
messingfarben	برنجی؛ برنج مانند	messingfarben
aufdringlich	برنجی؛ برنج مانند	aufdringlih
Bratwurst	ننر؛ کف شیر	bratvurst
tapfer	رشید؛ راد	tapfer
auf tapfere Weise	شجاعانه؛ غازیانه	auf tapfere vaise
Courage	تهور؛ شهامت	kourage
Mut	تهور؛ شهامت	mut
Feuerschale	رویگر؛ آتشدان	foyershale
Brasilien	برازیلیا؛ برزیل	brasilin
Bruch	نقض کردن، نقض	brukh
brechen	نقض کردن، نقض	brehen
Brot	نان	brot
Breite	وسعت نظر	braite
Pause	شکستن، استراحت	pause
Zusammenbruch	خرابی	tsusammenbrukh
Frühstück	صبحانه	fruehstuek
Durchbruch	پیشرفت	durhbrukh
Zerfall	بهم زدن	tserfall
Auflösung	بهم زدن	aufloesunk
Brust	سینه؛ پستان	brust
Atem	دم؛ نفس	atem
atmen	تنفس کردن؛ استنشاق کردن	atmen
Atmen	تنفس؛ ذینفس	atmen
atmend	تنفس؛ ذینفس	atmend
atemlos	بی جان؛ بی نفس	atemlos
Verschluss	ته توپ؛ ته تفنگ	vershluss
Steißlage	ته توپ؛ ته تفنگ	shtaisslage
Rasse	نژاد، پرورش دادن	rasse
Fortpflanzung	تخم کشی؛ تولید مثل	fortpflantsunk
Zeugung	تخم کشی؛ تولید مثل	tsoygunk
wehen	نسیم؛ بادملایم	vehen
Brise	نسیم؛ بادملایم	brise
Begegnung am Vormittag	نسیمدار؛ شادی بخش	begegnunk am vormittak
Brew	آبجوساز	brev
Brauerei	آبجوسازی	brauerai
bestechen	رشوه؛ رشوه دادن	bestehen
Bestechung	رشوه؛ ارتشاء	bestehunk
Ziegelstein	آجر	tsigelstain
Braut	متعلق بعروس	braut
Bräutigam	دامادی	broytigam
Brücke	پل	brueke
Zaumzeug	افسار؛ عنان	tsaumtsoyk
kurz	مختصر؛ کوتاهمدت	kurts
kurz einweisen	مختصر؛ کوتاهمدت	kurts ainvaisen
Brigade	تیپ	brigade
strahlend	روشن	shtrahlend
aufhellen	زرنگ کردن؛ درخشان کردن	aufhellen
klar werden	زرنگ کردن؛ درخشان کردن	klar verden
Helligkeit	فروغ؛ روشنی	helligkait
brillant	درخشان	brillant
bringen	آوردن	bringen
Rand	لب؛ شرف	rand
Vereinigtes Königreich	بریتانیا	verainigtes koenigraih
Großbritannien	بریتانیا	grossbritannin
britisch	بریتانیایی؛ انگلیسی	british
spröde	شکننده؛ ترد	shproede
brüchig	شکننده؛ ترد	bruehik
breit	گشاد؛ پهن	brait
Breitbandkommunikation	پهنای باند	braitbandkommunikation
Radiosendung	پخش؛ پراکندن	radiosendunk
sendete	پخش؛ پراکندن	tsendete
erweitern	وسیع کردن	ervaitern
Broschüre	جزوه؛ بروشور	broshuere
Prospekt	جزوه؛ بروشور	prospekt
gebrochen	شکسته	gebrokhen
kaputt	شکسته	kaputt
Makler	واسطه؛ دلال	makler
Zwischenhändler	واسطه؛ دلال	tsvishenhendler
Bronchitis	برنشیت؛ آماس نایژه	bronhitis
Bronze	برنز؛ برنزی	brontse
Brosche	گل سینه؛ باسنجاق آراستن	broshe
Bach	جوی؛ جویبار	bakh
Besen	جاروب؛ جارو	besen
Bruder	برادر	bruder
Bruderschaft	اخوت؛ برادری	brudershaft
braun	قهوه‌ای	braun
bräunen	قهوه‌ای	broynen
Browser	مرورگر	brovser
Webbrowser	مرورگر	vebbrovser
Prellung	کوفتگی؛ تباره	prellunk
Brünette	سبزه	bruenette
bürsten	برس، برس زدن	buersten
Pinsel	برس، برس زدن	pinsel
Brut	بیرحمانه	brut
brutal	بی رحمانه	brutal
auf brutale Weise	بی رحمانه	auf brutale vaise
bestial	جانور خوی؛ کودن یاشهوانی	bestial
bestialisch	جانور خوی؛ کودن یاشهوانی	bestialish
Sprechblase	حباب؛ غلغل سدن	shprehblase
bubonisch	خیارکی	bubonish
Bock	دلار، نر (جانور)	bok
Rammler	دلار، نر (جانور)	rammler
Eimer	سطل؛ دول	aimer
Schnalle	چپراست؛ سگک	shnalle
Knospe	جوانه؛ شکوفه	knospe
buddhistisch	بودایی	buddhistish
Buddhist	بودایی	buddhist
Kumpel	رفیق	kumpel
Budget	بودجه	budget
Haushalt	بودجه	haushalt
polieren	گاو وحشی؛ زرد نخودی	poliren
Kenner	گاو وحشی؛ زرد نخودی	kenner
Büffel	گاومیش؛ بوفالو	bueffel
Wisent	گاومیش؛ بوفالو	visent
Puffer	بافر	puffer
Wanze	حشره، اشکال نرم‌افزاری	vantse
Horn	بوق	horn
bauen	ساختن	bauen
Bauträger	بساز و بفروش	bautreger
Bauunternehmer	بساز و بفروش	bauunternehmer
Gebäude	ساختمان	geboyde
Blumenzwiebel	سوخ؛ لامپ برق	blumentsvibel
Glühbirne	سوخ؛ لامپ برق	gluehbirne
Ausbauchung	برامدگی؛ بالارفتگی	ausbauhunk
in großen Gebinden	عمده	in grossen gebinden
Bulkware	عمده	bulkvare
massig	جسیم؛ تنه دار	massik
sperrig	جسیم؛ تنه دار	shperrik
Stier	گاو؛ ثور	shtir
Englische Bulldogge	بول داگ	englishe bulldogge
Geschoss	تیر؛ گلوله	geshoss
amtliche Bekanntmachung	پژوهشنامه؛ بولتن	amtlihe bekanntmakhunk
Gold in Barren	شمش	gold in barren
ungemünztes Gold	شمش	ungemuentstes gold
Halbstarker	قلدر؛ گردنکلفت	halbstarker
Halbstarke	قلدر؛ گردنکلفت	halbstarke
Mole	سنگربندی	mole
Wellenbrecher	سنگربندی	vellenbreher
Strauß	خوشه؛ خوشه کردن	shtrauss
Bündel	بقچه؛ دسته کردن	buendel
Bunt	دربیس بال	bunt
heiter	شناور	haiter
Last	بار	last
Bürde	بار	buerde
beschwerlich	غم انگیز	beshverlih
Büro	اداره؛ شورا	buero
Bürokratie	بوروکراسی	buerokrati
Einbrecher	دزد؛ دزد خانه	ainbreher
Beerdigung	دفن	beerdigunk
Epichorie	گره دار	epihori
Brandwunde	سوختن	brandvunde
Brandmal	سوختن	brandmal
Grat	غلیظ تلفظ کردن	grat
Bau	نقب؛ زیرزمین لانه کردن	bau
Explosion	ترکیدن	eksplosion
geplatzt	ترکیدن	geplatst
begraben	خاک کردن؛ گور کردن	begraben
Bus	اتوبوس	bus
Busch	بوته؛ بوش	bush
reparieren	لیتر است؛ با پیمانه وزن کردن	repariren
Scheffel	لیتر است؛ با پیمانه وزن کردن	sheffel
Unternehmen	کسب و کار	unternehmen
Geschäftsmann	بازرگان	gesheftsmann
reißen	ورشکست کردن؛ ورشکست شدن	raissen
lärmende Geschäftigkeit	هایهو	lermende gesheftigkait
geschäftig	مشغول	gesheftik
beschäftigt	مشغول	besheftigt
aber	اما	aber
mit Ausnahme von	اما	mit ausnahme von
Fleischer	قصاب؛ قصابی کردن	flaisher
Butler	ساقی؛ آبدارباشی	butler
grenzen	شاخ زدن؛ نزدیک یا متصل شدن	grentsen
angrenzen	شاخ زدن؛ نزدیک یا متصل شدن	angrentsen
Butter	کره	butter
bestreichen	کره	bestraihen
Schmetterling	پروانه	shmetterlink
Buttermilch	آبدوغ	buttermilh
Gesäß	سرین؛ لنبر	gesess
Knopf	دکمه	knopf
Knopfloch	مادگی	knopflokh
kaufen	خریدن	kaufen
Käufer	خریدار؛ خرنده	koyfer
Buzz	ویزویز کردن؛ نامشخص حرف زدن	butsts
mit	توسط، کنار	mit
vorbei an	توسط، کنار	vorbai an
Adieu	خداحافظ	adioy
Taxi	تاکسی؛ جای لوکوموتیوران	taksi
Taxe	تاکسی؛ جای لوکوموتیوران	takse
Kohl	کلم	kohl
Taxifahrer	رانندهتاکسی	taksifahrer
Kabine	کلبه	kabine
Kajüte	کلبه	kayuete
Regierung	کابینت، هیئت وزیران	regirunk
Kabinett	کابینت، هیئت وزیران	kabinett
Kabel	تلگراف؛ طناب سیمی	kabel
gackern	نعیب کردن؛ غار غار	gakern
Gackern	نعیب کردن؛ غار غار	gakern
Cafe	کافه	kafe
Käfig	قفس؛ درقفس نهادن	kefik
Kuchen	کیک	kukhen
kalamitös	پربلا؛ مصیبت بار	kalamitoes
Katastrophe	بلا؛ آفت	katastrofe
rechnen	حساب کردن؛ احتساب کردن	rehnen
Berechnung	محاسبه	berehnunk
Kalender	تقویم؛ سالنما	kalender
Kalb	گوساله؛ عجل	kalb
Wade	گوساله؛ عجل	vade
Calico	چلوار	kaliko
Kalifornien	کالیفرنیا	kalifornin
kalifornisch	کالیفرنیایی	kalifornish
Kalifornier	کالیفرنیایی	kalifornir
anrufen	صدا زدن، تماس گرفتن	anrufen
nennen	صدا زدن، تماس گرفتن	nennen
Hornschwiele	پینه؛ پینه ای	hornshvile
ruhig	آرام؛ ملایم	ruhik
in ruhiger Weise	به آرامی	in ruhiger vaise
Ruhe	آرامی؛ آرامش	ruhe
Kalorie	کالری	kalori
Rufmord	افترا؛ بهتان	rufmord
Altweltkamele	شتر؛ سار	altveltkamele
Cameo	به زرد	kameo
Fotoapparat	دوربین	fotoapparat
kampieren	اردو، اردو زدن	kampiren
lagern	اردو، اردو زدن	lagern
Feldzug	کارزار؛ کمپین	feldtsuk
Kampagne	کارزار؛ کمپین	kampagne
Camping	اردو زدن	kampink
könnt	توانستن (فعل کمکی)؛ قوطی	koennt
kann	توانستن (فعل کمکی)؛ قوطی	kann
Kanada	کانادا	kanada
kanadisch	کانادایی	kanadish
Kanadier	کانادایی	kanadir
Schifffahrtskanal	کانال	shifffahrtskanal
annullieren	فسخکردن؛ موقوف کردن	annulliren
kündigen	فسخکردن؛ موقوف کردن	kuendigen
Abbestellung	فسخ؛ لغو	abbestellunk
Stornierung	فسخ؛ لغو	shtornirunk
Krebs	سرطان	krebs
aufrichtig	صاف؛ بی تزویر	aufrihtik
offen	صاف؛ بی تزویر	offen
Kandidatur	نامزدی؛ داوطلبی	kandidatur
Wahlwerbung	نامزدی؛ داوطلبی	vahlverbunk
Kandidat	نامزد؛ کاندید	kandidat
Kerze	شمع	kertse
Bonbon	نقل؛ شیرینی	bonbon
Rohrstock	عصا؛ قصب	rohrstok
Dose	چای دان؛ گازاشک آور	dose
Cann	مست باده	kann
können nicht	نمی‌تواند (فعل کمکی)	koennen niht
könnt nicht	نمی‌تواند (فعل کمکی)	koennt niht
Kanu	قایق رانی	kanu
CANoe	قایق رانی	kanoe
Baldachin	سایبان گذاشتن؛ کروک اتومبیل	baldakhin
Kanter	سلانه سلانه	kanter
Segeltuch	بوم نقاشی	tsegeltukh
Schlucht	دربند؛ تنگه	shlukht
Felsschlucht	دربند؛ تنگه	felsshlukht
Mütze	کلاهک	muetse
Tüchtigkeit	توانایی	tuehtigkait
tüchtig	قابل؛ لایق	tuehtik
geräumig	جادار؛ گنجا	geroymik
Kapazität	گنجایش؛ ظرفیت	kapatsitet
Aufnahmefähigkeit	گنجایش؛ ظرفیت	aufnahmefehigkait
Kap	شنل	kap
Kapillare	عروق شعریه	kapillare
Hauptstadt	پایتخت، سرمایه	hauptstadt
Kapital	پایتخت، سرمایه	kapital
Kapitalismus	سرمایه‌داری	kapitalismus
Kapitalist	سرمایه‌دار	kapitalist
Kapitulation	کاپیتولاسیون	kapitulation
kapriziös	بوالهوس؛ هوسران	kapritsioes
Kapsel	کپسول؛ پوشینه	kapsel
Kapitän	ناخدا؛ سروان	kapiten
kaptiv	بندی؛ دربند	kaptiv
Kaptivität	گرفتاری؛ اسارت	kaptivitet
fangen	تسخیر؛ دستگیری	fangen
Karawane	کاروان	karavane
Kohlenstoff	کربن	kohlenstoff
Karte	کارت	karte
Karton	مقوا؛ مقوای نازک	karton
Pappe	مقوا؛ مقوای نازک	pappe
kardial	فم المعدی	kardial
Herz-	فم المعدی	herts-
Cardinal	کاردینال؛ عدداصلی	kardinal
Pflege	مراقبت، اهمیت دادن	pflege
sich kümmern	مراقبت، اهمیت دادن	tsih kuemmern
berufliche Entwicklung	شغل، حرفه	beruflihe entviklunk
Karriere	شغل، حرفه	karrire
sorgenfrei	سبکبار؛ بی غم	tsorgenfrai
unbekümmert	سبکبار؛ بی غم	unbekuemmert
vorsichtig	مراقب	vorsihtik
unvorsichtig	بیدقت؛ مسالمتآمیز	unvorsihtik
Unachtsamkeit	غفلت؛ مسامحه	unakhtsamkait
liebkosen	نوازش؛ ناز	libkosen
kosen	نوازش؛ ناز	kosen
Beförderungsgut	بار	befoerderungsgut
Fracht	بار	frakht
Karibik	کارائیب	karibik
Karikatur	کاریکاتور؛ کاریکاتور ساختن	karikatur
Massaker	قتل عام	massaker
Schlachtung	قتل عام	shlakhtunk
Karneval	کارناول؛ کارناوال	karneval
Fastnacht und Fasching	کارناول؛ کارناوال	fastnakht und fashink
Carolina	کارولینا	karolina
Handwurzel-	مچ دستی	handvurtsel-
Zimmermann	درودگر؛ نجار	tsimmermann
Schreiner	درودگر؛ نجار	shrainer
Tischlerhandwerk	نجاری؛ درودگری	tishlerhandverk
Teppich	فرش	teppih
Eisenbahnwagen	کالسکه	aisenbahnvagen
Transport	کالسکه	transport
Frachtführer	حامل؛ ترک بند	frakhtfuehrer
Frachtunternehmen	حامل؛ ترک بند	frakhtunternehmen
Aas	لاش؛ گوشت گندیده	aas
Möhre	هویج	moehre
tragen	حمل کردن	tragen
transportieren	حمل کردن	transportiren
karren	چرخ؛ گاری	karren
Knorpel	غضروف	knorpel
Cartoon	کارتون	kartoon
Patrone	فشنگ	patrone
Kartusche	فشنگ	kartushe
tranchieren	حکاکی کردن	tranhiren
zerlegen	حکاکی کردن	tserlegen
Kaskade	آبشار	kaskade
Fall	مورد، پرونده	fall
Koffer	مورد، پرونده	koffer
Bargeld	پول نقد	bargeld
Kassier	صندوقدار؛ تحویلدار	kassir
Spielbank	کازینو	shpilbank
Schatulle	صندوق یاتابوت	shatulle
Kassette	کاست	kassette
Soutane	دلق	tsoutane
werfen	افکندن؛ بر افکندن	verfen
Kaste	صنف	kaste
Burg	قلعه	burk
Schloss	قلعه	shloss
gelegentlich	معمولی	gelegentlih
Unfallopfer	تلفات	unfallopfer
Katze	گربه	katse
Katalog	کاتالوگ	katalok
Fang	گرفتن	fank
Kategorie	طبقه؛ رده	kategori
Fuhrunternehmer	پذیرایی کردن	fuhrunternehmer
Rollfuhrunternehmer	پذیرایی کردن	rollfuhrunternehmer
Kathedrale	کلیسا	katedrale
katholisch	کاتولیک؛ جامع	katolish
katzenartig	گربهوار	katsenartik
Rindvieh	گله گاو	rindvih
Kaukasien	قزاقی	kaukasin
Blumenkohl	گلکلم	blumenkohl
Ursache	سببی؛ علتی	ursakhe
verursachen	سببی؛ علتی	verursakhen
Kausativ	سبب شونده	kausativ
Vorsicht	احتیاط	vorsiht
warnen	احتیاط	varnen
in vorsichtiger Weise	از رویاحتیاط	in vorsihtiger vaise
Kavalkade	گردش سواره	kavalkade
Kavalier	شوالیه	kavalir
Kavallerie	سواره نذام	kavalleri
Höhle	غار	hoehle
kavernös	غارمانند؛ غاردار	kavernoes
Kavität	گودی	kavitet
CD	سی‌دی	kd
Kompaktplatte	سی‌دی	kompaktplatte
aufhören	متوقف کردن	aufhoeren
Zeder	سرو؛ سدر	tseder
Zimmerdecke	سقف	tsimmerdeke
feiern	جشن گرفتن	faiern
Feier	جشن؛ برگزاری	faier
Berühmtheit	سلبریتی	beruehmtait
Celesty	سماوی؛ عرشی	tselesty
Zelle	یاخته؛ سلول	tselle
Keller	زیرزمین؛ سرداب	keller
zellulär	سلولی؛ سلول دار	tselluler
Mobilfunk-	سلولی؛ سلول دار	mobilfunk-
keltisch	سلتی؛ زبان سلتی	keltish
Keltisch	سلتی؛ زبان سلتی	keltish
Zement	سیمان؛ سمنت	tsement
Friedhof	قبرستان	fridhof
Duftrauchbrenner	بخورسوز؛ عودسوز	duftrauhbrenner
Zensur	سانسور	tsensur
Volkszählung	سرشماری؛ آمارگیری	volkstsehlunk
Zählung	سرشماری؛ آمارگیری	tsehlunk
Cent	سنت	tsent
hundertjährig	صدساله؛ یادبود صدساله	hundertyehrik
Hundertjahrfeier	صدساله؛ یادبود صدساله	hundertyahrfaier
Zentrum	مرکز؛ وسط	tsentrum
zentral	مرکزی؛ میانی	tsentral
Zentralisierung	تمرکز	tsentralisirunk
zentralisieren	متمرکز	tsentralisiren
zentrieren	مرکز	tsentriren
Zentrifuge	مرکزگریز؛ نیروی گریز از مرکز	tsentrifuge
Jahrhundert	قرن	yahrhundert
Getreide	غله؛ حبوبات	getraide
Zerebral	مغزی؛ دماغی	tserebral
Zeremonie	تشریفاتی	tseremoni
sicher	مطمئن	tsiher
gewiß	قطعا	geviss
Gewißheit	قطعیت	gevisshait
amtliche Bescheinigung	گواهی	amtlihe beshainigunk
Zertifikat	گواهی	tsertifikat
amtlich beglaubigen	تصدیق کردن؛ شهادت کتبی دادن	amtlih beglaubigen
bestätigen	تصدیق کردن؛ شهادت کتبی دادن	bestetigen
zervisch	گردنی	tservish
Verdruss	غم وغصه	verdruss
Kränkung	غم وغصه	krenkunk
Kette	سلسله؛ زنجیر	kette
Stuhl	صندلی	shtuhl
Vorsitzender	رئیس؛ فرنشین	vorsitsender
Kelch	جام	kelh
Kreide	گچ؛ تباشیر	kraide
herausfordern	طلب حق؛ سر تافتن	herausfordern
Herausforderung	طلب حق؛ سر تافتن	herausforderunk
Kammer	اتاق	kammer
Sieger	میدان جنگ	siger
Gewinner	میدان جنگ	gevinner
Champagner	شامپانی	hampagner
Champion	قهرمان؛ پهلوان	hampion
Meisterschaft	قهرمانی	maistershaft
finden	شانس	finden
Kanzler	صدر اعظم	kantsler
Kronleuchter	چلچراغ؛ لوستر	kronloyhter
Veränderung	تغییر، تغییر دادن	verenderunk
Kanal	مجری؛ مجرا	kanal
Chaos	هرج و مرج	haos
Kerl	خشکی شدن؛ خشکی زدن	kerl
Typ	خشکی شدن؛ خشکی زدن	typ
Kaplan	پیشنماز؛ قاضی عسگر	kaplan
Kapitel	فصل؛ بخش	kapitel
Abschnitt	فصل؛ بخش	abshnitt
Charakter	شخصیت	harakter
Merkmal	اختصاصی؛ مشخصه	merkmal
Beurteilungsmerkmal	اختصاصی؛ مشخصه	boyrtailungsmerkmal
charakterisieren	توصیف کردن	harakterisiren
Holzkohle	زغال؛ ذغال	holtskohle
Gebühr	عهده؛ تهمت	gebuehr
Streitwagen	اراده؛ ارابه	shtraitvagen
mildtätig	خیر؛ اوقاف	mildtetik
wohltätig	خیر؛ اوقاف	vohltetik
Wohlfahrtsverband	خیریه	vohlfahrtsverband
Scharlatan	چاچولباز؛ شارلاتان	sharlatan
bezaubern	جذابیت	betsaubern
Reiz	جذابیت	raits
reizend	جذاب	raitsend
graphisch darstellen	نمودار	grafish darstellen
graphische Darstellung	نمودار	grafishe darstellunk
Charter	منشور	harter
Chartervertrag	منشور	hartervertrak
jagen	تعقیب کردن، تعقیب	yagen
verfolgen	تعقیب کردن، تعقیب	verfolgen
keusch	مخدر؛ عفیف	koysh
Chat	گپ زدن	hat
klatschen	ورور کردن؛ وراجی کردن	klakhen
schwatzen	ورور کردن؛ وراجی کردن	shvatsen
billig	ارزان	billik
Billigkeit	ارزانی	billigkait
betrügen	فریب؛ گولزدن	betruegen
mogeln	فریب؛ گولزدن	mogeln
prüfen	بررسی کردن، چک؛ چک کردن	pruefen
Scheck	بررسی کردن، چک؛ چک کردن	shek
Schachmatt	مات کردن؛ شاه مات	shakhmatt
Wange	گونه	vange
aufmuntern	تشویق کردن، تشویق	aufmuntern
Fröhlichkeit	انبساط؛ بشاشت	froehlihkait
fröhlich	با ل بشاشت	froehlih
Käse	پنیر	kese
Küchenchef	سرآشپز	kuehenhef
Chemikalie	شیمیایی	hemikali
Apotheker	شیمیدان	apoteker
Chemie	شیمی	hemi
schätzen	ورزیدن؛ عزیز داشتن	shetsen
hegen	ورزیدن؛ عزیز داشتن	hegen
Kirsche	گیلاس	kirshe
Schach	شطرنج؛ شترنج	shakh
Schachbrett	تخته شطرنج	shakhbrett
Brustkorb	سینه؛ قص	brustkorb
Kasten	سینه؛ قص	kasten
Kastanien	بلوط؛ شاه بلوط	kastanin
kauen	خاییدن؛ جویدن	kauen
Chicago	شیکاگو	hikago
Chikago	شیکاگو	hikago
Hähnchen	مرغ	hehnhen
Haupt	رئیس؛ اصلی	haupt
hauptsächlich	عمدتاً	hauptsehlih
Chiffon	تور نازک؛ نوعی کیک	hiffon
Kind	کودک	kind
Kindheit	خردی؛ بچگی	kindhait
kindisch	کودکانه؛ بچگانه	kindish
kinderlos	بی فرزند؛ بی اولاد	kinderlos
kindlich	کودک مانند	kindlih
abkühlen	چایمان؛ سرد کردن	abkuehlen
Kälte	چایمان؛ سرد کردن	kelte
Glockenspiel	ناقوس را؛ سازیاموسیقی زنگی	glokenspil
läuten	ناقوس را؛ سازیاموسیقی زنگی	loyten
Zimarra	هوس باز؛ هوس آمیز	tsimarra
Kamin	دودکش؛ تنوره	kamin
Kinn	چانه؛ پوز	kinn
China	چین؛ ظروف چینی	hina
Porzellan	چین؛ ظروف چینی	portsellan
chinesisch	چینی؛ زبان چینی	hinesish
Spalt	درزپیدا کردن	shpalt
klirren	درزپیدا کردن	klirren
Spielmarke	چیپس، تراشه	shpilmarke
Meißel	اسکنه؛ منقاش	maissel
Ritterlichkeit	سلحشوری	ritterlihkait
Schokolade	شکلات	shokolade
Chor	گروه کر	hor
ersticken	اختناق؛ ساسات	erstiken
würgen	اختناق؛ ساسات	vuergen
Cholera	وبا	holera
wählen	انتخاب کردن	vehlen
kürzen	خرد کردن	kuertsen
Khrist	مسیح؛ یاعلی	khrist
Christentum	مسیحیت؛ عیسویت	hristentum
Christ	نصارا	hrist
christlich	نصارا	hristlih
khronisch	مزمن	khronish
khronologisch	زمانی	khronologish
pummelig	خپله	pummelik
rundlich	خپله	rundlih
übergeben	مرغک	uebergeben
erbrechen	مرغک	erbrehen
Brocken	تکه بزرگ	broken
Stück	تکه بزرگ	shtuek
Kirche	کلیسا	kirhe
gebuttert	چرخی	gebuttert
Apfelschaumwein	آب سیب؛ شربت سیب	apfelshaumvain
Zigarre	سیگار برگ	tsigarre
Zigarette	سیگار	tsigarette
Kino	سینما	kino
Kreis	دایره، دور چیزی کشیدن	krais
Schaltung	مدار	shaltunk
rund	حلقهای؛ مدور	rund
in Umlauf sein	گردش کردن	in umlauf sain
herumgehen	گردش کردن	herumgehen
Umlauf	گردش	umlauf
Zirkulation	گردش	tsirkulation
Zirkumzision	ختنه	tsirkumtsision
umsichtig	ملاحظه کار؛ مال اندیش	umsihtik
Sachverhalt	چگونگی	tsakhverhalt
Umstand	چگونگی	umstand
Zirkus	میدان؛ جولانگاه	tsirkus
Zitadelle	ارک؛ قلعه نظامی	tsitadelle
zitieren	اقتباس کردن؛ اتخاذ سند کردن	tsitiren
Bürger	شهروند	buerger
Nationalität	شهروندی	nationalitet
Staatsangehörigkeit	شهروندی	shtaatsangehoerigkait
Stadt	شهر	shtadt
Civic	مدنی	tsivik
bürgerlich	مدنی؛ غیرنظامی	buergerlih
zivil	غیرنظامی	tsivil
Zivilist	غیرنظامی	tsivilist
Zivilisation	تمدن	tsivilisation
zivilisiert	متمدن	tsivilisirt
Anspruch	طلب؛ ادعا	ansprukh
beanspruchen	طلب؛ ادعا	beansprukhen
Anspruchsteller	مدعی؛ مطالبه کننده	ansprukhsteller
klamm	بی حرارت؛ سرد ومرطوب	klamm
feuchtkalt	بی حرارت؛ سرد ومرطوب	foyhtkalt
Geschrei	سروصدا؛ غریو کشیدن	geshrai
Gezeter	سروصدا؛ غریو کشیدن	getseter
Klemme	گیره؛ سوزن بند	klemme
festklemmen	گیره؛ سوزن بند	festklemmen
Clan	طایفه؛ قبیله	klan
heimlich	غیرمشروع	haimlih
verborgen	غیرمشروع	verborgen
Schall	صدای شیپور	shall
Getöse	صدای شیپور	getoese
Klarifikation	تبیین	klarifikation
klären	روشن کردن	kleren
Clare	وضوح	klare
Clark	کلارک	klark
Wortgeplänkel	درگیری	vortgeplenkel
Zusammenstoß	درگیری	tsusammenstoss
greifen	سرچسب؛ جفت چپراست	graifen
Griff	سرچسب؛ جفت چپراست	griff
Klasse	کلاس	klasse
Klassik	کلاسیک	klassik
Klassifikation	طبقه‌بندی	klassifikation
klassifizieren	طبقه‌بندی کردن	klassifitsiren
Klassenraum	کلاس درس	klassenraum
Klappern	زغ زغ کردن	klappern
klappern	زغ زغ کردن	klappern
Klausel	ماده	klausel
Paragraph	ماده	paragraf
Kralle	پنجه؛ چنگ	kralle
Ton	گل؛ رس	ton
sauber	تمیز، تمیز کردن	sauber
saubermachen	تمیز، تمیز کردن	saubermakhen
Reinigung	زدایش؛ پاک سازی	rainigunk
Reinlichkeit	نظافت؛ پاکی	rainlihkait
reinigen	تطهیر کردن	rainigen
klar	روشن، واضح	klar
Räumung	مفاصا؛ برائت ذمه	roymunk
Freigabe	مفاصا؛ برائت ذمه	fraigabe
Spaltung	رخ؛ شکافتگی	shpaltunk
Hackmesser	ساطور؛ ساتور	hakmesser
Riss	شکاف دار	riss
Milde	اعتدال عناصر	milde
Klerus	روحانیون؛ مردروحانی	klerus
Pfarrer	روحانی؛ مجتهد	pfarrer
Kleriker	روحانی؛ مجتهد	kleriker
klerisch	دفتری	klerish
Büroangestellter	کارمند	bueroangestellter
klug	باهوش	kluk
Klick	تیک؛ صدای مختصر	klik
Klient	موکل؛ ارباب رجوع	klint
Kunde	موکل؛ ارباب رجوع	kunde
Klippe	صخره	klippe
Klima	آب و هوا	klima
Höhepunkt	اوج؛ منتها درجه	hoehepunkt
klettern	بالا رفتن	klettern
Umarmung	مشت کردن؛ قاطع ساختن	umarmunk
aneinanderhaften	چسبیدن	anainanderhaften
Expertengutachten	درمانگاه	ekspertengutakhten
Cline	بالینی	kline
schneiden	گیره، کلیپ	shnaiden
Ausschnitt	جمع در	ausshnitt
Abschneiden	جمع در	abshnaiden
Umhang	شنل؛ عبا	umhank
Uhr	ساعت دیواری	uhr
Wanduhr	ساعت دیواری	vanduhr
Kreuzgang	در صومعه گذاشتن	kroytsgank
schließen	بستن؛ نزدیک	shlissen
nah	بستن؛ نزدیک	nah
geschlossen	بسته	geshlossen
Schließen	نزدیکی؛ تقریب	shlissen
Wandschrank	قفسه؛ گنجه	vanyrank
Schließung	بسته شدن	shlissunk
zum Gerinnen bringen	لخته؛ علقه	tsum gerinnen bringen
Blutgerinnsel	لخته؛ علقه	blutgerinnsel
Stoff	پارچه	shtoff
Kleider	لباس‌ها	klaider
Bekleidung	پوشاک	beklaidunk
Wolke	ابر	volke
bewölkt	ابری؛ میغی	bevoelkt
Clown	دلقک؛ الدنگ	klovn
Klub	باشگاه	klub
Anhaltspunkt	مدرک؛ سر نخ	anhaltspunkt
Hinweis	مدرک؛ سر نخ	hinvais
Büschel	انبوه کردن؛ ضربه سنگین	bueshel
schwerfällig	ناشیانه؛ شلخته وار	shverfellik
ungeschickt	ناشیانه؛ شلخته وار	ungeshikt
Kupplung	چنگ	kupplunk
Reisebus	مربی	raisebus
Kutscher	کالسکهچی؛ درشکهچی	kukher
Koagulation	انعقاد؛ لختگی	koagulation
Kohle	زغال کردن؛ زغال سنگ	kohle
grob	درشت؛ زبر	grob
Küste	ساحل	kueste
Mantel	کت، پالتو	mantel
Beschichten	روکش؛ کپسول	beshihten
überreden	ریشخند کردن؛ چرب زبانی کردن	ueberreden
schmeicheln	ریشخند کردن؛ چرب زبانی کردن	shmaiheln
Überredung	ریشخند	ueberredunk
schmeichelnd	ریشخند	shmaihelnd
Schwanenmännchen	کاهگلی	shvanenmennhen
männlicher Schwan	کاهگلی	mennliher shvan
Schuster	پینه دوز	shuster
Schusterin	پینه دوز	shusterin
Kokain	کوکائین	kokain
Cocktail	کوکتل	koktail
Kakao	کاکائو	kakao
Kakaopulver	کاکائو	kakaopulver
necken	نوعی ماهی؛ کیسه کوچک	neken
hänseln	نوعی ماهی؛ کیسه کوچک	henseln
Kode	کد	kode
zwingen	ناگزیر کردن	tsvingen
Freiheitsdelikt	اجبار؛ عنف	fraihaitsdelikt
Koexist	همزیستی کردن	koeksist
Koexistenz	همزیستی؛ همزیگری	koeksistents
Kaffee	قهوه	kaffee
Sarg	تابوت	tsark
Überzeugungskraft	قدرت عقیده	uebertsoygungskraft
Kognition	ادراک	kognition
kognitiv	شناختی	kognitiv
koherent	منسجم	koherent
Spule	بوبین	shpule
Spirale	بوبین	shpirale
Münze	سکه؛ سکه زدن	muentse
münzen	سکه؛ سکه زدن	muentsen
Münzprägung	مسکوکات؛ ابداع واژه	muentspregunk
Prägen von Münzen	مسکوکات؛ ابداع واژه	pregen von muentsen
sich überschneiden	مصادف بودن	tsih uebershnaiden
Zusammentreffen von Umständen	تصادف	tsusammentreffen von umstenden
Zufall	تصادف	tsufall
kalt	سرد، سرما	kalt
Erkältung	سرد، سرما	erkeltunk
Kühle	برودت؛ سردی	kuehle
zusammenarbeiten	همکاری کردن	tsusammenarbaiten
Zusammenarbeit	همکاری	tsusammenarbait
Mitarbeit	همکاری	mitarbait
zusammenbrechen	هوار؛ فروریختگی	tsusammenbrehen
Kragen	یقه؛ طوق	kragen
Kollege	همکار	kollege
Arbeitskollege	همکار	arbaitskollege
sammeln	جمع آوری کردن	tsammeln
Sammlung	مجموعه؛ وصول	tsammlunk
kollektiv	جمعی	kollektiv
gemeinsam	جمعی	gemainsam
Sammler	گردآورنده	tsammler
Hochschule	کالج	hokhshule
kollegial	دانشکدهای	kollegial
Hochschul-	دانشکدهای	hokhshul-
zusammenstoßen	خوردن؛ برخورد کردن	tsusammenstossen
kollidieren	خوردن؛ برخورد کردن	kollidiren
Kollision	برخورد	kollision
Colon	دونقطه؛ نشان دونقطه	kolon
Oberst	سرهنگ	oberst
Coloni	استعماری	koloni
Kolonisation	استعمار	kolonisation
Kolonie	کلونی	koloni
Farbe	رنگ؛ فام	farbe
Colorado	کلرادو	kolorado
Coloured	رنگی؛ چرده	koloured
Färbung	ملون؛ تلوین	ferbunk
Farbgebung	ملون؛ تلوین	farbgebunk
farbig machen	رنگ	farbik makhen
Hengstfohlen	شخص ناآزموده؛ نوعی طپانچه	hengstfohlen
männliches Fohlen	شخص ناآزموده؛ نوعی طپانچه	mennlihes fohlen
Columbia	کلمبیا	kolumbia
Spalte	ستون	shpalte
Zeitungsspalte	ستون	tsaitungsspalte
Kolumnist	ستون‌نویس	kolumnist
Koma	اغماء؛ بیهشی	koma
Kamm	شانه؛ شانه کردن	kamm
kämmen	شانه؛ شانه کردن	kemmen
bekämpfen	مبارزه، مبارزه کردن	bekempfen
Kombattant	رزمنده	kombattant
Kombination	ترکیب؛ اختلاط	kombination
verbinden	آمیختن؛ ادغام	verbinden
kommen	آمدن	kommen
Komödie	کمدی	komoedi
Komet	ذوذنب؛ ستاره دنباله دار	komet
beruhigen	راحتی؛ آسایش	beruhigen
besänftigen	راحتی؛ آسایش	besenftigen
bequem	راحت	bekvem
Komma	ویرگول؛ واوک	komma
Befehl	فرمان؛ دستور دادن	befehl
Kommando	فرمان؛ دستور دادن	kommando
anfangen	آغاز کردن	anfangen
Empfehlen	سفارش؛ تقریظ	empfehlen
erklären	نظر، نظر دادن	erkleren
Kommentar	نظر، نظر دادن	kommentar
Beobachter	مفسر	beobakhter
Beobachterin	مفسر	beobakhterin
kaufmännisch	تجارتی	kaufmennish
Kommission	کمیسیون؛ کارمزد	kommission
Provision	کمیسیون؛ کارمزد	provision
Mitglied der Kommission	کمیسر	mitglid der kommission
widmen	مرتکب شدن؛ سر سپردن	vidmen
investieren	مرتکب شدن؛ سر سپردن	investiren
Verpflichtung	سرسپردگی	verpflihtunk
Ausschuss	کمیته؛ کمیسیون	ausshuss
Ware	کالا	vare
häufig	رایج، مشترک	hoyfik
Land	مشترک المنافع	land
Staat	مشترک المنافع	shtaat
Kommotion	جنجال؛ هیاهو	kommotion
Kommune	اشتراکی	kommune
mitteilen	ارتباط برقرار کردن	mittailen
Mitteilung	مکاتبه؛ ابلاغ	mittailunk
Nachrichtenverbindung	مکاتبه؛ ابلاغ	nakhrihtenverbindunk
Communio	صمیمیت وهمدلی	kommunio
Kommunismus	کمونیسم؛ مسلک اشتراکی	kommunismus
Kommunist	کمونیست	kommunist
Gemeinschaft	جامعه	gemainshaft
Allgemeinheit	جامعه	allgemainhait
kompakt	فشرده؛ فشرده کردن	kompakt
Gefährte	همدم	gefehrte
vergleichbar	قابل مقایسه	verglaihbar
vergleichsweise	مقایسه‌ای	verglaihsvaise
verhältnismäßig	مقایسه‌ای	verheltnismessik
vergleichen	مقایسه کردن	verglaihen
Vergleich	قیاس؛ مقایسه	verglaih
Kompartiment	کوپه	kompartiment
Kompass	حیطه؛ پرگار	kompass
Mitleid	شفقت	mitlaid
erbarmen	شفیق؛ دلسوز	erbarmen
vereinbar	سازگار	verainbar
verträglich	سازگار	vertreglih
Landsmann	هم وطن	landsmann
Landsmännin	هم وطن	landsmennin
nötigen	مجبور کردن	noetigen
zwingend	قانع‌کننده	tsvingend
fesselnd	قانع‌کننده	fesselnd
entschädigen	جبران کردن	enhedigen
kompensieren	جبران کردن	kompensiren
Ausgleichszahlung	جبران	ausglaihstsahlunk
Entschädigung	جبران	enhedigunk
ausgleichend	جبرانی	ausglaihend
im Wettbewerb stehen	رقابت کردن	im vettbeverb shtehen
Befähigung	صلاحیت	befehigunk
Befugnis	صلاحیت	befugnis
Kompetent	صالح	kompetent
zuständig	صالح	tsustendik
Konkurrenz	رقابت	konkurrents
wettbewerbsfähig	رقابتی؛ قابل رقابت	vettbeverbsfehik
Mitbewerber	رقیب؛ هم چشم	mitbeverber
Zusammenstellung	تدوین؛ همگردانی	tsusammenstellunk
Erfassung	تدوین؛ همگردانی	erfassunk
zusammenstellen	گردآوری کردن	tsusammenstellen
Selbstgefälligkeit	خود خوشنودی	tselbstgefelligkait
Selbstzufriedenheit	خود خوشنودی	tselbstsufridenhait
komplakent	خود خوشنود؛ عشرت طلب	komplakent
sich beklagen	شکایت کردن	tsih beklagen
Klage	گله؛ شکوه	klage
komplementär	مکمل؛ متممی	komplementer
ergänzend	مکمل؛ متممی	ergentsend
vollständig	کامل، تکمیل کردن	vollstendik
abschließen	کامل، تکمیل کردن	abshlissen
Vervollständigung	تکمیل	vervollstendigunk
Komplex	عقده؛ مجتمع	kompleks
Teint	بشره	taint
Gesichtsfarbe	بشره	gesihtsfarbe
Komplexität	پیچیدگی	kompleksitet
Einhaltung. Erfüllung	انطباق	ainhaltung. erfuellunk
kompliziert machen	مشکل کردن؛ بغرنج کردن	komplitsirt makhen
komplizieren	مشکل کردن؛ بغرنج کردن	komplitsiren
Komplikation	پیچیدگی	komplikation
kompliment	تعارف	kompliment
komplimentär	تعارفی؛ تعارف آمیز	komplimenter
Comps	تبعیت کردن	komps
Einzelteil	مولفه	aintseltail
Komponente	مولفه	komponente
zusammensetzen	ساختن	tsusammensetsen
komponieren	ساختن	komponiren
Komponist	آهنگساز	komponist
Komposition	ترکیب، قطعه موسیقی	komposition
kombinieren	ترکیب	kombiniren
wahrnehmen	درک نمودن	vahrnehmen
umfassen	درک نمودن	umfassen
komprehensibel	قابل درک	komprehensibel
Komprehension	درک؛ فهم	komprehension
komprehensiv	جامع	komprehensiv
umfassend	جامع	umfassend
komprimieren	کمپرس؛ متراکمکردن	komprimiren
Kompression	تراکم؛ فشردگی	kompression
beinhalten	شامل بودن	bainhalten
Kompromiss	مصالحه	kompromiss
Kompromiss schließen	مصالحه	kompromiss shlissen
berechnen	محاسبه کردن	berehnen
errechnen	محاسبه کردن	errehnen
Computer	کامپیوتر	komputer
Rechner	کامپیوتر	rehner
Konkav	مقعر	konkav
verheimlichen	پنهان کردن	verhaimlihen
verschweigen	پنهان کردن	vershvaigen
Verheimlichung	خفیه؛ نهفتگی	verhaimlihunk
Verschweigen	خفیه؛ نهفتگی	vershvaigen
einräumen	اعتراف کردن	ainroymen
zugestehen	اعتراف کردن	tsugestehen
Concetto	نخوت؛ خود بینی	kontsetto
konzeivabel	قابل تصور	kontsaivabel
konzeiv	تصور کردن	kontsaiv
konzentrieren	تغلیظ کردن	kontsentriren
Konzentrizität	هم مرکز؛ متحد المرکز	kontsentritsitet
Begriff	مفهوم	begriff
Konzeption	مفهوم	kontseption
begrifflich	ادراکی؛ تعقلی	begrifflih
konzeptionell	ادراکی؛ تعقلی	kontseptionell
betreffen	پروا؛ مربوط بودن	betreffen
Konzert	کنسرت	kontsert
Konzession	امتیاز	kontsession
Erlaubnis	امتیاز	erlaubnis
Schlichtung	استمالت	shlihtunk
schlichten	آشتی کننده؛ استمالت پذیر	shlihten
prägnant	لب گو؛ فشرده ومختصر	pregnant
folgern	منعقد کردن؛ استنتاج کردن	folgern
Schluß	عاقبت؛ خاتمه	shluss
Ergebnis	عاقبت؛ خاتمه	ergebnis
beweiskräftig	مسکت؛ اختتامی	bevaiskreftik
übereinstimmen	سازگاری؛ همدلی	ueberainstimmen
Wartehalle	محل اجتماع؛ محل ملاقات	vartehalle
Beton	بتن، واقعی	beton
zusammentreffen	دمساز شدن	tsusammentreffen
Konkussion	ضربت سخت	konkussion
verdammen	محکوم کردن	verdammen
Verdammen	محکومیت	verdammen
Kondensation	تراکم؛ تغلیظ	kondensation
kurz fassen	متراکم؛ غلیظ	kurts fassen
sich herablassen	تواضع کردن	tsih herablassen
herablassend	نوازش کننده	herablassend
Zustand	وضعیت	tsustand
Bedingung	وضعیت	bedingunk
konditional	مشروط؛ شرطی	konditional
Kondolenz	عزا؛ تعزیت	kondolents
Leitfähigkeit	رسانائی؛ قابلیت هدایت	laitfehigkait
Dirigent	هادی؛ رسانا	dirigent
Schaffner	هادی؛ رسانا	shaffner
Kegel	مخروط؛ میوه کاج	kegel
Konditor	شیرینی فروش؛ شکر ریز	konditor
Süßwarenhersteller	شیرینی فروش؛ شکر ریز	tsuessvarenhersteller
verschwörung	هم پیمانی	vershvoerunk
Verbündeter	موتلف	verbuendeter
verbündet	موتلف	verbuendet
Staatenbund	اتحادیه؛ هم پیمانی	shtaatenbund
übertragen	اعطا کردن، مشورت کردن	uebertragen
Besprechung	کنفرانس	besprehunk
gestehen	اعتراف کردن	gestehen
Konfession	اعتراف	konfession
Vertrauensperson	همراز؛ سرنگهدار	vertrauensperson
Vertrauen	اطمینان؛ اعتماد	vertrauen
zuversichtlich	دلگرم	tsuversihtlih
vertraulich	به‌طور محرمانه	vertraulih
Konfiguration	پیکربندی	konfiguration
beschränken	محبوس کردن	beshrenken
Beschränken	توقیف؛ زندان بودن	beshrenken
konfiszieren	ضبط کردن؛ مسدود کردن	konfistsiren
Beschlagnahme	ضبط	beshlagnahme
Feuersbrunst	آتش سوزی	foyersbrunst
Brand	آتش سوزی	brand
Konflikt	نبرد؛ تضاد	konflikt
Zusammenfluss	تلاقی؛ همریختنگاه	tsusammenfluss
konfluent	متلاقی؛ همریز	konfluent
gleichlauten	مطابق کردن؛ تطبیق کردن	glaihlauten
verwirrt	نفرین شده؛ لعنت شده	vervirrt
verdammt	نفرین شده؛ لعنت شده	verdammt
gegenüberstehen	روبرو شدن	gegenueberstehen
gegenüberstellen	روبرو شدن	gegenueberstellen
Gegenüberstellung	رویارویی	gegenueberstellunk
verwechseln	گیج کردن؛ مختل کردن	vervehseln
Verwechslung	سردرگمی	vervehslunk
geronnen	منجمد	geronnen
erstarrt	منجمد	erstarrt
passend	همخو؛ هم مشرب	passend
angeboren	ارثی؛ مادرزاد	angeboren
kongenital	ارثی؛ مادرزاد	kongenital
Stau	احتقان	shtau
gratulieren	تبریک گفتن	gratuliren
Glückwunsch	تهنیت؛ تبریک	gluekvunsh
Kongregation	جماعت	kongregation
Kongreß	کنگره؛ مجلس	kongress
Zusammenkunft	کنگره؛ مجلس	tsusammenkunft
Kongress-	کنگره‌ای	kongress-
Verbindung	تلاقی؛ مقارنت	verbindunk
heraufbeschwören	افسونکردن؛ جادو کردن	heraufbeshvoeren
zaubern	افسونکردن؛ جادو کردن	tsaubern
verbunden	متصل	verbunden
Connecticut	کانکتیکت	konnektikut
Anschluss	پیوند؛ اتصال	anshluss
stillschweigende Duldung	اغماض؛ غمض	shtillshvaigende duldunk
erobern	فتح کردن	erobern
Eroberer	غالب؛ فاتح	eroberer
Verführung	تسخیر	verfuehrunk
Gewissen	وجدان	gevissen
bewusst	بهوش؛ واقف	bevusst
Wehrpflicht	سربازگیری	vehrpfliht
konsekutiv	متوالی	konsekutiv
Konsens	اجماع	konsens
Einvernehmen	اجماع	ainvernehmen
Folge	موجب؛ عاقبت	folge
konsequent	نتیجه بخش؛ بر آیند	konsekvent
folgenschwer	پربرآیند؛ نتیجهای	folgenshver
daraus folgend	پربرآیند؛ نتیجهای	daraus folgend
folglich	در نتیجه	folglih
Konservation	حفاظت	konservation
konservativ	مرتجع؛ محافظه کار	konservativ
bewahren	حفاظت کردن	bevahren
konservieren	حفاظت کردن	konserviren
erwägen	در نظر گرفتن	ervegen
beträchtlich	قابل توجه	betrehtlih
wesentlich	به میزان قابل توجهی	vesentlih
rücksichtsvoll	محتاط؛ باملاحظه	rueksihtsvoll
Überlegung	توجه؛ ملاحظه	ueberlegunk
Konsist	یکپارچهبودن؛ تشکیل دادن	konsist
Konsistenz	درجه غلظت	konsistents
Bestand	درجه غلظت	bestand
Stetigkeit	سازگاری	shtetigkait
Folgerichtigkeit	سازگاری	folgerihtigkait
systematisch	به طور مداوم	systematish
Trost	دلداری	trost
Konsole	پیشانه؛ میزفرمان	konsole
konsolidieren	تحکیم کردن	konsolidiren
Integration	تحکیم؛ تشیید	integration
Konsonant	بیواکه؛ همخوان	konsonant
Konsortium	کنسرسیوم	konsortium
Verschwörung	توطئه	vershvoerunk
Konspiration	توطئه	konspiration
Konstanz	استواری؛ ثبات	konstants
konstant	ثابت؛ دایم	konstant
Konsternation	بهت وحیرت	konsternation
verstopft	یبس؛ مقوبض	verstopft
Obstipation	یبوست	obstipation
Wahlkreis	حوزه انتخابیه	vahlkrais
Wählerschaft	حوزه انتخابیه	vehlershaft
ausmachen	تشکیل دادن	ausmakhen
bezeichnen	تشکیل دادن	betsaihnen
Verfassung	قانون اساسی	verfassunk
Zwang	محدودیت	tsvank
Konstriktion	تنگی؛ تنگ شدگی	konstriktion
Errichtung	سازندگی؛ ساخت و ساز	errihtunk
Konstruktion	سازندگی؛ ساخت و ساز	konstruktion
konstruktiv	سازنده	konstruktiv
Konsul	کنسول	konsul
befragen	مشورت کردن	befragen
konsultieren	مشورت کردن	konsultiren
Berater	مشاور	berater
Beratung	مشاوره	beratunk
verbrauchen	مورد مصرف	verbrauhen
konsumieren	مورد مصرف	konsumiren
Verbraucher	مصرف کننده؛ مسرف کننده	verbrauher
Konsument	مصرف کننده؛ مسرف کننده	konsument
vollendet	بوصال رسیدن	vollendet
vollziehen	بوصال رسیدن	volltsihen
Verbrauch	مصرف	verbrauh
Konsum	مصرف	konsum
Kontakt	ارتباط؛ تماس	kontakt
Ansteckung	واگیر؛ هم گیری	anstekunk
kontagiös	مسری؛ واگیردار	kontagioes
Ansteckungsfähigkeit	واگیری	anstekungsfehigkait
enthalten	حاوی بودن	entalten
verunreinigt	فاسد؛ آلوده	verunrainigt
kontaminiert	فاسد؛ آلوده	kontaminirt
Kontamination	آلودگی؛ آلایش	kontamination
überlegen	تامل کردن	ueberlegen
Kontemplation	غور	kontemplation
kontemplativ	معقول؛ تفکری	kontemplativ
kontemporär	همزمان؛ معاصر	kontemporer
Missachtung	تحقیر	missakhtunk
verachten	تحقیر	verakhten
kontemptuös	قابل تحقیر	kontemptuoes
streiten	رقابت کردن	shtraiten
Streiter	رقیب	shtraiter
zufrieden	راضی	tsufriden
Zufriedenheit	خرسندی	tsufridenhait
anfechten	مسابقه؛ منازعه کردن	anfehten
bestreiten	مسابقه؛ منازعه کردن	bestraiten
ConTeXt	زمینه	kontekst
Kontext	زمینه	kontekst
Kontinent	قاره	kontinent
Continental	بری؛ اقلیمی	kontinental
sich dauernd wiederholend	مدام؛ مداوم	tsih dauernd viderholend
Fortdauer	ادامه؛ دنباله	fortdauer
Fortsetzung	ادامه؛ دنباله	fortsetsunk
fortsetzen	ادامه دادن	fortsetsen
Kontinuität	پیوستگی؛ تسلسل	kontinuitet
fortlaufend	پیاپی؛ لاینقطع	fortlaufend
ununterbrochen	پیاپی؛ لاینقطع	ununterbrokhen
Höhenlinie	حدفاصل؛ محیط مرئی	hoehenlini
Kontrabande	اجناس قاچاق	kontrabande
einen Vertrag schließen	پیمان؛ مقاطعه	ainen vertrak shlissen
Vertrag	پیمان؛ مقاطعه	vertrak
Schrumpfung	گرفتگی؛ انقباض	shrumpfunk
Kontraktor	پیمانکار	kontraktor
Unternehmer	پیمانکار	unternehmer
vertraglich	پیمانی؛ عهدی	vertraglih
widersprechen	تناقض داشتن؛ خلاف گفتن	vidersprehen
Kontradiktion	تناقض	kontradiktion
entgegengesetzt	برعکس	entgegengesetst
Gegenteil	برعکس	gegentail
Gegensatz	تباین؛ مباینت	gegensats
beitragen	هم بخشی کردن؛ همکاری و کمک کردن	baitragen
Beitrag	کمک؛ اعانه	baitrak
Beitragszahler	مشارکت‌کننده	baitragstsahler
Apparat	تمهید	apparat
Gadget	تمهید	gadget
Kontrolle	کنترل، کنترل کردن	kontrolle
kontrollieren	کنترل، کنترل کردن	kontrolliren
Kontrolleur	ممیز؛ بازبین	kontrolloyr
strittig	بحث‌برانگیز	shtrittik
konvaleskent	بهگرا	konvaleskent
zusammenkommen	هم آیش کردن؛ دورهم جمع شدن	tsusammenkommen
sich versammeln	هم آیش کردن؛ دورهم جمع شدن	tsih versammeln
Annehmlichkeit	راحتی	annehmlihkait
geeignet	بی دغدغه	geaignet
Konvent	دیر؛ صومعه	konvent
Abkommen	کنوانسیون	abkommen
konventionell	متعارف	konventionell
konvergieren	متقارب شدن؛ همگرا بودن	konvergiren
Unterhaltung	مکالمه	unterhaltunk
reden	محاوره کردن	reden
Converse	بالعکس	konverse
Umwandlung	تبدیل	umvandlunk
Umrechnung	تبدیل	umrehnunk
konvertieren	نقد کردن	konvertiren
umwandeln	نقد کردن	umvandeln
konvertierbar	قابل تسعیر	konvertirbar
umwandelbar	قابل تسعیر	umvandelbar
Konvex	محدب؛ محذب	konveks
abtreten	منتقل کردن	abtreten
befördern	منتقل کردن	befoerdern
Gefangener	محکوم کردن	gefangener
Überzeugung	محکومیت	uebertsoygunk
überzeugen	متقاعد کردن؛ قانع کردن	uebertsoygen
Konvolut	بهم تابیده	konvolut
Geleitzug	کاروان	gelaitsuk
Konvulsion	تشنج؛ اختلاج	konvulsion
konvulsiv	متشنج؛ تشنجی	konvulsiv
Koch	آشپز؛ آشپزی کردن	kokh
Köchin	آشپز؛ آشپزی کردن	koehin
Kochen	آشپزی	kokhen
kühlen	خنک، باحال	kuehlen
Abkühlung	خنک کننده؛ خنک سازی	abkuehlunk
Abkühlen	خنکی؛ خون سردی	abkuehlen
kooperieren	همکاری کردن	kooperiren
genossenschaftlich	تعاونی	genossenshaftlih
Genossenschaft	تعاونی	genossenshaft
koordinieren	هماهنگ کردن	koordiniren
Koordinierung	هماهنگی	koordinirunk
Koordinator	هماهنگ‌کننده	koordinator
festnehmen	پلیس	festnehmen
Pluviale	کنار آمدن	pluviale
Kupfer	مس	kupfer
abschreiben	کپی، کپی کردن	abshraiben
Abschrift	کپی، کپی کردن	abshrift
Urheberrecht	حق چاپ	urheberreht
Koralle	مرجان؛ بسد	koralle
Strick	طناب؛ سیم	shtrik
herzlich	قلبی؛ مقوی	hertslih
Substanz	سلف	tsubstants
Korken	سربطری؛ چوب پنبه	korken
Kork	سربطری؛ چوب پنبه	kork
Korn	ذرت؛ غله	korn
Mais	ذرت؛ غله	mais
Ecke	گوشه	eke
Korollar	نتیجه فرعی	korollar
Coron	اکیلی	koron
Coroner	پزشک قانونی	koroner
Rangkrone	نیم تاج	rangkrone
Korporal	جسمی؛ سرجوخه	korporal
soviel wie AG	شرکت	tsovil vi ak
GmbH	شرکت	gmbh
Korps	سپاه	korps
Kadaver	لاشه؛ مردار	kadaver
richtig	صحیح، اصلاح کردن	rihtik
verbessern	صحیح، اصلاح کردن	verbessern
Korrektur	اصلاح	korrektur
in richtiger Weise	به درستی	in rihtiger vaise
korrelieren	همبستگی داشتن	korreliren
Gegenstück	همبستگی داشتن	gegenstuek
Korrelation	همبستگی	korrelation
Wechselbeziehung	همبستگی	vehselbetsihunk
korrespondieren	مطابقت داشتن	korrespondiren
entsprechen	مطابقت داشتن	entsprehen
Briefverkehr	مکاتبات	brifverkehr
Korrespondenz	مکاتبات	korrespondents
Korrespondent	خبرنگار	korrespondent
Korridor	راهرو	korridor
Corros	خورنده؛ اکال	korros
bestechlich	فاسد	bestehlih
verdorben	فاسد	verdorben
Korruption	فساد	korruption
Korsett	شکم بند	korsett
Kosak	قزاق	kosak
Kosten	هزینه، هزینه داشتن	kosten
kosten	هزینه، هزینه داشتن	kosten
Koster	سبزی فروش	koster
kostspielig	پرهزینه	kostspilik
kostümieren	جامه؛ لباس محلی	kostuemiren
Kostüm	جامه؛ لباس محلی	kostuem
gemütlich	گرم ونرم	gemuetlih
teewärmer	گرم ونرم	teevermer
Häuschen	کلبه	hoyshen
Hütte	کلبه	huette
Baumwolle	پنبه؛ کتانی	baumvolle
Sofa	مبل	tsofa
Couch	مبل	koukh
husten	سرفه؛ سرفه کردن	husten
könnte	می‌توانست (فعل کمکی)	koennte
könnten	می‌توانست (فعل کمکی)	koennten
Ratsherr	عضو شورا	ratsherr
Counsell	مشاوره	kounsell
Rechtsanwältin	مشاور	rehtsanveltin
zählen	شمردن	tsehlen
lassen	لقا	lassen
Bankschalter	مقابله کردن (با استدلال)؛ پیشخوان	bankshalter
Schalter	مقابله کردن (با استدلال)؛ پیشخوان	shalter
unterminieren	خنثی کردن؛ خنثی نمودن	unterminiren
sabotieren	خنثی کردن؛ خنثی نمودن	tsabotiren
Gegenangriff	حمله متقابل کردن	gegenangriff
Gräfin	کنتس؛ همسر کنت	grefin
Landschaft	ییلاقات؛ بیرون شهر	lanyaft
ländliche Gegend	ییلاقات؛ بیرون شهر	lendlihe gegend
Coup	کودتا	koup
Putsch	کودتا	pukh
Ehepaar	زوج، چند	ehepaar
Gutschein	کوپن	gukhain
mutig	دلاور؛ شجاع	mutik
Eilbote	پیک؛ حملهدار	ailbote
Kurs	دوره، البته	kurs
Gericht	دادگاه؛ دربار	geriht
Hof	دادگاه؛ دربار	hof
kourteös	مبادی آداب	kourteoes
Höflichkeit	ادب	hoeflihkait
Gerichtsgebäude	کاخ دادگستری	gerihtsgeboyde
Balz	نظر بازی	balts
Cousine	پسرعمو/عمه/دایی/خاله، دخترعمو/عمه/دایی/خاله	kousine
Vetter	پسرعمو/عمه/دایی/خاله، دخترعمو/عمه/دایی/خاله	vetter
Zusage	میثاق بستن	tsusage
Pakt	میثاق بستن	pakt
Decke	پوشاندن، پوشش	deke
Einband	پوشاندن، پوشش	ainband
Anwendungsbereich	پوشش	anvendungsberaih
Rahmen	پوشش	rahmen
verdeckt	پوشپر	verdekt
Kuh	گاو	kuh
Feigling	ترسو؛ ضعیفالنفس	faiglink
Feigheit	بیدلی؛ نامردی	faighait
in feiger Weise	بی حمیت	in faiger vaise
Cowboy	گاوچران	kovboy
Kuhhirte	گاوچران	kuhhirte
Krabben	خرچنگ	krabben
Wiege	گهواره؛ مهد	vige
Fahrzeug	ساختن؛ مهارت، صنایع دستی	fahrtsoyk
Schiff	ساختن؛ مهارت، صنایع دستی	shiff
Facharbeiter	صنعت گر؛ پیشه ور	fakharbaiter
Handwerker	صنعت گر؛ پیشه ور	handverker
handwerkliches Können	صنعت گری	handverklihes koennen
gerissen	موذی؛ هفت خط	gerissen
schlau	موذی؛ هفت خط	shlau
Krampf	چنگوک؛ چنگه	krampf
Kran	کلنگ؛ جرثقیل	kran
kranial	جمجمه ای	kranial
Kurbel	محوردار؛ میل لنگ	kurbel
abstürzen	سقوط؛ برخورد کردن	abstuertsen
Lattenverschlag	صندوقه؛ درجعبه گذاردن	lattenvershlak
Krater	دهانه آتش فشان	krater
kriechen	خزیدن	krihen
krabbeln	خزیدن	krabbeln
verrückt	دیوانه	verruekt
Knarren	غژغژ کردن	knarren
Quietschen	غژغژ کردن	kvihen
Creme	خامه، کرم	kreme
Hautcreme	خامه، کرم	hautkreme
zerknittern	تاه؛ تاه کردن	tserknittern
Falte	تاه؛ تاه کردن	falte
erschaffen	خلق کردن	ershaffen
erstellen	خلق کردن	erstellen
Kreation	ایجاد؛ خلق	kreation
Schöpfung	ایجاد؛ خلق	shoepfunk
kreativ	خلاق	kreativ
Kreativität	خلاقیت	kreativitet
Schöpfer	خالق	shoepfer
Herr	خالق	herr
Geschöpf	خلق؛ موجود	geshoepf
Glaubwürdigkeit	اعتبار	glaubvuerdigkait
kredibel	معتبر	kredibel
Kredit	اعتبار	kredit
Gläubiger	بستانکار؛ وامخواه	gloybiger
Glaubensbekenntnis	کیش	glaubensbekenntnis
Mondsichel	هلال؛ هلالی	mondsihel
Mannschaft	خدمه	mannshaft
Krippe	گهواره؛ دزدی ادبی	krippe
Cricket	جیر جیرک	kriket
Kricket	جیر جیرک	kriket
Verbrechen	جرم	verbrehen
Verbrecher	جنایتکار	verbreher
verbrecherisch	جنایتکار	verbreherish
purpurn	جگری؛ لاکی	purpurn
purpurrot	جگری؛ لاکی	purpurrot
Zurückschrecken	چندک زدن	tsuruekshreken
Krüppel	عاجز؛ زمین گیر	krueppel
verkrüppeln	عاجز؛ زمین گیر	verkrueppeln
Krise	بحران	krise
Kriterium	معیار	kriterium
Kritiker	منقد؛ نقدگر	kritiker
kritisch	وخیم؛ بحرانی	kritish
Kritik	انتقاد؛ نکوهش	kritik
abwägen	انتقاد کردن؛ نکوهش کردن	abvegen
Rezension	نقد	retsension
Geschirr	بدل چینی؛ ظروف گلی	geshirr
Crook	کج؛ ناراست	krook
Ernte	محصول؛ محصود	ernte
Kreuz	صلیب، عبور کردن	kroyts
überqueren	صلیب، عبور کردن	ueberkveren
Kreuzung	چهار راه	kroytsunk
Scheideweg	چهار راه	shaidevek
mürrisch	قلاب دار	muerrish
schrullig	قلاب دار	shrullik
kauernd	دولا دولا	kauernd
Pseudokrupp	خناق	psoydokrupp
jauchzen	غراب؛ بانگ خروس	yauhtsen
Krähe	غراب؛ بانگ خروس	krehe
Menschenmenge	جمعیت	menshenmenge
überfüllt	شلوغ	ueberfuellt
Krone	تاج	krone
entscheidend	حیاتی	enhaidend
kreuzigen	مصلوب کردن؛ چارمیخ کردن	kroytsigen
unanständig	خام	unanstendik
grausam	ستمگر؛ ظالم	grausam
Grausamkeit	بیداد؛ ظلم	grausamkait
Törn	سفر دریایی	toern
Kreuzfahrt	سفر دریایی	kroytsfahrt
zerknittert	مچاله	tserknittert
Kreuzzug	غزا؛ جنگ مذهبی	kroytstsuk
ausdrücken	خرد کردن	ausdrueken
Flegelei	پوست؛ پوسته	flegelai
Frechheit	پوست؛ پوسته	frehhait
Unterarmgehstütze	زیربغل راه رفتن؛ چوب زیر بغل	unterarmgehstuetse
Schrei	گریه کردن	shrai
weinen	گریه کردن	vainen
Kristall	بلور	kristall
kristallisiert	متبلور	kristallisirt
Junges	شبل	yunges
Welpe	شبل	velpe
Kuba	کوبا	kuba
kubanisch	کوبایی	kubanish
Kubaner	کوبایی	kubaner
Kubik	مکعبی	kubik
Gurke	خیار؛ بالنک	gurke
Queue	نشانه	kvoye
Billardstock	نشانه	billardstok
gipfelnd	منتهی	gipfelnd
abschließend	منتهی	abshlissend
Kulmination	اوج	kulmination
Kult	فرقه	kult
pflegen	کشت کردن	pflegen
Anbau	زرع؛ تهذیب	anbau
Landbau	زرع؛ تهذیب	landbau
Kultur	فرهنگی	kultur
Keilschrift	خط میخی	kailshrift
Tasse	فنجان	tasse
Geschirrschrank	کمد	geshirrshrank
Kurat	علاج بخش؛ شفا بخش	kurat
Bordstein	جدول؛ طوقه	bordstain
heilen	چاره؛ درمان	hailen
kurieren	چاره؛ درمان	kuriren
Neugier	کنجکاوی	noygir
neugierig	کنجکاو	noygirik
Locke	فر؛ مرغول	loke
Cur	فرفری	kur
Währung	ارز	vehrunk
aktuell	جاری؛ رایج	aktuell
Strom	جاری؛ رایج	shtrom
Lehrplan	برنامه درسی	lehrplan
Fluch	نفرین؛ لعنت	flukh
verfluchen	نفرین؛ لعنت	verflukhen
beschneiden	کوتاه کردن؛ مختصر نمودن	beshnaiden
Vorhang	پرده؛ حجاب	vorhank
Krümmung	خمیدگی	kruemmunk
Kissen	چنبره؛ مخده	kissen
Übergang	نوک هلال؛ غره برج	uebergank
Vermögensverwahrer	متولی؛ سرایدار	vermoegensvervahrer
Gewahrsam	حضانت	gevahrsam
Brauch	رسم؛ عادت	brauh
üblich	مرسوم؛ عادتی	ueblih
niedlich	بامزه	nidlih
Zerteilen	برش	tsertailen
Zyanid	سیانور	tsyanid
Zyklus	دوچرخه سواری، چرخه	tsyklus
Zylinder	سیلندر؛ استوانه	tsylinder
zilindrisch	لولهای؛ استوانهای	tsilindrish
zinisch	بدبین	tsinish
Zyste	پیشاب دانی	tsyste
Zar	تزار	tsar
tschechisch	زبان چکوسلواکی	hehish
tschechoslowakisch	زبان چکوسلواکی	hehoslovakish
Vati	بابا	vati
Papa	بابا	papa
Dolch	خنجر؛ دشنه	dolh
täglich	روزانه	teglih
zierlich	لذیذ	tsirlih
Delikatesse	لذیذ	delikatesse
Molkerei	لبنیات	molkerai
Talsperre	سد	talsperre
beschädigen	زیان؛ غرامت	beshedigen
Schaden	زیان؛ غرامت	shaden
Damast	گلدار کردن	damast
verflucht	اف؛ نفرین کردن	verflukht
anfeuchten	نمناک؛ نمدار	anfoyhten
feucht	نمناک؛ نمدار	foyht
Anfeuchten	رطوبت؛ نمناکی	anfoyhten
Tanz	رقص، رقصیدن	tants
tanzen	رقص، رقصیدن	tantsen
Tanzen	رقص	tantsen
Beau	خوش تیپ؛ شیک پوش	beau
Dandy	خوش تیپ؛ شیک پوش	dandy
Gefahr	خطر	gefahr
gefährlich	خطرناک	gefehrlih
baumelnd	آویز شده	baumelnd
Dänisch	دانمارکی	denish
wagen	جرئت کردن	vagen
dunkel	تاریک؛ تاریکی	dunkel
Dunkelheit	تاریکی	dunkelhait
Dart	مزراق	dart
Armaturenbrett	داشبورد	armaturenbrett
Gedankenstrich	زنده دل	gedankenstrih
Daten	داده‌ها	daten
Zahlen	داده‌ها	tsahlen
Datenbank	پایگاه داده	datenbank
datieren	تاریخ، قرار ملاقات	datiren
Datum	تاریخ، قرار ملاقات	datum
Tochter	دختر	tokhter
Davis	دیویس	davis
Dämmerung	طلوع	demmerunk
Morgendämmerung	طلوع	morgendemmerunk
Tag	روز	tak
Lichter Tag	روز؛ نهارخوری	lihter tak
Diakon	شماس	diakon
tot	مرده	tot
Tote	مرده	tote
letzter Termin	مهلت	letster termin
tödlich	کشنده	toedlih
schwerhörig	ناشنوا؛ اصم	shverhoerik
taub	ناشنوا؛ اصم	taub
umgehen mit	معامله، سر و کار داشتن	umgehen mit
Händler	فروشنده	hendler
Dean	شیخ السفرا	dean
Tod	مرگ	tod
Totenbett	بستر مرگ	totenbett
debattieren	بحث؛ جدال	debattiren
erörtern	بحث؛ جدال	eroertern
Orgie	فسق؛ الواطی	orgi
Trümmer	آوار	truemmer
Schutt	آوار	shutt
Schuld	دین؛ بدهکاری	shuld
Schuldner	مدیون؛ بدهکار	shuldner
erstes Auftreten	اولین حضور	erstes auftreten
Jahrzehnt	دهه	yahrtsehnt
Dekadenz	تنزل؛ آغاز ویرانی	dekadents
Verfall	فساد؛ فاسدکردن	verfall
verrotten	فساد؛ فاسدکردن	verrotten
verstorben	مرده؛ مرحوم	verstorben
Täuschung	فریب؛ گول	toyshunk
hinterlistig	جلب؛ عیار	hinterlistik
täuschend	جلب؛ عیار	toyshend
Dezember	دسامبر	detsember
Schicklichkeit	نجابت	shiklihkait
Anstand	نجابت	anstand
schicklich	نجیب؛ باحیاء	shiklih
anständig	نجیب؛ باحیاء	anstendik
betrügerisch	فریبنده؛ فریبا	betruegerish
entscheiden	تصمیم گرفتن	enhaiden
beschließen	تصمیم گرفتن	beshlissen
Entscheidung	تصمیم	enhaidunk
Deck	عرشه	dek
Deklarierung	اعلامیه	deklarirunk
Erklärung	اعلامیه	erklerunk
deklarieren	اظهارکردن؛ اعلان کردن	deklariren
ablehnen	کاهش؛ تنزل	ablehnen
abnehmen	کاهش؛ تنزل	abnehmen
Verwesung	تجزیه	vervesunk
zieren	آراستن؛ پیراستن	tsiren
Ausschmückung	آرایش؛ تراز	ausshmuekunk
dekorös	زینت دار	dekoroes
Abnahme	نقص؛ تنزل	abnahme
Dekret	وضع کردن؛ تصویب نامه	dekret
weihen	وفق کردن؛ اهداء کردن	vaihen
Widmung	فداکاری	vidmunk
geschlussfolgert	استدلال کردن	geshlussfolgert
abzugsfähig	مالیات پذیر	abtsugsfehik
Abzug	کاهش؛ استنتاج	abtsuk
abziehen	استدلالی	abtsihen
Tat	عمل	tat
erachten	در نظر گرفتن	erakhten
vergrößern	گود کردن؛ تعمیق کردن	vergroessern
aushölen	گود کردن؛ تعمیق کردن	aushoelen
zutiefst	عمیقا	tsutifst
Rotwild	آهو؛ گوزن	rotvild
verleumden	بدنام کردن؛ هتاکی کردن	verloymden
Nichterfüllung	پیش‌فرض	nihterfuellunk
Versäumnis	پیش‌فرض	versoymnis
besiegen	شکست؛ هزیمت	besigen
Niederlage	شکست؛ هزیمت	niderlage
Defekt	نقص	defekt
Mangel	نقص	mangel
Überläufer	ارتداد	ueberloyfer
fehlerhaft	ناقص؛ معیوب	fehlerhaft
mangelhaft	ناقص؛ معیوب	mangelhaft
Verteidigung	مدافعه	vertaidigunk
verteidigen	دفاع کردن؛ مدافعه کردن	vertaidigen
Beklagter	دادخوانده؛ مدعی علیه	beklagter
Wächter	مدافع	vehter
Wache	مدافع	vakhe
aufgeschoben	دیر فرست	aufgeshoben
verzögert	دیر فرست	vertsoegert
trotzig	مبارز	trotsik
herausfordernd	مبارز	herausfordernd
Defizit	کمبود	defitsit
Unzulänglichkeit	کمبود	untsulenglihkait
defizient	ناقص؛ ناکارآ	defitsint
Fehlbetrag	کسری	fehlbetrak
definieren	معنی کردن	definiren
bestimmt	موکد	bestimmt
Scharfzeichnung	تعریف	sharftsaihnunk
Konturentreue	تعریف	konturentroye
Ablenkung	عوج	ablenkunk
verunstalten	ناقصالخلقه؛ بدهیکل	verunstalten
entstellen	ناقصالخلقه؛ بدهیکل	entstellen
Deformität	دشدیسگی؛ دشدیدگی	deformitet
trotzen	نافرمانی کردن	trotsen
nachlassen	ناخلف	nakhlassen
Entartung	فساد؛ انحطاط	entartunk
Degradation	تنزل	degradation
erniedrigt	منحط	ernidrigt
abgebaut	منحط	abgebaut
Grad	درجه	grad
entwässern	وابشت کردن؛ بیآب کردن	entvessern
dehydrieren	وابشت کردن؛ بیآب کردن	dehydriren
mutlos	افسرده؛ پژمرده	mutlos
niedergeschlagen	افسرده؛ پژمرده	nidergeshlagen
verschieben	تاخیر؛ درنگ	vershiben
verzögern	تاخیر؛ درنگ	vertsoegern
delegieren	نماینده	delegiren
Delegation	هیئت	delegation
Übertragung einer Vollmacht	هیئت	uebertragunk ainer vollmakht
löschen	حذف کردن	loeshen
streichen	حذف کردن	shtraihen
Delhi	دهلی	delhi
absichtlich	تعمدا	absihtlih
mit Absicht	تعمدا	mit absiht
Langsamkeit	شور؛ تامل	langsamkait
Trägheit	شور؛ تامل	treghait
zart	ظریف	tsart
empfindlich	ظریف	empfindlih
auf zarte Weise	ظریفانه	auf tsarte vaise
deliziös	خوشمزه	delitsioes
Entzücken	میل؛ حظ	entsueken
entzückend	دلپذیر؛ طیب	entsuekend
delirierend	هذیانی؛ سرسامی	delirirend
außer sich	هذیانی؛ سرسامی	ausser tsih
Delirium	هذیان؛ سرسام	delirium
Fieberphantasie	هذیان؛ سرسام	fiberfantasi
anliefern	رساندن؛ ایراد کردن	anlifern
Beim Sterben ist jeder der Erste	رهیی	baim shterben ist yeder der erste
Anlieferung	زه؛ تحویل	anliferunk
getäuscht	غره	getoysht
überschwemmen	طوفان ایجاد کردن	uebershvemmen
überfluten	طوفان ایجاد کردن	ueberfluten
Wahn	فریفتگی؛ کوراب	vahn
erfordern	طلب؛ تقاضا	erfordern
fordern	طلب؛ تقاضا	fordern
erniedrigen	رفتار کردن	ernidrigen
Demokratie	دموکراسی	demokrati
Demokrat	دمکرات؛ دمکراتی	demokrat
abgerissen	ویران	abgerissen
zerstört	ویران	tserstoert
Dämon	دیو	demon
demonstrabel	اثباتی	demonstrabel
beweisen	راهپیمایی کردن؛ تظاهرات کردن	bevaisen
vorzeigen	راهپیمایی کردن؛ تظاهرات کردن	vortsaigen
Darlegung	تظاهرات، نمایش	darlegunk
Vorführung	تظاهرات، نمایش	vorfuehrunk
Vorführer	حالیکننده؛ نشان دهنده	vorfuehrer
Versteck	لانه؛ آشیانه	verstek
Verleugnung	انکار	verloygnunk
Nennwert	تسمیه؛ طبقه بندی	nennvert
bedeuten	علامت بودن؛ علامت گذاردن	bedoyten
Ausgang	نتیجه عمل؛ پایان نمایش	ausgank
aufkündigen	محکوم کردن	aufkuendigen
blöd	متراکم	bloed
blöde	متراکم	bloede
Dichte	تراکم	dihte
Dent	دندانی	dent
Zahnarzt	دندانپزشک	tsahnartst
Dentition	دندان بندی؛ ساختمان دندانها	dentition
entblößt	محروم	entbloesst
abgeholzt	محروم	abgeholtst
leugnen	نفی کردن؛ تکذیب کردن	loygnen
Deodorant	بوزدا	deodorant
abreisen	حرکت کردن	abraisen
Abteilung	دپارتمان	abtailunk
Abreise	عزیمت؛ هجرت	abraise
abhängen	بستگی داشتن	abhengen
Abhängigkeit	وابستگی	abhengigkait
beschreiben	به تصویر کشیدن	beshraiben
fotographieren	به تصویر کشیدن	fotografiren
deplorabel	زار	deplorabel
einsetzen	مستقر کردن	ainsetsen
entfalten	مستقر کردن	entfalten
Auslieferung	استقرار	ausliferunk
absetzen	خلع کردن؛ عزل کردن	absetsen
deponieren	خلع کردن؛ عزل کردن	deponiren
Einlage	رسوب، واریز کردن؛ ودیعه	ainlage
einlegen	رسوب، واریز کردن؛ ودیعه	ainlegen
Abscheidung	خلع؛ عزل	abshaidunk
Lagerhalle	بازخانه؛ انبارگاه	lagerhalle
Güterbahnhof	بازخانه؛ انبارگاه	gueterbahnhof
mißbilligen	قبیح دانستن	missbilligen
Abschreibung	ناچیز شماری	abshraibunk
Abwertung	ناچیز شماری	abvertunk
herabdrücken	افسردن؛ دلسرد شدن	herabdrueken
niederdrücken	افسردن؛ دلسرد شدن	niderdrueken
Baisse	افسردگی، رکود	baisse
Wirtschaftskrise	افسردگی، رکود	virhaftskrise
Berauben	محرومیت؛ انعزال	berauben
berauben	محروم کردن	berauben
entziehen	محروم کردن	entsihen
Tiefe	عمق؛ ژرف	tife
Stellvertreter	معاون	shtellvertreter
Stellvertreterin	معاون	shtellvertreterin
verlachen	بکسی خندیدن	verlakhen
Derision	سخریه؛ سخره	derision
derivativ	فرعی؛ مشتق	derivativ
Der	مشتق شدن	der
dermal	پوستی؛ جلدی	dermal
Haut-	پوستی؛ جلدی	haut-
absteigen	پایین آمدن	abstaigen
Nachkommen	اعقاب	nakhkommen
Abstieg	نزول	abstik
Beschreibung	توصیف	beshraibunk
beschreibend	وصفی؛ تعریفی	beshraibend
Profanierung	هتک حرمت	profanirunk
Wüste	بیابان	vueste
verdienen	سزیدن؛ لایق کردن	verdinen
Entwurf	طراحی، طراحی کردن	entvurf
Gestaltung	طراحی، طراحی کردن	gestaltunk
anzeigen	تعیین کردن	antsaigen
Gestalter	طراح	gestalter
Desirabilität	مطلوبیت؛ دلخواهی	desirabilitet
verlangen	مطلوب	verlangen
wünschen	مطلوب	vuenshen
Schreibtisch	میز تحریر	shraibtish
Benutzeroberfläche	رومیزی (کامپیوتر)	benutseroberflehe
Arbeitsoberfläche	رومیزی (کامپیوتر)	arbaitsoberflehe
einsam	بی جمعیت	ainsam
verwüsten	بی جمعیت	vervuesten
Desolation	خراب	desolation
verzweifeln	ناامید؛ یاس	vertsvaifeln
Verzweiflung	ناامید؛ یاس	vertsvaiflunk
verzweifelt	نومید؛ ناامید	vertsvaifelt
despikabel	شنیع؛ نکوهش پذیر	despikabel
verschmähen	تحقیر کردن؛ حقیر شمردن	vershmehen
Verachtung	علارغم؛ باوجوداین	verakhtunk
Geringschätzung	علارغم؛ باوجوداین	geringshetsunk
Mutlosigkeit	یاس؛ تنگ دلی	mutlosigkait
Despot	جابر؛ سلطان مستبد	despot
Nachspeise	دسر؛ دندان مز	nakhspaise
Dessert	دسر؛ دندان مز	dessert
Bestimmung	مقصد	bestimmunk
Verbleib	مقصد	verblaib
bedürftig	لات	beduerftik
Destitution	لاتی؛ بی چیزی	destitution
zerstören	نابود کردن	tserstoeren
Zerstörung	تخریب	tserstoerunk
zerstörerisch	مخرب	tserstoererish
abtrennen	منفصل کردن	abtrennen
loslösen	منفصل کردن	losloesen
Abtrennen	عده	abtrennen
Einzelheit	جزئیات	aintselhait
zurückhalten	بازداشت کردن	tsuruekhalten
aufhalten	بازداشت کردن	aufhalten
Entdeckung	کشف	entdekunk
entdecken	کارآگاه	entdeken
Detektor	ردیاب؛ آشکارگر	detektor
Sensor	ردیاب؛ آشکارگر	tsensor
Aufenthalt	بازداشت	aufentalt
Verzögerung	بازداشت	vertsoegerunk
Det	تحذیر کردن	det
verschlechtern	بدتر شدن	vershlehtern
Entschlossenheit	عزم راسخ	enhlossenhait
sich entschließen	معین کردن؛ مشخص کردن	tsih enhlissen
entthronen	از مقام انداختن	enttronen
detonieren	ترکانیدن	detoniren
zünden	ترکانیدن	tsuenden
Umleitung	انحراف؛ خط فرعی	umlaitunk
Nachteil	ضرر	nakhtail
schädlich	درد ناک	shedlih
Teufel	دولو؛ دوخال	toyfel
Zwei	دولو؛ دوخال	tsvai
entwickeln	توسعه دادن	entvikeln
Entwicklung	توسعه؛ رشد	entviklunk
abweichen	عدول کردن؛ منحرف شدن	abvaihen
teuflisch	شیطانی؛ اهریمنی	toyflish
ersinnen	ابداع کردن	ersinnen
frei von	عاری	frai von
ohne	عاری	ohne
übergehen	تفویض کردن؛ محول کردن	uebergehen
gebühren	وقف کردن	gebuehren
Devo	وقف؛ چاکری	devo
andächtig	فداکارانه؛ عبادتی	andehtik
fromm	پارسا؛ عابد	fromm
Tau	شبنم؛ ژاله	tau
taufrisch	شبنمدار؛ ترکرده	taufrish
taubedeckt	شبنمدار؛ ترکرده	taubedekt
Dey	دی	dey
Diabetes	مرضقند	diabetes
Zuckerkrankheit	مرضقند	tsukerkrankhait
diabetisch	دولابی؛ دیابتی	diabetish
diabolisch	شیطانی	diabolish
diagnostizieren	تشخیص دادن	diagnostitsiren
Diagnose	تشخیص	diagnose
diagnostisch	تشخیصی	diagnostish
diagonal	مورب	diagonal
schräg	مورب	shrek
Mundart	گویش؛ گویشی	mundart
Zwiegespräch	گفتگو	tsvigespreh
Durchmesser	ضخامت	durhmesser
Diaphragma	دیافراگم؛ پرده دل	diafragma
Tagebuch	دفتر خاطرات	tagebukh
Terminkalender	دفتر خاطرات	terminkalender
Spielwürfel	مهره؛ طاس	shpilvuerfel
Dichotomie	دوگانگی؛ دورستگی	dihotomi
diktieren	دیکته کردن	diktiren
Diktat	تلقین؛ املاء	diktat
Diktator	دیکتاتور	diktator
Diktatur	استبداد؛ دیکتاتوری	diktatur
Wörterbuch	فرهنگ لغت	voerterbukh
sterben	مردن	shterben
Diät	رژیم غذایی	diet
sich unterscheiden	تفاوت داشتن	tsih untershaiden
Unterschied	تفاوت	untershid
anders	متفاوت	anders
verschieden	متفاوت	vershiden
unterschiedlich	تفاضلی؛ افتراقی	untershidlih
unterscheiden	تمایز قائل شدن	untershaiden
Staffelung	فرق گذاری؛ مشتغ گیری	shtaffelunk
schwierig	دشوار	shvirik
Schwierigkeit	دشواری؛ مشکل	shvirigkait
ausstreuen	پاشیده	ausstroyen
verbreiten	پاشیده	verbraiten
Verbreitung	پخش؛ پاشیدگی	verbraitunk
Diffusion	پخش؛ پاشیدگی	diffusion
graben	کاوش کردن؛ حفر کردن	graben
Auszug	گواریدن؛ تحلیل کردن	austsuk
Kurzfassung	گواریدن؛ تحلیل کردن	kurtsfassunk
Verdauung	تحلیل؛ هضم	verdauunk
Ziffer	شماره	tsiffer
Digital	دیجیتال	digital
würdig	موقر؛ معزز	vuerdik
würdevoll	موقر؛ معزز	vuerdevoll
Würdenträger	عالی مقام	vuerdentreger
Würde	کرامت	vuerde
verzögernd	اتساعی؛ تاخیری	vertsoegernd
säumig	اتساعی؛ تاخیری	soymik
Verlegenheit	معضل	verlegenhait
Fleiß	پشت کار؛ جد و جهد	flaiss
sorgfältig	کوشا؛ جاهد	tsorgfeltik
verdünnen	رقیق کردن؛ آبکی کردن	verduennen
verwässern	رقیق کردن؛ آبکی کردن	vervessern
dämmerig	تیره؛ تاریک	demmerik
schummrig	تیره؛ تاریک	shummrik
Dimension	بعد	dimension
verringern	کاهش دادن	verringern
Verminderung	نقص	verminderunk
klein	مصغر	klain
winzig	مصغر	vintsik
Grübchen	زنخ؛ چاه زنخدان	gruebhen
Lärm	طنین بلند؛ طنین افکندن	lerm
speisen	شام خوردن	shpaisen
Abendessen	شام	abendessen
Dioxid	دی اکسید	dioksid
eintauchen	غوطه‌ور شدن	aintauhen
senken	غوطه‌ور شدن	tsenken
Diphtherie	دیفتری	difteri
Diplom	مدرک؛ گواهینامه	diplom
Diplomatie	سیاستمداری؛ دیپلماسی	diplomati
Diplomat	دیپلمات	diplomat
diplomatisch	دیپلماتیک	diplomatish
schrecklich	شوم	shreklih
schlimm	شوم	shlimm
direkt	مستقیم	direkt
lenken	مستقیم	lenken
Richtung	جهت	rihtunk
Leitung	جهت	laitunk
geradewegs	مستقیماً	geradevegs
Leiter	کارگردان	laiter
Direktor	کارگردان	direktor
Adressbuch	فهرست	adressbukh
Namensverzeichnis	فهرست	namensvertsaihnis
Schmutz	خاک؛ چرک	shmuts
schmutzig	کثیف	shmutsik
schmutzig machen	کثیف	shmutsik makhen
Invalidität	ناتوانی	invaliditet
Unvermögen	ناتوانی	unvermoegen
erwerbsunfähig	ناتوان	erverbsunfehik
arbeitsunfähig	ناتوان	arbaitsunfehik
nicht übereinstimmen	مخالفت کردن	niht ueberainstimmen
unangenehm	جوکی؛ ناپسندیده	unangenehm
widerwärtig	جوکی؛ ناپسندیده	vidervertik
Meinungsverschiedenheit	اختلاف نظر	mainungsvershidenhait
verschwinden	ناپدید شدن	vershvinden
Verschwinden	زائل؛ ناپدیدی	vershvinden
enttäuschen	ناامید کردن	enttoyshen
Enttäuschung	ناامیدی	enttoyshunk
Missbilligung	تقبیح	missbilligunk
missbilligen	نپسندیدن؛ تقبیح کردن	missbilligen
disaströs	فاجعه‌بار	disastroes
nicht glauben	دروغ پنداشتن؛ اعتقاد نکردن	niht glauben
verwerfen	دور انداختن	ververfen
fortwerfen	دور انداختن	fortverfen
erkennen	تمیز دادن	erkennen
entlassen	تخلیه کردن	entlassen
Entlassung	تخلیه کردن	entlassunk
Jünger	سالک؛ حواری	yuenger
strenger Erzieher	نظم دهنده	shtrenger ertsiher
Disziplinarist	نظم دهنده	distsiplinarist
Disziplin	انتظامی؛ انضباطی	distsiplin
ableugnen	حاشا کردن؛ قبول نکردن	abloygnen
enthüllen	فاش کردن	entuellen
aufdecken	فاش کردن	aufdeken
Auskunft	افشاگری	auskunft
Enthüllung	افشاگری	entuellunk
Diskoloration	بی رنگی	diskoloration
Unbequemlichkeit	رنج؛ ناراحتی	unbekvemlihkait
unzufrieden	نارضایتی؛ سخط	untsufriden
unterbrechen	بس کردن	unterbrehen
Zwietracht	اختلاف؛ نفاق	tsvitrakht
Diskont	تخفیف؛ تنزیل	diskont
Nachlass	تخفیف؛ تنزیل	nakhlass
entmutigen	دلسرد کردن	entmutigen
Entmutigung	دلسردی؛ دلمردگی	entmutigunk
Diskurs	گفتمان	diskurs
in Misskredit bringen	بی اعتبار کردن	in misskredit bringen
Diskretion	صلاحدید	diskretion
Ermessen	صلاحدید	ermessen
benachteiligen	تبعیض کردن؛ تبعیض قائلشدن	benakhtailigen
diskriminieren	تبعیض کردن؛ تبعیض قائلشدن	diskriminiren
Benachteiligung	تبعیض	benakhtailigunk
Diskriminierung	تبعیض	diskriminirunk
diskutieren	بحث کردن	diskutiren
Diskussion	بحث	diskussion
Krankheit	بیماری	krankhait
Ungnade	خفت؛ ننگ	ungnade
in Ungnade bringen	خفت؛ ننگ	in ungnade bringen
Tarnung	تلبیس؛ لباس مبدل	tarnunk
Verkleidung	تلبیس؛ لباس مبدل	verklaidunk
Ekel	نفرت؛ تنفر	ekel
Abscheu	نفرت؛ تنفر	abshoy
Schüssel	ظرف، غذا	shuessel
Speise	ظرف، غذا	shpaise
Disharmonie	ناسازی؛ ناموزونی	disharmoni
unehrlich	متقلب؛ نادرست	unehrlih
Unehrlichkeit	رجز؛ نادرستی	unehrlihkait
vergewaltigen	ننگین کردن	vergevaltigen
schänden	ننگین کردن	shenden
dishonorabel	بی شرف	dishonorabel
Ernüchterung	سرخورده کردن	ernuehterunk
Befreiung von einer Illusion	سرخورده کردن	befraiunk von ainer illusion
abgeneigt	بی تمایل	abgenaigt
desinfizieren	گندزدائی کردن؛ ضد عفونی کردن	desinfitsiren
Desinfektion	گندزدا؛ ماده گندزدا	desinfektion
Disinfektion	گندزدائی؛ ضد عفونی	disinfektion
zerfallen	متلاشی کردن؛ متلاشی شدن	tserfallen
auflösen	متلاشی کردن؛ متلاشی شدن	aufloesen
selbstlos	بیغرضانه؛ بیطمع	tselbstlos
nicht mögen	نپسندیدن؛ اکراه	niht moegen
ausrenken	جابجا کردن؛ در رفتن	ausrenken
verlagern	جابجا کردن؛ در رفتن	verlagern
ausgerenkt	دررفته	ausgerenkt
verlagert	دررفته	verlagert
Versetzung	جابجائی؛ دررفتگی	versetsunk
illoyal	خیانتکار؛ بی وفا	illoyal
treulos	خیانتکار؛ بی وفا	troylos
Untreue	بیوفایی؛ بی وفائی	untroye
Illoyalität	بیوفایی؛ بی وفائی	illoyalitet
trübselig	ملالت انگیز	truebselik
deprimieren	بیجرات کردن؛ وحشت زدگی	deprimiren
Bestürzung	بیجرات کردن؛ وحشت زدگی	bestuertsunk
Ungehorsam	نافرمانی؛ تمرد	ungehorsam
nicht gehorchen	نافرمانی کردن؛ سرپیچی کردن	niht gehorhen
Unordnung	اختلال	unordnunk
unorganisiert	شلخته؛ نامرتب	unorganisirt
Ungleichheit	عدم توافق؛ بی شباهتی	unglaihhait
absenden	اعزام؛ روانهسازی	absenden
abfertigen	اعزام؛ روانهسازی	abfertigen
streuen	پراکندن؛ متفرق کردن	shtroyen
versetzen	آواره کردن	versetsen
verdrängen	آواره کردن	verdrengen
Versetzen	جانشین سازی؛ جابجا شدگی	versetsen
ausstellen	نمود کردن؛ نمایش دادن	ausstellen
missfallen	ناخشنود کردن	missfallen
Mißfallen	رنجش؛ رنجیدگی	missfallen
Veräußerung	دفع	veroysserunk
Verfügung	دفع	verfuegunk
veräußern	دور انداختن	veroyssern
verfügen	دور انداختن	verfuegen
Tendenz	طبع؛ مشرب	tendents
Neigung	طبع؛ مشرب	naigunk
unfähig machen	شایسته ندانستن	unfehik makhen
beunruhigen	مضطرب ساختن	boynruhigen
missachten	عدمرعایت؛ بی توجهی	missakhten
außer Acht lassen	عدمرعایت؛ بی توجهی	ausser akht lassen
gemein	بد نام	gemain
unehrbar	بد نام	unehrbar
Nichtachtung	احترامنگذار؛ بدون مراعات	nihtakhtunk
zerreißen	مختل کردن	tserraissen
Unterbrechung	اختلال	unterbrehunk
Unzufriedenheit	نارضایتی؛ ناخشنودی	untsufridenhait
nicht befriedigen	ناراضی	niht befridigen
zerschneiden	تشریح کردن	tsershnaiden
zergliedern	تشریح کردن	tserglidern
Dissektion	تشریح	dissektion
Liquidation	تجزیه؛ فسخ	likvidation
sich auflösen	حل کردن	tsih aufloesen
abraten	منصرف کردن	abraten
Entfernung	فاصله	entfernunk
entfernt	دور	entfernt
destilliert	چکیده؛ مقطر	destillirt
Distinktion	تمایز	distinktion
ausgezeichnet	برجسته؛ مشخص	ausgetsaihnet
verdrehen	تحریف کردن	verdrehen
verzerren	تحریف کردن	vertserren
Entstellung	تحریف	entstellunk
Verzerrung	تحریف	vertserrunk
ablenken	حواس پرتی ایجاد کردن	ablenken
Notlage	پریشانی	notlage
verteilen	تقسیم کردن؛ پخش شدن	vertailen
Verteilung	پخش؛ تقسیم	vertailunk
Vertrieb	پخش؛ تقسیم	vertrib
Bezirk	محله	betsirk
misstrauen	عدم اعتماد؛ اعتماد نداشتن	misstrauen
stören	مزاحم شدن	shtoeren
Störung	آشوب؛ اغتشاش	shtoerunk
störend	نگران‌کننده	shtoerend
Uneinigkeit	عدم اتفاق؛ جدا شدگی	unainigkait
Trennung	عدم اتفاق؛ جدا شدگی	trennunk
Nichtgebrauch	عدم استعمال	nihtgebrauh
Graben	گودال؛ چاله	graben
tagaktiv	روز خیز؛ مربوط به روز	tagaktiv
tauchen	شیرجه زدن	tauhen
auseinandergehen	واگراییدن؛ متشتت شدن	ausainandergehen
auseinanderlaufen	واگراییدن؛ متشتت شدن	ausainanderlaufen
verschiedene	متنوع	vershidene
diversifizieren	متشتت	diversifitsiren
mannigfaltig machen	متشتت	mannigfaltik makhen
Vielfältigkeit	تنوع	vilfeltigkait
Mannigfaltigkeit	تنوع	mannigfaltigkait
umlenken	منحرف کردن	umlenken
umleiten	منحرف کردن	umlaiten
Divertikel	استطاله؛ کوره راه	divertikel
sich teilen	بخش کردن؛ سهم کردن	tsih tailen
teilen	بخش کردن؛ سهم کردن	tailen
Dividende	سود سهام	dividende
Gewinnanteil	سود سهام	gevinnantail
göttlich	الهی	goettlih
gottgleich	الهی	gottglaih
Göttlichkeit	خدایی؛ الوهیت	goettlihkait
Division	تقسیم؛ بخش	division
Teilung	تقسیم؛ بخش	tailunk
Scheidung	طلاق	shaidunk
geschieden	مطلقه	geshiden
Dizzy	دوار؛ سرگیجه	ditstsy
schwindelig	دبنگ؛ سرگیجهای	shvindelik
tun	انجام دادن	tun
machen	انجام دادن	makhen
Dock	بارانداز؛ جاخالی کردن	dok
Trockendock	بارانداز؛ جاخالی کردن	trokendok
Arzt	دکتر	artst
Doktor	دکتر	doktor
Doktrin	دکترین	doktrin
Dokument	سند	dokument
durch Dokumente belegt	مستند؛ سندی	durh dokumente belegt
Dokumentation	مستندسازی	dokumentation
ausweichen	گریز زدن؛ جا خالی کردن	ausvaihen
seitlich umgehen	گریز زدن؛ جا خالی کردن	saitlih umgehen
Hund	سگ	hund
Dogma	اصول عقاید	dogma
Dogmatismus	فلسفه جزمی	dogmatismus
milde Gabe	به بیکاران	milde gabe
Arbeitslosenunterstützung	به بیکاران	arbaitslosenunterstuetsunk
Puppe	عروسک	puppe
Dollar	دلار	dollar
Delphin	دلفین	delfin
Delfin	دلفین	delfin
Bereich	حوزه	beraih
Herrschaftsbereich	حوزه	herrshaftsberaih
Kuppel	گنبد؛ گنبد زدن	kuppel
inländisch	داخلی؛ خانگی	inlendish
häuslich	داخلی؛ خانگی	hoyslih
Herrschaft	سلطه	herrshaft
herrschend	غالب	herrshend
Dominat	مسلط شدن؛ مستولی شدن	dominat
Domination	تسلط؛ استیلاء	domination
Schenkung	کمک مالی	shenkunk
Spende	کمک مالی	shpende
Esel	خر؛ الاغ	esel
Donator	اهداکننده	donator
verurteilen	سرنوشت بد	verurtailen
Ende der Welt	سرنوشت بد	ende der velt
Tür	در	tuer
Türöffnung	درگاه؛ جای در	tueroeffnunk
ruhend	نهفته؛ نایم	ruhend
Dorsal	ضهری	dorsal
Maß	دوز	mass
Portion	دوز	portion
Pünktchen	نقطه	puenkthen
Pünktchen machen	نقطه	puenkthen makhen
doppelt	دو برابر	doppelt
verdoppeln	دو برابر	verdoppeln
Zweifel	شک؛ تردید	tsvaifel
zweifeln	شک؛ تردید	tsvaifeln
fraglich	مشکوک؛ دوبشک	fraglih
ohne Zweifel	بی تردید؛ بدون شک	ohne tsvaifel
Teig	خمیر	taik
teigig	خمیری	taigik
hinunter	پایین	hinunter
Untergang	ریزش	untergank
Abfahrt	نشیب	abfahrt
herunterladen	دانلود کردن	herunterladen
die Treppe herunter	طبقه پایین؛ پایین پله‌ها	di treppe herunter
im unteren Stockwerk	طبقه پایین؛ پایین پله‌ها	im unteren shtokverk
Innenstadt	مرکز شهر	innenstadt
runter	فرو	runter
herunter	فرو	herunter
Mitgift	جهاز؛ شیربها	mitgift
Doyen	شیخ السفراء؛ مقد السفراء	doyen
dösen	چرت زدن	doesen
nicken	چرت زدن	niken
Dutzend	دوجین	dutsend
eintönig	کسل کننده؛ زن شلخته	aintoenik
trist	کسل کننده؛ زن شلخته	trist
entwerfen	برات؛ مسوده	entverfen
schleppen	باتورگرفتن؛ سخت کشیدن	shleppen
Drache	اژدها	drakhe
Abfluss	تخلیه کردن	abfluss
entleeren	تخلیه کردن	entleeren
Entwässerung	زهکشی	entvesserunk
Drama	درام	drama
dramatisch	نمایشی	dramatish
drastisch	عنیف	drastish
Zug	باد؛ کوران	tsuk
ziehen	نقاشی کردن	tsihen
zeichnen	نقاشی کردن	tsaihnen
Schublade	نقشه کش؛ برات کش	shublade
Zeichnung	نقاشی (کار)	tsaihnunk
fürchten	بیم؛ نهیب	fuerhten
scheuen	بیم؛ نهیب	shoyen
Traum	خواب، رویا، رویا دیدن	traum
Träumer	خیالباف	troymer
dreär	مایه افسردگی	dreer
ausbaggern	لاروبی کردن	ausbaggern
Baggerschiff	لاروبی کردن	baggershiff
Satz	لرد	tsats
anziehen	لباس، لباس پوشیدن	antsihen
Kleid	لباس، لباس پوشیدن	klaid
Schneiderin	خیاط زنانه	shnaiderin
drillen	تمرین؛ مته	drillen
pauken	تمرین؛ مته	pauken
Bohren	مته زنی	bohren
Trinker	خوار؛ آشامنده	trinker
Trinken	شرب	trinken
tropfen	چکیدن؛ چکاندن	tropfen
tröpfeln	چکیدن؛ چکاندن	troepfeln
fahren	رانندگی؛ رانندگی کردن	fahren
antreiben	رانندگی؛ رانندگی کردن	antraiben
Fahrer	راننده	fahrer
Fahrzeugführer	رانندگی؛ محرک	fahrtsoygfuehrer
Drohne	سخن یکنواخت	drohne
fallen	افتادن، قطره	fallen
fallen lassen	افتادن، قطره	fallen lassen
Ödem	استسقاء	oedem
Dürre	خشکسالی	duerre
Trockenheit	خشکسالی	trokenhait
ertrinken	غرق شدن	ertrinken
schläfrig	خماری؛ خواب آلودگی	shlefrik
harte Arbeit	خرحمالی؛ جان کنی	harte arbait
Arzneimittel	دارو، مواد مخدر	artsnaimittel
Trommel	ضرب؛ طبل	trommel
trommeln	ضرب؛ طبل	trommeln
Schlagzeuger	طبال؛ طبل زن	shlagtsoyger
getrunken	مست؛ دژم	getrunken
Betrunkener	خماری	betrunkener
betrunken	مستانه	betrunken
Betrunken	مستی	betrunken
dual	دوگانه	dual
doppel	دوگانه	doppel
synchronisieren	نامیدن، لقب دادن	synhronisiren
ungewiss	مشتبه؛ مشکوک	ungeviss
Ente	اردک؛ مرغابی	ente
Rohr	لوله آب؛ مجرای لنف	rohr
fällig	موعد؛ مستحق؛ به‌علت	fellik
wegen	موعد؛ مستحق؛ به‌علت	vegen
gegraben	کنده	gegraben
grub	کنده	grub
Unterstand	کنده شده	unterstand
Einbaum	کنده شده	ainbaum
Herzog	دوک	hertsok
trübe	کسل کننده	truebe
Flaute	رکود؛ کندی	flaute
ordnungsgemäß	بموقع خود؛ بقدر لازم	ordnungsgemess
dumm	کم هوش	dumm
stumm	لال	shtumm
auf den Markt werfen	رها کردن	auf den markt verfen
düngen	پهن؛ پشگل	duengen
Dünger	پهن؛ پشگل	duenger
Kerker	سیاه چال	kerker
Duo	دوتایی	duo
Duett	دوتایی	duett
Zwölffingerdarm-	دوازدهه	tsvoelffingerdarm-
Duodenum	روده اثنی عشر	duodenum
Zwölffingerdarm	روده اثنی عشر	tsvoelffingerdarm
Opfer	ساده لوح	opfer
Duplikat	المثنی؛ نسختین	duplikat
zweifach	المثنی؛ نسختین	tsvaifakh
Doppelspiel	ریا	doppelspil
Dauer	مدت	dauer
während	در طول	vehrend
Zwielicht	غروب؛ هنگام غروب	tsviliht
abstauben	گرد؛ خاک	abstauben
Staub	گرد؛ خاک	shtaub
staubig	خاکی؛ غباری	shtaubik
Holländer	هلندی؛ زبان هلندی	hollender
holländisch	هلندی؛ زبان هلندی	hollendish
Pflicht	وظیفه شناس	pfliht
DVD	دی‌وی‌دی	dvd
Zwerg	کوتوله؛ کوتاه جلوه دادن	tsverk
verweilen	اقامت گزیدن	vervailen
Verweiler	مکین	vervailer
Wohnstätte	اقامت؛ مسکن	vohnstette
Farbstoff	رنگ؛ خضاب	farbstoff
Färben	رنگرزی	ferben
dynamisch	پویا	dynamish
Dynamit	دینامیت؛ دینامیت زدن	dynamit
Dynastie	سلسله؛ خاندان	dynasti
Herrscherhaus	سلسله؛ خاندان	herrsherhaus
Dysenterie	دیسانتری	dysenteri
jeder	هر کدام	yeder
eifrig	مشتاق	aifrik
in begieriger Weise	مشتاقانه؛ آرزومندانه	in begiriger vaise
Begierde	اشتیاق؛ شوق	begirde
Adler	عقاب؛ دال	adler
Ohr	گوش	ohr
früh	زود	frueh
Geld verdienen	کسب کردن	geld verdinen
Verdienst	درآمد	verdinst
Hörweite	صدارس؛ گوش رس	hoervaite
Erde	زمین	erde
irden	سفالی	irden
aus Erde	سفالی	aus erde
Erdbeben	زلزله؛ زمین لرزه	erdbeben
Erdwerk	خاکریز	erdverk
Erdarbeiten	خاکریز	erdarbaiten
innere Ruhe	آسایش، آسان کردن	innere ruhe
Leichtigkeit	آسایش، آسان کردن	laihtigkait
auf leichte Weise	به آسانی	auf laihte vaise
Osten	شرق	osten
Ostern	شرقاً؛ مانند بادخاوری	ostern
östlich	شرقی؛ خاوری	oestlih
Ost	روب خاور	ost
einfach	آسان	ainfakh
gelassen	بی قید	gelassen
unkompliziert	بی قید	unkomplitsirt
zerfressen	خوردن	tserfressen
korrodieren	خوردن	korrodiren
Ebbe	جزر	ebbe
Echo	پژواک	eho
Widerhall	پژواک	viderhall
verfinstert	منخسف	verfinstert
in den Schatten gestellt	منخسف	in den shatten gestellt
ökologisch	بوم‌شناختی	oekologish
wirtschaftlich	اقتصادی	virhaftlih
sparsam	مقتصد؛ با صرفه	shparsam
Wirtschaftswissenschaften	اقتصاد	virhaftsvissenshaften
Wirtschaftswissenschaftler	اقتصاددان	virhaftsvissenshaftler
Wirtschaft	اقتصاد؛ صرفه جویی	virhaft
Verzückung	حالت؛ وجد	vertsuekunk
verzückt	جذبهای؛ بی خود	vertsuekt
Ekzem	اگزما؛ اکزما	ektsem
Kante	لب؛ لبه	kante
scharfe Kante	لب؛ لبه	sharfe kante
erbaulich	تهذیبی	erbaulih
lehrreich	تهذیبی	lehrraih
herausgeben	ویراستن	herausgeben
Chefredakteur	ویراستار؛ ویرایشگر	hefredaktoyr
Editorial	سرمقاله	editorial
erziehen	فرهیختن؛ مودب کردن	ertsihen
Bildung	آموزش	bildunk
Erzieher	مربی	ertsiher
unheimlich	وهم آور	unhaimlih
Wirkung	تأثیر	virkunk
in Kraft	کاری؛ موثر	in kraft
wirksam	کاری؛ موثر	virksam
Effektivität	اثربخشی	effektivitet
Wirksamkeit	اثربخشی	virksamkait
abführend	وابر؛ بیرون بر	abfuehrend
efferent	وابر؛ بیرون بر	efferent
gut funktionierend	کارآنه؛ پرکار	gut funktionirend
leistungsfähig	کارآنه؛ پرکار	laistungsfehik
Gisant	تمثال؛ پیکرک	gisant
Anstrengung	تلاش	anstrengunk
Ei	تخم مرغ	ai
Ich	خود	ih
Ego	خود	ego
Ägypten	مصر؛ کشور مصر	egypten
Ägypter	مصری	egypter
acht	هشت	akht
achtzehn	هجده	akhtsehn
achte	اکتاو؛ یک هشتم	akhte
achtzig	هشتاد	akhtsik
Samenerguss	انزال	tsamenerguss
sorgfältig ausarbeiten	پیچیده، با جزئیات	tsorgfeltik ausarbaiten
ausgearbeitet	پیچیده، با جزئیات	ausgearbaitet
elastisch	کشی؛ لاستیکی	elastish
Elastizität	ارتجاع؛ جهندگی	elastitsitet
hocherfreut	برافراشته	hokherfroyt
Elation	سرفرازی شادی	elation
Ellenbogen	آرنج	ellenbogen
ältere	ارشد؛ ریش سفید	eltere
älteste	سالدارترین؛ مسن ترین	elteste
Elector	انتخاباتی	elektor
elektrisch	برقی	elektrish
Elektrizität	برق	elektritsitet
Elektrode	الکترود	elektrode
Elektrolyse	برقکافت	elektrolyse
Elektron	الکترون	elektron
elektronisch	الکترونیکی	elektronish
Elektronik	الکترونیک	elektronik
Eleganz	زیبندگی؛ ظریفی	elegants
Erlesenheit	زیبندگی؛ ظریفی	erlesenhait
elegant	ظریف	elegant
geschmackvoll	ظریف	geshmakvoll
Element	ماده؛ اصل	element
elementar	ابتدایی	elementar
Elefant	فیل	elefant
Elefantenkrankheit	داء الفیل	elefantenkrankhait
erheben	بالا بردن	erheben
Höhe	علو؛ صعود	hoehe
Aufzug	آسانسور؛ بالابرنده	auftsuk
elf	یازده	elf
Elias	خضر	elias
wählbar	واجد شرایط	vehlbar
ausschließen	حذف کردن	ausshlissen
eliminieren	حذف کردن	eliminiren
Eliminierung	رفع؛ حذف	eliminirunk
Ausschluss	رفع؛ حذف	ausshluss
Elite	نخبه	elite
Auslese	نخبه	auslese
Eliza	الیزا	elitsa
elliptisch	بیضی	elliptish
Elongation	دراز شدگی	elongation
Sprachfertigkeit	فصاحت؛ بلاغت	shprakhfertigkait
wortgewandt	بلیغ؛ شیوا	vortgevandt
beredt	بلیغ؛ شیوا	beredt
sonst noch	دیگر	tsonst nokh
sonstwo	نقطه دیگر؛ بجای دیگر	tsonstvo
elusiv	طفره زن؛ طفره آمیز	elusiv
E-Mail	ایمیل، ایمیل زدن	e-mail
emanzipieren	ازقید رها کردن	emantsipiren
Böschung	سیلگیر؛ سیل برگردان	boeshunk
Damm	سیلگیر؛ سیل برگردان	damm
Embargo	تحریم	embargo
Handelssperre	تحریم	handelssperre
einschiffen	سوار شدن، آغاز کردن	ainshiffen
in Verlegenheit	شرمنده؛ شرمسار	in verlegenhait
Botschaft	سفارت	bokhaft
Gesandtschaft	سفارت	gesandhaft
einbetten	جاسازی کردن	ainbetten
Einbettung	جاسازی شده	ainbettunk
ausschmücken	زیبا کردن؛ زینت دادن	ausshmueken
Veruntreuung	اختلاس	veruntroyunk
Unterschlagung	اختلاس	untershlagunk
verbittern	تلخ کردن؛ ناگوار کردن	verbittern
Zeichen	علامت	tsaihen
Firmenzeichen	علامت	firmentsaihen
Verkörperung	تجسم	verkoerperunk
verkörpern	تجسم بخشیدن	verkoerpern
Stickerei	گلدوزی؛ برودری	shtikerai
Embryo	گیاهک؛ رویان	embryo
embryonisch	جنینی؛ رویانی	embryonish
Smaragd	زمرد؛ زمردسبز	smaragd
Auftauchen	ظهور	auftauhen
Notfall	اضطرار؛ اضطراری	notfall
Auswanderer	مهاجر؛ کوچ کننده	ausvanderer
auswandern	جلاء؛ هجرت کردن	ausvandern
Auswanderung	هجرت	ausvanderunk
Emin	والا؛ والا مقام	emin
Ausstoß	انتشار	ausstoss
Emission	انتشار	emission
emotional	احساساتی؛ عاطفی	emotional
gerührt	احساساتی؛ عاطفی	geruehrt
Kaiser	امپراتور	kaiser
Nachdruck	تکیه؛ تاکید	nakhdruk
nachdrücklich	موکد	nakhdrueklih
Lungenemphysem	آمفیزم	lungenemfysem
Reich	امپراتوری	raih
anstellen	استخدام کردن	anstellen
beschäftigen	استخدام کردن	besheftigen
Arbeitnehmer	کارمند	arbaitnehmer
Arbeitgeber	کارفرما	arbaitgeber
Beschäftigung	استخدام؛ اشتغال	besheftigunk
Kaiserin	شهبانو؛ امپراتریس	kaiserin
Emulsion	شیرابه	emulsion
ermöglichen	توانگر کردن؛ صلاحیتدار کردن	ermoeglihen
Gesetzeskraft geben	به اجرا درآوردن	gesetseskraft geben
emaillieren	لعاب؛ مینا	emailliren
Email	لعاب؛ مینا	email
Encamp	قرار گاه	enkamp
bezaubernd	افسون گری	betsaubernd
einschließen	ضمیمه کردن؛ پیوست کردن	ainshlissen
Umzäunung	ضمیمه؛ پیوست	umtsoynunk
unvermutet begegnen	برخورد؛ تقابل	unvermutet begegnen
Begegnung	برخورد؛ تقابل	begegnunk
ermutigen	دلگرم کردن؛ تشویق کردن	ermutigen
ermuntern	دلگرم کردن؛ تشویق کردن	ermuntern
Ermunterung	تشویق	ermunterunk
Ermutigung	تشویق	ermutigunk
Enzyklopädie	دایرهالمعارف؛ دایرهالعلوم	entsyklopedi
Ende	پایان، پایان دادن	ende
beenden	پایان، پایان دادن	beenden
in Gefahr bringen	بمخاطره انداختن	in gefahr bringen
Zärtlichkeit	گرامی کردن	tsertlihkait
Kosename	گرامی کردن	kosename
Bestreben	تلاش؛ جدیت	bestreben
sich bemühen	تلاش	tsih bemuehen
Bemühung	تلاش	bemuehunk
Schluss	پایان	shluss
endlos	بی‌ پایان	endlos
indossieren	تایید کردن	indossiren
Indossament	تایید	indossament
stiften	متصف کردن؛ چیزی راوقف کردن	shtiften
Ausdauer	تاب؛ طاقت	ausdauer
dulden	تحمل کردن	dulden
Einlauf	تنقیه	ainlauf
Feind	دشمن	faind
tatkräftig	فعال؛ پرتکاپو	tatkreftik
energisch	فعال؛ پرتکاپو	energish
Energie	انرژی	energi
erzwingen	اجرا کردن	ertsvingen
verstärken	اجرا کردن	versterken
Vollstreckung	اجرا	vollstrekunk
zwangsweise Durchführung	اجرا	tsvangsvaise durhfuehrunk
Anstellung	نامزدی، تعامل	anstellunk
Verlobung	نامزدی، تعامل	verlobunk
Lokomotive	موتور	lokomotive
Motor	موتور	motor
Ingenieur	مهندس	ingenioyr
Technik	مهندسی	tehnik
Ingenieurwissenschaft	مهندسی	ingenioyrvissenshaft
England	انگلستان	england
eingravieren	منقوش	aingraviren
verschlingen	احاطهکننده	vershlingen
Geheimnis	بیان مبهم	gehaimnis
Rätsel	بیان مبهم	retsel
genießen	لذت بردن	genissen
erfreulich	لذت بخش	erfroylih
Genuss	کیف؛ لذت	genuss
Vergrößerung	بزرگی؛ بزرگ نمائی	vergroesserunk
erleuchten	روشنفکر کردن	erloyhten
aufklären	روشنفکر کردن	aufkleren
Aufklärung	روشن فکری؛ تنویر افکار	aufklerunk
einberufen	درفهرست نوشتن	ainberufen
anwerben	درفهرست نوشتن	anverben
Einberufung	نامنویسی؛ سربازگیری	ainberufunk
beleben	روح دادن؛ حیات بخشیدن	beleben
Enmität	عناد؛ عداوت	enmitet
enorm	عظیم	enorm
ungeheuer	عظیم	ungehoyer
genug	کافی	genuk
sich erkundigen	پرس و جو کردن	tsih erkundigen
Erkundigung	استفسار	erkundigunk
in Wut versetzen	آتشی	in vut versetsen
reich machen	غنی کردن	raih makhen
einschreiben	ثبت‌نام کردن	ainshraiben
Einschulung	نامنویسی؛ ثبت نام	ainshulunk
versklavt	برده شده	versklavt
sich ergeben	متعاقب بودن	tsih ergeben
absichern	حتمی کردن	absihern
mit sich bringen	شامل بودن؛ متضمن بودن	mit tsih bringen
zur Folge haben	شامل بودن؛ متضمن بودن	tsur folge haben
verwickeln	گیر انداختن؛ درهم گیر افتادن	vervikeln
Verstrickung	گیر؛ پاپوش	verstrikunk
betreten	وارد شدن	betreten
eintreten	وارد شدن	aintreten
Unternehmung	شرکت	unternehmunk
unterhalten	سرگرم کردن؛ پذیرایی کردن	unterhalten
unterhaltend	سرگرم کننده	unterhaltend
Begeisterung	حرارت؛ گرمی	begaisterunk
Schwärmerei	حرارت؛ گرمی	shvermerai
begeisterter Verehrer	علاقه‌مند	begaisterter verehrer
Enthusiast	علاقه‌مند	entusiast
begeistert	باحمیت؛ باحرارت	begaistert
gänzlich	پاک؛ سرتاسر	gentslih
Gesamtheit	تمامیت؛ سراسری	gesamtait
berechtigen	حق دادن	berehtigen
betiteln	حق دادن	betiteln
Einheit	نهاد	ainhait
Eingang	ورود؛ دخول	aingank
Bitte	التماس	bitte
Flehen	التماس	flehen
Einfahrt	غذای اصلی	ainfahrt
verschanzen	درسنگرقراردادن	vershantsen
verankern	درسنگرقراردادن	verankern
entrenkhment	سنگربندی؛ سنگرسنگی	entrenkhment
anvertrauen	سپردن؛ باامانت سپردن	anvertrauen
Briefumschlag	پاکت	brifumshlak
neidisch	حسود؛ حاسد	naidish
Umwelt	محیط زیست	umvelt
Umgebung	محیط زیست	umgebunk
sich vorstellen	درذهن مجسم کردن	tsih vorstellen
vorstellen	درذهن مجسم کردن	vorstellen
Gesandter	فرستاده؛ ایلچی	gesandter
bevollmächtigter Vertreter	فرستاده؛ ایلچی	bevollmehtigter vertreter
beneiden	رشک؛ حسد	benaiden
Neid	رشک؛ حسد	naid
Enzym	آنزیم؛ دیاستاز	entsym
episch	حماسی؛ شعر رزمی	epish
Epos	حماسی؛ شعر رزمی	epos
hedonistisch	ابیقوری؛ عیش طلب	hedonistish
Feinschmecker	ابیقوری؛ عیش طلب	fainshmeker
epidemisch	همه‌گیر	epidemish
ansteckend	همه‌گیر	anstekend
Oberhaut	روپوست	oberhaut
Epidermis	روپوست	epidermis
Epigramm	سخن نیشدار	epigramm
Epilepsie	صرع	epilepsi
epileptisch	غشی؛ حملهای	epileptish
Epistel	نامه منظوم	epistel
epithelial	برپوشی؛ شبیه بشره ای	epitelial
gleichwertig	برابر؛ مساوی	glaihvertik
Gleichheit	برابری	glaihhait
gleichermaßen	علیالسویه؛ متساویا	glaihermassen
Gleichung	معادله	glaihunk
Äquator	استواء؛ خط استوا	ekvator
Reit-	چابک سوار	rait-
Reiter	چابک سوار	raiter
Ausgeglichenheit	موازنه	ausgeglihenhait
pferdeartig	اسبی	pferdeartik
Pferde-	اسبی	pferde-
ausstatten	تجهیز کردن	ausstatten
ausrüsten	تجهیز کردن	ausruesten
Ausrüstung	تجهیزات	ausruestunk
maschinelle Ausstattung	تجهیزات	mashinelle ausstattunk
recht und billig	منصفانه؛ متساوی	reht und billik
äquivalent	معادل	ekvivalent
doppeldeutig reden	سهل انگاشتن؛ ابهام بکار بردن	doppeldoytik reden
Epoche	دوران	epokhe
Zeitalter	دوران	tsaitalter
mit der Wurzel ausreißen	لنجیدن؛ ریشه کن کردن	mit der vurtsel ausraissen
Eradikation	قلع؛ ریشه کنی	eradikation
aufrichten	برپا کردن	aufrihten
aufrecht	برپا کردن	aufreht
Aufrichtung	نعوظ؛ شق شدگی	aufrihtunk
Erosion	سایش؛ فرسایش	erosion
irren	اشتباه کردن؛ اشتباهکاری کردن	irren
sich täuschen	اشتباه کردن؛ اشتباهکاری کردن	tsih toyshen
Botengang	ماموریت	botengank
irrtümlicherweise	سهواً	irrtuemlihervaise
Irrtum	خطا	irrtum
Fehler	خطا	fehler
ausbrechen	فوران کردن	ausbrehen
eskalieren	تشدید کردن	eskaliren
entgehen	گریز؛ فرار	entgehen
entkommen	گریز؛ فرار	entkommen
sicher geleiten	همراه؛ اسکورت	tsiher gelaiten
Geleit	همراه؛ اسکورت	gelait
insbesondere	به خصوص	insbesondere
Spionage	جاسوسی	shpionage
Wesen	عصاره، ذات	vesen
wesentlicher Bestandteil	اساسی؛ حساس	vesentliher bestandtail
gründen	بستن؛ افتتاحکردن	gruenden
Grundbesitz	ماترک؛ املاک	grundbesits
Landbesitz	ماترک؛ املاک	landbesits
Achtung	اعتبار؛ منزلت	akhtunk
Hochschätzung	اعتبار؛ منزلت	hokhshetsunk
beachtenswert	برآورد کردنی	beakhtensvert
Beurteilung	تخمین؛ براورد	boyrtailunk
unbegrenzt	ابدی	unbegrentst
ewig	ابدالدهر	evik
Ewigkeit	ابد؛ جاودانی	evigkait
Äther	اتر؛ اثیر	eter
Ether	اتر؛ اثیر	eter
ethisch	اخلاق	etish
Ethik	اخلاقیات؛ اصولاخلاق	etik
Sittenlehre	اخلاقیات؛ اصولاخلاق	tsittenlehre
ethnisch	قومی	etnish
Ätiologie	لادشناسی	etiologi
Anstandsregel	آداب؛ آداب معاشرت	anstandsregel
Eukalypten	اکالیپتوس	oykalypten
Euro	یورو	oyro
Europa	اروپا	oyropa
Europäer	فرنگی؛ اروپایی	oyropeer
evakuieren	تخلیه کردن	evakuiren
räumen	تخلیه کردن	roymen
Evakuierung	تخلیه؛ تهی سازی	evakuirunk
auswerten	ارزیابی کردن؛ تقویم کردن	ausverten
Auswertung	ارزیابی	ausvertunk
Verdunstung	تبخیر	verdunstunk
evasiv	طفرهزن؛ طفره آمیز	evasiv
Vorabend	هوا؛ حوا	vorabend
in gleicher Höhe	حتی	in glaiher hoehe
Abend	عصر	abend
Ereignis	رویداد	eraignis
etwaig	سر انجام	etvaik
möglich	سر انجام	moeglih
jemals	تا به حال	yemals
Immergrüne Pflanze	بی خزان؛ همیشه سبز	immergruene pflantse
ewig andauernd	ابدی؛ ابد	evik andauernd
für immer	درتمام وقت	fuer immer
alle	همه	alle
an jedem Tag	روزمره	an yedem tak
jedermann	همه	yedermann
alles	همه چیز	alles
überall	همه جا	ueberall
Beleg	شواهد	belek
Beweis	شواهد	bevais
erwiesen	آشکار	ervisen
Übel	سوء؛ خبیث	uebel
Sünde	سوء؛ خبیث	tsuende
Sünder	بد کار	tsuender
Sünderin	بد کار	tsuenderin
auslösen	فراخواندن	ausloesen
entlocken	فراخواندن	entloken
sich entwickeln	تکامل یافتن	tsih entvikeln
übertreiben	مبالغه کردن	uebertraiben
Übertreibung	اغراق؛ گزاف	uebertraibunk
preisen	متعال کردن	praisen
verherrlichen	متعال کردن	verherrlihen
hehr	معلا؛ معلی	hehr
erhaben	معلا؛ معلی	erhaben
Examen	امتحان	eksamen
Prüfer	ممتحن؛ آزمونگر	pruefer
Beispiel	مثال	baispil
Exkavation	کاوش؛ حفاری	ekskavation
überschreiten	فراتر رفتن	uebershraiten
übersteigen	فراتر رفتن	ueberstaigen
Vortrefflichkeit	برتری	vortrefflihkait
Exzellenz	جناب؛ جناب آقای	ekstsellents
Ausnahme	استثنا	ausnahme
ausnahmsweise	استثنایی	ausnahmsvaise
Übermaß	مازاد	uebermass
Überschuss	مازاد	uebershuss
überhöht	بیش از حد	ueberhoeht
übermäßig	بیش از حد	uebermessik
Austausch	عوض؛ مصالحه	austaush
austauschen	عوض؛ مصالحه	austaushen
Verbrauchssteuer	مالیات غیرمستقیم	verbrauhsstoyer
erregbar	برانگیختنی؛ قابل تهییج	erregbar
aufregen	برانگیختن؛ تهییج کردن	aufregen
aufgeregt	هیجان‌زده	aufgeregt
aufregend	هیجان‌انگیز	aufregend
ausrufen	بعموم آگهی دادن	ausrufen
Ausruf	غریو؛ علامت تعجب	ausruf
Ausschließung	محرومیت	ausshlissunk
ausschließlich	انحصاری	ausshlisslih
exkrement	مدفوع؛ نجاست	ekskrement
unerträglich	مشقت بار	unertreglih
Ausflug	کشتی تفریحی؛ مسافرت تفریحی	ausfluk
entschuldbar	بخشیدنی؛ معاف شدنی	enhuldbar
entschuldigen	معذرت؛ بهانه	enhuldigen
ausführen	اجرا کردن	ausfuehren
durchführen	اجرا کردن	durhfuehren
Scharfrichter	دژخیم	sharfrihter
Führungskraft	مجری؛ اجرایی	fuehrungskraft
leitender Angestellter	مجری؛ اجرایی	laitender angestellter
exemplär	عبرتآور؛ نمونهوسرمشق	eksempler
ausgenommen	بری؛ معاف	ausgenommen
erlassen	بری؛ معاف	erlassen
Befreiung	معافیت؛ معافی	befraiunk
Übung	ورزش، ورزش کردن	uebunk
üben	ورزش، ورزش کردن	ueben
betätigen	اعمال کردن	betetigen
Betätigung	اعمال زور	betetigunk
erschöpfen	اگزوز؛ اگزوس	ershoepfen
Erschöpfung	فرسودگی؛ واماندگی	ershoepfunk
Ausstellung	نمایشگاه؛ نظر گاه	ausstellunk
berauschend	مفرح؛ نشاطآور	beraushend
belebend	مفرح؛ نشاطآور	belebend
Exil	تبعید	eksil
existieren	وجود داشتن	eksistiren
Dasein	زیست؛ زندگی	dasain
exorbitant	گزاف	eksorbitant
exotisch	عجیب و غریب	eksotish
ausdehnen	منبسط کردن؛ گسترده کردن	ausdehnen
expandieren	منبسط کردن؛ گسترده کردن	ekspandiren
Oberfläche	فضای زیاد	oberflehe
Ausdehnung	گسترش	ausdehnunk
Entfaltung	گسترش	entfaltunk
erwartend	آبستن؛ در انتظار	ervartend
abwartend	آبستن؛ در انتظار	abvartend
Erwartung	انتظار؛ توقع	ervartunk
zweckmäßig	مقتضی؛ مقتضا	tsvekmessik
Exkursion	تسریع؛ اردوکشی	ekskursion
vertreiben	بیرونکردن؛ بیرونانداختن	vertraiben
Ausgabe	هزینه	ausgabe
Aufwand	هزینه	aufvand
Ausgaben	خرج؛ هزینه	ausgaben
teuer	گران	toyer
Erfahrung	تجربه کردن	erfahrunk
erleben	تجربه کردن	erleben
Experiment	آزمایش	eksperiment
experimentieren	آزمایش	eksperimentiren
experimentell	تجربی	eksperimentell
Fachmann	متخصص	fakhmann
Experte	متخصص	eksperte
Gutachten des Sachverständigen	تخصص	gutakhten des tsakhverstendigen
Sachverständigengutachten	تخصص	tsakhverstendigengutakhten
Ablauf	انقضا؛ بازدم	ablauf
ablaufen	منقضی شدن	ablaufen
enden	منقضی شدن	enden
erläutern	توضیح دادن	erloytern
Erläuterung	توضیح	erloyterunk
erklärend	تاویلی؛ توضیحی	erklerend
ausdrücklich	صریح	ausdrueklih
explodieren	ترکیدن؛ منفجر کردن	eksplodiren
ausnutzen	بهره‌برداری کردن	ausnutsen
ausbeuten	بهره‌برداری کردن	ausboyten
Ausnutzung	بهره‌کشی	ausnutsunk
Ausbeutung	بهره‌کشی	ausboytunk
Erforschung	استخراج؛ سیاحت	erforshunk
erkundend	اکتشافی	erkundend
explorativ	اکتشافی	eksplorativ
erforschen	سیاحت کردن؛ اکتشاف کردن	erforshen
Forscher	سیاح؛ پیگرد	forsher
Bersten	احتراق؛ ترکیدن	bersten
Zerbrechen	احتراق؛ ترکیدن	tserbrehen
explosiv	انفجاری	eksplosiv
Export	صدور؛ صادراتی	eksport
exportieren	صدور؛ صادراتی	eksportiren
aussetzen	ضاهر ساختن؛ درمعرض گذاشتن	aussetsen
Schaustellung	توضیح	shaustellunk
Belichtung	مواجهه	belihtunk
Foto	مواجهه	foto
darlegen	بهتفصیل شرح دادن	darlegen
Ausdruck	بیان	ausdruk
Vertreibung	اخراج؛ طرد	vertraibunk
erlesen	نفیس	erlesen
verlängern	تعمیم کردن؛ تمدید کردن	verlengern
Verlängerung	گسترش، افزونه	verlengerunk
extensiv	گسترده	ekstensiv
sich ausdehnend	به طور گسترده	tsih ausdehnend
Ausmaß	حدود؛ بسیط	ausmass
mildern	کاستن از؛ کم تقصیر	mildern
lindern	کاستن از؛ کم تقصیر	lindern
ausrotten	قلع کردن؛ منقرض کردن	ausrotten
ausmerzen	قلع کردن؛ منقرض کردن	ausmertsen
Aussterben	براندازی	aussterben
äußerlich	ظاهری؛ بیرونی	oysserlih
erloschen	خاموش؛ معدوم	erloshen
Löschung	خفگی؛ انهدام	loeshunk
auslöschen	خاموش کردن؛ خاموش شدن	ausloeshen
Erpressung	غصب؛ اجحاف	erpressunk
ausziehen	استخراج کردن؛ استخراج کردن، عصاره	austsihen
Extraktion	استخراج؛ عصارهگیری	ekstraktion
extraneös	غیراصلی	ekstraneoes
außergewöhnlich	غیرعادی؛ شگفت آور	aussergevoehnlih
Verschwendungssucht	زیادهروی؛ گزافگری	vershvendungssukht
verschwendungssüchtig	ولخرج؛ غیرمعقول	vershvendungssuehtik
Extrem	افراطی	ekstrem
äußerster	افراطی	oysserster
Extremist	افراطی	ekstremist
Extremistin	افراطی	ekstremistin
befreien	خلاصی بخشیدن	befraien
herauslösen	خلاصی بخشیدن	herausloesen
Protuberanz	بیروناندازی	protuberants
Bodenwelle	بیروناندازی	bodenvelle
exzessiv	پرپشت؛ فیض بخش	ekstsessiv
Auge	چشم	auge
Augapfel	تخمچشم؛ مقله	augapfel
Augenbraue	ابرو	augenbraue
Brille	عینک	brille
Augenlid	پلک؛ جفن	augenlid
Gewebe	پارچه	gevebe
Struktur	پارچه	shtruktur
Fertigung	دروغ نویسی؛ حرف اختراعی	fertigunk
fabulös	شگفت‌انگیز	fabuloes
Fassade	نمای خارجی	fassade
Gesicht	صورت	gesiht
gegenübertreten	صورت	gegenuebertreten
scherzhaft	لطیفهدار؛ شوخی آمیز	shertshaft
drollig	لطیفهدار؛ شوخی آمیز	drollik
Gesichts	صورتی	gesihts
erleichtern	تسهیل کردن	erlaihtern
Anlagen und Einrichtungen	تسهیلات؛ امکانات	anlagen und ainrihtungen
günstige Einrichtungen	تسهیلات؛ امکانات	guenstige ainrihtungen
Tatsache	واقعیت	tatsakhe
Faktor	عامل	faktor
Einfluss	عامل	ainfluss
Fabrik	کارخانه	fabrik
Ausbildungsrichtung	هیئت علمی	ausbildungsrihtunk
Fachbereich	هیئت علمی	fakhberaih
verwelken	محو شدن	vervelken
versagen	شکست خوردن	versagen
Misserfolg	شکست؛ اعسار	misserfolk
ohnmächtig werden	غش؛ ضعف کردن	ohnmehtik verden
Ohnmächtig werden	بی حالی	ohnmehtik verden
fair	منصفانه، نمایشگاه	fair
Fairness	انصاف	fairness
Anständigkeit	انصاف	anstendigkait
Fee	جن؛ پری	fee
treu	وفادار؛ مومن	troy
fälschen	جعلی	felshen
Fälschung	جعلی	felshunk
Falken	شاهین؛ سوله	falken
trügerisch	سفسطه آمیز	truegerish
Trugschluss	سفسطه؛ استدلال غلط	trugshluss
brach	آیش؛ آیش کردن	brakh
Brachland	آیش؛ آیش کردن	brakhland
Falschheit	ناراستی	falshhait
fälschlicherweise	کاذبانه؛ بدروغ	felshlihervaise
Ruhm	شهرت	ruhm
vertraut	بلد؛ آشنا	vertraut
Vertrautheit	آشنایی؛ موانست	vertrautait
Vertraulichkeit	آشنایی؛ موانست	vertraulihkait
Familie	خانواده	famili
Hungersnot	گرسنگی؛ قحطی	hungersnot
berühmt	مشهور	beruehmt
ventilieren	طرفدار، پنکه	ventiliren
belüften	طرفدار، پنکه	belueften
fanatisch	پرتعصب	fanatish
Phantasie	تفننی؛ پر اوهام	fantasi
phantastisch	فوق‌العاده	fantastish
Phantasiebild	فانتزی	fantasibild
weit	دور	vait
ausstopfen	کار بیهوده	ausstopfen
füllen	کار بیهوده	fuellen
Fahrpreis	کرایه	fahrprais
Abschied	وداع؛ بدرود	abshid
Bauernhof	مزرعه؛ کشاورزی کردن	bauernhof
Bauer	کشاورز	bauer
Bauernhaus	خانه رعیتی	bauernhaus
Farmhaus	خانه رعیتی	farmhaus
weiter	اقصی؛ جلوتر	vaiter
am weitesten	اقصی نقطه	am vaitesten
faszinieren	مسحور کردن؛ مفتون کردن	fastsiniren
in Bann halten	مسحور کردن؛ مفتون کردن	in bann halten
Zauber	فریبندگی	tsauber
Mode	مد؛ مدی	mode
modisch	شیک	modish
festmachen	بستن؛ محکم کردن	festmakhen
fastidiös	بدمنش؛ باریک بین	fastidioes
Fasten	ناشتا؛ صائم	fasten
fett	چاق؛ چربی	fett
fatal	کشنده	fatal
verhängnisvoll	کشنده	verhengnisvoll
Schicksal	سرنوشت	shiksal
Vater	پدر	vater
Ermüdung	خستگی؛ فرسودگی	ermuedunk
Übermüdung	خستگی؛ فرسودگی	uebermuedunk
mästen	چاق کردن؛ پرواری کردن	mesten
verdicken	چاق کردن؛ پرواری کردن	verdiken
fettig	پیه دار؛ چربی مانند	fettik
dick	پیه دار؛ چربی مانند	dik
begünstigen	لطف؛ احسان	beguenstigen
Gunst	لطف؛ احسان	gunst
günstig	مناسب؛ مساعد	guenstik
Favorit	محبوب؛ سوگلی	favorit
Gefallen	منت؛ التفات	gefallen
furchtlos	متهور؛ ناپروا	furhtlos
durchführbar	شدنی؛ صورت پذیر	durhfuehrbar
machbar	شدنی؛ صورت پذیر	makhbar
Fest	مهمانی؛ عید	fest
Heldentat	شاهکار	heldentat
Vogelfeder	پر؛ باپرآراستن	vogelfeder
Charakteristikum	ویژگی	harakteristikum
Eigentümlichkeit	ویژگی	aigentuemlihkait
Februar	فوریه	februar
föderal	فدرال	foederal
Bundes-	فدرال	bundes-
Föderalismus	فدرالیسم	foederalismus
föderieren	متعهد کرد	foederiren
Entgelt	اجرت؛ پردازه	entgelt
schwach	شل؛ کم زور	shvakh
Fütterung	غذا دادن	fuetterunk
Rückkopplung	پس خوراند	ruekkopplunk
Feedback	پس خوراند	feedbak
fühlen	احساس کردن	fuehlen
Gefühl	احساس	gefuehl
Kamerad	همکار؛ همتا؛ شخص	kamerad
Bursche	همکار؛ همتا؛ شخص	burshe
Kameradschaft	پژوهانه؛ هم صحبتی	kamerayaft
Weibchen	زن، زنانه	vaibhen
weiblich	زن، زنانه	vaiblih
feministisch	فمینیست	feministish
Feminist	فمینیست	feminist
femoral	رانی	femoral
Femoral	رانی	femoral
Oberschenkelknochen	استخوان ران	obershenkelknokhen
Zaun	نرده؛ حصار	tsaun
Fechtkunst	شمشیر بازی	fehtkunst
Einzäunung	شمشیر بازی	aintsoynunk
Fer Servadou	ترش کردن؛ مخمر کردن	fer tservadou
wild	سبع	vild
grimmig	سبع	grimmik
Ferokität	سبعیت؛ وحشی گری	ferokitet
Fähre	عبوردادن؛ گذر دادن	fehre
Fährschiff	عبوردادن؛ گذر دادن	fehrshiff
fruchtbar	بارور؛ حاصلخیز	frukhtbar
Geburtenhäufigkeit	باروری؛ حاصلخیزی	geburtenhoyfigkait
Fruchtbarkeit	باروری؛ حاصلخیزی	frukhtbarkait
inbrünstig	پرشور وشعف	inbruenstik
Feuereifer	شور؛ گرمی	foyeraifer
festlich	بزمی	festlih
Festlichkeit	بزم؛ جشن و سرور	festlihkait
holen	وا کشیدن	holen
Fesseln	پابند	fesseln
Fehde	تیولی؛ ملوک الطوایفی	fehde
Feudalismus	ملوک الطوایفی	foydalismus
Fieber	تب	fiber
fieberhaft	تب دار	fiberhaft
wenige	کم	venige
Fes	فس	fes
Verlobter	نامزد	verlobter
Faser	فیبر	faser
fibrös	لیفی	fibroes
Erdichtung	داستان	erdihtunk
Dichtung	داستان	dihtunk
fingiert	مستعار	fingirt
erdichtet	مستعار	erdihtet
Geige	زرزر کردن؛ ویولن زدن	gaige
schwindeln	زرزر کردن؛ ویولن زدن	shvindeln
Feld	میدان	feld
heftig	شدید	heftik
feurig	آتشی؛ مهیج	foyrik
fünfzehn	پانزده	fuenftsehn
fünfte	پنجم	fuenfte
fünfzigste	پنجاهمین؛ یک پنجاهم	fuenftsigste
fünfzig	پنجاه	fuenftsik
Feige	انجیر	faige
Kampf	مبارزه، مبارزه کردن	kampf
Zahl	رقم، شکل	tsahl
Figur	رقم، شکل	figur
ablegen	خط؛ سوهان	ablegen
Akte	خط؛ سوهان	akte
Filid	درخورفرزند	filid
Filipino	فیلیپینی	filipino
philippinisch	فیلیپینی	filippinish
Füller	بطانه؛ پر کننده	fueller
Film	فیلم؛ فیلم گرفتن	film
Filmemacher	فیلم‌ساز	filmemakher
filtern	فیلتر کردن	filtern
Filter	فیلتر کردن	filter
Dreck	نجاست؛ رجاست	drek
obszön	چرک؛ کثیف	obstsoen
dreckig	چرک؛ کثیف	drekik
endgültig	نهایی؛ نهایی (اسم)	endgueltik
endlich	بالاخره	endlih
finanzieren	دارایی؛ مالیه	finantsiren
Finanzierung	دارایی؛ مالیه	finantsirunk
finanziell	مالی؛ نقدی	finantsill
Geldgeber	سرمایه دار؛ سرمایه گذار	geldgeber
Sucher	یابنده	tsukher
Entdecker	یابنده	entdeker
fein	جریمه، جریمه کردن؛ خوب	fain
Geldstrafe	جریمه، جریمه کردن؛ خوب	geldstrafe
Finesse	نکته بینی؛ زیرکی بکار بردن	finesse
Geschick	نکته بینی؛ زیرکی بکار بردن	geshik
Finger	انگشت	finger
Griffbrett	جا انگشتی	griffbrett
Politur	تمام کردن؛ پایان	politur
Feuer	آتش	foyer
feuern	آتش	foyern
Feuerwaffe	سلاح گرم	foyervaffe
Brandstifter	آتش پاره	brandstifter
Hitzkopf	آتش پاره	hitskopf
Feuerwehrmann	آتش‌نشان	foyervehrmann
Feuerwehrfrau	آتش‌نشان	foyervehrfrau
Brennholz	حطب؛ هیزم	brennholts
Feuerwerk	آتش‌بازی	foyerverk
Feuerwerkskörper	آتش‌بازی	foyerverkskoerper
fest	محکم، شرکت	fest
Firma	محکم، شرکت	firma
erste	اول (اسم)؛ اول، اولین	erste
zuerst	اول (اسم)؛ اول، اولین	tsuerst
fiskalisch	مالیاتی؛ محاسباتی	fiskalish
steuerlich	مالیاتی؛ محاسباتی	shtoyerlih
fischen	ماهی؛ ماهی گرفتن	fishen
Fischer	صیاد؛ ماهیگیر	fisher
Fischerei	شیل؛ ماهی گیری	fisherai
Kernspaltung	شکافت	kernspaltunk
Fissur	گسله؛ شکافدار کردن	fissur
Faust	مشت؛ بامشت گرفتن	faust
passen	مناسب بودن؛ مناسب، حمله	passen
Tauglichkeit	مناسبت	tauglihkait
fünf	پنج	fuenf
Festsetzung	عشق زیاد	festsetsunk
festes Inventar	وسایل ثابت	festes inventar
unbewegliches Stück	وسایل ثابت	unbeveglihes shtuek
schlaff	لس	shlaff
Flagge	پرچم؛ رایت	flagge
Dreschflegel	گندم کوب؛ خرمن کوب	dreshflegel
Flam	شعلهور	flam
Flanke	پهلو؛ خاصره	flanke
Klappe	پرزدن؛ پرپرزدن	klappe
Sonneneruption	شعله؛ شعله زنی	tsonneneruption
Blitz	تلالو	blits
blitzen	تلالو	blitsen
Kolben	بغلی؛ دبه	kolben
flach	آپارتمان؛ صاف، یک طبقه	flakh
flach machen	مسطح کردن؛ بیمزه کردن	flakh makhen
Schmeichelei	تملق؛ شیره مالی	shmaihelai
zur Schau stellen	نازیدن؛ جولان دادن	tsur shau shtellen
Geschmack	مزه؛ طعم	geshmak
Aroma	طعم	aroma
Fabrikationsfehler	نقص	fabrikationsfehler
Gemeiner Lein	بزرک	gemainer lain
häuten	سخت انتقاد کردن	hoyten
Flöhe	کیک؛ شبگز	floehe
Stückchen	رگه رگه کردن	shtuekhen
flüchten	فرار کردن	fluehten
wollig	مثل پشم	vollik
Flotte	ناوگان	flotte
Fleet	تندپا	fleet
Fleisch	گوشت	flaish
fleischig	گوشتالو؛ گوشتی	flaishik
verziehen	منقبض کردن	vertsihen
drehen	منقبض کردن	drehen
Anpassungsfähigkeit	انعطاف‌پذیری	anpassungsfehigkait
Flexibilität	انعطاف‌پذیری	fleksibilitet
anpassungsfähig	قابل تغییر؛ قابل انحناء	anpassungsfehik
beweglich	قابل تغییر؛ قابل انحناء	beveglih
Flicker	سوسوزن	fliker
Flucht	پرواز	flukht
Flug	پرواز	fluk
schleudern	جفتک پرانی	shloydern
Feuerstein	چخماق؛ سنگ فندک	foyerstain
Liebesspiel	طناز؛ لاس زدن	libesspil
Vamp	طناز؛ لاس زدن	vamp
schwimmen	غوطهورساختن؛ غوطهدادن	shvimmen
treiben	غوطهورساختن؛ غوطهدادن	traiben
Schar	رمه؛ غنم	shar
Herde	رمه؛ غنم	herde
Flut	سیل؛ طوفان	flut
Hochwasser	سیل؛ طوفان	hokhvasser
Fußboden	کف، طبقه	fussboden
Stockwerk	کف، طبقه	shtokverk
Bodenbelag	کف سازی	bodenbelak
Diskette	مسخره وار	diskette
Pflanze	گیا؛ الهه گل	pflantse
Vegetation	گیا؛ الهه گل	vegetation
blumig	گلگون؛ سلیس وشیوا	blumik
gerötet	گلگون؛ سلیس وشیوا	geroetet
Florida	فلوریدا	florida
Mehl	آرد؛ آرد کردن	mehl
blühen	رونق گرفتن	bluehen
gedeihen	رونق گرفتن	gedaihen
fließen	بده؛ جاری کردن	flissen
Blume	گل	blume
Grippe	آنفولانزا	grippe
Influenza	آنفولانزا	influentsa
fluktuieren	مواج	fluktuiren
schwanken	مواج	shvanken
Schwankung	نوسان	shvankunk
Flaum	کرکدار شدن	flaum
Fluse	کرکدار شدن	fluse
flauschig	پرزدار	flaushik
disponibel	مایع	disponibel
flüssig	مایع	fluessik
geschleudert	پرت	geshloydert
Wirbel	طوفان ناگهانی	virbel
wohlhabend	آبریز	vohlhabend
reich	آبریز	raih
Flöte	مزمار؛ زماره	floete
Flutter	اهتزاز	flutter
Fliege	مگس؛ پرواز کردن	flige
Fohlen	خرک	fohlen
Schaum	کف کردن؛ جوش وخروش	shaum
Brennpunkt	تمرکز، تمرکز کردن	brennpunkt
Futtermittel	علوفه؛ علیق	futtermittel
Nebel	میغ؛ مه گرفتن	nebel
neblig	میغی؛ مهآلود	neblik
diesig	میغی؛ مهآلود	disik
kreuzen	زرورق؛ عقیم گذاردن	kroytsen
konterkarieren	زرورق؛ عقیم گذاردن	konterkariren
falten	خم؛ چروک	falten
Blatt	شاخ و برگ	blatt
Blätter	شاخ و برگ	bletter
Volksmusik	قوم وخویش	volksmusik
Stamm	قوم وخویش	shtamm
Follikel	برگه	follikel
folgen	دنبال کردن	folgen
Anhänger	هواخواه؛ تابع	anhenger
Verfolger	هواخواه؛ تابع	verfolger
nächster	زیر، بعدی	nehster
folgend	زیر، بعدی	folgend
Torheit	نابخردی؛ ابلهی	torhait
Narrheit	نابخردی؛ ابلهی	narrhait
zärtlich	علاقه‌مند	tsertlih
Essen	غذا	essen
Nahrung	غذا	nahrunk
Lebensmittel	موادغذایی	lebensmittel
töricht	احمقانه؛ سفیه	toeriht
törichtes Benehmen	حماقت؛ سفاهت	toerihtes benehmen
Fuß	پا	fuss
Filmmaterial	فیلم	filmmaterial
Bildmaterial	فیلم	bildmaterial
Fußball	فوتبال	fussball
Halt	جاپا؛ جای ثابت	halt
Stützpunkt	جاپا؛ جای ثابت	shtuetspunkt
Diener	شاطر	diner
Lakai	شاطر	lakai
Fußabdruck	ردپا	fussabdruk
Schritt	جاپا؛ گام برداری	shritt
für	برای	fuer
Fourage	پی علف گشتن	fourage
verboten	ممنوع؛ ممنوعه	verboten
Kraft	نیرو؛ اجبار	kraft
Zange	انبر جراحی	tsange
Geburtszange	انبر جراحی	geburtstsange
gewaltsam	عنفا؛ مجبوراً	gevaltsam
Furt	فرد؛ گدار	furt
Unterarm	ارش؛ ساعد	unterarm
Prognose	پیش‌بینی	prognose
Vorausschätzung	پیش‌بینی	vorausshetsunk
Vorfahren	اجداد	vorfahren
Zeigefinger	سبابه؛ انگشت شهادت	tsaigefinger
Vordergrund	صف جلو	vordergrund
Stirn	پیشانی؛ منصه	shtirn
fremd	خارجی	fremd
Meister	فورمن؛ سرکارگر	maister
Werkmeister	فورمن؛ سرکارگر	verkmaister
erstens	جلوترین؛ دردرجه نخست	erstens
an erster Stelle	جلوترین؛ دردرجه نخست	an erster shtelle
Vorzeichen	پیشرو؛ پیشگام	vortsaihen
vorhersehen	پیش اندیش	vorhersehen
Voraussicht	ابصار؛ پیش اندیشی	voraussiht
Wald	جنگل	vald
Forstwissenschaft	جنگلداری؛ جنگلبانی	forstvissenshaft
Vorgeschmack	آزمایش قبلی	vorgeshmak
vorhersagen	نبوت کردن؛ پیشگوئی کردن	vorhersagen
prognostizieren	نبوت کردن؛ پیشگوئی کردن	prognostitsiren
verwirken	ضبط شده	vervirken
verfallen	ضبط شده	verfallen
Fälscher	جاعل؛ جعل کننده	felsher
Urkundenfälscher	جاعل؛ جعل کننده	urkundenfelsher
vergessen	فراموش کردن	vergessen
vergesslich	فراموشکار؛ کم حافظه	vergesslih
Vergebung	عفو؛ بخشش	vergebunk
Gabel	چنگال	gabel
trostlos	مهجور؛ بی کس	trostlos
Form	فرم، تشکیل دادن	form
Formular	فرم، تشکیل دادن	formular
förmlich	رسمی	foermlih
Formalität	تکلف؛ رسمیت	formalitet
initialisieren	قالب	initialisiren
formatieren	قالب	formatiren
ehemaliger	سابق؛ پیشین	ehemaliger
früher	قبلاً	frueher
formidabel	سهمناک؛ ژیان	formidabel
Formel	فرمول	formel
Rezpt	فرمول	retspt
formulieren	فرموله کردن	formuliren
Festung	برج وبارو	festunk
Fort	برج وبارو	fort
fort	رو به جلو	fort
bevorstehend	قریب‌الوقوع	bevorstehend
entgegenkommend	قریب‌الوقوع	entgegenkommend
Befestigung	تقویت؛ حصار	befestigunk
stärken	مستحکم کردن؛ سنگربندی کردن	shterken
stärkend	مقوی	shterkend
befestigend	مقوی	befestigend
Standhaftigkeit	شهامت اخلاقی	shtandhaftigkait
vierzehn Tage	دوهفته	virtsehn tage
vierzehntägig	دو هفتگی	virtsehntegik
glücklich	خوش شانس	glueklih
glücklicherweise	خوشبختانه	glueklihervaise
Glück	طالع؛ فال	gluek
Vermögen	طالع؛ فال	vermoegen
vierzig	چهل	virtsik
Forum	انجمن	forum
vorwärts	جلو	vorverts
Fossil	فسیل	fossil
fördern	پرورش دادن	foerdern
faul	ناجوانمردانه؛ چرک شدن	faul
Gründung	بنیاد	gruendunk
Gründer	بنیانگذار	gruender
fand	تشکیل دهنده	fand
gefunden	تشکیل دهنده	gefunden
Findelkind	لقیط	findelkind
Gießerei	چدن ریزی	gisserai
Brunnen	چشمه	brunnen
vier	چهار	vir
vierzehn	چهارده	virtsehn
vierte	چهارم	virte
Galloanserae	پرنده	galloanserae
Fowler	شکارچی پرندگان	fovler
Fuchs	روبه؛ روباه بازی کردن	fukhs
Bruchteil	کسر، بخش کوچک	brukhtail
zerbrechlich	شکننده	tserbrehlih
Bruchstück	تکه	brukhstuek
Duft	عطر؛ نکهت	duft
Geruch	عطر؛ نکهت	gerukh
duftend	معطر؛ خوشبو	duftend
wohlriechend	معطر؛ خوشبو	vohlrihend
fragil	پوشالی؛ بی بنیه	fragil
Gebrechlichkeit	ضعف اخلاق	gebrehlihkait
einrahmen	شاسی؛ قاب کردن	ainrahmen
System	چارچوب	system
Frankreich	فرانسه	frankraih
Franchise	حق امتیاز	franhise
Lizenzvergabe	حق امتیاز	litsentsvergabe
frei machen	فاش؛ فرانک	frai makhen
Frei machen	رک گوئی	frai makhen
hektisch	دیوانه وار	hektish
Frantic	دیوانه وار	frantik
Betrug	کلاهبرداری	betruk
Freak	ناقصالخلقه	freak
frei	آزاد کردن؛ آزاد، رایگان	frai
kostenlos	آزاد کردن؛ آزاد، رایگان	kostenlos
Freiheit	آزادی	fraihait
Eigentum	مالکیت مطلق؛ ملک موروثی	aigentum
freiwillig	آزادانه	fraivillik
großzügig	آزادانه	grosstsuegik
Freimaurer	فراماسون؛ فراماسیون	fraimaurer
Freimaurerei	فراماسیونی	fraimaurerai
freie Männer	آزادگان	fraie menner
einfrieren	یخبندان؛ منجمد کردن	ainfriren
gefrieren	یخبندان؛ منجمد کردن	gefriren
Frachtgeld	گرانبار کردن؛ کرایه کشتی	frakhtgeld
französisch	فرانسوی؛ زبان فرانسه	frantsoesish
Frenzy	شوریده؛ شوریده حال	frentsy
Rausch	شوریدگی؛ شوریده کردن	raush
Häufigkeit	تناوب؛ بسامد	hoyfigkait
häufig besuchen	مکرر	hoyfik besukhen
oft	اغلب؛ مکرراً	oft
frisch	تازه	frish
Frische	تازگی؛ شادابی	frishe
Reibung	مالش؛ اصطکاک	raibunk
Freitag	جمعه	fraitak
Kühlschrank	یخچال	kuehlshrank
gebraten	سرخ کرده	gebraten
Freundschaft	یاری؛ دوستی	froynyaft
Fregatte	فرقت	fregatte
Schrecken	رم دادن	shreken
Entsetzen	رم دادن	entsetsen
erschrecken	هراسانیدن؛ ترساندن	ershreken
angsteinjagend	ارعاب؛ وحشتناک	angstainyagend
arktisch	خنک	arktish
Saum	سجاف؛ چتر زلف	saum
Frivolität	سبکی؛ لوسی	frivolitet
frivolös	سبکسر؛ بیهوده وبیمعنی	frivoloes
leichtfertig	سبکسرانه	laihtfertik
Kutte	فراک؛ لباس اسموکینگ	kutte
Froschlurche	قورباغه	froshlurhe
raufen	ورجه ورجه کردن	raufen
von	از	von
Vorderseite	جلو	vordersaite
glasieren	شبنم؛ سرماریزه	glasiren
Frost	شبنم؛ سرماریزه	frost
finster dreinblicken	اخم؛ اخم کردن	finster drainbliken
gefroren	منجمد؛ منجمده	gefroren
Obst	میوه	obst
Frucht	میوه	frukht
ertragreich	بارور؛ زاینده	ertragraih
Verwirklichung	تمتع؛ کامرانی	vervirklihunk
vereiteln	هیچ کردن؛ ناامید کردن	veraiteln
verhindern	هیچ کردن؛ ناامید کردن	verhindern
Vereitelung	ناامیدی	veraitelunk
Verhinderung	ناامیدی	verhinderunk
Brennstoff	سوخت؛ سوختی	brennstoff
Treibstoff	سوخت؛ سوختی	traibstoff
Flüchtiger	گریخته؛ فراری	fluehtiger
Fuge	نوعی آلت	fuge
vollenden	برآورده کردن	vollenden
abwickeln	برآورده کردن	abvikeln
erfüllen	تکمیل کردن؛ رفع نیاز کردن	erfuellen
Erfüllung	انجام؛ ایفاء	erfuellunk
voll	پر	voll
ganztags	تمام وقت	gantstags
fummeln	کورمالی	fummeln
herumtasten	کورمالی	herumtasten
Spaß	سرگرم کننده؛ سرگرمی	shpass
Funktion	وظایفه؛ کار افتادن	funktion
funktionell	کاربردی	funktionell
Fond	تهیه وجه کردن	fond
Geldmittel	تهیه وجه کردن	geldmittel
Fundraising	جمع‌آوری کمک مالی	fundraisink
Trichter	قیف؛ قیفی شکل	trihter
spaßig	خنده‌دار	shpassik
Pelz	پوست؛ خز	pelts
Furie	خشمگین	furi
Ofen	تون؛ تنور	ofen
Hochofen	تون؛ تنور	hokhofen
möblieren	تهیه کردن؛ دارای اثاثه کردن	moebliren
Möbel	مبلمان	moebel
Runzel	شیار کردن؛ شیار زدن	runtsel
pelzig	خزدار؛ خزپوش	peltsik
außerdem	وانگهی؛ دیگراینکه	ausserdem
überdies	وانگهی؛ دیگراینکه	ueberdis
furtiv	زیر جلی	furtiv
Gewalt	غضب؛ سوداء	gevalt
fusionieren	فتیله؛ گداختن	fusioniren
schmelzen	فتیله؛ گداختن	shmeltsen
Salve	شلیک متوالی	tsalve
Schmelzen	ذوب؛ گداز	shmeltsen
Verschmelzen	ذوب؛ گداز	vershmeltsen
aufgeregte Geschäftigkeit	هیاهو؛ ولوله	aufgeregte gesheftigkait
unnütz	بیهوده؛ باطل	unnuets
vergeblich	بیهوده؛ باطل	vergeblih
Zukunft	آینده	tsukunft
Einfall	شیرین کاری	ainfall
Gag	شیرین کاری	gak
Gewinn	انتفاع؛ جلب کردن	gevinn
gewinnen	انتفاع؛ جلب کردن	gevinnen
Gangart	مشی؛ گام برداشتن	gangart
Galaxie	کهکشان	galaksi
Pflanzengalle	زرد آب	pflantsengalle
ritterlich	زن باز؛ دلاوری کردن	ritterlih
Tapferkeit	زن نوازی	tapferkait
Galerie	گالری	galeri
Galeere	رانکا؛ رامکا	galeere
Gallone	گالن	gallone
galoppieren	تاخت؛ چهارنعل	galoppiren
Galopp	تاخت؛ چهارنعل	galopp
Galgen	دار؛ صلابه	galgen
spekulieren	قمار کردن؛ قماربازی کردن	shpekuliren
spielen	قمار کردن؛ قماربازی کردن	shpilen
Spieler	قمارباز؛ مهرهباز	shpiler
Glücksspiel	قمار	glueksspil
Spekulation	قمار	shpekulation
Spiel	بازی	shpil
Spielen	بازی	shpilen
Arbeitsgruppe	گام برداری	arbaitsgruppe
Arbeitskolonne	گام برداری	arbaitskolonne
Ganglion	غده لنفاوی	ganglion
Gangrän	قانقاریا	gangren
Garage	گاراژ؛ در گاراژ گذاردن	garage
Reparaturwerkstatt	گاراژ؛ در گاراژ گذاردن	reparaturverkstatt
Gewand	طرز رفتار؛ لباس پوشانیدن	gevand
Garten	باغ	garten
Gärtner	باغبان	gertner
Knoblauch	سیر	knoblauh
Knochenhechte	جامه؛ ملبوس	knokhenhehte
Garnison	ساخلو؛ پادگان	garnison
Garte	بند زدن	garte
Benzin	گاز	bentsin
Gas	گاز	gas
Gascon	گاسگن؛ لاف زن	gaskon
gaseös	گازدار؛ گازی	gaseoes
aufschlitzen	شکافدار کردن؛ مقاربت جنسی	aufshlitsen
Schnitt	شکافدار کردن؛ مقاربت جنسی	shnitt
Gaslicht	گاز سوز؛ شعله گاز	gasliht
Motorenbenzin	بنزین؛ گازولین	motorenbentsin
hecheln	نفس بریده	heheln
keuchen	نفس بریده	koyhen
Gastre	معدی	gastre
Tor	دروازه	tor
Pforte	دروازه	pforte
Spurweite	اندازهگیر	shpurvaite
dünn	زننده ساختن	duenn
Gaze	گاز؛ تنزیب	gatse
lustig	همجنس‌گرا	lustik
bunt	همجنس‌گرا	bunt
starren	خیره شدن	shtarren
anstarren	خیره شدن	anstarren
Amtsblatt	مجله رسمی	amtsblatt
Getriebe	دنده، تجهیزات	getribe
Gelatine	ژلاتین؛ سریشم	gelatine
Edelstein	جواهر نشان کردن؛ سنگ گران بها	edelstain
Juwel	جواهر نشان کردن؛ سنگ گران بها	yuvel
Geschlecht	جنسیت	geshleht
Gen	ژن	gen
allgemein	عمومی	allgemain
General	عمومی	general
Verallgemeinerung	تعمیم	verallgemainerunk
im allgemeinen	عموما؛ معمولا	im allgemainen
Erzeugung	تولید؛ زاد	ertsoygunk
generisch	عمومی	generish
Großzügigkeit	کرم؛ مروت	grosstsuegigkait
in großzügiger Weise	سخاوتمندانه؛ بی دریغ	in grosstsuegiger vaise
Genesis	تکوین؛ طرز تشکیل	genesis
1. Buch Mose	تکوین؛ طرز تشکیل	1. bukh mose
Genet	ژنتیکی	genet
Genf	ژنو	genf
Geni	خوش دهن	geni
Genialität	خوش معاشرتی	genialitet
Genie	نابغه	geni
Völkermord	نسل‌کشی	voelkermord
Heidenchristen	غیر کلیمی	haidenhristen
Ehrenmann	جنتلمن؛ سمیو	ehrenmann
Zartheit	ملایمت؛ نرمی	tsartait
Frau	زن نجیب؛ زن باتربیت	frau
Herrin	زن نجیب؛ زن باتربیت	herrin
Gent	بارامی؛ نرم نرم	gent
authentisch	واقعی	autentish
Gattung	سرده	gattunk
geographisch	جغرافیایی	geografish
Erdkunde	جغرافیا	erdkunde
Geologie	زمینشناسی؛ معرفت الارظ	geologi
geometrisch	هندسی	geometrish
Geometrie	هندسه	geometri
Georgien	گرجستان	georgin
Grusien	گرجستان	grusin
Georgisch	گرجی؛ گرجستانی	georgish
Ungeziefer	میکرب؛ جرثومه	ungetsifer
Mikrobe	میکرب؛ جرثومه	mikrobe
Deutscher	آلمانی؛ زبان آلمانی	doyher
deutsch	آلمانی؛ زبان آلمانی	doych
Germanisch	آلمانی؛ ژرمنی	germanish
Deutschland	آلمان	doychland
Keimung	جوانه زنی؛ جوانه زایی	kaimunk
Geste	اشاره	geste
bekommen	گرفتن	bekommen
Geist	روح؛ شبح	gaist
Gespenst	روح؛ شبح	gespenst
Riese	غول؛ نرهغول	rise
riesig	غول؛ نرهغول	risik
spotten	طنز گفتن؛ باطعنه استهزاء کردن	shpotten
Geschenk	هدیه	geshenk
begabt	خدا داده	begabt
Auftritt	کنسرت	auftritt
Nebenjob	کنسرت	nebenyob
Vergoldung	مطلا	vergoldunk
vergoldet	مطلا	vergoldet
Bohrer	گردبر؛ سوراخ کننده	bohrer
Gimlet	گردبر؛ سوراخ کننده	gimlet
Gin	جینی؛ جین	gin
Ingwer	زنجبیل	ingver
umgürten	ضربه شدید؛ کمربند بستن	umguerten
sich rüsten	ضربه شدید؛ کمربند بستن	tsih ruesten
Mädchen	دختر	medhen
Freundin eines Mannes	دوست دختر	froyndin aines mannes
mädchenhaft	دختروار	medhenhaft
Sattelgurt	ابعاد؛ قطر شکم	tsattelgurt
Umfang	ابعاد؛ قطر شکم	umfank
geben	دادن	geben
froh	خوشحال	froh
gerne	بخشنودی	gerne
Glanz	آب وتاب	glants
Blick	نگاه اجمالی	blik
Drüse	غده؛ دشبل	druese
glanduläre	غدهای	glandulere
Glare	درخشندگی زیاد	glare
Glasfaserverstärktes Aluminium	درخشندگی زیاد	glasfaserversterktes aluminium
Glas	شیشه، لیوان	glas
glasig	زجاجی	glasik
verglasen	لعابی؛ لعابدار	verglasen
glänzen	نور ضعیف؛ پرتو آنی	glentsen
glitzern	نور ضعیف؛ پرتو آنی	glitsern
gleiten	نرم رفتن؛ آسان رفتن	glaiten
Ahnung	سوسو زدن؛ نور کم	ahnunk
flüchtiger Blick	نگاه کوتاه	fluehtiger blik
global	جهانی	global
weltweit	جهانی	veltvait
Globalisierung	جهانی‌سازی	globalisirunk
Erdkugel	کره زمین	erdkugel
kugelförmig	گلبولوار؛ گوی مانند	kugelfoermik
sphärisch	گلبولوار؛ گوی مانند	shferish
Düsternis	عبوس بودن	duesternis
düster	تیره؛ گرفته	duester
herrlich	باشکوه	herrlih
glänzend	لعابی؛ لعابدار	glentsend
Glottis	چاکنای	glottis
Handschuh	دستکش	hanyuh
glühen	تابیدن؛ تافتن	gluehen
leuchten	تابیدن؛ تافتن	loyhten
Leim	چسباننده	laim
leimen	چسباننده	laimen
Schlemmerei	پر خوری؛ شکم پرستی	shlemmerai
gehen	رفتن	gehen
Antreiben	سک	antraiben
anstachelnd	سک	anstakhelnd
Tor beim Fußball	هدف	tor baim fussball
Torwart	گلر	torvart
Ziege	بز؛ بزغاله	tsige
kollern	لپ لپ خوردن	kollern
Gott	خدا	gott
Göttin	الهه؛ دارگونه	goettin
Pate	پدر تعمیدی؛ نام گذاردن بر	pate
Patin	مادر خوانده	patin
golden	طلا، طلایی	golden
Golf	گلف	golf
Goliat	جالوت؛ جلیات	goliat
gut	خوب؛ خوبی، نیکی	gut
Güte	خوبی	guete
imaginärer Firmenwert	سر قفلی	imaginerer firmenvert
Gans	غاز؛ هیس	gans
Ösophagus	پر خوردن؛ زیاد تپاندن	oesofagus
Speiseröhre	پر خوردن؛ زیاد تپاندن	shpaiseroehre
gorgeös	باشکوه	gorgeoes
Gorillas	گوریل	gorillas
Góry	لختهشده؛ جنایت آمیز	góry
Evangelium	مژده نیکو	evangelium
durchscheinend	بند شیطان؛ لعاب خورشید	durhshainend
diaphan	بند شیطان؛ لعاب خورشید	diafan
Klatsch	نمام؛ اراجیف	klakh
mittelalterlich	زبانگوتیک	mittelalterlih
gotisch	زبانگوتیک	gotish
Hohlmeißel	مغار؛ اسکنه جراحی	hohlmaissel
Gicht	نقرسی؛ نقرس	giht
regieren	حکومت کردن؛ فرمانداری کردن	regiren
Gouvernante	مدیره؛ زنحاکم	gouvernante
Governeur	استاندار	governoyr
Robe	خرقه؛ لباس شب	robe
Nachthemd	خرقه؛ لباس شب	nakhtemd
Gnade	ظرافت	gnade
graziös	ظریف؛ عاطر	gratsioes
gnädig	توفیق دهنده؛ فیض بخش	gnedik
Lohngruppe	پایه؛ نمره	lohngruppe
Schulnote	پایه؛ نمره	shulnote
allmählich	تدریجی	allmehlih
Stufe um Stufe	بمرور؛ متدرجا	shtufe um shtufe
Absolvent	آموخته؛ مدرج کردن	absolvent
Universitätsabsolvent	آموخته؛ مدرج کردن	universitetsabsolvent
Transplantat	اختلاس؛ پیوند کردن	transplantat
Graft	پیوندی	graft
Gramm	گرم	gramm
Grammatik	دستور؛ گرامر	grammatik
grammatisch	دستوری؛ صرفی	grammatish
Enkelkinder	احفاد	enkelkinder
Größe	شکوه؛ جلال	groesse
Pracht	شکوه؛ جلال	prakht
Großvater	پدربزرگ	grossvater
grandiloquent	گزاف گوی	grandilokvent
Großmutter	مادربزرگ	grossmutter
Großeltern	پدربزرگ/مادربزرگ	grosseltern
Enkel	پسر دختر؛ پسر پسر	enkel
Granit	خارا؛ گرانیت	granit
gewähren	عطا؛ اعطاء	gevehren
körnig	دانهدار؛ دانه ای	koernik
Traube	انگور؛ عنب	traube
grafisch	گرافیکی	grafish
Grafik	گرافیک	grafik
ergreifen	گرفتن، درک کردن	ergraifen
Gras	چمن	gras
Grünland	علفزار؛ سبزه زار	gruenland
grasbewachsen	پرچمن؛ علفی	grasbevakhsen
grasig	پرچمن؛ علفی	grasik
reiben	کبیر؛ کبیره	raiben
Rost	کبیر؛ کبیره	rost
dankbar	ممنون؛ شکور	dankbar
Befriedigung	سر بلندی	befridigunk
befriedigen	مفتخر کردن؛ بوجد آوردن	befridigen
Gitterrost	گوشت ریز	gitterrost
Dankbarkeit	سپاسگزاری؛ شکران	dankbarkait
Grab	قبر، جدی	grab
Kies	شن؛ ریگ	kis
Erdanziehung	قوه جاذبه	erdantsihunk
Schwerkraft	قوه جاذبه	shverkraft
Gravitation	جاذبه	gravitation
grau	خاکستری رنگ	grau
Kratzer	چریدن؛ چرا کردن	kratser
Fett	روغن؛ مداهنه	fett
fetten	روغن؛ مداهنه	fetten
großartig	عالی، بزرگ	grossartik
Bedeutung	بزرگی؛ شهامت	bedoytunk
Griechenland	یونان؛ کشور یونان	grihenland
Gier	حرص؛ طمع	gir
auf gierige Weise	حریصانه	auf girige vaise
gierig	پولکی؛ حریصانه	girik
Grieche	یونانی	grihe
griechisch	یونانی	grihish
grün	سبز	gruen
Gewächshaus	گلخانه	gevehshaus
begrüßen	سلام کردن	begruessen
Begrüßung	تهنیت؛ درود	begruessunk
Granate	نارنجک	granate
Grau	خاکستری	grau
Grid	شبکه	grid
Kummer	اندوه	kummer
Gram	اندوه	gram
Beschwerde	تظلم	beshverde
trauern	محزون کردن؛ غصه دادن	trauern
grievös	اندوه آورد	grivoes
grimm	عبوس؛ عبوسانه	grimm
unerbittlich	عبوس؛ عبوسانه	unerbittlih
Grimassen schneiden	شکلک	grimassen shnaiden
Grimasse	شکلک	grimasse
verschmutzen	رجاست؛ چرک سیاه کردن	vershmutsen
beschmutzen	رجاست؛ چرک سیاه کردن	beshmutsen
grinsen	نیشخند	grinsen
zerreiben	آسیاب کردن	tserraiben
Backenzahn	کوبنده؛ لهکننده	bakentsahn
festhalten	چنگ زدن	festalten
Mahlgut	گندمآسیابی؛ جو آسیابی	mahlgut
Schneid	ماسه سنگ	shnaid
stöhnend	فغان	shtoehnend
Stöhnen	فغان	shtoehnen
Lebensmittelhändler	عطار؛ بقال	lebensmittelhendler
Lebensmittelladen	خواربار	lebensmittelladen
Leistenregion	دوطاقه کردن؛ بیخ ران	laistenregion
kardätschen	داماد؛ چاروادار	kardehen
striegeln	داماد؛ چاروادار	shtrigeln
Groove	شیار؛ خط انداختن	groove
Chikan	کورمالی	hikan
brutto	ناخالص	brutto
Erdboden	زمین	erdboden
gemahlen	زمین	gemahlen
bodenlos	واهی؛ بی اساس	bodenlos
Gruppe	گروه	gruppe
Obstgarten	بیشه؛ شاخسار	obstgarten
Obstwiese	بیشه؛ شاخسار	obstvise
wachsen	رشد کردن	vakhsen
knurren	خرخر کردن	knurren
Knurren	خرخر کردن	knurren
Wachstum	رشد	vakhstum
missgönnen	کینه؛ غرض	missgoennen
grausig	وحشت آور؛ نفرت انگیز	grausik
grässlich	وحشت آور؛ نفرت انگیز	gresslih
Gemurre	غر؛ ژکیدن	gemurre
Garantie	التزام؛ ضمانت	garanti
bewachen	گارد؛ نگهبان	bevakhen
beschützen	گارد؛ نگهبان	beshuetsen
Vormund	سرپرست؛ متکفل	vormund
Partisan	چریک	partisan
denken	حدس زدن، حدس	denken
meinen	حدس زدن، حدس	mainen
Gast	مهمان	gast
schallendes Gelächter	خنده بلند؛ قاه قاه	shallendes gelehter
führen	راهنما، راهنمایی کردن	fuehren
Fremdenführer	راهنما، راهنمایی کردن	fremdenfuehrer
Richtlinie	دستورالعمل	rihtlini
Innung	سنخ؛ صنف	innunk
Zunft	سنخ؛ صنف	tsunft
Gerissenheit	تلبیس	gerissenhait
schuldig	مرتکب؛ مقصر	shuldik
Perlhuhn	گینه؛ مرغ شاخدار	perlhuhn
Guinea	گینه؛ مرغ شاخدار	guinea
Vorwand	لباس مبدل	vorvand
Gitarre	گیتار	gitarre
Erosionsrinne	آبکند؛ دره کوچک	erosionsrinne
Schluck	غورت؛ جرعه	shluk
hinunterschlucken	غورت؛ جرعه	hinuntershluken
Zahnfleisch	صمغ؛ چسب	tsahnflaish
Kaugummi	صمغ؛ چسب	kaugummi
Kanone	اسلحه	kanone
Geschütz	اسلحه	geshuets
Gunners	توپچی؛ تیر انداز	gunners
Schießpulver	باروت	shisspulver
Schuss	تیر رس؛ زخم گلوله	shuss
gluckern	غلغل؛ شرشر	glukern
Bö	باد ناگهانی؛ بادتند وشدید	boe
Rinne	آبگند؛ آب رو	rinne
Gosse	آبگند؛ آب رو	gosse
Gutturaler Laut	حلقی؛ گلوئی	gutturaler laut
Turnhalle	باشگاه ورزشی	turnhalle
Gymnastik	ژیمناستیک	gymnastik
Zigeuner	کولی؛ غربتی	tsigoyner
Zigeunerin	کولی؛ غربتی	tsigoynerin
Angewohnheit	عادت	angevohnhait
Habitat	زیستگاه	habitat
gewohnt	عادتی	gevohnt
hacken	نویسنده مزدور؛ درشکه کرایه	haken
zerhacken	نویسنده مزدور؛ درشکه کرایه	tserhaken
Hagel	تگرگ، استقبال کردن	hagel
hageln	تگرگ، استقبال کردن	hageln
Haar	مو	haar
behaart	مویی؛ مودار	behaart
haarig	مویی؛ مودار	haarik
halb	نصف	halb
halbwegs	در نیمه راه	halbvegs
Saal	سالن	tsaal
Halle	سالن	halle
Heiligenschein	هاله؛ هآاله بستن	hailigenshain
Nimbus	هاله؛ هآاله بستن	nimbus
halten	توقف، متوقف کردن	halten
stoppen	توقف، متوقف کردن	shtoppen
Schinken	ژامبون؛ گوشت ران	shinken
Hammer	چکش؛ پتک	hammer
hämern	چکش؛ پتک	hemern
Handschellen	بی نتیجه کردن	hanyellen
geleiten	دست	gelaiten
reichen	دست	raihen
Hand	مشت	hand
behindern	فلج؛ معلول	behindern
behindert	فلج	behindert
benachteiligt	فلج	benakhtailigt
Handarbeit	هنردستی؛ دستورزی	handarbait
Handwerk	هنردستی؛ دستورزی	handverk
Taschentuch	دستمال	tashentukh
behandeln	دسته؛ ادارهکردن	behandeln
Behandlung	رسیدگی	behandlunk
gutaussehend	خوبرو؛ جمیل	gutaussehend
Handschrift	خط؛ دستخط	hanyrift
handlich	مفید، دستی	handlih
aufhängen	آویختن؛ دار زدن	aufhengen
hängen	آویختن؛ دار زدن	hengen
Hannover	هانوور	hannover
geschehen	اتفاق افتادن	geshehen
in glücklicher Weise	با خوشحالی	in gluekliher vaise
Glücksgefühl	خوشبختی؛ شادی	glueksgefuehl
Belästigung	آزار و اذیت	belestigunk
Naturhafen	بندرگاه؛ لنگرگاه	naturhafen
Hafen	بندر	hafen
hart	سخت	hart
Versteifung	تصلب	verstaifunk
Verhärtung	تصلب	verhertunk
Härte	سختی؛ صلابت	herte
harte Umstände	مصیبت؛ تنگی	harte umstende
Geräte	سخت‌افزار	gerete
Eisenwaren	سخت‌افزار	aisenvaren
Echte Hasen	خرگوش؛ دراز گوش	ehte hasen
harmlos	بیگزند؛ بی آزار	harmlos
Harmonie	همساز	harmoni
Harmonium	گارمن	harmonium
harmonisieren	موافق کردن؛ متناسب بودن	harmonisiren
in Übereinstimmung bringen	موافق کردن؛ متناسب بودن	in ueberainstimmunk bringen
Pferdegeschirr	دهنه؛ تارکش	pferdegeshirr
Harfe	بربط	harfe
Harfenist	چنگزن	harfenist
Harfenistin	چنگزن	harfenistin
barsch	خشن	barsh
rau	خشن	rau
Harvard	هاروارد	harvard
ernten	برداشت	ernten
Eile	شتاب؛ عجله	aile
eilen	شتاباندن	ailen
hasten	شتاباندن	hasten
eilig	باشتاب؛ شتابان	ailik
Hut	کلاه	hut
Beil	تیشه؛ تبرزین	bail
Haß	متنفر بودن	hass
hassen	متنفر بودن	hassen
hochmütig	متکبرانه؛ مستکبر	hokhmuetik
regelmäßig besuchen	تسخیر کردن	regelmessik besukhen
haben	داشتن؛ داشتن (فعل کمکی)	haben
müssen	مجبور بودن (فعل کمکی)	muessen
Hawaii	هاوایی	havaii
hökern	جار؛ بابازشکار کردن	hoekern
hausieren	جار؛ بابازشکار کردن	hausiren
Heu	یونجه؛ علف خشک	hoy
Risiko	خطر	risiko
riskant	خطرناک؛ پرخطر	riskant
Dunst	مغموم بودن؛ مه کم	dunst
er	او (مرد)	er
Kopf	سر	kopf
Kopfschmerzen	سردرد	kopfshmertsen
Kopfweh	سردرد	kopfveh
Kopfbedeckung	آرایش سر؛ آرایش مو	kopfbedekunk
Schlagzeile	سرصفحه	shlagtsaile
kopfüber	سربجلو؛ شیرجه رونده	kopfueber
überstürzt	سربجلو؛ شیرجه رونده	ueberstuertst
Hauptquartier	ستاد مرکزی	hauptkvartir
Hauptgeschäftsstelle	ستاد مرکزی	hauptgesheftsstelle
eigensinnig	خودسر؛ مطلق العنان	aigensinnik
Heilung	بهبود؛ التیام	hailunk
Gesundheit	سلامتی	gesundhait
Gesundheitsfürsorge	مراقبت‌های بهداشتی	gesundhaitsfuersorge
Gesundheitswesen	مراقبت‌های بهداشتی	gesundhaitsvesen
gesund	سالم	gesund
Haufen	توده؛ خرمن	haufen
hören	شنیدن	hoeren
Hörer	شنونده؛ سمیع	hoerer
Anhörung	محاکمه؛ سمع	anhoerunk
Hearing	محاکمه؛ سمع	hearink
Herz	قلب	herts
Feuerstelle	کوره کشتی؛ کف منقل	foyerstelle
herzlos	بی عشق	hertslos
Hitze	گرما، گرم کردن	hitse
Heide	تیغستان	haide
Heideland	تیغستان	haideland
Himmel	بهشت	himmel
himmlisch	آسمانی؛ سماوی	himmlish
schwer an Gewicht	به شدت	shver an geviht
hebräisch	یهودی؛ عبری	hebreish
Hebräisch	یهودی؛ عبری	hebreish
Hektar	هکتار	hektar
Absicherung im Termingeschäft	چپر؛ خاربست	absiherunk im termingesheft
achten	رعایت؛ توجه کردن	akhten
Ferse	پاشنه؛ پاشنه پا	ferse
Absatz	پاشنه؛ پاشنه پا	absats
erhöhen	تشدید کردن	erhoehen
vermehren	تشدید کردن	vermehren
der Erbe	وارث؛ ارث بر	der erbe
Erbin	وارثه	erbin
Helena	هلنا	helena
Helikopter	هلیکوپتر	helikopter
Hallo	سلام	hallo
Steuer	سکان؛ اهرم سکان	shtoyer
Ruder	سکان؛ اهرم سکان	ruder
Helm	کلاه ایمنی	helm
Helfer	یاور؛ نصیر	helfer
hilfreich	مفید	hilfraih
hilflos	عاجز؛ ناگزیر	hilflos
Hemisphäre	نیمکره؛ نیم گوی	hemisfere
Halbkugel	نیمکره؛ نیم گوی	halbkugel
Henne	مرغ؛ مرغ خانگی	henne
deswegen	بنابراین	desvegen
deshalb	بنابراین	deshalb
künftig	منبعه؛ زین سپس	kuenftik
fürderhin	منبعه؛ زین سپس	fuerderhin
hepatisch	کبدی	hepatish
ihr	او (مفعول)، مال او (وابسته)	ihr
sie	او (مفعول)، مال او (وابسته)	si
Herold	جارچی	herold
Küchenkraut	گیاه	kuehenkraut
Herkules	هرکول	herkules
Herakles	هرکول	herakles
hier	اینجا	hir
hierher	اینجا	hirher
hiermit	بدینوسیله	hirmit
hierdurch	بدینوسیله	hirdurh
hereditär	ارثی؛ مادرزادی	herediter
Häresie	ارتداد؛ الحاد	heresi
Erbschaft	میراث	erbshaft
Erbe	میراث	erbe
Eremit	منزوی؛ کهبد	eremit
Hernie	باد فتق	herni
Held	قهرمان	held
heldenmutig	حماسی؛ پهلوانانه	heldenmutik
Heldin	شیرزن	heldin
Heroine	شیرزن	heroine
ihrer	مال او (زن)	ihrer
sie selbst	خودش (زن)	si tselbst
zögern	تامل کردن؛ تردد کردن	tsoegern
Zögern	تامل؛ درنگ	tsoegern
hauen	شقه	hauen
behauen	شقه	behauen
Hey	هی	hey
Hi	سلام	hi
versteckt	پنهان	verstekt
verstecken	پنهان کردن	versteken
beiseite schaffen	پنهان کردن	baisaite shaffen
Hierarchie	سلسله مراتب	hirarhi
Hieroglyphenschrift	هیروگلیف	hiroglyfenshrift
hoch	بالا؛ بالا، بلند	hokh
öffentlichkeitswirksam	برجسته	oeffentlihkaitsvirksam
prominent	برجسته	prominent
Fernstraße	بزرگراه	fernstrasse
Hügel	تپه	huegel
Hang	دامنه کوه؛ سرازیری تپه	hank
Abhang	دامنه کوه؛ سرازیری تپه	abhank
ihm	او (مفعول)	ihm
ihn	او (مفعول)	ihn
er selbst	خودش (مرد)	er tselbst
Scharnier	لولا؛ منوط بودن	sharnir
andeuten	اشاره، اشاره کردن	andoyten
Hüftgelenk	باسن	hueftgelenk
mieten	کرایه کردن؛ مزدور کردن	miten
seiner	مال او (مرد)	sainer
Histologie	بافت شناسی	histologi
Geschichtsschreiber	تاریخ‌دان	geshihtsshraiber
historisch	تاریخی	historish
Geschichte	تاریخ	geshihte
getroffen	ضربه زدن، ضربه	getroffen
bis dahin	تاکنون؛ تابحال	bis dahin
Bienenstock	مرکز تجمع	binenstok
Bienenkorb	مرکز تجمع	binenkorb
Hive	کهیر	hive
horten	احتکار کردن	horten
Hort	احتکار کردن	hort
Streich	حقه بازی کردن	shtraih
Trick	حقه بازی کردن	trik
Hobby	سرگرمی	hobby
Steckenpferd	سرگرمی	shtekenpferd
Hockeysport	هاکی	hokeysport
Inhaber	حامل؛ دارنده	inhaber
Loch	سوراخ	lokh
Feiertag	تعطیلات	faiertak
Urlaub	تعطیلات	urlaub
Heiligkeit	تقدس؛ لقب پاپ	hailigkait
Holland	هلند	holland
Niederlande	هلند	niderlande
hohl	تهی؛ پوچ	hohl
heilig	مقدس؛ مطهر	hailik
Zuhause	خانه؛ در خانه	tsuhause
Heim	خانه؛ در خانه	haim
Heimat	میهن	haimat
Heimatland	میهن	haimatland
heimatlos	بی‌خانمان	haimatlos
schlicht	مثل خانه؛ فاقد جمال	shliht
Heimstätte	مزرعه رعیتی	haimstette
Eigenheim	مزرعه رعیتی	aigenhaim
heimwärts	به‌طرف خانه	haimverts
Hausaufgaben	تکالیف	hausaufgaben
homogeneös	متجانس؛ همجنس	homogeneoes
homosexuell	کونی؛ همجنسباز	homoseksuell
Homosexueller	کونی؛ همجنسباز	homoseksueller
ehrlich	منصف؛ امین	ehrlih
auf ehrliche Weise	درستکارانه	auf ehrlihe vaise
Ehre	صداقت	ehre
Honig	عسل؛ شهد	honik
Flitterwochen	ماهعسل؛ ماه عسل رفتن	flittervokhen
ehren	افتخار؛ احترام	ehren
Hood	کروک دار	hood
Huf	سنب؛ باسم زدن	huf
Haken	قلاب؛ قلاب کردن	haken
leichtes Mädchen	جیب بر؛ قلاب انداز	laihtes medhen
Bordsteinschwalbe	جیب بر؛ قلاب انداز	bordstainshvalbe
hüpfen	رازک؛ لی لی کردن	huepfen
Sprung	رازک؛ لی لی کردن	shprunk
Hoffnung	امید؛ امید، امیدوار بودن	hoffnunk
hoffen	امید؛ امید، امیدوار بودن	hoffen
hoffnungsvoll	امیدوار	hoffnungsvoll
hoffnungslos	نومید؛ ناامید	hoffnungslos
Schwarm	گروه ترکان؛ گروه بیشمار	shvarm
Horizont	افق	horitsont
horizontal	ترازی؛ افقی	horitsontal
waagrecht	ترازی؛ افقی	vaagreht
Trompete	شاخ، بوق	trompete
geil	شهوتی	gail
heiß	شهوتی	haiss
entsetzlich	وحشتناک؛ موحش	entsetslih
Entsetzen verursachen	بهراس انداختن؛ به بیم انداختن	entsetsen verursakhen
Pferd	اسب	pferd
gastfreundlich	غریب نواز؛ مهمان نوازانه	gastfroyndlih
Krankenhaus	بیمارستان	krankenhaus
Gastfreundschaft	غریب پروری؛ غریب نوازی	gastfroynyaft
Gastgeber	میزبان؛ مهمان دار	gastgeber
Geisel	گروگان	gaisel
Herberge	پانسیون	herberge
Jugendherberge	پانسیون	yugendherberge
Gastgeberin	میزبان؛ زن مهماندار	gastgeberin
Hostess	میزبان؛ زن مهماندار	hostess
feindlich	خصمانه	faindlih
Feindschaft	خصومت	fainyaft
Hotel	هتل	hotel
Jagdhund	تازی؛ پاپی شدن	yagdhund
Stunde	ساعت	shtunde
Haus	خانه	haus
Haushaltsführung	خانه داری؛ اداره منزل	haushaltsfuehrunk
Hausfrau	کدبانو؛ سوزن دان	hausfrau
jedoch	با این حال	yedokh
brüllen	زوزه؛ زوزهکشیدن	bruellen
heulen	زوزه؛ زوزهکشیدن	hoylen
Schifsrumpf	تنه کشتی؛ لاشه کشتی	shifsrumpf
summen	زرزر؛ زمزمه کردن	tsummen
Mensch	انسان، انسانی	mensh
menschlich	انسان، انسانی	menshlih
human	انسانی؛ بامروت	human
humanitär	بشردوستانه	humaniter
bescheiden	فروتن	beshaiden
Luftfeuchtigkeit	رطوبت؛ نمداری	luftfoyhtigkait
demütigen	تحقیر کردن؛ حقیر کردن	demuetigen
beschämend	تحقیر آمیز	beshemend
erniedrigend	تحقیر آمیز	ernidrigend
Demütigung	تحقیر؛ انفعال	demuetigunk
Erniedrigung	تحقیر؛ انفعال	ernidrigunk
Demut	افتادگی؛ تواضع	demut
Humor	لطیفه؛ خلط	humor
Laune	لطیفه؛ خلط	laune
Humorist	لطیفهگو؛ فکاهی نویس	humorist
humorvoll	ظریف؛ فکاهی	humorvoll
ficken	قوز؛ کوهان	fiken
bügeln	قوز؛ کوهان	buegeln
Buckliger	گوژپشت؛ قوز پشت	bukliger
Buckel	گوژپشت؛ قوز پشت	bukel
hundert	صد	hundert
hundertste	صدم؛ یک صدم	hundertste
gehangen	آویخته	gehangen
gehängt	آویخته	gehengt
Ungarisch	مجار؛ مجاری	ungarish
Ungarn	مجارستان؛ هونگاری	ungarn
hungern	گرسنگی	hungern
dürsten	گرسنگی	duersten
hungrig	گرسنه	hungrik
Jagd	شکار؛ نخجیر	yagd
Jäger	شکارچی؛ صیاد	yeger
Schleudern	پرتاب	shloydern
Hurling	پرتاب	hurlink
Hurra	هورا؛ مرحبا	hurra
Hurrikan	توفان؛ تندباد	hurrikan
Orkan	توفان؛ تندباد	orkan
hastig	سراسیمه؛ عجولانه	hastik
verletzt	آسیب زدن، آسیب‌دیده	verletst
verletzte	آسیب زدن، آسیب‌دیده	verletste
Ehemann	شوهر	ehemann
zum Schweigen bringen	مخفی نگاهداشتن	tsum shvaigen bringen
Wasserschlange	مار آبی	vassershlange
Hydrat	هیدارت	hydrat
hydraulisch	هیدرولیک	hydraulish
Wasserstoff	هیدروژن	vasserstoff
Hymne	سرودروحانی؛ سرود خواندن	hymne
hypersensitiv	خیلی حساس	hypersensitiv
Hypochondrie	مراق	hypokhondri
Heuchelei	زرق؛ نفاق	hoyhelai
Quacksalber	ریاکار؛ سالوس	kvaksalber
Betrüger	ریاکار؛ سالوس	betrueger
hypodermisch	زیرپوستی؛ تحت الجلدی	hypodermish
Hypothese	فرضیه	hypotese
hypothetisch	فرضی؛ نهشتی	hypotetish
I	من	i
Eins	من	ains
Eis	یخ	ais
Speiseeis	بستنی	shpaiseais
Ikone	نماد	ikone
eisig	یخی؛ یخمانند	aisik
Es	شناسنامه	es
Kennung	شناسنامه	kennunk
Idee	ایده	idee
ideell	ایده‌آل	ideell
ideal	ایده‌آل	ideal
identisch	یکسان	identish
Identifizierung	شناسایی	identifitsirunk
Kennzeichnung	شناسایی	kenntsaihnunk
identifizieren	شناسایی کردن	identifitsiren
Identität	هویت؛ مشابهت	identitet
ideologisch	ایدئولوژیک	ideologish
Ideologie	ایدئولوژی	ideologi
Idiotie	ابلهی؛ سبک مغزی	idioti
Idiosynkrasie	طبیعت ویژه؛ خصوصیات اخلاقی	idiosynkrasi
Schwachsinniger	احمق	shvakhsinniger
Schwachkopf	احمق	shvakhkopf
Idiot	ابلهانه	idiot
faulenzen	تنبل؛ عاطل	faulentsen
müßig	تنبل؛ عاطل	muessik
Müßiggang	تنبلی؛ بیکاری	muessiggank
Faulenzer	بیکاره؛ چرخ دلاله	faulentser
Abgott	بت؛ صنم	abgott
Idol	بت؛ صنم	idol
Götze	بت پرستی	goetse
ob	اگر	ob
falls	اگر	falls
unedel	ناکس؛ نا اصل	unedel
ignominiös	ننگ آور	ignominioes
Unwissenheit	نادانی	unvissenhait
Unkenntnis	نادانی	unkenntnis
nicht wissend	نادان؛ جاهل	niht vissend
unkundig	نادان؛ جاهل	unkundik
ignorieren	بیاعتنایی کردن؛ ندیده گرفتن	ignoriren
nicht beachten	بیاعتنایی کردن؛ ندیده گرفتن	niht beakhten
krank	بیمار	krank
ungesetzlich	خلاف؛ حرام	ungesetslih
illegal	خلاف؛ حرام	illegal
unrechtmäßig	نامشروع؛ غیر مشروع	unrehtmessik
unerlaubt	نا مشروع؛ مخالف مقررات	unerlaubt
gesetzwidrig	نا مشروع؛ مخالف مقررات	gesetsvidrik
Illinois	ایلینوی	illinois
Analphabetismus	نادانی؛ بیسوادی	analfabetismus
ungelehrt	نادان؛ عامی	ungelehrt
unlogisch	غیرمعقول؛ بی منطق	unlogish
unvernünftig	غیرمعقول؛ بی منطق	unvernuenftik
beleuchten	روشنکردن؛ درخشانساختن	beloyhten
Festbeleuchtung	تنویر؛ تذهیب	festbeloyhtunk
Illusion	توهم	illusion
Sinnestäuschung	توهم	tsinnestoyshunk
Illus	غیر واقعی	illus
bebildern	مصور کردن؛ بامثال روشنساختن	bebildern
illustrieren	مصور کردن؛ بامثال روشنساختن	illustriren
Bebilderung	تصویرسازی؛ تصویر؛ مثال	bebilderunk
Bild	تصویر	bild
Abbild	تصویر	abbild
Bildsprache	تصاویر ذهنی	bildsprakhe
Bildwelt	تصاویر ذهنی	bildvelt
imaginär	انگاری؛ خیالی	imaginer
phantasievoll	متخیله؛ متخیل	fantasivoll
blödsinnig	سبک مغز؛ کند ذهن	bloedsinnik
nachahmen	تقلید کردن؛ متاسی شدن	nakhahmen
Nachahmung	ادا؛ تقلید	nakhahmunk
blitzblank	خالص	blitsblank
unfehlbar	خالص	unfehlbar
unreif	غیربالغ؛ نارسیده	unraif
unermesslich	بی اندازه؛ بی قیاس	unermesslih
unmittelbar	فوری؛ عاجل	unmittelbar
sofort	بلافاصله	tsofort
ungeheuer groß	عظیم	ungehoyer gross
Eintauchen	غوطهوری	aintauhen
Submersion	غوطهوری	tsubmersion
Einwanderer	کوچ نشین	ainvanderer
einwandernd	کوچ نشین	ainvandernd
Einwanderung	مهاجرت	ainvanderunk
Bevorstehen	مشرف بودن	bevorstehen
Bedrohung	مشرف بودن	bedrohunk
unmittel bevorstehend	قریب الوقوع	unmittel bevorstehend
drohend	قریب الوقوع	drohend
unbeweglich	غیر متحرک؛ جنبش ناپذیر	unbeveglih
Unbeweglichkeit	سکون؛ بی جنبشی	unbeveglihkait
unmoralisch	بدسیرت؛ بی سیرت	unmoralish
unsterblich	ابدی؛ جاوید	unsterblih
Unsterblichkeit	جاودانی؛ مرگ ناپذیری	unsterblihkait
unerschütterlich	استوار؛ غیر منقول	unershuetterlih
immun	مصون	immun
geschützt	مصون	geshuetst
Immunität	ایمنی؛ مصونیت	immunitet
Kobold	مرد جوان	kobold
Schlingel	مرد جوان	shlingel
Einwirkung	تماس؛ اثابت	ainvirkunk
beeinträchtigen	معیوب کردن؛ زیان رساندن	beaintrehtigen
vermindern	معیوب کردن؛ زیان رساندن	vermindern
Beeinträchtigung	خرابی	beaintrehtigunk
übermitteln	بهرهمند ساختن	uebermitteln
unparteiisch	بی غرض؛ حق گو	unpartaiish
unwegsam	بی گدار؛ نا گذرا	unvegsam
unpassierbar	بی گدار؛ نا گذرا	unpassirbar
impassiv	پوست کلفت	impassiv
Ungeduld	ناصبور؛ ناصبوری	ungeduld
ungeduldig	عجول؛ ناصبور	ungeduldik
Amtsenthebungsverfahren	استیضاح؛ اعلام جرم	amtsentebungsverfahren
undurchdringlich	سوراخ نشدنی؛ نفوذ ناپذیر	undurhdringlih
gebieterisch	امری	gebiterish
unmerklich	نفهمیدنی؛ نامحسوس	unmerklih
kaiserlich	سلطنتی؛ همایون	kaiserlih
imperial	سلطنتی؛ همایون	imperial
Imperialismus	امپریالیسم؛ استعمار طلبی	imperialismus
imperialistisch	استعمار گرای؛ بهره جویانه	imperialistish
imperiös	اماره	imperioes
unpersönlich	غیرشخصی؛ بی فاعل	unpersoenlih
sich ausgeben als	جعل هویت کردن	tsih ausgeben als
Ansturm	نیروی جنبش	ansturm
gottlos	بدآئین؛ بی دین	gottlos
unfromm	بدآئین؛ بی دین	unfromm
Implantation	جایگیری	implantation
einpflanzen	مرکوز	ainpflantsen
Hilfsmittel	اجرا کردن	hilfsmittel
Implementierung	پیاده‌سازی	implementirunk
implizieren	بهم پیچیدن	implitsiren
Implikation	پیامد	implikation
Verwicklung	پیامد	verviklunk
impliziert	ضمنی؛ تلویحی	implitsirt
stillschweigend	ضمنی؛ تلویحی	shtillshvaigend
stillschweigend andeuten	معنی دادن؛ معنی بخشیدن	shtillshvaigend andoyten
unhöflich	پررو؛ بی ادب	unhoeflih
Import	ورود؛ بهکشور آوردن	import
importieren	ورود؛ بهکشور آوردن	importiren
Wichtigkeit	اعتبار؛ اهمیت	vihtigkait
wichtig	مهم	vihtik
auferlegen	وارد کردن؛ تکلیف کردن	auferlegen
Unmöglichkeit	کار نشدنی؛ عدم امکان	unmoeglihkait
unmöglich	غیر ممکن	unmoeglih
Schwindler	عیار؛ طرار	shvindler
Machtlosigkeit	عنن؛ ضعف جنسی	makhtlosigkait
Impotenz	عنن؛ ضعف جنسی	impotents
machtlos	عنین؛ اکار	makhtlos
impotent	عنین؛ اکار	impotent
arm machen	فقیرنشین	arm makhen
nicht zu verwirklichen	غیر عملی	niht tsu vervirklihen
beeindrucken	تأثیر کردن؛ در ذهن جاگیر کردن	beaindruken
Eindruck	طبع؛ تأثیر	aindruk
eindrucksvoll	برانگیزنده احساسات	aindruksvoll
Beeindrucken	اثر گذاری	beaindruken
gefangen setzen	زندانی کردن	gefangen tsetsen
Gefangenschaft	حبس	gefangenshaft
unwahrscheinlich	بعید؛ مستبعد	unvahrshainlih
unpassend	ناشایسته؛ ناسره	unpassend
unsachgemäß	ناشایسته؛ ناسره	unsakhgemess
Ungehörigkeit	ناشایستگی؛ زیبندهنبودن	ungehoerigkait
sich bessern	بهبود بخشیدن	tsih bessern
improvisieren	بالبداهه؛ فی البدیهه	improvisiren
aus dem Stegreif schaffen	بالبداهه؛ فی البدیهه	aus dem shtegraif shaffen
Unklugheit	بی تدبیری؛ بی مبالاتی	unklughait
Unbedachtsamkeit	بی تدبیری؛ بی مبالاتی	unbedakhtsamkait
unklug	بی تدبیر	unkluk
unbedacht	بی تدبیر	unbedakht
Anstoß	محرک آنی	anstoss
Antrieb	محرک آنی	antrib
impulsiv	بلهوس	impulsiv
unrein	ناپاک؛ ناخالص	unrain
Unreinheit	نجاست؛ ناپاکی	unrainhait
herein	در	herain
hinein	در	hinain
Unfähigkeit	عدم توانایی	unfehigkait
unzugänglich	منیع؛ ممنوع الوصول	untsugenglih
ungenau	غیردقیق	ungenau
Inaktion	ناکنش؛ بی کاری	inaktion
nicht aktiv	نادایر؛ بی جنبش	niht aktiv
Untätigkeit	بی جنبشی؛ عدم فعالیت	untetigkait
Missverhältnis	عدمتکافو؛ نامناسبی	missverheltnis
Unangemessenheit	عدمتکافو؛ نامناسبی	unangemessenhait
unangemessen	ناکافی	unangemessen
unzulänglich	ناکافی	untsulenglih
unbeabsichtigt	غیر عمدی	unbeabsihtigt
versehentlich	غیر عمدی	versehentlih
inadvisabel	از مصلحت بدور است	inadvisabel
unveräußerlich	بیع ناپذیر	unveroysserlih
nicht anwendbar	غیر مشمول	niht anvendbar
ungeeignet	نامناسب	ungeaignet
unartikuliert	بی بند؛ بی مفصل	unartikulirt
wortkarg	بی بند؛ بی مفصل	vortkark
Unaufmerksamkeit	غافلی؛ ناپرهیزی	unaufmerksamkait
unaufmerksam	بی توجه؛ بی اعتنا	unaufmerksam
unhörbar	نارسا؛ غیر مسموع	unhoerbar
Inauguration	افتتاحی؛ گشایشی	inauguration
nicht kalkulierbar	نا شمردنی	niht kalkulirbar
unberechenbar	نا شمردنی	unberehenbar
unfähig	عاجز؛ ناتوان	unfehik
nicht kompetent	عاجز؛ ناتوان	niht kompetent
außer Gefecht setzen	ناتوان ساختن؛ ناقابل ساختن	ausser gefeht tsetsen
Inkapakität	عدم صلاحیت	inkapakitet
verkörpert	متجسم؛ مجسمکردن	verkoerpert
Fleisch geworden	متجسم؛ مجسمکردن	flaish gevorden
inzendiär	آتش زا	intsendier
Räucherwerk	عود؛ بخور خوشبو	royherverk
anfeuernd	مشوق	anfoyernd
Beginn	درجه گیری	beginn
unaufhörlich	لاینقطع	unaufhoerlih
Zoll	اینچ	tsoll
Vorfall	اتفاق؛ ماجرا	vorfall
anfallend	ضمنا	anfallend
beiläufig	ضمنا	bailoyfik
einschneiden	شکافتن؛ حجاری کردن	ainshnaiden
Einschnitt	شکاف	ainshnitt
Schneidezahn	ثنایا	shnaidetsahn
anreizen	تحریص	anraitsen
Inzivilität	بی تمدنی	intsivilitet
Inklination	گروانیدن؛ مایل کردن	inklination
inbegriffen	شامل	inbegriffen
einschließlich	شامل	ainshlisslih
Einschluß	شمول	ainshluss
unerkannt	نا شناس؛ بانام مستعار	unerkannt
inkognito	نا شناس؛ بانام مستعار	inkognito
Einkommen	دخل؛ درآمد	ainkommen
Inkompatibilität	ناسازگاری؛ منافات	inkompatibilitet
unvereinbar	ناسازگار؛ نا موافق	unverainbar
unverträglich	ناسازگار؛ نا موافق	unvertreglih
Unzuständigkeit	بی کفایتی؛ بی ظرفیتی	untsustendigkait
unvollständig	ناقص؛ ناتمام	unvollstendik
unbegreiflich	نامفهوم؛ نفهمیدنی	unbegraiflih
inkonzeivabel	غیر قابل تصور	inkontsaivabel
nicht beweiskräftig	غیرقاطع	niht bevaiskreftik
inkongruös	بی تناسب	inkongruoes
Uneinheitlichkeit	نا استواری؛ نا سازگاری	unainhaitlihkait
Unvereinbarkeit	نا استواری؛ نا سازگاری	unverainbarkait
Unbeständigkeit	عدمثبات	unbestendigkait
Unannehmlichkeit	معذب داشتن؛ اسباب زحمت	unannehmlihkait
integrieren	تلفیق کردن	integriren
handelsgerichtliche Eintragung	تلفیق؛ یکی شدنی	handelsgerihtlihe aintragunk
nicht richtig	نادرست	niht rihtik
inkorrigibel	درست نشدنی؛ اصلاح ناپذیر	inkorrigibel
Zunahme	افزایش، افزایش دادن	tsunahme
zunehmen	افزایش، افزایش دادن	tsunehmen
unglaublich	باورنکردنی	unglaublih
Inkubation	جوجه کشی؛ بر خوابش	inkubation
Amtsinhaber	شاغل؛ مصدر کار	amtsinhaber
übernehmen	متحمل شدن	uebernehmen
sich zuziehen	متحمل شدن	tsih tsutsihen
verschuldet	مدیون؛ بدهکار	vershuldet
indekent	گستاخ؛ شرمآور	indekent
Indezision	بی تکلیفی؛ بی عزمی	indetsision
indezisiv	غیرقاطع؛ بی همت	indetsisiv
unbestimmbar	توصیف نشدنی	unbestimmbar
unbestimmt	غیرمشخص؛ نکره	unbestimmt
Schadensersatz	غرامت؛ جبران زیان	shadensersats
unabhängig	مستقل	unabhengik
in unabhängiger Weise	مستقلا؛ بالاستقلال	in unabhengiger vaise
unbeschreiblich	وصف ناپذیر؛ توصیف ناپذیر	unbeshraiblih
unzerstörbar	زوال ناپذیر؛ نابود نشدنی	untserstoerbar
Index	فهرست	indeks
Register	فهرست	register
Indien	هند؛ هندوستان	indin
Inder	هندی؛ سرخ‌پوست	inder
hinweisen	حکایت داشتن؛ حاکی بودن	hinvaisen
Anzeichen	نشانه	antsaihen
hinweisend	حاکی؛ اشارهکننده	hinvaisend
Indikator	شاخص	indikator
Kennzeichen	شاخص	kenntsaihen
Gleichgültigkeit	خونسردی؛ بی علاقگی	glaihgueltigkait
indifferent	خونسرد؛ بی اشتیاق	indifferent
gleichgültig	خونسرد؛ بی اشتیاق	glaihgueltik
Indigen	بومی	indigen
Indigestion	رودل؛ بدهزمی	indigestion
empört	خشمگینانه	empoert
Wut	رنجش؛ خشم	vut
Rage	رنجش؛ خشم	rage
Indignität	هتک آبرو	indignitet
indirekt	غیرمستقیم؛ ناراسته	indirekt
mittelbar	غیرمستقیم؛ ناراسته	mittelbar
Unbesonnenheit	بی خردی	unbesonnenhait
Unüberlegtheit	بی خردی	unueberlegtait
unerlässlich	حتمی؛ صرفنظر نکردنی	unerlesslih
undeutlich	ناشمرده؛ ناشنوا	undoytlih
individuell	فرد، فردی	individuell
persönlich	به‌طور انفرادی	persoenlih
als Einzelner	به‌طور انفرادی	als aintselner
Indol	کاهل	indol
im Gebäude	زیر سقف	im geboyde
im Hause	در منزل	im hause
verleiten	تحریک کردن	verlaiten
veranlassen	تحریک کردن	veranlassen
Induktion	القاء؛ استقراء	induktion
frönen	افراط کردن	froenen
hätscheln	افراط کردن	heheln
Ablass	اغماض؛ مساهله	ablass
nachsichtig	زیاده رو	nakhsihtik
industriell	صنعتی؛ اهل صنعت	industrill
Industrie	صنعت	industri
unwirksam	بی اثر؛ بی نتیجه	unvirksam
wirkungslos	بیاثربودن؛ غیر موثر	virkungslos
sinnlos	بیاثربودن؛ غیر موثر	tsinnlos
Leistungsschwäche	بی ظرفیتی؛ بی عرضگی	laistungsshvehe
ineligibel	شامل نشدنی	ineligibel
Inequalität	نابرابری	inekvalitet
inequitabel	غیر منصفانه	inekvitabel
Inerte Substanz	نا کار	inerte tsubstants
unabwendbar	اجتناب‌ناپذیر	unabvendbar
unvermeidlich	اجتناب‌ناپذیر	unvermaidlih
zwangsläufig	ناگزیر	tsvangsloyfik
inexhaustibel	تهی نشدنی	inekshaustibel
Unerfahrenheit	بی تجربگی	unerfahrenhait
unerfahren	ناشی؛ نپخته	unerfahren
inextrikabel	نگشودنی	inekstrikabel
berüchtigt	بدنام	beruehtigt
Infamie	سابقهبد؛ بدنامی	infami
Anfangsphase	طفولیت؛ صغارت	anfangsfase
Infanterie	پیاده؛ پیاده نظام	infanteri
anstecken	آلوده کردن	ansteken
Infektion	عفونت	infektion
infektiös	عفونی؛ فاسد کننده	infektioes
Schlussfolgerung	استنباط	shlussfolgerunk
minderwertig	اسفل؛ فرومایه	mindervertik
Untergebener	اسفل؛ فرومایه	untergebener
Infinitesimalzahl	بینهایت کوچک	infinitesimaltsahl
Unendlichkeit	نامحدودی	unendlihkait
Infirmität	علیلی؛ نا توانی	infirmitet
entzündet	مشتعل؛ ملتهب	entsuendet
feuergefährlich	آتشگیر؛ شعله ور	foyergefehrlih
Entzündung	آماس؛ ورم	entsuendunk
entzündlich	ورمی؛ آماسی	entsuendlih
aufrührerisch	ورمی؛ آماسی	aufruehrerish
aufgebläht	هوادار؛ بادآورده	aufgebleht
Inflation	تورم	inflation
verhängen	تحمیل کردن	verhengen
zufügen	تحمیل کردن	tsufuegen
einflussreich	بانفوذ	ainflussraih
Info	اطلاعات	info
informieren	آگاهانیدن؛ آگاه کردن	informiren
formlos	غیر رسمی	formlos
informell	غیر رسمی	informell
Auskunftsperson	آگاهگر؛ شکل دهنده	auskunftsperson
Informant	آگاهگر؛ شکل دهنده	informant
Entropie	اطلاعات	entropi
Information	اطلاعات	information
Informierer	نمام؛ سخنچین	informirer
Infrastruktur	زیرساخت	infrastruktur
ingeniös	نکته دان؛ نکته پرداز	ingenioes
Ingenuität	دهاء	ingenuitet
Ing	درهیختن؛ داخل معده کردن	ink
Ingestion	درهنج؛ فرو بری	ingestion
einschmeicheln	خود شیرینی کردن	ainshmaiheln
Bestandteil	جزء؛ جزء ترکیبی	bestandtail
leben	مسکون کردن؛ مسکن گزیدن	leben
verbleiben	مسکون کردن؛ مسکن گزیدن	verblaiben
Einwohner	ساکن	ainvohner
Einwohnerin	ساکن	ainvohnerin
Inspiration	استنشاق؛ شهیق	inspiration
einatmen	استنشاق کردن؛ استشمام کردن	ainatmen
implizit	ذاتی	implitsit
innewohnend	ذاتی	innevohnend
von Natur aus	ذاتاً؛ به‌طور ذاتی	von natur aus
erben	به ارث بردن	erben
hindern	مهار کردن	hindern
hemmen	مهار کردن	hemmen
empfindungslos	نامردم؛ غیر انسانی	empfindungslos
unmenschlich	غیر انسانی؛ غیر بشری	unmenshlih
Inhumanität	نامردمی؛ غیرانسانی بودن	inhumanitet
inimisch	دشمنانه	inimish
anfangs	ابتدایی؛ آغازی	anfangs
Anfangsbuchstabe	ابتدایی؛ آغازی	anfangsbukhstabe
Initiation	راهاندازی	initiation
Initiierung	راهاندازی	initiirunk
Eröffnungsvorstellung	ابتکار؛ ابداع	eroeffnungsvorstellunk
Initiative	ابتکار؛ ابداع	initiative
einspritzen	تزریق کردن	ainspritsen
Spritze	تزریق	shpritse
verletzen	ناقص کردن؛ مجروح کردن	verletsen
Verletzung	مضر	verletsunk
Ungerechtigkeit	بی‌عدالتی	ungerehtigkait
Tinte	جوهر	tinte
Binnenland	درون کشور؛ درون مرزی	binnenland
Sträfling	زندانی	shtreflink
Gasthaus	رباط؛ سرای	gastaus
innere Organe	قسمتهای داخلی	innere organe
innerer	داخله؛ باطنی	innerer
innerste	داخلی ترین	innerste
Gastwirt	صاحب مسافرخانه	gastvirt
Unschuld	برائت؛ معصومیت	unshuld
Schuldlosigkeit	برائت؛ معصومیت	shuldlosigkait
schuldlos	منزه؛ روسفید	shuldlos
unschuldig	منزه؛ روسفید	unshuldik
Innovation	نوآوری	innovation
Neuerung	نوآوری	noyerunk
Änderungen treffen	نوآورانه	enderungen treffen
zahllos	غیرقابل شمارش	tsahllos
unzählig	غیرقابل شمارش	untsehlik
Inokulation	تلقیح؛ مایه کوبی	inokulation
inoperabel	غیردایر؛ عملناپذیر	inoperabel
inoperativ	غیردایر؛ نادایر	inoperativ
ungelegen	نابجا؛ نابهنگام	ungelegen
Eingabe	ورودی	aingabe
Einsatz	ورودی	ainsats
inquisitiv	کنجکاو	inkvisitiv
wahnsinnig	روانی؛ دیوانه	vahnsinnik
geisteskrank	روانی؛ دیوانه	gaisteskrank
Wahnsinn	جنون؛ دیوانگی	vahnsinn
Inschrift	ثبت؛ کتابت	inshrift
inskrutabel	نفوذ ناپذیر	inskrutabel
Insekt	حشره	insekt
unsicher	غیرمحفوظ؛ ناامن	unsiher
unempfindlich	غیرمحسوس؛ غیر حساس	unempfindlih
insensitiv	لایعقل؛ بی غیرت	insensitiv
untrennbar	لاینفک	untrennbar
einfügen	وارد کردن	ainfuegen
Inserat	درج	inserat
drinnen	داخل، درون	drinnen
Innenseite	داخل، درون	innensaite
Insider	خودی	insider
Mitglied der Börse	خودی	mitglid der boerse
Einsicht	فراست؛ بصیرت	ainsiht
InSight	فراست؛ بصیرت	insight
Insigne	آرم؛ نشان رسمی	insigne
Bedeutungslosigkeit	ناقابلی؛ ناچیزی	bedoytungslosigkait
insignifikant	ناچیز؛ خفیف	insignifikant
unaufrichtig	بدونصمیمیت؛ بی صداقت	unaufrihtik
anspielend	ریشخند کننده	anspilend
einschmeichelnd	ریشخند کننده	ainshmaihelnd
bestehen auf	ابرام کردن؛ سماجت کردن	bestehen auf
beharren	ابرام کردن؛ سماجت کردن	beharren
Beharren	ابرام؛ سماجت	beharren
beharrlich	مصرانه؛ پافشار	beharrlih
eindringlich	مصرانه؛ پافشار	aindringlih
unlöslich	غیر محلول	unloeslih
Schlaflosigkeit	بیخوابی؛ بدخوابی	shlaflosigkait
inspizieren	بازرسی کردن	inspitsiren
Inspektion	بازرسی	inspektion
Aufseher	بازرس	aufseher
Inhalation	الهام	inhalation
Einatmung	الهام	ainatmunk
inspirieren	الهام کردن؛ ملهم کردن	inspiriren
installieren	نصب کردن؛ کار گذاشتن	installiren
aufstellen	نصب کردن؛ کار گذاشتن	aufstellen
Installation	نصب	installation
Anlage	نصب	anlage
Teilzahlung	قسط؛ علیالحساب	tailtsahlunk
sofortig	فوری	tsofortik
sogleich	فوراً	tsoglaih
stattdessen	به جای	shtattdessen
Instigation	تحریک	instigation
Instinkt	غریزه	instinkt
Institut	بنگاه؛ موسسه	institut
Einrichtung	بنگاه؛ موسسه	ainrihtunk
institutionell	نهادی	institutionell
unterweisen	دستور دادن	untervaisen
Anweisung	دستورالعمل	anvaisunk
Unterweisung	دستورالعمل	untervaisunk
Ausbilder	مربی	ausbilder
Instrukteur	مربی	instruktoyr
Werkzeug	ابزار، ساز	verktsoyk
Instrumentalmusik	موثر	instrumentalmusik
Gehorsamsverweigerung	نافرمانی؛ سر پیچی	gehorsamsvervaigerunk
ungenügend	ناکافی	ungenuegend
unzureichend	ناکافی	untsuraihend
insular	جزیرهای؛ غیر آزاد	insular
engstirnig	جزیرهای؛ غیر آزاد	engstirnik
isolierend	عایق	isolirend
beleidigen	توهین	belaidigen
Beleidigung	توهین	belaidigunk
Insurrektion	یاغی گری	insurrektion
intakt	دست نخورده	intakt
unberührt	دست نخورده	unberuehrt
intangibel	لمس ناپذیر؛ درک نکردنی	intangibel
inhärent	جدایی ناپذیر	inherent
integriert	یکپارچه	integrirt
Eingliederung	یکپارچگی	aingliderunk
Integrität	صداقت، یکپارچگی	integritet
Verstand	خرد؛ عقل	verstand
gebildet	روشنفکر؛ فکری	gebildet
Intelligenz	هوش؛ آگاهی	intelligents
intelligent	باهوش	intelligent
intelligibel	مفهوم؛ قابل فهم	intelligibel
beabsichtigen	بسیجیدن؛ قصد کردن	beabsihtigen
angestrengt	شدید	angestrengt
Intensität	شدت	intensitet
intensiv	فشرده	intensiv
Absicht	قصد	absiht
bedacht	قصد	bedakht
beerdigen	مدفون ساختن	beerdigen
aufeinander wirken	تعامل داشتن	aufainander virken
Wechselkwirkung	تعامل	vehselkvirkunk
interzellular	بین یاختهای؛ داخل سلولی	intertsellular
interzellulär	بین یاختهای؛ داخل سلولی	intertselluler
Geschlechtsverkehr	آمیزش؛ مقاربت	geshlehtsverkehr
Verkehr	آمیزش؛ مقاربت	verkehr
interkurrent	مداخله کننده	interkurrent
Interesse	علاقه، علاقه مند کردن	interesse
Zins	علاقه، علاقه مند کردن	tsins
interessant	جالب	interessant
Port	رابط	port
Anwenderschnittstelle	رابط	anvendershnittstelle
sich einmischen	دخالت کردن	tsih ainmishen
Einmischung	دخالت	ainmishunk
Übergangszeit	موقت	uebergangstsait
Zwischenzeit	موقت	tsvishentsait
Interieur	داخلی	interioyr
Gesprächspartner	هم سخن؛ طرف صحبت	gesprehspartner
Mittelsmann	مداخله کننده؛ وساطت کننده	mittelsmann
Vermittler	مداخله کننده؛ وساطت کننده	vermittler
dazwischenliegend	متوسط	datsvishenligend
interminabel	پایان ناپذیر؛ تمام نشدنی	interminabel
mit Unterbrechungen	نوبتی؛ نوبت دار	mit unterbrehungen
innerbetrieblich	داخلی؛ داخله	innerbetriblih
international	بین‌المللی	international
Internet	اینترنت	internet
auslegen	ترجمه کردن؛ تعبیر کردن	auslegen
Auslegung	تفسیر	auslegunk
Übersetzung	تفسیر	uebersetsunk
Dolmetscher	مترجم؛ حلاج	dolmeher
zwischenstaatlich	بین ایالتی	tsvishenstaatlih
Intervall	فاصله	intervall
intervenieren	مداخله کردن	interveniren
Intervention	مداخله	intervention
interviewen	مصاحبه، مصاحبه کردن	interviven
Interview	مصاحبه، مصاحبه کردن	interviv
Intimität	صمیمیت؛ محرمیت	intimitet
versiert	صمیمی	versirt
intim	صمیمی	intim
innig	صمیمانه	innik
einschüchtern	مرعوب کردن؛ ارعاب کردن	ainshuehtern
Drohung	ارعاب؛ ترهیب	drohunk
in	به داخل	in
intolerabel	تحمل ناپذیر؛ طاقت فرسا	intolerabel
Intonation	تکیه صدا	intonation
besoffen	سرمست؛ بدمست	besoffen
Trunkenheit	مستی؛ نشئه	trunkenhait
Vergiftung	مستی؛ نشئه	vergiftunk
intraktabel	ستیزه جو	intraktabel
unerschrocken	صارم	unershroken
Feinheit	بغرنجی؛ ریزه کاری	fainhait
aufwendig	بغرنج؛ معضل	aufvendik
kompliziert	بغرنج؛ معضل	komplitsirt
Intrige	دوز و کلک زدن؛ دوز و کلک چیدن	intrige
faszinierend	جذاب	fastsinirend
intrinsisch	فطری	intrinsish
einführen	معرفی کردن	ainfuehren
Vorstellung	مقدمه	vorstellunk
Einführung	مقدمه	ainfuehrunk
in sich gehen	بخود آمدن؛ بخود برگشتن	in tsih gehen
Selbstbeobachtung betreiben	بخود آمدن؛ بخود برگشتن	tselbstbeobakhtunk betraiben
eindringen	پادرازی کردن؛ فضولانه آمدن	aindringen
aufdringlicher Mensch	مو؛ فضول	aufdringliher mensh
Hausfriedensbruch	دخالت؛ پادرازی	hausfridensbrukh
Invasion	دخالت؛ پادرازی	invasion
Anschauung	فراست؛ بصیرت	anshauunk
überfallen	حمله کردن	ueberfallen
einmarschieren	حمله کردن	ainmarshiren
ungültig	علیل؛ نامعتبر	ungueltik
außer Kraft	علیل؛ نامعتبر	ausser kraft
invaluabel	پر بها؛ غیرقابل تخمین	invaluabel
invariabel	نامغیر؛ نامتغیر	invariabel
Überfall	حمله	ueberfall
erfinden	اختراع کردن	erfinden
Erfindung	اختراع	erfindunk
Erfinder	موجد؛ جاعل	erfinder
Inversion	معکوس؛ وارون	inversion
umgekehrt	برگشته؛ نگون	umgekehrt
untersuchen	پژوهیدن؛ تحقیق کردن	untersukhen
Untersuchung	تحقیق؛ رسیدگی	untersukhunk
Befrager	بازپرس	befrager
Untersucher	بازپرس	untersukher
Investition	سرمایه گذاری	investition
Kapitalanlage	سرمایه گذاری	kapitalanlage
Kapitalanleger	سرمایه گذار	kapitalanleger
Kapitalgeber	سرمایه گذار	kapitalgeber
eingefleischt	سر سخت؛ ریشه کرده	aingeflaisht
Invinzibilität	شکست ناپذیری	invintsibilitet
unbesiegbar	شکست ناپذیر؛ مغلوب نشدنی	unbesigbar
inviolabel	غصب نکردنی	inviolabel
sakrosankt	غصب نشدنی	tsakrosankt
unsichtbar	نامرئی	unsihtbar
Einladung	دعوتنامه	ainladunk
einladen	دعوت کردن	ainladen
geltend machen	احضار کردن	geltend makhen
unfreiwillig	بی اختیار؛ غیر عمدی	unfraivillik
brauchen	درگیر کردن	brauhen
Partizipation	درگیری	partitsipation
Beteiligung	درگیری	betailigunk
invulnerabel	زخم ناپذیر؛ آسیب ناپذیر	invulnerabel
einwärts	داخل رونده	ainverts
Ion	یون؛ ایون	ion
Jota	ایوتا	yota
Iowa	آیوا	iova
Irland	ایرلند	irland
irisch	ایرلندی	irish
fad	کسل کننده	fad
Bügeleisen	آهن؛ اتو	buegelaisen
ironisch	کنایه‌آمیزانه	ironish
Ironie	کنایه	ironi
vernunftswidrig	بی منطق؛ غیر منطقی	vernunftsvidrik
unversöhnlich	جور نشدنی؛ اصلاح ناپذیر	unversoehnlih
unregelmäßig	منحرف؛ یبس	unregelmessik
Unregelmäßigkeit	یبوست؛ بی حسابی	unregelmessigkait
irrelevant	نامربوط	irrelevant
nicht mehr zu reparieren	بی کفاره؛ خوب نشدنی	niht mehr tsu repariren
irrepressibel	منع ناپذیر؛ مطیع نشدنی	irrepressibel
irrespektiv	صرفنظر از	irrespektiv
irresponsibel	وظیفهنشناس	irresponsibel
unwiderruflich	بلا عزل	unviderruflih
bewässern	مشروب کردن؛ سیراب کردن	bevessern
gießen	مشروب کردن؛ سیراب کردن	gissen
bewässert	مشروب	bevessert
Bewässerung	آبیاری	bevesserunk
Reizbarkeit	زودخشمی؛ زود رنجی	raitsbarkait
reizbar	زودخشم	raitsbar
nervös	زودخشم	nervoes
irritant	آزارنده؛ سوزش آور	irritant
nervtötend	رنجاننده؛ برخورنده	nervtoetend
lästig	رنجاننده؛ برخورنده	lestik
Ärger	سوزش؛ رنجش	erger
Insel	جزیره	insel
Inselchen	جزیره	inselhen
absondern	منزوی کردن	absondern
Absonderung	انزوا	absonderunk
Isolierung	انزوا	isolirunk
Thema	صدور	tema
es	آن	es
Italiener	ایتالیائی	italiner
italienisch	ایتالیائی	italinish
Italien	ایتالیا	italin
Juckreiz	خارش؛ خنش	yukraits
Posten	مورد، قلم	posten
Warenposten	مورد، قلم	varenposten
dessen	مال آن	dessen
sich	خودش	tsih
Elfenbein	عاجی؛ عاج	elfenbain
Efeu	پیچک	efoy
Jackett	ژاکت	yakett
gezackt	مضرس؛ دندانهدار	getsakt
Gefängnis	زندان	gefengnis
Marmelade	مربا، ترافیک	marmelade
Januar	ژانویه	yanuar
Japan	ژاپن	yapan
japanisch	ژاپنی	yapanish
Japaner	ژاپنی	yapaner
Gefäß	کوزه؛ سبو	gefess
übermütig	خود ساز	uebermuetik
Maul	فک؛ آرواره	maul
Rachen	فک؛ آرواره	rakhen
eiferssüchtig	حسود؛ حسودانه	aiferssuehtik
Eifersucht	رشک؛ حسادت	aifersukht
Jeans	شلوار جین	yeans
Gelee	ژلاتین؛ لرزانک	gelee
Sulz	ژلاتین؛ لرزانک	tsults
Ruck	زود کشیدن؛ تکان سریع دادن	ruk
T-Shirt	پارچه کشباف	t-shirt
Jerusalem	اورشلیم؛ اورشلیم مقدس	yerusalem
Scherz	شوخی کردن؛ ببازی گرفتن	sherts
Jesuit	یسوعیون	yesuit
scharfer Strahl	جت	sharfer shtrahl
jüdisch	یهودی؛ جهود	yuedish
Knittelvers	جرنگ؛ جلنگ	knittelvers
Arbeit	شغل	arbait
Stelle	شغل	shtelle
Gelenk	مشترک	gelenk
zusammenwirkend	تواماً؛ مشاعا	tsusammenvirkend
erschüttern	تکان؛ تلق تلق	ershuettern
Jones	جونز	yones
drängeln	تنه زدن	drengeln
Drängelei	تنه زدن	drengelai
Journal	مجله؛ جورنال	yournal
Journalismus	روزنامه نگاری	yournalismus
Journalist	روزنامه‌نگار	yournalist
Journalistin	روزنامه‌نگار	yournalistin
Reise	سفر	raise
Kieferbacke	کله ماهی	kiferbake
Freude	نشاط؛ شادی	froyde
freudig	طربناک؛ پرنشاط	froydik
Richter	قاضی؛ داور	rihter
urteilen	قاضی؛ داور	urtailen
Urteil	داوری؛ قضاوت	urtail
richterlich	قضایی	rihterlih
gerichtlich	قضایی	gerihtlih
Rechtsprechung	وابسته بدادگاه؛ قوه قضائیه	rehtsprehunk
judiziös	روشن رای	yuditsioes
Kanne	غلغلک؛ بستو	kanne
Saft	آبمیوه	tsaft
Juli	جولای	yuli
durcheinander werfen	درهم آمیختگی	durhainander verfen
Mischmasch	درهم آمیختگی	mishmash
springen	پریدن، پرش	shpringen
Pullover	جهنده؛ سیم جهشی	pullover
Knotenpunkt	تقاطع	knotenpunkt
Oronym	ملتقا؛ درزگاه	oronym
Juni	ژوئن	yuni
Dschungel	جنگل	yungel
junior	اصغر	yunior
jünger	اصغر	yuenger
Wacholder	اردج	vakholder
Rechtssprechung	حوزه قضایی	rehtssprehunk
Rechtswissenschaft	فقه	rehtsvissenshaft
Jury	هیئت منصفه	yury
die Geschworenen	هیئت منصفه	di geshvorenen
gerade	عادلانه، فقط؛ فقط، همین الان	gerade
eben	عادلانه، فقط؛ فقط، همین الان	eben
Gerechtigkeit	داد؛ عدل	gerehtigkait
rechtmäßig vertretbar	توجیه پذیر	rehtmessik vertretbar
vertretbar	توجیه پذیر	vertretbar
Rechtfertigung	توجیه	rehtfertigunk
rechtfertigen	توجیه کردن	rehtfertigen
begründen	توجیه کردن	begruenden
mit Recht	الحق؛ انصافاً	mit reht
Kansas	کانزاس	kansas
Kaschmir	کشمیر	kashmir
erpicht	تیز	erpiht
behalten	نگه داشتن	behalten
Wärter	حافظ؛ حافظه	verter
Kentucky	کنتاکی	kentuky
Bandana	چار قد	bandana
Kessel	کتری	kessel
Schlüssel	کلید، اصلی	shluessel
Tastatur	جا انگشتی؛ سفحه کلید	tastatur
Schlüsselloch	سوراخ کلید	shluessellokh
Karawanserei	خان	karavanserai
treten	لگد؛ باپازدن	treten
Tritt	لگد؛ باپازدن	tritt
Zicklein	بچه	tsiklain
Entführung	آدمربایی؛ آدم ربا	entfuehrunk
Niere	کلیه	nire
töten	کشتن	toeten
Töter	آدم کش	toeter
Töterin	آدم کش	toeterin
Kilometer	کیلومتر	kilometer
Art	نوع	art
sanft	مرحمتا	tsanft
Freundlichkeit	ترحم؛ لطف	froyndlihkait
kinetisch	جنبشی؛ وابسته بحرکت	kinetish
König	پادشاه	koenik
Königreich	پادشاهی	koenigraih
Verwandtschaft	خویشاوندی؛ قوم وخویشی	vervandhaft
küssen	ماچ؛ بوسه	kuessen
Kuss	ماچ؛ بوسه	kuss
Werkzeugkasten	کیت	verktsoygkasten
Baukasten	کیت	baukasten
Küche	آشپزخانه	kuehe
Gefälligkeitswechsel	زغن؛ خوا	gefelligkaitsvehsel
Kellerwechsel	زغن؛ خوا	kellervehsel
Katzenjunges	بچهگربه	katsenyunges
Kätzchen	بچهگربه	ketshen
Kätzlein	بچهگربه	ketslain
Gabe	لم؛ صدای شلاق	gabe
Rucksack	پشتواره؛ توشه دان	ruksak
Knie	زانو	kni
Totenglocke	صدایی زنگ	totengloke
Messer	چاقو	messer
Ritter	شوالیه؛ نجیب زاده	ritter
gestrickt	بافتن؛ کشبافی کردن	gestrikt
strickte	بافتن؛ کشبافی کردن	shtrikte
Drehknopf	دستگیره	drehknopf
klopfen	کوبیدن، ضربه زدن	klopfen
knoten	گره؛ عقده	knoten
einen Knoten machen	گره؛ عقده	ainen knoten makhen
problematisch	پرگره؛ گره گیر	problematish
verwickelt	پرگره؛ گره گیر	vervikelt
wissen	دانستن	vissen
kennen	دانستن	kennen
Wissen	دانش	vissen
Kenntnisse	دانش	kenntnisse
Fingerknöchel	قرحه روده	fingerknoehel
Kreml	کرملین	kreml
Labor	آزمایشگاه	labor
Laboratorium	آزمایشگاه	laboratorium
Etikett	برچسب؛ برچسب زدن	etikett
etikettieren	برچسب؛ برچسب زدن	etikettiren
Irrgarten	لابیرنت	irrgarten
Lazeration	جرح	latseration
ermangeln	عدم؛ عاری	ermangeln
lakonisch	موجز؛ مختصر گو	lakonish
stillen	شیر مکیدن	shtillen
Laktation	ارضاع؛ ایجاد شیر	laktation
laktisch	شیری؛ شبیه شیر	laktish
Knabe	پسر جوان	knabe
beladen	سنگین بار؛ بارگیری شده	beladen
Dame	خانم	dame
sich langsam bewegen	عقب مانده	tsih langsam bevegen
zeitliche Verzögerung	عقب مانده	tsaitlihe vertsoegerunk
der See	دریاچه	der tsee
Lamm	بره؛ گوشت بره	lamm
lahm	شل؛ لنگ	lahm
lamentabel	زار	lamentabel
klagend	شیون	klagend
Lamina	لایه نازک؛ شاخه پرده ای	lamina
laminiert	متورق	laminirt
Lampe	لامپ	lampe
Lanze	نیزه؛ نشتر زدن	lantse
landen	زمین؛ فرود آمدن	landen
Landung	فرود	landunk
ohne Grundbesitz	بدون زمین	ohne grundbesits
Hausherr	صاحبخانه	hausherr
Grundherr	صاحبخانه	grundherr
Wahrzeichen	نشانه، بنای تاریخی	vahrtsaihen
Grundbesitzer	صاحب ملک	grundbesitser
Erdrutsch	ریزش خاک؛ ریزش کوه	erdrukh
Umschwung	ریزش خاک؛ ریزش کوه	umshvunk
Sprache	زبان	shprakhe
träge	بی حال	trege
Wollwachs	لانولین	vollvakhs
Laterne	فانوس؛ چراغ توری	laterne
lecken	دامان	leken
Schoß	دامان	shoss
Lapsus	زوال؛ خرف شدن	lapsus
Notebook	لپ‌تاپ	notebook
in großem Umfang	گسترده	in grossem umfank
Lerchen	غزلاغ	lerhen
Kehlkopf-	حنجری؛ حنجرهای	kehlkopf-
Kehlkopf	حنجره	kehlkopf
Laser	لیزر	laser
peitschen	شلاق؛ تازیانه	paihen
auspeitschen	شلاق؛ تازیانه	auspaihen
letzte	آخرین؛ آخرین (صفت)؛ طول کشیدن	letste
dauern	آخرین؛ آخرین (صفت)؛ طول کشیدن	dauern
Riegel	چفت؛ چفت کردن	rigel
spät	دیر	shpet
in der letzten Zeit	اخیراً	in der letsten tsait
latent	نهفته	latent
Lat	بعدا؛ دیرتر	lat
seitlich	جانبی؛ جناحی	saitlih
Drehmaschine	چرخ خراطی	drehmashine
Latein	لاتین	latain
Geographische Breite	عرض	geografishe braite
letzterer	دومی	letsterer
Opiumtinktur	مخلوط افیون	opiumtinktur
Lachen	خنده، خندیدن	lakhen
Gespött	مظحکه	gespoett
Gelächter	خنده	gelehter
vom Stapel laufen lassen	روانهسازی؛ روانه کردن	vom shtapel laufen lassen
Lorbeerkranz	دهمست؛ درخت غار	lorbeerkrants
Lorbeer	دهمست؛ درخت غار	lorbeer
Lava	گدازه	lava
verschwenderisch	خراج؛ مبذر	vershvenderish
Gesetz	قانون	gesets
Gesetzesbruch	قانون شکنی	gesetsesbrukh
rechtmäßig	مجاز؛ مشروع	rehtmessik
gesetzlos	بی قانونی	gesetslos
Rasen	چمن	rasen
Prozeß	دعوی حقوقی	protsess
Jurist	وکیل	yurist
locker	شل؛ لمس	loker
Lage	طبقه؛ لا	lage
Anordnung	طرح‌بندی	anordnunk
Faulheit	تنبلی؛ بیعاری	faulhait
Blei	رهبری کردن	blai
bleiern	سربی؛ مانند سرب	blaiern
Führer	رهبر	fuehrer
Leitartikel	رهبر	laitartikel
Menschenführung	سری؛ رهبری	menshenfuehrunk
Handzettel	بروشور	handtsettel
Faltblatt	بروشور	faltblatt
belaubt	برگدار؛ پر برگ	belaubt
Liga	گروه ورزشی	liga
Leck	نشت، نشت کردن	lek
Auslaufen	چکه؛ تراوش	auslaufen
mager	وادادن؛ لخم	mager
lernen	یاد گرفتن	lernen
Anlernling	یادگیرنده	anlernlink
Lerner	یادگیرنده	lerner
Lernen	یادگیری	lernen
Pacht	اجاره؛ اجاره کردن	pakht
verpachten	اجاره؛ اجاره کردن	verpakhten
Hundeleine	مرس؛ بند زدن	hundelaine
geringster	کمترین	geringster
am wenigsten	کمترین	am venigsten
Leder	چرم؛ چرمی کردن	leder
Vorlesung	سخنرانی، سخنرانی کردن	vorlesunk
vorlesen	سخنرانی، سخنرانی کردن	vorlesen
Dozent	مدرس؛ سخنران	dotsent
Hauptbuch	دفتر کل	hauptbukh
Egel	علقه؛ زالو	egel
links	چپ، باقی مانده	links
Bein	پا	bain
gesetzlich	قانونی؛ مشروع	gesetslih
rechtsgültig	قانونی؛ مشروع	rehtsgueltik
Legende	افسانه	legende
Legge	پایه دار؛ پا بلند	legge
Leggings	پاتابه	leggings
zahlreich	لژیون؛ سپاه رومی	tsahlraih
Heer	لژیون؛ سپاه رومی	heer
Gesetzgebung	قانون‌گذاری	gesetsgebunk
legislativ	قانون‌گذاری	legislativ
Gesetzgeber	شارع؛ مقنن	gesetsgeber
Legislative	قوه مقننه	legislative
Muße	فراغت؛ وقت کافی	musse
Zitrone	لیمو	tsitrone
Limonade	لیموناد؛ شربت آبلیمو	limonade
leihen	قرض دادن	laihen
beleihen	قرض دادن	belaihen
Kreditgeber	وام ده	kreditgeber
Darlehnsgeber	وام ده	darlehnsgeber
Länge	درازی؛ طول	lenge
langwierig	طولانی	langvirik
Leni	آسان گیر؛ ضد یبوست	leni
Linse	لنز	linse
Lepe	جذامی	lepe
Lepra	جذام؛ خوره	lepra
Lesbisch	لزبین	lesbish
geringer	کمتر	geringer
weniger	کمتر	veniger
kleiner	کمتر	klainer
Unterrichtsstunde	درس	unterrihtsstunde
Lethe	کشنده	lete
Lethargie	تهاون؛ سبات	letargi
Brief	نامه	brif
Buchstabe	نامه	bukhstabe
Deich	بارعام دادن؛ سلام عام	daih
Niveau	سطح	niveau
Ebene	سطح	ebene
Lev	سبک سری	lev
Abgabe	مالیات بندی؛ نام نویسی	abgabe
Lex	لغوی	leks
Haftpflicht	مشمولیت	haftpfliht
Haftung	مشمولیت	haftunk
Lügner	دروغگو؛ چاخان	luegner
liberal	آزاداندیش	liberal
tolerant	آزاداندیش	tolerant
Liberalismus	آزادمنشی؛ آزادگی	liberalismus
Liberator	آزاد کننده؛ نجات دهنده	liberator
Bibliothekar	کتابدار	bibliotekar
Bibliothek	کتابخانه	bibliotek
Lizenz	مجوز؛ پروانه دادن	litsents
Flechte	گل سنگ	flehte
Lid	سر؛ دریچه گذاشتن	lid
Deckel	سر؛ دریچه گذاشتن	dekel
Lüge	دراز کشیدن	luege
lügen	دراز کشیدن	luegen
Leben	زندگی	leben
leblos	خشک؛ موات	leblos
lebenslang	مادام‌العمر	lebenslank
Lebensstil	سبک زندگی	lebensstil
Lebensweise	سبک زندگی	lebensvaise
Lebensdauer	طول عمر	lebensdauer
aufheben	بلند کردن، آسانسور	aufheben
hochheben	بلند کردن، آسانسور	hokhheben
Band	بندیزه	band
Licht	روشن کردن؛ سبک؛ نور، روشن	liht
leicht	روشن کردن؛ سبک؛ نور، روشن	laiht
Leichterung	سبک کردن؛ تنویر کردن	laihterunk
unbeschwert	سبکبار؛ مشرور	unbeshvert
Beleuchtung	نورپردازی	beloyhtunk
mögen	دوست داشتن؛ مانند	moegen
Wahrscheinlichkeit	احتمال	vahrshainlihkait
wahrscheinlich	احتمالی	vahrshainlih
verglichen	مشبه	verglihen
Mögen	سان؛ مثال	moegen
Flieder	یاس شیروانی	flider
Lilie	سوسنی؛ گلایل	lili
Glied des Körpers	اندام	glid des koerpers
Limbus	برزخ	limbus
Limone	آهک؛ سنگ آهک	limone
Limette	آهک؛ سنگ آهک	limette
Kalkstein	سنگ آهک	kalkstain
Begrenzung	حساب؛ حد	begrentsunk
begrenzt	محدود؛ منحصر	begrentst
beschränkt	محدود؛ منحصر	beshrenkt
Hinken	شلیدن؛ لنگیدن	hinken
Lincoln	لینکلن	linkoln
Linie	خط	lini
Zeile	خط	tsaile
Herkunft	سویه؛ اصل ونسب	herkunft
Flachsfaser	کتانی؛ کتان	flakhsfaser
Aufstellung	صف‌آرایی، ترکیب	aufstellunk
Besetzung	صف‌آرایی، ترکیب	besetsunk
lungern	معطل ماندن	lungern
Bindeglied	پیوند، پیوند دادن	bindeglid
Linoleum	مشمع	linoloym
Löwe	شیر	loeve
Lippe	لب	lippe
Verflüssigung	آبگونسازی	verfluessigunk
verflüssigen	ذوب شدن	verfluessigen
Flüssigkeit	مایع؛ ماچی	fluessigkait
alkoholisches Getränk	عرق؛ مشروب	alkoholishes getrenk
Lispeln	شلی زبان	lispeln
aufzählen	فهرست، فهرست کردن	auftsehlen
horchen	گوش دادن	horhen
lauschen	گوش دادن	laushen
List	سجاف دوز	list
Alphabetisierung	سواد	alfabetisirunk
wörtlich	حرفی؛ لفظی	voertlih
Tippfehler	حرفی؛ لفظی	tippfehler
buchstäblich	به معنای واقعی کلمه	bukhsteblih
literarisch	ادبی	literarish
belesen	باسواد	belesen
Literatur	ادبیات؛ ادب وهنر	literatur
geschmeidig	لاغر اندام	geshmaidik
Litauen	لیتوانی	litauen
Rechtsstreit	دعوا؛ دعوی	rehtsstrait
Liter	لیتر	liter
Abfälle	آشغال	abfelle
wenig	کمی (قید)؛ کمی، کوچک	venik
live	زندگی کردن	live
Lebensunterhalt	معیشت؛ عقل معاش	lebensunterhalt
Auskommen	معیشت؛ عقل معاش	auskommen
Leber	کبد	leber
Livree	در کسوت	livree
Liverpool	لیورپول	liverpool
fahl	کبود شده	fahl
wütend	کبود شده	vuetend
laden	بار؛ محمول	laden
Laib	تکه؛ ولگردی کردن	laib
Faulpelz	بیکاره	faulpelts
Darlehen	عاریه؛ وام	darlehen
verabscheuen	منزجر بودن؛ سبب بیزاری	verabshoyen
Beauftragte organisierter Interessengruppen	لابی، لابی کردن	beauftragte organisirter interessengruppen
Hummerartige	خرچنگ	hummerartige
örtlich	محلی	oertlih
ausfindig machen	ساکن	ausfindik makhen
Ort	محل	ort
Standort	محل	shtandort
absperren	قفل، قفل کردن	absperren
Türschloss	قفل، قفل کردن	tuershloss
Arrestzelle	زندانکردن	arrestselle
Einsperren	زندانکردن	ainsperren
Locomotion	نقل وانتقال	lokomotion
Bewegungs-	حرکتی؛ نقص تحرک	bevegungs-
Locus	مکان هندسی	lokus
Unterkunft	منزل گاه؛ محل سکونت	unterkunft
Logarithmus	گزارش، ثبت کردن	logaritmus
Log	گزارش، ثبت کردن	lok
Logik	منطق	logik
Login	قطع ارتباط	login
Lende	گرد	lende
sich herumdrücken	پرسه زنی	tsih herumdrueken
London	لندن	london
Groß-London	لندن	gross-london
Einsamkeit	تنهایی؛ غریبی	ainsamkait
lang	بلند، طولانی	lank
Longitudinal	طولی	longitudinal
langjährig	دیرینه	langyehrik
schauen	نگاه؛ نگاه کردن	shauen
Ausguck	چشم انداز	ausguk
Webstuhl	در افق پدیدار شدن	vebstuhl
Öse	حلقه	oese
Hintertür	مزغل ساختن؛ سوراخ سنگر	hintertuer
lose	گشاد؛ شل	lose
plündern	غارت کردن	pluendern
Trab	وخیز درآوردن	trab
mit langen Schritten laufen	وخیز درآوردن	mit langen shritten laufen
adeliger Herr	ارباب؛ خداوند	adeliger herr
Herrgott	ارباب؛ خداوند	herrgott
Lordschaft	اربابی؛ سیادت	loryaft
Überlieferung	فرهنگ نژادی؛ وروایات قومی	ueberliferunk
Lorgnon	عینک پنسی	lorgnon
Lastkraftwagen	کامیون	lastkraftvagen
verlieren	از دست دادن	verliren
Verlust	زیان؛ فقدان	verlust
verlor	گمشده	verlor
verloren	گمشده	verloren
Los	مقدار زیادی	los
Lotion	کرم؛ لوسیون	lotion
Lotterie	قرعه کشی	lotteri
laut	بلند (صدا)	laut
Lounge	اطاق استراحت؛ سالن استراحت	lounge
Wartezimmer	اطاق استراحت؛ سالن استراحت	vartetsimmer
Tierläuse	شپش؛ جو جو	tirloyse
Rüpel	الدنگ؛ سرفرود آوردن	ruepel
Liebhaber	یار؛ عاشق	libhaber
liebend	عاشقانه؛ مشتاق	libend
Loving	مشتاقانه	lovink
niedrig	پایین	nidrik
leise	پایین	laise
Treue	وفاداری	troye
Raute	لوزی؛ شکل لوزی	raute
Schmierstoff	روغن؛ چرب کننده	shmirstoff
glücklicher Zufall	شانس	gluekliher tsufall
erfolgreich	خوش شانس	erfolgraih
rentabel	پرمنفعت	rentabel
einträglich	پرمنفعت	aintreglih
Lenden-	مهره کمر؛ ناحیه کمر	lenden-
Bauholz	الوار؛ تیر بریده	bauholts
luminös	تابان؛ شب نما	luminoes
Masse	غلنبه؛ قلنبه کردن	masse
Verrückte	مجانین	verruekte
Mittagessen	ناهار	mittagessen
Lunge	ریه؛ جگر سفید	lunge
locken	اغوا کردن؛ گول زنک	loken
verführen	اغوا کردن؛ گول زنک	verfuehren
widerlich	شعله تیره؛ شعله دودنما	viderlih
Lust	شهوت؛ شهوانیت	lust
Lüster	جار	luester
Lustre	پر جلوه	lustre
kräftig	مغلم؛ شهوت انگیز	kreftik
lustvoll	مغلم؛ شهوت انگیز	lustvoll
Luxus	پرپشت؛ پربرکت	luksus
lügend	دروغگو؛ کذاب	luegend
liegend	دروغگو؛ کذاب	ligend
Lymphe	لنف	lymfe
lymphatisch	بلغمی؛ لنفاوی	lymfatish
lynchen	مثله کردن	lynhen
Lyr	متن ترانه	lyr
Maschine	ماشین	mashine
Maschinenanlage	ماشین‌آلات	mashinenanlage
Mackintosh	پارچه بارانی	makintosh
gnädige Frau	مادام	gnedige frau
Mademoiselle	دوشیزه؛ مادموازل	mademoiselle
Fräulein	دوشیزه؛ مادموازل	froylain
Verrücktheit	شوریدگی؛ شیدائی	verruektait
Madrid	مادرید	madrid
Zeitschrift	مجله	tsaihrift
magisch	طلسم؛ سحر	magish
Magie	طلسم؛ سحر	magi
Mage	جادویی	mage
Zauberer	مغ؛ ساحر	tsauberer
Magistrat	قاضی	magistrat
Magnesium	تباشیر؛ منیری	magnesium
Magnet	مغناطیس؛ مقناطیس	magnet
prächtig	باشکوه	prehtik
vergrößernd	درشت نمایی	vergroessernd
Magnolien	ماگنولیا	magnolin
Magd	خادمه؛ ندیمه	magd
Jungfrau	دختر باکره	yungfrau
Post	پست، پست کردن	post
verstümmeln	چلاق کردن؛ نقص عضو	verstuemmeln
verschandeln	چلاق کردن؛ نقص عضو	vershandeln
Haupt...	اصلی	haupt...
Hauptland	سرزمین اصلی	hauptland
Mainstream	جریان اصلی	mainstream
aufrechterhalten	نگهداری کردن	aufrehterhalten
Maschinenunterhaltung	نگهداری	mashinenunterhaltunk
Unterhalt	نگهداری	unterhalt
majestätisch	شاهانه؛ باعظمت	mayestetish
Majestät	جبروت؛ حضرت	mayestet
größer	اصلی، عمده	groesser
bedeutender	اصلی، عمده	bedoytender
Mehrheit	غالب؛ اکثریت	mehrhait
herstellen	ساختن	herstellen
Hersteller	سازنده؛ صنیع	hersteller
Fabrikant	سازنده؛ صنیع	fabrikant
Schminke	آرایش	shminke
Make-up	آرایش	make-up
Mala	مالا	mala
Malaria	مالاریا؛ نوبه	malaria
malaria-	مالاریایی؛ نوبه ای	malaria-
malkontent	آماده شورش	malkontent
männlich	مرد، مردانه	mennlih
männliche Person	مرد، مردانه	mennlihe person
unheilvoll	کج اندیش	unhailvoll
böswillig	کج اندیش	boesvillik
Arglist	بدنهادی؛ بدذاتی	arglist
Böswilligkeit	بدنهادی؛ بدذاتی	boesvilligkait
tückisch	خبیث؛ غرضآلود	tuekish
Malignität	بدخیمی	malignitet
bösartig	خبیث؛ بدخیم	boesartik
malign	خبیث؛ بدخیم	malign
Klopfholz	کلوخ کوب	klopfholts
Mangelernährung	سوء تغزیه	mangelernehrunk
Malz	مالت؛ مالت زدن	malts
Säugetiere	پستاندار	soygetire
mammär	پستانی	mammer
Mann	مرد	mann
fertig bringen	مدیریت کردن	fertik bringen
leiten	مدیریت کردن	laiten
Manager	مدیر	manager
Geschäftsführer	مدیر	gesheftsfuehrer
leitend	مدیریتی	laitend
Management-	مدیریتی	management-
Manchester	منچستر	manhester
Mandat	دستور، حکم	mandat
Auftrag	دستور، حکم	auftrak
Mand	زفر	mand
Mähne	یال	mehne
Manöver	مانور؛ تمرین نظامی	manoever
Räude	گری؛ گرداندن	royde
Tränke	آخور	trenke
Irrer	مجنون	irrer
Wahnsinniger	مجنون	vahnsinniger
Manifest	اعلامیه؛ اشعاریه	manifest
Manila	مانیل؛ کاغذ مانیل	manila
manipulieren	دستکاری کردن	manipuliren
Manipulation	دستکاری	manipulation
Handhabung	دستکاری	handhabunk
Menschheit	بشر؛ نژاد انسان	menshhait
Manna	گزانگبین	manna
Art und Weise	رفتار، روش	art und vaise
Landgut	ملک تیولی	landgut
Rittergut	ملک تیولی	rittergut
Landhaus	کاخ؛ عمارت بزرگ	landhaus
Cape	غاشیه؛ کلاه توری	kape
Mantle	غواشی	mantle
Handbuch	دستی؛ یدی	handbukh
fabrizieren	تولید کردن	fabritsiren
Herstellung	تولید	herstellunk
Mist	کود کشاورزی	mist
Manuskript	دست‌نوشته	manuskript
viele	بسیاری	vile
Landkarte	نقشه	landkarte
Abbildung	نقشه کشی	abbildunk
Marathonlauf	ماراتن	maratonlauf
Marmor	مهره؛ مرمر	marmor
Marsch	مارس؛ رژه	marsh
marschieren	مارس؛ رژه	marshiren
Stute	مادیان؛ اسب ماده	shtute
Spanne	حاشیه	shpanne
Handelsspanne	حاشیه	handelsspanne
Marineinfanterist	دریایی	marinainfanterist
zur See gehörig	وابسته بدریانوردی	tsur tsee gehoerik
markieren	علامت، علامت گذاشتن	markiren
Marker	نشانگر	marker
Markt	بازار	markt
Marktplatz	بازار	marktplats
Label	علامت مخصوص	label
Ehe	عروسی؛ ازدواج	ehe
verheiratet	متاهل	verhairatet
Knochenmark	مغز؛ قسمت عمده	knokhenmark
Mark	مغز؛ قسمت عمده	mark
heiraten	ازدواج کردن	hairaten
Mars	بهرام؛ مریخ	mars
Marschall	مارشال؛ ارتشبد	marshall
Feldmarschall	مارشال	feldmarshall
Martial	رزمی	martial
Märtyrer	شهید	mertyrer
Märtyrertum	شهادت	mertyrertum
Wunderding	شگفت داشتن؛ حیرت زده شدن	vunderdink
sich wundern	شگفت داشتن؛ حیرت زده شدن	tsih vundern
maskulin	مکر؛ مردانه	maskulin
mahlen	خمیر کردن؛ درهم وبرهمی	mahlen
zermahlen	خمیر کردن؛ درهم وبرهمی	tsermahlen
Maske	ماسک	maske
maskieren	ماسک	maskiren
Maurer	بنا؛ فراماسیون	maurer
Mauerwerk	حجاری؛ فراماسیونی	mauerverk
massieren	مالیدن؛ ماساژ	massiren
Massage	مالیدن؛ ماساژ	massage
massiv	عظیم؛ گنده	massiv
Mast	دگل	mast
Herr und Gebieter	استاد؛ ارباب؛ مسلط شدن	herr und gebiter
Lehrer	استاد؛ ارباب؛ مسلط شدن	lehrer
Meisterstück	شاهکار؛ شیرین کاری	maisterstuek
Meisterung	سیادت؛ تبحر	maisterunk
Matte	حصیر؛ زیر گلدانی	matte
Wettspiel	مسابقه، مطابقت داشتن	vettspil
Kuppler	دلاله؛ دلال ازدواج	kuppler
Kupplerin	دلاله؛ دلال ازدواج	kupplerin
Mater	سخت شامه؛ نرم شامه	mater
Material	ماده، جنس	material
mütterlich	مادرانه؛ مادروار	muetterlih
mathematisch	ریاضی	matematish
Mathematiker	ریاضی دان	matematiker
Mathematik	ریاضیات	matematik
Mathe	ریاضیات	mate
Matrix	ماتریس	matriks
Oberin	بیبی؛ سرپرستار	oberin
matt	فلز شناسی	matt
Sache	موضوع، اهمیت داشتن	tsakhe
Materie	موضوع، اهمیت داشتن	materi
Matt	بوریا بافی	matt
Matratze	تشک؛ دوشک	matratse
reif	بالغ	raif
Fälligkeit	سر رسید	felligkait
schmalzig	کسل کننده	shmaltsik
Oberkiefer	فک	oberkifer
maxillär	فکی؛ آروارهای	maksiller
Grundsatz	گفته؛ گفته اخلاقی	grundsats
maximieren	به حداکثر رساندن	maksimiren
Höchstwert	بیشینه؛ حد اکثر	hoehstvert
dürfen	می؛ ممکن است (فعل کمکی)	duerfen
Mai	می؛ ممکن است (فعل کمکی)	mai
vielleicht	شاید	villaiht
Majonäse	مایونز	mayonese
Mayonnaise	مایونز	mayonnaise
Bürgermeister	شهردار	buergermaister
mir	من (مفعول)	mir
mich	من (مفعول)	mih
Wiese	چمن؛ چمنزار	vise
Mahl	وعده غذایی	mahl
Mittelwert	معنی دادن، منظور داشتن	mittelvert
bedeutungslos	بیمعنا؛ بی معنی	bedoytungslos
Bedeuten	پستی؛ خست	bedoyten
inzwischen	در ضمن	intsvishen
derweil	در ضمن	dervail
mittlerweile	ضمنا؛ درضمن	mittlervaile
Masern	سرخجه؛ سرخچه	masern
meßbar	پیمایش پذیر	messbar
Mechaniker	مکانیک	mehaniker
mechanisch	مکانیکی	mehanish
Mechanik	مکانیک	mehanik
Mechanismus	مکانیزم	mehanismus
medizinisch	مسحور	meditsinish
Medizin	مسحور	meditsin
Medaille	مدال	medaille
Gedenkmünze	مدال	gedenkmuentse
Werbeträger	رسانه	verbetreger
Median	مادی	median
Mittel	مادی	mittel
Vermittlung	وساطت؛ شفاعت	vermittlunk
Schlichter	میانجی	shlihter
Medikation	دارو	medikation
Meditation	مراقبه	meditation
Betrachtung	مراقبه	betrakhtunk
mediterran	مدیترانه؛ دریای مدیترانه	mediterran
Mittelmeer	مدیترانه؛ دریای مدیترانه	mittelmeer
mittelgroß	متوسط؛ رسانه	mittelgross
Medium	متوسط؛ رسانه	medium
sanftmütig	افتاده؛ فقیرانه	tsanftmuetik
treffen	ملاقات کردن	treffen
Versammlung	جلسه	versammlunk
melancholisch	سودا زدگی	melanholish
schwermütig	سودا زدگی	shvermuetik
Melodie	بانوا؛ ملیح	melodi
Mitglied	عضو	mitglid
Mitgliedschaft	عضویت	mitgliyaft
Membran	غشاء؛ شامه	membran
Memorandum	یادداشت	memorandum
Memoiren	خاطرات	memoiren
denkwürdig	به یاد ماندنی	denkvuerdik
Notiz	تذکاریه؛ شرکت نامه	notits
Niederschrift	تذکاریه؛ شرکت نامه	nidershrift
Gedenkstätte	یادبود	gedenkstette
Gedächtnis	حافظه	gedehtnis
Erinnerung	حافظه	erinnerunk
bedrohen	چشم زهره گرفتن؛ چشم زهره رفتن	bedrohen
ausbessern	بندزدن	ausbessern
Hirnhautentzündung	مننژیت	hirnhautentsuendunk
geistig	روانی؛ فکری	gaistik
mental	روانی؛ فکری	mental
erwähnen	اشاره کردن	ervehnen
Erwähnung	اشاره کردن	ervehnunk
Mentor	مربی	mentor
Speisekarte	منو	shpaisekarte
Handelsware	متاع؛ مبیع	handelsvare
Mercurial	جیوه دار	merkurial
Merkur	جیوه؛ سیماب	merkur
Quecksilber	جیوه؛ سیماب	kveksilber
Erbarmen	رحمت	erbarmen
bloß	صرفاً	bloss
nur	صرفاً	nur
sich vereinigen	ادغام کردن	tsih verainigen
verschmelzen	ادغام کردن	vershmeltsen
Zusammenschluss	ادغام	tsusammenshluss
Fusion	ادغام	fusion
Meridian	درجه کمال؛ مدار نصف النهار	meridian
Mesopotamien	بین النهرین	mesopotamin
Bote	فرستاده؛ رسول	bote
Stoffwechsel	متابولیزم؛ سوخت و ساز	shtoffvehsel
Metall	فلز	metall
metallisch	روئین	metallish
metallen	روئین	metallen
Verwandlung	دگردیسی؛ مسخ	vervandlunk
Wandlung	دگردیسی؛ مسخ	vandlunk
Metapher	استعاره	metafer
metaphorisch	بر سبیل استعاره	metaforish
metaphysisch	علوم معقول؛ ماوراء الطبیعی	metafysish
Metaphysik	ماوراءالطبیعه؛ ماوراء طبیعت	metafysik
Metastase	هجوم مرض	metastase
Methode	روش	metode
Methodologie	روش‌شناسی	metodologi
Meter	متر	meter
Metropole	مادرشهر؛ شهر بزرگ	metropole
Metropolitan	مطران؛ مطرانی	metropolitan
Nerv	خمیره	nerv
Mexikanisch	مکزیکی	meksikanish
Mexiko	مکزیک؛ مکزیکو	meksiko
Michigansee	میشیگان	mihigansee
Michigan-See	میشیگان	mihigan-tsee
Mikro	میکرو؛ میلیونیم	mikro
Mikrofon	میکروفن	mikrofon
Mikroskop	ریزبین؛ میکروسکپ	mikroskop
Mittag	نیمروز	mittak
Mitte	میانه	mitte
mittelmäßig	جمله مشترک	mittelmessik
leidlich	جمله مشترک	laidlih
Mitternacht	نیمه‌شب	mitternakht
Hebamme	ماما؛ ماماچه	hebamme
mächtig	توانا؛ اقویا	mehtik
wandern	کوچیدن؛ کوچ دادن	vandern
Abwanderung	مهاجرت	abvanderunk
mild	نرم؛ ملایم	mild
in milder Weise	نرم نرم	in milder vaise
Meile	مایل	maile
Militanz	شبه‌نظامی	militants
militärisch	نظامی	militerish
Militär	نظامی	militer
Miliz	شبه‌نظامیان	milits
melken	شیر	melken
Milch	شیر	milh
milchig	شیری؛ شیردار	milhik
Mühle	آسیاب	muehle
Jahrtausend	هزاره؛ هزارمین سال	yahrtausend
Müller	آسیابان؛ میلر	mueller
Million	میلیون	million
Millionär	میلیونر	millioner
nachahmend	ادا و اطوار	nakhahmend
Minute	مین	minute
bedenken	ذهن، اهمیت دادن	bedenken
etwas dagegen haben	ذهن، اهمیت دادن	etvas dagegen haben
Bergwerk	مال من	bergverk
meiner	مال من	mainer
Bergmann	معدنچی	bergmann
mineralisch	معدنی	mineralish
vermengen	در آمیختن	vermengen
Minimal	حداقل	minimal
klein halten	به حداقل رساندن	klain halten
minimieren	به حداقل رساندن	minimiren
minimal	اقل؛ حد اقل	minimal
Minimum	اقل؛ حد اقل	minimum
Bergbau	معدن	bergbau
Bergbauindustrie	معدن	bergbauindustri
Pastor	وزیر	pastor
Pastorin	وزیر	pastorin
ministeriell	اداری؛ وزارتی	ministerill
Ministerium	وزارتخانه	ministerium
kleiner geringfügig	فرعی؛ اصغر	klainer geringfuegik
Minderheit	اقلیت؛ صغارت	minderhait
Minorität	اقلیت؛ صغارت	minoritet
Augenblick	دقیقه؛ دقیقه، بسیار کوچک	augenblik
Wunder	معجزه	vunder
wunderbar	معجزه آمیز؛ معجزه آسا	vunderbar
Spiegel	آینه	shpigel
Fehlgeburt	عدمتوفیق	fehlgeburt
Unheil	شیطانی؛ شیطنت	unhail
schelmisch	شریر؛ مفسد	shelmish
Fehlverhalten	بدرفتاری؛ سوء رفتار	fehlverhalten
elend	بدبخت	elend
Elend	بدبختی	elend
Not	بدبختی	not
Unglück	بلا؛ بدبختی	ungluek
Pech	بلا؛ بدبختی	peh
irreführen	منحرف کردن؛ گمراه کردن	irrefuehren
irreführend	گمراه‌کننده	irrefuehrend
irregeführt	گمراه؛ ضال	irregefuehrt
an falsche Stelle setzen	جابجا شده	an falshe shtelle tsetsen
Misswirtschaft	سوء اداره	missvirhaft
schlechte Herrschaft	سوء اداره	shlehte herrshaft
verfehlen	از دست دادن، دلتنگ شدن	verfehlen
Lenkflugkörper	موشک	lenkflugkoerper
fehlend	گمشده	fehlend
Mission	ماموریت	mission
Missionar	مبلغ	missionar
falsch schreiben	مصحف	falsh shraiben
irrig	مشتبه؛ اشتباهی	irrik
missverstehen	بد شناختن؛ بد فهمیدن	missverstehen
Missverständnis	سوءتفاهم؛ سو تفاهم	missverstendnis
mischen	آمیختن؛ آغشتن	mishen
stöhnen	لابه کردن؛ زاری کردن	shtoehnen
jammern	لابه کردن؛ زاری کردن	yammern
Pöbel	اوباش	poebel
fahrbar	متحرک، موبایل	fahrbar
Mobilität	تحرک	mobilitet
Beweglichkeit	تحرک	beveglihkait
mobilmachen	بسیج کردن	mobilmakhen
Attrappe	مسخره کردن؛ استهزاء کردن	attrappe
vortäuschen	مسخره کردن؛ استهزاء کردن	vortoyshen
Modell	مدل	modell
Muster	مدل	muster
mäßig	متعادل	messik
in mäßiger Weise	معتدلانه	in messiger vaise
Mäßigung	اعتدال؛ تعادل	messigunk
modern	مدرن	modern
Modist	متواضع	modist
Bescheidenheit	شرم؛ عفت	beshaidenhait
angefeuchtet	نمزده	angefoyhtet
Feuchtigkeit	نمداری	foyhtigkait
Melasse	ملاس	melasse
Schimmelpilz	قالب؛ کپک قارچی	shimmelpilts
Fürstentum Moldau	ملداوی	fuerstentum moldau
Maulwurf	خال	maulvurf
molekular	مولکولی	molekular
Molekül	مولکول؛ ملکول	molekuel
augenblicklich	زود گذر	augenbliklih
Momentum	تکانه	momentum
Schwungkraft	تکانه	shvungkraft
Herrschertitel	شهریار	herrshertitel
Monarkhist	سلطنت طلب	monarkhist
Monarchie	سلطنت؛ شهریاری	monarhi
Montag	دوشنبه	montak
geldlich	مالی؛ پولی	geldlih
Geld	پول	geld
überwachen	مبصر؛ تحت نظر گرفتن	uebervakhen
abhören	مبصر؛ تحت نظر گرفتن	abhoeren
Überwachung	گوشیاری	uebervakhunk
Beobachtung	گوشیاری	beobakhtunk
Mönch	راهب	moenh
Affe	میمون	affe
Monogramm	امضای هنری	monogramm
Monografie	ویژه نگاشت	monografi
Monopol	انحصار	monopol
Monotonie	یک نواخت	monotoni
Monsieur	مسیو	monsioyr
Monster	هیولا	monster
Ungeheuer	هیولا	ungehoyer
Monstrosität	شرارت بسیار	monstrositet
Monat	ماه	monat
monatlich	ماهانه	monatlih
Denkmal	بنای یادبود	denkmal
Stimmung	اوقات؛ حوصله	shtimmunk
in düsterer Stimmung	بدقلقی؛ بدقلق	in duesterer shtimmunk
Mond	ماه	mond
Mondlicht	مهتاب	mondliht
Schwarzbrennerei	ماهتاب	shvartsbrennerai
Moral	اخلاقی؛ اخلاق	moral
moralisch	اخلاقی؛ اخلاق	moralish
morbid	مرضی؛ وحشت آور	morbid
mehr	بیشتر	mehr
moribund	مشرف به موت	moribund
todgeweiht	مشرف به موت	todgevaiht
Morgen	صبح	morgen
launisch	ترشرو؛ بداخم	launish
Morphin	مرفین	morfin
Bissen	لقمه؛ مضغه	bissen
Happen	لقمه؛ مضغه	happen
Gevatter Tod	فانی؛ هلاهل	gevatter tod
Sterblichkeit	میرش؛ مرگومیر	shterblihkait
Mörser	ساروج؛ هاون	moerser
Hypothek	رهن	hypotek
hypothekarisch belasten	رهن	hypotekarish belasten
Mortifikation	ریاضت	mortifikation
abtöten	ریاضت دادن	abtoeten
Mosaik	بهم پیوستن	mosaik
Moskau	مسکو	moskau
Moschee	مسجد	moshee
Laubmoose	خزه؛ پژه	laubmoose
meiste	بیشتر	maiste
am meisten	بیشتر	am maisten
meistens	بیشتر اوقات	maistens
Mutter	مادر	mutter
Motiv	موتیف؛ مایه اصلی	motiv
motivieren	انگیزه دادن	motiviren
geistiger Antrieb	انگیزه	gaistiger antrib
innerer Antrieb	انگیزه	innerer antrib
Beweggrund	انگیزه	beveggrund
Triebwerk	موتور	tribverk
Motorrad	موتورسیکلت	motorrad
Kraftfahrer	راننده	kraftfahrer
Wahlspruch	نصبالعین؛ سخن زبده	vahlsprukh
Gußform	کپک؛ قالب کردن	gussform
Pitcher	پشته؛ خرپشته	pither
Werfer	پشته؛ خرپشته	verfer
Berg	سوار کردن؛ سوار شدن	berk
gebirgig	کوهی؛ کوهستانی	gebirgik
Mäuse	موش	moyse
Mund	دهان	mund
Mundstück	سرنی	mundstuek
bewegen	متحرک	bevegen
umziehen	متحرک	umtsihen
Spielfilm	فیلم	shpilfilm
bewegend	متحرک، تأثیرگذار	bevegend
sich bewegend	متحرک، تأثیرگذار	tsih bevegend
viel	زیاد	vil
mukös	مخاطی	mukoes
Schleim	بلغم؛ خلط	shlaim
Schlamm	گل؛ طین	shlamm
schlammig	گلی؛ گلزار	shlammik
Becher	ساده لوح	beher
Maultier	استر	maultir
mehrfach	مضاعف؛ متعدد	mehrfakh
Multiplikation	ضرب؛ تکثیر	multiplikation
Multiplizität	تعدد	multiplitsitet
multiplizieren	تکثیر کردن؛ ضرب زدن	multiplitsiren
Massen	انبوه؛ گروه بسیار	massen
Mutti	مامان	mutti
Mama	مامان	mama
murmelnd	من من	murmelnd
Mumie	مومیایی	mumi
alltäglich	دنیوی	allteglih
weltlich	دنیوی	veltlih
gemeindlich	شهری	gemaindlih
Stadtverwaltung	شهرداری؛ بلدیه	shtadtvervaltunk
ermorden	قتل؛ کشتن	ermorden
Mord	قتل؛ کشتن	mord
Ermorder	قاتل؛ آدم کش	ermorder
Gemurmel	زمزمه؛ شرشر کردن	gemurmel
murmeln	زمزمه؛ شرشر کردن	murmeln
Muskel	ماهیچه؛ عضله	muskel
muskulös	عضلانی؛ پرعضله	muskuloes
muskulär	عضلانی؛ پرعضله	muskuler
Museum	موزه	musoym
Fruchtkörper	سماروغ	frukhtkoerper
Musik	موسیقی	musik
musikalisch	موسیقایی	musikalish
Musiker	موسیقیدان	musiker
Musselin	ململ	musselin
müsst	باید (فعل کمکی)	muesst
Schnurrbart	سبیل	shnurrbart
Oberlippenbart	سبیل	oberlippenbart
Senf	خردل؛ درخت خردل	tsenf
schimmlig	بوی ناگرفته	shimmlik
moderig	بوی ناگرفته	moderik
Eigentumsübergang	جهش	aigentumsuebergank
gegenseitig	متقابل	gegensaitik
Maulkorb	پوزه؛ پوزبند	maulkorb
Schnauze	پوزه؛ پوزبند	shnautse
mein	مال من	main
meine	مال من	maine
mysteriös	غیب؛ مرموز	mysterioes
auf geheimnisvolle Weise	به‌طور اسرارآمیز	auf gehaimnisvolle vaise
mystisch	عارف؛ صوفی	mystish
Mystik	درویشی؛ تصوف	mystik
Mythos	اسطوره	mytos
Sage	اسطوره	tsage
Mythologie	اسطوره شناسی؛ علم اساطیر	mytologi
Natrium	جنب؛ سینمایی	natrium
nörgeln	نق زدن؛ نق نقو	noergeln
herumnörgeln	نق زدن؛ نق نقو	herumnoergeln
Nagel	میخ؛ ناخن	nagel
naiv	زودباور؛ ساده دل	naiv
natürlich	زودباور؛ ساده دل	natuerlih
Naivität	زودباوری؛ ساده دلی	naivitet
Name	نام، نامیدن	name
nämlich	یعنی	nemlih
Namensvetter	همنام؛ هم اسم	namensvetter
schlummern	چرت؛ خواب کوتاه	shlummern
Mundtuch	دستمال؛ سینه بند	mundtukh
Neapel	ناپل	neapel
erzählen	نقل کردن؛ حکایت کردن	ertsehlen
kurze Wiedergabe des Sachverhalts	نقل؛ نقالی	kurtse vidergabe des tsakhverhalts
Erzählung	روایت؛ نقلی	ertsehlunk
Erzähler	گوینده؛ راوی	ertsehler
Erzählerin	گوینده؛ راوی	ertsehlerin
schmal	باریک	shmal
eng	باریک	enk
nasal	تو دماغی	nasal
naskent	درحال تولد	naskent
Nashville	نشویل	nashville
garstig	ناخوشایند	garstik
Natal	تولدی؛ مولودی	natal
Nation	ملت؛ کشور	nation
staatlich	ملی	shtaatlih
national	ملی	national
Nationalismus	ناسیونالیزم؛ ملت پرستی	nationalismus
Nationalist	ناسیونالیست؛ ملت دوست	nationalist
Nationalistin	ناسیونالیست؛ ملت دوست	nationalistin
über das ganze Land verbreitet	سراسری	ueber das gantse land verbraitet
einheimisch	محلی؛ بومی	ainhaimish
Einheimischer	محلی؛ بومی	ainhaimisher
auf natürliche Weise	طبیعتاً؛ به‌طور طبیعی	auf natuerlihe vaise
Natur	طبیعت	natur
ungezogen	بلا؛ شریر	ungetsogen
Übelkeit	تهوع؛ آشب	uebelkait
Kirchenschiff	دریایی	kirhenshiff
schiffbar	قابل کشتیرانی	shiffbar
Navigation	ناوبری	navigation
Marine	بحریه؛ کشتی جنگی	marine
nahe	نزدیک	nahe
in der Nähe	نزدیک	in der nehe
beinahe	تقریباً	bainahe
ordentlich	مرتب	ordentlih
Zierlichkeit	نظافت	tsirlihkait
Sauberkeit	نظافت	sauberkait
Nebraska	نبراسکا	nebraska
nebulös	شبیه سحاب	nebuloes
notwendigerweise	لابد؛ لزوما	notvendigervaise
notwendig	ضروری	notvendik
erforderlich machen	اقتضاء کردن؛ ایجاب کردن	erforderlih makhen
Notwendigkeit	ضرورت	notvendigkait
Hals	گردن	hals
Halskette	عقد؛ طوق	halskette
Nekrose	بافت مردگی؛ موت موضعی	nekrose
geb.	نامیده شده	geb.
Bedarf	نیاز؛ نیاز داشتن	bedarf
Nähnadel	سوزن	nehnadel
unnötig	مستغنی؛ بی نیاز	unnoetik
Verneinung	نفی	vernainunk
negativ	منفی	negativ
verneinend	منفی	vernainend
vernachlässigen	غفلت کردن، غفلت	vernakhlessigen
Vernachlässigung	غفلت کردن، غفلت	vernakhlessigunk
Fahrlässigkeit	غفلت؛ اهمال	fahrlessigkait
fahrlässig	غافل؛ فروگذار	fahrlessik
nachlässig	غافل؛ فروگذار	nakhlessik
geringfügig	قابل فراموشی	geringfuegik
begeben	مذاکره کردن	begeben
Begebung	مذاکره	begebunk
Verhandlung	مذاکره	verhandlunk
Verhandlungsführer	مذاکره کننده	verhandlungsfuehrer
Neger	زنگی؛ سیاه پوست	neger
Nachbar	همسایه	nakhbar
Nachbarin	همسایه	nakhbarin
Nachbarschaft	حوالی	nakhbarshaft
keiner von beiden	هیچ یک (از دو)	kainer von baiden
Neffe	خواهرزاده؛ برادر زاده	neffe
Nervösität	عصبانیت؛ عصبیت	nervoesitet
nisten	لانه	nisten
Vogelnest	لانه	vogelnest
Netz	خالص	nets
Netzwerk	شبکه	netsverk
Nervenzelle	یاخته عصبی	nerventselle
neutral	بی‌طرف	noytral
Neutral	بیطرفی؛ نادرگیری	noytral
Nevada	نوادا	nevada
nie	هرگز	ni
nichtdestoweniger	باوجوداین؛ لهذا	nihtdestoveniger
neu	جدید	noy
Neuankömmling	نورسیده؛ نوآیند	noyankoemmlink
Nachrichten	اخبار	nakhrihten
Newsletter	خبرنامه	nevsletter
Zeitung	روزنامه	tsaitunk
Newton	نیوتن	nevton
hübsch	خوب، زیبا	huebsh
auf nette Weise	بخوبی	auf nette vaise
Nische	موقعیت مناسب، طاقچه	nishe
Nickel	نیکل؛ آب نیکل دادن	nikel
Spitzname	کنیه؛ اسم فرعی	shpitsname
Nichte	خواهرزاده؛ برادر زاده	nihte
Nacht	شب	nakht
Albtraum	کابوس؛ بختک	albtraum
schnell von Begriff	چابک؛ چالاک	shnell von begriff
behände	چابک؛ چالاک	behende
Nimrod	نمرود	nimrod
neun	نه	noyn
neunzehn	نوزده	noyntsehn
neunzig	نود	noyntsik
neunte	یک نهم؛ درنهمین درجه	noynte
kneifen	زخمنیشگون؛ دردناک بودن	knaifen
zwicken	زخمنیشگون؛ دردناک بودن	tsviken
Schere	فندق شکن	shere
Brustwarze	پستانک؛ نوک پستان	brustvartse
Nitrat	شوره	nitrat
Stickstoff	نیتروژن؛ ازت	shtikstoff
nein	نه، هیچ	nain
keine	نه، هیچ	kaine
Adel	نجابت؛ نجبا	adel
edel	نجیب	edel
Edelmann	نجیب زاده	edelmann
niemand	هیچ کس	nimand
Nocturne	شبانه؛ شبانگاهی	nokturne
zunicken	سر تکان دادن	tsuniken
Knoten	گره	knoten
knotig	گره دار؛ قلنبه شده	knotik
knötchenförmig	گره دار؛ قلنبه شده	knoethenfoermik
Knötchen	قلنبه کوچک	knoethen
Nomenklatur	مجموعه لغات	nomenklatur
nominell	اعتباری؛ اسمی	nominell
nur dem Namen nach	اعتباری؛ اسمی	nur dem namen nakh
nominieren	نامزد کردن	nominiren
benennen	نامزد کردن	benennen
Strohmann	نامزد	shtrohmann
Lässigkeit	سهل انگاری	lessigkait
Nonkonformismus	نامقلد؛ ناپیرو	nonkonformismus
unscheinbar	وصف ناپذیر	unshainbar
keiner	هیچ کدام	kainer
nichtsdestoweniger	با این حال	nihtsdestoveniger
trotzdem	با این حال	trotsdem
gemeinnützig	غیرانتفاعی	gemainnuetsik
nicht gewinnorientiert	غیرانتفاعی	niht gevinnorintirt
Unsinn	بی‌معنی	unsinn
Schlinge	خفت کردن؛ در کمند انداختن	shlinge
auch nicht	و نه؛ همچنین نه	auh niht
Standard	هنجار	shtandard
normal	عادی	normal
normalisieren	عادی کردن	normalisiren
in der Regel	به طور عادی	in der regel
Norden	شمال	norden
Nordost	شمال شرقی؛ شمال شرق	nordost
Norther	شمالً	norter
nördlich	شمالی	noerdlih
Nord	شمالا؛ قسمت شمالی	nord
Nordwest	شمال غربی؛ شمال قرب	nordvest
nordwestlich	شمال غربی؛ شمال قربی	nordvestlih
Nase	بینی	nase
Nasenlöcher	منخرین	nasenloeher
nicht	نه	niht
bemerkenswert	قابل توجه	bemerkensvert
Kerbe	فرورفتگی؛ چوبخط زدن	kerbe
notieren	یادداشت	notiren
Notizbuch	دفترچه یادداشت	notitsbukh
nennenswert	گفتنی؛ قابل دقت	nennensvert
nichts	هیچ چیز	nihts
Bekanntmachung	اطلاع، متوجه شدن	bekanntmakhunk
benachrichtigen	اطلاع دادن	benakhrihtigen
anrüchig	بدنام	anruehik
Notorious	علانیتا	notorious
Substantiv	اسم	tsubstantiv
ernähren	قوت دادن	ernehren
nahrhaft	مغذی	nahrhaft
Ernähren	غذا؛ تغذی	ernehren
Roman	رمان؛ رمان، جدید	roman
Romancier	رمان‌نویس	romankir
Neuheit	طرفه؛ تازگی	noyhait
November	نوامبر	november
Nebelung	نوامبر	nebelunk
Novize	جدیدالایمان؛ مبتدی	novitse
nun	الان	nun
heutzutage	امروزه	hoytsutage
nirgends	هیچ جا	nirgends
ungesund	مضر	ungesund
Zellkern	هسته؛ هستک	tsellkern
Atomkern	هسته؛ هستک	atomkern
anstupsend	سقلمه	anstupsend
nichtig	تهی	nihtik
benommen	سر؛ بیحس کردن	benommen
Nummer	شماره؛ شماره گذاری کردن	nummer
Benommen	خدر؛ خواب رفتگی	benommen
numerisch	عددی؛ رقومی	numerish
Nonne	راهبه؛ زن تارک دنیا	nonne
Nur	نور	nur
Krankenschwester	پرستار	krankenshvester
Kindertagesstätte	مهد کودک	kindertagesstette
Gesundheits- und Krankenpflege	پرستاری	gesundhaits- und krankenpflege
Nuß	آجیل	nuss
Nährstoff	ماده مغذی	nehrstoff
Ernährung	تغذیه	ernehrunk
Nussschale	ملخص کلام	nussshale
Oase	واحه	oase
Eid	سوگند؛ یمین	aid
verhärtet	سرخت؛ سخت دل	verhertet
verstockt	سرخت؛ سخت دل	verstokt
Gehorsam	اطاعت؛ تمکین	gehorsam
gehorsam	مطیع؛ چاکر	gehorsam
korpulent	تپل	korpulent
beleibt	تپل	belaibt
Adipositas	چاقی	adipositas
gehorchen	چاکری کردن؛ فرمانبرداری کردن	gehorhen
etwas einzuwenden haben	شیء	etvas aintsuvenden haben
Gegenstand	شیء	gegenstand
Einwand	اعتراض	ainvand
nicht einwandfrei	ناشایسته؛ قابل اعتراض	niht ainvandfrai
Objektiv	هدف؛ عینی	obyektiv
Verpflichtung: Obligation	فرض؛ التزام	verpflihtung: obligation
Schuldbrief	فرض؛ التزام	shuldbrif
obligat	الزام آور	obligat
zuvorkommend	منت گذار	tsuvorkommend
höflich	منت گذار	hoeflih
schhief	مورب	shhif
verwischen	معدوم کردن؛ در نوشتن	vervishen
Vergessen	فراموشی	vergessen
Vergessenheit	فراموشی	vergessenhait
obnoxiös	گزندآور؛ زیان بخش	obnoksioes
nebelhaft	تار؛ غامض	nebelhaft
Obskurität	تیرگی؛ تعسر	obskuritet
obsequiös	مزاج گو	obsekvioes
beachtend	مراقب؛ مراعات کننده	beakhtend
beobachten	ملاحظه کردن؛ مشاهده کردن	beobakhten
besessen machen	وسواس داشتن	besessen makhen
fixe Idee	وسواس	fikse idee
veraltert	مهمل؛ مهجور	veraltert
unmodisch	مهمل؛ مهجور	unmodish
Halsstarrigkeit	معاندت؛ خیره سری	halsstarrigkait
Eigensinn	معاندت؛ خیره سری	aigensinn
halsstarrig	معاند؛ متعند	halsstarrik
versperren	اشکالتراشی کردن؛ کارثکنی کردن	versperren
Obstruktion	گرفتگی؛ سده	obstruktion
sich erwerben	اخذ کردن؛ اکتساب کردن	tsih erverben
erhältlich	قابل حصول؛ بدست آوردنی	erheltlih
Gelegenheit	مناسبت؛ اقتضاء	gelegenhait
Anlass	مناسبت؛ اقتضاء	anlass
Belegungsrate eines Hotels	سکونت	belegungsrate aines hotels
Beruf	شغل	beruf
besetzen	اشغال کردن	besetsen
sich ereignen	رخ دادن	tsih eraignen
vorfallen	رخ دادن	vorfallen
Ozean	اقیانوس	otsean
Oktober	اکتبر	oktober
visuell	چشمی؛ باصرهای	visuell
optisch	چشمی؛ باصرهای	optish
Chancen	شانس	hantsen
Ode	چکامه	ode
Œuvre	کار عمده؛ کار حیاتی	œuvre
ausgeschaltet	خاموش، خارج از	ausgeshaltet
Beleidiger	متخلف	belaidiger
Vergehen	خلاف؛ اهانت	vergehen
offensiv	رنجاننده؛ موهن	offensiv
Angebot	پیشنهاد، پیشنهاد دادن	angebot
anbieten	پیشنهاد، پیشنهاد دادن	anbiten
Anerbieten	پیشنهاد	anerbiten
ohne weiteres	بداهه؛ بی تهیه	ohne vaiteres
unvorbereitet	بداهه؛ بی تهیه	unvorberaitet
Amt	دفتر	amt
Offizier	افسر	offitsir
Beamter	افسر	beamter
offiziell	مقام؛ رسمی	offitsill
gegenrechnen	افست	gegenrehnen
Gegenrechnung	افست	gegenrehnunk
Nachkomme	فرزندان	nakhkomme
oh	اوه	oh
Öl	روغن	oel
ölig	چرب؛ دهنی	oelik
glatt	چرب؛ دهنی	glatt
Kreme	مرهم؛ مالیدنی	kreme
Okay	خوب	okay
okay	صحیح است	okay
alt	پیر، قدیمی	alt
Olivenbaum	زیتون؛ درخت زیتون	olivenbaum
Omelett	خاگینه	omelett
Vorbedeutung	فال؛ اوعور	vorbedoytunk
von schlimmer Vorbedeutung	شوم؛ نامیمون	von shlimmer vorbedoytunk
Auslassung	افتادگی؛ فروگذاری	auslassunk
Unterlassung	افتادگی؛ فروگذاری	unterlassunk
auslassen	حذف کردن؛ از قلم انداختن	auslassen
versäumen	حذف کردن؛ از قلم انداختن	versoymen
Allmacht	قدرت مطلق؛ قادر مطلق	allmakht
auf	بر روی	auf
einmal	یک بار	ainmal
nahend	روی دهنده؛ جلو رونده	nahend
eins	یک	ains
laufend	در حال انجام	laufend
Zwiebel	پیاز	tsvibel
online	آنلاین	online
einziger	فقط	aintsiger
auf ... hinauf	روی	auf ... hinauf
Opal	عینالهر؛ عین الشمس	opal
undurchsichtig	مات؛ غیر شفاف	undurhsihtik
öffnen	باز، باز کردن	oeffnen
Eröffnung	دهانه؛ افتتاح؛ فرصت شغلی	eroeffnunk
Oper	اپرا	oper
Operation	عملیات؛ عمل جراحی	operation
Betrieb	عملیات؛ عمل جراحی	betrib
ausführender Arbeiter	اپراتور	ausfuehrender arbaiter
Maschinist	اپراتور	mashinist
Meinung	نظر	mainunk
Opium	افیون؛ تریاک	opium
gelegen	بموقع؛ بهنگام	gelegen
einwenden	مخالفت کردن؛ متضاد کردن	ainvenden
sich widersetzen	مخالفت کردن؛ متضاد کردن	tsih vidersetsen
gegenüber	مقابل، روبرو	gegenueber
Widerstand	مخالفت؛ طرفیت	viderstand
Widerspruch	مخالفت؛ طرفیت	vidersprukh
unterdrücken	جور کردن؛ جبر کردن	unterdrueken
Unterdrückung	جور؛ بیداد	unterdruekunk
unterdrückend	ستمگر؛ زورگو	unterdruekend
bedrückend	ستمگر؛ زورگو	bedruekend
Oppressor	مستبدین	oppressor
optieren	انتخاب کردن	optiren
Optimismus	خوشبینی	optimismus
optimistisch	خوشبین	optimistish
Option	گزینه	option
Vorkaufsrecht	گزینه	vorkaufsreht
auf Wunsch	اختیاری؛ خیاری	auf vunsh
freigestellt	اختیاری؛ خیاری	fraigestellt
oder	یا	oder
mündlich	شفاهی	muendlih
orange	پرتقال، نارنجی	orange
Orange	پرتقال، نارنجی	orange
Ora	خطابه	ora
Redner	نطاق؛ خطیب	redner
Redekunst	شیوهسخنرانی؛ سخن پردازی	redekunst
Oratorium	شیوهسخنرانی؛ سخن پردازی	oratorium
Umlaufbahn	مدار؛ دور گشتن	umlaufbahn
Orchester	ارکستر	orhester
ordinieren	وضع کردن	ordiniren
bestimmen	وضع کردن	bestimmen
Gottesurteil	کار شاق	gottesurtail
Tortur	کار شاق	tortur
Bestellung	سفارش، سفارش دادن	bestellunk
Reihenfolge	سفارش، سفارش دادن	raihenfolge
ordnungsliebend	نظمی؛ مصدر	ordnungslibend
geordnet	نظمی؛ مصدر	geordnet
gewöhnlich	معمولی	gevoehnlih
Erz	سنگ معدن	erts
Orgel	عضو؛ آلت	orgel
Organisch	ارگانیک	organish
Lebewesen	اندامگان؛ سازواره	lebevesen
Organisation	سازمان	organisation
organisieren	سازماندهی کردن	organisiren
Organisierer	موسس؛ برگزار کننده	organisirer
Orient	شرق؛ درخشندگی بسیار	orint
Orientierung	جهت‌گیری	orintirunk
Ursprung	ریشه؛ اصل	ursprunk
ursprünglich	اصلی	urspruenglih
herstammen	سرچشمه گرفتن	herstammen
Begründer	بنیانگذار؛ سبب ساز	begruender
Waise	یتیم؛ پدرمرده	vaise
Waisenhaus	پرورشگاه؛ یتیم خانه	vaisenhaus
orthodox	فریور؛ راشد	ortodoks
Schwingung	نوسان	shvingunk
verknöchern	استخوانی کردن؛ استخوانی شدن	verknoehern
vorgeblich	قابل نمایش	vorgeblih
Osteoporose	پوکی استخوان	osteoporose
Afrikanischer Strauß	شتر مرغ	afrikanisher shtrauss
andere	دیگر	andere
sonst	والا؛ وگرنه	tsonst
anderenfalls	والا؛ وگرنه	anderenfalls
Unze	اونس	untse
unser	مال ما	unser
unsere	مال ما	unsere
unserer	ما	unserer
uns	خودمان	uns
heraus	بیرون	heraus
hinaus	بیرون	hinaus
Ausbruch	شیوع	ausbrukh
überholt	قدیمی شده	ueberholt
übertreffen	بس پردازی	uebertreffen
äußerer	بیرونی	oysserer
Ausstattung	لباس	ausstattunk
Wegfluss	بیرون ریزی؛ جریان بخارج	vegfluss
Landpartie	گردش	landparti
Gesetzloser	یاغی؛ ممنوع ساختن	gesetsloser
Auslaß	خروجی	auslass
überleben	بیشتر دوام آوردن	ueberleben
Ausblick	چشم‌انداز	ausblik
abgelegen	پرت	abgelegen
außerhalb liegend	پرت	ausserhalb ligend
Außenstelle	پایگاه مرزی	aussenstelle
Vorposten	پایگاه مرزی	vorposten
Outrage	عصبانی کننده؛ بیداد گرانه	outrage
Außenseite	بیرون	aussensaite
Außenseiter	بیگانه	aussensaiter
Außenstehender	بیگانه	aussenstehender
Außenbezirke	حومه	aussenbetsirke
freimütig	رو دار؛ بی پرده	fraimuetik
ausstehend	برجسته	ausstehend
außen	به‌طرف خارج	aussen
überwiegen	مهمتربودن از	uebervigen
oval	بادامی	oval
eiförmig	بادامی	aifoermik
Eierstock-	تخمدانی	aierstok-
Eierstock	تخمدان	aierstok
Backofen	فر	bakofen
herüber	روی، تمام شده	herueber
hinüber	روی، تمام شده	hinueber
gesamt	بالاپوش؛ لباس کار	gesamt
insgesamt	بالاپوش؛ لباس کار	insgesamt
herrisch	منکوب گر؛ طاقت فرسا	herrish
über Bord	بدریا؛ روی کشتی	ueber bord
überwunden	غلبه کردن	uebervunden
überfällig	سر رسیده؛ موعد رسیده	ueberfellik
überfließen	طغیان؛ آگندن	ueberflissen
darüber	بالاسری	darueber
überhören	استراق سمع کردن	ueberhoeren
überschneiden	اشتراک داشتن؛ روی هم افتادن	uebershnaiden
übereinandergreifen	اشتراک داشتن؛ روی هم افتادن	ueberainandergraifen
überlastet	گرانبار؛ گران بار شدن	ueberlastet
übersehen	نادیده گرفتن	uebersehen
überschauen	نادیده گرفتن	uebershauen
über Nacht	یک شبه	ueber nakht
Übersee	خارج از کشور	uebersee
Ausland	خارج از کشور	ausland
überblicken	نظارت کردن	ueberbliken
Vorarbeiter	سرکار	vorarbaiter
überschhatten	تحت الشعاع قراردادن	uebershhatten
verdüstern	تحت الشعاع قراردادن	verduestern
offenkundig	نپوشیده	offenkundik
umwerfen	سرنگونی؛ منقرض کردن	umverfen
umstürzen	سرنگونی؛ منقرض کردن	umstuertsen
umgeworfen	منقرض؛ مظمحل	umgevorfen
umgestürzt	منقرض؛ مظمحل	umgestuertst
Ouvertüre	آغاز عمل؛ پیش درآمد	ouvertuere
überwältigen	غرق کردن	ueberveltigen
überwältigend	طاقت فرسا	ueberveltigend
Eizelle	تخم؛ تخمک	aitselle
Ovum	تخم؛ تخمک	ovum
schulden	مدیون بودن؛ بدهکار بودن	shulden
geschuldet	مقروض	geshuldet
aufgrund	مقروض	aufgrund
Eulen	جغد؛ بوف	oylen
eigen	خود، داشتن؛ داشتن	aigen
besitzen	خود، داشتن؛ داشتن	besitsen
Besitzer	مالک	besitser
Eigentumsrecht	مالکیت	aigentumsreht
Ochse	نره گاو	okhse
Oxford	اکسفورد؛ آکسفورد	oksford
Oxydation	ترکیب اکسیژن	oksydation
Oxid	اکسید	oksid
Sauerstoff	اکسیژن	sauerstoff
mit Sauerstoff angereichert	اکسیژنه	mit sauerstoff angeraihert
Ozon	اوزون	otson
pazifisch	صلح جو	patsifish
Schnuller	آرام کننده	shnuller
packen	بسته بندی کردن	paken
Packung	بسته	pakunk
Päckchen	بسته	pekhen
Paket	بسته	paket
Polster	پد	polster
Paddel	پارو زدن	paddel
heidnisch	مشرک؛ غیر مسیحی	haidnish
Buchseite	صفحه	bukhsaite
Schmerz	درد	shmerts
schmerzhaft	دردمند؛ رنجور	shmertshaft
arbeitsam	رنجبر؛ زحمت کش	arbaitsam
anmalen	نقاشی کردن، رنگ	anmalen
Maler	نقاش	maler
Malerei	نقاشی	malerai
Paar	جفت	paar
Phase Alternating Line	رفیق شدن	fase alternatink line
Palast	کاخ	palast
Gaumen	سق؛ حنک	gaumen
blass	رنگ‌پریده؛ کم‌رنگ	blass
Palette	ماله صافکاری	palette
Pritsche	ماله صافکاری	prihe
Handfläche	کف دست	handflehe
palpabel	قابل لمس	palpabel
Paralyse	زمین گیری	paralyse
Lähmung	زمین گیری	lehmunk
verwöhnt	نازپرورده	vervoehnt
Flugblatt	جزوه	flugblatt
Flugschrift	جزوه	flugshrift
Pamphletist	جزوه نویس	pamfletist
Topf	گودال آب	topf
Tiegel	گودال آب	tigel
steifer Strohhut	پاناما	shtaifer shtrohhut
Panamahut	پاناما	panamahut
Eierkuchen	نان ساجی	aierkukhen
Glasscheibe	قاب شیشه	glasshaibe
Pult	تخته کوبی کردن	pult
Stich	سوزش ناگهانی	shtih
Panik	وحشت	panik
Panik laufen	وحشت	panik laufen
Panoplie	کاملا مجهز؛ سلاح کامل	panopli
Panoramabild	چشم انداز	panoramabild
keuchend	له له	koyhend
Speisekammer	گنجه؛ دولاب	shpaisekammer
Hose	شلوار	hose
Papier	کاغذ	papir
Schreibarbeit	کاغذ بازی	shraibarbait
Parade	رژه	parade
zur Parade aufziehen	رژه	tsur parade auftsihen
Paradies	رضوان؛ عدن	paradis
widersinnig	مهمل نما	vidersinnik
verblüffend	مهمل نما	verblueffend
Alkan	پارافین	alkan
Paragraf	پاراگراف	paragraf
parallel	موازی	parallel
zu	موازی	tsu
paralytisch	فالج؛ افلیج	paralytish
paralysieren	لنگ کردن؛ فلج کردن	paralysiren
lähmen	لنگ کردن؛ فلج کردن	lehmen
Kennziffer	پارامتر	kenntsiffer
Parameter	پارامتر	parameter
Brüstung	دیواره	bruestunk
Umschreibung	تاویل؛ تاویل کردن	umshraibunk
umschreiben	تاویل؛ تاویل کردن	umshraiben
Querschnittlähmung	فلج پا؛ پا فلجی	kvershnittlehmunk
Schmarotzer	انگل؛ طفیلی	shmarotser
Parasit	انگل؛ طفیلی	parasit
verzeihen	بخشش؛ آمرزش	vertsaihen
Verzeihung	بخشش؛ آمرزش	vertsaihunk
Elternschaft	والد	elternshaft
elterlich	والدین	elterlih
Eltern	اولیاء؛ والدین	eltern
Scheitelbein-	جداری	shaitelbain-
wandständig	جداری	vandstendik
Paris	پاریس	paris
Gemeinde	اهل محله	gemainde
Park	پارک، پارک کردن	park
parken	پارک، پارک کردن	parken
Parken	پارکینگ	parken
Parlament	مجلس؛ کنگره	parlament
parlamentarisch	پارلمانی؛ مجلسی	parlamentarish
bedingte Haftentlassung	عفو مشروط؛ قول مردانه	bedingte haftentlassunk
Bewährung	عفو مشروط؛ قول مردانه	bevehrunk
Parkett	محل ارکسترنمایش؛ باچوب فرش کردن	parkett
Papageien	طوطی	papagaien
Teil	قسمت	tail
teilnehmen	بهره داشتن؛ قسمت بردن	tailnehmen
zu sich nehmen	بهره داشتن؛ قسمت بردن	tsu tsih nehmen
zum Teil	موضعی؛ طرفدارانه	tsum tail
Teilnehmer	حاضر؛ شریک	tailnehmer
sich beteiligen	شرکت کردن؛ مشارکت کردن	tsih betailigen
Mitwirkung	مشارکت	mitvirkunk
Teilchen	ریزه؛ ذره	tailhen
besonderer	خاص	besonderer
besonders	به‌ویژه	besonders
Parteigänger	پارتیزان	partaigenger
parteiisch	پارتیزان	partaiish
Parteilichkeit	هواداری	partailihkait
teilweise	یک چند؛ دریک جزء	tailvaise
Gatte	همکار، شریک	gatte
Gattin	همکار، شریک	gattin
Mitbeteiligung	مشارکت	mitbetailigunk
Partnerschaft	مشارکت	partnershaft
nebenberuflich	پاره‌وقت	nebenberuflih
Teilzeit	پاره‌وقت	tailtsait
Partei	مهمانی، حزب	partai
Pas	گام رقص	pas
bestehen	رد شدن، گذراندن	bestehen
herreichen	رد شدن، گذراندن	herraihen
Überfahrt	گذرگاه؛ قطعه متن	ueberfahrt
Durchgang	گذرگاه؛ قطعه متن	durhgank
Passagier	مسافر	passagir
Fahrgast	مسافر	fahrgast
Leidenschaft	شهوت؛ شور	laidenshaft
leidenschaftlich	پرشور	laidenshaftlih
Passiv	بیبهره؛ انفعالی	passiv
Reisepass	گذرنامه	raisepass
Passwort	رمز عبور	passvort
vergangen	گذشته	vergangen
Vergangenheit	گذشته	vergangenhait
Paste	خمیر؛ چسب	paste
Zeitvertreib	کاروقت گذران	tsaitvertraib
Weide	چراندن؛ چراگاه	vaide
Klaps	به‌طور مناسب	klaps
tätscheln	به‌طور مناسب	teheln
Flicken	وصله؛ جالیز	fliken
Patchwork	کارسرهم بندی؛ وصله دوزی	pathvork
manifest	منشور؛ امتیاز نامه	manifest
väterlich	از پدر	veterlih
Weg	معبر	vek
pathetisch	تاثرآور	patetish
rührend	تاثرآور	ruehrend
Pfadfinder	بلد راه	pfadfinder
Wegbereiter	بلد راه	vegberaiter
Krankheitserreger	مرض خیز	krankhaitserreger
pathologisch	پاتولوژی	patologish
Pathologe	مرض شناس؛ آسیب شناس	patologe
Pathologie	پاتولوژی؛ مرض شناسی	patologi
Geduld	صبر	geduld
geduldig	بیمار	geduldik
Patient	بیمار	patint
in geduldiger Weise	صبورانه	in geduldiger vaise
Patriarch	شیخ؛ پدرشاه	patriarh
Paterfamilias	شیخ؛ پدرشاه	paterfamilias
Patriot	پاتریوت؛ وطن پرست	patriot
Vaterlandsfreund	پاتریوت؛ وطن پرست	vaterlandsfroynd
patriotisch	وطن دوستی	patriotish
Patriotismus	وطن پرستی؛ وطن دوستی	patriotismus
Streifendienst	گشت؛ گشتی	shtraifendinst
Stammkunde	مشوق	shtammkunde
Schutzherr	مشوق	shutsherr
Trippeln	لهجه محلی	trippeln
Geplapper	لهجه محلی	geplapper
Schnittmuster	الگو	shnittmuster
Armer	گدا؛ بی نوا	armer
pausieren	مکث کردن، مکث	pausiren
pflastern	سنفرش شده	pflastern
Pavillon	جایگاه؛ درکلاه فرنگی	pavillon
Pfote	پنجه؛ پنجه زدن	pfote
Pfand	گرو؛ گرو گذاشتن	pfand
verpfänden	گرو؛ گرو گذاشتن	verpfenden
bezahlen	پرداخت؛ پرداخت کردن	betsahlen
zahlbar	دادنی؛ پرداختنی	tsahlbar
Zahlung	اجاره؛ پرداخت	tsahlunk
Erbse	نخود	erbse
Frieden	صلح	friden
friedlich	مسالمتآمیز؛ مسالم	fridlih
Höchststand	فرق؛ قله	hoehststand
klingeln	صدای پیوسته؛ صدای مسلسل	klingeln
Birne	گلابی؛ امرود	birne
Perle	مروارید؛ مرواریدی	perle
ärmlicher Bauer	رعیت	ermliher bauer
Bauernschaft	رعایا؛ دهقانی	bauernshaft
picken	نوک زدن؛ نک زدن	piken
pektoral	صدری	pektoral
Eigenart	غرابت	aigenart
auf Geld bezogen	جریمه دار	auf geld betsogen
Rad fahren	رکاب؛ پدال	rad fahren
radeln	رکاب؛ پدال	radeln
Pedant	ملانقطی	pedant
Hausierer	دورگرد؛ دوره گرد	hausirer
Postament	پایه؛ پایه مجسمه	postament
Fußgänger	پیاده؛ رهگذر	fussgenger
Peel	پوست کنده	peel
spähen	جیک زدن؛ نیش آفتاب	shpehen
prüfend blicken	همتا	pruefend bliken
Ebenbürtiger	همتا	ebenbuertiger
Peer	مقام اشرافی	peer
Pflock	میخچوبی؛ شبیه میخ	pflok
Bindfäden regnen	پوستک؛ خامسوز	bindfeden regnen
in Strömen regnen	پوستک؛ خامسوز	in shtroemen regnen
pelvisch	لگنی	pelvish
Feder	خودکار	feder
strafend	مجازاتی؛ کیفری	shtrafend
Strafe	جریمه	shtrafe
Bleistift	مداد	blaistift
Pendé	امر معلق	pendé
Pendel	آونگ؛ پاندول	pendel
durchdringen	نفوذ کردن؛ رخنه کردن	durhdringen
Durchdringung	نفوذ؛ رسوخ	durhdringunk
Halbinsel	شبه جزیره	halbinsel
Penis	دول؛ چر	penis
Glied	دول؛ چر	glid
penitentiär	ندامتی؛ ندامتگاه	penitentier
Penni	نادار؛ بی زر	penni
Pennsylvania	پنسیلوانیا	pennsylvania
Penny	پنی	penny
Pension	مستمری؛ مقرری	pension
Rente	مستمری؛ مقرری	rente
Rentner	وظیفهخوار؛ مستمری بگیر	rentner
Penionär	وظیفهخوار؛ مستمری بگیر	penioner
nachdenklich	گرفتار غم	nakhdenklih
Penthouse	ساباط؛ کبوتر خانه	pentouse
Menschen	مردم	menshen
Volk	مردم	volk
Pfeffer	فلفل	pfeffer
pro	در هر	pro
bemerken	درک کردن	bemerken
Prozent	درصد	protsent
Prozentsatz	درصد؛ سدیاچند	protsentsats
prozentualer Anteil	درصد؛ سدیاچند	protsentualer antail
wahrnehmbar	ادراک شدنی	vahrnehmbar
Wahrnehmung	ادراک	vahrnehmunk
Barsch	جایگاه بلند	barsh
Hühnerstange	جایگاه بلند	huehnerstange
kategorisch	حکمی؛ شتاب آمیز	kategorish
vollkommen	کامل	vollkommen
vollkommen machen	کامل	vollkommen makhen
Vollkommenheit	کمال؛ بی عیبی	vollkommenhait
perforiert	سوراخ شده؛ خلل و فرج دار	perforirt
durchlöchert	سوراخ شده؛ خلل و فرج دار	durhloehert
Perforation	مسئله؛ مسام	perforation
aufführen	اجرا کردن	auffuehren
Theatervorstellung	اجرا؛ طرز کار	teatervorstellunk
Aufführer	کننده؛ مرتکب	auffuehrer
Parfüm	عطر؛ نکهت	parfuem
Zeitraum	دوره	tsaitraum
Periode	دوره	periode
periodisch	مجله؛ نوبتی	periodish
Peripheriegerät	جنبی؛ پیرامونی	periferigeret
umkommen	فاسدشدن؛ هلاک شدن	umkommen
dauernd	پایدار؛ ماندنی	dauernd
andauernd	به طور دائمی	andauernd
zulässig	مجاز؛ روا	tsulessik
perniziös	نابود کننده	pernitsioes
Lot	عمودی؛ ستون وار	lot
immerwährend	ابد	immervehrend
verewigen	جاودانی ساختن	verevigen
fortbestehen lassen	جاودانی ساختن	fortbestehen lassen
Verworrenheit	حیرت؛ سرگردانی	vervorrenhait
Beharrlichkeit	ابرام؛ پشتکار	beharrlihkait
persisch	فارسی؛ ایرانی	persish
iranisch	فارسی؛ ایرانی	iranish
Verharren	سماجت؛ پافشاری	verharren
hartnäckig	ماندگار؛ سمج	hartnekik
Person	شخص	person
Personen	شخص	personen
Persönlichkeit	شخصیت	persoenlihkait
personifizieren	مجسم	personifitsiren
Belegschaft	پرسنل؛ اعضا اداری	belegshaft
Personal	پرسنل؛ اعضا اداری	personal
Perspektive	لحاظ؛ چشمانداز	perspektive
Ausdünstung	تعریق؛ رشحه	ausduenstunk
Schweiß	تعریق؛ رشحه	shvaiss
schwitzen	عرق کردن؛ عرق ریختن	shvitsen
Peru	پرو	peru
Perversion	بدراهی	perversion
Pest	مرگی	pest
Seuche	مرگی	soyhe
Haustier	حیوان خانگی	haustir
Kuscheltier	حیوان خانگی	kusheltir
Petersburg	پترزبورگ	petersburk
Peterson	پیترسون	peterson
Bittschrift	عرضحال؛ دادخواست	bithrift
Petition	عرضحال؛ دادخواست	petition
Bittsteller	متظلم؛ دادخواه	bittsteller
versteinern	متحجر	verstainern
Erdöl	نفت؛ نفت خام	erdoel
Geringfügigkeit	دونی	geringfuegigkait
Launenhaftigkeit	کج خلقی؛ زود رنجی	launenhaftigkait
Trugbild	ظاهر فریبنده	trugbild
Kehle	حلقوم؛ گلوگاه	kehle
Pharynx	حلقوم؛ گلوگاه	farynks
Stufe	وجه؛ مرحله	shtufe
Fasan	تذرو	fasan
Erscheinung	پدیده؛ حادثه	ershainunk
Philadelphia	فیلادلفیا	filadelfia
philanthropisch	بشردوست؛ نوعدوست	filantropish
Philanthropist	بشردوست	filantropist
Philanthropie	بشردوستی؛ نوعپرستی	filantropi
Philippinen	فیلیپین	filippinen
Philosoph	فیلسوف	filosof
philosophisch	فلسفی	filosofish
Philosophie	فلسفه؛ حکمت	filosofi
Phönix	سمندر؛ سیمرغ	foeniks
Telefon	تلفن، تماس گرفتن	telefon
Phosphor	فسفر	fosfor
Fotografie	عکس؛ عکس گرفتن	fotografi
fotografieren	عکس؛ عکس گرفتن	fotografiren
Fotograf	عکاس؛ عکس بردار	fotograf
fotografisch	عکسی	fotografish
Redensart	عبارت	redensart
Phrase	عبارت	frase
Physik	فیزیک	fysik
physiologisch	تنکردی	fysiologish
Physiologie	علمالابدان؛ علم طبیعی	fysiologi
Klavier	پیانو	klavir
pflücken	برداشتن	pflueken
Picknick	پیکنیک؛ اجتماعی درخارج	piknik
pittoresk	خوش منظره	pittoresk
Pastete	درهم ریختن؛ کلاغ زنگی	pastete
Scheckung	ابلق؛ پیسه	shekunk
Seebrücke	جرز؛ اسکله	tseebrueke
durchstechen	سپوختن؛ سفتن	durhstehen
Frömmigkeit	تدین؛ دیانت	froemmigkait
Schwein	خوک	shvain
Taube	کبوتر	taube
Lack	رنگدانه؛ رنگیزه	lak
Zollschranke	نوک نیزه؛ اردک ماهی	tsollshranke
Pilger	حاجی؛ زوار	pilger
Wallfahrt	زیارت؛ زیارت رفتن	vallfahrt
Tablette	قرص	tablette
Pille	قرص	pille
Plünderung	یغماگری	pluenderunk
Säule	پایه؛ ستون	soyle
Kopfkissen	پشتی؛ بالش	kopfkissen
Pilot	خلبان	pilot
Lotse	خلبان	lotse
Pustel	کورک؛ بثور	pustel
Stecknadel	میل؛ سوزن	shteknadel
Kiefern	کاج؛ صنوبر	kifern
Ananas	آناناس	ananas
rosa	صورتی	rosa
Fiale	منتهی درجه	fiale
Pionier	پیشگام؛ پیشرو	pionir
Bahnbrecher	پیشگام؛ پیشرو	bahnbreher
Leitungsrohr	لوله؛ چپق	laitungsrohr
Pfeife zum Musizieren	لوله؛ چپق	pfaife tsum musitsiren
Rohrleitung	مغزی؛ نیزنی	rohrlaitunk
würzig	هشیارکننده؛ تند و بامزه	vuertsik
Pirat	دزد ادبی؛ دزد دریایی	pirat
auf See überfallen	دزد ادبی؛ دزد دریایی	auf tsee ueberfallen
Pistole	پارابلوم؛ هفت تیر	pistole
Grube	تخم؛ هسته	grube
abstecken	زفت	absteken
Mistgabel	دوشاخه؛ سه شاخه	mistgabel
erbarmenswert	قابل ترحم	erbarmensvert
mitleidig	قابل ترحم	mitlaidik
erbarmungslos	بی ترحم	erbarmungslos
mitleidlos	بی ترحم	mitlaidlos
Pittsburgh	پیتسبورگ	pittsburgh
Mitleid haben mit	ترحم	mitlaid haben mit
stellen	مکان	shtellen
Platzierung	جایابی	platsirunk
Unterbringung	جایابی	unterbringunk
Plage	بلا؛ طاعون	plage
Karomuster	پارچه پیچازی	karomuster
kariert	پارچه پیچازی	karirt
Kläger	شاکی؛ دادخواه	kleger
Plan	برنامه، برنامه ریزی کردن	plan
Planet	سیاره	planet
Planke	تخته؛ تخته پوش کردن	planke
Plank	تخته بندی	plank
Planer	طراح	planer
Planung	زمینهسازی؛ برنامه ریزی	planunk
Fabrikanlage	کاشتن؛ گیاه	fabrikanlage
Plantage	سبزیکاری؛ درختستان	plantage
Pflanzer	صاحب مزرعه؛ پرورنده گیاهان	pflantser
Plasma	پلاسما	plasma
Putz	گچ؛ مشمع	puts
Plastik	پلاستیک	plastik
plastisch	پلاستیک	plastish
Teller	بشقاب	teller
Schild	بشقاب	shild
Hochebene	فلات؛ زمین مسطح	hokhebene
Bahnsteig	سکو	bahnstaik
Plattieren	آبکاری فلزی	plattiren
platonisch	افلاطونی	platonish
Kolonne	رسد	kolonne
glaubhaft	باورکردنی؛ قابل استماع	glaubhaft
einleuchtend	باورکردنی؛ قابل استماع	ainloyhtend
Theaterstück	بازی کردن، نمایش	teaterstuek
verspielt	بازیگوش	verspilt
spielerisch	بازیگوش	shpilerish
Spielgefährte	همبازی	shpilgefehrte
plädieren	عرضحال دادن	plediren
bitte sehr	خوشحال کردن؛ لطفا	bitte tsehr
erfreuen	خوشحال کردن؛ لطفا	erfroyen
befriedigt	خوشحال	befridigt
plenär	غیر مقید	plener
Fülle	کثیر؛ بمقدار فراوان	fuelle
Pleuritis	ذاتالجنب؛ برسام	ployritis
pliabel	قابل انعطاف؛ نرم شدنی	pliabel
verschwören	دسیسه؛ توطئه	vershvoeren
pflügen	شخم؛ شیار کردن	pfluegen
Pflug	شخم؛ شیار کردن	pfluk
Regenpfeifer	مرغ باران	regenpfaifer
zupfen	پر کندن؛ ناگهان کشیدن	tsupfen
Schindmähre	دوشاخه	shindmehre
Hydrant	دوشاخه	hydrant
Leckerbissen	گوجه؛ آلو	lekerbissen
Pflaume	گوجه؛ آلو	pflaume
lotrecht	عمود بودن؛ عمق پیمودن	lotreht
ausloten	عمود بودن؛ عمق پیمودن	ausloten
Installateur	لولهکش؛ لوله ساز	installatoyr
Stolz sein auf	نازیدن؛ پر آرایشی	shtolts sain auf
stürzen	افت؛ شیرجه	shtuertsen
plural	جمعی؛ صیغه جمع	plural
Addition	به اضافه	addition
betreiben	لا؛ وآمد کردن	betraiben
Lungenentzündung	ذات الریه	lungenentsuendunk
Tasche am Anzug	جیب	tashe am antsuk
Taschenbuch	کتاب جیبی؛ جزوه دان	tashenbukh
pockennarbig	مجدر؛ آبله دار	pokennarbik
Gedicht	شعر؛ چامه	gediht
Dichter	شاعر؛ غزل سرا	dihter
Dichtkunst	شعر؛ اشعار	dihtkunst
Gedichte	شعر؛ اشعار	gedihte
schneidend	نیشدار؛ گوشه دار	shnaidend
Punkt	نقطه، اشاره کردن	punkt
zeigen	نقطه، اشاره کردن	tsaigen
Schreibmarke	عقربک؛ عقربه	shraibmarke
Gift	سم؛ زهر	gift
vergiften	سم؛ زهر	vergiften
giftig	زهری؛ زهردار	giftik
Schüreisen	سیخ زن؛ سیخ بخاری	shueraisen
stoßen	سقلمه	shtossen
herumpokern	سقلمه	herumpokern
Polen	لهستان	polen
Pol	تیر؛ قطب	pol
polemisch	جدلی کردن؛ اهل جدل	polemish
streitsüchtig	جدلی کردن؛ اهل جدل	shtraitsuehtik
Polizei	پلیس	politsai
Polizist	پلیس (مرد)	politsist
Polizistin	پلیس (مرد)	politsistin
Politik	سیاست؛ خط‌مشی	politik
Versicherungspolice	سیاست؛ خط‌مشی	versiherungspolitse
auf höfliche Weise	مودبانه	auf hoeflihe vaise
politisch	سیاسی	politish
Politiker	سیاستمدار؛ ساوس	politiker
Abstimmung	نمونه برداشتن؛ نظر خواهی کردن	abstimmunk
Blütenstaub	گرد؛ دانه گرده	bluetenstaub
Pollen	گرد؛ دانه گرده	pollen
Verschmutzung	آلودگی	vershmutsunk
Umweltverschmutzung	آلودگی	umveltvershmutsunk
Polygamie	چندگانی؛ بس گانی	polygami
Polymer	بسپار	polymer
Prunk	فر؛ غرور وتظاهر	prunk
Prunksucht	طمطراق؛ آب وتاب	prunksukht
Großspurigkeit	طمطراق؛ آب وتاب	grossspurigkait
Teich	دریاچه؛ غدیر	taih
grübeln	تامل کردن؛ تعمق کردن	gruebeln
schwer	ثقیل	shver
Pony	تاتو	pony
Schwimmbecken	استخر	shvimmbeken
arm	فقیر	arm
Armenhaus	دارالمساکین؛ دارالعجزه	armenhaus
Popmusik	پاپ (موسیقی)، پاپ (چیزی)	popmusik
Papst	پاپ	papst
Mohn	خشخاش	mohn
populär	محبوب	populer
beliebt	محبوب	belibt
Beliebtheit	وجهه؛ محبوبیت	belibtait
Bevölkerung	جمعیت	bevoelkerunk
populös	پرجمعیت؛ پرسکنه	populoes
Vorbau	سرپوشیده؛ رواق	vorbau
Vordach	سرپوشیده؛ رواق	vordakh
Pore	منافد	pore
Schweinefleisch	گوشتخوک	shvaineflaish
Portal	سر در	portal
Gepäckträger	باربر؛ حمال	gepektreger
Portefeuille	نامه دان	portefoyille
Brustbild	نقاشی؛ تصویر	brustbild
malen	تصویر کردن؛ ترسیم کردن	malen
Portugal	پرتقال؛ پرتغال	portugal
Portugiesisch	زبان پرتقالی	portugisish
setzen	ژست؛ ژست گرفتن	tsetsen
positiv	مثبت	positiv
entschieden	مثبت	enhiden
Besitz	مالکیت	besits
Eigentümer	مالک؛ دارا	aigentuemer
Möglichkeit	امکان	moeglihkeit
Pfosten	پست کردن، اداره پست	pfosten
Porto	پول پست؛ ارسال پست	porto
Plakat	پوستر	plakat
Anschlag	پوستر	anshlak
Arsch	پسین؛ دیرتر	arsh
Poster	اعقاب؛ اخلاف	poster
Verschiebung	تاخیر؛ تعویق	vershibunk
posieren	پز	posiren
Position	پز	position
Kännchen	دیگ؛ تیان	kennhen
Kalisalz	پتاس؛ پتاس محرق	kalisalts
Kalium	پتاسیم	kalium
Kartoffel	سیب‌زمینی	kartoffel
Potenzial	التزامی؛ پتانسیل	potentsial
potenziell	التزامی؛ پتانسیل	potentsill
Töpferei	کوزهگری؛ سفالگری	toepferai
Beutel	کیسه کوچک؛ کیف پول	boytel
Sack	کیسه کوچک؛ کیف پول	tsak
Arzneipflaster	ضماد	artsnaipflaster
Geflügel	مرغ خانگی	gefluegel
sich stürzen auf	درحال خیز	tsih shtuertsen auf
Pfund	پوند	pfund
Armut	تنگی؛ درویشی	armut
Puder	گرد؛ پودر	puder
Pulver	گرد؛ پودر	pulver
puderig	گردی؛ آردی	puderik
Macht	قدرت	makht
ausführbar	پرشدنی؛ قابل اجرا	ausfuehrbar
praktisch	عملی؛ اهل عمل	praktish
Praxis	تمرین	praksis
Prärie	چمنزار؛ جلگه	preri
Lob	تمجید؛ درود	lob
loben	تمجید؛ درود	loben
lobenswert	هژیر؛ ستودنی	lobensvert
löblich	هژیر؛ ستودنی	loeblih
plappern	حرف مفت زدن	plappern
beten	ذکر؛ نماز کردن	beten
Gebet	نماز؛ دعا	gebet
vor-	بر خلاف	vor-
predigen	موعظه کردن؛ وعظ کردن	predigen
Prediger	فقیه؛ روضه خوان	prediger
Vorrede	مقدمه؛ توضیحات	vorrede
Einleitung	مقدمه؛ توضیحات	ainlaitunk
Vorsichtsmaßnahme	اقدام احتیاطی	vorsihtsmassnahme
vorangehen	مقدم بودن	vorangehen
vorhergehend	متقدم	vorhergehend
wertvoll	گرانبها	vertvoll
kostbar	گرانبها	kostbar
Felshang	پرتگاه؛ سراشیبی تند	felshank
überstürzen	بادست پاچگی؛ ناگهان سقوط کردن	ueberstuertsen
Präzision	احتیاط کار	pretsision
Vorgänger	ماقبل؛ سلف	vorgenger
Vorbestimmung	جبر؛ فلسفه جبری	vorbestimmunk
Prädestination	جبر؛ فلسفه جبری	predestination
prädestinieren	جبری	predestiniren
schlimme Lage	وضع خطرناک؛ وضع نامساعد	shlimme lage
voraussagen	پیش‌بینی کردن	voraussagen
Voraussage	پیشبینی؛ غیبگویی	voraussage
vorherrschend	مستولی	vorherrshend
Vorwort	مقدمه؛ دیباجه	vorvort
vorziehen	ترجیح دادن	vortsihen
bevorzugen	ترجیح دادن	bevortsugen
vorzugsweise	افضل؛ مرجح	vortsugsvaise
Bevorzugung	ترجیح	bevortsugunk
Vorrang	ترجیح	vorrank
bevorzugt	مقدم؛ مورد علاقه	bevortsugt
bevorrrechtigt	مقدم؛ مورد علاقه	bevorrrehtigt
Präfix	پیشوند	prefiks
Schwangerschaft	باروری؛ حاملگی	shvangershaft
schwanger	آبستن؛ بارور	shvanger
vorgeschichtlich	ماقبل تاریخ؛ ماقبل تاریخی	vorgeshihtlih
Voreingenommenheit	تعصب؛ غرض ورزی	voraingenommenhait
vorläufig	مقدماتی؛ بدائی	vorloyfik
Präludium	قسمت مقدماتی	preludium
Vorspiel	قسمت مقدماتی	vorspil
vorzeitig	زودهنگام	vortsaitik
Premierminister	یک نمایشنامه؛ نخست وزیر	premirminister
Premierministerin	یک نمایشنامه؛ نخست وزیر	premirministerin
Prämisse	فرض قبلی؛ فرضیه مقدم	premisse
Leistungsprämie	اعلی؛ اعلاء	laistungspremi
Vorwarnung	فکر قبلی	vorvarnunk
Hauptbeschäftigung	گرفتاری؛ کار مقدم	hauptbesheftigunk
voreingenommen	گرفتار	voraingenommen
Zubereitung	تهیه؛ تمهید	tsuberaitunk
Vorbereitung	تهیه؛ تمهید	vorberaitunk
propädeutisch	تدارکی	propedoytish
zubereiten	آماده کردن	tsuberaiten
vorbereiten	آماده کردن	vorberaiten
Übergewicht	سنگین تری	uebergeviht
Vorherrschaft	سنگین تری	vorherrshaft
verdreht	غیر طبیعی	verdreht
verkehrt	غیر طبیعی	verkehrt
Präputium	غلفه	preputium
Vorhaut	غلفه	vorhaut
Prärogative	امتیاز مخصوص	prerogative
vorschreiben	تجویز کردن؛ نسخه دادن	vorshraiben
Vorschrift	نسخه؛ تجویز	vorshrift
Gegenwart	ارائه دادن؛ حاضر، هدیه	gegenvart
präsentieren	ارائه دادن؛ حاضر، هدیه	presentiren
Aufmachung	عرضه؛ معرفی	aufmakhunk
Präsentation	عرضه؛ معرفی	presentation
Erhaltung	حفظ؛ حراست	erhaltunk
Bewahrung	حفظ؛ حراست	bevahrunk
Bewahrer	حافظ؛ حافظه	bevahrer
Präsident	رئیس جمهور	president
präsidial	ریاست جمهوری	presidial
Präsidenten-	ریاست جمهوری	presidenten-
Presse	پرس؛ منگنه	presse
Druck	فشار	druk
Ansehen	حیثیت؛ قدر ومنزلت	ansehen
vermuten	استنباط کردن؛ مسلم دانستن	vermuten
presumptiv	فرضی	presumptiv
vorgeben	وانمود کردن؛ دعوی کردن	vorgeben
heucheln	وانمود کردن؛ دعوی کردن	hoyheln
Pretension	وانمود؛ تظاهر	pretension
die Oberhand haben	چربیدن؛ غلبه کردن	di oberhand haben
vorherrschen	چربیدن؛ غلبه کردن	vorherrshen
Oberhand	غلبه؛ رواج	oberhand
weit verbreitet	رایج؛ شایع	vait verbraitet
verhindernd	پیشگیر؛ پیشگیرنده	verhindernd
vorig	قبلی؛ سابقی	vorik
Preis	قیمت	prais
stechen	خار؛ خلیدن	shtehen
stacheln	خار؛ خلیدن	shtakheln
Stolz	غرور	shtolts
Priester	روحانی؛ مچتهد	prister
prüde	یاسم؛ نوار ابیض	pruede
in erster Linie	در وهله اول	in erster lini
primär	درجه یک	primer
Primzahl	درجه یک	primtsahl
primitiv	اولیه؛ ابتدایی	primitiv
Primordial	اصل نخستین؛ عنصر نخستین	primordial
Prinz	شاهزاده؛ امیر	prints
Fürst	شاهزاده؛ امیر	fuerst
Prinzessin	شاهزاده‌خانم؛ شاهدخت	printsessin
Fürstin	شاهزاده‌خانم؛ شاهدخت	fuerstin
Auftraggeber	اصلی	auftraggeber
Prinzip	اصل؛ عنصر	printsip
Drucker	پرینتر	druker
Buchdruck	طبع؛ مطبعه	bukhdruk
vorherig	قبلی	vorherik
Vorrecht	اولویت؛ تقدم	vorreht
Privatbereich	پوشیدگی	privatberaih
Zurückgezogenheit	پوشیدگی	tsuruekgetsogenhait
privat	خاص؛ خصوصی	privat
Beraubung	حرمان؛ محروم سازی	beraubunk
Privileg	امتیاز؛ مصونیت	privilek
privilegiert	ممتاز؛ مصون	privilegirt
Preis als Gewinn im Wettbewerb	جایزه	prais als gevinn im vettbeverb
Probezeit	کار آموزی	probetsait
Probe	کار آموزی	probe
Problem	مشکل	problem
Arbeitsverfahren	رویه؛ پردازه	arbaitsverfahren
Vorgang	رویه؛ پردازه	vorgank
stattfinden	ادامه دادن	shtattfinden
weiter gehen	ادامه دادن	vaiter gehen
Tagungsband	شرح مذاکرات	tagungsband
Prozess	فرآیند	protsess
Prozessor	پرداز؛ پردازنده	protsessor
proklamieren	جار؛ جار زدن	proklamiren
Proklamierung	جار؛ صلا	proklamirunk
Aufschieber	طفرهرو	aufshiber
Prodigy	غیر عادی	prodigy
Wunderkind	اعجوبه	vunderkind
produzieren	تولید کردن	produtsiren
Erzeuger	مولد	ertsoyger
Produzent	مولد	produtsent
Produkt	محصول	produkt
Produktion	تولید؛ ساخت	produktion
produktiv	منبت؛ حاصلضرب	produktiv
Produktivität	کارایی؛ فرآورش	produktivitet
bekennen	ابراز ایمان کردن	bekennen
berufsmäßig	حرفه‌ای	berufsmessik
Professur	استاد	professur
kompetent	حاذق	kompetent
Profil	پروفایل	profil
Nutzen bringen	صرفه؛ دخل	nutsen bringen
Nutzen finden	صرفه؛ دخل	nutsen finden
Ertragskraft	سودبخشی؛ سودمندی	ertragskraft
Wirtschaftlichkeit	سودبخشی؛ سودمندی	virhaftlihkait
gewinnbringend	سودمند؛ نافع	gevinnbringend
Krisengewinnler	استفادهچی	krisengevinnler
Profiteur	استفادهچی	profitoyr
tiefgründig	عمیق؛ عمیقانه	tifgruendik
üppig	لبریز؛ سرشار	ueppik
Programm	برنامه	programm
Programmierung	برنامه‌نویسی	programmirunk
Programmieren	برنامه‌نویسی	programmiren
Fortschritt machen	پیشرفت	forhritt makhen
Fortschreiten	تصاعد	forhraiten
progressiv	مترقی	progressiv
Verbot	منع؛ نهی	verbot
Projekt	پروژه	proyekt
Hochrechnung	برآمدگی؛ پیشرفتگی	hokhrehnunk
Proletarier	رنجور؛ وابسته بکارگر	proletarir
sich ausbreiten	کثیر شدن؛ پربرکت شدن	tsih ausbraiten
sich vermehren	کثیر شدن؛ پربرکت شدن	tsih vermehren
Sprossung	تکثیر	shprossunk
Knospung	تکثیر	knospunk
prolifisch	ولود؛ پرزاآ	prolifish
Promenade	گردش رفتن	promenade
Spaziergang	گردش رفتن	shpatsirgank
Hervortreten	برجستگی؛ پیشامدگی	hervortreten
Vorsprung	برجستگی؛ پیشامدگی	vorsprunk
hervortretend	برجسته	hervortretend
hervorspringend	برجسته	hervorspringend
versprechen	قول، قول دادن	versprehen
Erfolg versprechend	امیدوارکننده	erfolk versprehend
vielversprechend	امیدوارکننده	vilversprehend
Promotor	کارساز؛ مروج	promotor
Beförderung	ترفیع	befoerderunk
Berufsförderung	ترفیع	berufsfoerderunk
prompt	آنا؛ سریعا	prompt
geneigt	درازکش	genaigt
aussprechen	تلفظ کردن	aussprehen
Aussprache	تلفظ؛ ادای سخن	aussprakhe
Korrektur lesen	غلط گیری کردن	korrektur lesen
Propeller	شمشعک	propeller
Stütze	شمشعک	shtuetse
Propaganda	تبلیغ؛ پروپاگاند	propaganda
Prophezeiung	نبوت؛ رسالت	profetsaiunk
Prophetie	نبی؛ رسول	profeti
Verhältnis	نسبت	verheltnis
im Verhältnis	نسبی؛ به نسبت	im verheltnis
vorschlagen	پیشنهادی	vorshlagen
Aussage	گزاره	aussage
vorlegen	عنوان کردن	vorlegen
prosaisch	نثری؛ کسل کننده	prosaish
nüchtern	نثری؛ کسل کننده	nuehtern
Prosa	منثور؛ نثر	prosa
Ausschau halten	چشم انداز؛ معدن کاوی کردن	ausshau halten
schürfen	چشم انداز؛ معدن کاوی کردن	shuerfen
angehend	موثر درآینده	angehend
Wohlstand	عمران؛ رونق	vohlstand
gedeihend	خوشبخت؛ سعید	gedaihend
Prostata	پروستات	prostata
Prostratio	سجود؛ سجده	prostratio
schützen	محافظت کردن	shuetsen
Schutz	حفظ؛ محافظه	shuts
beschützend	حفاضی؛ حفاظتی	beshuetsend
Protektorat	کشور تحت الحمایه	protektorat
Protein	پروتئین	protain
Protest	ایراد؛ اعتراض	protest
protestieren	ایراد؛ اعتراض	protestiren
Protokoll	پروتکل؛ پیوند نامه	protokoll
vorstoßen	جلو آمدهبودن	vorstossen
stolz	غره؛ مفتخر	shtolts
sich erweisen als	ثابت کردن؛ مسلم کردن	tsih ervaisen als
Sprichwort	ضرب المثل؛ گفتار حکیمانه	shprihvort
bereitstellen	فراهم کردن	beraitstellen
Fürsorge	عاقبتاندیشی؛ آینده نگری	fuersorge
Versorger	رزاق؛ تامین کننده	versorger
Lieferant	رزاق؛ تامین کننده	liferant
Provinz	ایالت؛ استان	provints
provinziell	ولایتی؛ استانی	provintsill
provinzial	ولایتی؛ استانی	provintsial
Bereitstellung	تهیه؛ توشه	beraitstellunk
Beschaffung	تهیه؛ توشه	beshaffunk
provisorisch	موقت	provisorish
einstweilig	موقت	ainstvailik
Vorbehalt	جمله شرطی	vorbehalt
hervorrufen	تحریک کردن؛ خشمگین کردن	hervorrufen
Provost	ناظم دانشکده	provost
umherstreifen	پرسه زدن	umherstraifen
Proximität	نزدیکی؛ قرب	proksimitet
Klugheit	مصلحت؛ حزم	klughait
weise	مدبرانه؛ مصلحتی	vaise
Preußen	پروس	proyssen
Psalm	سرود روحانی	psalm
Betrügerin	عملواره	betruegerin
pah	علامت تعجب	pah
Schuppenflechte	داء الصدف	shuppenflehte
psychisch	روانی؛ پدیده روحی	psyhish
psychologisch	روانشناختی	psyhologish
Psychologe	روان شناس	psyhologe
Psychologie	روان شناسی؛ معرفه النفس	psyhologi
Kneipe	میخانه	knaipe
Pubertät	تکلیف؛ بلوغ	pubertet
öffentlich	عمومی	oeffentlih
Veröffentlichung	منتشر؛ نشر	veroeffentlihunk
öffentliche Bekanntmachung	منتشر؛ نشر	oeffentlihe bekanntmakhunk
Publizität	تبلیغات	publitsitet
Öffentlichkeit	تبلیغات	oeffentlihkait
bekanntmachen	منتشر کردن	bekanntmakhen
Verleger	ناشر	verleger
Edition	انتشارات	edition
Puck	درهم کشیدن؛ جمع شدگی	puk
Pudding	فرنی	puddink
aufgedunsen	باد دار؛ باد کرده	aufgedunsen
bauschig	باد دار؛ باد کرده	baushik
pulmonär	ریوی	pulmoner
Fruchtfleisch	مغز؛ مغز ساقه	frukhtflaish
Kanzel	منبر؛ سکوب خطابه	kantsel
Puls	نبض؛ فشار نبض	puls
Pumpe	تلمبه؛ پمپ	pumpe
lochen	منگنه؛ مشت زدن	lokhen
punktiert	مثل نقطه	punktirt
punktiliös	نکته بین؛ نکته سنج	punktilioes
Einstich	پارگی؛ سوراخ کردن	ainstih
Reifenpanne	پارگی؛ سوراخ کردن	raifenpanne
durchstochen	پنچر	durhstokhen
Pung	گوشه دار؛ پر ادویه	punk
bestrafen	سیاست کردن؛ عذاب کردن	bestrafen
Bestrafung	عذاب؛ کتک	bestrafunk
punitiv	کیفری؛ مجازاتی	punitiv
Punk	پانک	punk
Rowdy	پانک	rovdy
stochern	لگدزدن	shtokhern
Stocherkahn	لگدزدن	shtokherkahn
mickrig	ریغماسی؛ درجه پست	mikrik
Schüler	مردمک؛ حدقه	shueler
Schülerin	مردمک؛ حدقه	shuelerin
Marionette	عروسک؛ لعبت	marionette
Handpuppe	عروسک؛ لعبت	handpuppe
Einkauf	خرید؛ شراء	ainkauf
einkaufen	خرید؛ شراء	ainkaufen
Erwerber	خریدار	erverber
rein	صاف؛ محض	rain
Politische Säuberung	پاک سازی	politishe soyberunk
Puritanismus	پاک دین	puritanismus
Reinheit	صافی؛ صفا	rainhait
Purpur	بنفش	purpur
Zweck	هدف	tsvek
vorsätzlich	عمدا؛ مخصوصا	vorsetslih
Täschchen	کیف؛ غنچه کردن	teshhen
Geldbeutel	کیف؛ غنچه کردن	geldboytel
Verfolgung	پیگیری	verfolgunk
eitrig	چرکدار	aitrik
Eiter	چرک	aiter
anschieben	هل دادن	anshiben
legen	قرار دادن	legen
PuTTY	بتونه؛ زاماسکه	putty
Kitt	بتونه؛ زاماسکه	kitt
Geduldspiel	پازل، معما	geduldspil
Pyramide	هرم	pyramide
Qualifikation	شرایط لازم	kvalifikation
sich qualifizieren	واجد شرایط شدن	tsih kvalifitsiren
Qualität	کیفیت	kvalitet
mengenmäßig	کمی	mengenmessik
nach der Menge	کمی	nakh der menge
sich streiten	ستیزه؛ جدال	tsih shtraiten
Steinbruch	شکار؛ معدن سنگ	shtainbrukh
Quart	کوارت	kvart
Viertel	یک چهارم	virtel
Viertelstunde	یک چهارم	virtelstunde
Königin	ملکه	koenigin
seltsam	غریب؛ غیر عادی	tseltsam
wunderlich	غریب؛ غیر عادی	vunderlih
Durst stillen	فرو نشاندن	durst shtillen
verdrossen	شکوه گر؛ زود رنج	verdrossen
Suche	طلب؛ جویش	tsukhe
Frage	سوال؛ پرسیدن	frage
Fragebogen	پرسشنامه	fragebogen
Schlange stehen	صف بستن	shlange shtehen
Schlange wartender Leute	صف بستن	shlange vartender loyte
in schneller Weise	به سرعت	in shneller vaise
Schnelligkeit	تندی؛ فرزی	shnelligkait
Pfund Sterling	یک لیره	pfund shterlink
Steppdecke	دواج	shteppdeke
Quincy	زهرباد	kvintsy
Chinin	گنه گنه	hinin
Arbeit aufgeben	متارکه؛ ول کردن	arbait aufgeben
Stellung aufgeben	متارکه؛ ول کردن	shtellunk aufgeben
zittern	ترکش؛ تیر دان	tsittern
quixotisch	خیالپرست	kviksotish
Quote	سهمیه؛ بنیچه	kvote
Anteil	سهمیه؛ بنیچه	antail
Kursnotierung	نقل؛ مظنه	kursnotirunk
Preisangabe	نقل؛ مظنه	praisangabe
Preisangabe machen	نقل کردن	praisangabe makhen
Rabbiner	خاخام؛ عالم یهودی	rabbiner
Kaninchen	خرگوش	kaninhen
Rabid – Der brüllende Tod	هار	rabid – der bruellende tod
Tollwut	هاری؛ بیماری هاری	tollvut
rennen	مسابقه، مسابقه دادن	rennen
rassisch	نژادی	rassish
Rassismus	نژادپرستی	rassismus
Rakist	نژادپرست	rakist
sich anstrengen	طاقچه	tsih anstrengen
sich abrackern	طاقچه	tsih abrakern
radial	شعاعی؛ زندی	radial
Strahlung	تابش	shtrahlunk
radikal	ریشهای؛ رادیکال	radikal
fundamental	ریشهای؛ رادیکال	fundamental
Radio	رادیو	radio
Radium	رادیوم؛ شب چراغ	radium
Halbmesser	شعاع؛ زند اعلی	halbmesser
Lumpen	کهنه؛ جل	lumpen
zerlumpt	مرقع	tserlumpt
Gangster	یورش برنده	gangster
Schiene	ریل	shine
Eisenbahn	راه آهن؛ خط آهن	aisenbahn
Regen	باران، باریدن	regen
regnen	باران، باریدن	regnen
Regenbogen	رنگین کمان	regenbogen
Niederschlag	بارندگی	nidershlak
regnerisch	بارانی؛ بارونی	regnerish
hoch heben	بلند کردن، افزایش دادن	hokh heben
rechen	شن کش	rehen
Sturmbock	غوچ؛ سنبه زدن	shturmbok
Widder	غوچ؛ سنبه زدن	vidder
ramifizieren	منشعب کردن؛ شاخه دادن	ramifitsiren
Ladestock	سنبه	ladestok
Ranch	دامداری کردن	ranh
Viehfarm	دامداری کردن	vihfarm
Groll	کینه	groll
Ressentiment	کینه	ressentiment
Waldaufseher	جنگل بان؛ هنگ سوار	valdaufseher
militärischer Rang	پایه؛ مرتبه	militerisher rank
ausplündern	زیاد کاوش کردن	auspluendern
Lösegeld	فدیهدادن؛ فدیه	loesegeld
rapaziös	حریص؛ درندهخو	rapatsioes
Vergewaltigung	تجاوز بناموس کردن	vergevaltigunk
gewaltsame Entführung	تجاوز بناموس کردن	gevaltsame entfuehrunk
Florett	سخمه	florett
Rapier	سخمه	rapir
stürmisch	هیجان انگیز	shtuermish
selten	طرفه؛ نادر	tselten
Seltenheit	ندرت؛ کمیابی	tseltenhait
Rarität	ندرت؛ کمیابی	raritet
Schuft	رذل؛ پدرسوخته	shuft
Gauner	رذل؛ پدرسوخته	gauner
vorschnell	عجول؛ سبکسر	vorshnell
voreilig	عجول؛ سبکسر	vorailik
Ratte	موش بزرگ	ratte
Tarif	نرخ	tarif
Rate	نرخ	rate
ziemlich	نسبتاً	tsimlih
lieber	نسبتاً	liber
ratifizieren	بتصویب رساندن؛ به تصویب رساندن	ratifitsiren
Einschätzung	رتبه‌بندی	ainshetsunk
Verhältniszahl	تناسب	verheltnistsahl
Ration	جیره؛ جیره کردن	ration
vernünftig	معقول؛ عقلی	vernuenftik
rasseln	خسخس؛ خسخس کردن	rasseln
verheerendes Wüten	نهب؛ بلا زده کردن	verheerendes vueten
verheeren	نهب؛ بلا زده کردن	verheeren
gefräßig	دله؛ پر اشتیاق	gefressik
ausgehungert	دله؛ پر اشتیاق	ausgehungert
roh	خام؛ نپخته	roh
Strahl	پرتو؛ شعاع	shtrahl
reagieren	واکنش نشان دادن	reagiren
Reaktion	معرفی؛ انعکاس	reaktion
Gegenwirkung	معرفی؛ انعکاس	gegenvirkunk
rückschrittlich	ارتجاعی؛ مرتجع	ruekshrittlih
Reaktor	رآکتور؛ عامل واکنش	reaktor
lesen	خواندن	lesen
lesbar	خواندنی؛ قابل خواندن	lesbar
Leser	خواننده	leser
Lesebuch	خواننده	lesebukh
Bereitschaft	آمادگی؛ سازمندی	beraihaft
Bereitwilligkeit	آمادگی؛ سازمندی	beraitvilligkait
Rezitation	خواندن (فعل)	retsitation
Reading	خواندن (فعل)	readink
fertig	آماده	fertik
bereit	آماده	berait
Realismus	رآلیسم؛ واقع بینی	realismus
realistisch	واقع بین	realistish
Wirklichkeit	معنی؛ حقیقت	virklihkait
Umwandlung in bare Münze	تحقق	umvandlunk in bare muentse
erfassen	درک کردن	erfassen
mähen	درویدن	mehen
Ernter	درو گر؛ ماشین درو	ernter
hinterer Teil	پشت؛ عقبی	hinterer tail
Heck	پشت؛ عقبی	hek
neu ordnen	بازچیدن	noy ordnen
Umstellung	باز چینی	umstellunk
Umgestaltung	باز چینی	umgestaltunk
Grund	دلیل	grund
Vernunft	دلیل	vernunft
Beweisführung	استدلال؛ تعقل	bevaisfuehrunk
Argumentation	استدلال؛ تعقل	argumentation
Rebell	یاغی؛ عاصی	rebell
Aufrührer	یاغی؛ عاصی	aufruehrer
Rebellion	شورش؛ عناد	rebellion
Aufruhr	شورش؛ عناد	aufruhr
rebelliös	عاصی؛ شورشی	rebellioes
Wiedergeburt	باز زاد؛ تولد مجدد	vidergeburt
zurückprallen	اعاده؛ پس زدن	tsuruekprallen
wieder aufbauen	بازسازی کردن	vider aufbauen
umbauen	بازسازی کردن	umbauen
tadeln	زخم زبان	tadeln
schimpfen	زخم زبان	shimpfen
rekalzitrant	ناتو	rekaltsitrant
zurückfordern	یاد آوردن؛ فرا خواندن	tsuruekfordern
neu gießen	ازنو ریختن	noy gissen
umgießen	ازنو ریختن	umgissen
zurückweichen	دور شدن؛ پس رفتن	tsuruekvaihen
Quittung	دریافت؛ رسید	kvittunk
erhalten	دریافت کردن	erhalten
Empfänger	گیرنده	empfenger
kürzlich	اخیر	kuertslih
vor kurzem	اخیراً	vor kurtsem
Empfang	پذیرش	empfank
rezeptiv	شنوا	retseptiv
Rezeptor	گیرنده؛ ستاره مساعد	retseptor
Ferien	فترت؛ طاقچه ساختن	ferin
Rezession	رکود	retsession
Konjunkturrückgang	رکود	konyunkturruekgank
Rezept	دستور پخت	retsept
Bezieher	دریافت کننده؛ وصول کننده	betsiher
wechselseitig	معکوس	vehselsaitik
Gegenseitigkeit	مقابله؛ عمل متقابل	gegensaitigkait
Rezital	رسیتال	retsital
rezitieren	انشاد کردن؛ از برخواندن	retsitiren
sorglos	بی احتیاط؛ بی پروا	tsorglos
zurückverlangen	استرداد کردن؛ استرداد نمودن	tsuruekverlangen
Rückforderung	استرداد؛ احیا اراضی	ruekforderunk
Zurückforderung	استرداد؛ احیا اراضی	tsuruekforderunk
erkennbar	شناخت پذیر	erkennbar
Rückstoß	فنری بودن	ruekstoss
wieder sammeln	دوباره جمع کردن	vider tsammeln
sich wieder besinnen	دوباره جمع کردن	tsih vider besinnen
Rekollektion	یادآوری	rekollektion
empfehlen	توصیه کردن	empfehlen
Empfehlung	نظریه؛ توصیه	empfehlunk
in Einklang bringen	آشتی کردن؛ صلح دادن	in ainklank bringen
unter einen Hut bringen	آشتی کردن؛ صلح دادن	unter ainen hut bringen
erneut in Betracht ziehen	تجدید نظر؛ تجدید نظر کردن	ernoyt in betrakht tsihen
Aufzeichnung	ضبط کردن، رکورد	auftsaihnunk
aufzeichnen	ضبط کردن، رکورد	auftsaihnen
Gerät zum Aufzeichnen	وقایع نویس	geret tsum auftsaihnen
Regreß	توسل	regress
Regreß nehmen	توسل	regress nehmen
sich erholen	خوب شدن؛ باز یافتن	tsih erholen
Erholung	بهبودی، بازیابی	erholunk
Wiederfinden	بهبودی، بازیابی	viderfinden
erneuern	استخدام کردن	ernoyern
Rekrutierung	استخدام	rekrutirunk
Aushebung	استخدام	aushebunk
rechtwinklig	مستطیلی؛ راست گوشه	rehtvinklik
rechteckig	مستطیلی؛ راست گوشه	rehtekik
Rechtschaffenheit	راست گری؛ صحت عمل	rehhaffenhait
Mastdarm	روده راست	mastdarm
wiederholen	تکرار شدن	viderholen
wiederkehren	تکرار شدن	viderkehren
Wiederholung	تکرار؛ باز رخدادن	viderholunk
Wiederkehr	تکرار؛ باز رخدادن	viderkehr
rekurrent	برگردنده؛ عود کننده	rekurrent
der Wiederverwendung zuführen	بازیافت کردن	der vidervervendunk tsufuehren
wiederaufbereiten	بازیافت کردن	videraufberaiten
rot	قرمز	rot
rötlich	مایل بقرمز	roetlih
ablösen	فدیهدادن	abloesen
zurückkaufen	فدیهدادن	tsuruekkaufen
Loskauf	رهیی؛ باز خرید	loskauf
Erlösung	رهیی؛ باز خرید	erloesunk
Recht verschaffen	جبران خسارت	reht vershaffen
herabsetzen	کاهش دادن	herabsetsen
Kürzung	کاهش؛ تنزل	kuertsunk
Freisetzung von Arbeitskräften	افزونگی؛ حشو	fraisetsunk von arbaitskreften
Arbeitslosigkeit	افزونگی؛ حشو	arbaitslosigkait
arbeitslos	حشوی؛ رمزافزونه	arbaitslos
überzählig	حشوی؛ رمزافزونه	uebertsehlik
Riff	جزیره نما؛ مرض جرب	riff
Reelektion	تجدید انتخاب	reelektion
beziehen	ارجاع دادن	betsihen
Schiedsrichter	داور	shidsrihter
Referenz	عطف؛ مراجعه	referents
Referendum	رفراندوم؛ رفراندم	referendum
Überweisung	مراجعه	uebervaisunk
Verweisung	مراجعه	vervaisunk
nachfüllen	دوباره پر کردن	nakhfuellen
Nachfüllung	دوباره پر کردن	nakhfuellunk
läutern	پالودن؛ تصفیه کردن	loytern
veredeln	پالودن؛ تصفیه کردن	veredeln
geläutert	مهذب؛ مصفا	geloytert
veredelt	مهذب؛ مصفا	veredelt
Verfeinerung	تصفیه	verfainerunk
Raffination	قال	raffination
reflektieren	اندیشیدن؛ بازتابیدن	reflektiren
Reflex	ارتجاع؛ عکسالعمل	refleks
reformieren	اصلاح؛ بهسازی	reformiren
Reform	اصلاح؛ بهسازی	reform
Reformierer	بهساز؛ مصلح	reformirer
Feuerfester Werkstoff	گردن کش؛ دیر گداز	foyerfester verkstoff
Kehrreim	روگردان بودن؛ خود داری کردن	kehrraim
erfrischen	حال آمدن؛ تجدید نیرو کردن	erfrishen
erfrischend	گوارا؛ مفرح	erfrishend
Erfrischung	نیرو بخشی	erfrishunk
Kühlung	تبرید؛ سرد سازی	kuehlunk
Zuflucht	پناه؛ ملجاء	tsuflukht
Flüchtling	پناهنده	fluehtlink
Zuflucht suchende Person	پناهنده	tsuflukht tsukhende person
rückerstatten	مسترد شدن؛ مسترد داشتن	ruekerstatten
Rückerstattung	مسترد شدن؛ مسترد داشتن	ruekerstattunk
Ablehnung	رد؛ امتناع	ablehnunk
verweigern	رد کردن	vervaigern
Falsifikation	تکذیب	falsifikation
wiedergewinnen	باز یافتن؛ دوباره پیدا کردن	vidergevinnen
wiedererlangen	باز یافتن؛ دوباره پیدا کردن	vidererlangen
Respekt	مبالات؛ وقع	respekt
rücksichtslos	صرفنظر از	rueksihtslos
Regeneration	ترمیم؛ تولید مجدد	regeneration
Regime	رژیم	regime
Regiment	هنگ	regiment
Gegend	منطقه	gegend
regional	منطقهای؛ اقلیمی	regional
räumlich begrenzt	منطقهای؛ اقلیمی	roymlih begrentst
eintragen	ثبت کردن؛ نام نویسی کردن	aintragen
Verzeichnis	ثبت کردن؛ نام نویسی کردن	vertsaihnis
Beamter verantwortlich für das Register	ثبت کننده؛ مدیر دروس	beamter verantvortlih fuer das register
Registrierbeamter	ثبت کننده؛ مدیر دروس	registrirbeamter
Registrierung	ثبت‌نام	registrirunk
Eintragung	ثبت‌نام	aintragunk
bedauern	تاسف؛ اسف	bedauern
bedauernd	معاللتسلف؛ مع التاسف	bedauernd
regrettabel	قابل تاسف؛ تاسف آور	regrettabel
regelmäßig	منظم	regelmessik
regulär	منظما	reguler
regeln	تنظیم کردن	regeln
ordnen	تنظیم کردن	ordnen
Rahabilitation	توانبخشی؛ نوتوانی	rahabilitation
Wiedereingliederung	توانبخشی؛ نوتوانی	videraingliderunk
Probeaufführung	تمرین؛ تمرین نمایش	probeauffuehrunk
Zügel	عنان؛ لجام	tsuegel
Verstärkung	تقویت؛ تجدید قوا	versterkunk
wieder einsetzen	دوباره برقرار کردن؛ دوباره بکار انداختن	vider ainsetsen
Zurückweisung	رد؛ امتناع	tsuruekvaisunk
sich erfreuen	شادی کردن؛ خوشی کردن	tsih erfroyen
wieder beitreten	پاسخ دفاعی دادن	vider baitreten
erwidern	پاسخ دفاعی دادن	ervidern
Erwiderung	پاسخ دفاعی	erviderunk
Rückfall	عود؛ نکس	ruekfall
zurückfallen	عود؛ نکس	tsuruekfallen
sich beziehen	منسوب کردن؛ روایت کردن	tsih betsihen
berichten	منسوب کردن؛ روایت کردن	berihten
Beziehung	رابطه؛ نسبت	betsihunk
Verwandter	منسوب؛ نسبی	vervandter
entspannen	استراحت کردن	entspannen
schlaff werden	استراحت کردن	shlaff verden
Entspannung	استراحت؛ وارفتگی	entspannunk
Relais	روله؛ رله	relais
nachgeben	نرم شدن؛ رحم بدل آوردن	nakhgeben
Relevanz	ربط	relevants
sachdienlich	مربوط؛ متناسب	tsakhdinlih
einschlägig	مربوط؛ متناسب	ainshlegik
Zuverlässigkeit	اعتبار	tsuverlessigkait
verläßlich	حسابی؛ معتبر	verlesslih
zuverläßlich	حسابی؛ معتبر	tsuverlesslih
Verlass	اعتماد؛ تکیه	verlass
Rest	آثار مقدس	rest
Überrest	آثار مقدس	ueberrest
Erleichterung	اعانه؛ تسکین	erlaihterunk
Glaube	دین؛ کیش	glaube
Religion	دین؛ کیش	religion
religiös	مذهبی؛ شرعی	religioes
loslassen	چشم پوشی؛ چشم پوشی شدن	loslassen
Widerwille	اکراه؛ رغم	viderville
reluktant	بیرغبت؛ بیمیل	reluktant
widerwillig	بالاکراه	vidervillik
vertrauen	اتکا کردن؛ استناد کردن	vertrauen
bleiben	باقی ماندن	blaiben
Restbestand	مانده؛ مابقی	restbestand
sich äußern	ملاحظه؛ عرض	tsih oyssern
bemerkenswerterweise	به طور قابل توجهی	bemerkensvertervaise
Wiederheirat	ازدواج مجدد؛ تجدید فراش	viderhairat
wieder heiraten	تجدید فراش کردن	vider hairaten
Heilmittel	چاره؛ درمان	hailmittel
sich erinnern	به یاد آوردن	tsih erinnern
Andenken	یادبود؛ یادگار	andenken
jemanden erinnern	متوجه کردن؛ یادآوری کردن	yemanden erinnern
Mahnung	تذکر؛ یادآور	mahnunk
Mahnschreiben	تذکر؛ یادآور	mahnshraiben
Ermäßigung von Abgaben	بهبودی بیماری	ermessigunk von abgaben
Gewissensbisse	افسوس؛ پشیمانی	gevissensbisse
fern	دورافتاده؛ دوردست	fern
Abgeschiedenheit	دوری	abgeshidenhait
Ferne	دوری	ferne
entfernbar	بردنی؛ برداشتنی	entfernbar
Umzug	عزل؛ فک	umtsuk
entfernen	حذف کردن	entfernen
lohnend	پاداشی	lohnend
Renaissance	رنسانس	renaissantse
leisten	تسلیم داشتن	laisten
erbringen	تسلیم داشتن	erbringen
Sammelplatz	میعاد؛ وعدهگاه	tsammelplats
Treffpunkt	میعاد؛ وعدهگاه	treffpunkt
Rende	هتک	rende
Abtrünnige	یاغی	abtruennige
Erneuerung	تجدید؛ بازنوکنی	ernoyerunk
Renovierung	تجدید؛ نوسازی	renovirunk
Ruf	نامآوری	ruf
Miete	اجاره؛ کرایه	mite
Reperatur	تعمیر کردن	reperatur
Wiedergutmachung	غرامت؛ جبران غرامت	vidergutmakhunk
zurückzahlen	باز پرداختن	tsuruektsahlen
Rückzahlung	غرامت؛ بازپرداخت	ruektsahlunk
Zurückzahlung	غرامت؛ بازپرداخت	tsuruektsahlunk
wiederholt	مجددا؛ علیالتوالی	viderholt
zurücktreiben	دفع کردن	tsuruektraiben
abstoßend	دافع؛ دافعه	abstossend
bereuen	توبه کردن؛ اصلاح شدن	beroyen
Reue empfinden	توبه کردن؛ اصلاح شدن	roye empfinden
Bereuen	توبه	beroyen
ersetzen	جایگزین کردن	ersetsen
Ersatz	تعویض؛ جابجائی	ersats
Ersatzteil	تعویض؛ جابجائی	ersatstail
Reporter	خبرنگار	reporter
reprehensibel	ناستوده؛ سرزنش کردنی	reprehensibel
vertreten	نمایندگی کردن؛ نیابت کردن	vertreten
darstellen	نمایندگی کردن؛ نیابت کردن	darstellen
Darstellung	نیابت	darstellunk
Abgeordneter	نماینده؛ حالیکننده	abgeordneter
zurückdrängen	باز فشردن؛ باز کوفتن	tsuruekdrengen
Unterwerfung	سرکوبی	unterverfunk
einen scharfen Verweis erteilen	توبیخ؛ توبیخ کردن	ainen sharfen vervais ertailen
rügen	توبیخ؛ توبیخ کردن	ruegen
Repressalie	جبران	repressali
Vorwurf	توبیخ؛ ملامت	vorvurf
Schande	توبیخ؛ ملامت	shande
reproduzieren	تکثیر کردن؛ تناسل کردن	reprodutsiren
wieder darstellen	تکثیر کردن؛ تناسل کردن	vider darstellen
Reproduktion	تکثیر؛ تناسل	reproduktion
reproduktiv	تناسلی	reproduktiv
Reptilien	خزنده	reptilin
Republik	جمهوری	republik
Republikaner	جمهوری‌خواه	republikaner
Repudiation	ردی	repudiation
ehrenwert	نیکنام؛ خوشنام	ehrenvert
Gesuch	درخواست	gesukh
Bedürfnis	نیاز؛ مقرره	beduerfnis
erforderlich	لازمه؛ شرط لازم	erforderlih
erretten	دریافتن؛ رهانیدن	erretten
Rettung	دریافتن؛ رهانیدن	rettunk
forschen	پژوهش، پژوهش کردن	forshen
Forschung	پژوهش، پژوهش کردن	forshunk
Ähnlichkeit	شباهت؛ تشابه	ehnlihkait
ähnlich sein	شبیه شدن؛ مانند بودن	ehnlih sain
übel nehmen	اظهار رنجش کردن	uebel nehmen
Reserve	ذخیره؛ محفوظ کردن	reserve
reservieren	ذخیره؛ محفوظ کردن	reserviren
Sammelbehälter	مخزن؛ آب انبار	tsammelbehelter
Sammelbecken	مخزن؛ آب انبار	tsammelbeken
wohnen	اقامت کردن؛ منزل کردن	vohnen
Aufenthaltsort	اقامت؛ مسکن	aufentaltsort
wohnhaft	ساکن؛ ماندنی	vohnhaft
wohn	محلی؛ مسکونی	vohn
Wohn	محلی؛ مسکونی	vohn
verzichten	استعفا دادن	vertsihten
Abdankung	کنارهگیری؛ استعفا	abdankunk
Amtsniederlegung	کنارهگیری؛ استعفا	amtsniderlegunk
Harz	رزین؛ راتیانج	harts
widerstehen	مقاومت کردن؛ ایستادگی کردن	viderstehen
widerstehend	مقاوم	viderstehend
resolut	مصمم؛ باعزم	resolut
entschlossen	مصمم؛ باعزم	enhlossen
Beschluss	قطعنامه، وضوح	beshluss
Resonanz	پرطنینی؛ ایجاد طنین	resonants
resonant	پرطنین؛ طنین دار	resonant
seine Zuflucht suchen	توسل؛ تمسک کردن	saine tsuflukht tsukhen
Quellen	ذخایر	kvellen
Resourcen	ذخایر	resourtsen
respektieren	احترام؛ ملاحظه	respektiren
Achtbarkeit	نیکنامی	akhtbarkait
Respektabilität	نیکنامی	respektabilitet
achtbar	شریف؛ نیکنام	akhtbar
voll Respekt	حرمتی؛ احترامی	voll respekt
bezüglich	مربوطه	betsueglih
Atmung	تنفس	atmunk
Atem-	تنفسی	atem-
Zahlungsaufschub	مهلت؛ فرجه دادن	tsahlungsaufshub
Stundung	مهلت؛ فرجه دادن	shtundunk
befragte Person	واکنش دار	befragte person
reagierend	جوابی؛ پاسخی	reagirend
Neuformulierung	بیان مجدد	noyformulirunk
Restaurant	رستوران	restaurant
Gaststätte	رستوران	gaststette
Wiederherstellung	جبران؛ غرامت	viderherstellunk
störrisch	کله شق	shtoerrish
widerspenstig	کله شق	viderspenstik
ruhelos	بی قرار؛ بی خواب	ruhelos
Restauration	تجدید؛ بازسازی	restauration
wiederherstellen	بازگرداندن	viderherstellen
Beschränkung	جلو گیری	beshrenkunk
Zurückhaltung	جلو گیری	tsuruekhaltunk
einschränken	محدود کردن	ainshrenken
Drosselung	محدودیت	drosselunk
Einschränkung	محدودیت	ainshrenkunk
sich daraus ergebend	برآیند؛ منتجه	tsih daraus ergebend
Resultante	برآیند؛ منتجه	resultante
wiederaufnehmen	از سر گرفتن	videraufnehmen
wiedereinnehmen	از سر گرفتن	viderainnehmen
Wiederaufnahme	ادامه؛ باز یافت	videraufnahme
Wiederauferstehung	حشر؛ رستاخیز	viderauferstehunk
Einzelhandel	خرده فروشی	aintselhandel
im kleinen wiederverkaufen	خرده فروشی	im klainen viderverkaufen
Einzelhändler	خرده فروش	aintselhendler
vergelten	تلافی کردن؛ تقاص کردن	vergelten
heimzahlen	تلافی کردن؛ تقاص کردن	haimtsahlen
Wiedervergeltung	تلافی؛ تقص	vidervergeltunk
Heimzahlung	تلافی؛ تقص	haimtsahlunk
in der Entwicklung behindert	عقبافتاده	in der entviklunk behindert
Zurückbehaltung	حبس	tsuruekbehaltunk
Zurückhalten	حبس	tsuruekhalten
retikent	کم گو؛ کم حرف	retikent
sich zurückziehen	بازنشسته کردن؛ منزوی شدن	tsih tsuruektsihen
Ruhestand	بازنشستگی	ruhestand
scharf erwidern	تلافی؛ جواب متقابل	sharf ervidern
scharfe Erwiderung	تلافی؛ جواب متقابل	sharfe erviderunk
zurückziehen	در کشیدن؛ نکول کردن	tsuruektsihen
zurücknehmen	در کشیدن؛ نکول کردن	tsurueknehmen
Rückzug	نکول؛ استغفار	ruektsuk
Rücknahme	نکول؛ استغفار	rueknahme
Retraite	عقب زدن؛ عقب نشینی	retraite
Retribution	سزا	retribution
Rückkehr	بازگشت، بازگشتن	ruekkehr
zurückgeben	بازگشت، بازگشتن	tsuruekgeben
Wiedervereinigung	باز پیوست؛ بهم پیوستگی	viderverainigunk
wiedervereinigen	دوباره متحد کردن؛ دوباره یکی شدن	viderverainigen
Rev	تند گشتن	rev
Gelage	عیاشی	gelage
Ausgelassenheit	عیاشی	ausgelassenhait
Rache	انتقام؛ خونخواهی	rakhe
Einkünfte	درآمد	ainkuenfte
widerhallen	ولوله انداختن	viderhallen
Nachhall	طنین	nakhhall
Ehrerbietung	حرمت؛ تکریم	ehrerbitunk
ehrfürchtig	حرمتی؛ احترامی	ehrfuerhtik
Träumerei	خیال خام؛ خیال واهی	troymerai
umkehren	معکوس؛ ظهر	umkehren
zurückkehren	عود کردن؛ رجوع کردن	tsuruekkehren
durchsehen	مرور، مرور کردن	durhsehen
noch einmal durchsehen	تجدید نظر کردن	nokh ainmal durhsehen
Überarbeitung	بازنگری	ueberarbaitunk
Wiedererwachen	احیا؛ تجدد	viderervakhen
zu neuem Leben erwecken	احیا کردن؛ احیاء کردن	tsu noyem leben erveken
neubeleben	احیا کردن؛ احیاء کردن	noybeleben
sich empören	طغیان؛ اغتشاش	tsih empoeren
revoltieren	طغیان؛ اغتشاش	revoltiren
Revolution	انقلاب	revolution
Umdrehung	انقلاب	umdrehunk
revolutionär	انقلابی؛ آشوبگر	revolutioner
umdrehen	دور زدن	umdrehen
Revolver	رولور؛ ششلول	revolver
Drehtür	رولور؛ ششلول	drehtuer
Revulsion	ردع؛ تصریف	revulsion
Belohnung	مژده؛ تلافی	belohnunk
Rhetorik	لفاظی؛ خطابت	rhetorik
rheumatisch	روماتیسمی	rhoymatish
Reim	پساوند؛ قافیه ساختن	raim
Rhythmus	ضرب؛ نواخت	rhytmus
Rippe	دنده؛ مرز گذاشتن	rippe
Reis	برنج	rais
säubern	خلاص کردن؛ رهانیدن از	soybern
reiten	سواری؛ سواری، سوار شدن	raiten
verspotten	ریشخند؛ استهزا	verspotten
lächerlich	مسخره	leherlih
Gewehr	تفنگ؛ عده تفنگدار	gevehr
RiSS	شکاف؛ شکاف دهنده	riss
rechts	درست، سمت راست	rehts
Recht	درست، سمت راست	reht
righteös	عادلانه؛ صالح	righteoes
steif	نرم نشو	shtaif
starr	نرم نشو	shtarr
Flansch	کمانه؛ زهوار	flansh
antelefonieren	حلقه؛ زنگ زدن	antelefoniren
Rädelsführer	سر دسته؛ سر حلقه	redelsfuehrer
Rädelsführerin	سر دسته؛ سر حلقه	redelsfuehrerin
spülen	مظمظه؛ غر غره	shpuelen
ausspülen	مظمظه؛ غر غره	ausspuelen
Unruhe	آشوب؛ شورش	unruhe
Tumult	آشوب؛ شورش	tumult
zügellos	غوغائی؛ آشوبگرانه	tsuegellos
aufreißen	درانیدن؛ چاک دادن	aufraissen
steigen	بالا رفتن	shtaigen
Aufsteiger	برخیزنده؛ بلند شونده	aufstaiger
riskieren	خطر؛ ریسک	riskiren
Ritus	فرمان اساسی	ritus
Ritual	آداب نماز	ritual
Rivale	رقیب	rivale
Rivalität	رقابت؛ همچشمی	rivalitet
Fluß	رودخانه	fluss
Niet	پرچه؛ پرچ کردن	nit
Straße	جاده	shtrasse
Straßenrand	کنار جاده	shtrassenrand
Fahrbahn	شوسه؛ زمین جاده	fahrbahn
Rotschimmel	تیماج؛ زرپور	rokhimmel
rotgrau	تیماج؛ زرپور	rotgrau
Gebrüll	غرش؛ غریو	gebruell
braten	برشتن؛ سرخ کردن	braten
Raub	سرقت	raub
Raubüberfall	سرقت	raubueberfall
Talar	خرقه؛ حله	talar
robust	هیکل دار؛ قوی هیکل	robust
Felsen	راک (موسیقی)؛ صخره	felsen
schaukeln	راک (موسیقی)؛ صخره	shaukeln
steiler Anstieg	موشک	shtailer anstik
Rakete	موشک	rakete
felsig	سنگی؛ صخرهای	felsik
steinig	سنگی؛ صخرهای	shtainik
Rute	میله؛ میل	rute
Schurke	رند	shurke
Soziale Rolle	نقش	tsotsiale rolle
Brötchen	گردیدن؛ غلت	broethen
Rolle	گردیدن؛ غلت	rolle
Tümmler	نورد؛ منگنه	tuemmler
Roller	نورد؛ منگنه	roller
römisch	رومی	roemish
römisch-katholisch	رومی	roemish-katolish
Romanze	عاشقانه	romantse
romantisch	خیالپرست؛ غیر ممکن	romantish
Rom	رم؛ روم	rom
Dach	سقف	dakh
austricksen	رخ؛ شاهرخ	austriksen
Zimmer	اتاق	tsimmer
Wurzel	ریشه؛ سنخ	vurtsel
wurzeln	ریشه؛ سنخ	vurtseln
Seil	بند؛ طناب	sail
Rosenkranz	تسبیح	rosenkrants
Rose	گل رز	rose
stand auf	گل رز	shtand auf
rosig	گلرنگ؛ گل پاشیده	rosik
rotieren	چرخان؛ دوران کردن	rotiren
Rotation	گشتن؛ چرخه	rotation
verrottet	فاسد؛ ضایع	verrottet
derb	زبر؛ زمخت	derb
Derbheit	زبری؛ ناصافی	derbhait
um ... herum	گرد، دور	um ... herum
aufjagen	رماندن	aufyagen
aufscheuchen	رماندن	aufshoyhen
vernichtende Niederlage	هزیمت؛ تار و مار کردن	vernihtende niderlage
Routine	روتین	routine
Reihe	ردیف؛ رده	raihe
rudern	ردیف؛ رده	rudern
königlich	سلطنتی؛ شاهانه	koeniglih
Monarchist	شاه پرست؛ طرفدار سلطنت	monarhist
Gummi	لاستیک؛ لاستیکی	gummi
Abfall	آشغال	abfall
Rubel	منات	rubel
scharlachrot	گلچهره؛ شنجرفی	sharlakhrot
in unhöflicher Weise	گستاخانه؛ باگستاخی	in unhoefliher vaise
Ungezogenheit	بدزبانی؛ گستاخی	ungetsogenhait
Rüsche	ناصاف کردن	rueshe
Ruine	خراب کردن، خرابی	ruine
Regel	قانون	regel
Herrscher	فرمانروا؛ حکمران	herrsher
Linial	فرمانروا؛ حکمران	linial
ungewöhnlich	عرق نیشکر	ungevoehnlih
Gerücht	چو؛ شایعه	gerueht
ein Gerücht verbreiten	شهرت دادن	ain gerueht verbraiten
laufen	دویدن	laufen
Ausreißer	دررفته؛ فراری	ausraisser
außer Kontrolle geraten	دررفته؛ فراری	ausser kontrolle geraten
geläutet	اسپوک؛ پله نردبان	geloytet
Runn	دونده	runn
ländlich	رعیتی	lendlih
Rußland	روسیه	russland
russisch	روسی؛ زبان روسی	russish
Russe	روسی؛ زبان روسی	russe
rosten	زنگ؛ زنگار	rosten
rascheln	خشخش؛ خش خش کردن	rasheln
rostig	زنگ زده	rostik
Brunft	گشن؛ خط انداختن	brunft
Ruth	ظالم؛ ظالمانه	rut
ruchlos	ظالمانه؛ بیرحمانه	rukhlos
Roggen	چاودار	roggen
Säbel	باشمشیر زدن	tsebel
Zobel	سمور	tsobel
geweiht	مقدس؛ حرام	gevaiht
opfern	قربانی؛ فداکاری	opfern
traurig	غمگین	traurik
traurig machen	افسردن؛ افسرده کردن	traurik makhen
Sattel	زین؛ غاشیه	tsattel
satteln	زین؛ غاشیه	tsatteln
in trauriger Weise	با ناراحتی	in trauriger vaise
Traurigkeit	افسردگی؛ پژمانی	traurigkait
Safe	امن	tsafe
sichern	صیانت کردن؛ امن نگهداشتن	tsihern
Sicherheit	اطمینان؛ امان	tsiherhait
Safran	زعفران؛ سورنجان	tsafran
sagittal	پیکانی	tsagittal
pfeilförmig	پیکانی	pfailfoermik
Segel	دریانوردی کردن	tsegel
segeln	دریانوردی کردن	tsegeln
Segeln	دریانوردی	tsegeln
Matrose	ناوی؛ دریانورد	matrose
Sake	خاطر	tsake
Salat	سالاد	tsalat
das Gehalt	حقوق	das gehalt
Verkauf	فروش	verkauf
Verkäufer	فروشنده	verkoyfer
salzhaltig	نمک دار؛ درجه شوری	tsaltshaltik
Salzlösung	نمک دار؛ درجه شوری	tsaltsloesunk
Speichel	تف؛ بزاق	shpaihel
Lachse	ماهی آزاد	lakhse
Salon	آرایشگاه	tsalon
Salz	نمک	tsalts
heilsam	درودی؛ سلامت بخش	hailsam
Militärischer Gruß	سرلام کردن؛ سلام دادن	militerisher gruss
Zugsalbe	نجاح؛ رستگاری	tsugsalbe
Boden-Luft-Rakete	سام	boden-luft-rakete
Sanktion	ضمانت اجراء	tsanktion
unterstützen	ضمانت اجراء	unterstuetsen
Sanktität	علو مقام	tsanktitet
Heiligtum	بست؛ تحصن	hailigtum
schleifen	شن؛ ریگ	shlaifen
schmirgeln	شن؛ ریگ	shmirgeln
Sandstein	سنگ سیاه؛ ماسه سنگ	tsandstain
belegtes Brot	ساندویچ	belegtes brot
Sandwich	ساندویچ	tsandvih
leichtblütig	دموی	laihtbluetik
gesundheitlich	بهداشتی؛ صحی	gesundhaitlih
sanitär	بهداشتی؛ صحی	tsaniter
Sankt Nikolaus	پاپانول	tsankt nikolaus
Weihnachtsmann	پاپانول	vaihnakhtsmann
aufzehren	شیره؛ شیره گیاهی	auftsehren
Sarkasmus	کنایه؛ متلک	tsarkasmus
beißender Spott	کنایه؛ متلک	baissender shpott
sarkastisch	گوشه؛ نیشدار	tsarkastish
Sarkom	سارکوم؛ تومور بدخیم	tsarkom
hämisch	کنایه آمیز	hemish
Schärpe	ارسی	sherpe
übersättigen	فرو نشاندن	uebersettigen
Satellit	قمر؛ ماهواره	tsatellit
Gefolgsmann	قمر؛ ماهواره	gefolgsmann
Satin	اطلس؛ ساتین	tsatin
Satire	هزلی	tsatire
Satirist	طنز نویس	tsatirist
zufriedenstellend	مرضی؛ رضایت بخش	tsufridenstellend
sättigen	سیراب؛ سیر شده	tsettigen
Samstag	شنبه	tsamstak
Soße	سس	tsosse
Kochtopf	ماهی تابه؛ روغن داغ کن	kokhtopf
Untertasse	نعلبکی؛ بشقاب کوچک	untertasse
Würstchen	کالباس؛ سوسیس	vuersthen
Wurst	کالباس؛ سوسیس	vurst
unzivilisiert	وحشی؛ سبع	untsivilisirt
Savant	عقلا	tsavant
sparen	ذخیره کردن، نجات دادن	shparen
retten	ذخیره کردن، نجات دادن	retten
Retter	ناجی؛ منجی	retter
Christus	ناجی؛ منجی	hristus
Holzspan	خاک اره	holtsspan
sächsisch	ساکسون	tsehsish
Sachse	ساکسون	tsakhse
sagen	گفتن	tsagen
Schorf	گری	shorf
Scheide	نیام؛ غلاف شمشیر	shaide
Gerüst	داربست؛ چوب بست	geruest
mit einem Gerüst versehen	داربست؛ چوب بست	mit ainem geruest versehen
Baugerüst	داربستبندی	baugeruest
verbrühen	آب پز کردن	verbruehen
Verbrühung	آب پز کردن	verbruehunk
Skala	وزنه؛ مقیاس	skala
Kopfschwarte	فرق سر	kopfshvarte
abtasten	ور انداز کردن؛ اجمالا مرور کردن	abtasten
absuchen	ور انداز کردن؛ اجمالا مرور کردن	absukhen
Skandal	رسوایی	skandal
skandalös	افتراآمیز	skandaloes
anstößig	افتراآمیز	anstoessik
knapp	کم دادن؛ بخیلانه دادن	knapp
Schulterblatt	استخوان پهن	shulterblatt
Narbe	اثر زخم داشتن	narbe
Knappheit	کمی؛ قحطی	knapfait
abschrecken	ترساندن	abshreken
erschrocken	ترسیده	ershroken
verängstigt	ترسیده	verengstigt
Schal	شال؛ روسری	shal
beängstigend	ترسناک	beengstigend
verstreuen	پراکندن؛ پخش کردن	verstroyen
Szenario	سناریو	stsenario
Szenarium	سناریو	stsenarium
Szene	صحنه	stsene
Schauplatz	صحنه	shauplats
Bühnenbild	صحنه سازی	buehnenbild
duften	عطر؛ رایحه	duften
riechen	عطر؛ رایحه	rihen
szeptisch	شکاک	stseptish
Ablaufplan	برنامه، برنامه‌ریزی کردن	ablaufplan
Zeitplan	برنامه، برنامه‌ریزی کردن	tsaitplan
Abriss	نقشه طرح کردن	abriss
Schisma	اختلاف وتفرقهدرکلیسا	shisma
Wissenschaftler	محقق	vissenshaftler
Gelehrter	محقق	gelehrter
Stipendium	بورسیه	shtipendium
Gelehrsamkeit	بورسیه	gelehrsamkait
Schule	مدرسه	shule
Schuljunge	پسر مدرسه؛ پسر مدرسه ای	shulyunge
Schulmeister	مکتب دار؛ ناظم مدرسه	shulmaister
Klassenzimmer	اطاق درس	klassentsimmer
Schoner	گاری سفری	shoner
Wissenschaft	علم	vissenshaft
wissenschaftlich	علمی	vissenshaftlih
schelten	عتاب؛ بدحرفی کردن	shelten
schaufeln	چمچه؛ کج بیل	shaufeln
Geltungsbereich	دایره؛ دامنه	geltungsberaih
Punktzahl	امتیاز، امتیاز گرفتن	punktsahl
schottisch	مردد بودن؛ ویسکی اسکاتلندی	shottish
schottischer Whisky	مردد بودن؛ ویسکی اسکاتلندی	shottisher vhisky
Schottland	اسکاتلند	shottland
Geißel	وسیله تنبیه؛ غضب خداوند	gaissel
Späher	پیشاهنگ؛ پیشاهنگی کردن	shpeher
auskundschaften	پیشاهنگ؛ پیشاهنگی کردن	auskunyaften
Gabarre	قایق تفریحی؛ وته پهن	gabarre
Schrott	قراضه	shrott
kratzen	ستردن؛ ساییدن	kratsen
schaben	ستردن؛ ساییدن	shaben
schmieren	گشاد نشستن	shmiren
kritzeln	گشاد نشستن	kritseln
schreien	داد؛ جیغ	shraien
Filmleinwand	صفحه نمایش	filmlainvand
Bildschirm	صفحه نمایش	bilyirm
Schraube	پیچ؛ پیچ کردن	shraube
schrauben	پیچ؛ پیچ کردن	shrauben
Drehbuch	متن سند؛ متن نمایشنامه	drehbukh
Skriptum	متن سند؛ متن نمایشنامه	skriptum
Schrift	کتاب آسمانی	shrift
schrubben	مالیدن؛ تیغستان	shrubben
Skrupel	وسواس؛ نهی اخلاقی	skrupel
prüfend	مدقق؛ تدقیق	pruefend
genaue Untersuchung	مداقه؛ بررسی دقیق	genaue untersukhunk
balgen	کشمکش کردن	balgen
Bildhauer	حجار؛ صورتگر	bildhauer
Skulptur	مجسمهسازی	skulptur
huschen	مسابقه کوتاه	hushen
Luke	ذغالدان؛ گام تند	luke
Sense	درو کردن؛ با داس بردن	tsense
Skythe	سیت	skyte
skythisch	سیت	skytish
die See	دریا	di tsee
Meeresküste	دریا کنار	meereskueste
Siegel	سیل؛ پلمب	sigel
siegeln	سیل؛ پلمب	sigeln
Seemann	جاشو؛ جاسو	tseemann
säumen	درزگیری کردن؛ درز گرفتن	soymen
Seehafen	بندر؛ دریابندر	tseehafen
Meeresufer	کناره؛ دریاکنار	meeresufer
Saison	فصل	tsaison
Jahreszeit	فصل	yahrestsait
saisonbedingt	موسمی؛ فصلی	tsaisonbedingt
Sitz	صندلی	tsits
Sitzplatz	صندلی	tsitsplats
trennen von	منتزع شدن	trennen von
Sezessionist	جدارو	tsetsessionist
Seklusion	عزلت؛ گوشه نشینی	tseklusion
Sekunde	ثانیه؛ دوم؛ دوم، ثانیه	tsekunde
zweite	ثانیه؛ دوم؛ دوم، ثانیه	tsvaite
zweitrangig	ثانویه؛ فرعی	tsvaitrangik
Verschwiegenheit	نهفتگی؛ پوشیدگی	vershvigenhait
geheim	راز، مرموز	gehaim
Sekretär	منشی	tsekreter
Sekretärin	منشی	tsekreterin
ausscheiden	ترشح کردن	ausshaiden
aussondern	ترشح کردن	aussondern
Sekretion	ترشح	tsekretion
Sekte	تیره؛ مسلک	tsekte
Sedan	تخت روان	tsedan
sedentär	نشسته؛ غیر متحرک	tsedenter
Fluviatiles Sediment	جرم؛ رسوب	fluviatiles tsediment
Sed	فتنه؛ فتنه پراکنی	tsed
seditiös	فتنهجو؛ مفسد	tseditioes
abspenstig machen	مفتون	abspenstik makhen
seduktiv	فریبا؛ گمراه کننده	tseduktiv
sehen	دیدن	tsehen
Samen	دان؛ دانه	tsamen
den Anschein haben	دان؛ دانه	den anshain haben
vergammelt	تخمی؛ پرتخم	vergammelt
suchen	پوییدن؛ تفحص کردن	tsukhen
Suchender	جوینده	tsukhender
scheinen	به نظر رسیدن	shainen
Segment	قسمت؛ حلقه	tsegment
Seine	تور؛ سن	saine
Ergreifung	ضبط؛ تصرف	ergraifunk
auswählen	پسندیدن؛ نشان کردن	ausvehlen
Auswahl	انتخاب؛ گلچین	ausvahl
auswählend	بهگزین؛ گزینشی	ausvehlend
selektiv	بهگزین؛ گزینشی	tselektiv
selbstsüchtig	خودخواهانه؛ خود پرست	tselbstsuehtik
Egoismus	نخوت؛ خودپسندی	egoismus
verkaufen	فروختن	verkaufen
Sperma	منی؛ نطفه	shperma
Sattelschlepper	نصف شده	tsattelshlepper
Sattelzug	نصف شده	tsatteltsuk
Samen-	نطفهای	tsamen-
Seminar	سمینار	tseminar
Kolloquium	سمینار	kollokvium
Theologisches Seminar	الحوزه؛ فیضیه	teologishes tseminar
Senat	مجلس سنا	tsenat
Senator	سناتور	tsenator
Senegal	سنگال	tsenegal
Senilität	پیری	tsenilitet
älter	ارشد؛ بالارتبه	elter
Dauer des Beschäftigungsverhältnisses	ارشدیت	dauer des besheftigungsverheltnisses
Dienstalter	ارشدیت	dinstalter
Sensation	احساس؛ آب و تاب	tsensation
Empfindung	احساس؛ آب و تاب	empfindunk
sensationell	حسی؛ شورانگیز	tsensationell
aufsehenerregend	حسی؛ شورانگیز	aufsehenerregend
Sinn	حس	tsinn
Empfindungsvermögen	احساس ودرک	empfindungsvermoegen
Empfindsamkeit	احساس ودرک	empfindsamkait
sinnlich	شهوانی؛ نفسانی	tsinnlih
Urteil des Gerichts	جمله	urtail des gerihts
Empfindelei	عاطفه	empfindelai
sentimental	احساساتی	tsentimental
empfindsam	احساساتی	empfindsam
sich trennen	جدا	tsih trennen
Separatist	تجزیه طلب	tseparatist
September	سپتامبر	tseptember
Scheiding	سپتامبر	shaidink
Septisch	پلشت؛ ماده عفونی	tseptish
Serbien	صربستان	tserbin
Serbisch	صربستانی؛ صرب	tserbish
Feldwebel	گروهبان	feldvebel
Serie	سری	tseri
ernst	جدی	ernst
ernstlich	جدا؛ بی شوخی	ernstlih
Ernst	جذبه؛ جد	ernst
Predigt	موعظه؛ روضه	predigt
Schlange	حیه؛ ماربزرگ	shlange
schlangenartig	مارپیچ؛ مارپیچی	shlangenartik
sich schlängelnd	مارپیچ؛ مارپیچی	tsih shlengelnd
Serum	سرم؛ خونابه	tserum
dienen	خدمت کردن، سرو غذا	dinen
bedienen	خدمت کردن، سرو غذا	bedinen
Servierbrett	کمک کننده	tservirbrett
Servierlöffel	کمک کننده	tservirloeffel
Dienst	خدمات	dinst
Service	خدمات	tservitse
unterwürfig	شایسته نوکران	untervuerfik
Servilität	نوکرمابی	tservilitet
Knechtschaft	چاکری؛ بندگی	knehhaft
Sesam	کنجد	tsesam
Sitzung	نشست؛ جلسه	tsitsunk
Setter	گذارنده	tsetter
Vorstehhund	گذارنده	vorstehhund
erledigen	وطن کردن؛ نشست کردن	erledigen
sich niederlassen	وطن کردن؛ نشست کردن	tsih niderlassen
Ansiedlung	مسکن؛ واریز	ansidlunk
Regelung	مسکن؛ واریز	regelunk
Siedler	مهاجر	sidler
sieben	هفت	siben
siebzehn	هفده	sibtsehn
siebte	سابع؛ یک هفتم	sibte
siebzig	هفتاد	sibtsik
mehrere	چندین	mehrere
streng. heftig	شدید؛ سخت	shtreng. heftik
in schlimmer Weise	به شدت	in shlimmer vaise
nähen	دوختن؛ خیاطی کردن	nehen
Nähen	خیاطی؛ دوزندگی	nehen
genäht	دوخته	geneht
Sexualität	جنسیت؛ تمایلات جنسی	tseksualitet
sexy	سکسی	tseksy
aphrodisisch	سکسی	afrodisish
schäbig	نخ نما	shebik
Schatten	سایه؛ آسمانه	shatten
schattieren	سایه؛ آسمانه	shattiren
schattig	سایه مانند؛ زود گذر	shattik
Schacht	چوبه؛ مال بند	shakht
Schaft	چوبه؛ مال بند	shaft
zottelig	پر مو؛ مو دراز	tsottelik
Schah	شاه	shah
schütteln	لرزاندن	shuetteln
soll	باید (فعل کمکی)	tsoll
sollen	باید (فعل کمکی)	tsollen
seicht	سطحی؛ تنکاب	saiht
schändlich	ننگین؛ رسوا	shendlih
schamlos	وقیح؛ بیعار	shamlos
formen	شکل	formen
geformt	شکل‌دار	geformt
gestaltet	شکل‌دار	gestaltet
wohlgestaltet	خوش هیکل؛ خوش ترکیب	vohlgestaltet
Aktie	اشتراک گذاشتن	akti
Aktionär	سهامدار؛ سهمدار	aktioner
schärfen	تراشیدن؛ تند کردن	sherfen
zerschmettern	خرد کردن؛ متلاشی کردن	tsershmettern
zertrümmern	خرد کردن؛ متلاشی کردن	tsertruemmern
Rasur	تراش؛ تراشیدن	rasur
sich rasieren	تراش؛ تراشیدن	tsih rasiren
Garbe	بافه؛ بافه کردن	garbe
vergoß	خرگاه	vergoss
vergossen	خرگاه	vergossen
Hausschaf	گوسفند	hausshaf
verlegen	گوسفندی؛ گوسفندوار	verlegen
schafartig	گوسفندی؛ گوسفندوار	shafartik
Papierbogen	ورق، ملافه	papirbogen
Regal	طاقچه؛ تاقچه	regal
Bücherbrett	طاقچه؛ تاقچه	bueherbrett
Muschel	پوست؛ لاک	mushel
Schutzdach	ملجا؛ ملجاء	shutsdakh
Schäferei	چوپان؛ شبان	sheferai
Sheriff	داروغه؛ ضابط شهربانی	sheriff
Schicht	نوبت کار؛ نوبت کاری	shiht
wechseln	نوبت کار؛ نوبت کاری	vehseln
Schein	برق؛ تابیدن	shain
Leuchten	برق؛ تابیدن	loyhten
verschiffen	کشتی	vershiffen
an Bord	سوار کشتی؛ کنار کشتی	an bord
Schiffbauer	کشتیساز	shiffbauer
Schiffsbau	کشتیسازی	shiffsbau
Sendung	محموله؛ مرسله	tsendunk
Verschiffung	محموله؛ مرسله	vershiffunk
Befrachter	مسافر کشتی؛ محموله کشتی	befrakhter
Verlader	مسافر کشتی؛ محموله کشتی	verlader
Schiffswrack	غرق کشتی؛ کشتی شکسته شدن	shiffsvrak
Hemd	پیراهن	hemd
Erschütterung	یکه؛ ضغطه	ershuetterunk
empörend	تکان‌دهنده	empoerend
beschuht	نعل کفش	beshuht
Schuh	کفش	shuh
schießen	نهال؛ تیر زدن	shissen
Schusswaffengebrauch	شلیک؛ تیراندازی	shussvaffengebrauh
Laden	فروشگاه، خرید کردن	laden
Ladenbesitzer	دکاندار؛ مغازه دار	ladenbesitser
Einkaufen	خرید	ainkaufen
geschoren	پشم چیده	geshoren
bald	به زودی	bald
Kürze	کوتاهی	kuertse
kurzfristig	کوتاه‌مدت	kurtsfristik
befristet	کوتاه‌مدت	befristet
geschossen	تیر؛ عکس	geshossen
schoss	تیر؛ عکس	shoss
sollte	باید (فعل کمکی)	tsollte
sollten	باید (فعل کمکی)	tsollten
Schulter	شانه	shulter
laut schreien	فریاد زدن، فریاد	laut shraien
lauter Schrei	فریاد زدن، فریاد	lauter shrai
schieben	هل؛ تپاندن	shiben
Schaufel	بیل زدن؛ بیلچه زدن	shaufel
Schau	نمایش، نشان دادن	shau
Dusche	دوش	dushe
Regenschauer	دوش	regenshauer
prunkend	خودنما؛ پرجلوه	prunkend
prahlerisch	خودنما؛ پرجلوه	prahlerish
Shrapnel	گلوله افشان؛ گلوله انفجاری	shrapnel
zerkleinern	تکه کردن؛ باریک بریدن	tserklainern
zerfetzen	تکه کردن؛ باریک بریدن	tserfetsen
scharf unterscheidend	ناقلا	sharf untershaidend
kreischen	فریاد دلخراش زدن	kraishen
schrill	زیر؛ شبیه صفیر	shrill
Garnele	میگو	garnele
Schrein	ضریح؛ مرقد	shrain
zusammenschrumpfen	انقباض؛ کوچک شدن	tsusammenshrumpfen
zurückschrecken	انقباض؛ کوچک شدن	tsuruekshreken
Schrumpfen	کیس؛ آب رفتگی	shrumpfen
Strauch	درختچه؛ بوته دار کردن	shtrauh
Strauchwerk	درختچه زار	shtrauhverk
Gesträuch	درختچه زار	gestroyh
schaudern	لرزه	shaudern
Schauder	لرزه	shauder
schloss	بستن، بسته	shloss
schüchtern	کمرو؛ خجالتی	shuehtern
Sibirien	سیبریه؛ سیبری	tsibirin
Schwester	خواهر یا برادر	shvester
ekelhaft	بیمار کننده؛ بیزار کننده	ekelhaft
Sichel	داسقاله؛ دهره	tsihel
Seite	کنار	saite
Gehweg	پیادهرو	gehvek
siebend	نخاله؛ بوجاری	sibend
Seufzen	آه کشیدن؛ آوخ کشیدن	soyftsen
Seufzer	آه کشیدن؛ آوخ کشیدن	soyftser
Sehvermögen	دید؛ منظره	tsehvermoegen
unterzeichnen	علامت، امضا کردن	untertsaihnen
unterschreiben	علامت، امضا کردن	untershraiben
Signal	علامت؛ کوس	tsignal
signalisieren	علامت؛ کوس	tsignalisiren
Unterschrift	امضا	untershrift
bedeutungsvoll	مهم؛ پرمعنی	bedoytungsvoll
Stille	سکوت	shtille
still	ساکت؛ خاموش	shtill
Umriß	نیمرخ	umriss
Silhouette	نیمرخ	tsilhouette
Seide	ابریشم؛ خامه	saide
Seidenraupe	کرم ابریشم؛ کرم پیله	saidenraupe
Schwelle	گسله بستری	shvelle
einfältig	خری	ainfeltik
Silber	نقره، نقره‌ای	tsilber
Silberbesteck	نقره آلات	tsilberbestek
silberig	سیمگون؛ سیم اندود	tsilberik
ähnlich	مشابه	ehnlih
Simon	شمعون	tsimon
Einfachheit	سادگی	ainfakhhait
vereinfachen	ساده کردن	verainfakhen
in einfacher Weise	بسادگی	in ainfakher vaise
gleichzeitig	همزمان؛ مقارن	glaihtsaitik
Aufrichtigkeit	خلوص؛ صمیمیت	aufrihtigkait
singen	آواز خواندن	tsingen
Sänger	خواننده	tsenger
Gesang	آواز خواندن	gesank
einzeln	مجرد، تک	aintseln
außerordentlich	تکین	ausserordentlih
besonders hervorragend	تکین	besonders hervorragend
Einzigartigkeit	تکینی	aintsigartigkait
Eigenheit	تکینی	aigenhait
sinister	شوم؛ بدشگون	tsinister
sinken	منجلاب؛ چاهک	tsinken
einsinken	منجلاب؛ چاهک	ainsinken
sinuös	گمراه کننده	tsinuoes
Sinus	سینوس؛ معصره	tsinus
Nasennebenhöhle	سینوس؛ معصره	nasennebenhoehle
schlürfen	جرعه؛ مزمزه	shluerfen
mein Herr	آقا	main herr
sitzen	نشستن	tsitsen
Platz	سایت	plats
sechs	شش	tsehs
sechzehn	شانزده	tsehtsehn
sechste	سادس؛ سدس	tsehste
sechzig	شصت	tsehtsik
Skelett	چارچوب؛ اسکلت	skelett
Skeptizismus	دیرباوری	skeptitsismus
Skizze	ترسیم؛ طراحی کردن	skitstse
skizzieren	ترسیم؛ طراحی کردن	skitstsiren
Ski	اسکی، اسکی کردن	ski
skilaufen	اسکی، اسکی کردن	skilaufen
Skifahren	اسکی	skifahren
Haut	پوست	haut
Schiffskapitän	ناخدای کشتی	shiffskapiten
Scharmützel	کشمکش؛ زد و خورد	sharmuetsel
Rock	دامن	rok
Schädel	جمجمه	shedel
Helmkraut	عرقچین؛ کلاه بره	helmkraut
Oberlicht	پنجره طاق	oberliht
himmelwärts	به‌طرف آسمان	himmelverts
lustlos	شل کردن	lustlos
erschlagen	مقتول	ershlagen
zuschlagen	بهمکوفتن؛ ضربت سنگین	tsushlagen
zuknallen	بهمکوفتن؛ ضربت سنگین	tsuknallen
Fachjargon	عامیانه؛ اصطلاح عامیانه	fakhyargon
Fachchinesisch	عامیانه؛ اصطلاح عامیانه	fakhhinesish
neigen	اریب	naigen
mit der Hand schlagen	چک؛ سیلی	mit der hand shlagen
schlitzen	نشان ممیز؛ خیلی کم کردن	shlitsen
Schlitz	نشان ممیز؛ خیلی کم کردن	shlits
Schiefer	تورق؛ پلمه	shifer
schlachten	کشتار؛ خونریزی	shlakhten
Slawe	اسلاو؛ اسلاو زبان	slave
Slawin	اسلاو؛ اسلاو زبان	slavin
Sklave	برده؛ غلام	sklave
Sklaverei	برده‌داری؛ بندگی	sklaverai
sklavisch	غلام صحت	sklavish
Spalthammer	سورتمه راندن	shpaltammer
Schlitten	سورتمه راندن	shlitten
Schlaf	خواب؛ خوابیدن	shlaf
Schläfrigkeit	خواب آلودی	shlefrigkait
schlaflos	بی خواب	shlaflos
Ärmel	آستین	ermel
ausrutschen	تعداد زیادی؛ چرخاندن ناگهانی	ausrukhen
Schnitte	قاش کردن؛ قاچ کردن	shnitte
Dia	سرسره؛ سراندن	dia
gering	خفیف؛ جزئی	gerink
schlank	باریک اندام	shlank
katapultieren	قلاب سنگ؛ سنگ قلاب	katapultiren
Schleuder	قلاب سنگ؛ سنگ قلاب	shloyder
Ausrutscher	لغزش؛ سقطه	ausrukher
Pantoffel	کفش راحتی؛ دم پائی	pantoffel
schlüpfrig	سر؛ لیز	shluepfrik
Slogan	شعار	slogan
Losung	شعار	losunk
Slup	قایق جنگی	slup
verschütten	شلوار گشاد؛ آشغال خوری	vershuetten
schütten	شلوار گشاد؛ آشغال خوری	shuetten
Faultiere	تنبل	faultire
mausern	خشک ریشه	mausern
schlampig	هردمبیل؛ لا ابالی	shlampik
langsam	آهسته	langsam
Schlummer	چرت زدن؛ پینکی زدن	shlummer
Preissturz	زمین باتلاقی؛ کاهش فعالیت	praissturts
schmatzen	ماچ صدادار؛ باصدا غذاخوردن	shmatsen
Pocken	آبله	poken
Smartphone	گوشی هوشمند	smartfone
anschwärzen	آغشتن	anshvertsen
gerochen	گداخته شدن	gerokhen
roch	گداخته شدن	rokh
lächeln	لبخند، لبخند زدن	leheln
Rauch	دود، سیگار کشیدن	rauh
rauchen	دود، سیگار کشیدن	rauhen
Raucher	سیگاری؛ اهل دود	rauher
glätten	نرم؛ صاف	gletten
Glatte Funktion	روانی؛ صافی	glatte funktion
Schmuggeln	قاچاق؛ خفیه فروشی	shmuggeln
Schmuggelei	قاچاق؛ خفیه فروشی	shmuggelai
Imbiß	ته بندی	imbiss
Schnecke	حلزون؛ لیسه	shneke
schnappen	بشکن؛ شتابزدگی	shnappen
Fletschen	دندان قروچه کردن	flehen
Schnapper	مقدار کم؛ قاپ زنی	shnapper
höhnisch lächeln	پوزخند؛ نیشخند	hoehnish leheln
schnupfen	بوکشیدن؛ فن فن کردن	shnupfen
schnuppern	بوکشیدن؛ فن فن کردن	shnuppern
schnarchen	خرخر؛ خرخره	shnarhen
Schnarchen	خرخر؛ خرخره	shnarhen
Kichern	زفیر کشیدن	kihern
schnaubend	خر و خر	shnaubend
Schnee	برف، برف باریدن	shnee
schneien	برف، برف باریدن	shnaien
schneeweiß	برفی	shneevaiss
schneebedeckt	برفی	shneebedekt
Schnupftabak	انفیه؛ انفیه زدن	shnupftabak
Snuff	انفیهزنی	snuff
behaglich	گرم ونرم؛ آماده ومجهز	behaglih
so	بنابراین، خیلی	tso
einweichen	آغشتن؛ خیساندن	ainvaihen
einseifen	صابون	ainsaifen
Seife	صابون	saife
hochsteigen	اوج گرفتن؛ بلند پرواز کردن	hokhstaigen
hochfliegen	اوج گرفتن؛ بلند پرواز کردن	hokhfligen
schluchzen	بغض گریه	shlukhtsen
sogenannt	به اصطلاح	tsogenannt
sozial	اجتماعی	tsotsial
Sozialismus	سوسیالیسم؛ سوسیالیزم	tsotsialismus
Sozialist	سوسیالیست؛ سوسیالیستی	tsotsialist
Soziologie	انسان شناسی؛ جامعه شناسی	tsotsiologi
Socke	جوراب	tsoke
Sockel	سرپیچ؛ بوشن	tsokel
durchweicht	نیم پخته؛ چروکیده وپژمرده	durhvaiht
weich	نرم	vaih
weich machen	نرم کردن؛ شیرین کردن	vaih makhen
Weichheit	ملایمت؛ شلی	vaihhait
Computer Programme	نرم افزار	komputer programme
trösten	مایه تسلی	troesten
solar	آفتابی؛ شمسی	tsolar
löten	لحیم؛ لحیم کردن	loeten
Soldat	سرباز	tsoldat
einzig	کف پا؛ تخت کفش	aintsik
feierlich	سنگین؛ موقرانه	faierlih
Hochfest	مراسم سنگین	hokhfest
von fester Beschaffenheit	محکم؛ استوار	von fester beshaffenhait
Solidarität	همبستگی؛ بهم پیوستگی	tsolidaritet
Festigkeit	استواری	festigkait
Salomo	سلیمان؛ صلح دوست	tsalomo
Lösung	راه حل	loesunk
löslich	حلپذیر؛ قابل حل	loeslih
lösen	حل کردن	loesen
liquid	حلال؛ مایع محلل	likvid
ein paar	مقداری، برخی	ain paar
einige	مقداری، برخی	ainige
irgendwie	به نحوی	irgendvi
etwas	چیزی	etvas
vormalig	زمانی	vormalik
manchmal	گاهی اوقات	manhmal
ein bißchen	تاحدی؛ مقدار نامعلومی	ain bisshen
Sohn	پسر	tsohn
Lied	آهنگ	lid
Sonor	طنین انداز	tsonor
Ruß	دوده؛ دودهای کردن	russ
rußig	دودهای	russik
durchdacht	پیچیده	durhdakht
weltklug	پیچیده	veltkluk
wund	ریشناک؛ جای زخم	vund
Wiesen-Sauerampfer	ریواس؛ ترشک	visen-sauerampfer
Sorge	غم؛ غصه	tsorge
voll Sorge	غمگین؛ غمافزا	voll tsorge
leid	متاسف	laid
betrübt	متاسف	betruebt
Sorte	نوع، مرتب کردن	tsorte
Seele	روح؛ جان	tseele
klingen	صدا، به نظر رسیدن	klingen
Laut	صدا، به نظر رسیدن	laut
Suppe	سوپ	tsuppe
Quelle	منبع	kvelle
Süden	جنوب	tsueden
südöstlich	جنوب شرقی؛ جنوب شرق	tsuedoestlih
südlich	جنوبی	tsuedlih
Südwesten	جنوب غربی	tsuedvesten
Souvenir	یادگار؛ تحفه	tsouvenir
Oberherrschaft	شاهی؛ خداوندی	oberherrshaft
Sau	خوک ماده؛ ماده خوک	sau
säen	خوک ماده؛ ماده خوک	tseen
Saat	حرث؛ تخم پاشی	tsaat
freier Raum	فضا	fraier raum
Weltraum	فضا	veltraum
spaziös	جادار؛ فراخ	shpatsioes
Spanien	اندلس؛ اسپانی	shpanin
spannen	وجب؛ گستردگی	shpannen
Spanier	اسپانیولی	shpanir
Spanierin	اسپانیولی	shpanirin
spanisch	اسپانیولی؛ اسپانیایی	shpanish
übrig haben	اضافی	uebrik haben
Funke	جرقه؛ اخگر	funke
funken	جرقه؛ اخگر	funken
schäumen	جرقه؛ تلالو	shoymen
Sperling	گنجشک	shperlink
spastisch	انقباضی	shpastish
räumlich	فاصلهای	roymlih
sprechen	صحبت کردن	shprehen
Sprecher	بلندگو، سخنران	shpreher
Speer	نیزه؛ سنان	shpeer
Facharzt	متخصص؛ ویژهگر	fakhartst
spezialisieren	تخصص یافتن	shpetsialisiren
spezialisiert	تخصصی	shpetsialisirt
detaillierte technische Aufgliederung	مشخصه؛ تصریح	detaillirte tehnishe aufgliderunk
technische Einzelheiten	مشخصه؛ تصریح	tehnishe aintselhaiten
einzeln aufführen	مشخص کردن	aintseln auffuehren
Schauspiel	منظره	shauspil
Spektakel	منظره	shpektakel
spektakulär	تماشایی	shpektakuler
The Spectator	تماشاگر	te shpektator
Spektrum	طیف؛ بیناب	shpektrum
Rede	سخنرانی	rede
sprachlos	بی حرف؛ بی جواب	shprakhlos
Geschwindigkeit	سرعت	geshvindigkait
Zauberspruch	هجی کردن	tsaubersprukh
Zeitdauer	هجی کردن	tsaitdauer
Rechtschreibung	هجی	rehhraibunk
ausgeben	خرج کردن، گذراندن	ausgeben
spendieren	خرج کردن، گذراندن	shpendiren
ausgegeben	مصروف؛ رها شده	ausgegeben
gab aus	مصروف؛ رها شده	gab aus
Sphäre	جسم کروی	shfere
Sphinx	ابوالهول؛ سینه زن	shfinks
Gewürz	ادویه	gevuerts
Spinne	عنکبوت	shpinne
Ähre	آبشار زدن؛ میخ بزرگ	ehre
Getreideähre	آبشار زدن؛ میخ بزرگ	getraideehre
spinnen	چرخان؛ ریس	shpinnen
Spindel	دوک	shpindel
Espina	تیره پشت؛ ستون فقرات	espina
spiralförmig	حلزونی؛ مارپیچ رفتن	shpiralfoermik
Spiritualität	روحانیت؛ معنویت	shpiritualitet
spucken	تف؛ خدو	shpuken
gehässig	مغرض؛ غرضآلود	gehessik
boshaft	مغرض؛ غرضآلود	boshaft
Milz	سپرز؛ طحال	milts
splenisch	اسپرزی؛ طحالی	shplenish
Gipsschiene	جبیره؛ آهن نبشی	gipsshine
gespalten	شکاف؛ شکافته	gespalten
spaltete	شکاف؛ شکافته	shpaltete
Splitter	شکافنده؛ شکاف دهنده	shplitter
aufspaltend	بزل	aufspaltend
verderben	خراب کردن	verderben
Pressesprecher	سخنگو	pressespreher
Sprecherin	سخنگو (زن)	shpreherin
Schwamm	ابر؛ لیف	shvamm
schwammartig	لیفی؛ اسفنجی	shvammartik
schwammig	لیفی؛ اسفنجی	shvammik
Schirmherr	ضامن؛ متقبل	shirmherr
Sponsor	حمایت مالی	shponsor
spontan	بالبداهه؛ ناخودآگاه	shpontan
Löffel	قاشق	loeffel
sporadisch	گاهبگاه	shporadish
vereinzelt	گاهبگاه	veraintselt
Spore	هاگ؛ هاگ آوردن	shpore
Sport	ورزش	shport
fleckenlos	بی لکه؛ بی خال	flekenlos
Ehegatte	همسر؛ زوج	ehegatte
Ehepartner	همسر؛ زوج	ehepartner
Verstauchung	رگ کردن؛ بدرد آوردن	verstauhunk
ausgedehnt	گل و گشاد	ausgedehnt
sich räkelnd	گل و گشاد	tsih rekelnd
sprühen	افشاندن؛ دواپاشی	shpruehen
ausgebreitet	گسترش دادن؛ پخش شدن	ausgebraitet
breitete aus	گسترش دادن؛ پخش شدن	braitete aus
Antriebsfeder	بهار	antribsfeder
Frühling	بهار	fruehlink
Frühjahr	بهار زندگانی	fruehyahr
sprießen	جوانه؛ جوانه زدن	shprissen
Spross	جوانه؛ جوانه زدن	shpross
Fichten	صنوبر	fihten
gesponnen	تابداده؛ ریسته	gesponnen
spann	تابداده؛ ریسته	shpann
Sporn	سیخک؛ مهمیز	shporn
Spion	آبشت؛ خبرگیر	shpion
Geschwader	بهادران	geshvader
squamös	فلس دار	skvamoes
verschwenden	تبذیر کردن؛ اسراف کردن	vershvenden
Quadrat	مربع	kvadrat
kauern	قوز کردن؛ چاق وخپل	kauern
quetschen	چلاندن؛ فشاردن	kvehen
auspressen	چلاندن؛ فشاردن	auspressen
Schildknappe	ملاک عمده	shildknappe
Eichhörnchen	سنجاب	aihhoernhen
erstechen	چاقو زدن؛ زخم چاقو	erstehen
Stabilität	پشتکار؛ پایداری	shtabilitet
Stall	پایدار؛ طویله	shtall
stabil	پایدار؛ طویله	shtabil
Stadion	ورزشگاه؛ میدان ورزش	shtadion
Hirsch	آهو	hirsh
'Hirsch' an der Börse	آهو	'hirsh' an der boerse
Stadium	صحنه، مرحله	shtadium
Bühne	صحنه، مرحله	buehne
Postkutsche	دلیجان	postkukhe
taumeln	گیج خوردن؛ یله رفتن	taumeln
stagnierend	راکد؛ کساد	shtagnirend
Stagnation	رکود؛ ناروانی	shtagnation
Stagnierung	رکود؛ ناروانی	shtagnirunk
beflecken	لکه؛ شایبه	befleken
Sprosse	پله	shprosse
Treppe	پلگان؛ راه پله	treppe
schal	بیات؛ بیات کردن	shal
einherstolzieren	ساقه؛ ساق	ainherstoltsiren
Stand	غرفه، متوقف شدن	shtand
Hengst	نریان؛ اسب نر	hengst
standhaft	جوانمرد؛ اندام دار	shtandhaft
Briefmarke	تمبر، مهر	brifmarke
frankieren	تمبر، مهر	frankiren
Stampede	لگد کردن؛ لگد کوب	shtampede
Einstellung	موضع	ainstellunk
Positur	موضع	positur
stehen	ایستادن	shtehen
Standarte	علامت؛ عیار	shtandarte
Standpunkt	نقطه نظر	shtandpunkt
Stillstand	سکته؛ لنگی	shtillstand
Stapel	قلم اصلی؛ مواد خام	shtapel
Stapelware	قلم اصلی؛ مواد خام	shtapelvare
Star	ستاره؛ ستاره، ستاره‌دار کردن	shtar
Stern	ستاره؛ ستاره، ستاره‌دار کردن	shtern
Stärke	نشاسته؛ آهار	shterke
Sternenlicht	نور ستاره	shternenliht
sternenklar	پرستاره	shternenklar
Start	شروع، شروع کردن	shtart
Verhungern	گرسنگی؛ قحطی	verhungern
verhungern	گرسنه ماندن	verhungern
Staatskunst	ملک داری؛ کشور داری	shtaatskunst
Statesman	دنیاداری	shtatesman
statisch	ثابت؛ بی حرکت	shtatish
Station	ایستگاه	shtation
Bahnhof	ایستگاه	bahnhof
statistisch	احسائی؛ آماری	shtatistish
Statistik	ارقام؛ آمار	shtatistik
Statue	مجسمه؛ تندیس	shtatue
Standbild	مجسمه؛ تندیس	shtandbild
statuenhaft	شبیه مجسمه؛ مجسمه وار	shtatuenhaft
stattlich	شبیه مجسمه؛ مجسمه وار	shtattlih
gesetzlich festgelegt	طبق قانون	gesetslih festgelegt
gleichmäßig	به طور پیوسته	glaihmessik
stehlen	دزدیدن	shtehlen
Dampf	بخار	dampf
dampfen	بخار	dampfen
Dampfschiff	قایق بخاری	dampfshiff
Dampfer	ماشین بخار	dampfer
Ross	توسن؛ وسیله نقلیه	ross
Stahl	فولاد؛ فولادی	shtahl
steil	تنده؛ شیبدار	shtail
stemmen	ریشه؛ ساقه	shtemmen
Gestank	تعفن؛ زهم	gestank
Schablone	استنسیل؛ استنسیل کردن	shablone
schreiten	قدم، گام	shraiten
Stieftochter	نادختری؛ دختر خوانده	shtiftokhter
Stiefvater	ناپدری؛ پدراندر	shtifvater
Stiefelternteil	ناپدری؛ پدراندر	shtifelterntail
Stiefmutter	نامادر؛ مادرخوانده	shtifmutter
Steppe	استپ	shteppe
steril	سترون؛ استرون	shteril
Sterling Silber	پوند؛ استرلینگ	shterlink tsilber
Stethoskop	گوشی	shtetoskop
Hafenarbeiter	بارگیری وباراندازی کردن	hafenarbaiter
schmoren	خورش؛ دم کردن	shmoren
dünsten	خورش؛ دم کردن	duensten
Stock	لول؛ چسبیدن	shtok
Stecken	لول؛ چسبیدن	shteken
klebrig	چسبنده؛ چسبناک	klebrik
versteifen	شق کردن؛ سیخ شدن	verstaifen
Steifheit	جمود	shtaifhait
Zauntritt	سنگچین	tsauntritt
anregend	محرک؛ ماده محرک	anregend
Anregung	تحریک؛ انگیزش	anregunk
Ansporn	تحریک؛ انگیزش	ansporn
Insektenstich	نیش؛ گزش	insektenstih
Geiz	خست؛ بخل	gaits
geizig	زفت؛ ممسک	gaitsik
stinken	بودادن؛ بدبو کردن	shtinken
knausern	بقناعت واداشتن	knausern
vereinbaren	مصرح	verainbaren
festsetzen	مصرح	festsetsen
vertragliche Vereinbarung	مصرح؛ مصرحات	vertraglihe verainbarunk
umrühren	هم زدن؛ بهم زدن	umruehren
Masche	کوک؛ بخیه	mashe
Stechen	کوک؛ بخیه	shtehen
Vorrat	سهام؛ موجودی	vorrat
Magen	معده	magen
Stein	سنگ	shtain
Hocker	کرسی؛ عسلی	hoker
sich bücken	دولاشدن؛ خشوع کردن	tsih bueken
Haltestelle	توقف، توقف کردن	haltestelle
Arbeitsausfall	انسداد	arbaitsausfall
Lagerhaltung	مخزن؛ انبارش	lagerhaltunk
Ladengeschäft	فروشگاه	ladengesheft
stürmen	طوفان	shtuermen
Sturm	طوفان	shturm
stark	نوعی آبجو؛ قوی بنیه	shtark
gerade machen	راست کردن؛ مستقیم شدن	gerade makhen
Meerenge	تنگه؛ بغاز	meerenge
stranden	تار؛ کنار رود	shtranden
Fremdartigkeit	غرابت	fremdartigkait
Seltsamkeit	غرابت	tseltsamkait
Fremder	غیر؛ بیگانه	fremder
Strangulation	اختناق	shtrangulation
Straps	تسمه؛ تسمه زدن	shtraps
strategisch	سوقالجیشی؛ استراتژیک	shtrategish
Stratege	رزمآرا	shtratege
Strategie	استراتژی	shtrategi
geschichtet	رگه دار	geshihtet
Trinkhalm	کاه؛ خس	trinkhalm
Stroh	کاه؛ خس	shtroh
Erdbeere	چلم؛ توت فرنگی	erdbeere
herumirren	ضلالت؛ بیراهه روی	herumirren
verirrt	ضلالت؛ بیراهه روی	verirrt
flitzen	سپیده دم	flitsen
strömen	نهر؛ مسیل	shtroemen
kräftigen	تقویت کردن	kreftigen
rührig	فوق العاده	ruehrik
Stress	استرس، استرس وارد کردن	shtress
dehnen	بسیط؛ امتداددادن	dehnen
sich erstrecken	بسیط؛ امتداددادن	tsih erstreken
Trage	برانکار؛ بسط یابنده	trage
strikt	خشک؛ موکد	shtrikt
Verengung	ضیق؛ سخت گیری	verengunk
strenge Kritik	ضیق؛ سخت گیری	shtrenge kritik
Wettstreit	نفاق؛ سعی بلیغ	vettstrait
Streik	ضرب؛ ضربت	shtraik
Bindfaden	زه کردن؛ رشته کردن	bindfaden
Streifen	نوار؛ باریکه	shtraifen
striv	جدیت کردن	shtriv
Schlaganfall	سکته، ضربه	shlaganfall
spazieren gehen	گرد؛ گردیدن	shpatsiren gehen
bummeln	گرد؛ گردیدن	bummeln
Stroma	بافت بنیادی	shtroma
Hochburg	قلعه نظامی	hokhburk
Aufbau	ساختمانی	aufbau
Bauwerk	ساختمانی	bauverk
kämpfen	تلاش؛ تنازع	kempfen
Strebe	خرامیدن	shtrebe
Stoppel	ته ریش؛ ریش زبر	shtoppel
Dreitagebart	ته ریش؛ ریش زبر	draitagebart
gedrungen	سیخ سیخ	gedrungen
gesteckt	چسبیده؛ چسباننده	gestekt
steckte	چسبیده؛ چسباننده	shtekte
Deckhengst	ایلخی؛ گل میخ	dekhengst
Schälhengst	ایلخی؛ گل میخ	shelhengst
Gelehrte	دانش آموز	gelehrte
Student	دانش آموز	shtudent
Atelier	اتاقکار؛ هنرکده	atelir
Studium	جاهد؛ کتاب خوان	shtudium
studieren	جاهد؛ کتاب خوان	shtudiren
Zeug	جنس؛ بساط	tsoyk
stickig	محافظه کار	shtikik
stolpern	لغزاندن؛ سقطه	shtolpern
Fehltritt	لغزاندن؛ سقطه	fehltritt
stampfen	سنگینکندهدرخت؛ ته شاخه	shtampfen
zerstampfen	سنگینکندهدرخت؛ ته شاخه	tserstampfen
betäuben	خیره شدن؛ بهت زده	betoyben
Dummheit	خرف؛ حماقت	dummhait
in törichter Weise	احمقانه؛ بی خردانه	in toerihter vaise
Stupor	گیجی؛ کند ذهنی	shtupor
Saustall	شعیره؛ در طویله قرار دادن	saustall
Koben	شعیره؛ در طویله قرار دادن	koben
Stil	سبک	shtil
stilvoll	شیک	shtilvoll
subakut	زیرحاد	tsubakut
Unterabteilung	بخشیزه؛ زیرقسمت	unterabtailunk
Unterteilung	بخشیزه؛ زیرقسمت	untertailunk
unterwerfen	مقهور کردن؛ رام کردن	unterverfen
Studienfach	موضوع	shtudinfakh
U-Boot	زیردریایی؛ تحت البحری	u-boot
Submission	فرمانبرداری؛ اذعان	tsubmission
submissiv	مطیع؛ خاشع	tsubmissiv
einreichen	تسلیم کردن؛ تمکین کردن	ainraihen
unterordnen	تابع؛ زیردست	unterordnen
untergeordnet	تابع؛ زیردست	untergeordnet
Unterordnung	مادونی؛ فرمان برداری	unterordnunk
abonnieren	اشتراک کردن؛ مشترک شدن	abonniren
Subskription	اشتراک؛ آبونمان	tsubskription
Vorbestellung	اشتراک؛ آبونمان	vorbestellunk
nachfolgend	بعدی	nakhfolgend
Unterwürfigkeit	زیر زاوری	untervuerfigkait
Untertänigkeit	زیر زاوری	untertenigkait
absinken	نشست کردن؛ فروکش کردن	absinken
Subvention	کمک مالی؛ کمک هزینه	tsubvention
staatliche Unterstützung	کمک مالی؛ کمک هزینه	shtaatlihe unterstuetsunk
fortbestehen	گذران کردن	fortbestehen
substantiv	شبیه اسم؛ مقدار زیاد	tsubstantiv
Ersetzung	جانشینی؛ جانشین سازی	ersetsunk
Substitution	جانشینی؛ جانشین سازی	tsubstitution
unterirdisch	تحت الارضی	unterirdish
Vorstadt	حومه شهر	vorstadt
vorstädtisch	برون شهری	vorstedtish
subversiv	خرابکارانه	tsubversiv
Erfolg haben	موفق شدن	erfolk haben
nachfolgen	موفق شدن	nakhfolgen
in erfolgreicher Weise	به موفقیت؛ با موفقیت	in erfolgraiher vaise
Nachfolge	جانشینی؛ خلافت	nakhfolge
aufeinander folgend	متواترا	aufainander folgend
Nachfolger	جانشین؛ خلف	nakhfolger
solcher	چنین	tsolher
saugen	مکیدن؛ مک زدن	saugen
Milchkalb	شیر خوار؛ بچه شیری	milhkalb
Spanferkel	شیر خوار؛ بچه شیری	shpanferkel
Sog	مکش	tsok
unerwartet	تند؛ ناگهان	unervartet
erleiden	خون کردن؛ خون شدن	erlaiden
Leidender	متحمل؛ درد کش	laidender
Leid	رنج	laid
genügen	کفایت کردن؛ کافی بودن	genuegen
Genüge	کفایت؛ تکافو	genuege
Hinlänglichkeit	کفایت؛ تکافو	hinlenglihkait
ausreichend	کافی	ausraihend
genügend	کافی	genuegend
Suffokation	اختناق؛ خفقان	tsuffokation
Zucker	شکر	tsuker
sugär	شکری؛ شیرین زبان	tsuger
suggerieren	پیشنهاد کردن	tsuggeriren
Vorschlag	پیشنهاد	vorshlak
Suggestion	پیشنهاد	tsuggestion
andeutend	حاکی؛ تلقینی	andoytend
Suizid	مذبوحانه	tsuitsid
Anzug	کت و شلوار، مناسب بودن	antsuk
Suitabilität	مناسبت؛ سازگاری	tsuitabilitet
Handkoffer	چمدان؛ جامه دان	handkoffer
Suite	قطعه موسیقی؛ خدم و حشم	tsuite
Gefolge	قطعه موسیقی؛ خدم و حشم	gefolge
Freier	خواستگار؛ عرضحال دهنده	fraier
schmollen	قهر	shmollen
üble Laune	قهر	ueble laune
Sulfat	سولفات	tsulfat
Schwefel	گوگرد؛ کبریت	shvefel
Sulfur	گوگرد؛ کبریت	tsulfur
Sultan	سلطان	tsultan
Summe	وجه؛ مجموع	tsumme
zusammenfassen	خلاصه کردن؛ چکیده کردن	tsusammenfassen
Sommer	تابستان	tsommer
vorladen	فراخوانی؛ احضاریه	vorladen
Sonne	خورشید	tsonne
Sonnenstrahl	تیغ آفتاب	tsonnenstrahl
Sonntag	یکشنبه	tsonntak
Sonnenblume	روزگردک؛ گل آفتاب پرست	tsonnenblume
versunken	فرورفته؛ غرق شده	versunken
sonnig	آفتابی؛ آفتاب گیر	tsonnik
Sonnenaufgang	مطلع؛ سحرگاه	tsonnenaufgank
Sonnenuntergang	غروب؛ افول	tsonnenuntergank
Sonnenschein	نور آفتاب	tsonnenshain
hervorragend	فوق‌العاده	hervorragend
Super	فوق‌العاده	tsuper
oberflächlich	سطحی؛ صوری	oberflehlih
überflüssig	غیر ضروری	ueberfluessik
übermenschlich	مافوق انسانی	uebermenshlih
Polizeipräsident	ناظم	politsaipresident
Überlegenheit	شرف؛ تفوق	ueberlegenhait
Supermarkt	سوپرمارکت	tsupermarkt
übernatürlich	فوق العاده؛ مافوق طبیعت	uebernatuerlih
Aberglaube	موهومات	aberglaube
abergläubisch	موهوم؛ خرافاتی	abergloybish
beaufsichtigen	نظارت کردن؛ برنگری کردن	beaufsihtigen
Aufsicht	نظارت؛ مراقبت	aufsiht
Beaufsichtigung	نظارت؛ مراقبت	beaufsihtigunk
Oberaufseher	سرپرست؛ ناظر	oberaufseher
Ergänzung	ضمیمه؛ تکمله	ergentsunk
Lieferer	کارپرداز؛ تهیه کننده	liferer
liefern	عرضه؛ تهیه کردن	lifern
Versorgung	عرضه؛ تهیه کردن	versorgunk
stützen	حمایت، حمایت کردن	shtuetsen
Voraussetzung	گمان؛ انگاشت	voraussetsunk
höchste	عالی؛ عظما	hoehste
oberste	عالی؛ عظما	oberste
gewiss	مطمئن	geviss
sicherlich	بداخم؛ البته	tsiherlih
surfen	خیزآب	tsurfen
wellenreiten	خیزآب	vellenraiten
wogen	موج زدن؛ موجدار بودن	vogen
Brandung	موج زدن؛ موجدار بودن	brandunk
Chirurg	جراح	hirurk
Chirurgie	جراحی؛ عمل جراحی	hirurgi
Sur	بدمزاج	tsur
Familienname	شهرت؛ ورنام	familinname
überschüssig	اضافات؛ مازاد	uebershuessik
Überraschung	غافلگیری، غافلگیر کردن	ueberrashunk
überraschen	غافلگیری، غافلگیر کردن	ueberrashen
überraschend	غافلگیرکننده	ueberrashend
überraschenderweise	متعجبانه	ueberrashendervaise
überlassen	تسلیم؛ تسلیم شدن	ueberlassen
umgeben	محصور کردن؛ احاطه کردن	umgeben
Erhebung	ممیزی؛ تخطیط	erhebunk
Vermessung	ممیزی؛ تخطیط	vermessunk
Havariekommissar	ممیز؛ مساح	havarikommissar
Überleben	بقا	ueberleben
Überlebender	بازمانده	ueberlebender
empfänglich	مستعد؛ فروگیر	empfenglih
verdächtig	مظنون؛ موردشک	verdehtik
verdächtigen	مظنون؛ موردشک	verdehtigen
Ungewissheit	درحال تعلیق	ungevisshait
Spannung	درحال تعلیق	shpannunk
Aufhebung	معلق؛ تعلیق	aufhebunk
Suspensierung	معلق؛ تعلیق	tsuspensirunk
Argwohn	شک؛ ظن	argvohn
suspiziös	مشکوک؛ ظنین	tsuspitsioes
Mopp	سنبه جراحی	mopp
stolzierender Gang	کبر فروشی؛ خود فروشانهگام زدن	shtoltsirender gank
schlucken	قورت دادن	shluken
Schwalbe	قورت دادن	shvalbe
Sumpf	مرداب؛ لجنزار	tsumpf
protzen	قروغمزه آمدن؛ شیک وبا	protsen
schick	قروغمزه آمدن؛ شیک وبا	shik
schwärmen	هجوم کردن؛ ازدحام کردن	shvermen
dunkelhäutig	گندمگون؛ تیره روی	dunkelhoytik
schwören	سوگند؛ ناسزا	shvoeren
fluchen	سوگند؛ ناسزا	flukhen
Schweden	سوئد	shveden
Schwedisch	سوئدی	shvedish
fegen	روبیدن؛ جاروب کردن	fegen
süß	خوش؛ شیرین	tsuess
Liebchen	نگار؛ محبوبه	libhen
Süße	شیرینی؛ حلاوت	tsuesse
Anmut	شیرینی؛ حلاوت	anmut
schwellen	غلپیدن؛ باد کردن	shvellen
fegte	کج شده	fegte
gefegt	کج شده	gefegt
Schwimmer	شناگر؛ شناکننده	shvimmer
Schwimmerin	شناگر؛ شناکننده	shvimmerin
Schwindel	کلاه برداری	shvindel
Schaukel	تاب؛ نوسان	shaukel
nobel	پیرومد؛ فش فش	nobel
Schweizer	سویسی	shvaitser
schalten	کلید؛ سویچ	shalten
Schweiz	سوئیس؛ سوییس	shvaits
geschwollen	متورم؛ تاخیری	geshvollen
Schwert	شمشیر؛ سیف	shvert
Silbe	هجا؛ سیلاب	tsilbe
Symbiose	زندگی تعاونی	symbiose
Symbol	نماد؛ علامات اختصاری	symbol
Sinnbild	نماد؛ علامات اختصاری	tsinnbild
sinnbildlich	نمادی	tsinnbildlih
symbolisch	نمادی	symbolish
mitfühlend	دلسوز	mitfuehlend
sympathisieren	دلسوزی کردن؛ اظهار تاسف کردن	sympatisiren
Mitgefühl	غمخواری؛ دلسوزی	mitgefuehl
Symptom	علامت	symptom
Synkope	غشی؛ غش دار	synkope
synonym	مرادف؛ مترادف	synonym
syntaktisch	نحوی	syntaktish
Syphilis	سفلیس	syfilis
syrisch	شامی؛ سوریه ای	syrish
Tabelle	میز	tabelle
Tisch	میز	tish
Tabor	دمبک	tabor
schweigsam	کم سخن؛ کم گفتار	shvaigsam
Reißnagel	میخچه؛ پونز زدن	raissnagel
Zwecke	میخچه؛ پونز زدن	tsveke
Flaschenzug	رسیدگی کردن، تکل	flashentsuk
Taktik	جنگ فن؛ جنگ فنی	taktik
taktisch	سوقالجیشی؛ تاکتیکی	taktish
haptisch	لامسه ای	haptish
Etikette	برچسب	etikette
Schwanz	دم؛ ذنب	shvants
Schneider	خیاط؛ درزی	shnaider
besudeln	شایبه؛ آلوده کردن	besudeln
nehmen	گرفتن	nehmen
Begabung	ذوق؛ استعداد	begabunk
Talent	ذوق؛ استعداد	talent
Gespräch	صحبت کردن	gespreh
talkativ	وراج؛ پرگو	talkativ
Talg	پیه مالی کردن	talk
zahm	آموخته؛ رام	tsahm
zähmen	آموخته؛ رام	tsehmen
Tam	دست آموز	tam
Mandarine	نارنگی	mandarine
fühlbar	لمس کردنی	fuehlbar
sich verstricken	گوریده کردن؛ درهم پیچیدن	tsih verstriken
Rapunzel – Neu verföhnt	گوریده؛ ژولیده	rapuntsel – noy verfoehnt
Tank	مخزن؛ حوض	tank
gleichbedeutend	هم کف	glaihbedoytend
leicht anklopfen	ضربه زدن، شیر آب	laiht anklopfen
Wasserhahn	ضربه زدن، شیر آب	vasserhahn
Tonband	نوار؛ باندرل	tonband
Bildwirkerei	ملیله دوزی	bildvirkerai
Teer	قیر زدن؛ قیرمالیدن به	teer
Zolltarif	تعرفه	tsolltarif
abwarten	درنگ کردن	abvarten
Tarsus	خرده پا	tarsus
Zahnstein	تاتار	tsahnstain
Weinstein	تاتار	vainstain
Quaste	منگوله؛ شرابه	kvaste
schmecken	مزه؛ سلیقه	shmeken
Zapfenstreich	خال کوبیدن؛ خال کوبی کردن	tsapfenstraih
Hohn	سرکوفت؛ شماتت کردن	hohn
höhnisch vorwerfen	سرکوفت؛ شماتت کردن	hoehnish vorverfen
Taverne	میکده؛ میخانه	taverne
gelbbraun	گندمی؛ گندمگون	gelbbraun
besteuern	مالیات؛ باج	bestoyern
Besteuerung	مالیاتی؛ مالیات بندی	bestoyerunk
Steuerwesen	مالیاتی؛ مالیات بندی	shtoyervesen
Steuerzahler	مالیات دهنده؛ مالیات پرداز	shtoyertsahler
Tee	چای	tee
lehren	آموزش دادن	lehren
Träne	اشک؛ دریدن	trene
unter Tränen	گریه کنان	unter trenen
technisch	فنی؛ تکنیکی	tehnish
fachlich	فنی؛ تکنیکی	fakhlih
Verfahren	فن؛ تکنیک	verfahren
technologisch	فناورانه	tehnologish
Technologie	تکنولوژی	tehnologi
Verfahrenstechnik	تکنولوژی	verfahrenstehnik
Jugendlicher	نوجوان	yugendliher
Teenagerjahre	نوجوانی	teenageryahre
Jugendliche	نوجوانی	yugendlihe
Telegramm	تلگراف؛ تلگرام	telegramm
telegrafieren	تلگراف؛ تلگراف کردن	telegrafiren
Teleskop	تلکسوپ؛ تلسکپ	teleskop
Fernsehen	تلویزیون	fernsehen
Temerität	تهور	temeritet
Temperament	خلق؛ درست ساختن	temperament
Enthaltsamkeit	اعتدال	entaltsamkait
Mäßigkeit im Alkoholgenuss	اعتدال	messigkait im alkoholgenuss
gemäßigt	معتدل	gemessigt
Temperatur	حرارت؛ دما	temperatur
tempestuös	پرتوپ وتشر	tempestuoes
Tempel	معبد	tempel
diesseitig	شقی؛ فانی	dissaitik
vorübergehend	موقتاً	voruebergehend
auf Zeit spielen	دست بدست کردآن	auf tsait shpilen
versuchen zu verführen	فریفتن؛ اغواکردن	versukhen tsu verfuehren
Versuchung	اغوا؛ وسوسه	versukhunk
zehn	ده	tsehn
haltbar	قابل تصرف؛ قابل مدافعه	haltbar
Tenazität	سرسختی	tenatsitet
Mieter	مستاجر؛ اجاره دار	miter
Pächter	مستاجر؛ اجاره دار	pehter
tendieren	مایل	tendiren
Sehne	تاندون؛ زردپی	tsehne
zehnfach	دهگانه؛ ده چندان	tsehnfakh
Tennessee	تنسی	tennessee
Tennis	تنیس	tennis
Laufzeit	مفهوم؛ مفاد	lauftsait
Verlauf	مفهوم؛ مفاد	verlauf
straff	وخیم شدن؛ زمان فعل	shtraff
dehnbar	کش دار	dehnbar
Zug-	کش دار	tsuk-
Zelt	چادر؛ خیمه	tselt
zehnte	عشر	tsehnte
lauwarm	ولرم؛ نیمگرم	lauvarm
lau	ولرم؛ نیمگرم	lau
Semester	اصطلاح؛ دوره؛ شرط	tsemester
Endstation	پایانه	endstation
beendigen	فسخکردن؛ سپری کردن	beendigen
Beendigung	ختم؛ ختام	beendigunk
Kündigung	ختم؛ ختام	kuendigunk
Bedingungen	شرایط، اصطلاحات	bedingungen
Terrasse	تختان؛ تراس	terrasse
Relief	نوع زمین؛ عوارض زمین	relif
auf schreckliche Art und Weise	به طرز وحشتناکی	auf shreklihe art und vaise
fürchterlich	فوق العاده	fuerhterlih
in Schrecken versetzen	ترساندن	in shreken versetsen
gebietsmäßig	زمینی؛ ارضی	gebitsmessik
Terror	وحشت	terror
Terrorismus	تروریسم	terrorismus
Terrorist	تروریست	terrorist
Terroristin	تروریست	terroristin
kurz angebunden	مختصر ومفید	kurts angebunden
Tertiär	قسمت سوم	tertier
Test	آزمون، آزمون گرفتن	test
Testament	عهد؛ وصیت	testament
Hoden	تخم؛ بیضه	hoden
bezeugen	شهادت دادن؛ گواهی دادن	betsoygen
Personenbeweis	شهادت	personenbevais
teutonisch	توتنی	toytonish
Texas	تکزاس؛ تگزاس	teksas
Text	متن	tekst
Lehrbuch	متن	lehrbukh
Textilie	بافته؛ بافتنی	tekstili
Textur	بافت؛ تاروپود	tekstur
als	از (در مقایسه)	als
danken	تشکر کردن	danken
Danksagung	شکرگزاری	danksagunk
dass	که، آن	dass
jener	که، آن	yener
Reet	کاه پوش کردن؛ کاه اندود کردن	reet
mit Stroh decken	کاه پوش کردن؛ کاه اندود کردن	mit shtroh deken
Tauwetter	آب کردن؛ آب شدن	tauvetter
auftauen	آب کردن؛ آب شدن	auftauen
der	حرف تعریف معین	der
die	حرف تعریف معین	di
Theater	تئاتر؛ تماشا خانه	teater
Schauspielhaus	تئاتر؛ تماشا خانه	shauspilhaus
dich	تورا	dih
dir	تورا	dir
Diebstahl	سرقت	dibstahl
ihre	مال آنها	ihre
ihnen	آنها (مفعول)	ihnen
damals	سپس	damals
dann	سپس	dann
theologisch	لدنی	teologish
Theologie	الاهیات؛ علمالادیان	teologi
Theoretiker	نگرشگر	teoretiker
Theorie	فرضیه؛ نگره	teori
therapeutisch	معالج	terapoytish
Therapie	درمان شناسی	terapi
Heilmittelkunde	درمان شناسی	hailmittelkunde
Heiler	درمانگر	hailer
Therapeut	درمانگر	terapoyt
dort	آنجا	dort
Thermik	گرمایی	termik
Thermometer	درجه؛ گرمانما	termometer
diese hier	این‌ها	dise hir
Diplomarbeit	پایان‌نامه	diplomarbait
copse	کنام؛ شاخسار	kopse
Dickicht	کنام؛ شاخسار	dikiht
Dicke	غلظت؛ قطر	dike
Dieb	دزد؛ ربا	dib
Oberschenkel	ران	obershenkel
Fingerhut	انگشتانه	fingerhut
dein	مال تو	dain
Ding	چیز	dink
Denker	فکور؛ متفکر	denker
dritte	سوم	dritte
Durst	عطش؛ تشنگی	durst
durstig	تشنه	durstik
dreizehn	سیزده	draitsehn
dreißig	سی	draissik
dieser hier	این	diser hir
dorthin	به آنطرف؛ به آنجا	dortin
thorakisch	صدری	torakish
Thorax	قفسه سینه	toraks
Dorn	خار؛ سرتیز	dorn
gründlich	کامل	gruendlih
Verkehrsweg	شارع عام	verkehrsvek
jene	آن‌ها؛ کسانی	yene
gedankenlos	بی فکر؛ بی خیال	gedankenlos
tausend	هزار	tausend
tausendste	یک هزار	tausendste
Faden	نخ؛ نخ کردن	faden
fädeln	نخ؛ نخ کردن	fedeln
drohen	تهدید کننده؛ تهدید آمیز	drohen
drei	سه	drai
dreifach	ثلاثی؛ ثلاث	draifakh
dreschen	خرمن کوبی کردن	dreshen
Reizschwelle	آستانه؛ درگاه	raitsshvelle
dreimal	سه مرتبه؛ سه دفعه	draimal
durchschauern	هیجان؛ بهیجان آوردن	durhshauern
durchschütteln	هیجان؛ بهیجان آوردن	durhshuetteln
pochen	طپیدن؛ تپش داشتن	pokhen
Thron	مسند؛ اورنگ	tron
durch	از طریق	durh
Wurf	انداختن؛ افکندن	vurf
Stoß	فشار؛ تپاندن	shtoss
dumpfer Schlag	هف هف	dumpfer shlak
dumpf aufschlagen	هف هف	dumpf aufshlagen
Daumen	انگشت شست	daumen
Donner	رعد؛ تندر	donner
donnern	رعد؛ تندر	donnern
Donnerstag	پنجشنبه	donnerstak
durchkreuzen	عقیم گذاردن	durhkroytsen
Schienbein	درشت نی	shinbain
ticken	کنه	tiken
Kontrollzeichen	کنه	kontrolltsaihen
Eintrittskarte	بلیط	aintrittskarte
Fahrkarte	بلیط	fahrkarte
kitzeln	غلغلک؛ غلغلک دادن	kitseln
Gezeitenströmung	خیزآب؛ کشند داشتن	getsaitenstroemunk
knüpfen	بستن؛ گره	knuepfen
Kravatte	بستن؛ گره	kravatte
Tiger	ببر	tiger
eng anliegend	تنگ؛ محکم	enk anligend
festziehen	تنگ کردن؛ سفت کردن	festsihen
Keramikfliese	کاشی	keramikflise
bis	تا؛ صندوق پول	bis
Bodenbearbeitung	کشت وزرع	bodenbearbaitunk
Pinne	اهرم سکانکشتی	pinne
Nutzholz	صدای خشک؛ صدای زنگ	nutsholts
Zeit	زمان	tsait
Fahrplan	صورت اوقات	fahrplan
Stundenplan	صورت اوقات	shtundenplan
gute zeitliche Koordinierung	زمان‌بندی	gute tsaitlihe koordinirunk
Wahl des richtigen Zeitpunkts	زمان‌بندی	vahl des rihtigen tsaitpunkts
Konservendose	قلع؛ حلب	konservendose
Tinktur	تنتور	tinktur
Zunder	فتیله فندک	tsunder
tönen	سایه رنگ؛ کمی رنگ زدن	toenen
färben	سایه رنگ؛ کمی رنگ زدن	ferben
Prickeln	سوزش کردن	prikeln
Zittern	سوزش کردن	tsittern
Kesselflicker	بندزدن؛ سرهم بندی	kesselfliker
Lametta	پولک؛ نقده	lametta
beschwipst	لول؛ شنگول	beshvipst
Zehenspitze	تیپا؛ نوک پنجه	tsehenspitse
auf Zehenspitzen gehen	تیپا؛ نوک پنجه	auf tsehenspitsen gehen
ermüden	لاستیک؛ تایر	ermueden
müde	خسته	muede
Müdigkeit	خستگی	muedigkait
unermüdet	نافرسودنی؛ بی لاستیک	unermuedet
ermüdend	خستهکننده؛ طاقت فرسا	ermuedend
Meise	دختریازن؛ نوک پستان	maise
Titte	دختریازن؛ نوک پستان	titte
Anrecht	عنوان	anreht
Titel	عنوان	titel
Tüpfelchen	همزه	tuepfelhen
Trinkspruch	برشته کردن؛ برشته شدن	trinksprukh
Tabak	توتون؛ تنباکو	tabak
heute	امروز	hoyte
Zehe	انگشت پا؛ شست پا	tsehe
zusammen	با هم	tsusammen
schuften	مشقت کشیدن؛ محصول رنج	shuften
sich plagen	مشقت کشیدن؛ محصول رنج	tsih plagen
Toilette	توالت	toilette
erträglich	قابل تحمل؛ تحمل پذیر	ertreglih
tolerierbar	قابل تحمل؛ تحمل پذیر	tolerirbar
duldsam	صبور؛ شکیبا	duldsam
tolerieren	تحمل کردن؛ بردباری کردن	toleriren
Toleranz	مدارا؛ آزادمنشی	tolerants
Tomate	گوجه فرنگی	tomate
Grabmal	گور؛ قبر	grabmal
morgen	فردا	morgen
Tonne	تن	tonne
Farbton	لحن؛ آهنگ	farbton
Grillzange	انبر	grilltsange
Zunge	زبان؛ لسان	tsunge
heute abend	امشب	hoyte abend
Tonnage	تن شماری؛ بر حسب شماره تن	tonnage
Tonsille	بادامک؛ لوزه	tonsille
allzu	هم، خیلی	alltsu
Zahn	دندان	tsahn
Die Zahnfee	بی دندان؛ بدون دندانه	di tsahnfee
Oberteil	بالا؛ راس	obertail
Gesprächsthema	موضوع	gesprehstema
Fackel	مشعل؛ مشعلدار کردن	fakel
zerriss	علف بلند؛ گچ بری	tserriss
Pein	آزار؛ عذاب	pain
zerrissen	دریده؛ گسیخته	tserrissen
Tornado	گردباد	tornado
Regenguss	سیل وار؛ جریان شدید	regenguss
Wolkenbruch	سیل وار؛ جریان شدید	volkenbrukh
Landschildkröten	سنگ پشت؛ لاک پشت	lanyildkroeten
Folter	آزار؛ عذاب	folter
foltern	آزار؛ عذاب	foltern
emporwerfen	متلاطم شدن؛ لول زدن	emporverfen
wackeln	تاتی	vakeln
berühren	مس؛ لامسه	beruehren
Berührung	مس؛ لامسه	beruehrunk
zäh	صعب؛ شلاق خور	tseh
Rundreise	گشت کردن؛ سیاحت کردن	rundraise
Tourismus	سیاحت؛ جهانگردی	tourismus
Reisender	توریست	raisender
Turnierform	تورنمنت	turnirform
Stauschlauch	شریان بند	shtaushlauh
Werg	بکسل کردن؛ هر دوتا	verk
Handtuch	لنگ؛ حوله	handtukh
Turm	برج	turm
Toxin	زهر؛ زهرابه	toksin
Spielzeug	بازیچه؛ لعبت	shpiltsoyk
Spur	ردگیری کردن	shpur
Luftröhren-	نای مانند	luftroehren-
die Spur verfolgen	ردیابی کردن؛ رد پا گرفتن	di shpur verfolgen
Fußspur	ردیابی کردن؛ رد پا گرفتن	fussspur
traktabel	سربراه؛ سست مهار	traktabel
Gewerbe	تجارت؛ دادوستد	geverbe
Handel treibend	تجارت	handel traibend
Gewohnheit	رسم؛ سنت	gevohnhait
überliefert	سنتی؛ عرفی	ueberlifert
herkömmlich	سنتی؛ عرفی	herkoemmlih
Tragödie	تراژدی	tragoedi
tragisch	غم‌انگیز	tragish
Schleppe	دنباله داشتن؛ طفیلی بودن	shleppe
Vorschau	تریلی	vorshau
Trailer	تریلی	trailer
ausbilden	قطار، آموزش دادن	ausbilden
trainieren	قطار، آموزش دادن	trainiren
Volontär	کارآموز؛ فرهیختگر	volonter
Training	تربیت؛ آموزش	trainink
Ausbildung	تربیت؛ آموزش	ausbildunk
Verräter	غادر؛ غدار	verreter
Verräterin	غادر؛ غدار	verreterin
umherstreichen	صدای پا؛ آسمان جل	umherstraihen
trampeln	پامال کردن؛ پایمال کردن	trampeln
Tranquilität	آسایش؛ سکون	trankvilitet
ein Geschäft tätigen	دادوستد کردآن؛ داد وستد کردن	ain gesheft tetigen
umschlagen	دادوستد کردآن؛ داد وستد کردن	umshlagen
Rechtsgeschäft	معامله؛ سودا	rehtsgesheft
transkribieren	نسخه بر داشتن	transkribiren
Übersetzer	آوانویس	uebersetser
Übersetzerin	آوانویس	uebersetserin
Transkription	استنساخ؛ رونویسی	transkription
Übertragung	انتقال؛ واکهداشتن	uebertragunk
transformieren	استحاله یافتن؛ تغییر شکل دادن	transformiren
Transformation	تبدیل؛ دگرگونی	transformation
Transformator	مقلب؛ ترانسفورماتور	transformator
Transfusion	تزریق؛ نقل وانتقال	transfusion
Bluttransfusion	تزریق؛ نقل وانتقال	bluttransfusion
vergänglich	گذرا؛ سپنج	vergenglih
Theodolit	گزر؛ ترانزیت	teodolit
Transit	عاجل؛ سپنج	transit
übersetzen	ترجمه کردن	uebersetsen
translukent	فراتاب	translukent
Übersendung	ارسال؛ مخابره	uebersendunk
übersenden	انتقال دادن	uebersenden
durchsichtig	شفاف	durhsihtik
transparent	شفاف	transparent
verpflanzen	پیوند کردن؛ پیوند زدن	verpflantsen
umpflanzen	پیوند کردن؛ پیوند زدن	umpflantsen
Transplantation	پیوند؛ نشاکاری	transplantation
Falle	تله	falle
in einer Falle fangen	تله	in ainer falle fangen
Plunder	آشغال؛ خاکروبه	plunder
Trauma	جراحت؛ اثر ضربت	trauma
traumatisch	ضربهای؛ جراحتی	traumatish
reisen	سفر، سفر کردن	raisen
verräterisch	غادر؛ خیانت کار	verreterish
Laufband	چرخ عصارخانه	laufband
Landesverrat	خیانت؛ غداری	landesverrat
Schatz	گنج	shats
Schatzmeister	خازن؛ گنجور	shatsmaister
Schatzamt	گنجینه؛ گنجوری	shatsamt
Vertrag zwischen Regierungen	پیمان؛ معاهده	vertrak tsvishen regirungen
Sopran	صدای زیر؛ سه برابر	tsopran
Baum	درخت	baum
tremendös	فاحش	tremendoes
Tremor	جنبش؛ تکان	tremor
zitternd	لرزش دار	tsitternd
bebend	لرزش دار	bebend
Beklommenheit	بیم وهراس	beklommenhait
Strafprozess	محاکمه؛ دادرسی	shtrafprotsess
Dreieck	مثلث؛ سه گوش	draiek
trilateral	مثلثی؛ سهگوشی	trilateral
dreieckig	مثلثی؛ سهگوشی	draiekik
Volksstamm	قبیله	volksstamm
Tribunal	دیوان محاکمات	tribunal
Nebenfluss	ذمی؛ خراجگزار	nebenfluss
Tribut	جزیه	tribut
Kleinigkeit	سرسری گرفتن؛ کم بها	klainigkait
Dreifaltigkeit	تثلیث؛ سهگانگی	draifaltigkait
dreiteilig	سه طرفه؛ سه جزئی	draitailik
dreigliedrig	سه طرفه؛ سه جزئی	draiglidrik
verdreifachen	ثلاثه؛ سهگانه	verdraifakhen
triumphieren	پیروزی؛ ضفر یافتن	triumfiren
Triumph	پیروزی؛ ضفر یافتن	triumf
trivial	تخمی؛ جزئی	trivial
getreten	پامال	getreten
Straßenbahn	واگن برقی؛ اتومبیلبارکش کوتاه	shtrassenbahn
S-bahn	واگن برقی؛ اتومبیلبارکش کوتاه	s-bahn
Trophäe	نشان ظفر	trofee
Trope	گرمسیری؛ گرمسیر	trope
trotten	یورتمه؛ یورتمه رفتن	trotten
Mühe	زحمت؛ گرفتاری	muehe
in Schwierigkeiten gebracht	پریشان؛ رنجه	in shvirigkaiten gebrakht
Talsohle der Rezession	سنگاب	talsohle der retsession
Tiefstpunkt	سنگاب	tifstpunkt
Forellen	قزل آلا؛ ماهی قزل آلا	forellen
Maurerkelle	ماله؛ ماله کشیدن	maurerkelle
Waffenruhe	متارکه جنگ	vaffenruhe
wahr	درست	vahr
Rumpf	تنه؛ خرطوم	rumpf
Fachwerk	خرپا؛ پایه زدن	fakhverk
Treuhänder	امانت دار	troyhender
vertrauenswürdig	موثق؛ معتمد	vertrauensvuerdik
Vertrauter	قابل اعتماد؛ اطمینان بخش	vertrauter
Wahrheit	اصل؛ حقیقت	vahrhait
wahrhaftig	صادق؛ صدیق	vahrhaftik
Tsunami	سونامی	tsunami
Badewanne	لگن؛ طشت	badevanne
Bottich	لگن؛ طشت	bottih
Schlauch	تیوب	shlauh
Tuberkulose	سل	tuberkulose
röhrenförmig	لولهای	roehrenfoermik
Dienstag	سه‌شنبه	dinstak
Grasbüschel	منگوله؛ شرابه	grasbueshel
Tumor	ورم؛ غده	tumor
tumultartig	پر آشوب؛ بهم ریخته	tumultartik
wirr	پر آشوب؛ بهم ریخته	virr
einstimmen	آهنگ؛ لحن	ainstimmen
Tunnel	نقب؛ زیرنقب	tunnel
trüb	کدر؛ درهم وبرهم	trueb
Turbine	توربین	turbine
Türkei	عثمانی؛ بوقلمون	tuerkai
Truthahn	عثمانی؛ بوقلمون	trutahn
türkisch	ترک؛ عثمانی	tuerkish
Türkisch	ترک؛ عثمانی	tuerkish
Drechsler	برگردان؛ چرخنده	drehsler
Schildkröten	سنگ پشت؛ لاک پشت	shildkroeten
Tutor	لله؛ معلمی کردن	tutor
Hauslehrer	لله؛ معلمی کردن	hauslehrer
Fernseher	تلویزیون	fernseher
Fernsehapparat	تلویزیون	fernsehapparat
Tweed	نوعی فاستونی	tveed
zwölf	دوازده	tsvoelf
zwanzigste	بیستم؛ بیستمین	tsvantsigste
zwanzig	بیست	tsvantsik
zweimal	دو بار	tsvaimal
Zwillinge	دوقلو؛ همزاد	tsvillinge
zwei	دو	tsvai
tippen auf der Maschine	نوع	tippen auf der mashine
ubiquitös	همه‌جا حاضر؛ فراگیر	ubikvitoes
hässlich	زشت	hesslih
Geschwür	زخم؛ زخم گوارشی	geshvuer
Ulcus	زخم؛ زخم گوارشی	ulkus
letztendlich	نهایی	letstendlih
Regenschirm	چتر	regenshirm
außerstande	ناتوان؛ قادر نبودن	ausserstande
nicht annehmbar	غیرقابل قبول	niht annehmbar
unannehmbar	غیرقابل قبول	unannehmbar
nicht bemerkend	بی‌خبر؛ ناآگاه	niht bemerkend
unbelievabel	باورنکردنی	unbelivabel
ungewiß	نامطمئن؛ نامشخص	ungeviss
Ungewißheit	عدم قطعیت	ungevisshait
Onkel	عمو، دایی	onkel
durchmachen	متحمل شدن	durhmakhen
sich unterziehen	متحمل شدن	tsih untertsihen
U-Bahn	زیرزمینی	u-bahn
unterstreichen	زیرخط کشیدن؛ تأکید کردن	unterstraihen
darunter	زیر؛ در زیر	darunter
verstehen	فهمیدن	verstehen
sich verpflichten	بر عهده گرفتن	tsih verpflihten
aufmachen	بازگرداندن؛ خنثی کردن	aufmakhen
unlauter	ناعادلانه	unlauter
unglücklich	بدشانس	unglueklih
einheitlich	لباس فرم؛ یکنواخت	ainhaitlih
gleichförmig	لباس فرم؛ یکنواخت	glaihfoermik
einmalig	منحصربه‌فرد	ainmalik
einzigartig	منحصربه‌فرد	aintsigartik
Einigkeit	وحدت	ainigkait
universell	جهانی	universell
Weltall	جهان؛ کیهان	veltall
Universität	دانشگاه	universitaet
unbekannt	ناشناخته	unbekannt
ausladen	خالی کردن بار	ausladen
entladen	خالی کردن بار	entladen
aufschließen	باز کردن قفل	aufshlissen
unbezahlt	پرداخت‌نشده؛ بدون حقوق	unbetsahlt
herausziehen	از برق کشیدن	heraustsihen
hinauf	بالا	hinauf
droben	بالا	droben
auf den neuesten Stand bringen	به‌روزرسانی؛ به‌روز کردن	auf den noyesten shtand bringen
auf den neusten Stand bringen	به‌روزرسانی؛ به‌روز کردن	auf den noysten shtand bringen
hochladen	بارگذاری	hokhladen
oberer	بالایی	oberer
kippte um	ناراحت؛ برهم زدن	kippte um
umgekippt	ناراحت؛ برهم زدن	umgekippt
die Treppe hinauf	طبقه بالا	di treppe hinauf
städtisch	شهری	shtedtish
drängen	ترغیب کردن؛ میل شدید	drengen
dringend	فوری	dringend
Gepflogenheit	کاربرد	gepflogenhait
Gebrauch	استفاده کردن، استفاده	gebrauh
benutzen	استفاده کردن، استفاده	benutsen
nützlich	مفید	nuetslih
nutzlos	بی‌فایده	nutslos
üblicherweise	معمولاً	ueblihervaise
Impfstoff	واکسن	impfstoff
Vakuum	خلأ؛ جاروبرقی	vakuum
gültig	معتبر	gueltik
Tal	دره	tal
Wert	ارزش؛ ارزش‌گذاری کردن	vert
Lieferwagen	ون؛ خودرو باری کوچک	lifervagen
geschlossener LKW	ون؛ خودرو باری کوچک	geshlossener lkv
variabel	متغیر	variabel
veränderlich	متغیر	verenderlih
Variante	تنوع	variante
Variation	تنوع	variation
Abwechslung	تنوع؛ گوناگونی	abvehslunk
Gemüse	سبزیجات	gemuese
Veranstaltungsort	محل برگزاری	veranstaltungsort
die Richtigkeit überprüfen	تأیید کردن؛ راستی‌آزمایی کردن	di rihtigkait ueberpruefen
Vertikale	عمودی	vertikale
sehr	خیلی	tsehr
Veteran	کهنه‌سرباز؛ باتجربه	veteran
pulsierend	پرانرژی؛ درخشان	pulsirend
Sieg	پیروزی	sik
Video	ویدئو	video
Aussicht	دیدگاه؛ منظره؛ مشاهده کردن	aussiht
Blickpunkt	دیدگاه	blikpunkt
Dorf	روستا	dorf
Gewalttätigkeit	خشونت	gevalttetigkait
gewalttätig	خشونت‌آمیز	gevalttetik
virtuell	مجازی	virtuell
Viren	ویروس	viren
Visum	ویزا	visum
sichtbar	قابل مشاهده	tsihtbar
Sicht	بینایی؛ چشم‌انداز	tsiht
besuchen	بازدید، بازدید کردن	besukhen
Besucher	بازدیدکننده	besukher
lebenswichtig	حیاتی؛ ضروری	lebensvihtik
lebensnotwendig	حیاتی؛ ضروری	lebensnotvendik
Vitamin	ویتامین	vitamin
Stimme	صدا؛ بیان کردن	shtimme
Volumen	حجم؛ جلد؛ بلندی صدا	volumen
Freiwilliger	داوطلب؛ داوطلب شدن	fraivilliger
sich freiwillig melden	داوطلب؛ داوطلب شدن	tsih fraivillik melden
abstimmen	رأی؛ رأی دادن	abstimmen
Selbstlaut	حرف صدادار	tselbstlaut
Seereise	سفر دریایی	tseeraise
verletzbar	آسیب‌پذیر	verletsbar
Lohn	دستمزد	lohn
Arbeitsentgelt	دستمزد	arbaitsentgelt
Wagen	واگن؛ گاری	vagen
Taille	کمر	taille
warten	منتظر ماندن	varten
Kellner	پیشخدمت (مرد)	kellner
Kielwasser	بیدار شدن	kilvasser
Erdwall	دیوار	erdvall
Mauer	دیوار	mauer
umherwandern	سرگردان شدن	umhervandern
wollen	خواستن	vollen
Krieg	جنگ	krik
warm	گرم	varm
wärmen	گرم	vermen
Erwärmung	گرمایش	ervermunk
wärmend	گرمایش	vermend
waschen	شستن	vashen
sich waschen	شستن	tsih vashen
Armbanduhr	تماشا کردن، ساعت مچی	armbanduhr
wachen	تماشا کردن، ساعت مچی	vakhen
Wasser	آب	vasser
Welle	موج؛ دست تکان دادن	velle
winken	موج؛ دست تکان دادن	vinken
wir	ما	vir
Reichtum	ثروت	raihtum
Waffe	سلاح	vaffe
Abnutzung	پوشیدن	abnutsunk
Wetter	آب و هوا	vetter
Webseite	وب‌سایت	vebsaite
Website	وب‌سایت	vebsite
Hochzeit	عروسی	hokhtsait
Mittwoch	چهارشنبه	mittvokh
Woche	هفته	vokhe
Wochenende	آخر هفته	vokhenende
wöchentlich	هفتگی	voehentlih
willkommen	خوش آمدید، پذیرایی کردن	villkommen
willkommen heißen	خوش آمدید، پذیرایی کردن	villkommen haissen
Wohlergehen	رفاه	vohlergehen
Wohlfahrt	رفاه	vohlfahrt
Westen	غرب	vesten
nass	خیس	nass
nass machen	خیس	nass makhen
Wal	نهنگ	val
was	چه، چه چیزی	vas
was für ein	چه، چه چیزی	vas fuer ain
Weizen	گندم	vaitsen
Rad	چرخ	rad
wann	چه زمانی	vann
wo	کجا	vo
wohin	کجا	vohin
welcher	کدام	velher
Weile	درحالی‌که؛ مدتی	vaile
flüstern	نجوا کردن	fluestern
Pfeife	سوت؛ سوت زدن	pfaife
weiß	سفید	vaiss
wer	چه کسی	ver
wer auch immer	هر که	ver auh immer
Ganze	تمام؛ کامل	gantse
ganzer	تمام؛ کامل	gantser
warum	چرا	varum
Ehefrau	همسر (زن)	ehefrau
barbarisch	وحشی	barbarish
Tierwelt	حیات وحش	tirvelt
Fauna	حیات وحش	fauna
werde	فعل کمکی آینده	verde
gewillt	مایل	gevillt
hochziehen	باد؛ پیچیدن	hokhtsihen
hissen	باد؛ پیچیدن	hissen
Fenster	پنجره	fenster
Wein	شراب	vain
Flügel	بال	fluegel
Siegerin	برنده	sigerin
Winter	زمستان	vinter
Winterzeit	زمستان	vintertsait
Draht	سیم	draht
Weisheit	خرد	vaishait
Wunsch	آرزو؛ آرزو کردن	vunsh
abheben	عقب‌نشینی کردن	abheben
Zeuge	شاهد؛ شهادت دادن	tsoyge
sich fragen	شگفتی؛ تعجب کردن	tsih fragen
Holz	چوب	holts
Wolle	پشم	volle
Wort	کلمه	vort
arbeiten	کار، کار کردن	arbaiten
funktionieren	کار، کار کردن	funktioniren
Arbeiter	کارگر	arbaiter
Arbeiterschaft	نیروی کار	arbaitershaft
Arbeitsplatz	محل کار	arbaitsplats
Werkstatt	کارگاه	verkstatt
Welt	جهان	velt
Wurm	کرم	vurm
sich Sorgen machen	نگران شدن؛ نگرانی	tsih tsorgen makhen
würde	فعل کمکی	vuerde
würdest	فعل کمکی	vuerdest
gewickelt	زخم؛ زخمی کردن	gevikelt
verwunden	زخم؛ زخمی کردن	vervunden
einwickeln	پیچیدن؛ بسته‌بندی کردن	ainvikeln
Handgelenk	مچ دست	handgelenk
schreiben	نوشتن	shraiben
Schriftsteller	نویسنده	shriftsteller
Xenon	زنون	ksenon
XENON Dark Matter Project	زنون	ksenon dark matter proyekt
Fremdenfeindlichkeit	بیگانه‌هراسی	fremdenfaindlihkait
xenophobisch	بیگانه‌هراس	ksenofobish
Xerox	فتوکپی؛ کپی کردن	kseroks
schnelldrucken	فتوکپی؛ کپی کردن	shnelldruken
Röntgenaufnahme	پرتو ایکس؛ عکس رادیولوژی	roentgenaufnahme
Xylem	آوند چوبی	ksylem
Holzteil	آوند چوبی	holtstail
Xylole	زایلین	ksylole
Xylitol	زایلیتول	ksylitol
Xylophon	زیلوفون	ksylofon
Jacht	قایق تفریحی	yakht
Yard	حیاط؛ یارد	yard
Garn	نخ؛ داستان	garn
Gähnen	خمیازه؛ خمیازه کشیدن	gehnen
ja	بله (غیر رسمی)	ya
Jahr	سال	yahr
Jahrbuch	سالنامه	yahrbukh
ganzjährig	یک‌ساله؛ سراسر سال	gantsyehrik
einjährig	یک‌ساله؛ سراسر سال	ainyehrik
Hefe	مخمر	hefe
gellen	فریاد زدن	gellen
gelb	زرد	gelb
gelblich	مایل به زرد	gelblih
gestern	دیروز	gestern
schon	هنوز؛ بااین‌حال	shon
Ertrag	بازده؛ تسلیم شدن	ertrak
Gewinn abwerfen	بازده؛ تسلیم شدن	gevinn abverfen
Yoga	یوگا	yoga
Joghurt	ماست	yoghurt
dort drüben	آن‌سو	dort drueben
du	شما، تو	du
jung	جوان	yunk
euer	مال شما/تو	oyer
du selbst	خودت، خودتان	du tselbst
Sie selbst	خودت، خودتان	si tselbst
junger Mann	جوانی؛ جوانان	yunger mann
lecker	خوشمزه	leker
köstlich	خوشمزه	koestlih
zappen	ضربه ناگهانی؛ نابود کردن	tsappen
ausschalten	ضربه ناگهانی؛ نابود کردن	ausshalten
Eifer	اشتیاق؛ شور	aifer
Zebra	گورخر	tsebra
Zenit	اوج	tsenit
Scheitel	اوج	shaitel
null	صفر	null
Null	صفر	null
Würze	شور و شوق؛ پوست رنده‌شده مرکبات	vuertse
Zickzack	زیگزاگ	tsiktsak
Zink	روی	tsink
Reißverschluss	زیپ؛ فشرده‌سازی کردن	raissvershluss
Reißverschluß	زیپ	raissvershluss
Zirkon	زیرکن	tsirkon
Zirkonium	زیرکونیوم	tsirkonium
Tierkreis	منطقه‌البروج؛ برج‌های فلکی	tirkrais
Zombie	زامبی	tsombi
zonal	منطقه‌ای	tsonal
auf die Zone bezogen	منطقه‌ای	auf di tsone betsogen
Zone	منطقه؛ ناحیه	tsone
Zonierung	منطقه‌بندی	tsonirunk
Zoo	باغ‌وحش	tsoo
Tierpark	باغ‌وحش	tirpark
zoologisch	جانورشناختی	tsoologish
Zoologe	جانورشناس	tsoologe
Zoologie	جانورشناسی	tsoologi
Zoom	بزرگ‌نمایی؛ زوم کردن	tsoom
zoonotisch	مشترک میان انسان و حیوان	tsoonotish
Zucchini	کدو سبز	tsukhini
Zucchetti	کدو سبز	tsukhetti
Zygote	زیگوت؛ سلول تخم	tsygote
