un	یک (حرف تعریف نامعین)	un
une	یک (حرف تعریف نامعین)	un
abaque	چرتکه	abak
boulier	چرتکه	bulue
abandonner	رها کردن؛ ترک کردن	abandone
délaisser	رها کردن؛ ترک کردن	delese
abandon	ترک؛ رهاسازی	abandon
délaissement	ترک؛ رهاسازی	delesman
réduction	کاهش؛ فروکش	reduksuon
diminution	کاهش؛ فروکش	diminusuon
abbaye	خانقاه	abau
alphabet	الفبا؛ مبانی اولیه	alfabe
rudiments	الفبا؛ مبانی اولیه	rudiman
abdiquer	کناره‌گیری کردن؛ واگذار کردن	abdike
cavité abdominale	شکم؛ بطن	kavite abdominal
ventre	شکم؛ بطن	vantr
abdominal	شکمی؛ بطنی	abdominal
abdo	شکمی؛ بطنی	abdo
ravir	ربودن	ravir
enlever	ربودن	anlve
abducteur	آدمدزد؛ آدمربا	abduktoer
abducteuse	آدمدزد؛ آدمربا	abdukteuz
vacant	بی تکلیفی	vakan
vacance	بی تکلیفی	vakans
continuel	وفا کننده	kontinuel
sempiternel	وفا کننده	sanpiternel
capacité	توانایی	kapasite
aptitude	توانایی	aptitud
abjecte	خوار و زار	abzhekt
méprisable	خوار و زار	meprizabl
embrasé	افروخته	anbraze
en flammes	افروخته	an flam
capable	قادر	kapabl
abnégation	کف نفس	abnegasuon
anormal	غیر عادی	anormal
hors norme	غیر عادی	or norm
anomalie	نابههنجاری	anomali
anormalité	نابههنجاری	anormalite
demeure	بودباش	demoer
domicile	بودباش	domisil
abolir	لغو کردن	abolir
supprimer	لغو کردن	suprime
abolissement	نسخ؛ برانداختگی	abolisman
abrogation	نسخ؛ برانداختگی	abrogasuon
terrible	مکروه	teribl
horrible	مکروه	oribl
abomination	عمل شنیع	abominasuon
échouer	سقط کردن؛ ریشه نکردن	eshue
s'arrêter	سقط کردن؛ ریشه نکردن	sarete
IVG	سقط جنین	ivg
avortement	سقط جنین	avorteman
abortif	عقیم	abortif
foisonner	زیاد بودن؛ وفور داشتن	fwazone
abonder	زیاد بودن؛ وفور داشتن	abonde
au sujet de	درباره، حدوداً	o suzhe de-
environ	درباره، حدوداً	anviron
au-dessus de	بالای، بالاتر	odesu de-
Abraham	ابراهیم؛ ابراهیم پیامبر	abraam
abrasion	خراش؛ سیش	abrazuon
abrégée	مجمل؛ تلخیص شده	abrezhe
à l'étranger	خارج از کشور	a letranzhe
brusque	تند؛ ناگهان	brusk
precipité	تند؛ ناگهان	presipite
abruptement	بی مقدمه	abruptman
tout d'un coup	بی مقدمه	tu dun ku
abcès	آبسه	abse
abcéder	آبسه	absede
absence	غیبت	absans
absent	غایب	absan
s'absenter	غایب	sabsante
absolu	مطلق؛ محض	absolu
absolument	مطلقا؛ مطلقاً	absoluman
absorber	جذب کردن	absorbe
éponger	جذب کردن	eponzhe
absorbant	جاذب؛ نشاف	absorban
absorption	جذب؛ انجذاب	absorpsuon
s'abstenir	نکول کردن؛ خودداری کردن	sabstnir
abstinence	نکول	abstinans
abstention	نکول	abstansuon
abstrait	انتزاعی	abstre
résumé	انتزاعی	rezume
abstraction	انتزاع؛ تجرید	abstraksuon
abstrus	غامض؛ مغلق	abstru
absurde	پوچ	absurd
abondance	فراوانی	abondans
abondant	انبوه؛ وافر	abondan
abondamment	بفراوانی	abondaman
abus	سوء استفاده	abu
maltraiter	سوء استفاده	maltrete
abîme	مغاک؛ حضیض	abim
abysse	مغاک؛ حضیض	abis
acacia	اقاقیا	akasua
scolaire	تحصیلی؛ آکادمیک	skoler
académique	تحصیلی؛ آکادمیک	akademik
académie	آکادمی	akademi
accélérer	تسریع کردن	akselere
dialecte	لهجه	dualekt
patois	لهجه	patwa
accepter	پذیرفتن	aksepte
acceptable	پذیرفتنی؛ موجه	akseptabl
acceptation	پذیرش	akseptasuon
accès	دسترسی؛ دستیابی	akse
accéder	دسترسی؛ دستیابی	aksede
accessible	قابل دسترس	aksesibl
accession	جلوس؛ جلوس کردن	aksesuon
accessoire	هم دست	akseswar
accident	تصادف	aksidan
accidentel	عرضی؛ تصادفی	aksidantel
accidentellement	تصادفی	aksidantelman
acclamation	احسنت	aklamasuon
accommoder	جا دادن	akomode
accompagnement	دم گیری	akonpanue-man
accompagner	توام کردن؛ بدرقه کردن	akonpanue
complice	دستیار؛ همداستان	konplis
accomplir	انجام دادن	akonplir
accomplissement	دستاورد	akonplisman
entente	طیب خاطر	antant
accorder	طیب خاطر	akorde
accordance	مطابقت	akordans
en conséquence	بر این اساس	an konsekans
selon	طبق، بر اساس	selon
d'après	طبق، بر اساس	dapre
compte	حساب؛ گزارش	kont
récit	حساب؛ گزارش	resi
responsabilité	مسئولیت‌پذیری	responsabilite
engagement responsable	مسئولیت‌پذیری	angazhman responsabl
expliquable	مسئول	eksplikabl
responsable	مسئول	responsabl
comptable	حسابدار	kontabl
expert-comptable	حسابدار	eksperkontabl
comptabilité	محاسبه؛ حسابداری	kontabilite
accroître	منتج گردیدن	akrwatr
accumuler	انباشت کردن	akumule
collection	انباشت	koleksuon
précision	دقت	presizuon
exactitude	دقت	egzaktitud
précis	دقیق؛ راستین	presi
exact	دقیق؛ راستین	egzakt
précisément	با دقت	presizeman
accusation	اتهام	akuzasuon
accuser	متهم کردن؛ تهمت زدن	akuze
accusé	متهم	akuze
accoutumer	عادی کردن؛ خو دادن	akutume
as	کلمات میید	as
iota	کلمات میید	uota
atteindre	دست یافتن	atendr
succès	کار بزرگ	sukse
réalisation	کار بزرگ	realizasuon
acide	اسید؛ اسیدی	asid
aigre	اسید؛ اسیدی	egr
reconnaître	اقرار کردن	rekonetr
certifier	اقرار کردن	sertifue
aveu	اقرار؛ شهادت نامه	aveu
confession	اقرار؛ شهادت نامه	konfesuon
force de l'âge	نقطه کمال	fors de- lazh
acmé	نقطه کمال	akme
acné	جوش؛ غرور جوانی	akne
relation	معرفت؛ آشنا	relasuon
accointance	معرفت؛ آشنا	akwentans
familier	بلد؛ شناسا	familue
au courant	بلد؛ شناسا	o kuran
acquiescer	تن در دادن	akuese
consentir	تن در دادن	konsantir
acquérir	اندوختن	akerir
apprentissage	اکتساب	aprantisazh
acquittement	تبرئه؛ برائت ذمه	akitman
relaxe	تبرئه؛ برائت ذمه	relaks
acre	جریب	akr
âcre	تند؛ گس	akr
à travers	از عرض، سراسر	a traver
de l'autre côté de	از عرض، سراسر	de- lotr kote de-
agir	عمل کردن، نقش بازی کردن	azhir
acte	عمل کردن، نقش بازی کردن	akt
action légale	عمل، اقدام	aksuon legal
action en justice	عمل، اقدام	aksuon an zhustis
activer	فعال کردن	aktive
actionner	فعال کردن	aksuone
activation	فعال‌سازی	aktivasuon
actif	فعال	aktif
activement	فعالانه	aktivman
militant	کنشگر	militan
activiste	کنشگر	aktivist
activité	فعالیت	aktivite
acteur	بازیگر (مرد)	aktoer
actrice	بازیگر (مرد)	aktris
réel	حالی	reel
véritable	حالی	veritabl
en fait	در واقع	an fe
effectivement	در واقع	efektivman
acupuncture	سوزن درمانی؛ طب سوزنی	akupunktur
aigu	حاد	egu
aiguë	حاد	egu
acuité	ذکاوت	akuite
tranchant	ذکاوت	transhan
pub	بلد؛ ضال	poeb
ap. J.-C.	بلد؛ ضال	ap zhise
inflexible	یکدنده	enfleksibl
catégorique	یکدنده	kategorik
adapter	تطبیق دادن	adapte
s'adapter	تطبیق دادن	sadapte
adaptation	انطباق	adaptasuon
ajouter	اضافه کردن	azhute
sommer	اضافه کردن	some
vipère	افزیشگر؛ مار جعفری	viper
dépendant	معتاد؛ افیونی	depandan
dépendance	اعتیاد	depandans
ajout	جمع؛ علاوه	azhu
addition	جمع؛ علاوه	adisuon
additionnel	اضافی	adisuonel
adresse	آدرس	adres
s'adresser à	آدرس	sadrese aaksangrav
expert	مرد زبردست	eksper
adéquat	کافی	adekwa
adhérer	پایبند بودن	adere
adhésion	تبعیت؛ ملازمت	adezuon
adhésif	چسبناک؛ چسبنده	adezif
collant	چسبناک؛ چسبنده	kolan
contigu	مجاور	kontigu
adjacent	مجاور	auasan
adjectif	صفت	auektif
... de procédure	صفت	de- prosedur
adjoindre	مجاور	auwendr
attribut	صفت فرعی	atribu
complément	صفت فرعی	konpleman
ajuster	تنظیم کردن	azhuste
ajustement	تنظیم	azhustman
arèglement	تنظیم	aregleman
aide de camp	آجودان	ed de- kan
adjudant	آجودان	auudan
administrer	اداره کردن	administre
administration	مدیریت؛ دولت	administrasuon
administratif	اداری	administratif
administrateur	مدیر	administratoer
admirable	هژیر؛ پسندیده	admirabl
amiral	دریاسالار؛ دریابیگی	amiral
amirauté	دریاسالاری	amirote
admiration	پسند؛ تحسین	admirasuon
admirer	پسندیدن؛ تحسین کردن	admire
admirateur	ستینده؛ تحسینکننده	admiratoer
admiratrice	ستینده؛ تحسینکننده	admiratris
admission	پذیرش	admisuon
admettre	پذیرفته	admetr
avouer	پذیرفته	avue
certes	معترفا	sert
admonester	پند دادن	admoneste
réprimander	پند دادن	reprimande
admonitoire	عبرتانگیز	admonitwar
adolescence	بلوغ	adolesans
adolescente	نوجوان	adolesant
adolescent	نوجوان	adolesan
adopter	اتخاذ کردن؛ فرا گرفتن	adopte
adoption	فرزندخواندگی	adopsuon
mignon	قابل پرستش	minuon
adorable	قابل پرستش	adorabl
culte	پرستش؛ عشق ورزی	kult
adoration	پرستش؛ عشق ورزی	adorasuon
adorer	پرستیدن	adore
orner	آراستن؛ پیراستن	orne
parer	آراستن؛ پیراستن	pare
à la dérive	غوطه ورروی آب مج	a la- deriv
habile	زبر دست	abil
adroit	زبر دست	adrwa
adulte	بزرگسال	adult
avance	پیشروی؛ راقی	avans
avancée	پیشروی؛ راقی	avanse
progrès	پیشروی؛ ترفیع	progre
avantage	مزیت	avantazh
avantager	مزیت	avantazhe
arrivée	ظهور	arive
Avent	ظهور	av
aventure	ماجراجویی	avantur
aventurier	ماجراجو؛ حادثه جو	avanturue
aventurière	ماجراجو؛ حادثه جو	avanturuer
aventureux	ماجراجو؛ پرماجرا	avantureu
hasardeux	ماجراجو؛ پرماجرا	azardeu
ennemi	هم آورد؛ هم نبرد	enmi
adversaire	هم آورد؛ هم نبرد	adverser
défavorable	نامطلوب	defavorabl
adverse	نامطلوب	advers
adversité	نکبت؛ ضرا	adversite
malheur	نکبت؛ ضرا	maloer
annoncer	تبلیغ کردن	anonse
publier	تبلیغ کردن	publie
annonce	آگهی	anons
publicité	تبلیغات	publisite
conseil	نصیحت، مشاوره	konseu
conseiller	مقتضی؛ مصلحتآمیز	konseue
renseigner	مقتضی؛ مصلحتآمیز	ransenue
alerte	مشورتی؛ نصیحتی	alert
bulletin d'alerte	مشورتی؛ نصیحتی	bulten dalert
barreau	طرفداری	baro
promotion	طرفداری	promosuon
avocat	حمایت کردن، حامی	avoka
avocate	حمایت کردن، حامی	avokat
aérien	هویی	aeruen
antenne	هویی	anten
esthétique	زیبایی شناختی	estetik
aimable	خوش خلق؛ خوش برخورد	emabl
affaire	امر؛ مصلحت	afer
question	امر؛ مصلحت	kestuon
affecter	تأثیر گذاشتن	afekte
influencer	تأثیر گذاشتن	enfluanse
affectation	تصنع	afektasuon
affection	محبت	afeksuon
affectueux	مهربان؛ عاطف	afektueu
affirmer	آشکارا گفتن؛ بحق دانستن	afirme
assertion	یجاب	asersuon
confirmation	یجاب	konfirmasuon
affirmatif	مبت؛ تصدیقآمیز	afirmatif
phrase affirmative	مبت؛ تصدیقآمیز	fraz afirmativ
affligé	مستمند؛ رنجه	aflizhe
détresse	مصیبت؛ مشقت	detres
affliction	مصیبت؛ مشقت	afliksuon
se permettre	استطاعت داشتن؛ از عهده برآمدن	se- permetr
offrir	استطاعت داشتن؛ از عهده برآمدن	ofrir
abordable	مقرون به صرفه	abordabl
duel	روبرو دشنام دادن	duel
rencontre	روبرو دشنام دادن	rankontr
pachto	افغان	pakto
Afghan	افغان	afgan
à flot	در حرکت	a flo
susmentionné	مذکور	susmansuone
effrayé	ترسیده	efreue
l’Afrique	افریقا؛ آفریقا	lafrik
africain	آفریقیی؛ افریقیی	afriken
Africain	آفریقیی؛ افریقیی	afriken
du fait de	بعد از	du- fe de-
derrière	بعد از	deruer
lueur persistante	پس تاب؛ پس فروزش	luoer persistant
au-delà	عقبی؛ آخرت	odela
autre monde	عقبی؛ آخرت	otr mond
regain	پیامد	regen
séquelles	پیامد	sekel
après-midi	بعدازظهر	apremidi
après	سپس؛ بعدا	apre
ensuite	سپس؛ بعدا	ansuit
encore	دوباره	ankor
de nouveau	دوباره	de- nuvo
face à	علیه	fas aaksangrav
contre	علیه	kontr
agate	عقیق	agat
génération	سن	zhenerasuon
ère	سن	er
action	بنگاه؛ وکالت	aksuon
agence	بنگاه؛ وکالت	azhans
planning	برنامه عملیات	planing
ordre du jour	برنامه عملیات	ordr du- zhur
courtier	مامور؛ عامل	kurtue
représentant	مامور؛ عامل	reprezantan
aggravé	مشدد	agrave
aggravation	تشدید	agravasuon
agrégat	متراکم ساختن؛ جمع شده	agrega
granulats	متراکم ساختن؛ جمع شده	granula
agressivité	پرخاشگری	agresivite
aggression	پرخاشگری	agresuon
agressif	پرتکاپو؛ تجاوزی	agresif
agresseur	متجاوز؛ مهاجم	agresoer
affolé	وحشت زده	afole
effaré	وحشت زده	efare
fulgurant	سریعالانتقال	fulguran
preste	سریعالانتقال	prest
agilité	سبکبالی	azhilite
agité	آشفته؛ متلاطم	azhite
agitation	تلاطم؛ آشفتگی	azhitasuon
agitateur	آشوبگر	azhitatoer
il y a	پیش از این	il i a
agonisant	سوزناک؛ رنجآور	agonizan
agonie	رنج؛ سکرات مرگ	agoni
être d'accord	موافق بودن	etr dakor
convenir	موافق بودن	konvnir
agréable	سازگار؛ دلجو	agreabl
pacte	قرار؛ توافق	pakt
accord	قرار؛ توافق	akor
agricole	کشاورزی	agrikol
agriculture	کشاورزی	agrikultur
fièvre	تب و لرز	fuevr
ah	آه	a
devant	جلو؛ روبجلو	devan
aide	یار؛ مدد	ed
aider	یار؛ مدد	ede
SIDA	ایدز	sida
faillir	ضعیفالبنیه	fauir
manquer	ضعیفالبنیه	manke
cible	نشان؛ کام	sibl
objectif	نشان؛ کام	obzhektif
aria	هوا	arua
air	هوا	er
aéronef	طیاره؛ هواپیمیی	aeronef
compagnie aérienne	خط هواپیمایی	konpani aeruen
avion	هواپیما؛ طیاره	avuon
aéroplane	هواپیما؛ طیاره	aeroplan
aéroport	فرودگاه	aeropor
aéré	هوا مانند؛ با روح	aere
léger	هوا مانند؛ با روح	lezhe
rayon	راه رو	reuon
Alabama	آلاباما	alabama
alarme	آژیر؛ اعلان خطر	alarm
réveil	آژیر؛ اعلان خطر	reveu
hélas	افسوس؛ وه	elas
Albany	آلبانی	olboeni
quoique	اگرچه	kwak
bien que	اگرچه	buen ke
album	آلبوم	albom
albumine	آلبومین	albumin
alcool	الکل	alkol
alcoolisé	الکلی؛ شرابخور	alkolize
alcoolique	الکلی؛ شرابخور	alkolik
alcoolisme	اعتیاد به الکل	alkolism
aulne	توسه؛ توسکا	oln
verne	توسه؛ توسکا	vern
vigilance	هشیاری؛ بیداری	vizhilans
algèbre	جبر؛ جبر و مقابله	alzhebr
étranger	بیگانه	etranzhe
étrangère	بیگانه	etranzher
aligner	همسو کردن	alinue
alliance	همسویی	aluans
alignement	همسویی	alinue-man
pareillement	مشابه	pareuman
pareil	مشابه	pareu
nutriment	رزقی	nutriman
pension alimentaire	خرجی؛ نفقه	pansuon alimanter
en vie	زنده	an vi
vivant	زنده	vivan
tous les	همه	tu le-
toute la	همه	tut la-
allégation	ادعا	alegasuon
prétendre	ادعا کردن	pretandr
prétendument	ظاهراً	pretanduman
allégorie	مجاز؛ کنیه	alegori
allegro	نشاط انگیز	algro
allégement	تسکین	alezhman
soulagement	تسکین	sulazhman
ruelle	کوچه؛ خیابان کوچک	ruel
lien	اتحاد	luen
allouer	اختصاص دادن	alue
allocation	تخصیص	alokasuon
laisser	اجازه دادن	lese
ça va ?	بسیار خوب، همه چیز درست	sa va
bien aller)	بسیار خوب، همه چیز درست	buenn ale
faire allusion	اشارهکردن؛ تلمیح کردن	fer aluzuon
allusion	اشاره؛ کنیه	aluzuon
alluvial	آبرفتی	aluvual
allié	متحد	alue
almanach	سالنما	almanak
amande	بادام؛ آلموند	amand
amandier	بادام؛ آلموند	amandue
presque	تقریباً	preske
aumône	زکات؛ ذکات	omon
en haut	در نوک؛ در فوق	an o
en l'air	در نوک؛ در فوق	an ler
seul	تنها	soel
le long de	در امتداد	le- lon de-
accompagné	در امتداد	akonpanue
côte-à-côte avec	در کنار	kotakot avek
à côté de le long de	در کنار	a kote de- le- lon de-
résevé	کناره گیر	rezve
distant	کناره گیر	distan
alpha	ستاره اول	alfa
déjà	قبلا	dezha
à la fin	قبلا	a la- fen
d'accord	صحیح است	dakor
très bien	صحیح است	tre buen
aussi	همچنین	osi
également	همچنین	egalman
autel	مبح؛ محراب	otel
castrer	دگرگون کردن؛ دگرگون شدن	kastre
changer	دگرگون کردن؛ دگرگون شدن	shanzhe
changement	دگرش	shanzhman
modification	دگرش	modifikasuon
dispute	مجادله	disput
altercation	مجادله	alterkasuon
alternatif	متناوب کردن؛ تناوب کردن	alternatif
alternative	متناوب کردن؛ تناوب کردن	alternativ
alternation	تناوب؛ یک درمیانی	alternasuon
choix	جایگزین	shwa
possibilité	جایگزین	posibilite
au lieu de	بنوبت؛ متناوبا	o lueu de-
complètement	کلاً	konpletman
en même temps	کلاً	an mem tan
alun	زاغ؛ زاج	alun
aluminium	آلومینیوم	aluminuom
toujours	همیشه	tuzhur
amalgame	ملقمه	amalgam
amasser	توده کردن	amase
amateuse	آماتور	amateuz
amateur	آماتور	amatoer
stupéfié	متعجب؛ متحیر	stupefue
abasourdi	متعجب؛ متحیر	abazurdi
stupeur	حیرت؛ بهت	stupoer
stupéfaction	حیرت؛ بهت	stupefaksuon
étonnant	شگفت‌انگیز	etonan
ambassadeur	سفیر	anbasadoer
ambassadrice	سفیر	anbasadris
ambré	شاهبوی؛ کهربا	anbre
ambre	شاهبوی؛ کهربا	anbr
ambiguïté	ابهام	anbiguite
ambigu	مبهم	anbigu
aspiration	جاه طلبی	aspirasuon
ambitieux	نامجو؛ بلند همت	anbisueu
ambulance	آمبولانس	anbulans
embuscade	کمین؛ کمینگاه	anbuskad
amen	آمین	amen
amender	اصلاح کردن	amande
amendement	اصلاحیه	amandman
Amérique	آمریکا	amerik
américain	آمریکایی	ameriken
états-unien	آمریکایی	etazunuen
améthyste	در بنفش؛ در کوهی بنفش	ameuthist
entre	در میان	antr
parmi	در میان	parmi
au milieu de	در لابلی	o milueu de-
ammoniaque	آمونیاک	amonuak
amnistie	عفو؛ عفو عمومی کردن	amnisti
amnistier	عفو؛ عفو عمومی کردن	amnistue
amoureux	عاشقانه	amureu
quantité	مقدار	kwantite
montant	مقدار	montan
amputer	قطع اندام کردن	anpute
amuser	سرگرم کردن؛ تفریح دادن	amuze
divertissement	تفریح؛ لهو	divertisman
amusement	تفریح؛ لهو	amuzman
amusant	سرگرم کننده	amuzan
amusante	سرگرم کننده	amuzant
anaerobique	ناهوازی	anaerobik
anesthésie	داروی بیهوشی	anestezi
anœsthésie	داروی بیهوشی	aneustheusi
anale	کونی؛ مقعدی	anal
anal	کونی؛ مقعدی	anal
analogue	قابل قیاس	analog
analogie	قیاس	analozhi
analyse	حل؛ تجزیه	analiz
analyste	تحلیلگر	analist
psychanalyste	تحلیلگر	psikanalist
analytique	تحلیلی	analitik
analyser	تجزیه کردن؛ تحلیل کردن	analize
anarchiste	آشوب طلب؛ هرج و مآرج طلب	anarshist
anarchie	بی قانونی؛ بی نظمی	anarshi
anatomique	تشریحی	anatomik
anatomie	استخوانبندی؛ کالبد شناسی	anatomi
ancêtre	جد	ansetr
héréditaire	نسبی؛ اجدادی	erediter
ancestral	نسبی؛ اجدادی	ansestral
ascendance	اصل ونسب	asandans
ancre	لنگر	ankr
ancrer	لنگر	ankre
ancien	باستانی	ansuen
antique	باستانی	antik
et	و	e
et puis	و	e pui
anecdote	ضرب المثل؛ قصه کوتاه	anekdot
ange	فرشته	anzh
angélique	ملکی؛ فرشتهی	anzhelik
ire	غضب؛ خشم	ir
rage	غضب؛ خشم	razh
point de vue	گوشه؛ زاویه	pwen de- vu
angle	گوشه؛ زاویه	angl
fâché	عصبانی	fashe
fâchée	عصبانی	fashe
croix	تاب و تب	krwa
calvaire	تاب و تب	kalver
angulaire	زاویهی؛ گوشه دار	anguler
anguleux	زاویهی؛ گوشه دار	anguleu
bête	حیوان	bet
animal	حیوان	animal
réanimer	جان دار؛ روح دادن	reanime
animation	پویانمایی	animasuon
animosité	کینه؛ دشمنی	animozite
cheville	مچ پا	shevil
annales	اخبار سال؛ وقیع سالیانه	anal
annexe	ضمیمه کردن؛ ضمیمه سازی	aneks
annexer	ضمیمه کردن؛ ضمیمه سازی	anekse
annexion	الحاق؛ ضم	aneksuon
anéantir	نابود کردن؛ کن فیکون کردن	aneantir
annihiler	نابود کردن؛ کن فیکون کردن	anuile
anniversaire	سالروز؛ سالگرد	aniverser
anniversaire de mariage	سالروز؛ سالگرد	aniverser de- maruazh
gêner	رنجاندن؛ آزردن	zhene
agacer	رنجاندن؛ آزردن	agase
ennui	رنجش؛ دلخوری	annui
nuisance	رنجش؛ دلخوری	nuizans
agaçant	رنجاننده؛ سرخوری	agasan
ennuyeux	رنجاننده؛ سرخوری	annuiueu
annuel	سالانه؛ سالیانه	anuel
annuellement	سالانه	anuelman
annullation	نسخ؛ ابطال	anulasuon
nullification	نسخ؛ ابطال	nulifikasuon
anode	آنود؛ قطب مثبت	anod
oindre	مسح شدن	wendr
étaler	مسح شدن	etale
anonyme	ناشناس	anonim
plus	دیگری	plu
un de plus	دیگری	un de- plu
réponse	پاسخ، پاسخ دادن	repons
répondre	پاسخ، پاسخ دادن	repondr
fourmi	مورچه	furmi
antagonisme	هم آوری؛ اصل مخالف	antagonism
ascendant	ماقبل	asandan
antécédent	ماقبل	antesedan
anthracite	آنتراسیت	anthrasaut
charbon	خراج؛ ینتراکس	sharbon
anti-	ضد	anti
anticorps	پادتن	antikor
prévoir	پیش‌بینی کردن	prevwar
anticiper	پیش‌بینی کردن	antisipe
attente	پیشدستی	atant
espérance	پیشدستی	esperans
antigène	پادزا؛ پادگن	antizhen
démodé	عتیقه؛ عتیق	demode
vieilli	عتیقه؛ عتیق	vueui
Antiquité	کهنگی؛ دیرینگی	antikite
antiquité	کهنگی؛ دیرینگی	antikite
antiseptique	گندزدا؛ ضدعفونی	antiseptik
antitoxine	زهردارو؛ پادزهرابه	antitoksin
trou de cul	نشین؛ مقعد	tru de- ku
trou du cul	نشین؛ مقعد	tru du- ku
anxiété	اضطراب	anksuete
inquiétude	اضطراب	enkuetud
anxieux	مشتاق؛ اندیشناک	anksueu
désireux	مشتاق؛ اندیشناک	dezireu
anxieusement	مشتاقانه	anksueuzman
quelconque	هر؛ هر، هیچ	kelkonk
n'importe quel	هر؛ هر، هیچ	nenport kel
quelqu'un	هر کسی	kelkun
quelqu'une	هر کسی	kelkun
de toute manière	درهرصورت؛ بهرشکل	de- tut manuer
davantage	دیگر	davantazh
ne plus	دیگر	ne- plu
n'importe qui	هر کسی	nenport ki
n’importe quoi	هر چیزی	nenport kwa
quoi qu'il en soit	به هر حال	kwa kil an swa
quand même	به هر حال	kan mem
n'importe où	هر جا	nenport u
où que ce soit	هر جا	u ke se- swa
aorte	آورتا	aort
rapidement	باسرعت زیاد	rapidman
to proceed apace: aller bon train	باسرعت زیاد	tuproesihr apas ale bon tren
séparé	جدا؛ مجزا	separe
séparément	جدا؛ مجزا	separeman
appartements	آپارتمان	aparteman
appartement	آپارتمان	aparteman
indifférent	بی احساس	endiferan
indifférente	بی احساس	endiferant
singe	میمون؛ بوزینه	senzh
hominoïdé	میمون؛ بوزینه	ominoide
sommet	ذروه	some
apogée	ذروه	apozhe
s'excuser	معذرت خواستن؛ پوزش خواستن	sekskuze
faire l'apologie de	معذرت خواستن؛ پوزش خواستن	fer lapolozhi de-
excuse	عذرخواهی	ekskuz
apologie	عذرخواهی	apolozhi
apoplexie	سکته ناقص	apopleksi
apôtre	فرستاده؛ حواری	apotr
apôtresse	فرستاده؛ حواری	apotres
appli	اپلیکیشن	apli
appareil	دستگاه	apareu
criant	پیدا؛ نمودار	krian
criante	پیدا؛ نمودار	kriant
évidemment	ظاهرا؛ نظرا	evidaman
apparemment	ظاهرا؛ نظرا	aparaman
appel	فرجام؛ جذابیت	apel
attrait	فرجام؛ جذابیت	atre
apparaître	ظاهر شدن	aparetr
sembler	ظاهر شدن	sanble
apparition	ظاهر	aparisuon
apparence	ظاهر	aparans
apaiser	دلنوازی کردن؛ دلجوئی کردن	apeze
désignation	وجه تسمیه	dezinuasuon
appendices	مضافات	apendis
membres	مضافات	manbr
appendicite	آپاندیس	apendisit
appendice	ضمیمه؛ آپاندیس	apendis
appétit	اشتها	apeti
appétissant	خوش خوراک؛ اشتها آور	apetisan
applaudir	تشویق کردن	aplodir
louer	تشویق کردن	lue
acclamer	تمجید؛ هلهله	aklame
pomme	سیب	pom
pommier	سیب	pomue
applicable	قابل اجرا	aplikabl
candidat	متقاضی	kandida
demandeur	متقاضی	demandoer
programme	استعمال؛ درخواست	program
candidature	استعمال؛ درخواست	kandidatur
appliquer	درخواست کردن، اعمال کردن	aplike
postuler	درخواست کردن، اعمال کردن	postule
fixer	منصوب کردن	fikse
poser	منصوب کردن	poze
rendez-vous	تعیین؛ انتصاب	randevu
nomination	تعیین؛ انتصاب	nominasuon
jugement	تقویم؛ تخمین	zhuzhman
estimation	تقویم؛ تخمین	estimasuon
estimer	تعیین قیمت کردن	estime
évaluer	تعیین قیمت کردن	evalue
appréciable	قابل تقدیر؛ قابل ارزیابی	apresuabl
se rendre compte de	تقدیر کردن؛ تشکر کردن	se- randr kont de-
apprécier	تقدیر کردن؛ تشکر کردن	apresue
appreciation	قدردانی	apresuasuon
apprehension	تشویش خاطر	apreansuon
inquiet	مستشعر؛ درک کننده	enkue
soucieux	مستشعر؛ درک کننده	susueu
apprenti	شاگرد	apranti
approche	مراجعهکردن؛ نزدیک شدن	aprosh
s'approcher	مراجعهکردن؛ نزدیک شدن	saproshe
approprié	مناسب؛ مقتضی	aproprie
convenablement	به طور مناسب	konvnableman
de manière appropriée	به طور مناسب	de- manuer aproprie
approbation	موافقت؛ امضاء	aprobasuon
agrément	موافقت؛ امضاء	agreman
approuver	امضاکردن؛ پسند کردن	apruve
approximant	تقریبی؛ تخمینی	aproksiman
approximatif	تقریبی؛ تخمینی	aproksimatif
à peu près	تقریبا؛ تخمیناً	a peu pre
plus ou moins	تقریبا؛ تخمیناً	plu u mwen
rapprochement	تقریب	raproshman
approximation	تقریب	aproksimasuon
avril	آوریل	avril
tablier	خرند؛ پیش بند	tablie
aquarium	آکواریوم؛ آبزیگاه	akwaruom
arabe	عربی؛ عرب	arab
Arabe	عربی؛ عرب	arab
alphabet arabe	عربی؛ زبان عربی	alfabe arab
cultivable	مزروعی؛ قابل زرع	kultivabl
arbitrairement	به‌طور قراردادی	arbitrerman
arbitraire	خودسرانه	arbitrer
arbitrage	داوری؛ حکمیت	arbitrazh
arc de courbe	کمان	ark de- kurb
arc	کمان	ark
salle d'arcade	تیمچه	sal darkad
arcade	تیمچه	arkad
arche	طاق؛ تاق	arsh
archéologique	باستانشناسی	arkeolozhik
archevêque	سر اسقف؛ اسقف بزرگ	arshvek
archipel	مجمع الجزیر؛ دریی پر جزیره	arshipel
architecte	معمار	arshitekt
architecturer	معمار	arshitekture
architectural	معماری	arshitektural
architecture	معماری	arshitektur
archives	آرشیو	arshiv
archiver	آرشیو	arshive
arctique	شمالی؛ قطبی	artik
Arctique	شمالی؛ قطبی	artik
ardu	پر زحمت؛ صعب الصعود	ardu
région	منطقه	rezhuon
aire	منطقه	er
arène	عرصه	aren
sans doute	مسلماً	san dut
on peut soutenir que	مسلماً	on peu sutnir ke
se disputer	بحث کردن	se- dispute
argument	بحث	arguman
argumentatif	جدلی؛ استدلالی	argumantatif
aride	خشک؛ لم یزرع	arid
se lever	بروز کردن	se- leve
surgir	بروز کردن	surzhir
aristocratie	نجبا؛ اشرافیت	aristokrasi
aristocrate	بزرگزاده؛ اشرافزاده	aristokrat
aristocratique	اشرافی؛ اعیانی	aristokratik
Arkansas	آرکانزاس	arkansas
bras	بازو؛ مسلح کردن	bra
arrière-bras	بازو؛ مسلح کردن	aruerbra
armement	تسلیحات	armeman
force de frappe	تسلیحات	fors de- frap
fauteuil	صندلی دسته دار	fotoeu
arménien	ارمنی؛ زبان ارمنی	armenuen
Arménien	ارمنی؛ زبان ارمنی	armenuen
trêve	متارکه جنگ؛ صلح موقت	trev
armistice	متارکه جنگ؛ صلح موقت	armistis
armure	جوشن	armur
cuirasse	جوشن	kuiras
arsenal	زراد خانه	arsenal
armurerie	زراد خانه	armurri
aisselle	بغل؛ زیر بغل	esel
armée	ارتش	arme
odorant	خوشبو؛ گیاه خوشبو	odoran
aromatique	خوشبو؛ گیاه خوشبو	aromatik
autour de	اطراف، حدود	otur de-
vers	اطراف، حدود	ver
exciter	تحریص؛ شهوت آمیز	eksite
émoustiller	تحریص؛ شهوت آمیز	emustiue
arranger	ترتیب دادن	aranzhe
organiser	ترتیب دادن	organize
composition	ترتیب	konpozisuon
tableau	آرایه	tablo
gamme	آرایه	gam
dette	پس افت	det
arriéré	پس افت	aruere
arrestation	جلب؛ توقیف	arestasuon
arrêter	جلب؛ توقیف	arete
arriver	رسیدن	arive
réussir	رسیدن	reusir
arrogance	تکبر؛ نخوت	arogans
orgueilleux	خودکامه؛ مغرور	orgoeueu
arrogant	خودکامه؛ مغرور	arogan
flèche	پیکان	flesh
art	هنر	ar
artériel	شریانی	arteruel
artère	سرخرگ؛ شریان	arter
artificiel	نیرنگ باز	artifisuel
artificieux	نیرنگ باز	artifisueu
article	مقاله	artikl
articulaire	مفصلی	artikuler
articulé	بیان کردن	artikule
éloquent	بیان کردن	elokan
jointure	مفصل بندی؛ طرز گفتار	zhwentur
articulation	مفصل بندی؛ طرز گفتار	artikulasuon
artillerie	توپ؛ توپخانه	artiuri
artiste	هنرمند	artist
artistique	هنری؛ هنرمندانه	artistik
œuvre d'art	اثر هنری	oevr dar
que	به عنوان، همانطور که؛ همانطور که	ke
monter	فرازیدن؛ فرازروی	monte
définir	محقق نمودن؛ محقق دانستن	definir
constater	محقق نمودن؛ محقق دانستن	konstate
Ascète	زاهد؛ زاهدانه	aset
ascétique	زاهد؛ زاهدانه	asetik
attribuer	منسوب	atribue
cendre	خاکستر	sandr
frêne	خاکستر	fren
honteux	شرمنده؛ خجل	onteu
cendré	خاکستری؛ شبیه خاکستر	sandre
à terre	بکنار؛ درساحل	a ter
Asie	آسیا	azi
à côté	کنار	a kote
as an aside: en passant	کنار	as an azid an pasan
demander	پرسیدن، درخواست کردن	demande
endormi	خوابیده	andormi
asperge	مارچوبه؛ شودی	asperzh
vue	منظر؛ منظره	vu
expression	منظر؛ منظره	ekspresuon
diffamation	هتک	difamasuon
inhalation	آرزو	inalasuon
aspirer à	آرزو کردن	aspire aaksangrav
aspirine	آسپیرین	aspirin
âne	الاغ؛ ماتحت	an
cul	الاغ؛ ماتحت	ku
assaillant	ضارب	asauan
assassin	قاتل؛ آدمکش	asasen
assassinat	ترور	asasina
assaut	حمله	aso
attaquer	حمله	atake
assembler	جمع‌آوری کردن	asanble
se rassembler	جمع‌آوری کردن	se- rasanble
assemblée	مونتاژ، مجلس	asanble
rassemblement	مونتاژ، مجلس	rasanbleman
asseoir	ادعا کردن	aswar
évaluation	ارزیابی؛ اظهارنظر	evaluasuon
assesseur	ارزیاب	asesoer
assesseure	ارزیاب	asesoer
atout	دارایی	atu
assidu	مستدام؛ عاکف	asidu
assigner	اختصاص دادن	asinue
assimiler	تلفیق کردن؛ سازش کردن	asimile
assister	یاری کردن؛ اعانه کردن	asiste
secours	کمک	sekur
auxiliaire	دستیار	oksiluer
associer	نزدیکی کردن؛ اختلاط کردن	asosue
association	معاشرت؛ اشتراک	asosuasuon
prendre	پنداشتن؛ فرض کردن	prandr
supposition	فرض	supozisuon
prémisse	فرض	premis
culot	اطمینان	kulo
assurance	اطمینان	asurans
assurer	اطمینان دادن	asure
rassurer	اطمینان دادن	rasure
astérisque	ستاره	asterisk
étonner	گیج کردن؛ مبهوت کردن	etone
surprendre	گیج کردن؛ مبهوت کردن	surprandr
étonnement	گیجی؛ خیرگی	etonman
astrakan	حاجی ترخان	astrakan
égaré	گمراه؛ بی راه	egare
hors du chemin	گمراه؛ بی راه	or du- shemen
astronomie	نجوم؛ ستاره شناسی	astronomi
avisé	تیز هوش	avize
sagace	تیز هوش	sagas
asile	پناهندگی	azil
asile psychiatrique	پناهندگی	azil psikuatrik
à	در	aaksangrav
en	در	an
athée	ناخدا؛ زندیق	ate
athéiste	ناخدا؛ زندیق	ateist
sportif	ورزشکار	sportif
sportive	ورزشکار	sportiv
athlétique	ورزشی؛ پهلوانی	atletik
atlantique	آتلانتیک	atlantik
l’Atlantique	آتلانتیک	latlantik
atome	اتم؛ آتم	atom
atomique	اتمی	atomik
indivisible	اتمی	endivizibl
expier	کفاره دادن؛ تقاص پس دادن	ekspue
expiation	دیه	ekspuasuon
réparation	دیه	reparasuon
atrocité	جنیات	atrosite
attacher	ضمیمه کردن؛ الصاق کردن	atashe
pièce jointe	پیوست	pues zhwent
attaque	حمله، حمله کردن	atak
attentat	سعی؛ کوشش	atanta
tentative	سعی؛ کوشش	tantativ
être présent	شرکت کردن	etr prezan
présence	حضور	prezans
attendante	ملازم؛ ملتزم	atandant
attendant	ملازم؛ ملتزم	atandan
attentions	توجه	atansuon
attention	توجه	atansuon
attentif	متوجه؛ دربند	atantif
tenue	لباس پوشاندن	tenu
vêtir	لباس پوشاندن	vetir
posture	طرز برخورد	postur
état d'esprit	طرز برخورد	eta despri
attirer	مجذوب کردن؛ مجذوب ساختن	atire
attirance	جلب؛ جذب	atirans
attraction	جلب؛ جذب	atraksuon
attractif	جذاب	atraktif
attrayant	جذاب	atreuan
enchères	حراج	ansher
vente aux enchères	حراج	vant oz ansher
audacieux	گستاخ؛ جسور	odasueu
audace	بی باکی	odas
audible	شنیدنی	odibl
public	حضار	publik
auditoire	حضار	oditwar
audio	شنیداری	oduo
inspection	حسابرسی	enspeksuon
audit	حسابرسی	odi
auditeur	ممیز؛ مستمع	oditoer
auditrice	ممیز؛ مستمع	oditris
auditif	سمعی؛ سماعی	oditif
aout	آگوست	au
août	آگوست	ut
tante	عمه، خاله	tant
tatie	عمه، خاله	tati
égide	توجهات	ezhid
faste	خجسته؛ فرخنده	fast
propice	خجسته؛ فرخنده	propis
austère	ریاضت کش	oster
austérité	ریاضت	osterite
Australie	استرالیا	ostrali
australien	استرالیائی	ostraluen
australienne	استرالیائی	ostraluen
Autriche	اطریش؛ اتریش	otrish
autrichien	اتریشی؛ اطریشی	otrishuen
Autrichien	اتریشی؛ اطریشی	otrishuen
authentique	معتبر	othentik
authenticité	اصالت؛ سندیت	othentisiteu
auteur	نویسنده	otoer
créer	نویسنده	kree
autoritatif	حاکمانه	otoritatif
autorité	اجازه؛ اختیار	otorite
autorisation	تنفیذ	otorizasuon
autoriser	مجوز دادن	otorize
voiture	خودرو	vwatur
automobile	خودرو	otomobil
autobiographie	خودزیستنامه	otobuografi
autocratie	استبداد	otokrasi
autocrate	سلطان مطلق؛ سلطان مستبد	otokrat
autocratique	استبدادی	otokratik
automatique	خودکار	otomatik
semi-automatique	خودکار	semuotomatik
machinalement	به صورت خودکار	mashinalman
auto	اتومبیل؛ خودرو	oto
char	اتومبیل؛ خودرو	shar
autonome	خودگردان؛ خود مختار	otonom
autonomie	خودمختاری	otonomi
automne	پاییز	oton
automnal	خزانی؛ خریفی	otonal
saisir	بکار خوردن؛ سودمند بودن	sezir
profiter	بکار خوردن؛ سودمند بودن	profite
disponibilité	در دسترس بودن	disponibilite
disponible	در دسترس	disponibl
avalanche	بهمن	avalansh
venger	دادگیری کردن	vanzhe
moyenne	متوسط	mwauen
moyen	متوسط	mwauen
aversion	نفرت؛ بدآمدن	aversuon
aviation	هواپیمائی؛ هوانوردی	avuasuon
fuir	اجتناب کردن	fuir
éviter	اجتناب کردن	evite
évitement	اجتناب؛ حذر	evitman
confesser	اعتراف شده	konfese
servir	در انتظار بودن	servir
attendre	در انتظار بودن	atandr
éveillé	بیدار؛ بیداری کشیدن	eveue
réveillé	بیدار؛ بیداری کشیدن	reveue
prix	جایزه	pri
trophé	جایزه	trofe
conscient	آگاه؛ مطلع	konsuan
conscience	آگاهی	konsuans
connaissance	آگاهی	konesans
loin	دور	lwen
parti	دور	parti
crainte	هیبت؛ هیبت دادن	krent
un moment	مدتی؛ یک چندی	un moman
embarrassant	نامناسب	anbarasan
maladroit	نامناسب	maladrwa
maladresse	ناشیگری	maladres
de travers	چپ چپ؛ به‌طور میل	de- traver
de guingois	چپ چپ؛ به‌طور میل	de- gengwa
hache	تیشه؛ تبر	ash
cognée	تیشه؛ تبر	konue
axe	آسه؛ محور چرخ	aks
azur	مینا؛ لاجورد	azur
tour de Babel	طرح خیالی؛ بنای شگرف	tur de- babel
babouin	عنتر	babwen
bébé	نوزاد، کودک	bebe
ma belle	نوزاد، کودک	ma- bel
licence	عزب؛ مجرد	lisans
célibataire	عزب؛ مجرد	selibater
bacille	باسیل	basiu
retour	پشت، عقب؛ پشتی، عقب	retur
dos	پشت، عقب؛ پشتی، عقب	dus
contexte	صحنه پشت	kontekst
décor	صحنه پشت	dekor
backgammon	مهره؛ نرد	bakgamoen
tâche de fond	سابقه، پس زمینه	tash de- fon
en arrière-plan	سابقه، پس زمینه	ann aruerplan
soutien	حمایت	sutuen
financement	حمایت	finansman
sauvegarde	پشتیبان	sovgard
en arrière	بدون ترقی	ann aruer
patelin	باریکه آب	patlen
sous-bois	جنگلهای دورافتاده	subwa
bactéries	باکتری‌ها	bakteri
bactérien	باکتریائی	bakteruen
bactériologie	باکتری شناسی	bakteruolozhi
mal	بد	mal
mauvais	بد	move
plaque	نشان	plak
insigne	نشان	ensinu
mauvaisement	بد	movesman
sac	کیف	sak
poche	کیف	posh
bagage	بارسفر	bagazh
ample	کیسه ای متورم	anpl
bouffant	کیسه ای متورم	bufan
écoper	وثیقه	ekope
caution	وثیقه	kosuon
bailli	ضابط	baui
huissier	ضابط	uisue
appât	طعمه؛ طعمه دادن	apa
appâter	طعمه؛ طعمه دادن	apate
cuire	پختن؛ طبخ کردن	kuir
boulanger	شاطر؛ نانوا	bulanzhe
boulangère	شاطر؛ نانوا	bulanzher
cuisson	طبخ	kuison
équilibre	مانده؛ تراز	ekilibr
solde	مانده؛ تراز	sold
équilibré	متعادل	ekilibre
balcon	خروجی؛ بالکن	balkon
chauve	کل؛ طاس	shov
lisse	کل؛ طاس	lis
sinistre	غم انگیز؛ مصیبت بار	sinistr
regimber	زیرش زدن؛ مایه لغزش	rezhenbe
balle	توپ	bal
boulet	توپ	bule
ballade	شعر افسانه ای	balad
ballet	باله	bale
ballon	بادکنک	balon
ballon gonflable	بادکنک	balon gonflabl
bulletin	برگه رای	bulten
bulletin de vote	برگه رای	bulten de- vot
baume	بلسان	bom
balsamine	بلسان	balsamin
baltique	بالتیک	baltik
bambou	خیزران؛ بامبو	banbu
de bambou	خیزران؛ بامبو	de- banbu
interdiction	نهی؛ منع کردن	enterdiksuon
interdire	نهی؛ منع کردن	enterdir
banane	موز	banan
bananier	موز	bananue
groupe	گروه (موسیقی)	grup
pansement	تنزیب؛ پانسمان	pansman
sparadrap	تنزیب؛ پانسمان	sparadra
voleur	سارق؛ راهزن	voloer
bandit	سارق؛ راهزن	bandi
bandoulière	قطار فشنگ	banduluer
ceinture à munitions	قطار فشنگ	sentur a munisuon
fléau	جانی؛ مخرب زندگی	fleo
détonation	چتر زلف	detonasuon
point d'exclamation	چتر زلف	pwen deksklamasuon
bannir	دور کردن؛ نفی بلد کردن	banir
banque	بانک (پول)	bank
rive	بانک (پول)	riv
banquier	صراف؛ بانک دار	bankue
failli	ورشکست	faui
en faillite	ورشکست	an fauit
faillite	اعسار؛ افلاس	fauit
banqueroute	اعسار؛ افلاس	bankrut
bannière	بنر	banuer
banderole	بنر	bandrol
festin	مهمانی؛ سور	festen
banquet	مهمانی؛ سور	banke
badinage	شوخی کنایه دار	badinazh
plaisanterie	شوخی کنایه دار	plezantri
baptême	تعمید؛ غسل	batem
baptismal	تعمیدی	batismal
barre	میخانه، میله	bar
zinc	میخانه، میله	zeng
barbare	بی تمدن	barbar
barbarisme	وحشیگری	barbarism
barbarie	بی رحمی؛ قساوت قلب	barbari
cruel	غیر مصطلح	kruel
barbelé	خاردار	barbele
mordant	خاردار	mordan
barbier	آرایشگر؛ سلمانی	barbue
coiffeur	آرایشگر؛ سلمانی	kwafoer
nu	لخت	nu
nue	لخت	nu
pieds nus	پابرهنه	pue nu
à peine	به سختی	a pen
marchander	معامله	marshande
chaland	دوبه؛ سرزده وارد شدن	shalan
écorce	عوعو؛ عوعو کردن	ekors
aboiement	عوعو؛ عوعو کردن	abwaman
orge	علیق؛ جوین	orzh
fenil	طویله؛ کاهدان	fenil
grange	طویله؛ کاهدان	granzh
magnat	باروری	manua
baron	باروری	baron
baronne	همسر بارون	baron
tonneau	بشکه	tono
barrique	بشکه	barik
désert	عقیم؛ نازا	dezer
barrière	مانع	baruer
limite	مانع	limit
tumulus	زنبه؛ خاک کش	tumulus
brouette	زنبه؛ خاک کش	bruet
troc	پایاپای؛ تهاتر	trok
troquer	پایاپای؛ تهاتر	troke
but	فرومایه؛ لئیم	but
coussin	فرومایه؛ لئیم	kusen
balle de baseball	بیسبال	bal de-beusbol
baseball	بیسبال	beusbol
sous-sol	زیرزمین	susol
timide	محجوبانه؛ شرمرو	timid
basique	اصلی؛ اساسی	bazik
foncièrement	اصلاً؛ اساساً	fonsuerman
sommairement	اصلاً؛ اساساً	somerman
bassin	طشت؛ تشتک	basen
lavabo	طشت؛ تشتک	lavabo
base	پایه؛ اصل	baz
lézarder	حمام آفتاب گرفتن	lezarde
panier	سبد	panue
basket-ball	بسکتبال	basketbol
basketball	بسکتبال	basketbol
perche	باس	persh
basse	باس	bas
chauvesouris	خفاش؛ ضربه زدن (با چوب)	shovzuri
chauve-souris	خفاش؛ ضربه زدن (با چوب)	shovsuri
bain	حمام	ben
baignoire	حمام	benuwar
baigner	شستشو؛ شستشو کردن	benue
se baigner	شستشو؛ شستشو کردن	se- benue
baignade	آبتنی	benuad
toilette	حمام	twalet
salle de bains	حمام	sal de- ben
batiste	پاتیس	batist
relai	باتون؛ عصای افسران	rele
relais	باتون؛ عصای افسران	rele
bataillon	گردان	batauon
pile	باتری؛ باطری	pil
batterie	باتری؛ باطری	batri
lutte	نبرد؛ جنگ	lut
bataille	نبرد؛ جنگ	batau
champ de bataille	میدان جنگ	shan de- batau
cuirassé	ناو؛ رزمناو	kuirase
bataille navale	ناو؛ رزمناو	batau naval
laurier	خلیج	lorue
baie	خلیج	be
baïonnette	سرنیزه	bauonet
avoir	بودن	avwar
être	بودن	etr
plage	ساحل	plazh
balise	چراق دریایی	baliz
amer	چراق دریایی	ame
grain	دانه؛ مهره	gren
perle	دانه؛ مهره	perl
bec	نوک؛ تک	bek
éperon	نوک؛ تک	epron
age	پرتو	azh
madrier	پرتو	madrie
haricot	لوبیا	ariko
ours	خرس	urs
supporter	خرس	suporte
barbe	ریش؛ محاسن	barb
barbu	ریشو؛ ریشدار	barbu
porteur	حامل؛ درخت بارور	portoer
battre	ضربه زدن، شکست دادن	batr
rythme	ضربه زدن، شکست دادن	rithm
battu	زده؛ کوبیده	batu
sigisbée	جوان شیک	sizhizbe
beau	زیبا	bo
belle	زیبا	bel
beauté	خوبی؛ جمال	bote
à cause de	زیرا	a koz de-
car	زیرا	kar
devenir	شدن	devnir
lit	تختخواب	li
chambre	شبستان	shanbr
pièce	شبستان	pues
litière	رختخواب؛ هوای آزاد	lituer
alité	بستری	alite
piaule	اتاق خواب	puol
chevet	بالین	sheve
heure du coucher	وقت استراحت؛ موقع خوابیدن	oer du- kushe
abeille	زنبور؛ مگس انگبین	abeu
hêtre	آلش	etr
bœuf	گوشت گاو	boef
bière	آبجو	buer
avant	قبل از	avan
avant que	قبل از	avan ke
auparavant	پیشاپیش	oparavan
à l'avance	پیشاپیش	a lavans
se lier d'amitié avec	رفاقت کردن؛ تجیب کردن	se- lue damitue avek
quêter	التماس کردن؛ استدعا کردن	kete
mendier	التماس کردن؛ استدعا کردن	mandue
engendrer	پس انداختن؛ سبب وجود شدن	anzhandre
procréer	پس انداختن؛ سبب وجود شدن	prokree
mendiant	گدا؛ فقیر	manduan
gueux	گدا؛ فقیر	geu
commencer	شروع کردن	komanse
début	شروع	debu
commencement	شروع	komansman
au nom de	از طرف	o non de-
pour le compte de	از طرف	pur le- kont de-
se comporter	رفتار کردن	se- konporte
se tenir	رفتار کردن	se- tenir
comportement	رفتار؛ اخلاق	konporteman
conduite	رفتار	konduit
décapité	سربریده	dekapite
décolleté	سربریده	dekolte
voir	هان؛ هین	vwar
regarder	هان؛ هین	regarde
beige	بژ	bezh
tard	دیر شده	tar
belge	بلژیکی	belzh
Belge	بلژیکی	belzh
Belgique	بلژیک	belzhik
croyance	ایمان؛ اعتقاد	krwauans
foi	ایمان؛ اعتقاد	fwa
croire	باور داشتن	krwar
croyant	معتقد؛ مومن	krwauan
cloche	ناقوس؛ جرس	klosh
pavillon	ناقوس؛ جرس	paviuon
belligérant	متحارب	belizheran
faire partie	تعلق داشتن	fer parti
trouver sa place	تعلق داشتن	truve sa- plas
chéri	محبوب	sheri
bien-aimé	محبوب	buenneme
au-dessous	زیر، پایین	odesu
ci-dessous	زیر، پایین	sidesu
ceinture	کمربند	sentur
courroie	کمربند	kurwa
banc	نیمکت	ban
critère	معیار	kriter
repère	معیار	reper
courber	چنبره؛ خمیدگی	kurbe
bande	چنبره؛ خمیدگی	band
sous	زیر	su
dessous	زیر	desu
grâce	رضوان؛ نیایش	gras
bénédiction	رضوان؛ نیایش	benediksuon
bienfaiteur	واقف؛ نیکوکار	buenfetoer
bienfaitrice	واقف؛ نیکوکار	buenfetris
bienfaisant	منان؛ منعم	buenfezan
miséricordieux	منان؛ منعم	mizerikordueu
bénéfique	مفید	benefik
bienfaisante	مفید	buenfezant
bénéficiaire	ذینفع	benefisuer
bénéfice	فایده	benefis
bienveillance	خوشدلی؛ نوع پرستی	buenveuans
bénévolence	خوشدلی؛ نوع پرستی	benevolans
bienveillant	خیر؛ نیکوکار	buenveuan
bienveillante	خیر؛ نیکوکار	buenveuant
bénin	جید	benen
courbé	خم؛ متمایل	kurbe
testament	وقف نامه	testam
Berlin	برلین؛ برلن	berlen
couchette	پهلو گرفتن؛ اطاق کشتی	kushet
marge de manœuvre	پهلو گرفتن؛ اطاق کشتی	marzh de- manoevr
béryl	بزادی	beril
prier	التماس کردن	prie
implorer	التماس کردن	enplore
auprès de	کنار	opre de-
outre	کنار	utr
de plus	علاوه بر این	de- plu
au reste	علاوه بر این	o rest
meilleur	بهترین	meuoer
mieux	بهترین	mueu
bestial	دامی؛ شبیه حیوان	bestual
conférer	عطا کردن؛ بذل کردن	konfere
pari	شرط بندی؛ شرط بستن	pari
parier	شرط بندی؛ شرط بستن	parue
bêta	بتا	beta
trahir	خیانت کردن	trair
trahison	خیانت؛ افشاء سر	traizon
amélioration	بهی	ameluorasuon
boisson	شربت؛ نوشابه	bwason
breuvage	شربت؛ نوشابه	breuvazh
se méfier	هان؛ هلا	se- mefue
dérouter	گیج؛ سردرگم	derute
confondre	گیج؛ سردرگم	konfondr
ahurissement	گیجی؛ سردرگمی	aurisman
au delà de	فراتر از؛ آن‌سوی	o dela de-
préjugé	تعصب	prezhuzhe
parti-pris	تعصب	partipri
Bible	انجیل؛ کتاب مقدس	bibl
bicarbonate	جوش شیرین	bikarbonat
vélo	دوچرخه	velo
bicyclette	دوچرخه	bisiklet
enchère	پیشنهاد دادن، پیشنهاد	ansher
faire une enchère	پیشنهاد دادن، پیشنهاد	fer un ansher
civière	مقبره	sivuer
catafalque	مقبره	katafalk
division	شکاف گاه	divizuon
bifurcation	شکاف گاه	bifurkasuon
grand	بزرگ	gran
gros	بزرگ	gro
moto	دوچرخه	moto
bilatéral	دوجانبه؛ دوطرفه	bilateral
fiel	صفر؛ زرداب	fuel
bile	صفر؛ زرداب	bil
bilieux	صفراوی؛ زرداب ریز	bilueu
insuffisant hépatique	صفراوی؛ زرداب ریز	ensufizan epatik
facture	صورتحساب	faktur
projet de loi	صورتحساب	prozhe de- lwa
emploi	یادداشت مختصر؛ ورقه جیره	anplwa
poste	یادداشت مختصر؛ ورقه جیره	post
milliard	میلیارد	miluar
millions	میلیارد	miluon
billon	بورچاق	biuon
boîte	سطل آشغال	bwat
conteneur	سطل آشغال	kontnoer
binaire	دوجزئی؛ دوگانه	biner
binarité	دوجزئی؛ دوگانه	binarite
lier	بستن	lue
relier	بستن	relue
relieur	صحاف؛ شیرازه	reluoer
reliure	صحاف؛ شیرازه	reluur
biographique	زیستنامهای	buografik
biographie	زندگی‌نامه	buografi
biologique	زیستی	buolozhik
biologie	زیست‌شناسی	buolozhi
bipolaire	دوقطبی	bipoler
maniaco-dépressif	دوقطبی	manuakodepresif
bouleau	توس؛ غان	bulo
badine	توس؛ غان	badin
oiseau	پرنده	wazo
oiselet	پرنده	wazle
Birmingham	بیرمنگام	birmingam
naissance	تولد	nesans
accoucher	تولد	akushe
fête	تولد	fet
lieu de naissance	زادگاه؛ مسقطالراس	lueu de- nesans
droit de naissance	حق ارشدیت	drwa de- nesans
biscuit	بیسکویت	biskui
évêque	اسقف	evek
fou	اسقف	fu
mors	تکه کوچک	mor
foret	تکه کوچک	fore
mordre	گاز؛ نیش	mordr
piquer	گاز؛ نیش	pike
dur	تلخ؛ مر	dur
amertume	تلخی	amertum
camp	اتراق؛ اتراق کردن	kan
camping	اتراق؛ اتراق کردن	kamping
bizarre	عجیب و غریب	bizar
noir	سیاه	nwar
noir de monde	سیاه	nwar de- mond
forgeron	آهنکر؛ آهنگر	forzheron
forgeronne	آهنکر؛ آهنگر	forzheron
vésicule	بادکنک؛ کمیزدان	vezikul
cubi	بادکنک؛ کمیزدان	kubi
lame	تیغه	lam
blâmer	سرزنش؛ ملامت	blame
reprocher	سرزنش؛ ملامت	reproshe
blanc	خالی	blan
vierge	خالی	vuerzh
couverture	پتو	kuvertur
général	پتو	zheneral
souffle	انفجار، منفجر کردن	sufl
explosion	انفجار، منفجر کردن	eksplozuon
feu	افروختگی؛ شعله زدن	feu
flambée	افروختگی؛ شعله زدن	flanbe
morne	درمعرض بادسرد	morn
terne	درمعرض بادسرد	tern
saigner	خونریزی کردن	senue
défauts	معایب	defo
taches	معایب	tash
mélange	ترکیب کردن	melanzh
mixer	ترکیب کردن	mikse
bénir	برکت دادن	benir
bienheureux	مبارکی	bueneureu
aveugle	کور؛ نابینا	aveugl
mal-voyant	کور؛ نابینا	malvwauan
cécité	کوری؛ نابینائی	sesite
ciller	سوسو زدن؛ نگاه مختصر	siue
clignoter	سوسو زدن؛ نگاه مختصر	klinuote
foutu	طرفه العین	futu
foutue	طرفه العین	futu
cloque	آبله؛ طاول	klok
ampoule	آبله؛ طاول	anpul
Bloc	مانع ورادع؛ جعبه قرقره	blok
bloc	بلوک؛ مسدود کردن	blok
billot	بلوک؛ مسدود کردن	biuo
blocus	گرفتگی؛ سدراه کردن	blokus
cancre	بی کله	kankr
imbécile	بی کله	enbesil
blogue	وبلاگ	blog
blog	وبلاگ	blog
blond	بلوند	blon
blonde	بلوند	blond
sang	خون	san
carnage	خونریزی؛ سفک دماء	karnazh
effusion de sang	خونریزی؛ سفک دماء	efuzuon de- san
sanguinaire	خونریز؛ خونخوار	sanginer
sanglant	خونین؛ خون آلود	sanglan
sanglante	خونین؛ خون آلود	sanglant
duvet	شکوفه؛ شکفتن	duve
pruine	شکوفه؛ شکفتن	pruin
s'épanouir	شکوفه؛ گل دادن	sepanuir
fleurir	شکوفه؛ گل دادن	fleurir
pâté	لک کردن	pate
tache	لک کردن	tash
coup	دمیدن؛ ضربه، دمیدن	ku
être nul	دمیدن؛ ضربه، دمیدن	etr nul
bleu	آبی	bleu
bleus	آبی	bleu
bluffer	توپ؛ بلف	bloefe
bleuté	آبی فام	bleute
bleuâtre	آبی فام	bleuatr
gaffe	خبط کردن؛ اشتباه کار	gaf
bourde	خبط کردن؛ اشتباه کار	burd
émousser	کند کردن؛ بی نوک	emuse
réprimer	کند کردن؛ بی نوک	reprime
à brûle-pourpoint	بالصراحه	a brulpurpwen
marque	تیرگی؛ لک کردن	mark
rougeur	روژ	ruzhoer
fard	روژ	far
boa	مار اژدر؛ اژدر مار	boa
planche	تخته، هیئت مدیره	plansh
plateau	تخته، هیئت مدیره	plato
se vanter	فخر فروختن	se- vante
vantardise	فخر فروختن	vantardiz
bateau	قایق	bato
corporel	تنی؛ جسمی	korporel
corps	بدن	kor
carrosserie	بدن	karosri
garde du corps	مستحفظ شخص؛ گارد مخصوص	gard du- kor
tourbière	سیاه آب؛ لجن زار	turbuer
chiottes	سیاه آب؛ لجن زار	shuot
bouillir	جوشاندن	buuir
faire bouillir	جوشاندن	fer buuir
chaudière	دیگ	shoduer
bruyant	بلند وناهنجار	bruiuan
tapageur	بلند وناهنجار	tapazhoer
hardi	پررنگ	ardi
effronté	پررنگ	efronte
hardiment	جسارتا؛ جسورانه	ardiman
boulon	زبانه؛ زبانه دار کردن	bulon
carreau	زبانه؛ زبانه دار کردن	karo
bombe	بمب؛ بمباران کردن	bonb
bombe sexuelle	بمب؛ بمباران کردن	bonb seksuel
bombarder	توپ زدن؛ بتوپ بستن	bonbarde
bombarde	توپ زدن؛ بتوپ بستن	bonbard
bombardement	بمباران	bonbardeman
bombardier	بمب انداز؛ بمب افکن	bonbardue
artilleur	بمب انداز؛ بمب افکن	artiuoer
obligation	صلح؛ وجه الضمانه	obligasuon
os	استخوان	os
baleine	استخوان	balen
capot	درپوش؛ کلاه سرگذاشتن	kapo
avenant	قوی وزیبا	avnan
boni	پاداش	boni
osseux	استخوانی؛ اسکلتی	oseu
néné	ساده لوح	nene
nibard	ساده لوح	nibar
livre	رزرو کردن؛ کتاب، رزرو کردن	livr
réserver	رزرو کردن؛ کتاب، رزرو کردن	rezerve
réservation	رزرو	rezervasuon
réserve	رزرو	rezerv
bouquineur	کتابی؛ ملانقطی	bukinoer
rat de bibliothèque	کتابی؛ ملانقطی	ra de- bibliotek
boum	رونق	bum
gui	رونق	gi
aubaine	هم پیاله	oben
promouvoir	افزایش دادن، افزایش	promuvwar
encouragement	افزایش دادن، افزایش	ankurazhman
copie pirate	چکمه	kopi pirat
botte	چکمه	bot
cabine	غرفه؛ جای ویژه	kabin
guérite	غرفه؛ جای ویژه	gerit
plan cul	غارت؛ غنیمت	plan ku
dépouille	غارت؛ غنیمت	depuu
bordure	کناره؛ مرز	bordur
bord	کناره؛ مرز	bor
percer	مو؛ سرخر	perse
barber	مو؛ سرخر	barbe
ennuyé	خسته	annuiue
ennuyée	خسته	annuiue
barbant	خسته‌کننده	barban
né	متولد شدن	ne
née	متولد شدن	ne
emprunter	قرض گرفتن	anprunte
retenir	قرض گرفتن	retnir
Bosnie	بوسنی	bosni
sein	سینه؛ بغل	sen
chef	رئیس	shef
patron	رئیس	patron
Boston	بوستون	boston
botaniste	گیاهشناس	botanist
botanique	گیاهشناسی	botanik
tous les deux	هر دو	tu le- deu
embêter	رنجاندن؛ ایذاء	anbete
bouteille	بطری	buteu
bas	پایین، ته	ba
fond	پایین، ته	fon
rameau	شانه حیوان	ramo
branche	شانه حیوان	bransh
rebondir	جهش کردن	rebondir
bondir	جهش کردن	bondir
sauter	مقید	sote
frontière	مرز	frontuer
illimité	بیکران؛ نامتناهی	ilimite
bouquet	گلدسته	buke
bourgeois	طبقه دوم	burzhwa
bovin	شبیه گاو؛ گاو خوی	boven
bovine	شبیه گاو؛ گاو خوی	bovin
proue	خم شدن، تعظیم	pru
étrave	خم شدن، تعظیم	etrav
boyaux	امعاء	bwauo
entrailles	امعاء	antrau
boudoir	آلاچیق	budwar
bol	کاسه	bol
chapeau melon	قدح ساز؛ مشروب خوارافراطی	shapo melon
buis	جعبه	bui
boxeur	مشتباز؛ مشتزن	boksoer
boxer	مشتباز؛ مشتزن	bokse
boxe	بوکس؛ مشتزنی	boks
garçon	پسر	garson
gars	پسر	ga
boycottage	بایکوت؛ تحریم کردن	boukotazh
boycott	بایکوت؛ تحریم کردن	boukot
chum	دوست پسر	shom
copain	دوست پسر	kopen
toise	آکولاد	twaz
accolade	آکولاد	akolad
crochet	دیاق	kroshe
parenthèse	دیاق	parantez
fanfaronner	لاف؛ بالیدن	fanfarone
natte	بافته	nat
tresse	بافته	tres
cerveau	مغز	servo
cervelle	مغز	servel
frein	ترمز؛ ترمز کردن	fren
freiner	ترمز؛ ترمز کردن	frene
tison	جور؛ داغ	tizon
laiton	نحاس؛ افسر ارشد	leton
cuivres	نحاس؛ افسر ارشد	kuivr
cuivré	برنجی؛ برنج مانند	kuivre
peste	ننر؛ کف شیر	pest
morveux	ننر؛ کف شیر	morveu
courageux	رشید؛ راد	kurazheu
bravement	شجاعانه؛ غازیانه	bravman
courage	تهور؛ شهامت	kurazh
Berthe	آفرین؛ هورا	boerdh
bravo	آفرین؛ هورا	bravo
brasero	رویگر؛ آتشدان	brazero
Brésil	برازیلیا؛ برزیل	brezil
violation	نقض کردن، نقض	vuolasuon
infraction	نقض کردن، نقض	enfraksuon
pain	نان	pen
blé	نان	ble
largeur	وسعت نظر	larzhoer
casser	شکستن، استراحت	kase
pause	شکستن، استراحت	poz
dégradation	خرابی	degradasuon
détail	خرابی	detau
Switzerland	صبحانه	switserlan
petit déjeuner	صبحانه	peti dezheune
percée	پیشرفت	perse
rupture	بهم زدن	ruptur
poitrail	سینه؛ پستان	pwatrau
poitrine	سینه؛ پستان	pwatrin
haleine	دم؛ نفس	alen
expirer	تنفس کردن؛ استنشاق کردن	ekspire
inspirer	تنفس کردن؛ استنشاق کردن	enspire
respiration	تنفس؛ ذینفس	respirasuon
culotte	ته توپ؛ ته تفنگ	kulot
race	نژاد، پرورش دادن	ras
éducation	تخم کشی؛ تولید مثل	edukasuon
gâteau	نسیم؛ بادملایم	gato
brise	نسیم؛ بادملایم	briz
brasseur	آبجوساز	brasoer
brasseuse	آبجوساز	braseuz
brasserie	آبجوسازی	brasri
pot-de-vin	رشوه؛ رشوه دادن	pode-ven
soudoyer	رشوه؛ رشوه دادن	sudwaue
corruption	رشوه؛ ارتشاء	korupsuon
brique	آجر	brik
en brique	آجر	an brik
nuptial	متعلق بعروس	nupsual
nuptiale	متعلق بعروس	nupsual
mariée	عروس	marue
épouse	عروس	epuz
marié	دامادی	marue
époux	دامادی	epu
pont	پل	pon
passerelle	پل	pasrel
bride	افسار؛ عنان	brid
brider	افسار؛ عنان	bride
bref	مختصر؛ کوتاهمدت	bref
brièvement	به طور خلاصه	brievman
concisément	به طور خلاصه	konsizeman
brigade	تیپ	brigad
clair	روشن	kler
luisant	روشن	luizan
clarifier	زرنگ کردن؛ درخشان کردن	klarifue
intelligence	فروغ؛ روشنی	entelizhans
luminosité	فروغ؛ روشنی	luminozite
brillant	درخشان	briuan
amener	آوردن	amne
apporter	آوردن	aporte
lisière	لب؛ شرف	lizuer
Grande-Bretagne	بریتانیا	grandbretanu
britannique	بریتانیایی؛ انگلیسی	britanik
Britannique	بریتانیایی؛ انگلیسی	britanik
fragile	شکننده؛ ترد	frazhil
croquant	شکننده؛ ترد	krokan
large	گشاد؛ پهن	larzh
fort	گشاد؛ پهن	for
haut débit	پهنای باند	o debi
émission	پخش؛ پراکندن	emisuon
diffuser	پخش؛ پراکندن	difuze
s'élargir	وسیع کردن	selarzhir
généralement	به طور گسترده	zheneralman
livret	جزوه؛ بروشور	livre
pamphlet	جزوه؛ بروشور	panfle
petit-nègre	شکسته	petinegr
brisé	شکسته	brize
démarcheur	واسطه؛ دلال	demarshoer
bronchite	برنشیت؛ آماس نایژه	bronshit
airain	برنز؛ برنزی	eren
bronze	برنز؛ برنزی	bronz
broche	گل سینه؛ باسنجاق آراستن	brosh
ruisseau	جوی؛ جویبار	ruiso
balai	جاروب؛ جارو	bale
Picard: ramon	جاروب؛ جارو	pikar ramon
frère	برادر	frer
pair	برادر	per
confrérie	اخوت؛ برادری	konfreri
fraternité	اخوت؛ برادری	fraternite
brun	قهوه‌ای	brun
marron	قهوه‌ای	maron
navigateur web	مرورگر	navigatoerweb
talure	کوفتگی؛ تباره	talur
cotissure	کوفتگی؛ تباره	kotisur
brune	سبزه	brun
brossage	برس، برس زدن	brosazh
brosse	برس، برس زدن	bros
brutalement	بی رحمانه	brutalman
loup	جانور خوی؛ کودن یاشهوانی	lu
bulle	حباب؛ غلغل سدن	bul
trou	حباب؛ غلغل سدن	tru
bubonique	خیارکی	bubonik
bouc	دلار، نر (جانور)	buk
piasse	دلار، نر (جانور)	puas
seau	سطل؛ دول	so
boucler	چپراست؛ سگک	bukle
boucle	چپراست؛ سگک	bukl
bouton	جوانه؛ شکوفه	buton
bourgeon	جوانه؛ شکوفه	burzhon
bouddhiste	بودایی	budist
pote	رفیق	pot
budget	بودجه	buue
chamois	گاو وحشی؛ زرد نخودی	shamwa
mordu	گاو وحشی؛ زرد نخودی	mordu
buffle	گاومیش؛ بوفالو	bufl
bison	گاومیش؛ بوفالو	bizon
tampon	بافر	tanpon
insecte	حشره، اشکال نرم‌افزاری	ensekt
micro	حشره، اشکال نرم‌افزاری	mikro
clairon	بوق	kleron
clairons	بوق	kleron
édifier	ساختن	edifue
construire	ساختن	konstruir
bâtisseur	بساز و بفروش	batisoer
constructeur	بساز و بفروش	konstruktoer
construction	ساختمان	konstruksuon
édifice	ساختمان	edifis
bulbe	سوخ؛ لامپ برق	bulb
bosse	برامدگی؛ بالارفتگی	bos
bombement	برامدگی؛ بالارفتگی	bonbman
masse	عمده	mas
en gros	عمده	an gro
corpulent	جسیم؛ تنه دار	korpulan
mâle	گاو؛ ثور	mal
taureau	گاو؛ ثور	toro
bouledogue	بول داگ	buldog
puce	تیر؛ گلوله	pus
lingot	شمش	lengo
brute	قلدر؛ گردنکلفت	brut
tyran	قلدر؛ گردنکلفت	tiran
jetée	سنگربندی	zhete
brise-lames	سنگربندی	brizlam
amas.	بقچه؛ دسته کردن	ama
fagot	بقچه؛ دسته کردن	fago
amorti	دربیس بال	amorti
flottant	شناور	flotan
flottante	شناور	flotant
charge	بار	sharzh
fardeau	بار	fardo
chiant	غم انگیز	shuan
commode	اداره؛ شورا	komod
bureaucratie	بوروکراسی	burokrasi
cambrioleur	دزد؛ دزد خانه	kanbrioloer
cambrioleuse	دزد؛ دزد خانه	kanbrioleuz
sépulture	دفن	sepultur
inhumation	دفن	inumasuon
solide	گره دار	solid
brûler	سوختن	brule
graver	سوختن	grave
bardane	غلیظ تلفظ کردن	bardan
clapier	نقب؛ زیرزمین لانه کردن	klapue
terrier	نقب؛ زیرزمین لانه کردن	terue
éclater	ترکیدن	eklate
enterrer	خاک کردن؛ گور کردن	antere
ensevelir	خاک کردن؛ گور کردن	ansevlir
autobus	اتوبوس	otobus
bus	اتوبوس	bus
buisson	بوته؛ بوش	buison
arbrisseau	بوته؛ بوش	arbriso
boisseau	لیتر است؛ با پیمانه وزن کردن	bwaso
affaires	کسب و کار	afer
entreprise	کسب و کار	antrepriz
homme d'affaires	بازرگان	om dafer
businessman	بازرگان	biznoesmoen
buste	ورشکست کردن؛ ورشکست شدن	bust
tournure	هایهو	turnur
branlebas	هایهو	branlba
occupé	مشغول	okupe
se livrer	مشغول	se- livre
mais	اما	me
cependant	اما	sepandan
boucher	قصاب؛ قصابی کردن	bushe
bouchère	قصاب؛ قصابی کردن	busher
sommelier	ساقی؛ آبدارباشی	somelue
majordome	ساقی؛ آبدارباشی	mazhordom
beurre	کره	boer
beurrer	کره	boere
papillon	پروانه	papiuon
babeurre	آبدوغ	baboer
arrière-train	سرین؛ لنبر	aruertren
badge	دکمه	bau
macaron	دکمه	makaron
boutonnière	مادگی	butonuer
acheter	خریدن	ashte
gober	خریدن	gobe
acheteur	خریدار؛ خرنده	ashtoer
coup de fil	ویزویز کردن؛ نامشخص حرف زدن	ku de- fil
bourdonner	ویزویز کردن؛ نامشخص حرف زدن	burdone
à côté de	توسط، کنار	a kote de-
salut	خداحافظ	salu
taxi	تاکسی؛ جای لوکوموتیوران	taksi
chou	کلم	shu
chauffeur de taxi	رانندهتاکسی	shofoer de- taksi
cabane	کلبه	kaban
armoire	کابینت، هیئت وزیران	armwar
cabinet	کابینت، هیئت وزیران	kabine
télévision par câble	تلگراف؛ طناب سیمی	televizuon par kabl
câblodiffusion	تلگراف؛ طناب سیمی	kablodifuzuon
caquet	نعیب کردن؛ غار غار	kake
ricanement	نعیب کردن؛ غار غار	rikanman
café	کافه	kafe
cage	قفس؛ درقفس نهادن	kazh
encager	قفس؛ درقفس نهادن	ankazhe
or a small	کیک	or asmol
calamiteux	پربلا؛ مصیبت بار	kalamiteu
calamité	بلا؛ آفت	kalamite
calculer	حساب کردن؛ احتساب کردن	kalkule
calcul	محاسبه	kalkul
résultat	محاسبه	rezulta
calendrier	تقویم؛ سالنما	kalandrie
agenda	تقویم؛ سالنما	azhenda
mollet	گوساله؛ عجل	mole
veau	گوساله؛ عجل	vo
calicot	چلوار	kaliko
Californie	کالیفرنیا	kaliforni
californien	کالیفرنیایی	kalifornuen
Californien	کالیفرنیایی	kalifornuen
appeler	صدا زدن، تماس گرفتن	aple
endurci	پینهدار؛ سنگ دل	andursi
insensible	پینهدار؛ سنگ دل	ensansibl
calus	پینه؛ پینه ای	kalu
durillon	پینه؛ پینه ای	duriuon
calme	آرام؛ ملایم	kalm
tranquille	آرام؛ ملایم	trankil
paisiblement	به آرامی	pezibleman
calorie	کالری	kalori
calomnie	افترا؛ بهتان	kalomni
chameau	شتر؛ سار	shamo
camaïeu	به زرد	kamaueu
appareil photo	دوربین	apareu foto
caméra	دوربین	kamera
clique	اردو، اردو زدن	klik
camp de réfugiés	اردو، اردو زدن	kan de- refuzhue
campagne	کارزار؛ کمپین	kanpanu
candidate	نامزد انتخابات	kandidat
campisme	اردو زدن	kanpism
pouvoir	توانستن (فعل کمکی)؛ قوطی	puvwar
jeter	توانستن (فعل کمکی)؛ قوطی	zhete
Canada	کانادا	kanada
canadien	کانادایی	kanaduen
canadienne	کانادایی	kanaduen
canal	کانال	kanal
annuler	فسخکردن؛ موقوف کردن	anule
se désabonner	فسخکردن؛ موقوف کردن	se- dezabone
annulation	فسخ؛ لغو	anulasuon
Cancer	سرطان	kanser
cancer	سرطان	kanser
cancéreux	سرطانی	kansereu
candide	صاف؛ بی تزویر	kandid
sincère	صاف؛ بی تزویر	senser
bougie	شمع	buzhi
chandelle	شمع	shandel
bonbon	نقل؛ شیرینی	bonbon
sucrerie	نقل؛ شیرینی	sukreri
canne	عصا؛ قصب	kan
tige	عصا؛ قصب	tizh
cartouche	چای دان؛ گازاشک آور	kartush
en boîte	مست باده	an bwat
en conserve	مست باده	an konserv
ne pas pouvoir	نمی‌تواند (فعل کمکی)	ne- pa puvwar
canoë	قایق رانی	kanoe
canopée	سایبان گذاشتن؛ کروک اتومبیل	kanope
dais	سایبان گذاشتن؛ کروک اتومبیل	de
armes parlantes	سلانه سلانه	arm parlant
lange de bois	سلانه سلانه	lanzh de- bwa
toile	بوم نقاشی	twal
toiler	بوم نقاشی	twale
canyon	دربند؛ تنگه	kanuon
tuque	کلاهک	tuk
bonnet	کلاهک	bone
expérimenté	قابل؛ لایق	eksperimante
spacieux	جادار؛ گنجا	spasueu
cap	شنل	kap
cape	شنل	kap
capillaire	عروق شعریه	kapiuer
majuscule	پایتخت، سرمایه	mazhuskul
chapiteau	پایتخت، سرمایه	shapito
capitalisme	سرمایه‌داری	kapitalism
capitaliste	سرمایه‌دار	kapitalist
reddition	کاپیتولاسیون	redisuon
capitulation	کاپیتولاسیون	kapitulasuon
capricieux	بوالهوس؛ هوسران	kaprisueu
gélule	کپسول؛ پوشینه	zhelul
capsule	کپسول؛ پوشینه	kapsul
capitaine de vaisseau	ناخدا؛ سروان	kapiten de- veso
capitaine	ناخدا؛ سروان	kapiten
captif	بندی؛ دربند	kaptif
captive	بندی؛ دربند	kaptiv
captivité	گرفتاری؛ اسارت	kaptivite
attraper	تسخیر؛ دستگیری	atrape
captiver	تسخیر؛ دستگیری	kaptive
caravane	کاروان	karavan
carbone	کربن	karbon
carte	کارت	kart
fiche	کارت	fish
carton	مقوا؛ مقوای نازک	karton
cardiaque	فم المعدی	karduak
rouge cardinal	کاردینال؛ عدداصلی	ruzh kardinal
cardinal	کاردینال؛ عدداصلی	kardinal
soin	مراقبت، اهمیت دادن	swen
se soucier	مراقبت، اهمیت دادن	se- susue
carrière	شغل، حرفه	karuer
insouciant	سبکبار؛ بی غم	ensusuan
prudent	مراقب	prudan
prudente	مراقب	prudant
soigneusement	با دقت	swanueuzman
étourdi	بیدقت؛ مسالمتآمیز	eturdi
négligemment	سرسری؛ غافلا	neglizhaman
incurie	غفلت؛ مسامحه	enkuri
négligence	غفلت؛ مسامحه	neglizhans
caresser	نوازش؛ ناز	karese
cargaison	بار	kargezon
caraïbe	کارائیب	karaib
Caraïbes	کارائیب	karaib
caricature	کاریکاتور؛ کاریکاتور ساختن	karikatur
massacre	قتل عام	masakr
carnaval	کارناول؛ کارناوال	karnaval
Caroline	کارولینا	karolin
carpien	مچ دستی	karpuen
menuisier	درودگر؛ نجار	menuizue
charpentier	درودگر؛ نجار	sharpantue
charpenterie	نجاری؛ درودگری	sharpantri
tapis	فرش	tapi
moquette	فرش	moket
wagon	کالسکه	vagon
pigeon voyageur	حامل؛ ترک بند	pizhon vwauazhoer
charogne	لاش؛ گوشت گندیده	sharonu
carotte	هویج	karot
porter	حمل کردن	porte
chariot	چرخ؛ گاری	sharuo
charrette	چرخ؛ گاری	sharet
cartilage	غضروف	kartilazh
dessin animé	کارتون	desen anime
BD	کارتون	bulvar
sculpter	حکاکی کردن	skulte
découper	حکاکی کردن	dekupe
cascade	آبشار	kaskad
cas	مورد، پرونده	ka
valise	مورد، پرونده	valiz
espèces	پول نقد	espes
encaisser	پول نقد	ankese
caissier	صندوقدار؛ تحویلدار	kesue
caissière	صندوقدار؛ تحویلدار	kesuer
casino	کازینو	kazino
coffret	صندوق یاتابوت	kofre
audiocassette	کاست	oduokaset
vidéocassette	کاست	videokaset
soutane	دلق	sutan
jet	افکندن؛ بر افکندن	zhe
plâtre	افکندن؛ بر افکندن	platr
caste	صنف	kast
château	قلعه	shato
château-fort	قلعه	shatofor
occasionnel	معمولی	okazuonel
victime	تلفات	viktim
or the trap itself	گربه	ordhoe trapitself
chat	گربه	sha
inventaire	کاتالوگ	envanter
catalogue	کاتالوگ	katalog
désastre	مصیبت؛ بلای ناگهانی	dezastr
catastrophe	مصیبت؛ بلای ناگهانی	katastrof
hic	گرفتن	ik
catégorie	طبقه؛ رده	kategori
fournir	پذیرایی کردن	furnir
procurer	پذیرایی کردن	prokure
cathédrale	کلیسا	katedral
catholique	کاتولیک؛ جامع	katolik
félin	گربهوار	felen
bétail	گله گاو	betau
Caucase	قزاقی	kokaz
chou-fleur	گلکلم	shufloer
causale	سببی؛ علتی	kozal
causal	سببی؛ علتی	kozal
causatif	سبب شونده	kozatif
cause	علت، باعث شدن	koz
causer	علت، باعث شدن	koze
admonition	احتیاط	admonisuon
précaution	احتیاط	prekosuon
précautionneusement	از رویاحتیاط	prekosuoneuzman
cavalcade	گردش سواره	kavalkad
cavalier	شوالیه	kavalue
chevalier	شوالیه	shevalue
cavalerie	سواره نذام	kavalri
grotte	غار	grot
caverne	غار	kavern
carie	گودی	kari
cadmium	سی‌دی	kadmuom
candela	سی‌دی	kandla
cesser	متوقف کردن	sese
cèdre	سرو؛ سدر	sedr
plafond	سقف	plafon
partie entière par excès	سقف	parti antuer par ekse
fêter	جشن گرفتن	fete
célébrer	جشن گرفتن	selebre
célébration	جشن؛ برگزاری	selebrasuon
célébrité	سلبریتی	selebrite
céleste	سماوی؛ عرشی	selest
cellule	یاخته؛ سلول	selul
mobile	یاخته؛ سلول	mobil
cave	زیرزمین؛ سرداب	kav
cellier	زیرزمین؛ سرداب	selue
cellulaire	سلولی؛ سلول دار	seluler
celte	سلتی؛ زبان سلتی	selt
celtique	سلتی؛ زبان سلتی	seltik
colle	سیمان؛ سمنت	kol
cimetière	قبرستان	simtuer
encensoir	بخورسوز؛ عودسوز	ansanswar
censure	سانسور	sansur
recensement	سرشماری؛ آمارگیری	resansman
cent	سنت	san santim / santim
centime	سنت	san santim / santim
centenaire	صدساله؛ یادبود صدساله	santner
pivot	مرکز؛ وسط	pivo
centre	مرکز؛ وسط	santr
centrale	مرکزی؛ میانی	santral
central	مرکزی؛ میانی	santral
centralisation	تمرکز	santralizasuon
centralisé	متمرکز	santralize
milieu	مرکز	milueu
substance	مرکز	substans
centrifuge	مرکزگریز؛ نیروی گریز از مرکز	santrifuzh
centurie	قرن	santuri
siècle	قرن	suekl
céréale	غله؛ حبوبات	sereal
cérébral	مغزی؛ دماغی	serebral
cérémonie	تشریفاتی	seremoni
sûr	مطمئن	sur
sûre	مطمئن	sur
bien sûr	قطعا	buen sur
pour sûr	قطعا	pur sur
certitude	قطعیت	sertitud
document	گواهی	dokuman
cervical	گردنی	servikal
chagrin	غم وغصه	shagren
chaîne	سلسله؛ زنجیر	shen
chaîner	سلسله؛ زنجیر	shene
chaise	صندلی	shez
président	رئیس؛ فرنشین	prezidan
secrétaire général	رئیس؛ فرنشین	sekreter zheneral
calice	جام	kalis
craie	گچ؛ تباشیر	kre
magnésie	گچ؛ تباشیر	manuezi
défi	طلب حق؛ سر تافتن	defi
challenge	طلب حق؛ سر تافتن	shalanzh
salle	اتاق	sal
champion	میدان جنگ	shanpuon
championne	میدان جنگ	shanpuon
Champagne-Ardenne	شامپانی	shanpanuarden
Champagne	شامپانی	shanpanu
championnat	قهرمانی	shanpuona
raccroc	شانس	rakro
chance	شانس	shans
chancelier	صدر اعظم	shanselue
chancelière	صدر اعظم	shansluer
lustre	چلچراغ؛ لوستر	lustr
canaliser	مجری؛ مجرا	kanalize
charivari	هرج و مرج	sharivari
tumulte	هرج و مرج	tumult
mec	خشکی شدن؛ خشکی زدن	mek
bougre	خشکی شدن؛ خشکی زدن	bugr
aumônier	پیشنماز؛ قاضی عسگر	omonue
chapelain	پیشنماز؛ قاضی عسگر	shaplen
section	فصل؛ بخش	seksuon
caractère	شخصیت	karakter
personnage	شخصیت	personazh
caractéristique	اختصاصی؛ مشخصه	karakteristik
caractériser	توصیف کردن	karakterize
charbon de bois	زغال؛ ذغال	sharbon de- bwa
frais	عهده؛ تهمت	fre
charriot	اراده؛ ارابه	sharuo
caritatif	خیر؛ اوقاف	karitatif
charité	خیریه	sharite
organisme de charité	خیریه	organism de- sharite
charlatan	چاچولباز؛ شارلاتان	sharlatan
charme	جذابیت	sharm
fétiche	جذابیت	fetish
charmant	جذاب	sharman
graphe	نمودار	graf
charte	منشور	shart
affretter	منشور	afrete
poursuite	تعقیب کردن، تعقیب	pursuit
chasser	تعقیب کردن، تعقیب	shase
chaste	مخدر؛ عفیف	shast
discussion	گپ زدن	diskusuon klavardazh / sha
clavardage	گپ زدن	diskusuon klavardazh / sha
jacassement	ورور کردن؛ وراجی کردن	zhakasman
bagou	ورور کردن؛ وراجی کردن	bagu
radin	ارزان	raden
modique	ارزان	modik
tromper	فریب؛ گولزدن	tronpe
tricher	فریب؛ گولزدن	trishe
vérifier	بررسی کردن، چک؛ چک کردن	verifue
chèque	بررسی کردن، چک؛ چک کردن	shek
échec et mat	مات کردن؛ شاه مات	eshek e mat
faire échec et mat	مات کردن؛ شاه مات	fer eshek e mat
fesse	گونه	fes
joyeux	خرم؛ شنگول	zhwaueu
content	خرم؛ شنگول	kontan
fromage	پنیر	fromazh
fric	پنیر	frik
chef cuisinier	سرآشپز	shef kuizinue
produit chimique	شیمیایی	produi shimik
chimique	شیمیایی	shimik
chimiste	شیمیدان	shimist
chimie	شیمی	shimi
tenir	ورزیدن؛ عزیز داشتن	tenir
chérir	ورزیدن؛ عزیز داشتن	sherir
cerise	گیلاس	seriz
cerisier	گیلاس	serizue
échecs	شطرنج؛ شترنج	eshek
échiquier	تخته شطرنج	eshikue
coffre	سینه؛ قص	kofr
châtaigne	بلوط؛ شاه بلوط	shatenu
mâcher	خاییدن؛ جویدن	mashe
mordiller	خاییدن؛ جویدن	mordiue
Chicago	شیکاگو	shikago
poltron	مرغ	poltron
poule mouillée	مرغ	pul muue
principal	رئیس؛ اصلی	prensipal
surtout	عمدتاً	surtu
chiffon	تور نازک؛ نوعی کیک	shifon
enfant	کودک	anfan
enfance	خردی؛ بچگی	anfans
puéril	کودکانه؛ بچگانه	pueril
enfantin	کودکانه؛ بچگانه	anfanten
sans enfants	بی فرزند؛ بی اولاد	sanz anfan
frisson	چایمان؛ سرد کردن	frison
froid	چایمان؛ سرد کردن	frwa
carillon	ناقوس را؛ سازیاموسیقی زنگی	kariuon
carillonner	ناقوس را؛ سازیاموسیقی زنگی	kariuone
chimérique	هوس باز؛ هوس آمیز	shimerik
cheminée	دودکش؛ تنوره	shemine
menton	چانه؛ پوز	manton
porcelaine	چین؛ ظروف چینی	porselen
Chine	چین؛ ظروف چینی	shin
chinois	چینی؛ زبان چینی	shinwa
Chinois	چینی؛ زبان چینی	shinwa
chintok	درزپیدا کردن	shentok
chinetoc	درزپیدا کردن	shintok
coche	چیپس، تراشه	kosh
micropuce	چیپس، تراشه	mikropus
burin	اسکنه؛ منقاش	buren
ciseau	اسکنه؛ منقاش	sizo
galanterie	سلحشوری	galantri
chevalerie	سلحشوری	shevalri
chocolat	شکلات	shokola
praline	شکلات	pralin
morceau de choix	انتخاب	morso de- shwa
chœur	گروه کر	koer
classe	گروه کر	klas
juguler	اختناق؛ ساسات	zhugule
étouffer	اختناق؛ ساسات	etufe
choléra	وبا	sholera
décider	انتخاب کردن	deside
élire	انتخاب کردن	elir
couper	خرد کردن	kupe
hacher	خرد کردن	ashe
crisse	مسیح؛ یاعلی	kris
bon Dieu de merde	مسیح؛ یاعلی	bon dueu de- merd
christianisme	مسیحیت؛ عیسویت	kristuanism
chrétien	نصارا	kretuen
chrétienne	نصارا	kretuen
chronique	مزمن	kronik
chronologique	زمانی	kronolozhik
dodu	خپله	dodu
potelé	خپله	potle
mandrin	مرغک	mandren
vomir	مرغک	vomir
église	کلیسا	egliz
agiter	چرخی	azhite
baratter	چرخی	barate
verre de cidre	آب سیب؛ شربت سیب	ver de- sidr
cidre	آب سیب؛ شربت سیب	sidr
cigare	سیگار برگ	sigar
cigarette	سیگار	sigaret
film	سینما	film
cinéma	سینما	sinema
disque	دایره، دور چیزی کشیدن	disk
cercle	دایره، دور چیزی کشیدن	serkl
circuit	مدار	sirkui
rond	حلقهای؛ مدور	ron
circulaire	حلقهای؛ مدور	sirkuler
circuler	گردش کردن	sirkule
circulation	گردش	sirkulasuon
circoncision	ختنه	sirkonsizuon
circonspect	ملاحظه کار؛ مال اندیش	sirkonspekt
circonstance	چگونگی	sirkonstans
cirque	میدان؛ جولانگاه	sirk
citadelle	ارک؛ قلعه نظامی	sitadel
citer	اقتباس کردن؛ اتخاذ سند کردن	site
convoquer	اقتباس کردن؛ اتخاذ سند کردن	konvoke
civil	شهروند	sivil
civile	شهروند	sivil
citoyenneté	شهروندی	sitwauente
nationalité	شهروندی	nasuonalite
cité	شهر	site
ville	شهر	vil
civique	مدنی	sivik
poli	مدنی؛ غیرنظامی	poli
politesse	نزاکت	polites
civilisation	تمدن	sivilizasuon
civilisé	متمدن	sivilize
réclamation	طلب؛ ادعا	reklamasuon
revendication	طلب؛ ادعا	revandikasuon
prétendant	مدعی؛ مطالبه کننده	pretandan
moite	بی حرارت؛ سرد ومرطوب	mwat
clamer	سروصدا؛ غریو کشیدن	klame
vociférer	سروصدا؛ غریو کشیدن	vosifere
attache	گیره؛ سوزن بند	atash
clan	طایفه؛ قبیله	klan
clandestin	غیرمشروع	klandesten
sifflement	صدای شیپور	sifleman / glapisman kriauman
glapissement	صدای شیپور	sifleman / glapisman kriauman
criaillement	صدای شیپور	sifleman / glapisman kriauman
clarification	تبیین	klarifikasuon
clarté	وضوح	klarte
Clark	کلارک	klark
fracas	درگیری	fraka
cliquetis	درگیری	klikti
fermoir	سرچسب؛ جفت چپراست	fermwar
serrer	سرچسب؛ جفت چپراست	sere
classique	کلاسیک	klasik
classification	طبقه‌بندی	klasifikasuon
classifier	طبقه‌بندی کردن	klasifue
salle de classe	کلاس درس	sal de- klas
claquer	زغ زغ کردن	klake
griffe	پنجه؛ چنگ	grif
pied-de-biche	پنجه؛ چنگ	puede-bish
argile	گل؛ رس	arzhil
terre battue	گل؛ رس	ter batu
net	تمیز، تمیز کردن	net
propre	تمیز، تمیز کردن	propr
nettoyage	زدایش؛ پاک سازی	netwauazh
propreté	نظافت؛ پاکی	proprete
nettoyer	تطهیر کردن	netwaue
purifier	تطهیر کردن	purifue
soldes	مفاصا؛ برائت ذمه	sold
braderie	مفاصا؛ برائت ذمه	bradri
clairement	به وضوح	klerman
clivage	رخ؛ شکافتگی	klivazh
fendoir	ساطور؛ ساتور	fandwar
couperet	ساطور؛ ساتور	kupre
fissure	شکاف دار	fisur
pitié	اعتدال عناصر	pitue
compassion	اعتدال عناصر	konpasuon
clergé	روحانیون؛ مردروحانی	klerzhe
clerc	روحانی؛ مجتهد	kler
prêtre	روحانی؛ مجتهد	pretr
clérical	دفتری	klerikal
greffier	کارمند	grefue
agile	باهوش	azhil
ingéniosité	هشیاری؛ زرنگی	enzhenuozite
clic	تیک؛ صدای مختصر	klik
déclic	تیک؛ صدای مختصر	deklik
client	موکل؛ ارباب رجوع	klian
falaise	صخره	falez
climat	آب و هوا	klima
jouissance	اوج؛ منتها درجه	zhuisans
grimper	بالا رفتن	grenpe
grimpeur	صعود کننده	grenpoer
étreinte	مشت کردن؛ قاطع ساختن	etrent
câlin	مشت کردن؛ قاطع ساختن	kalen
coller	چسبیدن	kole
accrocher	چسبیدن	akroshe
clinique	درمانگاه	klinik
extrait	گیره، کلیپ	ekstre
clip	گیره، کلیپ	klip
pelisse	شنل؛ عبا	pelis
pèlerine	شنل؛ عبا	pelrin
horloge	ساعت دیواری	orlozh
compteur de vitesse	ساعت دیواری	kontoer de- vites
cloître	در صومعه گذاشتن	klwatr
fermer	بستن؛ نزدیک	ferme
proche	بستن؛ نزدیک	prosh
fermé	بسته	ferme
privé	بسته	prive
intimité	نزدیکی؛ تقریب	entimite
placard	قفسه؛ گنجه	plakar
fermeture	بسته شدن	fermetur
idiot	لخته؛ علقه	iduo
imbecile	لخته؛ علقه	enbsil
tissu	پارچه	tisu
vêtements	لباس‌ها	vetman
habits	پوشاک	abi
nuage	ابر	nuazh
s'obscurcir	ابر	sobskursir
nuageux	ابری؛ میغی	nuazheu
trouble	ابری؛ میغی	trubl
bouffon	دلقک؛ الدنگ	bufon
clown	دلقک؛ الدنگ	klun
bâton	باشگاه	baton
gourdin	باشگاه	gurden
indice	مدرک؛ سر نخ	endis
preuve	مدرک؛ سر نخ	preuv
touffe	انبوه کردن؛ ضربه سنگین	tuf
maladroitement	ناشیانه؛ شلخته وار	maladrwatman
gauche	ناشی؛ بی عرضه	gosh
amas	خوشه	ama
embrayage	چنگ	anbreuazh
couvée	چنگ	kuve
cocher	کالسکهچی؛ درشکهچی	koshe
caillot	منعقد کردن؛ دلمه کردن	kauo
coagulat	منعقد کردن؛ دلمه کردن	koagula
coagulation	انعقاد؛ لختگی	koagulasuon
braises	زغال کردن؛ زغال سنگ	brez
brut	درشت؛ زبر	brut
côte	ساحل	kot
caboter	ساحل	kabote
côtier	ساحلی	kotue
couche	کت، پالتو	kush
manteau	کت، پالتو	manto
enrobage	روکش؛ کپسول	anrobazh
cajoler	ریشخند کردن؛ چرب زبانی کردن	kazhole
amadouer	ریشخند کردن؛ چرب زبانی کردن	amadue
torchis	کاهگلی	torki
cygne mâle	کاهگلی	sinu mal
savetier	پینه دوز	savetue
savetière	پینه دوز	savtuer
cocaïne	کوکائین	kokain
cocktail	کوکتل	koktau
cacao	کاکائو	kakao
poudre de cacao	کاکائو	pudr de- kakao
morue	نوعی ماهی؛ کیسه کوچک	moru
cabillaud	نوعی ماهی؛ کیسه کوچک	kabiuo
code	کد	kod
coder	کد	kode
forcer	ناگزیر کردن	forse
contraindre	ناگزیر کردن	kontrendr
coercition	اجبار؛ عنف	koersisuon
coexister	همزیستی کردن	koegziste
coexistence	همزیستی؛ همزیگری	koegzistans
caféier	قهوه	kafeue
cercueil	تابوت	serkoeu
force de conviction	قدرت عقیده	fors de- konviksuon
cognitif	شناختی	konuitif
logique	منسجم	lozhik
cohérent	منسجم	koeran
bobine	بوبین	bobin
stérilet	بوبین	sterile
jeton	سکه؛ سکه زدن	zheton
frappe	مسکوکات؛ ابداع واژه	frap
coïncider	مصادف بودن	koenside
coïncidence	تصادف	koensidans
simultané	منطبق؛ مصادف	simultane
concomitant	منطبق؛ مصادف	konkomitan
rhume	سرد، سرما	rum
froideur	برودت؛ سردی	frwadoer
collaborer	همکاری کردن	kolabore
collaboration	همکاری	kolaborasuon
effondrement	هوار؛ فروریختگی	efondreman
s'effondrer	هوار؛ فروریختگی	sefondre
collier	یقه؛ طوق	kolue
col	یقه؛ طوق	kol
collègue	همکار	koleg
confrère	همکار	konfrer
rassembler	جمع آوری کردن	rasanble
recueillir	جمع آوری کردن	rekoeuir
conjointement	اجماعا؛ مجتمعا	konzhwentman
collecteur	گردآورنده	kolektoer
collectionneur	گردآورنده	koleksuonoer
collège	کالج	kolezh
université	کالج	universite
universitaire	دانشکدهای	universiter
collégial	دانشکدهای	kolezhual
heurter	خوردن؛ برخورد کردن	oerte
entrer en collision	خوردن؛ برخورد کردن	antre an kolizuon
collision	برخورد	kolizuon
deux points	دونقطه؛ نشان دونقطه	deu pwen
côlon	دونقطه؛ نشان دونقطه	kolon
colonel	سرهنگ	kolonel
colonial	استعماری	kolonual
colonisation	استعمار	kolonizasuon
colonie	کلونی	koloni
couleur	رنگ؛ فام	kuloer
en couleur	رنگ؛ فام	an kuloer
Colorado	کلرادو	kolorado
coloré	رنگی؛ چرده	kolore
de couleur	رنگی؛ چرده	de- kuloer
colorer	رنگ	kolore
poulain	شخص ناآزموده؛ نوعی طپانچه	pulen
jeunot	شخص ناآزموده؛ نوعی طپانچه	zheuno
Columbia	کلمبیا	kolunbua
Colombie	کلمبیا	kolonbi
colonne	ستون	kolon
chroniqueur	ستون‌نویس	kronikoer
chevelure	اغماء؛ بیهشی	shevlur
coma	اغماء؛ بیهشی	koma
crête	شانه؛ شانه کردن	kret
peigne	شانه؛ شانه کردن	penu
combinaison	ترکیب؛ اختلاط	konbinezon
combiner	آمیختن؛ ادغام	konbine
venir	آمدن	venir
comédie	کمدی	komedi
comète	ذوذنب؛ ستاره دنباله دار	komet
confort	راحتی؛ آسایش	konfor
consoler	راحتی؛ آسایش	konsole
confortable	راحت	konfortabl
confortablement	براحتی	konfortableman
comique	کمدی	komik
drôle	کمدی	drol
virgule	ویرگول؛ واوک	virgul
commande	فرمان؛ دستور دادن	komand komand / komandman
commandement	فرمان؛ دستور دادن	komand komand / komandman
commandeur	فرمانده	komandoer
commandant	فرمانده	komandan
départ	فتح	depar
féliciter	سفارش؛ تقریظ	felisite
recommander	سفارش؛ تقریظ	rekomande
commenter	نظر، نظر دادن	komante
commentaire	نظر، نظر دادن	komanter
commentateur	مفسر	komantatoer
rapports	بازرگانی	rapor
commerce	بازرگانی	komers
courtage	کمیسیون؛ کارمزد	kurtazh
commission d'agent immobilier	کمیسیون؛ کارمزد	komisuon dazhan immobilue
commissaire	کمیسر	komiser
confier	مرتکب شدن؛ سر سپردن	konfue
remettre	مرتکب شدن؛ سر سپردن	remetr
engagement	سرسپردگی	angazhman
tuteur	کمیته؛ کمیسیون	tutoer
gardien	کمیته؛ کمیسیون	garduen
bien	کالا	buen
produit	کالا	produi
commun	رایج، مشترک	komun
commune	رایج، مشترک	komun
fréquemment	علیالرسم؛ عرفا	frekaman
communs	مردم عادی	komun
communauté	مشترک المنافع	komunote
richesse commune	مشترک المنافع	rishes komun
chahut	جنجال؛ هیاهو	shau
rixe	جنجال؛ هیاهو	riks
communautaire	اشتراکی	komunoter
communiquer	ارتباط برقرار کردن	komunike
se communiquer	ارتباط برقرار کردن	se- komunike
communication	مکاتبه؛ ابلاغ	komunikasuon
communion	صمیمیت وهمدلی	komunuon
communisme	کمونیسم؛ مسلک اشتراکی	komunism
communiste	کمونیست	komunist
épais	فشرده؛ فشرده کردن	epe
succinct	فشرده؛ فشرده کردن	suchinkt
compagne	همدم	konpanu
compagnon	همدم	konpanuon
compagnie	شرکت	konpani
comparable	قابل مقایسه	konparabl
comparatif	مقایسه‌ای	konparatif
relativement	بالنسبه	relativman
comparer	مقایسه کردن	konpare
degrés de comparaison	قیاس؛ مقایسه	degre de- konparezon
comparaison	قیاس؛ مقایسه	konparezon
compartiment	کوپه	konpartiman
portée	حیطه؛ پرگار	porte
étendue	حیطه؛ پرگار	etandu
compatissant	شفیق؛ دلسوز	konpatisan
compatible	سازگار	konpatibl
compatriote	هم وطن	konpatriot
obliger	مجبور کردن	oblizhe
compinscate	جبران کردن	konpenskat
contrepartie	جبران	kontreparti
dédommagement	جبران	dedomazhman
rivaliser	رقابت کردن	rivalize
compétence	صلاحیت	konpetans
concours	رقابت	konkur
concurrence	رقابت	konkurans
compétitif	رقابتی؛ قابل رقابت	konpetitif
concurrent	رقیب؛ هم چشم	konkuran
compétiteur	رقیب؛ هم چشم	konpetitoer
compilation	تدوین؛ همگردانی	konpilasuon
compiler	گردآوری کردن	konpile
complaisance	خود خوشنودی	konplezans
suffisant	خود خوشنود؛ عشرت طلب	sufizan
complaisant	خود خوشنود؛ عشرت طلب	konplezan
se plaindre	شکایت کردن	se- plendr
porter plainte	شکایت کردن	porte plent
plainte	گله؛ شکوه	plent
complète	تکمیل کردن	konplet
compléter	تکمیل کردن	konplete
complémentaire	مکمل؛ متممی	konplemanter
complet	کامل، تکمیل کردن	konple
achever	کامل، تکمیل کردن	ashve
achèvement	تکمیل	ashevman
exécution	تکمیل	egzekusuon
complexe	عقده؛ مجتمع	konpleks
teint	بشره	ten
complexion	بشره	konpleksuon
complexité	پیچیدگی	konpleksite
conformité	انطباق	konformite
observance	انطباق	observans
compliquer	مشکل کردن؛ بغرنج کردن	konplike
complication	پیچیدگی	konplikasuon
compliment	تعارف	konpliman
gratuit	تعارفی؛ تعارف آمیز	gratui
flatteur	تعارفی؛ تعارف آمیز	flatoer
respecter	تبعیت کردن	respekte
composant	مولفه	konpozan
composer	ساختن	konpoze
compositeur	آهنگساز	konpozitoer
essai	ترکیب، قطعه موسیقی	ese
œuvre	ترکیب، قطعه موسیقی	oevr
composé	ترکیب	konpoze
composé chimique	ترکیب	konpoze shimik
comprendre	درک نمودن	konprandr
compréhensible	قابل درک	konpreansibl
entendement	درک؛ فهم	antandman
compréhension	درک؛ فهم	konpreansuon
exhaustif	جامع	egzostif
comprimer	کمپرس؛ متراکمکردن	konprime
condenser	کمپرس؛ متراکمکردن	kondanse
concision	تراکم؛ فشردگی	konsizuon
contenir	شامل بودن	kontnir
compromettre	مصالحه	konprometr
obligatoire	اجباری	obligatwar
computer	محاسبه کردن	kumpuutoer
ordinateur	کامپیوتر	ordinatoer
concave	مقعر	konkav
cacher	پنهان کردن	kashe
dissimuler	پنهان کردن	disimule
céder	اعتراف کردن	sede
concept	نخوت؛ خود بینی	konsept
vanité	نخوت؛ خود بینی	vanite
pensable	قابل تصور	pansabl
imaginable	قابل تصور	imazhinabl
concevoir	تصور کردن	konsvwar
tomber enceinte	تصور کردن	tonbe ansent
se concentrer	تغلیظ کردن	se- konsantre
concentrer	تغلیظ کردن	konsantre
densité	تمرکز؛ غلظت	dansite
concentrique	هم مرکز؛ متحد المرکز	konsantrik
notion	مفهوم	nosuon
conceptuel	ادراکی؛ تعقلی	konseptuel
intérêt.	پروا؛ مربوط بودن	entere
importance	پروا؛ مربوط بودن	enportans
concert	کنسرت	konser
concession	امتیاز	konsesuon
conciliation	استمالت	konsiluasuon
accommodant	آشتی کننده؛ استمالت پذیر	akomodan
concis	لب گو؛ فشرده ومختصر	konsi
conclure	منعقد کردن؛ استنتاج کردن	konklur
fin	عاقبت؛ خاتمه	fen
conclusion	عاقبت؛ خاتمه	konkluzuon
conclusif	مسکت؛ اختتامی	konkluzif
concorde	سازگاری؛ همدلی	konkord
hall	محل اجتماع؛ محل ملاقات	hol
concret	بتن، واقعی	konkre
de béton	بتن، واقعی	de- beton
commotion	ضربت سخت	komosuon
commotion cérébrale	ضربت سخت	komosuon serebral
condamner	محکوم کردن	kondane
condamnation	محکومیت	kondanasuon
déshydratation	تراکم؛ تغلیظ	dezidratasuon
condensation	تراکم؛ تغلیظ	kondansasuon
se condenser	متراکم؛ غلیظ	se- kondanse
condescendre	تواضع کردن	kondesandr
condescendant	نوازش کننده	kondesandan
condition	وضعیت	kondisuon
état	وضعیت	eta
conditionnel	مشروط؛ شرطی	kondisuonel
réconfort	عزا؛ تعزیت	rekonfor
condoléances	عزا؛ تعزیت	kondoleans
conductivité	رسانائی؛ قابلیت هدایت	konduktivite
chef d'orchestre	هادی؛ رسانا	shef dorkestr
conducteur	هادی؛ رسانا	konduktoer
pive	مخروط؛ میوه کاج	piv
pomme de pin	مخروط؛ میوه کاج	pom de- pen
confection	شیرینی فروش؛ شکر ریز	konfeksuon
confédération	هم پیمانی	konfederasuon
confédéré	موتلف	konfedere
consulter	اعطا کردن، مشورت کردن	konsulte
ligue	کنفرانس	lig
conférence	کنفرانس	konferans
confident	همراز؛ سرنگهدار	konfid
confiance en soi	اطمینان؛ اعتماد	konfuans an swa
assuré	دلگرم	asure
confidentiel	به‌طور محرمانه	konfidansuel
candidement	متوکلاً	kandidman
confidemment	متوکلاً	konfidaman
configuration	پیکربندی	konfigurasuon
confiner	محبوس کردن	konfine
confinement	توقیف؛ زندان بودن	konfinman
confirmer	استوار کردن؛ تصدیق کردن	konfirme
vérification	تایید	verifikasuon
confisquer	ضبط کردن؛ مسدود کردن	konfiske
confiscation	ضبط	konfiskasuon
incendie	آتش سوزی	ensandi
conflagration	آتش سوزی	konflagrasuon
conflit	نبرد؛ تضاد	konfli
incompatibilité	نبرد؛ تضاد	enkonpatibilite
confluent	تلاقی؛ همریختنگاه	konfluan
convergence	تلاقی؛ همریختنگاه	konverzhans
s'aligner	مطابق کردن؛ تطبیق کردن	salinue
se conformer	مطابق کردن؛ تطبیق کردن	se- konforme
confondu	نفرین شده؛ لعنت شده	konfondu
maudit	نفرین شده؛ لعنت شده	modi
confronter	روبرو شدن	konfronte
confrontation	رویارویی	konfrontasuon
déroutant	ملتبس	derutan
désordre	سردرگمی	dezordr
malentendu	سردرگمی	malantandu
figé	منجمد	fizhe
coagulé	منجمد	koagule
sympathique	همخو؛ هم مشرب	senpatik
inné	ارثی؛ مادرزاد	ine
congénital	ارثی؛ مادرزاد	konzhenital
bouchon	احتقان	bushon
embouteillage	احتقان	anbuteuazh
félicitations	تهنیت؛ تبریک	felisitasuon
congrès	کنگره؛ مجلس	kongre
Congrès	کنگره؛ مجلس	kongre
du Congrès	کنگره‌ای	du- kongre
conique	کله قندی	konik
conjecture	حدس	konzhektur
supposer	حدس	supoze
conjonction	تلاقی؛ مقارنت	konzhonksuon
invoquer	افسونکردن؛ جادو کردن	envoke
accoupler	وصل کردن	akuple
connecter	وصل کردن	konekte
Connecticut	کانکتیکت	koenetikoet
connexion	پیوند؛ اتصال	koneksuon
complicité	پیوند؛ اتصال	konplisite
conspirer	اغماض؛ غمض	konspire
tramer	اغماض؛ غمض	trame
conquérir	فتح کردن	konkerir
conquérant	غالب؛ فاتح	konkeran
conquérante	غالب؛ فاتح	konkerant
conquête	تسخیر	konket
consciencieux	وجدانی؛ باوجدان	konsuansueu
conscription	سربازگیری	konskripsuon
consécutif	متوالی	konsekutif
consensus	اجماع	konsansu
effet	موجب؛ عاقبت	efe
conséquence	موجب؛ عاقبت	konsekans
conséquent	پربرآیند؛ نتیجهای	konsekan
important	پربرآیند؛ نتیجهای	enportan
par conséquent	در نتیجه	par konsekan
défense	حفاظت	defans
préservation	حفاظت	prezervasuon
conservateur	مرتجع؛ محافظه کار	konservatoer
conserver	حفاظت کردن	konserve
considérer	در نظر گرفتن	konsidere
envisager	در نظر گرفتن	anvizazhe
considérable	قابل توجه	konsiderabl
largement	به میزان قابل توجهی	larzheman
considérablement	به میزان قابل توجهی	konsiderableman
réfléchi	محتاط؛ باملاحظه	refleshi
motif	توجه؛ ملاحظه	motif
raison	توجه؛ ملاحظه	rezon
consister	یکپارچهبودن؛ تشکیل دادن	konsiste
se composer	یکپارچهبودن؛ تشکیل دادن	se- konpoze
cohérence	درجه غلظت	koerans
consistance	درجه غلظت	konsistans
systématiquement	به طور مداوم	sistematikman
consolation	دلداری	konsolasuon
console de jeu	پیشانه؛ میزفرمان	konsol de- zheu
consolider	تحکیم کردن	konsolide
intégration	تحکیم؛ تشیید	entegrasuon
harmonique	بیواکه؛ همخوان	armonik
consonne	بیواکه؛ همخوان	konson
consortium	کنسرسیوم	konsorsuom
conspiration	توطئه	konspirasuon
constance	استواری؛ ثبات	konstans
inlassable	ثابت؛ دایم	enlasabl
constant	ثابت؛ دایم	konstan
constamment	دایم؛ دائما	konstaman
en boucle	دایم؛ دائما	an bukl
sidération	بهت وحیرت	siderasuon
accablement	بهت وحیرت	akableman
constiper	یبس؛ مقوبض	konstipe
constipation	یبوست	konstipasuon
circonscription	حوزه انتخابیه	sirkonskripsuon
circonscription électorale	حوزه انتخابیه	sirkonskripsuon elektoral
constituer	تشکیل دادن	konstitue
établissement	قانون اساسی	etablisman
constitution	قانون اساسی	konstitusuon
constitutionnel	قانونی	konstitusuonel
contrainte	محدودیت	kontrent
constriction	تنگی؛ تنگ شدگی	konstriksuon
constructif	سازنده	konstruktif
implicite	سازنده	enplisit
consul	کنسول	konsul
consultante	مشاور	konsultant
consultant	مشاور	konsultan
consultation	مشاوره	konsultasuon
consommer	مورد مصرف	konsome
consumer	مورد مصرف	konsume
consommateur	مصرف کننده؛ مسرف کننده	konsomatoer
consommé	بوصال رسیدن	konsome
lentille	ارتباط؛ تماس	lantiu
transmission	واگیر؛ هم گیری	transmisuon
contagion	واگیر؛ هم گیری	kontazhuon
contagieux	مسری؛ واگیردار	kontazhueu
contagiosité	واگیری	kontazhuozite
contenant	ظرف؛ محفه	kontnan
récipient	ظرف؛ محفه	resipuan
salir	فاسد؛ آلوده	salir
contaminer	فاسد؛ آلوده	kontamine
contamination	آلودگی؛ آلایش	kontaminasuon
étudier	تامل کردن	etudue
contemplation	غور	kontanplasuon
contemporain	همزمان؛ معاصر	kontanporen
mépris	تحقیر	mepri
outrage	تحقیر	utrazh
méprisant	قابل تحقیر	meprizan
dédaigneux	قابل تحقیر	dedenueu
concourir	رقابت کردن	konkurir
rival	رقیب	rival
contenu	راضی	kontnu
contente	راضی	kontant
querelle	اختلاف	krel
compétition	اختلاف	konpetisuon
contentement	خرسندی	kontantman
continent	قاره	kontinan
continentale	بری؛ اقلیمی	kontinantal
continental	بری؛ اقلیمی	kontinantal
continuer	مدام؛ مداوم	kontinue
to continue reading	مدام؛ مداوم	tu kontinuriding
continuellement	به طور مستمر	kontinuelman
suite	ادامه؛ دنباله	suit
continuité	پیوستگی؛ تسلسل	kontinuite
continu	پیاپی؛ لاینقطع	kontinu
contour	حدفاصل؛ محیط مرئی	kontur
contrebande	اجناس قاچاق	kontreband
contrat	پیمان؛ مقاطعه	kontra
contracter	پیمان؛ مقاطعه	kontrakte
contraction	گرفتگی؛ انقباض	kontraksuon
sous-traitant	پیمانکار	sutretan
entrepreneur	پیمانکار	antreprenoer
contractuel	پیمانی؛ عهدی	kontraktuel
contredire	تناقض داشتن؛ خلاف گفتن	kontredir
contradiction	تناقض	kontradiksuon
contradictoire	مغایر؛ نقیض	kontradiktwar
obstiné	برعکس	obstine
contraire	برعکس	kontrer
contraste	تباین؛ مباینت	kontrast
contraster	تباین؛ مباینت	kontraste
contribuer	هم بخشی کردن؛ همکاری و کمک کردن	kontribue
contribution financière	کمک؛ اعانه	kontribusuon finansuer
contribution	کمک؛ اعانه	kontribusuon
contributeur	مشارکت‌کننده	kontributoer
soumissionnaire	مشارکت‌کننده	sumisuoner
dispositif	تمهید	dispozitif
contrôle	کنترل، کنترل کردن	kontrol
contrôler	کنترل، کنترل کردن	kontrole
contrôleur	ممیز؛ بازبین	kontroloer
contrôleuse	ممیز؛ بازبین	kontroleuz
polémique	بحث‌برانگیز	polemik
controversé	بحث‌برانگیز	kontroverse
controverse	مناقشه	kontrovers
convalescent	بهگرا	konvalesan
se réunir	هم آیش کردن؛ دورهم جمع شدن	se- reunir
commodité	راحتی	komodite
à pic	مصلحه؛ به راحتی	a pik
à point	مصلحه؛ به راحتی	a pwen
couvent	دیر؛ صومعه	kuvan
convention	کنوانسیون	konvansuon
conventionnel	متعارف	konvansuonel
converger	متقارب شدن؛ همگرا بودن	konverzhe
conversation	مکالمه	konversasuon
parlé	مکالمهای؛ گفتگوئی	parle
converser	محاوره کردن	konverse
opposé	محاوره کردن	opoze
inversement	بالعکس	enverseman
conversion	تبدیل	konversuon
convertir	نقد کردن	konvertir
reconverti	نقد کردن	rekonverti
décapotable	قابل تسعیر	dekapotabl
cabriolet	قابل تسعیر	kabriole
convexe	محدب؛ محذب	konveks
transporter	منتقل کردن	transporte
véhiculer	منتقل کردن	veikule
transport	سند انتقال؛ وسیله نقلیه	transpor
transportation	سند انتقال؛ وسیله نقلیه	transportasuon
bagnard	محکوم کردن	banuar
condamné	محکوم کردن	kondane
conviction	محکومیت	konviksuon
convaincre	متقاعد کردن؛ قانع کردن	konvenkr
probant	متقاعد کننده	proban
convaincant	متقاعد کننده	konvenkan
alambiqué	بهم تابیده	alanbike
compliqué	بهم تابیده	konplike
convoi	کاروان	konvwa
bouleversement	تشنج؛ اختلاج	bulverseman
convulsion	تشنج؛ اختلاج	konvulsuon
spasmodique	متشنج؛ تشنجی	spasmodik
cuisinier	آشپز؛ آشپزی کردن	kuizinue
cuisine	آشپزی	kuizin
tambouille	آشپزی	tanbuu
chouette	خنک، باحال	shuet
refroidissement	خنک کننده؛ خنک سازی	refrwadisman
coopérer	همکاری کردن	koopere
coopération	اشتراک؛ مشارکت	kooperasuon
coordonner	هماهنگ کردن	koordone
coordonnée	هماهنگ کردن	koordone
coordination	هماهنگی	koordinasuon
coordonnateur	هماهنگ‌کننده	koordonatoer
coordonnatrice	هماهنگ‌کننده	koordonatris
flic	پلیس	flik
keuf	پلیس	koef
se débrouiller	کنار آمدن	se- debruue
faire face	کنار آمدن	fer fas
cuivre	مس	kuivr
copie	کپی، کپی کردن	kopi
exemplaire	کپی، کپی کردن	egzanpler
copiage	استنساخ؛ رونویسی	kopuazh
droit d'auteur	حق چاپ	drwa dotoer
copyright	حق چاپ	kopiraut
corail	مرجان؛ بسد	korau
corde	طناب؛ سیم	kord
sirop	قلبی؛ مقوی	siro
cœur	سلف	koer
liège	سربطری؛ چوب پنبه	luezh
cor	ذرت؛ غله	kor
coin	گوشه	kwen
rencogner	گوشه	rankonue
corolaire	نتیجه فرعی	koroler
corollaire	نتیجه فرعی	koroler
coronaire	اکیلی	koroner
UK	پزشک قانونی	uka
médecin légiste	پزشک قانونی	medesen lezhist
petite couronne	نیم تاج	petit kuron
caporal	جسمی؛ سرجوخه	kaporal
corporal	جسمی؛ سرجوخه	korporal
société	شرکت	sosuete
corporation	شرکت	korporasuon
cadavre	لاشه؛ مردار	kadavr
juste	صحیح، اصلاح کردن	zhust
bon	صحیح، اصلاح کردن	bon
correction	اصلاح	koreksuon
correcteur	اصلاحی	korektoer
correctement	به درستی	korekteman
véracité	درستی	verasite
corréler	همبستگی داشتن	korele
corrélation	همبستگی	korelasuon
correspondre	مطابقت داشتن	korespondr
correspondance	مکاتبات	korespondans
correspondant	متناظر	korespondan
couloir aérien	راهرو	kulwar aeruen
couloir	راهرو	kulwar
corrosif	خورنده؛ اکال	korozif
dévoyé	فاسد	devwaue
corrompu	فاسد	koronpu
corset	شکم بند	korse
Cosaque	قزاق	kozak
cosaque	قزاق	kozak
coût	هزینه، هزینه داشتن	ku
coûter	هزینه، هزینه داشتن	kute
lourd	پرهزینه	lur
coûteux	پرهزینه	kuteu
costume	جامه؛ لباس محلی	kostum
douillet	گرم ونرم	duue
douillette	گرم ونرم	duuet
cottage	کلبه	kotazh
coton	پنبه؛ کتانی	koton
sofa	مبل	sofa
canapé	مبل	kanape
toux	سرفه؛ سرفه کردن	tu
tousser	سرفه؛ سرفه کردن	tuse
pourrait	می‌توانست (فعل کمکی)	pure
pouvait	می‌توانست (فعل کمکی)	puve
conseiller municipal	عضو شورا	konseue munisipal
councileur	عضو انجمن؛ عضو شورا	kawnsiloer
expertise	مشورت	ekspertiz
conseillère	وکیل مدافع	konseuer
chef d'accusation	شمردن	shef dakuzasuon
décompte	شمردن	dekont
visage	لقا	vizazh
compteur	مقابله کردن (با استدلال)؛ پیشخوان	kontoer
guichet	مقابله کردن (با استدلال)؛ پیشخوان	gishe
saper	خنثی کردن؛ خنثی نمودن	sape
saboter	خنثی کردن؛ خنثی نمودن	sabote
contre-attaque	حمله متقابل کردن	kontratak
contre-partie	همتا	kontrparti
pendant	همتا	pandan
comtesse	کنتس؛ همسر کنت	kontes
innombrable	بی‌شمار	inonbrabl
incalculable	بی‌شمار	enkalkulabl
pays	کشور	pei
contrée	کشور	kontre
campagnard	هم میهن	kanpanuar
campagnarde	هم میهن	kanpanuard
coup d'état	کودتا	ku deta
putsch	کودتا	puch
quelques	زوج، چند	kelke
deux ou trois...	زوج، چند	deu u trwa
coupon	کوپن	kupon
coursier	پیک؛ حملهدار	kursue
messager	پیک؛ حملهدار	mesazhe
parcours	دوره، البته	parkur
cours	دوره، البته	kur
tribunal	دادگاه؛ دربار	tribunal
cour	دادگاه؛ دربار	kur
courtois	مبادی آداب	kurtwa
indulgence	ادب	endulzhans
courtoisie	ادب	kurtwazi
palais de justice	کاخ دادگستری	pale de- zhustis
cousine	پسرعمو/عمه/دایی/خاله، دخترعمو/عمه/دایی/خاله	kuzin
cousin	پسرعمو/عمه/دایی/خاله، دخترعمو/عمه/دایی/خاله	kuzen
sabbat	میثاق بستن	saba
couvrir	پوشاندن، پوشش	kuvrir
reprendre	پوشاندن، پوشش	reprandr
reportage	پوشش	reportazh
secret	پوشپر	sekre
dissimulé	پوشپر	disimule
vache	گاو	vash
couard	ترسو؛ ضعیفالنفس	kuar
couarde	ترسو؛ ضعیفالنفس	kuard
lâcheté	بیدلی؛ نامردی	lashte
lâche	بی حمیت	lash
vacher	گاوچران	vashe
cowboy	گاوچران	kowbwa
morpions	خرچنگ	morpuon
crabe	خرچنگ	krab
berceau	گهواره؛ مهد	berso
bercer	گهواره؛ مهد	berse
ruse	ساختن؛ مهارت، صنایع دستی	ruz
fourberie	ساختن؛ مهارت، صنایع دستی	furberi
artisan	صنعت گر؛ پیشه ور	artizan
rusé	موذی؛ هفت خط	ruze
crampe	چنگوک؛ چنگه	kranp
grue	کلنگ؛ جرثقیل	gru
allonger	کلنگ؛ جرثقیل	alonzhe
crânien	جمجمه ای	kranuen
manivelle	محوردار؛ میل لنگ	manivel
tordu	محوردار؛ میل لنگ	tordu
descente	سقوط؛ برخورد کردن	desant
plantage	سقوط؛ برخورد کردن	plantazh
caisse	صندوقه؛ درجعبه گذاردن	kes
cratère	دهانه آتش فشان	krater
Coupe	دهانه آتش فشان	kup
ramper	خزیدن	ranpe
s'aplatir	خزیدن	saplatir
folle	دیوانه	fol
craquement	غژغژ کردن	krakman
craquer	غژغژ کردن	krake
gratin	خامه، کرم	graten
crème	خامه، کرم	krem
pli	تاه؛ تاه کردن	pli
monde	ایجاد؛ خلق	mond
Univers	ایجاد؛ خلق	univer
créatif	خلاق	kreatif
créative	خلاق	kreativ
créativité	خلاقیت	kreativite
créateur	خالق	kreatoer
créatrice	خالق	kreatris
créature	خلق؛ موجود	kreatur
crédibilité	اعتبار	kredibilite
credible	معتبر	kredibl
mérite	اعتبار	merit
reconnaissance	اعتبار	rekonesans
créancier	بستانکار؛ وامخواه	kreansue
crédo	کیش	kredo
fatigue	خزیدن	fatig
croissant	هلال؛ هلالی	krwasan
cimier	ستیغ	simue
équipe	خدمه	ekip
équipage	خدمه	ekipazh
huche	گهواره؛ دزدی ادبی	ush
cri-cri	جیر جیرک	krikri
criquet	جیر جیرک	krike
crime	جرم	krim
criminel	جنایتکار	kriminel
criminelle	جنایتکار	kriminel
cramoisi	جگری؛ لاکی	kramwazi
reculer	چندک زدن	rekule
se recroqueviller	چندک زدن	se- rekrokviue
estropier	عاجز؛ زمین گیر	estropue
estropié	عاجز؛ زمین گیر	estropue
crise	بحران	kriz
détractrice	منقد؛ نقدگر	detraktris / kritik detraktoer
critique	منقد؛ نقدگر	detraktris / kritik detraktoer
détracteur	منقد؛ نقدگر	detraktris / kritik detraktoer
criticiser	انتقاد کردن؛ نکوهش کردن	kritisize
vaisselle	بدل چینی؛ ظروف گلی	vesel
tortu	کج؛ ناراست	tortu
cravache	محصول؛ محصود	kravash
récolte	محصول؛ محصود	rekolt
déjouer	صلیب، عبور کردن	dezhue
contrecarrer	صلیب، عبور کردن	kontrekare
carrefour	چهار راه	karfur
grincheux	قلاب دار	grensheu
se tapir	دولا دولا	se- tapir
s'accroupir	دولا دولا	sakrupir
croupe	خناق	krup
croup	خناق	krup
chant	غراب؛ بانگ خروس	shan
monceau	جمعیت	monso
foule	جمعیت	ful
bondé	شلوغ	bonde
couronne	تاج	kuron
crucial	حیاتی	krusual
crucifier	مصلوب کردن؛ چارمیخ کردن	krusifue
cru	خام	kru
vulgaire	خام	vulger
cruauté	بیداد؛ ظلم	kruote
croisière	سفر دریایی	krwazuer
se froisser	مچاله	se- frwase
croisade	غزا؛ جنگ مذهبی	krwazad
barricade	خرد کردن	barikad
béguin	خرد کردن	begen
croûte	پوست؛ پوسته	krut
béquille	زیربغل راه رفتن؛ چوب زیر بغل	bekiu
support	زیربغل راه رفتن؛ چوب زیر بغل	supor
pleur	گریه کردن	ploer
cri	گریه کردن	kri
cristal	بلور	kristal
de cristal	بلور	de- kristal
cristalliser	متبلور	kristalize
se cristalliser	متبلور	se- kristalize
renardeau	شبل	renardo
louveteau	شبل	luvto
Cuba	کوبا	kuba
cubain	کوبایی	kuben
Cubain	کوبایی	kuben
cube	مکعبی	kub
cubique	مکعبی	kubik
concombre	خیار؛ بالنک	konkonbr
diriger	نشانه	dirizhe
queue de billard	نشانه	keu de- biuar
culminer	منتهی	kulmine
secte	فرقه	sekt
cultiver	کشت کردن	kultive
culture	زرع؛ تهذیب	kultur
culturel	فرهنگی	kulturel
cultivé	بافرهنگ	kultive
cunéiforme	خط میخی	kuneiform
malin	ناقلا؛ مکار	malen
coupe	فنجان	kup
tasse	فنجان	tas
remède	علاج بخش؛ شفا بخش	remed
endiguer	جدول؛ طوقه	andige
restreindre	جدول؛ طوقه	restrendr
traitement	چاره؛ درمان	tretman
guérir	چاره؛ درمان	gerir
curiosité	کنجکاوی	kuruozite
curieux	کنجکاو	kurueu
frisé	فرفری	frize
bouclé	فرفری	bukle
devise	ارز	deviz
monnaie	ارز	mone
actuel	جاری؛ رایج	aktuel
courant	جاری؛ رایج	kuran
maintenant	فعلا؛ اکنون	mentnan
actuellement	فعلا؛ اکنون	aktuelman
malédiction	نفرین؛ لعنت	malediksuon
mauvais sort	نفرین؛ لعنت	move sor
écourter	کوتاه کردن؛ مختصر نمودن	ekurte
voil	پرده؛ حجاب	vwal
rideau	پرده؛ حجاب	rido
courbure	خمیدگی	kurbur
courbe	خم؛ منحنی	kurb
courbes	خم؛ منحنی	kurb
amortir	چنبره؛ مخده	amortir
point de rebroussement	نوک هلال؛ غره برج	pwen de- rebrusman
gardienne	متولی؛ سرایدار	garduen
détention	حضانت	detansuon
droit de douane	رسم؛ عادت	drwa de- duan
d'usage	مرسوم؛ عادتی	duzazh
habituel	مرسوم؛ عادتی	abituel
sécher	بریدن	seshe
joli	بامزه	zholi
découpage	برش	dekupazh
cyanure	سیانور	suanur
tour	دوچرخه سواری، چرخه	tur
cycle	دوچرخه سواری، چرخه	sikl
cylindre	سیلندر؛ استوانه	silendr
bonbonne	سیلندر؛ استوانه	bonbon
cylindrique	لولهای؛ استوانهای	silendrik
cynique	بدبین	sinik
kystique	پیشاب دانی	kistik
tsar	تزار	tsar
tzar	تزار	tsar
tchèque	زبان چکوسلواکی	chek
Tchèque	زبان چکوسلواکی	chek
papa	بابا	papa
poignard	خنجر؛ دشنه	pwanuar
quotidien	روزانه	kotiduen
journalier	روزانه	zhurnalue
délicat	لذیذ	delika
dépanneur	لبنیات	depanoer
alimentation générale	لبنیات	alimantasuon zheneral
barrage	سد	barazh
dégât	زیان؛ غرامت	dega
dommage	زیان؛ غرامت	domazh
négatif	آسیب‌زننده	negatif
nuisible	آسیب‌زننده	nuizibl
lie-de-vin	گلدار کردن	lide-ven
damas	گلدار کردن	dama
mince	اف؛ نفرین کردن	mens
mouiller	نمناک؛ نمدار	muue
humidifier	نمناک؛ نمدار	umidifue
danse	رقص، رقصیدن	dans
danser	رقص، رقصیدن	danse
danseur	رقصنده	dansoer
danseuse	رقصنده	danseuz
bellâtre	خوش تیپ؛ شیک پوش	belatr
risque	خطر	risk
danger	خطر	danzhe
dangereux	خطرناک	danzhreu
dangereuse	خطرناک	danzhreuz
pendre	آویز شده	pandr
pendouiller	آویز شده	panduue
feuilleté	دانمارکی	foeute
danois	دانمارکی	danwa
oser	جرئت کردن	oze
affronter	جرئت کردن	afronte
obscur	تاریک؛ تاریکی	obskur
sombre	تاریک؛ تاریکی	sonbr
noirceur	تاریکی	nwarsoer
sombreur	تاریکی	sonbroer
chérie	عزیز؛ دلبند	sheri
dard	مزراق	dar
trait	مزراق	tre
tableau de bord	داشبورد	tablo de- bor
fringant	زنده دل	frengan
données	داده‌ها	done
donnée	داده‌ها	done
base de données	پایگاه داده	baz de- done
datte	تاریخ، قرار ملاقات	dat
fille	دختر	fiy
Davis	دیویس	davi
aube	طلوع	ob
lever du soleil	طلوع	leve du- soleu
jour	روز	zhur
journée	روز	zhurne
point du jour	سپیده دم؛ تیغ سحر	pwen du- zhur
éblouir	خیره؛ مسحور	ebluir
diacre	شماس	duakr
diaconesse	شماس	duakones
mort	مرده	mor
morts	مرده	mor
échéance	مهلت	esheans
date butoir	مهلت	dat butwar
fatal	کشنده	fatal
létal	کشنده	letal
sourd	ناشنوا؛ اصم	sur
les sourds	ناشنوا؛ اصم	le- sur
surdité	ناشنوایی	surdite
traiter	معامله، سر و کار داشتن	trete
dealer	فروشنده	diloer
doyen	شیخ السفرا	dwauen
doyenne	شیخ السفرا	dwauen
cher	عزیز؛ عزیز (خطاب در نامه)	sher
décès	مرگ	dese
lit de mort	بستر مرگ	li de- mor
débat	بحث؛ جدال	deba
débauche	فسق؛ الواطی	debosh
décombres	آوار	dekonbr
débris	آوار	debri
débiteur	مدیون؛ بدهکار	debitoer
première	اولین حضور	premuer
dizaine	دهه	dizen
décennie	دهه	deseni
décadence	تنزل؛ آغاز ویرانی	dekadans
déchéance	فساد؛ فاسدکردن	desheans
décrépitude	فساد؛ فاسدکردن	dekrepitud
décédé	مرده؛ مرحوم	desede
défunt	مرده؛ مرحوم	defun
tromperie	فریب؛ گول	tronpri
fraude	فریب؛ گول	frod
trompeur	جلب؛ عیار	tronpoer
tricheur	جلب؛ عیار	trishoer
leurrer	فریفتن؛ رنگ کردن	loere
décembre	دسامبر	desanbr
décence	نجابت	desans
intègre	نجیب؛ باحیاء	entegr
substantiel	نجیب؛ باحیاء	substansuel
supercherie	فریب؛ نیرنگ	supersheri
illusoire	فریبنده؛ فریبا	iluzwar
décision	تصمیم	desizuon
prise de décision	تصمیم‌گیری	priz de- desizuon
décisif	قاطع	desizif
ferme	قاطع	ferm
jeu de cartes	عرشه	zheu de- kart
résolution	اعلامیه	rezolusuon
déclaration	اعلامیه	deklarasuon
expliquer	اظهارکردن؛ اعلان کردن	eksplike
déclarer	اظهارکردن؛ اعلان کردن	deklare
déclin	کاهش؛ تنزل	deklen
décliner	کاهش؛ تنزل	dekline
démontage	تجزیه	demontazh
décomposition	تجزیه	dekonpozisuon
décorer	آراستن؛ پیراستن	dekore
médaille	آرایش؛ تراز	medau
ornement	آرایش؛ تراز	orneman
decoreux	زینت دار	dekoreu
décorum	رفتار بجا	dekorom
réduire	نقص؛ تنزل	reduir
diminuer	نقص؛ تنزل	diminue
décret	وضع کردن؛ تصویب نامه	dekre
ordonnance	وضع کردن؛ تصویب نامه	ordonans
vouer	وفق کردن؛ اهداء کردن	vue
consacrer	وفق کردن؛ اهداء کردن	konsakre
dévoué	فداکار	devue
dédicace	فداکاری	dedikas
déduire	استدلال کردن	deduir
déductible	مالیات پذیر	deduktibl
déduction	کاهش؛ استنتاج	deduksuon
déductif	استدلالی	deduktif
profond	عمیق	profon
foncé	عمیق	fonse
approfondir	گود کردن؛ تعمیق کردن	aprofondir
profondément	عمیقا	profondeman
cerf	آهو؛ گوزن	serf
chevreuil	آهو؛ گوزن	shevroeu
diffamer	بدنام کردن؛ هتاکی کردن	difame
défaut	پیش‌فرض	defo
défaite	شکست؛ هزیمت	defet
défaire	شکست؛ هزیمت	defer
déserter	نقص	dezerte
apostasie	ارتداد	apostazi
défectueux	ناقص؛ معیوب	defektueu
défectif	ناقص؛ معیوب	defektif
défendre	دفاع کردن؛ مدافعه کردن	defandr
inculpé	دادخوانده؛ مدعی علیه	enkulpe
défendeur	دادخوانده؛ مدعی علیه	defandoer
défenseur	مدافع	defansoer
défensif	تدافعی	defansif
différer	دیر فرست	difere
défier	مبارز	defue
déficience	کمبود	defisuans
carence	کمبود	karans
insuffisant	ناقص؛ ناکارآ	ensufizan
déficit budgétaire	کسری	defisi buueter
déficit	کسری	defisi
déterminer	معنی کردن	determine
défini	موکد	defini
certain	موکد	serten
assurément	قطعاً	asureman
décidément	قطعاً	desideman
définition	تعریف	definisuon
déflexion	عوج	defleksuon
difforme	ناقصالخلقه؛ بدهیکل	diform
déformer	دشدیسگی؛ دشدیدگی	deforme
dégénérer	ناخلف	dezhenere
dégénérescence	فساد؛ انحطاط	dezheneresans
dégénération	فساد؛ انحطاط	dezhenerasuon
débauché	منحط	deboshe
libertin	منحط	liberten
diplôme	درجه	diplom
degré	درجه	degre
déshydrater	وابشت کردن؛ بیآب کردن	dezidrate
abattu	افسرده؛ پژمرده	abatu
déprimé	افسرده؛ پژمرده	deprime
délai	تاخیر؛ درنگ	dele
retard	تاخیر؛ درنگ	retar
délégué	نماینده	delege
déléguée	نماینده	delege
délégation	هیئت	delegasuon
Delhi	دهلی	deli
concerté	عمدی؛ تعمدی	konserte
délibéré	عمدی؛ تعمدی	delibere
délibérément	تعمدا	delibereman
exprès	تعمدا	ekspre
lenteur	شور؛ تامل	lantoer
délicatesse	لطایف؛ ظریفی	delikates
gourmandise	لطایف؛ ظریفی	gurmandiz
délicatement	ظریفانه	delikatman
goutu	خوشمزه	gutu
gouteux	خوشمزه	guteu
joie	میل؛ حظ	zhwa
délice	میل؛ حظ	delis
délicieux	دلپذیر؛ طیب	delisueu
delirieux	هذیانی؛ سرسامی	delirueu
délire	هذیان؛ سرسام	delir
livrer	رساندن؛ ایراد کردن	livre
délivrance	رهیی	delivrans
Christ	رساننده؛ رهان	krist
livreur	رساننده؛ رهان	livroer
parturition	زه؛ تحویل	parturisuon
déluge universel	طوفان ایجاد کردن	deluzh universel
illusion	فریفتگی؛ کوراب	iluzuon
demande	طلب؛ تقاضا	demand
exige	طلب؛ تقاضا	egzizh
rabaisser	رفتار کردن	rabese
démocratie	دموکراسی	demokrasi
démocrate	دمکرات؛ دمکراتی	demokrat
démocratique	دموکراتیک	demokratik
démolir	ویران	demolir
diable	دیو	duabl
monstre	دیو	monstr
demonstrable	اثباتی	demonstrabl
démontrer	راهپیمایی کردن؛ تظاهرات کردن	demontre
manifestation	تظاهرات، نمایش	manifestasuon
démonstration	تظاهرات، نمایش	demonstrasuon
manifestant	حالیکننده؛ نشان دهنده	manifestan
manifestante	حالیکننده؛ نشان دهنده	manifestant
antre	لانه؛ آشیانه	antr
négation	انکار	negasuon
dénégation	انکار	denegasuon
dénomination	تسمیه؛ طبقه بندی	denominasuon
dénoter	علامت بودن؛ علامت گذاردن	denote
marquer	علامت بودن؛ علامت گذاردن	marke
denouement	نتیجه عمل؛ پایان نمایش	denuman
dénoncer	محکوم کردن	denonse
balancer	محکوم کردن	balanse
sot	متراکم	so
obtus	متراکم	obtu
dentaire	دندانی	danter
dental	دندانی	dantal
dentiste	دندانپزشک	dantist
accroc	دندان بندی؛ ساختمان دندانها	akro
cabossure	دندان بندی؛ ساختمان دندانها	kabosur
dénudé	محروم	denude
nier	نفی کردن؛ تکذیب کردن	nue
dénier	نفی کردن؛ تکذیب کردن	denue
déodorant	بوزدا	deodoran
partir	حرکت کردن	partir
dévier	حرکت کردن	devue
ministère	دپارتمان	minister
département	دپارتمان	departeman
déviation	عزیمت؛ هجرت	devuasuon
dépendre	بستگی داشتن	depandr
décrire	به تصویر کشیدن	dekrir
représenter	به تصویر کشیدن	reprezante
pitoyable	زار	pitwauabl
lamentable	زار	lamantabl
déployer	مستقر کردن	deplwaue
deployment	استقرار	deplwam
déposer	خلع کردن؛ عزل کردن	depoze
interroger	خلع کردن؛ عزل کردن	enterozhe
dépôt	رسوب، واریز کردن؛ ودیعه	depo
gisement	رسوب، واریز کردن؛ ودیعه	zhizman
destitution	خلع؛ عزل	destitusuon
entrepôt	بازخانه؛ انبارگاه	antrepo
désapprouver de	قبیح دانستن	dezapruve de-
dépréciation	ناچیز شماری	depresuasuon
décourager	افسردن؛ دلسرد شدن	dekurazhe
basse pression	افسردگی، رکود	bas presuon
dépression	افسردگی، رکود	depresuon
privation	محرومیت؛ انعزال	privasuon
dénuer	محروم کردن	denue
priver	محروم کردن	prive
profondeur	عمق؛ ژرف	profondoer
adjoint	معاون	auwen
suppléant	معاون	suplean
bafouer	بکسی خندیدن	bafue
railler	بکسی خندیدن	raue
dérision	سخریه؛ سخره	derizuon
dérivée	فرعی؛ مشتق	derive
dériver	مشتق شدن	derive
cutané	پوستی؛ جلدی	kutane
épidermique	پوستی؛ جلدی	epidermik
descendre	پایین آمدن	desandr
descendant	اعقاب	desandan
origine	نزول	orizhin
descendance	نزول	desandans
signalement	توصیف	sinualman
description	توصیف	deskripsuon
descriptif	وصفی؛ تعریفی	deskriptif
profanation	هتک حرمت	profanasuon
mériter	سزیدن؛ لایق کردن	merite
plan	طراحی، طراحی کردن	plan
conception	طراحی، طراحی کردن	konsepsuon
indiquer	تعیین کردن	endike
styliste	طراح	stilist
designer	طراح	dezinue
désirabilité	مطلوبیت؛ دلخواهی	dezirabilite
souhaitable	مطلوب	suetabl
désirable	مطلوب	dezirabl
désir	میل؛ هوس	dezir
désirer	میل؛ هوس	dezire
désirant	آرزومندانه؛ راقب بودن	deziran
bureau	میز تحریر	buro
pupitre	میز تحریر	pupitr
ravager	بی جمعیت	ravazhe
désoler	بی جمعیت	dezole
desolation	خراب	dezolasuon
désespoir	ناامید؛ یاس	dezespwar
désespérer	ناامید؛ یاس	dezespere
désespéré	نومید؛ ناامید	dezespere
désespérément	از روی نومیدی	dezespereman
abject	شنیع؛ نکوهش پذیر	abzhekt
mépriser	تحقیر کردن؛ حقیر شمردن	meprize
dédaigner	تحقیر کردن؛ حقیر شمردن	dedenue
malgré	علارغم؛ باوجوداین	malgre
abattement	یاس؛ تنگ دلی	abatman
despote	جابر؛ سلطان مستبد	despot
dessert	دسر؛ دندان مز	deser
destination	مقصد	destinasuon
destiné	مقدر	destine
démuni	لات	demuni
dénuement	لاتی؛ بی چیزی	denueman
indigence	لاتی؛ بی چیزی	endizhans
détruire	نابود کردن	detruir
euthanasier	نابود کردن	uuthanoesuoer
destruction	تخریب	destruksuon
destructif	مخرب	destruktif
détacher	منفصل کردن	detashe
détachement	جزئیات	detashman
coordonnées	جزئیات	koordone
détenir	بازداشت کردن	detnir
detection	کشف	deteksuon
enquêteur	کارآگاه	anketoer
détective	کارآگاه	detektiv
détecteur	ردیاب؛ آشکارگر	detektoer
empêcher	تحذیر کردن	anpeshe
dissuader	تحذیر کردن	disuade
détériorer	بدتر شدن	deteruore
détrôner	از مقام انداختن	detrone
détonner	ترکانیدن	detone
détoner	ترکانیدن	detone
détour	انحراف؛ خط فرعی	detur
détriment	ضرر	detriman
néfaste	درد ناک	nefast
égalité	دولو؛ دوخال	egalite
dévaster	ویران کردن	devaste
se développer	توسعه دادن	se- devlope
développer	توسعه دادن	devlope
développement	توسعه؛ رشد	devlopman
déviance	عدول؛ ضلال	devuans
différence	عدول؛ ضلال	diferans
type	شیطان	tip
infernal	شیطانی؛ اهریمنی	enfernal
diabolique	شیطانی؛ اهریمنی	duabolik
élaborer	ابداع کردن	elabore
dépourvu	عاری	depurvu
transférer	تفویض کردن؛ محول کردن	transfere
incomber	تفویض کردن؛ محول کردن	enkonbe
inconditionnel	مجاهد؛ فداکار	enkondisuonel
dévouement	وقف؛ چاکری	devuman
dévotionnel	فداکارانه؛ عبادتی	devosuonel
pieux	پارسا؛ عابد	pueu
dévot	پارسا؛ عابد	devo
rosée	شبنم؛ ژاله	roze
couvert de rosée	شبنمدار؛ ترکرده	kuver de- roze
dextérité	مهارت؛ تردستی	deksterite
dey	دی	de
diabète	مرضقند	duabet
diabétique	دولابی؛ دیابتی	duabetik
diadème	دیهیم؛ نیم تاج	duadem
diagnostiquer	تشخیص دادن	duagnostike
diagnose	تشخیص	duagnoz
diagnostic	تشخیص	duagnostik
diagnostique	تشخیصی	duagnostik
diagonale	مورب	duagonal
cadran	شماره گرفتن	kadran
bouille	شماره گرفتن	buu
dialogue	گفتگو	dualog
diamètre	ضخامت	duametr
diaphragme	دیافراگم؛ پرده دل	duafragm
membrane	دیافراگم؛ پرده دل	manbran
journal intime	دفتر خاطرات	zhurnal entim
dé	مهره؛ طاس	de
dichotomie	دوگانگی؛ دورستگی	dishotomi
dicter	دیکته کردن	dikte
dictée	تلقین؛ املاء	dikte
dictateur	دیکتاتور	diktatoer
dictature	استبداد؛ دیکتاتوری	diktatur
dictionnaire	فرهنگ لغت	diksuoner
tableau associatif	فرهنگ لغت	tablo asosuatif
crever	مردن	kreve
mourir	مردن	murir
régime	رژیم غذایی	rezhim
Diète	رژیم غذایی	duet
différend	تفاوت	diferan
différent	متفاوت	diferan
différentiel	تفاضلی؛ افتراقی	diferansuel
distinguer	تمایز قائل شدن	distenge
différenciation	فرق گذاری؛ مشتغ گیری	diferansuasuon
différentiation	فرق گذاری؛ مشتغ گیری	diferansuasuon
différemment	به طور متفاوت	diferaman
difficile	دشوار	difisil
difficulté	دشواری؛ مشکل	difikulte
diffus	پاشیده	difu
dissémination	پخش؛ پاشیدگی	diseminasuon
diffusion	پخش؛ پاشیدگی	difuzuon
creuser	کاوش کردن؛ حفر کردن	kreuze
digérer	گواریدن؛ تحلیل کردن	dizhere
digeste	گواریدن؛ تحلیل کردن	dizhest
digestion	تحلیل؛ هضم	dizhestuon
doigt	شماره	dwa
orteil	شماره	orteu
numérique	دیجیتال	numerik
digital	دیجیتال	dizhital
digne	موقر؛ معزز	dinu
dignitaire	عالی مقام	dinuiter
dignité	کرامت	dinuite
dilater	اتساعی؛ تاخیری	dilate
se dilater	اتساعی؛ تاخیری	se- dilate
dilemme	معضل	dilam
diligence	پشت کار؛ جد و جهد	dilizhans
industrieux	کوشا؛ جاهد	endustrieu
diligent	کوشا؛ جاهد	dilizhan
diluer	رقیق کردن؛ آبکی کردن	dilue
faible	تیره؛ تاریک	febl
tamisé	تیره؛ تاریک	tamize
dimension	بعد	dimansuon
diminutif	مصغر	diminutif
minuscule	مصغر	minuskul
fossette	زنخ؛ چاه زنخدان	foset
boucan	طنین بلند؛ طنین افکندن	bukan
vacarme	طنین بلند؛ طنین افکندن	vakarm
dîner	شام خوردن	dine
Cajun	شام	kazhun
dioxyde	دی اکسید	duoksid
tremper	غوطه‌ور شدن	tranpe
diphthérie	دیفتری	difteri
diplomatie	سیاستمداری؛ دیپلماسی	diplomasi
diplomate	دیپلمات	diplomat
diplomatique	دیپلماتیک	diplomatik
funeste	شوم	funest
direct	مستقیم	direkt
mener	مستقیم	mene
gestion	جهت	zhestuon
directive	بخشنامه	direktiv
directif	بخشنامه	direktif
tout droit	مستقیماً	tu drwa
directement	مستقیماً	direkteman
candeur	بی واسطگی	kandoer
franchise	بی واسطگی	franshiz
directeur	کارگردان	direktoer
régisseur	کارگردان	rezhisoer
annuaire	فهرست	anuer
dossier	فهرست	dosue
boue	خاک؛ چرک	bu
terre	خاک؛ چرک	ter
sale	کثیف	sal
cochon	کثیف	koshon
handicap	ناتوانی	andikap
infirmité	ناتوانی	enfirmite
invalide	ناتوان	envalid
handicapé	ناتوان	andikape
désavantage	وضع نامساعد	dezavantazh
ne pas être d'accord	مخالفت کردن	ne- paz etr dakor
diverger	مخالفت کردن	diverzhe
disagreeable	جوکی؛ ناپسندیده	disagrioeboel
désaccord	اختلاف نظر	dezakor
disparaître	ناپدید شدن	disparetr
disparition	زائل؛ ناپدیدی	disparisuon
décevoir	ناامید کردن	desevwar
désappointer	ناامید کردن	dezapwente
déception	ناامیدی	desepsuon
désapprobation	تقبیح	dezaprobasuon
désapprouver	نپسندیدن؛ تقبیح کردن	dezapruve
désastreux	فاجعه‌بار	dezastreu
ne pas croire	دروغ پنداشتن؛ اعتقاد نکردن	ne- pa krwar
rejeter	دور انداختن	rezhte
discerner	تمیز دادن	diserne
débit	تخلیه کردن	debi
disciple	سالک؛ حواری	disipl
disciplinaire	نظم دهنده	disipliner
partisan de la discipline	نظم دهنده	partizan de- la- disiplin
pénalité	انتظامی؛ انضباطی	penalite
désavouer	حاشا کردن؛ قبول نکردن	dezavue
révéler	فاش کردن	revele
révélation	افشاگری	revelasuon
divulgation	افشاگری	divulgasuon
décoloration	بی رنگی	dekolorasuon
incomfort	رنج؛ ناراحتی	enkomfor
protestation	نارضایتی؛ سخط	protestasuon
mécontentement	نارضایتی؛ سخط	mekontantman
discontinuer	بس کردن	diskontinue
discorde	اختلاف؛ نفاق	diskord
rabais	تخفیف؛ تنزیل	rabe
exposé	گفتمان	ekspoze
discours	گفتمان	diskur
découvrir	کشف کردن	dekuvrir
découverte	کشف	dekuvert
discréditer	بی اعتبار کردن	diskredite
discrétion	صلاحدید	diskresuon
discriminer	تبعیض کردن؛ تبعیض قائلشدن	diskrimine
discrimination	تبعیض	diskriminasuon
discuter	بحث کردن	diskute
débattre	بحث کردن	debatr
dédain	ننگ؛ عار	deden
maladie	بیماری	maladi
honte	خفت؛ ننگ	ont
ignominie	خفت؛ ننگ	inuomini
déguiser	تلبیس؛ لباس مبدل	degize
déguisement	تلبیس؛ لباس مبدل	degizman
dégoût	نفرت؛ تنفر	degu
dégoûter	نفرت؛ تنفر	degute
dégoûtant	نفرتآور؛ نفرتانگیز	degutan
dégueulasse	نفرتآور؛ نفرتانگیز	degeulas
plat	ظرف، غذا	pla
assiette	ظرف، غذا	asuet
dysharmonie	ناسازی؛ ناموزونی	disharmoni
malhonnête	متقلب؛ نادرست	malonet
malhonnêteté	رجز؛ نادرستی	malonette
déshonneur	ننگین کردن	dezonoer
violer	ننگین کردن	vuole
disillusion	سرخورده کردن	diziuuzuon
disinclination	عدمتمایل	dizenklinasuon
peu disposé	بی تمایل	peu dispoze
réticent	بی تمایل	retisan
désinfecter	گندزدائی کردن؛ ضد عفونی کردن	dezenfekte
désinfectant	گندزدا؛ ماده گندزدا	dezenfektan
désinfection	گندزدائی؛ ضد عفونی	dezenfeksuon
désintégrer	متلاشی کردن؛ متلاشی شدن	dezentegre
désintéressé	بیغرضانه؛ بیطمع	dezenterese
antipathie	نپسندیدن؛ اکراه	antipati
ne pas aimer	نپسندیدن؛ اکراه	ne- paz eme
déboîter	جابجا کردن؛ در رفتن	debwate
déplacer	جابجا کردن؛ در رفتن	deplase
déboîté	دررفته	debwate
déplacé	دررفته	deplase
luxation	جابجائی؛ دررفتگی	luksasuon
déloyal	خیانتکار؛ بی وفا	delwaual
déloyauté	بیوفایی؛ بی وفائی	delwauote
déprimant	ملالت انگیز	depriman
désarroi	بیجرات کردن؛ وحشت زدگی	dezarwa
consternation	بیجرات کردن؛ وحشت زدگی	konsternasuon
retirer	بیرونکردن؛ جواب کردن	retire
limoger	بیرونکردن؛ جواب کردن	limozhe
limogeage	برکناری	limozhazh
non-lieu	برکناری	nonlueu
désobéissance	نافرمانی؛ تمرد	dezobeisans
désobéir	نافرمانی کردن؛ سرپیچی کردن	dezobeir
désordonné	مغشوش؛ بی سبک	dezordone
désorganisé	شلخته؛ نامرتب	dezorganize
disparité	عدم توافق؛ بی شباهتی	disparite
tuer	اعزام؛ روانهسازی	tue
assassiner	اعزام؛ روانهسازی	asasine
disperser	پراکندن؛ متفرق کردن	disperse
se disperser	پراکندن؛ متفرق کردن	se- disperse
licencier	آواره کردن	lisansue
congédier	آواره کردن	konzhedue
spectacle	نمود کردن؛ نمایش دادن	spektakl
représentation	نمود کردن؛ نمایش دادن	reprezantasuon
déplaire	ناخشنود کردن	depler
se débarrasser de	دفع	se- debarase de-
tempérament	طبع؛ مشرب	tanperam
disposition	طبع؛ مشرب	dispozisuon
litige	اختلاف، بحث کردن	litizh
disqualifier	شایسته ندانستن	diskalifue
troubler	مضطرب ساختن	truble
ignorer	عدمرعایت؛ بی توجهی	inuore
disreputable	بد نام	disrputabl
irrespectueux	احترامنگذار؛ بدون مراعات	irespektueu
déranger	مختل کردن	deranzhe
perturber	مختل کردن	perturbe
interruption	اختلال	enterupsuon
perturbation	اختلال	perturbasuon
insatisfaction	نارضایتی؛ ناخشنودی	ensatisfaksuon
mécontent	ناراضی	mekontan
insatisfait	ناراضی	ensatisfe
disséquer	تشریح کردن	diseke
dissection	تشریح	diseksuon
dissolution	تجزیه؛ فسخ	disolusuon
rompre	حل کردن	ronpr
distance	فاصله	distans
éloigné	دور	elwanue
lointain	دور	lwenten
distiller	چکیده؛ مقطر	distile
intelligible	متمایز	entelizhibl
reconnaissable	متمایز	rekonesabl
distinction	تمایز	distenksuon
distinctif	متمایز	distenktif
distordre	تحریف کردن	distordr
aberration	تحریف	aberasuon
distraire	حواس پرتی ایجاد کردن	distrer
distraction	پریشانی	distraksuon
accablé	پریشان؛ متاثر	akable
en détresse	پریشان؛ متاثر	an detres
anxiogène	پریشان کننده	anksuozhen
distribuer	تقسیم کردن؛ پخش شدن	distribue
répartir	تقسیم کردن؛ پخش شدن	repartir
distribution	پخش؛ تقسیم	distribusuon
distributeur	مقسم؛ دلکو	distributoer
district	محله	distrikt
défiance	عدم اعتماد؛ اعتماد نداشتن	defuans
méfiance	عدم اعتماد؛ اعتماد نداشتن	mefuans
dérangeant	نگران‌کننده	deranzhan
perturbant	نگران‌کننده	perturban
désunion	عدم اتفاق؛ جدا شدگی	dezunuon
désuétude	عدم استعمال	dezuetud
non-usage	عدم استعمال	nonuzazh
fossé	گودال؛ چاله	fose
rigole	گودال؛ چاله	rigol
diurne	روز خیز؛ مربوط به روز	duurn
piqué	شیرجه زدن	pike
plongeon	شیرجه زدن	plonzhon
incohérence	واگرایی؛ تباعد	enkoerans
divers	متنوع	diver
diversifier	متشتت	diversifue
diversion	عدول	diversuon
diversité	تنوع	diversite
divertir	منحرف کردن	divertir
diverticule	استطاله؛ کوره راه	divertikul
diviser	بخش کردن؛ سهم کردن	divize
se diviser	بخش کردن؛ سهم کردن	se- divize
dividende	سود سهام	dividand
divin	الهی	diven
divine	الهی	divin
divinité	خدایی؛ الوهیت	divinite
segmentation	تقسیم؛ بخش	segmantasuon
divorce	طلاق	divors
divorcer	طلاق	divorse
divorcé	مطلقه	divorse
vertige	دوار؛ سرگیجه	vertizh
défaillance	دوار؛ سرگیجه	defauans
vaseux	دبنگ؛ سرگیجهای	vazeu
vasouillard	دبنگ؛ سرگیجهای	vazuuar
aller	انجام دادن	ale
faire	انجام دادن	fer
socle	بارانداز؛ جاخالی کردن	sokl
darse	بارانداز؛ جاخالی کردن	dars
docteur	دکتر	doktoer
médecin	دکتر	medesen
philosophie	دکترین	filozofi
doctrine	دکترین	doktrin
écrit	سند	ekri
documentaire	مستند؛ سندی	dokumanter
documentation	مستندسازی	dokumantasuon
esquiver	گریز زدن؛ جا خالی کردن	eskive
chien	سگ	shuen
thon	سگ	ton
dogme	اصول عقاید	dogm
dogmatisme	فلسفه جزمی	dogmatism
assedics	به بیکاران	asdik
poupée	عروسک	pupe
dollar	دلار	dolar
dauphin	دلفین	dofen
duc-d'Albe	دلفین	dukdalb
domaine	حوزه	domen
dôme	گنبد؛ گنبد زدن	dom
domestique	داخلی؛ خانگی	domestik
national	داخلی؛ خانگی	nasuonal
dominance	سلطه	dominans
dominant	غالب	dominan
dominer	مسلط شدن؛ مستولی شدن	domine
domination	تسلط؛ استیلاء	dominasuon
donner	هبه کردن؛ اعطاء کردن	done
donation	کمک مالی	donasuon
donateur	اهداکننده	donatoer
perte	سرنوشت بد	pert
porte	در	port
embrasure de la porte	درگاه؛ جای در	anbrazur de- la- port
inactif	نهفته؛ نایم	inaktif
dorsal	ضهری	dorsal
maladie vénérienne	دوز	maladi veneruen
maladie sexuellement transmissible	دوز	maladi seksuelman transmisibl
point	نقطه	pwen
double	دو برابر	dubl
doute	شک؛ تردید	dut
douter	شک؛ تردید	dute
sceptique	دیرباور	septik
douteux	مشکوک؛ دوبشک	duteu
douteuse	مشکوک؛ دوبشک	duteuz
sans aucun doute	بی تردید؛ بدون شک	sanz okun dut
pâte	خمیر	pat
pâteux	خمیری	pateu
à bas	پایین	a ba
en bas	پایین	an ba
chute	ریزش	shut
télécharger	دانلود کردن	telesharzhe
centre-ville	مرکز شهر	santrvil
quartier d'affaires	مرکز شهر	kartue dafer
dot	جهاز؛ شیربها	dot
somnoler	چرت زدن	somnole
douzaine	دوجین	duzen
drabe	کسل کننده؛ زن شلخته	drab
gorgée	برات؛ مسوده	gorzhe
taffe	باتورگرفتن؛ سخت کشیدن	taf
trainée	باتورگرفتن؛ سخت کشیدن	trene
vouivre	اژدها	vuivr
dragon	اژدها	dragon
gouffre	تخلیه کردن	gufr
hémorragie	تخلیه کردن	emorazhi
drainage	زهکشی	drenazh
drame	درام	dram
dramatique	نمایشی	dramatik
spectaculaire	نمایشی	spektakuler
draconien	عنیف	drakonuen
drastique	عنیف	drastik
à la pression	باد؛ کوران	a la- presuon
dessiner	نقاشی کردن	desine
tirer	نقاشی کردن	tire
dessinateur	نقشه کش؛ برات کش	desinatoer
dessinatrice	نقشه کش؛ برات کش	desinatris
pige	نقاشی (کار)	pizh
dessin	نقاشی (کار)	desen
craindre	بیم؛ نهیب	krendr
affreux	موحش؛ هراسناک	afreu
rêve	خواب، رویا، رویا دیدن	rev
songe	خواب، رویا، رویا دیدن	sonzh
rêveur	خیالباف	revoer
rêveuse	خیالباف	reveuz
draguer	لاروبی کردن	drage
drague	لاروبی کردن	drag
lie	لرد	li
robe	لباس، لباس پوشیدن	rob
couturière	خیاط زنانه	kuturuer
dérive	رانش	deriv
exercice	تمرین؛ مته	egzersis
entraînement	تمرین؛ مته	antrenman
boire	نوشیدنی، نوشیدن	bwar
verre	نوشیدنی، نوشیدن	ver
buveur	خوار؛ آشامنده	buvoer
buveuse	خوار؛ آشامنده	buveuz
goutte-à-goutte	چکیدن؛ چکاندن	gutagut
goutter	چکیدن؛ چکاندن	gute
conduire	رانندگی؛ رانندگی کردن	konduir
chauffeur	راننده	shofoer
abeillaud	سخن یکنواخت	abeuo
faux-bourdon	سخن یکنواخت	foburdon
larme	افتادن، قطره	larm
hydropisie	استسقاء	idropizi
sécheresse	خشکسالی	seshres
se noyer	غرق شدن	se- nwaue
noyer	غرق شدن	nwaue
somnolence	خماری؛ خواب آلودگی	somnolans
somnolent	کسل کننده؛ چرت زن	somnolan
ensommeillé	کسل کننده؛ چرت زن	ansomeue
corvée	خرحمالی؛ جان کنی	korve
drogue	دارو، مواد مخدر	drog
droguer	دارو، مواد مخدر	droge
baril	ضرب؛ طبل	baril
batteur	طبال؛ طبل زن	batoer
ivre	مست؛ دژم	ivr
saoul	مست؛ دژم	su
ivrogne	خماری	ivronu
ivresse	مستی	ivres
ébriété	مستی	ebriete
sec	خشک، خشک کردن	sek
adouber	نامیدن، لقب دادن	adube
torve	مشتبه؛ مشکوک	torv
canard	اردک؛ مرغابی	kanar
cane	اردک؛ مرغابی	kan
tuyau	لوله آب؛ مجرای لنف	tuiuo
conduit	لوله آب؛ مجرای لنف	kondui
dû	موعد؛ مستحق؛ به‌علت	du
exigible	موعد؛ مستحق؛ به‌علت	egzizhibl
creusé	کنده	kreuze
pirogue	کنده شده	pirog
banc de touche	کنده شده	ban de- tush
duc	دوک	duk
dûment	بموقع خود؛ بقدر لازم	dum
ponctuellement	بموقع خود؛ بقدر لازم	ponktuelman
stupide	کم هوش	stupid
niais	لال	nue
larguer	رها کردن	large
brun grisâtre	سمند	brun grizatr
purin	پهن؛ پشگل	puren
fumier	پهن؛ پشگل	fumue
oubliette	سیاه چال	ubliet
cachot	سیاه چال	kasho
couple	دوتایی	kupl
paire	دوتایی	per
duodénal	دوازدهه	duodenal
duodénum	روده اثنی عشر	duodenom
duper	ساده لوح	dupe
copier	المثنی؛ نسختین	kopue
dupliquer	المثنی؛ نسختین	duplike
duplicité	ریا	duplisite
double jeu	ریا	dubl zheu
durée	مدت	dure
durant	در طول	duran
crépuscule	غروب؛ هنگام غروب	krepuskul
poussière	گرد؛ خاک	pusuer
épousseter	گرد؛ خاک	epuste
poussiéreux	خاکی؛ غباری	pusuereu
hollandais	هلندی؛ زبان هلندی	olande
néerlandais	هلندی؛ زبان هلندی	neerlande
devoir	وظیفه شناس	devwar
service	وظیفه شناس	servis
DVD	دی‌وی‌دی	devede
naine	کوتوله؛ کوتاه جلوه دادن	nen
nain	کوتوله؛ کوتاه جلوه دادن	nen
résider	اقامت گزیدن	rezide
habitant	مکین	abitan
habitante	مکین	abitant
habitation	اقامت؛ مسکن	abitasuon
teinture	رنگ؛ خضاب	tentur
teindre	رنگ؛ خضاب	tendr
dynamique	پویا	dinamik
dynamiter	دینامیت؛ دینامیت زدن	dinamite
dynastie	سلسله؛ خاندان	dinasti
dysenterie	دیسانتری	dizantri
chaque	هر کدام	shak
chacun	هر کدام	shakun
impatient	مشتاق	enpasuan
pièce de dix dollars	عقاب؛ دال	pues de- di dolar
aigle	عقاب؛ دال	egl
épi	گوش	epi
oreille	گوش	oreu
tôt	زود	to
précoce	زود	prekos
gagner	کسب کردن	ganue
revenus	درآمد	revnu
à portée de voix	صدارس؛ گوش رس	a porte de- vwa
en terre cuite	سفالی	an ter kuit
terrestre	سفالی	terestr
séisme	زلزله؛ زمین لرزه	seism
tremblement de terre	زلزله؛ زمین لرزه	tranbleman de- ter
terrassement	خاکریز	terasman
ouvrage en terre	خاکریز	uvrazh an ter
terreux	خاکی	tereu
rustique	خاکی	rustik
facilité	آسایش، آسان کردن	fasilite
repos	آسایش، آسان کردن	repo
facilement	به آسانی	fasilman
oriental	شرق	oruantal
orientale	شرق	oruantal
est	روب خاور	e
facile	آسان	fasil
ronger	خوردن	ronzhe
bouffer	خوردن	bufe
reflux	جزر	reflu
refluer	جزر	reflue
écho	پژواک	eko
répéter	پژواک	repete
éclipser	منخسف	eklipse
éclipse	منخسف	eklips
écologique	بوم‌شناختی	ekolozhik
economique	اقتصادی	ekonomik
frugal	مقتصد؛ با صرفه	frugal
économie	اقتصاد	ekonomi
économiste	اقتصاددان	ekonomist
exta	حالت؛ وجد	eksta
extase	حالت؛ وجد	ekstaz
ecstatique	جذبهای؛ بی خود	ekstatik
eczéma	اگزما؛ اکزما	ekzema
côté	لب؛ لبه	kote
immeuble	عمارت	immeubl
bâtiment	عمارت	batiman
éditer	ویراستن	edite
rediger	ویراستن	redizhe
rédaction	ویرایش	redaksuon
rédacteur	ویراستار؛ ویرایشگر	redaktoer
monteuse	ویراستار؛ ویرایشگر	monteuz
éditorial	سرمقاله	editorual
éduquer	فرهیختن؛ مودب کردن	eduke
instruction	آموزش	enstruksuon
éducatif	تحصیلی؛ تربیتی	edukatif
educateur	مربی	edukatoer
étrange	وهم آور	etranzh
effets	تأثیر	efe
en vigueur	کاری؛ موثر	an vigoer
efficace	کاری؛ موثر	efikas
efficacité	اثربخشی	efikasite
efférent	وابر؛ بیرون بر	eferan
efficience	موثر	efisuans
rendement	کارایی	randman
efficacement	به نحو کارآمد	efikasman
effigie	تمثال؛ پیکرک	efizhi
exploit	تلاش	eksplwa
œuf	تخم مرغ	oef
ovule	تخم مرغ	ovul
moi	خود	mwa
Égypte	مصر؛ کشور مصر	ezhipt
égyptien	مصری	ezhiptuen
Egyptien	مصری	ezhiptuen
huit	هشت	uit
dix-huit	هجده	dizuit
huitième	اکتاو؛ یک هشتم	uisuem uit / uisuem
Quebec	هشتاد	kebek
Belgium	هشتاد	belzhuom
ou	هر یک از دو، نیز (در جملات منفی)	u
interjection	انزال	enterzheksuon
éjaculation	انزال	ezhakulasuon
élaboré	پیچیده، با جزئیات	elabore
élastique	کشی؛ لاستیکی	elastik
élasticité	ارتجاع؛ جهندگی	elastisite
transporté de joie	برافراشته	transporte de- zhwa
allégresse	سرفرازی شادی	alegres
exaltation	سرفرازی شادی	egzaltasuon
coude	آرنج	kud
jouer des coudes	آرنج	zhue de- kud
aîné	ارشد؛ ریش سفید	ene
âgé	سالمند؛ سالمندان	azhe
vieux	سالمند؛ سالمندان	vueu
choisir	منتخب؛ انتخابی	shwazir
élection	انتخاب نماینده	eleksuon
électoral	انتخاباتی	elektoral
électorat	گزینگرگان	elektora
électrique	برقی	elektrik
voiture électrique	برقی	vwatur elektrik
électricité	برق	elektrisite
électrode	الکترود	elektrod
électrolyse	برقکافت	elektroliz
électron	الکترون	elektron
électronique	الکترونیکی	elektronik
finesse	زیبندگی؛ ظریفی	fines
élégant	ظریف	elegan
membre	ماده؛ اصل	manbr
élémentaire	عنصری	elemanter
éléphantesque	فیل	elefantesk
éléphante	فیل	elefant
éléphantiasis	داء الفیل	elefantuazi
augmenter	بالا بردن	ogmante
élever	بالا بردن	elve
cime	علو؛ صعود	sim
altitude	علو؛ صعود	altitud
ascenseur	آسانسور؛ بالابرنده	asansoer
lift	آسانسور؛ بالابرنده	lift
onze	یازده	onz
Élias	خضر	elua
éligible	واجد شرایط	elizhibl
élimination	رفع؛ حذف	eliminasuon
élite	نخبه	elit
Eliza	الیزا	eliza
elliptique	بیضی	eliptik
elongation	دراز شدگی	elongasuon
éloquence	فصاحت؛ بلاغت	elokans
sinon	دیگر	sinon
autrement	دیگر	otreman
ailleurs	نقطه دیگر؛ بجای دیگر	auoer
évasif	طفره زن؛ طفره آمیز	evazif
courriel	ایمیل، ایمیل زدن	kuruel
e-mail	ایمیل، ایمیل زدن	emeul
manumission	ازقید رها کردن	manumisuon
affranchissement	ازقید رها کردن	afranshisman
talus	سیلگیر؛ سیل برگردان	talu
chaussée	سیلگیر؛ سیل برگردان	shose
embargo	تحریم	anbargo
embarquer	سوار شدن، آغاز کردن	anbarke
gêné	شرمنده؛ شرمسار	zhene
embarrassé	شرمنده؛ شرمسار	anbarase
embarras	شرمندگی	anbara
ambassade	سفارت	anbasad
insérer	جاسازی کردن	ensere
encastrer	جاسازی کردن	ankastre
imbriqué	جاسازی شده	enbrike
incrusté	جاسازی شده	enkruste
embellir	زیبا کردن؛ زینت دادن	anbelir
détournement	اختلاس	deturneman
aigrir	تلخ کردن؛ ناگوار کردن	egrir
emblème	علامت	anblem
incarnation	تجسم	enkarnasuon
incarner	تجسم بخشیدن	enkarne
embrasser	در آغوش گرفتن	anbrase
étreindre	در آغوش گرفتن	etrendr
broderie	گلدوزی؛ برودری	brodri
embryon	گیاهک؛ رویان	anbrion
embryonnaire	جنینی؛ رویانی	anbrioner
émeraude	زمرد؛ زمردسبز	emrod
émergence	ظهور	emerzhans
urgences	اضطرار؛ اضطراری	urzhans
émigrant	مهاجر؛ کوچ کننده	emigran
émigrer	جلاء؛ هجرت کردن	emigre
émigration	هجرت	emigrasuon
remarquable	والا؛ والا مقام	remarkabl
éminent	والا؛ والا مقام	eminan
émanation	انتشار	emanasuon
émotionnel	احساساتی؛ عاطفی	emosuonel
empereur	امپراتور	anproer
accent	تکیه؛ تاکید	aksan
emphase	تکیه؛ تاکید	anfaz
souligner	تاکید کردن؛ اهمیت دادن	sulinue
emphatique	موکد	anfatik
emphysème	آمفیزم	anfizem
empire	امپراتوری	anpir
empirique	تجربی	anpirik
employer	استخدام کردن	anplwaue
recruter	استخدام کردن	rekrute
employé	کارمند	anplwaue
employée	کارمند	anplwaue
employeur	کارفرما	anplwauoer
employeuse	کارفرما	anplwaueuz
travail	استخدام؛ اشتغال	travai
encapaciter	توانمند ساختن	ankapasite
impératrice	شهبانو؛ امپراتریس	enperatris
vide	خالی	vid
vider	خالی	vide
émulsion	شیرابه	emulsuon
jouer	به اجرا درآوردن	zhue
promulguer	به اجرا درآوردن	promulge
loi	وضع	lwa
émail	لعاب؛ مینا	emau
glaçure	لعاب؛ مینا	glasur
camper	چادر زدن؛ خیمه برپا کردن	kanpe
établir un camp	چادر زدن؛ خیمه برپا کردن	etablir un kan
campement	قرار گاه	kanpman
enchanteur	افسون گری	anshantoer
enchanteresse	افسون گری	anshantres
envelopper	ضمیمه کردن؛ پیوست کردن	anvlope
emballer	ضمیمه کردن؛ پیوست کردن	anbale
enclos	ضمیمه؛ پیوست	anklo
encercler	شامل شدن	anserkle
inclure	شامل شدن	enklur
rencontrer	برخورد؛ تقابل	rankontre
encourager	دلگرم کردن؛ تشویق کردن	ankurazhe
encyclopédie	دایرهالمعارف؛ دایرهالعلوم	ansiklopedi
terminer	پایان، پایان دادن	termine
endearment	گرامی کردن	endirmoent
effort	تلاش؛ جدیت	efor
terminaison	پایان	terminezon
infini	بی‌ پایان	enfini
perpétuel	بی‌ پایان	perpetuel
soutenir	تایید کردن	sutnir
doter	متصف کردن؛ چیزی راوقف کردن	dote
enrichir	متصف کردن؛ چیزی راوقف کردن	anrishir
survie	تاب؛ طاقت	survi
endurer	تحمل کردن	andure
lavement	تنقیه	lavman
énergétique	فعال؛ پرتکاپو	enerzhetik
énergique	فعال؛ پرتکاپو	enerzhik
énergie	انرژی	enerzhi
faire respecter	اجرا کردن	fer respekte
enforcement	اجرا	anforseman
engager	گیر دادن؛ نامزد کردن	angazhe
embrayer	گیر دادن؛ نامزد کردن	anbreue
fiançailles	نامزدی، تعامل	fuansau
moteur	موتور	motoer
locomotive	موتور	lokomotiv
ingénieur	مهندس	enzhenuoer
ingénieure	مهندس	enzhenuoer
ingénierie	مهندسی	enzheniri
salle des machines	مهندسی	sal de- mashin
Angleterre	انگلستان	angleter
engloutir	احاطهکننده	anglutir
engouffrer	احاطهکننده	angufre
énigme	بیان مبهم	enigm
jouir	لذت بردن	zhuir
profiter de	لذت بردن	profite de-
plaisir	کیف؛ لذت	plezir
élargir	بزرگ کردن؛ بزرگ شدن	elarzhir
agrandir	بزرگ کردن؛ بزرگ شدن	agrandir
élargissement	بزرگی؛ بزرگ نمائی	elarzhisman
agrandissement	بزرگی؛ بزرگ نمائی	agrandisman
informer	روشنفکر کردن	enforme
éclairer	روشنفکر کردن	eklere
illumination	روشن فکری؛ تنویر افکار	iluminasuon
les Lumières	روشن فکری؛ تنویر افکار	le- lumuer
rejoindre	درفهرست نوشتن	rezhwendr
enrôlement	نامنویسی؛ سربازگیری	anrolman
animer	روح دادن؛ حیات بخشیدن	anime
égayer	روح دادن؛ حیات بخشیدن	egeue
inimitié	عناد؛ عداوت	inimitue
énorme	عظیم	enorm
assez	کافی	ase
suffisamment	کافی	sufizaman
enquêter	پرس و جو کردن	ankete
se demander	پرس و جو کردن	se- demande
enquête	استفسار	anket
demande de renseignement	استفسار	demand de- ransenue-man
furieux	آتشی	furueu
inscrire	ثبت‌نام کردن	enskrir
s'inscrire	ثبت‌نام کردن	senskrir
enregistrement	نامنویسی؛ ثبت نام	anrzhistreman
inscription	نامنویسی؛ ثبت نام	enskripsuon
asservir	برده شده	aservir
découler	متعاقب بودن	dekule
résulter	متعاقب بودن	rezulte
s'assurer	حتمی کردن	sasure
comporter	شامل بودن؛ متضمن بودن	konporte
entail	شامل بودن؛ متضمن بودن	antau
empêtrer	گیر انداختن؛ درهم گیر افتادن	anpetre
intriquer	گیر انداختن؛ درهم گیر افتادن	entrike
intrication	گیر؛ پاپوش	entrikasuon
entrer	وارد شدن	antre
taper	وارد شدن	tape
venture	شرکت	vantur
recevoir	سرگرم کردن؛ پذیرایی کردن	resevwar
distrayant	سرگرم کننده	distreuan
divertissant	سرگرم کننده	divertisan
passion	حرارت؛ گرمی	pasuon
enthousiasme	حرارت؛ گرمی	enthawziazmi
zélote	علاقه‌مند	zelot
enthousiaste	علاقه‌مند	enthawziast
entier	کل؛ دربست	antue
entière	کل؛ دربست	antuer
entièrement	پاک؛ سرتاسر	antuerman
entièreté	تمامیت؛ سراسری	antuerte
anoblir	حق دادن	anoblir
entité	نهاد	antite
entrée	ورود؛ دخول	antre
enchanter	ورود؛ دخول	anshante
supplication	التماس	suplikasuon
prière	التماس	prier
plat principal	غذای اصلی	pla prensipal
retrancher	درسنگرقراردادن	retranshe
enraciner	درسنگرقراردادن	anrasine
entrenchment	سنگربندی؛ سنگرسنگی	entrenchmoent
entrepreneuse	کارآفرین	antrepreneuz
enveloppe	پاکت	anvlop
envie	حسود؛ حاسد	anvi
jalousie	حسود؛ حاسد	zhaluzi
environnement	محیط زیست	anvironman
environnemental	محیطی؛ محیط زیستی	anvironmantal
envoyé	فرستاده؛ ایلچی	anvwaue
émissaire	فرستاده؛ ایلچی	emiser
enzyme	آنزیم؛ دیاستاز	anzim
épopée	حماسی؛ شعر رزمی	epope
épique	حماسی؛ شعر رزمی	epik
gourmet	ابیقوری؛ عیش طلب	gurme
gastronome	ابیقوری؛ عیش طلب	gastronom
épidémie	همه‌گیر	epidemi
épidémique	همه‌گیر	epidemik
épiderme	روپوست	epiderm
épigramme	سخن نیشدار	epigram
épilepsie	صرع	epilepsi
épileptique	غشی؛ حملهای	epileptik
épitre	نامه منظوم	epitr
épître	نامه منظوم	epitr
épithélial	برپوشی؛ شبیه بشره ای	epitelual
égal	برابر؛ مساوی	egal
égale	برابر؛ مساوی	egal
équivalence	معادله	ekivalans
équation	معادله	ekwasuon
équateur	استواء؛ خط استوا	ekwatoer
hippique	چابک سوار	ipik
équin	اسبی	eken
chevalin	اسبی	shevalen
équiper	تجهیز کردن	ekipe
équipement	تجهیزات	ekipman
équivalent	معادل	ekivalan
dérober	سهل انگاشتن؛ ابهام بکار بردن	derobe
tergiverser	سهل انگاشتن؛ ابهام بکار بردن	terzhiverse
époque	دوران	epok
éradiquer	لنجیدن؛ ریشه کن کردن	eradike
eradication	قلع؛ ریشه کنی	eradikasuon
ériger	برپا کردن	erizhe
gaule	نعوظ؛ شق شدگی	gol
saillie	نعوظ؛ شق شدگی	saui
érosion	سایش؛ فرسایش	erozuon
se tromper	اشتباه کردن؛ اشتباهکاری کردن	se- tronpe
course	ماموریت	kurs
à tort	سهواً	a tor
erronément	سهواً	eroneman
erreur	خطا	eroer
érudit	ادیب	erudi
entrer en éruption	فوران کردن	antre ann erupsuon
intensifier	تشدید کردن	entansifue
échapper	گریز؛ فرار	eshape
escorte	همراه؛ اسکورت	eskort
escorter	همراه؛ اسکورت	eskorte
spécialement	به خصوص	spesualman
espionnage	جاسوسی	espuonazh
épouser	نامزد کردن؛ شوهر دادن	epuze
parfum	عصاره، ذات	parfun
essentiel	اساسی؛ حساس	esansuel
fondamental	اساسی؛ حساس	fondamantal
essentiellement	اساساً	esansuelman
établir	بستن؛ افتتاحکردن	etablir
establishment	تاسیس	establishm
propriété	ماترک؛ املاک	propriete
estime	اعتبار؛ منزلت	estim
respect	اعتبار؛ منزلت	respekt
respectable	برآورد کردنی	respektabl
éternel	ابدی	eternel
éternellement	ابدالدهر	eternelman
éternité	ابد؛ جاودانی	eternite
éther	اتر؛ اثیر	idhoer
etique	اخلاق	etik
éthique	اخلاقیات؛ اصولاخلاق	etik
païen	قومی	pauen
ethnique	قومی	ethnik
étiologie	لادشناسی	etuolozhi
étiquette	آداب؛ آداب معاشرت	etiket
eucalypte	اکالیپتوس	eukalipt
eucalyptus	اکالیپتوس	eukaliptu
euro	یورو	euro
UE	اروپا	u
Europe	اروپا	europ
européen	فرنگی؛ اروپایی	europeen
européenne	فرنگی؛ اروپایی	europeen
évacuer	تخلیه کردن	evakue
évacuation	تخلیه؛ تهی سازی	evakuasuon
notation	ارزیابی	notasuon
évaporation	تبخیر	evaporasuon
evasif	طفرهزن؛ طفره آمیز	evazif
veille	هوا؛ حوا	veu
vigile	هوا؛ حوا	vizhil
même	حتی	mem
soir	عصر	swar
uniformément	به تساوی	uniformeman
évènement	رویداد	evenman
événement	رویداد	evenman
à terme	سر انجام	a term
jamais	تا به حال	zhame
sempervirent	بی خزان؛ همیشه سبز	sanpervir
permanent	ابدی؛ ابد	permanan
tout	هر	tu
tous	همه	tus
usuel	روزمره	uzuel
partout	همه جا	partu
manifeste	آشکار	manifest
manifestement	ظاهراً؛ آشکارا	manifestman
de toute évidence	ظاهراً؛ آشکارا	de- tut evidans
maléfique	سوء؛ خبیث	malefik
malfaiteur	بد کار	malfetoer
évoquer	فراخواندن	evoke
remémorer	فراخواندن	rememore
évolution	تکامل	evolusuon
évoluer	تکامل یافتن	evolue
exactement	دقیقا	egzakteman
outrer	مبالغه کردن	utre
exagérer	مبالغه کردن	egzazhere
exagération	اغراق؛ گزاف	egzazherasuon
glorifier	متعال کردن	glorifue
sublime	معلا؛ معلی	sublim
test	امتحان	test
examen	امتحان	egzamen
examiner	تجزیه کردن؛ بررسی کردن	egzamine
examinateur	ممتحن؛ آزمونگر	egzaminatoer
examinatrice	ممتحن؛ آزمونگر	egzaminatris
exemple	مثال	egzanpl
exaspération	اوقات تلخ	egzasperasuon
excavation	کاوش؛ حفاری	ekskavasuon
excéder	فراتر رفتن	eksede
dépasser	فراتر رفتن	depase
excellence	برتری	ekselans
Excellence	جناب؛ جناب آقای	ekselans
excellent	عالی	ekselan
sauf	به جز	sof
hormis	به جز	ormi
exception	استثنا	eksepsuon
exceptionnel	استثنایی	eksepsuonel
excessif	مازاد	eksesif
excès	مازاد	ekse
de trop	بی شباهت	de- tro
excessivement	بی شباهت	eksesivman
échange	عوض؛ مصالحه	eshanzh
exciser	مالیات غیرمستقیم	eksize
excité	هیجان‌زده	eksite
excitation	هیجان؛ تهییج	eksitasuon
exclamer	بعموم آگهی دادن	eksklame
exclamation	غریو؛ علامت تعجب	eksklamasuon
exclure	حذف کردن	eksklur
exclusion	محرومیت	ekskluzuon
exclusif	انحصاری	ekskluzif
exclusivement	منحصراً	ekskluzivman
excrément	مدفوع؛ نجاست	ekskreman
randonnée	کشتی تفریحی؛ مسافرت تفریحی	randone
excursion	کشتی تفریحی؛ مسافرت تفریحی	ekskursuon
prétexte	بخشیدنی؛ معاف شدنی	pretekst
exécuter	اجرا کردن	egzekute
meurtre	اعدام	moertr
homicide	اعدام	omisid
bourreau	دژخیم	buro
exécuteur des hautes œuvres	دژخیم	egzekutoer de- otz oevr
exécutif	مجری؛ اجرایی	egzekutif
cadre	مجری؛ اجرایی	kadr
executeur	مجری؛ اجراکننده	egzekutoer
exempt	بری؛ معاف	egzan
dispenser	بری؛ معاف	dispanse
exemption	معافیت؛ معافی	egzanpsuon
exercer	ورزش، ورزش کردن	egzerse
dépense	اعمال زور	depans
épuiser	اگزوز؛ اگزوس	epuize
épuisement	فرسودگی؛ واماندگی	epuizman
harassement	فرسودگی؛ واماندگی	arasman
exposition	نمایش دادن	ekspozisuon
exposer	نمایش دادن	ekspoze
grisant	مفرح؛ نشاطآور	grizan
jubilatoire	مفرح؛ نشاطآور	zhubilatwar
exil	تبعید	egzil
exilé	تبعید	egzile
exister	وجود داشتن	egziste
sortie	خارج شدن؛ خروج	sorti
issue	خارج شدن؛ خروج	isu
exorbitant	گزاف	egzorbitan
exotique	عجیب و غریب	egzotik
s'attendre à	انتظار داشتن	satandr aaksangrav
expédient	مقتضی؛ مقتضا	ekspeduan
opportun	مقتضی؛ مقتضا	oportun
hâter	شتاباندن	ate
virée	تسریع؛ اردوکشی	vire
déporter	بیرونکردن؛ بیرونانداختن	deporte
expulser	بیرونکردن؛ بیرونانداختن	ekspulse
chère	گران	sher
expérience	تجربه کردن	eksperuans
vivre	تجربه کردن	vivr
expérimenter	آزمایش	eksperimante
expiration	انقضا؛ بازدم	ekspirasuon
justifier	توضیح دادن	zhustifue
explication	توضیح	eksplikasuon
explanatoire	تاویلی؛ توضیحی	eksplanatwar
explicite	صریح	eksplisit
explicitement	صراحتاً	eksplisitman
exploser	ترکیدن؛ منفجر کردن	eksploze
exploiter	بهره‌برداری کردن	eksplwate
exploitation	بهره‌کشی	eksplwatasuon
exploration	استخراج؛ سیاحت	eksplorasuon
exploratoire	اکتشافی	eksploratwar
explorer	سیاحت کردن؛ اکتشاف کردن	eksplore
sonde	سیاح؛ پیگرد	sond
explorateur	سیاح؛ پیگرد	eksploratoer
explosif	انفجاری	eksplozif
exporter	صدور؛ صادراتی	eksporte
exprimer	بیان کردن	eksprime
formule	بیان	formul
expressif	گویا؛ اشارهکننده	ekspresif
éjection	اخراج؛ طرد	ezheksuon
exquis	نفیس	ekski
prolonger	تعمیم کردن؛ تمدید کردن	prolonzhe
extension	گسترش، افزونه	ekstansuon
étendu	گسترده	etandu
mesure	حدود؛ بسیط	mezur
atténuer	کاستن از؛ کم تقصیر	atenue
exterminer	قلع کردن؛ منقرض کردن	ekstermine
extinction	براندازی	ekstenksuon
externe	ظاهری؛ بیرونی	ekstern
éteint	خاموش؛ معدوم	eten
éteindre	خاموش کردن؛ خاموش شدن	etendr
extirper	ریشهکن کردن؛ بکلی نابود کردن	ekstirpe
déraciner	ریشهکن کردن؛ بکلی نابود کردن	derasine
extorsion	غصب؛ اجحاف	ekstorsuon
supplémentaire	اضافی	suplemanter
particulièrement	اضافی	partikuluerman
extraire	استخراج کردن؛ استخراج کردن، عصاره	ekstrer
extraction	استخراج؛ عصارهگیری	ekstraksuon
extraordinaire	غیرعادی؛ شگفت آور	ekstraordiner
extravagance	زیادهروی؛ گزافگری	ekstravagans
excessive	افراطی	eksesiv
vachement	فوق‌العاده	vashman
extrêmement	فوق‌العاده	ekstremman
extrémiste	افراطی	ekstremist
extrémité	انتها	ekstremite
dégager	خلاصی بخشیدن	degazhe
tirer d'affaire	خلاصی بخشیدن	tire dafer
protubérance	بیروناندازی	protuberans
exubérante	پرپشت؛ فیض بخش	egzuberant
exubérant	پرپشت؛ فیض بخش	egzuberan
œil	چشم	oe-y
globe oculaire	تخمچشم؛ مقله	glob okuler
sourcil	ابرو	sursil
lunettes	عینک	lunet
barniques	عینک	barnik
paupière	پلک؛ جفن	popuer
structure	پارچه	struktur
fiction	دروغ نویسی؛ حرف اختراعی	fiksuon
fabrication	دروغ نویسی؛ حرف اختراعی	fabrikasuon
fabuleux	شگفت‌انگیز	fabuleu
façade	نمای خارجی	fasad
facétieux	لطیفهدار؛ شوخی آمیز	fasesueu
facial	صورتی	fasual
faciliter	تسهیل کردن	fasilite
pôle	تسهیلات؛ امکانات	pol
fait	واقعیت	fe
vérité	واقعیت	verite
faction	جناح	faksuon
facteur	عامل	faktoer
usine	کارخانه	uzin
fabrique	کارخانه	fabrik
faculté	هیئت علمی	fakulte
faner	محو شدن	fane
flétrir	محو شدن	fletrir
négliger	شکست خوردن	neglizhe
recaler	شکست خوردن	rekale
échec	شکست؛ اعسار	eshek
raté	شکست؛ اعسار	rate
timoré	غش؛ ضعف کردن	timore
syncope	ضعف؛ اغماء	senkop
évanouissement	ضعف؛ اغماء	evanuisman
impartialité	انصاف	enparsualite
solidarité	انصاف	solidarite
tapette	جن؛ پری	tapet
fée	جن؛ پری	fe
confiance	اعتقاد؛ ایمان	konfuans
loyal	وفادار؛ مومن	lwaual
fidèle	وفادار؛ مومن	fidel
faux	جعلی	fo
feint	جعلی	fen
faucon	شاهین؛ سوله	fokon
tomber	افتادن؛ سقوط	tonbe
fallacieux	سفسطه آمیز	falasueu
sophisme	سفسطه؛ استدلال غلط	sofism
en friche	آیش؛ آیش کردن	an frish
en jachère	آیش؛ آیش کردن	an zhasher
incorrect	نادرست	enkorekt
mensonge	ناراستی	mansonzh
faussement	کاذبانه؛ بدروغ	fosman
falsifier	مغشوش	falsifue
gloire	شهرت	glwar
familiarité	آشنایی؛ موانست	familuarite
famille	خانواده	famiy
pénurie	گرسنگی؛ قحطی	penuri
fameux	مشهور	fameu
célèbre	مشهور	selebr
fanatique	پرتعصب	fanatik
imaginaire	تفننی؛ پر اوهام	imazhiner
fantastique	فوق‌العاده	fantastik
fantasme	فانتزی	fantasm
fantaisie	فانتزی	fantezi
extrême	دور	ekstrem
farce	کار بیهوده	fars
fourrer	کار بیهوده	fure
tarif	کرایه	tarif
passager	کرایه	pasazhe
adieu	وداع؛ بدرود	adueu
bon vent	وداع؛ بدرود	bon van
fermier	کشاورز	fermue
fermière	کشاورز	fermuer
maison de ferme	خانه رعیتی	mezon de- ferm
plus loin	اقصی؛ جلوتر	plu lwen
le plus éloigné	اقصی نقطه	le- pluz elwanue
fasciner	مسحور کردن؛ مفتون کردن	fasine
fascination	فریبندگی	fasinasuon
mode	مد؛ مدی	mod
vogue	مد؛ مدی	vog
en vogue	شیک	an vog
à la mode	شیک	a la- mod
vite	سریع	vit
exigeant	بدمنش؛ باریک بین	egzizhan
minutieux	بدمنش؛ باریک بین	minusueu
jeûne	ناشتا؛ صائم	zheun
gras	چاق؛ چربی	gra
fatidique	کشنده	fatidik
destin	سرنوشت	desten
destinée	سرنوشت	destine
père	پدر	per
paternel	پدروار؛ پدرانه	paternel
grossir	چاق کردن؛ پرواری کردن	grosir
engraisser	چاق کردن؛ پرواری کردن	angrese
faute	عیب؛ خرده	fot
faveur	لطف؛ احسان	favoer
favoriser	لطف؛ احسان	favorize
favorable	مناسب؛ مساعد	favorabl
favori	محبوب؛ سوگلی	favori
préféré	محبوب؛ سوگلی	prefere
favoritisme	سوگیری؛ پارتی بازی	favoritism
peur	ترس	poer
effrayant	ترسان؛ خوفناک	efreuan
effrayante	ترسان؛ خوفناک	efreuant
brave	متهور؛ ناپروا	brav
faisable	شدنی؛ صورت پذیر	fezabl
plume	پر؛ باپرآراستن	plum
empenner	پر؛ باپرآراستن	anpene
fonctionnalité	ویژگی	fonksuonalite
spécialité	ویژگی	spesualite
février	فوریه	fevrie
fédéral	فدرال	federal
fédéralisme	فدرالیسم	federalism
fédérer	متعهد کرد	federe
fédération	فدراسیون	federasuon
honoraires	اجرت؛ پردازه	onorer
nourriture	غذا دادن	nuritur
alimentation	غذا دادن	alimantasuon
effet Larsen	پس خوراند	efe larsen
sentir	احساس کردن	santir
ressentir	احساس کردن	resantir
émotion	احساس	emosuon
sentiment	احساس	santiman
ami	همکار؛ همتا؛ شخص	ami
camarade	همکار؛ همتا؛ شخص	kamarad
camaraderie	پژوهانه؛ هم صحبتی	kamaradri
hors-la-loi	تبهکار؛ بزهکار	orla-lwa
femelle	زن، زنانه	femel
féminin	مونث؛ مادین	feminen
féministe	فمینیست	feminist
fémoral	رانی	femoral
fémur	استخوان ران	femur
clôture	نرده؛ حصار	klotur
receleur/euse	نرده؛ حصار	reseloer euz
escrime	شمشیر بازی	eskrim
féroce	سبع	feros
acharnement	سبعیت؛ وحشی گری	asharneman
bac	عبوردادن؛ گذر دادن	bak
ferry	عبوردادن؛ گذر دادن	feri
fécond	بارور؛ حاصلخیز	fekon
prolifique	بارور؛ حاصلخیز	prolifik
fertilité	باروری؛ حاصلخیزی	fertilite
torride	پرشور وشعف	torid
ardent	پرشور وشعف	ardan
émoi	شور؛ گرمی	emwa
ferveur	شور؛ گرمی	fervoer
festival	جشنواره	festival
gai	بزمی	ge
ramener	وا کشیدن	ramne
rapporter	وا کشیدن	raporte
entrave	پابند	antrav
entraver	پابند	antrave
fief	تیولی؛ ملوک الطوایفی	fuef
faide	تیولی؛ ملوک الطوایفی	fed
féodalisme	ملوک الطوایفی	feodalism
fiévreux	تب دار	fuevreu
peu	کم	peu
Fès	فس	fe
fez	فس	fe
fiancé	نامزد	fuanse
fibre	فیبر	fibr
fibreux	لیفی	fibreu
fictif	مستعار	fiktif
fictive	مستعار	fiktiv
truc	زرزر کردن؛ ویولن زدن	truk
réglage	زرزر کردن؛ ویولن زدن	reglazh
champ	میدان	shan
flamboyant	آتشی؛ مهیج	flanbwauan
quinze	پانزده	kenz
cinquième	پنجم	senkuem senk / kent
cinq	پنجم	senkuem senk / kent
quinte	پنجم	senkuem senk / kent
cinquantième	پنجاهمین؛ یک پنجاهم	senkansuem
cinquantième mf	پنجاهمین؛ یک پنجاهم	senkansuem emef
cinquante	پنجاه	senkant
figue	انجیر	fig
figuier	انجیر	figue
combativité	مبارزه، مبارزه کردن	konbativite
chasseur	مبارز؛ رزمنده	shasoer
figure	رقم، شکل	figur
chiffre	رقم، شکل	shifr
limer	خط؛ سوهان	lime
fichier	خط؛ سوهان	fishue
filial	درخورفرزند	filual
limaille	ضبط؛ ضبات	limau
philippin	فیلیپینی	filipen
philippine	فیلیپینی	filipin
remplir	پر کردن	ranplir
combler	پر کردن	konble
pellicule	فیلم؛ فیلم گرفتن	pelikul
cinéaste	فیلم‌ساز	sineast
réalisateur	فیلم‌ساز	realizatoer
filtre	فیلتر کردن	filtr
filtrer	فیلتر کردن	filtre
crasse	نجاست؛ رجاست	kras
crasseux	چرک؛ کثیف	kraseu
ultime	نهایی؛ نهایی (اسم)	ultim
dernier	نهایی؛ نهایی (اسم)	dernue
définitivement	بالاخره	definitivman
enfin	بالاخره	anfen
finances	دارایی؛ مالیه	finans
finance	دارایی؛ مالیه	finans
financier	مالی؛ نقدی	finansue
financière	سرمایه دار؛ سرمایه گذار	finansuer
trouver	پیدا کردن	truve
trouvaille	پیدا کردن	truvau
viseur	یابنده	vizoer
amende	جریمه، جریمه کردن؛ خوب	amand
pointer	انگشت	pwente
touche	جا انگشتی	tush
finir	تمام کردن؛ پایان	finir
se terminer	تمام کردن؛ پایان	se- termine
fini	متناهی	fini
arme à feu	سلاح گرم	arm a feu
énergumène	آتش پاره	energumen
torche	آتش پاره	torsh
pompier	آتش‌نشان	ponpue
pompière	آتش‌نشان	ponpuer
bois de chauffage	حطب؛ هیزم	bwa de- shofazh
feu d'artifice	آتش‌بازی	feu dartifis
feux d'artifice	آتشبازی	feu dartifis
solidement	قاطعانه	solidman
fermement	قاطعانه	fermeman
fermeté	استواری؛ ثبات	fermete
premier	اول (اسم)؛ اول، اولین	premue
d'abord	اول (اسم)؛ اول، اولین	dabor
primo	اولاً	primo
since it means related to taxes)	مالیاتی؛ محاسباتی	sensith minz rileutod tu taks
budgétaire (note: fiscal is a false friend	مالیاتی؛ محاسباتی	buueter not fiskaliz a fals friend
poisson	ماهی؛ ماهی گرفتن	pwason
pêche	ماهی؛ ماهی گرفتن	pesh
pêcheur	صیاد؛ ماهیگیر	peshoer
pêcheuse	صیاد؛ ماهیگیر	pesheuz
pêcherie	شیل؛ ماهی گیری	peshri
scissiparité	شکافت	sisiparite
fission	شکافت	fisuon
fente	گسله؛ شکافدار کردن	fant
poing	مشت؛ بامشت گرفتن	pwen
irrégulier	هوس پرست	iregulue
sporadique	هوس پرست	sporadik
fitness	مناسبت	fitnoes
conforme	پرو؛ سوار کنی	konform
réparer	تعمیر کردن	repare
idée fixe	عشق زیاد	ide fiks
luminaire	وسایل ثابت	luminer
flasque	لس	flask
ramolli	لس	ramoli
option	پرچم؛ رایت	opsuon
switch	پرچم؛ رایت	swich
fléau d’armes	گندم کوب؛ خرمن کوب	fleo darm
flamme	شعله؛ زبانه	flam
enflammé	شعلهور	anflame
flambant	شعلهور	flanban
flanchet	پهلو؛ خاصره	flanshe
flanc	پهلو؛ خاصره	flan
volet	پرزدن؛ پرپرزدن	vole
abattant	پرزدن؛ پرپرزدن	abatan
fusée lumineuse	شعله؛ شعله زنی	fuze lumineuz
signal lumineux	شعله؛ شعله زنی	sinual lumineu
s'exhiber	تلالو	segzibe
flacon	بغلی؛ دبه	flakon
aplatir	مسطح کردن؛ بیمزه کردن	aplatir
flatter	تملق کردن؛ مداهنه کردن	flate
flatterie	تملق؛ شیره مالی	flatri
exhiber	نازیدن؛ جولان دادن	egzibe
goût	مزه؛ طعم	gu
saveur	مزه؛ طعم	savoer
style	طعم	stil
faille	نقص	fau
déficient	معیوب	defisuan
lin	بزرک	len
écorcher	سخت انتقاد کردن	ekorshe
flocon	رگه رگه کردن	flokon
particule	رگه رگه کردن	partikul
s'enfuir	فرار کردن	sanfuir
laineux	مثل پشم	leneu
flotte	ناوگان	flot
fugace	تندپا	fugas
éphémère	تندپا	efemer
chair	گوشت	sher
carnation	گوشت	karnasuon
viandeux	گوشتالو؛ گوشتی	vuandeu
carné	گوشتالو؛ گوشتی	karne
bander	منقبض کردن	bande
souplesse	انعطاف‌پذیری	suples
flexibilité	انعطاف‌پذیری	fleksibilite
maléable	قابل تغییر؛ قابل انحناء	maleabl
souple	قابل تغییر؛ قابل انحناء	supl
défiler	تلنگر	defile
scintiller	سوسوزن	sentiue
fuite	پرواز	fuit
vol	پرواز	vol
passade	جفتک پرانی	pasad
silex	چخماق؛ سنگ فندک	sileks
pierre à fusil	چخماق؛ سنگ فندک	puer a fuzi
flirter	طناز؛ لاس زدن	floerte
flotter	غوطهورساختن؛ غوطهدادن	flote
flotteur	غوطهورساختن؛ غوطهدادن	flotoer
nuée	رمه؛ غنم	nue
inondation	سیل؛ طوفان	inondasuon
inonder	سیل؛ طوفان	inonde
sol	کف، طبقه	sol
partie entière	کف، طبقه	parti antuer
bide	صدای چلپ؛ باصدای تلپ افتادن	bid
disquette	مسخره وار	disket
flore	گیا؛ الهه گل	flor
flore intestinale	گیا؛ الهه گل	flor entestinal
fleuri	گلگون؛ سلیس وشیوا	fleuri
rougeaud	گلگون؛ سلیس وشیوا	ruzho
Floride	فلوریدا	florid
farine	آرد؛ آرد کردن	farin
fariner	آرد؛ آرد کردن	farine
brandir	رونق گرفتن	brandir
flux	بده؛ جاری کردن	flu
écoulement	بده؛ جاری کردن	ekulman
fleur	گل	floer
grippe	آنفولانزا	grip
onduler	مواج	ondule
fluctuer	مواج	fluktue
fluctuation	نوسان	fluktuasuon
pelucheux	پرزدار	pelusheu
fluide	مایع	fluid
lancé	پرت	lanse
projeté	پرت	prozhte
affairement	طوفان ناگهانی	aferman
aligné	آبریز	alinue
de niveau	آبریز	de- nivo
flûte	مزمار؛ زماره	flut
faséyer	اهتزاز	fazeue
voleter	اهتزاز	volte
piloter	مگس؛ پرواز کردن	pilote
faire voler	مگس؛ پرواز کردن	fer vole
pouliner	خرک	puline
écume	کف کردن؛ جوش وخروش	ekum
mousse	کف کردن؛ جوش وخروش	mus
épicentre	تمرکز، تمرکز کردن	episantr
fourrage	علوفه؛ علیق	furazh
brume	میغ؛ مه گرفتن	brum
brouillard	میغ؛ مه گرفتن	bruuar
brumeux	میغی؛ مهآلود	brumeu
feuille	زرورق؛ عقیم گذاردن	foeu
alu	زرورق؛ عقیم گذاردن	alu
s’écrouler	خم؛ چروک	sekrule
s’effondrer	خم؛ چروک	sefondre
feuillage	شاخ و برگ	foeuazh
peuple	قوم وخویش	peupl
follicule	برگه	folikul
suivre	دنبال کردن	suivr
se plier à	دنبال کردن	se- plie aaksangrav
suivant	هواخواه؛ تابع	suivan
poursuivant	هواخواه؛ تابع	pursuivan
ci-après	زیر، بعدی	suapre
folie	نابخردی؛ ابلهی	foli
sottise	نابخردی؛ ابلهی	sotiz
tenir à	علاقه‌مند	tenir aaksangrav
être épris de	علاقه‌مند	etr epri de-
aliment	غذا	aliman
bouffe	غذا	buf
denrées alimentaires	موادغذایی	danrez alimanter
imprudemment	احمقانه؛ سفیهانه	enprudaman
stupidité	حماقت؛ سفاهت	stupidite
pied	پا	pue
patte	پا	pat
métrage	فیلم	metrazh
pellicule enregistrée	فیلم	pelikul anrzhistre
ballon de foot	فوتبال	balon de-fut
tête de pont	جاپا؛ جای ثابت	tet de- pon
laquais	شاطر	lake
empreinte de pied	ردپا	anprent de- pue
marche	جاپا؛ گام برداری	marsh
pas	جاپا؛ گام برداری	pa
pour	برای	pur
fourrager	پی علف گشتن	furazhe
interdit	ممنوع؛ ممنوعه	enterdi
force	نیرو؛ اجبار	fors
forceps	انبر جراحی	forsep davue
davier	انبر جراحی	forsep davue
forcé	موثر؛ عدوانی	forse
violent	موثر؛ عدوانی	vuolan
de force	عنفا؛ مجبوراً	de- fors
gué	فرد؛ گدار	ge
passer à gué	فرد؛ گدار	pase a ge
avant-bras	ارش؛ ساعد	avanbra
prévision	پیش‌بینی	previzuon
prévision météo	پیش‌بینی	previzuon meteo
aïeux	اجداد	aueu
index	سبابه؛ انگشت شهادت	endeks
avant-garde	صف جلو	avangard
premier plan	صف جلو	premue plan
avant-plan	پیشصحن	avanplan
front	پیشانی؛ منصه	fron
contremaître	فورمن؛ سرکارگر	kontremetr
avant tout	جلوترین؛ دردرجه نخست	avan tu
en premier lieu	جلوترین؛ دردرجه نخست	an premue lueu
prédécesseur avant coureur	پیشرو؛ پیشگام	predesesoer avan kuroer
prescience	ابصار؛ پیش اندیشی	presuans
prévoyance	ابصار؛ پیش اندیشی	prevwauans
bois	جنگل	bwa
forêt	جنگل	fore
administration forestière	جنگلداری؛ جنگلبانی	administrasuon forestuer
sylviculture	جنگلداری؛ جنگلبانی	silvikultur
avant-goût	آزمایش قبلی	avangu
prédire	نبوت کردن؛ پیشگوئی کردن	predir
à jamais	برای همیشه؛ الی الابد	a zhame
perdre	ضبط شده	perdr
contrefaire	جعل کردن	kontrefer
faussaire	جاعل؛ جعل کننده	foser
invention	جعل؛ سند سازی	envansuon
oublier	فراموش کردن	ublie
oublieux	فراموشکار؛ کم حافظه	ublieu
pardonner	آمرزیدن؛ عفو کردن	pardone
pardonné	آمرزیده	pardone
pardon	عفو؛ بخشش	pardon
fourche	چنگال	fursh
fourchette	چنگال	furshet
perdu	مهجور؛ بی کس	perdu
abandonné	مهجور؛ بی کس	abandone
forme	فرم، تشکیل دادن	form
formulaire	فرم، تشکیل دادن	formuler
formel	رسمی	formel
formellement	رسما	formelman
mise en page	قالب	miz an pazh
celui-là	سابق؛ پیشین	seluila
autrefois	قبلاً	otrefwa
formidable	سهمناک؛ ژیان	formidabl
formuler	فرموله کردن	formule
forteresse	برج وبارو	forteres
en avant	رو به جلو	ann avan
prochain	قریب‌الوقوع	proshen
prévenant	قریب‌الوقوع	prevnan
renforcement	تقویت؛ حصار	ranforseman
fortification	تقویت؛ حصار	fortifikasuon
fortifier	مستحکم کردن؛ سنگربندی کردن	fortifue
fortitude	شهامت اخلاقی	fortitud
quinzaine	دوهفته	kenzen
quinze jours	دوهفته	kenz zhur
bimensuel	دو هفتگی	bimansuel
bimensuellement	دو هفتگی	bimansuelman
chanceux	خوش شانس	shanseu
fortuné	خوش شانس	fortune
par chance	خوشبختانه	par shans
par bonheur	خوشبختانه	par bonoer
bonne chance	طالع؛ فال	bon shans
quarante	چهل	karant
forum	انجمن	forom
à partir de	جلو	a partir de-
à partir d'aujourd'hui	جلو	a partirdouoerdhuui
fossile	فسیل	fosil
elever	پرورش دادن	eleve
stimuler	پرورش دادن	stimule
souillé	ناجوانمردانه؛ چرک شدن	suue
fond de teint	بنیاد	fon de- ten
fondation	بنیاد	fondasuon
fondateur	بنیانگذار	fondatoer
fondatrice	بنیانگذار	fondatris
enfant trouvé	لقیط	anfan truve
fonderie	چدن ریزی	fondri
fontaine	چشمه	fonten
quatre	چهار	katr
quatorze	چهارده	kwatorz
popes	چهارم	pop
quatrième	چهارم	katriem
volaille	پرنده	volau
retors	روبه؛ روباه بازی کردن	retor
roublard	روبه؛ روباه بازی کردن	rublar
fraction	کسر، بخش کوچک	fraksuon
fragilité	تردی؛ زودشکنی	frazhilite
fragment	تکه	fragman
fragmenter	تکه	fragmante
fragrance	عطر؛ نکهت	fragrans
frêle	پوشالی؛ بی بنیه	frel
vice	ضعف اخلاق	vis
trame	شاسی؛ قاب کردن	tram
manche	شاسی؛ قاب کردن	mansh
carcasse	چارچوب	karkas
République française	فرانسه	republik fransez
France	فرانسه	frans
franchiser	حق امتیاز	franshize
franc	فاش؛ فرانک	fran
Franck	فاش؛ فرانک	frank
franchement	رک و راست	franshman
éperdu	دیوانه وار	eperdu
paniqué	دیوانه وار	panike
éperdument	دیوانه وار	eperduman
frénétiquement	دیوانه وار	frenetikman
fraudeur	کلاهبرداری	frodoer
frauduleux	دغل؛ تقلبی	froduleu
caprice	ناقصالخلقه	kapris
original	ناقصالخلقه	orizhinal
libre	آزاد کردن؛ آزاد، رایگان	libr
liberté	آزادی	liberte
pleine propriété	مالکیت مطلق؛ ملک موروثی	plen propriete
librement	آزادانه	libreman
franc-maçon	فراماسون؛ فراماسیون	franmason
franc-maçonnerie	فراماسیونی	franmasonri
hommes libres	آزادگان	om libr
se figer	یخبندان؛ منجمد کردن	se- fizhe
geler	یخبندان؛ منجمد کردن	zhele
cargo	گرانبار کردن؛ کرایه کشتی	kargo
fret	گرانبار کردن؛ کرایه کشتی	fret
français	فرانسوی؛ زبان فرانسه	franse
les Français	فرانسوی؛ زبان فرانسه	le- franse
frénétique	شوریده؛ شوریده حال	frenetik
frénésie	شوریدگی؛ شوریده کردن	frenezi
fréquence	تناوب؛ بسامد	frekans
fréquente	مکرر	frekant
fréquent	مکرر	frekan
nouvel	تازه	nuvel
nouveau	تازه	nuvo
fraîcheur	تازگی؛ شادابی	freshoer
dévorer	هایهو کردن؛ جور بجور کردن	devore
inquiéter	هایهو کردن؛ جور بجور کردن	enkuete
frottement	مالش؛ اصطکاک	frotman
vendredi	جمعه	vandredi
réfrigérateur	یخچال	refrizheratoer
grillé	سرخ کرده	griue
frit	سرخ کرده	fri
copine	دوست	kopin
cordialité	خوش مشربی	kordualite
gentilesse	خوش مشربی	zhantiles
amical	دوستانه	amikal
gentil	دوستانه	zhanti
amitié	یاری؛ دوستی	amitue
frégate	فرقت	fregat
effroi	رم دادن	efrwa
épouvante	رم دادن	epuvant
effrayer	هراسانیدن؛ ترساندن	efreue
redouter	هراسانیدن؛ ترساندن	redute
frigide	خنک	frizhid
frange	سجاف؛ چتر زلف	franzh
radicaux	سجاف؛ چتر زلف	radiko
frivolité	سبکی؛ لوسی	frivolite
frivole	سبکسر؛ بیهوده وبیمعنی	frivol
bricole	سبکسر؛ بیهوده وبیمعنی	brikol
froc	فراک؛ لباس اسموکینگ	frok
talon	قورباغه	talon
grenouille	قورباغه	grenuu
fôlatrer	ورجه ورجه کردن	folatre
de	از	de-
frontal	پیشانی؛ وابسته بجلو	frontal
gel	شبنم؛ سرماریزه	zhel
givre	شبنم؛ سرماریزه	zhivr
râler	اخم؛ اخم کردن	rale
froncer les sourcils	اخم؛ اخم کردن	fronse le- sursil
gelé	منجمد؛ منجمده	zhele
congelé	منجمد؛ منجمده	konzhle
pédé	میوه	pede
fructueux	بارور؛ زاینده	fruktueu
vain	بی بر؛ بی میوه	ven
déçu	ناامید	desu
frustrant	مایوس کننده	frustran
frustration	ناامیدی	frustrasuon
carburant	سوخت؛ سوختی	karburan
combustible	سوخت؛ سوختی	konbustibl
fuyant	گریخته؛ فراری	fuiuan
fugue	نوعی آلت	fug
réaliser	برآورده کردن	realize
satisfaire	برآورده کردن	satisfer
plein	پر	plen
plein temps	تمام وقت	plen tan
à temps plein	تمام وقت	a tan plen
tâtonner	کورمالی	tatone
tripoter	کورمالی	tripote
fonction	وظایفه؛ کار افتادن	fonksuon
marcher	وظایفه؛ کار افتادن	marshe
fonctionnel	کاربردی	fonksuonel
fonds	تهیه وجه کردن	fon
financer	تهیه وجه کردن	finanse
fondement	اساسی؛ سازمانی	fondman
fondamentalement	اساساً	fondamantalman
collecte de fonds	جمع‌آوری کمک مالی	kolekt de- fon
obsèques	مراسم خاکسپاری	obsek
funérailles	مراسم خاکسپاری	funerau
utiliser un entonnoir	قیف؛ قیفی شکل	utilize unn antonwar
rigolo	خنده‌دار	rigolo
fourrure	پوست؛ خز	furur
four	تون؛ تنور	fur
garnir	تهیه کردن؛ دارای اثاثه کردن	garnir
meuble	مبلمان	meubl
mobilier	مبلمان	mobilue
ride	شیار کردن؛ شیار زدن	rid
sillon	شیار کردن؛ شیار زدن	siuon
velu	خزدار؛ خزپوش	velu
poilu	خزدار؛ خزپوش	pwalu
furtif	زیر جلی	furtif
subreptice	زیر جلی	subreptis
détonateur	فتیله؛ گداختن	detonatoer
fusible	فتیله؛ گداختن	fuzibl
salve	شلیک متوالی	salv
volée	شلیک متوالی	vole
fusion nucléaire	ذوب؛ گداز	fuzuon nukleer
fusion	ذوب؛ گداز	fuzuon
futile	بیهوده؛ باطل	futil
futilité	عبثی؛ بیهودگی	futilite
avenir	آینده	avnir
futur	آینده	futur
haut-le-coeur	شیرین کاری	ole-koer
bâillon	شیرین کاری	bauon
profit	انتفاع؛ جلب کردن	profi
démarche	مشی؛ گام برداشتن	demarsh
allure	مشی؛ گام برداشتن	alur
galaxie	کهکشان	galaksi
toupet	زرد آب	tupe
galerie	گالری	galri
cambuse	رانکا؛ رامکا	kanbuz
office	رانکا؛ رامکا	ofis
gallon	گالن	galon
galop	تاخت؛ چهارنعل	galo
galoper	تاخت؛ چهارنعل	galope
gibet	دار؛ صلابه	zhibe
potence	دار؛ صلابه	potans
jeu de hasard	قمار کردن؛ قماربازی کردن	zheu de- azar
joueur	قمارباز؛ مهرهباز	zhuoer
parieur	قمارباز؛ مهرهباز	paruoer
jeux de hasard	قمار	zheu de- azar
jeu	بازی	zheu
partie	بازی	parti
gang	گام برداری	gang
ganglion	غده لنفاوی	ganglion
nécrose	قانقاریا	nekroz
gangrène	قانقاریا	gangren
écart	شکاف	ekar
brèche	شکاف	bresh
garage	گاراژ؛ در گاراژ گذاردن	garazh
habiller	طرز رفتار؛ لباس پوشانیدن	abiue
jardin	باغ	zharden
parc	باغ	park
jardinier	باغبان	zhardinue
jardinière	باغبان	zhardinuer
jardinage	باغبانی؛ سبزیکاری	zhardinazh
de jardinage	باغبانی؛ سبزیکاری	de- zhardinazh
ail	سیر	au
vêtement	جامه؛ ملبوس	vetman
garnison	ساخلو؛ پادگان	garnizon
jarretelle	بند زدن	zhartel
jarretière	بند زدن	zhartuer
gaz	گاز	gaz
gascon	گاسگن؛ لاف زن	gaskon
gazeux	گازدار؛ گازی	gazeu
entaille	شکافدار کردن؛ مقاربت جنسی	antau
bec de gaz	گاز سوز؛ شعله گاز	bek de- gaz
gas	بنزین؛ گازولین	ga
essence	بنزین؛ گازولین	esans
halètement	نفس بریده	aletman
ahaner	نفس بریده	aane
gastrique	معدی	gastrik
porte logique	دروازه	port lozhik
grille	دروازه	griu
ramasser	اجتماع کردن؛ انجمن کردن	ramase
réunion	گردهمایی	reunuon
étalon	اندازهگیر	etalon
écartement	اندازهگیر	ekarteman
émacié	زننده ساختن	emasue
gaze	گاز؛ تنزیب	gaz
gaie	همجنس‌گرا	ge
gazette	مجله رسمی	gazet
engrenage	دنده، تجهیزات	angrenazh
vitesse	دنده، تجهیزات	vites
gelée	ژلاتین؛ سریشم	zhele
gélatine	ژلاتین؛ سریشم	zhelatin
gélatineux	ژلاتینی	zhelatineu
joyau	جواهر نشان کردن؛ سنگ گران بها	zhwauo
pierre précieuse	جواهر نشان کردن؛ سنگ گران بها	puer presueuz
sexe	جنسیت	seks
genre	جنسیت	zhanr
gène	ژن	zhen
d'ensemble	عمومی	dansanbl
communal	عمومی	komunal
en général	عموما؛ معمولا	an zheneral
création	تولید؛ زاد	kreasuon
générer	تولیدی؛ نسلی	zhenere
générique	عمومی	zhenerik
produit générique	عمومی	produi zhenerik
générosité	کرم؛ مروت	zhenerozite
bonté	کرم؛ مروت	bonte
généreux	کرام؛ کریم	zhenereu
généreuse	کرام؛ کریم	zhenereuz
genèse	تکوین؛ طرز تشکیل	zhenez
Genèse	تکوین؛ طرز تشکیل	zhenez
génétique	ژنتیکی	zhenetik
Genève	ژنو	zhenev
le canton de Genève	ژنو	le- kanton de- zhenev
bonhomie	خوش معاشرتی	bonomi
génie	نابغه	zheni
génocide	نسل‌کشی	zhenosid
goy	غیر کلیمی	gou
goï	غیر کلیمی	gou
doux	نرم؛ معتدل	du
gentilhomme	جنتلمن؛ سمیو	zhantiuom
messieurs	جنتلمن؛ سمیو	mesueu
dame	زن نجیب؛ زن باتربیت	dam
madame	زن نجیب؛ زن باتربیت	madam
doucement	بارامی؛ نرم نرم	dusman
géographique	جغرافیایی	zheografik
géographie	جغرافیا	zheografi
géologie	زمینشناسی؛ معرفت الارظ	zheolozhi
géométrique	هندسی	zheometrik
géométrie	هندسه	zheometri
Géorgie	گرجستان	zheorzhi
géorgien	گرجی؛ گرجستانی	zheorzhuen
Géorgien	گرجی؛ گرجستانی	zheorzhuen
germe	میکرب؛ جرثومه	zherm
germain	آلمانی؛ زبان آلمانی	zhermen
germaine	آلمانی؛ زبان آلمانی	zhermen
germanique	آلمانی؛ ژرمنی	zhermanik
Allemagne	آلمان	almanu
germination	جوانه زنی؛ جوانه زایی	zherminasuon
geste	اشاره	zhest
obtenir	گرفتن	obtnir
esprit	روح؛ شبح	espri
fantôme	روح؛ شبح	fantom
géant	غول؛ نرهغول	zhean
concorder	طنز گفتن؛ باطعنه استهزاء کردن	konkorde
don	هدیه	don
talent	هدیه	talan
doué	خدا داده	due
gigantesque	غول پیکر	zhigantesk
doré	مطلا	dore
vrille	گردبر؛ سوراخ کننده	vriu
vriller	گردبر؛ سوراخ کننده	vriue
gin	جینی؛ جین	uin
gingembre	زنجبیل	zhenzhanbr
rouquin	زنجبیل	ruken
lier ceindre garrotter ligaturer	ضربه شدید؛ کمربند بستن	lue sendr garote ligature
ceindre ceinturer entourer enserrer	ضربه شدید؛ کمربند بستن	sendr senture anture ansere
servante	دختر	servant
amie	دوست دختر	ami
de fille	دختروار	de- fiu
de jeune fille	دختروار	de- zheun fiu
circonférence	ابعاد؛ قطر شکم	sirkonferans
gîte	نکته مهم؛ لب کلام	zhit
heureux	خوشحال	eureu
heureusement	بخشنودی	eureuzman
coup d’œil	نگاه اجمالی	ku doeu
jeter un coup d’œil	نگاه اجمالی	zhete un ku doeu
glande	غده؛ دشبل	gland
glandulaire	غدهای	glanduler
éclat	درخشندگی زیاد	ekla
vitreux	زجاجی	vitreu
comme du verre	زجاجی	kom du- ver
glaçage	لعابی؛ لعابدار	glasazh
glacis	لعابی؛ لعابدار	glasi
reflet	نور ضعیف؛ پرتو آنی	refle
glisser	نرم رفتن؛ آسان رفتن	glise
planer	نرم رفتن؛ آسان رفتن	plane
lueur	سوسو زدن؛ نور کم	luoer
émettre une lueur	سوسو زدن؛ نور کم	emetr un luoer
aperçu	نگاه کوتاه	apersu
luire	ظهور آنی	luir
briller	ظهور آنی	briue
mondial	جهانی	mondual
mondiale	جهانی	mondual
mondialisation	جهانی‌سازی	mondualizasuon
Terre	کره زمین	ter
globulaire	گلبولوار؛ گوی مانند	globuler
morosité	عبوس بودن	morozite
glorieux	باشکوه	glorueu
splendide	باشکوه	splandid
glose	جلوه ظاهر	gloz
glotte	چاکنای	glot
gant	دستکش	gan
gloutonnerie	پر خوری؛ شکم پرستی	glutonri
fonctionner	رفتن	fonksuone
incitation	سک	ensitasuon
aiguillonnement	سک	eguiuonman
goal	گلر	geul
chèvre	بز؛ بزغاله	shevr
glousser	لپ لپ خوردن	gluse
dieu	خدا	dueu
déesse	الهه؛ دارگونه	dees
Déesse	الهه؛ دارگونه	dees
parrain	پدر تعمیدی؛ نام گذاردن بر	paren
pieuse	خداشناس؛ الاهی	pueuz
marraine	مادر خوانده	maren
or	طلا، طلایی	or
médaille d'or	طلا، طلایی	medau dor
d'or	طلایی	dor
golf	گلف	golf
golfer	گلف	golfe
Goliath	جالوت؛ جلیات	gulauoerth
au revoir	خداحافظ	o revwar
bonne volonté	سر قفلی	bon volonte
oie	غاز؛ هیس	wa
gorger	پر خوردن؛ زیاد تپاندن	gorzhe
se gorger	پر خوردن؛ زیاد تپاندن	se- gorzhe
magnifique	باشکوه	manuifik
gorille	گوریل	goriu
évangile	مژده نیکو	evanzhil
fil de la vierge	بند شیطان؛ لعاب خورشید	fil de- la- vuerzh
ragot	نمام؛ اراجیف	rago
cancan	نمام؛ اراجیف	kankan
gothique	زبانگوتیک	gotik
gotique	زبانگوتیک	gotik
arnaquer	مغار؛ اسکنه جراحی	arnake
gouger	مغار؛ اسکنه جراحی	guzhe
goutte	نقرسی؛ نقرس	gut
gouverner	حکومت کردن؛ فرمانداری کردن	guverne
gouvernante	مدیره؛ زنحاکم	guvernant
gouvernement	دولت	guverneman
gouverneur	استاندار	guvernoer
governeure	استاندار	governoer
toge (general term	خرقه؛ لباس شب	tozh zhenral term
empoigner	چنگ انداختن؛ بچنگال گرفتن	anpwanue
miséricorde	ظرافت	mizerikord
bénédicité	ظرافت	benedisite
gracieux	ظریف؛ عاطر	grasueu
mention	پایه؛ نمره	mansuon
progressif	تدریجی	progresif
progressivement	بمرور؛ متدرجا	progresivman
diplômé	آموخته؛ مدرج کردن	diplome
diplômée	آموخته؛ مدرج کردن	diplome
greffe	اختلاس؛ پیوند کردن	gref
greffon	اختلاس؛ پیوند کردن	grefon
texture	دان؛ دانه	tekstur
gramme	گرم	gram
grammaire	دستور؛ گرامر	gramer
grammatical	دستوری؛ صرفی	gramatikal
petits-enfants	احفاد	petizanfan
splendeur	شکوه؛ جلال	splandoer
aïeul	پدربزرگ	auoel
grand-père	پدربزرگ	granper
grandiloquent	گزاف گوی	grandilok
aïeule	مادربزرگ	auoel
grand-mère	مادربزرگ	granmer
grand-parent	پدربزرگ/مادربزرگ	granparan
petit-fils	پسر دختر؛ پسر پسر	petifis
granit	خارا؛ گرانیت	granit
granite	خارا؛ گرانیت	granit
granuleux	دانهدار؛ دانه ای	granuleu
raisin	انگور؛ عنب	rezen
vigne	انگور؛ عنب	vinu
graphique	نمودار؛ گراف	grafik
graphiques	گرافیک	grafik
graphisme	گرافیک	grafism
agripper	گرفتن، درک کردن	agripe
balance	چمن	balans
gazon	چمن	gazon
prairie	علفزار؛ سبزه زار	preri
herbeux	پرچمن؛ علفی	erbeu
couvert d'herbe	پرچمن؛ علفی	kuver derb
râper	کبیر؛ کبیره	rape
taper sur les nerfs	کبیر؛ کبیره	tape sur le- ner
reconnaissant	ممنون؛ شکور	rekonesan
récompense	سر بلندی	rekonpans
gratifier	مفتخر کردن؛ بوجد آوردن	gratifue
gratitude	سپاسگزاری؛ شکران	gratitud
solennel	قبر، جدی	solenel
graviers	شن؛ ریگ	gravue
gravillons	شن؛ ریگ	graviuon
gravité	قوه جاذبه	gravite
pesanteur	قوه جاذبه	pezantoer
gris	خاکستری رنگ	gri
Gris	خاکستری رنگ	gri
paître	چریدن؛ چرا کردن	petr
brouter	چریدن؛ چرا کردن	brute
graisse	روغن؛ مداهنه	gres
graisser	روغن؛ مداهنه	grese
huileux	چرب؛ روغنی	uileu
grandement	بسیار	grandman
immensité	بزرگی؛ شهامت	immansite
Grèce	یونان؛ کشور یونان	gres
avidité	حرص؛ طمع	avidite
avide	حریصانه	avid
cupide	حریصانه	kupid
grec	یونانی	grek
grecque	یونانی	grek
vert de jalousie	سبز	ver de- zhaluzi
vert	سبز	ver
serre	گلخانه	ser
saluer	سلام کردن	salue
salutation	تهنیت؛ درود	salutasuon
grenade	نارنجک	grenad
grisâtre	خاکستری	grizatr
réseau	شبکه	rezo
peine	اندوه	pen
douleur	اندوه	duloer
attrister	تظلم	atriste
chagriner	تظلم	shagrine
grave	اندوه آورد	grav
grimace	شکلک	grimas
grimacer	شکلک	grimase
dechet	رجاست؛ چرک سیاه کردن	deshe
ordure	رجاست؛ چرک سیاه کردن	ordur
sinistrement	عبوسانه	sinistreman
sourire	نیشخند	surir
broyer	آسیاب کردن	brwaue
moudre	آسیاب کردن	mudr
molaire	کوبنده؛ لهکننده	moler
moulin	کوبنده؛ لهکننده	mulen
poignée	چنگ زدن	pwanue
grain à moudre	گندمآسیابی؛ جو آسیابی	gren a mudr
matière utile	گندمآسیابی؛ جو آسیابی	matuer util
cran	ماسه سنگ	kran
gravillon	ماسه سنگ	graviuon
grognement	فغان	gronue-man
grondement	فغان	grondman
épicier	عطار؛ بقال	episue
épicière	عطار؛ بقال	episuer
épicerie	خواربار	episri
aine	دوطاقه کردن؛ بیخ ران	en
palefrenier	داماد؛ چاروادار	palfrenue
rainure	شیار؛ خط انداختن	renur
grossier	ناخالص	grosue
grossière	ناخالص	grosuer
infondé	واهی؛ بی اساس	enfonde
grouper	گروه	grupe
bosquet	بیشه؛ شاخسار	boske
croître	رشد کردن	krwatr
pousser	رشد کردن	puse
feulement	خرخر کردن	feulman
croissance	رشد	krwasans
rancune	کینه؛ غرض	rankun
gronder	غر؛ ژکیدن	gronde
gargouiller	غر؛ ژکیدن	garguue
grognon	بد خلق؛ بد خو	gronuon
garantie	التزام؛ ضمانت	garanti
garant	التزام؛ ضمانت	garan
garde	گارد؛ نگهبان	gard
protection	گارد؛ نگهبان	proteksuon
boss	سرپرست؛ متکفل	bos
tutelle	سرپرستی؛ قیمومیت	tutel
guérilla	چریک	geriua
guérillero	چریک	geriuero
deviner	حدس زدن، حدس	devine
hôte	مهمان	ot
invité	مهمان	envite
gros éclat de rire	خنده بلند؛ قاه قاه	groz ekla de- rir
s’esclaffer	خنده بلند؛ قاه قاه	sesklafe
conseils	راهنمایی	konseu
gabarit	راهنما، راهنمایی کردن	gabari
calibre	راهنما، راهنمایی کردن	kalibr
grande ligne	دستورالعمل	grand linu
guilde	سنخ؛ صنف	gild
sentiment de culpabilité	احساس گناه	santiman de- kulpabilite
culpabilité	احساس گناه	kulpabilite
coupable	مرتکب؛ مقصر	kupabl
guinée	گینه؛ مرغ شاخدار	gine
rital	گینه؛ مرغ شاخدار	rital
guitare	گیتار	gitar
golfe	خلیج	golf
gosier	مری	gozue
œsophage	مری	euzofazh
ravin	آبکند؛ دره کوچک	raven
gencive	صمغ؛ چسب	zhansiv
chewing-gum	صمغ؛ چسب	chuuinggom
fusil	اسلحه	fuzi
poudre à canon	باروت	pudr a kanon
coup de feu	تیر رس؛ زخم گلوله	ku de- feu
gargouillis	غلغل؛ شرشر	garguui
rafale	باد ناگهانی؛ بادتند وشدید	rafal
panse	روده، شهود	pans
caniveau	آبگند؛ آب رو	kanivo
gouttière	آبگند؛ آب رو	gutuer
guttural	حلقی؛ گلوئی	gutural
hauban	مرد	oban
gymnase	باشگاه ورزشی	zhimnaz
salle de gymnastique	باشگاه ورزشی	sal de- zhimnastik
gymnastique	ژیمناستیک	zhimnastik
gitan	کولی؛ غربتی	zhitan
tsigane	کولی؛ غربتی	tsigan
habitude	عادت	abitud
habitat	زیستگاه	abita
grêle	تگرگ، استقبال کردن	grel
grêler	تگرگ، استقبال کردن	grele
cheveu	مو	sheveu
cheveux	مو	sheveu
glabre	بیمو؛ کم مو	glabr
poilue	مویی؛ مودار	pwalu
moitié	نصف	mwatue
demi	نصف	demi
mi-chemin	در نیمه راه	mishemen
foyer	سالن	fwaue
résidence universitaire	سالن	rezidans universiter
nimbe	هاله؛ هآاله بستن	nenb
auréole	هاله؛ هآاله بستن	oreol
halter	توقف، متوقف کردن	alte
jambon	ژامبون؛ گوشت ران	zhanbon
marteau	چکش؛ پتک	marto
obstacle	بی نتیجه کردن	obstakl
main	دست	men
aiguille	دست	eguiu
manipule	مشت	manipul
artisanat	هنردستی؛ دستورزی	artizana
foulard	دستمال	fular
mouchoir	دستمال	mushwar
tâter	دسته؛ ادارهکردن	tate
maniement	رسیدگی	maniman
manipulation	رسیدگی	manipulasuon
écriture de main	خط؛ دستخط	ekritur de- men
pratique	مفید، دستی	pratik
errer	آویختن؛ دار زدن	ere
Hanovre	هانوور	anovr
advenir	اتفاق افتادن	advnir
bonheur	خوشبختی؛ شادی	bonoer
prêt	خوشحال	pre
prête	خوشحال	pret
harcèlement	آزار و اذیت	arselman
abriter	بندرگاه؛ لنگرگاه	abrite
accoster	بندرگاه؛ لنگرگاه	akoste
port	بندر	por
quai	بندر	ke
durcir	تصلب	dursir
endurcir	تصلب	andursir
guère	به‌سختی؛ تقریباً نه	ger
dureté	سختی؛ صلابت	durte
misère	مصیبت؛ تنگی	mizer
difficultés	مصیبت؛ تنگی	difikulte
quincaillerie	سخت‌افزار	kenkauri
hase	خرگوش؛ دراز گوش	az
lièvre	خرگوش؛ دراز گوش	luevr
tort	آزار؛ آسیب	tor
inoffensif	بیگزند؛ بی آزار	inofansif
harmonieux	همساز	armonueu
harmonium	گارمن	armonuom
s'accorder	موافق کردن؛ متناسب بودن	sakorde
harmoniser	موافق کردن؛ متناسب بودن	armonize
harmonie	هماهنگی	armoni
harnais	دهنه؛ تارکش	arne
harnacher	دهنه؛ تارکش	arnashe
harpe	بربط	arp
harpiste	چنگزن	arpist
dure	خشن	dur
Harvard	هاروارد	arvar
moisson	برداشت	mwason
hâte	شتاب؛ عجله	at
se hâter	شتاباندن	se- ate
se dépêcher	شتاباندن	se- depeshe
hâtivement	باشتاب؛ شتابان	ativman
précipité	تند؛ عجول	presipite
hâtif	تند؛ عجول	atif
chapeau	کلاه	shapo
hachette	تیشه؛ تبرزین	ashet
détester	متنفر بودن	deteste
haïr	متنفر بودن	air
haineux	کینه آمیز؛ تنفر آور	eneu
haine	نفرت	en
hautain	متکبرانه؛ مستکبر	oten
hanter	تسخیر کردن	ante
habiter	تسخیر کردن	abite
avoir à	مجبور بودن (فعل کمکی)	avwar aaksangrav
les îles Hawaii	هاوایی	le-z il awei
Hawaii	هاوایی	awei
autour	جار؛ بابازشکار کردن	otur
foin	یونجه؛ علف خشک	fwen
hasard	خطر	azar
poudroiement	مغموم بودن؛ مه کم	pudrwaman
il	او (مرد)	il
tête	سر	tet
mal de tête	سردرد	mal de- tet
couvre-chef	آرایش سر؛ آرایش مو	kuvrshef
boutisse	سرساز؛ درساز	butis
en-tête	سرساز؛ درساز	antet
titre	سرصفحه	titr
manchette	سرصفحه	manshet
la tête la première	سربجلو؛ شیرجه رونده	la- tet la- premuer
siège social	ستاد مرکزی	suezh sosual
quartier général	ستاد مرکزی	kartue zheneral
entêté	خودسر؛ مطلق العنان	antete
guérison	بهبود؛ التیام	gerizon
santé	سلامتی	sante
soins de santé	مراقبت‌های بهداشتی	swen de- sante
bon pour la santé	سالم	bon pur la- sante
sain	سالم	sen
tas	توده؛ خرمن	ta-
entendre	شنیدن	antandr
ouïe	محاکمه؛ سمع	uu
audience	محاکمه؛ سمع	oduans
âtre	کوره کشتی؛ کف منقل	atr
chaleureusement	از ته دل	shaleureuzman
sans cœur	بی عشق	san koer
cordial	جانانه	kordual
copieux	جانانه	kopueu
piquant	گرما، گرم کردن	pikan
chaleur	گرما، گرم کردن	shaloer
bruyère	تیغستان	bruiuer
lande	تیغستان	land
hisser	غلپیدن	ise
paradis	بهشت	paradi
ciel	بهشت	suel
pesant	به شدت	pezan
hébreu	یهودی؛ عبری	ebreu
hébraïque	یهودی؛ عبری	ebraik
hectare	هکتار	ektar
couverture de risque	چپر؛ خاربست	kuvertur de- risk
haie	چپر؛ خاربست	e
surveiller	رعایت؛ توجه کردن	surveue
observer	رعایت؛ توجه کردن	observe
croûton	پاشنه؛ پاشنه پا	kruton
quignon	پاشنه؛ پاشنه پا	kinuon
hauteur	ارتفاع	otoer
taille	ارتفاع	tau
héritier	وارث؛ ارث بر	eritue
héritière	وارث؛ ارث بر	erituer
Hélène	هلنا	elen
hélicoptère	هلیکوپتر	elikopter
héliporter	هلیکوپتر	eliporte
enfer	درک؛ دوزخ	anfer
bonjour	سلام	bonzhur
casque	کلاه ایمنی	kask
secourir	کمک، کمک کردن	sekurir
assistant	یاور؛ نصیر	asistan
assistante	یاور؛ نصیر	asistant
utile	مفید	util
serviable	مفید	servuabl
désemparé	عاجز؛ ناگزیر	dezanpare
faiblesse	ناچاری؛ درماندگی	febles
ourlet	لبه؛ کناره دار کردن	urle
marge	لبه؛ کناره دار کردن	marzh
hémisphère	نیمکره؛ نیم گوی	emisfer
poule	مرغ؛ مرغ خانگی	pul
d'où	بنابراین	du
donc	بنابراین	donk
désormais	منبعه؛ زین سپس	dezorme
dorénavant	منبعه؛ زین سپس	dorenavan
hépatique	کبدی	epatik
la	او (مفعول)، مال او (وابسته)	la-
lui	او (مفعول)، مال او (وابسته)	lui
découpure	جارچی	dekupur
herbe	گیاه	erb
herbes	گیاه	erb
Hercule	هرکول	erkul
troupeau	گله؛ رمه	trupo
ici	اینجا	isi
par ici	اینجا	par isi
par la présente	بدینوسیله	par la- prezant
hérésie	ارتداد؛ الحاد	erezi
héritage	میراث	eritazh
ermite	منزوی؛ کهبد	ermit
ermitane	منزوی؛ کهبد	ermitan
hernie	باد فتق	erni
héros	قهرمان	ero
protagoniste	قهرمان	protagonist
héroïque	حماسی؛ پهلوانانه	eroik
héroïne	شیرزن	eroin
héroïsme	گردی	eroism
les siens	مال او (زن)	le- suen
les siennes	مال او (زن)	le- suen
elle-même	خودش (زن)	elmem
hésiter	تامل کردن؛ تردد کردن	ezite
hesitation	تامل؛ درنگ	ezitasuon
tailler	شقه	taue
eh	هی	e
hé	هی	e
caché	پنهان	kashe
cachée	پنهان	kashe
masquer	پنهان کردن	maske
hiérarchie	سلسله مراتب	uerarshi
hiéroglyphe	هیروگلیف	ueroglif
haut	بالا؛ بالا، بلند	o
haute	بالا؛ بالا، بلند	ot
altesse	جناب؛ والاحضرت	altes
très médiatisé	برجسته	tre meduatize
de premier plan	برجسته	de- premue plan
grande route	بزرگراه	grand rut
hilarant	خنده‌دار	ilaran
hilarante	خنده‌دار	ilarant
colline	تپه	kolin
monticule	گریوه؛ هذلول	montikul
flanc de coteau	دامنه کوه؛ سرازیری تپه	flan de- koto
le	او (مفعول)	le-
lui-même	خودش (مرد)	luimem
délayer	عقبی؛ موخر	deleue
reposer	لولا؛ منوط بودن	repoze
indication	اشاره، اشاره کردن	endikasuon
soupçon	اشاره، اشاره کردن	supson
hanche	باسن	ansh
cynorrhodon	باسن	sinorodon
le sien	مال او (مرد)	le- suen
la sienne	مال او (مرد)	la- suen
histologie	بافت شناسی	istolozhi
historien	تاریخ‌دان	istoruen
historienne	تاریخ‌دان	istoruen
historique	تاریخی	istorik
histoire	تاریخ	istwar
frapper	ضربه زدن، ضربه	frape
çà	به اینجا	sa
jusqu'ici	تاکنون؛ تابحال	zhuskisi
jusqu'alors	تاکنون؛ تابحال	zhuskalor
ruche	مرکز تجمع	rush
urticaire	کهیر	urtiker
trésor	احتکار کردن	trezor
magot	احتکار کردن	mago
intox	حقه بازی کردن	entoks
canular	حقه بازی کردن	kanular
passe-temps	سرگرمی	pastan
hobereau	سرگرمی	obro
hockey sur gazon	هاکی	oke sur gazon
hockey sur glace	هاکی	oke sur glas
porteuse	حامل؛ دارنده	porteuz
creux	سوراخ	kreu
jour férié	تعطیلات	zhur ferue
sainteté	تقدس؛ لقب پاپ	sentte
Hollande	هلند	oland
sacré	مقدس؛ مطهر	sakre
saint	مقدس؛ مطهر	sen
maison	خانه؛ در خانه	mezon
chez soi	خانه؛ در خانه	she swa
patrie	میهن	patri
SDF	بی‌خانمان	esdeef
itinérant	بی‌خانمان	itineran
propriété familiale	مزرعه رعیتی	propriete familual
à la maison	به‌طرف خانه	a la- mezon
devoirs	تکالیف	devwar
homogène	متجانس؛ همجنس	omozhen
homosexuel	کونی؛ همجنسباز	omozeksuel
homosexuelle	کونی؛ همجنسباز	omozeksuel
honnête	منصف؛ امین	onet
honnêtement	درستکارانه	onetman
honnêteté	صداقت	onette
miel	عسل؛ شهد	muel
lune de miel	ماهعسل؛ ماه عسل رفتن	lun de- muel
voyage de noces	ماهعسل؛ ماه عسل رفتن	vwauazh de- nos
honneur	افتخار؛ احترام	onoer
hotte	کاپوت؛ باشلق	ot
sabot	سنب؛ باسم زدن	sabo
hameçon	قلاب؛ قلاب کردن	amson
agrafe	قلاب؛ قلاب کردن	agraf
pute	جیب بر؛ قلاب انداز	put
putain	جیب بر؛ قلاب انداز	puten
houblon	رازک؛ لی لی کردن	ublon
sauter à cloche-pied	رازک؛ لی لی کردن	sote a kloshpue
espoir	امید؛ امید، امیدوار بودن	espwar
espérer	امید؛ امید، امیدوار بودن	espere
encourageant	امیدوار	ankurazhan
espérer que ...	امیدوارانه	espere ke
avec un peu de chance	امیدوارانه	avek un peu de- shans
désespérance	نومیدی؛ لاعلاجی	dezesperans
manade	گروه ترکان؛ گروه بیشمار	manad
ligne d'horizon	افق	linu dorizon
horizon	افق	orizon
horizontal	ترازی؛ افقی	orizontal
corne	شاخ، بوق	korn
cornu	شاخدار؛ شاخی	kornu
corné	شهوتی	korne
horrifier	بهراس انداختن؛ به بیم انداختن	orifue
horreur	مورمور؛ دهشت	oroer
cheval d'arçons	اسب	sheval darson
hospitalier	غریب نواز؛ مهمان نوازانه	ospitalue
hôpital	بیمارستان	opital
hospitalité	غریب پروری؛ غریب نوازی	ospitalite
hostie	میزبان؛ مهمان دار	osti
otage	گروگان	otazh
auberge	پانسیون	oberzh
pension	پانسیون	pansuon
hôtesse	میزبان؛ زن مهماندار	otes
maîtresse de maison	میزبان؛ زن مهماندار	metres de- mezon
hostile	خصمانه	ostil
hostilité	خصومت	ostilite
to be hot: avoir chaud	داغ، گرم	tubi hot avwar sho
hôtel	هتل	otel
braque	تازی؛ پاپی شدن	brak
molosse	تازی؛ پاپی شدن	molos
heure	ساعت	oer
ménage	کوچ؛ خاندان	menazh
boîte à ouvrage	کدبانو؛ سوزن دان	bwat a uvrazh
trousse de couture	کدبانو؛ سوزن دان	trus de- kutur
comment	چگونه	koman
pourtant	با این حال	purtan
hurlement	زوزه؛ زوزهکشیدن	urleman
hurler	زوزه؛ زوزهکشیدن	urle
coque	تنه کشتی؛ لاشه کشتی	kok
cosse	تنه کشتی؛ لاشه کشتی	kos
fredonner	زرزر؛ زمزمه کردن	fredone
humain	انسان، انسانی	umen
humaine	انسان، انسانی	umen
humanitaire	بشردوستانه	umaniter
humanitariste	بشردوستانه	umanitarist
humanité	انسانیت	umanite
mouillé	نمناک؛ مرطوب	muue
humidité	رطوبت؛ نمداری	umidite
humilier	تحقیر کردن؛ حقیر کردن	umilue
humiliant	تحقیر آمیز	umiluan
humiliation	تحقیر؛ انفعال	umiluasuon
humilité	افتادگی؛ تواضع	umilite
humeur	لطیفه؛ خلط	umoer
humour	لطیفه؛ خلط	umur
humoriste	لطیفهگو؛ فکاهی نویس	umorist
humoristique	ظریف؛ فکاهی	umoristik
sauterie	قوز؛ کوهان	sotri
cafard	قوز؛ کوهان	kafar
bossu	گوژپشت؛ قوز پشت	bosu
bossue	گوژپشت؛ قوز پشت	bosu
centième	صدم؛ یک صدم	sansuem
pendu	آویخته	pandu
accroché	آویخته	akroshe
hongrois	مجار؛ مجاری	ongrwa
Hongrois	مجار؛ مجاری	ongrwa
Hongrie	مجارستان؛ هونگاری	ongri
faim	گرسنگی	fen
soif	گرسنگی	swaf
affamé	گرسنه	afame
avoir faim	گرسنه	avwar fen
chasse	شکار؛ نخجیر	shas
chien de chasse	شکارچی؛ صیاد	shuen de- shas
vènerie	شکار؛ صید	venri
projeter	پرتابه	prozhte
débecter	پرتابه	debekte
hourra	هورا؛ مرحبا	ura
ouragan	توفان؛ تندباد	uragan
à la hâte	سراسیمه؛ عجولانه	a la- at
précipitation	عجله؛ شتابزدگی	presipitasuon
blesser	آسیب زدن، آسیب‌دیده	blese
faire mal	آسیب زدن، آسیب‌دیده	fer mal
mari	شوهر	mari
silence	مخفی نگاهداشتن	silans
hutte	کلبه؛ زاغه	ut
hydre	مار آبی	idr
Hydre	مار آبی	idr
hydrate	هیدارت	idrat
hydraulique	هیدرولیک	idrolik
hydrogène	هیدروژن	idrozhen
hymne	سرودروحانی؛ سرود خواندن	imn
allergique	خیلی حساس	alerzhik
hypocondrie	مراق	ipokondri
hypocrisie	زرق؛ نفاق	ipokrizi
mystificateur	ریاکار؛ سالوس	mistifikatoer
guignol	ریاکار؛ سالوس	ginuol
hypodermique	زیرپوستی؛ تحت الجلدی	ipodermik
hypothèse	فرضیه	ipotez
hypothétique	فرضی؛ نهشتی	ipotetik
je	من	zhe-
glace	یخ	glas
sorbet	یخ	sorbe
crème glacée	بستنی	krem glase
icône	نماد	ikon
icon	نماد	ikon
glacé	یخی؛ یخمانند	glase
Idaho	شناسنامه	idao
idée	ایده	ide
pensée	ایده	panse
parfait	ایده‌آل	parfe
idéal	ایده‌آل	ideal
identique	یکسان	idantik
monozygote	یکسان	monozigot
pièce d'identité	شناسایی	pues didantite
identification	شناسایی	idantifikasuon
identifier	شناسایی کردن	idantifue
s'identifier à	شناسایی کردن	sidantifue aaksangrav
identité	هویت؛ مشابهت	idantite
idéologique	ایدئولوژیک	ideolozhik
idéologie	ایدئولوژی	ideolozhi
idiotie	ابلهی؛ سبک مغزی	iduoti
idiosyncrasie	طبیعت ویژه؛ خصوصیات اخلاقی	iduozenkrazi
idiote	احمق	iduot
oisif	تنبل؛ عاطل	wazif
inutilité	تنبلی؛ بیکاری	inutilite
fainéant	بیکاره؛ چرخ دلاله	fenean
fainéante	بیکاره؛ چرخ دلاله	feneant
idole	بت؛ صنم	idol
idolâtrie	بت پرستی	idolatri
si	اگر	si
indigne	ناکس؛ نا اصل	endinu
ignoble	ناکس؛ نا اصل	inuobl
ignorance	نادانی	inuorans
ignorant	نادان؛ جاهل	inuoran
ne pas rendre compte de	بیاعتنایی کردن؛ ندیده گرفتن	ne- pa randr kont de-
mauvaise	بیمار	movez
illégal	خلاف؛ حرام	ilegal
illégitime	نامشروع؛ غیر مشروع	ilezhitim
illicite	نا مشروع؛ مخالف مقررات	ilisit
Illinois	ایلینوی	ilinwa
illettrisme	نادانی؛ بیسوادی	iletrism
analphabétisme	نادانی؛ بیسوادی	analfabetism
analphabète	نادان؛ عامی	analfabet
illettré	نادان؛ عامی	iletre
illogique	غیرمعقول؛ بی منطق	ilozhik
illuminer	روشنکردن؛ درخشانساختن	ilumine
enluminure	تنویر؛ تذهیب	anluminur
illustrer	مصور کردن؛ بامثال روشنساختن	ilustre
illustration	تصویرسازی؛ تصویر؛ مثال	ilustrasuon
imagerie	تصاویر ذهنی	imazhri
langage figuré	تصاویر ذهنی	langazh figure
imagination	خیال؛ تصور	imazhinasuon
imaginatif	متخیله؛ متخیل	imazhinatif
imaginer	تصور کردن	imazhine
attardé	سبک مغز؛ کند ذهن	atarde
crétin	سبک مغز؛ کند ذهن	kreten
imiter	تقلید کردن؛ متاسی شدن	imite
imitation	ادا؛ تقلید	imitasuon
immaculé	خالص	immakule
immature	غیربالغ؛ نارسیده	immatur
immeasurable	بی اندازه؛ بی قیاس	imezhoeroeboel
immédiat	فوری؛ عاجل	immedua
aussitôt	بلافاصله	osito
immédiatement	بلافاصله	immeduatman
immense	عظیم	immans
immersion	غوطهوری	immersuon
immigrante	کوچ نشین	immigrant
immigrant	کوچ نشین	immigran
immigration	مهاجرت	immigrasuon
imminence	مشرف بودن	imminans
imminent	قریب الوقوع	imminan
immobile	غیر متحرک؛ جنبش ناپذیر	immobil
immobilité	سکون؛ بی جنبشی	immobilite
immorale	بدسیرت؛ بی سیرت	immoral
immoral	بدسیرت؛ بی سیرت	immoral
immortel	ابدی؛ جاوید	immortel
immortalité	جاودانی؛ مرگ ناپذیری	immortalite
immun	مصون	immun
immunologique	مصون	immunolozhik
lutin	مرد جوان	luten
diablotin	مرد جوان	duabloten
choc	تماس؛ اثابت	shok
abîmer	معیوب کردن؛ زیان رساندن	abime
affaiblir	معیوب کردن؛ زیان رساندن	afeblir
impartial	بی غرض؛ حق گو	enparsual
impasse	بی گدار؛ نا گذرا	enpas
fervent	بسیار غیور	ferv
impassible	پوست کلفت	enpasibl
impatience	ناصبور؛ ناصبوری	enpasuans
impatiente	عجول؛ ناصبور	enpasuant
impeachment	استیضاح؛ اعلام جرم	impichmoent
empêchement	رادع	anpeshman
inciter	مجبور ساختن؛ بر آن داشتن	ensite
motiver	مجبور ساختن؛ بر آن داشتن	motive
impénétrable	سوراخ نشدنی؛ نفوذ ناپذیر	enpenetrabl
impératif	امری	enperatif
imperceptible	نفهمیدنی؛ نامحسوس	enperseptibl
royal	سلطنتی؛ همایون	rwaual
impérial	سلطنتی؛ همایون	enperual
impérialisme	امپریالیسم؛ استعمار طلبی	enperualism
imperialistique	استعمار گرای؛ بهره جویانه	enperualistik
impérieux	اماره	enperueu
impersonnel	غیرشخصی؛ بی فاعل	enpersonel
se faire passer pour	جعل هویت کردن	se- fer pase pur
impulsion	نیروی جنبش	enpulsuon
impie	بدآئین؛ بی دین	enpi
implantation	جایگیری	enplantasuon
implant	مرکوز	enplan
mise en œuvre	پیاده‌سازی	miz ann oevr
impliquer	بهم پیچیدن	enplike
implication	پیامد	enplikasuon
inhérent	ضمنی؛ تلویحی	ineran
tacite	ضمنی؛ تلویحی	tasit
supplier	التماس کردنبه؛ استغاثه کردناز	suplie
insinuer	معنی دادن؛ معنی بخشیدن	ensinue
impoli	پررو؛ بی ادب	enpoli
mal poli	پررو؛ بی ادب	mal poli
importer	ورود؛ بهکشور آوردن	enporte
imposer	وارد کردن؛ تکلیف کردن	enpoze
s'imposer	وارد کردن؛ تکلیف کردن	senpoze
impossibilité	کار نشدنی؛ عدم امکان	enposibilite
insupportable	غیر ممکن	ensuportabl
impossible	غیر ممکن	enposibl
imposteur	عیار؛ طرار	enpostoer
impostrice	عیار؛ طرار	enpostris
impuissance	عنن؛ ضعف جنسی	enpuisans
impuissant	عنین؛ اکار	enpuisan
appauvri	فقیرنشین	apovri
impraticable	غیر عملی	enpratikabl
impressionner	تأثیر کردن؛ در ذهن جاگیر کردن	enpresuone
épatant	برانگیزنده احساسات	epatan
impressionnant	برانگیزنده احساسات	enpresuonan
emprisonner	زندانی کردن	anprizone
mettre en prison	زندانی کردن	metr an prizon
emprisonnement	حبس	anprizonman
invraisemblable	بعید؛ مستبعد	envresanblabl
improbable	بعید؛ مستبعد	enprobabl
impropre	ناشایسته؛ ناسره	enpropr
inadapté	ناشایسته؛ ناسره	inadapte
inconvenance	ناشایستگی؛ زیبندهنبودن	enkonvnans
irrégularité	ناشایستگی؛ زیبندهنبودن	iregularite
améliorer	بهبود بخشیدن	ameluore
improvisé	بالبداهه؛ فی البدیهه	enprovize
imprudence	بی تدبیری؛ بی مبالاتی	enprudans
imprudent	بی تدبیر	enprudan
impulsif	بلهوس	enpulsif
impur	ناپاک؛ ناخالص	enpur
impureté	نجاست؛ ناپاکی	enpurte
dans	در	dan
incapacité	عدم توانایی	enkapasite
inaccessible	منیع؛ ممنوع الوصول	inaksesibl
imprécis	غیردقیق	enpresi
inaction	ناکنش؛ بی کاری	inaksuon
inactivité	بی جنبشی؛ عدم فعالیت	inaktivite
inadéquat	ناکافی	inadekwa
involontaire	غیر عمدی	envolonter
par erreur	ندانسته	par eroer
malencontreusement	ندانسته	malankontreuzman
déconseillé	از مصلحت بدور است	dekonseue
inalienable	بیع ناپذیر	inaluenabl
inapplicable	غیر مشمول	inaplikabl
inapproprié	نامناسب	inaproprie
inarticulé	بی بند؛ بی مفصل	inartikule
peu éloquent	بی بند؛ بی مفصل	peu elokan
inattention	غافلی؛ ناپرهیزی	inatansuon
inattentif	بی توجه؛ بی اعتنا	inatantif
inaudible	نارسا؛ غیر مسموع	inodibl
inaugural	افتتاحی؛ گشایشی	inogural
investiture	افتتاحی؛ گشایشی	envestitur
inauguration	افتتاح	inogurasuon
incapable	عاجز؛ ناتوان	enkapabl
mettre hors d'état	ناتوان ساختن؛ ناقابل ساختن	metr or deta
rendre incapable	ناتوان ساختن؛ ناقابل ساختن	randr enkapabl
incarné	متجسم؛ مجسمکردن	enkarne
incendiaire	آتش زا	ensanduer
encens	عود؛ بخور خوشبو	ansan
intérêt	مشوق	entere
sans cesse	دمادم؛ علیالاتصال	san ses
pouce	اینچ	pus
poil	اینچ	pwal
incidence	وقوع	ensidans
fait-divers	اتفاق؛ ماجرا	fediver
incidemment	ضمنا	ensidaman
inciser	شکافتن؛ حجاری کردن	ensize
égratignure	شکاف	egratinuur
rayure	شکاف	reuur
incisive	ثنایا	ensiziv
incivilité	بی تمدنی	ensivilite
tendance	عطف؛ تمایل	tandans
inclinaison	عطف؛ تمایل	enklinezon
pente	گروانیدن؛ مایل کردن	pant
rampe	گروانیدن؛ مایل کردن	ranp
enclin	متمایل	anklen
incliné	متمایل	enkline
dont	شامل	don
y compris	شامل	i konpri
inclusion	شمول	enkluzuon
incognito	نا شناس؛ بانام مستعار	enkonuito
revenu	دخل؛ درآمد	revnu
recette	دخل؛ درآمد	reset
incompatible	ناسازگار؛ نا موافق	enkonpatibl
incompétence	بی کفایتی؛ بی ظرفیتی	enkonpetans
incomplet	ناقص؛ ناتمام	enkonple
inexplicable	نامفهوم؛ نفهمیدنی	ineksplikabl
incompréhensible	نامفهوم؛ نفهمیدنی	enkonpreansibl
inconcevable	غیر قابل تصور	enkonsvabl
inconclusif	غیرقاطع	enkonkluzif
incongru	بی تناسب	enkongru
inconstance	عدمثبات	enkonstans
dérangement	معذب داشتن؛ اسباب زحمت	deranzhman
incorporer	تلفیق کردن	enkorpore
incorporation	تلفیق؛ یکی شدنی	enkorporasuon
incorrigible	درست نشدنی؛ اصلاح ناپذیر	enkorizhibl
augmentation	افزایش، افزایش دادن	ogmantasuon
incroyable	باورنکردنی	enkrwauabl
incubation	جوجه کشی؛ بر خوابش	enkubasuon
sortant	شاغل؛ مصدر کار	sortan
en titre	شاغل؛ مصدر کار	an titr
encourir	متحمل شدن	ankurir
incurable	بیدوا؛ لاعلاج	enkurabl
endetté	مدیون؛ بدهکار	andete
indécent	گستاخ؛ شرمآور	endesan
irrésolution	بی تکلیفی؛ بی عزمی	irezolusuon
indécision	بی تکلیفی؛ بی عزمی	endesizuon
incertain	غیرقاطع؛ بی همت	enserten
incertaine	غیرقاطع؛ بی همت	enserten
en effet	واقعاً؛ در حقیقت	ann efe
vraiment	واقعاً؛ در حقیقت	vreman
indéfinissable	توصیف نشدنی	endefinisabl
indéfini	غیرمشخص؛ نکره	endefini
indemnifier	غرامت دادن	endemnifue
restitution	غرامت؛ جبران زیان	restitusuon
indépendance	استقلال	endepandans
indépendant	مستقل	endepandan
indépendamment	مستقلا؛ بالاستقلال	endepandaman
indescriptible	وصف ناپذیر؛ توصیف ناپذیر	endeskriptibl
indestructible	زوال ناپذیر؛ نابود نشدنی	endestruktibl
Inde	هند؛ هندوستان	end
indien	هندی؛ سرخ‌پوست	enduen
amérindien	هندی؛ سرخ‌پوست	amerenduen
indicatif	حاکی؛ اشارهکننده	endikatif
indicateur	شاخص	endikatoer
acte d'accusation	کیفرخواست	akt dakuzasuon
inculpation	کیفرخواست	enkulpasuon
indifférence	خونسردی؛ بی علاقگی	endiferans
indigestion	رودل؛ بدهزمی	endizhestuon
indigné	خشمگینانه	endinue
colère	رنجش؛ خشم	koler
indignité	هتک آبرو	endinuite
collatéral	غیرمستقیم؛ ناراسته	kolateral
indiscrétion	بی خردی	endiskresuon
indispensable	حتمی؛ صرفنظر نکردنی	endispansabl
indistinct	ناشمرده؛ ناشنوا	endisten
individuel	فرد، فردی	endividuel
individuelle	فرد، فردی	endividuel
individuellement	به‌طور انفرادی	endividuelman
paresseux	کاهل	pareseu
en salle	زیر سقف	an sal
intérieur	زیر سقف	enteruoer
à l'intérieur	در منزل	a lenteruoer
induire	تحریک کردن	enduir
initiation	القاء؛ استقراء	inisuasuon
succomber	افراط کردن	sukonbe
indulgent	زیاده رو	endulzh
industriel	صنعتی؛ اهل صنعت	endustriel
industrie	صنعت	endustri
ineffectif	بی اثر؛ بی نتیجه	inefektif
inefficacité	بی ظرفیتی؛ بی عرضگی	inefikasite
inéligible	شامل نشدنی	inelizhibl
inéquation	نابرابری	inekasuon
inégalité	نابرابری	inegalite
inéquitable	غیر منصفانه	inekitabl
inerte	نا کار	inert
inévitable	اجتناب‌ناپذیر	inevitabl
inévitablement	ناگزیر	inevitableman
inépuisable	تهی نشدنی	inepuizabl
inexperience	بی تجربگی	ineksperuans
inexpérimenté	ناشی؛ نپخته	ineksperimante
inextricable	نگشودنی	inekstrikabl
infâme	بدنام	enfam
infamie	سابقهبد؛ بدنامی	enfami
petite enfance	طفولیت؛ صغارت	petit anfans
nourrisson	نوزاد	nurison
régiment d'infanterie	پیاده؛ پیاده نظام	rezhiman denfantri
infanterie	پیاده؛ پیاده نظام	enfantri
infecter	آلوده کردن	enfekte
infectieux	عفونی؛ فاسد کننده	enfeksueu
inférence	استنباط	enferans
inférieur	اسفل؛ فرومایه	enferuoer
infériorité	پستی؛ مادونی	enferuorite
infinitésimal	بینهایت کوچک	enfinitezimal
infinité	نامحدودی	enfinite
infirme	علیلی؛ نا توانی	enfirm
infirmer	علیلی؛ نا توانی	enfirme
inflammable	آتشگیر؛ شعله ور	enflamabl
ignition	آماس؛ ورم	inuisuon
inflammatoire	ورمی؛ آماسی	enflamatwar
gonflé	هوادار؛ بادآورده	gonfle
inflation	تورم	enflasuon
infliger	تحمیل کردن	enflizhe
afflux	جریان بداخل	aflu
influer	تأثیر؛ نفوذ	enflue
influent	بانفوذ	enfluan
information	اطلاعات	enformasuon
info	اطلاعات	enfo
informel	غیر رسمی	enformel
informateur	آگاهگر؛ شکل دهنده	enformatoer
informatrice	آگاهگر؛ شکل دهنده	enformatris
informations	اطلاعات	enformasuon
renseignement	اطلاعات	ransenue-man
infrastructure	زیرساخت	enfrastruktur
ingénieux	نکته دان؛ نکته پرداز	enzhenueu
ingérer	درهیختن؛ داخل معده کردن	enzhere
ingestion	درهنج؛ فرو بری	enzhestuon
se faire aimer	خود شیرینی کردن	se- fer eme
ingrédient	جزء؛ جزء ترکیبی	engreduan
résident	ساکن	rezidan
aspirer	استنشاق کردن؛ استشمام کردن	aspire
intrinsèque	ذاتی	entrensek
intrinsèquement	ذاتاً؛ به‌طور ذاتی	entrensekman
hériter	به ارث بردن	erite
inhiber	مهار کردن	inibe
inhumain	نامردم؛ غیر انسانی	inumen
inimique	دشمنانه	inimik
initial	ابتدایی؛ آغازی	inisual
lettrine	ابتدایی؛ آغازی	letrin
au début	ابتدا	o debu
initialement	ابتدا	inisualman
initier	آغاز کردن	inisue
démarrer	آغاز کردن	demare
initiative	ابتکار؛ ابداع	inisuativ
injecter	تزریق کردن	enzhekte
injection	تزریق	enzheksuon
délétère	مضر	deleter
blessure	جراحت	blesur
injustice	بی‌عدالتی	enzhustis
encre	جوهر	ankr
intérieur des terres	درون کشور؛ درون مرزی	enteruoer de- ter
détenu	زندانی	detnu
détenue	زندانی	detnu
le plus intime	داخلی ترین	le- pluz entim
hôtelier	صاحب مسافرخانه	otelue
tavernier	صاحب مسافرخانه	tavernue
pureté	برائت؛ معصومیت	purte
innocence	برائت؛ معصومیت	inosans
innocente	منزه؛ روسفید	inosant
innocent	منزه؛ روسفید	inosan
innovation	نوآوری	inovasuon
novateur	نوآورانه	novatoer
vaccination	تلقیح؛ مایه کوبی	vaksinasuon
inoperable	غیردایر؛ عملناپذیر	inoprabl
inoperatif	غیردایر؛ نادایر	inopratif
inopportun	نابجا؛ نابهنگام	inoportun
démesuré	مفرط؛ غیر معتدل	demzure
rentrer	ورودی	rantre
se renseigner	استفسار کردن؛ استمزاج کردن	se- ransenue
inquisitif	کنجکاو	enkizitif
malsain	روانی؛ دیوانه	malsen
démentiel	روانی؛ دیوانه	demansuel
légende	ثبت؛ کتابت	lezhand
insondable	نفوذ ناپذیر	ensondabl
inconfortable	غیرمحفوظ؛ ناامن	enkonfortabl
insécurité	تزلزل	ensekurite
inséparable	لاینفک	enseparabl
in texte	وارد کردن	in tekst
introduction	درج	entroduksuon
initié	خودی	inisue
fr	فراست؛ بصیرت	efer
aperçu.	فراست؛ بصیرت	apersu
insignificance	ناقابلی؛ ناچیزی	ensinuifikans
insignifiant	ناچیز؛ خفیف	ensinuifuan
insignifiante	ناچیز؛ خفیف	ensinuifuant
peu sincère	بدونصمیمیت؛ بی صداقت	peu senser
insister	ابرام کردن؛ سماجت کردن	ensiste
insistance	ابرام؛ سماجت	ensistans
semelle intérieure	جسارت؛ وقاحت	semel enteruoer
insoluble	غیر محلول	ensolubl
insomnie	بیخوابی؛ بدخوابی	ensomni
inspecter	بازرسی کردن	enspekte
inspecteur	بازرس	enspektoer
inspiration	الهام	enspirasuon
installer	نصب کردن؛ کار گذاشتن	enstale
installation	قسط؛ علیالحساب	enstalasuon
épisode	قسط؛ علیالحساب	epizod
moment	فوری	moman
seconde	فوری	segond
instantanément	فوراً	enstantaneman
à la place	به جای	a la- plas
instigation	تحریک	enstigasuon
instinct	غریزه	ensten
instinctif	غریزی	enstenktif
instinctive	غریزی	enstenktiv
institut	بنداد؛ انستیتو	enstitu
fonder	بنداد؛ انستیتو	fonde
clinique psychiatrique	بنگاه؛ موسسه	klinik psikuatrik
institution	بنگاه؛ موسسه	enstitusuon
institutionnel	نهادی	enstitusuonel
apprendre	دستور دادن	aprandr
enseigner	دستور دادن	ansenue
enseignement	دستورالعمل	ansenue-man
instructif	یاد دهنده	enstruktif
instructeur	مربی	enstruktoer
instrument	ابزار، ساز	enstruman
instrumental	موثر	enstrumantal
insubordination	نافرمانی؛ سر پیچی	ensubordinasuon
insulaire	جزیرهای؛ غیر آزاد	ensuler
étroit d'esprit	جزیرهای؛ غیر آزاد	etrwa despri
isolant	عایق	izolan
insulte	توهین	ensult
insulter	توهین	ensulte
outrageant	موهن	utrazhan
insurrection	یاغی گری	ensureksuon
intact	دست نخورده	entakt
intangible	لمس ناپذیر؛ درک نکردنی	entanzhibl
intégrale	جدایی ناپذیر	entegral
intégral	جدایی ناپذیر	entegral
integré	یکپارچه	entgre
integrité	صداقت، یکپارچگی	entgrite
intellectuel	خرد؛ عقل	entelektuel
intellectuelle	روشنفکر؛ فکری	entelektuel
renseignements	هوش؛ آگاهی	ransenue-man
intelligent	باهوش	entelizhan
comprenable	مفهوم؛ قابل فهم	konprenabl
intense	شدید	entans
intensité	شدت	entansite
intensif	فشرده	entansif
buté	قصد	bute
dessein	خیال؛ آهنگ	desen
volontaire	عمدی؛ تعمدی	volonter
intentionnel	عمدی؛ تعمدی	entansuonel
à dessein	عمدا؛ تعمدا	a desen
intentionnellement	عمدا؛ تعمدا	entansuonelman
interagir	تعامل داشتن	enterazhir
entr’acte	تعامل داشتن	antrakt
interaction élémentaire	تعامل	enteraksuon elemanter
interaction fondamentale	تعامل	enteraksuon fondamantal
concilier	شفاعت کردن؛ پادر میانی کردن	konsilue
intercellulaire	بین یاختهای؛ داخل سلولی	enterseluler
échangeur autoroutier	متناوب ساختن؛ جا بجا	eshanzhoer otorutue
relations sexuelles	آمیزش؛ مقاربت	relasuon seksuel
intercurrent	مداخله کننده	enterkuran
intéressé	علاقه‌مند	enterese
intéressée	علاقه‌مند	enterese
intéressant	جالب	enteresan
interface	رابط	enterfas
interférer	دخالت کردن	enterfere
intervalle	موقت	enterval
intérim	موقت	enterim
interlocuteur	هم سخن؛ طرف صحبت	enterlokutoer
interlocutrice	هم سخن؛ طرف صحبت	enterlokutris
médiateur	مداخله کننده؛ وساطت کننده	meduatoer
intermédiaire	متوسط	entermeduer
intermittent	نوبتی؛ نوبت دار	entermitan
interne	داخلی؛ داخله	entern
international	بین‌المللی	enternasuonal
Internet	اینترنت	enternet
interpréter	ترجمه کردن؛ تعبیر کردن	enterprete
traduire	ترجمه کردن؛ تعبیر کردن	traduir
interprétation	تفسیر	enterpretasuon
interpréteur	مترجم؛ حلاج	enterpretoer
interprète	مترجم؛ حلاج	enterpret
interrompre	ایجاد وقفه	enteronpr
croiser	تقاطع کردن؛ از هم گذشتن	krwaze
interétatique	بین ایالتی	enteretatik
intervenir	مداخله کردن	entervenir
intervention	مداخله	entervansuon
entrevue	مصاحبه، مصاحبه کردن	antrevu
entretien	مصاحبه، مصاحبه کردن	antretuen
intestinal	رودهای	entestinal
intestin	روده؛ معاء	entesten
intime	صمیمی	entim
intimider	مرعوب کردن؛ ارعاب کردن	entimide
impressioner	مرعوب کردن؛ ارعاب کردن	enpresuone
intimidation	ارعاب؛ ترهیب	entimidasuon
en or dans	به داخل	ann or dan
intolérable	تحمل ناپذیر؛ طاقت فرسا	entolerabl
intonation	تکیه صدا	entonasuon
intoxiquer	سکرآور	entoksike
intractable	ستیزه جو	entraktabl
intrépide	صارم	entrepid
subtilité	بغرنجی؛ ریزه کاری	subtilite
tortueux	بغرنج؛ معضل	tortueu
intrigue	دوز و کلک زدن؛ دوز و کلک چیدن	entrig
fascinant	جذاب	fasinan
introduire	معرفی کردن	entroduir
présenter	معرفی کردن	prezante
présentation	مقدمه	prezantasuon
faire son introspection	بخود آمدن؛ بخود برگشتن	fer sonn entrospeksuon
empiéter	پادرازی کردن؛ فضولانه آمدن	anpuete
s'incruster	پادرازی کردن؛ فضولانه آمدن	senkruste
intrus	مو؛ فضول	entru
importun	مو؛ فضول	enportun
invasion	دخالت؛ پادرازی	envazuon
intrusion	دخالت؛ پادرازی	entruzuon
suspicion	فراست؛ بصیرت	suspisuon
intuition	فراست؛ بصیرت	entuisuon
envahir	حمله کردن	anvair
non valable	علیل؛ نامعتبر	non valabl
inestimable	پر بها؛ غیرقابل تخمین	inestimabl
invariable	نامغیر؛ نامتغیر	envaruabl
inventer	اختراع کردن	envante
inventeur	موجد؛ جاعل	envantoer
inventrice	موجد؛ جاعل	envantris
inverse	معکوس؛ وارون	envers
inversion	برگشتگی؛ تقلیب	enversuon
invertir	برگشته؛ نگون	envertir
investir	سرمایه گذاری کردن	envestir / envestir konsakre
rechercher	پژوهیدن؛ تحقیق کردن	reshershe
investigation	تحقیق؛ رسیدگی	envestigasuon
enquêtrice	بازپرس	anketris
investissement	سرمایه گذاری	envestisman
investisseur	سرمایه گذار	envestisoer
invétéré	سر سخت؛ ریشه کرده	envetere
invincibilité	شکست ناپذیری	envensibilite
invincible	شکست ناپذیر؛ مغلوب نشدنی	envensibl
inviolé	غصب نشدنی	envuole
invisible	نامرئی	envizibl
invitation	دعوتنامه	envitasuon
inviter	دعوت کردن	envite
besoin	درگیر کردن	bezwen
invulnerable	زخم ناپذیر؛ آسیب ناپذیر	envulnerabl
vers l'intérieur	داخل رونده	ver lenteruoer
ion	یون؛ ایون	uon
Iowa	آیوا	uowa
Irlande	ایرلند	irland
irlandais	ایرلندی	irlande
gaélique	ایرلندی	gaelik
fer	آهن؛ اتو	fer
fer à repasser	آهن؛ اتو	fer a repase
ironique	کنایه‌آمیز	ironik
ironiquement	کنایه‌آمیزانه	ironikman
ironie	کنایه	ironi
ironie du sort	کنایه	ironi du- sor
irrationnel	بی منطق؛ غیر منطقی	irasuonel
irrationnelle	بی منطق؛ غیر منطقی	irasuonel
irréconciliable	جور نشدنی؛ اصلاح ناپذیر	irekonsiluabl
non-pertinent	نامربوط	nonpertinan
irreparable	بی کفاره؛ خوب نشدنی	irparabl
irrépressible	منع ناپذیر؛ مطیع نشدنی	irepresibl
irrespectif	صرفنظر از	irespektif
irresponsable	وظیفهنشناس	iresponsabl
irrevocable	بلا عزل	irvokabl
arroser	مشروب کردن؛ سیراب کردن	aroze
irrigate	آبیاری	irigat
irrigation	آبیاری	irigasuon
irritabilité	زودخشمی؛ زود رنجی	iritabilite
irritable	زودخشم	iritabl
irritant	آزارنده؛ سوزش آور	iritan
irritation	سوزش؛ رنجش	iritasuon
île	جزیره	il
îlot	جزیره	ilo
isoler	منزوی کردن	izole
isolé	منزوی	izole
isolée	منزوی	izole
isolement	انزوا	izolman
isolation	انزوا	izolasuon
numéro	شماره؛ موضوع	numero
ce	آن	se-
ça	آن	sa
italien	ایتالیائی	italuen
italophone	ایتالیائی	italofon
Italie	ایتالیا	itali
démangeaison	خارش؛ خنش	demanzhezon
soi-même	خودش	swamem
se	خودش	se-
ivoire	عاجی؛ عاج	ivwar
lierre	پیچک	luer
veste	ژاکت	vest
jaquette	ژاکت	zhaket
dentelé	مضرس؛ دندانهدار	dantle
confiture	مربا، ترافیک	konfitur
janvier	ژانویه	zhanvue
le Japon	ژاپن	le- zhapon
japonais	ژاپنی	zhapone
Japonais	ژاپنی	zhapone
pot	کوزه؛ سبو	po
bocal	کوزه؛ سبو	bokal
enjoué	خود ساز	anzhue
désinvolte	خود ساز	dezenvolt
mâchoire	فک؛ آرواره	mashwar
mâchoire inférieure	فک؛ آرواره	mashwar enferuoer
jazz	جاز	uaz
baiser	جاز	beze
jaloux	حسود؛ حسودانه	zhalu
jalouse	حسود؛ حسودانه	zhaluz
jeans	شلوار جین	zhan
péril	مخاطره؛ گرفتاری حقوقی	peril
tic	زود کشیدن؛ تکان سریع دادن	tik
clonie	زود کشیدن؛ تکان سریع دادن	kloni
tricot	پارچه کشباف	triko
maillot	پارچه کشباف	mauo
Jérusalem	اورشلیم؛ اورشلیم مقدس	zheruzalem
blaguer	شوخی کردن؛ ببازی گرفتن	blage
jésuite	یسوعیون	zhezuit
gicleur	جت	zhikloer
jais	جت	zhe
bijou	گوهر؛ جواهر	bizhu
bijoux	جواهرات	bizhu
joaillerie	جواهرات	zhoauri
juif	یهودی؛ جهود	zhuif
cliqueter	جرنگ؛ جلنگ	klikte
joindre	پیوستن	zhwendr
rotule	مشترک	rotul
blague	شوخی، شوخی کردن	blag
jovial	شنگ	zhovual
soubresaut	تکان؛ تلق تلق	subrezo
Jones	جونز	zhon
se bousculer	تنه زدن	se- buskule
bousculer	تنه زدن	buskule
revue	مجله؛ جورنال	revu
journalisme	روزنامه نگاری	zhurnalism
journaliste	روزنامه‌نگار	zhurnalist
voyage	سفر	vwauazh
voyager	سفر	vwauazhe
joue	کله ماهی	zhu
bajoue	کله ماهی	bazhu
allègre	طربناک؛ پرنشاط	alegr
juge	قاضی؛ داور	zhuzh
arbitre	قاضی؛ داور	arbitr
verdict	داوری؛ قضاوت	verdikt
judiciaire	قضایی	zhudisuer
judicieux	روشن رای	zhudisueu
cruche	غلغلک؛ بستو	krush
jus	آبمیوه	zhu
juillet	جولای	zhuiue
mélanger	درهم آمیختگی	melanzhe
saut	پریدن، پرش	so
pull	جهنده؛ سیم جهشی	pul
jonction	تقاطع	zhonksuon
moment critique	ملتقا؛ درزگاه	moman kritik
juin	ژوئن	zhuen
forêt vierge	جنگل	fore vuerzh
forêt tropicale	جنگل	fore tropikal
jeune	اصغر	zheun
junior	اصغر	zhunuor
genévrier	اردج	zhenevrie
juridiction	حوزه قضایی	zhuridiksuon
philosophie du droit	فقه	filozofi du- drwa
jury	هیئت منصفه	uuri
simplement	عادلانه، فقط؛ فقط، همین الان	senpleman
justice	داد؛ عدل	zhustis
justifiable	توجیه پذیر	zhustifuabl
justification	توجیه	zhustifikasuon
justement	الحق؛ انصافاً	zhustman
Kaiser	کایزر	keze
Kansas	کانزاس	kansas
Cachemire	کشمیر	kashmir
garder	نگه داشتن	garde
conservateure	حافظ؛ حافظه	konservatoer
Kentucky	کنتاکی	kantuki
fichu	چار قد	fishu
bouilloire	کتری	buuwar
clé	کلید، اصلی	kle
clavier	جا انگشتی؛ سفحه کلید	klavue
clavier électronique	جا انگشتی؛ سفحه کلید	klavue elektronik
trou de la serrure	سوراخ کلید	tru de- la- serur
caravansérail	خان	karavanserau
coup de pied	لگد؛ باپازدن	ku de- pue
botter	لگد؛ باپازدن	bote
gamin	بچه	gamen
gosse	بچه	gos
kidnapper	ربودن	kidnape
enlèvement	آدمربایی؛ آدم ربا	anlevman
kidnapping	آدمربایی؛ آدم ربا	kidnaping
rognon	کلیه	ronuon
rein	کلیه	ren
tueur	آدم کش	tuoer
borne	کیلومتر	born
kilomètre	کیلومتر	kilometr
allumer	افروختن؛ گیراندن	alume
exalter	افروختن؛ گیراندن	egzalte
aimablement	مرحمتا	emableman
gentillement	مرحمتا	zhantiuman
cinétique	جنبشی؛ وابسته بحرکت	sinetik
roi	پادشاه	rwa
royaume	پادشاهی	rwauom
règne	پادشاهی	renu
parenté	خویشاوندی؛ قوم وخویشی	parante
bise	ماچ؛ بوسه	biz
lapereau	کیت	lapro
cerf-volant	زغن؛ خوا	serfvolan
milan	زغن؛ خوا	milan
raton	بچهگربه	raton
minet	بچهگربه	mine
chic	لم؛ صدای شلاق	shik
sac à dos	پشتواره؛ توشه دان	sak adus
genou	زانو	zhenu
glas	صدایی زنگ	gla
couteau	چاقو	kuto
frapper d'un coup de couteau	چاقو	frape dun ku de- kuto
se souder	بافتن؛ کشبافی کردن	se- sude
tricoter	بافتن؛ کشبافی کردن	trikote
nœud	گره؛ عقده	neu
nouer	گره؛ عقده	nue
noueux	گرهدار؛ گرهای	nueu
ratatiné	گرهدار؛ گرهای	ratatine
savoir	دانستن	savwar
connaître	دانستن	konetr
connaissances	دانش	konesans
jointure du doigt	قرحه روده	zhwentur du- dwa
Kremlin	کرملین	kremlen
laboratoire	آزمایشگاه	laboratwar
étiqueter	برچسب؛ برچسب زدن	etikte
projet	کار؛ نیروی کار؛ زایمان	prozhe
ouvrage	کار؛ نیروی کار؛ زایمان	uvrazh
laborieux	کارکن	laborueu
labyrinthe	لابیرنت	labirindh
lacet	بند؛ توری	lase
dentelle	بند؛ توری	dantel
lacération	جرح	laserasuon
manque	عدم؛ عاری	mank
laconique	موجز؛ مختصر گو	lakonik
allaiter	شیر مکیدن	alete
allaitement	ارضاع؛ ایجاد شیر	aletman
lactation	ارضاع؛ ایجاد شیر	laktasuon
lactique	شیری؛ شبیه شیر	laktik
échelle	نردبان	eshel
chargé	سنگین بار؛ بارگیری شده	sharzhe
chargée	سنگین بار؛ بارگیری شده	sharzhe
rester en arrière	عقب مانده	reste ann aruer
être en retard	عقب مانده	etr an retar
tanière	لانه؛ کنام	tanuer
laque	دریاچه	lak
lac	دریاچه	lak
agneau	بره؛ گوشت بره	anuo
agnelle	بره؛ گوشت بره	anuel
nul	شل؛ لنگ	nul
boiteux	شل؛ لنگ	bwateu
lamentation	زاریدن؛ نوحه کردن	lamantasuon
complainte	زاریدن؛ نوحه کردن	konplent
déplorable	زار	deplorabl
lamelle	لایه نازک؛ شاخه پرده ای	lamel
laminé	متورق	lamine
lampe	لامپ	lanp
lancette	نیزه؛ نشتر زدن	lanset
lance	نیزه؛ نشتر زدن	lans
palier	فرود	palue
atterrissage	فرود	aterisazh
propriétaire	صاحبخانه	proprieter
site	نشانه، بنای تاریخی	sit
propriétaire terrien	صاحب ملک	proprieter teruen
propriétaire terrienne	صاحب ملک	proprieter teruen
paysage	چشم انداز	peizazh
glissement de terrain	ریزش خاک؛ ریزش کوه	glisman de- teren
langage	زبان	langazh
langue	زبان	lang
faiblard	بی حال	feblar
lanoline	لانولین	lanolin
lanterne	فانوس؛ چراغ توری	lantern
genoux	دامان	zhenu
portable	لپ‌تاپ	portabl
à grande échelle	گسترده	a grand eshel
sur vaste échelle	گسترده	sur vast eshel
alouette	غزلاغ	aluet
lève-tôt	غزلاغ	levto
laryngé	حنجری؛ حنجرهای	larenzhe
laryngien	حنجری؛ حنجرهای	larenzhuen
larynx	حنجره	larenks
laser	لیزر	lazer
fouetter	شلاق؛ تازیانه	fuete
durer	آخرین؛ آخرین (صفت)؛ طول کشیدن	dure
loquet	چفت؛ چفت کردن	loke
dernièrement	اخیراً	dernuerman
récemment	اخیراً	resaman
latent	نهفته	latan
plus tard	بعدا؛ دیرتر	plu tar
plus en retard	بعدا؛ دیرتر	pluz an retar
latéral	جانبی؛ جناحی	lateral
tourner	چرخ خراطی	turne
latine	لاتین	latin
latin	لاتین	laten
parallèle	عرض	paralel
latitude	عرض	latitud
laudanum	مخلوط افیون	lodanom
rire	خنده، خندیدن	rir
se rire de	خنده، خندیدن	se- rir de-
risée	مظحکه	rize
lancer	روانهسازی؛ روانه کردن	lanse
lancement	روانهسازی؛ روانه کردن	lansman
couronne de laurier	دهمست؛ درخت غار	kuron de- lorue
lauriers	دهمست؛ درخت غار	lorue
lave	گدازه	lav
somptueux	خراج؛ مبذر	sonptueu
prodiguer	خراج؛ مبذر	prodige
droit	قانون	drwa
violation de la loi	قانون شکنی	vuolasuon de- la- lwa
légal	مجاز؛ مشروع	legal
anarchique	بی قانونی	anarshik
sans foi ni loi	بی قانونی	san fwa ni lwa
illégalité	بی قانونی	ilegalite
pelouse	چمن	peluz
procès	دعوی حقوقی	prose
poursuite judiciaire	دعوی حقوقی	pursuit zhudisuer
juriste	وکیل	zhurist
laxiste	شل؛ لمس	laksist
pondeuse	طبقه؛ لا	pondeuz
mise en page maquette	طرح‌بندی	miz an pazh maket
paresse	تنبلی؛ بیعاری	pares
plomb	رهبری کردن	plon
de plomb	سربی؛ مانند سرب	de- plon
dirigeant	رهبر	dirizhan
charisme	سری؛ رهبری	karism
rallonge	برگ؛ برگ دادن	ralonzh
foliole	بروشور	foluol
tract	بروشور	trakt
feuilletée	برگدار؛ پر برگ	foeute
lieue	گروه ورزشی	lueu
voie d'eau	نشت، نشت کردن	vwa do
serré	وادادن؛ لخم	sere
bond	جهش	bon
apprenant	یادگیرنده	aprenan
apprenante	یادگیرنده	aprenant
laisse	مرس؛ بند زدن	les
moindre	کمترین	mwendr mwen / mwendr
moins	کمترین	mwendr mwen / mwendr
cuir	چرم؛ چرمی کردن	kuir
quitter	ترک کردن	kite
cours magistral	سخنرانی، سخنرانی کردن	kur mazhistral
maître de conférence	مدرس؛ سخنران	metr de- konferans
conférencier	مدرس؛ سخنران	konferansue
longrine	دفتر کل	longrin
grand livre	دفتر کل	gran livr
sangsue	علقه؛ زالو	sangsu
pot de colle	علقه؛ زالو	po de- kol
laissé	چپ، باقی مانده	lese
jambe	پا	zhanb
leg	میراث	leg
légendaire	افسانه‌ای	lezhander
molletière	پاتابه	moltuer
nombreux	لژیون؛ سپاه رومی	nonbreu
législation	قانون‌گذاری	lezhislasuon
législatif	قانون‌گذاری	lezhislatif
législateur	شارع؛ مقنن	lezhislatoer
corps législatif	قوه مقننه	kor lezhislatif
légaliser	مشروع	legalize
loisir	فراغت؛ وقت کافی	lwazir
temps libre	فراغت؛ وقت کافی	tan libr
jaune citron	لیمو	zhon sitron
citron	لیمو	sitron
limonade	لیموناد؛ شربت آبلیمو	limonad
citronnade	لیموناد؛ شربت آبلیمو	sitronad
prêter	قرض دادن	prete
se prêter à	قرض دادن	se- prete aaksangrav
prêteur	وام ده	pretoer
prêteuse	وام ده	preteuz
longueur	درازی؛ طول	longoer
rallonger	دراز کردن؛ دراز شدن	ralonzhe
long	طولانی	lon
cristallin	لنز	kristalen
lépreux	جذامی	lepreu
léprosé	جذامی	leproze
lèpre	جذام؛ خوره	lepr
lesbien	لزبین	lezbuen
gouine	لزبین	gwin
moins de	کمتر	mwen de-
moins que	کمتر	mwen ke
leçon	درس	leson
léthargie	تهاون؛ سبات	leutharui
langueur	تهاون؛ سبات	langoer
lettre	نامه	letr
digue	بارعام دادن؛ سلام عام	dig
niveau	سطح	nivo
légèreté	سبک سری	lezherte
nonchalance	سبک سری	nonshalans
taxe	مالیات بندی؛ نام نویسی	taks
impôt	مالیات بندی؛ نام نویسی	enpo
lexique	لغوی	leksik
passif	مشمولیت	pasif
menteur	دروغگو؛ چاخان	mantoer
menteuse	دروغگو؛ چاخان	manteuz
libéralisme	آزادمنشی؛ آزادگی	liberalism
libérer	آزادشده	libere
renvoi	آزادی	ranvwa
libération	آزادی	liberasuon
liberateur	آزاد کننده؛ نجات دهنده	libratoer
archiviste	کتابدار	arshivist
bibliothécaire	کتابدار	biblioteker
bibliothèque	کتابخانه	bibliotek
logithèque	کتابخانه	lozhitek
permis	مجوز؛ پروانه دادن	permi
permission	مجوز؛ پروانه دادن	permisuon
lichen	گل سنگ	lishen
vaincre	لیس؛ لیسه	venkr
couvercle	سر؛ دریچه گذاشتن	kuverkl
se trouver	دراز کشیدن	se- truve
gésir	دراز کشیدن	zhezir
lieutenante	ستوان	lueutnant
lieutenant	ستوان	lueutnan
vie	زندگی	vi
sans vie	خشک؛ موات	san vi
toute la vie	مادام‌العمر	tut la- vi
mode de vie	سبک زندگی	mod de- vi
cent sept ans	طول عمر	san set an
lever	بلند کردن، آسانسور	leve
voler	بلند کردن، آسانسور	vole
ligament	بندیزه	ligaman
lumière	روشن کردن؛ سبک؛ نور، روشن	lumuer
alléger	سبک کردن؛ تنویر کردن	alezhe
impesanteur	خفت؛ سبکی	enpzantoer
foudre	صاعقه؛ آذرخش	fudr
éclair	صاعقه؛ آذرخش	ekler
aimer	دوست داشتن؛ مانند	eme
comme	دوست داشتن؛ مانند	kom
vraisemblance	احتمال	vresanblans
probable	احتمالی	probabl
de même	به همین ترتیب	de- mem
idem	به همین ترتیب	idem
lilas	یاس شیروانی	lila
lys	سوسنی؛ گلایل	lis
limbe	اندام	lenb
limbes	برزخ	lenb
limbo	برزخ	lenbo
limette	آهک؛ سنگ آهک	limet
chaux	آهک؛ سنگ آهک	sho
calcaire	سنگ آهک	kalker
limiter	حساب؛ حد	limite
limité	محدود؛ منحصر	limite
mou	شلیدن؛ لنگیدن	mu
boité	شلیدن؛ لنگیدن	bwate
Lincoln	لینکلن	lenkoln
ligne	خط	linu
ligne de conduite	خط	linu de- konduit
lignée	سویه؛ اصل ونسب	linue
lignage	سویه؛ اصل ونسب	linuazh
linéaire	خطی	lineer
linge	کتانی؛ کتان	lenzh
formation	صف‌آرایی، ترکیب	formasuon
stagner	معطل ماندن	stanue
s'attarder	معطل ماندن	satarde
hyperlien	پیوند، پیوند دادن	iperluen
linoléum	مشمع	linoleom
graine de lin	بزرک؛ برزگ	gren de- len
lionne	شیر	luon
Lion	شیر	luon
lèvre	لب	levr
liquéfaction	آبگونسازی	likefaksuon
liquéfier	ذوب شدن	likefue
liquide	مایع؛ ماچی	likid
spiritueux	عرق؛ مشروب	spiritueu
zozoter	شلی زبان	zozote
liste	فهرست، فهرست کردن	list
lister	فهرست، فهرست کردن	liste
écouter	گوش دادن	ekute
guetter	گوش دادن	gete
écouteur	شنونده	ekutoer
littératie	سواد	literati
littérisme	سواد	literism
épistolaire	حرفی؛ لفظی	epistoler
littéral	حرفی؛ لفظی	literal
texto	به معنای واقعی کلمه	teksto
mot à mot	به معنای واقعی کلمه	mo a mo
littéraire	ادبی	literer
lettré	باسواد	letre
alphabète	باسواد	alfabet
littérature	ادبیات؛ ادب وهنر	literatur
svelte	لاغر اندام	zvelt
Lituanie	لیتوانی	lituani
litre	لیتر	litr
petit	کمی (قید)؛ کمی، کوچک	peti
en direct	زندگی کردن	an direkt
gagne-pain	معیشت؛ عقل معاش	ganupen
subsistance	معیشت؛ عقل معاش	subzistans
animé	باروح؛ سبکروح	anime
animée	باروح؛ سبکروح	anime
foie	کبد	fwa
livrée	در کسوت	livre
Liverpool	لیورپول	livoerpul
livide	کبود شده	livid
paquet	بار؛ محمول	pake
des tas	بار؛ محمول	de- ta-
savonnette	تکه؛ ولگردی کردن	savonet
miche	تکه؛ ولگردی کردن	mish
mocassin	بیکاره	mokasen
emprunt	عاریه؛ وام	anprun
exécrer	منزجر بودن؛ سبب بیزاری	egzekre
vestibule	لابی، لابی کردن	vestibul
homard	خرچنگ	omar
locale	محلی	lokal
local	محلی	lokal
quartier	محل خاص	kartue
voisinage	محل خاص	vwazinazh
se poser	ساکن	se- poze
placer	ساکن	plase
lieu	محل	lueu
position	محل	pozisuon
barrer	قفل، قفل کردن	bare
locomotion	نقل وانتقال	lokomosuon
locomoteur	حرکتی؛ نقص تحرک	lokomotoer
endroit	مکان هندسی	andrwa
loge	بیتوته کردن؛ ماوا دادن	lozh
logement	منزل گاه؛ محل سکونت	lozhman
hébergement	منزل گاه؛ محل سکونت	eberzheman
bûche	گزارش، ثبت کردن	bush
tronc	گزارش، ثبت کردن	tron
ID	قطع ارتباط	id
logotype	لوگو	logotip
logo	لوگو	logo
filet	گرد	file
côtes premières	گرد	kot premuer
flâner	پرسه زنی	flane
traîner	پرسه زنی	trene
Londres	لندن	londr
londinien	لندن	londinuen
solitude	تنهایی؛ غریبی	solitud
nostalgie	هوس؛ میل وافر	nostalzhi
longitudinal	طولی	lonzhitudinal
de longue date	دیرینه	de- long dat
de longue durée	طولانی‌مدت	de- long dure
aspect	نگاه؛ نگاه کردن	aspekt
guetteur	چشم انداز	getoer
sentinelle	چشم انداز	santinel
métier à tisser	در افق پدیدار شدن	metue a tise
échappatoire	مزغل ساختن؛ سوراخ سنگر	eshapatwar
sans serrer	باشلی	san sere
pognon	غارت کردن	ponuon
courir en bondissant	وخیز درآوردن	kurir an bondisan
monsieur	ارباب؛ خداوند	mesyeu
seigneur	ارباب؛ خداوند	senuoer
Monsieur	اربابی؛ سیادت	mesueu
le Seigneur	اربابی؛ سیادت	le- senuoer
tradition	فرهنگ نژادی؛ وروایات قومی	tradisuon
binocle	عینک پنسی	binokl
lorgnon	عینک پنسی	lornuon
camion	کامیون	kamuon
lotion	کرم؛ لوسیون	losuon
loterie	قرعه کشی	lotri
forte	بلند (صدا)	fort
à haute voix	با صدای بلند	a ot vwa
salle d'attente	اطاق استراحت؛ سالن استراحت	sal datant
salon	اطاق استراحت؛ سالن استراحت	salon
pou	شپش؛ جو جو	pu
salop	شپش؛ جو جو	salop
malotru	الدنگ؛ سرفرود آوردن	malotru
voyou	الدنگ؛ سرفرود آوردن	vwauu
amour	عشق، عاشق بودن	amur
amoureuse	یار؛ عاشق	amureuz
aimant	عاشقانه؛ مشتاق	eman
patriotique	وفادار	patriotik
loyauté	وفاداری	lwauote
losange	لوزی؛ شکل لوزی	lozanzh
rhombus	لوزی؛ شکل لوزی	ronbus
lubrifiant	روغن؛ چرب کننده	lubrifuan
lucratif	پرمنفعت	lukratif
lombaire	مهره کمر؛ ناحیه کمر	lonber
bois de charpente	الوار؛ تیر بریده	bwa de- sharpant
lumineux	تابان؛ شب نما	lumineu
morceau	غلنبه؛ قلنبه کردن	morso
lot	غلنبه؛ قلنبه کردن	lo
lunatique	مجانین	lunatik
aliéné	مجانین	aluene
déjeuner	ناهار	dezheune
poumon	ریه؛ جگر سفید	pumon
jaunâtre	شعله تیره؛ شعله دودنما	zhonatr
blafard	شعله تیره؛ شعله دودنما	blafar
luxure	شهوت؛ شهوانیت	luksur
brillance	جار	briuans
vigoureux	مغلم؛ شهوت انگیز	vigureu
lascif	مغلم؛ شهوت انگیز	lasif
luxuriante	پرپشت؛ پربرکت	luksuruant
luxuriant	پرپشت؛ پربرکت	luksuruan
luxueux	مجلل؛ تجملی	luksueu
de luxe	مجلل؛ تجملی	de- luks
luxe	عیش؛ تجمل	luks
mensonger	دروغگو؛ کذاب	mansonzhe
couché	دروغگو؛ کذاب	kushe
lymphe	لنف	lenf
lymphatique	بلغمی؛ لنفاوی	lenfatik
lyncher	مثله کردن	lenshe
lyre	متن ترانه	lir
mécanique	ماشین‌آلات	mekanik
méchanique	ماشین‌آلات	meshanik
imperméable	پارچه بارانی	enpermeabl
mademoiselle	دوشیزه؛ مادموازل	madmwazel
follement	دیوانه وار	folman
Madrid	مادرید	madrid
magasin	مجله	magazen
magie	طلسم؛ سحر	mazhi
sorcelerie	طلسم؛ سحر	sorselri
magique	جادویی	mazhik
sorcier	مغ؛ ساحر	sorsue
magicien	مغ؛ ساحر	mazhisuen
magistrat	قاضی	mazhistra
magnésium	تباشیر؛ منیری	manuezuom
magnétique	مغناطیسی	manuetik
ampleur	بزرگی	anploer
grandeur	بزرگی	grandoer
magnolia	ماگنولیا	manuolua
bonne	خادمه؛ ندیمه	bon
pucelle	دختر باکره	pusel
mutiler	چلاق کردن؛ نقص عضو	mutile
principalement	عمدتا	prensipalman
courant principal	جریان اصلی	kuran prensipal
commercial	جریان اصلی	komersual
entretenir	نگهداری کردن	antretnir
maintenir	نگهداری کردن	mentnir
maintenance	نگهداری	mentnans
majestueux	شاهانه؛ باعظمت	mazhestueu
majesté	جبروت؛ حضرت	mazheste
plus grand	اصلی، عمده	plu gran
plus important	اصلی، عمده	pluz enportan
majorité	غالب؛ اکثریت	mazhorite
fabriquer	ساختن	fabrike
fabricant	سازنده؛ صنیع	fabrikan
maquillage	آرایش	makiuazh
qualification	ساخت	kalifikasuon
mala	مالا	mala
chapelet	مالا	shaple
paludisme	مالاریا؛ نوبه	paludism
malaria	مالاریا؛ نوبه	malarua
paludéen	مالاریایی؛ نوبه ای	paludeen
viril	مرد، مردانه	viril
malveillant	کج اندیش	malveuan
malintentionné	کج اندیش	malentansuone
venin	بدنهادی؛ بدذاتی	venen
malignité	بدخیمی	malinuite
maillet	کلوخ کوب	maue
malnutrition	سوء تغزیه	malnutrisuon
malt	مالت؛ مالت زدن	malt
malter	مالت؛ مالت زدن	malte
mammifère	پستاندار	mamifer
mammaire	پستانی	mamer
homme	مرد	om
gérer	مدیریت کردن	zhere
manier	مدیریت کردن	manue
gérante	مدیر	zherant
managérial	مدیریتی	manazherual
Manchester	منچستر	mansheste
mandat	دستور، حکم	manda
requis	الزامی	reki
mandible	زفر	mandibl
crinière	یال	krinuer
manœuvre	مانور؛ تمرین نظامی	manoevr
manœuvrer	مانور؛ تمرین نظامی	manoevre
gale	گری؛ گرداندن	gal
mangeoire	آخور	manzhwar
virilité	مردی؛ رجولیت	virilite
cinglé	مجنون	sengle
cinglée	مجنون	sengle
bordereau	آشکار کردن	bordero
Manille	مانیل؛ کاغذ مانیل	maniu
manipuler	دستکاری کردن	manipule
manne	گزانگبین	man
façon	رفتار، روش	fason
manière	رفتار، روش	manuer
manoir	ملک تیولی	manwar
maison-forte	ملک تیولی	mezonfort
manuel	دستی؛ یدی	manuel
manuelle	دستی؛ یدی	manuel
manufacturer	تولید کردن	manufakture
manuscrit	دست‌نوشته	manuskri
beaucoup de	بسیاری	boku de-
de nombreux	بسیاری	de- nonbreu
cartographie	نقشه کشی	kartografi
marathon	ماراتن	maraton
marbre	مهره؛ مرمر	marbr
bille	مهره؛ مرمر	biu
défilé	مارس؛ رژه	defile
jument	مادیان؛ اسب ماده	zhuman
médiocre	حاشیه‌ای	meduokr
voisin	حاشیه‌ای	vwazen
marinier	دریایی	marinue
marin	دریایی	maren
maritime	وابسته بدریانوردی	maritim
note	علامت، علامت گذاشتن	not
pièce d'un mark	علامت، علامت گذاشتن	pues dunmark
marqueur	نشانگر	markoer
marché	بازار	marshe
du marché	بازار	du- marshe
place du marché	بازار	plas du- marshe
nom commercial	علامت مخصوص	non komersual
mariage	عروسی؛ ازدواج	maruazh
noces	عروسی؛ ازدواج	nos
épousé	متاهل	epuze
courge	مغز؛ قسمت عمده	kurzh
courgette	مغز؛ قسمت عمده	kurzhet
se marier	ازدواج کردن	se- marue
marier	ازدواج کردن	marue
planète rouge	بهرام؛ مریخ	planet ruzh
Mars	بهرام؛ مریخ	mars
maréchal	مارشال؛ ارتشبد	mareshal
marshal	مارشال؛ ارتشبد	marshal
belliqueux	رزمی	belikeu
martyre	شهید	martir
chahid	شهید	shaid
merveille	شگفت داشتن؛ حیرت زده شدن	merveu
masculin	مکر؛ مردانه	maskulen
masque	ماسک	mask
masque f	ماسک	mask ef
maçon	بنا؛ فراماسیون	mason
messe	توده؛ کپه کردن	mes
massage	مالیدن؛ ماساژ	masazh
masser	مالیدن؛ ماساژ	mase
massif	عظیم؛ گنده	masif
mât	دگل	ma
maître	استاد؛ ارباب؛ مسلط شدن	metr
chef-d'œuvre	شاهکار؛ شیرین کاری	shedeuvr
maîtrise	سیادت؛ تبحر	metriz
marieur	دلاله؛ دلال ازدواج	maruoer
entremetteur	دلاله؛ دلال ازدواج	antremetoer
étoffe	ماده، جنس	etof
maternel	مادرانه؛ مادروار	maternel
mathématique	ریاضی	matematik
mathématicien	ریاضی دان	matematisuen
mathématicienne	ریاضی دان	matematisuen
mathématiques	ریاضیات	matematik
maths	ریاضیات	maths
matrice	ماتریس	matris
matrone	بیبی؛ سرپرستار	matron
surveillante	بیبی؛ سرپرستار	surveuant
mat	فلز شناسی	mat
mate	فلز شناسی	mat
matière	موضوع، اهمیت داشتن	matuer
matelas	تشک؛ دوشک	matla
mûr	بالغ	mur
mûre	بالغ	mur
maturité	سر رسید	maturite
histrionique	کسل کننده	istrionik
sentimental	کسل کننده	santimantal
maxillaire	فک	maksiuer
mâchoire supérieure	فک	mashwar superuoer
maxime	گفته؛ گفته اخلاقی	maksim
maximiser	به حداکثر رساندن	maksimize
maximal	بیشینه؛ حد اکثر	maksimal
maximum	بیشینه؛ حد اکثر	maksimom
mai	می؛ ممکن است (فعل کمکی)	me
peut-être	شاید	peutetr
c'est possible	شاید	se posibl
mayonnaise	مایونز	meuonez
maire	شهردار	mer
bourgmestre	شهردار	burgmestr
ma	من (مفعول)	ma-
pré	چمن؛ چمنزار	pre
maigre	بی چربی؛ بی برکت	megr
pauvre	بی چربی؛ بی برکت	povr
moûture	وعده غذایی	mutur
repas	وعده غذایی	repa
signifier	معنی دادن، منظور داشتن	sinuifue
sens	معنی	sans
signification	معنی	sinuifikasuon
dénué de sens	بیمعنا؛ بی معنی	denue de- sans
dépourvu de sens	بیمعنا؛ بی معنی	depurvu de- sans
pendant ce temps	در ضمن	pandan se- tan
pendant ce temps-là	ضمنا؛ درضمن	pandan se- tanla
entretemps	ضمنا؛ درضمن	antretan
rougeole	سرخجه؛ سرخچه	ruzhol
mesures	پیمایش پذیر	mezur
viande	گوشت	vuand
mécanicien	مکانیک	mekanisuen
mechanisme	مکانیزم	meshanism
mécanisme	مکانیزم	mekanism
médical	مسحور	medikal
médecine	مسحور	medesin
se mêler	فضولی کردن	se- mele
médias	رسانه	medua
médiane	مادی	meduan
médian	مادی	meduan
médicament	دارو	medikaman
médicinal	دارایی؛ داروئی	medisinal
médiéval	قرون وسطایی	medueval
méditation	مراقبه	meditasuon
méditerranéen	مدیترانه؛ دریای مدیترانه	mediteraneen
média	متوسط؛ رسانه	medua
humble	افتاده؛ فقیرانه	unbl
modeste	افتاده؛ فقیرانه	modest
mélancolie	سودا زدگی	melankoli
mélancolique	سودا زدگی	melankolik
mélodieux	بانوا؛ ملیح	melodueu
mélodie	ملودی	melodi
Mélodie	ملودی	melodi
melons	خربزه؛ خربوزه	melon
pastèques	خربزه؛ خربوزه	pastek
fondre	گداختن؛ آب کردن	fondr
se dissoudre	گداختن؛ آب کردن	se- disudr
appartenance	عضویت	apartenans
membraneux	غشادار	manbraneu
memorandum	یادداشت	memorandom
mémoires	خاطرات	memwar
mémorable	به یاد ماندنی	memorabl
mémorandum	تذکاریه؛ شرکت نامه	memorandom
monument	یادبود	monuman
mémorial	یادبود	memorual
mémoire	حافظه	memwar
souvenir	حافظه	suvnir
menacer	چشم زهره گرفتن؛ چشم زهره رفتن	menase
rapiécer	بندزدن	rapuese
méningite	مننژیت	menenzhit
mental	روانی؛ فکری	mantal
mentalité	طرز فکر؛ قوه ذهنی	mantalite
mentalement	فکرا	mantalman
mentionner	اشاره کردن	mansuone
mentor	مربی	mantor
menu	منو	menu
marchandise	متاع؛ مبیع	marshandiz
marchand	بازرگان	marshan
sensible	رحیم؛ بخشنده	sansibl
mercuriel	جیوه دار	merkuruel
mercure	جیوه؛ سیماب	merkur
Mercure	جیوه؛ سیماب	merkur
simple	صرفاً	senpl
seulement	صرفاً	seulman
fusionner	ادغام کردن	fuzuone
amalgamer	ادغام کردن	amalgame
union	ادغام	unuon
méridien	درجه کمال؛ مدار نصف النهار	meriduen
Mésopotamie	بین النهرین	mezopotami
message	پیام	mesazh
métabolisme	متابولیزم؛ سوخت و ساز	metabolism
métaux	فلز	meto
métal	فلز	metal
métalisé	روئین	metalize
métamorphose	دگردیسی؛ مسخ	metamorfoz
métaphore	استعاره	metafor
métaphoriquement	بر سبیل استعاره	metaforikman
métaphysique	علوم معقول؛ ماوراء الطبیعی	metafizik
métastase	هجوم مرض	metastaz
méthode	روش	metod
La Méthode	روش	la- metod
méthodologie	روش‌شناسی	metodolozhi
mètre	متر	metr
métropole	مادرشهر؛ شهر بزرگ	metropol
urbain	مطران؛ مطرانی	urben
métropolitain	مطران؛ مطرانی	metropoliten
prouesse	خمیره	prues
mexicain	مکزیکی	meksiken
mexicaine	مکزیکی	meksiken
Mexique	مکزیک؛ مکزیکو	meksik
Mexico	مکزیک؛ مکزیکو	meksiko
Michigan	میشیگان	mishigan
microphone	میکروفن	mikrofon
microscope	ریزبین؛ میکروسکپ	mikroskop
midi	نیمروز	midi
pas mal	جمله مشترک	pa mal
minuit	نیمه‌شب	minui
accoucheur	ماما؛ ماماچه	akushoer
sage-femme	ماما؛ ماماچه	sazhfam
puissant	توانا؛ اقویا	puisan
migrer	کوچیدن؛ کوچ دادن	migre
free	مهاجرت	fri
french	مهاجرت	french
migrateur	مهاجرت کننده	migratoer
mille	مایل	mil
militaire	نظامی	militer
milice	شبه‌نظامیان	milis
lait	شیر	le
traire	شیر	trer
laiteux	شیری؛ شیردار	leteu
manufacture	آسیاب	manufaktur
millénaire	هزاره؛ هزارمین سال	milener
meunier	آسیابان؛ میلر	meunue
Meunier	آسیابان؛ میلر	meunue
milliards	میلیون	miluar
millionnaire	میلیونر	miluoner
imitant	ادا و اطوار	imitan
minute	مین	minut
mine	مال من	min
mineur	معدنچی	minoer
eau minérale	معدنی	o mineral
minéral	معدنی	mineral
minimum	حداقل	minimom
minimiser	به حداقل رساندن	minimize
extraction minière	معدن	ekstraksuon minuer
pasteur	وزیر	pastoer
ministre	وزیر	ministr
ministériel	اداری؛ وزارتی	ministeruel
minorité	اقلیت؛ صغارت	minorite
minoritaire	اقلیت؛ صغارت	minoriter
bonbon à la menthe	نعناع	bonbon a la-mendh
pastille à la menthe	نعناع	pastiu a la-mendh
procès-verbal	دقیقه؛ دقیقه، بسیار کوچک	proseverbal
miracle	معجزه	mirakl
miraculeux	معجزه آمیز؛ معجزه آسا	mirakuleu
fausse couche	عدمتوفیق	fos kush
espièglerie	شیطانی؛ شیطنت	espuegleri
polissonnerie	شیطانی؛ شیطنت	polisonri
espiègle	شریر؛ مفسد	espuegl
mauvaise conduite	بدرفتاری؛ سوء رفتار	movez konduit
mésaventure	بلا؛ بدبختی	mezavantur
égarer	منحرف کردن؛ گمراه کردن	egare
mésinformer	منحرف کردن؛ گمراه کردن	mezenforme
induit en erreur	گمراه؛ ضال	endui ann eroer
mauvaise administration	سوء اداره	movez administrasuon
rater	از دست دادن، دلتنگ شدن	rate
projectile	موشک	prozhektil
missile	موشک	misil
manquant	گمشده	mankan
mission	ماموریت	misuon
missionnaire	مبلغ	misuoner
mal écrire	مصحف	mal ekrir
mal orthographier	مصحف	mal ortografue
buée	غبار	bue
erroné	مشتبه؛ اشتباهی	erone
trompé	مشتبه؛ اشتباهی	tronpe
maîtresse	معشوقه؛ کدبانو	metres
méprendre	بد شناختن؛ بد فهمیدن	meprandr
mal interpréter	بد شناختن؛ بد فهمیدن	mal enterprete
geindre	لابه کردن؛ زاری کردن	zhendr
cohue	اوباش	kou
mobilité	تحرک	mobilite
mobiliser	بسیج کردن	mobilize
parodier	مسخره کردن؛ استهزاء کردن	parodue
se moquer	مسخره کردن؛ استهزاء کردن	se- moke
modèle	حالت	model
modalité	حالت	modalite
mannequin	مدل	maneken
modéré	متعادل	modere
modérée	متعادل	modere
sobriété	اعتدال؛ تعادل	sobriete
moderne	مدرن	modern
modestie	شرم؛ عفت	modesti
pudeur	شرم؛ عفت	pudoer
mutation	اصلاح	mutasuon
modifier	جرح و تعدیل کردن	modifue
humide	تر؛ نمناک	umid
mélasse	ملاس	melas
moule	قالب؛ کپک قارچی	mul
moulage	قالب؛ کپک قارچی	mulazh
Moldavie	ملداوی	moldavi
taupe	خال	top
nævus	خال	navu
moléculaire	مولکولی	molekuler
molécule	مولکول؛ ملکول	molekul
instant	لحظه	enstan
momentané	زود گذر	momantane
momentanée	زود گذر	momantane
élan	تکانه	elan
quantité de mouvement	تکانه	kwantite de- muvman
monarque	شهریار	monark
monarchiste	سلطنت طلب	monarshist
monarchie	سلطنت؛ شهریاری	monarshi
monastère	صومعه؛ خانقاه	monaster
lundi	دوشنبه	lundi
monétaire	مالی؛ پولی	moneter
argent	پول	arzhan
surveillance	گوشیاری	surveuans
monitoring	گوشیاری	munitoering
moine	راهب	mwan
guenon	میمون	genon
monogramme	امضای هنری	monogram
monogrammer	امضای هنری	monograme
monographie	ویژه نگاشت	monografi
monopole	انحصار	monopol
monotone	یک نواخت	monoton
monotonie	یکآهنگی؛ یکنواختی	monotoni
monstruosité	شرارت بسیار	monstruozite
mois	ماه	mwa
mensuel	ماهانه	mansuel
mensuellement	ماهانه	mansuelman
mauvaise humeur	اوقات؛ حوصله	movez umoer
lugubre	بدقلقی؛ بدقلق	lugubr
taciturne	بدقلقی؛ بدقلق	tasiturn
lune	ماه	lun
clair de lune	مهتاب	kler de- lun
alcool de contrebande	ماهتاب	alkol de- kontreband
clair de la lune	ماهتاب	kler de- la- lun
moral	اخلاقی؛ اخلاق	moral
moralité	اخلاقی؛ اخلاق	moralite
vertueusement	اخلاقا	vertueuzman
macabre	مرضی؛ وحشت آور	makabr
davantage de	بیشتر	davantazh de-
moribond	مشرف به موت	moribon
matin	صبح	maten
matinée	صبح	matine
morphine	مرفین	morfin
mortel	فانی؛ هلاهل	mortel
mortelle	فانی؛ هلاهل	mortel
mortalité	میرش؛ مرگومیر	mortalite
condition mortelle	میرش؛ مرگومیر	kondisuon mortel
mortier	ساروج؛ هاون	mortue
hypothèque	رهن	ipotek
hypothéquer	رهن	ipoteke
mortifier	ریاضت دادن	mortifue
mosaïque	بهم پیوستن	mozaik
Moscou	مسکو	mosku
mosquée	مسجد	moske
la plus + f noun	بیشتر	la- plu plus ef nun
le plus + m noun	بیشتر	le- plu plus em nun
mère	مادر	mer
materner	مادر	materne
thème	موتیف؛ مایه اصلی	tem
motile	قادر بحرکت؛ قادر بجنبش	motil
mouvement	حرکت	muvman
motion	حرکت	mosuon
motivation	انگیزه	motivasuon
motocyclette	موتورسیکلت	motosiklet
automobiliste	راننده	otomobilist
couler	کپک؛ قالب کردن	kule
forger	کپک؛ قالب کردن	forzhe
chevaucher	سوار کردن؛ سوار شدن	shevoshe
enfourcher	سوار کردن؛ سوار شدن	anfurshe
montagne	کوه	montanu
montagneux	کوهی؛ کوهستانی	montanueu
déplorer	ماتمگرفتن؛ نوحه کردن	deplore
souris	موش	suri
fureter	موش	furte
embouchure	دهان	anbushur
bouche	دهان	bush
bouger	متحرک	buzhe
déménager	متحرک	demenazhe
touchant	متحرک، تأثیرگذار	tushan
émouvant	متحرک، تأثیرگذار	emuvan
M.	آقا؛ عنوان خطاب مردان	em
Mme	خانم	madam
Madame	خانم	madam
beaucoup	زیاد	boku
CUM	مخاطی	kom
mucus	بلغم؛ خلط	mukus
fange	گل؛ طین	fanzh
boueux	گلی؛ گلزار	bueu
gogo	ساده لوح	gogo
poire	ساده لوح	pwar
mule	استر	mul
multiple	مضاعف؛ متعدد	multipl
multiplicité	تعدد	multiplisite
se multiplier	تکثیر کردن؛ ضرب زدن	se- multiplie
multiplier	تکثیر کردن؛ ضرب زدن	multiplie
plèbe	انبوه؛ گروه بسیار	pleb
maman	مامان	maman
marmonner	من من	marmone
momie	مومیایی	momi
ordinaire	دنیوی	ordiner
prosaïque	دنیوی	prozaik
municipal	شهری	munisipal
municipalité	شهرداری؛ بلدیه	munisipalite
meurtrier	قاتل؛ آدم کش	moertrie
meurtrière	قاتل؛ آدم کش	moertrier
rumeur	زمزمه؛ شرشر کردن	rumoer
murmure	زمزمه؛ شرشر کردن	murmur
muscle	ماهیچه؛ عضله	muskl
musclé	عضلانی؛ پرعضله	muskle
musculeux	عضلانی؛ پرعضله	muskuleu
musée	موزه	muze
champignon	سماروغ	shanpinuon
champignonner	سماروغ	shanpinuone
musique	موسیقی	muzik
partition	موسیقی	partisuon
comédie musicale	موسیقایی	komedi muzikal
musicien	موسیقیدان	muzisuen
musicienne	موسیقیدان	muzisuen
mousseline	ململ	muslin
must or obligation	باید (فعل کمکی)	mʌst or obligasuon
moustache	سبیل	mustash
bacchante	سبیل	bakant
moutarde	خردل؛ درخت خردل	mutard
moisi	بوی ناگرفته	mwazi
mutant	جهش	mutan
muet	صامت؛ لال	mue
assourdi	صامت؛ لال	asurdi
feuler	ورور کردن؛ من من	feule
mutuel	متقابل	mutuel
mutuelle	متقابل	mutuel
mutuellement	متقابلا؛ مانعهالجمع	mutuelman
muselière	پوزه؛ پوزبند	muzluer
museau	پوزه؛ پوزبند	muzo
mes	مال من	me-
me	خودم	me-
moi-même	خودم	mwamem
mystérieux	غیب؛ مرموز	misterueu
mystère	رمز؛ راز	mister
mystique	عارف؛ صوفی	mistik
mysticisme	درویشی؛ تصوف	mistisism
mythe	اسطوره	maudh
mythologie	اسطوره شناسی؛ علم اساطیر	mitolozhi
sodium	جنب؛ سینمایی	soduom
carne	نق زدن؛ نق نقو	karn
rosse	نق زدن؛ نق نقو	ros
seize	میخ؛ ناخن	sez
ongle	میخ؛ ناخن	ongl
naïf	زودباور؛ ساده دل	naif
naïve	زودباور؛ ساده دل	naiv
naïveté	زودباوری؛ ساده دلی	naivte
nom	نام، نامیدن	non
nommer	نام، نامیدن	nome
à savoir	یعنی	a savwar
nommément	یعنی	nomeman
homonyme	همنام؛ هم اسم	omonim
somme	چرت؛ خواب کوتاه	som
sieste	چرت؛ خواب کوتاه	suest
serviette	دستمال؛ سینه بند	servuet
Naples	ناپل	napl
relater	نقل کردن؛ حکایت کردن	relate
narration	نقل؛ نقالی	narasuon
narratif	روایت؛ نقلی	naratif
narrateur	گوینده؛ راوی	naratoer
narratrice	گوینده؛ راوی	naratris
étroit	باریک	etrwa
étroite	باریک	etrwat
nasal	تو دماغی	nazal
naissant	درحال تولد	nesan
émergent	درحال تولد	emerzh
Nashville	نشویل	nashvil
méchant	ناخوشایند	meshan
désagréable	ناخوشایند	dezagreabl
natal	تولدی؛ مولودی	natal
nationalisme	ناسیونالیزم؛ ملت پرستی	nasuonalism
nationaliste	ناسیونالیست؛ ملت دوست	nasuonalist
dans tout le pays	سراسری	dan tu le- pei
natif	محلی؛ بومی	natif
indigène	محلی؛ بومی	endizhen
normal	طبیعی	normal
naturel	طبیعی	naturel
naturellement	طبیعتاً؛ به‌طور طبیعی	naturelman
nature	طبیعت	natur
vilain	بلا؛ شریر	vilen
haut-le-cœur	تهوع؛ آشب	ole-koer
nausée	تهوع؛ آشب	noze
naval	دریایی	naval
navigable	قابل کشتیرانی	navigabl
navigation	ناوبری	navigasuon
marine	بحریه؛ کشتی جنگی	marin
force navale	بحریه؛ کشتی جنگی	fors naval
près de	نزدیک	pre de-
près	نزدیک	pre
à proximité	نزدیک	a proksimite
pur	مرتب	pur
pure	مرتب	pur
Nebraska	نبراسکا	nebraska
nébuleux	شبیه سحاب	nebuleu
nécessairement	لابد؛ لزوما	neseserman
nécessaire	ضروری	neseser
nécessité	ضرورت	nesesite
cou	گردن	ku
nuque	گردن	nuk
supplice du pneu	عقد؛ طوق	suplis du- pneu
avoir besoin	نیاز؛ نیاز داشتن	avwar bezwen
coudre	سوزن	kudr
inutile	مستغنی؛ بی نیاز	inutil
superflu	مستغنی؛ بی نیاز	superflu
nécessiteux	مستمند؛ نیازمند	nesesiteu
nécessiteuse	مستمند؛ نیازمند	nesesiteuz
strictement négatif	منفی	strikteman negatif
négligence coupable	غفلت؛ اهمال	neglizhans kupabl
négligente	غافل؛ فروگذار	neglizhant
distrait	غافل؛ فروگذار	distre
négligeable	قابل فراموشی	neglizhabl
négocier	مذاکره کردن	negosue
négociation	مذاکره	negosuasuon
négociateur	مذاکره کننده	negosuatoer
nègre	زنگی؛ سیاه پوست	negr
neighbeur	همسایه	neuboer
environs	مجاورت؛ همسایگی	anviron
aucun des deux	هیچ یک (از دو)	okun de- deu
non plus	هیچ یک (از دو)	non plu
neveu	خواهرزاده؛ برادر زاده	neveu
nerveux	عصبی	nerveu
nervosité	عصبانیت؛ عصبیت	nervozite
repaire	لانه	reper
nid	لانه	ni
réseau informatique	شبکه	rezo enformatik
neurone	یاخته عصبی	neuron
cellule nerveuse	یاخته عصبی	selul nerveuz
neutre	بی‌طرف	neutr
point mort	بی‌طرف	pwen mor
neutralité	بیطرفی؛ نادرگیری	neutralite
Nevada	نوادا	nevada
néanmoins	باوجوداین؛ لهذا	neanmwen
nouveau venu	نورسیده؛ نوآیند	nuvo venu
nouvel arrivé	نورسیده؛ نوآیند	nuvel arive
nouvellement	به تازگی	nuvelman
nouvelles	اخبار	nuvel
actualités	اخبار	aktualite
journal	روزنامه	zhurnal
journaux	روزنامه	zhurno
newton	نیوتن	nuutoen
agréablement	بخوبی	agreableman
pièce de cinq cents	نیکل؛ آب نیکل دادن	pues de- senk san
nickel	نیکل؛ آب نیکل دادن	nikel
surnom	کنیه؛ اسم فرعی	surnon
surnommer	کنیه؛ اسم فرعی	surnome
nièce	خواهرزاده؛ برادر زاده	nues
nuit	شب	nui
tombée de la nuit	شبانگاه	tonbe de- la- nui
cauchemar	کابوس؛ بختک	koshmar
mauvais rêve	کابوس؛ بختک	move rev
leste	چابک؛ چالاک	lest
Nemrod	نمرود	nemrod
neuf	نه	noef
dix-neuf	نوزده	diznoef
Luxembourg	نود	luksanbur
neuvième	یک نهم؛ درنهمین درجه	neuvuem noef / neuvuem
Jap	زخمنیشگون؛ دردناک بودن	zhap
pince	فندق شکن	pens
tétine	پستانک؛ نوک پستان	tetin
tétin	پستانک؛ نوک پستان	teten
azotate	شوره	azotat
nitrate	شوره	nitrat
azote	نیتروژن؛ ازت	azot
aucun	نه، هیچ	okun
noblesse	نجابت؛ نجبا	nobles
noble	نجیب	nobl
moins-que-rien	هیچ کس	mwenkeruen
nocturne	شبانه؛ شبانگاهی	nokturn
signe de la tête	سر تکان دادن	sinu de- la- tet
hocher	سر تکان دادن	oshe
nodulaire	گره دار؛ قلنبه شده	noduler
nodule	قلنبه کوچک	nodul
bruit	سر و صدا	brui
bruyante	پر سر و صدا	bruiuant
terminologie	مجموعه لغات	terminolozhi
nomenclature	مجموعه لغات	nomanklatur
nominal	اعتباری؛ اسمی	nominal
locution nominale	اعتباری؛ اسمی	lokusuon nominal
anticonformiste	نامقلد؛ ناپیرو	antikonformist
personne	هیچ کدام	person
sans but lucratif	غیرانتفاعی	san but lukratif
non-sens	بی‌معنی	nonsans
bêtise	بی‌معنی	betiz
lacs	خفت کردن؛ در کمند انداختن	lak
nœud coulant	خفت کردن؛ در کمند انداختن	neu kulan
ni	و نه؛ همچنین نه	ni
norme	هنجار	norm
normaliser	عادی کردن	normalize
normalement	به طور عادی	normalman
nord	شمال	nor
boréal	شمال	boreal
nord-est	شمال شرقی؛ شمال شرق	norest
du nord-est	شمال شرقی؛ شمال شرق	du- norest
aquilon	شمالً	akilon
septentrional	شمالی	septantrional
septentrionale	شمالی	septantrional
septentrion	شمالا؛ قسمت شمالی	septantrion
nord-ouest	شمال غربی؛ شمال قرب	noruest
du nord-ouest	شمال غربی؛ شمال قرب	du- noruest
nez	بینی	ne
odorat	بینی	odora
narine	منخرین	narin
naseau	منخرین	nazo
ne	نه	ne-
notable	قابل توجه	notabl
notamment	به ویژه	notaman
encoche	فرورفتگی؛ چوبخط زدن	ankosh
billet de banque	یادداشت	biue de- bank
cahier	دفترچه یادداشت	kaue
calepin	دفترچه یادداشت	kalpen
rien	هیچ چیز	rien
ne + verb + rien	هیچ چیز	ne- plus verb plus rien
remarquer	اطلاع، متوجه شدن	remarke
s'apercevoir	اطلاع، متوجه شدن	sapersevwar
notifier	اطلاع دادن	notifue
notoire	بدنام	notwar
notoirement	علانیتا	notwarman
substantif	اسم	substantif
nourrir	قوت دادن	nurir
roman	رمان؛ رمان، جدید	roman
romancier	رمان‌نویس	romansue
nouveauté	طرفه؛ تازگی	nuvote
Nicolas	نوامبر	nikola
novembre	نوامبر	novanbr
débutant	جدیدالایمان؛ مبتدی	debutan
de nos jours	امروزه	de- no zhur
nulle part	هیچ جا	nul par
nocif	مضر	nosif
nucléaire	اتمی؛ هسته ای	nukleer
noyau	هسته؛ هستک	nwauo
poussant légèrement	سقلمه	pusan lezherman
incitant	سقلمه	ensitan
embêtement	مایه رنجش	anbetman
que dalle	تهی	ke dal
gourd	سر؛ بیحس کردن	gur
engourdi	سر؛ بیحس کردن	angurdi
nombre	شماره؛ شماره گذاری کردن	nonbr
engourdissement	خدر؛ خواب رفتگی	angurdisman
nonne	راهبه؛ زن تارک دنیا	non
moniale	راهبه؛ زن تارک دنیا	monual
Nour	نور	nur
infirmier	پرستار	enfirmue
infirmière	پرستار	enfirmuer
crèche	مهد کودک	kresh
pouponnière	مهد کودک	puponuer
sillet	آجیل	siue
noix	آجیل	nwa
nutritif	ماده مغذی	nutritif
nutrition	تغذیه	nutrisuon
coque de noyau	ملخص کلام	kok de- nwauo
rame	پارو	ram
oasis	واحه	oazis
juron	سوگند؛ یمین	zhuron
serment	سوگند؛ یمین	serman
têtu	سرخت؛ سخت دل	tetu
opiniâtre	سرخت؛ سخت دل	opinuatr
obéissance	اطاعت؛ تمکین	obeisans
obéissant	مطیع؛ چاکر	obeisan
obésité	چاقی	obezite
obéir	چاکری کردن؛ فرمانبرداری کردن	obeir
objet	شیء	obzhe
objecter	شیء	obzhekte
objection	اعتراض	obzheksuon
odieux	ناشایسته؛ قابل اعتراض	odueu
cas oblique	مورب	kaz oblik
cas régime	مورب	ka rezhim
effacer	معدوم کردن؛ در نوشتن	efase
oubli	فراموشی	ubli
sibyllin	تار؛ غامض	sibilen
obscurité	تیرگی؛ تعسر	obskurite
obséquieux	مزاج گو	obsekueu
remarque	ملاحظه؛ تماشا	remark
observation	ملاحظه؛ تماشا	observasuon
observateur	ناظر	observatoer
obséder	وسواس داشتن	obsede
fixation	وسواس	fiksasuon
obsolète	مهمل؛ مهجور	obsolet
entêtement	معاندت؛ خیره سری	antetman
obstination	معاندت؛ خیره سری	obstinasuon
obstruer	اشکالتراشی کردن؛ کارثکنی کردن	obstrue
obstruction	گرفتگی؛ سده	obstruksuon
se procurer	اخذ کردن؛ اکتساب کردن	se- prokure
évident	پیدا؛ آشکار	evidan
occasion	مناسبت؛ اقتضاء	okazuon
occasionnellement	گاهی؛ گهگاه	okazuonelman
occupation	سکونت	okupasuon
taux d'occupation	سکونت	to dokupasuon
occuper	اشغال کردن	okupe
se retrouver	رخ دادن	se- retruve
se produire	رخ دادن	se- produir
occurrence	وقوع	okurans
océan	اقیانوس	osean
une heure	ساعت	un oer
à une heure	ساعت	a un oer
octobre	اکتبر	oktobr
oculaire	چشمی؛ باصرهای	okuler
ode	چکامه	od
odieuse	نفرت انگیز؛ کراهت آور	odueuz
odeur	عطر؛ رایحه	odoer
œuvres	کار عمده؛ کار حیاتی	oevr
fermée	خاموش، خارج از	ferme
offenser	دلگیرکردن؛ اهانت کردن	ofanse
contrevenant	متخلف	kontrevnan
offensive	خلاف؛ اهانت	ofansiv
offensant	رنجاننده؛ موهن	ofansan
offensif	رنجاننده؛ موهن	ofansif
offre	پیشنهاد، پیشنهاد دادن	ofr
offrande	پیشنهاد	ofrand
négligent	بداهه؛ بی تهیه	neglizh
spontanément	بداهه؛ بی تهیه	spontaneman
bon office	دفتر	bonn ofis
bons offices	دفتر	bonz ofis
officier	افسر	ofisue
fonctionnaire	افسر	fonksuoner
officiellement	رسما؛ رسمانه	ofisuelman
compenser	افست	konpanse
contrebalancer	افست	kontrebalanse
enfants	فرزندان	anfan
souvent	کثیر الوقوع	suvan
oh	اوه	o
huile	روغن	uil
pétrole	روغن	petrol
onctueux	چرب؛ دهنی	onktueu
onguent	مرهم؛ مالیدنی	ong
pommade	مرهم؛ مالیدنی	pomad
olive	زیتون؛ درخت زیتون	oliv
omelette	خاگینه	omlet
présage	فال؛ اوعور	prezazh
de mauvais augure	شوم؛ نامیمون	de- movez ogur
menaçant	شوم؛ نامیمون	menasan
omission	افتادگی؛ فروگذاری	omisuon
omettre	حذف کردن؛ از قلم انداختن	ometr
omnipotence	قدرت مطلق؛ قادر مطلق	omnipotans
sur	بر روی	sur
jadis	یک بار	zhadi
une fois	یک بار	un fwa
approchant	روی دهنده؛ جلو رونده	aproshan
venant en sens inverse	روی دهنده؛ جلو رونده	venan an sans envers
un seul	یک	un soel
une seule	یک	un soel
e	کمر شکن؛ طاقت فرسا	e
oignon	پیاز	onuon
en ligne	آنلاین	an linu
online	آنلاین	onlaun
opale	عینالهر؛ عین الشمس	opal
opaque	مات؛ غیر شفاف	opak
ouvrir	باز، باز کردن	uvrir
ouvert	باز، باز کردن	uver
ouverture	دهانه؛ افتتاح؛ فرصت شغلی	uvertur
ouvertement	آشکارا	uverteman
opéra	اپرا	opera
opération	عملیات؛ عمل جراحی	operasuon
fonctionnement	عملیات؛ عمل جراحی	fonksuonman
opérationnel	عملیاتی	operasuonel
opérateur	اپراتور	operatoer
téléphoniste	اپراتور	telefonist
avis	نظر	avi
conclusions	نظر	konkluzuon
opium	افیون؛ تریاک	opuom
opportunité	فرصت	oportunite
opposer	مخالفت کردن؛ متضاد کردن	opoze
en face	مقابل، روبرو	an fas
opprimer	جور کردن؛ جبر کردن	oprime
oppresser	جور کردن؛ جبر کردن	oprese
oppression	جور؛ بیداد	opresuon
oppresseur	مستبدین	opresoer
opter	انتخاب کردن	opte
visuel	چشمی؛ شیشه عینک	vizuel
optique	نوری	optik
optimisme	خوشبینی	optimism
optimiste	خوشبین	optimist
optionnel	اختیاری؛ خیاری	opsuonel
facultatif	اختیاری؛ خیاری	fakultatif
oral	شفاهی	oral
orange	پرتقال، نارنجی	oranzh
oranger	پرتقال، نارنجی	oranzhe
oration	خطابه	orasuon
orateur	نطاق؛ خطیب	oratoer
oratrice	نطاق؛ خطیب	oratris
oratoire	شیوهسخنرانی؛ سخن پردازی	oratwar
sphère	کروی شدن	sfer
orbe	کروی شدن	orb
orbite	مدار؛ دور گشتن	orbit
orbiter autour de	مدار؛ دور گشتن	orbite otur de-
verger	باغ؛ درختستان	verzhe
arbre fruitier	باغ؛ درختستان	arbr fruitue
orchestre	ارکستر	orkestr
ordonner	وضع کردن	ordone
épreuve	کار شاق	epreuv
ordre	سفارش، سفارش دادن	ordr
commander	سفارش، سفارش دادن	komande
planton	نظمی؛ مصدر	planton
ordnance	تخشایی	ordnans
minerai	سنگ معدن	minre
orgue	عضو؛ آلت	org
organe	عضو؛ آلت	organ
organique	ارگانیک	organik
bio	ارگانیک	buo
organisme	اندامگان؛ سازواره	organism
organisation	سازمان	organizasuon
organiseur	موسس؛ برگزار کننده	organizoer
s'orienter	شرق؛ درخشندگی بسیار	soruante
Levant	شرق؛ درخشندگی بسیار	levan
Oriental	شرقی؛ مشرقی	oruantal
orientation	جهت‌گیری	oruantasuon
source	ریشه؛ اصل	surs
originel	اصلی	orizhinel
originale	اصلی	orizhinal
instituer	سرچشمه گرفتن	enstitue
prendre sa source	سرچشمه گرفتن	prandr sa- surs
expéditeur	بنیانگذار؛ سبب ساز	ekspeditoer
ornement musical	زینت؛ زیور	orneman muzikal
orphelin	یتیم؛ پدرمرده	orflen
orpheline	یتیم؛ پدرمرده	orflin
orphelinat	پرورشگاه؛ یتیم خانه	orflina
maison d'enfants	پرورشگاه؛ یتیم خانه	mezon danfan
orthodoxe	فریور؛ راشد	ortodoks
oscillation	نوسان	osilasuon
ossifier	استخوانی کردن؛ استخوانی شدن	osifue
apparent	قابل نمایش	aparan
ostéoporose	پوکی استخوان	osteoporoz
autruche	شتر مرغ	otrush
autre	دیگر	otr
once	اونس	ons
nos	مال ما	no
notre	مال ما	notr
la nôtre	ما	la- notr
le nôtre	ما	le- notr
nous-mêmes	خودمان	numem
hors	بیرون	or
retrait	بیرون	retre
irruption	شیوع	irupsuon
éruption	شیوع	erupsuon
périmé	قدیمی شده	perime
dépassé	قدیمی شده	depase
surpasser	بس پردازی	surpase
extérieur	بیرونی	eksteruoer
outlif	بیشتر دوام آوردن	utlif
périphérique	پرت	periferik
avant-poste	پایگاه مرزی	avanpost
produire	خروجی	produir
scandaleux	عصبانی کننده؛ بیداد گرانه	skandaleu
hors de	بیرون	or de-
inconnu	بیگانه	enkonu
banlieue	حومه	banlueu
hors pair	برجسته	or per
vers l'extérieur	به‌طرف خارج	ver leksteruoer
l'emporter sur	مهمتربودن از	lanporte sur
peser davantage	مهمتربودن از	peze davantazh
ovale	بادامی	oval
ovarien	تخمدانی	ovaruen
ovaire	تخمدان	over
blouse	بالاپوش؛ لباس کار	bluz
salopette	بالاپوش؛ لباس کار	salopet
despotique	منکوب گر؛ طاقت فرسا	despotik
dominateur	منکوب گر؛ طاقت فرسا	dominatoer
par-dessus bord	بدریا؛ روی کشتی	pardesu bor
pardessus	پالتو	pardesu
surmonter	غلبه کردن	surmonte
en retard	سر رسیده؛ موعد رسیده	an retar
débordement	طغیان؛ آگندن	debordeman
déborder	طغیان؛ آگندن	deborde
frais généreux	بالاسری	fre zhenereu
entendre par hasard	استراق سمع کردن	antandr par azar
se chevaucher	اشتراک داشتن؛ روی هم افتادن	se- shevoshe
surchargé	گرانبار؛ گران بار شدن	sursharzhe
superviser	نادیده گرفتن	supervize
trop	بیش از حد	tro
du jour au lendemain	یک شبه	du- zhur o landmen
outremer	خارج از کشور	utreme
ombrager	تحت الشعاع قراردادن	onbrazhe
éclipser (la gloire	تحت الشعاع قراردادن	eklipse la- glwar
renverser	سرنگونی؛ منقرض کردن	ranverse
renversé	منقرض؛ مظمحل	ranverse
abreuver	غرق کردن	abreuve
accablant	طاقت فرسا	akablan
hibou	جغد؛ بوف	ibu
posséder	خود، داشتن؛ داشتن	posede
possession	مالکیت	posesuon
l’université d’Oxford	اکسفورد؛ آکسفورد	luniversite doksfor
Oxford	اکسفورد؛ آکسفورد	oksfor
oxydation	ترکیب اکسیژن	oksidasuon
oxyde	اکسید	oksid
oxygène	اکسیژن	oksizhen
oxygéner	اکسیژنه	oksizhene
ozone	اوزون	ozon
tempo	شلنگ؛ خرام	tanpo
pacifique	صلح جو	pasifik
suce	آرام کننده	sus
pacifier	آرامش دادن	pasifue
meute	بسته بندی کردن	meut
colis	بسته	koli
coussinet	پد	kusine
palette	پارو زدن	palet
incivilisé	مشرک؛ غیر مسیحی	ensivilize
haut fait	صفحه	o fe
casse-pied	درد	kaspue
casse-couilles	درد	kaskuu
pénible	دردمند؛ رنجور	penibl
douloureux	دردمند؛ رنجور	dulureu
indolore	بیدرد	endolor
minutieuse	رنجبر؛ زحمت کش	minusueuz
peinture	نقاشی کردن، رنگ	pentur
peindre	نقاشی کردن، رنگ	pendr
peintre décorateur	نقاش	pentr dekoratoer
peintre décoratrice	نقاش	pentr dekoratris
art pictural	نقاشی	ar piktural
palais	کاخ	pale
hâve	رنگ‌پریده؛ کم‌رنگ	av
pâle	رنگ‌پریده؛ کم‌رنگ	pal
paillasse	ماله صافکاری	pauas
paume	کف دست	pom
enpalmer	کف دست	anpalme
palpable	قابل لمس	palpabl
paralysie	زمین گیری	paralizi
choyer	نازپرورده	shwaue
dorloter	نازپرورده	dorlote
brochure	جزوه	broshur
pamphlétaire	جزوه نویس	panfleter
poêle	گودال آب	pwal
Pan	گودال آب	pan
canotier	پاناما	kanotue
Panama	پاناما	panama
crêpe	نان ساجی	krep
pancake	نان ساجی	pankeuk
vitre	قاب شیشه	vitr
boiserie	قاب شیشه	bwazri
table ronde	تخته کوبی کردن	tabl rond
panneau	تخته کوبی کردن	pano
élancement	سوزش ناگهانی	elansman
douleur soudaine	سوزش ناگهانی	duloer suden
panique	وحشت	panik
panoplie	کاملا مجهز؛ سلاح کامل	panopli
panorama	چشم انداز	panorama
garde-manger	گنجه؛ دولاب	gardmanzhe
pantalon	شلوار	pantalon
slip	شلوار	slip
papier	کاغذ	papue
tâches administratives	کاغذ بازی	tashz administrativ
étalage	رژه	etalazh
cieux	رضوان؛ عدن	sueu
paradoxal	مهمل نما	paradoksal
paraffine	پارافین	parafin
paraffiner	پارافین	parafine
alinéa	پاراگراف	alinea
paragraphe	پاراگراف	paragraf
parallèle à	موازی	paralel aaksangrav
paralytique	فالج؛ افلیج	paralitik
paralyser	لنگ کردن؛ فلج کردن	paralize
paramètre	پارامتر	parametr
parapet	دیواره	parape
paraphrase	تاویل؛ تاویل کردن	parafraz
paraphraser	تاویل؛ تاویل کردن	parafraze
paraplégie	فلج پا؛ پا فلجی	paraplezhi
profiteur	انگل؛ طفیلی	profitoer
parasite	انگل؛ طفیلی	parazit
parcelle	بسته؛ رزمه	parsel
gracier	بخشش؛ آمرزش	grasue
géniteur	والد	zhenitoer
génitrice	والد	zhenitris
parental	والدین	parantal
parents	اولیاء؛ والدین	paran
pariétal	جداری	paruetal
Paris	پاریس	pari
Pâris	پاریس	pari
paroisse	اهل محله	parwas
jardin public	پارک، پارک کردن	zharden publik
stationnement	پارکینگ	stasuonman
parking	پارکینگ	parking
parlement	مجلس؛ کنگره	parleman
parlementaire	پارلمانی؛ مجلسی	parlemanter
libération conditionnelle	عفو مشروط؛ قول مردانه	liberasuon kondisuonel
parquet	محل ارکسترنمایش؛ باچوب فرش کردن	parke
perroquet	طوطی	peroke
perroqueter	طوطی	perokte
raie	قسمت	re
rôle	قسمت	rol
participer	بهره داشتن؛ قسمت بردن	partisipe
partiel	موضعی؛ طرفدارانه	parsuel
partial	موضعی؛ طرفدارانه	parsual
partialité	جانب داری	parsualite
participante	حاضر؛ شریک	partisipant
participant	حاضر؛ شریک	partisipan
participation	مشارکت	partisipasuon
particulier	خاص	partikulue
pointilleux	خاص	pwentiueu
partisane	پارتیزان	partizan
partisan	پارتیزان	partizan
séparation	افراز؛ انقسام	separasuon
en partie	یک چند؛ دریک جزء	an parti
associé	همکار، شریک	asosue
partenaire	همکار، شریک	partener
partenariat	مشارکت	partenarua
à temps partiel	پاره‌وقت	a tan parsuel
passer	رد شدن، گذراندن	pase
transit	گذرگاه؛ قطعه متن	tranzit
passage	گذرگاه؛ قطعه متن	pasazh
passionné	پرشور	pasuone
passive	بیبهره؛ انفعالی	pasiv
passeport	گذرنامه	paspor
mot de passe	رمز عبور	mo de- pas
passé	گذشته	pase
passée	گذشته	pase
stras	خمیر؛ چسب	stra
strass	خمیر؛ چسب	stras
pâture	چراندن؛ چراگاه	patur
bouse	به‌طور مناسب	buz
motte	به‌طور مناسب	mot
bandage	وصله؛ جالیز	bandazh
patchwork	کارسرهم بندی؛ وصله دوزی	pachwoerk
assemblage	کارسرهم بندی؛ وصله دوزی	asanblazh
brevet	منشور؛ امتیاز نامه	breve
chemin	معبر	shemen
sentier	معبر	santue
pathétique	تاثرآور	patetik
pionnier	بلد راه	puonue
agent pathogène	مرض خیز	azhan patozhen
pathologique	پاتولوژی	patolozhik
pathologiste	مرض شناس؛ آسیب شناس	patolozhist
pathologie	پاتولوژی؛ مرض شناسی	patolozhi
patience	صبر	pasuans
patient	بیمار	pasuan
patiente	بیمار	pasuant
patiemment	صبورانه	pasuaman
patriarche	شیخ؛ پدرشاه	patriarsh
patriote	پاتریوت؛ وطن پرست	patriot
patriotisme	وطن پرستی؛ وطن دوستی	patriotism
patrouille	گشت؛ گشتی	patruu
mécène	مشوق	mesen
crépitement	لهجه محلی	krepitman
bavardage	لهجه محلی	bavardazh
indigent	گدا؛ بی نوا	endizhan
paver	سنفرش شده	pave
trottoir	فرش؛ سنگفرش	trotwar
gage	گرو؛ گرو گذاشتن	gazh
payer	پرداخت؛ پرداخت کردن	peue
régler	پرداخت؛ پرداخت کردن	regle
paiement	اجاره؛ پرداخت	peman
payement	اجاره؛ پرداخت	peueman
pois	نخود	pwa
petit pois	نخود	peti pwa
paix	صلح	pe
paisible	صلح دوست	pezibl
sonner	صدای پیوسته؛ صدای مسلسل	sone
poirier	گلابی؛ امرود	pwarue
paysan	رعیت	peizan
paysanne	رعیت	peizan
paysannerie	رعایا؛ دهقانی	peizanri
becqueter	نوک زدن؛ نک زدن	bekte
bécot	نوک زدن؛ نک زدن	beko
thoracique	صدری	torasik
particularité	غرابت	partikularite
pédaler	رکاب؛ پدال	pedale
pédale	رکاب؛ پدال	pedal
pédant	ملانقطی	pedan
colporteur	دورگرد؛ دوره گرد	kolportoer
piédestal	پایه؛ پایه مجسمه	puedestal
banal	پیاده؛ رهگذر	banal
nu comme un ver	پوست کنده	nu kom un ver
décortiquer	پوست کنی	dekortike
pépiement	جیک زدن؛ نیش آفتاب	pepiman
pairie	مقام اشرافی	peri
épingler	میخچوبی؛ شبیه میخ	epengle
cheviller	میخچوبی؛ شبیه میخ	sheviue
peau	پوستک؛ خامسوز	po
pelvien	لگنی	pelvuen
pelvis	لگن؛ لگن خاصره	pelvi
cygne femelle	خودکار	sinu femel
penalisation	جریمه	penalizasuon
crayon	مداد	kreuon
en suspens	امر معلق	an suspens
pendule	آونگ؛ پاندول	pandul
pénétrer	نفوذ کردن؛ رخنه کردن	penetre
pénétration	نفوذ؛ رسوخ	penetrasuon
péninsule	شبه جزیره	penensul
bite	دول؛ چر	bit
pénitencier	ندامتی؛ ندامتگاه	penitansue
fauché	نادار؛ بی زر	foshe
désargenté	نادار؛ بی زر	dezarzhante
Pennsylvanie	پنسیلوانیا	pannsilvani
retraite	مستمری؛ مقرری	retret
retraité	وظیفهخوار؛ مستمری بگیر	retrete
retraitée	وظیفهخوار؛ مستمری بگیر	retrete
pensif	گرفتار غم	pansif
attique	ساباط؛ کبوتر خانه	atik
appentis	ساباط؛ کبوتر خانه	apanti
les miens	مردم	le- muen
piment	فلفل	piman
poivron	فلفل	pwavron
percevoir	درک کردن	persevwar
pour cent	درصد	pur san
pourcent	درچند؛ درصد	pursan
pourcentage	درصد؛ سدیاچند	pursantazh
perceptible	ادراک شدنی	perseptibl
perception	ادراک	persepsuon
perchoir	جایگاه بلند	pershwar
autoritaire	حکمی؛ شتاب آمیز	otoriter
parfaire	کامل	parfer
perfection	کمال؛ بی عیبی	perfeksuon
parfaitement	بکمال	parfetman
perforé	سوراخ شده؛ خلل و فرج دار	perfore
perforations	مسئله؛ مسام	perforasuon
effectuer or faire	اجرا کردن	efektue or fer
prestation	اجرا؛ طرز کار	prestasuon
période	دوره	peruod
périodique	دوری؛ تناوبی	peruodik
périphérique informatique	جنبی؛ پیرامونی	periferik enformatik
périr	فاسدشدن؛ هلاک شدن	perir
permanente	پایدار؛ ماندنی	permanant
en permanence	به طور دائمی	an permanans
permissible	مجاز؛ روا	permisibl
permettre	پروانه؛ پته	permetr
perpendiculaire	عمودی؛ ستون وار	perpandikuler
perpétuer	جاودانی ساختن	perpetue
perplexe	حیرت زده	perpleks
perplexité	حیرت؛ سرگردانی	perpleksite
ténacité	ابرام؛ پشتکار	tenasite
persistance	ابرام؛ پشتکار	persistans
persan	فارسی؛ ایرانی	persan
Perse	فارسی؛ ایرانی	pers
persister	پیله کردن؛ پافشاری کردن	persiste
tenace	ماندگار؛ سمج	tenas
persistant	ماندگار؛ سمج	persistan
personnel	شخصی	personel
personnelle	شخصی	personel
personnalité	شخصیت	personalite
en personne	شخصاً؛ بنفسه	an person
personnification	همانند دیگری	personifikasuon
personnifier	مجسم	personifue
perspective	لحاظ؛ چشمانداز	perspektiv
perspectif	لحاظ؛ چشمانداز	perspektif
transpiration	تعریق؛ رشحه	transpirasuon
transpirer	عرق کردن؛ عرق ریختن	transpire
persuader	اغواکردن؛ راضی کردن	persuade
persuasion	ترغیب؛ متقاعد سازی	persuazuon
Pérou	پرو	peru
perversion	بدراهی	perversuon
chouchou	حیوان خانگی	shushu
animal familier	حیوان خانگی	animal familue
Pétersbourg	پترزبورگ	peterzbur
Peterson	پیترسون	pitoersoen
requête	عرضحال؛ دادخواست	reket
pétitionnaire	متظلم؛ دادخواه	petisuoner
pétrifier	متحجر	petrifue
petulance	کج خلقی؛ زود رنجی	petulans
spectre	ظاهر فریبنده	spektr
Fantôme	طیف؛ شبه	fantom
gorge	حلقوم؛ گلوگاه	gorzh
pharynx	حلقوم؛ گلوگاه	farenks
étape	وجه؛ مرحله	etap
faisan	تذرو	fezan
coq faisan	تذرو	kok fezan
phénomène	پدیده؛ حادثه	fenomen
Philadelphie	فیلادلفیا	filadelfi
philanthropique	بشردوست؛ نوعدوست	filanthropik
philanthrope	بشردوست	filanthreup
philantropie	بشردوستی؛ نوعپرستی	filantropi
Philippines	فیلیپین	filipin
philosophe	فیلسوف	filozof
philosophique	فلسفی	filozofik
phénix	سمندر؛ سیمرغ	feniks
Phénix	سمندر؛ سیمرغ	feniks
téléphone	تلفن، تماس گرفتن	telefon
phone	تلفن، تماس گرفتن	fon
phosphore	فسفر	fosfor
photographie	عکس	fotografi
photo	عکس	foto
photographe	عکاس؛ عکس بردار	fotograf
locution	عبارت	lokusuon
physique	فیزیکی	fizik
physiologique	فیزیکی	fizuolozhik
physiquement	جسماً	fizikman
physiologie	علمالابدان؛ علم طبیعی	fizuolozhi
piano	پیانو	puano
jeu d’enfant	پیکنیک؛ اجتماعی درخارج	zheu danfan
piquenique	پیکنیک؛ اجتماعی درخارج	piknik
pittoresque	خوش منظره	pitoresk
tourte	درهم ریختن؛ کلاغ زنگی	turt
tarte	درهم ریختن؛ کلاغ زنگی	tart
pie	ابلق؛ پیسه	pi
part	تکه	par
pilier	جرز؛ اسکله	pilue
piété	تدین؛ دیانت	puete
pigeonne	کبوتر	pizhon
pigeonneau	کبوتر	pizhono
colorant	رنگدانه؛ رنگیزه	koloran
pigment	رنگدانه؛ رنگیزه	pigman
brochet	نوک نیزه؛ اردک ماهی	broshe
pique	نوک نیزه؛ اردک ماهی	pik
pèlerin	حاجی؛ زوار	pelren
pèlerinage	زیارت؛ زیارت رفتن	pelrinazh
pilule	قرص	pilul konprime / pilul
comprimé	قرص	pilul konprime / pilul
piller	غارت؛ تاراج	piue
pillage	غارت؛ تاراج	piuazh
oreiller	پشتی؛ بالش	oreue
pilote	خلبان	pilot
programme pilote	خلبان	program pilot
clouage	میل؛ سوزن	kluazh
pincement	مضیقه؛ وشگون	pensman
pincée	مضیقه؛ وشگون	pense
pin	کاج؛ صنوبر	pen
languir	کاج؛ صنوبر	langir
ananas	آناناس	anana
rose	صورتی	roz
œillet	صورتی	oeue
pic	منتهی درجه	pik
pionnière	پیشگام؛ پیشرو	puonuer
pépin	مغزی؛ نیزنی	pepen
top	مغزی؛ نیزنی	top
épicé	هشیارکننده؛ تند و بامزه	epise
corsaire	دزد ادبی؛ دزد دریایی	korser
pirate	دزد ادبی؛ دزد دریایی	pirat
pistolet	پارابلوم؛ هفت تیر	pistole
piston	پیستون؛ میله متحرک	piston
fosse	تخم؛ هسته	fos
tangage	زفت	tangazh
brai	زفت	bre
pichet	تنگ؛ سبو	pishe
moelleux	پرمغز؛ شبیه مغز	mwaleu
impitoyable	بی ترحم	enpitwauabl
Pittsburgh	پیتسبورگ	pitsboerg
placement	جایابی	plasman
plaie	بلا؛ طاعون	ple
motif écossais	پارچه پیچازی	motif ekose
tissu écossais	پارچه پیچازی	tisu ekose
plaignant	شاکی؛ دادخواه	plenuan
plaintif	شکوهآمیز؛ گله آمیز	plentif
schema	برنامه، برنامه ریزی کردن	shema
rabot	هواپیما	rabo
planète	سیاره	planet
planificateur	طراح	planifikatoer
matériel	کاشتن؛ گیاه	materuel
végétal	کاشتن؛ گیاه	vezhetal
plantation	سبزیکاری؛ درختستان	plantasuon
planteur	صاحب مزرعه؛ پرورنده گیاهان	plantoer
plasma	پلاسما	plasma
enduit	گچ؛ مشمع	andui
plastique	پلاستیک	plastik
scène	سکو	sen
podium	سکو	poduom
platonique	افلاطونی	platonik
peloton	رسد	peloton
plausible	باورکردنی؛ قابل استماع	plozibl
compagnon de jeux	همبازی	konpanuon de- zheu
playmate	همبازی	plemat
plaider	عرضحال دادن	plede
plaisant	خرم؛ دلپذیر	plezan
plaire	خوشحال کردن؛ لطفا	pler
allez	خوشحال کردن؛ لطفا	ale
satisfait	خوشحال	satisfe
promettre	سوگند؛ گرو	prometr
plénier	غیر مقید	plenue
pleurésie	ذاتالجنب؛ برسام	pleurezi
pliant	قابل انعطاف؛ نرم شدنی	plian
pliable	قابل انعطاف؛ نرم شدنی	pliabl
lopin	دسیسه؛ توطئه	lopen
diagramme	دسیسه؛ توطئه	duagram
labourer	شخم؛ شیار کردن	labure
araire	شخم؛ شیار کردن	arer
pluvier	مرغ باران	pluvue
charrue	گاو آهن؛ سختی جلو رفتن	sharu
pincer	پر کندن؛ ناگهان کشیدن	pense
meilleur morceau	گوجه؛ آلو	meuoer morso
prune	گوجه؛ آلو	prun
plumage	بال و پر	plumazh
d'aplomb	عمود بودن؛ عمق پیمودن	daplon
sonder	عمود بودن؛ عمق پیمودن	sonde
plombier	لولهکش؛ لوله ساز	plonbue
plombière	لولهکش؛ لوله ساز	plonbuer
plumeau	نازیدن؛ پر آرایشی	plumo
nuage de fumée	نازیدن؛ پر آرایشی	nuazh de- fume
plonger	افت؛ شیرجه	plonzhe
pluriel	جمعی؛ صیغه جمع	pluruel
positif	به اضافه	pozitif
plier	لا؛ وآمد کردن	plie
pneumonie	ذات الریه	pneumoni
de poche	جیب	de- posh
sac à main	کتاب جیبی؛ جزوه دان	sak a men
portefeuille	کتاب جیبی؛ جزوه دان	portefoeu
marque de petite vérole	مجدر؛ آبله دار	mark de- petit verol
poème	شعر؛ چامه	poem
poète	شاعر؛ غزل سرا	poet
poétique	نظمی؛ شاعرانه	poetik
poésie	شعر؛ اشعار	poezi
poignant	نیشدار؛ گوشه دار	pwanuan
baguette	عقربک؛ عقربه	baget
poison	سم؛ زهر	pwazon
empoisonner	سم؛ زهر	anpwazone
empoisonnement	مسمومیت	anpwazonman
intoxication	مسمومیت	entoksikasuon
toxique	زهری؛ زهردار	toksik
vénéneux	زهری؛ زهردار	veneneu
tisonnier	سیخ زن؛ سیخ بخاری	tizonue
poker	سیخ زن؛ سیخ بخاری	peukoer
attiser	سقلمه	atize
Pologne	لهستان	polonu
Polonais	تیر؛ قطب	polone
policier	پلیس	polisue
policière	پلیس	polisuer
gendarme	پلیس (مرد)	zhandarm
police	سیاست؛ خط‌مشی	polis
politique	سیاست؛ خط‌مشی	politik
polir	مالیدن؛ له	polir
vernis	مالیدن؛ له	verni
poliment	مودبانه	poliman
politicien	سیاستمدار؛ ساوس	politisuen
femme politique	سیاستمدار؛ ساوس	fam politik
sondage	نمونه برداشتن؛ نظر خواهی کردن	sondazh
pollen	گرد؛ دانه گرده	polen
défilement	آلودگی	defilman
pollution	آلودگی	polusuon
polygamie	چندگانی؛ بس گانی	poligami
polymère	بسپار	polimer
pompe	فر؛ غرور وتظاهر	ponp
pomposité	طمطراق؛ آب وتاب	ponpozite
pompeux	باطمطراق؛ پرطمطراق	ponpeu
mare	دریاچه؛ غدیر	mar
étang	دریاچه؛ غدیر	etan
songer	تامل کردن؛ تعمق کردن	sonzhe
réfléchir	تامل کردن؛ تعمق کردن	refleshir
poney	تاتو	pone
piscine	استخر	pisin
piètre	فقیر	puetr
hospice pour indigents	دارالمساکین؛ دارالعجزه	ospis pur endizhan
musique pop	پاپ (موسیقی)، پاپ (چیزی)	muzik pop
pape	پاپ	pap
pope	پاپ	pop
pavot	خشخاش	pavo
coquelicot	خشخاش	kokliko
populaire	محبوب	populer
popularité	وجهه؛ محبوبیت	popularite
population	جمعیت	populasuon
populeux	پرجمعیت؛ پرسکنه	populeu
porche	سرپوشیده؛ رواق	porsh
véranda	سرپوشیده؛ رواق	veranda
pore	منافد	por
porc	گوشتخوک	pork
poreux	متخلخل؛ رخنه دار	poreu
vin de Porto	پرت؛ حمایل زدن	ven de- porto
portatif	موبایل؛ قابل انتقال	portatif
portail	سر در	portau
portique	سر در	portik
augure	فال بد	ogur
portion	قسمت	porsuon
portrait	نقاشی؛ تصویر	portre
dépeindre	تصویر کردن؛ ترسیم کردن	dependr
Portugal	پرتقال؛ پرتغال	portugal
portugais	زبان پرتقالی	portuge
portugaise	زبان پرتقالی	portugez
strictement positif	مثبت	strikteman pozitif
positivement	خوشبینانه؛ مثبتاً	pozitivman
s'emparer de: to get a hold of	دارا شدن؛ واجد بودن	sanpare de- tuget aheuld u-v
possesseur	مالک؛ دارا	posesoer
#French#possible	ممکن	french posibl
timbre	پول پست؛ ارسال پست	tenbr
postal	پستی	postal
affiche	پوستر	afish
poster	پوستر	poste
postérieur	پسین؛ دیرتر	posteruoer
Derrière	پسین؛ دیرتر	deruer
postérité	اعقاب؛ اخلاف	posterite
ajourner	معوق کردن؛ موکول کردن	azhurne
ajournement	تاخیر؛ تعویق	azhurneman
attitude	پز	atitud
beu	دیگ؛ تیان	beu
beuh	دیگ؛ تیان	boe
hydroxyde de potassium	پتاس؛ پتاس محرق	idroksid de- potasuom
potasse caustique	پتاس؛ پتاس محرق	potas kostik
potassium	پتاسیم	potasuom
patate	سیب‌زمینی	patat
pomme de terre	سیب‌زمینی	pom de- ter
potentiel	التزامی؛ پتانسیل	potansuel
possibilités	التزامی؛ پتانسیل	posibilite
potentiellement	به طور بالقوه	potansuelman
poterie	کوزهگری؛ سفالگری	potri
besace	کیسه کوچک؛ کیف پول	bezas
cataplasme	ضماد	kataplasm
volailles	مرغ خانگی	volau
fondre sur	درحال خیز	fondr sur
fourrière	پوند	furuer
verser	ریختن؛ پاشیدن	verse
se déverser	ریختن؛ پاشیدن	se- deverse
pauvreté	تنگی؛ درویشی	povrete
poudre	گرد؛ پودر	pudr
poudreuse	گرد؛ پودر	pudreuz
poudreux	گردی؛ آردی	pudreu
puissance	قدرت	puisans
fortement	مقتدرانه	forteman
puissamment	مقتدرانه	puisaman
praticable	پرشدنی؛ قابل اجرا	pratikabl
pratiquement	عملا	pratikman
pratiquer	تمرین	pratike
louange	تمجید؛ درود	luanzh
louable	هژیر؛ ستودنی	luabl
bavarder	حرف مفت زدن	bavarde
prières	نماز؛ دعا	prier
pré-	بر خلاف	pre
prêcher	موعظه کردن؛ وعظ کردن	preshe
prédicateur	فقیه؛ روضه خوان	predikatoer
sermon	موعظه؛ روضه خوانی	sermon
prêche	موعظه؛ روضه خوانی	presh
préambule	مقدمه؛ توضیحات	preanbul
précéder	مقدم بودن	presede
précieux	گرانبها	presueu
précipice	پرتگاه؛ سراشیبی تند	presipis
précipiter	بادست پاچگی؛ ناگهان سقوط کردن	presipite
précédent	ماقبل؛ سلف	presedan
prédécesseur	ماقبل؛ سلف	predesesoer
prédestination	جبر؛ فلسفه جبری	predestinasuon
prédestiné	جبری	predestine
situation délicate	وضع خطرناک؛ وضع نامساعد	situasuon delikat
situation difficile	وضع خطرناک؛ وضع نامساعد	situasuon difisil
prévisible	قابل پیش‌بینی	previzibl
prédictible	قابل پیش‌بینی	prediktibl
prédiction	پیشبینی؛ غیبگویی	prediksuon
prédominant	مستولی	predominan
avant-propos	مقدمه؛ دیباجه	avanpropo
préface	مقدمه؛ دیباجه	prefas
préférer	ترجیح دادن	prefere
préférable	افضل؛ مرجح	preferabl
préférence	ترجیح	preferans
préfixe	پیشوند	prefiks
préfixer	پیشوند	prefikse
gestation	باروری؛ حاملگی	zhestasuon
grossesse	باروری؛ حاملگی	groses
enceinte	آبستن؛ بارور	ansent
préhistorique	ماقبل تاریخ؛ ماقبل تاریخی	preistorik
idée préconçue	تعصب؛ غرض ورزی	ide prekonsu
préliminaire	مقدماتی؛ بدائی	preliminer
prélude	قسمت مقدماتی	prelud
prématuré	زودهنگام	premature
premier ministre	یک نمایشنامه؛ نخست وزیر	premue ministr
prime	اعلی؛ اعلاء	prim
pressentiment	فکر قبلی	presantiman
preoccupation	گرفتاری؛ کار مقدم	preokupasuon
préoccupé	گرفتار	preokupe
état de préparation	تهیه؛ تمهید	eta de- preparasuon
préparation	تهیه؛ تمهید	preparasuon
préparatoire	تدارکی	preparatwar
préparer	آماده کردن	prepare
se préparer	آماده کردن	se- prepare
preponderance	سنگین تری	prepondrans
insensé	غیر طبیعی	ensanse
prépuce	غلفه	prepus
privilège	امتیاز مخصوص	privilezh
prérogative	امتیاز مخصوص	prerogativ
présager	فال نما	prezazhe
prescrire	تجویز کردن؛ نسخه دادن	preskrir
à prescription	نسخه؛ تجویز	a preskripsuon
présent	ارائه دادن؛ حاضر، هدیه	prezan
cadeau	ارائه دادن؛ حاضر، هدیه	kado
bientôt	فعلا؛ الساعه	buento
préserver	نگاهداری کردن؛ کنسرو میوه	prezerve
présidente	رئیس جمهور	prezidant
présidentiel	ریاست جمهوری	prezidansuel
pressoir	پرس؛ منگنه	preswar
presse	پرس؛ منگنه	pres
pression	فشار	presuon
prestige	حیثیت؛ قدر ومنزلت	prestizh
présumer	استنباط کردن؛ مسلم دانستن	prezume
presumption	فرض؛ استنباط	prezunpsuon
presumptif	فرضی	prezunptif
feindre	وانمود کردن؛ دعوی کردن	fendr
feinte	وانمودسازی	fent
prétension	وانمود؛ تظاهر	pretansuon
prévaloir	چربیدن؛ غلبه کردن	prevalwar
prédominer	چربیدن؛ غلبه کردن	predomine
prédominance	غلبه؛ رواج	predominans
répandu	رایج؛ شایع	repandu
prévalent	رایج؛ شایع	preval
prévention	منع؛ جلوگیری	prevansuon
préventif	پیشگیر؛ پیشگیرنده	prevantif
préalable	قبلی؛ سابقی	prealabl
butin	شکار؛ طعمه	buten
proie	شکار؛ طعمه	prwa
connard	خار؛ خلیدن	konar
fierté	غرور	fuerte
orgueil	غرور	orgoeu
guindé	یاسم؛ نوار ابیض	gende
collet monté	یاسم؛ نوار ابیض	kole monte
primaire	اصلی؛ اولیه	primer
prioritaire	اصلی؛ اولیه	prioriter
de premier ordre	درجه یک	de- premuer ordr
primitif	اولیه؛ ابتدایی	primitif
primordial	اصل نخستین؛ عنصر نخستین	primordual
prince	شاهزاده؛ امیر	prens
princesse	شاهزاده‌خانم؛ شاهدخت	prenses
star	اصلی	star
principe	اصل؛ عنصر	prensip
empreinte	چاپ کردن	anprent
imprimer	چاپ کردن	enprime
imprimante	پرینتر	enprimant
imprimeur	پرینتر	enprimoer
prieur	قبلی	prioer
priorité	اولویت؛ تقدم	priorite
geôle	زندان	zhol
prisonnier	بندی؛ زندانی	prizonue
vie privée	پوشیدگی	vi prive
privilégié	ممتاز؛ مصون	privilezhue
les pours	جنبه مثبت	le- pur
les avantages	جنبه مثبت	le-z avantazh
probabilité	احتمال	probabilite
sûrement	احتمالا	surman
période d'essai	کار آموزی	peruod dese
liberté conditionnelle	کار آموزی	liberte kondisuonel
problème	مشکل	problem
problématique	گیج کننده	problematik
procédé	رویه؛ پردازه	prosede
procéder	ادامه دادن	prosede
compte-rendu	شرح مذاکرات	kontrandu
procedé	فرآیند	prosde
processeur	پرداز؛ پردازنده	prosesoer
microprocesseur	پرداز؛ پردازنده	mikroprosesoer
proclamer	جار؛ جار زدن	proklame
promulgation	جار؛ صلا	promulgasuon
procrastinateur	طفرهرو	prokrastinatoer
prodigue	پر تجمل	prodig
prodigieux	غیر عادی	prodizhueu
prodige	اعجوبه	prodizh
producteur	مولد	produktoer
production	تولید؛ ساخت	produksuon
productif	منبت؛ حاصلضرب	produktif
productive	منبت؛ حاصلضرب	produktiv
productivité	کارایی؛ فرآورش	produktivite
concéder	ابراز ایمان کردن	konsede
profession	پیشه؛ کسب	profesuon
professionnel	حرفه‌ای	profesuonel
professionnelle	حرفه‌ای	profesuonel
prof	استاد	prof
professeur	استاد	profesoer
compétent	حاذق	konpetan
profil	پروفایل	profil
gain	صرفه؛ دخل	gen
profitabilité	سودبخشی؛ سودمندی	profitabilite
profitable	سودمند؛ نافع	profitabl
profus	لبریز؛ سرشار	profu
profusion	سرشاری	profuzuon
progéniture	اخلاف	prozhenitur
prognostic	مال اندیشی	pronuostik
programmation	برنامه	programasuon
progression	تصاعد	progresuon
prohiber	ممنوع کردن	proibe
Prohibition	منع؛ نهی	proibisuon
projection	برآمدگی؛ پیشرفتگی	prozheksuon
prolétaire	رنجور؛ وابسته بکارگر	proleter
prolétarien	رنجور؛ وابسته بکارگر	proletaruen
proliférer	کثیر شدن؛ پربرکت شدن	prolifere
prolifération	تکثیر	proliferasuon
promenoir	گردش رفتن	promnwar
promener	گردش رفتن	promne
proéminent	برجسته	proeminan
saillant	برجسته	sauan
vœu	قول، قول دادن	voe
promesse	قول، قول دادن	promes
prometteur	امیدوارکننده	prometoer
faire la promotion de...	درجه دادن؛ تمشیت کردن	fer la- promosuon de-
promoteur	کارساز؛ مروج	promotoer
invite de commande	فوری، تحریک کردن	envit de- komand
illico	آنا؛ سریعا	iliko
couché sur le ventre	درازکش	kushe sur le- vantr
prononcer	تلفظ کردن	prononse
prononciation	تلفظ؛ ادای سخن	prononsuasuon
relire et corriger	غلط گیری کردن	relir e korizhe
caler	شمشعک	kale
propagande	تبلیغ؛ پروپاگاند	propagand
prophétie	نبوت؛ رسالت	profeti
devin	نبی؛ رسول	deven
prophète	نبی؛ رسول	profet
prophétique	پیغمبری؛ نبوی	profetik
symétrie	نسبت	simetri
proportionnel	نسبی؛ به نسبت	proporsuonel
proportionnellement	به تناسب	proporsuonelman
proposer	پیشنهادی	propoze
demander en mariage	پیشنهادی	demande an maruazh
suggestion	گزاره	sugzhestuon
proposition	گزاره	propozisuon
prosaique	نثری؛ کسل کننده	prozek
prose	منثور؛ نثر	proz
prospecter	چشم انداز؛ معدن کاوی کردن	prospekte
prospectif	موثر درآینده	prospektif
prospérité	عمران؛ رونق	prosperite
prospère	خوشبخت؛ سعید	prosper
florissant	خوشبخت؛ سعید	florisan
prostate	پروستات	prostat
prostration	سجود؛ سجده	prostrasuon
protéger	محافظت کردن	protezhe
hommage	حفظ؛ محافظه	omazh
protecteur	حفاضی؛ حفاظتی	protektoer
guardien	مدافع؛ محافظ	gwarduen
protectorat	کشور تحت الحمایه	protektora
protéine	پروتئین	protein
protestante	پروتستان	protestant
protestant	پروتستان	protestan
protocole	پروتکل؛ پیوند نامه	protokol
fier	غره؛ مفتخر	fuer
fièrement	مفتخرا؛ دامن کشان	fuerman
prouver	ثابت کردن؛ مسلم کردن	pruve
proverbe	ضرب المثل؛ گفتار حکیمانه	proverb
providence	عاقبتاندیشی؛ آینده نگری	providans
fournisseur	رزاق؛ تامین کننده	furnisoer
province	ایالت؛ استان	provens
provision	تهیه؛ توشه	provizuon
provisoire	موقت	provizwar
temporaire	موقت	tanporer
provocation	تهییج؛ برافروختگی	provokasuon
provocateur	برانگیزنده؛ عصبانی کننده	provokatoer
provocatrice	برانگیزنده؛ عصبانی کننده	provokatris
provoquer	تحریک کردن؛ خشمگین کردن	provoke
rôder	پرسه زدن	rode
proximité	نزدیکی؛ قرب	proksimite
bégueule	مصلحت؛ حزم	begoel
prude	مصلحت؛ حزم	prud
Prusse	پروس	prus
psaume	سرود روحانی	psom
peuh !	علامت تعجب	poe
psoriasis	داء الصدف	psoruazi
médium	روانی؛ پدیده روحی	meduom
psychologique	روانشناختی	psikolozhik
psychologue	روان شناس	psikolog
psychologie	روان شناسی؛ معرفه النفس	psikolozhi
bar	میخانه	bar
estaminet	میخانه	estamine
puberté	تکلیف؛ بلوغ	puberte
publication	منتشر؛ نشر	publikasuon
éditeur	ناشر	editoer
maison d'édition	ناشر	mezon dedisuon
chiffonner	درهم کشیدن؛ جمع شدگی	shifone
froisser	درهم کشیدن؛ جمع شدگی	frwase
boudin	فرنی	buden
pudding	فرنی	puding
bouffée	پک؛ باد کردن	bufe
boursouflé	باد دار؛ باد کرده	bursufle
enflé	باد دار؛ باد کرده	anfle
pulmonaire	ریوی	pulmoner
pulpe	مغز؛ مغز ساقه	pulp
à sensation	مغز؛ مغز ساقه	a sansasuon
chaire	منبر؛ سکوب خطابه	sher
pouls	نبض؛ فشار نبض	pu
pomper	تلمبه؛ پمپ	ponpe
poinçon	منگنه؛ مشت زدن	pwenson
pointeau	منگنه؛ مشت زدن	pwento
ponctué	مثل نقطه	ponktue
piqûre	پارگی؛ سوراخ کردن	pikur
perforation	پارگی؛ سوراخ کردن	perforasuon
punir	سیاست کردن؛ عذاب کردن	punir
châtier	سیاست کردن؛ عذاب کردن	shatue
punition	عذاب؛ کتک	punisuon
châtiment	عذاب؛ کتک	shatiman
punitif	کیفری؛ مجازاتی	punitif
vaurien	پانک	voruen
racaille	پانک	rakau
barque	لگدزدن	bark
chétif	ریغماسی؛ درجه پست	shetif
élève	مردمک؛ حدقه	elev
pupille	مردمک؛ حدقه	pupiu
marionnette	عروسک؛ لعبت	maruonet
chiot	توله؛ سگ بچه	shuo
achat	خرید؛ شراء	asha
acquisition	خرید؛ شراء	akizisuon
épuration	پاک سازی	epurasuon
purge	پاک سازی	purzh
purification	تصفیه؛ تطهیر	purifikasuon
puritain	پاک دین	puriten
violet	بنفش	vuole
pourpre	بنفش	purpr
avoir l'intention	مفهوم؛ مفاد	avwar lentansuon
intention	هدف	entansuon
bourse	کیف؛ غنچه کردن	burs
portemonnaie	کیف؛ غنچه کردن	portemone
poursuivre	عقب کردن؛ تعقیب کردن	pursuivr
purulent	چرکدار	purulan
purveyeur	سورساتچی	purveuoer
pus	چرک	pu
mettre	قرار دادن	metr
mastic	بتونه؛ زاماسکه	mastik
mastiquer	بتونه؛ زاماسکه	mastike
casse-tête	پازل، معما	kastet
jeu de patience	پازل، معما	zheu de- pasuans
pyramide	هرم	piramid
qualifier	واجد شرایط شدن	kalifue
se qualifier	واجد شرایط شدن	se- kalifue
qualité	کیفیت	kalite
de qualité	کیفیت	de- kalite
quantitatif	کمی	kwantitatif
pinte	کوارت	pent
pièce de vingt-cinq cents	یک چهارم	pues de- ventsenk san
quart	یک چهارم	kar
gay	غریب؛ غیر عادی	ge
queruleux	شکوه گر؛ زود رنج	kruleu
quête	طلب؛ جویش	ket
questionnaire	پرسشنامه	kestuoner
file	صف بستن	fil
rapidité	تندی؛ فرزی	rapidite
quiproquo	یک لیره	kiproko
paisablement	با آرامش	pezableman
tranquillement	با آرامش	trankilman
édredon	دواج	edredon
ouater	دواج	uate
Quincy	زهرباد	kwinsi
quinine	گنه گنه	kinin
tout à fait	کاملاً	tut a fe
carquois	ترکش؛ تیر دان	karkwa
quichottesque	خیالپرست	kishotesk
quota	سهمیه؛ بنیچه	kota
devis	نقل؛ مظنه	devi
cotation	نقل؛ مظنه	kotasuon
coter	نقل کردن	kote
rabbin	خاخام؛ عالم یهودی	raben
lapin	خرگوش	lapen
enragé	هار	anrazhe
racial	نژادی	rasual
racisme	نژادپرستی	rasism
raciste	نژادپرست	rasist
étagère	طاقچه	etazher
carré	طاقچه	kare
raconteur	داستانسرا	rakontoer
radiale	شعاعی؛ زندی	radual
rayonnant	ساطع؛ تابان	reuonan
rayonner	تابیدن؛ درخشیدن	reuone
irradier	تابیدن؛ درخشیدن	iradue
radiation	تابش	raduasuon
super	ریشهای؛ رادیکال	super
génial	ریشهای؛ رادیکال	zhenual
radio	رادیو	raduo
radiodiffusion	رادیو	raduodifuzuon
radium	رادیوم؛ شب چراغ	raduom
radius	شعاع؛ زند اعلی	raduus
loque	کهنه؛ جل	lok
furie	شدت داشتن؛ میل مفرط	furi
déguenillé	مرقع	degniue
en lambeaux	مرقع	an lanbo
razzia	یورش کردن؛ یورش آوردن	razzua
rails	ریل	rau
râle	ریل	ral
chemin de fer	راه آهن؛ خط آهن	shemen de- fer
réseau ferroviaire	راه آهن؛ خط آهن	rezo ferovuer
voie ferrée	راه‌آهن	vwa fere
pluie	باران، باریدن	plui
royer	باران، باریدن	rwaue
arc-en-ciel	رنگین کمان	arkansuel
iridescent	رنگین کمان	iridesan
précipitations	بارندگی	presipitasuon
pluvieux	بارانی؛ بارونی	pluvueu
roué	شن کش	rue
râteau	شن کش	rato
éperonner	غوچ؛ سنبه زدن	eprone
mémoire RAM	غوچ؛ سنبه زدن	memwar eraem
bifurquer	منشعب کردن؛ شاخه دادن	bifurke
baguette de fusil	سنبه	baget de- fuzi
rigide	سنبه	rizhid
ranch	دامداری کردن	ranch
aléatoire	تصادفی	aleatwar
au hasard	تصادفی	o azar
terrain	رسائی؛ برد	teren
champ champ de tir	رسائی؛ برد	shan shan de- tir
garde forestier	جنگل بان؛ هنگ سوار	gard forestue
rangée	پایه؛ مرتبه	ranzhe
malodorant	پایه؛ مرتبه	malodoran
saccager	زیاد کاوش کردن	sakazhe
fouiller	زیاد کاوش کردن	fuue
rançon	فدیهدادن؛ فدیه	ranson
rançonner	فدیهدادن؛ فدیه	ransone
rapace	حریص؛ درندهخو	rapas
viol	تجاوز بناموس کردن	vuol
pirater	تجاوز بناموس کردن	pirate
rapide	سریع؛ تندرو	rapid
rapides	سریع؛ تندرو	rapid
célérité	تندی؛ تیزی	selerite
rapière	سخمه	rapuer
ravissement	حالت؛ وجد	ravisman
saignant	طرفه؛ نادر	senuan
peu commun	طرفه؛ نادر	peu komun
rarement	کمتر؛ نادراً	rarman
rareté	ندرت؛ کمیابی	rarte
crapule	رذل؛ پدرسوخته	krapul
canaille	رذل؛ پدرسوخته	kanau
rat gris	موش بزرگ	ra gri
taux	نرخ	to
proportion	نرخ	proporsuon
plutôt	نسبتاً	pluto
ratifier	بتصویب رساندن؛ به تصویب رساندن	ratifue
rapport	تناسب	rapor
ratio	تناسب	rasuo
rationner	جیره؛ جیره کردن	rasuone
rationnel	معقول؛ عقلی	rasuonel
rationnelle	معقول؛ عقلی	rasuonel
rationnellement	منطقا	rasuonelman
hochet	خسخس؛ خسخس کردن	oshe
s'entrechoquer	خسخس؛ خسخس کردن	santreshoke
réagir	واکنش نشان دادن	reazhir
réaction chimique	معرفی؛ انعکاس	reaksuon shimik
réaction	معرفی؛ انعکاس	reaksuon
réactionnaire	ارتجاعی؛ مرتجع	reaksuoner
réactif	رآکتور؛ عامل واکنش	reaktif
réacteur	رآکتور؛ عامل واکنش	reaktoer
lire	خواندن	lir
déchiffrable	خواندنی؛ قابل خواندن	deshifrabl
lecteur	خواننده	lektoer
lectrice	خواننده	lektris
lecture	خواندن (فعل)	lektur
Reading	خواندن (فعل)	riding
vrai	واقعی	vre
vraie	واقعی	vre
réalisme	رآلیسم؛ واقع بینی	realism
réaliste	واقع بین	realist
réalité	معنی؛ حقیقت	realite
se rendre compte	درک کردن	se- randr kont
vraiment ?	واقعاًً	vreman
faucher	درویدن	foshe
récolteur	درو گر؛ ماشین درو	rekoltoer
arrière	پشت؛ عقبی	aruer
arrière-garde	پشت؛ عقبی	aruergard
réarranger	بازچیدن	rearanzhe
réorganiser	بازچیدن	reorganize
réarrangement	باز چینی	rearanzhman
correct	معقول؛ حسابی	korekt
raisonnablement	منطقی	rezonableman
raisonnement	استدلال؛ تعقل	rezonman
tranquilliser	دوباره اطمینان دادن	trankilize
rebelle	یاغی؛ عاصی	rebel
se rebeller	یاغی؛ عاصی	se- rebele
rébellion	شورش؛ عناد	rebeluon
rétif	عاصی؛ شورشی	retif
renaissance	باز زاد؛ تولد مجدد	renesans
rétablissement	اعاده؛ پس زدن	retablisman
rebond	اعاده؛ پس زدن	rebon
reconstruire	بازسازی کردن	rekonstruir
récalcitrant	ناتو	rekalsitran
rappeler	یاد آوردن؛ فرا خواندن	raple
se rappeler	یاد آوردن؛ فرا خواندن	se- raple
refondre	ازنو ریختن	refondr
reformuler	ازنو ریختن	reformule
se retirer	دور شدن؛ پس رفتن	se- retire
réception	دریافت؛ رسید	resepsuon
récepteur	گیرنده	reseptoer
destinataire	گیرنده	destinater
récent	اخیر	resan
accueil	پذیرش	akoeu
réceptif	شنوا	reseptif
récré	فترت؛ طاقچه ساختن	rekre
récession	رکود	resesuon
receveur	دریافت کننده؛ وصول کننده	resevoer
receveuse	دریافت کننده؛ وصول کننده	reseveuz
réciproque	معکوس	resiprok
réciprocité	مقابله؛ عمل متقابل	resiprosite
récitation	رسیتال	resitasuon
réciter	انشاد کردن؛ از برخواندن	resite
apprivoiser	استرداد کردن؛ استرداد نمودن	aprivwaze
domestiquer	استرداد کردن؛ استرداد نمودن	domestike
reclamation	استرداد؛ احیا اراضی	reklamasuon
recul	فنری بودن	rekul
se souvenir	دوباره جمع کردن	se- suvnir
adviser	توصیه کردن	advize
recommandation	نظریه؛ توصیه	rekomandasuon
réconcilier	آشتی کردن؛ صلح دادن	rekonsilue
réconciliation	آشتی	rekonsiluasuon
reconsidérer	تجدید نظر؛ تجدید نظر کردن	rekonsidere
enregistrer	ضبط کردن، رکورد	anrzhistre
flûte à bec	وقایع نویس	flut a bek
enregistreur	وقایع نویس	anrzhistroer
recours	توسل	rekur
récupérer	خوب شدن؛ باز یافتن	rekupere
recouvrer	خوب شدن؛ باز یافتن	rekuvre
recouvrement	بهبودی، بازیابی	rekuvreman
récupération	بهبودی، بازیابی	rekuperasuon
récréation	تفریح؛ نزهت	rekreasuon
récréationnel	تفریحی	rekreasuonel
enrôler	استخدام کردن	anrole
recrutement	استخدام	rekrutman
rectangulaire	مستطیلی؛ راست گوشه	rektanguler
rigueur	راست گری؛ صحت عمل	rigoer
droiture	راست گری؛ صحت عمل	drwatur
recteur	کشیش بخش	rektoer
rectum	روده راست	rektom
se rétablir	نیروی تازه یافتن	se- retablir
recuperatif	اعاده دهنده؛ بهبودی بخش	rekupratif
resurvenir	تکرار شدن	rezurvenir
revenir	تکرار شدن	revnir
récurrence	تکرار؛ باز رخدادن	rekurans
récurrent	برگردنده؛ عود کننده	rekuran
recycler	بازیافت کردن	resikle
réutiliser	بازیافت کردن	reutilize
rouge	قرمز	ruzh
roux	قرمز	ru
rougeâtre	مایل بقرمز	ruzhatr
racheter	فدیهدادن	rashte
rédemption	رهیی؛ باز خرید	redanpsuon
inflammation	سرخی؛ حمره	enflamasuon
simplification	کاهش؛ تنزل	senplifikasuon
redondance	افزونگی؛ حشو	redondans
chômage économique	افزونگی؛ حشو	shomazh ekonomik
redondant	حشوی؛ رمزافزونه	redondan
filon	جزیره نما؛ مرض جرب	filon
récif	جزیره نما؛ مرض جرب	resif
réélection	تجدید انتخاب	reeleksuon
référer	ارجاع دادن	refere
renvoyer	ارجاع دادن	ranvwaue
référendum	رفراندوم؛ رفراندم	referandom
réapprovisionner	دوباره پر کردن	reaprovizuone
affiner	پالودن؛ تصفیه کردن	afine
raffiner	پالودن؛ تصفیه کردن	rafine
châtié	مهذب؛ مصفا	shatue
affiné	مهذب؛ مصفا	afine
raffinement	تصفیه	rafinman
refléter	اندیشیدن؛ بازتابیدن	reflete
réflexion	انعکاس؛ بازتاب	refleksuon
réflexe	ارتجاع؛ عکسالعمل	refleks
réforme	اصلاح؛ بهسازی	reform
réformer	اصلاح؛ بهسازی	reforme
réfractaire	گردن کش؛ دیر گداز	refrakter
se retenir	روگردان بودن؛ خود داری کردن	se- retnir
rafraîchir	حال آمدن؛ تجدید نیرو کردن	rafreshir
rafraîchissant	گوارا؛ مفرح	rafreshisan
rafraîchissement	نیرو بخشی	rafreshisman
réfrigération	تبرید؛ سرد سازی	refrizherasuon
réfugié	پناهنده	refuzhue
remboursement	مسترد شدن؛ مسترد داشتن	ranburseman
rembourser	مسترد شدن؛ مسترد داشتن	ranburse
refus	رد؛ امتناع	refu
refuser	رد کردن	refuze
déchets	رد کردن	deshe
falsification	تکذیب	falsifikasuon
reconquérir	باز یافتن؛ دوباره پیدا کردن	rekonkerir
malgré cela	صرفنظر از	malgre sela
malgré tout	صرفنظر از	malgre tu
regeneration	ترمیم؛ تولید مجدد	rezhenrasuon
régiment	هنگ	rezhiman
régional	منطقهای؛ اقلیمی	rezhuonal
registraire	ثبت کننده؛ مدیر دروس	rezhistrer
regretter	تاسف؛ اسف	regrete
regret	تاسف؛ اسف	regre
à regret	معاللتسلف؛ مع التاسف	a regre
regrettable	قابل تاسف؛ تاسف آور	regretabl
régulier	منظم	regulue
habitué	منظم	abitue
ordinairement	منظما	ordinerman
règlement	تنظیم؛ مقرره	regleman
réglementation	تنظیم؛ مقرره	reglemantasuon
régulateur	تنظیمی	regulatoer
réhabilitation	توانبخشی؛ نوتوانی	reabilitasuon
répétition	تمرین؛ تمرین نمایش	repetisuon
rêne	عنان؛ لجام	ren
renforcer	تقویت کردن	ranforse
renfort	تقویت؛ تجدید قوا	ranfor
restaurer	دوباره برقرار کردن؛ دوباره بکار انداختن	restore
rejet	رد؛ امتناع	rezhe
se réjouir	شادی کردن؛ خوشی کردن	se- rezhuir
réjouir	شادی کردن؛ خوشی کردن	rezhuir
répliquer	پاسخ دفاعی دادن	replike
rechute	عود؛ نکس	reshut
concerner	منسوب کردن؛ روایت کردن	konserne
parent	رابطه؛ نسبت	paran
parente	رابطه؛ نسبت	parant
relatif	منسوب؛ نسبی	relatif
relative	منسوب؛ نسبی	relativ
se détendre	استراحت کردن	se- detandr
détendre	استراحت کردن	detandr
détente	استراحت؛ وارفتگی	detant
relaxation	استراحت؛ وارفتگی	relaksasuon
transmettre	روله؛ رله	transmetr
relayer	روله؛ رله	releue
version	آزادی؛ انتشار	versuon
s'adoucir	نرم شدن؛ رحم بدل آوردن	sadusir
implacable	بی امان؛ بی مروت	enplakabl
pertinence	ربط	pertinans
pertinent	مربوط؛ متناسب	pertinan
fiabilité	اعتبار	fuabilite
fiable	حسابی؛ معتبر	fuabl
compter sur	اعتماد؛ تکیه	konte sur
relique	آثار مقدس	relik
soulager	تسکین دادن	sulazhe
religion	دین؛ کیش	relizhuon
religieux	مذهبی؛ شرعی	relizhueu
lâcher	چشم پوشی؛ چشم پوشی شدن	lashe
réticence	اکراه؛ رغم	retisans
réservé	بیرغبت؛ بیمیل	rezerve
à contrecœur	بالاکراه	a kontrekoer
rester	باقی ماندن	reste
demeurer	باقی ماندن	demeure
reste	مانده؛ مابقی	rest
résidu	مانده؛ مابقی	rezidu
remarquablement	به طور قابل توجهی	remarkableman
remariage	ازدواج مجدد؛ تجدید فراش	remaruazh
se remarier	تجدید فراش کردن	se- remarue
remembrance	یادبود؛ یادگار	remanbrans
rappeler à	متوجه کردن؛ یادآوری کردن	raple aaksangrav
rappel	تذکر؛ یادآور	rapel
réminiscence	خاطره؛ یاد بود	reminisans
virement	بهبودی بیماری	virman
remords	افسوس؛ پشیمانی	remor
componction	افسوس؛ پشیمانی	konponksuon
amovible	بردنی؛ برداشتنی	amovibl
déménagement	عزل؛ فک	demenazhman
Renaissance	رنسانس	renesans
rendre	تسلیم داشتن	randr
rendez-vous d'amour	میعاد؛ وعدهگاه	randevu damur
renégat	یاغی	renega
renouveler	تازه کردن؛ نو کردن	renuvle
renouvellement	تجدید؛ بازنوکنی	renuvelman
rénovation	تجدید؛ نوسازی	renovasuon
renom	نامآوری	renon
loyer	اجاره؛ کرایه	lwaue
locataire	اجاره دهنده؛ اجاره نشین	lokater
reps	زن هرزه؛ مرد هرزه	rep
à maintes reprises	مجددا؛ علیالتوالی	a ment repriz
rebuter	دفع کردن	rebute
repousser	دفع کردن	repuse
répulsif	دافع؛ دافعه	repulsif
se repentir	توبه کردن؛ اصلاح شدن	se- repantir
repentir	توبه کردن؛ اصلاح شدن	repantir
repentance	توبه	repantans
remplacer	جایگزین کردن	ranplase
substitut	تعویض؛ جابجائی	substitu
remplaçant	تعویض؛ جابجائی	ranplasan
signaler	گزارش دادن؛ گزارش، گزارش دادن	sinuale
rapporteur	خبرنگار	raportoer
sérénité	دراز کشیدن	serenite
blâmable	ناستوده؛ سرزنش کردنی	blamabl
répression	سرکوبی	represuon
semonce	توبیخ؛ توبیخ کردن	semons
réprimande	توبیخ؛ توبیخ کردن	reprimand
représailles	جبران	reprezau
opprobre	توبیخ؛ ملامت	oprobr
reproche	توبیخ؛ ملامت	reprosh
reproduire	تکثیر کردن؛ تناسل کردن	reproduir
réplique	تکثیر؛ تناسل	replik
copie exacte	تکثیر؛ تناسل	kopi egzakt
reproductif	تناسلی	reproduktif
reproducteur	تناسلی	reproduktoer
reptile	خزنده	reptil
république	جمهوری	republik
républicain	جمهوری‌خواه	republiken
républicaine	جمهوری‌خواه	republiken
répudiation	ردی	repuduasuon
hideux	زننده؛ متنفر کننده	ideu
décent	نیکنام؛ خوشنام	desan
renommée	عرض؛ شهرت	renome
réputation	عرض؛ شهرت	reputasuon
exiger	طلبیدن؛ مستلزمبودن	egzizhe
condition nécessaire	لازمه؛ شرط لازم	kondisuon neseser
rescousse	دریافتن؛ رهانیدن	reskus
recherche	پژوهش، پژوهش کردن	reshersh
chercheur	پژوهشگر	shershoer
ressemblance	شباهت؛ تشابه	resanblans
ressembler à	شبیه شدن؛ مانند بودن	resanble aaksangrav
s'indigner	اظهار رنجش کردن	sendinue
exprimer son mécontentement	اظهار رنجش کردن	eksprime son mekontantman
agacement	غیض	agasman
réserves	ذخیره؛ محفوظ کردن	rezerv
réservoir	مخزن؛ آب انبار	rezervwar
résidence	اقامت؛ مسکن	rezidans
résidentiel	محلی؛ مسکونی	rezidansuel
se résigner	استعفا دادن	se- rezinue
se faire une raison	استعفا دادن	se- fer un rezon
démission	کنارهگیری؛ استعفا	demisuon
résignation	کنارهگیری؛ استعفا	rezinuasuon
aufef	رزین؛ راتیانج	ofef
résine	رزین؛ راتیانج	rezin
résister	مقاومت کردن؛ ایستادگی کردن	reziste
impédance	مقاومت؛ استقامت	enpedans
mouvement clandestin	مقاومت؛ استقامت	muvman klandesten
résistant	مقاوم	rezistan
résolu	مصمم؛ باعزم	rezolu
détermination	قطعنامه، وضوح	determinasuon
résoudre	تحلیل کردن؛ اراده کردن	rezudr
se résoudre	تحلیل کردن؛ اراده کردن	se- rezudr
résonance	پرطنینی؛ ایجاد طنین	rezonans
résonnat	پرطنین؛ طنین دار	rezona
évocateur	پرطنین؛ طنین دار	evokatoer
ressource	ذخایر	resurs
respectabilité	نیکنامی	respektabilite
respectueux	حرمتی؛ احترامی	respektueu
respectif	مربوطه	respektif
respectivement	بترتیب؛ به ترتیب	respektivman
respiratoire	تنفسی	respiratwar
répit	مهلت؛ فرجه دادن	repi
redéclarer	بیان مجدد	redeklare
réaffirmer	بیان مجدد	reafirme
resto	رستوران	resto
restaurant	رستوران	restoran
restauration	تجدید؛ بازسازی	restorasuon
restriction	محدودیت	restriksuon
resumption	ادامه؛ باز یافت	rezunpsuon
résurrection	حشر؛ رستاخیز	rezureksuon
vente au détail	خرده فروشی	vant o detau
vendre au détail	خرده فروشی	vandr o detau
revendeur	خرده فروش	revandoer
riposter	تلافی کردن؛ تقاص کردن	riposte
retardé	عقبانداختن؛ کند ساختن	retarde
rétention	حبس	retansuon
hésitant	کم گو؛ کم حرف	ezitan
cornue	تلافی؛ جواب متقابل	kornu
riposte	تلافی؛ جواب متقابل	ripost
rétracter	در کشیدن؛ نکول کردن	retrakte
retraction	نکول؛ استغفار	retraksuon
se replier	عقب زدن؛ عقب نشینی	se- replie
vendetta	سزا	vandeta
relancer	بازگشت، بازگشتن	relanse
réunification	باز پیوست؛ بهم پیوستگی	reunifikasuon
réunir de nouveau	دوباره متحد کردن؛ دوباره یکی شدن	reunir de- nuvo
monter le régime de	تند گشتن	monte le- rezhim de-
Apocalypse	الهام؛ مکاشفه	apokalips
réjouissances	عیاشی	rezhuisans
fête bruyante	عیاشی	fet bruiuant
vengeance	انتقام؛ خونخواهی	vanzhans
résonner	ولوله انداختن	rezone
echo	طنین	eko
répercussion	طنین	reperkusuon
révérence	حرمت؛ تکریم	reverans
révérencieux	حرمتی؛ احترامی	reveransueu
rêverie	خیال خام؛ خیال واهی	revri
inverser	معکوس؛ ظهر	enverse
retourner	عود کردن؛ رجوع کردن	returne
révision	مرور، مرور کردن	revizuon
revoir	تجدید نظر کردن	revwar
réviser	تجدید نظر کردن	revize
hjjejhd	احیا؛ تجدد	zhzhezhd
révolter	طغیان؛ اغتشاش	revolte
se révolter	طغیان؛ اغتشاش	se- revolte
révolutionnaire	انقلابی؛ آشوبگر	revolusuoner
porte tambour	رولور؛ ششلول	port tanbur
revolver	رولور؛ ششلول	revolver
revulsion	ردع؛ تصریف	revulsuon
récompenser	مژده؛ تلافی	rekonpanse
rhétorique	لفاظی؛ خطابت	retorik
rhumatismal	روماتیسمی	rumatismal
strophe	پساوند؛ قافیه ساختن	strof
côtelette	دنده؛ مرز گذاشتن	kotlet
ruban	نوار؛ روبان	ruban
riz	برنج	ri
arroz	برنج	aroz
riche	ثروتمند	rish
richesse	خرپولی	rishes
débarrasser	خلاص کردن؛ رهانیدن از	debarase
devinette	لغز؛ معما	devinet
rouler	سواری؛ سواری، سوار شدن	rule
dorsale	خرپشته؛ مرز بندی کردن	dorsal
ridicule	مسخره	ridikul
droite	درست، سمت راست	drwat
righteeux	عادلانه؛ صالح	rautuʌ
légitime	حقه؛ حقدار	lezhitim
jante	کمانه؛ زهوار	bor zhant / ru
roue	کمانه؛ زهوار	bor zhant / ru
anneau	حلقه؛ زنگ زدن	ano
piste	حلقه؛ زنگ زدن	pist
meneur	سر دسته؛ سر حلقه	menoer
chef de bande	سر دسته؛ سر حلقه	shef de- band
rinçage	مظمظه؛ غر غره	rensazh
rincer	مظمظه؛ غر غره	rense
émeute	آشوب؛ شورش	emeut
ripper	درانیدن؛ چاک دادن	ripe
REP	درانیدن؛ چاک دادن	rep
montée	بالا رفتن	monte
élévateur	برخیزنده؛ بلند شونده	elevatoer
gaine	برخیزنده؛ بلند شونده	gen
risqué	پرخطر	riske
rit	فرمان اساسی	ri
rite	فرمان اساسی	rit
rituel	آداب نماز	rituel
rivalité	رقابت؛ همچشمی	rivalite
torrent	رودخانه	toran
fleuve	رودخانه	fleuv
riveter	پرچه؛ پرچ کردن	rivte
rivet	پرچه؛ پرچ کردن	rive
route	جاده	rut
bord de la route	کنار جاده	bor de- la- rut
rouan	تیماج؛ زرپور	ruan
rugissement	غرش؛ غریو	ruzhisman
rugir	غرش؛ غریو	ruzhir
bien-cuit	برشتن؛ سرخ کردن	buenkui
rôti	برشتن؛ سرخ کردن	roti
cambrioler	سرقت کردن	kanbriole
brigand	چپاولگر؛ غارتگر	brigan
braquage	سرقت	brakazh
banditisme	سرقت	banditism
toge	خرقه؛ حله	tozh
robuste	هیکل دار؛ قوی هیکل	robust
secousse	راک (موسیقی)؛ صخره	sekus
sucre d'orge	راک (موسیقی)؛ صخره	sukr dorzh
roquette	موشک	roket
fusée	موشک	fuze
rocheux	سنگی؛ صخرهای	rosheu
verge	میله؛ میل	verzh
sans scrupules	رند	san skrupul
incontrôlable	رند	enkontrolabl
rouleau	گردیدن؛ غلت	rulo
roulis	گردیدن؛ غلت	ruli
rollier	نورد؛ منگنه	rolue
romain	رومی	romen
Romain	رومی	romen
idylle	عاشقانه	idil
amour romantique	عاشقانه	amur romantik
romantique	خیالپرست؛ غیر ممکن	romantik
Rome	رم؛ روم	rom
toit	سقف	twa
freux	رخ؛ شاهرخ	freu
espace	اتاق	espas
racine	ریشه؛ سنخ	rasin
radical	ریشه؛ سنخ	radikal
cordage	بند؛ طناب	kordazh
rosaire	تسبیح	rozer
rosacée	گل رز	rozase
rosacées	گل رز	rozase
rosé	گلرنگ؛ گل پاشیده	roze
pourrir	پوسیدن؛ گندیدن	purir
permuter	چرخان؛ دوران کردن	permute
rotation	گشتن؛ چرخه	rotasuon
pourri	فاسد؛ ضایع	puri
rudement	تقریباً	rudman
approximativement	تقریباً	aproksimativman
ronde	گرد، دور	rond
éveiller	رماندن	eveue
raout	هزیمت؛ تار و مار کردن	rau
de routine	روتین	de- rutin
rang	ردیف؛ رده	ran
royaliste	شاه پرست؛ طرفدار سلطنت	rwaualist
redevance	حقالامتیاز؛ حق امتیاز	redevans
friction	مالیدن؛ ساییدن	friksuon
frotter	مالیدن؛ ساییدن	frote
caoutchouc	لاستیک؛ لاستیکی	kauchu
capote	لاستیک؛ لاستیکی	kapot
rouble	منات	rubl
malpoli	گستاخ	malpoli
impolitesse	بدزبانی؛ گستاخی	enpolites
rue odorante	سداب	ru odorant
herbe de grâce	سداب	erb de- gras
ébouriffer	ناصاف کردن	eburife
falbala	ناصاف کردن	falbala
ruine	خراب کردن، خرابی	ruin
ruiner	خراب کردن، خرابی	ruine
règle	قانون	regl
arrêt	حاکم؛ حکمفرما	are
rhum	عرق نیشکر	rom
courir	دویدن	kurir
fugitif	دررفته؛ فراری	fuzhitif
coulisse	دونده	kulis
glissière	دونده	glisuer
déchirer	ترکیدن	deshire
rural	رعیتی	rural
jonc	تازیدن؛ هجوم کردن	zhon
Russie	روسیه	rusi
ruthénien	روسی؛ زبان روسی	rutenuen
russe	روسی؛ زبان روسی	rus
rouille	زنگ؛ زنگار	ruu
oxyder	زنگ؛ زنگار	okside
froufrou	خشخش؛ خش خش کردن	frufru
bruissement	خشخش؛ خش خش کردن	bruisman
rouillé	زنگ زده	ruue
rouillée	زنگ زده	ruue
ornière	گشن؛ خط انداختن	ornuer
voie de garage	گشن؛ خط انداختن	vwa de- garazh
tenacement	ظالمانه؛ بیرحمانه	tenasman
cruellement	ظالمانه؛ بیرحمانه	kruelman
seigle	چاودار	segl
sabre	باشمشیر زدن	sabr
martre	سمور	martr
zibeline	سمور	ziblin
sacrifice	قربانی؛ فداکاری	sakrifis
sacrifier	قربانی؛ فداکاری	sakrifue
triste	غمگین	trist
sellette	زین؛ غاشیه	selet
selle	زین؛ غاشیه	sel
malheureusement	با ناراحتی	maleureuzman
tristesse	افسردگی؛ پژمانی	tristes
sûreté	اطمینان؛ امان	surte
sécurité	اطمینان؛ امان	sekurite
safran	زعفران؛ سورنجان	safran
sauge	عقلا	sozh
sage	عقلا	sazh
sagittal	پیکانی	sazhital
voguer	دریانوردی کردن	voge
navigation la voile	دریانوردی	navigasuon la- vwal
matelot	ناوی؛ دریانورد	matlo
sainte	مقدس شمردن	sent
saké	خاطر	sake
salade	سالاد	salad
salaire	حقوق	saler
vente	فروش	vant
vendeur	فروشنده	vandoer
solution physiologique	نمک دار؛ درجه شوری	solusuon fizuolozhik
sérum physiologique	نمک دار؛ درجه شوری	serom fizuolozhik
salive	تف؛ بزاق	saliv
saumon	ماهی آزاد	somon
salon de beauté	آرایشگاه	salon de- bote
salon de coiffure	آرایشگاه	salon de- kwafur
sel	نمک	sel
loup de mer	نمک	lu de- mer
salutaire	درودی؛ سلامت بخش	saluter
faire un salut	سرلام کردن؛ سلام دادن	fer un salu
Sam	سام	sam
sanction	ضمانت اجراء	sanksuon
sanctionner	ضمانت اجراء	sanksuone
sanctité	علو مقام	sanktite
sanctuaire	بست؛ تحصن	sanktuer
ton sable	شن؛ ریگ	ton sabl
grès	سنگ سیاه؛ ماسه سنگ	gre
sannouiche	ساندویچ	sanuish
sandwich	ساندویچ	sandwich
sanguine	دموی	sangin
sanitaire	بهداشتی؛ صحی	saniter
Saint Nicolas	پاپانول	sen nikola
Père Noël	پاپانول	per noel
miner	شیره؛ شیره گیاهی	mine
sarcasme	کنایه؛ متلک	sarkasm
sarcastique	گوشه؛ نیشدار	sarkastik
sarcastiquement	کنایه آمیز	sarkastikman
sarcome	سارکوم؛ تومور بدخیم	sarkom
sardonique	کنایه آمیز	sardonik
écharpe	ارسی	esharp
large ceinture à noeud	ارسی	larzh sentur a neu
rassasier	فرو نشاندن	rasazue
satellite	قمر؛ ماهواره	satelit
satin	اطلس؛ ساتین	saten
satirique	هزلی	satirik
satiriste	طنز نویس	satirist
satisfaction	رضایت	satisfaksuon
satisfaisant	مرضی؛ رضایت بخش	satisfezan
saturé	سیراب؛ سیر شده	sature
samedi	شنبه	samdi
sauce	سس	sos
casserole	ماهی تابه؛ روغن داغ کن	kasrol
soucoupe	نعلبکی؛ بشقاب کوچک	sukup
sous-tasse	نعلبکی؛ بشقاب کوچک	sutas
saucisson	کالباس؛ سوسیس	sosison
saucisse	کالباس؛ سوسیس	sosis
savants	عقلا	savan
épargner	ذخیره کردن، نجات دادن	eparnue
économiser	ذخیره کردن، نجات دادن	ekonomize
sauveur	ناجی؛ منجی	sovoer
salé	با مزه؛ مورد پسند	sale
sciure	خاک اره	suur
saxon	ساکسون	sakson
dire	گفتن	dir
fourreau	نیام؛ غلاف شمشیر	furo
échafaud	داربست؛ چوب بست	eshafo
échafaudage	داربست؛ چوب بست	eshafodazh
ébouillanter	آب پز کردن	ebuuante
écaille	وزنه؛ مقیاس	ekau
cuir chevelu	فرق سر	kuir shevlu
scalper	فرق سر	skalpe
scanner	ور انداز کردن؛ اجمالا مرور کردن	skane
numériser	ور انداز کردن؛ اجمالا مرور کردن	numerize
scandale	رسوایی	skandal
esclandre	رسوایی	esklandr
rare	کم دادن؛ بخیلانه دادن	rar
omoplate	استخوان پهن	omoplat
balafre	اثر زخم داشتن	balafr
cicatrice	اثر زخم داشتن	sikatris
cache-nez	شال؛ روسری	kashne
écarlate	شله؛ سرخ شدگی	ekarlat
terrifiant	ترسناک	terifuan
scénario	سناریو	senaruo
scène de ménage	صحنه	sen de- menazh
décor naturel	صحنه سازی	dekor naturel
horaire	برنامه، برنامه‌ریزی کردن	orer
schéma	نقشه طرح کردن	shema
combine	نقشه طرح کردن	konbin
schisme	اختلاف وتفرقهدرکلیسا	shism
savant	محقق	savan
érudition	بورسیه	erudisuon
école	مدرسه	ekol
écolier	پسر مدرسه؛ پسر مدرسه ای	ekolue
maître d'école	مکتب دار؛ ناظم مدرسه	metr dekol
instituteur	مکتب دار؛ ناظم مدرسه	enstitutoer
goélette	گاری سفری	goelet
habileté	علم	abilte
scientifique	علمی	suantifik
savante	دانشمند	savant
ciseaux	مقراض؛ قطع کننده	sizo
tancer	عتاب؛ بدحرفی کردن	tanse
pelle	چمچه؛ کج بیل	pel
nombre de points	امتیاز، امتیاز گرفتن	nonbr de- pwen
whisky pur malt	مردد بودن؛ ویسکی اسکاتلندی	wiski pur malt
Écosse	اسکاتلند	ekos
gredin	ارقه	greden
fouet	وسیله تنبیه؛ غضب خداوند	fue
éclaireur	پیشاهنگ؛ پیشاهنگی کردن	ekleroer
barge	قایق تفریحی؛ وته پهن	barzh
ferraille	قراضه	ferau
gratter	ستردن؛ ساییدن	grate
griffonnage	گشاد نشستن	grifonazh
gribouillage	گشاد نشستن	gribuuazh
crier	داد؛ جیغ	krie
écran	صفحه نمایش	ekran
paravent	صفحه نمایش	parav
visser	پیچ؛ پیچ کردن	vise
vis	پیچ؛ پیچ کردن	vi
griffonner	بد نوشتن	grifone
gribouiller	بد نوشتن	gribuue
écriture	متن سند؛ متن نمایشنامه	ekritur
crosser	مالیدن؛ تیغستان	krose
scrupule	وسواس؛ نهی اخلاقی	skrupul
scruter	مدقق؛ تدقیق	skrute
examen minutieux	مداقه؛ بررسی دقیق	egzamen minusueu
binette	کشمکش کردن	binet
sculpteur	حجار؛ صورتگر	skultoer
Sculpteur	حجار؛ صورتگر	skultoer
sculpture	مجسمهسازی	skultur
détaler	مسابقه کوتاه	detale
se sauver	مسابقه کوتاه	se- sove
saborder	ذغالدان؛ گام تند	saborde
scythe	سیت	saudh
mer	دریا	mer
sceau	سیل؛ پلمب	so
joint	سیل؛ پلمب	zhwen
couture	درزگیری کردن؛ درز گرفتن	kutur
chercher	جستجو، جستجو کردن	shershe
saison	فصل	sezon
temps	فصل	tan
saisonnier	موسمی؛ فصلی	sezonue
assise	صندلی	asiz
siège	صندلی	suezh
faire sécession	منتزع شدن	fer sesesuon
sécessionniste	جدارو	sesesuonist
deux	ثانیه؛ دوم؛ دوم، ثانیه	deu
deuxième	ثانیه؛ دوم؛ دوم، ثانیه	deuzuem
secondaire	ثانویه؛ فرعی	segonder
deuxièmement	ثانیاً	deuzuemman
secrétaire	منشی	sekreter
messager serpentaire	منشی	mesazhe serpanter
excréter	ترشح کردن	ekskrete
sécrèter	ترشح کردن	sekrete
mettre au secret	ترشح	metr o sekre
sécrétion	ترشح	sekresuon
secrètement	سرا؛ دزدکی	sekretman
séculaire	غیر روحانی	sekuler
profane	غیر روحانی	profan
berline	تخت روان	berlin
conduite intérieure	تخت روان	konduit enteruoer
sédentaire	نشسته؛ غیر متحرک	sedanter
révolte	فتنه؛ فتنه پراکنی	revolt
sédition	فتنه؛ فتنه پراکنی	sedisuon
séditieux	فتنهجو؛ مفسد	sedisueu
séditieuse	فتنهجو؛ مفسد	sedisueuz
séduire	مفتون	seduir
seductif	فریبا؛ گمراه کننده	seduktif
semence	دان؛ دانه	semans
louche	تخمی؛ پرتخم	lush
glauque	تخمی؛ پرتخم	glok
paraître	به نظر رسیدن	paretr
apparente	ظاهر نما	aparant
segment	قسمت؛ حلقه	segman
segmenter	قسمت؛ حلقه	segmante
seiner	تور؛ سن	sene
seine	تور؛ سن	sen
saisie	ضبط؛ تصرف	sezi
sélectionner	پسندیدن؛ نشان کردن	seleksuone
sélectif	بهگزین؛ گزینشی	selektif
égoïste	خودخواهانه؛ خود پرست	egoist
égoïsme	نخوت؛ خودپسندی	egoism
vendre	فروختن	vandr
vendeuse	فروشنده	vandeuz
sperme	منی؛ نطفه	sperm
demi-finale	نصف شده	demifinal
créatif reproductif	نطفهای	kreatif reproduktif
séminaire	سمینار	seminer
sénat	مجلس سنا	sena
Sénat	مجلس سنا	sena
sénateur	سناتور	senatoer
sénatrice	سناتور	senatris
envoyer	فرستادن	anvwaue
Sénégal	سنگال	senegal
sénilité	پیری	senilite
supérieur	ارشد؛ بالارتبه	superuoer
ancienneté	ارشدیت	ansuente
sensation	احساس؛ آب و تاب	sansasuon
sensationnel	حسی؛ شورانگیز	sansasuonel
sensibilité	احساس ودرک	sansibilite
sensé	محسوس؛ معقول	sanse
raisonnable	محسوس؛ معقول	rezonabl
sensuel	شهوانی؛ نفسانی	sansuel
voluptueux	شهوانی؛ نفسانی	voluptueu
phrase	جمله	fraz
pleurnicheur	احساساتی	ploernishoer
séparée	جدا	separe
séparatiste	تجزیه طلب	separatist
septembre	سپتامبر	septanbr
septique	پلشت؛ ماده عفونی	septik
Serbie	صربستان	serbi
serbe	صربستانی؛ صرب	serb
Serbe	صربستانی؛ صرب	serb
serein	متین	seren
sereine	متین	seren
sergent	گروهبان	serzhan
série	سری	seri
sérieux	جدی	serueu
sérieuse	جدی	serueuz
gravement	جدا؛ بی شوخی	gravman
sérieusement	جدا؛ بی شوخی	serueuzman
ophidien	حیه؛ ماربزرگ	ofiduen
serpent	حیه؛ ماربزرگ	serpan
serpentine	مارپیچ؛ مارپیچی	serpantin
denté	منغمز	dante
sérum	سرم؛ خونابه	serom
serviteur	فراش؛ مستخدم	servitoer
serviteuse	کمک کننده	serviteuz
servile	شایسته نوکران	servil
servage	چاکری؛ بندگی	servazh
servitude	چاکری؛ بندگی	servitud
sésame	کنجد	sezam
séance	نشست؛ جلسه	seans
session	نشست؛ جلسه	sesuon
ensemble	تنظیم کردن؛ مجموعه؛ قرار دادن	ansanbl
typographe	گذارنده	tipograf
coloniser	وطن کردن؛ نشست کردن	kolonize
s'habituer	وطن کردن؛ نشست کردن	sabitue
agglomération	مسکن؛ واریز	aglomerasuon
colon	مهاجر	kolon
sept	هفت	set
dix-sept	هفده	diset
septième	سابع؛ یک هفتم	setuem set / setuem
plusieurs	چندین	pluzuoer
sévère	شدید؛ سخت	sever
sévèrement	به شدت	severman
sévérité	سختی؛ خشکی	severite
cousu	دوخته	kuzu
asexuel	خنثا	azeksuel
sexuel	جنسی؛ تناسلی	seksuel
sexualité	جنسیت؛ تمایلات جنسی	seksualite
aphrodisiaque	سکسی	afrodizuak
sexy	سکسی	seksi
usé	نخ نما	uze
râpé	نخ نما	rape
ombre	سایه؛ آسمانه	onbr
filer	سایه؛ ظل	file
hampe	چوبه؛ مال بند	anp
baise	موی زبر	bez
tabac à rouler	موی زبر	taba a rule
hirsute	پر مو؛ مو دراز	irsut
chah	شاه	sha
shah	شاه	sha
secouer	لرزاندن	sekue
informally	باید (فعل کمکی)	informoeli
peu profond	سطحی؛ تنکاب	peu profon
superficiel	سطحی؛ تنکاب	superfisuel
effrontément	بی شرمانه	efronteman
former	شکل	forme
actionnaire	سهامدار؛ سهمدار	aksuoner
affiler	تراشیدن؛ تند کردن	afile
affûter	تراشیدن؛ تند کردن	afute
fracasser	خرد کردن؛ متلاشی کردن	frakase
raser	تراش؛ تراشیدن	raze
se raser	تراش؛ تراشیدن	se- raze
elle	او (زن)	el
liasse	بافه؛ بافه کردن	luas
faisceau	بافه؛ بافه کردن	feso
étui	غلاف؛ نیام	etui
séparer	خرگاه	separe
mouton	گوسفند	muton
penaud	گوسفندی؛ گوسفندوار	peno
vertical	یک راست؛ پارچه ظریف	vertikal
écoute	ورق، ملافه	ekut
rayonnage	طاقچه؛ تاقچه	reuonazh
coquillage	پوست؛ لاک	kokiuazh
abri	ملجا؛ ملجاء	abri
refuge	ملجا؛ ملجاء	refuzh
pâtre	چوپان؛ شبان	patr
berger	چوپان؛ شبان	berzhe
shérif	داروغه؛ ضابط شهربانی	sherif
bouclier	سپر	buklie
écu	سپر	eku
touche majuscule	نوبت کار؛ نوبت کاری	tush mazhuskul
roulement	نوبت کار؛ نوبت کاری	rulman
navire	کشتی	navir
à bord du navire	سوار کشتی؛ کنار کشتی	a bor du- navir
constructeur de navires	کشتیساز	konstruktoer de- navir
construction navale	کشتیسازی	konstruksuon naval
naufrage	غرق کشتی؛ کشتی شکسته شدن	nofrazh
épave	غرق کشتی؛ کشتی شکسته شدن	epav
chemise	پیراهن	shemiz
trembler	لرزه؛ مورمور شدن	tranble
choquer	یکه؛ ضغطه	shoke
choquant	تکان‌دهنده	shokan
chaussé	نعل کفش	shose
soulier	کفش	sulue
chaussure	کفش	shosur
tir	شلیک؛ تیراندازی	tir
fusillade	شلیک؛ تیراندازی	fuziuad
magasin virtuel	فروشگاه، خرید کردن	magazen virtuel
boutique en ligne	فروشگاه، خرید کردن	butik an linu
boutiquier	دکاندار؛ مغازه دار	butikue
détaillant	دکاندار؛ مغازه دار	detauan
courses	خرید	kurs
shopping	خرید	shuping
tondu	پشم چیده	tondu
court	کوتاه	kur
raccourcir	کوچک کردن؛ کوتاه کردن	rakursir
s'écourter	کوچک کردن؛ کوتاه کردن	sekurte
exiguïté	کوتاهی	egziguite
à court terme	کوتاه‌مدت	a kur term
poids	تیر؛ عکس	pwa
Conditional form of devoir	باید (فعل کمکی)	kondisuonal formu-v devwar
épaule	شانه	epol
accotement stabilisé	شانه	akotman stabilize
bêche	بیل زدن؛ بیلچه زدن	besh
montrer	نمایش، نشان دادن	montre
ondée	دوش	onde
averse	دوش	avers
tape-à-l’œil	خودنما؛ پرجلوه	tapaloeu
shrapnel	گلوله افشان؛ گلوله انفجاری	shrapnel
lambeau	تکه کردن؛ باریک بریدن	lanbo
lacérer	تکه کردن؛ باریک بریدن	lasere
strident	زیر؛ شبیه صفیر	stridan
crevette	میگو	krevet
châsse	ضریح؛ مرقد	shas
lieu saint	ضریح؛ مرقد	lueu sen
rapetisser	انقباض؛ کوچک شدن	raptise
rétrécissement	کیس؛ آب رفتگی	retresisman
arbuste	درختچه؛ بوته دار کردن	arbust
fruticée	درختچه زار	frutise
frissonner	لرزه	frisone
obturateur	پشت دری	obturatoer
apeuré	کمرو؛ خجالتی	apeure
timidité	خجالت؛ خجلت	timidite
Sibérie	سیبریه؛ سیبری	siberi
fratrie	خواهر یا برادر	fratri
frère et sœur	خواهر یا برادر	frer e soer
malade	بیمار	malad
de malade	بیمار	de- malad
à s'en rendre malade	بیمار کننده؛ بیزار کننده	a san randr malad
serpe	داسقاله؛ دهره	serp
falciforme	داسقاله؛ دهره	falsiform
face	کنار	fas
disséminer	نخاله؛ بوجاری	disemine
éparpiller	نخاله؛ بوجاری	eparpiue
soupir	آه کشیدن؛ آوخ کشیدن	supir
soupirer	آه کشیدن؛ آوخ کشیدن	supire
mire	دید؛ منظره	mir
symbole	علامت، امضا کردن	senbol
signe	علامت، امضا کردن	sinu
signal	علامت؛ کوس	sinual
indicatif musical	امضا	endikatif muzikal
signature	امضا	sinuatur
importance signification	اهمیت	enportans sinuifikasuon
significatif	مهم؛ پرمعنی	sinuifikatif
silencieux	ساکت؛ خاموش	silansueu
silhouette	نیمرخ	siluet
soie	ابریشم؛ خامه	swa
soyeux	ابریشمی؛ حریری	swaueu
de soie	ابریشمی؛ حریری	de- swa
ver à soie	کرم ابریشم؛ کرم پیله	ver a swa
linteau	گسله بستری	lento
rebord	گسله بستری	rebor
jeté	مهمل؛ نافهم	zhete
argenterie	نقره، نقره‌ای	arzhantri
couverts	نقره آلات	kuver
argenté	سیمگون؛ سیم اندود	arzhante
semblable	مشابه	sanblabl
similaire	مشابه	similer
similarité	شباهت؛ تشابه	similarite
similitude	شباهت؛ تشابه	similitud
Simon	شمعون	simon
nigaud	ساده	nigo
simplicité	سادگی	senplisite
simplifier	ساده کردن	senplifue
simultanément	همزمان؛ به طور همزمان	simultaneman
péché	خطا؛ گناه	peshe
pécher	خطا؛ گناه	peshe
depuis	از آن زمان که، چون	depui
vu que	از آن زمان که، چون	vu ke
sincèrement	صمیمانه؛ صادقانه	senserman
sincérité	خلوص؛ صمیمیت	senserite
chanter	آواز خواندن	shante
chanteur	خواننده	shantoer
chanteuse	خواننده	shanteuz
singulier	تکین	sengulue
singularité	تکینی	sengularite
point de fuite	تکینی	pwen de- fuit
sénestre	شوم؛ بدشگون	senestr
s'enfoncer	منجلاب؛ چاهک	sanfonse
pécheur	عاصی؛ مخطی	peshoer
pécheuse	عاصی؛ مخطی	pesheuz
sinueux	گمراه کننده	sinueu
sinus paranasal	سینوس؛ معصره	sinus paranazal
sinus	سینوس؛ معصره	sinus
siroter	جرعه؛ مزمزه	sirote
saillir	پدری کردن	sauir
sœur	خواهر	soer
s’asseoir	نشستن	saswar
être assis	نشستن	etr asi
site Web	سایت	sitweb
site Internet	سایت	sit enternet
localisation	موقعیت	lokalizasuon
sextuplé	شش	sekstuple
six	شش	sis
sixième	سادس؛ سدس	sizuem sis / sizuem
soixante	شصت	swasant
squelette	چارچوب؛ اسکلت	skelet
scepticisme	دیرباوری	septisism
esquisse	ترسیم؛ طراحی کردن	eskis
ébauche	ترسیم؛ طراحی کردن	ebosh
ski	اسکی، اسکی کردن	ski
skier	اسکی، اسکی کردن	skue
escarmouche	کشمکش؛ زد و خورد	eskarmush
escarmoucher	کشمکش؛ زد و خورد	eskarmushe
jupe	دامن	zhup
crâne	جمجمه	kran
scutellaire	عرقچین؛ کلاه بره	skuteler
kippa	عرقچین؛ کلاه بره	kipa
vélux	پنجره طاق	veluks
lucarne	پنجره طاق	lukarn
vers le ciel	به‌طرف آسمان	ver le- suel
gravier	شل کردن	gravue
tué	مقتول	tue
calomnier	افترا؛ ذم	kalomnue
argot	عامیانه؛ اصطلاح عامیانه	argo
jargon	عامیانه؛ اصطلاح عامیانه	zhargon
en pente	اریب	an pant
fesser	چک؛ سیلی	fese
gifler	چک؛ سیلی	zhifle
entailler	نشان ممیز؛ خیلی کم کردن	antaue
taillader	نشان ممیز؛ خیلی کم کردن	tauade
ardoise	تورق؛ پلمه	ardwaz
abattage	کشتار؛ خونریزی	abatazh
Slave	اسلاو؛ اسلاو زبان	slav
esclave	برده؛ غلام	esklav
serf	برده؛ غلام	serf
esclavage	برده‌داری؛ بندگی	esklavazh
luge	سورتمه راندن	luzh
traîneau	سورتمه راندن	treno
dormir	خواب؛ خوابیدن	dormir
sommeil	خواب؛ خوابیدن	someu
ensuqué	خواب آلود	ansuke
tranche	قاش کردن؛ قاچ کردن	transh
tronçon	قاش کردن؛ قاچ کردن	tronson
glissade	سرسره؛ سراندن	glisad
toboggan	سرسره؛ سراندن	tobogan
mincir	باریک اندام	mensir
mucosité	لجن؛ خره	mukozite
fronde	قلاب سنگ؛ سنگ قلاب	frond
chausson	کفش راحتی؛ دم پائی	shoson
pantoufle	کفش راحتی؛ دم پائی	pantufl
glissant	سر؛ لیز	glisan
glissante	سر؛ لیز	glisant
sloop	قایق جنگی	slup
soupe	شلوار گشاد؛ آشغال خوری	sup
machine à sous	شکاف کوچک	mashin a su
aï	تنبل	au
escarre	خشک ریشه	eskar
bâclé	هردمبیل؛ لا ابالی	bakle
négligé	هردمبیل؛ لا ابالی	neglizhe
lent	آهسته	lan
lente	آهسته	lant
lentement	به آرامی	lantman
naze	کساد؛ لش	naz
rétamé	کساد؛ لش	retame
s'affaler	زمین باتلاقی؛ کاهش فعالیت	safale
claque	ماچ صدادار؛ باصدا غذاخوردن	klak
variole	آبله	varuol
petite vérole	آبله	petit verol
ordiphone	گوشی هوشمند	ordifon
smartphone	گوشی هوشمند	smartfon
hit	مصادمت؛ خردشدگی	i
tube	مصادمت؛ خردشدگی	tub
trace	آغشتن	tras
frottis	آغشتن	froti
éperlan	گداخته شدن	eperlan
clope	دود، سیگار کشیدن	klop
fumée	دود، سیگار کشیدن	fume
fumeur	سیگاری؛ اهل دود	fumoer
fumeuse	سیگاری؛ اهل دود	fumeuz
fumer	سیگار کشیدن	fume
trafique	قاچاق؛ خفیه فروشی	trafik
grignotage	ته بندی	grinuotazh
casse-croûte or casse-croute	ته بندی	kaskrut or kaskrut
escargot	حلزون؛ لیسه	eskargo
furet	مار	fure
claquer des doigts	بشکن؛ شتابزدگی	klake de- dwa
caisse claire	تله؛ با تله گرفتن	kes kler
collet	تله؛ با تله گرفتن	kole
embrouille	دندان قروچه کردن	anbruu
sac de nœuds	دندان قروچه کردن	sak de- neu
ricaner	پوزخند؛ نیشخند	rikane
renifler	بوکشیدن؛ فن فن کردن	renifle
ronflement	خرخر؛ خرخره	ronfleman
ronfler	خرخر؛ خرخره	ronfle
reniflement	زفیر کشیدن	renifleman
chute de neige	برف، برف باریدن	shut de- nezh
blanc comme neige	برف، برف باریدن	blan kom nezh
neigeux	برفی	nezheu
tabac à priser	انفیه؛ انفیه زدن	taba a prize
snuff	انفیه؛ انفیه زدن	snuf
ainsi	بنابراین، خیلی	ensi
comme ça	بنابراین، خیلی	kom sa
savon	صابون	savon
savonner	صابون	savone
sangloter	بغض گریه	sanglote
dire en sanglotant	بغض گریه	dir an sanglotan
soi-disant	به اصطلاح	swadizan
dénommé	به اصطلاح	denome
football	فوتبال	futbol
Australia)	فوتبال	ostralua
sociale	اجتماعی	sosual
sociétal	اجتماعی	sosuetal
socialisme	سوسیالیسم؛ سوسیالیزم	sosualism
socialiste	سوسیالیست؛ سوسیالیستی	sosualist
sociologie	انسان شناسی؛ جامعه شناسی	sosuolozhi
socque	جوراب	sok
prise	سرپیچ؛ بوشن	priz
trempé	نیم پخته؛ چروکیده وپژمرده	tranpe
douce	نرم	dus
adoucir	نرم کردن؛ شیرین کردن	adusir
douceur	ملایمت؛ شلی	dusoer
logiciel	نرم افزار	lozhisuel
territoire	خاک؛ تراب	teritwar
séjour	موقتا اقامت کردن	sezhur
séjourner	موقتا اقامت کردن	sezhurne
solaire	آفتابی؛ شمسی	soler
soudure	لحیم؛ لحیم کردن	sudur
souder	لحیم؛ لحیم کردن	sude
soldat	سرباز	solda
mouillette	سرباز	muuet
unique	کف پا؛ تخت کفش	unik
solennelle	سنگین؛ موقرانه	solenel
soliciteur	خواهنده	solisitoer
pleine	محکم؛ استوار	plen
solidité	استواری	solidite
solitaire	گوشه نشین	soliter
solo	تک	solo
Salomon	سلیمان؛ صلح دوست	salomon
solution	راه حل	solusuon
soluble	حلپذیر؛ قابل حل	solubl
résoluble	حلپذیر؛ قابل حل	rezolubl
solvable	حلال؛ مایع محلل	solvabl
solvant	حلال؛ مایع محلل	solvan
certains	مقداری، برخی	serten
d'une façon ou d'une autre	به نحوی	dun fason u dun otr
quelque chose	چیزی	kelke shoz
ex	زمانی	eks
tantôt	گاهی اوقات	tanto
parfois	گاهی اوقات	parfwa
quelque peu	تاحدی؛ مقدار نامعلومی	kelke peu
quelque part	جایی	kelke par
fils	پسر	fil
chanson	آهنگ	shanson
sonoreux	طنین انداز	sonoreu
suie	دوده؛ دودهای کردن	sui
calmer	استمالت کردن؛ دل بدست آوردن	kalme
fuligineux	دودهای	fulizhineu
mondain	پیچیده	monden
désespérant	ریشناک؛ جای زخم	dezesperan
oseille	ریواس؛ ترشک	ozeu
désolé	متاسف	dezole
navré	متاسف	navre
triage	نوع، مرتب کردن	triazh
to sort	نوع، مرتب کردن	tu sor
âme	روح؛ جان	am
soul	روح؛ جان	sul
son	صدا، به نظر رسیدن	son
potage	سوپ	potazh
sources	منبع	surs
code source	منبع	kod surs
sud	جنوب	sud
austral	جنوب	ostral
sud-est	جنوب شرقی؛ جنوب شرق	sudest
du sud-est	جنوب شرقی؛ جنوب شرق	du- sudest
sudiste	جنوبی	sudist
sud-ouest	جنوب غربی	suduest
du sud-ouest	جنوب غربی	du- suduest
souverain	لیره زر	suvren
souveraineté	شاهی؛ خداوندی	suvrente
semer	خوک ماده؛ ماده خوک	seme
truie	خوک ماده؛ ماده خوک	trui
Espagne	اندلس؛ اسپانی	espanu
empan	وجب؛ گستردگی	anpan
Espagnol	اسپانیولی	espanuol
Espagnole	اسپانیولی	espanuol
espagnol	اسپانیولی؛ اسپانیایی	espanuol
castillan	اسپانیولی؛ اسپانیایی	kastiuan
rechange	اضافی	reshanzh
étincelle	جرقه؛ اخگر	etensel
scintillant	جرقه؛ تلالو	sentiuan
bruant	گنجشک	bruan
moineau	گنجشک	mwano
spasme	تشنجه	spasm
handicapé moteur	انقباضی	andikape motoer
guêtre	بچهحلزون	getr
naissain	بچهحلزون	nesen
spatial	فاصلهای	spasual
parler	صحبت کردن	parle
baffle	بلندگو، سخنران	bafl
haut-parleur	بلندگو، سخنران	oparloer
harpon	نیزه؛ سنان	arpon
spécialiste	متخصص؛ ویژهگر	spesualist
spécialiser	تخصص یافتن	spesualize
espèce	انواع	espes
spécifique	خاص	spesifik
clause	مشخصه؛ تصریح	kloz
spécifier	مشخص کردن	spesifue
spécimen	نمونه	spesimen
spectateur	تماشاگر	spektatoer
spectatrice	تماشاگر	spektatris
spéculer	حدس و گمان زدن	spekule
spéculation	گمانه‌زنی	spekulasuon
agioteur	زمین خوار؛ سفته باز	azhuotoer
spéculateur	زمین خوار؛ سفته باز	spekulatoer
parole	سخنرانی	parol
sans voix	بی حرف؛ بی جواب	san vwa
speed	سرعت	spid
épeler	هجی کردن	eple
orthographe	هجی	ortograf
dépenser	خرج کردن، گذراندن	depanse
épuisé	مصروف؛ رها شده	epuize
fatigué	مصروف؛ رها شده	fatige
boule	جسم کروی	bul
Sphinx	ابوالهول؛ سینه زن	sfenks
sphinx	ابوالهول؛ سینه زن	sfenks
épice	ادویه	epis
épices	ادویه	epis
araignée	عنکبوت	arenue
crampons	آبشار زدن؛ میخ بزرگ	kranpon
déversement	ریختن	deverseman
déverser	ریختن	deverse
tournoyer	چرخان؛ ریس	turnwaue
spinal	صلبی؛ شوکی	spinal
essieu	دوک	esueu
fuseau	دوک	fuzo
épine	تیره پشت؛ ستون فقرات	epin
spirale	حلزونی؛ مارپیچ رفتن	spiral
spirituel	روحانی؛ معنوی	spirituel
spirituelle	روحانی؛ معنوی	spirituel
spiritualité	روحانیت؛ معنویت	spiritualite
cracher	تف؛ خدو	krashe
crachement	تف؛ خدو	krashman
dépit	کینه	depi
rancunier	مغرض؛ غرضآلود	rankunue
rate	سپرز؛ طحال	rat
spleen	سپرز؛ طحال	splin
splénique	اسپرزی؛ طحالی	splenik
attelle	جبیره؛ آهن نبشی	atel
éclisse	جبیره؛ آهن نبشی	eklis
grand écart	شکاف؛ شکافته	grant ekar tudu dhoe spli fer le- grant ekar / spli
to do the splits: faire le grand écart	شکاف؛ شکافته	grant ekar tudu dhoe spli fer le- grant ekar / spli
Split	شکاف؛ شکافته	grant ekar tudu dhoe spli fer le- grant ekar / spli
séparateur	شکافنده؛ شکاف دهنده	separatoer
fendeur	شکافنده؛ شکاف دهنده	fandoer
gâter	خراب کردن	gate
porte-parole	سخنگو (مرد)	portparol
soulard	ابر؛ لیف	sular
spongieux	لیفی؛ اسفنجی	sponzhueu
sponsor	ضامن؛ متقبل	sponsor
cuiller	قاشق	kuiue
cuillère	قاشق	kuiuer
spore	هاگ؛ هاگ آوردن	spor
flirt	ورزش	floert
sport	ورزش	spor
entorse	رگ کردن؛ بدرد آوردن	antors
se fouler	رگ کردن؛ بدرد آوردن	se- fule
expansion	گل و گشاد	ekspansuon
étalement	گل و گشاد	etalman
embrun	افشاندن؛ دواپاشی	anbrun
gouttelette	افشاندن؛ دواپاشی	gutlet
étendre	گسترش دادن؛ پخش شدن	etandr
s'étendre	گسترش دادن؛ پخش شدن	setandr
ressort	بهار	resor
printemps	بهار	prentan
asperger	گلنم؛ آب پاشی کردن	asperzhe
saupoudrer	گلنم؛ آب پاشی کردن	sopudre
faire germer	جوانه؛ جوانه زدن	fer zherme
germer	جوانه؛ جوانه زدن	zherme
épicéa	صنوبر	episea
épinette	صنوبر	epinet
filé	تابداده؛ ریسته	file
tourné	تابداده؛ ریسته	turne
ergot	سیخک؛ مهمیز	ergo
espion	آبشت؛ خبرگیر	espuon
espionne	آبشت؛ خبرگیر	espuon
escouade	جوخه	eskuad
escadron	بهادران	eskadron
sordide	بد ظاهر	sordid
squameux	فلس دار	skwameu
écailleux	فلس دار	ekaueu
gâcher	تبذیر کردن؛ اسراف کردن	gashe
dilapider	تبذیر کردن؛ اسراف کردن	dilapide
case	مربع	kaz
trapu	قوز کردن؛ چاق وخپل	trapu
tasser	چلاندن؛ فشاردن	tase
écuyer	ملاک عمده	ekuiue
valet	ملاک عمده	vale
écureuil	سنجاب	ekuroeu
poignarder	چاقو زدن؛ زخم چاقو	pwanuarde
stabilité	پشتکار؛ پایداری	stabilite
stable	پایدار؛ طویله	stabl
étable	پایدار؛ طویله	etabl
stade	ورزشگاه؛ میدان ورزش	stad
calèche	صحنه، مرحله	kalesh
chanceler	گیج خوردن؛ یله رفتن	shansle
tituber	گیج خوردن؛ یله رفتن	titube
stagnant	راکد؛ کساد	stanuan
stagnation	رکود؛ ناروانی	stanuasuon
souillure	لکه؛ شایبه	suuur
escalier	پله	eskalue
pal	وتد؛ اخیه	pal
pieu	وتد؛ اخیه	pueu
caduc	بیات؛ بیات کردن	kaduk
traquer	ساقه؛ ساق	trake
harceler	ساقه؛ ساق	arsele
décrochage	غرفه، متوقف شدن	dekroshazh
parterre	غرفه، متوقف شدن	parter
cachet	تمبر، مهر	kashe
débandade	لگد کردن؛ لگد کوب	debandad
bousculade	لگد کردن؛ لگد کوب	buskulad
se tenir debout	ایستادن	se- tenir debu
stand	ایستادن	stand
étendard	علامت؛ عیار	etandar
surplace	سکته؛ لنگی	surplas
agrafer	قلم اصلی؛ مواد خام	agrafe
vedette	ستاره؛ ستاره، ستاره‌دار کردن	vedet
amidon	نشاسته؛ آهار	amidon
cati	نشاسته؛ آهار	kati
fixer des yeux	خیره شدن؛ خیره نگریستن	fikse de-z ueu
lumière des étoiles	نور ستاره	lumuer de-z etwal
étoilé	پرستاره	etwale
sursauter	زدگی؛ رمانیدن	sursote
famine	گرسنگی؛ قحطی	famin
affamer	گرسنه ماندن	afame
s'affamer	گرسنه ماندن	safame
État	ایالت، بیان کردن	eta
art de gouverner	ملک داری؛ کشور داری	ar de- guverne
relevé	اظهار نظر	relve
homme d'État	دنیاداری	om deta
statique	ثابت؛ بی حرکت	statik
gare	ایستگاه	gar
statistique	احسائی؛ آماری	statistik
statistiques	ارقام؛ آمار	statistik
statue	مجسمه؛ تندیس	statu
statuesque	شبیه مجسمه؛ مجسمه وار	statuesk
statutaire	طبق قانون	statuter
place	مفید بودن	plas
déterminé	استوار	determine
vapeur	بخار	vapoer
cuisiner à la vapeur	بخار	kuizine a la- vapoer
bateau à vapeur	قایق بخاری	bato a vapoer
cuit-vapeur	ماشین بخار	kuivapoer
marmite à vapeur	ماشین بخار	marmit a vapoer
acier	فولاد؛ فولادی	asue
abrupt	تنده؛ شیبدار	abrupt
escarpé	تنده؛ شیبدار	eskarpe
puanteur	تعفن؛ زهم	puantoer
pochoir	استنسیل؛ استنسیل کردن	poshwar
belle-fille	نادختری؛ دختر خوانده	belfiu
parâtre	ناپدری؛ پدراندر	paratr
beau-père	ناپدری؛ پدراندر	boper
marâtre	نامادر؛ مادرخوانده	maratr
belle-mère	نامادر؛ مادرخوانده	belmer
steppe	استپ	step
stérile	سترون؛ استرون	steril
asepsie	عقیمی؛ سترونی	azepsi
superlatif	پوند؛ استرلینگ	superlatif
poupe	عبوس؛ عبوسانه	pup
stéthoscope	گوشی	steuthoskeup
aconier	بارگیری وباراندازی کردن	akonue
manutentionnaire	بارگیری وباراندازی کردن	manutansuoner
ragoût	خورش؛ دم کردن	ragu
frémir	خورش؛ دم کردن	fremir
coincer	لول؛ چسبیدن	kwense
raide	سیخ؛ شخ	red
raidir	شق کردن؛ سیخ شدن	redir
inflexibilité	جمود	enfleksibilite
raideur	جمود	redoer
échalier	سنگچین	eshalue
excitant	محرک؛ ماده محرک	eksitan
stimulant	محرک؛ ماده محرک	stimulan
stimulus	تحریک؛ انگیزش	stimulus
préliminaires	تحریک؛ انگیزش	preliminer
radinerie	خست؛ بخل	radinri
chiche	زفت؛ ممسک	shish
tapage	بودادن؛ بدبو کردن	tapazh
période limitée	بقناعت واداشتن	peruod limite
stipuler	مصرح	stipule
remuer	هم زدن؛ بهم زدن	remue
point de côté	کوک؛ بخیه	pwen de- kote
jas	سهام؛ موجودی	zha
bedon	معده	bedon
gemme	سنگ	zhem
tabouret	کرسی؛ عسلی	tabure
tabouret-bar	کرسی؛ عسلی	taburebar
se baisser	دولاشدن؛ خشوع کردن	se- bese
se pencher	دولاشدن؛ خشوع کردن	se- panshe
stockage	مخزن؛ انبارش	stokazh
stock	فروشگاه	stok
conte	داستانی	kont
tempête	طوفان	tanpet
orage	طوفان	orazh
orageux	متلاطم؛ توفانی	orazheu
fourneau	اجاق؛ تون	furno
comme il faut	مستقیم	kom il fo
hétéro	مستقیم	etero
redresser	راست کردن؛ مستقیم شدن	redrese
hérédité	صافی کردن	eredite
détroit	تنگه؛ بغاز	detrwa
brin	تار؛ کنار رود	bren
grève	تار؛ کنار رود	grev
étrangeté	غرابت	etranzhte
strangulation	اختناق	strangulasuon
lanière	تسمه؛ تسمه زدن	lanuer
stratégique	سوقالجیشی؛ استراتژیک	stratezhik
stratège	رزمآرا	stratezh
stratégie	استراتژی	stratezhi
stratifié	رگه دار	stratifue
jaune paille	کاه؛ خس	zhon pau
paille	کاه؛ خس	pau
fraisier	چلم؛ توت فرنگی	frezue
fraise	چلم؛ توت فرنگی	frez
errant	ضلالت؛ بیراهه روی	eran
mite	سپیده دم	mit
flot	نهر؛ مسیل	flo
rue	خیابان	ru
affermir	تقویت کردن	afermir
urgent	فوق العاده	urzhan
tension	استرس، استرس وارد کردن	tansuon
stress	استرس، استرس وارد کردن	stres
étirement	بسیط؛ امتداددادن	etirman
panneresse	برانکار؛ بسط یابنده	panres
châssis	برانکار؛ بسط یابنده	shasi
frappé	دچار؛ مصیبت زده	frape
rigoureux	خشک؛ موکد	rigureu
strict	خشک؛ موکد	strikt
rigoureusement	به شدت	rigureuzman
sténose	ضیق؛ سخت گیری	stenoz
différends m plural	نفاق؛ سعی بلیغ	diferan em plural
gréviste	اعتصابی؛ اعتصابگر	grevist
chaîne de caractères	زه کردن؛ رشته کردن	shen de- karakter
strip	نوار؛ باریکه	strip
rayé	راهراه؛ خطدار	reue
s'efforcer	جدیت کردن	seforse
balade	گرد؛ گردیدن	balad
flânerie	گرد؛ گردیدن	flanri
stroma	بافت بنیادی	stroma
bastion	قلعه نظامی	bastuon
structurel	ساختمانی	strukturel
structural	ساختمانی	struktural
lutter	تلاش؛ تنازع	lute
parader	خرامیدن	parade
se pavaner	خرامیدن	se- pavane
éteule	ته ریش؛ ریش زبر	etoel
barbe de trois jours	ته ریش؛ ریش زبر	barb de- trwa zhur
borné	غد؛ سرسخت	borne
obstinément	لجوجانه	obstineman
coincé	چسبیده؛ چسباننده	kwense
clou	ایلخی؛ گل میخ	klu
boucle d'oreille	ایلخی؛ گل میخ	bukl doreu
étudiant	دانش آموز	etuduan
étudiante	دانش آموز	etuduant
atelier	اتاقکار؛ هنرکده	atelue
studio	اتاقکار؛ هنرکده	studuo
studieux	جاهد؛ کتاب خوان	studueu
étude	مطالعه، مطالعه کردن	etud
machin	جنس؛ بساط	mashen
en rogne	محافظه کار	an ronu
butter	لغزاندن؛ سقطه	bute
trébucher	لغزاندن؛ سقطه	trebushe
estompe	سنگینکندهدرخت؛ ته شاخه	estonp
souche	سنگینکندهدرخت؛ ته شاخه	sush
étourdir	خیره‌کننده	eturdir
abasourdir	خیره‌کننده	abazurdir
colossal	شگفت انگیز	kolosal
ânerie	خرف؛ حماقت	anri
bêtement	احمقانه؛ بی خردانه	betman
stupidement	احمقانه؛ بی خردانه	stupidman
costaud	تنومند؛ خوش بنیه	kosto
porcherie	شعیره؛ در طویله قرار دادن	porshri
subaigu	زیرحاد	subegu
sous-section	بخشیزه؛ زیرقسمت	suseksuon
assujettir	مقهور کردن؛ رام کردن	asuzhetir
soumettre	مقهور کردن؛ رام کردن	sumetr
sujet	موضوع	suzhe
sublimer	متعال؛ برین	sublime
sous-marin	زیردریایی؛ تحت البحری	sumaren
soumission	فرمانبرداری؛ اذعان	sumisuon
submissif	مطیع؛ خاشع	submisif
subordonné	تابع؛ زیردست	subordone
subordonnée	تابع؛ زیردست	subordone
subordination	مادونی؛ فرمان برداری	subordinasuon
abonner	اشتراک کردن؛ مشترک شدن	abone
s'abonner	اشتراک کردن؛ مشترک شدن	sabone
abonnement	اشتراک؛ آبونمان	abonman
subséquemment	متعاقباً	subsekaman
servilité	زیر زاوری	servilite
subside	کمک مالی؛ کمک هزینه	subsid
subvention	کمک مالی؛ کمک هزینه	subvansuon
subsiste	گذران کردن	subzist
subsistence	معاش؛ گذران	subzistans
biens	جسم؛ عین	buen
remplacement	جانشینی؛ جانشین سازی	ranplasman
réaction de substitution	جانشینی؛ جانشین سازی	reaksuon de- substitusuon
souterrain	تحت الارضی	suteren
suburbain	برون شهری	suburben
banlieusard	برون شهری	banlueuzar
subversif	خرابکارانه	subversif
succéder	موفق شدن	suksede
ayant du succès	موفق	euan du- sukse
marqué de succès	موفق	marke de- sukse
avec succès	به موفقیت؛ با موفقیت	avek sukse
séquence	جانشینی؛ خلافت	sekans
successivement	متواترا	suksesivman
successeur	جانشین؛ خلف	suksesoer
tel	چنین	tel
sucer	مکیدن؛ مک زدن	suse
succion	مکش	suchuon
subit	تند؛ ناگهان	subi
soudain	تند؛ ناگهان	suden
soudainement	ناگهان	sudenman
souffrir	خون کردن؛ خون شدن	sufrir
souffrance	رنج	sufrans
suffire	کفایت کردن؛ کافی بودن	sufir
suffire 2	کفایت کردن؛ کافی بودن	sufir deu
suffisance	کفایت؛ تکافو	sufizans
autosuffisant	کافی	otosufizan
suffoquer	گلو گیر	sufoke
suffocation	اختناق؛ خفقان	sufokasuon
bisou	شکر	bizu
mielleux	شکری؛ شیرین زبان	mueleu
suggérer	پیشنهاد کردن	sugzhere
hypnotisme	پیشنهاد	ipnotism
suicidaire	مذبوحانه	suisider
suicidée	خودکشی؛ انتحار	suiside
suicide	خودکشی؛ انتحار	suisid
enseigne	کت و شلوار، مناسب بودن	ansenu
suitabilité	مناسبت؛ سازگاری	suitabilite
entourage	قطعه موسیقی؛ خدم و حشم	anturazh
suiteur	خواستگار؛ عرضحال دهنده	suitoer
bouder	قهر	bude
faire la gueule	قهر	fer la- goel
morose	غیر معاشر	moroz
sulfate	سولفات	sulfat
soufre	گوگرد؛ کبریت	sufr
soudan	سلطان	sudan
sultan	سلطان	sultan
récapituler	خلاصه کردن؛ چکیده کردن	rekapitule
résumer	خلاصه کردن؛ چکیده کردن	rezume
sommaire	خلاصه؛ ملخص	somer
été	تابستان	ete
citer à comparaître	فراخوانی؛ احضاریه	site a konparetr
soleil	خورشید	soleu
Soleil	خورشید	soleu
rayon de soleil	تیغ آفتاب	reuon de- soleu
dimanche	یکشنبه	dimansh
tournesol	روزگردک؛ گل آفتاب پرست	turnesol
englouti	فرورفته؛ غرق شده	angluti
ensoleillé	آفتابی؛ آفتاب گیر	ansoleue
potron-minet	مطلع؛ سحرگاه	potronmine
machclud	غروب؛ افول	mashklud
lumière du soleil	نور آفتاب	lumuer du- soleu
superbe	بسیار خوب	superb
wyattjanning	مافوق انسانی	wauatuaning
surintendant	ناظم	surentandan
supériorité	شرف؛ تفوق	superuorite
supermarché	سوپرمارکت	supermarshe
surnaturel	فوق العاده؛ مافوق طبیعت	surnaturel
surnaturelle	فوق العاده؛ مافوق طبیعت	surnaturel
superstition	موهومات	superstisuon
superstitieux	موهوم؛ خرافاتی	superstisueu
superstitieuse	موهوم؛ خرافاتی	superstisueuz
encadrer	نظارت کردن؛ برنگری کردن	ankadre
supervision	نظارت؛ مراقبت	supervizuon
superviseur	سرپرست؛ ناظر	supervizoer
souper	شام؛ عشا	supe
supplément	ضمیمه؛ تکمله	supleman
approvisionnement	عرضه؛ تهیه کردن	aprovizuonman
suppression	سرکوب؛ سرکوبی	supresuon
suprême	عالی؛ عظما	suprem
brisants	خیزآب	brizan
surfer	خیزآب	soerfe
profil d'aile	سطح؛ رویه	profil del
surface	سطح؛ رویه	surfas
vague	موج زدن؛ موجدار بودن	vag
chirurgien	جراح	shirurzhuen
chirurgienne	جراح	shirurzhuen
chirurgie	جراحی؛ عمل جراحی	shirurzhi
salle opératoire	جراحی؛ عمل جراحی	sal operatwar
chirurgical	عمل جراحی	shirurzhikal
patronyme nom de famille	شهرت؛ ورنام	patronim non de- famiu
excédentaire	اضافات؛ مازاد	eksedanter
surplus	اضافات؛ مازاد	surplu
surprise	غافلگیری، غافلگیر کردن	surpriz
surpris	غافلگیر شده	surpri
étonnante	غافلگیرکننده	etonant
étonnamment	متعجبانه	etonaman
entourer	محصور کردن؛ احاطه کردن	anture
enceindre	محصور کردن؛ احاطه کردن	ansendr
arpenteur	ممیز؛ مساح	arpantoer
arpenteuse	ممیز؛ مساح	arpanteuz
survivre	سپری کردن؛ بر زیستن	survivr
rescapé	بازمانده	reskape
rescapée	بازمانده	reskape
susceptible	مستعد؛ فروگیر	suseptibl
soupçonner	مظنون؛ موردشک	supsone
suspect	مظنون؛ موردشک	suspekt
suspendre	به حالت تعلیق درآوردن	suspandr
mettre en suspension	به حالت تعلیق درآوردن	metr an suspansuon
suspense	درحال تعلیق	suspens
avec méfiance	مشکوک؛ ظنین	avek mefuans
subvenir	مقاومت کردن؛ اعاشه کردن	subvnir
durable	پایدار	durabl
viable	پایدار	vuabl
serpillière	سنبه جراحی	serpiuuer
vadrouille	سنبه جراحی	vadruu
hâblerie	کبر فروشی؛ خود فروشانهگام زدن	ableri
gasconnade	کبر فروشی؛ خود فروشانهگام زدن	gaskonad
avaler	قورت دادن	avale
marais	مرداب؛ لجنزار	mare
marécage	مرداب؛ لجنزار	marekazh
cygne	غو؛ دجاجه	sinu
cygnet	غو؛ دجاجه	sinue
essaim	هجوم کردن؛ ازدحام کردن	esen
basané	گندمگون؛ تیره روی	bazane
jurer	سوگند؛ ناسزا	zhure
troufion	عرق؛ رشحه	trufuon
troupier	عرق؛ رشحه	trupue
chandail	پلیور	shandau
Suède	سوئد	sued
suédois	سوئدی	suedwa
balayer	روبیدن؛ جاروب کردن	baleue
sucré	خوش؛ شیرین	sukre
enfler	غلپیدن؛ باد کردن	anfle
gonfler	غلپیدن؛ باد کردن	gonfle
balayé	کج شده	baleue
emporté	کج شده	anporte
martinet	تندرو؛ تکاور	martine
nager	شنا کردن	nazhe
natation	شنا کردن	natasuon
nageur	شناگر؛ شناکننده	nazhoer
nageuse	شناگر؛ شناکننده	nazheuz
entourloupe	کلاه برداری	anturlup
escroquerie	کلاه برداری	eskrokri
revirement	تاب؛ نوسان	revirman
balançoire	تاب؛ نوسان	balanswar
suisse	سویسی	suis
Suisse	سویسی	suis
commutateur	کلید؛ سویچ	komutatoer
interrupteur	کلید؛ سویچ	enteruptoer
épéiste	شمشیر؛ سیف	epeist
épée	شمشیر؛ سیف	epe
syllabe	هجا؛ سیلاب	silab
symbiose	زندگی تعاونی	senbuoz
symbolique	نمادی	senbolik
compatir	دلسوزی کردن؛ اظهار تاسف کردن	konpatir
s'apitoyer	دلسوزی کردن؛ اظهار تاسف کردن	sapitwaue
sympathie	غمخواری؛ دلسوزی	senpati
symptôme	علامت	senptom
pâmoison	غشی؛ غش دار	pamwazon
synonyme	مرادف؛ مترادف	sinonim
syntaxique	نحوی	sentaksik
syphilis	سفلیس	sifili
syrien	شامی؛ سوریه ای	siruen
Syrien	شامی؛ سوریه ای	siruen
seringue	سرنگ؛ آبدزدک	sereng
système	سامانه؛ سیستم؛ نظام	sistem
systématique	ترتیبی	sistematik
table	میز	tabl
tambour	دمبک	tanbur
harnachement	میخچه؛ پونز زدن	arnashman
plaquer	رسیدگی کردن، تکل	plake
tacler	رسیدگی کردن، تکل	takle
tact	مردم داری	takt
plein de tact	مردم دار؛ موقع شناس	plen de- takt
tactique	جنگ فن؛ جنگ فنی	taktik
haptique	لامسه ای	aptik
queue	دم؛ ذنب	keu
tassergal	خیاط؛ درزی	tasergal
bavard	وراج؛ پرگو	bavar
loquace	وراج؛ پرگو	lokas
suif	پیه مالی کردن	suif
apprivoisé	آموخته؛ رام	aprivwaze
dompter	آموخته؛ رام	donpte
mandarine	نارنگی	mandarin
mandarinier	نارنگی	mandarinue
emmêler	گوریده کردن؛ درهم پیچیدن	anmele
char de combat	مخزن؛ حوض	shar de- konba
ruban adhésif	نوار؛ باندرل	ruban adezif
tapisserie	ملیله دوزی	tapisri
goudron	قیر زدن؛ قیرمالیدن به	gudron
tarse	خرده پا	tars
tartre	تاتار	tartr
tâche	کار؛ تکلیف	tash
gland	منگوله؛ شرابه	glan
pompon	منگوله؛ شرابه	ponpon
tatouage	خال کوبیدن؛ خال کوبی کردن	tatuazh
tatouer	خال کوبیدن؛ خال کوبی کردن	tatue
narguer	سرکوفت؛ شماتت کردن	narge
taverne	میکده؛ میخانه	tavern
fauve	گندمی؛ گندمگون	fov
taxation	مالیاتی؛ مالیات بندی	taksasuon
contribuable	مالیات دهنده؛ مالیات پرداز	kontribuabl
tasse de thé	چای	tas de- te
thé	چای	te
guider	آموزش دادن	gide
se déchirer	اشک؛ دریدن	se- deshire
larmoyant	گریان؛ اشکبار	larmwauan
taquiner	شوخی کردن؛ سخنان نیشدارگفتن	takine
technologique	فنی؛ تکنیکی	teknolozhik
technique	فن؛ تکنیک	teknik
technologie	تکنولوژی	teknolozhi
fastidieux	ممل؛ کسل کننده	fastidueu
adolescents	نوجوانی	adolesan
télégramme	تلگراف؛ تلگرام	telegram
télégraphe	تلگراف؛ تلگراف کردن	telegraf
télégraphier	تلگراف؛ تلگراف کردن	telegrafue
lunette	تلکسوپ؛ تلسکپ	lunet
télescope	تلکسوپ؛ تلسکپ	teleskop
télé	تلویزیون	tele
téléviseur	تلویزیون	televizoer
raconter	گفتن	rakonte
témérité	تهور	temerite
recuit	خلق؛ درست ساختن	rekui
tempérance	اعتدال	tanperans
tempéré	معتدل	tanpere
température	حرارت؛ دما	tanperatur
tempétueux	پرتوپ وتشر	tanpetueu
tempe	معبد	tanp
temple	معبد	tanpl
temporel	شقی؛ فانی	tanporel
temporairement	موقتاً	tanporerman
temporiser	دست بدست کردآن	tanporize
tenter	فریفتن؛ اغواکردن	tante
tentation	اغوا؛ وسوسه	tantasuon
tentant	وسوسه آمیز؛ هوس انگیز	tantan
dix	ده	dis
occupant	مستاجر؛ اجاره دار	okupan
tendre	مناقصه؛ پیشنهاد مناقصه	tandr
souci	مایل	susi
tendon	تاندون؛ زردپی	tandon
décuple	دهگانه؛ ده چندان	dekupl
dix fois	دهگانه؛ ده چندان	di fwa
Tennessee	تنسی	tenoesi
tennis	تنیس	tenis
ténor	مفهوم؛ مفاد	tenor
tendu	وخیم شدن؛ زمان فعل	tandu
de traction	کش دار	de- traksuon
extensible	کش دار	ekstansibl
tente	چادر؛ خیمه	tant
dixième	عشر	dizuem dis / dizuem
tiède	ولرم؛ نیمگرم	tued
terme	اصطلاح؛ دوره؛ شرط	term
trimestre	اصطلاح؛ دوره؛ شرط	trimestr
station	پایانه	stasuon
terrasse	تختان؛ تراس	teras
gradins	تختان؛ تراس	graden
épouvantable	وحشتناک	epuvantabl
terriblement	به طرز وحشتناکی	teribleman
terrifier	ترساندن	terifue
territorial	زمینی؛ ارضی	teritorual
terreur	وحشت	teroer
terrorisme	تروریسم	terorism
terroriste	تروریست	terorist
lapidaire	مختصر ومفید	lapider
Tertiaire	قسمت سوم	tersuer
testicule	تخم؛ بیضه	testikul
testifier	شهادت دادن؛ گواهی دادن	testifue
témoin	شهادت	temwen
témoignage	شهادت	temwanuazh
Teutonne	توتنی	teuton
Teuton	توتنی	teuton
Téxas	تکزاس؛ تگزاس	teksa
texte	متن	tekst
SMS	متن	esemes
livre de classe	کتاب درسی	livr de- klas
remercier	تشکر کردن	remersue
remerciements	ممنون	remersiman
remerciement	ممنون	remersiman
Action de grâce	شکرگزاری	aksuon de- gras
que cela	که، آن	ke sela
chaume	کاه پوش کردن؛ کاه اندود کردن	shom
dégel	آب کردن؛ آب شدن	dezhel
dégeler	آب کردن؛ آب شدن	dezhle
théâtre	تئاتر؛ تماشا خانه	teatr
dramaturgie	تئاتر	dramaturzhi
te	تورا	te-
toi	تورا	twa
leur	مال آنها	loer
leurs	مال آنها	loer
eux	آنها (مفعول)	eu
les	آنها (مفعول)	le-
eux-mêmes	خودشان	eumem
théologique	لدنی	teolozhik
théologie	الاهیات؛ علمالادیان	teolozhi
théorique	نظری	teorik
théoricien	نگرشگر	teorisuen
théoricienne	نگرشگر	teorisuen
théorie	فرضیه؛ نگره	teori
thérapeutique	معالج	terapeutik
thérapeute	درمانگر	terapeut
y	آنجا	igrek
là	آنجا	la
après quoi	بعدها؛ بدانوسیله	apre kwa
thermique	گرمایی	termik
thermomètre	درجه؛ گرمانما	termometr
ces	این‌ها	se
ces ...-ci	این‌ها	se si
thèse	پایان‌نامه	tez
ils	آنها	il
dense	انبوه؛ غلیظ	dans
fourré	کنام؛ شاخسار	fure
maquis	کنام؛ شاخسار	maki
épaisseur	غلظت؛ قطر	epesoer
grosseur	غلظت؛ قطر	grosoer
voleuse	دزد؛ ربا	voleuz
cuisse	ران	kuis
dé à coudre	انگشتانه	de a kudr
ta	مال تو	ta-
tes	مال تو	te-
chose	چیز	shoz
penser	فکر کردن	panse
penseur	فکور؛ متفکر	pansoer
trois	سوم	trwa
troisième	سوم	trwazuem
tertio	ثالثا	tersuo
troisièmement	ثالثا	trwazuemman
avoir soif	عطش؛ تشنگی	avwar swaf
assoiffé	تشنه	aswafe
treize	سیزده	trez
trente	سی	trant
cette	این	set
thorax	قفسه سینه	toraks
thorn	خار؛ سرتیز	thorn
ive	کامل	iv
grand-rue	شارع عام	granru
ceux-là	آن‌ها؛ کسانی	seu la
attentionné	فکور؛ متفکرانه	atansuone
1.000^ème)	یک هزار	mil uem
millième (abbreviations 1000^ème	یک هزار	miluem abrevuasuon mil uem
fil	نخ؛ نخ کردن	fil
processus léger	نخ؛ نخ کردن	prosesus lezhe
danger public	تهدید؛ تحدید	danzhe publik
menace	تهدید؛ تحدید	menas
trio	سه	trio
trois fois plus grand	ثلاثی؛ ثلاث	trwa fwa plu gran
triple	ثلاثی؛ ثلاث	tripl
seuil	آستانه؛ درگاه	soeu
seuil de tolérance	آستانه؛ درگاه	soeu de- tolerans
trois fois	سه مرتبه؛ سه دفعه	trwa fwa
économe	مقتصد؛ صرفه جو	ekonom
prospérer	پربرکت شدن؛ نشو و نما کردن	prospere
goulot	گلو؛ حلقوم	gulo
battement	طپیدن؛ تپش داشتن	batman
pulsation	طپیدن؛ تپش داشتن	pulsasuon
trône	مسند؛ اورنگ	tron
par	از طریق	par
pendant tout le	سرتاسر؛ سربسر	pandan tu le-
poussée	فشار؛ تپاندن	puse
estocade	فشار؛ تپاندن	estokad
martèlement	هف هف	martelman
marteler	هف هف	martele
feuilleter	انگشت شست	foeute
tonnerre	رعد؛ تندر	toner
tonner	رعد؛ تندر	tone
jeudi	پنجشنبه	zheudi
contrarier	عقیم گذاردن	kontrarue
tibia	درشت نی	tibua
faire tic-tac	کنه	fer tiktak
billet	بلیط	biue
chatouiller	غلغلک؛ غلغلک دادن	shatuue
marée	خیزآب؛ کشند داشتن	mare
ranger	میتیل	ranzhe
liaison de tenue	بستن؛ گره	luezon de- tenu
liaison de prolongation	بستن؛ گره	luezon de- prolongasuon
tigre	ببر	tigr
tigresse	ببر	tigres
se resserrer	تنگ کردن؛ سفت کردن	se- resere
étroitesse	سفتی	etrwates
tuile	کاشی	tuil
jusqu'à	تا؛ صندوق پول	zhuska
caisse enregistreuse	تا؛ صندوق پول	kes anrzhistreuz
labour	کشت وزرع	labur
excavatrice	اهرم سکانکشتی	ekskavatris
poutre	صدای خشک؛ صدای زنگ	madrie / putr manbrur
membrure	صدای خشک؛ صدای زنگ	madrie / putr manbrur
fois	زمان	fwa
au bon moment	بجا؛ بوقت	o bon moman
tides	صورت اوقات	tid
planifier	صورت اوقات	planifue
craintif	نافر؛ ترسو	krentif
boite de conserve	قلع؛ حلب	bwat de- konserv
nuance	تنتور	nuans
ton	تنتور	ton
amadou	فتیله فندک	amadu
teinte	سایه رنگ؛ کمی رنگ زدن	tent
picotement	سوزش کردن	pikotman
bricoler	بندزدن؛ سرهم بندی	brikole
clinquant	پولک؛ نقده	klenkan
guirlande	پولک؛ نقده	girland
décharge	سر؛ نوک	desharzh
astuce	سر؛ نوک	astus
égayé	لول؛ شنگول	egeue
marcher sur la pointe des pieds	تیپا؛ نوک پنجه	marshe sur la- pwent de- pue
pointe des pieds	تیپا؛ نوک پنجه	pwent de- pue
fatiguer	لاستیک؛ تایر	fatige
fatiguée	خسته	fatige
kleenex	بافت، دستمال کاغذی	klineks
mésange	دختریازن؛ نوک پستان	mezanzh
lolo	دختریازن؛ نوک پستان	lolo
intitulé	عنوان	entitule
petit point	همزه	peti pwen
au	به، تا (حرف اضافه)	o
rôtie	برشته کردن؛ برشته شدن	roti
pain grillé	برشته کردن؛ برشته شدن	pen griue
tabac	توتون؛ تنباکو	taba
aujourd'hui	امروز	ozhurdui
doigt de pied	انگشت پا؛ شست پا	dwa de- pue
travailler	مشقت کشیدن؛ محصول رنج	travaue
toilettes	توالت	twalet
w.-c.	توالت	dublevese
tolérable	قابل تحمل؛ تحمل پذیر	tolerabl
tolérant	صبور؛ شکیبا	toleran
tolérer	تحمل کردن؛ بردباری کردن	tolere
toleration	مدارا؛ آزادمنشی	tolrasuon
sonnerie	باج؛ حق العبور	sonri
péage	باج؛ حق العبور	peazh
tomate	گوجه فرنگی	tomat
tombe	گور؛ قبر	tonb
tombeau	گور؛ قبر	tonbo
demain	فردا	demen
tonne	تن	ton
pinces	انبر	pens
languette	زبان؛ لسان	langet
à soir	امشب	a swar
au soir	امشب	o swar
tonnage	تن شماری؛ بر حسب شماره تن	tonazh
amygdale	بادامک؛ لوزه	amigdal
outil	وسیله؛ آلت	uti
dent	دندان	dan
édenté	بی دندان؛ بدون دندانه	edante
première demi-manche	بالا؛ راس	premuer demimansh
toupie	بالا؛ راس	tupi
lampe de poche	مشعل؛ مشعلدار کردن	lanp de- posh
tore	علف بلند؛ گچ بری	tor
tourment	آزار؛ عذاب	turman
déchiré	دریده؛ گسیخته	deshire
tornade	گردباد	tornad
déluge	سیل وار؛ جریان شدید	deluzh
trombe	سیل وار؛ جریان شدید	tronb
tortue	سنگ پشت؛ لاک پشت	tortu
torture	آزار؛ عذاب	tortur
écroulement	تاتی	ekrulman
contact	مس؛ لامسه	kontakt
toucher	مس؛ لامسه	tushe
tournée	گشت کردن؛ سیاحت کردن	turne
tourisme	سیاحت؛ جهانگردی	turism
touriste	توریست	turist
tournoi	تورنمنت	turnwa
garrot	شریان بند	garo
racoler	بلند انتشار دادن؛ بلند جار زدن	rakole
racoleur	بلند انتشار دادن؛ بلند جار زدن	rakoloer
remorquage	بکسل کردن؛ هر دوتا	remorkazh
étoupe	بکسل کردن؛ هر دوتا	etup
envers	به‌سوی؛ نسبت به	anver
la maison dieu	برج	la- mezon dueu
bourg	شهر	bur
toxine	زهر؛ زهرابه	toksin
jouet	بازیچه؛ لعبت	zhue
calquer	ردگیری کردن	kalke
trachéal	نای مانند	trasheal
voie	ردیابی کردن؛ رد پا گرفتن	vwa
malléable	سربراه؛ سست مهار	maleabl
docile	سربراه؛ سست مهار	dosil
métier	تجارت؛ دادوستد	metue
commerçant	سوداگر	komersan
trader	سوداگر	trade
coutume	رسم؛ سنت	kutum
traditionnel	سنتی؛ عرفی	tradisuonel
traditionnellement	علیالرسم؛ نقلا	tradisuonelman
trafic	ترافیک	trafik
traite	ترافیک	tret
tragédie	تراژدی	trazhedi
tragique	غم‌انگیز	trazhik
roulotte	تریلی	rulot
bande-annonce	تریلی	bandanons
traîne	قطار، آموزش دادن	tren
stagiaire	کارآموز؛ فرهیختگر	stazhuer
basket	مودب؛ پرورنده	basket
entraîneur	مودب؛ پرورنده	antrenoer
traître	غادر؛ غدار	tretr
traîtresse	غادر؛ غدار	tretres
garce	صدای پا؛ آسمان جل	gars
piétiner	پامال کردن؛ پایمال کردن	puetine
tranquillité	آسایش؛ سکون	trankilite
effectuer	دادوستد کردآن؛ داد وستد کردن	efektue
transaction	معامله؛ سودا	tranzaksuon
transcender	بالاتر بودن؛ ورا رفتن	transande
transcrire	نسخه بر داشتن	transkrir
adaptateur	آوانویس	adaptatoer
traducteur	آوانویس	traduktoer
arrangement	استنساخ؛ رونویسی	aranzhman
transfert	انتقال؛ واکهداشتن	transfer
transformer	استحاله یافتن؛ تغییر شکل دادن	transforme
transformée	استحاله یافتن؛ تغییر شکل دادن	transforme
transformation	تبدیل؛ دگرگونی	transformasuon
transformateur	مقلب؛ ترانسفورماتور	transformatoer
transfusion sanguine	تزریق؛ نقل وانتقال	transfuzuon sangin
transfusion	تزریق؛ نقل وانتقال	transfuzuon
théodolite	گزر؛ ترانزیت	teodolit
transition	گذارنما	tranzisuon
translater	ترجمه کردن	translate
traduction	ترجمه؛ مترجمی	traduksuon
traductrice	مترجم؛ مترجم کتبی	traduktris
translucide	فراتاب	translusid
boite de vitesses	ارسال؛ مخابره	bwat de- vites
émettre	انتقال دادن	emetr
diaphane	شفاف	duafan
transplantation	پیوند کردن؛ پیوند زدن	transplantasuon
transport de troupes	نقلیه؛ نقل کردن	transpor de- trup
siphon	تله	sifon
trappe	تله	trap
corbeille	آشغال؛ خاکروبه	korbeu
corbeille à papier	آشغال؛ خاکروبه	korbeu a papue
traumatisme	جراحت؛ اثر ضربت	tromatism
traumatique	ضربهای؛ جراحتی	tromatik
labeur	درد شکیدن	laboer
voyageur	مسافر؛ سیاح	vwauazhoer
voyageuse	مسافر؛ سیاح	vwauazheuz
cabaret	طبله؛ سینی	kabare
traîtrise	نارو	tretriz
fouler	پازدن	fule
tapis roulant	چرخ عصارخانه	tapi rulan
priser	گنج	prize
ministre du budget	خازن؛ گنجور	ministr du- buue
trésorier	خازن؛ گنجور	trezorue
trésorerie	گنجینه؛ گنجوری	trezorri
traité	پیمان؛ معاهده	trete
tripler	صدای زیر؛ سه برابر	triple
arçon	درخت	arson
arbre	درخت	arbr
vibrer	ارتعاش؛ لرزیدن	vibre
secousse sismique	جنبش؛ تکان	sekus sismik
tremuleux	لرزش دار	tremuleu
tranchée	سنگر؛ خندق زدن	transhe
trespas	حد شکنی	trespa
enfreindre entrer par effraction	حد شکنی	anfrendr antre par efraksuon
triangle	مثلث؛ سه گوش	triangl
triangulaire	مثلثی؛ سهگوشی	trianguler
tribu	قبیله	tribu
affluent	ذمی؛ خراجگزار	afluan
tribut	جزیه	tribu
tricherie	دستان؛ گول زنی	trishri
magouillage	دستان؛ گول زنی	maguuazh
broutille	سرسری گرفتن؛ کم بها	brutiu
babiole	سرسری گرفتن؛ کم بها	babuol
gâchette	راه‌اندازی کردن	gashet
déclenchement	راه‌اندازی کردن	deklanshman
billion	تریلیون	biuuon
trillion	تریلیون	triuuon
triade	تثلیث؛ سهگانگی	triad
trinité	تثلیث؛ سهگانگی	trinite
croche-pied	سفر کوتاه	kroshpue
croc-en-jambe	سفر کوتاه	kroanzhanb
triparti	سه طرفه؛ سه جزئی	triparti
pour trois	ثلاثه؛ سهگانه	pur trwa
triomphe	پیروزی؛ ضفر یافتن	trionf
triompher	پیروزی؛ ضفر یافتن	trionfe
triomphal	منصور؛ فریاد پیروزی	trionfal
anodin	تخمی؛ جزئی	anoden
piétiné	پامال	puetine
piétinée	پامال	puetine
troupes	لشکر	trup
trophée	نشان ظفر	trofe
tropical	گرمسیری؛ گرمسیر	tropikal
trot	یورتمه؛ یورتمه رفتن	tro
trotter	یورتمه؛ یورتمه رفتن	trote
gênant	مصدع؛ پرزحمت	zhenan
troublant	مصدع؛ پرزحمت	trublan
thalweg	سنگاب	talweg
truite	قزل آلا؛ ماهی قزل آلا	truit
déplantoir	ماله؛ ماله کشیدن	deplantwar
truelle	ماله؛ ماله کشیدن	truel
conduire un camion	بارکش؛ کامیون	konduir un kamuon
barrissement	شیپور	barisman
trompettiste	شیپور	tronpetist
trompe	تنه؛ خرطوم	tronp
malle	تنه؛ خرطوم	mal
treillis	خرپا؛ پایه زدن	treui
structure triangulée	خرپا؛ پایه زدن	struktur triangule
faire confiance	اعتماد؛ اعتبار	fer konfuans
fiduciaire	امانت دار	fidusuer
mandataire social	امانت دار	mandater sosual
de confiance	موثق؛ معتمد	de- konfuans
digne de confiance	موثق؛ معتمد	dinu de- konfuans
verdad	اصل؛ حقیقت	verdad
véridiquement	صادقانه	veridikman
tâcher	تلاش کردن	tashe
tee-shirt	تی‌شرت	tishoert
tsunami	سونامی	tsunami
rafiot	لگن؛ طشت	rafuo
bassine	لگن؛ طشت	basin
tuberculose	سل	tuberkuloz
tubulaire	لولهای	tubuler
mardi	سه‌شنبه	mardi
tirement	یدک کش؛ بازور کشیدن	tirman
remorquer	یدک کش؛ بازور کشیدن	remorke
dégringoler	غلت زدن؛ معلق خوردن	degrengole
tumbler	معلق زن	tunble
tumeur	ورم؛ غده	tumoer
bagarre	هیاهو؛ جنجال راه	bagar
barouf	هیاهو؛ جنجال راه	baruf
tumultueux	پر آشوب؛ بهم ریخته	tumultueu
turbine	توربین	turbin
turbulence	اغتشاش؛ تلاطم	turbulans
une motte de gazon	باچمن پوشاندن؛ کلوخ چمنی	un mot de- gazon
flop	عثمانی؛ بوقلمون	flop
daube	عثمانی؛ بوقلمون	dob
turc	ترک؛ عثمانی	turk
chaos	بهم خوردگی	kao
tourneur	برگردان؛ چرخنده	turnoer
capoter	سنگ پشت؛ لاک پشت	kapote
tweed	نوعی فاستونی	twid
douze	دوازده	duz
vingtième	بیستم؛ بیستمین	ventuem ven / ventuem
vingt	بیستم؛ بیستمین	ventuem ven / ventuem
deux fois	دو بار	deu fwa
brindille	شاخه؛ چیله	brendiu
capter	شاخه؛ چیله	kapte
brumes	شفق	brum
pénombre	شفق	penonbr
jumeau	دوقلو؛ همزاد	zhumo
deux or	دو	deuz or
billet de deux dollars	دو	biue de- deu dolar
ubiquiste	همه‌جا حاضر؛ فراگیر	ubikist
omniprésent	همه‌جا حاضر؛ فراگیر	omniprezan
laid	زشت	led
moche	زشت	mosh
ulcère	زخم؛ زخم گوارشی	ulser
parapluie	چتر	paraplui
ombrelle	چتر	onbrel
inacceptable	غیرقابل قبول	inakseptabl
inconscient de	بی‌خبر؛ ناآگاه	enkonsuan de-
oncle	عمو، دایی	onkl
tonton	عمو، دایی	tonton
dévoiler	آشکار کردن؛ برداشتن پوشش	devwale
subir	متحمل شدن	subir
apprendre par l’expérience	متحمل شدن	aprandr par leksperuans
étudiant de premier cycle	دانشجوی کارشناسی	etuduan de- premue sikl
attirer l’attention	زیرخط کشیدن؛ تأکید کردن	atire latansuon
entreprendre	بر عهده گرفتن	antreprandr
chômage	بیکاری	shomazh
inattendu	غیرمنتظره	inatandu
injuste	ناعادلانه	enzhust
déplier	آشکار شدن	deplie
dérouler	آشکار شدن	derule
malencontreux	بدشانس	malankontreu
infortuné	بدشانس	enfortune
malheureux	ناراحت؛ ناخشنود	maleureu
uniforme	لباس فرم؛ یکنواخت	uniform
unité	واحد	unite
unir	متحد شدن	unir
universel	جهانی	universel
universelle	جهانی	universel
univers	جهان؛ کیهان	univer
inconnue	ناشناخته	enkonu
décharger	خالی کردن بار	desharzhe
déverrouiller	باز کردن قفل	deveruue
impayé	پرداخت‌نشده؛ بدون حقوق	enpeue
déplaisant	ناخوشایند	deplezan
débrancher	از برق کشیدن	debranshe
jusque	تا	zhusk
levé	بالا	leve
debout	بالا	debu
updater	به‌روزرسانی؛ به‌روز کردن	ʌpdeutoer
actualiser	به‌روزرسانی؛ به‌روز کردن	aktualize
mise à niveau	ارتقا؛ ارتقا دادن	miz a nivo
téléverser	بارگذاری	televerse
mettre en ligne	بارگذاری	metr an linu
bouleverser	ناراحت؛ برهم زدن	bulverse
énerver	ناراحت؛ برهم زدن	enerve
citadin	شهری	sitaden
nous	ما (مفعول)	nu
à nous	ما (مفعول)	a nu
usage	کاربرد	uzazh
utiliser	استفاده کردن، استفاده	utilize
inutilisable	بی‌فایده	inutilizabl
d'habitude	معمولاً	dabitud
vacances	تعطیلات	vakans
aller en vacances	تعطیلات	ale an vakans
vaccin	واکسن	vaksen
vacuum	خلأ؛ جاروبرقی	vakuom
valide	معتبر	valid
vallée	دره	vale
valeur	ارزشمند	valoer
fourgon	ون؛ خودرو باری کوچک	furgon
fourgonnette	ون؛ خودرو باری کوچک	furgonet
s'annuler	ناپدید شدن	sanule
s'évanouir	ناپدید شدن	sevanuir
variante	تنوع	varuant
déclinaison	تنوع	deklinezon
variété	تنوع؛ گوناگونی	varuete
vaste	وسیع؛ پهناور	vast
légume	سبزیجات	legum
véhicule	وسیله نقلیه	veikul
s'aventurer	سرمایه‌گذاری پرریسک؛ جسارت کردن	savanture
verbal	شفاهی؛ کلامی	verbal
verifier	تأیید کردن؛ راستی‌آزمایی کردن	verifue
très	خیلی	tre
vase	کشتی؛ رگ؛ ظرف	vaz
vaisseau	کشتی؛ رگ؛ ظرف	veso
vétéran	کهنه‌سرباز؛ باتجربه	veteran
via	از طریق	vua
vibrant	پرانرژی؛ درخشان	vibran
victoire	پیروزی	viktwar
vidéo	ویدئو	video
vision	دیدگاه؛ منظره؛ مشاهده کردن	vizuon
hameau	روستا	amo
village	روستا	vilazh
transgresser	نقض کردن	tranzgrese
violence	خشونت	vuolans
vif	خشونت‌آمیز	vif
virtuel	مجازی	virtuel
virus informatique	ویروس	virus enformatik
virus	ویروس	virus
visa	ویزا	viza
visible	قابل مشاهده	vizibl
visite	بازدید، بازدید کردن	vizit
invitée	بازدیدکننده	envite
vital	حیاتی؛ ضروری	vital
vitamine	ویتامین	vitamin
bénévole	داوطلبانه	benevol
voix	رأی؛ رأی دادن	vwa
vote	رأی؛ رأی دادن	vot
votation	رای‌گیری	votasuon
voyelle	حرف صدادار	vwauel
naviguer	سفر دریایی	navige
vulnérable	آسیب‌پذیر	vulnerabl
serveur	پیشخدمت (مرد)	servoer
sillage	بیدار شدن	siuazh
veillée funèbre	بیدار شدن	veue funebr
promenade	پیاده‌روی، پیاده‌روی کردن	promnad
paroi	دیوار	parwa
mur	دیوار	mur
porte-monnaie	کیف پول	portmone
vaguer	سرگردان شدن	vage
vouloir	خواستن	vulwar
avoir envie	خواستن	avwar anvi
guerre	جنگ	ger
enflammée	گرم	anflame
alerter	هشدار دادن	alerte
avertir	هشدار دادن	avertir
machine	شستن	mashin
lavage	شستن	lavazh
eaux	آب	o
eau	آب	o
onde	موج؛ دست تکان دادن	ond
arme	سلاح	arm
user	پوشیدن	uze
intempéries	آب و هوا	entanperi
site web	وب‌سایت	sitweb
mercredi	چهارشنبه	merkredi
semaine	هفته	semen
fin de semaine	آخر هفته	fen de- semen
weekend	آخر هفته	wikend
hebdomadaire	هفتگی	ebdomader
hebdomadairement	هفتگی	ebdomaderman
bienvenu	خوش آمدید، پذیرایی کردن	buenvnu
bienvenue	خوش آمدید، پذیرایی کردن	buenvnu
aide sociale	رفاه	ed sosual
bien-être	رفاه	buennetr
puits	خوب، چاه	pui
ouest	غرب	uest
occident	غرب	oksidan
se mouiller	خیس	se- muue
ce que	چه، چه چیزی	se- ke
ce qui	چه، چه چیزی	se- ki
froment	گندم	from
volant	چرخ	volan
quand	چه زمانی	kan
dès que	چه زمانی	de ke
où	کجا	u
quel	کدام	kel
lequel	کدام	lekel
chuchotement	نجوا کردن	shushotman
murmurer	نجوا کردن	murmure
sifflet	سوت؛ سوت زدن	sifle
blanche	سفید	blansh
qui	چه کسی	ki
OMS	چه کسی	om
pourquoi	چرا	purkwa
généralisé	گسترده	zheneralize
femme	همسر (زن)	fam
sauvage	وحشی	sovazh
faune	حیات وحش	fon
e.g. J’irai au magasin.	فعل کمکی آینده	ezhe zhire o magazen ale / lege
léguer	فعل کمکی آینده	ezhe zhire o magazen ale / lege
pet	باد؛ پیچیدن	pe
vent	باد؛ پیچیدن	van
fenêtre	پنجره	fenetr
vin	شراب	ven
aile	بال	el
ailier	بال	elue
gagnant	برنده	ganuan
vainqueur	برنده	venkoer
hiver	زمستان	iver
hiverner	زمستان	iverne
sagesse	خرد	sazhes
souhaiter	آرزو؛ آرزو کردن	suete
avec	با	avek
sans	بدون	san
merveilleux	فوق‌العاده	merveueu
laine	پشم	len
Verbe	کلمه	verb
verbe	کلمه	verb
ouvrier	کارگر	uvrie
ouvrière	کارگر	uvrier
main-d'œuvre	نیروی کار	mendoevr
lieu de travail	محل کار	lueu de- travau
La Terre	جهان	la- ter
vermine	کرم	vermin
scarabée	کرم	skarabe
s'inquiéter	نگران شدن؛ نگرانی	senkuete
méritant	ارزش؛ ارزشمند	meritan
s'il vous plaît?	فعل کمکی	sil vu ple
lésion	زخم؛ زخمی کردن	lezuon
poignet	مچ دست	pwanue
écrire	نوشتن	ekrir
écrivain	نویسنده	ekriven
avoir tort	غلط	avwar tor
xénon	زنون	gzenon
xénophobie	بیگانه‌هراسی	gzenofobi
xénophobe	بیگانه‌هراس	gzenofob
photocopie	فتوکپی؛ کپی کردن	fotokopi
photocopier	فتوکپی؛ کپی کردن	fotokopue
radiographie	پرتو ایکس؛ عکس رادیولوژی	raduografi
rayon X	پرتو ایکس؛ عکس رادیولوژی	reuon iks
xylème	آوند چوبی	gzilem
xylène	زایلین	gzilen
xylitol	زایلیتول	gzilitol
marimba	زیلوفون	marenba
xylophone	زیلوفون	gzilofon
yacht	قایق تفریحی	uot
bâillement	خمیازه؛ خمیازه کشیدن	bauman
bâiller	خمیازه؛ خمیازه کشیدن	baue
ouais	بله (غیر رسمی)	ue
année	سال	ane
an	سال	an
d'une année	یک‌ساله؛ سراسر سال	dun ane
toute l'année	یک‌ساله؛ سراسر سال	tut lane
levure	مخمر	levur
jaune	زرد	zhon
plutôt jaune	مایل به زرد	pluto zhon
oui	بله	wi
hier	دیروز	uer
jusqu'à présent	هنوز؛ بااین‌حال	zhuska prezan
laisser passer	بازده؛ تسلیم شدن	lese pase
yoga	یوگا	uoga
yaourt	ماست	uaurt
yogourt	ماست	uogurt
là-bas	آن‌سو	laba
vous	شما، تو	vu
vos	مال شما/تو	vo
votre	مال شما/تو	votr
toi-même	خودت، خودتان	twamem
vous-même	خودت، خودتان	vumem
jeunesse	جوانی؛ جوانان	zheunes
juvénile	جوان‌گونه؛ شاداب	zhuvenil
délicieuse	خوشمزه	delisueuz
zapper	ضربه ناگهانی؛ نابود کردن	zape
faire du zapping	ضربه ناگهانی؛ نابود کردن	fer du-zaping
zèle	اشتیاق؛ شور	zel
assiduité	اشتیاق؛ شور	asiduite
zélé	مشتاق؛ پرشور	zele
zèbre	گورخر	zebr
zénith	اوج	zeunith
mettre à zéro	صفر	metr a zero
zéro	صفر	zero
épicer	شور و شوق؛ پوست رنده‌شده مرکبات	epise
zigzaguer	زیگزاگ	zigzage
zigzag	زیگزاگ	zigzag
fermeture éclair	زیپ	fermetur ekler
tirette	زیپ	tiret
zircon	زیرکن	zirkon
zirconium	زیرکونیوم	zirkonuom
zodiaque	منطقه‌البروج؛ برج‌های فلکی	zoduak
zombi	زامبی	zonbi
zombie	زامبی	zonbi
zone	منطقه‌ای	zon
zoo	باغ‌وحش	zo
zoologique	جانورشناختی	zoolozhik
zoologue	جانورشناس	zoolog
zoologiste	جانورشناس	zoolozhist
zoologie	جانورشناسی	zoolozhi
zoom	بزرگ‌نمایی؛ زوم کردن	zum
zoonotique	مشترک میان انسان و حیوان	zoonotik
zygote	زیگوت؛ سلول تخم	zigot
