un	یک (حرف تعریف نامعین)	un
una	یک (حرف تعریف نامعین)	una
abaco	چرتکه	abako
pallottoliere	چرتکه	pallottoliere
abbandonare	رها کردن؛ ترک کردن	abbandonare
bandire	رها کردن؛ ترک کردن	bandire
abbandono	ترک؛ رهاسازی	abbandono
abnegazione	ترک؛ رهاسازی	abnegatsione
riduzione	کاهش؛ فروکش	ridutsione
abbazia	خانقاه	abbatsia
alfabeto	الفبا؛ مبانی اولیه	alfabeto
abdicare	کناره‌گیری کردن؛ واگذار کردن	abdikare
addome	شکم؛ بطن	addome
addominale	شکمی؛ بطنی	addominale
rapire	ربودن	rapire
sottrarre	ربودن	sottrarre
abductore	آدمدزد؛ آدمربا	abduktore
sospensione	بی تکلیفی	sospensione
duraturo	وفا کننده	duraturo
persistente	وفا کننده	persistente
capacità	توانایی	kapachita
abbietto	خوار و زار	abbyetto
in fiamme	افروخته	in fyamme
fiammeggiante	افروخته	fyammejante
capace	قادر	kapache
anomalo	غیر عادی	anomalo
anormale	غیر عادی	anormale
anomalia	نابههنجاری	anomalia
soggiorno	بودباش	sojorno
dimora	بودباش	dimora
abolire	لغو کردن	abolire
abolizione	نسخ؛ برانداختگی	abolitsione
abominabile	مکروه	abominabile
abominazione	عمل شنیع	abominatsione
fermare	سقط کردن؛ ریشه نکردن	fermare
interrompere	سقط کردن؛ ریشه نکردن	interrompere
aborto	سقط جنین	aborto
abortivo	سقط جنین	abortivo
abortito	عقیم	abortito
abbondare	زیاد بودن؛ وفور داشتن	abbondare
essere abbondante	زیاد بودن؛ وفور داشتن	essere abbondante
riguardo a	درباره، حدوداً	rigvardo a
circa	درباره، حدوداً	chirka
sopra	بالای، بالاتر	sopra
Abramo	ابراهیم؛ ابراهیم پیامبر	abramo
abrasione	خراش؛ سیش	abrazione
ridotta	مجمل؛ تلخیص شده	ridotta
ridotto	مجمل؛ تلخیص شده	ridotto
all'estero	خارج از کشور	allestero
brusca	تند؛ ناگهان	bruska
brusco	تند؛ ناگهان	brusko
improvvisamente	بی مقدمه	improvvizamente
ascesso	آبسه	ashesso
assenza	غیبت	assentsa
assente	غایب	assente
assoluto	مطلق؛ محض	assoluto
assolutamente	مطلقا؛ مطلقاً	assolutamente
assorbire	جذب کردن	assorbire
includere	جذب کردن	inkludere
assorbente	جاذب؛ نشاف	assorbente
assorbimento	جذب؛ انجذاب	assorbimento
astenersi	نکول کردن؛ خودداری کردن	astenersi
astensione	نکول	astensione
teorico	انتزاعی	teoriko
astratto	انتزاعی	astratto
astrazione	انتزاع؛ تجرید	astratsione
astruso	غامض؛ مغلق	astruzo
assurdo	پوچ	assurdo
cuccagna	فراوانی	kukkanynya
abbondanza	فراوانی	abbondantsa
abbondante	انبوه؛ وافر	abbondante
abbondantemente	بفراوانی	abbondantemente
abuso	سوء استفاده	abuzo
violenza	سوء استفاده	violentsa
abisso	مغاک؛ حضیض	abisso
acacia	اقاقیا	akacha
accademico	تحصیلی؛ آکادمیک	akkademiko
accademia	آکادمی	akkademia
seminario	آکادمی	seminario
accelerare	تسریع کردن	achelerare
affrettare	تسریع کردن	affrettare
accento	لهجه	achento
accettare	پذیرفتن	achettare
accettabile	پذیرفتنی؛ موجه	achettabile
accettazione	پذیرش	achettatsione
accesso	دسترسی؛ دستیابی	achesso
accedere	دسترسی؛ دستیابی	achedere
accessibile	قابل دسترس	achessibile
accessione	جلوس؛ جلوس کردن	achessione
accessorio	هم دست	achessorio
incidente	تصادف	inchidente
accidentale	عرضی؛ تصادفی	achidentale
casualmente	تصادفی	kazualmente
accidentalmente	تصادفی	achidentalmente
acclamazione	احسنت	akklamatsione
adattare	جا دادن	adattare
accompagnamento	دم گیری	akkompanyamento
accompagnare	توام کردن؛ بدرقه کردن	akkompanyare
correa	دستیار؛ همداستان	korrea
correo	دستیار؛ همداستان	korreo
compire	انجام دادن	kompire
compiere	انجام دادن	kompyere
realizzazione	دستاورد	realidzatsione
talento	دستاورد	talento
accordo	طیب خاطر	akkordo
conformemente	بر این اساس	konformemente
di conseguenza	بر این اساس	di konsegventsa
in base	طبق، بر اساس	in baze
secondo	طبق، بر اساس	sekondo
conto	حساب؛ گزارش	konto
resoconto	حساب؛ گزارش	rezokonto
responsabilità	مسئولیت‌پذیری	responsabilita
responsabile	مسئول	responsabile
contabile	حسابدار	kontabile
ragioniere	حسابدار	rajoniere
contabilità	محاسبه؛ حسابداری	kontabilita
accrescersi	منتج گردیدن	akkreshersi
accumularsi	انباشت کردن	akkumularsi
accumulazione	انباشت	akkumulatsione
esattezza	دقت	ezattetsa
precisione	دقت	prechizione
esatto	دقیق؛ راستین	ezatto
accuratamente	با دقت	akkuratamente
minuziosamente	با دقت	minutsiozamente
accusa	اتهام	akkuza
accusare	متهم کردن؛ تهمت زدن	akkuzare
accusato	متهم	akkuzato
abituarsi	عادی کردن؛ خو دادن	abituarsi
adattarsi	عادی کردن؛ خو دادن	adattarsi
asso	کلمات میید	asso
realizzare	دست یافتن	realidzare
ottenere	دست یافتن	ottenere
successo	کار بزرگ	suchesso
vittoria	کار بزرگ	vittoria
acido	اسید؛ اسیدی	achido
acido lisergico	اسید؛ اسیدی	achido lizerjiko
ammettere	اقرار کردن	ammettere
riconoscere	اقرار کردن	rikonoshere
riconoscimento	اقرار؛ شهادت نامه	rikonoshimento
acme	نقطه کمال	akme
apice	نقطه کمال	apiche
acne	جوش؛ غرور جوانی	akne
conoscenza	معرفت؛ آشنا	konoshentsa
conoscente	بلد؛ شناسا	konoshente
informato	بلد؛ شناسا	informato
acconsentire	تن در دادن	akkonsentire
acquisire	اندوختن	akkvizire
acquisizione	اکتساب	akkvizitsione
Assoluzione	تبرئه؛ برائت ذمه	assolutsione
Acri	جریب	akri
caustico	تند؛ گس	kaustiko
attraverso	از عرض، سراسر	attraverso
dall'altra parte	از عرض، سراسر	dallaltra parte
agire	عمل کردن، نقش بازی کردن	ajire
atto	عمل کردن، نقش بازی کردن	atto
azione	عمل، اقدام	atsione
attivare	فعال کردن	attivare
attivo	فعال‌سازی	attivo
attivamente	فعالانه	attivamente
attivista	کنشگر	attivista
attività	فعالیت	attivita
attore	بازیگر (مرد)	attore
attrice	بازیگر (مرد)	attriche
reale	حالی	reale
effettivo	حالی	effettivo
davvero	در واقع	davvero
realmente	در واقع	realmente
agopuntura	سوزن درمانی؛ طب سوزنی	agopuntura
acuto	حاد	akuto
astutamente	بحدت	astutamente
d.C.	بلد؛ ضال	dichi
ostinato	یکدنده	ostinato
irremovibile	یکدنده	irremovibile
aggiungere	اضافه کردن	ajunjere
aggiungitore	افزیشگر؛ مار جعفری	ajunjitore
dipendente	معتاد؛ افیونی	dipendente
assuefatto	معتاد؛ افیونی	assuefatto
Dipendenza	اعتیاد	dipendentsa
addizione	جمع؛ علاوه	additsione
aggiunta	جمع؛ علاوه	ajunta
addizionale	اضافی	additsionale
addizionalemente	علاوه بر این	additsionalemente
indirizzo	آدرس	indiritso
rivolgersi	آدرس	rivoljersi
abile	مرد زبردست	abile
mago	مرد زبردست	mago
adeguato	کافی	adegvato
adeguatamente	به اندازه کافی	adegvatamente
aderire	پایبند بودن	aderire
Adesione	دوسیدگی؛ کشش سطحی	adezione
adhesivo	چسبناک؛ چسبنده	adezivo
adiacente	مجاور	adyachente
aggettivo	صفت	ajettivo
aggettivale	صفت	ajettivale
subordinato	صفت فرعی	subordinato
secondario	صفت فرعی	sekondario
adeguare	تنظیم کردن	adegvare
adattamento	تنظیم	adattamento
inserimento	تنظیم	inserimento
adjutante	آجودان	adjutante
amministrare	اداره کردن	amministrare
amministrazione	مدیریت؛ دولت	amministratsione
amministrativo	اداری	amministrativo
amministratore	مدیر	amministratore
ammirare	هژیر؛ پسندیده	ammirare
ammiraglio	دریاسالار؛ دریابیگی	ammiralyo
ammiragliato	دریاسالاری	ammiralyato
ammirazione	پسند؛ تحسین	ammiratsione
ammiratore	ستینده؛ تحسینکننده	ammiratore
ammissione	پذیرش	ammissione
ammettuto	پذیرفته	ammettuto
per ammissione	معترفا	per ammissione
certamente	معترفا	chertamente
ammonire	پند دادن	ammonire
ammonitorio	عبرتانگیز	ammonitorio
adolescenza	بلوغ	adoleshentsa
giovincello	نوجوان	jovinchello
adolescente	نوجوان	adoleshente
adottare	اتخاذ کردن؛ فرا گرفتن	adottare
adozione	فرزندخواندگی	adotsione
migrazione	فرزندخواندگی	migratsione
adorabile	قابل پرستش	adorabile
adorazione	پرستش؛ عشق ورزی	adoratsione
adorare	پرستیدن	adorare
ornare	آراستن؛ پیراستن	ornare
adornare	آراستن؛ پیراستن	adornare
ornando	آریش دهنده	ornando
alla deriva	غوطه ورروی آب مج	alla deriva
destro	زبر دست	destro
adulto	بزرگسال	adulto
progresso	پیشروی؛ راقی	progresso
avanzare	پیشروی؛ راقی	avantsare
avanzata	پیشروی؛ ترفیع	avantsata
vantaggio	مزیت	vantajo
vantaggioso	نافع؛ باصرفه	vantajozo
avvento	ظهور	avvento
Avvento	ظهور	avvento
avventura	ماجراجویی	avventura
peripezia	ماجراجویی	peripetsia
avventuriero	ماجراجو؛ حادثه جو	avventuriero
avversaria	هم آورد؛ هم نبرد	avversaria
avversario	هم آورد؛ هم نبرد	avversario
avverso	نامطلوب	avverso
contrario	نامطلوب	kontrario
avversità	نکبت؛ ضرا	avversita
pubblicizzare	تبلیغ کردن	pubblichidzare
annuncio	آگهی	annuncho
pubblicità	آگهی	pubblichita
consiglio	نصیحت، مشاوره	konsilyo
consigliabile	مقتضی؛ مصلحتآمیز	konsilyabile
consigliare	اعلامیه؛ تجویز	konsilyare
consigliere	رهنمون؛ ناصح	konsilyere
sostegno	طرفداری	sostenyyo
patrocinio	طرفداری	patrochinio
avvocata	حمایت کردن، حامی	avvokata
avvocato	حمایت کردن، حامی	avvokato
aereo	هویی	aereo
etereo	هویی	etereo
artistico	زیبایی شناختی	artistiko
amabile	خوش خلق؛ خوش برخورد	amabile
affabile	خوش خلق؛ خوش برخورد	affabile
affare	امر؛ مصلحت	affare
questione	امر؛ مصلحت	kvestione
influenzare	تأثیر گذاشتن	influentsare
affetto	محبت	affetto
affettuoso	مهربان؛ عاطف	affettuozo
asserire	آشکارا گفتن؛ بحق دانستن	asserire
affermazione	یجاب	affermatsione
affirmativo	مبت؛ تصدیقآمیز	affirmativo
afflitto	مستمند؛ رنجه	afflitto
afflizione	مصیبت؛ مشقت	afflitsione
permettersi	استطاعت داشتن؛ از عهده برآمدن	permettersi
affronto	روبرو دشنام دادن	affronto
afghano	افغان	afgano
a galla	در حرکت	a galla
suddetto	مذکور	suddetto
succitato	مذکور	suchitato
paura	ترسیده	paura
Africa	افریقا؛ آفریقا	afrika
africano	آفریقیی؛ افریقیی	afrikano
africana	آفریقیی؛ افریقیی	afrikana
per causa di	بعد از	per kauza di
dietro	بعد از	dyetro
bagliore residuo	پس تاب؛ پس فروزش	balyore reziduo
aldilà	عقبی؛ آخرت	aldila
oltretomba	عقبی؛ آخرت	oltretomba
conseguenze	پیامد	konsegventse
pomeriggio	بعدازظهر	pomerijo
dopo	سپس؛ بعدا	dopo
ancora	دوباره	ankora
di nuovo	دوباره	di nuovo
contro	علیه	kontro
agata	عقیق	agata
età	سن	eta
agenzia	بنگاه؛ وکالت	ajentsia
agenda	برنامه عملیات	ajenda
agente	مامور؛ عامل	ajente
aggravato	مشدد	aggravato
aggravazione	تشدید	aggravatsione
aggregato	متراکم ساختن؛ جمع شده	aggregato
aggregare	متراکم ساختن؛ جمع شده	aggregare
aggressione	پرخاشگری	aggressione
aggressivo	پرتکاپو؛ تجاوزی	aggressivo
aggressore	متجاوز؛ مهاجم	aggressore
sgomento	وحشت زده	zgomento
spaventato	وحشت زده	spaventato
agile	سریعالانتقال	ajile
leggero	سریعالانتقال	lejero
leggerezza	سبکبالی	lejeretsa
agilità	سبکبالی	ajilita
agitato	آشفته؛ متلاطم	ajitato
agitazione	تلاطم؛ آشفتگی	ajitatsione
agitatore	آشوبگر	ajitatore
fa	پیش از این	fa
straziante	سوزناک؛ رنجآور	stratsiante
agonia	رنج؛ سکرات مرگ	agonia
dolore	رنج؛ سکرات مرگ	dolore
essere d'accordo	موافق بودن	essere dakkordo
concordare	موافق بودن	konkordare
gradevole	سازگار؛ دلجو	gradevole
agricolo	کشاورزی	agrikolo
agricoltura	کشاورزی	agrikoltura
febbre intermittente	تب و لرز	febbre intermittente
ah	آه	a
avanti	جلو؛ روبجلو	avanti
aiutante	یار؛ مدد	ayutante
aiuto	یار؛ مدد	ayuto
ausiliare	دستیار	auziliare
AIDS	ایدز	aids
SIDA	ایدز	sida
malato	ضعیفالبنیه	malato
sofferente	ضعیفالبنیه	sofferente
puntare	نشان؛ کام	puntare
aria	هوا	aria
aeromobile	طیاره؛ هواپیمیی	aeromobile
aerolinea	خط هواپیمایی	aerolinea
aviolinea	خط هواپیمایی	aviolinea
aeroplano	هواپیما؛ طیاره	aeroplano
aerodromo	فرودگاه	aerodromo
aeroporto	فرودگاه	aeroporto
corridoio	راه رو	korridoio
navata laterale	راه رو	navata laterale
Alabama	آلاباما	alabama
sveglia	آژیر؛ اعلان خطر	zvelya
allarme	آژیر؛ اعلان خطر	allarme
ahimè	افسوس؛ وه	aime
purtroppo	افسوس؛ وه	purtroppo
Albany	آلبانی	albani
benché	اگرچه	benke
album	آلبوم	album
albumina	آلبومین	albumina
alcolico	الکل	alkoliko
alcol	الکل	alkol
alcolizzato	الکلی؛ شرابخور	alkolidzato
alcolismo	اعتیاد به الکل	alkolizmo
ontano	توسه؛ توسکا	ontano
allerta	هشدار دادن، هوشیار	allerta
vigilanza	هشیاری؛ بیداری	vijilantsa
algebra	جبر؛ جبر و مقابله	aljebra
straniero	بیگانه	straniero
forestiero	بیگانه	forestiero
allineare	همسو کردن	allineare
Allineamento	همسویی	allineamento
simile	مشابه	simile
alimentario	رزقی	alimentario
alimenti	خرجی؛ نفقه	alimenti
vivo	زنده	vivo
tutta	همه	tutta
tutto	همه	tutto
allegazione	ادعا	allegatsione
sostenere	ادعا کردن	sostenere
affermare	ادعا کردن	affermare
presunto	ظاهراً	prezunto
allegoria	مجاز؛ کنیه	allegoria
Allegro	نشاط انگیز	allegro
sollievo	تسکین	sollievo
vicolo	کوچه؛ خیابان کوچک	vikolo
allenza	اتحاد	allentsa
stanziare	اختصاص دادن	stantsyare
allocazione	تخصیص	allokatsione
permettere	اجازه دادن	permettere
sgravio	سهمیه، کمک هزینه	zgravio
attenuante	سهمیه، کمک هزینه	attenuante
bene	بسیار خوب، همه چیز درست	bene
va bene	بسیار خوب، همه چیز درست	va bene
alludere	اشارهکردن؛ تلمیح کردن	alludere
allusione	اشاره؛ کنیه	alluzione
alluvionale	آبرفتی	alluvionale
almanacco	سالنما	almanakko
mandorla	بادام؛ آلموند	mandorla
mandorlo	بادام؛ آلموند	mandorlo
quasi	تقریباً	kvazi
elemosina	زکات؛ ذکات	elemozina
all`apice	در نوک؛ در فوق	al apiche
solo	تنها	solo
lungo	در امتداد	lungo
a fianco	در کنار	a fyanko
accanto	در کنار	akkanto
distaccato	کناره گیر	distakkato
con distacco	کناره گیر	kon distakko
alfa	ستاره اول	alfa
già	قبلا	jaa
anche	همچنین	anke
altare	مبح؛ محراب	altare
altari	مذابح	altari
cambiare	دگرگون کردن؛ دگرگون شدن	kambyare
modificazione	دگرش	modifikatsione
cambio	دگرش	kambio
alterco	مجادله	alterko
disputa	مجادله	disputa
alternato	متناوب کردن؛ تناوب کردن	alternato
alternante	متناوب کردن؛ تناوب کردن	alternante
alternativamente	غبا	alternativamente
alternazione	تناوب؛ یک درمیانی	alternatsione
alternativa	جایگزین	alternativa
alternativo	جایگزین	alternativo
in alternativa	بنوبت؛ متناوبا	in alternativa
sebbene	اگرچه	sebbene
anche se	اگرچه	anke se
del tutto	کلاً	del tutto
nel complesso	کلاً	nel komplesso
allume	زاغ؛ زاج	allume
alluminio	آلومینیوم	alluminio
sempre	همیشه	sempre
amalgama	ملقمه	amalgama
dilettante	آماتور	dilettante
non professionista	آماتور	non professionista
stupito	متعجب؛ متحیر	stupito
amazemento	حیرت؛ بهت	amatsemento
meraviglioso	شگفت‌انگیز	meravilyozo
sbalorditivo	شگفت‌انگیز	zbalorditivo
ambasciatore	سفیر	ambashatore
ambasciatrice	سفیر	ambashatriche
ambrato	شاهبوی؛ کهربا	ambrato
ambra	شاهبوی؛ کهربا	ambra
ambiguità	ابهام	ambigvita
ambiguo	مبهم	ambigvo
ambizione	جاه طلبی	ambitsione
ambizioso	نامجو؛ بلند همت	ambitsiozo
ambulanza	آمبولانس	ambulantsa
imboscata	کمین؛ کمینگاه	imboskata
amen	آمین	amen
così sia	آمین	kozi sia
correggere	اصلاح کردن	korrejere
emendare	اصلاح کردن	emendare
America	آمریکا	amerika
statunitense	آمریکایی	statunitense
americano	آمریکایی	amerikano
ametista	در بنفش؛ در کوهی بنفش	ametista
fra	در میان	fra
tra	در میان	tra
in mezzo	در لابلی	in medzo
ammoniaca	آمونیاک	ammoniaka
amnistia	عفو؛ عفو عمومی کردن	amnistia
amnistiare	عفو؛ عفو عمومی کردن	amnistyare
in mezzo a	در میان	in medzo a
amorosa	عاشقانه	amoroza
amoroso	عاشقانه	amorozo
quantità	مقدار	kvantita
importo	مقدار	importo
amputare	قطع اندام کردن	amputare
divertire	سرگرم کردن؛ تفریح دادن	divertire
festeggiamento	تفریح؛ لهو	festejamento
intrattenimento	تفریح؛ لهو	intrattenimento
ilare	سرگرم کننده	ilare
divertente	سرگرم کننده	divertente
anaerobico	ناهوازی	anaerobiko
anestesia	داروی بیهوشی	anestezia
anale	کونی؛ مقعدی	anale
analogo	قابل قیاس	analogo
analogia	قیاس	analojia
analisi	حل؛ تجزیه	analizi
analista	تحلیلگر	analista
psicanalista	تحلیلگر	psikanalista
analytico	تحلیلی	analitiko
analizzare	تجزیه کردن؛ تحلیل کردن	analidzare
anarchista	آشوب طلب؛ هرج و مآرج طلب	anarkista
anarchia	بی قانونی؛ بی نظمی	anarkia
anatomico	تشریحی	anatomiko
anatomia	استخوانبندی؛ کالبد شناسی	anatomia
avo	جد	avo
abiatico	جد	abyatiko
ancestrale	نسبی؛ اجدادی	anchestrale
ascendenza	اصل ونسب	ashendentsa
àncora	لنگر	ankora
antico	باستانی	antiko
e	و	e
ed	و	ed
aneddoto	ضرب المثل؛ قصه کوتاه	aneddoto
angelo	فرشته	anjelo
angelico	ملکی؛ فرشتهی	anjeliko
ira	غضب؛ خشم	ira
rabbia	غضب؛ خشم	rabbia
angolo	گوشه؛ زاویه	angolo
punto di vista	گوشه؛ زاویه	punto di vista
arrabbiato	عصبانی	arrabbyato
infiammato	عصبانی	infyammato
croce	تاب و تب	kroche
angolare	زاویهی؛ گوشه دار	angolare
bestia	حیوان	bestia
animale	حیوان	animale
animare	جان دار؛ روح دادن	animare
Animazione	پویانمایی	animatsione
picca	کینه؛ دشمنی	pikka
ripicca	کینه؛ دشمنی	ripikka
caviglia	مچ پا	kavilya
annali	اخبار سال؛ وقیع سالیانه	annali
ala	ضمیمه کردن؛ ضمیمه سازی	ala
annessione	الحاق؛ ضم	annessione
annientare	نابود کردن؛ کن فیکون کردن	annyentare
annichilire	نابود کردن؛ کن فیکون کردن	annikilire
anniversario	سالروز؛ سالگرد	anniversario
dichiarare	اعلامداشتن؛ اعلام کردن	dikyarare
annunciare	اعلامداشتن؛ اعلام کردن	annunchare
irritare	رنجاندن؛ آزردن	irritare
disturbare	رنجاندن؛ آزردن	disturbare
fastidio	رنجش؛ دلخوری	fastidio
seccatura	رنجش؛ دلخوری	sekkatura
fastidioso	رنجاننده؛ سرخوری	fastidiozo
annuale	سالانه؛ سالیانه	annuale
annualmente	سالانه	annualmente
annulmento	نسخ؛ ابطال	annulmento
anodo	آنود؛ قطب مثبت	anodo
unto	مسح شدن	unto
anonimo	ناشناس	anonimo
un altro	دیگری	un altro
un'altra	دیگری	unaltra
risposta	پاسخ، پاسخ دادن	risposta
rispondere	پاسخ، پاسخ دادن	rispondere
formica	مورچه	formika
antagonismo	هم آوری؛ اصل مخالف	antagonizmo
antenato	ماقبل	antenato
progenitore	ماقبل	projenitore
antracite	آنتراسیت	antrachite
antrace	خراج؛ ینتراکس	antrache
Anti	ضد	anti
anticorpo	پادتن	antikorpo
anticipare	پیش‌بینی کردن	antichipare
prevedere	پیش‌بینی کردن	prevedere
anticipazione	پیشدستی	antichipatsione
antigene	پادزا؛ پادگن	antijene
antichità	کهنگی؛ دیرینگی	antikita
antiseptico	گندزدا؛ ضدعفونی	antizeptiko
antitossina	زهردارو؛ پادزهرابه	antitossina
ano	نشین؛ مقعد	ano
ansia	اضطراب	ansia
ansietà	اضطراب	ansyeta
preoccupante	مشتاق؛ اندیشناک	preokkupante
ansioso	مشتاق؛ اندیشناک	ansiozo
ansiosamente	مشتاقانه	ansiozamente
qualche	هر؛ هر، هیچ	kvalke
qualsiasi	هر؛ هر، هیچ	kvalsiazi
qualcuno	هر کسی	kvalkuno
chiunque	هر کسی	kyunkve
comunque	درهرصورت؛ بهرشکل	komunkve
più	دیگر	pyu
non più	دیگر	non pyu
qualsiasi cosa	هر چیزی	kvalsiazi koza
qualunque cosa	هر چیزی	kvalunkve koza
in ogni modo	به هر حال	in onyyi modo
dovunque	هر جا	dovunkve
aorta	آورتا	aorta
rapidamente	باسرعت زیاد	rapidamente
a pezzi	جدا؛ مجزا	a petsi
alloggio	آپارتمان	allojo
quartierino	آپارتمان	kvartyerino
atono	بی احساس	atono
apatico	بی احساس	apatiko
scimmione	میمون؛ بوزینه	shimmione
ominide	میمون؛ بوزینه	ominide
giustificare	معذرت خواستن؛ پوزش خواستن	justifikare
scuse	عذرخواهی	skuze
apologia	عذرخواهی	apolojia
colpo apoplettico	سکته ناقص	kolpo apoplettiko
ictus	سکته ناقص	iktus
apostolo	فرستاده؛ حواری	apostolo
APP	اپلیکیشن	app
impianto	دستگاه	impyanto
attrezzatura	دستگاه	attretsatura
evidente	پیدا؛ نمودار	evidente
apparentemente	ظاهرا؛ نظرا	apparentemente
evidentemente	ظاهرا؛ نظرا	evidentemente
incanto	فرجام؛ جذابیت	inkanto
fascino	فرجام؛ جذابیت	fashino
apparire	ظاهر شدن	apparire
visione	ظاهر	vizione
apparizione	ظاهر	apparitsione
calmare	دلنوازی کردن؛ دلجوئی کردن	kalmare
placare	دلنوازی کردن؛ دلجوئی کردن	plakare
calmando	دلجویانه	kalmando
appellazione	وجه تسمیه	appellatsione
appendici	مضافات	appendichi
appendicite	آپاندیس	appendichite
appendice	ضمیمه؛ آپاندیس	appendiche
appetito	اشتها	appetito
appetitoso	خوش خوراک؛ اشتها آور	appetitozo
applaudire	تشویق کردن	applaudire
lodare	تشویق کردن	lodare
applauso	تمجید؛ هلهله	applauzo
mela	سیب	mela
aggeggio	اسباب	ajejo
applicabile	قابل اجرا	applikabile
applicante	متقاضی	applikante
Applicazione	استعمال؛ درخواست	applikatsione
applicare	درخواست کردن، اعمال کردن	applikare
fare domanda	درخواست کردن، اعمال کردن	fare domanda
nominare	منصوب کردن	nominare
appuntamento	تعیین؛ انتصاب	appuntamento
valutazione	تقویم؛ تخمین	valutatsione
valutare	تعیین قیمت کردن	valutare
stimare	تعیین قیمت کردن	stimare
appreciabile	قابل تقدیر؛ قابل ارزیابی	apprechabile
apprezzare	تقدیر کردن؛ تشکر کردن	appretsare essere rikonoshente / kapire
essere riconoscente	تقدیر کردن؛ تشکر کردن	appretsare essere rikonoshente / kapire
capire	تقدیر کردن؛ تشکر کردن	appretsare essere rikonoshente / kapire
appreciazione	قدردانی	apprechatsione
apprehensione	تشویش خاطر	appreensione
apprehensivo	مستشعر؛ درک کننده	appreensivo
bardotto	شاگرد	bardotto
apprendista	شاگرد	apprendista
tirocinio	شاگردی؛ تلمذ	tirochinio
approccio	مراجعهکردن؛ نزدیک شدن	approcho
avvicinarsi	مراجعهکردن؛ نزدیک شدن	avvichinarsi
apposito	مناسب؛ مقتضی	appozito
appropriatamente	به طور مناسب	appropriatamente
approvazione	موافقت؛ امضاء	approvatsione
permesso	موافقت؛ امضاء	permesso
approvare	امضاکردن؛ پسند کردن	approvare
approssimato	تقریبی؛ تخمینی	approssimato
approssimativamente	تقریبا؛ تخمیناً	approssimativamente
approssimazione	تقریب	approssimatsione
aprile	آوریل	aprile
grembiule	خرند؛ پیش بند	grembyule
attitudine	ذوق؛ گنجیش	attitudine
acquario	آکواریوم؛ آبزیگاه	akkvario
arabo	عربی؛ عرب	arabo
alfana	عربی؛ عرب	alfana
coltivabile	مزروعی؛ قابل زرع	koltivabile
arabi	اعراب	arabi
arbitrariamente	به‌طور قراردادی	arbitrariamente
arbitraria	خودسرانه	arbitraria
arbitrario	خودسرانه	arbitrario
Arbitrato	داوری؛ حکمیت	arbitrato
arco	کمان	arko
curva in forma parametrica	کمان	kurva in forma parametrika
portico	تیمچه	portiko
porticato	تیمچه	portikato
archeologico	باستانشناسی	arkeolojiko
arcivescovo	سر اسقف؛ اسقف بزرگ	archiveskovo
arcipelago	مجمع الجزیر؛ دریی پر جزیره	archipelago
architetto	معمار	arkitetto
ideatore	معمار	ideatore
architettura	معماری	arkitettura
archivio	آرشیو	arkivio
banca dati	آرشیو	banka dati
passaggio ad arco	گذر سرپوشیده؛ دروازه طاقدار	passajo ad arko
Artide	شمالی؛ قطبی	artide
ardua	پر زحمت؛ صعب الصعود	ardua
arduo	پر زحمت؛ صعب الصعود	arduo
area	منطقه	area
zona	منطقه	dzona
arena	عرصه	arena
presumibilmente	مسلماً	prezumibilmente
si può sostenere che	مسلماً	si puo sostenere ke
dibattere	بحث کردن	dibattere
discutere	بحث کردن	diskutere
argomento	بحث	argomento
discussione	بحث	diskussione
argumentativo	جدلی؛ استدلالی	argumentativo
arido	خشک؛ لم یزرع	arido
sorgere	بروز کردن	sorjere
aristocrazia	نجبا؛ اشرافیت	aristokratsia
aristocratico	بزرگزاده؛ اشرافزاده	aristokratiko
Arkansas	آرکانزاس	arkansas
ramo	بازو؛ مسلح کردن	ramo
braccio d'acqua	بازو؛ مسلح کردن	bracho dakkva
armamenti	تسلیحات	armamenti
poltrona	صندلی دسته دار	poltrona
armeno	ارمنی؛ زبان ارمنی	armeno
armena	ارمنی؛ زبان ارمنی	armena
armeni	ارامنه	armeni
armistizio	متارکه جنگ؛ صلح موقت	armistitsio
armatura	جوشن	armatura
armeria	زراد خانه	armeria
ascella	بغل؛ زیر بغل	ashella
postaccio	بغل؛ زیر بغل	postacho
esercito	ارتش	ezerchito
aromatico	خوشبو؛ گیاه خوشبو	aromatiko
in giro per	اطراف، حدود	in jiro per
attorno	اطراف، حدود	attorno
eccitante	تحریص؛ شهوت آمیز	echitante
disporre	ترتیب دادن	disporre
compromesso	ترتیب	kompromesso
gamma	آرایه	gamma
arretrati	پس افت	arretrati
arrestare	جلب؛ توقیف	arrestare
arrivo	مقدم؛ وصول	arrivo
arrivare	رسیدن	arrivare
arroganza	تکبر؛ نخوت	arrogantsa
arrogante	خودکامه؛ مغرور	arrogante
freccia	پیکان	frecha
arte	هنر	arte
arteriale	شریانی	arteriale
arteria	سرخرگ؛ شریان	arteria
artificioso	نیرنگ باز	artifichozo
astuto	نیرنگ باز	astuto
articolo	مقاله	artikolo
articolare	مفصلی	artikolare
eloquente	بیان کردن	elokvente
chiaro	بیان کردن	kyaro
articolazione	مفصل بندی؛ طرز گفتار	artikolatsione
falso	مصنوعی؛ ساختگی	falso
artiglieria	توپ؛ توپخانه	artilyeria
artista	هنرمند	artista
opera d'arte	اثر هنری	opera darte
da	به عنوان، همانطور که؛ همانطور که	da
come	به عنوان، همانطور که؛ همانطور که	kome
salire	فرازیدن؛ فرازروی	salire
appurare	محقق نمودن؛ محقق دانستن	appurare
accertare	محقق نمودن؛ محقق دانستن	achertare
ascetico	زاهد؛ زاهدانه	ashetiko
attribuito	منسوب	attribuito
cenere	خاکستر	chenere
vergognoso	شرمنده؛ خجل	vergonyozo
cinereo	خاکستری؛ شبیه خاکستر	chinereo
pallido	خاکستری؛ شبیه خاکستر	pallido
a terra	بکنار؛ درساحل	a terra
Asia	آسیا	azya
da parte	کنار	da parte
a parte	کنار	a parte
chiedere	پرسیدن، درخواست کردن	kyedere
addormentato	خوابیده	addormentato
asparago	مارچوبه؛ شودی	asparago
aspetto	منظر؛ منظره	aspetto
diffamazione	هتک	diffamatsione
inspirazione	آرزو	inspiratsione
aspirare	آرزو کردن	aspirare
aspirina	آسپیرین	aspirina
asino	الاغ؛ ماتحت	azino
ciuco	الاغ؛ ماتحت	chuko
assalitore	ضارب	assalitore
assassino	قاتل؛ آدمکش	assassino
assassinio	ترور	assassinio
assalto	حمله	assalto
attacco	حمله	attakko
adunare	جمع‌آوری کردن	adunare
riunire	جمع‌آوری کردن	riunire
montaggio	مونتاژ، مجلس	montajo
assembramento	مونتاژ، مجلس	assembramento
asserzione	ادعا	assertsione
assessore	ارزیاب	assessore
risorsa	دارایی	rizorsa
assiduo	مستدام؛ عاکف	assiduo
assegnare	اختصاص دادن	assenyare
attribuire	اختصاص دادن	attribuire
assimilare	تلفیق کردن؛ سازش کردن	assimilare
aiutare	یاری کردن؛ اعانه کردن	ayutare
assistere	یاری کردن؛ اعانه کردن	assistere
assistenza	کمک	assistentsa
assistente	دستیار	assistente
collegare	نزدیکی کردن؛ اختلاط کردن	kollegare
associazione	معاشرت؛ اشتراک	assochatsione
ritenere	پنداشتن؛ فرض کردن	ritenere
presupporre	پنداشتن؛ فرض کردن	prezupporre
assunzione	فرض	assuntsione
promettere	اطمینان	promettere
garantire	اطمینان	garantire
asterisco	ستاره	asterisko
stupire	گیج کردن؛ مبهوت کردن	stupire
sorprendere	گیج کردن؛ مبهوت کردن	sorprendere
sorprendente	حیرت‌آور	sorprendente
stupore	گیجی؛ خیرگی	stupore
sorpresa	گیجی؛ خیرگی	sorpreza
Astrachan'	حاجی ترخان	astrachan
fuori strada	گمراه؛ بی راه	fuori strada
astronomia	نجوم؛ ستاره شناسی	astronomia
avveduta	تیز هوش	avveduta
avveduto	تیز هوش	avveduto
asilo	پناهندگی	azilo
manicomio	پناهندگی	manikomio
a	در	a
in	در	in
ateo	ناخدا؛ زندیق	ateo
ateista	ناخدا؛ زندیق	ateista
ateistico	ناخدا	ateistiko
atleta	ورزشکار	atleta
sportiva	ورزشکار	sportiva
atletico	ورزشی؛ پهلوانی	atletiko
sportivo	ورزشی؛ پهلوانی	sportivo
Oceano Atlantico	آتلانتیک	ocheano atlantiko
atomo	اتم؛ آتم	atomo
atomico	اتمی	atomiko
espiare	کفاره دادن؛ تقاص پس دادن	espyare
espiazione	دیه	espyatsione
redenzione	دیه	redentsione
atrocità	جنیات	atrochita
legare	ضمیمه کردن؛ الصاق کردن	legare
legame	پیوست	legame
allegato	پیوست	allegato
attaccare	حمله، حمله کردن	attakkare
attenere	دست یافتن	attenere
attentato	سعی؛ کوشش	attentato
sforzo	سعی؛ کوشش	sfortso
partecipare	شرکت کردن	partechipare
concomitante	ملازم؛ ملتزم	konkomitante
attenzione	توجه	attentsione
attentivo	متوجه؛ دربند	attentivo
abbigliamento	لباس پوشاندن	abbilyamento
palco	لباس پوشاندن	palko
atteggiamento	طرز برخورد	attejamento
attrarre	مجذوب کردن؛ مجذوب ساختن	attrarre
attrattiva	جلب؛ جذب	attrattiva
attrazione	جلب؛ جذب	attratsione
attrattivo	جذاب	attrattivo
procace	جذاب	prokache
imputare	نسبت دادن، صفت	imputare
categorizzare	نسبت دادن، صفت	kategoridzare
asta	حراج	asta
mettere all'asta	حراج	mettere allasta
audace	گستاخ؛ جسور	audache
audacità	بی باکی	audachita
audibile	شنیدنی	audibile
udienza	حضار	udyentsa
pubblico	حضار	pubbliko
audio	شنیداری	audio
Audit	حسابرسی	audit
auditore	ممیز؛ مستمع	auditore
uditivo	سمعی؛ سماعی	uditivo
agosto	آگوست	agosto
zia	عمه، خاله	dzia
auspici	توجهات	auspichi
auspicioso	خجسته؛ فرخنده	auspichozo
austero	ریاضت کش	austero
Australia	استرالیا	australia
australiano	استرالیائی	australiano
Austria	اطریش؛ اتریش	austria
austriaco	اتریشی؛ اطریشی	austriako
austriaca	اتریشی؛ اطریشی	austriaka
autentico	معتبر	autentiko
autenticità	اصالت؛ سندیت	autentichita
autore	نویسنده	autore
autrice	نویسنده	autriche
autoritario	حاکمانه	autoritario
autorevole	حاکمانه	autorevole
autorità	اجازه؛ اختیار	autorita
autorizzazione	تنفیذ	autoridzatsione
dare potere	مجوز دادن	dare potere
macchina	خودرو	makkina
auto	خودرو	auto
autobiografia	خودزیستنامه	autobiografia
Autocrazia	استبداد	autokratsia
tiranno	سلطان مطلق؛ سلطان مستبد	tiranno
automatico	خودکار	automatiko
automaticamente	به صورت خودکار	automatikamente
vettura	اتومبیل؛ خودرو	vettura
autonoma	خودگردان؛ خود مختار	autonoma
autonomo	خودگردان؛ خود مختار	autonomo
autonomia	خودمختاری	autonomia
autunno	پاییز	autunno
autunnale	خزانی؛ خریفی	autunnale
giovare	بکار خوردن؛ سودمند بودن	jovare
reperibilità	در دسترس بودن	reperibilita
disponibilità	در دسترس بودن	disponibilita
disponibile	در دسترس	disponibile
slavina	بهمن	zlavina
valanga	بهمن	valanga
vendicarsi	دادگیری کردن	vendikarsi
media	متوسط	media
medio	متوسط	medio
avversione	نفرت؛ بدآمدن	avversione
aviazione	هواپیمائی؛ هوانوردی	avyatsione
evitare	اجتناب کردن	evitare
dichiarato	اعتراف شده	dikyarato
aspettare	در انتظار بودن	aspettare
attendere	در انتظار بودن	attendere
conscio	بیدار؛ بیداری کشیدن	konsho
cosciente	بیدار؛ بیداری کشیدن	koshente
sentenza	جایزه	sententsa
premio	جایزه	premio
consapevole	آگاه؛ مطلع	konsapevole
coscienza	آگاهی	koshentsa
avviso	آگاهی	avvizo
via	دور	via
lontano	دور	lontano
timore	هیبت؛ هیبت دادن	timore
orribile	وحشتناک	orribile
per un po'	مدتی؛ یک چندی	per un po
delicato	نامناسب	delikato
imbarazzato	نامناسب	imbaratsato
goffaggine	ناشیگری	goffajine
inettitudine	ناشیگری	inettitudine
storto	چپ چپ؛ به‌طور میل	storto
male	چپ چپ؛ به‌طور میل	male
ascia	تیشه؛ تبر	asha
accetta	تیشه؛ تبر	achetta
scure	تیشه؛ تیشه زدن	skure
asse	آسه؛ محور چرخ	asse
epistrofeo	آسه؛ محور چرخ	epistrofeo
azzurro	مینا؛ لاجورد	adzurro
Torre di Babele	طرح خیالی؛ بنای شگرف	torre di babele
babbuino	عنتر	babbuino
bambino	نوزاد، کودک	bambino
bebè	نوزاد، کودک	bebe
baccelliere	عزب؛ مجرد	bachelliere
celibe	عزب؛ مجرد	chelibe
bacillo	باسیل	bachillo
indietro	پشت، عقب؛ پشتی، عقب	indyetro
schiena	پشت، عقب؛ پشتی، عقب	skyena
sfondo	صحنه پشت	sfondo
contesto	صحنه پشت	kontesto
tric trac	مهره؛ نرد	trik trak
backgammon	مهره؛ نرد	bakkgammon
in sordina	سابقه، پس زمینه	in sordina
sottofondo	سابقه، پس زمینه	sottofondo
riserva	پشتیبان	rizerva
sostituto	پشتیبان	sostituto
arretrato	بدون ترقی	arretrato
acqua di invaso	باریکه آب	akkva di invazo
zone remote	جنگلهای دورافتاده	dzone remote
entroterra	جنگلهای دورافتاده	entroterra
batteri	باکتری‌ها	batteri
bacteriale	باکتریائی	bakteriale
Batteriologia	باکتری شناسی	batteriolojia
cattivo	بد	kattivo
distintivo	نشان	distintivo
cartellino	نشان	kartellino
busta	کیف	busta
sacco	کیف	sakko
bagagli	بارسفر	bagalyi
largo	کیسه ای متورم	largo
cascante	کیسه ای متورم	kaskante
sgottare	وثیقه	zgottare
cauzione	وثیقه	kautsione
supervisore	ضابط	supervizore
esca	طعمه؛ طعمه دادن	eska
cuocere	پختن؛ طبخ کردن	kuochere
cuocersi	پختن؛ طبخ کردن	kuochersi
fornaia	شاطر؛ نانوا	fornaia
fornaio	شاطر؛ نانوا	fornaio
cuocendo	طبخ	kuochendo
bilancia	مانده؛ تراز	bilancha
equilibrio	مانده؛ تراز	ekvilibrio
balcone	خروجی؛ بالکن	balkone
calvo	کل؛ طاس	kalvo
pelato	کل؛ طاس	pelato
funesto	غم انگیز؛ مصیبت بار	funesto
malefico	غم انگیز؛ مصیبت بار	malefiko
ostacolare	زیرش زدن؛ مایه لغزش	ostakolare
tirarsi indietro	زیرش زدن؛ مایه لغزش	tirarsi indyetro
palla	توپ	palla
ballo	توپ	ballo
ballata	شعر افسانه ای	ballata
balletto	باله	balletto
palloncino	بادکنک	pallonchino
scheda elettorale	برگه رای	skeda elettorale
balsamo	بلسان	balsamo
pomata	بلسان	pomata
baltico	بالتیک	baltiko
bambù	خیزران؛ بامبو	bambu
di bambù	خیزران؛ بامبو	di bambu
divieto	نهی؛ منع کردن	divyeto
proibizione	نهی؛ منع کردن	proibitsione
banana	موز	banana
banano	موز	banano
fascia	گروه (موسیقی)	fasha
gruppo musicale	گروه (موسیقی)	gruppo muzikale
fasciatura	تنزیب؛ پانسمان	fashatura
fasciare	تنزیب؛ پانسمان	fashare
bandita	سارق؛ راهزن	bandita
bandito	سارق؛ راهزن	bandito
bandoliera	قطار فشنگ	bandoliera
piaga	جانی؛ مخرب زندگی	pyaga
rovina	جانی؛ مخرب زندگی	rovina
esplosione	چتر زلف	esplozione
punto esclamativo	چتر زلف	punto esklamativo
esiliare	دور کردن؛ نفی بلد کردن	eziliare
banca	بانک (پول)	banka
riva	بانک (پول)	riva
fallito	ورشکست	fallito
bancarotta	اعسار؛ افلاس	bankarotta
vessillo	بنر	vessillo
stendardo	بنر	stendardo
banchetto	مهمانی؛ سور	banketto
pranzo festivo	مهمانی؛ سور	prandzo festivo
chiacchierata	شوخی کنایه دار	kyakkyerata
battesimo	تعمید؛ غسل	battezimo
bar	میخانه، میله	bar
bancone	میخانه، میله	bankone
barbaro	بی تمدن	barbaro
selvaggio	بربری	selvajo
barbarismo	وحشیگری	barbarizmo
barbarità	بی رحمی؛ قساوت قلب	barbarita
crudele	غیر مصطلح	krudele
impietoso	غیر مصطلح	impyetozo
spinato	خاردار	spinato
pungente	خاردار	punjente
barbiere	آرایشگر؛ سلمانی	barbiere
nuda	لخت	nuda
nudo	لخت	nudo
scalzo	پابرهنه	skaltso
appena	به سختی	appena
trattativa	معامله	trattativa
chiatta	دوبه؛ سرزده وارد شدن	kyatta
scorza	عوعو؛ عوعو کردن	skortsa
corteccia	عوعو؛ عوعو کردن	kortecha
orzo	علیق؛ جوین	ordzo
granaio	طویله؛ کاهدان	granaio
barn	طویله؛ کاهدان	barn
barone	باروری	barone
baronessa	همسر بارون	baronessa
botte	بشکه	botte
barile	بشکه	barile
sterile	عقیم؛ نازا	sterile
infertile	عقیم؛ نازا	infertile
barriera	مانع	barriera
limite	مانع	limite
carriola	زنبه؛ خاک کش	karriola
baratto	پایاپای؛ تهاتر	baratto
barattare	پایاپای؛ تهاتر	barattare
base	فرومایه؛ لئیم	baze
baseball	بیسبال	bazebal
scantinato	زیرزمین	skantinato
timido	محجوبانه؛ شرمرو	timido
modesto	محجوبانه؛ شرمرو	modesto
basico	اصلی؛ اساسی	baziko
in pratica	اصلاً؛ اساساً	in pratika
basicamente	اصلاً؛ اساساً	bazikamente
bacino	طشت؛ تشتک	bachino
lavabo	طشت؛ تشتک	lavabo
cifra	پایه؛ اصل	chifra
crogiolarsi	حمام آفتاب گرفتن	krojolarsi
cesta	سبد	chesta
cesto	سبد	chesto
pallacanestro	بسکتبال	pallakanestro
spigola	باس	spigola
branzino	باس	brantsino
pipistrello	خفاش؛ ضربه زدن (با چوب)	pipistrello
bagno	حمام	banynyo
vasca da bagno	حمام	vaska da banynyo
bagnare	شستشو؛ شستشو کردن	banyare
toiletta	حمام	toiletta
Batista	پاتیس	batista
bacchetta	باتون؛ عصای افسران	bakketta
manganello	باتون؛ عصای افسران	manganello
battaglione	گردان	battalyone
pila	باتری؛ باطری	pila
battaglia	نبرد؛ جنگ	battalya
lotta	نبرد؛ جنگ	lotta
campo di battaglia	میدان جنگ	kampo di battalya
corazzata	ناو؛ رزمناو	koratsata
nave corazzata	ناو؛ رزمناو	nave koratsata
alloro	خلیج	alloro
baia	خلیج	baia
baionetta	سرنیزه	bayonetta
essere	بودن	essere
andare	بودن	andare
spiaggia	ساحل	spyaja
spiaggiare	ساحل	spyajare
faro	چراق دریایی	faro
punto cospicuo	چراق دریایی	punto kospikuo
grano	دانه؛ مهره	grano
perlina	دانه؛ مهره	perlina
becco	نوک؛ تک	bekko
trave	پرتو	trave
fagiolo	لوبیا	fajolo
orso	خرس	orso
sopportare	خرس	sopportare
barba	ریش؛ محاسن	barba
appuntamento di copertura	ریش؛ محاسن	appuntamento di kopertura
barbuto	ریشو؛ ریشدار	barbuto
portatore	حامل؛ درخت بارور	portatore
bestiamente	جانوروار	bestyamente
battere	ضربه زدن، شکست دادن	battere
ritmo	ضربه زدن، شکست دادن	ritmo
battuto	زده؛ کوبیده	battuto
ragazzo	جوان شیک	ragatso
fidanzato	جوان شیک	fidantsato
bello	زیبا	bello
bellezza	خوبی؛ جمال	belletsa
perché	زیرا	perke
diventare	شدن	diventare
letto	تختخواب	letto
giaciglio	تختخواب	jachilyo
camera da letto	شبستان	kamera da letto
camera	شبستان	kamera
lettiera	رختخواب؛ هوای آزاد	lettiera
degente	بستری	dejente
allettato	بستری	allettato
lato del letto	بالین	lato del letto
ora di andare a letto	وقت استراحت؛ موقع خوابیدن	ora di andare a letto
ape	زنبور؛ مگس انگبین	ape
pecchia	زنبور؛ مگس انگبین	pekkia
faggio	آلش	fajo
manzo	گوشت گاو	mandzo
birra	آبجو	birra
prima	قبل از	prima
innanzi	قبل از	innantsi
in anticipo	پیشاپیش	in antichipo
fare amicizia con	رفاقت کردن؛ تجیب کردن	fare amichitsia kon
mendicare	التماس کردن؛ استدعا کردن	mendikare
elemosinare	التماس کردن؛ استدعا کردن	elemozinare
generare	پس انداختن؛ سبب وجود شدن	jenerare
mendicante	گدا؛ فقیر	mendikante
cominciare	شروع کردن	kominchare
iniziare	شروع کردن	initsyare
inizio	شروع	initsio
interesse	از طرف	interesse
comportarsi	رفتار کردن	komportarsi
comportamento	رفتار؛ اخلاق	komportamento
condotta	رفتار	kondotta
decapitato	سربریده	dekapitato
guardare	هان؛ هین	gvardare
bigio	بژ	bijo
beige	بژ	bezh
tardivo	دیر شده	tardivo
belga	بلژیکی	belga
Belgio	بلژیک	beljo
fiducia	ایمان؛ اعتقاد	fiducha
credito	ایمان؛ اعتقاد	kredito
credere	باور داشتن	kredere
credente	معتقد؛ مومن	kredente
campana	ناقوس؛ جرس	kampana
chiamata	ناقوس؛ جرس	kyamata
belligerante	متحارب	bellijerante
bellicoso	متحارب	bellikozo
pancia	شکم؛ بطن	pancha
ventre	شکم؛ بطن	ventre
appartenere a	تعلق داشتن	appartenere a
amato	محبوب	amato
sotto zero	زیر، پایین	sotto dzero
cintura	کمربند	chintura
cinghia	کمربند	chingia
banco	نیمکت	banko
panca	نیمکت	panka
riferimento	معیار	riferimento
curvare	چنبره؛ خمیدگی	kurvare
piegare	چنبره؛ خمیدگی	pyegare
sotto	زیر	sotto
benedizione	رضوان؛ نیایش	beneditsione
benefactore	واقف؛ نیکوکار	benefaktore
beneficente	منان؛ منعم	benefichente
benefico	مفید	benefiko
beneficiario	ذینفع	benefichario
beneficio	فایده	beneficho
benevolenza	خوشدلی؛ نوع پرستی	benevolentsa
benevolente	خیر؛ نیکوکار	benevolente
benigno	جید	beninyyo
pallino	خم؛ متمایل	pallino
eredità	وقف نامه	eredita
lascito	وقف نامه	lashito
Berlino	برلین؛ برلن	berlino
cuccetta	پهلو گرفتن؛ اطاق کشتی	kuchetta
attracco	پهلو گرفتن؛ اطاق کشتی	attrakko
berillo	بزادی	berillo
implorare	التماس کردن	implorare
supplicare	التماس کردن	supplikare
implorando	از و جز	implorando
vicino	کنار	vichino
oltre a	علاوه بر این	oltre a
ad eccezione di	علاوه بر این	ad echetsione di
migliore	بهترین	milyore
meglio	بهترین	melyo
bestiale	دامی؛ شبیه حیوان	bestyale
donare	عطا کردن؛ بذل کردن	donare
elargire	عطا کردن؛ بذل کردن	elarjire
scommessa	شرط بندی؛ شرط بستن	skommessa
scommettere	شرط بندی؛ شرط بستن	skommettere
beta	بتا	beta
consegnare	خیانت کردن	konsenyare
rivelare	خیانت کردن	rivelare
tradimento	خیانت؛ افشاء سر	tradimento
bevanda	شربت؛ نوشابه	bevanda
temere	هان؛ هلا	temere
guardarsi	هان؛ هلا	gvardarsi
confusa	گیج؛ سردرگم	konfuza
confuso	گیج؛ سردرگم	konfuzo
confusione	گیجی؛ سردرگمی	konfuzione
perplessità	گیجی؛ سردرگمی	perplessita
più lontano di	فراتر از؛ آن‌سوی	pyu lontano di
polarizzazione	تعصب	polaridzatsione
tendenza	تعصب	tendentsa
Bibbia	انجیل؛ کتاب مقدس	bibbia
bicarbonato	جوش شیرین	bikarbonato
bicarbonato di sodio	جوش شیرین	bikarbonato di sodio
bicicletta	دوچرخه	bichikletta
bici [informal]	دوچرخه	bichi informal
offerta	پیشنهاد دادن، پیشنهاد	offerta
fare un'offerta per un'asta	پیشنهاد دادن، پیشنهاد	fare unofferta per unasta
barella	مقبره	barella
cataletto	مقبره	kataletto
Biforcazione	شکاف گاه	biforkatsione
grande	بزرگ	grande
bici [slang]	دوچرخه	bichi zlang
moto	دوچرخه	moto
bilaterale	دوجانبه؛ دوطرفه	bilaterale
fiele	صفر؛ زرداب	fyele
bilioso	صفراوی؛ زرداب ریز	biliozo
proposta di legge	صورتحساب	proposta di leje
posto	یادداشت مختصر؛ ورقه جیره	posto
miliardo	میلیارد	miliardo
biglione	بورچاق	bilyone
bidone	سطل آشغال	bidone
cestinare	سطل آشغال	chestinare
binario	دوجزئی؛ دوگانه	binario
binaria	دوجزئی؛ دوگانه	binaria
connettere	بستن	konnettere
legatore	صحاف؛ شیرازه	legatore
rilegatura	حتیالاجرا؛ تجلید	rilegatura
vincolante	حتیالاجرا؛ تجلید	vinkolante
biografico	زیستنامهای	biografiko
biografia	زندگی‌نامه	biografia
consanguinea	زیستی	konsangvinea
consanguineo	زیستی	konsangvineo
biologia	زیست‌شناسی	biolojia
bipolare	دوقطبی	bipolare
betulla	توس؛ غان	betulla
uccello	پرنده	uchello
tipo	پرنده	tipo
Birmingham	بیرمنگام	birmingam
nascita	تولد	nashita
parto	تولد	parto
compleanno	تولد	kompleanno
data di nascita	تولد	data di nashita
culla	زادگاه؛ مسقطالراس	kulla
diritto di nascita	حق ارشدیت	diritto di nashita
biscotto	بیسکویت	biskotto
biscottino	بیسکویت	biskottino
vescova	اسقف	veskova
vescovo	اسقف	veskovo
freno	تکه کوچک	freno
morso	تکه کوچک	morso
mordere	گاز؛ نیش	mordere
morsicare	گاز؛ نیش	morsikare
amara	تلخ؛ مر	amara
amaro	تلخ؛ مر	amaro
bivacco	اتراق؛ اتراق کردن	bivakko
bizzarra	عجیب و غریب	bidzarra
bizzarro	عجیب و غریب	bidzarro
nero	سیاه	nero
fabbro ferraio	آهنکر؛ آهنگر	fabbro ferraio
maniscalco	آهنکر؛ آهنگر	maniskalko
vescica	بادکنک؛ کمیزدان	veshika
lama	تیغه	lama
pala	تیغه	pala
biasimare	سرزنش؛ ملامت	byazimare
incolpare	سرزنش؛ ملامت	inkolpare
vuoto	خالی	vuoto
bianco	خالی	byanko
coperta	پتو	koperta
coltre	پتو	koltre
folata	انفجار، منفجر کردن	folata
raffica	انفجار، منفجر کردن	raffika
vampa	افروختگی؛ شعله زدن	vampa
fiamma	افروختگی؛ شعله زدن	fyamma
incolore	درمعرض بادسرد	inkolore
sanguinare	خونریزی کردن	sangvinare
imperfezioni	معایب	imperfetsioni
macchie	معایب	makkye
mix	ترکیب کردن	miks
miscela	ترکیب کردن	mishela
benedire	برکت دادن	benedire
beatitudine	مبارکی	beatitudine
orbo	کور؛ نابینا	orbo
cieco	کور؛ نابینا	cheko
cecità	کوری؛ نابینائی	chechita
sbattere le ciglia	سوسو زدن؛ نگاه مختصر	zbattere le chilya
lampeggiare	سوسو زدن؛ نگاه مختصر	lampejare
fottuto	طرفه العین	fottuto
maledetto	طرفه العین	maledetto
bolla	آبله؛ طاول	bolla
blocco	مانع ورادع؛ جعبه قرقره	blokko
cubo	بلوک؛ مسدود کردن	kubo
testa di merda	بی کله	testa di merda
diario in rete	وبلاگ	dyario in rete
bloggare	وبلاگ	bloggare
biondo	بلوند	byondo
sangue	خون	sangve
ecatombe	خونریزی؛ سفک دماء	ekatombe
carneficina	خونریزی؛ سفک دماء	karnefichina
sanguinario	خونریز؛ خونخوار	sangvinario
cruento	خونین؛ خون آلود	kruento
sanguinante	خونین؛ خون آلود	sangvinante
fiorire	شکوفه؛ شکفتن	fiorire
efflorescenza	شکوفه؛ شکفتن	effloreshentsa
bocciuolo	شکوفه؛ گل دادن	bochuolo
macchia	لک کردن	makkia
macchiare	لک کردن	makkyare
botta	دمیدن؛ ضربه، دمیدن	botta
colpo	دمیدن؛ ضربه، دمیدن	kolpo
blu	آبی	blu
scogliera	توپ؛ بلف	skolyera
azzurrognolo	آبی فام	adzurronyolo / bluastro adzurrastro
bluastro	آبی فام	adzurronyolo / bluastro adzurrastro
azzurrastro	آبی فام	adzurronyolo / bluastro adzurrastro
abbaglio	خبط کردن؛ اشتباه کار	abbalyo
cantonata	خبط کردن؛ اشتباه کار	kantonata
spuntato	کند کردن؛ بی نوک	spuntato
ottuso	کند کردن؛ بی نوک	ottuzo
spuntatamente	بالصراحه	spuntatamente
sfocatura	تیرگی؛ لک کردن	sfokatura
sfocare	تیرگی؛ لک کردن	sfokare
fard	روژ	fard
arrossire	روژ	arrossire
boa	مار اژدر؛ اژدر مار	boa
tavolo da pranzo	تخته، هیئت مدیره	tavolo da prandzo
tavola	تخته، هیئت مدیره	tavola
vantarsi	فخر فروختن	vantarsi
vanteria	فخر فروختن	vanteria
nave	قایق	nave
barca	قایق	barka
corporale	تنی؛ جسمی	korporale
corporalmente	تنی؛ جسمی	korporalmente
corpo	بدن	korpo
guardia del corpo	مستحفظ شخص؛ گارد مخصوص	gvardia del korpo
palude	سیاه آب؛ لجن زار	palude
cesso	سیاه آب؛ لجن زار	chesso
bollire	جوشاندن	bollire
far bollire	جوشاندن	far bollire
caldaia	دیگ	kaldaia
scaldabagno	دیگ	skaldabanynyo
chiassoso	بلند وناهنجار	kyassozo
esuberante	بلند وناهنجار	ezuberante
ardito	پررنگ	ardito
arditamente	جسارتا؛ جسورانه	arditamente
audacemente	جسارتا؛ جسورانه	audachemente
faccia tosta	جرات؛ جسارت	facha tosta
sfacciataggine	جرات؛ جسارت	sfachatajine
chiavistello	زبانه؛ زبانه دار کردن	kyavistello
serrare	زبانه؛ زبانه دار کردن	serrare
bomba	بمب؛ بمباران کردن	bomba
bombardare	بمب؛ بمباران کردن	bombardare
bombardamento	بمباران	bombardamento
osso	استخوان	osso
osseo	استخوان	osseo
cuffia	درپوش؛ کلاه سرگذاشتن	kuffia
cofano	درپوش؛ کلاه سرگذاشتن	kofano
grazioso	قوی وزیبا	gratsiozo
Bonus	پاداش	bonus
ossuto	استخوانی؛ اسکلتی	ossuto
babbeo	ساده لوح	babbeo
libro	رزرو کردن؛ کتاب، رزرو کردن	libro
prenotare	رزرو کردن؛ کتاب، رزرو کردن	prenotare
prenotazione	رزرو	prenotatsione
libresco	کتابی؛ ملانقطی	libresko
boma	رونق	boma
promuovere	افزایش دادن، افزایش	promuovere
incoraggiamento	افزایش دادن، افزایش	inkorajamento
stivale	چکمه	stivale
cabina	غرفه؛ جای ویژه	kabina
stand	غرفه؛ جای ویژه	stand
bottini	غارت؛ غنیمت	bottini
bottino	غارت؛ غنیمت	bottino
orlo	کناره؛ مرز	orlo
confine	کناره؛ مرز	konfine
alesare	مو؛ سرخر	alezare
tediare	مو؛ سرخر	tedyare
annoiato	خسته	annoiato
noia	خستگی؛ ملالت	noia
tedio	خستگی؛ ملالت	tedio
noiosa	خسته‌کننده	noioza
noioso	خسته‌کننده	noiozo
nato	متولد شدن	nato
prendere in prestito	قرض گرفتن	prendere in prestito
Bosnia	بوسنی	boznia
seno	سینه؛ بغل	seno
intimità	سینه؛ بغل	intimita
bugna	رئیس	bunyya
boss	رئیس	boss
Boston	بوستون	boston
botanista	گیاهشناس	botanista
botanica	گیاهشناسی	botanika
ambedue	هر دو	ambedue
entrambi	هر دو	entrambi
infastidire	رنجاندن؛ ایذاء	infastidire
bottiglia	بطری	bottilya
imbottigliare	بطری	imbottilyare
fondo	پایین، ته	fondo
parte inferiore	پایین، ته	parte inferiore
rimbalzare	جهش کردن	rimbaltsare
rimbalzo	جهش کردن	rimbaltso
balzare	مقید	baltsare
confinare	مقید	konfinare
illimitato	بیکران؛ نامتناهی	illimitato
sconfinato	بیکران؛ نامتناهی	skonfinato
mazzo	گلدسته	matso
aroma	گلدسته	aroma
borghese	طبقه دوم	borgeze
bovino	شبیه گاو؛ گاو خوی	bovino
prua	خم شدن، تعظیم	prua
prora	خم شدن، تعظیم	prora
intestini	امعاء	intestini
viscere	امعاء	vishere
pergola	آلاچیق	pergola
boccia	کاسه	bocha
tazza	کاسه	tatsa
bombetta	قدح ساز؛ مشروب خوارافراطی	bombetta
bosso	جعبه	bosso
scatola	جعبه	skatola
boxeur	مشتباز؛ مشتزن	bokseur
pugile	مشتباز؛ مشتزن	pujile
boxe	بوکس؛ مشتزنی	bokse
pugilato	بوکس؛ مشتزنی	pujilato
ragazzi	پسر	ragatsi
boicottaggio	بایکوت؛ تحریم کردن	boikottajo
boicottare	بایکوت؛ تحریم کردن	boikottare
grappa	آکولاد	grappa
uncino	آکولاد	unchino
parentesi tonda	دیاق	parentezi tonda
parentesi	دیاق	parentezi
intrecciato	بافته	intrechato
intrecciatura	نواریاتوری قیطانی	intrechatura
cervello	مغز	chervello
cervella [when used as food]	مغز	chervella ven uzed as food
frenare	ترمز؛ ترمز کردن	frenare
branca	شاخه؛ شاخ	branka
marca	جور؛ داغ	marka
ottone	نحاس؛ افسر ارشد	ottone
ottoni	نحاس؛ افسر ارشد	ottoni
pacchiano	برنجی؛ برنج مانند	pakkiano
monello	ننر؛ کف شیر	monello
baldo	رشید؛ راد	baldo
baldamente	شجاعانه؛ غازیانه	baldamente
coraggio	تهور؛ شهامت	korajo
bravo	آفرین؛ هورا	bravo
calderaio	رویگر؛ آتشدان	kalderaio
ottonario	رویگر؛ آتشدان	ottonario
Brasile	برازیلیا؛ برزیل	brazile
breccia	نقض کردن، نقض	brecha
pane	نان	pane
panare	نان	panare
larghezza	وسعت نظر	largetsa
rompere	شکستن، استراحت	rompere
pausa	شکستن، استراحت	pauza
avaria	خرابی	avaria
colazione	صبحانه	kolatsione
prima colazione	صبحانه	prima kolatsione
svolta	پیشرفت	zvolta
rottura	بهم زدن	rottura
scioglimento	بهم زدن	sholyimento
alito	دم؛ نفس	alito
fiato	دم؛ نفس	fyato
respirare	تنفس کردن؛ استنشاق کردن	respirare
respirazione	تنفس؛ ذینفس	respiratsione
culatta	ته توپ؛ ته تفنگ	kulatta
razza	نژاد، پرورش دادن	ratsa
allevare	نژاد، پرورش دادن	allevare
ora	نسیم؛ بادملایم	ora
brezza	نسیم؛ بادملایم	bretsa
ventoso	نسیمدار؛ شادی بخش	ventozo
birraio	آبجوساز	birraio
birrificio	آبجوسازی	birrificho
tangente	رشوه؛ رشوه دادن	tanjente
offrire una tangente	رشوه؛ رشوه دادن	offrire una tanjente
Corruzione ambientale	رشوه؛ ارتشاء	korrutsione ambyentale
mattone	آجر	mattone
nuziale	متعلق بعروس	nutsyale
sposa	عروس	spoza
fidanzata	عروس	fidantsata
sposo	دامادی	spozo
ponte	پل	ponte
setto nasale	پل	setto nazale
briglia	افسار؛ عنان	brilya
breve	مختصر؛ کوتاهمدت	breve
brevemente	به طور خلاصه	brevemente
concisamente	به طور خلاصه	konchizamente
brigata	تیپ	brigata
lucente	روشن	luchente
luminoso	روشن	luminozo
illuminare	زرنگ کردن؛ درخشان کردن	illuminare
rallegrare	زرنگ کردن؛ درخشان کردن	rallegrare
luminosità	فروغ؛ روشنی	luminozita
brillante	درخشان	brillante
portare	آوردن	portare
bordo	لب؛ شرف	bordo
Gran Bretagna [only full name is used for the island]	بریتانیا	gran bretanynya onli ful name is uzed for te izland
britannico	بریتانیایی؛ انگلیسی	britanniko
britannici	بریتانیایی؛ انگلیسی	britannichi
fragile	شکننده؛ ترد	frajile
ampio	گشاد؛ پهن	ampio
Banda larga	پهنای باند	banda larga
emissione	پخش؛ پراکندن	emissione
diffusione	پخش؛ پراکندن	diffuzione
allargare	وسیع کردن	allargare
in generale	به طور گسترده	in jenerale
a grandi linee	به طور گسترده	a grandi linee
libello	جزوه؛ بروشور	libello
rotto	شکسته	rotto
in avaria	شکسته	in avaria
Intermediario	واسطه؛ دلال	intermedyario
bronchite	برنشیت؛ آماس نایژه	bronkite
bronzo	برنز؛ برنزی	brondzo
bronzeo	برنز؛ برنزی	brondzeo
spilla	گل سینه؛ باسنجاق آراستن	spilla
rio	جوی؛ جویبار	rio
rivo	جوی؛ جویبار	rivo
scopa	جاروب؛ جارو	skopa
ramazza	جاروب؛ جارو	ramatsa
fratello	برادر	fratello
confratello	برادر	konfratello
fratellanza	اخوت؛ برادری	fratellantsa
fratellamente	برادرانه؛ برادر وار	fratellamente
bruno	قهوه‌ای	bruno
marrone	قهوه‌ای	marrone
browser	مرورگر	brauzer
navigatore web	مرورگر	navigatore veb
livido	کوفتگی؛ تباره	livido
ammaccatura	کوفتگی؛ تباره	ammakkatura
bruna	سبزه	bruna
castana or castana scura	سبزه	kastana or kastana skura
pennello	برس، برس زدن	pennello
spazzola	برس، برس زدن	spatsola
selvaggiamente	بی رحمانه	selvajamente
bruto	جانور خوی؛ کودن یاشهوانی	bruto
bruta	جانور خوی؛ کودن یاشهوانی	bruta
bubonico	خیارکی	buboniko
daino	دلار، نر (جانور)	daino
lepre	دلار، نر (جانور)	lepre
secchio	سطل؛ دول	sekkio
allacciare	چپراست؛ سگک	allachare
fibbia	چپراست؛ سگک	fibbia
getto	جوانه؛ شکوفه	jetto
boccio	جوانه؛ شکوفه	bocho
buddhista	بودایی	buddista
amico	رفیق	amiko
capo	رفیق	kapo
budget	بودجه	budjet
bilancio	بودجه	bilancho
amante	گاو وحشی؛ زرد نخودی	amante
bufalo	گاومیش؛ بوفالو	bufalo
bison	گاومیش؛ بوفالو	bizon
bacarozzo	حشره، اشکال نرم‌افزاری	bakarotso
cimice	حشره، اشکال نرم‌افزاری	chimiche
Bugle	بوق	bugle
costruire	ساختن	kostruire
costruttore	بساز و بفروش	kostruttore
costruzione	ساختمان	kostrutsione
edificazione	ساختمان	edifikatsione
bulbo	سوخ؛ لامپ برق	bulbo
sporgenza	برامدگی؛ بالارفتگی	sporjentsa
protuberanza	برامدگی؛ بالارفتگی	protuberantsa
volume	عمده	volume
massiccio	جسیم؛ تنه دار	massicho
voluminoso	جسیم؛ تنه دار	voluminozo
maschio	گاو؛ ثور	maskio
toro	گاو؛ ثور	toro
bulldog	بول داگ	buldog
proiettile	تیر؛ گلوله	proiettile
bollettino	پژوهشنامه؛ بولتن	bollettino
lingotto	شمش	lingotto
bullo	قلدر؛ گردنکلفت	bullo
spaccone	قلدر؛ گردنکلفت	spakkone
baluardo	سنگربندی	baluardo
impavesata	سنگربندی	impavezata
mucchio	خوشه؛ خوشه کردن	mukkio
ciuffo	خوشه؛ خوشه کردن	chuffo
patrimonio	بقچه؛ دسته کردن	patrimonio
fardello	بقچه؛ دسته کردن	fardello
cozzare	دربیس بال	kotsare
buoyante	شناور	buoyante
carico	بار	kariko
gravoso	غم انگیز	gravozo
ufficio	اداره؛ شورا	ufficho
comò	اداره؛ شورا	komo
burocrazia	بوروکراسی	burokratsia
scassinatore	دزد؛ دزد خانه	skassinatore
scassinatrice	دزد؛ دزد خانه	skassinatriche
sepoltura	دفن	sepoltura
inumazione	دفن	inumatsione
robusto	گره دار	robusto
ardere	سوختن	ardere
bruciare	سوختن	bruchare
bava	غلیظ تلفظ کردن	bava
sbavatura	غلیظ تلفظ کردن	zbavatura
tana	نقب؛ زیرزمین لانه کردن	tana
scavare una tana	نقب؛ زیرزمین لانه کردن	skavare una tana
scoppio	ترکیدن	skoppio
inumare	خاک کردن؛ گور کردن	inumare
seppellire	خاک کردن؛ گور کردن	seppellire
autobus	اتوبوس	autobus
pullman	اتوبوس	pulman
arbusto	بوته؛ بوش	arbusto
cespuglio	بوته؛ بوش	chespulyo
staio	لیتر است؛ با پیمانه وزن کردن	staio
moggio	لیتر است؛ با پیمانه وزن کردن	mojo
affari	کسب و کار	affari
impresa	کسب و کار	impreza
uomo d'affari	بازرگان	vomo daffari
busto	ورشکست کردن؛ ورشکست شدن	busto
arresto	ورشکست کردن؛ ورشکست شدن	arresto
viavai	هایهو	vyavay
andirivieni	هایهو	andirivyeni
occupato	مشغول	okkupato
ma	اما	ma
però	اما	pero
macellaio	قصاب؛ قصابی کردن	machellaio
massacrare	قصاب؛ قصابی کردن	massakrare
costituente	ساقی؛ آبدارباشی	kostituente
maggiordomo	ساقی؛ آبدارباشی	majordomo
culo	شاخ زدن؛ نزدیک یا متصل شدن	kulo
sedere	شاخ زدن؛ نزدیک یا متصل شدن	sedere
burro	کره	burro
imburrare	کره	imburrare
farfalla	پروانه	farfalla
latticello	آبدوغ	lattichello
pulsante	دکمه	pulsante
tasto	دکمه	tasto
asola	مادگی	azola
occhiello	مادگی	okkyello
comprare	خریدن	komprare
cliente	خریدار؛ خرنده	kliente
compratore	خریدار؛ خرنده	kompratore
brusio	ویزویز کردن؛ نامشخص حرف زدن	bruzio
ciao	خداحافظ	chao
tassì	تاکسی؛ جای لوکوموتیوران	tassi
cavolo	کلم	kavolo
tassista	رانندهتاکسی	tassista
capanna	کلبه	kapanna
gabinetto	کابینت، هیئت وزیران	gabinetto
cavo	تلگراف؛ طناب سیمی	kavo
cablare	تلگراف؛ طناب سیمی	kablare
verso	نعیب کردن؛ غار غار	verso
caffè	کافه	kaffe
gabbia	قفس؛ درقفس نهادن	gabbia
dolce	کیک	dolche
individual cake]	کیک	individual kake
calamitoso	پربلا؛ مصیبت بار	kalamitozo
calamità	بلا؛ آفت	kalamita
calcolare	حساب کردن؛ احتساب کردن	kalkolare
calendario	تقویم؛ سالنما	kalendario
polpaccio	گوساله؛ عجل	polpacho
vitello	گوساله؛ عجل	vitello
calicò	چلوار	kaliko
California	کالیفرنیا	kalifornia
californiano	کالیفرنیایی	kalifornyano
chiamare	صدا زدن، تماس گرفتن	kyamare
telefonare	صدا زدن، تماس گرفتن	telefonare
calloso	پینهدار؛ سنگ دل	kallozo
cinico	پینهدار؛ سنگ دل	chiniko
callo	پینه؛ پینه ای	kallo
incallire	پینه؛ پینه ای	inkallire
calmo	آرام؛ ملایم	kalmo
pacifico	آرام؛ ملایم	pachifiko
calmamente	به آرامی	kalmamente
contegno	آرامی؛ آرامش	kontenyyo
caloria	کالری	kaloria
cammello	شتر؛ سار	kammello
cammeo	به زرد	kammeo
fotocamera	دوربین	fotokamera
macchina fotografica	دوربین	makkina fotografika
circolo	اردو، اردو زدن	chirkolo
congrega	اردو، اردو زدن	kongrega
campagna	کارزار؛ کمپین	kampanynya
candidato	نامزد انتخابات	kandidato
potere	توانستن (فعل کمکی)؛ قوطی	potere
sapere	توانستن (فعل کمکی)؛ قوطی	sapere
Canada	کانادا	kanada
canadese	کانادایی	kanadeze
inglese canadese	کانادایی	ingleze kanadeze
canale	کانال	kanale
cassare	فسخکردن؛ موقوف کردن	kassare
recidere	فسخکردن؛ موقوف کردن	rechidere
cancellazione	فسخ؛ لغو	kanchellatsione
cancro	سرطان	kankro
Cancro	سرطان	kankro
canceroso	سرطانی	kancherozo
candido	صاف؛ بی تزویر	kandido
candidatura	نامزدی؛ داوطلبی	kandidatura
candela	شمع	kandela
caramella	نقل؛ شیرینی	karamella
verga	عصا؛ قصب	verga
bastone	عصا؛ قصب	bastone
contenitore	چای دان؛ گازاشک آور	kontenitore
barattolo	چای دان؛ گازاشک آور	barattolo
potuto	مست باده	potuto
non potere	نمی‌تواند (فعل کمکی)	non potere
canoa	قایق رانی	kanoa
andare in canoa	قایق رانی	andare in kanoa
baldacchino	سایبان گذاشتن؛ کروک اتومبیل	baldakkino
calotta	سایبان گذاشتن؛ کروک اتومبیل	kalotta
Canter	سلانه سلانه	kanter
tela	بوم نقاشی	tela
canovaccio	بوم نقاشی	kanovacho
gola	دربند؛ تنگه	gola
tocco	کلاهک	tokko
tetto	کلاهک	tetto
capabilità	توانایی	kapabilita
cappa	شنل	kappa
mantellina	شنل	mantellina
capillare	عروق شعریه	kapillare
vaso capillare	عروق شعریه	vazo kapillare
capitale	پایتخت، سرمایه	kapitale
maiuscola	پایتخت، سرمایه	mayuskola
capitalismo	سرمایه‌داری	kapitalizmo
capitalista	سرمایه‌دار	kapitalista
capitulazione	کاپیتولاسیون	kapitulatsione
capricioso	بوالهوس؛ هوسران	kaprichozo
capsula	کپسول؛ پوشینه	kapsula
capitano di vascello	ناخدا؛ سروان	kapitano di vashello
capitano	ناخدا؛ سروان	kapitano
catturato	بندی؛ دربند	katturato
intrappolato	بندی؛ دربند	intrappolato
cattività	گرفتاری؛ اسارت	kattivita
catturare	تسخیر؛ دستگیری	katturare
cattura	تسخیر؛ دستگیری	kattura
Caravan	کاروان	karavan
carbonio	کربن	karbonio
carta	کارت	karta
scheda	کارت	skeda
cartone	مقوا؛ مقوای نازک	kartone
cardiale	فم المعدی	kardyale
cardiaco	فم المعدی	kardiako
cardinale	کاردینال؛ عدداصلی	kardinale
color cardinale	کاردینال؛ عدداصلی	kolor kardinale
cura	مراقبت، اهمیت دادن	kura
prendersi cura	مراقبت، اهمیت دادن	prendersi kura
carriera	شغل، حرفه	karriera
spensierato	سبکبار؛ بی غم	spensyerato
libero da preoccupazioni	سبکبار؛ بی غم	libero da preokkupatsioni
cauto	مراقب	kauto
prudente	مراقب	prudente
attentamente	با دقت	attentamente
negligentemente	سرسری؛ غافلا	nelyijentemente
negligenza	غفلت؛ مسامحه	neglijentsa
accarezzare	نوازش؛ ناز	akkaretsare
caribico	کارائیب	karibiko
Caraibi	کارائیب	karaibi
caricaturizzare	کاریکاتور؛ کاریکاتور ساختن	karikaturidzare
carnevale	کارناول؛ کارناوال	karnevale
Carolina	کارولینا	karolina
carpale	مچ دستی	karpale
falegname	درودگر؛ نجار	falenyame
carpentiere	درودگر؛ نجار	karpentiere
carpenteria	نجاری؛ درودگری	karpenteria
tappeto	فرش	tappeto
moquette	فرش	mokvette
postura	کالسکه	postura
portamento	کالسکه	portamento
portaerei	حامل؛ ترک بند	portaerei
carogna	لاش؛ گوشت گندیده	karonyya
carota	هویج	karota
carretto	چرخ؛ گاری	karretto
carro	چرخ؛ گاری	karro
cartilagine	غضروف	kartilajine
cartone animato	کارتون	kartone animato
cartuccia	فشنگ	kartucha
scalcare	حکاکی کردن	skalkare
trinciare	حکاکی کردن	trinchare
Cascade	آبشار	kaskade
caso	مورد، پرونده	kazo
valigia	مورد، پرونده	valija
liquidi	پول نقد	likvidi
contanti	پول نقد	kontanti
cassiere	صندوقدار؛ تحویلدار	kassiere
casinò	کازینو	kazino
scrigno	صندوق یاتابوت	skrinyyo
cofanetto	صندوق یاتابوت	kofanetto
pacco pignoni	کاست	pakko pinyoni
cassetta pignoni	کاست	kassetta pinyoni
sottana	دلق	sottana
gonnellino	دلق	gonnellino
cast	افکندن؛ بر افکندن	kast
gesso	افکندن؛ بر افکندن	jesso
casta	صنف	kasta
castello	قلعه	kastello
casuale	معمولی	kazuale
ferito	تلفات	ferito
gatta	گربه	gatta
gatto	گربه	gatto
catalogo	کاتالوگ	katalogo
cataloghi	کاتالوگ	katalogi
catastrofe	مصیبت؛ بلای ناگهانی	katastrofe
agguantare	گرفتن	agguantare
fermaglio	گرفتن	fermalyo
categoria	طبقه؛ رده	kategoria
soddisfare	پذیرایی کردن	soddisfare
duomo	کلیسا	duomo
cattedrale	کلیسا	kattedrale
cattolico	کاتولیک؛ جامع	kattoliko
felino	گربهوار	felino
simile a un gatto	گربهوار	simile a un gatto
bestiame	گله گاو	bestyame
bovini	گله گاو	bovini
Caucaso	قزاقی	kaukazo
cavolfiore	گلکلم	kavolfiore
causa	سببی؛ علتی	kauza
causare	سببی؛ علتی	kauzare
causativo	سبب شونده	kauzativo
cautela	احتیاط	kautela
oculato	محتاط	okulato
cautamente	از رویاحتیاط	kautamente
prudentemente	از رویاحتیاط	prudentemente
cavalcata	گردش سواره	kavalkata
Cavalier	شوالیه	kavalier
cavalleria	سواره نذام	kavalleria
grotta	غار	grotta
caverna	غار	kaverna
cavernoso	غارمانند؛ غاردار	kavernozo
cavità	گودی	kavita
incavo	گودی	inkavo
cadmio	سی‌دی	kadmio
cessare	متوقف کردن	chessare
smettere	متوقف کردن	zmettere
cedro	سرو؛ سدر	chedro
soffitto	سقف	soffitto
celebrare	جشن گرفتن	chelebrare
festeggiare	جشن گرفتن	festejare
ricorrenza	جشن؛ برگزاری	rikorrentsa
celebrazione	جشن؛ برگزاری	chelebratsione
fama	سلبریتی	fama
rinomanza	سلبریتی	rinomandza
celeste	سماوی؛ عرشی	cheleste
cellula	یاخته؛ سلول	chellula
cellulare	یاخته؛ سلول	chellulare
cantina	زیرزمین؛ سرداب	kantina
celtica	سلتی؛ زبان سلتی	cheltika
celtici	سلتی؛ زبان سلتی	cheltichi
adesivo	سیمان؛ سمنت	adezivo
cemento	سیمان؛ سمنت	chemento
cimitero	قبرستان	chimitero
camposanto	قبرستان	kampozanto
turibolo	بخورسوز؛ عودسوز	turibolo
incensiere	بخورسوز؛ عودسوز	inchensiere
censura	سانسور	chensura
censo	سرشماری؛ آمارگیری	chenso
censimento	سرشماری؛ آمارگیری	chensimento
soldino	سنت	soldino
centesimo	سنت	chentezimo
centenario	صدساله؛ یادبود صدساله	chentenario
centro	مرکز؛ وسط	chentro
centrale	مرکزی؛ میانی	chentrale
fondamentale	مرکزی؛ میانی	fondamentale
centralizzato	متمرکز	chentralidzato
nocciolo	مرکز	nocholo
centrifugale	مرکزگریز؛ نیروی گریز از مرکز	chentrifugale
centuria	قرن	chenturia
secolo	قرن	sekolo
Cereali	غله؛ حبوبات	chereali
cerebrale	مغزی؛ دماغی	cherebrale
cerimoniale	تشریفاتی	cherimonyale
cerimonie	تشریفات؛ مناسک	cherimonye
cerimonia	جشن؛ مراسم	cherimonia
certo	مطمئن	cherto
certezza	قطعیت	chertetsa
attestato	گواهی	attestato
certificato	گواهی	chertifikato
certificare	تصدیق کردن؛ شهادت کتبی دادن	chertifikare
cervicale	گردنی	chervikale
delusione	غم وغصه	deluzione
dispiacere	غم وغصه	dispyachere
catena	سلسله؛ زنجیر	katena
concatenare	سلسله؛ زنجیر	konkatenare
presidente	صندلی	prezidente
calice	جام	kaliche
gessetto	گچ؛ تباشیر	jessetto
creta	گچ؛ تباشیر	kreta
sfida	طلب حق؛ سر تافتن	sfida
campione	میدان جنگ	kampione
campionessa	میدان جنگ	kampionessa
champagne	شامپانی	shampany
campionato	قهرمانی	kampionato
probabilità	شانس	probabilita
chance	شانس	shans
cancelliere	صدر اعظم	kanchelliere
candelabro	چلچراغ؛ لوستر	kandelabro
cambiamento	تغییر، تغییر دادن	kambyamento
imitare	مجری؛ مجرا	imitare
caos	هرج و مرج	kaos
tizio	خشکی شدن؛ خشکی زدن	titsio
cappellano	پیشنماز؛ قاضی عسگر	kappellano
capitolo	فصل؛ بخش	kapitolo
carattere	شخصیت	karattere
caratteristica	شخصیت	karatteristika
caratteristico	اختصاصی؛ مشخصه	karatteristiko
caratterizzare	توصیف کردن	karatteridzare
carbone	زغال؛ ذغال	karbone
carbonella	زغال؛ ذغال	karbonella
tariffa	عهده؛ تهمت	tariffa
cocchio	اراده؛ ارابه	kokkio
carrozza	اراده؛ ارابه	karrotsa
charitabile	خیر؛ اوقاف	charitabile
ente di beneficenza	خیریه	ente di benefichentsa
organizzazione benefica	خیریه	organidzatsione benefika
ciarlatano	چاچولباز؛ شارلاتان	charlatano
carta nautica	نمودار	karta nautika
caccia	تعقیب کردن، تعقیب	kacha
cacciare	تعقیب کردن، تعقیب	kachare
casto	مخدر؛ عفیف	kasto
chiacchiera	گپ زدن	kyakkiera
chiaccherare	ورور کردن؛ وراجی کردن	kyakkerare
scadente	ارزان	skadente
economico	ارزان	ekonomiko
fregare	فریب؛ گولزدن	fregare
fregando	فریب؛ تقلب	fregando
controllare	بررسی کردن، چک؛ چک کردن	kontrollare
assegno	بررسی کردن، چک؛ چک کردن	assenyyo
scacco matto	مات کردن؛ شاه مات	skakko matto
chiappa	گونه	kyappa
impudenza	گونه	impudentsa
buonumore	تشویق کردن، تشویق	buonumore
incitare	تشویق کردن، تشویق	inchitare
allegro	خرم؛ شنگول	allegro
gioioso	با ل بشاشت	joiozo
grana	پنیر	grana
cacio	پنیر	kacho
capocuoco	سرآشپز	kapokuoko
composto chimico	شیمیایی	komposto kimiko
chimico	شیمیدان	kimiko
chimica	شیمی	kimika
custodire	ورزیدن؛ عزیز داشتن	kustodire
amare	ورزیدن؛ عزیز داشتن	amare
ciliegia	گیلاس	chilieja
ciliegio	گیلاس	chiliejo
scacchi	شطرنج؛ شترنج	skakki
scacchiera	تخته شطرنج	skakkiera
cassettone	سینه؛ قص	kassettone
castagna	بلوط؛ شاه بلوط	kastanynya
castano	بلوط؛ شاه بلوط	kastano
masticare	خاییدن؛ جویدن	mastikare
Chicago	شیکاگو	chikago
coniglio	مرغ	konilyo
pollo	مرغ	pollo
principale	رئیس؛ اصلی	princhipale
principalmente	عمدتاً	princhipalmente
chiffon	تور نازک؛ نوعی کیک	kiffon
infanzia	خردی؛ بچگی	infantsia
infantile	کودکانه؛ بچگانه	infantile
simile a un bambino	کودک مانند	simile a un bambino
freddo	چایمان؛ سرد کردن	freddo
brivido	چایمان؛ سرد کردن	brivido
rintocco	ناقوس را؛ سازیاموسیقی زنگی	rintokko
suonare	ناقوس را؛ سازیاموسیقی زنگی	suonare
chimerico	هوس باز؛ هوس آمیز	kimeriko
fumaiolo	دودکش؛ تنوره	fumayolo
camino	دودکش؛ تنوره	kamino
mento	چانه؛ پوز	mento
porcellana	چین؛ ظروف چینی	porchellana
Cina	چین؛ ظروف چینی	china
cinese	چینی؛ زبان چینی	chineze
cibo cinese	چینی؛ زبان چینی	chibo chineze
fessura	درزپیدا کردن	fessura
tintinnio	درزپیدا کردن	tintinnio
chip	چیپس، تراشه	kip
patatina	چیپس، تراشه	patatina
cesello	اسکنه؛ منقاش	chezello
scalpello	اسکنه؛ منقاش	skalpello
pralina	شکلات	pralina
cioccolatino	شکلات	chokkolatino
scelta	انتخاب	shelta
coro	گروه کر	koro
strozzare	اختناق؛ ساسات	strotsare
asfissiare	اختناق؛ ساسات	asfissyare
colera	وبا	kolera
scegliere	انتخاب کردن	shelyere
tagliare	خرد کردن	talyare
tagliato	ریز ریز	talyato
porcodio	مسیح؛ یاعلی	porkodio
porco Dio	مسیح؛ یاعلی	porko dio
cristianità	مسیحیت؛ عیسویت	kristyanita
cristianesimo	مسیحیت؛ عیسویت	kristyanezimo
cristiani	نصارا	kristyani
cronico	مزمن	kroniko
cronologico	زمانی	kronolojiko
paffuto	خپله	paffuto
vomitare	مرغک	vomitare
rimettere	مرغک	rimettere
pezzo	تکه بزرگ	petso
Chiesa	کلیسا	kyeza
chiesa	کلیسا	kyeza
zangolato	چرخی	dzangolato
bicchiere di sidro	آب سیب؛ شربت سیب	bikkiere di sidro
sidro	آب سیب؛ شربت سیب	sidro
sigaro	سیگار برگ	sigaro
sigaretta	سیگار	sigaretta
cinema	سینما	chinema
cinematografo	سینما	chinematografo
curva	دایره، دور چیزی کشیدن	kurva
disco	دایره، دور چیزی کشیدن	disko
circuito	مدار	chirkuito
circolare	حلقهای؛ مدور	chirkolare
diffondere	گردش کردن	diffondere
disseminarere	گردش کردن	disseminarere
Circolazione	گردش	chirkolatsione
circoncisione	ختنه	chirkonchizione
circonlocuzione	چگونگی	chirkonlokutsione
dettaglio	چگونگی	dettalyo
circo	میدان؛ جولانگاه	chirko
cittadella	ارک؛ قلعه نظامی	chittadella
convocare	اقتباس کردن؛ اتخاذ سند کردن	konvokare
citare	اقتباس کردن؛ اتخاذ سند کردن	chitare
civile	شهروند	chivile
cittadino	شهروند	chittadino
cittadinanza	شهروندی	chittadinantsa
città	شهر	chittaa
civico	مدنی	chiviko
civiltà	نزاکت	chivilta
civilizzazione	تمدن	chivilidzatsione
civilizzato	متمدن	chivilidzato
reclamo di proprietà	طلب؛ ادعا	reklamo di proprieta
reclamo	طلب؛ ادعا	reklamo
umido e freddo	بی حرارت؛ سرد ومرطوب	umido e freddo
clamore	سروصدا؛ غریو کشیدن	klamore
clamori	سروصدا؛ غریو کشیدن	klamori
brida	گیره؛ سوزن بند	brida
clan	طایفه؛ قبیله	klan
clandestino	غیرمشروع	klandestino
clangore	صدای شیپور	klangore
chiarimento	تبیین	kyarimento
chiarificazione	تبیین	kyarifikatsione
chiarire	روشن کردن	kyarire
chiarezza	وضوح	kyaretsa
Clark	کلارک	klark
zuffa	درگیری	dzuffa
baruffa	درگیری	baruffa
gancio	سرچسب؛ جفت چپراست	gancho
classe	کلاس	klasse
classico	کلاسیک	klassiko
classificazione	طبقه‌بندی	klassifikatsione
classificare	طبقه‌بندی کردن	klassifikare
aula	کلاس درس	aula
sferragliare	زغ زغ کردن	sferralyare
fracasso	زغ زغ کردن	frakasso
comma	ماده	komma
pinza	پنجه؛ چنگ	pintsa
zampa	پنجه؛ چنگ	dzampa
argilla	گل؛ رس	arjilla
pulito	تمیز، تمیز کردن	pulito
pulire	تمیز، تمیز کردن	pulire
pulizia	نظافت؛ پاکی	pulitsia
ripulire	تطهیر کردن	ripulire
detergente	پاکسازی	deterjente
sgombero	مفاصا؛ برائت ذمه	zgombero
repulisti	مفاصا؛ برائت ذمه	repulisti
chiaramente	به وضوح	kyaramente
segmentazione	رخ؛ شکافتگی	segmentatsione
scissione	رخ؛ شکافتگی	shissione
Mannarino	ساطور؛ ساتور	mannarino
clemenza	اعتدال عناصر	klementsa
presa	گره کردن	preza
stretta	گره کردن	stretta
clero	روحانیون؛ مردروحانی	klero
prete	روحانی؛ مجتهد	prete
chierico	روحانی؛ مجتهد	kyeriko
clerico	دفتری	kleriko
impiegato	کارمند	impyegato
[1] intelligente	باهوش	uno intellijente
[1] intelligentemente	بزیرکی؛ زیرکانه	uno intellijentemente
ingegnosità	هشیاری؛ زرنگی	injenyozita
clicca	تیک؛ صدای مختصر	klikka
[on: su] cliccare	تیک؛ صدای مختصر	on su klikkare
[1] cliente	موکل؛ ارباب رجوع	uno kliente
rupe	صخره	rupe
dirupo	صخره	dirupo
clima	آب و هوا	klima
eccitamento	اوج؛ منتها درجه	echitamento
orgasmo	اوج؛ منتها درجه	orgazmo
scalare	بالا رفتن	skalare
arrampicare	بالا رفتن	arrampikare
scalatore	صعود کننده	skalatore
arrampicatore	صعود کننده	arrampikatore
abbraccio	مشت کردن؛ قاطع ساختن	abbracho
aggrapparsi	چسبیدن	aggrapparsi
abbarbicarsi	چسبیدن	abbarbikarsi
clinica	درمانگاه	klinika
clinico	بالینی	kliniko
potare	گیره، کلیپ	potare
ridurre	گیره، کلیپ	ridurre
potando	جمع در	potando
tabarro	شنل؛ عبا	tabarro
ammantare	شنل؛ عبا	ammantare
orologio	ساعت دیواری	orolojo
baghetta	ساعت دیواری	bagetta
chiostro	در صومعه گذاشتن	kiostro
chiudere	بستن؛ نزدیک	kyudere
chiuso	بسته	kyuzo
armadio	قفسه؛ گنجه	armadio
ripostiglio	قفسه؛ گنجه	ripostilyo
chiusura	بسته شدن	kyuzura
termine	بسته شدن	termine
idiota	لخته؛ علقه	idiota
stupido	لخته؛ علقه	stupido
abito	پارچه	abito
tenuta	پارچه	tenuta
vestiti	لباس‌ها	vestiti
nebbia	ابر	nebbia
nube	ابر	nube
torbido	ابری؛ میغی	torbido
pagliaccio	دلقک؛ الدنگ	palyacho
buffone	دلقک؛ الدنگ	buffone
club	باشگاه	klab
pista	مدرک؛ سر نخ	pista
indizio	مدرک؛ سر نخ	inditsyo
graspo	انبوه کردن؛ ضربه سنگین	graspo
grossolanamente	ناشیانه؛ شلخته وار	grossolanamente
alla meno peggio	ناشیانه؛ شلخته وار	alla meno pejo
impacciato	ناشی؛ بی عرضه	impachato
goffo	ناشی؛ بی عرضه	goffo
gruppo	خوشه	gruppo
grappolo	خوشه	grappolo
frizione	چنگ	fritsione
avvinghiare	چنگ	avvingyare
cocchiere	کالسکهچی؛ درشکهچی	kokkiere
grumo	منعقد کردن؛ دلمه کردن	grumo
coagulo	منعقد کردن؛ دلمه کردن	koagulo
Coagulazione del sangue	انعقاد؛ لختگی	koagulatsione del sangve
rude	درشت؛ زبر	rude
grossolana	درشت؛ زبر	grossolana
costa	ساحل	kosta
costiera	ساحل	kostiera
costiero	ساحلی	kostiero
rivestimento	کت، پالتو	rivestimento
mantello	کت، پالتو	mantello
adulare	ریشخند کردن؛ چرب زبانی کردن	adulare
coccolare	ریشخند کردن؛ چرب زبانی کردن	kokkolare
adulando	ریشخند	adulando
nocciola	کاهگلی	nochola
calzolaio	پینه دوز	kaltsolaio
ciabattina	پینه دوز	chabattina
cocaina	کوکائین	kokaina
cocktail	کوکتل	kokktail
cacao	کاکائو	kakao
merluzzo	نوعی ماهی؛ کیسه کوچک	merlutso
[all meanings] codice	کد	al meanings kodiche
costringere	ناگزیر کردن	kostrinjere
coercizione	اجبار؛ عنف	koerchitsione
coexista	همزیستی کردن	koeksista
coesistenza	همزیستی؛ همزیگری	koezistentsa
chicco di caffè	قهوه	kikko di kaffe
bara	تابوت	bara
cassa da morto	تابوت	kassa da morto
forza persuasiva	قدرت عقیده	fortsa persuaziva
validità	قدرت عقیده	validita
cognitivo	شناختی	konyitivo
coerente	منسجم	koerente
bobina	بوبین	bobina
spirale	بوبین	spirale
moneta	سکه؛ سکه زدن	moneta
coniare	سکه؛ سکه زدن	konyare
neologismo	مسکوکات؛ ابداع واژه	neolojizmo
coincidere	مصادف بودن	koinchidere
coincidenza	تصادف	koinchidentsa
simultaneo	منطبق؛ مصادف	simultaneo
raffreddore	سرد، سرما	raffreddore
freddezza	برودت؛ سردی	freddetsa
collaborare	همکاری کردن	kollaborare
collaborazione	همکاری	kollaboratsione
crollo	هوار؛ فروریختگی	krollo
collasso	هوار؛ فروریختگی	kollasso
collo	یقه؛ طوق	kollo
anello	یقه؛ طوق	anello
collega	همکار	kollega
raccogliere	جمع آوری کردن	rakkolyere
raccolta	مجموعه؛ وصول	rakkolta
collezione	مجموعه؛ وصول	kolletsione
collettivamente	اجماعا؛ مجتمعا	kollettivamente
collettore	گردآورنده	kollettore
collezionista	گردآورنده	kolletsionista
università	کالج	universita
collegio	کالج	kollejo
Collegiate	دانشکدهای	kollejate
cozzando	مصادم	kotsando
Urto	برخورد	urto
due punti	دونقطه؛ نشان دونقطه	due punti
colonnello	سرهنگ	kolonnello
colonia	استعماری	kolonia
colore	رنگ؛ فام	kolore
Colorado	کلرادو	kolorado
colorare	رنگ	kolorare
colorire	رنگ	kolorire
colorato	رنگارنگ	kolorato
puledro	شخص ناآزموده؛ نوعی طپانچه	puledro
Columbia	کلمبیا	kolumbia
colonna	ستون	kolonna
columnista	ستون‌نویس	kolumnista
coma	اغماء؛ بیهشی	koma
cresta	شانه؛ شانه کردن	kresta
pettine	شانه؛ شانه کردن	pettine
combattente	رزمنده	kombattente
combinare	ترکیب؛ اختلاط	kombinare
venire	آمدن	venire
commedia	کمدی	kommedia
veniremente	خوش منظر	veniremente
cometa	ذوذنب؛ ستاره دنباله دار	kometa
benessere	راحتی؛ آسایش	benessere
comodo	راحت	komodo
confortevole	راحت	konfortevole
comodamente	براحتی	komodamente
comico	کمدی	komiko
fumetto	کمدی	fumetto
buffo	خندهآور	buffo
virgola	ویرگول؛ واوک	virgola
ordine	فرمان؛ دستور دادن	ordine
comando	فرمان؛ دستور دادن	komando
avvio	فتح	avvio
partenza	فتح	partentsa
elogio	سفارش؛ تقریظ	elojo
encomio	سفارش؛ تقریظ	enkomio
commento	نظر، نظر دادن	kommento
commentatore	مفسر	kommentatore
commercio	بازرگانی	kommercho
commerciale	تجارتی	kommerchale
missione	کمیسیون؛ کارمزد	missione
comitato	کمیسیون؛ کارمزد	komitato
affidare	مرتکب شدن؛ سر سپردن	affidare
commettere	مرتکب شدن؛ سر سپردن	kommettere
impegno	سرسپردگی	impenyyo
dedizione	سرسپردگی	deditsione
Commodity	کالا	kommoditi
comune	رایج، مشترک	komune
comunemente	علیالرسم؛ عرفا	komunemente
frequentemente	علیالرسم؛ عرفا	frekventemente
parco	مردم عادی	parko
paese	مشترک المنافع	paeze
nazione	مشترک المنافع	natsione
scandalo	جنجال؛ هیاهو	skandalo
comunicare	ارتباط برقرار کردن	komunikare
comunicazione	مکاتبه؛ ابلاغ	komunikatsione
comunione	صمیمیت وهمدلی	komunione
comunismo	کمونیسم؛ مسلک اشتراکی	komunizmo
comunista	کمونیست	komunista
comunità	جامعه	komunita
comunanza	جامعه	komunantsa
compatto	فشرده؛ فشرده کردن	kompatto
compagno	همدم	kompanynyo
azienda	شرکت	adzyenda
società	شرکت	socheta
comparabile	قابل مقایسه	komparabile
comparativo	مقایسه‌ای	komparativo
relativamente	بالنسبه	relativamente
paragonare	مقایسه کردن	paragonare
comparazione	قیاس؛ مقایسه	komparatsione
compartmento	کوپه	kompartmento
bussola	حیطه؛ پرگار	bussola
compassione	شفقت	kompassione
compassionevole	شفیق؛ دلسوز	kompassionevole
compatibile	سازگار	kompatibile
compatriota	هم وطن	kompatriota
convincente	قانع‌کننده	konvinchente
compensare	جبران کردن	kompensare
compensazione	جبران	kompensatsione
compensatorio	جبرانی	kompensatorio
competere	رقابت کردن	kompetere
gareggiare	رقابت کردن	garejare
competenza	صلاحیت	kompetentsa
gara	رقابت	gara
concorso	رقابت	konkorso
competitivo	رقابتی؛ قابل رقابت	kompetitivo
concorrente	رقیب؛ هم چشم	konkorrente
rivale	رقیب؛ هم چشم	rivale
compilazione	تدوین؛ همگردانی	kompilatsione
compilare	گردآوری کردن	kompilare
autocompiacimento	خود خوشنودی	autokompyachimento
complacente	خود خوشنود؛ عشرت طلب	komplachente
lagnarsi	شکایت کردن	lanyarsi
reclamare	شکایت کردن	reklamare
disturbo	گله؛ شکوه	disturbo
Complemento	تکمیل کردن	komplemento
complementario	مکمل؛ متممی	komplementario
completo	کامل، تکمیل کردن	kompleto
completare	کامل، تکمیل کردن	kompletare
pienamente	کاملا	pyenamente
completamento	تکمیل	kompletamento
complesso	عقده؛ مجتمع	komplesso
complessare	عقده؛ مجتمع	komplessare
carnagione	بشره	karnajone
complessità	پیچیدگی	komplessita
conformità	انطباق	konformita
arrendevolezza	انطباق	arrendevoletsa
complicare	مشکل کردن؛ بغرنج کردن	komplikare
ramificazione	پیچیدگی	ramifikatsione
complimento	تعارف	komplimento
complimentarsi	تعارف	komplimentarsi
gratuito	تعارفی؛ تعارف آمیز	gratuito
gratis	تعارفی؛ تعارف آمیز	gratis
attuare	تبعیت کردن	attuare
componente	مولفه	komponente
comporre	ساختن	komporre
compositore	آهنگساز	kompozitore
saggio	ترکیب، قطعه موسیقی	sajo
componimento	ترکیب، قطعه موسیقی	komponimento
composto	ترکیب	komposto
comprendere	درک نمودن	komprendere
comprensibile	قابل درک	komprensibile
comprensione	درک؛ فهم	komprensione
esaustivo	جامع	ezaustivo
comprimere	کمپرس؛ متراکمکردن	komprimere
compressione	تراکم؛ فشردگی	kompressione
consistere	شامل بودن	konsistere
pattuire	مصالحه	pattuire
obbligatorio	اجباری	obbligatorio
computare	محاسبه کردن	komputare
elaborare	محاسبه کردن	elaborare
computer	کامپیوتر	kompyuter
elaboratore	کامپیوتر	elaboratore
concavo	مقعر	konkavo
celare	پنهان کردن	chelare
nascondere	پنهان کردن	naskondere
cedere	اعتراف کردن	chedere
dare la precedenza	اعتراف کردن	dare la prechedentsa
concetto	نخوت؛ خود بینی	konchetto
vanità	نخوت؛ خود بینی	vanita
ideabile	قابل تصور	ideabile
pensabile	قابل تصور	pensabile
concepire	تصور کردن	konchepire
concentrarsi	تغلیظ کردن	konchentrarsi
concentrare	تغلیظ کردن	konchentrare
concentrazione	تمرکز؛ غلظت	konchentratsione
concentrico	هم مرکز؛ متحد المرکز	konchentriko
concezione	مفهوم	konchetsione
conceptuale	ادراکی؛ تعقلی	koncheptuale
concernere	پروا؛ مربوط بودن	konchernere
concerto	کنسرت	koncherto
concertare	کنسرت	konchertare
concessione	امتیاز	konchessione
conciliazione	استمالت	konchiliatsione
conciliatorio	آشتی کننده؛ استمالت پذیر	konchiliatorio
conciso	لب گو؛ فشرده ومختصر	konchizo
finire	منعقد کردن؛ استنتاج کردن	finire
concludere	منعقد کردن؛ استنتاج کردن	konkludere
conclusione	عاقبت؛ خاتمه	konkluzione
decisivo	مسکت؛ اختتامی	dechizivo
conclusivo	مسکت؛ اختتامی	konkluzivo
concordanza	سازگاری؛ همدلی	konkordantsa
turba	محل اجتماع؛ محل ملاقات	turba
concreto	بتن، واقعی	konkreto
Commozione cerebrale	ضربت سخت	kommotsione cherebrale
condannare	محکوم کردن	kondannare
condanna	محکومیت	kondanna
condensazione	تراکم؛ تغلیظ	kondensatsione
condensato	متراکم؛ غلیظ	kondensato
accondiscendere	تواضع کردن	akkondishendere
concedere	تواضع کردن	konchedere
accondiscendendo	نوازش کننده	akkondishendendo
condizione	وضعیت	konditsione
stato	وضعیت	stato
condoglianze	عزا؛ تعزیت	kondolyantse
conduzione	رفتار؛ کردار	kondutsione
Conduttività	رسانائی؛ قابلیت هدایت	konduttivita
direttore d'orchestra	هادی؛ رسانا	direttore dorkestra
conducente	هادی؛ رسانا	konduchente
cono	مخروط؛ میوه کاج	kono
strobilo	مخروط؛ میوه کاج	strobilo
pasticciere	شیرینی فروش؛ شکر ریز	pastichere
confederazione	هم پیمانی	konfederatsione
confederato	موتلف	konfederato
alleato	موتلف	alleato
conferire	اعطا کردن، مشورت کردن	konferire
confessare	اعتراف کردن	konfessare
confessione	اعتراف	konfessione
confidante	همراز؛ سرنگهدار	konfidante
confidenza	اطمینان؛ اعتماد	konfidentsa
sicuro	دلگرم	sikuro
fiducioso	دلگرم	fiduchozo
riservatamente	به‌طور محرمانه	rizervatamente
familiarmente	متوکلاً	familiarmente
configurazione	پیکربندی	konfiguratsione
restringere	محبوس کردن	restrinjere
cresimare	استوار کردن؛ تصدیق کردن	krezimare
confermare	استوار کردن؛ تصدیق کردن	konfermare
conferma	تایید	konferma
cresima	تایید	krezima
confiscare	ضبط کردن؛ مسدود کردن	konfiskare
confisca	ضبط	konfiska
conflagrazione	آتش سوزی	konflagratsione
incompatibilità	نبرد؛ تضاد	inkompatibilita
conflitto	نبرد؛ تضاد	konflitto
Confluenza	تلاقی؛ همریختنگاه	konfluentsa
affluente	متلاقی؛ همریز	affluente
conformarsi	مطابق کردن؛ تطبیق کردن	konformarsi
confrontare	روبرو شدن	konfrontare
scontro	رویارویی	skontro
oppozitione	رویارویی	oppotsitione
perplesso	گیج کردن؛ مختل کردن	perplesso
poco chiaro	ملتبس	poko kyaro
che confonde	ملتبس	ke konfonde
disordine	سردرگمی	dizordine
coagulato	منجمد	koagulato
solidificato	منجمد	solidifikato
congeniale	همخو؛ هم مشرب	konjenyale
congenito	ارثی؛ مادرزاد	konjenito
congestione	احتقان	konjestione
congratularsi	تبریک گفتن	kongratularsi
congratulazione	تهنیت؛ تبریک	kongratulatsione
congregazione	جماعت	kongregatsione
assemblea	جماعت	assemblea
rapporto sessuale	کنگره؛ مجلس	rapporto sessuale
coito	کنگره؛ مجلس	koito
congressionale	کنگره‌ای	kongressionale
conico	کله قندی	koniko
congettura	حدس	konjettura
congiunzione	تلاقی؛ مقارنت	konjuntsione
evocare	افسونکردن؛ جادو کردن	evokare
fare magie	افسونکردن؛ جادو کردن	fare majie
connettersi	وصل کردن	konnettersi
connettuto	متصل	konnettuto
Connecticut	کانکتیکت	konnektikut
connessione	پیوند؛ اتصال	konnessione
connivenza	اغماض؛ غمض	konniventsa
vincere	فتح کردن	vinchere
conquistare	فتح کردن	konkvistare
conquistatore	غالب؛ فاتح	konkvistatore
conquista	تسخیر	konkvista
acribia	وجدانی؛ باوجدان	akribia
coscienzioso	وجدانی؛ باوجدان	koshentsiozo
leva	سربازگیری	leva
consecutivo	متوالی	konsekutivo
consenso	اجماع	konsenso
consentire	رضایت، رضایت دادن	konsentire
effetto	موجب؛ عاقبت	effetto
esito	موجب؛ عاقبت	ezito
consequentiale	پربرآیند؛ نتیجهای	konsekventyale
concomitantemente	در نتیجه	konkomitantemente
conservare	حفاظت	konservare
considerare	در نظر گرفتن	konsiderare
considerabile	قابل توجه	konsiderabile
considerevolmente	به میزان قابل توجهی	konsiderevolmente
premuroso	محتاط؛ باملاحظه	premurozo
comporsi	یکپارچهبودن؛ تشکیل دادن	komporsi
consistenza	سازگاری	konsistentsa
coerenza	سازگاری	koerentsa
coerentemente	به طور مداوم	koerentemente
consolazione	دلداری	konsolatsione
conforto	دلداری	konforto
consolare	پیشانه؛ میزفرمان	konsolare
console	پیشانه؛ میزفرمان	konsole
consolidare	تحکیم کردن	konsolidare
consolidato	مستحکم	konsolidato
integrazione	تحکیم؛ تشیید	integratsione
consonante	بیواکه؛ همخوان	konsonante
Consorzio	کنسرسیوم	konsortsio
cospirazione	توطئه	kospiratsione
costanza	استواری؛ ثبات	kostantsa
costante	ثابت؛ دایم	kostante
costantemente	دایم؛ دائما	kostantemente
costernazione	بهت وحیرت	kosternatsione
stitico	یبس؛ مقوبض	stitiko
stipsi	یبوست	stipsi
stitichezza	یبوست	stitiketsa
circoscrizione	حوزه انتخابیه	chirkoskritsione
creare	تشکیل دادن	kreare
formare	تشکیل دادن	formare
costituzione	قانون اساسی	kostitutsione
vincolo	محدودیت	vinkolo
costrizione	محدودیت	kostritsione
constriczione	تنگی؛ تنگ شدگی	konstriktsione
consultarsi	مشورت کردن	konsultarsi
consultare	مشورت کردن	konsultare
consumato	مورد مصرف	konsumato
consumatore	مصرف کننده؛ مسرف کننده	konsumatore
consumatrice	مصرف کننده؛ مسرف کننده	konsumatriche
logorante	استهلاک؛ مصرف کننده	logorante
che consuma	استهلاک؛ مصرف کننده	ke konsuma
consumo	مصرف	konsumo
consunzione	مصرف	konsuntsione
contatto	ارتباط؛ تماس	kontatto
contattare	ارتباط؛ تماس	kontattare
contagio	واگیر؛ هم گیری	kontajo
infettivo	مسری؛ واگیردار	infettivo
contagioso	مسری؛ واگیردار	kontajozo
contagiosità	واگیری	kontajozita
propagabilità	واگیری	propagabilita
contenere	حاوی بودن	kontenere
recipiente	ظرف؛ محفه	rechipiente
contaminato	فاسد؛ آلوده	kontaminato
contaminazione	آلودگی؛ آلایش	kontaminatsione
ponderare	تامل کردن	ponderare
Contemplazione	غور	kontemplatsione
malinconico	معقول؛ تفکری	malinkoniko
meditabondo	معقول؛ تفکری	meditabondo
coetaneo	همزمان؛ معاصر	koetaneo
contemporaneo	همزمان؛ معاصر	kontemporaneo
disprezzo	تحقیر	dispretso
sdegnoso	قابل تحقیر	zdenyozo
sprezzante	قابل تحقیر	spretsante
competitore	رقیب	kompetitore
contenuto	راضی	kontenuto
contento	راضی	kontento
competizione	اختلاف	kompetitsione
concorrenza	اختلاف	konkorrentsa
continente	قاره	kontinente
continentale	بری؛ اقلیمی	kontinentale
continuare	مدام؛ مداوم	kontinuare
continuamente	به طور مستمر	kontinuamente
continuazione	ادامه؛ دنباله	kontinuatsione
continuità	پیوستگی؛ تسلسل	kontinuita
continuo	پیاپی؛ لاینقطع	kontinuo
profilo	حدفاصل؛ محیط مرئی	profilo
contorno	حدفاصل؛ محیط مرئی	kontorno
contrabbando	اجناس قاچاق	kontrabbando
contratto	پیمان؛ مقاطعه	kontratto
contrarre	پیمان؛ مقاطعه	kontrarre
contraczione	گرفتگی؛ انقباض	kontraktsione
contractore	پیمانکار	kontraktore
contractuale	پیمانی؛ عهدی	kontraktuale
contradire	تناقض داشتن؛ خلاف گفتن	kontradire
contraddizione	تناقض	kontradditsione
opposto	برعکس	opposto
contrasto	تباین؛ مباینت	kontrasto
contribuire	هم بخشی کردن؛ همکاری و کمک کردن	kontribuire
donazione	کمک؛ اعانه	donatsione
contributore	مشارکت‌کننده	kontributore
controllo	کنترل، کنترل کردن	kontrollo
revisore	ممیز؛ بازبین	revizore
controverso	بحث‌برانگیز	kontroverso
controversia	مناقشه	kontroversia
convalescente	بهگرا	konvaleshente
riunirsi	هم آیش کردن؛ دورهم جمع شدن	riunirsi
conveniente	بی دغدغه	konveniente
Convento	دیر؛ صومعه	konvento
convenzione	کنوانسیون	konventsione
convenzionale	متعارف	konventsionale
convergere	متقارب شدن؛ همگرا بودن	konverjere
dialogo	مکالمه	dyalogo
discorso	مکالمه	diskorso
conversare	محاوره کردن	konversare
conversaremente	بالعکس	konversaremente
conversione	تبدیل	konversione
convertire	نقد کردن	konvertire
convesso	محدب؛ محذب	konvesso
trasportare	منتقل کردن	trasportare
esprimere	منتقل کردن	esprimere
carcerato	محکوم کردن	karcherato
condannato	محکوم کردن	kondannato
convinzione	محکومیت	konvintsione
convincere	متقاعد کردن؛ قانع کردن	konvinchere
concludente	متقاعد کننده	konkludente
contorto	بهم تابیده	kontorto
convoglio	کاروان	konvolyo
Convulsione	تشنج؛ اختلاج	konvulsione
convulsivo	متشنج؛ تشنجی	konvulsivo
cuoca	آشپز؛ آشپزی کردن	kuoka
cuoco	آشپز؛ آشپزی کردن	kuoko
fresco	خنک، باحال	fresko
raffreddamento	خنک کننده؛ خنک سازی	raffreddamento
cooperare	همکاری کردن	kooperare
cooperazione	اشتراک؛ مشارکت	kooperatsione
cooperativo	تعاونی	kooperativo
cooperativa	تعاونی	kooperativa
coordinare	هماهنگ کردن	koordinare
coordinata	هماهنگ کردن	koordinata
coordinazione	هماهنگی	koordinatsione
coordinatore	هماهنگ‌کننده	koordinatore
secondino	پلیس	sekondino
poliziotto	پلیس	politsiotto
far fronte	کنار آمدن	far fronte
affrontare	کنار آمدن	affrontare
rame	مس	rame
copia	کپی، کپی کردن	kopia
replica	کپی، کپی کردن	replika
diritto d'autore	حق چاپ	diritto dautore
corallina	مرجان؛ بسد	korallina
corallino	مرجان؛ بسد	korallino
corda	طناب؛ سیم	korda
cordiale	قلبی؛ مقوی	kordyale
caparra	سلف	kaparra
anima	سلف	anima
s. m. sughero	سربطری؛ چوب پنبه	esse emme sugero
turacciolo	سربطری؛ چوب پنبه	turacholo
mais	ذرت؛ غله	mays
corollario	نتیجه فرعی	korollario
coronario	اکیلی	koronario
medico legale	پزشک قانونی	mediko legale
coroncina	نیم تاج	koronchina
caporale	جسمی؛ سرجوخه	kaporale
corporazione	شرکت	korporatsione
cadavere	لاشه؛ مردار	kadavere
corretto	صحیح، اصلاح کردن	korretto
correzione	اصلاح	korretsione
correttamente	به درستی	korrettamente
correlare	همبستگی داشتن	korrelare
correlazione	همبستگی	korrelatsione
corrispondere	مطابقت داشتن	korrispondere
incontrarsi	مطابقت داشتن	inkontrarsi
corrispondenza	مکاتبات	korrispondentsa
corrispondente	متناظر	korrispondente
corridoio aereo	راهرو	korridoio aereo
corrotto	فاسد	korrotto
corrompere	فاسد	korrompere
corruzione	فساد	korrutsione
corsetto	شکم بند	korsetto
cosacco	قزاق	kozakko
costo	هزینه، هزینه داشتن	kosto
costare	هزینه، هزینه داشتن	kostare
caro	پرهزینه	karo
costoso	پرهزینه	kostozo
costume	جامه؛ لباس محلی	kostume
accogliente	گرم ونرم	akkolyente
rustico	کلبه	rustiko
casolare	کلبه	kazolare
cotone	پنبه؛ کتانی	kotone
sofà	مبل	sofa
canapè	مبل	kanape
tosse	سرفه؛ سرفه کردن	tosse
colpo di tosse	سرفه؛ سرفه کردن	kolpo di tosse
potrebbe	می‌توانست (فعل کمکی)	potrebbe
poteva	می‌توانست (فعل کمکی)	poteva
councillore	عضو شورا	kounchillore
councilore	عضو انجمن؛ عضو شورا	kounchilore
conte	شمردن	konte
apparenza	لقا	apparentsa
sembianza	لقا	sembyantsa
contatore	مقابله کردن (با استدلال)؛ پیشخوان	kontatore
sabotare	خنثی کردن؛ خنثی نمودن	sabotare
contrattacco	حمله متقابل کردن	kontrattakko
controparte	همتا	kontroparte
equivalente	همتا	ekvivalente
contessa	کنتس؛ همسر کنت	kontessa
innumerabile	بی‌شمار	innumerabile
innumerevole	بی‌شمار	innumerevole
connazionale	هم میهن	konnatsionale
campagnolo	هم میهن	kampanyolo
colpo di Stato	کودتا	kolpo di stato
paio	زوج، چند	paio
coppia	زوج، چند	koppia
Buono acquisto	کوپن	buono akkvisto
coraggioso	دلاور؛ شجاع	korajozo
corriere	پیک؛ حملهدار	korriere
rotta	دوره، البته	rotta
percorso	دوره، البته	perkorso
tribunale	دادگاه؛ دربار	tribunale
corte	دادگاه؛ دربار	korte
cortese	مبادی آداب	korteze
cortesia	ادب	kortezia
di cortesia	ادب	di kortezia
palazzo di giustizia	کاخ دادگستری	palatso di justitsia
tribunalemente	درباری	tribunalemente
corteggiamento	نظر بازی	kortejamento
cortile	صحن	kortile
cugina	پسرعمو/عمه/دایی/خاله، دخترعمو/عمه/دایی/خاله	kujina
cugino	پسرعمو/عمه/دایی/خاله، دخترعمو/عمه/دایی/خاله	kujino
clausola accessoria	میثاق بستن	klauzola achessoria
clausola secondaria	میثاق بستن	klauzola sekondaria
coprire	پوشاندن، پوشش	koprire
Copertura	پوشش	kopertura
nascosto	پوشپر	naskosto
segreto	پوشپر	segreto
vacca	گاو	vakka
vile	ترسو؛ ضعیفالنفس	vile
codardo	ترسو؛ ضعیفالنفس	kodardo
viltà	بیدلی؛ نامردی	vilta
codardia	بیدلی؛ نامردی	kodardia
vaccaio	گاوچران	vakkaio
vaccaro	گاوچران	vakkaro
granchio	خرچنگ	grankio
stecca	ترک، شکستن	stekka
crepa	ترک، شکستن	krepa
cullare	گهواره؛ مهد	kullare
astuzia	ساختن؛ مهارت، صنایع دستی	astutsia
furberia	ساختن؛ مهارت، صنایع دستی	furberia
artéfice	صنعت گر؛ پیشه ور	artefiche
furbo	موذی؛ هفت خط	furbo
crampo	چنگوک؛ چنگه	krampo
gru	کلنگ؛ جرثقیل	gru
allungare	کلنگ؛ جرثقیل	allungare
cranico	جمجمه ای	kraniko
manovella	محوردار؛ میل لنگ	manovella
eccentrico	محوردار؛ میل لنگ	echentriko
cratere	دهانه آتش فشان	kratere
strisciare	خزیدن	strishare
nuotare a crawl	خزیدن	nuotare a kravl
pazzo	دیوانه	patso
cric	غژغژ کردن	krik
scricchiolio	غژغژ کردن	skrikkiolio
crema	خامه، کرم	krema
panna	خامه، کرم	panna
raggrinzire	تاه؛ تاه کردن	raggrintsire
spiegazzare	تاه؛ تاه کردن	spyegatsare
creazione	ایجاد؛ خلق	kreatsione
creato	ایجاد؛ خلق	kreato
creativo	خلاق	kreativo
creativa	خلاق	kreativa
creatore	خالق	kreatore
creatura	خلق؛ موجود	kreatura
credibilità	اعتبار	kredibilita
credibile	معتبر	kredibile
creditore	بستانکار؛ وامخواه	kreditore
credo	کیش	kredo
scollamento	خزیدن	skollamento
lecchino	خزیدن	lekkino
cornetto	هلال؛ هلالی	kornetto
falce	هلال؛ هلالی	falche
timbro	ستیغ	timbro
folla	خدمه	folla
gente	خدمه	jente
greppia	گهواره؛ دزدی ادبی	greppia
mangiatoia	گهواره؛ دزدی ادبی	manjatoia
fair play	جیر جیرک	fair plei
cricket	جیر جیرک	krikket
reato	جرم	reato
crimine	جرم	krimine
criminale	جنایتکار	kriminale
delittuoso	جنایتکار	delittuozo
cremisi	جگری؛ لاکی	kremizi
storpio	عاجز؛ زمین گیر	storpio
menomare	عاجز؛ زمین گیر	menomare
invalidante	فلج کننده	invalidante
crisi	بحران	krizi
criterio	معیار	kriterio
critico	منقد؛ نقدگر	kritiko
criticamente	به طور انتقادی	kritikamente
gravemente	به طور انتقادی	gravemente
critica	انتقاد؛ نکوهش	kritika
criticare	انتقاد کردن؛ نکوهش کردن	kritikare
recensione	نقد	rechensione
coccio	بدل چینی؛ ظروف گلی	kocho
terraglia	بدل چینی؛ ظروف گلی	terralya
curvo	کج؛ ناراست	kurvo
frustino	محصول؛ محصود	frustino
massa	محصول؛ محصود	massa
intralciare	صلیب، عبور کردن	intralchare
bivio	چهار راه	bivio
punto di svolta	چهار راه	punto di zvolta
bisbetico	قلاب دار	bizbetiko
accovacciato	دولا دولا	akkovachato
girello	خناق	jirello
culaccio	خناق	kulacho
piede di porco	غراب؛ بانگ خروس	pyede di porko
corvo	غراب؛ بانگ خروس	korvo
gremito	شلوغ	gremito
affollato	شلوغ	affollato
corona	تاج	korona
colmo	تاج	kolmo
cruciforme	حیاتی	kruchiforme
cruciale	حیاتی	kruchale
crocefiggere	مصلوب کردن؛ چارمیخ کردن	krochefijere
crocifiggere	مصلوب کردن؛ چارمیخ کردن	krochifijere
grezzo	خام	gretso
greggio	خام	grejo
crudeltà	بیداد؛ ظلم	krudelta
crociera	سفر دریایی	krochera
sgualcito	مچاله	zgvalchito
crociata	غزا؛ جنگ مذهبی	krochata
calca	خرد کردن	kalka
ressa	خرد کردن	ressa
crosta	پوست؛ پوسته	krosta
gruccia	زیربغل راه رفتن؛ چوب زیر بغل	grucha
stampella	زیربغل راه رفتن؛ چوب زیر بغل	stampella
urlo	گریه کردن	urlo
urlare	گریه کردن	urlare
cristallo	بلور	kristallo
cristallizzato	متبلور	kristallidzato
etc	شبل	etk
fox cub	شبل	foks kub
Cuba	کوبا	kuba
cubano	کوبایی	kubano
cubica	مکعبی	kubika
cetriolo	خیار؛ بالنک	chetriolo
segnale	نشانه	senyale
culminante	منتهی	kulminante
culto	فرقه	kulto
coltivare	کشت کردن	koltivare
coltura	زرع؛ تهذیب	koltura
culturale	فرهنگی	kulturale
cultura	فرهنگ	kultura
coltivato	بافرهنگ	koltivato
cuneiforme	خط میخی	kuneiforme
coppa	فنجان	koppa
credenza	کمد	kredentsa
curativo	علاج بخش؛ شفا بخش	kurativo
tenere a freno	جدول؛ طوقه	tenere a freno
curare	چاره؛ درمان	kurare
curiosità	کنجکاوی	kuriozita
curioso	کنجکاو	kuriozo
strano	کنجکاو	strano
rotore	فر؛ مرغول	rotore
ricciolo	فر؛ مرغول	richolo
riccio	فرفری	richo
valuta	ارز	valuta
attuale	جاری؛ رایج	attuale
corrente	جاری؛ رایج	korrente
attualmente	فعلا؛ اکنون	attualmente
programma	برنامه درسی	programma
maleficio	نفرین؛ لعنت	maleficho
maledizione	نفرین؛ لعنت	maleditsione
limitare	کوتاه کردن؛ مختصر نمودن	limitare
tenda	پرده؛ حجاب	tenda
drappo	پرده؛ حجاب	drappo
curvatura	خمیدگی	kurvatura
[usually plural] curva	خم؛ منحنی	uzualli plural kurva
sponda	چنبره؛ مخده	sponda
cuscino	چنبره؛ مخده	kushino
Cuspide	نوک هلال؛ غره برج	kuspide
custode	متولی؛ سرایدار	kustode
custodia	حضانت	kustodia
dogana	رسم؛ عادت	dogana
carino	بامزه	karino
decoupage	برش	dekoupaje
talea	برش	talea
cianuro	سیانور	chanuro
ciclo	دوچرخه سواری، چرخه	chiklo
cilindro	سیلندر؛ استوانه	chilindro
cilindrico	لولهای؛ استوانهای	chilindriko
cistico	پیشاب دانی	chistiko
zar	تزار	dzar
ceco	زبان چکوسلواکی	cheko
ceca	زبان چکوسلواکی	cheka
pà	بابا	pa
papà	بابا	papa
babbo	پاپا؛ بابا	babbo
daga	خنجر؛ دشنه	daga
quotidiano	روزانه	kvotidyano
giornaliero	روزانه	jornaliero
alimentari	لبنیات	alimentari
caseificio	لبنیات	kazeificho
diga	سد	diga
argine	سد	arjine
danno	زیان؛ غرامت	danno
rovinare	زیان؛ غرامت	rovinare
lesivo	آسیب‌زننده	lezivo
dannoso	آسیب‌زننده	dannozo
damasco	گلدار کردن	damasko
damascare	گلدار کردن	damaskare
dannatamente	اف؛ نفرین کردن	dannatamente
maledettamente	اف؛ نفرین کردن	maledettamente
dannato	ملعون؛ لعین	dannato
smorzare	نمناک؛ نمدار	zmortsare
soffocare	نمناک؛ نمدار	soffokare
umidità	رطوبت؛ نمناکی	umidita
danza	رقص، رقصیدن	dantsa
ballerina	رقصنده	ballerina
ballerino	رقصنده	ballerino
Dandismo	خوش تیپ؛ شیک پوش	dandizmo
pericolo	خطر	perikolo
pericolosa	خطرناک	perikoloza
pericoloso	خطرناک	perikolozo
penzolante	آویز شده	pentsolante
danese	دانمارکی	daneze
osare	جرئت کردن	ozare
osando	جسور؛ شهامت	ozando
buio	تاریک؛ تاریکی	buyo
fosco	تاریک؛ تاریکی	fosko
oscurità	تاریکی	oskurita
amore	عزیز؛ دلبند	amore
tesoro	عزیز؛ دلبند	tezoro
DART	مزراق	dart
parafango	داشبورد	parafango
paraschizzi	داشبورد	paraskitsi
focoso	زنده دل	fokozo
dati	داده‌ها	dati
dato	داده‌ها	dato
database	پایگاه داده	databeiz
cavaliere	تاریخ، قرار ملاقات	kavaliere
accompagnatore	تاریخ، قرار ملاقات	akkompanyatore
figlia	دختر	filya
Davis	دیویس	davis
albori	طلوع	albori
schiudersi	طلوع	skyudersi
giorno	روز	jorno
alba	سپیده دم؛ تیغ سحر	alba
di	روز؛ نهارخوری	di
abbagliato	خیره؛ مسحور	abbalyato
diacono	شماس	dyakono
morto	مرده	morto
scadenza	مهلت	skadentsa
letale	کشنده	letale
velenoso	کشنده	velenozo
sordo	ناشنوا؛ اصم	sordo
i sordi	ناشنوا؛ اصم	i sordi
sordità	ناشنوایی	sordita
occuparsi di	معامله، سر و کار داشتن	okkuparsi di
piazzista	فروشنده	pyatsista
rivenditore	فروشنده	rivenditore
decano	شیخ السفرا	dekano
morte	مرگ	morte
letto di morte	بستر مرگ	letto di morte
mortemente	مرگ وار	mortemente
dibattito	بحث؛ جدال	dibattito
dibattimento	بحث؛ جدال	dibattimento
orgia	فسق؛ الواطی	orja
maceria	آوار	macheria
residui	آوار	rezidui
debito	دین؛ بدهکاری	debito
debitore	مدیون؛ بدهکار	debitore
debitrice	مدیون؛ بدهکار	debitriche
debutto	اولین حضور	debutto
esordire	اولین حضور	ezordire
decina	دهه	dechina
decade	دهه	dekade
decadenza	تنزل؛ آغاز ویرانی	dekadentsa
imputridire	فساد؛ فاسدکردن	imputridire
deceduto	مرده؛ مرحوم	decheduto
trucco	فریب؛ گول	trukko
falsità	فریب؛ گول	falsita
bugiardo	جلب؛ عیار	bujardo
ingannare	فریفتن؛ رنگ کردن	ingannare
dicembre	دسامبر	dichembre
decenza	نجابت	dechentsa
perbene}	نجیب؛ باحیاء	perbene
presentabile	نجیب؛ باحیاء	prezentabile
perbene}mente	نجیبانه	perbene mente
inganno	فریب؛ نیرنگ	inganno
mistificazione	فریب؛ نیرنگ	mistifikatsione
ingannevole	فریبنده؛ فریبا	ingannevole
decidere	تصمیم گرفتن	dechidere
decisione	تصمیم	dechizione
Decisione	تصمیم‌گیری	dechizione
voto	اعلامیه	voto
declino	کاهش؛ تنزل	deklino
declinare	کاهش؛ تنزل	deklinare
decomposizione	تجزیه	dekompozitsione
abbellire	آراستن؛ پیراستن	abbellire
abbellendo	آرایش دهنده؛ زینت بخش	abbellendo
decorazione	آرایش؛ تراز	dekoratsione
decorativo	زینتی؛ آذینی	dekorativo
decoroso	زینت دار	dekorozo
decoro	رفتار بجا	dekoro
calo di	نقص؛ تنزل	kalo di
ribasso di	نقص؛ تنزل	ribasso di
decreto	وضع کردن؛ تصویب نامه	dekreto
dedicare	وفق کردن؛ اهداء کردن	dedikare
dedito	فداکار	dedito
dedicazione	فداکاری	dedikatsione
dedurre	استدلال کردن	dedurre
detraibile	مالیات پذیر	detraibile
deduzione	کاهش؛ استنتاج	dedutsione
detrazione	کاهش؛ استنتاج	detratsione
deduttivo	استدلالی	deduttivo
fatto	عمل	fatto
gesta	عمل	jesta
profondo	عمیق	profondo
profonda	عمیق	profonda
approfondire	گود کردن؛ تعمیق کردن	approfondire
profondamente	عمیقا	profondamente
alce	آهو؛ گوزن	alche
cervo	آهو؛ گوزن	chervo
denigrare	بدنام کردن؛ هتاکی کردن	denigrare
predefinito	پیش‌فرض	predefinito
disfatta	شکست؛ هزیمت	disfatta
sconfitta	شکست؛ هزیمت	skonfitta
difetto	نقص	difetto
defezionare	نقص	defetsionare
defezione	ارتداد	defetsione
diserzione	ارتداد	dizertsione
difettoso	ناقص؛ معیوب	difettozo
difesa	مدافعه	difeza
difendere	دفاع کردن؛ مدافعه کردن	difendere
imputato	دادخوانده؛ مدعی علیه	imputato
guardiano	مدافع	gvardyano
rinviato	دیر فرست	rinviato
sfidare	مبارز	sfidare
abiurare	مبارز	abyurare
deficienza	کمبود	defichentsa
deficiente	ناقص؛ ناکارآ	defichente
deficit	کسری	defichit
definire	معنی کردن	definire
descrivere	معنی کردن	deskrivere
definito	موکد	definito
indubbiamente	قطعاً	indubbyamente
livello di definizione	تعریف	livello di definitsione
definizione	تعریف	definitsione
defleczione	عوج	deflektsione
deformato	ناقصالخلقه؛ بدهیکل	deformato
deformità	دشدیسگی؛ دشدیدگی	deformita
degenerare	ناخلف	dejenerare
degenerazione	فساد؛ انحطاط	dejeneratsione
Degradazione	تنزل	degradatsione
degradato	منحط	degradato
laurea	درجه	laurea
grado	درجه	grado
disidratare	وابشت کردن؛ بیآب کردن	dizidratare
abbattuto	افسرده؛ پژمرده	abbattuto
scoraggiato	افسرده؛ پژمرده	skorajato
attesa	تاخیر؛ درنگ	atteza
delegare	نماینده	delegare
delegato	موکل	delegato
delegazione	هیئت	delegatsione
eliminare	حذف کردن	eliminare
cancellare	حذف کردن	kanchellare
Delhi	دهلی	deli
deliberatamente	تعمدا	deliberatamente
intenzionalmente	تعمدا	intentsionalmente
lentezza	شور؛ تامل	lentetsa
prelibatezza	لطایف؛ ظریفی	prelibatetsa
delicatamente	ظریفانه	delikatamente
gustoso	خوشمزه	gustozo
squisito	خوشمزه	skvizito
delizia	میل؛ حظ	delitsia
piacere	میل؛ حظ	pyachere
delirante	هذیانی؛ سرسامی	delirante
delirio	هذیان؛ سرسام	delirio
dare alla luce	رساندن؛ ایراد کردن	dare alla luche
partorire	رساندن؛ ایراد کردن	partorire
verdetto	رهیی	verdetto
redentore	رساننده؛ رهان	redentore
salvatore	رساننده؛ رهان	salvatore
consegna	زه؛ تحویل	konsenyya
illuso	غره	illuzo
ingannato	غره	ingannato
diluvio	طوفان ایجاد کردن	diluvio
diluvio universale	طوفان ایجاد کردن	diluvio universale
richiesta	طلب؛ تقاضا	rikyesta
rivendicazione	طلب؛ تقاضا	rivendikatsione
svilire	رفتار کردن	zvilire
democrazia	دموکراسی	demokratsia
democratica	دمکرات؛ دمکراتی	demokratika
democratico	دمکرات؛ دمکراتی	demokratiko
demolito	ویران	demolito
demone	دیو	demone
demonio	دیو	demonio
demonstrabile	اثباتی	demonstrabile
dimostrare	راهپیمایی کردن؛ تظاهرات کردن	dimostrare
mostrare	راهپیمایی کردن؛ تظاهرات کردن	mostrare
dimostrazione	تظاهرات، نمایش	dimostratsione
demonstratore	حالیکننده؛ نشان دهنده	demonstratore
covo	لانه؛ آشیانه	kovo
negazione	انکار	negatsione
rifiuto	انکار	rifyuto
denominazione	تسمیه؛ طبقه بندی	denominatsione
indicare	علامت بودن؛ علامت گذاردن	indikare
denouemento	نتیجه عمل؛ پایان نمایش	denouemento
denunciare	محکوم کردن	denunchare
denso all meanings	متراکم	denso al meanings
pastoso	متراکم	pastozo
densità	تراکم	densita
dentale	دندانی	dentale
dentario	دندانی	dentario
dentista	دندانپزشک	dentista
dentizione	دندان بندی؛ ساختمان دندانها	dentitsione
denudato	محروم	denudato
spoglio	محروم	spolyo
negare	نفی کردن؛ تکذیب کردن	negare
smentire	نفی کردن؛ تکذیب کردن	zmentire
deodorante	بوزدا	deodorante
partire	حرکت کردن	partire
andar via	حرکت کردن	andar via
trapasso	عزیمت؛ هجرت	trapasso
pendere	بستگی داشتن	pendere
dipendere	بستگی داشتن	dipendere
dipendenza	وابستگی	dipendentsa
dipendenze	توابع	dipendentse
raffigura	به تصویر کشیدن	raffigura
rappresenta	به تصویر کشیدن	rapprezenta
deplorabile	زار	deplorabile
deplorevole	زار	deplorevole
collocare	مستقر کردن	kollokare
dispiegare	مستقر کردن	dispyegare
deporre	خلع کردن؛ عزل کردن	deporre
deposito	رسوب، واریز کردن؛ ودیعه	depozito
sedimento	رسوب، واریز کردن؛ ودیعه	sedimento
brinamento	خلع؛ عزل	brinamento
deposizione	خلع؛ عزل	depozitsione
deposito ferroviario	بازخانه؛ انبارگاه	depozito ferrovyario
deprecare	قبیح دانستن	deprekare
Ammortamento	ناچیز شماری	ammortamento
deprimere	افسردن؛ دلسرد شدن	deprimere
depresso	افسرده؛ غر	depresso
depressione	افسردگی، رکود	depressione
privazione	محرومیت؛ انعزال	privatsione
deprivo	محروم کردن	deprivo
profondità	عمق؛ ژرف	profondita
vice	معاون	viche
deridere	بکسی خندیدن	deridere
derisione	سخریه؛ سخره	derizione
derivata	فرعی؛ مشتق	derivata
derivato	فرعی؛ مشتق	derivato
derivo	مشتق شدن	derivo
cutaneo	پوستی؛ جلدی	kutaneo
scendere	پایین آمدن	shendere
discendenti	اعقاب	dishendenti
descrizione	توصیف	deskritsione
descrittivo	وصفی؛ تعریفی	deskrittivo
sacrilegio	هتک حرمت	sakrilejo
deserto	بیابان	dezerto
meritare	سزیدن؛ لایق کردن	meritare
meritarsi	سزیدن؛ لایق کردن	meritarsi
meritando	مستحق؛ سزاوار	meritando
design	طراحی، طراحی کردن	dezain
disegno	طراحی، طراحی کردن	dizenyyo
designare	تعیین کردن	dezinyare
designer	طراح	dezainer
desirabilità	مطلوبیت؛ دلخواهی	dezirabilita
desiderabile	مطلوب	deziderabile
2] desiderare	میل؛ هوس	due deziderare
desiderio	میل؛ هوس	deziderio
scrivania	میز تحریر	skrivania
Desktop	رومیزی (کامپیوتر)	desktop
desolato	بی جمعیت	dezolato
desolazione	خراب	dezolatsione
disperazione	ناامید؛ یاس	disperatsione
disperato	نومید؛ ناامید	disperato
disperatamente	از روی نومیدی	disperatamente
abietto	شنیع؛ نکوهش پذیر	abyetto
spregevole	شنیع؛ نکوهش پذیر	sprejevole
disprezzare	تحقیر کردن؛ حقیر شمردن	dispretsare
malgrado	علارغم؛ باوجوداین	malgrado
sconforto	یاس؛ تنگ دلی	skonforto
despota	جابر؛ سلطان مستبد	despota
dessert	دسر؛ دندان مز	dessert
destinazione	مقصد	destinatsione
destinato	مقدر	destinato
indigente	لات	indijente
privo	لات	privo
destituzione	لاتی؛ بی چیزی	destitutsione
abbattere	نابود کردن	abbattere
distruggere	نابود کردن	distrujere
distruzione	تخریب	distrutsione
distruttivo	مخرب	distruttivo
staccare	منفصل کردن	stakkare
distacco	عده	distakko
oggettività	عده	ojettivita
particolare	جزئیات	partikolare
detenere	بازداشت کردن	detenere
trattenere	بازداشت کردن	trattenere
rilevamento	کشف	rilevamento
rilevazione	کشف	rilevatsione
investigatore	کارآگاه	investigatore
sensore	ردیاب؛ آشکارگر	sensore
Detention	بازداشت	detention
prevenire	تحذیر کردن	prevenire
scoraggiare	تحذیر کردن	skorajare
deteriorare	بدتر شدن	deteriorare
deteriorarsi	بدتر شدن	deteriorarsi
decidersi	معین کردن؛ مشخص کردن	dechidersi
fissare	معین کردن؛ مشخص کردن	fissare
detronizzare	از مقام انداختن	detronidzare
detonare	ترکانیدن	detonare
deviazione	انحراف؛ خط فرعی	devyatsione
detrimento	ضرر	detrimento
pari	دولو؛ دوخال	pari
devastare	ویران کردن	devastare
sviluppare	توسعه دادن	zviluppare
sviluppo	توسعه؛ رشد	zviluppo
potenziamento	توسعه؛ رشد	potentsyamento
aberrante	عدول کردن؛ منحرف شدن	aberrante
deviare	عدول کردن؛ منحرف شدن	devyare
differenza	عدول؛ ضلال	differentsa
congegno	دستگاه	konjenyyo
periferica	دستگاه	periferika
diavolo	شیطان	dyavolo
diabolico	شیطانی؛ اهریمنی	dyaboliko
inventare	ابداع کردن	inventare
congegnare	ابداع کردن	konjenyare
senza	عاری	sentsa
devolvere	تفویض کردن؛ محول کردن	devolvere
trasferire	تفویض کردن؛ محول کردن	trasferire
devoto	مجاهد؛ فداکار	devoto
fedele	مجاهد؛ فداکار	fedele
devozione	وقف؛ چاکری	devotsione
devotionale	فداکارانه؛ عبادتی	devotionale
rugiada	شبنم؛ ژاله	rujada
rugiadoso	شبنمدار؛ ترکرده	rujadozo
destrezza	مهارت؛ تردستی	destretsa
Dey	دی	dei
diabete	مرضقند	dyabete
diabetico	دولابی؛ دیابتی	dyabetiko
diadema	دیهیم؛ نیم تاج	dyadema
diagnosticare	تشخیص دادن	dyanyostikare
diagnosi	تشخیص	dyanyozi
diagnòstico	تشخیصی	dyanyostiko
diagonale	مورب	dyagonale
Dial	شماره گرفتن	dyal
dialetto	گویش؛ گویشی	dyaletto
diametro	ضخامت	dyametro
diaframma	دیافراگم؛ پرده دل	dyaframma
diario	دفتر خاطرات	dyario
fare a dadini	مهره؛ طاس	fare a dadini
tagliare a dadini	مهره؛ طاس	talyare a dadini
dicotomia	دوگانگی؛ دورستگی	dikotomia
ordinare	دیکته کردن	ordinare
dettato	تلقین؛ املاء	dettato
dittatore	دیکتاتور	dittatore
dittatura	استبداد؛ دیکتاتوری	dittatura
dizionario	فرهنگ لغت	ditsionario
morire	مردن	morire
dieta	رژیم غذایی	dyeta
differire	تفاوت داشتن	differire
diverso	متفاوت	diverso
differenziare	تمایز قائل شدن	differentsyare
differenziazione	فرق گذاری؛ مشتغ گیری	differentsyatsione
differentemente	به طور متفاوت	differentemente
difficile	دشوار	diffichile
difficoltà	دشواری؛ مشکل	diffikolta
diffuso	پاشیده	diffuzo
Diffusione di materia	پخش؛ پاشیدگی	diffuzione di materia
scavare	کاوش کردن؛ حفر کردن	skavare
scavi	کاوش کردن؛ حفر کردن	skavi
digerire	گواریدن؛ تحلیل کردن	dijerire
assimilazione	تحلیل؛ هضم	assimilatsione
digestione	تحلیل؛ هضم	dijestione
dito	شماره	dito
digitale	دیجیتال	dijitale
informatico	دیجیتال	informatiko
rispettabile	موقر؛ معزز	rispettabile
dignitario	عالی مقام	dinyitario
dignità	کرامت	dinyita
dilatorio	اتساعی؛ تاخیری	dilatorio
dilemma	معضل	dilemma
Diligenza	پشت کار؛ جد و جهد	dilijentsa
diligente	کوشا؛ جاهد	dilijente
diluire	رقیق کردن؛ آبکی کردن	diluire
fioca	تیره؛ تاریک	fioka
fioco	تیره؛ تاریک	fioko
dimensione	بعد	dimensione
diminuire	کاهش دادن	diminuire
diminuzione	نقص	diminutsione
minuscolo	مصغر	minuskolo
diminutivo	مصغر	diminutivo
bozza	زنخ؛ چاه زنخدان	botsa
fossetta	زنخ؛ چاه زنخدان	fossetta
baccano	طنین بلند؛ طنین افکندن	bakkano
schiamazzo	طنین بلند؛ طنین افکندن	skyamatso
cenare	شام خوردن	chenare
cena	شام	chena
pranzo	شام	prandzo
biossido	دی اکسید	biossido
diossido	دی اکسید	diossido
avvallamento	غوطه‌ور شدن	avvallamento
vasca	غوطه‌ور شدن	vaska
difterite	دیفتری	difterite
diploma	مدرک؛ گواهینامه	diploma
diplomazia	سیاستمداری؛ دیپلماسی	diplomatsia
diplomatico	دیپلمات	diplomatiko
tragico	شوم	trajiko
tremendo	شوم	tremendo
diretto	مستقیم	diretto
direzione	جهت	diretsione
immediatamente	مستقیماً	immedyatamente
subito	مستقیماً	subito
franchezza	بی واسطگی	franketsa
regista	کارگردان	rejista
elenco telefonico	فهرست	elenko telefoniko
terra	خاک؛ چرک	terra
sporco	خاک؛ چرک	sporko
lercio	کثیف	lercho
Disabilità	ناتوانی	dizabilita
disabilitato	ناتوان	dizabilitato
per i disabili	ناتوان	per i dizabili
svantaggio	وضع نامساعد	zvantajo
divergere	مخالفت کردن	diverjere
discrepare	مخالفت کردن	diskrepare
sconveniente	جوکی؛ ناپسندیده	skonveniente
antipatico	جوکی؛ ناپسندیده	antipatiko
disaccordo	اختلاف نظر	dizakkordo
sparire	ناپدید شدن	sparire
scomparsa	زائل؛ ناپدیدی	skomparsa
sparizione	زائل؛ ناپدیدی	sparitsione
deludere	ناامید کردن	deludere
disapprovazione	تقبیح	dizapprovatsione
disapprovare	نپسندیدن؛ تقبیح کردن	dizapprovare
disastro	فاجعه	dizastro
disastroso	فاجعه‌بار	dizastrozo
non credere	دروغ پنداشتن؛ اعتقاد نکردن	non kredere
buttare via	دور انداختن	buttare via
percepire	تمیز دادن	perchepire
espellere	تخلیه کردن	espellere
Discepolo	سالک؛ حواری	dishepolo
disciplinatore	نظم دهنده	dishiplinatore
fautore della disciplina	نظم دهنده	fautore della dishiplina
campo	انتظامی؛ انضباطی	kampo
ambito	انتظامی؛ انضباطی	ambito
disconoscere	حاشا کردن؛ قبول نکردن	diskonoshere
rinunciare	حاشا کردن؛ قبول نکردن	rinunchare
svelare	فاش کردن	zvelare
far noto	فاش کردن	far noto
rivelazione	افشاگری	rivelatsione
discolorazione	بی رنگی	diskoloratsione
disagio	رنج؛ ناراحتی	dizajo
discontente	نارضایتی؛ سخط	diskontente
dissonanza	اختلاف؛ نفاق	dissonantsa
dissenso	اختلاف؛ نفاق	dissenso
sconto	تخفیف؛ تنزیل	skonto
scoprire	کشف کردن	skoprire
discoprire	کشف کردن	diskoprire
scoperta	کشف	skoperta
screditare	بی اعتبار کردن	skreditare
discrezione	صلاحدید	diskretsione
riservatezza	صلاحدید	rizervatetsa
discriminare	تبعیض کردن؛ تبعیض قائلشدن	diskriminare
distinguere	تبعیض کردن؛ تبعیض قائلشدن	distingvere
Discriminazione	تبعیض	diskriminatsione
sdegno	ننگ؛ عار	zdenyyo
disdegno	ننگ؛ عار	dizdenyyo
disdegnoso	ننگین	dizdenyozo
malanno	بیماری	malanno
vergogna	خفت؛ ننگ	vergonyya
infamia	خفت؛ ننگ	infamia
travestimento	تلبیس؛ لباس مبدل	travestimento
mascherare	تلبیس؛ لباس مبدل	maskerare
disgusto	نفرت؛ تنفر	dizgusto
disgustare	نفرت؛ تنفر	dizgustare
nauseante	نفرتآور؛ نفرتانگیز	nauzeante
disgustoso	نفرتآور؛ نفرتانگیز	dizgustozo
piatto	ظرف، غذا	pyatto
scodella	ظرف، غذا	skodella
disarmonia	ناسازی؛ ناموزونی	dizarmonia
disonesto	متقلب؛ نادرست	dizonesto
disonestà	رجز؛ نادرستی	dizonesta
disonore	ننگین کردن	dizonore
stuprare	ننگین کردن	stuprare
disillusione	سرخورده کردن	dizilluzione
disinclinazione	عدمتمایل	dizinklinatsione
riluttante	بی تمایل	riluttante
disinfettare	گندزدائی کردن؛ ضد عفونی کردن	dizinfettare
disinfettante	گندزدا؛ ماده گندزدا	dizinfettante
disinfezione	گندزدائی؛ ضد عفونی	dizinfetsione
desintegrare	متلاشی کردن؛ متلاشی شدن	dezintegrare
disinteressato	بیغرضانه؛ بیطمع	dizinteressato
imparziale	بیغرضانه؛ بیطمع	impartsyale
antipatia	نپسندیدن؛ اکراه	antipatia
lussare	جابجا کردن؛ در رفتن	lussare
spostare	جابجا کردن؛ در رفتن	spostare
lussato	دررفته	lussato
spostato	دررفته	spostato
Dislocazione	جابجائی؛ دررفتگی	dizlokatsione
sleale	خیانتکار؛ بی وفا	zleale
slealtà	بیوفایی؛ بی وفائی	zlealta
melanconico	ملالت انگیز	melankoniko
smarrimento	بیجرات کردن؛ وحشت زدگی	zmarrimento
congedare	بیرونکردن؛ جواب کردن	konjedare
dimettere	بیرونکردن؛ جواب کردن	dimettere
disobbedienza	نافرمانی؛ تمرد	dizobbedyentsa
disubbidire	نافرمانی کردن؛ سرپیچی کردن	dizubbidire
disordinato	اختلالی؛ بی ترتیب	dizordinato
disorganizzato	شلخته؛ نامرتب	dizorganidzato
disparità	عدم توافق؛ بی شباهتی	disparita
dispaccio	اعزام؛ روانهسازی	dispacho
uccidere	اعزام؛ روانهسازی	uchidere
disperdere	پراکندن؛ متفرق کردن	disperdere
Dispersione	تفرقه؛ تفرق	dispersione
licenziare	آواره کردن	lichentsyare
rappresentazione	نمود کردن؛ نمایش دادن	rapprezentatsione
bega	اختلاف، بحث کردن	bega
lite	اختلاف، بحث کردن	lite
dequalificare	شایسته ندانستن	dekvalifikare
inquietudine	مضطرب ساختن	inkvyetudine
tralasciare	عدمرعایت؛ بی توجهی	tralashare
disreputabile	بد نام	dizreputabile
irrispettoso	احترامنگذار؛ بدون مراعات	irrispettozo
impedire	مختل کردن	impedire
scompiglio	اختلال	skompilyo
sconvolgimento	اختلال	skonvoljimento
dissatisfaczione	نارضایتی؛ ناخشنودی	dissatisfaktsione
insoddisfatto	ناراضی	insoddisfatto
dissecare	تشریح کردن	dissekare
dissezione	تشریح	dissetsione
disseminazione	پاشیدگی	disseminatsione
dissoluzione	تجزیه؛ فسخ	dissolutsione
dissolvenza	حل کردن	dissolventsa
dissuadere	منصرف کردن	dissuadere
distanza	فاصله	distantsa
distante	دور	distante
distillato	چکیده؛ مقطر	distillato
diversa	متمایز	diversa
distinczione	تمایز	distinktsione
discernere	تشخیص دادن	dishernere
emerito	برجسته؛ مشخص	emerito
distinto	برجسته؛ مشخص	distinto
deformare	تحریف کردن	deformare
distorcere	تحریف کردن	distorchere
Distorsione	تحریف	distorsione
distrarre	حواس پرتی ایجاد کردن	distrarre
distrazione	پریشانی	distratsione
pignoramento	پریشانی	pinyoramento
sofferenza	پریشانی	sofferentsa
preoccupato	پریشان؛ متاثر	preokkupato
penoso	پریشان کننده	penozo
doloroso	پریشان کننده	dolorozo
distribuire	تقسیم کردن؛ پخش شدن	distribuire
suddividere	تقسیم کردن؛ پخش شدن	suddividere
distribuzione	پخش؛ تقسیم	distributsione
Spinterogeno	مقسم؛ دلکو	spinterojeno
distretto	محله	distretto
diffidenza	عدم اعتماد؛ اعتماد نداشتن	diffidentsa
sconvolgere	مزاحم شدن	skonvoljere
angosciare	مزاحم شدن	angoshare
sconvolgendo	نگران‌کننده	skonvoljendo
disunione	عدم اتفاق؛ جدا شدگی	dizunione
disuso	عدم استعمال	dizuzo
fosso	گودال؛ چاله	fosso
diurno	روز خیز؛ مربوط به روز	dyurno
diurnale	روز خیز؛ مربوط به روز	dyurnale
immergersi	شیرجه زدن	immerjersi
tuffarsi	شیرجه زدن	tuffarsi
vario	متنوع	vario
diversificato	متشتت	diversifikato
diversivo	عدول	diversivo
svago	عدول	zvago
diversità	تنوع	diversita
diverticolo	استطاله؛ کوره راه	divertikolo
dividere	بخش کردن؛ سهم کردن	dividere
dividersi	بخش کردن؛ سهم کردن	dividersi
dividendo	سود سهام	dividendo
divina	الهی	divina
divino	الهی	divino
deità	خدایی؛ الوهیت	deita
divinità	خدایی؛ الوهیت	divinita
divisione	تقسیم؛ بخش	divizione
divorzio	طلاق	divortsio
divorziare	طلاق	divortsyare
vertigini	دوار؛ سرگیجه	vertijini
Dizzy	دبنگ؛ سرگیجهای	didzi
fare	انجام دادن	fare
pontile	بارانداز؛ جاخالی کردن	pontile
imbarcadero	بارانداز؛ جاخالی کردن	imbarkadero
Dottor	دکتر	dottor
medico	دکتر	mediko
dottrina	دکترین	dottrina
documento	سند	dokumento
documentario	مستند؛ سندی	dokumentario
documentazione	مستندسازی	dokumentatsione
scansare	گریز زدن؛ جا خالی کردن	skansare
schivare	گریز زدن؛ جا خالی کردن	skivare
cane	سگ	kane
dogma	اصول عقاید	dogma
dogmatismo	فلسفه جزمی	dogmatizmo
Dole	به بیکاران	dole
triste	جان سوز	triste
mesto	جان سوز	mesto
bambola	عروسک	bambola
dollaro	دلار	dollaro
delfino	دلفین	delfino
dominio	حوزه	dominio
[of a church	گنبد؛ گنبد زدن	of a churk
[technical] duomo	گنبد؛ گنبد زدن	teknikal duomo
domestica	داخلی؛ خانگی	domestika
domestico	داخلی؛ خانگی	domestiko
dominante	غالب	dominante
dominare	مسلط شدن؛ مستولی شدن	dominare
dominazione	تسلط؛ استیلاء	dominatsione
muletto	خر؛ الاغ	muletto
donatore	اهداکننده	donatore
offerente	اهداکننده	offerente
fato	سرنوشت بد	fato
porta	در	porta
uscio	درگاه؛ جای در	usho
via di accesso	درگاه؛ جای در	via di achesso
dormante	نهفته؛ نایم	dormante
dorsale	ضهری	dorsale
dose	دوز	doze
punto	نقطه	punto
puntino	نقطه	puntino
doppia	دو برابر	doppia
doppio	دو برابر	doppio
dubbio	شک؛ تردید	dubbio
dubitare	شک؛ تردید	dubitare
equivoco	مشکوک؛ دوبشک	ekvivoko
pasta	خمیر	pasta
impasto	خمیر	impasto
giù	پایین	ju
abbasso	پایین	abbasso
tonfo	ریزش	tonfo
caduta	ریزش	kaduta
in discesa	نشیب	in disheza
discesa libera	نشیب	disheza libera
scaricare	دانلود کردن	skarikare
di sotto	طبقه پایین؛ پایین پله‌ها	di sotto
dote	جهاز؛ شیربها	dote
dormicchiare	چرت زدن	dormikkyare
sonnecchiare	چرت زدن	sonnekkyare
migliaia	دوجین	milyaia
centinaia	دوجین	chentinaia
grigio	کسل کننده؛ زن شلخته	grijo
scialbo	کسل کننده؛ زن شلخته	shalbo
sorso	برات؛ مسوده	sorso
trainare	باتورگرفتن؛ سخت کشیدن	trainare
trascinare	باتورگرفتن؛ سخت کشیدن	trashinare
drago	اژدها	drago
dragone	اژدها	dragone
scolo	تخلیه کردن	skolo
scolare	تخلیه کردن	skolare
drenaggio	زهکشی	drenajo
dramma	درام	dramma
dramatico	نمایشی	dramatiko
drammaticamente	به طرز چشمگیری	drammatikamente
sensazionalmente	به طرز چشمگیری	sensatsionalmente
drastico	عنیف	drastiko
refolo	باد؛ کوران	refolo
spiffero	باد؛ کوران	spiffero
disegnare	نقاشی کردن	dizenyare
tirare	نقاشی کردن	tirare
cassetto	نقشه کش؛ برات کش	kassetto
disegnatore	نقشه کش؛ برات کش	dizenyatore
terribile	موحش؛ هراسناک	terribile
sogno	خواب، رویا، رویا دیدن	sonyyo
sognare	خواب، رویا، رویا دیدن	sonyare
sognatore	خیالباف	sonyatore
spolverare	لاروبی کردن	spolverare
dragare	لاروبی کردن	dragare
feccia	لرد	fecha
sarta	خیاط زنانه	sarta
punzone	رانش	puntsone
torsello	رانش	torsello
esercitazione	تمرین؛ مته	ezerchitatsione
punta	تمرین؛ مته	punta
bevuta	نوشیدنی، نوشیدن	bevuta
gocciolare	چکیدن؛ چکاندن	gocholare
goccia	چکیدن؛ چکاندن	gocha
guidare	رانندگی؛ رانندگی کردن	gvidare
guidatore	راننده	gvidatore
guidando	رانندگی؛ محرک	gvidando
fuco	سخن یکنواخت	fuko
gonzo	سخن یکنواخت	gontso
idropisia	استسقاء	idropizia
siccità	خشکسالی	sichita
affogare	غرق شدن	affogare
annegare	غرق شدن	annegare
assonnato	خماری؛ خواب آلودگی	assonnato
insonnolito	خماری؛ خواب آلودگی	insonnolito
lavoro faticoso	خرحمالی؛ جان کنی	lavoro fatikozo
droga	دارو، مواد مخدر	droga
narcotico	دارو، مواد مخدر	narkotiko
batteria	ضرب؛ طبل	batteria
batterista	طبال؛ طبل زن	batterista
ebbro	مست؛ دژم	ebbro
ubriaco	مست؛ دژم	ubriako
ubriacona	خماری	ubriakona
ubriacone	خماری	ubriakone
ciucca	مستی	chukka
sbornia	مستی	zbornia
secco	خشک، خشک کردن	sekko
asciutto	خشک، خشک کردن	ashutto
secchezza	خشکی؛ خشکی هوا	sekketsa
duale	دوگانه	duale
insignire	نامیدن، لقب دادن	insinyire
doppiare	نامیدن، لقب دادن	doppyare
bieco	مشتبه؛ مشکوک	byeko
losco	مشتبه؛ مشکوک	losko
olona	اردک؛ مرغابی	olona
anatra	اردک؛ مرغابی	anatra
condotto	لوله آب؛ مجرای لنف	kondotto
dovuto	موعد؛ مستحق؛ به‌علت	dovuto
in scadenza	موعد؛ مستحق؛ به‌علت	in skadentsa
scavato	کنده	skavato
rifugio	کنده شده	rifujo
piroga	کنده شده	piroga
duca	دوک	duka
tedioso	کسل کننده	tediozo
debitamente	بموقع خود؛ بقدر لازم	debitamente
riversare	رها کردن	riversare
scaricare dati	رها کردن	skarikare dati
feci	پهن؛ پشگل	fechi
sterco	پهن؛ پشگل	sterko
segreta	سیاه چال	segreta
prigione sotterranea	سیاه چال	prijone sotterranea
duo	دوتایی	duo
duetto	دوتایی	duetto
duodenale	دوازدهه	duodenale
Duodeno	روده اثنی عشر	duodeno
vittima	ساده لوح	vittima
duplicare	المثنی؛ نسختین	duplikare
duplicato	المثنی؛ نسختین	duplikato
duplicità	ریا	duplichita
durata	مدت	durata
durante	در طول	durante
tramonto	غروب؛ هنگام غروب	tramonto
crepuscolo	غروب؛ هنگام غروب	krepuskolo
polvere	گرد؛ خاک	polvere
polveroso	خاکی؛ غباری	polverozo
impolverato	خاکی؛ غباری	impolverato
olandese	هلندی؛ زبان هلندی	olandeze
nederlandese	هلندی؛ زبان هلندی	nederlandeze
dovere	وظیفه شناس	dovere
dazio	وظیفه شناس	datsio
DVD	دی‌وی‌دی	divudi
nana	کوتوله؛ کوتاه جلوه دادن	nana
nano	کوتوله؛ کوتاه جلوه دادن	nano
abitare	اقامت گزیدن	abitare
dimorare	اقامت گزیدن	dimorare
abitante	مکین	abitante
residenza	اقامت؛ مسکن	rezidentsa
tintura	رنگ؛ خضاب	tintura
tingere	رنگ؛ خضاب	tinjere
dinamica	پویا	dinamika
dinamico	پویا	dinamiko
dinamite	دینامیت؛ دینامیت زدن	dinamite
dinastia	سلسله؛ خاندان	dinastia
dissenteria	دیسانتری	dissenteria
ogni	هر کدام	onyyi
ognuno	هر کدام	onyuno
avido	مشتاق	avido
avidamente	مشتاقانه؛ آرزومندانه	avidamente
avidità	اشتیاق؛ شوق	avidita
moneta di dieci dollari	عقاب؛ دال	moneta di dyechi dollari
aquila	عقاب؛ دال	akvila
spiga	گوش	spiga
amento	گوش	amento
presto	زود	presto
anticipato	زود	antichipato
guadagnare	کسب کردن	gvadanyare
guadagno	درآمد	gvadanynyo
a portata di orecchio	صدارس؛ گوش رس	a portata di orekkio
di terracotta	سفالی	di terrakotta
terroso	سفالی	terrozo
terramente	زمینی	terramente
sisma	زلزله؛ زمین لرزه	sizma
terremoto	زلزله؛ زمین لرزه	terremoto
montarozzo	خاکریز	montarotso
terrapieno	خاکریز	terrapyeno
osceno	خاکی	osheno
volgare	خاکی	volgare
facilità	آسایش، آسان کردن	fachilita
riposo	آسایش، آسان کردن	ripozo
facilmente	به آسانی	fachilmente
agevolmente	به آسانی	ajevolmente
da est	شرق	da est
orientale	شرق	orientale
est	روب خاور	est
oriente	روب خاور	oriente
facile	آسان	fachile
accomodante	بی قید	akkomodante
tranquillo	بی قید	trankvillo
mangiare	خوردن	manjare
riflusso	جزر	riflusso
eco	پژواک	eko
eclissato	منخسف	eklissato
oscurato	منخسف	oskurato
ecologico	بوم‌شناختی	ekolojiko
economo	اقتصادی	ekonomo
economia	اقتصاد	ekonomia
Economista	اقتصاددان	ekonomista
risparmio	اقتصاد؛ صرفه جویی	risparmio
ecstasy	حالت؛ وجد	ekstazi
estasi	حالت؛ وجد	estazi
ecstatico	جذبهای؛ بی خود	ekstatiko
eczema	اگزما؛ اکزما	ektsema
edificio	عمارت	edificho
palazzo	عمارت	palatso
edificante	تهذیبی	edifikante
istruttivo	تهذیبی	istruttivo
pubblicare	ویراستن	pubblikare
redigere	ویراستن	redijere
[film	ویرایش	film
redazione	ویرایش	redatsione
redattore	ویراستار؛ ویرایشگر	redattore
giuntatrice	ویراستار؛ ویرایشگر	juntatriche
editoriale	سرمقاله	editoriale
educare	فرهیختن؛ مودب کردن	edukare
istruire	فرهیختن؛ مودب کردن	istruire
istruzione	آموزش	istrutsione
educazione	آموزش	edukatsione
educativo	تحصیلی؛ تربیتی	edukativo
educatore	مربی	edukatore
misterioso	وهم آور	misteriozo
efficiente	کاری؛ موثر	effichente
efficace	کاری؛ موثر	effikache
efficacia	اثربخشی	effikacha
efferente	وابر؛ بیرون بر	efferente
efficienza	کارایی	effichentsa
efficientemente	به نحو کارآمد	effichentemente
effigie	تمثال؛ پیکرک	effije
uovo	تخم مرغ	vovo
ovulo	تخم مرغ	ovulo
ego	خود	ego
io	خود	io
Egitto	مصر؛ کشور مصر	ejitto
egiziano	مصری	ejitsyano
egiziaco	مصری	ejitsiako
otto	هشت	otto
diciotto	هجده	dichotto
ottava	اکتاو؛ یک هشتم	ottava
ottavo	اکتاو؛ یک هشتم	ottavo
ottanta	هشتاد	ottanta
ciascuno	هر یک از دو، نیز (در جملات منفی)	chaskuno
l'uno o l'altro	هر یک از دو، نیز (در جملات منفی)	luno o laltro
eiaculazione	انزال	eyakulatsione
dettagliare	پیچیده، با جزئیات	dettalyare
elastica	کشی؛ لاستیکی	elastika
elastico	کشی؛ لاستیکی	elastiko
elasticità	ارتجاع؛ جهندگی	elastichita
euforico	برافراشته	euforiko
elazione	سرفرازی شادی	elatsione
gomito	آرنج	gomito
raccordo	آرنج	rakkordo
sambuco	ارشد؛ ریش سفید	sambuko
anziano	سالمند؛ سالمندان	antsyano
primogenito	سالدارترین؛ مسن ترین	primojenito
eletto	منتخب؛ انتخابی	eletto
elezione	انتخاب نماینده	eletsione
electivo	انتخابی	elektivo
electorale	انتخاباتی	elektorale
elettorato	گزینگرگان	elettorato
elettronico	برقی	elettroniko
elettrico	برقی	elettriko
elettricità	برق	elettrichita
elettrodo	الکترود	elettrodo
elettrolisi	برقکافت	elettrolizi
elettrone	الکترون	elettrone
elettronica	الکترونیک	elettronika
eleganza	زیبندگی؛ ظریفی	elegantsa
elegante	ظریف	elegante
elegantemente	ظریفانه	elegantemente
elemento	ماده؛ اصل	elemento
elementi	ماده؛ اصل	elementi
elementare	عنصری	elementare
elefante	فیل	elefante
elefantiasi	داء الفیل	elefantiazi
aumentare	بالا بردن	aumentare
elevare	بالا بردن	elevare
altezza	علو؛ صعود	altetsa
pinnacolo	علو؛ صعود	pinnakolo
ascensore	آسانسور؛ بالابرنده	ashensore
undici	یازده	undichi
Elias	خضر	elias
eleggibile	واجد شرایط	elejibile
appropriato	واجد شرایط	appropriato
Eliminazione	رفع؛ حذف	eliminatsione
élite	نخبه	elite
Eliza	الیزا	elitsa
ellittico	بیضی	ellittiko
elongazione	دراز شدگی	elongatsione
eloquenza	فصاحت؛ بلاغت	elokventsa
loquace	بلیغ؛ شیوا	lokvache
verboso	بلیغ؛ شیوا	verbozo
altro	دیگر	altro
altrimenti	دیگر	altrimenti
altrove	نقطه دیگر؛ بجای دیگر	altrove
eludere	طفره زدن	eludere
elusivo	طفره زن؛ طفره آمیز	eluzivo
posta elettronica	ایمیل، ایمیل زدن	posta elettronika
e-mail	ایمیل، ایمیل زدن	emeil
manomissione	ازقید رها کردن	manomissione
affrancamento	ازقید رها کردن	affrankamento
embargo	تحریم	embargo
imbarcare	سوار شدن، آغاز کردن	imbarkare
imbarazzo	شرمندگی	imbaratso
ambasciata	سفارت	ambashata
inserire	جاسازی کردن	inserire
inserito	جاسازی شده	inserito
peculato	اختلاس	pekulato
appropriazione indebita	اختلاس	appropriatsione indebita
amareggiare	تلخ کردن؛ ناگوار کردن	amarejare
emblema	علامت	emblema
simbolo	علامت	simbolo
incarnazione	تجسم	inkarnatsione
incarnare	تجسم بخشیدن	inkarnare
rappresentare	تجسم بخشیدن	rapprezentare
abbracciare	در آغوش گرفتن	abbrachare
ricamo	گلدوزی؛ برودری	rikamo
embrione	گیاهک؛ رویان	embrione
embrionario	جنینی؛ رویانی	embrionario
smeraldo	زمرد؛ زمردسبز	zmeraldo
emergenza	ظهور	emerjentsa
emigrante	مهاجر؛ کوچ کننده	emigrante
emigrare	جلاء؛ هجرت کردن	emigrare
Emigrazione	هجرت	emigratsione
eminente	والا؛ والا مقام	eminente
emanazione	انتشار	emanatsione
commovente	احساساتی؛ عاطفی	kommovente
emozionante	احساساتی؛ عاطفی	emotsionante
commoventemente	از نظر احساسی	kommoventemente
imperatore	امپراتور	imperatore
enfatizzare	تاکید کردن؛ اهمیت دادن	enfatidzare
evidenziare	تاکید کردن؛ اهمیت دادن	evidentsyare
emfatico	موکد	emfatiko
Enfisema	آمفیزم	enfizema
impero	امپراتوری	impero
empirico	تجربی	empiriko
impiegare	استخدام کردن	impyegare
ingaggiare	استخدام کردن	ingajare
datore di lavoro	کارفرما	datore di lavoro
occupazione	استخدام؛ اشتغال	okkupatsione
imperatrice	شهبانو؛ امپراتریس	imperatriche
vuotare	خالی	vuotare
emulsione	شیرابه	emulsione
promulgare	به اجرا درآوردن	promulgare
mettere in scena	به اجرا درآوردن	mettere in shena
legge	وضع	leje
smalto	لعاب؛ مینا	zmalto
lacca	لعاب؛ مینا	lakka
accamparsi	چادر زدن؛ خیمه برپا کردن	akkamparsi
accampamento	قرار گاه	akkampamento
incantevole	افسون گری	inkantevole
cintare	ضمیمه کردن؛ پیوست کردن	chintare
recinto	ضمیمه؛ پیوست	rechinto
circondare	شامل شدن	chirkondare
incontrare	برخورد؛ تقابل	inkontrare
trovare	برخورد؛ تقابل	trovare
incoraggiare	دلگرم کردن؛ تشویق کردن	inkorajare
incoraggiando	تشویق‌کننده	inkorajando
enciclopedia	دایرهالمعارف؛ دایرهالعلوم	enchiklopedia
fine	پایان، پایان دادن	fine
rischiare	بمخاطره انداختن	riskyare
compromettere	بمخاطره انداختن	kompromettere
vezzeggiativo	گرامی کردن	vetsejativo
tentare	تلاش	tentare
sforzarsi	تلاش	sfortsarsi
appoggiare	تایید کردن	appojare
dotare	متصف کردن؛ چیزی راوقف کردن	dotare
finanziare	متصف کردن؛ چیزی راوقف کردن	finantsyare
sopravvivenza	تاب؛ طاقت	sopravviventsa
durare	تحمل کردن	durare
restare	تحمل کردن	restare
clistere	تنقیه	klistere
lavativo	تنقیه	lavativo
nemico	دشمن	nemiko
energico	فعال؛ پرتکاپو	enerjiko
forza	انرژی	fortsa
energia	انرژی	enerjia
far rispettare	اجرا کردن	far rispettare
combattimento	نامزدی، تعامل	kombattimento
piccante	جذاب	pikkante
motore	موتور	motore
motrice	موتور	motriche
ingegnere	مهندس	injenyere
macchinista	مهندس	makkinista
ingegneria	مهندسی	injenyeria
sala macchine	مهندسی	sala makkine
Inghilterra	انگلستان	ingilterra
inciso	منقوش	inchizo
avvolgente	احاطهکننده	avvoljente
inghiottendo	احاطهکننده	ingiottendo
enigma	بیان مبهم	enigma
indovinello	بیان مبهم	indovinello
godere	لذت بردن	godere
espansione	بزرگی؛ بزرگ نمائی	espansione
illuminato	منورالفکر؛ روشن روان	illuminato
illuminismo	روشن فکری؛ تنویر افکار	illuminizmo
enlista	درفهرست نوشتن	enlista
enlistmento	نامنویسی؛ سربازگیری	enlistmento
ravvivare	روح دادن؛ حیات بخشیدن	ravvivare
enmità	عناد؛ عداوت	enmita
enormoso	عظیم	enormozo
abbastanza	کافی	abbastantsa
domandarsi	پرس و جو کردن	domandarsi
investigare	پرس و جو کردن	investigare
domanda	استفسار	domanda
infuriato	آتشی	infuriato
arricchire	غنی کردن	arrikkire
iscrivere	ثبت‌نام کردن	iskrivere
iscriversi	ثبت‌نام کردن	iskriversi
iscrizione	نامنویسی؛ ثبت نام	iskritsione
arruolamento	نامنویسی؛ ثبت نام	arruolamento
schiavizzato	برده شده	skyavidzato
seguire	متعاقب بودن	segvire
conseguire	متعاقب بودن	konsegvire
implicare	شامل بودن؛ متضمن بودن	implikare
comportare	شامل بودن؛ متضمن بودن	komportare
intrigare	گیر انداختن؛ درهم گیر افتادن	intrigare
confondere	گیر انداختن؛ درهم گیر افتادن	konfondere
intrigato	دامن گیر	intrigato
entrare	وارد شدن	entrare
digitare	وارد شدن	dijitare
divertendo	سرگرم کننده	divertendo
divertimento	پذیرایی	divertimento
foga	حرارت؛ گرمی	foga
entusiasmo	حرارت؛ گرمی	entuzyazmo
appassionato	علاقه‌مند	appassionato
entusiastico	باحمیت؛ باحرارت	entuzyastiko
intera	کل؛ دربست	intera
intero	کل؛ دربست	intero
completamente	پاک؛ سرتاسر	kompletamente
interezza	تمامیت؛ سراسری	interetsa
intitolare	حق دادن	intitolare
entità	نهاد	entita
entrata	ورود؛ دخول	entrata
supplica	التماس	supplika
trincerare	درسنگرقراردادن	trincherare
radicare	درسنگرقراردادن	radikare
entrenchmento	سنگربندی؛ سنگرسنگی	entrenkmento
imprenditore	کارآفرین	imprenditore
ingresso	ادخال	ingresso
invidioso	حسود؛ حاسد	invidiozo
ambiente	محیط زیست	ambiente
ambientale	محیطی؛ محیط زیستی	ambyentale
immaginare	درذهن مجسم کردن	immajinare
inviato	فرستاده؛ ایلچی	inviato
invidia	رشک؛ حسد	invidia
invidiare	رشک؛ حسد	invidyare
Enzima	آنزیم؛ دیاستاز	endzima
epico	حماسی؛ شعر رزمی	epiko
buongustaio	ابیقوری؛ عیش طلب	buongustaio
gaudente	ابیقوری؛ عیش طلب	gaudente
epidemia	همه‌گیر	epidemia
epidermide	روپوست	epidermide
Epigramma	سخن نیشدار	epigramma
epilessia	صرع	epilessia
epileptico	غشی؛ حملهای	epileptiko
epistola	نامه منظوم	epistola
epiteliale	برپوشی؛ شبیه بشره ای	epiteliale
uguale	برابر؛ مساوی	ugvale
egualità	برابری	egvalita
ugualità	برابری	ugvalita
altrettanto	علیالسویه؛ متساویا	altrettanto
equazione	معادله	ekvatsione
equatore	استواء؛ خط استوا	ekvatore
equestre	چابک سوار	ekvestre
equino	اسبی	ekvino
equipaggiare	تجهیز کردن	ekvipajare
equipaggiamento	تجهیزات	ekvipajamento
equo	منصفانه؛ متساوی	ekvo
giusto	منصفانه؛ متساوی	justo
tergiversare	سهل انگاشتن؛ ابهام بکار بردن	terjiversare
essere ambiguo	سهل انگاشتن؛ ابهام بکار بردن	essere ambigvo
era	دوران	era
epoca	دوران	epoka
sradicare	لنجیدن؛ ریشه کن کردن	zradikare
eradicazione	قلع؛ ریشه کنی	eradikatsione
dritto	برپا کردن	dritto
eretto	برپا کردن	eretto
erezione	نعوظ؛ شق شدگی	eretsione
Erosione	سایش؛ فرسایش	erozione
errare	اشتباه کردن؛ اشتباهکاری کردن	errare
sbagliare	اشتباه کردن؛ اشتباهکاری کردن	zbalyare
incombenza	ماموریت	inkombentsa
erroneamente	سهواً	erroneamente
errore	خطا	errore
sbaglio	خطا	zbalyo
erudito	ادیب	erudito
eruttare	فوران کردن	eruttare
intensificare	تشدید کردن	intensifikare
scappatella	جفتک زنی	skappatella
scappare	گریز؛ فرار	skappare
scorta	همراه؛ اسکورت	skorta
scortare	همراه؛ اسکورت	skortare
specialmente	به خصوص	spechalmente
spionaggio	جاسوسی	spionajo
sposare	نامزد کردن؛ شوهر دادن	spozare
prova	مقاله کوتاه	prova
tentativo	مقاله کوتاه	tentativo
essenza	عصاره، ذات	essentsa
3] essenziale	اساسی؛ حساس	tre essentsyale
2] indispensabile	اساسی؛ حساس	due indispensabile
3] essenzialemente	اساساً	tre essentsyalemente
stabilire	بستن؛ افتتاحکردن	stabilire
proprietà	ماترک؛ املاک	proprieta
stima	اعتبار؛ منزلت	stima
estimabile	برآورد کردنی	estimabile
eterno	ابدی	eterno
eternamente	ابدالدهر	eternamente
eternità	ابد؛ جاودانی	eternita
etere	اتر؛ اثیر	etere
etico	اخلاق	etiko
etica	اخلاقیات؛ اصولاخلاق	etika
etnica	قومی	etnika
etnico	قومی	etniko
eziologia	لادشناسی	etsiolojia
Galateo	آداب؛ آداب معاشرت	galateo
eucalitto	اکالیپتوس	eukalitto
euro	یورو	euro
Europa	اروپا	europa
europea	فرنگی؛ اروپایی	europea
europeo	فرنگی؛ اروپایی	europeo
evacuare	تخلیه کردن	evakuare
evacuamento	تخلیه؛ تهی سازی	evakuamento
vaporizzazione	تبخیر	vaporidzatsione
evasivo	طفرهزن؛ طفره آمیز	evazivo
vigilia	هوا؛ حوا	vijilia
Eva	هوا؛ حوا	eva
esattamente	حتی	ezattamente
sera	عصر	sera
evento	رویداد	evento
accidente	رویداد	achidente
infine	سر انجام	infine
alla fine	سر انجام	alla fine
Pianta sempreverde	بی خزان؛ همیشه سبز	pyanta sempreverde
immortale	ابدی؛ ابد	immortale
per sempre	درتمام وقت	per sempre
tutti	همه	tutti
ovunque	همه جا	ovunkve
dappertutto	همه جا	dappertutto
evidenza	شواهد	evidentsa
maligno	سوء؛ خبیث	malinyyo
malfattore	بد کار	malfattore
rammentare	فراخواندن	rammentare
evoluzione	تکامل	evolutsione
evolvere	تکامل یافتن	evolvere
svilupparsi	تکامل یافتن	zvilupparsi
esigere	دقیق	ezijere
esagerare	مبالغه کردن	ezajerare
esagerazione	اغراق؛ گزاف	ezajeratsione
esaltare	متعال کردن	ezaltare
esaltato	معلا؛ معلی	ezaltato
esame	امتحان	ezame
visita	آزمایش؛ تجزیه	vizita
testare	تجزیه کردن؛ بررسی کردن	testare
esaminatore	ممتحن؛ آزمونگر	ezaminatore
esempio	مثال	ezempio
exasperazione	اوقات تلخ	eksasperatsione
scavo	کاوش؛ حفاری	skavo
eccedere	فراتر رفتن	echedere
eccellenza	برتری	echellentsa
Eccellenza	جناب؛ جناب آقای	echellentsa
eccellente	عالی	echellente
salvo	به جز	salvo
eccezione	استثنا	echetsione
eccezionale	استثنایی	echetsionale
eccessivo	مازاد	echessivo
eccedenza	مازاد	echedentsa
troppo	بی شباهت	troppo
eccessivamente	بی شباهت	echessivamente
scambio	عوض؛ مصالحه	skambio
accisa	مالیات غیرمستقیم	achiza
asportare	مالیات غیرمستقیم	asportare
accendere	برانگیختنی؛ قابل تهییج	achendere
provocare	برانگیختنی؛ قابل تهییج	provokare
eccitato	هیجان‌زده	echitato
accendendo	هیجان‌انگیز	achendendo
esclamare	بعموم آگهی دادن	esklamare
esclamazione	غریو؛ علامت تعجب	esklamatsione
vietare	حذف کردن	vyetare
esclusione	محرومیت	eskluzione
exclusivo	انحصاری	ekskluzivo
solamente	منحصراً	solamente
escremento	مدفوع؛ نجاست	eskremento
atroce	مشقت بار	atroche
gita	کشتی تفریحی؛ مسافرت تفریحی	jita
escursione	کشتی تفریحی؛ مسافرت تفریحی	eskursione
scusa	بخشیدنی؛ معاف شدنی	skuza
pretesto	بخشیدنی؛ معاف شدنی	pretesto
esecuzione	اعدام	ezekutsione
boia	دژخیم	boia
carnefice	دژخیم	karnefiche
dirigente	مجری؛ اجرایی	dirijente
Esecutore testamentario	مجری؛ اجراکننده	ezekutore testamentario
esemplare	عبرتآور؛ نمونهوسرمشق	ezemplare
esente	بری؛ معاف	ezente
exempzione	معافیت؛ معافی	eksemptsione
esercitare	ورزش، ورزش کردن	ezerchitare
fatica	اعمال زور	fatika
consumare	اگزوز؛ اگزوس	konsumare
exhauszione	فرسودگی؛ واماندگی	eksaustsione
esposizione	نمایش دادن	espozitsione
mostra	نمایشگاه؛ نظر گاه	mostra
esaltante	مفرح؛ نشاطآور	ezaltante
esilio	تبعید	ezilio
esule	تبعید	ezule
esistere	وجود داشتن	ezistere
esistenza	زیست؛ زندگی	ezistentsa
uscita	خارج شدن؛ خروج	ushita
uscire	خارج شدن؛ خروج	ushire
esorbitante	گزاف	ezorbitante
esotico	عجیب و غریب	ezotiko
espandere	منبسط کردن؛ گسترده کردن	espandere
distesa	فضای زیاد	disteza
aspettativa	انتظار؛ توقع	aspettativa
opportuno	مقتضی؛ مقتضا	opportuno
escamotage	مقتضی؛ مقتضا	eskamotaje
spedizione	تسریع؛ اردوکشی	speditsione
spendere	هزینه	spendere
spesa	هزینه	speza
esperienza	تجربه کردن	esperientsa
sperimentare	تجربه کردن	sperimentare
saggiare	آزمایش	sajare
collaudare	آزمایش	kollaudare
sperimentale	تجربی	sperimentale
esperto	متخصص	esperto
perizia	تخصص	peritsia
dipartenza	انقضا؛ بازدم	dipartentsa
tirare le cuoia	منقضی شدن	tirare le kuoia
chiosare	توضیح دادن	kiozare
spiegare	توضیح دادن	spyegare
spiegazione	توضیح	spyegatsione
esplicativo	تاویلی؛ توضیحی	esplikativo
esplicito	صریح	esplichito
esplicitamente	صراحتاً	esplichitamente
esplodere	ترکیدن؛ منفجر کردن	esplodere
sfruttare	بهره‌برداری کردن	sfruttare
approfittare	بهره‌برداری کردن	approfittare
esplorazione	استخراج؛ سیاحت	esploratsione
esplorativo	اکتشافی	esplorativo
indagare	سیاحت کردن؛ اکتشاف کردن	indagare
esplorare	سیاحت کردن؛ اکتشاف کردن	esplorare
esploratore	سیاح؛ پیگرد	esploratore
iracondo	انفجاری	irakondo
collerico	انفجاری	kolleriko
esportazione	صدور؛ صادراتی	esportatsione
esportare	صدور؛ صادراتی	esportare
esporre	ضاهر ساختن؛ درمعرض گذاشتن	esporre
smascheramento	مواجهه	zmaskeramento
espozione	مواجهه	espotsione
espresso	بیان کردن	espresso
espressione	بیان	espressione
espressivo	گویا؛ اشارهکننده	espressivo
espulsione	اخراج؛ طرد	espulsione
delizioso	نفیس	delitsiozo
vasto	گسترده	vasto
estensivamente	به طور گسترده	estensivamente
misura	حدود؛ بسیط	mizura
attenuare	کاستن از؛ کم تقصیر	attenuare
sterminare	قلع کردن؛ منقرض کردن	sterminare
Sterminio	براندازی	sterminio
externale	ظاهری؛ بیرونی	eksternale
estinto	خاموش؛ معدوم	estinto
Estinzione	خفگی؛ انهدام	estintsione
estinguere	خاموش کردن؛ خاموش شدن	estingvere
estirpare	ریشهکن کردن؛ بکلی نابود کردن	estirpare
estorsione	غصب؛ اجحاف	estorsione
extra	اضافی	ekstra
eccezionalmente	اضافی	echetsionalmente
cavare	استخراج کردن؛ استخراج کردن، عصاره	kavare
extraczione	استخراج؛ عصارهگیری	ekstraktsione
estraneo	غیراصلی	estraneo
estranea	غیراصلی	estranea
straordinaria	غیرعادی؛ شگفت آور	straordinaria
straordinario	غیرعادی؛ شگفت آور	straordinario
stravaganza	زیادهروی؛ گزافگری	stravagantsa
prodigalità	زیادهروی؛ گزافگری	prodigalita
stravagante	ولخرج؛ غیرمعقول	stravagante
estravagante	ولخرج؛ غیرمعقول	estravagante
estremamente	فوق‌العاده	estremamente
extremista	افراطی	ekstremista
estremità	انتها	estremita
liberare	خلاصی بخشیدن	liberare
districare	خلاصی بخشیدن	distrikare
estrusione	بیروناندازی	estruzione
occhio	چشم	okkio
bulbo oculare	تخمچشم؛ مقله	bulbo okulare
sopracciglio	ابرو	soprachilyo
occhiali	عینک	okkyali
palpebra	پلک؛ جفن	palpebra
struttura	پارچه	struttura
fabbricato	پارچه	fabbrikato
favoloso	شگفت‌انگیز	favolozo
Facciata	نمای خارجی	fachata
viso	صورت	vizo
faceto	لطیفهدار؛ شوخی آمیز	facheto
facciale	صورتی	fachale
facilitare	تسهیل کردن	fachilitare
strutture	تسهیلات؛ امکانات	strutture
servizi	تسهیلات؛ امکانات	servitsi
fattore	عامل	fattore
fattorizzare	عامل	fattoridzare
fabbrica	کارخانه	fabbrika
facoltà	هیئت علمی	fakolta
sbiadire	محو شدن	zbyadire
mancare	شکست خوردن	mankare
ignorare	شکست خوردن	inyorare
mancato	شکست خورده	mankato
fiasco	شکست؛ اعسار	fyasko
debole	غش؛ ضعف کردن	debole
tenue	غش؛ ضعف کردن	tenue
svenimento	ضعف؛ اغماء	zvenimento
discreta	منصفانه، نمایشگاه	diskreta
discreto	منصفانه، نمایشگاه	diskreto
checca	جن؛ پری	kekka
fata	جن؛ پری	fata
fede	اعتقاد؛ ایمان	fede
ligio	وفادار؛ مومن	lijo
duglia	جعلی	dulya
dugliare	جعلی	dulyare
falco	شاهین؛ سوله	falko
falcone	شاهین؛ سوله	falkone
cadere	افتادن؛ سقوط	kadere
fallacia	سفسطه آمیز	fallacha
maggese	آیش؛ آیش کردن	majeze
maggesare	آیش؛ آیش کردن	majezare
errato	نادرست	errato
menzogna	ناراستی	mentsonyya
falsamente	کاذبانه؛ بدروغ	falsamente
falsificato	مغشوش	falsifikato
familiare	بلد؛ آشنا	familiare
famiglio	بلد؛ آشنا	familyo
famiglia	خانواده	familiya
carestia	گرسنگی؛ قحطی	karestia
famosa	مشهور	famoza
famoso	مشهور	famozo
tifoso	طرفدار، پنکه	tifozo
ventilatore	طرفدار، پنکه	ventilatore
fanatico	پرتعصب	fanatiko
immaginario	تفننی؛ پر اوهام	immajinario
mania	قوه مخیله	mania
fantastica	فوق‌العاده	fantastika
fantastico	فوق‌العاده	fantastiko
fantasia	فانتزی	fantazia
farsa	کار بیهوده	farsa
cibo	کرایه	chibo
addio	وداع؛ بدرود	addio
arrivederci	وداع؛ بدرود	arrivederchi
podere	مزرعه؛ کشاورزی کردن	podere
fattoria	مزرعه؛ کشاورزی کردن	fattoria
agricoltore	کشاورز	agrikoltore
casale	خانه رعیتی	kazale
più lontano	اقصی؛ جلوتر	pyu lontano
affascinare	مسحور کردن؛ مفتون کردن	affashinare
fascinazione	فریبندگی	fashinatsione
moda	مد؛ مدی	moda
voga	مد؛ مدی	voga
saldamente	سریع	saldamente
stringere	بستن؛ محکم کردن	strinjere
stringendo	یراق در	strinjendo
pignolo	بدمنش؛ باریک بین	pinyolo
meticoloso	بدمنش؛ باریک بین	metikolozo
digiuno	ناشتا؛ صائم	dijuno
obeso	چاق؛ چربی	obezo
grasso	چاق؛ چربی	grasso
fatale	کشنده	fatale
sorte	سرنوشت	sorte
papàmente	پدروار؛ پدرانه	papamente
stanchezza	خستگی؛ فرسودگی	stanketsa
ingrassare	چاق کردن؛ پرواری کردن	ingrassare
colpa	عیب؛ خرده	kolpa
biasimo	عیب؛ خرده	byazimo
scorretto	معیوب؛ عیبناک	skorretto
favore	لطف؛ احسان	favore
favorevole	مناسب؛ مساعد	favorevole
favorito	محبوب؛ سوگلی	favorito
preferito	مورد علاقه	preferito
favori	الطاف	favori
pavido	ترسان؛ خوفناک	pavido
impaurito	ترسان؛ خوفناک	impaurito
senza paura	متهور؛ ناپروا	sentsa paura
fattibile	شدنی؛ صورت پذیر	fattibile
realizzabile	شدنی؛ صورت پذیر	realidzabile
festa	مهمانی؛ عید	festa
prodezza	شاهکار	prodetsa
penna	پر؛ باپرآراستن	penna
piuma	پر؛ باپرآراستن	pyuma
qualità	ویژگی	kvalita
febbraio	فوریه	febbraio
federale	فدرال	federale
Federalismo	فدرالیسم	federalizmo
federare	متعهد کرد	federare
federazione	فدراسیون	federatsione
quota	اجرت؛ پردازه	kvota
retta	اجرت؛ پردازه	retta
fiacco	شل؛ کم زور	fyakko
nutrire	غذا دادن	nutrire
alimentare	غذا دادن	alimentare
Retroazione	پس خوراند	retroatsione
sentire	احساس کردن	sentire
emozione	احساس	emotsione
sentimento	احساس	sentimento
reato grave	جنایت؛ تبهکاری	reato grave
femminile	زن، زنانه	femminile
femmina	زن، زنانه	femmina
donna	مونث؛ مادین	donna
femminista	فمینیست	femminista
femorale	رانی	femorale
femore	استخوان ران	femore
cinta	نرده؛ حصار	chinta
siepe	نرده؛ حصار	syepe
scherma	شمشیر بازی	skerma
fermentare	ترش کردن؛ مخمر کردن	fermentare
brutale	سبع	brutale
veemenza	سبعیت؛ وحشی گری	veementsa
traghetto	عبوردادن؛ گذر دادن	tragetto
4] fertile	بارور؛ حاصلخیز	kvattro fertile
fertilità	باروری؛ حاصلخیزی	fertilita
fervente	پرشور وشعف	fervente
eccitazione	شور؛ گرمی	echitatsione
festival	جشنواره	festival
gaio	بزمی	gaio
riportare	وا کشیدن	riportare
raccattare	وا کشیدن	rakkattare
ceppi	پابند	cheppi
catene	پابند	katene
feudale	تیولی؛ ملوک الطوایفی	feudale
Feudalesimo	ملوک الطوایفی	feudalezimo
febbre	تب	febbre
febbrile	تب دار	febbrile
poco	کم	poko
pochi	کم	poki
Fes	فس	fes
Fez	فس	fets
fibra	فیبر	fibra
fibroso	لیفی	fibrozo
ficzione	داستان	fiktsione
fasullo	مستعار	fazullo
stratagemma	زرزر کردن؛ ویولن زدن	stratajemma
settore	میدان	settore
feroce	شدید	feroche
risoluto	شدید	rizoluto
bruciante	آتشی؛ مهیج	bruchante
incandescente	آتشی؛ مهیج	inkandeshente
quindici	پانزده	kvindichi
quinta	پنجم	kvinta
quinto	پنجم	kvinto
50a )	پنجاهمین؛ یک پنجاهم	chinkvanta a
cinquantesimo	پنجاهمین؛ یک پنجاهم	chinkvantezimo
cinquanta	پنجاه	chinkvanta
fico	انجیر	fiko
figura	رقم، شکل	figura
archiviare	خط؛ سوهان	arkivyare
intentare	خط؛ سوهان	intentare
filiale	درخورفرزند	filiale
limatura	ضبط؛ ضبات	limatura
filippina	فیلیپینی	filippina
filippino	فیلیپینی	filippino
riempire	پر کردن	riempire
riempitore	بطانه؛ پر کننده	riempitore
film	فیلم؛ فیلم گرفتن	film
pellicola	فیلم؛ فیلم گرفتن	pellikola
cineasta	فیلم‌ساز	chineasta
filtro	فیلتر کردن	filtro
filtrare	فیلتر کردن	filtrare
sporca	نجاست؛ رجاست	sporka
sudicio	چرک؛ کثیف	sudicho
finale	نهایی؛ نهایی (اسم)	finale
finalmente	بالاخره	finalmente
financiale	مالی؛ نقدی	financhale
finanziere	سرمایه دار؛ سرمایه گذار	finantsiere
scopritore	یابنده	skopritore
scopritrice	یابنده	skopritriche
multa	جریمه، جریمه کردن؛ خوب	multa
Sorpasso	نکته بینی؛ زیرکی بکار بردن	sorpasso
dita	انگشت	dita
tastiera	جا انگشتی	tastiera
rifinire	تمام کردن؛ پایان	rifinire
finito	متناهی	finito
fuoco	آتش	fuoko
arma da fuoco	سلاح گرم	arma da fuoko
incendiario	آتش پاره	inchendyario
pompiere	آتش‌نشان	pompiere
vigile del fuoco	آتش‌نشان	vijile del fuoko
legna	حطب؛ هیزم	lenyya
legna da ardere	حطب؛ هیزم	lenyya da ardere
fuoco artificiale	آتش‌بازی	fuoko artifichale
fuoco d'artificio	آتش‌بازی	fuoko dartificho
fuochi d'artificio	آتشبازی	fuoki dartificho
ferreo	محکم، شرکت	ferreo
ferreamente	قاطعانه	ferreamente
fermezza	استواری؛ ثبات	fermedza
primo	اول (اسم)؛ اول، اولین	primo
dapprima	اولاً	dapprima
fiscale	مالیاتی؛ محاسباتی	fiskale
pesce	ماهی؛ ماهی گرفتن	peshe
pescare	ماهی؛ ماهی گرفتن	peskare
pescatore	صیاد؛ ماهیگیر	peskatore
pesca	شیل؛ ماهی گیری	peska
industria ittica	شیل؛ ماهی گیری	industria ittika
fissione	شکافت	fissione
pugno	مشت؛ بامشت گرفتن	punyyo
adatto	مناسب بودن؛ مناسب، حمله	adatto
idoneo	مناسب بودن؛ مناسب، حمله	idoneo
cinque	پنج	chinkve
aggiustare	تعمیر کردن	ajustare
Sterilizzare	تعمیر کردن	sterilidzare
ossessione	عشق زیاد	ossessione
riparazione	وسایل ثابت	riparatsione
sistemazione	وسایل ثابت	sistematsione
moscio	لس	mosho
flaccido	لس	flachido
bandiera	پرچم؛ رایت	bandiera
flaggare	پرچم؛ رایت	flaggare
correggiato	گندم کوب؛ خرمن کوب	korrejato
mazzafrusto	گندم کوب؛ خرمن کوب	matsafrusto
flame	شعله؛ زبانه	flame
noce	پهلو؛ خاصره	noche
rosa	پهلو؛ خاصره	roza
sbattere	پرزدن؛ پرپرزدن	zbattere
razzo	شعله؛ شعله زنی	radzo
brillare	شعله؛ شعله زنی	brillare
lampo	تلالو	lampo
baleno	تلالو	baleno
boccetta	بغلی؛ دبه	bochetta
fiaschetta	بغلی؛ دبه	fyasketta
piano	آپارتمان؛ صاف، یک طبقه	pyano
bemolle	آپارتمان؛ صاف، یک طبقه	bemolle
appiattirsi	مسطح کردن؛ بیمزه کردن	appyattirsi
atterrare	مسطح کردن؛ بیمزه کردن	atterrare
lusingare	تملق کردن؛ مداهنه کردن	luzingare
salamelecchi	تملق؛ شیره مالی	salamelekki
lusinga	تملق؛ شیره مالی	luzinga
esibire	نازیدن؛ جولان دادن	ezibire
ostentare	نازیدن؛ جولان دادن	ostentare
condire	مزه؛ طعم	kondire
insaporire	مزه؛ طعم	insaporire
sapori	طعم	sapori
lino	بزرک	lino
spellare	سخت انتقاد کردن	spellare
pulce	کیک؛ شبگز	pulche
macchiolina	رگه رگه کردن	makkiolina
fuggire	فرار کردن	fujire
lanoso	مثل پشم	lanozo
flotta	ناوگان	flotta
fugace	تندپا	fugache
sfuggente	تندپا	sfujente
carne	گوشت	karne
carnoso	گوشتالو؛ گوشتی	karnozo
flessibilità	منقبض کردن	flessibilita
flessione	منقبض کردن	flessione
flessibile	قابل تغییر؛ قابل انحناء	flessibile
pieghevole	قابل تغییر؛ قابل انحناء	pyegevole
sfarfallare	تلنگر	sfarfallare
guizzare	تلنگر	gvitsare
tremolante	سوسوزن	tremolante
intermittente	سوسوزن	intermittente
fuga	پرواز	fuga
volo	پرواز	volo
slanciare	جفتک پرانی	zlanchare
selce	چخماق؛ سنگ فندک	selche
flirtare	طناز؛ لاس زدن	flirtare
galleggiare	غوطهورساختن؛ غوطهدادن	gallejare
stormo	رمه؛ غنم	stormo
alluvione	سیل؛ طوفان	alluvione
inondazione	سیل؛ طوفان	inondatsione
pavimento	کف، طبقه	pavimento
pavimentare	کف، طبقه	pavimentare
fallimento	صدای چلپ؛ باصدای تلپ افتادن	fallimento
floscia	مسخره وار	flosha
floscio	مسخره وار	flosho
flora	گیا؛ الهه گل	flora
florido	گلگون؛ سلیس وشیوا	florido
elaborato	گلگون؛ سلیس وشیوا	elaborato
Florida	فلوریدا	florida
farina	آرد؛ آرد کردن	farina
crescere	رونق گرفتن	kreshere
colata	بده؛ جاری کردن	kolata
flusso	بده؛ جاری کردن	flusso
fiore	گل	fiore
influenza	آنفولانزا	influentsa
fluttuante	مواج	fluttuante
fluctuazione	نوسان	fluktuatsione
fuffa	کرکدار شدن	fuffa
lanugine	کرکدار شدن	lanujine
soffice	پرزدار	soffiche
fluido	مایع	fluido
liquido	مایع	likvido
scagliato	پرت	skalyato
tormenta	طوفان ناگهانی	tormenta
scovare	آبریز	skovare
stanare	آبریز	stanare
flauto	مزمار؛ زماره	flauto
flute	مزمار؛ زماره	flute
svolazzante	اهتزاز	zvolatsante
[kite] far volare	مگس؛ پرواز کردن	kite far volare
[airplane] pilotare	مگس؛ پرواز کردن	airplane pilotare
schiuma	کف کردن؛ جوش وخروش	skyuma
gomma piuma	کف کردن؛ جوش وخروش	gomma pyuma
biada	علوفه؛ علیق	byada
foraggio	علوفه؛ علیق	forajo
guaime	میغ؛ مه گرفتن	gvaime
nebbioso	میغی؛ مهآلود	nebbiozo
spalla	زرورق؛ عقیم گذاردن	spalla
lamina	زرورق؛ عقیم گذاردن	lamina
fogliame	شاخ و برگ	folyame
popolo	قوم وخویش	popolo
follicolo	برگه	follikolo
seguitore	هواخواه؛ تابع	segvitore
seguente	زیر، بعدی	segvente
successivo	زیر، بعدی	suchessivo
unicum	نابخردی؛ ابلهی	unikum
volere bene	علاقه‌مند	volere bene
generi alimentari	موادغذایی	jeneri alimentari
babbeamente	احمقانه؛ سفیهانه	babbeamente
stupidità	حماقت؛ سفاهت	stupidita
sciocchezza	حماقت؛ سفاهت	shokketsa
pié pagina	پا	pye pajina
materiale filmato	فیلم	materiale filmato
pallone	فوتبال	pallone
testa di ponte	جاپا؛ جای ثابت	testa di ponte
lacchè	شاطر	lakke
servitore	شاطر	servitore
impronte	ردپا	impronte
pedata	جاپا؛ گام برداری	pedata
per	برای	per
foraggiare	پی علف گشتن	forajare
proibire	ممنوع کردن	proibire
vietato	ممنوع؛ ممنوعه	vyetato
proibito	ممنوع؛ ممنوعه	proibito
forcipe	انبر جراحی	forchipe
con la forza	عنفا؛ مجبوراً	kon la fortsa
guado	فرد؛ گدار	gvado
guadare	فرد؛ گدار	gvadare
avambraccio	ارش؛ ساعد	avambracho
previsione	پیش‌بینی	previzione
antenati	اجداد	antenati
indice	سبابه؛ انگشت شهادت	indiche
primo piano	صف جلو	primo pyano
fronte	پیشانی؛ منصه	fronte
straniera	خارجی	straniera
[at a construction site] caposquadra	فورمن؛ سرکارگر	at a konstruktion site kaposkvadra
precursore	پیشرو؛ پیشگام	prekursore
prevedendo	پیش اندیش	prevedendo
lungimirante	پیش اندیش	lunjimirante
lungimiranza	ابصار؛ پیش اندیشی	lunjimirantsa
foresta	جنگل	foresta
bosco	جنگل	bosko
silvicoltura	جنگلداری؛ جنگلبانی	silvikoltura
pregustazione	آزمایش قبلی	pregustatsione
predire	نبوت کردن؛ پیشگوئی کردن	predire
perdere	ضبط شده	perdere
forgia	جعل کردن	forja
fucina	جعل کردن	fuchina
falsario	جاعل؛ جعل کننده	falsario
falsificazione	جعل؛ سند سازی	falsifikatsione
2] scordare	فراموش کردن	due skordare
disimprimere	فراموش کردن	dizimprimere
smemorato	فراموشکار؛ کم حافظه	zmemorato
perdonare	آمرزیدن؛ عفو کردن	perdonare
perdonato	آمرزیده	perdonato
esecuzione di una fork	چنگال	ezekutsione di una fork
forchetta	چنگال	forketta
forma	فرم، تشکیل دادن	forma
modulo	فرم، تشکیل دادن	modulo
formale	رسمی	formale
formalemente	رسما	formalemente
formato	قالب	formato
ex	سابق؛ پیشین	eks
primamente	قبلاً	primamente
formidabile	سهمناک؛ ژیان	formidabile
formula	فرمول	formula
formulare	فرموله کردن	formulare
forte	برج وبارو	forte
bicocca	برج وبارو	bikokka
imminente	قریب‌الوقوع	imminente
fortificazione	تقویت؛ حصار	fortifikatsione
rinforzare	مستحکم کردن؛ سنگربندی کردن	rinfortsare
rinforzando	مقوی	rinfortsando
fortezza d'animo	شهامت اخلاقی	fortetsa danimo
due settimane	دوهفته	due settimane
bimensile	دو هفتگی	bimensile
bimensilmente	دو هفتگی	bimensilmente
rocca	قلعه؛ دژ	rokka
fortezza	قلعه؛ دژ	fortetsa
fortunato	خوش شانس	fortunato
fortunatamente	خوشبختانه	fortunatamente
destino	طالع؛ فال	destino
quaranta	چهل	kvaranta
foro	انجمن	foro
forum	انجمن	forum
inoltrare	جلو	inoltrare
in poi	به پیش	in poi
fossile	فسیل	fossile
affidatario	پرورش دادن	affidatario
adottivo	پرورش دادن	adottivo
fondare	بنیاد	fondare
fondamenta	بنیاد	fondamenta
fondatore	بنیانگذار	fondatore
fondazione	تشکیل دهنده	fondatsione
trovatello	لقیط	trovatello
fonderia	چدن ریزی	fonderia
fontana	چشمه	fontana
quattro	چهار	kvattro
quattordici	چهارده	kvattordichi
quarto	چهارم	kvarto
quarta [after the name]	چهارم	kvarta after te name
pollame	پرنده	pollame
volatile	پرنده	volatile
volpe	روبه؛ روباه بازی کردن	volpe
lasciare perplesso	روبه؛ روباه بازی کردن	lashare perplesso
frazione	کسر، بخش کوچک	fratsione
fragilità	تردی؛ زودشکنی	frajilita
frammento	تکه	frammento
frammentare	تکه	frammentare
profumo	عطر؛ نکهت	profumo
fragrante	معطر؛ خوشبو	fragrante
fotogramma	شاسی؛ قاب کردن	fotogramma
inquadratura	شاسی؛ قاب کردن	inkvadratura
infrastruttura	چارچوب	infrastruttura
Francia	فرانسه	francha
franchigia	حق امتیاز	frankija
franchising	حق امتیاز	frankizing
Franco	فاش؛ فرانک	franko
francamente	رک و راست	frankamente
esagitato	دیوانه وار	ezajitato
frenetico	دیوانه وار	frenetiko
esagitatamente	دیوانه وار	ezajitatamente
frode	کلاهبرداری	frode
frodi	کلاهبرداری	frodi
fraudolento	دغل؛ تقلبی	fraudolento
sfizio	ناقصالخلقه	sfitsio
capriccio	ناقصالخلقه	kapricho
libero	آزاد کردن؛ آزاد، رایگان	libero
libertà	آزادی	liberta
proprietà piena	مالکیت مطلق؛ ملک موروثی	proprieta pyena
liberamente	آزادانه	liberamente
massone	فراماسون؛ فراماسیون	massone
massoneria	فراماسیونی	massoneria
frammassoneria	فراماسیونی	frammassoneria
uomini liberi	آزادگان	vomini liberi
congelare	یخبندان؛ منجمد کردن	konjelare
trasporto merci	گرانبار کردن؛ کرایه کشتی	trasporto merchi
francese	فرانسوی؛ زبان فرانسه	francheze
i francesi	فرانسوی؛ زبان فرانسه	i franchezi
frenesia	شوریدگی؛ شوریده کردن	frenezia
frequenza	تناوب؛ بسامد	frekventsa
frequente	مکرر	frekvente
nuova	تازه	nuova
nuovo	تازه	nuovo
freschezza	تازگی؛ شادابی	fresketsa
divorare	هایهو کردن؛ جور بجور کردن	divorare
attrito	مالش؛ اصطکاک	attrito
venerdì	جمعه	venerdi
frigorifero	یخچال	frigorifero
bruciato	سرخ کرده	bruchato
fritto	سرخ کرده	fritto
amichevole	خوش مشربی	amikevole
amicizia	یاری؛ دوستی	amichitsia
fregata	فرقت	fregata
spaventare	رم دادن	spaventare
impaurire	رم دادن	impaurire
spaurire	هراسانیدن؛ ترساندن	spaurire
spaventoso	ارعاب؛ وحشتناک	spaventozo
gelido	خنک	jelido
frangia	سجاف؛ چتر زلف	franja
frangetta	سجاف؛ چتر زلف	franjetta
frivolezza	سبکی؛ لوسی	frivoletsa
frivolo	سبکسر؛ بیهوده وبیمعنی	frivolo
frivolamente	سبکسرانه	frivolamente
tonaca	فراک؛ لباس اسموکینگ	tonaka
abito talare	فراک؛ لباس اسموکینگ	abito talare
rana	قورباغه	rana
beffa	ورجه ورجه کردن	beffa
burla	ورجه ورجه کردن	burla
davanti	جلو	davanti
frontale	پیشانی؛ وابسته بجلو	frontale
frontiera	مرز؛ سرحد	frontiera
gelo	شبنم؛ سرماریزه	jelo
brina	شبنم؛ سرماریزه	brina
immusonire	اخم؛ اخم کردن	immuzonire
risentirsi	اخم؛ اخم کردن	rizentirsi
gelato	منجمد؛ منجمده	jelato
ghiacciato	منجمد؛ منجمده	gyachato
frutta	میوه	frutta
frutto	میوه	frutto
proficuo	بارور؛ زاینده	profikuo
fruttuoso	بارور؛ زاینده	fruttuozo
fruttificazione	تمتع؛ کامرانی	fruttifikatsione
godimento	تمتع؛ کامرانی	godimento
infruttuosa	بی بر؛ بی میوه	infruttuoza
intralciato	ناامید	intralchato
intralciando	مایوس کننده	intralchando
frustrazione	ناامیدی	frustratsione
carburante	سوخت؛ سوختی	karburante
latitante	گریخته؛ فراری	latitante
pieno	پر	pyeno
a tempo pieno	تمام وقت	a tempo pyeno
armeggiando	کورمالی	armejando
funzione	وظایفه؛ کار افتادن	funtsione
funzionale	کاربردی	funtsionale
funzionante	کاربردی	funtsionante
fondamentalemente	اساساً	fondamentalemente
raccolta fondi	جمع‌آوری کمک مالی	rakkolta fondi
funerale	مراسم خاکسپاری	funerale
funebre	مراسم خاکسپاری	funebre
imbuto	قیف؛ قیفی شکل	imbuto
buffa	خنده‌دار	buffa
pelliccia	پوست؛ خز	pellicha
furioso	خشمگین	furiozo
bruciatore	تون؛ تنور	bruchatore
fornire	تهیه کردن؛ دارای اثاثه کردن	fornire
mobilio	مبلمان	mobilio
ruga	شیار کردن؛ شیار زدن	ruga
solco	شیار کردن؛ شیار زدن	solko
peloso	خزدار؛ خزپوش	pelozo
ulteriormente	بیشتر	ulteriormente
inoltre	وانگهی؛ دیگراینکه	inoltre
surrettizio	زیر جلی	surrettitsio
subdolo	زیر جلی	subdolo
furia	غضب؛ سوداء	furia
miccia	فتیله؛ گداختن	micha
innesco	فتیله؛ گداختن	innesko
salva	شلیک متوالی	salva
fusione	ذوب؛ گداز	fuzione
rumore	هیاهو؛ ولوله	rumore
futile	بیهوده؛ باطل	futile
futilità	عبثی؛ بیهودگی	futilita
futuro	آینده	futuro
bavaglio	شیرین کاری	bavalyo
trovata	شیرین کاری	trovata
profitto	انتفاع؛ جلب کردن	profitto
andatura	مشی؛ گام برداشتن	andatura
galassia	کهکشان	galassia
valoroso	زن باز؛ دلاوری کردن	valorozo
galante	زن باز؛ دلاوری کردن	galante
eroismo	زن نوازی	eroizmo
loggia	گالری	loja
galleria	گالری	galleria
cambusa	رانکا؛ رامکا	kambuza
galea	رانکا؛ رامکا	galea
Gallone	گالن	gallone
galoppo	تاخت؛ چهارنعل	galoppo
galoppare	تاخت؛ چهارنعل	galoppare
forca	دار؛ صلابه	forka
patibolo	دار؛ صلابه	patibolo
giochi d'azzardo	قمار	joki dadzardo
gioco	بازی	joko
ghenga	گام برداری	genga
ganglio	غده لنفاوی	ganglio
cancrena	قانقاریا	kankrena
buco	شکاف	buko
garage	گاراژ؛ در گاراژ گذاردن	garazh
vestire	طرز رفتار؛ لباس پوشانیدن	vestire
giardino	باغ	jardino
giardiniera	باغبان	jardiniera
giardiniere	باغبان	jardiniere
giardinaggio	باغبانی؛ سبزیکاری	jardinajo
aglio	سیر	alyo
caserma	ساخلو؛ پادگان	kazerma
guarnigione	ساخلو؛ پادگان	gvarnijone
giarrettella	بند زدن	jarrettella
giarrettiera	بند زدن	jarrettiera
gas	گاز	gas
benzina	گاز	bendzina
guascone	گاسگن؛ لاف زن	gvaskone
gaseoso	گازدار؛ گازی	gazeozo
taglio	شکافدار کردن؛ مقاربت جنسی	talyo
incisione	شکافدار کردن؛ مقاربت جنسی	inchizione
lampada a gas	گاز سوز؛ شعله گاز	lampada a gas
manipolare psicologicamente	گاز سوز؛ شعله گاز	manipolare psikolojikamente
tirata di sigaretta	نفس بریده	tirata di sigaretta
anelito	نفس بریده	anelito
gastrico	معدی	gastriko
cancello	دروازه	kanchello
porta d'accesso	مدخل	porta dachesso
ammassare	اجتماع کردن؛ انجمن کردن	ammassare
accumulare	اجتماع کردن؛ انجمن کردن	akkumulare
raduno	گردهمایی	raduno
incontro	گردهمایی	inkontro
calibro	اندازهگیر	kalibro
scartamento	اندازهگیر	skartamento
smagrito	زننده ساختن	zmagrito
garza	گاز؛ تنزیب	gardza
tessuto	گاز؛ تنزیب	tessuto
effemminato	همجنس‌گرا	effemminato
gaia	همجنس‌گرا	gaia
occhiata	خیره شدن	okkyata
gazzetta	مجله رسمی	gadzetta
marcia	دنده، تجهیزات	marcha
ingranaggio	دنده، تجهیزات	ingranajo
gelatina	ژلاتین؛ سریشم	jelatina
gelatinoso	ژلاتینی	jelatinozo
gemma	جواهر نشان کردن؛ سنگ گران بها	jemma
pietra preziosa	جواهر نشان کردن؛ سنگ گران بها	pyetra pretsioza
genere	جنسیت	jenere
sesso	جنسیت	sesso
gene	ژن	jene
generale	عمومی	jenerale
induzione	تعمیم	indutsione
di solito	عموما؛ معمولا	di solito
in genere	عموما؛ معمولا	in jenere
generazione	تولید؛ زاد	jeneratsione
riproduttivo	تولیدی؛ نسلی	riproduttivo
generico	عمومی	jeneriko
generosità	کرم؛ مروت	jenerozita
atto generoso	کرم؛ مروت	atto jenerozo
generoso	کرام؛ کریم	jenerozo
generosamente	سخاوتمندانه؛ بی دریغ	jenerozamente
Genesis	تکوین؛ طرز تشکیل	jenezis
genetico	ژنتیکی	jenetiko
Canton Ginevra	ژنو	kanton jinevra
Ginevra	ژنو	jinevra
genocidio	نسل‌کشی	jenochidio
Goy	غیر کلیمی	goi
gentile	نرم؛ معتدل	jentile
gentiluomo	جنتلمن؛ سمیو	jentiluomo
signori	جنتلمن؛ سمیو	sinyori
gentiluomamente	آقامنشانه؛ آقامنش	jentiluomamente
garbo	ملایمت؛ نرمی	garbo
dolcezza	ملایمت؛ نرمی	dolchetsa
signora	زن نجیب؛ زن باتربیت	sinyora
dolcemente	بارامی؛ نرم نرم	dolchemente
soavemente	بارامی؛ نرم نرم	soavemente
genuino	واقعی	jenuino
genuinamente	واقعاًً	jenuinamente
geografico	جغرافیایی	jeografiko
geografia	جغرافیا	jeografia
geologia	زمینشناسی؛ معرفت الارظ	jeolojia
geometrico	هندسی	jeometriko
geometria	هندسه	jeometria
Georgia	گرجستان	jeorja
Giorgia	گرجستان	jorja
georgiana	گرجی؛ گرجستانی	jeorjana
georgiano	گرجی؛ گرجستانی	jeorjano
germe	میکرب؛ جرثومه	jerme
microbo	میکرب؛ جرثومه	mikrobo
tedesco	آلمانی؛ زبان آلمانی	tedesko
tedesca	آلمانی؛ زبان آلمانی	tedeska
germanico	آلمانی؛ ژرمنی	jermaniko
Germania	آلمان	jermania
Germinazione	جوانه زنی؛ جوانه زایی	jerminatsione
gesto	اشاره	jesto
larva	روح؛ شبح	larva
colosso	غول؛ نرهغول	kolosso
gigante	غول؛ نرهغول	jigante
dono	هدیه	dono
dotato	خدا داده	dotato
talentuoso	خدا داده	talentuozo
arpione	کنسرت	arpione
esibizione	کنسرت	ezibitsione
gigantesco	غول پیکر	jigantesko
doratura	مطلا	doratura
indorato	مطلا	indorato
succhiello	گردبر؛ سوراخ کننده	sukkyello
succhiellare	گردبر؛ سوراخ کننده	sukkyellare
gin	جینی؛ جین	jin
zenzero	زنجبیل	dzendzero
legare allaciare	ضربه شدید؛ کمربند بستن	legare allachare
cinturare cingere circondare	ضربه شدید؛ کمربند بستن	chinturare chinjere chirkondare
bambina [child]	دختر	bambina kild
ragazza [adolescent]	دختر	ragatsa adoleshent
amica	دوست دختر	amika
amica del cuore	دوست دختر	amika del kuore
fanciullesco	دختروار	fanchullesko
da ragazza	دختروار	da ragatsa
circonferenza	ابعاد؛ قطر شکم	chirkonferentsa
sostanza	نکته مهم؛ لب کلام	sostantsa
dare	دادن	dare
fiero	خوشحال	fyero
lieto	خوشحال	lieto
volentieri	بخشنودی	volentieri
scorsa	نگاه اجمالی	skorsa
sguardo	نگاه اجمالی	zgvardo
ghiandola	غده؛ دشبل	gyandola
ghiandolare	غدهای	gyandolare
frecciata	درخشندگی زیاد	frechata
bicchiere	شیشه، لیوان	bikkiere
vetro	شیشه، لیوان	vetro
vitreo	زجاجی	vitreo
vetrato	زجاجی	vetrato
risplendere	نور ضعیف؛ پرتو آنی	risplendere
barlume	نور ضعیف؛ پرتو آنی	barlume
volteggiare	نرم رفتن؛ آسان رفتن	voltejare
librarsi	نرم رفتن؛ آسان رفتن	librarsi
mondiale	جهانی	mondyale
sferico	جهانی	sferiko
globalizzazione	جهانی‌سازی	globalidzatsione
globo	کره زمین	globo
malinconia	عبوس بودن	malinkonia
cupo	تیره؛ گرفته	kupo
lugubre	تیره؛ گرفته	lugubre
glorificare	تکریم کردن؛ تجلیل کردن	glorifikare
glorioso	باشکوه	gloriozo
gloria	شکوه	gloria
glossa	جلوه ظاهر	glossa
lucido	لعابی؛ لعابدار	luchido
glottide	چاکنای	glottide
guanto	دستکش	gvanto
ardore	تابیدن؛ تافتن	ardore
calore	تابیدن؛ تافتن	kalore
incollato	چسباننده	inkollato
provocazione	سک	provokatsione
pungolando	سک	pungolando
rete	هدف	rete
portiere	گلر	portiere
capra	بز؛ بزغاله	kapra
ingozzarsi	لپ لپ خوردن	ingodzarsi
ingurgitare	لپ لپ خوردن	ingurjitare
dio	خدا	dio
idolo	خدا	idolo
dea	الهه؛ دارگونه	dea
diva	الهه؛ دارگونه	diva
padrino	پدر تعمیدی؛ نام گذاردن بر	padrino
padrone	پدر تعمیدی؛ نام گذاردن بر	padrone
comare	مادر خوانده	komare
madrina	مادر خوانده	madrina
oro	طلا، طلایی	oro
ricchezza	طلا، طلایی	rikketsa
d'oro	طلایی	doro
dorato	طلایی	dorato
golf	گلف	golf
Golia	جالوت؛ جلیات	golia
buono	خوب؛ خوبی، نیکی	buono
bontà	خوبی	bonta
buona volontà	سر قفلی	buona volonta
oca	غاز؛ هیس	oka
magnifico	باشکوه	manyifiko
gorilla	گوریل	gorilla
sanguinoso	لختهشده؛ جنایت آمیز	sangvinozo
vangelo	مژده نیکو	vanjelo
sottile	بند شیطان؛ لعاب خورشید	sottile
ciarla	نمام؛ اراجیف	charla
diceria	نمام؛ اراجیف	dicheria
gotico	زبانگوتیک	gotiko
scanalare	مغار؛ اسکنه جراحی	skanalare
estorcere	مغار؛ اسکنه جراحی	estorchere
gotta	نقرسی؛ نقرس	gotta
podagra [when affecting the feet]	نقرسی؛ نقرس	podagra ven affekting te feet
comandare	حکومت کردن؛ فرمانداری کردن	komandare
governante	مدیره؛ زنحاکم	governante
governo	دولت	governo
governatore	استاندار	governatore
tunica	خرقه؛ لباس شب	tunika
toga	خرقه؛ لباس شب	toga
afferrare	چنگ انداختن؛ بچنگال گرفتن	afferrare
grazia	ظرافت	gratsia
gracioso	توفیق دهنده؛ فیض بخش	grachozo
livello	پایه؛ نمره	livello
graduale	تدریجی	graduale
gradualmente	بمرور؛ متدرجا	gradualmente
laureata	آموخته؛ مدرج کردن	laureata
laureato	آموخته؛ مدرج کردن	laureato
innesto	اختلاس؛ پیوند کردن	innesto
innestare	اختلاس؛ پیوند کردن	innestare
grammo	گرم	grammo
grammatica	دستور؛ گرامر	grammatika
grammatico	دستوری؛ صرفی	grammatiko
nipoti	احفاد	nipoti
grandezza	شکوه؛ جلال	grandetsa
splendore	شکوه؛ جلال	splendore
nonno	پدربزرگ	nonno
grandiloquente	گزاف گوی	grandilokvente
nonna	مادربزرگ	nonna
[grandfather] nonno	پدربزرگ/مادربزرگ	grandfater nonno
[grandmother] nonna	پدربزرگ/مادربزرگ	grandmoter nonna
nipote	پسر دختر؛ پسر پسر	nipote
Granito	خارا؛ گرانیت	granito
presalario	عطا؛ اعطاء	prezalario
granulare	دانهدار؛ دانه ای	granulare
uva	انگور؛ عنب	uva
grafico	نمودار؛ گراف	grafiko
grafo	نمودار؛ گراف	grafo
grafica	گرافیکی	grafika
grafice	گرافیک	grafiche
spia	چمن	spia
pentito	چمن	pentito
prateria	علفزار؛ سبزه زار	prateria
erboso	پرچمن؛ علفی	erbozo
grata	کبیر؛ کبیره	grata
grattuggiare	کبیر؛ کبیره	grattujare
grato	ممنون؛ شکور	grato
gratificazione	سر بلندی	gratifikatsione
gratificare	مفتخر کردن؛ بوجد آوردن	gratifikare
gratitudine	سپاسگزاری؛ شکران	gratitudine
fossa	قبر، جدی	fossa
tomba	قبر، جدی	tomba
ghiaia	شن؛ ریگ	gyaia
gravitazione	قوه جاذبه	gravitatsione
gravità	جاذبه	gravita
ingrigire	خاکستری رنگ	ingrijire
brucare	چریدن؛ چرا کردن	brukare
pascere	چریدن؛ چرا کردن	pashere
grandemente	بسیار	grandemente
immensità	بزرگی؛ شهامت	immensita
Grecia	یونان؛ کشور یونان	grecha
ingordigia	حرص؛ طمع	ingordija
cupidamente	حریصانه	kupidamente
ingordo	پولکی؛ حریصانه	ingordo
greco	یونانی	greko
greca	یونانی	greka
verde	سبز	verde
serra	گلخانه	serra
salutare	سلام کردن	salutare
saluto	تهنیت؛ درود	saluto
granata	نارنجک	granata
grigiastro	خاکستری	grijastro
griglia	شبکه	grilya
tristezza	اندوه	tristetsa
affliggersi	تظلم	afflijersi
tetro	عبوس؛ عبوسانه	tetro
sinistro	عبوس؛ عبوسانه	sinistro
smorfia	شکلک	zmorfia
incrostazione	رجاست؛ چرک سیاه کردن	inkrostatsione
sporco ostinato	رجاست؛ چرک سیاه کردن	sporko ostinato
cupamente	عبوسانه	kupamente
torvamente	عبوسانه	torvamente
sorriso	نیشخند	sorrizo
macinare	آسیاب کردن	machinare
macinatore	کوبنده؛ لهکننده	machinatore
granaglie da macinare	گندمآسیابی؛ جو آسیابی	granalye da machinare
materiale utile	گندمآسیابی؛ جو آسیابی	materiale utile
avena mondata	ماسه سنگ	avena mondata
grinta	ماسه سنگ	grinta
spiritoso	شن دار؛ ریگ دار	spiritozo
gemendo	فغان	jemendo
droghiera	عطار؛ بقال	drogiera
droghiere	عطار؛ بقال	drogiere
drogheria	خواربار	drogeria
inguine	دوطاقه کردن؛ بیخ ران	ingvine
cavallaio	داماد؛ چاروادار	kavallaio
stalliere	داماد؛ چاروادار	stalliere
routine	شیار؛ خط انداختن	rutin
tran-tran	شیار؛ خط انداختن	trantran
brancolando	کورمالی	brankolando
palpeggiamento	کورمالی	palpejamento
3] suolo	زمین	tre suolo
6] terra	زمین	sey terra
infondato	واهی؛ بی اساس	infondato
boschetto	بیشه؛ شاخسار	bosketto
piantagione	بیشه؛ شاخسار	pyantajone
grugnito	خرخر کردن	grunyito
brontolio	خرخر کردن	brontolio
crescita	رشد	kreshita
rancore	کینه؛ غرض	rankore
risentimento	کینه؛ غرض	rizentimento
raccapricciante	وحشت آور؛ نفرت انگیز	rakkaprichante
ronzare	غر؛ ژکیدن	rontsare
borbottare	غر؛ ژکیدن	borbottare
scontroso	بد خلق؛ بد خو	skontrozo
garanzia	التزام؛ ضمانت	garantsia
garante	التزام؛ ضمانت	garante
guardia	گارد؛ نگهبان	gvardia
protezione	گارد؛ نگهبان	protetsione
tutela	سرپرستی؛ قیمومیت	tutela
tutoria	سرپرستی؛ قیمومیت	tutoria
guerriglia	چریک	gverrilya
guerrigliero	چریک	gverrilyero
indovinare	حدس زدن، حدس	indovinare
ospite	مهمان	ospite
invitato	مهمان	invitato
risata fragorosa	خنده بلند؛ قاه قاه	rizata fragoroza
guida	راهنمایی	gvida
linea guida	دستورالعمل	linea gvida
gilda	سنخ؛ صنف	jilda
senso di colpa	احساس گناه	senso di kolpa
colpevolezza	احساس گناه	kolpevoletsa
colpevole	مرتکب؛ مقصر	kolpevole
Guinea	گینه؛ مرغ شاخدار	gvinea
scusante	لباس مبدل	skuzante
chitarra	گیتار	kitarra
golfo	خلیج	golfo
esofago	مری	ezofago
calanco	آبکند؛ دره کوچک	kalanko
inghiottire	غورت؛ جرعه	ingiottire
gengiva	صمغ؛ چسب	jenjiva
fucile	اسلحه	fuchile
artigliere	توپچی؛ تیر انداز	artilyere
polvere pirica	باروت	polvere pirika
polvere da sparo	باروت	polvere da sparo
colpo d'arma da fuoco	تیر رس؛ زخم گلوله	kolpo darma da fuoko
gorgoglio	غلغل؛ شرشر	gorgolyo
gorgoglìo	غلغل؛ شرشر	gorgolyio
ventata	باد ناگهانی؛ بادتند وشدید	ventata
epa [enlarged]	روده، شهود	epa enlarjed
grondaia	آبگند؛ آب رو	grondaia
intervallo	آبگند؛ آب رو	intervallo
gutturale	حلقی؛ گلوئی	gutturale
tirante	مرد	tirante
palestra	باشگاه ورزشی	palestra
ginnastica	ژیمناستیک	jinnastika
zingara	کولی؛ غربتی	dzingara
zingaro	کولی؛ غربتی	dzingaro
abitudine	عادت	abitudine
consuetudine	عادت	konsuetudine
Habitat	زیستگاه	habitat
habituale	عادتی	habituale
abitualmente	عادتا	abitualmente
tosse secca	نویسنده مزدور؛ درشکه کرایه	tosse sekka
toppa	نویسنده مزدور؛ درشکه کرایه	toppa
grandine	تگرگ، استقبال کردن	grandine
grandinare	تگرگ، استقبال کردن	grandinare
capello [individual]	مو	kapello individual
capelli [usually plural]	مو	kapelli uzualli plural
pelosa	مویی؛ مودار	peloza
metà	نصف	meta
a metà strada	در نیمه راه	a meta strada
alone	هاله؛ هآاله بستن	alone
nimbo	هاله؛ هآاله بستن	nimbo
prosciutto	ژامبون؛ گوشت ران	proshutto
radioamatore	ژامبون؛ گوشت ران	radioamatore
martello	چکش؛ پتک	martello
mano	دست	mano
manipolo	مشت	manipolo
handicap	فلج؛ معلول	handikap
handicappato	فلج	handikappato
artigianato	هنردستی؛ دستورزی	artijanato
opera manuale	کاردستی	opera manuale
fazzoletto	دستمال	fatsoletto
manico	دسته؛ ادارهکردن	maniko
impugnatura	دسته؛ ادارهکردن	impunyatura
grafia	خط؛ دستخط	grafia
scrittura	خط؛ دستخط	skrittura
utile	مفید، دستی	utile
pratico	مفید، دستی	pratiko
bloccarsi	آویختن؛ دار زدن	blokkarsi
Annover	هانوور	annover
l'Annover	هانوور	lannover
succedere	اتفاق افتادن	suchedere
felicemente	با خوشحالی	felichemente
allegria	خوشبختی؛ شادی	allegria
felicità	خوشبختی؛ شادی	felichita
molestia	آزار و اذیت	molestia
porto	بندرگاه؛ لنگرگاه	porto
duro	سخت	duro
indurimento	تصلب	indurimento
mica	به‌سختی؛ تقریباً نه	mika
durezza	سختی؛ صلابت	duretsa
hardware	سخت‌افزار	ardver
armonia	همساز	armonia
armonium	گارمن	armonyum
armonizzare	موافق کردن؛ متناسب بودن	armonidzare
braca	دهنه؛ تارکش	braka
imbrago	دهنه؛ تارکش	imbrago
arpa	بربط	arpa
arpista	چنگزن	arpista
aspro	خشن	aspro
Harvard	هاروارد	harvard
festa del raccolto	برداشت	festa del rakkolto
messe	برداشت	messe
precipitazione	شتاب؛ عجله	prechipitatsione
sbrigarsi	شتاباندن	zbrigarsi
affrettarsi	شتاباندن	affrettarsi
affrettatamente	باشتاب؛ شتابان	affrettatamente
affrettata	تند؛ عجول	affrettata
affrettato	تند؛ عجول	affrettato
cappello	کلاه	kappello
odiare	متنفر بودن	odyare
odio	نفرت	odio
altero	متکبرانه؛ مستکبر	altero
superbo	متکبرانه؛ مستکبر	superbo
tormentare	تسخیر کردن	tormentare
ritrovo	تسخیر کردن	ritrovo
avere	داشتن؛ داشتن (فعل کمکی)	avere
le Hawaii	هاوایی	le avai
vassoio	جار؛ بابازشکار کردن	vassoio
fieno	یونجه؛ علف خشک	fyeno
mettere a rischio	خطر	mettere a riskio
foschia	مغموم بودن؛ مه کم	foskia
lui	او (مرد)	lui
egli	او (مرد)	elyi
testa	سر	testa
mal di testa	سردرد	mal di testa
copricapo	آرایش سر؛ آرایش مو	koprikapo
tuffo	سرساز؛ درساز	tuffo
caduta di testa	سرساز؛ درساز	kaduta di testa
titolo	سرصفحه	titolo
a capofitto	سربجلو؛ شیرجه رونده	a kapofitto
sede centrale	ستاد مرکزی	sede chentrale
quartier generale	ستاد مرکزی	kvartyer jenerale
testardo	خودسر؛ مطلق العنان	testardo
guarire	التیام یافتن	gvarire
sanare	التیام یافتن	sanare
guarendo	بهبود؛ التیام	gvarendo
salute	سلامتی	salute
assistenza sanitaria	مراقبت‌های بهداشتی	assistentsa sanitaria
sano	سالم	sano
2] mucchio	توده؛ خرمن	due mukkio
[3] cumulo	توده؛ خرمن	tre kumulo
udire	شنیدن	udire
sentitore	شنونده؛ سمیع	sentitore
audizione	محاکمه؛ سمع	auditsione
cuore	قلب	kuore
cuori	قلب	kuori
sentito	قلبی	sentito
sincero	قلبی	sinchero
focolare	کوره کشتی؛ کف منقل	fokolare
letto della fornace	کوره کشتی؛ کف منقل	letto della fornache
caldamente	از ته دل	kaldamente
giovialmente	از ته دل	jovyalmente
di cuore	جانانه	di kuore
gusto piccante	گرما، گرم کردن	gusto pikkante
sapore piccante	گرما، گرم کردن	sapore pikkante
brughiera	تیغستان	brugiera
sollevamento	غلپیدن	sollevamento
cielo	بهشت	chelo
paradiso	بهشت	paradizo
pesantemente	به شدت	pezantemente
pesante	سنگین	pezante
ebreo	یهودی؛ عبری	ebreo
ebraico	یهودی؛ عبری	ebraiko
Ettaro	هکتار	ettaro
accudire	رعایت؛ توجه کردن	akkudire
importare	رعایت؛ توجه کردن	importare
cantuccio	پاشنه؛ پاشنه پا	kantucho
tallone	پاشنه؛ پاشنه پا	tallone
cima	ارتفاع	chima
erede	وارث؛ ارث بر	erede
ereditiera	وارث؛ ارث بر	ereditiera
Helena	هلنا	elena
elicottero	هلیکوپتر	elikottero
elitrasportare	هلیکوپتر	elitrasportare
inferno	درک؛ دوزخ	inferno
infernale	جهنمی	infernale
salve	سلام	salve
timone	سکان؛ اهرم سکان	timone
casco	کلاه ایمنی	kasko
supporto	یاور؛ نصیر	supporto
indifeso	عاجز؛ ناگزیر	indifezo
debolezza	ناچاری؛ درماندگی	deboletsa
emisfero	نیمکره؛ نیم گوی	emisfero
gallina |	مرغ؛ مرغ خانگی	gallina
gallina	مرغ؛ مرغ خانگی	gallina
dunque	بنابراین	dunkve
perciò	بنابراین	percho
d’ora in poi	منبعه؛ زین سپس	dora in poi
d’ora in avanti	منبعه؛ زین سپس	dora in avanti
epatico	کبدی	epatiko
emphatic] lei	او (مفعول)، مال او (وابسته)	emfatik lei
[direct object	او (مفعول)، مال او (وابسته)	direkt objekt
proclamare	جارچی	proklamare
erba	گیاه	erba
odori	گیاه	odori
Ercole	هرکول	erkole
ciurma	گله؛ رمه	churma
cricca	گله؛ رمه	krikka
qua	اینجا	kva
qui	اینجا	kvi
per questo	بدینوسیله	per kvesto
ereditario	ارثی؛ مادرزادی	ereditario
Eresia	ارتداد؛ الحاد	erezia
eremita	منزوی؛ کهبد	eremita
anacoreta	منزوی؛ کهبد	anakoreta
ernia	باد فتق	ernia
eroe	قهرمان	eroe
eroina	قهرمان	eroina
eroicamente	پهلوانانه	eroikamente
i suoi	مال او (زن)	i suoi
le sue	مال او (زن)	le sue
lei stessa	خودش (زن)	lei stessa
esitare	تامل کردن؛ تردد کردن	ezitare
esitazione	تامل؛ درنگ	ezitatsione
scolpire	شقه	skolpire
ehi	هی	ei
recondito	پنهان	rekondito
nascondersi	پنهان کردن	naskondersi
gerarchia	سلسله مراتب	jerarkia
geroglifico	هیروگلیف	jeroglifiko
alto	بالا؛ بالا، بلند	alto
di alto profilo	برجسته	di alto profilo
autostrada	بزرگراه	autostrada
via maestra	بزرگراه	via maestra
hilarioso	خنده‌دار	ilariozo
collina	تپه	kollina
collinetta	گریوه؛ هذلول	kollinetta
pendio	دامنه کوه؛ سرازیری تپه	pendio
lo	او (مفعول)	lo
gli	او (مفعول)	lyi
lui stesso	خودش (مرد)	lui stesso
ritardare	عقبی؛ موخر	ritardare
impaccio	عایق؛ بازماندگی	impacho
ostacolo	عایق؛ بازماندگی	ostakolo
cerniera	لولا؛ منوط بودن	cherniera
dritta	اشاره، اشاره کردن	dritta
anca	باسن	anka
assoldare	کرایه کردن؛ مزدور کردن	assoldare
assumere	کرایه کردن؛ مزدور کردن	assumere
sua	مال او (مرد)	sua
sue	مال او (مرد)	sue
Istologia	بافت شناسی	istolojia
storica	تاریخ‌دان	storika
storico	تاریخ‌دان	storiko
storia	تاریخ	storia
colpire	ضربه زدن، ضربه	kolpire
finora	تاکنون؛ تابحال	finora
fin qui	تاکنون؛ تابحال	fin kvi
alveare	مرکز تجمع	alveare
arnia	مرکز تجمع	arnia
alveari	کهیر	alveari
frodare	حقه بازی کردن	frodare
hobby	سرگرمی	obbi
passatempo	سرگرمی	passatempo
hockey	هاکی	okkei
tenere	نگه داشتن	tenere
tenitore	حامل؛ دارنده	tenitore
bocca	سوراخ	bokka
pasticcio	سوراخ	pasticho
giorno festivo	تعطیلات	jorno festivo
vacanza	تعطیلات	vakantsa
santità	تقدس؛ لقب پاپ	santita
Santità	تقدس؛ لقب پاپ	santita
olanda	هلند	olanda
Olanda	هلند	olanda
immacolato	مقدس؛ مطهر	immakolato
sacro	مقدس؛ مطهر	sakro
casa	خانه؛ در خانه	kaza
patria	میهن	patria
casamente	مثل خانه؛ فاقد جمال	kazamente
luogo natio	مزرعه رعیتی	luogo natio
verso casa	به‌طرف خانه	verso kaza
compito	تکالیف	kompito
omogeneo	متجانس؛ همجنس	omojeneo
omosessuale	کونی؛ همجنسباز	omozessuale
onesta	منصف؛ امین	onesta
onesto	منصف؛ امین	onesto
onestamente	درستکارانه	onestamente
lealtà	صداقت	lealta
onestà	صداقت	onesta
miele	عسل؛ شهد	myele
gioia	عسل؛ شهد	joia
luna di miele	ماهعسل؛ ماه عسل رفتن	luna di myele
viaggio di nozze	ماهعسل؛ ماه عسل رفتن	vyajo di notse
onorare	افتخار؛ احترام	onorare
onore	افتخار؛ احترام	onore
onorabile	گرامی؛ شریف	onorabile
onorevole	گرامی؛ شریف	onorevole
zoccolo	سنب؛ باسم زدن	dzokkolo
ritornello	قلاب؛ قلاب کردن	ritornello
amo	قلاب؛ قلاب کردن	amo
battona	جیب بر؛ قلاب انداز	battona
puttana	جیب بر؛ قلاب انداز	puttana
saltello	رازک؛ لی لی کردن	saltello
luppolo	رازک؛ لی لی کردن	luppolo
speranza	امید؛ امید، امیدوار بودن	sperantsa
sperare	امید؛ امید، امیدوار بودن	sperare
speranzoso	امیدوار	sperantsozo
speranzosamente	امیدوارانه	sperantsozamente
senza speranza	نومیدانه	sentsa sperantsa
orda	گروه ترکان؛ گروه بیشمار	orda
orizzonte	افق	oridzonte
orizzontale	ترازی؛ افقی	oridzontale
corno	شاخ، بوق	korno
corna	شاخ، بوق	korna
cornuto	شاخدار؛ شاخی	kornuto
corneo	شهوتی	korneo
arrapato	شهوتی	arrapato
inorridire	بهراس انداختن؛ به بیم انداختن	inorridire
ripulsione	مورمور؛ دهشت	ripulsione
cavallo	اسب	kavallo
hospitabile	غریب نواز؛ مهمان نوازانه	ospitabile
ospedale	بیمارستان	ospedale
ospitalità	غریب پروری؛ غریب نوازی	ospitalita
host	میزبان؛ مهمان دار	ost
ostaggio	گروگان	ostajo
ostello	پانسیون	ostello
padrona di casa	میزبان؛ زن مهماندار	padrona di kaza
hostess	میزبان؛ زن مهماندار	ostess
ostile	خصمانه	ostile
ostilità	خصومت	ostilita
to be hot: avere caldo	داغ، گرم	to be ot avere kaldo
hotel	هتل	otel
albergo	هتل	albergo
to be hot: avere caldamente	باگرمی؛ به‌طور گرم	to be ot avere kaldamente
bracco	تازی؛ پاپی شدن	brakko
nucleo familiare	کوچ؛ خاندان	nukleo familiare
lavori domestici	خانه داری؛ اداره منزل	lavori domestichi
gestione	خانه داری؛ اداره منزل	jestione
massaia	کدبانو؛ سوزن دان	massaia
casalinga	کدبانو؛ سوزن دان	kazalinga
quanto	چگونه	kvanto
nonostante	با این حال	nonostante
ululato	زوزه؛ زوزهکشیدن	ululato
uggiolio	زوزه؛ زوزهکشیدن	ujolio
enorme	عظیم	enorme
Hull	تنه کشتی؛ لاشه کشتی	ul
ronzio	زرزر؛ زمزمه کردن	rontsio
canterellare	زرزر؛ زمزمه کردن	kanterellare
umano	انسان، انسانی	umano
umanitario	بشردوستانه	umanitario
umanità	انسانیت	umanita
umile	فروتن	umile
umido	نمناک؛ مرطوب	umido
umiliare	تحقیر کردن؛ حقیر کردن	umiliare
avvilente	تحقیر آمیز	avvilente
humiliazione	تحقیر؛ انفعال	umiliatsione
umiltà	افتادگی؛ تواضع	umilta
humour	لطیفه؛ خلط	umour
umorismo	لطیفه؛ خلط	umorizmo
umorista	لطیفهگو؛ فکاهی نویس	umorista
esilarante	ظریف؛ فکاهی	ezilarante
divertentemente	بشوخی	divertentemente
paturnie	قوز؛ کوهان	paturnye
gobba	قوز؛ کوهان	gobba
gobbo	گوژپشت؛ قوز پشت	gobbo
cento	صد	chento
100a )	صدم؛ یک صدم	chento a
centesimo (abbreviations 100o	صدم؛ یک صدم	chentezimo abbrevyations chento o
ben dotato	آویخته	ben dotato
ungherese	مجار؛ مجاری	ungereze
Ungheria	مجارستان؛ هونگاری	ungeria
fame	گرسنگی	fame
avere fame	گرسنگی	avere fame
affamato	گرسنه	affamato
spedizione di caccia	شکار؛ نخجیر	speditsione di kacha
cacciatore	شکارچی؛ صیاد	kachatore
cane da caccia	شکارچی؛ صیاد	kane da kacha
lancio	پرتاب	lancho
hurling	پرتاب	urling
urrà	هورا؛ مرحبا	urra
evviva	هورا؛ مرحبا	evviva
uragano	توفان؛ تندباد	uragano
frettolosamente	سراسیمه؛ عجولانه	frettolozamente
fretta	عجله؛ شتابزدگی	fretta
dolere	آسیب زدن، آسیب‌دیده	dolere
fare male	آسیب زدن، آسیب‌دیده	fare male
marito	شوهر	marito
dosare	شوهر	dozare
silenzio	مخفی نگاهداشتن	silentsio
zittire	مخفی نگاهداشتن	dzittire
Idra	مار آبی	idra
Idra di Lerna	مار آبی	idra di lerna
idrato	هیدارت	idrato
idratare	هیدارت	idratare
hydraulico	هیدرولیک	idrauliko
idrogeno	هیدروژن	idrojeno
inno	سرودروحانی؛ سرود خواندن	inno
hypersensitivo	خیلی حساس	ipersensitivo
ipocondria	مراق	ipokondria
ipocrisia	زرق؛ نفاق	ipokrizia
ipocrita	ریاکار؛ سالوس	ipokrita
hypodermico	زیرپوستی؛ تحت الجلدی	ipodermiko
ipotesi	فرضیه	ipotezi
ipotetico	فرضی؛ نهشتی	ipotetiko
ghiaccio	یخ	gyacho
icona	نماد	ikona
Es	شناسنامه	es
identificativo	شناسنامه	identifikativo
idea	ایده	idea
ideale	ایده‌آل	ideale
identico	یکسان	identiko
monovulari	یکسان	monovulari
identificazione	شناسایی	identifikatsione
identificare	شناسایی کردن	identifikare
identità	هویت؛ مشابهت	identita
ideologico	ایدئولوژیک	ideolojiko
ideologia	ایدئولوژی	ideolojia
idiozia	ابلهی؛ سبک مغزی	idiotsia
fissazione	طبیعت ویژه؛ خصوصیات اخلاقی	fissatsione
ridicolo	ابلهانه	ridikolo
ozioso	تنبل؛ عاطل	otsiozo
inattivo	تنبل؛ عاطل	inattivo
ozio	تنبلی؛ بیکاری	otsio
oziosità	تنبلی؛ بیکاری	otsiozita
sfaccendato	بیکاره؛ چرخ دلاله	sfachendato
perdigiorno	بیکاره؛ چرخ دلاله	perdijorno
Idolatria	بت پرستی	idolatria
se	اگر	se
ignobile	ناکس؛ نا اصل	inyobile
ignominioso	ننگ آور	inyominiozo
ignoranza	نادانی	inyorantsa
ignorante	نادان؛ جاهل	inyorante
illegale	خلاف؛ حرام	illegale
illegittimo	نامشروع؛ غیر مشروع	illejittimo
illecito	نا مشروع؛ مخالف مقررات	illechito
Illinois	ایلینوی	illinois
analfabetismo	نادانی؛ بیسوادی	analfabetizmo
illetterato	نادان؛ عامی	illetterato
illetterata	نادان؛ عامی	illetterata
malattia	بیماری	malattia
illuminazione	تنویر؛ تذهیب	illuminatsione
illusione	توهم	illuzione
illusorio	غیر واقعی	illuzorio
illustrare	مصور کردن؛ بامثال روشنساختن	illustrare
illustrazione	تصویرسازی؛ تصویر؛ مثال	illustratsione
immagine	تصویر	immajine
immagini	تصاویر ذهنی	immajini
linguaggio figurato	تصاویر ذهنی	lingvajo figurato
pensare	خیال؛ تصور	pensare
imaginativo	متخیله؛ متخیل	imajinativo
tarato	سبک مغز؛ کند ذهن	tarato
imitazione	ادا؛ تقلید	imitatsione
immaturo	غیربالغ؛ نارسیده	immaturo
immeasurabile	بی اندازه؛ بی قیاس	immeazurabile
stretto	فوری؛ عاجل	stretto
immenso	عظیم	immenso
immersione	غوطهوری	immersione
immigrante	کوچ نشین	immigrante
immigrazione	مهاجرت	immigratsione
imminenza	مشرف بودن	imminentsa
immobile	غیر متحرک؛ جنبش ناپذیر	immobile
immobilità	سکون؛ بی جنبشی	immobilita
immorale	بدسیرت؛ بی سیرت	immorale
immortalità	جاودانی؛ مرگ ناپذیری	immortalita
immune	مصون	immune
immunològico	مصون	immunolojiko
immunità	ایمنی؛ مصونیت	immunita
demonietto	مرد جوان	demonyetto
diavoletto	مرد جوان	dyavoletto
impatto	تماس؛ اثابت	impatto
indebolimento	خرابی	indebolimento
impartire	بهرهمند ساختن	impartire
impartiale	بی غرض؛ حق گو	impartyale
impartialità	بی نظری	impartyalita
imparzialmente	بیطرفانه؛ بیغرضانه	impartsyalmente
impassabile	بی گدار؛ نا گذرا	impassabile
impassibile	پوست کلفت	impassibile
impazienza	ناصبور؛ ناصبوری	impatsyentsa
impatiente	عجول؛ ناصبور	impatiente
impeachmento	استیضاح؛ اعلام جرم	impichmento
impedimento	رادع	impedimento
spingere	مجبور ساختن؛ بر آن داشتن	spinjere
indurre	مجبور ساختن؛ بر آن داشتن	indurre
impenetrabile	سوراخ نشدنی؛ نفوذ ناپذیر	impenetrabile
imperativo	امری	imperativo
necessaria	امری	nechessaria
imperceptibile	نفهمیدنی؛ نامحسوس	impercheptibile
Imperial	سلطنتی؛ همایون	imperial
imperialismo	امپریالیسم؛ استعمار طلبی	imperializmo
imperialistico	استعمار گرای؛ بهره جویانه	imperialistiko
altezzoso	اماره	altetsozo
impersonale	غیرشخصی؛ بی فاعل	impersonale
impersonare	جعل هویت کردن	impersonare
impulso	نیروی جنبش	impulso
impioso	بدآئین؛ بی دین	impiozo
implantazione	جایگیری	implantatsione
impiantato	مرکوز	impyantato
implementare	اجرا کردن	implementare
attuazione	پیاده‌سازی	attuatsione
implementazione	پیاده‌سازی	implementatsione
implicazione	پیامد	implikatsione
implicito	ضمنی؛ تلویحی	implichito
implicitamente	ضمنا؛ تلویحاً	implichitamente
pregare	التماس کردنبه؛ استغاثه کردناز	pregare
scortese	پررو؛ بی ادب	skorteze
importanza	اعتبار؛ اهمیت	importantsa
importante	مهم	importante
infliggere	وارد کردن؛ تکلیف کردن	inflijere
impossibilità	کار نشدنی؛ عدم امکان	impossibilita
impossibile	غیر ممکن	impossibile
insopportabile	غیر ممکن	insopportabile
impostore	عیار؛ طرار	impostore
impotenza	عنن؛ ضعف جنسی	impotentsa
impotente	عنین؛ اکار	impotente
impoverito	فقیرنشین	impoverito
impracticabile	غیر عملی	impraktikabile
impressionare	تأثیر کردن؛ در ذهن جاگیر کردن	impressionare
requisire	تأثیر کردن؛ در ذهن جاگیر کردن	rekvizire
impronta	طبع؛ تأثیر	impronta
impressionante	برانگیزنده احساسات	impressionante
incarcerare	زندانی کردن	inkarcherare
imprigionare	زندانی کردن	imprijonare
improbabile	بعید؛ مستبعد	improbabile
improprio	ناشایسته؛ ناسره	improprio
scorrettezza	ناشایستگی؛ زیبندهنبودن	skorrettetsa
improprietà	ناشایستگی؛ زیبندهنبودن	improprieta
migliorare	بهبود بخشیدن	milyorare
perfezionare	بهبود بخشیدن	perfetsionare
miglioramento	ترقی؛ بهبودی	milyoramento
improvvisato	بالبداهه؛ فی البدیهه	improvvizato
imprudenza	بی تدبیری؛ بی مبالاتی	imprudentsa
imprudente	بی تدبیر	imprudente
aire	محرک آنی	aire
abbrivo	محرک آنی	abbrivo
impulsivo	بلهوس	impulsivo
impuro	ناپاک؛ ناخالص	impuro
impurità	نجاست؛ ناپاکی	impurita
dentro	در	dentro
inabilità	عدم توانایی	inabilita
inaccessibile	منیع؛ ممنوع الوصول	inachessibile
inesatto	غیردقیق	inezatto
inaczione	ناکنش؛ بی کاری	inaktsione
passivo	نادایر؛ بی جنبش	passivo
inadeguato	ناکافی	inadegvato
inadvertente	غیر عمدی	inadvertente
inavvertitamente	ندانسته	inavvertitamente
inadvisabile	از مصلحت بدور است	inadvizabile
inalienabile	بیع ناپذیر	inalienabile
inapplicabile	غیر مشمول	inapplikabile
inappropriato	نامناسب	inappropriato
inarticolato	بی بند؛ بی مفصل	inartikolato
inattenzione	غافلی؛ ناپرهیزی	inattentsione
inattentivo	بی توجه؛ بی اعتنا	inattentivo
inaudibile	نارسا؛ غیر مسموع	inaudibile
inaugurazione	افتتاحی؛ گشایشی	inauguratsione
incalcolabile	نا شمردنی	inkalkolabile
incapabile	عاجز؛ ناتوان	inkapabile
rendere incapace	ناتوان ساختن؛ ناقابل ساختن	rendere inkapache
incapacità	عدم صلاحیت	inkapachita
incarnato	متجسم؛ مجسمکردن	inkarnato
incenso	عود؛ بخور خوشبو	inchenso
olibano	عود؛ بخور خوشبو	olibano
Incentivo	مشوق	inchentivo
incessante	لاینقطع	inchessante
incessantemente	دمادم؛ علیالاتصال	inchessantemente
pollice	اینچ	polliche
muoversi poco a poco	اینچ	muoversi poko a poko
incidenza	وقوع	inchidentsa
incidentalmente	ضمنا	inchidentalmente
incidere	شکافتن؛ حجاری کردن	inchidere
incisivi	ثنایا	inchizivi
istigante	تحریص	istigante
incivilità	بی تمدنی	inchivilita
inclinazione	عطف؛ تمایل	inklinatsione
dislivello	عطف؛ تمایل	dizlivello
includuto	شامل	inkluduto
[included] concluso	شامل	inkluded konkluzo
inclusione	شمول	inkluzione
in incognito	نا شناس؛ بانام مستعار	in inkonyito
sconosciuto	نا شناس؛ بانام مستعار	skonoshuto
[always plural] introiti	دخل؛ درآمد	alvais plural introiti
incompatibile	ناسازگار؛ نا موافق	inkompatibile
incompetenza	بی کفایتی؛ بی ظرفیتی	inkompetentsa
incompetente	ناشایسته؛ نالایق	inkompetente
incompleto	ناقص؛ ناتمام	inkompleto
incomprensibile	نامفهوم؛ نفهمیدنی	inkomprensibile
inconcepibile	غیر قابل تصور	inkonchepibile
inconclusivo	غیرقاطع	inkonkluzivo
incongruoso	بی تناسب	inkongruozo
incoerenza	نا استواری؛ نا سازگاری	inkoerentsa
incostanza	عدمثبات	inkostantsa
incorporare	تلفیق کردن	inkorporare
Incorporazione	تلفیق؛ یکی شدنی	inkorporatsione
non corretto	نادرست	non korretto
incorrigibile	درست نشدنی؛ اصلاح ناپذیر	inkorrijibile
aumento	افزایش، افزایش دادن	aumento
aggravio	افزایش، افزایش دادن	aggravio
incredibile	باورنکردنی	inkredibile
incubazione	جوجه کشی؛ بر خوابش	inkubatsione
titolare	شاغل؛ مصدر کار	titolare
in carica	شاغل؛ مصدر کار	in karika
incorrere in	متحمل شدن	inkorrere in
incurabile	بیدوا؛ لاعلاج	inkurabile
indebitato	مدیون؛ بدهکار	indebitato
riconoscente	مدیون؛ بدهکار	rikonoshente
indecente	گستاخ؛ شرمآور	indechente
indecisione	بی تکلیفی؛ بی عزمی	indechizione
indeciso	غیرقاطع؛ بی همت	indechizo
infatti	واقعاً؛ در حقیقت	infatti
indefinabile	توصیف نشدنی	indefinabile
indefinito	غیرمشخص؛ نکره	indefinito
indennizzare	غرامت دادن	indennidzare
3] indennità	غرامت؛ جبران زیان	tre indennita
indipendenza	استقلال	indipendentsa
indipendente	مستقل	indipendente
indipendentemente	مستقلا؛ بالاستقلال	indipendentemente
indescribabile	وصف ناپذیر؛ توصیف ناپذیر	indeskribabile
indestructibile	زوال ناپذیر؛ نابود نشدنی	indestruktibile
indicizzare	فهرست	indichidzare
India	هند؛ هندوستان	india
indiano	هندی؛ سرخ‌پوست	indyano
indiana	هندی؛ سرخ‌پوست	indyana
Indicazione	نشانه	indikatsione
indicativo	حاکی؛ اشارهکننده	indikativo
indictmento	کیفرخواست	indiktmento
indifferenza	خونسردی؛ بی علاقگی	indifferentsa
indifferente	خونسرد؛ بی اشتیاق	indifferente
innato	بومی	innato
indigestione	رودل؛ بدهزمی	indijestione
indignato	خشمگینانه	indinyato
indignità	هتک آبرو	indinyita
indiretto	غیرمستقیم؛ ناراسته	indiretto
indirettamente	غائبانه؛ به طور غیر مستقیم	indirettamente
indiscrezione	بی خردی	indiskretsione
indispensabile	حتمی؛ صرفنظر نکردنی	indispensabile
indistinto	ناشمرده؛ ناشنوا	indistinto
individuo	فرد، فردی	individuo
distintamente	به‌طور انفرادی	distintamente
separatemente	به‌طور انفرادی	separatemente
pigro	کاهل	pigro
al chiuso	زیر سقف	al kyuzo
al chiusi	در منزل	al kyuzi
autoinduzione	القاء؛ استقراء	autoindutsione
viziare	افراط کردن	vitsyare
vizio	اغماض؛ مساهله	vitsio
indulgenza	اغماض؛ مساهله	induljentsa
industria	صنعتی؛ اهل صنعت	industria
laborioso	کوشارو؛ کار کن	laboriozo
industrioso	کوشارو؛ کار کن	industriozo
ineffettivo	بی اثر؛ بی نتیجه	ineffettivo
inefficienza	بی ظرفیتی؛ بی عرضگی	ineffichentsa
ineleggibile	شامل نشدنی	inelejibile
disequazione disuguaglianza	نابرابری	dizekvatsione dizugvalyantsa
ingiusto	غیر منصفانه	injusto
inerte	نا کار	inerte
inevitabile	اجتناب‌ناپذیر	inevitabile
inevitabilmente	ناگزیر	inevitabilmente
inesauribile	تهی نشدنی	inezauribile
inesperienza	بی تجربگی	inesperientsa
inesperto	ناشی؛ نپخته	inesperto
inestricabile	نگشودنی	inestrikabile
famigerato	بدنام	famijerato
minore	نوزاد	minore
minorenne	نوزاد	minorenne
puerile	کودکانه	puerile
infanteria	پیاده؛ پیاده نظام	infanteria
fante	پیاده؛ پیاده نظام	fante
infettare	آلوده کردن	infettare
infezione	عفونت	infetsione
inferenza	استنباط	inferentsa
inferiore	اسفل؛ فرومایه	inferiore
di basso rango	اسفل؛ فرومایه	di basso rango
inferiorità	پستی؛ مادونی	inferiorita
infinito	لایتناهی؛ نامتناهی	infinito
infinitesimale	بینهایت کوچک	infinitezimale
infinità	نامحدودی	infinita
infirmità	علیلی؛ نا توانی	infirmita
infiammabile	آتشگیر؛ شعله ور	infyammabile
infiammatorio	ورمی؛ آماسی	infyammatorio
gonfiato	هوادار؛ بادآورده	gonfyato
inflazionato	هوادار؛ بادآورده	inflatsionato
inflazione	تورم	inflatsione
afflusso	جریان بداخل	afflusso
Influenza	تأثیر؛ نفوذ	influentsa
informazioni	اطلاعات	informatsioni
info	اطلاعات	info
informare	آگاهانیدن؛ آگاه کردن	informare
colloquialmente	به‌طور غیر رسمی	kollokvyalmente
delatore	آگاهگر؛ شکل دهنده	delatore
informazione	اطلاعات	informatsione
divulgatore	نمام؛ سخنچین	divulgatore
informatore	نمام؛ سخنچین	informatore
ingenioso	نکته دان؛ نکته پرداز	injeniozo
ingegno	دهاء	injenyyo
ingerire	درهیختن؛ داخل معده کردن	injerire
ingestione	درهنج؛ فرو بری	injestione
ingraziarsi	خود شیرینی کردن	ingratsyarsi
ingrediente	جزء؛ جزء ترکیبی	ingrediente
ispirare	استنشاق کردن؛ استشمام کردن	ispirare
inherente	ذاتی	inerente
intrinsecamente	ذاتاً؛ به‌طور ذاتی	intrinsekamente
ereditare	به ارث بردن	ereditare
ereditarietà	ارث؛ میراث	ereditarieta
sopprimere	مهار کردن	sopprimere
disumano	نامردم؛ غیر انسانی	dizumano
inumano	غیر انسانی؛ غیر بشری	inumano
inimico	دشمنانه	inimiko
iniziale	ابتدایی؛ آغازی	initsyale
inizialemente	ابتدا	initsyalemente
iniziazione	راهاندازی	initsyatsione
iniziativa	ابتکار؛ ابداع	initsyativa
iniettare	تزریق کردن	inyettare
iniezione	تزریق	inyetsione
ferire	ناقص کردن؛ مجروح کردن	ferire
ingiurioso	مضر	injuriozo
nocivo	مضر	nochivo
ferita	جراحت	ferita
ingiustizia	بی‌عدالتی	injustitsia
inchiostro	جوهر	inkiostro
inchiostrare	جوهر	inkiostrare
interno	درون کشور؛ درون مرزی	interno
nell'entroterra	درون کشور؛ درون مرزی	nellentroterra
convitto	زندانی	konvitto
detenuto	زندانی	detenuto
locanda	رباط؛ سرای	lokanda
osteria	رباط؛ سرای	osteria
più intimo	داخلی ترین	pyu intimo
locandiere	صاحب مسافرخانه	lokandiere
innocenza	برائت؛ معصومیت	innochentsa
innocente	منزه؛ روسفید	innochente
innovazione	نوآوری	innovatsione
innovativo	نوآورانه	innovativo
vaccinazione	تلقیح؛ مایه کوبی	vachinatsione
inoperabile	غیردایر؛ عملناپذیر	inoperabile
inoperativo	غیردایر؛ نادایر	inoperativo
inopportuno	نابجا؛ نابهنگام	inopportuno
interrogazione	سراغ؛ جستار	interrogatsione
inquisitivo	کنجکاو	inkvizitivo
folle	روانی؛ دیوانه	folle
follia	جنون؛ دیوانگی	follia
motto	ثبت؛ کتابت	motto
inscrizione	ثبت؛ کتابت	inskritsione
insondabile	نفوذ ناپذیر	insondabile
insetto	حشره	insetto
insicuro	غیرمحفوظ؛ ناامن	insikuro
malsicuro	غیرمحفوظ؛ ناامن	malsikuro
insensibile	غیرمحسوس؛ غیر حساس	insensibile
insensitivo	لایعقل؛ بی غیرت	insensitivo
inseparabile	لاینفک	inseparabile
inserzione	درج	insertsione
nel	داخل، درون	nel
negli	داخل، درون	nelyi
basista	خودی	bazista
iniziato	خودی	initsyato
acume	فراست؛ بصیرت	akume
intuito	فراست؛ بصیرت	intuyto
Insegna	آرم؛ نشان رسمی	insenyya
insignificanza	ناقابلی؛ ناچیزی	insinyifikantsa
insignificante	ناچیز؛ خفیف	insinyifikante
insincero	بدونصمیمیت؛ بی صداقت	insinchero
insinuante	ریشخند کننده	insinuante
insista	ابرام کردن؛ سماجت کردن	insista
insistenza	ابرام؛ سماجت	insistentsa
insistente	مصرانه؛ پافشار	insistente
sfrontatezza	جسارت؛ وقاحت	sfrontatetsa
inspiegabile	غیر محلول	inspyegabile
insolubile	غیر محلول	insolubile
insonnia	بیخوابی؛ بدخوابی	insonnia
ispezionare	بازرسی کردن	ispetsionare
ispettore	بازرس	ispettore
controllore	بازرس	kontrollore
ispirazione	الهام	ispiratsione
installare	نصب کردن؛ کار گذاشتن	installare
insediamento	نصب	insedyamento
installazione	نصب	installatsione
episodio	قسط؛ علیالحساب	epizodio
attimo	فوری	attimo
istante	فوری	istante
istantaneamente	فوراً	istantaneamente
invece	به جای	inveche
in luogo di	به جای	in luogo di
istigazione	تحریک	istigatsione
istinto	غریزه	istinto
istituto	بنداد؛ انستیتو	istituto
Istituzione	بنگاه؛ موسسه	istitutsione
istituzionale	نهادی	istitutsionale
insegnare	دستور دادن	insenyare
insegnamento	دستورالعمل	insenyamento
insegnante	مربی	insenyante
docente	مربی	dochente
strumento	ابزار، ساز	strumento
insubordinazione	نافرمانی؛ سر پیچی	insubordinatsione
insufficiente	ناکافی	insuffichente
insulare	جزیرهای؛ غیر آزاد	insulare
ristretto	جزیرهای؛ غیر آزاد	ristretto
[of heat	عایق	of eat
isolante	عایق	izolante
offesa	توهین	offeza
insulto	توهین	insulto
adontoso	موهن	adontozo
offensivo	موهن	offensivo
polizza	بیمه	politsa
Insurrezione	یاغی گری	insurretsione
intatto	دست نخورده	intatto
intangibile	لمس ناپذیر؛ درک نکردنی	intanjibile
integrale	جدایی ناپذیر	integrale
integrato	یکپارچه	integrato
integrità	صداقت، یکپارچگی	integrita
intelletto	خرد؛ عقل	intelletto
intelletti	الباب	intelletti
Intellettuale	روشنفکر؛ فکری	intellettuale
intelligenza	هوش؛ آگاهی	intellijentsa
intelligente	باهوش	intellijente
intelligibile	مفهوم؛ قابل فهم	intellijibile
intendere	بسیجیدن؛ قصد کردن	intendere
intenso	شدید	intenso
intensità	شدت	intensita
intenzione	قصد	intentsione
apposta	عمدا؛ تعمدا	apposta
tumulare	مدفون ساختن	tumulare
interagire	تعامل داشتن	interajire
interazione	تعامل	interatsione
mediare	شفاعت کردن؛ پادر میانی کردن	medyare
intercellulare	بین یاختهای؛ داخل سلولی	interchellulare
sostituire	متناوب ساختن؛ جا بجا	sostituire
rimpiazzare	متناوب ساختن؛ جا بجا	rimpyatsare
intercurrente	مداخله کننده	interkurrente
interesse finanziario	علاقه، علاقه مند کردن	interesse finantsyario
interessata	علاقه‌مند	interessata
interessato	علاقه‌مند	interessato
interessante	جالب	interessante
[all] interfaccia	رابط	al interfacha
3] interfacciamento	رابط	tre interfachamento
Interior	داخلی	interior
interlocutore	هم سخن؛ طرف صحبت	interlokutore
intermediario	مداخله کننده؛ وساطت کننده	intermedyario
intermedio	متوسط	intermedio
interminabile	پایان ناپذیر؛ تمام نشدنی	interminabile
internazionale	بین‌المللی	internatsionale
Internet	اینترنت	internet
interpretare	ترجمه کردن؛ تعبیر کردن	interpretare
interprete	مترجم؛ حلاج	interprete
interruzione	وقفه؛ ایجاد وقفه	interrutsione
intersecare	تقاطع کردن؛ از هم گذشتن	intersekare
interstatale	بین ایالتی	interstatale
interferire	مداخله کردن	interferire
intervenire	مداخله کردن	intervenire
intervento	مداخله	intervento
colloquio	مصاحبه، مصاحبه کردن	kollokvyo
intervista	مصاحبه، مصاحبه کردن	intervista
intestinale	رودهای	intestinale
intestino	روده؛ معاء	intestino
intimo	صمیمی	intimo
intimamente	صمیمانه	intimamente
intimidire	مرعوب کردن؛ ارعاب کردن	intimidire
Minaccia	ارعاب؛ ترهیب	minacha
intolerabile	تحمل ناپذیر؛ طاقت فرسا	intolerabile
intonazione	تکیه صدا	intonatsione
avvinazzato	سرمست؛ بدمست	avvinatsato
inebriante	سکرآور	inebriante
ubriachezza	مستی؛ نشئه	ubriaketsa
intractabile	ستیزه جو	intraktabile
Intrepid	صارم	intrepid
intrico	بغرنجی؛ ریزه کاری	intriko
intricato	بغرنج؛ معضل	intrikato
intrigo	دوز و کلک زدن؛ دوز و کلک چیدن	intrigo
incuriosire	دوز و کلک زدن؛ دوز و کلک چیدن	inkuriozire
intrigante	جذاب	intrigante
intrinseco	فطری	intrinseko
introduzione	مقدمه	introdutsione
fare introspezione	بخود آمدن؛ بخود برگشتن	fare introspetsione
irrompere	پادرازی کردن؛ فضولانه آمدن	irrompere
intruso	مو؛ فضول	intruzo
intrusione	دخالت؛ پادرازی	intruzione
intuizione	فراست؛ بصیرت	intuitsione
invadere	حمله کردن	invadere
invalido	علیل؛ نامعتبر	invalido
non valido	علیل؛ نامعتبر	non valido
invaluabile	پر بها؛ غیرقابل تخمین	invaluabile
invariabile	نامغیر؛ نامتغیر	invariabile
calata	حمله	kalata
invasione	حمله	invazione
invenzione	اختراع	inventsione
inventione	اختراع	inventione
inventore	موجد؛ جاعل	inventore
inventrice	موجد؛ جاعل	inventriche
inverso	معکوس؛ وارون	inverso
inversione	برگشتگی؛ تقلیب	inversione
invertito	برگشته؛ نگون	invertito
investire	سرمایه گذاری کردن	investire
investigazione	تحقیق؛ رسیدگی	investigatsione
ricercatore	بازپرس	richerkatore
ricercatrice	بازپرس	richerkatriche
investimento	سرمایه گذاری	investimento
investitore	سرمایه گذار	investitore
invincibilità	شکست ناپذیری	invinchibilita
imbattibile	شکست ناپذیر؛ مغلوب نشدنی	imbattibile
invincibile	شکست ناپذیر؛ مغلوب نشدنی	invinchibile
inviolabile	غصب نکردنی	inviolabile
inviolato	غصب نشدنی	inviolato
invisibile	نامرئی	invizibile
invito	دعوتنامه	invito
invitazione	دعوتنامه	invitatsione
invitare	دعوت کردن	invitare
invocare	احضار کردن	invokare
involuntario	بی اختیار؛ غیر عمدی	involuntario
coinvolgere	درگیر کردن	koinvoljere
invulnerabile	زخم ناپذیر؛ آسیب ناپذیر	invulnerabile
verso l'interno	داخل رونده	verso linterno
ione	یون؛ ایون	yone
iota	ایوتا	iota
briciolo	ایوتا	bricholo
Iowa	آیوا	iova
Irlanda	ایرلند	irlanda
irlandese	ایرلندی	irlandeze
gaelico	ایرلندی	gaeliko
ferro	آهن؛ اتو	ferro
ferro da stiro	آهن؛ اتو	ferro da stiro
ironico	کنایه‌آمیز	ironiko
ironicamente	کنایه‌آمیزانه	ironikamente
ironia	کنایه	ironia
irrazionale	بی منطق؛ غیر منطقی	irratsionale
irreconciliabile	جور نشدنی؛ اصلاح ناپذیر	irrekonchiliabile
irregolare	منحرف؛ یبس	irregolare
irrilevante	نامربوط	irrilevante
irreparabile	بی کفاره؛ خوب نشدنی	irreparabile
insopprimibile	منع ناپذیر؛ مطیع نشدنی	insopprimibile
irrespectivo	صرفنظر از	irrespektivo
irresponsibile	وظیفهنشناس	irresponsibile
irrevocabile	بلا عزل	irrevokabile
annaffiare	مشروب کردن؛ سیراب کردن	annaffyare
annaffiato	مشروب	annaffyato
irrigazione	آبیاری	irrigatsione
irritabilità	زودخشمی؛ زود رنجی	irritabilita
irritabile	زودخشم	irritabile
irritante	آزارنده؛ سوزش آور	irritante
irritando	رنجاننده؛ برخورنده	irritando
irritazione	سوزش؛ رنجش	irritatsione
isola	جزیره	izola
isolotto	جزیره	izolotto
isoletta	جزیره	izoletta
isolare	منزوی کردن	izolare
isolato	منزوی	izolato
isolamento	انزوا	izolamento
edizione	شماره؛ موضوع	editsione
la	آن	la
italiano	ایتالیائی	italiano
italiana	ایتالیائی	italiana
Italia	ایتالیا	italia
prurito	خارش؛ خنش	prurito
suo	مال آن	suo
se stesso	خودش	se stesso
avorio	عاجی؛ عاج	avorio
eburneo	عاجی؛ عاج	eburneo
edera	پیچک	edera
giacca	ژاکت	jakka
frastagliato	مضرس؛ دندانهدار	frastalyato
ingorgo	مربا، ترافیک	ingorgo
guaio	مربا، ترافیک	gvaio
gennaio	ژانویه	jennaio
Giappone	ژاپن	jappone
giapponese	ژاپنی	japponeze
vaso	کوزه؛ سبو	vazo
giara	کوزه؛ سبو	jara
disinvolto	خود ساز	dizinvolto
vivace	خود ساز	vivache
ganascia	فک؛ آرواره	ganasha
mandibola	فک؛ آرواره	mandibola
jazz	جاز	enjazit
gelosa	حسود؛ حسودانه	jeloza
geloso	حسود؛ حسودانه	jelozo
gelosia	رشک؛ حسادت	jelozia
jeans	شلوار جین	jins
marmellata	ژلاتین؛ لرزانک	marmellata
rischio	مخاطره؛ گرفتاری حقوقی	riskio
tic	زود کشیدن؛ تکان سریع دادن	tik
scatto	زود کشیدن؛ تکان سریع دادن	skatto
maglia	پارچه کشباف	malya
mucca di razza Jersey	پارچه کشباف	mukka di ratsa jersei
Gerusalemme	اورشلیم؛ اورشلیم مقدس	jeruzalemme
celia	شوخی کردن؛ ببازی گرفتن	chelia
arguzia	شوخی کردن؛ ببازی گرفتن	argutsia
gesuita	یسوعیون	jezuita
spruzzo	جت	sprutso
schizzo	جت	skitso
gioello	گوهر؛ جواهر	joello
bigiotteria	جواهرات	bijotteria
silver and gemstone)	جواهرات	silver and jemstone
motivetto	جرنگ؛ جلنگ	motivetto
lavoro	شغل	lavoro
truffare	سوارکار؛ چابک سوار	truffare
giocoso	شوخی آمیز	jokozo
scherzoso	شوخی آمیز	skertsozo
gioviale	شوخی آمیز	jovyale
unire	پیوستن	unire
giuntare	پیوستن	juntare
giunto	مشترک	junto
diaclasi	مشترک	dyaklazi
giuntamente	تواماً؛ مشاعا	juntamente
barzelletta	شوخی، شوخی کردن	bardzelletta
Jolt	تکان؛ تلق تلق	jolt
Jones	جونز	jons
farsi largo	تنه زدن	farsi largo
perno d'albero	مجله؛ جورنال	perno dalbero
giornalismo	روزنامه نگاری	jornalizmo
giornalista	روزنامه‌نگار	jornalista
reporter	روزنامه‌نگار	reporter
viaggio	سفر	vyajo
viaggiare	سفر	vyajare
guancia	کله ماهی	gvancha
mascella	کله ماهی	mashella
Gioia	نشاط؛ شادی	joia
giudice	قاضی؛ داور	judiche
arbitro	قاضی؛ داور	arbitro
giuizio	داوری؛ دادرسی	juitsio
giudiziale	قضایی	juditsyale
giudiziario	قضایی	juditsyario
Potere giudiziario	وابسته بدادگاه؛ قوه قضائیه	potere juditsyario
judicioso	روشن رای	judichozo
bricco	غلغلک؛ بستو	brikko
succo	آبمیوه	sukko
spremuta	آبمیوه	spremuta
luglio	جولای	lulyo
zibaldone	درهم آمیختگی	dzibaldone
accozzaglia	درهم آمیختگی	akkotsalya
salto	پریدن، پرش	salto
saltare	پریدن، پرش	saltare
jumper	جهنده؛ سیم جهشی	jumper
maglione	جهنده؛ سیم جهشی	malyone
incrocio	تقاطع	inkrocho
incrocii	مقاطع	inkrochi
giuntura	ملتقا؛ درزگاه	juntura
momento	ملتقا؛ درزگاه	momento
giugno	ژوئن	junyyo
giungla	جنگل	jungla
juniore	اصغر	yuniore
ginepro	اردج	jinepro
giurisdizione	حوزه قضایی	jurizditsione
giurisprudenza	فقه	jurisprudentsa
giuria	هیئت منصفه	juria
giustizia	داد؛ عدل	justitsia
giustificabile	توجیه پذیر	justifikabile
ragione	توجیه	rajone
giustamente	الحق؛ انصافاً	justamente
Kaiser	کایزر	kaizer
Kansas	کانزاس	kansas
Jammu e Kashmir	کشمیر	jammu e kashmir
pronto	تیز	pronto
incline	تیز	inkline
Kentucky	کنتاکی	kentukki
cucuma	کتری	kukuma
bollitore	کتری	bollitore
chiave	کلید، اصلی	kyave
essenziale	کلید، اصلی	essentsyale
buco della serratura	سوراخ کلید	buko della serratura
caravanserraglio	خان	karavanserralyo
calcio	لگد؛ باپازدن	kalcho
piedata	لگد؛ باپازدن	pyedata
capretto	بچه	kapretto
sequestrare	ربودن	sekvestrare
sequestro	آدمربایی؛ آدم ربا	sekvestro
rognone	کلیه	ronyone
rene	کلیه	rene
ammazzare	کشتن	ammatsare
chilometro	کیلومتر	kilometro
eccitare	افروختن؛ گیراندن	echitare
gentilmente	مرحمتا	jentilmente
volete	مرحمتا	volete
cinetico	جنبشی؛ وابسته بحرکت	chinetiko
re	پادشاه	re
fare dama	پادشاه	fare dama
reame	پادشاهی	reame
regno	پادشاهی	renyyo
remente	خسروانه؛ ملوکانه	remente
parentela	خویشاوندی؛ قوم وخویشی	parentela
bacio	ماچ؛ بوسه	bacho
baciare	ماچ؛ بوسه	bachare
corredo	کیت	korredo
cucina	آشپزخانه	kuchina
aquilone	زغن؛ خوا	akvilone
nibbio	زغن؛ خوا	nibbio
gattina	بچهگربه	gattina
gattino	بچهگربه	gattino
micio	بچهگربه	micho
micino	بچهگربه	michino
zaino	پشتواره؛ توشه دان	dzaino
ginocchio	زانو	jinokkio
coltello	چاقو	koltello
saldarsi	بافتن؛ کشبافی کردن	saldarsi
compattare	بافتن؛ کشبافی کردن	kompattare
maniglia	دستگیره	manilya
sparlare	کوبیدن، ضربه زدن	sparlare
nodo	گره؛ عقده	nodo
piovanello maggiore [red knot]	گره؛ عقده	piovanello majore red knot
nodoso	پرگره؛ گره گیر	nodozo
conoscere	دانستن	konoshere
nocca	قرحه روده	nokka
Cremlino	کرملین	kremlino
laboratorio	آزمایشگاه	laboratorio
etichetta	برچسب؛ برچسب زدن	etiketta
etichettare	برچسب؛ برچسب زدن	etikettare
progetto	کار؛ نیروی کار؛ زایمان	projetto
meandro	لابیرنت	meandro
labirinto	لابیرنت	labirinto
laccio	بند؛ توری	lacho
stringa	بند؛ توری	stringa
lacerazione	جرح	lacheratsione
carenza	عدم؛ عاری	karentsa
penuria	عدم؛ عاری	penuria
leccaculo	چاکری کردن	lekkakulo
laconico	موجز؛ مختصر گو	lakoniko
allattare	شیر مکیدن	allattare
Lattazione	ارضاع؛ ایجاد شیر	lattatsione
lactico	شیری؛ شبیه شیر	laktiko
scala	نردبان	skala
dama	خانم	dama
in ritardo	عقب مانده	in ritardo
lago	دریاچه	lago
agnello	بره؛ گوشت بره	anyello
agnella	بره؛ گوشت بره	anyella
zoppo	شل؛ لنگ	dzoppo
lamento	زاریدن؛ نوحه کردن	lamento
lamentarsi	زاریدن؛ نوحه کردن	lamentarsi
lamentabile	زار	lamentabile
laminato	متورق	laminato
lampada	لامپ	lampada
lampadina	لامپ	lampadina
lancia	نیزه؛ نشتر زدن	lancha
terreno	زمین؛ فرود آمدن	terreno
ripiano	فرود	ripyano
ballatoio	فرود	ballatoio
proprietario di casa	صاحبخانه	proprietario di kaza
Punto di riferimento	نشانه، بنای تاریخی	punto di riferimento
proprietario terriero	صاحب ملک	proprietario terriero
paesaggio	چشم انداز	paezajo
frana	ریزش خاک؛ ریزش کوه	frana
corsia	خط (جاده)	korsia
passaggio	خط (جاده)	passajo
lingua	زبان	lingva
languido	بی حال	langvido
lanolina	لانولین	lanolina
lanterna	فانوس؛ چراغ توری	lanterna
grembo	دامان	grembo
trascorrere	زوال؛ خرف شدن	traskorrere
trascorruto	ساقط	traskorruto
portàtile	لپ‌تاپ	portatile
su larga scala	گسترده	su larga skala
lòdola	غزلاغ	lodola
allodola	غزلاغ	allodola
laringico	حنجری؛ حنجرهای	larinjiko
laringale	حنجری؛ حنجرهای	laringale
laringe	حنجره	larinje
laser	لیزر	lazer
rimproverare	شلاق؛ تازیانه	rimproverare
staffile	شلاق؛ تازیانه	staffile
ultimo	آخرین؛ آخرین (صفت)؛ طول کشیدن	ultimo
tardi	دیر	tardi
di recente	اخیراً	di rechente
recentemente	اخیراً	rechentemente
latente	نهفته	latente
più tardi	بعدا؛ دیرتر	pyu tardi
più in ritardo	بعدا؛ دیرتر	pyu in ritardo
laterale	جانبی؛ جناحی	laterale
tornio	چرخ خراطی	tornio
latina	لاتین	latina
latino	لاتین	latino
latitudine	عرض	latitudine
laudano	مخلوط افیون	laudano
riso	خنده، خندیدن	rizo
risata	خنده، خندیدن	rizata
zimbello	مظحکه	dzimbello
lanciare	روانهسازی؛ روانه کردن	lanchare
allori	دهمست؛ درخت غار	allori
lava	گدازه	lava
smodato	خراج؛ مبذر	zmodato
violazione della legge	قانون شکنی	violatsione della leje
illegalità	بی قانونی	illegalita
prato	چمن	prato
causa di tribunale	دعوی حقوقی	kauza di tribunale
legale	وکیل	legale
negligente	شل؛ لمس	neglijente
trascurato	شل؛ لمس	traskurato
ovaiola	طبقه؛ لا	ovayola
strato	طبقه؛ لا	strato
impaginazione	طرح‌بندی	impajinatsione
disposizione	طرح‌بندی	dispozitsione
pigrizia	تنبلی؛ بیعاری	pigritsia
piombo	رهبری کردن	piombo
plumbeo	سربی؛ مانند سرب	plumbeo
duce	رهبر	duche
prolunga	برگ؛ برگ دادن	prolunga
foglia	برگ؛ برگ دادن	folya
fogliolina	بروشور	folyolina
dépliant	بروشور	depliant
fogliosa	برگدار؛ پر برگ	folyoza
foglioso	برگدار؛ پر برگ	folyozo
lega	گروه ورزشی	lega
trapelare	نشت، نشت کردن	trapelare
perdita	چکه؛ تراوش	perdita
sodo	وادادن؛ لخم	sodo
magro	وادادن؛ لخم	magro
imparare	یاد گرفتن	imparare
imparando	یادگیری	imparando
affittare	اجاره؛ اجاره کردن	affittare
guinzaglio	مرس؛ بند زدن	gvintsalyo
meno	کمترین	meno
minimo	کمترین	minimo
cuoio	چرم؛ چرمی کردن	kuoio
lasciare	ترک کردن	lashare
conferenza	سخنرانی، سخنرانی کردن	konferentsa
sgridare	سخنرانی، سخنرانی کردن	zgridare
conferenziere	مدرس؛ سخنران	konferentsiere
traversa	دفتر کل	traversa
registro contabile	دفتر کل	rejistro kontabile
balumina	علقه؛ زالو	balumina
mignatta	علقه؛ زالو	minyatta
sinistra	چپ، باقی مانده	sinistra
lasciato	چپ، باقی مانده	lashato
gamba	پا	gamba
giuridico	قانونی؛ مشروع	juridiko
mito	افسانه	mito
legenda	افسانه	lejenda
leggings	پاتابه	lejings
fuseaux	پاتابه	fuzeauks
legione	لژیون؛ سپاه رومی	lejone
leggi	قانون‌گذاری	leji
legislazione	قانون‌گذاری	lejizlatsione
legislativo	قانون‌گذاری	lejizlativo
legislatore	شارع؛ مقنن	lejizlatore
legislatura	قوه مقننه	lejizlatura
organo legislativo	قوه مقننه	organo lejizlativo
legittimare	مشروع	lejittimare
agio	فراغت؛ وقت کافی	ajo
svagamente	تفریحانه	zvagamente
limone	لیمو	limone
al limone	لیمو	al limone
limonata	لیموناد؛ شربت آبلیمو	limonata
prestare	قرض دادن	prestare
prestatore	وام ده	prestatore
lunghezza	درازی؛ طول	lungetsa
prolisso	طولانی	prolisso
permissivo	آسان گیر؛ ضد یبوست	permissivo
permissivamente	ارفاقا	permissivamente
lenticchia	لنز	lentikkia
lente	لنز	lente
lebbroso	جذامی	lebbrozo
lebbra	جذام؛ خوره	lebbra
lesbica	لزبین	lezbika
lesbico	لزبین	lezbiko
lezione	درس	letsione
Letargia	تهاون؛ سبات	letarjia
lettera	نامه	lettera
levità	سبک سری	levita
imporre	مالیات بندی؛ نام نویسی	imporre
lessicale	لغوی	lessikale
soggetto a	مسئول	sojetto a
mentitore	دروغگو؛ چاخان	mentitore
liberale	آزاداندیش	liberale
liberalismo	آزادمنشی؛ آزادگی	liberalizmo
liberato	آزادشده	liberato
liberatorio	آزادسازی	liberatorio
liberando	آزادسازی	liberando
liberazione	آزادی	liberatsione
liberatore	آزاد کننده؛ نجات دهنده	liberatore
2] bibliotecario	کتابدار	due bibliotekario
bibliotecario	کتابدار	bibliotekario
libreria	کتابخانه	libreria
biblioteca	کتابخانه	biblioteka
licenza	مجوز؛ پروانه دادن	lichentsa
lichene	گل سنگ	likene
leccare	لیس؛ لیسه	lekkare
coperchio	سر؛ دریچه گذاشتن	koperkio
trovarsi	دراز کشیدن	trovarsi
giacere	دراز کشیدن	jachere
tenente	ستوان	tenente
luogotenente	ستوان	luogotenente
vita	زندگی	vita
privo di vita	خشک؛ موات	privo di vita
da sempre	مادام‌العمر	da sempre
da una vita	مادام‌العمر	da una vita
stile di vita	سبک زندگی	stile di vita
durata della vita	طول عمر	durata della vita
alzare	بلند کردن، آسانسور	altsare
levare	بلند کردن، آسانسور	levare
legamento	بندیزه	legamento
luce	روشن کردن؛ سبک؛ نور، روشن	luche
alleggerire	سبک کردن؛ تنویر کردن	allejerire
saetta	صاعقه؛ آذرخش	saetta
verisimiglianza	احتمال	verizimilyantsa
verosimiglianza	احتمال	verozimilyantsa
promettente	احتمالی	promettente
piacevole	احتمالی	pyachevole
paragonato	مشبه	paragonato
ugualmente	به همین ترتیب	ugvalmente
similarmente	به همین ترتیب	similarmente
lilla	یاس شیروانی	lilla
lillà	یاس شیروانی	lilla
giglio	سوسنی؛ گلایل	jilyo
lembo bordo margine	اندام	lembo bordo marjine
arto	اندام	arto
Limbo	برزخ	limbo
calce	آهک؛ سنگ آهک	kalche
limetta	آهک؛ سنگ آهک	limetta
calcare	سنگ آهک	kalkare
restrizione	محدودیت	restritsione
limitato	محدود؛ منحصر	limitato
zoppicare	شلیدن؛ لنگیدن	dzoppikare
Lincoln	لینکلن	linkoln
linea	خط	linea
riga	خط	riga
stirpe	سویه؛ اصل ونسب	stirpe
lignaggio	سویه؛ اصل ونسب	linyajo
lineare	خطی	lineare
formazione	صف‌آرایی، ترکیب	formatsione
schieramento	صف‌آرایی، ترکیب	skyeramento
restare vivo	معطل ماندن	restare vivo
sopravvivere	معطل ماندن	sopravvivere
link	پیوند، پیوند دادن	link
linoleum	مشمع	linoleum
semi di lino	بزرک؛ برزگ	semi di lino
leone	شیر	leone
labbro	لب	labbro
beccuccio	لب	bekkucho
liquefazione	آبگونسازی	likvefatsione
liquefare	ذوب شدن	likvefare
liquida	مایع؛ ماچی	likvida
liquore	عرق؛ مشروب	likvore
Sigmatismo	شلی زبان	sigmatizmo
lista	فهرست، فهرست کردن	lista
ascoltare	گوش دادن	askoltare
dar retta	گوش دادن	dar retta
ascoltatore	شنونده	askoltatore
alfabetismo	سواد	alfabetizmo
alfabetizzazione	سواد	alfabetidzatsione
letterale	حرفی؛ لفظی	letterale
alla lettera	حرفی؛ لفظی	alla lettera
letteralmente	به معنای واقعی کلمه	letteralmente
letterario	ادبی	letterario
alfabetizzato	باسواد	alfabetidzato
colto	باسواد	kolto
letteratura	ادبیات؛ ادب وهنر	letteratura
flessuoso	لاغر اندام	flessuozo
Lituania	لیتوانی	lituania
litigazione	دعوا؛ دعوی	litigatsione
litro	لیتر	litro
rifiuti	آشغال	rifyuti
piccolo	کمی (قید)؛ کمی، کوچک	pikkolo
vivere	زندگی کردن	vivere
dal vivo	زندگی کردن	dal vivo
mantenimento	معیشت؛ عقل معاش	mantenimento
briosa	باروح؛ سبکروح	brioza
brioso	باروح؛ سبکروح	briozo
fegato	کبد	fegato
livrea	در کسوت	livrea
Liverpool	لیورپول	liverpul
furibonda	کبود شده	furibonda
furibondo	کبود شده	furibondo
un sacco m singular	بار؛ محمول	un sakko emme singular
carica	بار؛ محمول	karika
capoccia	تکه؛ ولگردی کردن	kapocha
panetto	تکه؛ ولگردی کردن	panetto
mocassino	بیکاره	mokassino
mutuo	عاریه؛ وام	mutuo
prestito	عاریه؛ وام	prestito
aborrire	منزجر بودن؛ سبب بیزاری	aborrire
atrio	لابی، لابی کردن	atrio
astice	خرچنگ	astiche
aragosta	خرچنگ	aragosta
locale	محلی	lokale
vicinato	محل خاص	vichinato
quartiere	محل خاص	kvartiere
situato	ساکن	situato
posizione	محل	pozitsione
incepparsi	قفل، قفل کردن	inchepparsi
cella	زندانکردن	chella
locomozione	نقل وانتقال	lokomotsione
locomotiva	لکوموتیو؛ نیروی محرکه	lokomotiva
locomotore	حرکتی؛ نقص تحرک	lokomotore
luogo	مکان هندسی	luogo
locus	مکان هندسی	lokus
casino	بیتوته کردن؛ ماوا دادن	kazino
maestoso	سنی؛ منیع	maestozo
tronchetto	گزارش، ثبت کردن	tronketto
tronco	گزارش، ثبت کردن	tronko
logica	منطق	lojika
logica matematica	منطق	lojika matematika
logico	منطقی	lojiko
login	قطع ارتباط	log in
logo	لوگو	logo
logotipo	لوگو	logotipo
lombata	گرد	lombata
lombo	گرد	lombo
bighellonando	پرسه زنی	bigellonando
vagabondaggio	پرسه زنی	vagabondajo
Londra	لندن	londra
di Londra	لندن	di londra
solitudine	تنهایی؛ غریبی	solitudine
solitario	غریب؛ تنها	solitario
brama	هوس؛ میل وافر	brama
voglia	هوس؛ میل وافر	volya
longitudinale	طولی	lonjitudinale
di lunga data	دیرینه	di lunga data
di lunga durata	طولانی‌مدت	di lunga durata
osservatorio	چشم انداز	osservatorio
incombere	در افق پدیدار شدن	inkombere
telaio	در افق پدیدار شدن	telaio
giro della morte	حلقه	jiro della morte
cerchio della morte	حلقه	cherkio della morte
cavillo	مزغل ساختن؛ سوراخ سنگر	kavillo
scappatoia	مزغل ساختن؛ سوراخ سنگر	skappatoia
sciolto	گشاد؛ شل	sholto
sfuso	گشاد؛ شل	sfuzo
maltolto	غارت کردن	maltolto
procedere a lunghi salti	وخیز درآوردن	prochedere a lungi salti
signore	ارباب؛ خداوند	sinyore
castellano	ارباب؛ خداوند	kastellano
Il Signore	اربابی؛ سیادت	il sinyore
tradizione	فرهنگ نژادی؛ وروایات قومی	traditsione
fassamano	عینک پنسی	fassamano
occhialino	عینک پنسی	okkyalino
camion	کامیون	kamion
perso	گمشده	perso
insieme	مقدار زیادی	insieme
lozione	کرم؛ لوسیون	lotsione
lotteria	قرعه کشی	lotteria
rumoroso	بلند (صدا)	rumorozo
a voce alta	با صدای بلند	a voche alta
veranda	اطاق استراحت؛ سالن استراحت	veranda
piano-bar	اطاق استراحت؛ سالن استراحت	pyanobar
pidocchio	شپش؛ جو جو	pidokkio
zotico	الدنگ؛ سرفرود آوردن	dzotiko
tenero	دوست داشتنی	tenero
amorevolmente	مشتاقانه	amorevolmente
basso	پایین	basso
leale	وفادار	leale
rombo	لوزی؛ شکل لوزی	rombo
losanga	لوزی؛ شکل لوزی	lozanga
lubrificante	روغن؛ چرب کننده	lubrifikante
fortuna	شانس	fortuna
fortunata	خوش شانس	fortunata
lucrativo	پرمنفعت	lukrativo
bagaglio	توشه؛ بنه	bagalyo
lombare	مهره کمر؛ ناحیه کمر	lombare
legname	الوار؛ تیر بریده	lenyame
zolla	غلنبه؛ قلنبه کردن	dzolla
forfait	غلنبه؛ قلنبه کردن	forfait
pazzi	مجانین	patsi
seconda colazione	ناهار	sekonda kolatsione
polmone	ریه؛ جگر سفید	polmone
sedurre	اغوا کردن؛ گول زنک	sedurre
sensazionale	شعله تیره؛ شعله دودنما	sensatsionale
lussuria	شهوت؛ شهوانیت	lussuria
libido	شهوت؛ شهوانیت	libido
lustro	تجلی؛ درخشش	lustro
vigoroso	مغلم؛ شهوت انگیز	vigorozo
lussurioso	مغلم؛ شهوت انگیز	lussuriozo
lusso	پرپشت؛ پربرکت	lusso
lussuoso	مجلل؛ تجملی	lussuozo
mentendo	دروغگو؛ کذاب	mentendo
sdraiato	دروغگو؛ کذاب	zdrayato
lympha	لنف	limfa
linfatico	بلغمی؛ لنفاوی	linfatiko
Lynch	مثله کردن	link
lyrico	متن ترانه	liriko
macchinario	ماشین‌آلات	makkinario
impermeabile	پارچه بارانی	impermeabile
matto	شوریده؛ دیوانه وار	matto
mademoiselle	دوشیزه؛ مادموازل	mademoizelle
signorina	دوشیزه؛ مادموازل	sinyorina
follemente	دیوانه وار	follemente
pazzia	شوریدگی؛ شیدائی	patsia
Madrid	مادرید	madrid
caricatore	مجله	karikatore
rivista	مجله	rivista
magia	طلسم؛ سحر	majia
magico	طلسم؛ سحر	majiko
[1] maga	مغ؛ ساحر	uno maga
magistrato	قاضی	majistrato
magnesio	تباشیر؛ منیری	manyezio
magnete	مغناطیس؛ مقناطیس	manyete
calamita	مغناطیس؛ مقناطیس	kalamita
magnetico	مغناطیسی	manyetiko
magnetica	مغناطیسی	manyetika
ingrandente	درشت نمایی	ingrandente
magnitudine	بزرگی	manyitudine
magnitudo	بزرگی	manyitudo
magnolia	ماگنولیا	manyolia
cameriera	خادمه؛ ندیمه	kameriera
ragazza	دختر باکره	ragatsa
pulzella	دختر باکره	pultsella
cotta	پست، پست کردن	kotta
mutilare	چلاق کردن؛ نقص عضو	mutilare
Meno	اصلی	meno
corrente principale	جریان اصلی	korrente princhipale
mantenere	نگهداری کردن	mantenere
manutenzione	نگهداری	manutentsione
Majestic	شاهانه؛ باعظمت	mayestik
maestà	جبروت؛ حضرت	maesta
maggiore	اصلی، عمده	majore
maggiorenne	اصلی، عمده	majorenne
maggiore età	غالب؛ اکثریت	majore eta
maggioranza	غالب؛ اکثریت	majorantsa
Onnipotente	سازنده؛ صنیع	onnipotente
Signore	سازنده؛ صنیع	sinyore
fando	ساخت	fando
collana di preghiera	مالا	kollana di pregiera
malaria	مالاریا؛ نوبه	malaria
malariale	مالاریایی؛ نوبه ای	malariale
malcontente	آماده شورش	malkontente
maschile	مرد، مردانه	maskile
malintenzionato	کج اندیش	malintentsionato
malizia	بدنهادی؛ بدذاتی	malitsia
doloso	خبیث؛ غرضآلود	dolozo
malignità	بدخیمی	malinyita
malevolo	خبیث؛ بدخیم	malevolo
mazza da croquet	کلوخ کوب	matsa da krokvet
maglio	کلوخ کوب	malyo
denutrizione	سوء تغزیه	denutritsione
malto	مالت؛ مالت زدن	malto
maltare	مالت؛ مالت زدن	maltare
mammifero	پستاندار	mammifero
mammario	پستانی	mammario
uomo	مرد	vomo
dirigere	مدیریت کردن	dirijere
maneggiare	مدیریت کردن	manejare
impresario	مدیر	imprezario
gestore	مدیر	jestore
manageriale	مدیریتی	manajeriale
Manchester	منچستر	enmanchesteit
mandato	دستور، حکم	mandato
richiesto	الزامی	rikyesto
necessario	الزامی	nechessario
mandibile	زفر	mandibile
chioma	یال	kioma
criniera	یال	kriniera
manovra	مانور؛ تمرین نظامی	manovra
manovrare	مانور؛ تمرین نظامی	manovrare
rogna	گری؛ گرداندن	ronyya
scabbia	گری؛ گرداندن	skabbia
mascolinità	مردی؛ رجولیت	maskolinita
maniaco	مجنون	maniako
manifestazione	جلوه؛ ظهور	manifestatsione
manifesto	اعلامیه؛ اشعاریه	manifesto
Manila	مانیل؛ کاغذ مانیل	manila
manipolare	دستکاری کردن	manipolare
plagiare	دستکاری کردن	plajare
manipulazione	دستکاری	manipulatsione
uomamente	مردانه؛ مردوار	vomamente
manna	گزانگبین	manna
modo	رفتار، روش	modo
maniera	رفتار، روش	maniera
manore	ملک تیولی	manore
Magione	کاخ؛ عمارت بزرگ	majone
mantelli	غواشی	mantelli
manuale	دستی؛ یدی	manuale
fabbricare	تولید کردن	fabbrikare
fabbricando	تولید	fabbrikando
letame	کود کشاورزی	letame
stallatico	کود کشاورزی	stallatiko
manoscritto	دست‌نوشته	manoskritto
molti	بسیاری	molti
mappa	نقشه	mappa
maratona	ماراتن	maratona
Maratona	ماراتن	maratona
marmo	مهره؛ مرمر	marmo
biglia	مهره؛ مرمر	bilya
cavalla	مادیان؛ اسب ماده	kavalla
margine	حاشیه	marjine
marino	دریایی	marino
marinaio	دریایی	marinaio
marittimo	وابسته بدریانوردی	marittimo
moneta di un marco	علامت، علامت گذاشتن	moneta di un marko
nota	نشانگر	nota
quota []	نشانگر	kvota
mercato	بازار	merkato
piazza commerciale	بازار	pyatsa kommerchale
marca prestigiosa	علامت مخصوص	marka prestijoza
unione	عروسی؛ ازدواج	unione
connubio	عروسی؛ ازدواج	konnubio
sposato	متاهل	spozato
coniugato	متاهل	konyugato
zucchina	مغز؛ قسمت عمده	tsukkina
midollo	مغز؛ قسمت عمده	midollo
sposarsi	ازدواج کردن	spozarsi
Mars	بهرام؛ مریخ	mars
Marte	بهرام؛ مریخ	marte
Maresciallo	مارشال؛ ارتشبد	mareshallo
Marshall	مارشال	marshal
marziale	رزمی	martsyale
Marziale	رزمی	martsyale
martire	شهید	martire
martirio	شهادت	martirio
stupirsi	شگفت داشتن؛ حیرت زده شدن	stupirsi
meravigliarsi	شگفت داشتن؛ حیرت زده شدن	meravilyarsi
masculino	مکر؛ مردانه	maskulino
maschera	ماسک	maskera
mascherina	ماسک	maskerina
muratore	بنا؛ فراماسیون	muratore
messa	توده؛ کپه کردن	messa
massaggio	مالیدن؛ ماساژ	massajo
albero	دگل	albero
alberare	دگل	alberare
comandante	استاد؛ ارباب؛ مسلط شدن	komandante
capolavoro	شاهکار؛ شیرین کاری	kapolavoro
padronanza	سیادت؛ تبحر	padronantsa
materassino	حصیر؛ زیر گلدانی	materassino
stoino	حصیر؛ زیر گلدانی	stoino
sensale matrimoniale	دلاله؛ دلال ازدواج	sensale matrimonyale
materiale	ماده، جنس	materiale
materno	مادرانه؛ مادروار	materno
matematico	ریاضی	matematiko
matematica	ریاضی دان	matematika
mate	ریاضیات	mate
matrice	ماتریس	matriche
matrona	بیبی؛ سرپرستار	matrona
direttrice	بیبی؛ سرپرستار	direttriche
opaco	فلز شناسی	opako
materia	موضوع، اهمیت داشتن	materia
materasso	تشک؛ دوشک	materasso
maturo	بالغ	maturo
maturare	بالغ	maturare
maturità	سر رسید	maturita
sdolcinato	کسل کننده	zdolchinato
mascella superiore	فک	mashella superiore
maxillario	فکی؛ آروارهای	maksillario
massima	گفته؛ گفته اخلاقی	massima
principio	گفته؛ گفته اخلاقی	princhipio
massimizzare	به حداکثر رساندن	massimidzare
massimo	بیشینه؛ حد اکثر	massimo
maggio	می؛ ممکن است (فعل کمکی)	majo
forse	شاید	forse
può essere	شاید	puo essere
maionese	مایونز	mayoneze
sindaco	شهردار	sindako
primo cittadino	شهردار	primo chittadino
emphatic] me	من (مفعول)	emfatik me
mangìme	وعده غذایی	manjime
pasto	وعده غذایی	pasto
significare	معنی دادن، منظور داشتن	sinyifikare
significato	معنی	sinyifikato
senza senso	بیمعنا؛ بی معنی	sentsa senso
grettezza	پستی؛ خست	grettetsa
meschinità	پستی؛ خست	meskinita
frattempo	در ضمن	frattempo
intanto	ضمنا؛ درضمن	intanto
nel frattempo	ضمنا؛ درضمن	nel frattempo
morbillo	سرخجه؛ سرخچه	morbillo
misurazione	پیمایش پذیر	mizuratsione
polpa	گوشت	polpa
meccanico	مکانیک	mekkaniko
meccanica	مکانیک	mekkanika
meccanismo	مکانیزم	mekkanizmo
medicina	مسحور	medichina
medaglia	مدال	medalya
immischiarsi	فضولی کردن	immiskyarsi
mezzi di comunicazione	رسانه	medzi di komunikatsione
mediano	مادی	medyano
mediazione	وساطت؛ شفاعت	medyatsione
mediatore	میانجی	medyatore
medievale	قرون وسطایی	medyevale
meditazione	مراقبه	meditatsione
mediterraneo	مدیترانه؛ دریای مدیترانه	mediterraneo
mezzo	متوسط؛ رسانه	medzo
medium	متوسط؛ رسانه	medyum
rassegnato	افتاده؛ فقیرانه	rassenyato
riunione	جلسه	riunione
melodia	بانوا؛ ملیح	melodia
melone	خربزه؛ خربوزه	melone
meloni	خربزه؛ خربوزه	meloni
fondere	گداختن؛ آب کردن	fondere
sciogliere	گداختن؛ آب کردن	sholyere
membro	عضو	membro
membrana	غشاء؛ شامه	membrana
membranoso	غشادار	membranozo
promemoria	یادداشت	promemoria
Memorie	خاطرات	memorie
memorabile	به یاد ماندنی	memorabile
memorandum	تذکاریه؛ شرکت نامه	memorandum
memoria	یادبود	memoria
minaccia	چشم زهره گرفتن؛ چشم زهره رفتن	minacha
rammendare	بندزدن	rammendare
riparare	بندزدن	riparare
meningite	مننژیت	meninjite
amatto	روانی؛ فکری	amatto
mentalità	طرز فکر؛ قوه ذهنی	mentalita
mentalmente	فکرا	mentalmente
menzionare	اشاره کردن	mentsionare
mentore	مربی	mentore
merce	متاع؛ مبیع	merche
mercante	بازرگان	merkante
commerciante	بازرگان	kommerchante
misericordiosa	رحیم؛ بخشنده	mizerikordioza
misericordioso	رحیم؛ بخشنده	mizerikordiozo
lunatico	جیوه دار	lunatiko
mutevole	جیوه دار	mutevole
mercurio	جیوه؛ سیماب	merkurio
Mercurio	جیوه؛ سیماب	merkurio
misericordia	رحمت	mizerikordia
semplice	صرفاً	sempliche
mero	صرفاً	mero
soltanto	صرفاً	soltanto
meramente	صرفاً	meramente
fondersi	ادغام کردن	fondersi
unirsi	ادغام کردن	unirsi
meridiana	درجه کمال؛ مدار نصف النهار	meridyana
merito	شایستگی	merito
Mesopotamia	بین النهرین	mezopotamia
messaggio	پیام	messajo
tema	پیام	tema
messaggero	فرستاده؛ رسول	messajero
ricambio	متابولیزم؛ سوخت و ساز	rikambio
metabolismo	متابولیزم؛ سوخت و ساز	metabolizmo
metallo	فلز	metallo
metallico	روئین	metalliko
metamorfosi	دگردیسی؛ مسخ	metamorfozi
metafora	استعاره	metafora
metaforicamente	بر سبیل استعاره	metaforikamente
metafisico	علوم معقول؛ ماوراء الطبیعی	metafiziko
Metafisica	ماوراءالطبیعه؛ ماوراء طبیعت	metafizika
metastasi	هجوم مرض	metastazi
metodo	روش	metodo
metodologia	روش‌شناسی	metodolojia
metro	متر	metro
metropolitano	مطران؛ مطرانی	metropolitano
messicano	مکزیکی	messikano
Messico	مکزیک؛ مکزیکو	messiko
Michigan	میشیگان	mikigan
micro	میکرو؛ میلیونیم	mikro
microfono	میکروفن	mikrofono
microscopio	ریزبین؛ میکروسکپ	mikroskopio
mezzogiorno	نیمروز	medzojorno
mediocre	جمله مشترک	mediokre
mezzanotte	نیمه‌شب	medzanotte
levatrice	ماما؛ ماماچه	levatriche
ostetrica	ماما؛ ماماچه	ostetrika
potente	توانا؛ اقویا	potente
possente	توانا؛ اقویا	possente
migrare	کوچیدن؛ کوچ دادن	migrare
migratorio	مهاجرت کننده	migratorio
lieve	نرم؛ ملایم	lieve
lene	نرم؛ ملایم	lene
miglio	مایل	milyo
militare	نظامی	militare
milizia	شبه‌نظامیان	militsia
latte	شیر	latte
mungere	شیر	munjere
latteo	شیری؛ شیردار	latteo
lattiginoso	شیری؛ شیردار	lattijinozo
mulino	آسیاب	mulino
millennio	هزاره؛ هزارمین سال	millennio
mugnaio	آسیابان؛ میلر	munyaio
mulinaro	آسیابان؛ میلر	mulinaro
milione	میلیون	milione
milionario	میلیونر	milionario
imitando	ادا و اطوار	imitando
minuto	مین	minuto
mente	ذهن، اهمیت دادن	mente
mina	مال من	mina
miniera	مال من	miniera
minatore	معدنچی	minatore
minerale	معدنی	minerale
acqua minerale	معدنی	akkva minerale
rigirare	در آمیختن	rijirare
mescolare	در آمیختن	meskolare
minimizzare	به حداقل رساندن	minimidzare
pastore	وزیر	pastore
ministeriale	اداری؛ وزارتی	ministeriale
ministero	وزارتخانه	ministero
menta	نعناع	menta
zecca	نعناع	dzekka
negativa	منها	negativa
miracolo	معجزه	mirakolo
miracoloso	معجزه آمیز؛ معجزه آسا	mirakolozo
specchio	آینه	spekkio
bravata	شیطانی؛ شیطنت	bravata
casinista	شریر؛ مفسد	kazinista
piantagrane	شریر؛ مفسد	pyantagrane
cattiva condotta	بدرفتاری؛ سوء رفتار	kattiva kondotta
povero	بدبخت	povero
miseria	بدبختی	mizeria
disgrazia	بلا؛ بدبختی	dizgratsia
malasorte	بلا؛ بدبختی	malazorte
prendere in giro	منحرف کردن؛ گمراه کردن	prendere in jiro
fuorviante	گمراه‌کننده	fuorviante
fuorviato	گمراه؛ ضال	fuorviato
fuori posto	جابجا شده	fuori posto
malgoverno	سوء اداره	malgoverno
missile	موشک	missile
mancante	گمشده	mankante
missionario	مبلغ	missionario
scritto male	مصحف	skritto male
bruma	غبار	bruma
sbagliato	مشتبه؛ اشتباهی	zbalyato
padrona	معشوقه؛ کدبانو	padrona
dominatrice	معشوقه؛ کدبانو	dominatriche
equivocare	بد شناختن؛ بد فهمیدن	ekvivokare
fraintendere	بد شناختن؛ بد فهمیدن	fraintendere
fraintendimento	سوءتفاهم؛ سو تفاهم	fraintendimento
mixare	آمیختن؛ آغشتن	miksare
mistura	آمیزه؛ آمیختگی	mistura
gemere	لابه کردن؛ زاری کردن	jemere
branco	اوباش	branko
mobile	متحرک، موبایل	mobile
mobilità	تحرک	mobilita
movimento	تحرک	movimento
mobilitare	بسیج کردن	mobilitare
finto	مسخره کردن؛ استهزاء کردن	finto
simulato	مسخره کردن؛ استهزاء کردن	simulato
modella	مدل	modella
modello	مدل	modello
moderato	متعادل	moderato
moderare	متعادل	moderare
moderatamente	معتدلانه	moderatamente
moderazione	اعتدال؛ تعادل	moderatsione
moderno	مدرن	moderno
esiguo	متواضع	ezigvo
modestia	شرم؛ عفت	modestia
umida	تر؛ نمناک	umida
inumidito	نمزده	inumidito
melassa	ملاس	melassa
calco	قالب؛ کپک قارچی	kalko
stampo	قالب؛ کپک قارچی	stampo
Moldavia	ملداوی	moldavia
Moldovia	ملداوی	moldovia
talpa	خال	talpa
neo	خال	neo
molecolare	مولکولی	molekolare
molecola	مولکول؛ ملکول	molekola
momentaneo	زود گذر	momentaneo
spinta	تکانه	spinta
monarca	شهریار	monarka
monarchico	سلطنت طلب	monarkiko
monarchia	سلطنت؛ شهریاری	monarkia
certosa	صومعه؛ خانقاه	chertoza
monastero	صومعه؛ خانقاه	monastero
lunedì	دوشنبه	lunedi
monetario	مالی؛ پولی	monetario
denaro	پول	denaro
soldi	پول	soldi
monitorare	مبصر؛ تحت نظر گرفتن	monitorare
supervisionare	مبصر؛ تحت نظر گرفتن	supervizionare
monitoraggio	گوشیاری	monitorajo
frate	راهب	frate
monaco	راهب	monako
scimmia	میمون	shimmia
monogramma	امضای هنری	monogramma
Monografia	ویژه نگاشت	monografia
monopoli	انحصار	monopoli
monopolio	انحصار	monopolio
monocorde	یک نواخت	monokorde
monotono	یک نواخت	monotono
monotonia	یکآهنگی؛ یکنواختی	monotonia
monsieur	مسیو	frmesyøit
mostro	هیولا	mostro
monstrosità	شرارت بسیار	monstrozita
mese	ماه	meze
mensilmente	ماهانه	mensilmente
monumento	بنای یادبود	monumento
cattivo umore	اوقات؛ حوصله	kattivo umore
umore	اوقات؛ حوصله	umore
luna	ماه	luna
satellite	ماه	satellite
chiaro di luna	مهتاب	kyaro di luna
morale	اخلاقی؛ اخلاق	morale
moralità	اخلاق	moralita
virtuosamente	اخلاقا	virtuozamente
morboso	مرضی؛ وحشت آور	morbozo
moribondo	مشرف به موت	moribondo
mattina	صبح	mattina
mattino	صبح	mattino
morfina	مرفین	morfina
boccone	لقمه؛ مضغه	bokkone
mortale	فانی؛ هلاهل	mortale
mortalità	میرش؛ مرگومیر	mortalita
malta	ساروج؛ هاون	malta
mortaio	ساروج؛ هاون	mortaio
ipoteca	رهن	ipoteka
ipotecare	رهن	ipotekare
mortificare	ریاضت دادن	mortifikare
mosaico	بهم پیوستن	mozaiko
Mosca	مسکو	moska
moschea	مسجد	moskea
muschio	خزه؛ پژه	muskio
il più	بیشتر	il pyu / la majorantsa la majorantsa della jente
la maggioranza	بیشتر	il pyu / la majorantsa la majorantsa della jente
la maggioranza della gente	بیشتر	il pyu / la majorantsa la majorantsa della jente
per lo più	بیشتر اوقات	per lo pyu
soprattutto	بیشتر اوقات	soprattutto
madre	مادر	madre
madrepatria	میهن و؛ مادر میهن	madrepatria
madremente	مادرانه؛ مادروار	madremente
motivo	موتیف؛ مایه اصلی	motivo
mozione	حرکت	motsione
motivare	انگیزه دادن	motivare
[1] motore	موتور	uno motore
[2] macchina	موتور	due makkina
motociclo	موتورسیکلت	motochiklo
motorista	راننده	motorista
colare	کپک؛ قالب کردن	kolare
cumulo	پشته؛ خرپشته	kumulo
tumulo	پشته؛ خرپشته	tumulo
montare	سوار کردن؛ سوار شدن	montare
destriero	سوار کردن؛ سوار شدن	destriero
monte	کوه	monte
montagna	کوه	montanynya
montagnoso	کوهی؛ کوهستانی	montanyozo
rimpiangere	ماتمگرفتن؛ نوحه کردن	rimpyanjere
essere lutto	ماتمگرفتن؛ نوحه کردن	essere lutto
lamentoso	عزادار؛ سوگوار	lamentozo
mouse	موش	maus
topo	موش	topo
imbócco	دهان	imbokko
imboccatùra	دهان	imbokkatura
imboccatura	سرنی	imbokkatura
portavoce	سرنی	portavoche
muovere	متحرک	muovere
trasferirsi	متحرک	trasferirsi
Sig	آقا؛ عنوان خطاب مردان	sig
Sig.ra	خانم	sig errea
molto	زیاد	molto
mucoso	مخاطی	mukozo
muco	بلغم؛ خلط	muko
fango	گل؛ طین	fango
fangoso	گلی؛ گلزار	fangozo
mulo	استر	mulo
multiplo	مضاعف؛ متعدد	multiplo
numerosi	مضاعف؛ متعدد	numerozi
moltiplicazione	ضرب؛ تکثیر	moltiplikatsione
molteplicità	تعدد	molteplichita
moltiplicare	تکثیر کردن؛ ضرب زدن	moltiplikare
moltitudine	انبوه؛ گروه بسیار	moltitudine
mamma	مامان	mamma
borbottando	من من	borbottando
mummia	مومیایی	mummia
mondano	دنیوی	mondano
banale	دنیوی	banale
comunale	شهری	komunale
municipalità	شهرداری؛ بلدیه	munichipalita
delitto	قتل؛ کشتن	delitto
omicidio	قتل؛ کشتن	omichidio
mormorio	زمزمه؛ شرشر کردن	mormorio
muscolo	ماهیچه؛ عضله	muskolo
muscoloso	عضلانی؛ پرعضله	muskolozo
muscolare	عضلانی؛ پرعضله	muskolare
museo	موزه	muzeo
fungo	سماروغ	fungo
musica	موسیقی	muzika
musico	موسیقیدان	muziko
musicista	موسیقیدان	muzichista
mussola	ململ	mussola
mosto	باید (فعل کمکی)	mosto
baffi	سبیل	baffi
senape	خردل؛ درخت خردل	senape
ammuffito	بوی ناگرفته	ammuffito
muto	جهش	muto
sordina	جهش	sordina
biascicare	ورور کردن؛ من من	byashikare
vicendevole	متقابل	vichendevole
vicendevolmente	متقابلا؛ مانعهالجمع	vichendevolmente
museruola	پوزه؛ پوزبند	muzeruola
mordacchia	پوزه؛ پوزبند	mordakkia
mio	مال من	mio
mi	خودم	mi
me stessa	خودم	me stessa
misteriosamente	به‌طور اسرارآمیز	misteriozamente
giallo	رمز؛ راز	jallo
mistero	رمز؛ راز	mistero
mitologia	اسطوره شناسی؛ علم اساطیر	mitolojia
sodio	جنب؛ سینمایی	sodio
assillare	نق زدن؛ نق نقو	assillare
unghia	میخ؛ ناخن	ungia
chiodo	میخ؛ ناخن	kiodo
ingenuo	زودباور؛ ساده دل	injenuo
ingenuità	زودباوری؛ ساده دلی	injenuita
nome	نام، نامیدن	nome
cioè	یعنی	choe
omonimo	همنام؛ هم اسم	omonimo
pelucco	چرت؛ خواب کوتاه	pelukko
napoleone	چرت؛ خواب کوتاه	napoleone
salvietta	دستمال؛ سینه بند	salvietta
tovagliolo	دستمال؛ سینه بند	tovalyolo
Napoli	ناپل	napoli
narrare	نقل کردن؛ حکایت کردن	narrare
Punto di vista	نقل؛ نقالی	punto di vista
narratore	گوینده؛ راوی	narratore
narratrice	گوینده؛ راوی	narratriche
angusto	باریک	angusto
nasale	تو دماغی	nazale
nascente	درحال تولد	nashente
Nashville	نشویل	nashville
sconcio	ناخوشایند	skoncho
natale	تولدی؛ مولودی	natale
nazionale	ملی	natsionale
nazionalismo	ناسیونالیزم؛ ملت پرستی	natsionalizmo
patriota	ناسیونالیست؛ ملت دوست	patriota
nazionalità	ملیت؛ قومیت	natsionalita
in tutto il paese	سراسری	in tutto il paeze
nativo	محلی؛ بومی	nativo
naturale	طبیعی	naturale
naturalmente	طبیعتاً؛ به‌طور طبیعی	naturalmente
natura	طبیعت	natura
furbetto	بلا؛ شریر	furbetto
birichino	بلا؛ شریر	birikino
nausea	تهوع؛ آشب	nauzea
mal di mare	تهوع؛ آشب	mal di mare
navale	دریایی	navale
navigabile	قابل کشتیرانی	navigabile
nautica	ناوبری	nautika
navigazione	ناوبری	navigatsione
marina	بحریه؛ کشتی جنگی	marina
puro	مرتب	puro
ordinato	مرتب	ordinato
Nebraska	نبراسکا	nebraska
nebuloso	شبیه سحاب	nebulozo
necessariamente	لابد؛ لزوما	nechessariamente
rendere necessario	اقتضاء کردن؛ ایجاب کردن	rendere nechessario
necessità	ضرورت	nechessita
impiccare	گردن	impikkare
collana	عقد؛ طوق	kollana
girocollo	عقد؛ طوق	jirokollo
nata	نامیده شده	nata
bisogno	نیاز؛ نیاز داشتن	bizonyyo
avere bisogno	نیاز؛ نیاز داشتن	avere bizonyyo
lancetta	سوزن	lanchetta
ago	سوزن	ago
bisognoso	مستمند؛ نیازمند	bizonyozo
negativo	منفی	negativo
negligibile	قابل فراموشی	nelyijibile
negoziare	مذاکره کردن	negotsyare
negoziato	مذاکره	negotsyato
negoziazione	مذاکره	negotsyatsione
negotiatore	مذاکره کننده	negotyatore
nera	زنگی؛ سیاه پوست	nera
vicina	همسایه	vichina
nessuno	هیچ یک (از دو)	nessuno
né	هیچ یک (از دو)	ne
nervi	عصب؛ جرئت	nervi
nervoso	عصبی	nervozo
nervosismo	عصبانیت؛ عصبیت	nervozizmo
nido	لانه	nido
annidarsi	لانه	annidarsi
netto	خالص	netto
reti	شبکه	reti
Neurone	یاخته عصبی	neurone
neutro	بی‌طرف	neutro
neutrale	بی‌طرف	neutrale
neutralità	بیطرفی؛ نادرگیری	neutralita
Nevada	نوادا	nevada
mai	هرگز	may
eppure	باوجوداین؛ لهذا	eppure
tuttavia	باوجوداین؛ لهذا	tuttavia
nuovo arrivato	نورسیده؛ نوآیند	nuovo arrivato
nuovamente	به تازگی	nuovamente
novità	حداثت؛ بداعت	novita
newsletter	خبرنامه	nyuzlletter
giornale	روزنامه	jornale
newton	نیوتن	niuton
prossimo	بعدی	prossimo
vicino a	کنار	vichino a
bella	خوب، زیبا	bella
bellamente	بخوبی	bellamente
nicchia	موقعیت مناسب، طاقچه	nikkia
edicola	موقعیت مناسب، طاقچه	edikola
moneta di cinque centesimi	نیکل؛ آب نیکل دادن	moneta di chinkve chentezimi
nichel	نیکل؛ آب نیکل دادن	nikel
soprannome	کنیه؛ اسم فرعی	soprannome
soprannominare	کنیه؛ اسم فرعی	soprannominare
notte	شب	notte
notturno	شبانه؛ هر شب	notturno
di notte	شبانه؛ هر شب	di notte
incubo	کابوس؛ بختک	inkubo
brutto sogno	کابوس؛ بختک	brutto sonyyo
svelto	چابک؛ چالاک	zvelto
Nimrod	نمرود	nimrod
nove	نه	nove
diciannove	نوزده	dichannove
novanta	نود	novanta
nono nono	یک نهم؛ درنهمین درجه	nono nono
nono	یک نهم؛ درنهمین درجه	nono
pizzicare	زخمنیشگون؛ دردناک بودن	pitsikare
pizzico	زخمنیشگون؛ دردناک بودن	pitsiko
chela	فندق شکن	kela
zizza	پستانک؛ نوک پستان	dzidza
[3] ugello	پستانک؛ نوک پستان	tre ujello
nitrato	شوره	nitrato
azoto	نیتروژن؛ ازت	adzoto
non	نه، هیچ	non
[emphatically] nessuno [see usage notes]	نه، هیچ	emfatikalli nessuno see uzaje notes
nobiltà	نجابت؛ نجبا	nobilta
nobile	نجیب	nobile
nocturnale	شبانه؛ شبانگاهی	nokturnale
cenno	سر تکان دادن	chenno
appisolarsi	سر تکان دادن	appizolarsi
linfonodo	گره	linfonodo
nodulare	گره دار؛ قلنبه شده	nodulare
nodulo	قلنبه کوچک	nodulo
nomenclatura	مجموعه لغات	nomenklatura
nominale	اعتباری؛ اسمی	nominale
Candidatura	نامزدی	kandidatura
prestanome	نامزد	prestanome
noncuranza	سهل انگاری	nonkurantsa
nonconformista	نامقلد؛ ناپیرو	nonkonformista
indefinibile	وصف ناپذیر	indefinibile
nessuna	هیچ کدام	nessuna
nondimeno	با این حال	nondimeno
malgrado ciò	با این حال	malgrado cho
senza scopo di lucro	غیرانتفاعی	sentsa skopo di lukro
a vanvera	بی‌معنی	a vanvera
m	خفت کردن؛ در کمند انداختن	emme
cappio	خفت کردن؛ در کمند انداختن	kappio
norma	هنجار	norma
normale	عادی	normale
normalizzare	عادی کردن	normalidzare
generalmente	به طور عادی	jeneralmente
nordico	شمال	nordiko
settentrionale	شمال	settentrionale
nord-est	شمال شرقی؛ شمال شرق	nordest
nord	شمالا؛ قسمت شمالی	nord
settentrione	شمالا؛ قسمت شمالی	settentrione
nord-ovest	شمال غربی؛ شمال قرب	nordovest
nordoccidentale	شمال غربی؛ شمال قربی	nordochidentale
naso	بینی	nazo
fiuto	بینی	fyuto
narici	منخرین	narichi
notevole	قابل توجه	notevole
cosa importante	قابل توجه	koza importante
notevoli	عظام	notevoli
in particolare	به ویژه	in partikolare
nulla	هیچ چیز	nulla
niente	هیچ چیز	nyente
notare	اطلاع، متوجه شدن	notare
notificare	اطلاع دادن	notifikare
famigeratamente	علانیتا	famijeratamente
sostantivo	اسم	sostantivo
nutrendo	مغذی	nutrendo
nutrizione	غذا؛ تغذی	nutritsione
romanzo	رمان؛ رمان، جدید	romandzo
romanziere	رمان‌نویس	romandziere
novembre	نوامبر	novembre
novizio	جدیدالایمان؛ مبتدی	novitsio
debuttante	جدیدالایمان؛ مبتدی	debuttante
allora	الان	allora
oggidì	امروزه	ojidi
oggigiorno	امروزه	ojijorno
in nessun posto	هیچ جا	in nessun posto
malsano	مضر	malsano
nucleare	اتمی؛ هسته ای	nukleare
nucleo	هسته؛ هستک	nukleo
dando una spinta	سقلمه	dando una spinta
sollecitando	سقلمه	sollechitando
rompicoglioni	مایه رنجش	rompikolyoni
annullare	لغو کردن	annullare
intorpidita	سر؛ بیحس کردن	intorpidita
intorpidito	سر؛ بیحس کردن	intorpidito
numero	شماره؛ شماره گذاری کردن	numero
numerico	عددی؛ رقومی	numeriko
suora	راهبه؛ زن تارک دنیا	suora
monaca	راهبه؛ زن تارک دنیا	monaka
Nur	نور	nur
infermiera	پرستار	infermiera
infermiere	پرستار	infermiere
nutriente	ماده مغذی	nutriente
principe nutritivo	ماده مغذی	princhipe nutritivo
Guscio	ملخص کلام	gusho
remo	پارو	remo
oasi	واحه	oazi
giuramento	سوگند؛ یمین	juramento
bestemmia	سوگند؛ یمین	bestemmia
obbedienza	اطاعت؛ تمکین	obbedyentsa
ubbidiente	مطیع؛ چاکر	ubbidiente
obeso corpulento	تپل	obezo korpulento
obesità	چاقی	obezita
obbedire	چاکری کردن؛ فرمانبرداری کردن	obbedire
ubbidire	چاکری کردن؛ فرمانبرداری کردن	ubbidire
oggetto	شیء	ojetto
obiettare	شیء	obyettare
obiezione	اعتراض	obyetsione
odioso	ناشایسته؛ قابل اعتراض	odiozo
detestabile	ناشایسته؛ قابل اعتراض	detestabile
obiettivo	هدف؛ عینی	obyettivo
obbiettivo	هدف؛ عینی	obbyettivo
obbligo	فرض؛ التزام	obbligo
obbligare	مجبور کردن	obbligare
fare un favore	مجبور کردن	fare un favore
obbligando	منت گذار	obbligando
obliquo	مورب	oblikvo
spazzare	معدوم کردن؛ در نوشتن	spatsare
oblio	فراموشی	oblio
ignara	فراموشکار	inyara
ignaro	فراموشکار	inyaro
ripugnante	گزندآور؛ زیان بخش	ripunyante
vago	تار؛ غامض	vago
obsequioso	مزاج گو	obsekvyozo
osservare	مراقب؛ مراعات کننده	osservare
osservatore	ناظر	osservatore
ossessionare	وسواس داشتن	ossessionare
fissa	وسواس	fissa
obsoleto	مهمل؛ مهجور	obsoleto
inciampo	مانع	inchampo
ostinazione	معاندت؛ خیره سری	ostinatsione
pertinace	معاند؛ متعند	pertinache
ostruire	اشکالتراشی کردن؛ کارثکنی کردن	ostruire
obstruczione	گرفتگی؛ سده	obstruktsione
stabilirsi	اخذ کردن؛ اکتساب کردن	stabilirsi
ottenibile	قابل حصول؛ بدست آوردنی	ottenibile
ovvio	پیدا؛ آشکار	ovvio
occasione	مناسبت؛ اقتضاء	okkazione
occasionale	گاه به گاه	okkazionale
di tanto in tanto	گاهی؛ گهگاه	di tanto in tanto
ogni tanto	گاهی؛ گهگاه	onyyi tanto
tasso di occupazione	سکونت	tasso di okkupatsione
occupare	اشغال کردن	okkupare
accadere	رخ دادن	akkadere
occorrenza	وقوع	okkorrentsa
oceano	اقیانوس	ocheano
l'una	ساعت	luna
ottobre	اکتبر	ottobre
oculare	چشمی؛ باصرهای	okulare
all'incirca	فرد؛ عجیب	allinchirka
possibilità	شانس	possibilita
ode	چکامه	ode
odore	عطر؛ رایحه	odore
opera	کار عمده؛ کار حیاتی	opera
corpus	کار عمده؛ کار حیاتی	korpus
spento	خاموش، خارج از	spento
putrido	خاموش، خارج از	putrido
offendere	دلگیرکردن؛ اهانت کردن	offendere
contravventore	متخلف	kontravventore
corrigendo [young]	متخلف	korrijendo young
offensiva	رنجاننده؛ موهن	offensiva
offrire	پیشنهاد، پیشنهاد دادن	offrire
a braccio	بداهه؛ بی تهیه	a bracho
ufficiale	افسر	uffichale
ufficialemente	رسما؛ رسمانه	uffichalemente
contropartita	افست	kontropartita
discrepanza	افست	diskrepantsa
figlio	فرزندان	filyo
spesso	کثیر الوقوع	spesso
oh	اوه	o
olio	روغن	olio
oleoso	چرب؛ دهنی	oleozo
andare bene	خوب	andare bene
stare bene	خوب	stare bene
vecchio	پیر، قدیمی	vekkio
verde oliva	زیتون؛ درخت زیتون	verde oliva
oliva	زیتون؛ درخت زیتون	oliva
omleta	خاگینه	omleta
frittata	خاگینه	frittata
segno	فال؛ اوعور	senyyo
augurio	فال؛ اوعور	augurio
infausto	شوم؛ نامیمون	infausto
malaugurante	شوم؛ نامیمون	malaugurante
omissione	افتادگی؛ فروگذاری	omissione
omettere	حذف کردن؛ از قلم انداختن	omettere
onnipotenza	قدرت مطلق؛ قادر مطلق	onnipotentsa
su	بر روی	su
[not translated]	بر روی	not tranzlated
un tempo	یک بار	un tempo
una volta	یک بار	una volta
in arrivo	روی دهنده؛ جلو رونده	in arrivo
uno	یک	uno
biglietto di un dollaro	یک	bilyetto di un dollaro
sé stesso	خویش؛ خود شخص	se stesso
cipolla	پیاز	chipolla
online	آنلاین	on lain
in avanti	بجلو؛ به پیش	in avanti
opale	عینالهر؛ عین الشمس	opale
opaca	مات؛ غیر شفاف	opaka
aprire	باز، باز کردن	aprire
aperto	باز، باز کردن	aperto
apertura	دهانه؛ افتتاح؛ فرصت شغلی	apertura
sigla	دهانه؛ افتتاح؛ فرصت شغلی	sigla
apriremente	آشکارا	apriremente
operazione	عملیات؛ عمل جراحی	operatsione
funzionamento	عملیات؛ عمل جراحی	funtsionamento
operazionale	عملیاتی	operatsionale
operatore	اپراتور	operatore
parere	نظر	parere
oppio	افیون؛ تریاک	oppio
oppositore	مقاوم؛ دشمن	oppozitore
oppositrice	مقاوم؛ دشمن	oppozitriche
opportunità	فرصت	opportunita
opporre	مخالفت کردن؛ متضاد کردن	opporre
opposta	مقابل، روبرو	opposta
opposizione	مخالفت؛ طرفیت	oppozitsione
opprimere	جور کردن؛ جبر کردن	opprimere
opprimuto	مظلوم؛ مظلومیت	opprimuto
oppressione	جور؛ بیداد	oppressione
oppressori	مستبدین	oppressori
optare	انتخاب کردن	optare
ottimismo	خوشبینی	ottimizmo
ottimista	خوشبین	ottimista
opzione	گزینه	optsione
opzionale	اختیاری؛ خیاری	optsionale
volontario	اختیاری؛ خیاری	volontario
o	یا	o
od	یا	od
orale	شفاهی	orale
arancio	پرتقال، نارنجی	arancho
arancione	پرتقال، نارنجی	aranchone
orazione	خطابه	oratsione
oratore	نطاق؛ خطیب	oratore
Oratorio	شیوهسخنرانی؛ سخن پردازی	oratorio
orbe	کروی شدن	orbe
sfera	کروی شدن	sfera
orbita	مدار؛ دور گشتن	orbita
frutteto	باغ؛ درختستان	frutteto
orchestra	ارکستر	orkestra
consacrare	وضع کردن	konsakrare
ordeale	کار شاق	ordeale
attendente	نظمی؛ مصدر	attendente
ordinaria	معمولی	ordinaria
ordinario	معمولی	ordinario
organo	عضو؛ آلت	organo
organico	ارگانیک	organiko
biologico	ارگانیک	biolojiko
organismo	اندامگان؛ سازواره	organizmo
organizzazione	سازمان	organidzatsione
organizzare	سازماندهی کردن	organidzare
organizzatore	موسس؛ برگزار کننده	organidzatore
orientarsi	شرق؛ درخشندگی بسیار	orientarsi
Levante	شرق؛ درخشندگی بسیار	levante
orientamento	جهت‌گیری	orientamento
origine	ریشه؛ اصل	orijine
originale	اصلی	orijinale
originare	سرچشمه گرفتن	orijinare
dare origine	سرچشمه گرفتن	dare orijine
originatore	بنیانگذار؛ سبب ساز	orijinatore
ornamenti	زینت؛ زیور	ornamenti
ornamento	زینت؛ زیور	ornamento
orfana	یتیم؛ پدرمرده	orfana
orfano	یتیم؛ پدرمرده	orfano
Orfanotrofio	پرورشگاه؛ یتیم خانه	orfanotrofio
ortodosso	فریور؛ راشد	ortodosso
oscillazione	نوسان	oshillatsione
ossificare	استخوانی کردن؛ استخوانی شدن	ossifikare
apparente	قابل نمایش	apparente
Osteoporosi	پوکی استخوان	osteoporozi
struzzo	شتر مرغ	strutso
a parte ciò	والا؛ وگرنه	a parte cho
oncia	اونس	oncha
i nostri	مال ما	i nostri
il nostro	مال ما	il nostro
noi stessi	خودمان	noi stessi
fuori	بیرون	fuori
risultato	مآل؛ برآمد	rizultato
superando	بس پردازی	superando
esterno	بیرونی	esterno
passeggiata	گردش	passejata
fuorilegge	یاغی؛ ممنوع ساختن	fuorileje
outlivo	بیشتر دوام آوردن	outlivo
prospettiva	چشم‌انداز	prospettiva
periferico	پرت	periferiko
remoto	پرت	remoto
avamposto	پایگاه مرزی	avamposto
produzione	خروجی	produtsione
indignazione	خشم	indinyatsione
pubblica	یکجا	pubblika
periferia	حومه	periferia
schietto	رو دار؛ بی پرده	skyetto
verso l'esterno	به‌طرف خارج	verso lesterno
esterni	به‌طرف خارج	esterni
superare in peso	مهمتربودن از	superare in pezo
prevalere	مهمتربودن از	prevalere
ovale	بادامی	ovale
ovarico	تخمدانی	ovariko
ovario	تخمدان	ovario
ovaia	تخمدان	ovaia
forno	فر	forno
più di	روی، تمام شده	pyu di
al di là	روی، تمام شده	al di la
complessivo	بالاپوش؛ لباس کار	komplessivo
tuta da lavoro	بالاپوش؛ لباس کار	tuta da lavoro
fuori bordo	بدریا؛ روی کشتی	fuori bordo
cappotto	پالتو	kappotto
soprabito	پالتو	soprabito
scaduto	سر رسیده؛ موعد رسیده	skaduto
straripamento	طغیان؛ آگندن	straripamento
ridondare	طغیان؛ آگندن	ridondare
smash	بالاسری	zmash
origliare	استراق سمع کردن	orilyare
sovrapporsi	اشتراک داشتن؛ روی هم افتادن	sovrapporsi
sovrapposizione	اشتراک داشتن؛ روی هم افتادن	sovrappozitsione
sovraccarico	گرانبار؛ گران بار شدن	sovrakkariko
da un giorno all'altro	یک شبه	da un jorno allaltro
oltremare	خارج از کشور	oltremare
estero	خارج از کشور	estero
mettere in ombra	تحت الشعاع قراردادن	mettere in ombra
rovesciare	سرنگونی؛ منقرض کردن	roveshare
rovesciato	منقرض؛ مظمحل	roveshato
preludio	آغاز عمل؛ پیش درآمد	preludio
ribaltare	واژگون کردن	ribaltare
capovolgere	واژگون کردن	kapovoljere
sgominare	غرق کردن	zgominare
sgominando	طاقت فرسا	zgominando
essere debitore di	مدیون بودن؛ بدهکار بودن	essere debitore di
a causa di	مقروض	a kauza di
gufo [big]	جغد؛ بوف	gufo big
civetta [small]	جغد؛ بوف	chivetta zmal
proprio	خود، داشتن؛ داشتن	proprio
possedere	خود، داشتن؛ داشتن	possedere
proprietario	مالک	proprietario
possesso	مالکیت	possesso
bue	نره گاو	bue
bove	نره گاو	bove
Oxford	اکسفورد؛ آکسفورد	oksford
l’università di Oxford	اکسفورد؛ آکسفورد	luniversita di oksford
ossidazione	ترکیب اکسیژن	ossidatsione
ossido	اکسید	ossido
ossigeno	اکسیژن	ossijeno
ossigenato	اکسیژنه	ossijenato
ozono	اوزون	odzono
passo	شلنگ؛ خرام	passo
ciuccio	آرام کننده	chucho
ciucciotto	آرام کننده	chuchotto
pacificare	آرامش دادن	pachifikare
muta	بسته بندی کردن	muta
pacco	بسته	pakko
pacchetto	بسته	pakketto
cercine	پد	cherchine
pagaia	پارو زدن	pagaia
pagano	مشرک؛ غیر مسیحی	pagano
pagina	صفحه	pajina
minuzioso	رنجبر؛ زحمت کش	minutsiozo
scrupoloso	رنجبر؛ زحمت کش	skrupolozo
pittura [regional]	نقاشی کردن، رنگ	pittura rejonal
verniciatore	نقاش	vernichatore
pittore [house painter]	نقاش	pittore ouze painter
dipinto	نقاشی	dipinto
quadro	نقاشی	kvadro
palato	سق؛ حنک	palato
palo	رنگ‌پریده؛ کم‌رنگ	palo
tavolozza	ماله صافکاری	tavolotsa
palmo	کف دست	palmo
palpabile	قابل لمس	palpabile
paralisi	زمین گیری	paralizi
viziato	نازپرورده	vitsyato
coccolato	نازپرورده	kokkolato
pamphlettista	جزوه نویس	pamflettista
padellata	گودال آب	padellata
casseruola	گودال آب	kasseruola
Panama	پاناما	panama
crespella	نان ساجی	krespella
frittella	نان ساجی	frittella
pannello	تخته کوبی کردن	pannello
fitta	سوزش ناگهانی	fitta
panico	وحشت	paniko
panoplia	کاملا مجهز؛ سلاح کامل	panoplia
diorama	چشم انداز	diorama
veduta	چشم انداز	veduta
ansimante	له له	ansimante
dispensa	گنجه؛ دولاب	dispensa
brache	شلوار	brake
calzoni	شلوار	kaltsoni
studio	کاغذ	studio
parata	رژه	parata
sfilata	رژه	sfilata
Paradiso	رضوان؛ عدن	paradizo
paradossale	مهمل نما	paradossale
paraffina	پارافین	paraffina
paraffinare	پارافین	paraffinare
paragrafo	پاراگراف	paragrafo
paragrafare	پاراگراف	paragrafare
parallelo	موازی	parallelo
parallelamente	موازی	parallelamente
paralytico	فالج؛ افلیج	paralitiko
paralizzare	لنگ کردن؛ فلج کردن	paralidzare
parametro	پارامتر	parametro
balaustra	دیواره	balaustra
parapetto	دیواره	parapetto
Parafrasi	تاویل؛ تاویل کردن	parafrazi
paraplegia	فلج پا؛ پا فلجی	paraplejia
parassita	انگل؛ طفیلی	parassita
lotto	بسته؛ رزمه	lotto
parcella	بسته؛ رزمه	parchella
genitore	والد	jenitore
genitrice	والد	jenitriche
parentale	والدین	parentale
genitori	اولیاء؛ والدین	jenitori
parietale	جداری	parietale
Parigi	پاریس	pariji
Paride	پاریس	paride
parrocchiani	اهل محله	parrokkyani
sostare	پارک، پارک کردن	sostare
parlamento	مجلس؛ کنگره	parlamento
parola d'ordine	عفو مشروط؛ قول مردانه	parola dordine
parola chiave	عفو مشروط؛ قول مردانه	parola kyave
parquet	محل ارکسترنمایش؛ باچوب فرش کردن	parkvet
pappagallo	طوطی	pappagallo
ripetere a pappagallo	طوطی	ripetere a pappagallo
parare	دورسازی	parare
sviare	دورسازی	zviare
parte	قسمت	parte
parziale	موضعی؛ طرفدارانه	partsyale
predilezione	جانب داری	prediletsione
partecipante	حاضر؛ شریک	partechipante
che partecipa	حاضر؛ شریک	ke partechipa
participazione	مشارکت	partichipatsione
puntiglioso	خاص	puntilyozo
schizzinoso	خاص	skitsinozo
partigiano	پارتیزان	partijano
partizione	افراز؛ انقسام	partitsione
partemente	یک چند؛ دریک جزء	partemente
a tempo parziale	پاره‌وقت	a tempo partsyale
partito	مهمانی، حزب	partito
passare	رد شدن، گذراندن	passare
passeggero	مسافر	passejero
passione	شهوت؛ شور	passione
passaporto	گذرنامه	passaporto
password	رمز عبور	passvord
passato	گذشته	passato
colla	خمیر؛ چسب	kolla
strass	خمیر؛ چسب	strass
pastura	چراندن؛ چراگاه	pastura
PAT	به‌طور مناسب	pat
pezza	وصله؛ جالیز	petsa
patchwork	کارسرهم بندی؛ وصله دوزی	patkvork
lavoro a mosaico	کارسرهم بندی؛ وصله دوزی	lavoro a mozaiko
brevetto	منشور؛ امتیاز نامه	brevetto
paterno	از پدر	paterno
cammino	معبر	kammino
sentiero	معبر	sentiero
patetica	تاثرآور	patetika
patetici	تاثرآور	patetichi
pioniere	بلد راه	pioniere
patologico	پاتولوژی	patolojiko
patologo	مرض شناس؛ آسیب شناس	patologo
patologia	پاتولوژی؛ مرض شناسی	patolojia
pazienza	صبر	patsyentsa
paziente	بیمار	patsiente
pazientemente	صبورانه	patsyentemente
patriarca	شیخ؛ پدرشاه	patriarka
patriottico	وطن دوستی	patriottiko
ronda	گشت؛ گشتی	ronda
drappello	گشت؛ گشتی	drappello
patrono	مشوق	patrono
picchiettio	لهجه محلی	pikkyettio
chiacchiericcio	لهجه محلی	kyakkyericho
mettere in pausa	مکث کردن، مکث	mettere in pauza
pavimentato	سنفرش شده	pavimentato
marciapiede	فرش؛ سنگفرش	marchapyede
manto	فرش؛ سنگفرش	manto
padiglione	جایگاه؛ درکلاه فرنگی	padilyone
tendone	جایگاه؛ درکلاه فرنگی	tendone
pedina	گرو؛ گرو گذاشتن	pedina
pedone	گرو؛ گرو گذاشتن	pedone
pagare	پرداخت؛ پرداخت کردن	pagare
pagamento	اجاره؛ پرداخت	pagamento
pisello	نخود	pizello
pace	صلح	pache
placido	مسالمتآمیز؛ مسالم	plachido
placidamente	از راه مسالمت	plachidamente
2] culmine	فرق؛ قله	due kulmine
pera	گلابی؛ امرود	pera
pero	گلابی؛ امرود	pero
perla	مروارید؛ مرواریدی	perla
cafone	رعیت	kafone
contadino	رعیت	kontadino
contadinanza	رعایا؛ دهقانی	kontadinantsa
pectorale	صدری	pektorale
specialità	غرابت	spechalita
pecuniario	جریمه دار	pekunyario
pedalare	رکاب؛ پدال	pedalare
pedale	رکاب؛ پدال	pedale
pedantico	ملانقطی	pedantiko
spacciatore	دورگرد؛ دوره گرد	spachatore
Piedistallo	پایه؛ پایه مجسمه	pyedistallo
pedonale	پیاده؛ رهگذر	pedonale
sbucciato	پوست کنده	zbuchato
sbucciatura	پوست کنی	zbuchatura
desquamazione	پوست کنی	deskvamatsione
cinguettio	جیک زدن؛ نیش آفتاب	chingvettio
cinguettare	جیک زدن؛ نیش آفتاب	chingvettare
Parìa britannica	مقام اشرافی	paria britannika
piolo	میخچوبی؛ شبیه میخ	piolo
tassello	میخچوبی؛ شبیه میخ	tassello
piovere a catinelle	پوستک؛ خامسوز	piovere a katinelle
pelle	پوستک؛ خامسوز	pelle
pelvico	لگنی	pelviko
penalità	جریمه	penalita
matita	مداد	matita
in sospeso	امر معلق	in sospezo
pendolo	آونگ؛ پاندول	pendolo
penetrare	نفوذ کردن؛ رخنه کردن	penetrare
attento	ثاقب؛ نافذ	attento
penetrazione	نفوذ؛ رسوخ	penetratsione
penisola	شبه جزیره	penizola
pene	دول؛ چر	pene
penitenziario	ندامتی؛ ندامتگاه	penitentsyario
Pennsylvania	پنسیلوانیا	pennsilvania
pensione	مستمری؛ مقرری	pensione
pensieroso	گرفتار غم	pensyerozo
estraniato	گرفتار غم	estranyato
attico	ساباط؛ کبوتر خانه	attiko
persone	مردم	persone
[mild] peperone	فلفل	mild peperone
[spicy] peperoncino	فلفل	spichi peperonchino
in accordo	در هر	in akkordo
per cento	درصد	per chento
percentuale	درصد؛ سدیاچند	perchentuale
perceptibile	ادراک شدنی	percheptibile
percezione	ادراک	perchetsione
luccio	جایگاه بلند	lucho
sandra	جایگاه بلند	sandra
irrefutabile	حکمی؛ شتاب آمیز	irrefutabile
inconfutabile	حکمی؛ شتاب آمیز	inkonfutabile
perfetto	کامل	perfetto
perfezione	کمال؛ بی عیبی	perfetsione
perforato	سوراخ شده؛ خلل و فرج دار	perforato
perforazioni	مسئله؛ مسام	perforatsioni
eseguire	اجرا کردن	ezegvire
prestazione	اجرا؛ طرز کار	prestatsione
esecutore	کننده؛ مرتکب	ezekutore
profumare	عطر؛ نکهت	profumare
profumato	معطر؛ مطیب	profumato
periglio	بیم زیان	perilyo
periodo	دوره	periodo
periodica	دوری؛ تناوبی	periodika
periodico	دوری؛ تناوبی	periodiko
pubblicazione	مجله؛ نوبتی	pubblikatsione
ausiliario	جنبی؛ پیرامونی	auziliario
perire	فاسدشدن؛ هلاک شدن	perire
permanente	پایدار؛ ماندنی	permanente
permanentemente	به طور دائمی	permanentemente
permissibile	مجاز؛ روا	permissibile
autorizzare	پروانه؛ پته	autoridzare
pernicioso	نابود کننده	pernichozo
verticale	عمودی؛ ستون وار	vertikale
perpetuare	جاودانی ساختن	perpetuare
perseveranza	ابرام؛ پشتکار	perseverantsa
persico	فارسی؛ ایرانی	persiko
persiano	فارسی؛ ایرانی	persyano
persistere	پیله کردن؛ پافشاری کردن	persistere
persistentemente	مصرانه؛ مصرا	persistentemente
persona	شخص	persona
personale	شخصی	personale
personalità	شخصیت	personalita
come persona	شخصاً؛ بنفسه	kome persona
personalmente	شخصاً؛ بنفسه	personalmente
personificazione	همانند دیگری	personifikatsione
personificato	مجسم	personifikato
sudore	تعریق؛ رشحه	sudore
sudare	عرق کردن؛ عرق ریختن	sudare
persuadere	اغواکردن؛ راضی کردن	persuadere
Persuasione	ترغیب؛ متقاعد سازی	persuazione
Perù	پرو	peru
Perversione	بدراهی	perversione
peste	طاعون؛ بیماری طاعون	peste
animale domestico	حیوان خانگی	animale domestiko
Pietroburgo	پترزبورگ	pyetroburgo
Peterson	پیترسون	peterson
preghiera	عرضحال؛ دادخواست	pregiera
pietrificato	متحجر	pyetrifikato
terrorizzato	متحجر	terroridzato
petrolio	نفت؛ نفت خام	petrolio
petulanza	کج خلقی؛ زود رنجی	petulantsa
spettro	ظاهر فریبنده	spettro
irreale	طیف؛ شبه	irreale
immaginaria	طیف؛ شبه	immajinaria
faringe	حلقوم؛ گلوگاه	farinje
faccia	وجه؛ مرحله	facha
fagiano	تذرو	fajano
fenomeno	پدیده؛ حادثه	fenomeno
Filadelfia	فیلادلفیا	filadelfia
filantropico	بشردوست؛ نوعدوست	filantropiko
filantropista	بشردوست	filantropista
filantropia	بشردوستی؛ نوعپرستی	filantropia
Filippine	فیلیپین	filippine
filosofo	فیلسوف	filozofo
filosofico	فلسفی	filozofiko
filosofia	فلسفه؛ حکمت	filozofia
fenice	سمندر؛ سیمرغ	feniche
telefono	تلفن، تماس گرفتن	telefono
fono	تلفن، تماس گرفتن	fono
fosforo	فسفر	fosforo
Venere	فسفر	venere
foto	عکس	foto
fotografia	عکس	fotografia
fotografare	عکس؛ عکس گرفتن	fotografare
fotografo	عکاس؛ عکس بردار	fotografo
locuzione	عبارت	lokutsione
fisico	فیزیکی	fiziko
fisicamente	جسماً	fizikamente
dottore	پزشک؛ طبیب	dottore
fisica	فیزیک	fizika
fisiologico	تنکردی	fiziolojiko
fisiologia	علمالابدان؛ علم طبیعی	fiziolojia
pianoforte	پیانو	pyanoforte
prendere	برداشتن	prendere
picnico	پیکنیک؛ اجتماعی درخارج	pikniko
pittoresco	خوش منظره	pittoresko
torta	درهم ریختن؛ کلاغ زنگی	torta
pezzato	ابلق؛ پیسه	petsato
brano	تکه	brano
molo	جرز؛ اسکله	molo
perforare	سپوختن؛ سفتن	perforare
squarciare	سپوختن؛ سفتن	skvarchare
pietà	تدین؛ دیانت	pyeta
porco	خوک	porko
maiale	خوک	mayale
colomba	کبوتر	kolomba
colombo	کبوتر	kolombo
pigmento	رنگدانه؛ رنگیزه	pigmento
peluria	توده؛ کومه	peluria
pellegrino	حاجی؛ زوار	pellegrino
pellegrinaggio	زیارت؛ زیارت رفتن	pellegrinajo
pellegrinare	زیارت؛ زیارت رفتن	pellegrinare
pillola	قرص	pillola
pasticca	قرص	pastikka
saccheggiare	غارت؛ تاراج	sakkejare
saccheggio	غارت؛ تاراج	sakkejo
pilastro	پایه؛ ستون	pilastro
guanciale	پشتی؛ بالش	gvanchale
pilota	خلبان	pilota
brufolo	کورک؛ بثور	brufolo
pustola	کورک؛ بثور	pustola
inchiodatura	میل؛ سوزن	inkiodatura
spillo	میل؛ سوزن	spillo
acciuffare	مضیقه؛ وشگون	achuffare
pino	کاج؛ صنوبر	pino
desiderare fortemente	کاج؛ صنوبر	deziderare fortemente
ananas	آناناس	ananas
ananasso	آناناس	ananasso
garofano	صورتی	garofano
apogeo	منتهی درجه	apojeo
pionere	پیشگام؛ پیشرو	pionere
pio	خیر؛ پارسا	pio
pipe	لوله؛ چپق	pipe
tubo	لوله؛ چپق	tubo
pirata	دزد ادبی؛ دزد دریایی	pirata
pistola	پارابلوم؛ هفت تیر	pistola
Pistone	پیستون؛ میله متحرک	pistone
box	تخم؛ هسته	boks
beccheggio	زفت	bekkejo
pece	زفت	peche
brocca	تنگ؛ سبو	brokka
caraffa	تنگ؛ سبو	karaffa
forcone	دوشاخه؛ سه شاخه	forkone
sugosa	پرمغز؛ شبیه مغز	sugoza
sugoso	پرمغز؛ شبیه مغز	sugozo
patetico	قابل ترحم	patetiko
pietoso	قابل ترحم	pyetozo
spietato	بی ترحم	spyetato
Pittsburgh	پیتسبورگ	pittzburg
peccato	ترحم	pekkato
mettere	مکان	mettere
piazzamento	جایابی	pyatsamento
molestare	بلا؛ طاعون	molestare
tessuto scozzese	پارچه پیچازی	tessuto skotseze
a quadri	پارچه پیچازی	a kvadri
pianura	مسطح؛ دشت	pyanura
querelante	شاکی؛ دادخواه	kverelante
ricorrente	شاکی؛ دادخواه	rikorrente
plaintivo	شکوهآمیز؛ گله آمیز	plaintivo
treccia	گیس بافته	trecha
piega	گیس بافته	pyega
pianificare	برنامه، برنامه ریزی کردن	pyanifikare
pianeta	سیاره	pyaneta
tavolato	تخته بندی	tavolato
pianificatore	طراح	pyanifikatore
pianificazione	زمینهسازی؛ برنامه ریزی	pyanifikatsione
pianta	کاشتن؛ گیاه	pyanta
piantare	کاشتن؛ گیاه	pyantare
plasma	پلاسما	plazma
plastica	پلاستیک	plastika
malleabile	پلاستیک	malleabile
portata	بشقاب	portata
altopiano	فلات؛ زمین مسطح	altopyano
piattaforma	سکو	pyattaforma
platonico	افلاطونی	platoniko
plotone	رسد	plotone
plausibile	باورکردنی؛ قابل استماع	plauzibile
giocare	بازی کردن، نمایش	jokare
opera teatrale	بازی کردن، نمایش	opera teatrale
lettore	بازیکن	lettore
compagno/a di giochi	همبازی	kompanynyo barra a di joki
playmate	همبازی	plaimate
dichiararsi	عرضحال دادن	dikyararsi
accontentare	خوشحال کردن؛ لطفا	akkontentare
felice	خوشحال	feliche
piacendo	خوشایند؛ دلگشا	pyachendo
preferenza	کیفی؛ لذت بخش	preferentsa
avallo	سوگند؛ گرو	avallo
plenario	غیر مقید	plenario
pleurite	ذاتالجنب؛ برسام	pleurite
adattabile	قابل انعطاف؛ نرم شدنی	adattabile
arare	شخم؛ شیار کردن	arare
aratro	شخم؛ شیار کردن	aratro
arato	شیاردار؛ شخمزده	arato
Charadriinae	مرغ باران	charadriinae
spennare	پر کندن؛ ناگهان کشیدن	spennare
tappo	دوشاخه	tappo
prugna	گوجه؛ آلو	prunyya
susina	گوجه؛ آلو	suzina
piume	بال و پر	pyume
piumaggio	بال و پر	pyumajo
a piombo	عمود بودن؛ عمق پیمودن	a piombo
scandagliare	عمود بودن؛ عمق پیمودن	skandalyare
idraulico	لولهکش؛ لوله ساز	idrauliko
precipitare	گوشتالو؛ سمین	prechipitare
immergere	افت؛ شیرجه	immerjere
plurale	جمعی؛ صیغه جمع	plurale
positiva	به اضافه	pozitiva
polmonite	ذات الریه	polmonite
tasca	جیب	taska
buca	جیب	buka
borsetta	کتاب جیبی؛ جزوه دان	borsetta
portafoglio	کتاب جیبی؛ جزوه دان	portafolyo
butterato	مجدر؛ آبله دار	butterato
poema	شعر؛ چامه	poema
poesia	شعر؛ چامه	poezia
poeta	شاعر؛ غزل سرا	poeta
poetessa	شاعر؛ غزل سرا	poetessa
poetica	نظمی؛ شاعرانه	poetika
poetico	نظمی؛ شاعرانه	poetiko
toccante	نیشدار؛ گوشه دار	tokkante
puntatore	عقربک؛ عقربه	puntatore
veleno	سم؛ زهر	veleno
avvelenare	سم؛ زهر	avvelenare
avvelenamento	مسمومیت	avvelenamento
tossica	زهری؛ زهردار	tossika
poker	سیخ زن؛ سیخ بخاری	poker
attizzatoio	سیخ زن؛ سیخ بخاری	attitsatoio
pungendo	سقلمه	punjendo
curiosando	سقلمه	kuriozando
Polonia	لهستان	polonia
polo	تیر؛ قطب	polo
polemico	جدلی کردن؛ اهل جدل	polemiko
polemica	جدلی کردن؛ اهل جدل	polemika
polizia	پلیس	politsia
gendarme	پلیس (مرد)	jendarme
politica	سیاست؛ خط‌مشی	politika
levigare	مالیدن؛ له	levigare
lucidare	مالیدن؛ له	luchidare
educato	مودب	edukato
educatamente	مودبانه	edukatamente
blando	مصلحتآمیز؛ نماینده سیاسی	blando
politico	سیاسی	politiko
scrutinio	نمونه برداشتن؛ نظر خواهی کردن	skrutinio
sondaggio	نمونه برداشتن؛ نظر خواهی کردن	sondajo
polline	گرد؛ دانه گرده	polline
inquinante	آلودگی	inkvinante
sostanza inquinante	آلودگی	sostantsa inkvinante
poligamia	چندگانی؛ بس گانی	poligamia
polimero	بسپار	polimero
pompa	فر؛ غرور وتظاهر	pompa
sfarzo	فر؛ غرور وتظاهر	sfartso
pomposità	طمطراق؛ آب وتاب	pompozita
stagno	دریاچه؛ غدیر	stanynyo
pony	تاتو	poni
invaso	استخر	invazo
misero	فقیر	mizero
ospizio per poveri	دارالمساکین؛ دارالعجزه	ospitsio per poveri
miseramente	به‌طور ناچیز	mizeramente
soda	پاپ (موسیقی)، پاپ (چیزی)	soda
seltz	پاپ (موسیقی)، پاپ (چیزی)	seltts
papa	پاپ	papa
pontefice	پاپ	pontefiche
papavero	خشخاش	papavero
popolare	محبوب	popolare
popolarità	وجهه؛ محبوبیت	popolarita
popolazione	جمعیت	popolatsione
populoso	پرجمعیت؛ پرسکنه	populozo
pori	منافد	pori
poroso	متخلخل؛ رخنه دار	porozo
città portuale	پرت؛ حمایل زدن	chitta portuale
portatile	موبایل؛ قابل انتقال	portatile
portale	سر در	portale
presagio	فال بد	prezajo
buttafuori	باربر؛ حمال	buttafuori
cartella	نامه دان	kartella
porzione	قسمت	portsione
ritratto	نقاشی؛ تصویر	ritratto
ritrarre	تصویر کردن؛ ترسیم کردن	ritrarre
Portogallo	پرتقال؛ پرتغال	portogallo
portoghese	زبان پرتقالی	portogeze
porre	ژست؛ ژست گرفتن	porre
positivo	مثبت	pozitivo
positivamente	خوشبینانه؛ مثبتاً	pozitivamente
possibile	ممکن	possibile
stazionare	پست کردن، اداره پست	statsionare
francobollo	پول پست؛ ارسال پست	frankobollo
locandina	پوستر	lokandina
posteriore	پسین؛ دیرتر	posteriore
posteri	اعقاب؛ اخلاف	posteri
rimandare	معوق کردن؛ موکول کردن	rimandare
posta	دیگ؛ تیان	posta
potassa	پتاس؛ پتاس محرق	potassa
potassio	پتاسیم	potassio
patata	سیب‌زمینی	patata
potenziale	التزامی؛ پتانسیل	potentsyale
potenzialemente	به طور بالقوه	potentsyalemente
arte della ceramica	کوزهگری؛ سفالگری	arte della cheramika
ceramica	کوزهگری؛ سفالگری	cheramika
sacchetto	کیسه کوچک؛ کیف پول	sakketto
cataplasma	ضماد	kataplazma
Pollame	مرغ خانگی	pollame
balzare su	درحال خیز	baltsare su
versare	ریختن؛ پاشیدن	versare
diluviare	ریختن؛ پاشیدن	diluvyare
povertà	تنگی؛ درویشی	poverta
potentemente	مقتدرانه	potentemente
poderosamente	مقتدرانه	poderozamente
impotenti	بی نیرو؛ بی زور	impotenti
praticamente	عملا	pratikamente
pratica	تمرین	pratika
praticare	تمرین	pratikare
ripetere	تمرین کردن	ripetere
ripassare	تمرین کردن	ripassare
lode	تمجید؛ درود	lode
lodevole	هژیر؛ ستودنی	lodevole
encomiabile	هژیر؛ ستودنی	enkomyabile
ciarlare	حرف مفت زدن	charlare
pregatore	نماز؛ دعا	pregatore
prece	نماز؛ دعا	preche
pre-	بر خلاف	pre
predicare	موعظه کردن؛ وعظ کردن	predikare
predicatore	فقیه؛ روضه خوان	predikatore
predicazione	موعظه؛ روضه خوانی	predikatsione
preambolo	مقدمه؛ توضیحات	preambolo
precauzione	اقدام احتیاطی	prekautsione
cautelare	احتیاطی؛ پیشگیرانه	kautelare
precauzionale	احتیاطی؛ پیشگیرانه	prekautsionale
precedere	مقدم بودن	prechedere
precedendo	متقدم	prechedendo
prezioso	گرانبها	pretsiozo
unico	گرانبها	uniko
baratro	پرتگاه؛ سراشیبی تند	baratro
precipitato	بادست پاچگی؛ ناگهان سقوط کردن	prechipitato
preciso	دقیق	prechizo
precisamente	دقیقاً	prechizamente
precedente	ماقبل؛ سلف	prechedente
antecessore	ماقبل؛ سلف	antechessore
Predestinazione	جبر؛ فلسفه جبری	predestinatsione
predestinato	جبری	predestinato
situazione difficile	وضع خطرناک؛ وضع نامساعد	situatsione diffichile
predizione	پیشبینی؛ غیبگویی	preditsione
predominante	مستولی	predominante
prefazione	مقدمه؛ دیباجه	prefatsione
preferire	ترجیح دادن	preferire
prefisso	پیشوند	prefisso
prefissare	پیشوند	prefissare
gravidanza	باروری؛ حاملگی	gravidantsa
gravido	آبستن؛ بارور	gravido
pregna	آبستن؛ بارور	prenyya
preistorico	ماقبل تاریخ؛ ماقبل تاریخی	preistoriko
pregiudizio	تعصب؛ غرض ورزی	prejuditsio
predisposizione	تعصب؛ غرض ورزی	predispozitsione
preliminare	مقدماتی؛ بدائی	preliminare
prematuro	زودهنگام	prematuro
primario	یک نمایشنامه؛ نخست وزیر	primario
premessa	فرض قبلی؛ فرضیه مقدم	premessa
ricompensa	اعلی؛ اعلاء	rikompensa
premonizione	فکر قبلی	premonitsione
preoccupazione	گرفتاری؛ کار مقدم	preokkupatsione
ossessionato	گرفتار	ossessionato
preparazione	تهیه؛ تمهید	preparatsione
preparatoria	تدارکی	preparatoria
preparare	آماده کردن	preparare
prepararsi	آماده کردن	prepararsi
predominanza	سنگین تری	predominantsa
insensato	غیر طبیعی	insensato
prepuzio	غلفه	preputsio
privilegio	امتیاز مخصوص	privilejo
prerogativa	امتیاز مخصوص	prerogativa
ricetta	نسخه؛ تجویز	richetta
prescrizione	نسخه؛ تجویز	preskritsione
presenza	حضور؛ وجود	prezentsa
presente	ارائه دادن؛ حاضر، هدیه	prezente
regalo	ارائه دادن؛ حاضر، هدیه	regalo
presentare	ارائه دادن؛ حاضر، هدیه	prezentare
presentazione	عرضه؛ معرفی	prezentatsione
a breve	فعلا؛ الساعه	a breve
preservare	حفظ؛ حراست	prezervare
preservatore	حافظ؛ حافظه	prezervatore
capo dello stato	رئیس جمهور	kapo dello stato
presidenziale	ریاست جمهوری	prezidentsyale
pressa	پرس؛ منگنه	pressa
torchio	پرس؛ منگنه	torkio
pressione	فشار	pressione
prestigio	حیثیت؛ قدر ومنزلت	prestijo
Presunzione	فرض؛ استنباط	prezuntsione
presumptivo	فرضی	prezumptivo
fingere	وانمود کردن؛ دعوی کردن	finjere
pretensione	وانمود؛ تظاهر	pretensione
trionfare	چربیدن؛ غلبه کردن	trionfare
Prevalenza	غلبه؛ رواج	prevalentsa
prevalente	رایج؛ شایع	prevalente
Prevenzione	منع؛ جلوگیری	preventsione
previo	قبلی؛ سابقی	prevyo
anteriormente	قبلا؛ سابقا	anteriormente
in precedenza	قبلا؛ سابقا	in prechedentsa
preda	شکار؛ طعمه	preda
prezzo	قیمت	pretso
cazzo	خار؛ خلیدن	katso
orgoglio	غرور	orgolyo
superbia	غرور	superbia
sacerdote	روحانی؛ مچتهد	sacherdote
perbenista	یاسم؛ نوار ابیض	perbenista
affettato	یاسم؛ نوار ابیض	affettato
[meat	درجه یک	meat
ottimo	درجه یک	ottimo
primitivo	اولیه؛ ابتدایی	primitivo
primitivi	اولیه؛ ابتدایی	primitivi
primordiale	اصل نخستین؛ عنصر نخستین	primordyale
principe	شاهزاده؛ امیر	princhipe
principessa	شاهزاده‌خانم؛ شاهدخت	princhipessa
stampa	چاپ کردن	stampa
stampante	پرینتر	stampante
priore	قبلی	priore
precedenza	اولویت؛ تقدم	prechedentsa
carcere	زندان	karchere
prigione	زندان	prijone
prigioniero	بندی؛ زندانی	prijoniero
privacy	پوشیدگی	praivazi
riservato	خاص؛ خصوصی	rizervato
professionista	جنبه مثبت	professionista
a favore	جنبه مثبت	a favore
probabile	محتمل	probabile
probabilmente	احتمالا	probabilmente
probazione	کار آموزی	probatsione
problema	مشکل	problema
problematico	گیج کننده	problematiko
iter	رویه؛ پردازه	iter
procedere	ادامه دادن	prochedere
procedimenti	شرح مذاکرات	prochedimenti
atti	شرح مذاکرات	atti
processo	فرآیند	prochesso
processore	پرداز؛ پردازنده	prochessore
proclamazione	جار؛ صلا	proklamatsione
procrastinatore	طفرهرو	prokrastinatore
prodigo	پر تجمل	prodigo
prodigio	اعجوبه	prodijo
produrre	تولید کردن	produrre
produttore	مولد	produttore
prodotto	محصول	prodotto
produttivo	منبت؛ حاصلضرب	produttivo
produttività	کارایی؛ فرآورش	produttivita
professare	ابراز ایمان کردن	professare
professione	پیشه؛ کسب	professione
professionale	حرفه‌ای	professionale
professore	استاد	professore
profitabilità	سودبخشی؛ سودمندی	profitabilita
fruttifero	سودمند؛ نافع	fruttifero
redditizio	سودمند؛ نافع	reddititsio
profittatore	استفادهچی	profittatore
dissoluto	فاسد الاخلاق	dissoluto
profusione	سرشاری	profuzione
progenie	اخلاف	projenye
discendenza	اخلاف	dishendentsa
prognosi	مال اندیشی	pronyozi
programmazione	برنامه‌نویسی	programmatsione
progressivo	مترقی	progressivo
progressista	مترقی	progressista
ricerca	پروژه	richerka
eiezione	برآمدگی؛ پیشرفتگی	eyetsione
proletario	رنجور؛ وابسته بکارگر	proletario
proliferare	کثیر شدن؛ پربرکت شدن	proliferare
proliferazione	تکثیر	proliferatsione
prolifico	ولود؛ پرزاآ	prolifiko
prolungare	کشاندن؛ کشانیدن	prolungare
rilevante	برجسته	rilevante
prominente	برجسته	prominente
promessa	قول، قول دادن	promessa
promuovitore	کارساز؛ مروج	promuovitore
Promozione	ترفیع	promotsione
incitaremente	آنا؛ سریعا	inchitaremente
prono	درازکش	prono
pronunciare	تلفظ کردن	pronunchare
pronuncia	تلفظ؛ ادای سخن	pronuncha
correggere bozze	غلط گیری کردن	korrejere botse
prove	براهین	prove
puntello	شمشعک	puntello
propaganda	تبلیغ؛ پروپاگاند	propaganda
propagazione	اشاعه	propagatsione
decente	خوب؛ بجا	dechente
profezia	نبوت؛ رسالت	profetsia
vate	نبی؛ رسول	vate
oracolo	نبی؛ رسول	orakolo
profetico	پیغمبری؛ نبوی	profetiko
simmetria	نسبت	simmetria
proporzionale	نسبی؛ به نسبت	proportsionale
proporzionato	متناسب کردن؛ متناسب شدن	proportsionato
proporzionalmente	به تناسب	proportsionalmente
proposto	پیشنهادی	proposto
proponendo	خواستگاری	proponendo
proposizione	گزاره	propozitsione
proposta	گزاره	proposta
proporre	عنوان کردن	proporre
prosaico	نثری؛ کسل کننده	prozaiko
prosa	منثور؛ نثر	proza
vista	چشم انداز؛ معدن کاوی کردن	vista
prosperità	عمران؛ رونق	prosperita
prostata	پروستات	prostata
Prosternazione	سجود؛ سجده	prosternatsione
proteggere	محافظت کردن	protejere
protettivo	حفاضی؛ حفاظتی	protettivo
protettore	مدافع؛ محافظ	protettore
protettrice	مدافع؛ محافظ	protettriche
protettorato	کشور تحت الحمایه	protettorato
proteina	پروتئین	proteina
protesta	ایراد؛ اعتراض	protesta
protestare	ایراد؛ اعتراض	protestare
protestante	پروتستان	protestante
contestatore	معترض	kontestatore
protestatore	معترض	protestatore
protocollo	پروتکل؛ پیوند نامه	protokollo
sporgere	جلو آمدهبودن	sporjere
sportare	جلو آمدهبودن	sportare
orgoglioso	غره؛ مفتخر	orgolyozo
fieramente	مفتخرا؛ دامن کشان	fyeramente
provare	ثابت کردن؛ مسلم کردن	provare
rivelarsi	ثابت کردن؛ مسلم کردن	rivelarsi
proverbio	ضرب المثل؛ گفتار حکیمانه	proverbio
provvidenza	عاقبتاندیشی؛ آینده نگری	provvidentsa
fornitore	رزاق؛ تامین کننده	fornitore
provincia	ایالت؛ استان	provincha
provinciale	ولایتی؛ استانی	provinchale
provisione	تهیه؛ توشه	provizione
provvisoria	موقت	provvizoria
provvisorio	موقت	provvizorio
clausola	جمله شرطی	klauzola
attraente	برانگیزنده؛ عصبانی کننده	attraente
stimulare	تحریک کردن؛ خشمگین کردن	stimulare
preposto	ناظم دانشکده	preposto
prevosto	ناظم دانشکده	prevosto
aggirarsi	پرسه زدن	ajirarsi
proximità	نزدیکی؛ قرب	proksimita
prudenza	مصلحت؛ حزم	prudentsa
Prussia	پروس	prussia
salmo	سرود روحانی	salmo
puah	علامت تعجب	pua
psoriasi	داء الصدف	psoriazi
psychico	روانی؛ پدیده روحی	psikiko
psicologico	روانشناختی	psikolojiko
psicologa	روان شناس	psikologa
psicologo	روان شناس	psikologo
psicologia	روان شناسی؛ معرفه النفس	psikolojia
pub	میخانه	pub
pubertà	تکلیف؛ بلوغ	puberta
[all senses] pubblicazione	منتشر؛ نشر	al senses pubblikatsione
divulgare	منتشر کردن	divulgare
editore	ناشر	editore
pubblicando	انتشارات	pubblikando
arricciare	درهم کشیدن؛ جمع شدگی	arrichare
grinza	درهم کشیدن؛ جمع شدگی	grintsa
budino	فرنی	budino
respiro	پک؛ باد کردن	respiro
gonfio	باد دار؛ باد کرده	gonfio
polmonare	ریوی	polmonare
cellulosa	مغز؛ مغز ساقه	chelluloza
Pulpito	منبر؛ سکوب خطابه	pulpito
polso	نبض؛ فشار نبض	polso
battito	نبض؛ فشار نبض	battito
pompare	تلمبه؛ پمپ	pompare
dare un pugno	منگنه؛ مشت زدن	dare un punyyo
punteggiato	مثل نقطه	puntejato
punctilioso	نکته بین؛ نکته سنج	punktiliozo
puntura	پارگی؛ سوراخ کردن	puntura
punire	سیاست کردن؛ عذاب کردن	punire
castigare	سیاست کردن؛ عذاب کردن	kastigare
punizione	عذاب؛ کتک	punitsione
punitivo	کیفری؛ مجازاتی	punitivo
teppista	پانک	teppista
teppistello	پانک	teppistello
puntata	لگدزدن	puntata
gracile	ریغماسی؛ درجه پست	grachile
allieva	مردمک؛ حدقه	allieva
allievo	مردمک؛ حدقه	allievo
fantoccio	عروسک؛ لعبت	fantocho
cagnetto	توله؛ سگ بچه	kanyetto
cucciolo	توله؛ سگ بچه	kucholo
compra	خرید؛ شراء	kompra
acquisto	خرید؛ شراء	akkvisto
puramente	صرفاً	puramente
epurazione	پاک سازی	epuratsione
purgare	پاک سازی	purgare
purificazione	تصفیه؛ تطهیر	purifikatsione
purificare	تصفیه کردن؛ خالص کردن	purifikare
puritano	پاک دین	puritano
purezza	صافی؛ صفا	puretsa
porpora	بنفش	porpora
pretendere	مفهوم؛ مفاد	pretendere
proposito	هدف	propozito
borsa	کیف؛ غنچه کردن	borsa
borsellino	کیف؛ غنچه کردن	borsellino
perseguire	عقب کردن؛ تعقیب کردن	persegvire
cercare	عقب کردن؛ تعقیب کردن	cherkare
purulento	چرکدار	purulento
purveyore	سورساتچی	purveyore
pus	چرک	pus
materia purulenta	چرک	materia purulenta
stucco	بتونه؛ زاماسکه	stukko
rompicapo	پازل، معما	rompikapo
Piramide	هرم	piramide
qualificazione	شرایط لازم	kvalifikatsione
qualificare	واجد شرایط شدن	kvalifikare
avere i requisiti	واجد شرایط شدن	avere i rekviziti
pregiato	کیفیت	prejato
quantitativo	کمی	kvantitativo
cava di pietra	شکار؛ معدن سنگ	kava di pyetra
Quarto	کوارت	kvarto
moneta di venticinque centesimi	یک چهارم	moneta di ventichinkve chentezimi
regina	ملکه	rejina
sedare	فرو نشاندن	sedare
reprimere	فرو نشاندن	reprimere
temperare	فرو نشاندن	temperare
queruloso	شکوه گر؛ زود رنج	kverulozo
questionario	پرسشنامه	kvestionario
coda	صف بستن	koda
fila	صف بستن	fila
rapido	سریع	rapido
rapidità	تندی؛ فرزی	rapidita
lira	یک لیره	lira
lira sterlina	یک لیره	lira sterlina
quieto	آرام	kvyeto
trapunta	دواج	trapunta
imbottire	دواج	imbottire
Quincy	زهرباد	kvinchi
chinino	گنه گنه	kinino
faretra	ترکش؛ تیر دان	faretra
fremere	ترکش؛ تیر دان	fremere
donchisciottesco	خیالپرست	donkishottesko
Quota	سهمیه؛ بنیچه	kvota
preventivo	نقل؛ مظنه	preventivo
citazione	نقل؛ مظنه	chitatsione
rabbino	خاخام؛ عالم یهودی	rabbino
lapin	خرگوش	lapin
rabbioso	هار	rabbiozo
corsa	مسابقه، مسابقه دادن	korsa
razziale	نژادی	ratsiale
razzismo	نژادپرستی	ratsizmo
razzista	نژادپرست	ratsista
rastrelliera	طاقچه	rastrelliera
eculeo	طاقچه	ekuleo
narratore brillante	داستانسرا	narratore brillante
radiale	شعاعی؛ زندی	radyale
radianza	درخشندگی؛ درخشش	radyantsa
radiante	ساطع؛ تابان	radiante
irradiare	تابیدن؛ درخشیدن	irradyare
radiazione	تابش	radyatsione
irraggiamento	تابش	irrajamento
radicalico	ریشهای؛ رادیکال	radikaliko
radicale	ریشهای؛ رادیکال	radikale
radio	رادیو	radio
raggio	شعاع؛ زند اعلی	rajo
cencio	کهنه؛ جل	chencho
rapina	یورش کردن؛ یورش آوردن	rapina
razzia	یورش کردن؛ یورش آوردن	ratsia
ferrovia	راه آهن؛ خط آهن	ferrovia
rotaia	راه‌آهن	rotaia
pioggia	باران، باریدن	pioja
piovere	باران، باریدن	piovere
iride	رنگین کمان	iride
arcobaleno	رنگین کمان	arkobaleno
rovescio	بارندگی	rovesho
acquazzone	بارندگی	akkvatsone
piovoso	بارانی؛ بارونی	piovozo
pluviale	بارانی؛ بارونی	pluvyale
sollevare	بلند کردن، افزایش دادن	sollevare
libertino	شن کش	libertino
rastrello	شن کش	rastrello
ariete	غوچ؛ سنبه زدن	ariete
montone	غوچ؛ سنبه زدن	montone
ramificare	منشعب کردن؛ شاخه دادن	ramifikare
ranch	دامداری کردن	rank
fortuito	تصادفی	fortuito
poligono di tiro	رسائی؛ برد	poligono di tiro
guardia forestale	جنگل بان؛ هنگ سوار	gvardia forestale
rango	پایه؛ مرتبه	rango
rovistare	زیاد کاوش کردن	rovistare
riscatto	فدیهدادن؛ فدیه	riskatto
pagare il riscatto	فدیهدادن؛ فدیه	pagare il riskatto
rapace	حریص؛ درندهخو	rapache
stupro	تجاوز بناموس کردن	stupro
violento	تجاوز بناموس کردن	violento
stocco	سخمه	stokko
rapimento	حالت؛ وجد	rapimento
al sangue	طرفه؛ نادر	al sangve
raro	طرفه؛ نادر	raro
raramente	کمتر؛ نادراً	raramente
scarsità	ندرت؛ کمیابی	skarsita
rarità	ندرت؛ کمیابی	rarita
briccone	رذل؛ پدرسوخته	brikkone
canaglia	رذل؛ پدرسوخته	kanalya
ratto	موش بزرگ	ratto
tasso	نرخ	tasso
proporzione	نرخ	proportsione
piuttosto	نسبتاً	pyuttosto
preferibilmente	نسبتاً	preferibilmente
ratificare	بتصویب رساندن؛ به تصویب رساندن	ratifikare
punteggio	رتبه‌بندی	puntejo
rapporto	تناسب	rapporto
razione	جیره؛ جیره کردن	ratsione
annonario	جیره؛ جیره کردن	annonario
razionale	معقول؛ عقلی	ratsionale
razionalemente	منطقا	ratsionalemente
sonaglio	خسخس؛ خسخس کردن	sonalyo
devastazione	نهب؛ بلا زده کردن	devastatsione
famelico	دله؛ پر اشتیاق	fameliko
vergine	خام؛ نپخته	verjine
stendere	رسیدن	stendere
reagire	واکنش نشان دادن	reajire
reazione	معرفی؛ انعکاس	reatsione
codina	ارتجاعی؛ مرتجع	kodina
codino	ارتجاعی؛ مرتجع	kodino
reattore nucleare	رآکتور؛ عامل واکنش	reattore nukleare
leggere	خواندن	lejere
leggibile	خواندنی؛ قابل خواندن	lejibile
lettrice	خواننده	lettriche
preparato	آمادگی؛ سازمندی	preparato
lettura	خواندن (فعل)	lettura
vero	واقعی	vero
realismo	رآلیسم؛ واقع بینی	realizmo
realistico	واقع بین	realistiko
realtà	معنی؛ حقیقت	realta
accorgersi	درک کردن	akkorjersi
[that: che] rendersi conto	درک کردن	tat ke rendersi konto
veramente	واقعاًً	veramente
mietere	درویدن	myetere
mietitore	درو گر؛ ماشین درو	myetitore
raccoglitore	درو گر؛ ماشین درو	rakkolyitore
retro	پشت؛ عقبی	retro
ricombinare	بازچیدن	rikombinare
riarrangiare	بازچیدن	riarranjare
riarrangiamento	باز چینی	riarranjamento
ragionevole	معقول؛ حسابی	rajonevole
ragionevolmente	منطقی	rajonevolmente
sensatamente	منطقی	sensatamente
ragionamento	استدلال؛ تعقل	rajonamento
rassicurare	دوباره اطمینان دادن	rassikurare
tranquillizzare	دوباره اطمینان دادن	trankvillidzare
ribelle	یاغی؛ عاصی	ribelle
ribellarsi	یاغی؛ عاصی	ribellarsi
ribellione	شورش؛ عناد	ribellione
rebellioso	عاصی؛ شورشی	rebelliozo
rinascita	باز زاد؛ تولد مجدد	rinashita
ricostruire	بازسازی کردن	rikostruire
richiamare	زخم زبان	rikyamare
ricalcitrante	ناتو	rikalchitrante
revocare	یاد آوردن؛ فرا خواندن	revokare
ritirare	یاد آوردن؛ فرا خواندن	ritirare
rifondere	ازنو ریختن	rifondere
riformulare	ازنو ریختن	riformulare
recedere	دور شدن؛ پس رفتن	rechedere
ricezione	دریافت؛ رسید	richetsione
ricevuta	دریافت؛ رسید	richevuta
ricevere	دریافت کردن	richevere
[telephone] cornetta	گیرنده	telefone kornetta
ricettatore	گیرنده	richettatore
recente	اخیر	rechente
ultimamente	اخیراً	ultimamente
ricevimento	پذیرش	richevimento
receptivo	شنوا	recheptivo
recettore	گیرنده؛ ستاره مساعد	rechettore
ferie	فترت؛ طاقچه ساختن	ferie
recessione	رکود	rechessione
reciproco	معکوس	rechiproko
reciprocità	مقابله؛ عمل متقابل	rechiprochita
recitare	رسیتال	rechitare
avventato	بی احتیاط؛ بی پروا	avventato
addomesticare	استرداد کردن؛ استرداد نمودن	addomestikare
reclamazione	استرداد؛ احیا اراضی	reklamatsione
rinculo	فنری بودن	rinkulo
ricordare	دوباره جمع کردن	rikordare
anamnesi	یادآوری	anamnezi
raccomandare	توصیه کردن	rakkomandare
raccomandazione	نظریه؛ توصیه	rakkomandatsione
riconciliare	آشتی کردن؛ صلح دادن	rikonchiliare
riconciliazione	آشتی	rikonchiliatsione
ravvicinamento	آشتی	ravvichinamento
riconsiderare	تجدید نظر؛ تجدید نظر کردن	rikonsiderare
registrazione	ضبط کردن، رکورد	rejistratsione
registrare	ضبط کردن، رکورد	rejistrare
registratore	وقایع نویس	rejistratore
ricorso	توسل	rikorso
ritrovare	خوب شدن؛ باز یافتن	ritrovare
recupero	بهبودی، بازیابی	rekupero
ricupero	بهبودی، بازیابی	rikupero
ricreazione	تفریح؛ نزهت	rikreatsione
ludico	تفریحی	ludiko
arruolare	استخدام کردن	arruolare
reclutare	استخدام کردن	reklutare
reclutamento	استخدام	reklutamento
rettangolare	مستطیلی؛ راست گوشه	rettangolare
rettitudine	راست گری؛ صحت عمل	rettitudine
parroco	کشیش بخش	parroko
rettore	کشیش بخش	rettore
retto	روده راست	retto
recuperare	نیروی تازه یافتن	rekuperare
recuperativo	اعاده دهنده؛ بهبودی بخش	rekuperativo
ripresentarsi	تکرار شدن	riprezentarsi
riciclare	بازیافت کردن	richiklare
rosso	قرمز	rosso
rossastra	مایل بقرمز	rossastra
rossastro	مایل بقرمز	rossastro
riacquistare	فدیهدادن	riakkvistare
redimere	فدیهدادن	redimere
redempzione	رهیی؛ باز خرید	redemptsione
rimedio	جبران خسارت	rimedio
risarcire	جبران خسارت	rizarchire
degradare	کاهش دادن	degradare
ridondanza	افزونگی؛ حشو	ridondantsa
copiosità	افزونگی؛ حشو	kopiozita
copioso	حشوی؛ رمزافزونه	kopiozo
ridondante	حشوی؛ رمزافزونه	ridondante
terzarolo	جزیره نما؛ مرض جرب	tertsarolo
filone	جزیره نما؛ مرض جرب	filone
reeleczione	تجدید انتخاب	reelektsione
riferire	ارجاع دادن	riferire
fare capo	ارجاع دادن	fare kapo
referendum invariable	رفراندوم؛ رفراندم	referendum invariable
referrale	مراجعه	referrale
ricarica	دوباره پر کردن	rikarika
decantare	پالودن؛ تصفیه کردن	dekantare
raffinare	پالودن؛ تصفیه کردن	raffinare
decantato	مهذب؛ مصفا	dekantato
decantando	قال	dekantando
riflettere	اندیشیدن؛ بازتابیدن	riflettere
riflessione	انعکاس؛ بازتاب	riflessione
riflesso	انعکاس؛ بازتاب	riflesso
riforma	اصلاح؛ بهسازی	riforma
riformare	اصلاح؛ بهسازی	riformare
refrattaria	گردن کش؛ دیر گداز	refrattaria
refrattario	گردن کش؛ دیر گداز	refrattario
rinfrescare	حال آمدن؛ تجدید نیرو کردن	rinfreskare
rinfrescando	گوارا؛ مفرح	rinfreskando
refrigerazione	تبرید؛ سرد سازی	refrijeratsione
frigo	یخچال؛ یخچال برقی	frigo
Rifugiato	پناهنده	rifujato
rimborso	مسترد شدن؛ مسترد داشتن	rimborso
ripagare	مسترد شدن؛ مسترد داشتن	ripagare
rifiutare	رد کردن	rifyutare
refutazione	تکذیب	refutatsione
rispetto	مبالات؛ وقع	rispetto
in ogni caso	صرفنظر از	in onyyi kazo
rigenerazione	ترمیم؛ تولید مجدد	rijeneratsione
regime	رژیم	rejime
regimentale	لباس هنگ؛ لباس افسری	rejimentale
regione	منطقه	rejone
regionale	منطقهای؛ اقلیمی	rejonale
responsabile registri	ثبت کننده؛ مدیر دروس	responsabile rejistri
pentirsi	تاسف؛ اسف	pentirsi
con rammarico	معاللتسلف؛ مع التاسف	kon rammariko
riprovevole	قابل تاسف؛ تاسف آور	riprovevole
regolare	منظم	regolare
regolaremente	منظما	regolaremente
regolamento	تنظیم؛ مقرره	regolamento
regolazione	تنظیم؛ مقرره	regolatsione
Riabilitazione	توانبخشی؛ نوتوانی	riabilitatsione
redine	عنان؛ لجام	redine
rinforzo	تقویت؛ تجدید قوا	rinfortso
reintegrare	دوباره برقرار کردن؛ دوباره بکار انداختن	reintegrare
respingere	نپسندیدن؛ وازدن	respinjere
esultare	شادی کردن؛ خوشی کردن	ezultare
ricongiungersi	پاسخ دفاعی دادن	rikonjunjersi
replicare	پاسخ دفاعی دادن	replikare
ricaduta	عود؛ نکس	rikaduta
recidivare	عود؛ نکس	rechidivare
relazione	رابطه؛ نسبت	relatsione
relativo	منسوب؛ نسبی	relativo
parente	منسوب؛ نسبی	parente
rilassare	استراحت کردن	rilassare
rilassamento	استراحت؛ وارفتگی	rilassamento
staffetta	روله؛ رله	staffetta
versione	آزادی؛ انتشار	versione
rilasciare	آزادی؛ انتشار	rilashare
implacabile	بی امان؛ بی مروت	implakabile
rilevanza	ربط	rilevantsa
relevante	مربوط؛ متناسب	relevante
robustezza	اعتبار	robustetsa
affidabilità	اعتبار	affidabilita
affidabile	حسابی؛ معتبر	affidabile
basarsi	اعتماد؛ تکیه	bazarsi
contare su	اعتماد؛ تکیه	kontare su
avanzo	آثار مقدس	avantso
ricordo	آثار مقدس	rikordo
rilievo	اعانه؛ تسکین	rilievo
sopraelevazione	اعانه؛ تسکین	sopraelevatsione
patrocinare	تسکین دادن	patrochinare
assistuto	آسوده خاطر	assistuto
religione	دین؛ کیش	relijone
religioso	مذهبی؛ شرعی	relijozo
desistere	چشم پوشی؛ چشم پوشی شدن	dezistere
sapore	رغبت؛ مزه آوردن	sapore
gusto	رغبت؛ مزه آوردن	gusto
riluttanza	اکراه؛ رغم	riluttantsa
di malavoglia	بالاکراه	di malavolya
malvolentieri	بالاکراه	malvolentieri
rimanere	باقی ماندن	rimanere
[1] resto	مانده؛ مابقی	uno resto
battuta	ملاحظه؛ عرض	battuta
puntualizzazione	ملاحظه؛ عرض	puntualidzatsione
degno di nota	قابل توجه	denyyo di nota
notevolmente	به طور قابل توجهی	notevolmente
nuovo matrimonio	ازدواج مجدد؛ تجدید فراش	nuovo matrimonio
risposarsi	تجدید فراش کردن	rispozarsi
azione giudiziaria	چاره؛ درمان	atsione juditsyaria
reminiscenza	خاطره؛ یاد بود	reminishentsa
condono	بهبودی بیماری	kondono
remissione	بهبودی بیماری	remissione
ritaglio	بقیه السیف	ritalyo
scampolo	بقیه السیف	skampolo
rimorso	افسوس؛ پشیمانی	rimorso
amovibile	بردنی؛ برداشتنی	amovibile
estraibile	بردنی؛ برداشتنی	estraibile
togliere	عزل؛ فک	tolyere
remunerativo	پاداشی	remunerativo
rinascenza	رنسانس	rinashentsa
rinascimento	رنسانس	rinashimento
tradurre	تسلیم داشتن	tradurre
rendezvoso	میعاد؛ وعدهگاه	rendetsvozo
lacerante	هتک	lacherante
reietto	یاغی	reyetto
rinnegato	یاغی	rinnegato
rinnovare	تازه کردن؛ نو کردن	rinnovare
renovazione	تجدید؛ نوسازی	renovatsione
celebrità	نامآوری	chelebrita
strappo	اجاره؛ کرایه	strappo
squarcio	اجاره؛ کرایه	skvarcho
inquilino	اجاره دهنده؛ اجاره نشین	inkvilino
locatario	اجاره دهنده؛ اجاره نشین	lokatario
rappresentante	زن هرزه؛ مرد هرزه	rapprezentante
restituire	باز پرداختن	restituire
ripetizione	تکرار کردن	ripetitsione
ripetutamente	مجددا؛ علیالتوالی	ripetutamente
pentimento	توبه	pentimento
riporre	جایگزین کردن	riporre
rimpiazzo	تعویض؛ جابجائی	rimpyatso
posare	دراز کشیدن	pozare
reprehensibile	ناستوده؛ سرزنش کردنی	repreensibile
rappresentativo	نماینده؛ حالیکننده	rapprezentativo
repressione	سرکوبی	repressione
appunto	توبیخ؛ توبیخ کردن	appunto
richiamo	توبیخ؛ توبیخ کردن	rikyamo
Rappresaglia	جبران	rapprezalya
riprodurre	تکثیر کردن؛ تناسل کردن	riprodurre
riproduzione	تکثیر؛ تناسل	riprodutsione
rettile	خزنده	rettile
reptilia	خزنده	reptilia
repubblica	جمهوری	repubblika
repubblicano	جمهوری‌خواه	repubblikano
repudiazione	ردی	repudyatsione
repulsivo	زننده؛ متنفر کننده	repulsivo
caratura	عرض؛ شهرت	karatura
richiedere	طلبیدن؛ مستلزمبودن	rikyedere
requisito	نیاز؛ مقرره	rekvizito
salvare	دریافتن؛ رهانیدن	salvare
rassomiglianza	شباهت؛ تشابه	rassomilyantsa
rassomigliare	شبیه شدن؛ مانند بودن	rassomilyare
resente	اظهار رنجش کردن	rezente
Risentimento	غیض	rizentimento
riservare	ذخیره؛ محفوظ کردن	rizervare
risiedere	اقامت کردن؛ منزل کردن	rizyedere
residente	ساکن؛ ماندنی	rezidente
residentiale	محلی؛ مسکونی	rezidentyale
residuo	فضولات؛ فضله	reziduo
dimettersi	استعفا دادن	dimettersi
darla su	استعفا دادن	darla su
dimissioni	کنارهگیری؛ استعفا	dimissioni
resina	رزین؛ راتیانج	rezina
resistere	مقاومت کردن؛ ایستادگی کردن	rezistere
resistenza	مقاومت؛ استقامت	rezistentsa
risoluzione	قطعنامه، وضوح	rizolutsione
risolutezza	قطعنامه، وضوح	rizolutetsa
risolvere	تحلیل کردن؛ اراده کردن	rizolvere
risonanza	پرطنینی؛ ایجاد طنین	rizonantsa
resonante	پرطنین؛ طنین دار	rezonante
località turistica	توسل؛ تمسک کردن	lokalita turistika
ricorrere	توسل؛ تمسک کردن	rikorrere
risorse	ذخایر	rizorse
perbenismo	نیکنامی	perbenizmo
rispettabilità	نیکنامی	rispettabilita
rispettoso	حرمتی؛ احترامی	rispettozo
rispettosamente	محترمانه؛ محترما	rispettozamente
rispettivamente	بترتیب؛ به ترتیب	rispettivamente
respiratorio	تنفسی	respiratorio
tregua	مهلت؛ فرجه دادن	tregva
responso	پاسخ	responso
sensibile	جوابی؛ پاسخی	sensibile
resto	استراحت، استراحت کردن؛ بقیه	resto
restatemento	بیان مجدد	restatemento
ristorante	رستوران	ristorante
Restituzione	جبران؛ غرامت	restitutsione
smania	ناصبوری؛ بی آرامی	zmania
esagitazione	ناصبوری؛ بی آرامی	ezajitatsione
restauro	تجدید؛ بازسازی	restauro
restaurazione	تجدید؛ بازسازی	restauratsione
sorvegliare	مهار کردن	sorvelyare
ritegni	جلو گیری	ritenyyi
ritegno	جلو گیری	ritenyyo
riprendere	از سر گرفتن	riprendere
resumpzione	ادامه؛ باز یافت	rezumptsione
resurrezione	حشر؛ رستاخیز	rezurretsione
al dettaglio	خرده فروشی	al dettalyo
vendita al dettaglio	خرده فروشی	vendita al dettalyo
rivalersi	تلافی کردن؛ تقاص کردن	rivalersi
ritorsione	تلافی؛ تقص	ritorsione
rappresaglia	تلافی؛ تقص	rapprezalya
ritardato mentale	عقبانداختن؛ کند ساختن	ritardato mentale
ritardato	عقبافتاده	ritardato
conservazione	حبس	konservatsione
ritenzione	حبس	ritentsione
reticente	کم گو؛ کم حرف	retichente
ritirarsi	بازنشسته کردن؛ منزوی شدن	ritirarsi
pensionamento	بازنشستگی	pensionamento
storta	تلافی؛ جواب متقابل	storta
ritrattare	در کشیدن؛ نکول کردن	ritrattare
retraczione	نکول؛ استغفار	retraktsione
retribuzione	سزا	retributsione
ritornare	بازگشت، بازگشتن	ritornare
reverendo	تند گشتن	reverendo
baldoria	عیاشی	baldoria
gozzoviglia	عیاشی	gotsovilya
rivalsa	انتقام؛ خونخواهی	rivalsa
vendetta	انتقام؛ خونخواهی	vendetta
reddito	درآمد	reddito
riecheggiare	ولوله انداختن	riekejare
riverberare	ولوله انداختن	riverberare
conseguenza	طنین	konsegventsa
reverentiale	حرمتی؛ احترامی	reverentyale
con reverenza	احتراماً	kon reverentsa
fantasticheria	خیال خام؛ خیال واهی	fantastikeria
sogno ad occhi aperti	خیال خام؛ خیال واهی	sonyyo ad okki aperti
ripristinare	عود کردن؛ رجوع کردن	ripristinare
rivedere	تجدید نظر کردن	rivedere
revisione	بازنگری	revizione
rinnovamento	احیا؛ تجدد	rinnovamento
risveglio	احیا؛ تجدد	rizvelyo
rivivere	احیا کردن؛ احیاء کردن	rivivere
rinascere	احیا کردن؛ احیاء کردن	rinashere
rivoluzione	انقلاب	rivolutsione
rivoluzionario	انقلابی؛ آشوبگر	rivolutsionario
ruotare	دور زدن	ruotare
rivoltella	رولور؛ ششلول	rivoltella
revulsione	ردع؛ تصریف	revulsione
Retorica	لفاظی؛ خطابت	retorika
reumatico	روماتیسمی	reumatiko
rima	پساوند؛ قافیه ساختن	rima
rimare vi	پساوند؛ قافیه ساختن	rimare vi
nervatura	دنده؛ مرز گذاشتن	nervatura
nastro	نوار؛ روبان	nastro
fettuccia	نوار؛ روبان	fettucha
ricca	ثروتمند	rikka
ricco	ثروتمند	rikko
sbarazzare	خلاص کردن؛ رهانیدن از	zbaratsare
[bicycle	سواری؛ سواری، سوار شدن	bichikle transitive gvidare / bichikle intransitive andare in bichi
transitive] guidare	سواری؛ سواری، سوار شدن	bichikle transitive gvidare / bichikle intransitive andare in bichi
intransitive] andare in bici	سواری؛ سواری، سوار شدن	bichikle transitive gvidare / bichikle intransitive andare in bichi
centauro	سوار؛ الحاقیه	chentauro
[on a horse] cavaliere	سوار؛ الحاقیه	on a orse kavaliere
[1] crinale	خرپشته؛ مرز بندی کردن	uno krinale
ridicolizzare	ریشخند؛ استهزا	ridikolidzare
spaccatura	شکاف؛ شکاف دهنده	spakkatura
destra	درست، سمت راست	destra
diritto	درست، سمت راست	diritto
righteoso	عادلانه؛ صالح	rigteozo
Giusto di Dio	حق گذاری	justo di dio
rigido	نرم نشو	rijido
ring	حلقه؛ زنگ زدن	ring
capobanda	سر دسته؛ سر حلقه	kapobanda
risciacquo	مظمظه؛ غر غره	rishakkvo
risciacquando	مظمظه؛ غر غره	rishakkvando
cagnara	آشوب؛ شورش	kanyara
strappare	درانیدن؛ چاک دادن	strappare
copiare	درانیدن؛ چاک دادن	kopyare
maturato	رسیده؛ چیدنی	maturato
matura	رسیده؛ چیدنی	matura
alzarsi	بالا رفتن	altsarsi
sollevarsi	بالا رفتن	sollevarsi
rischioso	پرخطر	riskiozo
rito	فرمان اساسی	rito
rituale	آداب نماز	rituale
rivalità	رقابت؛ همچشمی	rivalita
fiume	رودخانه	fyume
rivetto	پرچه؛ پرچ کردن	rivetto
ribattino	پرچه؛ پرچ کردن	ribattino
strada	جاده	strada
bordo della strada	کنار جاده	bordo della strada
carreggiata	شوسه؛ زمین جاده	karrejata
vagare	پرسه زدن	vagare
girovagare	پرسه زدن	jirovagare
roano	تیماج؛ زرپور	roano
rabicano	تیماج؛ زرپور	rabikano
ruggito	غرش؛ غریو	rujito
ruggìto	غرش؛ غریو	rujito
arrosti	برشتن؛ سرخ کردن	arrosti
al forno	برشتن؛ سرخ کردن	al forno
derubare	سرقت کردن	derubare
ladrone	چپاولگر؛ غارتگر	ladrone
furto	سرقت	furto
ruberia	سرقت	ruberia
veste	خرقه؛ حله	veste
2] roccia	راک (موسیقی)؛ صخره	due rocha
[3] sasso	راک (موسیقی)؛ صخره	tre sasso
rucola	موشک	rukola
petroso	سنگی؛ صخرهای	petrozo
sassoso	سنگی؛ صخرهای	sassozo
pertica	میله؛ میل	pertika
ruolo	نقش	ruolo
rullare "V. trans."	گردیدن؛ غلت	rullare vu trans
cavallone	نورد؛ منگنه	kavallone
romana	رومی	romana
romano	رومی	romano
esagerazione fantasiosa	عاشقانه	ezajeratsione fantazioza
romantico	خیالپرست؛ غیر ممکن	romantiko
Roma	رم؛ روم	roma
rocco	رخ؛ شاهرخ	rokko
torre	رخ؛ شاهرخ	torre
stanza	اتاق	stantsa
spazio	اتاق	spatsio
radice	ریشه؛ سنخ	radiche
trombata	ریشه؛ سنخ	trombata
rosario	تسبیح	rozario
roseo	گلرنگ؛ گل پاشیده	rozeo
marcire	پوسیدن؛ گندیدن	marchire
putrefarsi	پوسیدن؛ گندیدن	putrefarsi
malvagio	فاسد؛ ضایع	malvajo
marcio	فاسد؛ ضایع	marcho
tondo	گلوله وار	tondo
rotondo	گلوله وار	rotondo
a grosso modo	تقریباً	a grosso modo
aprprossimativamente	تقریباً	aprprossimativamente
cerchio	گرد، دور	cherkio
svegliare	رماندن	zvelyare
stimolante	منبه	stimolante
mettere in fuga	هزیمت؛ تار و مار کردن	mettere in fuga
di routine	روتین	di rutin
chiasso	ردیف؛ رده	kyasso
regale	سلطنتی؛ شاهانه	regale
regalità	حقالامتیاز؛ حق امتیاز	regalita
diritti d'autore	حقالامتیاز؛ حق امتیاز	diritti dautore
strofinamento	مالیدن؛ ساییدن	strofinamento
gomma	لاستیک؛ لاستیکی	gomma
preservativo	لاستیک؛ لاستیکی	prezervativo
immondizia	آشغال	immonditsia
rublo	منات	rublo
rubicondo	گلچهره؛ شنجرفی	rubikondo
oscena	گستاخ	oshena
malamente	گستاخانه؛ باگستاخی	malamente
incivilmente	گستاخانه؛ باگستاخی	inchivilmente
ruta	سداب	ruta
falpalà	ناصاف کردن	falpala
regola	قانون	regola
sovrano	فرمانروا؛ حکمران	sovrano
righello	فرمانروا؛ حکمران	rigello
rum	عرق نیشکر	rum
voce	شهرت دادن	voche
correre	دویدن	korrere
gestire	دویدن	jestire
fuggitivo	دررفته؛ فراری	fujitivo
fuori controllo	دررفته؛ فراری	fuori kontrollo
passatoia	دونده	passatoia
podista	دونده	podista
rurale	رعیتی	rurale
giunco	تازیدن؛ هجوم کردن	junko
Russia	روسیه	russia
russo	روسی؛ زبان روسی	russo
russa	روسی؛ زبان روسی	russa
colore ruggine	زنگ؛ زنگار	kolore rujine
ruggine	زنگ؛ زنگار	rujine
fruscio	خشخش؛ خش خش کردن	frushio
frusciare	خشخش؛ خش خش کردن	frushare
arrugginita	زنگ زده	arrujinita
arrugginito	زنگ زده	arrujinito
estro	گشن؛ خط انداختن	estro
crudelmente	ظالمانه؛ بیرحمانه	krudelmente
sadicamente	ظالمانه؛ بیرحمانه	sadikamente
segale	چاودار	segale
sciabola	باشمشیر زدن	shabola
benservito	تبره؛ خورجین	benservito
sacrificio	قربانی؛ فداکاری	sakrificho
sacrificare	قربانی؛ فداکاری	sakrifikare
intristire	افسردن؛ افسرده کردن	intristire
sellino	زین؛ غاشیه	sellino
sella	زین؛ غاشیه	sella
tristemente	با ناراحتی	tristemente
cassaforte	امن	kassaforte
salvaguardia	صیانت کردن؛ امن نگهداشتن	salvagvardia
sicurezza	اطمینان؛ امان	sikuretsa
zafferano	زعفران؛ سورنجان	dzafferano
saggi	عقلا	saji
sagittale	پیکانی	sajittale
veleggiare	دریانوردی کردن	velejare
condurre	دریانوردی کردن	kondurre
santa	مقدس شمردن	santa
santo	مقدس شمردن	santo
sakè	خاطر	sake
insalata	سالاد	insalata
salario	حقوق	salario
stipendio	حقوق	stipendio
saldo	فروش	saldo
svendita	فروش	zvendita
venditore	فروشنده	venditore
salino	نمک دار؛ درجه شوری	salino
saliva	تف؛ بزاق	saliva
salmone	ماهی آزاد	salmone
sala	آرایشگاه	sala
2] sale	نمک	due sale
sale	نمک	sale
salvezza	نجاح؛ رستگاری	salvetsa
Sam	سام	sam
stesso	یکسان	stesso
assaggio	نمونه؛ الگو	assajo
santuario	بست؛ تحصن	santuario
rena	شن؛ ریگ	rena
arenaria	سنگ سیاه؛ ماسه سنگ	arenaria
panino	ساندویچ	panino
tramezzino	ساندویچ	tramedzino
confidente	دموی	konfidente
igienico	بهداشتی؛ صحی	ijeniko
sanitario	بهداشتی؛ صحی	sanitario
Babbo Natale	پاپانول	babbo natale
fiaccare	شیره؛ شیره گیاهی	fyakkare
logorare	شیره؛ شیره گیاهی	logorare
sarcasmo	کنایه؛ متلک	sarkazmo
sarcastico	گوشه؛ نیشدار	sarkastiko
sardonicamente	کنایه آمیز	sardonikamente
sarcoma	سارکوم؛ تومور بدخیم	sarkoma
sardonico	کنایه آمیز	sardoniko
sciarpa	ارسی	sharpa
saziare	فرو نشاندن	satsyare
satin raso	اطلس؛ ساتین	satin razo
satira	هجا؛ طنز	satira
satirico	هزلی	satiriko
satirista	طنز نویس	satirista
soddisfazione	رضایت	soddisfatsione
soddisfacente	مرضی؛ رضایت بخش	soddisfachente
saziando	اقناع؛ ارضاء	satsyando
saturo	سیراب؛ سیر شده	saturo
sabato	شنبه	sabato
salsa	سس	salsa
pentola	ماهی تابه؛ روغن داغ کن	pentola
tegamino	ماهی تابه؛ روغن داغ کن	tegamino
piattino	نعلبکی؛ بشقاب کوچک	pyattino
sottocoppa	نعلبکی؛ بشقاب کوچک	sottokoppa
salsiccia	کالباس؛ سوسیس	salsicha
salame	کالباس؛ سوسیس	salame
sapienti	عقلا	sapyenti
studiosi	عقلا	studiozi
racimolare	ذخیره کردن، نجات دادن	rachimolare
salato	با مزه؛ مورد پسند	salato
segatura	خاک اره	segatura
sassone	ساکسون	sassone
dire	گفتن	dire
fodero	نیام؛ غلاف شمشیر	fodero
ponteggio	داربست؛ چوب بست	pontejo
impalcatura	داربستبندی	impalkatura
scottare	آب پز کردن	skottare
ustione	آب پز کردن	ustione
squama	وزنه؛ مقیاس	skvama
scalpo	فرق سر	skalpo
scotennare	فرق سر	skotennare
scannerizzare	ور انداز کردن؛ اجمالا مرور کردن	skanneridzare
scandire	ور انداز کردن؛ اجمالا مرور کردن	skandire
scannerizzando	مرور اجمالی	skanneridzando
scarso	کم دادن؛ بخیلانه دادن	skarso
scapola	استخوان پهن	skapola
cicatrice	اثر زخم داشتن	chikatriche
scarlatto	شله؛ سرخ شدگی	skarlatto
pauroso	ترسناک	paurozo
deflettere	پراکندن؛ پخش کردن	deflettere
panorama	سناریو	panorama
scenario	سناریو	shenario
scena	صحنه	shena
sceptico	شکاک	sheptiko
orario	برنامه، برنامه‌ریزی کردن	orario
schema	نقشه طرح کردن	skema
scisma	اختلاف وتفرقهدرکلیسا	shizma
dotto	محقق	dotto
borsa di studi	بورسیه	borsa di studi
scuola	مدرسه	skuola
alunno	پسر مدرسه؛ پسر مدرسه ای	alunno
scolaro	پسر مدرسه؛ پسر مدرسه ای	skolaro
preside	مکتب دار؛ ناظم مدرسه	prezide
scuna	گاری سفری	skuna
goletta	گاری سفری	goletta
scienza	علم	shentsa
scientifico	علمی	shentifiko
scienziata	دانشمند	shentsyata
scienziato	دانشمند	shentsyato
forbici	مقراض؛ قطع کننده	forbichi
superare	چمچه؛ کج بیل	superare
mirino	دایره؛ دامنه	mirino
spartito	امتیاز، امتیاز گرفتن	spartito
disdegnare	استهزاء؛ خردانگاری	dizdenyare
frugale	مردد بودن؛ ویسکی اسکاتلندی	frugale
Scozia	اسکاتلند	skotsia
flagello	وسیله تنبیه؛ غضب خداوند	flajello
ricognizione	پیشاهنگ؛ پیشاهنگی کردن	rikonyitsione
Scout	پیشاهنگ؛ پیشاهنگی کردن	skout
ferraglia	قراضه	ferralya
graffio	خراشیدن	graffio
malloppo	خراشیدن	malloppo
scarabocchio	گشاد نشستن	skarabokkio
sgorbio	گشاد نشستن	zgorbio
gridare	داد؛ جیغ	gridare
schermo	صفحه نمایش	skermo
paravento	صفحه نمایش	paravento
scopare	پیچ؛ پیچ کردن	skopare
vite	پیچ؛ پیچ کردن	vite
scarabocchiare	بد نوشتن	skarabokkyare
schiccherare	بد نوشتن	skikkerare
calligrafia	متن سند؛ متن نمایشنامه	kalligrafia
sfregare	مالیدن؛ تیغستان	sfregare
strofinare	مالیدن؛ تیغستان	strofinare
scrupolo	وسواس؛ نهی اخلاقی	skrupolo
esaminando attentamente	مدقق؛ تدقیق	ezaminando attentamente
esame minuzioso	مداقه؛ بررسی دقیق	ezame minutsiozo
rissa	کشمکش کردن	rissa
sculptore	حجار؛ صورتگر	skulptore
scultura	مجسمهسازی	skultura
correre via	مسابقه کوتاه	korrere via
boccaporto	ذغالدان؛ گام تند	bokkaporto
falciare	درو کردن؛ با داس بردن	falchare
scita	سیت	shita
mare	دریا	mare
bollo	سیل؛ پلمب	bollo
cuciture	درزگیری کردن؛ درز گرفتن	kuchiture
buscare	جستجو، جستجو کردن	buskare
stagione	فصل	stajone
assito	صندلی	assito
seduta	صندلی	seduta
secedere	منتزع شدن	sechedere
secessionista	جدارو	sechessionista
seconda chance	ثانیه؛ دوم؛ دوم، ثانیه	sekonda shans
secondamente	ثانیاً	sekondamente
segretezza	نهفتگی؛ پوشیدگی	segretetsa
segretaria	منشی	segretaria
segretario	منشی	segretario
secernere	ترشح کردن	sechernere
Secrezione	ترشح	sekretsione
segretamente	سرا؛ دزدکی	segretamente
setta	تیره؛ مسلک	setta
sezione	بخش	setsione
articolo [law]	بخش	artikolo lav
secolare	غیر روحانی	sekolare
Sedan	تخت روان	sedan
sedentario	نشسته؛ غیر متحرک	sedentario
sedizione	فتنه؛ فتنه پراکنی	seditsione
seditioso	فتنهجو؛ مفسد	seditiozo
sedotto	مفتون	sedotto
seductivo	فریبا؛ گمراه کننده	seduktivo
vedere	دیدن	vedere
seme	دان؛ دانه	seme
sperma	دان؛ دانه	sperma
bassofondo	تخمی؛ پرتخم	bassofondo
ricercare	پوییدن؛ تفحص کردن	richerkare
cercatore	جوینده	cherkatore
sembrare	به نظر رسیدن	sembrare
sembrando	ظاهر نما	sembrando
segmento	قسمت؛ حلقه	segmento
Senna	تور؛ سن	senna
convulsioni	ضبط؛ تصرف	konvulsioni
di rado	بندرت؛ به ندرت	di rado
selezionare	پسندیدن؛ نشان کردن	seletsionare
selezione	انتخاب؛ گلچین	seletsione
selettivo	بهگزین؛ گزینشی	selettivo
egoistico	خودخواهانه؛ خود پرست	egoistiko
egoista	خودخواهانه؛ خود پرست	egoista
egoismo	نخوت؛ خودپسندی	egoizmo
vendere	فروختن	vendere
venditrice	فروشنده	venditriche
parvenza	ظن قوی	parventsa
autoarticolato	نصف شده	autoartikolato
semifinale	نصف شده	semifinale
seminale	نطفهای	seminale
Seminario	الحوزه؛ فیضیه	seminario
senato	مجلس سنا	senato
Senato	مجلس سنا	senato
senatore	سناتور	senatore
mandare	فرستادن	mandare
inviare	فرستادن	inviare
Senegal	سنگال	senegal
senilità	پیری	senilita
seniore	ارشد؛ بالارتبه	seniore
longevità	ارشدیت	lonjevita
senso	احساس؛ آب و تاب	senso
sensazione	احساس؛ آب و تاب	sensatsione
sensibilità	احساس ودرک	sensibilita
sensuale	شهوانی؛ نفسانی	sensuale
frase	جمله	fraze
pena	جمله	pena
sentimentale	احساساتی	sentimentale
separata	جدا	separata
separato	جدا	separato
disunitamente	جداگانه؛ جدا جدا	dizunitamente
separazione	متارکه؛ فک	separatsione
separatista	تجزیه طلب	separatista
settembre	سپتامبر	settembre
settico	پلشت؛ ماده عفونی	settiko
successione	قطار؛ توالی	suchessione
sequenza	قطار؛ توالی	sekventsa
Serbia	صربستان	serbia
serbo	صربستانی؛ صرب	serbo
serba	صربستانی؛ صرب	serba
sereno	متین	sereno
serena	متین	serena
sergente	گروهبان	serjente
serie	سری	serie
grave	جدی	grave
serio	جدی	serio
seriamente	جدا؛ بی شوخی	seriamente
serietà	جذبه؛ جد	serieta
predica	موعظه؛ روضه	predika
sermone	موعظه؛ روضه	sermone
serpe	حیه؛ ماربزرگ	serpe
serpente	حیه؛ ماربزرگ	serpente
serpentino	مارپیچ؛ مارپیچی	serpentino
dentellato	منغمز	dentellato
seghettato	منغمز	segettato
siero	سرم؛ خونابه	syero
servo	فراش؛ مستخدم	servo
servire	خدمت کردن، سرو غذا	servire
portare in tavola	خدمت کردن، سرو غذا	portare in tavola
servente	کمک کننده	servente
server	کمک کننده	server
servizio	خدمات	servitsio
servile	شایسته نوکران	servile
servilismo	نوکرمابی	servilizmo
servitù	چاکری؛ بندگی	servitu
sesamo	کنجد	sezamo
sessione	نشست؛ جلسه	sessione
set	تنظیم کردن؛ مجموعه؛ قرار دادن	set
palleggiatore	گذارنده	pallejatore
palleggiatrice	گذارنده	pallejatriche
digestivo	مهاجر	dijestivo
colono	مهاجر	kolono
sette	هفت	sette
diciassette	هفده	dichassette
settima	سابع؛ یک هفتم	settima
settimo	سابع؛ یک هفتم	settimo
settanta	هفتاد	settanta
diversi	چندین	diversi
severo	شدید؛ سخت	severo
severamente	به شدت	severamente
severità	سختی؛ خشکی	severita
cucire	دوختن؛ خیاطی کردن	kuchire
cucito	خیاطی؛ دوزندگی	kuchito
fare sesso	سکس؛ سکسی کردن	fare sesso
sessuale	جنسی؛ تناسلی	sessuale
sessualità	جنسیت؛ تمایلات جنسی	sessualita
sexy	سکسی	seksi
trasandato	نخ نما	trazandato
ombra	سایه؛ آسمانه	ombra
ombroso	سایه مانند؛ زود گذر	ombrozo
ombreggiato	سایه دار؛ سایه افکن	ombrejato
pozzo	چوبه؛ مال بند	potso
scopata	موی زبر	skopata
irsuto	پر مو؛ مو دراز	irsuto
Scià	شاه	sha
scuotere	لرزاندن	skuotere
I shall sing tomorrow - Canterò domani	باید (فعل کمکی)	i shal sing tomorrov kantero domani
shall followed by the infinitive is translated using the future tense	باید (فعل کمکی)	shal folloved bai te infinitive is tranzlated uzing te future tense
superficiale	سطحی؛ تنکاب	superfichale
poco profondo	سطحی؛ تنکاب	poko profondo
senza vergogna	بی شرمانه	sentsa vergonyya
sagoma	شکل	sagoma
amorfo	بیقالب؛ بی شکل	amorfo
formoso	خوش هیکل؛ خوش ترکیب	formozo
polputo	خوش هیکل؛ خوش ترکیب	polputo
condividere	اشتراک گذاشتن	kondividere
azionista	سهامدار؛ سهمدار	atsionista
molare	تراشیدن؛ تند کردن	molare
affilare	تراشیدن؛ تند کردن	affilare
aggressivamente	به شدت	aggressivamente
spaccare	خرد کردن؛ متلاشی کردن	spakkare
fracassare	خرد کردن؛ متلاشی کردن	frakassare
radere	تراش؛ تراشیدن	radere
radersi	تراش؛ تراشیدن	radersi
scaglia	اصلاح؛ صورت تراشی	skalya
scheggia	اصلاح؛ صورت تراشی	skeja
lei	او (زن)	lei
ella	او (زن)	ella
covone	بافه؛ بافه کردن	kovone
fascio	بافه؛ بافه کردن	fasho
separare	خرگاه	separare
pecora	گوسفند	pekora
pecorile	گوسفندی؛ گوسفندوار	pekorile
pecorino	گوسفندی؛ گوسفندوار	pekorino
scotta	ورق، ملافه	skotta
teglia da forno	ورق، ملافه	telya da forno
mensola	طاقچه؛ تاقچه	mensola
drusa	پوست؛ لاک	druza
geode	پوست؛ لاک	jeode
rifugiarsi	ملجا؛ ملجاء	rifujarsi
pecoraio	چوپان؛ شبان	pekoraio
sceriffo	داروغه؛ ضابط شهربانی	sheriffo
scudo	سپر	skudo
riparo	سپر	riparo
astronave	کشتی	astronave
a bordo della nave	سوار کشتی؛ کنار کشتی	a bordo della nave
costruttore navale	کشتیساز	kostruttore navale
costruzione navale	کشتیسازی	kostrutsione navale
spedizioniere	مسافر کشتی؛ محموله کشتی	speditsioniere
naufragio	غرق کشتی؛ کشتی شکسته شدن	naufrajo
relitto	غرق کشتی؛ کشتی شکسته شدن	relitto
camicia	پیراهن	kamicha
tremore	لرزه؛ مورمور شدن	tremore
scossa	یکه؛ ضغطه	skossa
sconvolgente	تکان‌دهنده	skonvoljente
calzato	نعل کفش	kaltsato
scarpa	کفش	skarpa
calzatura	کفش	kaltsatura
sparare	نهال؛ تیر زدن	sparare
sparatoria	شلیک؛ تیراندازی	sparatoria
negozio	فروشگاه، خرید کردن	negotsio
magazzino	فروشگاه، خرید کردن	magatsino
bottegaia	دکاندار؛ مغازه دار	bottegaia
bottegaio	دکاندار؛ مغازه دار	bottegaio
tosato	پشم چیده	tozato
privato	پشم چیده	privato
corto	کوتاه	korto
scorciare	کوچک کردن؛ کوتاه کردن	skorchare
a breve termine	کوتاه‌مدت	a breve termine
tiro	تیر؛ عکس	tiro
sparo	تیر؛ عکس	sparo
banchina	شانه	bankina
acclamare	فریاد زدن، فریاد	akklamare
spintonare	هل؛ تپاندن	spintonare
badile	بیل زدن؛ بیلچه زدن	badile
spettacolo	نمایش، نشان دادن	spettakolo
rovescio di pioggia	دوش	rovesho di pioja
vistoso	خودنما؛ پرجلوه	vistozo
bomba antiuomo	گلوله افشان؛ گلوله انفجاری	bomba anti uomo
schegge	گلوله افشان؛ گلوله انفجاری	skeje
scaltro	ناقلا	skaltro
sveglio	ناقلا	zvelyo
strillo	فریاد دلخراش زدن	strillo
strillare	فریاد دلخراش زدن	strillare
stridulo	زیر؛ شبیه صفیر	stridulo
gamberetto	میگو	gamberetto
restringersi	انقباض؛ کوچک شدن	restrinjersi
Ritiro del calcestruzzo	کیس؛ آب رفتگی	ritiro del kalchestrutso
arbusti	درختچه زار	arbusti
boscaglia	درختچه زار	boskalya
battente	پشت دری	battente
persiana	پشت دری	persyana
adombrarsi	کمرو؛ خجالتی	adombrarsi
Siberia	سیبریه؛ سیبری	siberia
sorella	خواهر یا برادر	sorella
ammalata	بیمار	ammalata
ammalato	بیمار	ammalato
falciforme	داسقاله؛ دهره	falchiforme
lato	کنار	lato
setacciatura	نخاله؛ بوجاری	setachatura
sbuffo	آه کشیدن؛ آوخ کشیدن	zbuffo
sospiro	آه کشیدن؛ آوخ کشیدن	sospiro
firma	امضا	firma
significanza	اهمیت	sinyifikantsa
epocale	مهم؛ پرمعنی	epokale
rimarchevole	مهم؛ پرمعنی	rimarkevole
silente	ساکت؛ خاموش	silente
controluce	نیمرخ	kontroluche
seta	ابریشم؛ خامه	seta
setoso	ابریشمی؛ حریری	setozo
serico	ابریشمی؛ حریری	seriko
baco da seta	کرم ابریشم؛ کرم پیله	bako da seta
davanzale	گسله بستری	davantsale
soletta	گسله بستری	soletta
sciocco	خری	shokko
moneta d'argento	نقره، نقره‌ای	moneta darjento
argenteo	نقره، نقره‌ای	arjenteo
argenteria	نقره آلات	arjenteria
similarità	شباهت؛ تشابه	similarita
Simone	شمعون	simone
semplicità	سادگی	semplichita
semplificare	ساده کردن	semplifikare
semplicemente	بسادگی	semplichemente
in parole povere	بسادگی	in parole povere
simultaneamente	همزمان؛ به طور همزمان	simultaneamente
a partire da	از آن زمان که، چون	a partire da
fervido	صاف؛ صمیمی	fervido
sinceramente	صمیمانه؛ صادقانه	sincheramente
sincerità	خلوص؛ صمیمیت	sincherita
tendineo	سخت پی	tendineo
cantare	آواز خواندن	kantare
gazatrice	خواننده	gatsatriche
cantante	خواننده	kantante
cantando	آواز خواندن	kantando
single	مجرد، تک	singol
[uomo] celibe	مجرد، تک	vomo chelibe
singolare	تکین	singolare
singolarità	تکینی	singolarita
affondare	منجلاب؛ چاهک	affondare
inabissare	منجلاب؛ چاهک	inabissare
peccatore	عاصی؛ مخطی	pekkatore
peccatrice	عاصی؛ مخطی	pekkatriche
sinuoso	گمراه کننده	sinuozo
sorbire	جرعه؛ مزمزه	sorbire
sedersi	نشستن	sedersi
circostanza	سایت	chirkostantsa
situazione	موقعیت	situatsione
sei	شش	sei
sedici	شانزده	sedichi
sesta	سادس؛ سدس	sesta
sesto	سادس؛ سدس	sesto
sessanta	شصت	sessanta
taglia	اندازه	talya
scheletro	چارچوب؛ اسکلت	skeletro
scetticismo	دیرباوری	shettichizmo
sci	اسکی، اسکی کردن	shi
sciare	اسکی، اسکی کردن	shiare
abilità	مهارت	abilita
abilemente	ماهرانه	abilemente
interfaccia	پوست	interfacha
schermaglia	کشمکش؛ زد و خورد	skermalya
gonna	دامن	gonna
cranio	جمجمه	kranio
teschio	جمجمه	teskio
kippah	عرقچین؛ کلاه بره	kippa
lucernario	پنجره طاق	luchernario
verso il cielo	به‌طرف آسمان	verso il chelo
allentato	شل کردن	allentato
ucciso	مقتول	uchizo
calunnia	افترا؛ ذم	kalunnia
gergo	عامیانه؛ اصطلاح عامیانه	jergo
fendere	نشان ممیز؛ خیلی کم کردن	fendere
ardesia	تورق؛ پلمه	ardezia
nero ardesia	تورق؛ پلمه	nero ardezia
massacro	کشتار؛ خونریزی	massakro
mattanza	کشتار؛ خونریزی	mattantsa
slavo	اسلاو؛ اسلاو زبان	zlavo
schiavo	برده؛ غلام	skyavo
schiava	برده؛ غلام	skyava
schiavitù	برده‌داری؛ بندگی	skyavitu
pedissequo	غلام صحت	pedissekvo
slitta	سورتمه راندن	zlitta
liscio	چرب ونرم	lisho
dormire	خواب؛ خوابیدن	dormire
sonno	خواب؛ خوابیدن	sonno
manicotto	آستین	manikotto
fodera	آستین	fodera
scivolare	تعداد زیادی؛ چرخاندن ناگهانی	shivolare
derapare	تعداد زیادی؛ چرخاندن ناگهانی	derapare
fetta	قاش کردن؛ قاچ کردن	fetta
striscia	قاش کردن؛ قاچ کردن	strisha
scivolo	سرسره؛ سراندن	shivolo
snello	باریک اندام	znello
melma	لجن؛ خره	melma
fionda	قلاب سنگ؛ سنگ قلاب	fionda
frombola	قلاب سنگ؛ سنگ قلاب	frombola
slittare	لغزش؛ سقطه	zlittare
ciabatta	کفش راحتی؛ دم پائی	chabatta
babbuccia	کفش راحتی؛ دم پائی	babbucha
scivolosa	سر؛ لیز	shivoloza
scivoloso	سر؛ لیز	shivolozo
slogan	شعار	zlogan
corvetta	قایق جنگی	korvetta
sloop	قایق جنگی	zloop
pendenza	شیب؛ دامنه	pendentsa
sbarra	شکاف کوچک	zbarra
bradipo	تنبل	bradipo
accidia	تنبل	achidia
mutare	خشک ریشه	mutare
fare la muta	خشک ریشه	fare la muta
sciatto	هردمبیل؛ لا ابالی	shatto
tarda	آهسته	tarda
tardo	آهسته	tardo
lentamente	به آرامی	lentamente
lento	کساد؛ لش	lento
sonnolenza	چرت زدن؛ پینکی زدن	sonnolentsa
dormiveglia	چرت زدن؛ پینکی زدن	dormivelya
crollare	زمین باتلاقی؛ کاهش فعالیت	krollare
sornione	موذیانه؛ رند	sornione
schiaffeggiare	ماچ صدادار؛ باصدا غذاخوردن	skyaffejare
vaiolo	آبله	vayolo
insolente	زرنگ؛ زیرک	insolente
smartphone	گوشی هوشمند	zmartfon
fiutare	بو، بو کردن	fyutare
sorridere	لبخند، لبخند زدن	sorridere
fumata	دود، سیگار کشیدن	fumata
fumo	دود، سیگار کشیدن	fumo
fumatore	سیگاری؛ اهل دود	fumatore
fumare	سیگار کشیدن	fumare
merendina	ته بندی	merendina
spuntino	ته بندی	spuntino
lumaca	حلزون؛ لیسه	lumaka
chiocciola	حلزون؛ لیسه	kiochola
biscia	مار	bisha
sbottare	بشکن؛ شتابزدگی	zbottare
schioccare	بشکن؛ شتابزدگی	skiokkare
prendere al lazo	تله؛ با تله گرفتن	prendere al latso
insidia	تله؛ با تله گرفتن	insidia
intrecciare	دندان قروچه کردن	intrechare
scippare	مقدار کم؛ قاپ زنی	shippare
ghigno	پوزخند؛ نیشخند	ginyyo
sogghigno	پوزخند؛ نیشخند	sogginyyo
annusare	بوکشیدن؛ فن فن کردن	annuzare
russare	خرخر؛ خرخره	russare
sniffare	زفیر کشیدن	zniffare
sniffando	خر و خر	zniffando
grugno	پوزه؛ سرلوله آب	grunyyo
proboscide	پوزه؛ سرلوله آب	proboshide
neve	برف، برف باریدن	neve
nevicata	برف، برف باریدن	nevikata
nevoso	برفی	nevozo
tabacco da fiuto	انفیه؛ انفیه زدن	tabakko da fyuto
così	بنابراین، خیلی	kozi
tanto	بنابراین، خیلی	tanto
imbeversi	آغشتن؛ خیساندن	imbeversi
inzupparsi	آغشتن؛ خیساندن	intsupparsi
sapone	صابون	sapone
insaponare	صابون	insaponare
singhiozzare	بغض گریه	singiotsare
singhiozzo	بغض گریه	singiotso
cosiddetto	به اصطلاح	koziddetto
sociale	اجتماعی	sochale
socialismo	سوسیالیسم؛ سوسیالیزم	sochalizmo
socialista	سوسیالیست؛ سوسیالیستی	sochalista
sociologia	انسان شناسی؛ جامعه شناسی	socholojia
calza	جوراب	kaltsa
calzino	جوراب	kaltsino
fradicio	نیم پخته؛ چروکیده وپژمرده	fradicho
divano	نیمکت؛ کاناپه	divano
morbido	نرم	morbido
ammorbidirsi	نرم کردن؛ شیرین کردن	ammorbidirsi
addolcire	نرم کردن؛ شیرین کردن	addolchire
software	نرم افزار	softver
suolo	خاک؛ تراب	suolo
soggiornare	موقتا اقامت کردن	sojornare
solare	آفتابی؛ شمسی	solare
saldare	لحیم؛ لحیم کردن	saldare
lega per saldatura	لحیم؛ لحیم کردن	lega per saldatura
soldato	سرباز	soldato
solenne	سنگین؛ موقرانه	solenne
Solicitor	خواهنده	solichitor
solidarietà	همبستگی؛ بهم پیوستگی	solidarieta
da solo	تک	da solo
Salomone	سلیمان؛ صلح دوست	salomone
soluzione	راه حل	solutsione
solvibile	حلال؛ مایع محلل	solvibile
solvente	حلال؛ مایع محلل	solvente
in qualche modo	به نحوی	in kvalke modo
qualcosa	چیزی	kvalkoza
qualche volta	زمانی	kvalke volta
a volte	گاهی اوقات	a volte
talvolta	گاهی اوقات	talvolta
leggermente	تاحدی؛ مقدار نامعلومی	lejermente
da qualche parte	جایی	da kvalke parte
in qualche luogo	جایی	in kvalke luogo
figliolo	پسر	filyolo
canzone	آهنگ	kantsone
sonoroso	طنین انداز	sonorozo
fuliggine	دوده؛ دودهای کردن	fulijine
lenire	استمالت کردن؛ دل بدست آوردن	lenire
mitigare	استمالت کردن؛ دل بدست آوردن	mitigare
fuligginoso	دودهای	fulijinozo
caliginoso	دودهای	kalijinozo
sofisticato	پیچیده	sofistikato
dolorante	ریشناک؛ جای زخم	dolorante
dolorosamente	به‌سختی	dolorozamente
sauro	ریواس؛ ترشک	sauro
acetosa	ریواس؛ ترشک	achetoza
scusi	متاسف	skuzi
insenatura	صدا، به نظر رسیدن	insenatura
suono	صدا، به نظر رسیدن	suono
brodo	سوپ	brodo
zuppa	سوپ	dzuppa
agro	ترش؛ ترشیده	agro
[2] fonte	منبع	due fonte
[1] sorgente	منبع	uno sorjente
sud	جنوب	sud
meridionale	جنوب	meridionale
sud est	جنوب شرقی؛ جنوب شرق	sud est
sud-ovest	جنوب غربی	sudovest
arbitrio	شاهی؛ خداوندی	arbitrio
seminare	خوک ماده؛ ماده خوک	seminare
scrofa	خوک ماده؛ ماده خوک	skrofa
seminando	حرث؛ تخم پاشی	seminando
spacioso	جادار؛ فراخ	spachozo
Spagna	اندلس؛ اسپانی	spanynya
spanna	وجب؛ گستردگی	spanna
spagnola	اسپانیولی	spanyola
spagnolo	اسپانیولی	spanyolo
scintilla	جرقه؛ اخگر	shintilla
passero	گنجشک	passero
spasmo	تشنجه	spazmo
spastico	انقباضی	spastiko
uose	بچهحلزون	voze
spaziale	فاصلهای	spatsyale
parlare	صحبت کردن	parlare
relatore	بلندگو، سخنران	relatore
relatrice	بلندگو، سخنران	relatriche
germoglio	نیزه؛ سنان	jermolyo
speciale	خاص	spechale
specialista	متخصص؛ ویژهگر	spechalista
specializzarsi	تخصص یافتن	spechalidzarsi
specializzato	تخصصی	spechalidzato
specie	انواع	speche
specifico	خاص	spechifiko
specifica	مشخصه؛ تصریح	spechifika
specificazione	مشخصه؛ تصریح	spechifikatsione
accantonare	مشخص کردن	akkantonare
spettacolare	تماشایی	spettakolare
spettatore	تماشاگر	spettatore
supporre	حدس و گمان زدن	supporre
speculazione	گمانه‌زنی	spekulatsione
speculatore	زمین خوار؛ سفته باز	spekulatore
parola	سخنرانی	parola
ammutolito	بی حرف؛ بی جواب	ammutolito
senza parole	بی حرف؛ بی جواب	sentsa parole
celerità	سرعت	chelerita
velocità	سرعت	velochita
compitare	هجی کردن	kompitare
sillabare	هجی کردن	sillabare
ortografia	هجی	ortografia
spendendo	صرف	spendendo
speso	مصروف؛ رها شده	spezo
trascorso	مصروف؛ رها شده	traskorso
sfinge	ابوالهول؛ سینه زن	sfinje
Sfinge	ابوالهول؛ سینه زن	sfinje
spezia	ادویه	spetsia
spezie	ادویه	spetsye
ragno	عنکبوت	ranynyo
filare	چرخان؛ ریس	filare
girare	چرخان؛ ریس	jirare
spinale	صلبی؛ شوکی	spinale
fuso	دوک	fuzo
spina dorsale	تیره پشت؛ ستون فقرات	spina dorsale
aumentare vertiginosamente	حلزونی؛ مارپیچ رفتن	aumentare vertijinozamente
guglia	ساقه باریک	gulya
spirito	روح؛ روحیه؛ الکل	spirito
spirituale	روحانی؛ معنوی	spirituale
spiritual	روحانی؛ معنوی	spiritual
spiritualità	روحانیت؛ معنویت	spiritualita
spiritualemente	روحا؛ غیر مادی	spiritualemente
sputare	تف؛ خدو	sputare
spiedo	تف؛ خدو	spyedo
malevolenza	کینه	malevolentsa
dispettoso	مغرض؛ غرضآلود	dispettozo
vendicativo	مغرض؛ غرضآلود	vendikativo
milza	سپرز؛ طحال	miltsa
splendido	باشکوه؛ باجلال	splendido
splenico	اسپرزی؛ طحالی	spleniko
Spalato	شکاف؛ شکافته	spalato
divisore	شکافنده؛ شکاف دهنده	divizore
spaccatore	شکافنده؛ شکاف دهنده	spakkatore
andare a male	خراب کردن	andare a male
spugna	ابر؛ لیف	spunyya
spugnoso	لیفی؛ اسفنجی	spunyozo
sponsore	ضامن؛ متقبل	sponsore
sponsorizzazione	حمایت مالی	sponsoridzatsione
spontaneo	بالبداهه؛ ناخودآگاه	spontaneo
spontaneamente	ناخودآگاه؛ خودبخود	spontaneamente
cucchiaio	قاشق	kukkyaio
limonare	قاشق	limonare
sporadico	گاهبگاه	sporadiko
spora	هاگ؛ هاگ آوردن	spora
sport	ورزش	sport
slogatura	رگ کردن؛ بدرد آوردن	zlogatura
contorsione	رگ کردن؛ بدرد آوردن	kontorsione
esteso	گل و گشاد	estezo
sdraiato scompostamente	گل و گشاد	zdrayato skompostamente
atomizzatore	افشاندن؛ دواپاشی	atomidzatore
imbandigione	گسترش دادن؛ پخش شدن	imbandijone
molla	بهار	molla
primavera	بهار	primavera
spargere	گلنم؛ آب پاشی کردن	sparjere
aspergere	گلنم؛ آب پاشی کردن	asperjere
germogliare	جوانه؛ جوانه زدن	jermolyare
peccio	صنوبر	pecho
abete rosso	صنوبر	abete rosso
filato	تابداده؛ ریسته	filato
girato	تابداده؛ ریسته	jirato
spronare	سیخک؛ مهمیز	spronare
pungolare	سیخک؛ مهمیز	pungolare
spiare	آبشت؛ خبرگیر	spyare
squadra	جوخه	skvadra
squadrone	بهادران	skvadrone
squamoso	فلس دار	skvamozo
scaglioso	فلس دار	skalyozo
sperperare	تبذیر کردن؛ اسراف کردن	sperperare
sprecare	تبذیر کردن؛ اسراف کردن	sprekare
casella	مربع	kazella
piazza	مربع	pyatsa
casa occupata	قوز کردن؛ چاق وخپل	kaza okkupata
edificio occupato	قوز کردن؛ چاق وخپل	edificho okkupato
spremere	چلاندن؛ فشاردن	spremere
scudiero	ملاک عمده	skudiero
valletto	ملاک عمده	valletto
scoiattolo	سنجاب	skoiattolo
pugnalata	چاقو زدن؛ زخم چاقو	punyalata
coltellata	چاقو زدن؛ زخم چاقو	koltellata
stabilità	پشتکار؛ پایداری	stabilita
scuderia	پایدار؛ طویله	skuderia
scuderie	پایدار؛ طویله	skuderie
stadio	ورزشگاه؛ میدان ورزش	stadio
addio al celibato	آهو	addio al chelibato
fase	صحنه، مرحله	faze
diligenza	دلیجان	dilijentsa
tentennare	گیج خوردن؛ یله رفتن	tentennare
barcollare	گیج خوردن؛ یله رفتن	barkollare
sconcertante	تلو؛ تلوتلو	skonchertante
stagnante	راکد؛ کساد	stanyante
stagnazione	رکود؛ ناروانی	stanyatsione
chiazza	لکه؛ شایبه	kyatsa
scalinata	پلگان؛ راه پله	skalinata
partecipazione	وتد؛ اخیه	partechipatsione
stantio	بیات؛ بیات کردن	stantio
inseguire	ساقه؛ ساق	insegvire
platea	غرفه، متوقف شدن	platea
chiosco	غرفه، متوقف شدن	kiosko
stallone	نریان؛ اسب نر	stallone
lealista	جوانمرد؛ اندام دار	lealista
conio	تمبر، مهر	konio
fuggifuggi	لگد کردن؛ لگد کوب	fujifuji
opinione	موضع	opinione
stare in piedi	ایستادن	stare in pyedi
standard	علامت؛ عیار	standard
fermata	سکته؛ لنگی	fermata
alimento base	قلم اصلی؛ مواد خام	alimento baze
divo	ستاره؛ ستاره، ستاره‌دار کردن	divo
star	ستاره؛ ستاره، ستاره‌دار کردن	star
amido	نشاسته؛ آهار	amido
appretto	نشاسته؛ آهار	appretto
luce delle stelle	نور ستاره	luche delle stelle
stellato	پرستاره	stellato
morire di fame	گرسنه ماندن	morire di fame
arte di governo	ملک داری؛ کشور داری	arte di governo
dichiarazione	اظهار نظر	dikyaratsione
elettrostatico	ثابت؛ بی حرکت	elettrostatiko
emittente	ایستگاه	emittente
statistico	احسائی؛ آماری	statistiko
statistica	ارقام؛ آمار	statistika
statua	مجسمه؛ تندیس	statua
statuario	شبیه مجسمه؛ مجسمه وار	statuario
statura	قدر وقیمت	statura
statutario	طبق قانون	statutario
stare	ماندن	stare
vece	مفید بودن	veche
stabile	محکم؛ استوار	stabile
rubare	دزدیدن	rubare
vapore	بخار	vapore
nave a vapore	قایق بخاری	nave a vapore
acciaio	فولاد؛ فولادی	achaio
ripido	تنده؛ شیبدار	ripido
scosceso	تنده؛ شیبدار	skoshezo
aprire lo spazzaneve	ریشه؛ ساقه	aprire lo spatsaneve
derivare	ریشه؛ ساقه	derivare
puzza	تعفن؛ زهم	putsa
fetore	تعفن؛ زهم	fetore
stencil	استنسیل؛ استنسیل کردن	stenchil
scalino	قدم، گام	skalino
figliastra	نادختری؛ دختر خوانده	filyastra
patrigno	ناپدری؛ پدراندر	patrinyyo
matrigna	نامادر؛ مادرخوانده	matrinyya
steppa	استپ	steppa
superlativo	پوند؛ استرلینگ	superlativo
arcigno	عبوس؛ عبوسانه	archinyyo
inflessibile	عبوس؛ عبوسانه	inflessibile
stetoscopio	گوشی	stetoskopio
stivatore	بارگیری وباراندازی کردن	stivatore
stufato	خورش؛ دم کردن	stufato
preoccuparsi	خورش؛ دم کردن	preokkuparsi
attaccarsi	لول؛ چسبیدن	attakkarsi
poco opportuno	چسبنده؛ چسبناک	poko opportuno
irrigidire	شق کردن؛ سیخ شدن	irrijidire
rigidezza	جمود	rijidetsa
scaletta	سنگچین	skaletta
stimulante	محرک؛ ماده محرک	stimulante
preliminari	تحریک؛ انگیزش	preliminari
pungere	نیش؛ گزش	punjere
avarizia	خست؛ بخل	avaritsia
avaro	زفت؛ ممسک	avaro
tirchio	زفت؛ ممسک	tirkio
stipulato	مصرح	stipulato
stipulazione	مصرح؛ مصرحات	stipulatsione
armento	سهام؛ موجودی	armento
stomaco	معده	stomako
granitico	باسنگ ساختن	granitiko
roccioso	باسنگ ساختن	rochozo
sgabello	کرسی؛ عسلی	zgabello
memorizzazione	مخزن؛ انبارش	memoridzatsione
tempesta	طوفان	tempesta
bufera	طوفان	bufera
tempestoso	متلاطم؛ توفانی	tempestozo
corpulento	نوعی آبجو؛ قوی بنیه	korpulento
fornello	اجاق؛ تون	fornello
stufa	اجاق؛ تون	stufa
drizzare	راست کردن؛ مستقیم شدن	dritsare
franco	رک؛ صریحاللهجه	franko
filo	تار؛ کنار رود	filo
filamento	تار؛ کنار رود	filamento
strangulazione	اختناق	strangulatsione
frustare	تسمه؛ تسمه زدن	frustare
prendere a cinghiate	تسمه؛ تسمه زدن	prendere a chingyate
strategico	سوقالجیشی؛ استراتژیک	stratejiko
strategista	رزمآرا	stratejista
strategia	استراتژی	stratejia
stratificato	رگه دار	stratifikato
ceto	طبقه؛ رگه	cheto
paglia	کاه؛ خس	palya
festuca	کاه؛ خس	festuka
fragola	چلم؛ توت فرنگی	fragola
deviando	ضلالت؛ بیراهه روی	devyando
vagando	ضلالت؛ بیراهه روی	vagando
striatura	سپیده دم	striatura
rinforzarsi	تقویت کردن	rinfortsarsi
strenuoso	فوق العاده	strenuozo
stress	استرس، استرس وارد کردن	stress
tendere	بسیط؛ امتداددادن	tendere
colpito	دچار؛ مصیبت زده	kolpito
rigorosamente	به شدت	rigorozamente
restringimento	ضیق؛ سخت گیری	restrinjimento
critica severa	ضیق؛ سخت گیری	kritika severa
falcata	گام؛ شلنگ	falkata
scavalcare	گام؛ شلنگ	skavalkare
tenzone	نفاق؛ سعی بلیغ	tentsone
sciopero	ضرب؛ ضربت	shopero
arrendersi	ضرب؛ ضربت	arrendersi
corso	نوار؛ باریکه	korso
via principale	نوار؛ باریکه	via princhipale
corsi	خطوط	korsi
ambire	جدیت کردن	ambire
giocata	سکته، ضربه	jokata
camminata	گرد؛ گردیدن	kamminata
stroma	بافت بنیادی	stroma
aitante	قوی	aitante
roccaforte	قلعه نظامی	rokkaforte
fortemente	شدیدا	fortemente
strutturale	ساختمانی	strutturale
lottare	تلاش؛ تنازع	lottare
Puntone	خرامیدن	puntone
stoppia	ته ریش؛ ریش زبر	stoppia
ostinata	غد؛ سرسخت	ostinata
tenacemente	لجوجانه	tenachemente
cocciutamente	لجوجانه	kochutamente
tozzo	سیخ سیخ	totso
bloccato	چسبیده؛ چسباننده	blokkato
fusto	ایلخی؛ گل میخ	fusto
studente	دانش آموز	studente
studentessa	دانش آموز	studentessa
studiare	جاهد؛ کتاب خوان	studyare
cose	جنس؛ بساط	koze
roba	جنس؛ بساط	roba
soffocante	محافظه کار	soffokante
scivolone	لغزاندن؛ سقطه	shivolone
moncherino	سنگینکندهدرخت؛ ته شاخه	monkerino
basito	خیره شدن؛ بهت زده	bazito
attonito	خیره شدن؛ بهت زده	attonito
stupenda	خیره‌کننده	stupenda
stupendo	خیره‌کننده	stupendo
stupendoso	شگفت انگیز	stupendozo
scemo	احمق	shemo
asinata	خرف؛ حماقت	azinata
fesseria	خرف؛ حماقت	fesseria
scemamente	احمقانه؛ بی خردانه	shemamente
robusta	تنومند؛ خوش بنیه	robusta
porcile	شعیره؛ در طویله قرار دادن	porchile
orzaiolo	شعیره؛ در طویله قرار دادن	ordzayolo
stile	سبک	stile
subacuto	زیرحاد	subakuto
sottosezione	بخشیزه؛ زیرقسمت	sottosetsione
sottomettere	مقهور کردن؛ رام کردن	sottomettere
soggiogare	مقهور کردن؛ رام کردن	sojogare
suddito	موضوع	suddito
soggetto	موضوع	sojetto
sublime	متعال؛ برین	sublime
sottomarino	زیردریایی؛ تحت البحری	sottomarino
sommergibile	زیردریایی؛ تحت البحری	sommerjibile
submissione	فرمانبرداری؛ اذعان	submissione
submissivo	مطیع؛ خاشع	submissivo
sottoporre	تسلیم کردن؛ تمکین کردن	sottoporre
iponimo	تابع؛ زیردست	iponimo
subordinazione	مادونی؛ فرمان برداری	subordinatsione
abbonarsi	اشتراک کردن؛ مشترک شدن	abbonarsi
subscripzione	اشتراک؛ آبونمان	subskriptsione
ulteriore	بعدی	ulteriore
poi	متعاقباً	poi
sottomissione	زیر زاوری	sottomissione
calmarsi	نشست کردن؛ فروکش کردن	kalmarsi
Sussidio	کمک مالی؛ کمک هزینه	sussidio
subsista	گذران کردن	subsista
sussistenza	معاش؛ گذران	sussistentsa
sostituzione	جانشینی؛ جانشین سازی	sostitutsione
sotterraneo	تحت الارضی	sotterraneo
sobborgo	حومه شهر	sobborgo
suburbano	برون شهری	suburbano
riuscire	موفق شدن	riushire
riuscito	موفق	riushito
con successo	به موفقیت؛ با موفقیت	kon suchesso
successivamente	متواترا	suchessivamente
successore	جانشین؛ خلف	suchessore
soccorso	موجب کمک	sokkorso
tale	چنین	tale
fare schifo	مکیدن؛ مک زدن	fare skifo
essere una schiappa	مکیدن؛ مک زدن	essere una skyappa
lattante	شیر خوار؛ بچه شیری	lattante
allattamento	شیر خوار؛ بچه شیری	allattamento
aspirazione	مکش	aspiratsione
succhiare	مکش	sukkyare
improvvisa	تند؛ ناگهان	improvviza
improvviso	تند؛ ناگهان	improvvizo
all'improvviso	ناگهان	allimprovvizo
patire	خون کردن؛ خون شدن	patire
penare	خون کردن؛ خون شدن	penare
patitore	متحمل؛ درد کش	patitore
bastare	کفایت کردن؛ کافی بودن	bastare
Sufficienza	کفایت؛ تکافو	suffichentsa
sufficiente	کافی	suffichente
sufficientemente	به اندازه کافی	suffichentemente
suffocazione	اختناق؛ خفقان	suffokatsione
2] zucchero	شکر	due tsyukkero
zucchero	شکر	tsyukkero
mieloso	شکری؛ شیرین زبان	myelozo
mellifluo	شکری؛ شیرین زبان	mellifluo
suggerire	پیشنهاد کردن	sujerire
suggestione	پیشنهاد	sujestione
suggerimento	پیشنهاد	sujerimento
suicidio	مذبوحانه	suichidio
suicida	مذبوحانه	suichida
suitabilità	مناسبت؛ سازگاری	suitabilita
suite	قطعه موسیقی؛ خدم و حشم	suite
postulante	خواستگار؛ عرضحال دهنده	postulante
pretendente	خواستگار؛ عرضحال دهنده	pretendente
imbronciato	قهر	imbronchato
solfato	سولفات	solfato
solforare	گوگرد؛ کبریت	solforare
zolfo	گوگرد؛ کبریت	dzolfo
sultano	سلطان	sultano
somma	وجه؛ مجموع	somma
sommare	وجه؛ مجموع	sommare
sommariamente	جستهو گریخته	sommariamente
sbrigativamente	جستهو گریخته	zbrigativamente
riassumere	خلاصه کردن؛ چکیده کردن	riassumere
riassunto	خلاصه؛ ملخص	riassunto
estratto	خلاصه؛ ملخص	estratto
estate	تابستان	estate
incontro al vertice	قله؛ اعلی درجه	inkontro al vertiche
intimare	فراخوانی؛ احضاریه	intimare
sole	خورشید	sole
raggio di sole	تیغ آفتاب	rajo di sole
domenica	یکشنبه	domenika
girasole	روزگردک؛ گل آفتاب پرست	jirazole
affondato	فرورفته؛ غرق شده	affondato
incavato	فرورفته؛ غرق شده	inkavato
soleggiata	آفتابی؛ آفتاب گیر	solejata
soleggiato	آفتابی؛ آفتاب گیر	solejato
aurora	مطلع؛ سحرگاه	aurora
luce del sole	نور آفتاب	luche del sole
super	فوق‌العاده	super
superficialemente	صورتا	superfichalemente
superfluo	غیر ضروری	superfluo
sovrumano	مافوق انسانی	sovrumano
soprintendente	ناظم	soprintendente
sovrintendente	ناظم	sovrintendente
superiore	ارشد؛ مافوق	superiore
superiorità	شرف؛ تفوق	superiorita
supermercato	سوپرمارکت	supermerkato
soprannaturale	فوق العاده؛ مافوق طبیعت	soprannaturale
sovrannaturale	فوق العاده؛ مافوق طبیعت	sovrannaturale
superstizioni	موهومات	superstitsioni
superstizioso	موهوم؛ خرافاتی	superstitsiozo
supervisione	نظارت؛ مراقبت	supervizione
desinare	شام؛ عشا	dezinare
duttile	کش دار	duttile
supplementare	مکمل؛ تکمیلی	supplementare
fornitura	عرضه؛ تهیه کردن	fornitura
approvvigionamenti	عرضه؛ تهیه کردن	approvvijonamenti
fautore	طرفدار؛ هواخواه	fautore
suppressione	سرکوب؛ سرکوبی	suppressione
suprema	عالی؛ عظما	suprema
supremo	عالی؛ عظما	supremo
certa	مطمئن	cherta
sicuramente	بداخم؛ البته	sikuramente
frangenti	خیزآب	franjenti
navigare	خیزآب	navigare
superficie	سطح؛ رویه	superfiche
Surge	موج زدن؛ موجدار بودن	surje
chirurgo	جراح	kirurgo
chirurgia	جراحی؛ عمل جراحی	kirurjia
ambulatorio	جراحی؛ عمل جراحی	ambulatorio
chirurgico	عمل جراحی	kirurjiko
cognome	شهرت؛ ورنام	konyome
sorpreso	غافلگیر شده	sorprezo
straordinariamente	متعجبانه	straordinariamente
incredibilmente	متعجبانه	inkredibilmente
assediare	محصور کردن؛ احاطه کردن	assedyare
esaminare	ممیزی؛ تخطیط	ezaminare
geometra	ممیز؛ مساح	jeometra
superstite	بازمانده	superstite
susceptibile	مستعد؛ فروگیر	susheptibile
sospettare	مظنون؛ موردشک	sospettare
sospendere	به حالت تعلیق درآوردن	sospendere
appendere	به حالت تعلیق درآوردن	appendere
suspense	درحال تعلیق	sespans
balestra	معلق؛ تعلیق	balestra
sospetto	شک؛ ظن	sospetto
soffrire	مقاومت کردن؛ اعاشه کردن	soffrire
sostenibile	پایدار	sostenibile
lavapavimenti	سنبه جراحی	lavapavimenti
boria	کبر فروشی؛ خود فروشانهگام زدن	boria
spavalderia	کبر فروشی؛ خود فروشانهگام زدن	spavalderia
cigno	غو؛ دجاجه	chinyyo
ostentazione	قروغمزه آمدن؛ شیک وبا	ostentatsione
nugolo	هجوم کردن؛ ازدحام کردن	nugolo
sciame	هجوم کردن؛ ازدحام کردن	shame
scuro	گندمگون؛ تیره روی	skuro
giurare	سوگند؛ ناسزا	jurare
insultare	سوگند؛ ناسزا	insultare
Svezia	سوئد	zvetsia
svedese	سوئدی	zvedeze
zuccherato	خوش؛ شیرین	dzukkerato
dolcificato	خوش؛ شیرین	dolchifikato
gonfiarsi	غلپیدن؛ باد کردن	gonfyarsi
ingrossarsi	غلپیدن؛ باد کردن	ingrossarsi
spazzato	کج شده	spatsato
travolto	کج شده	travolto
celere	تندرو؛ تکاور	chelere
nuotare	شنا کردن	nuotare
nuoto	شنا کردن	nuoto
nuotatore	شناگر؛ شناکننده	nuotatore
nuotatrice	شناگر؛ شناکننده	nuotatriche
truffa	کلاه برداری	truffa
altalena	تاب؛ نوسان	altalena
dondolare	تاب؛ نوسان	dondolare
svizzera	سویسی	zvitsera
svizzero	سویسی	zvitsero
Svizzera	سوئیس؛ سوییس	zvitsera
spada	شمشیر؛ سیف	spada
gladio	شمشیر؛ سیف	gladio
sillaba	هجا؛ سیلاب	sillaba
simbiosi	زندگی تعاونی	simbiozi
simpatizzare	دلسوزی کردن؛ اظهار تاسف کردن	simpatidzare
compatire	دلسوزی کردن؛ اظهار تاسف کردن	kompatire
empatia	غمخواری؛ دلسوزی	empatia
sintomo	علامت	sintomo
sincope	غشی؛ غش دار	sinkope
sinonimo	مرادف؛ مترادف	sinonimo
syntactico	نحوی	sintaktiko
lue	سفلیس	lue
sifilide	سفلیس	sifilide
siriano	شامی؛ سوریه ای	siriano
siringa	سرنگ؛ آبدزدک	siringa
sistema	سامانه؛ سیستم؛ نظام	sistema
sistematico	ترتیبی	sistematiko
tavolo	میز	tavolo
tabore	دمبک	tabore
taciturno	کم سخن؛ کم گفتار	tachiturno
assemblare	میخچه؛ پونز زدن	assemblare
contrastare	رسیدگی کردن، تکل	kontrastare
tatto	مردم داری	tatto
tattica	جنگ فن؛ جنگ فنی	tattika
tattico	سوقالجیشی؛ تاکتیکی	tattiko
tattile	لامسه ای	tattile
sarto	خیاط؛ درزی	sarto
perineo	شایبه؛ آلوده کردن	perineo
racconto	طلق؛ سرگذشت	rakkonto
conversazione	صحبت کردن	konversatsione
garrulo	وراج؛ پرگو	garrulo
parlatore	نطاق	parlatore
sego	پیه مالی کردن	sego
domato	آموخته؛ رام	domato
addomesticato	آموخته؛ رام	addomestikato
mandarino	نارنگی	mandarino
tangibile	لمس کردنی	tanjibile
cisterna	مخزن؛ حوض	chisterna
carro armato	مخزن؛ حوض	karro armato
rubinetto	ضربه زدن، شیر آب	rubinetto
tape	نوار؛ باندرل	tape
arazzo	ملیله دوزی	aratso
tappezzeria	ملیله دوزی	tappetseria
catrame	قیر زدن؛ قیرمالیدن به	katrame
catramare	قیر زدن؛ قیرمالیدن به	katramare
bersaglio	هدف؛ نشانگاه	bersalyo
indugiare	درنگ کردن	indujare
tarso	خرده پا	tarso
tartaro	تاتار	tartaro
tartaro dentario	تاتار	tartaro dentario
nappa	منگوله؛ شرابه	nappa
tatuaggio	خال کوبیدن؛ خال کوبی کردن	tatuajo
tatuare	خال کوبیدن؛ خال کوبی کردن	tatuare
scherno	سرکوفت؛ شماتت کردن	skerno
schernire	سرکوفت؛ شماتت کردن	skernire
taverna	میکده؛ میخانه	taverna
fulvo	گندمی؛ گندمگون	fulvo
tassa	مالیات؛ باج	tassa
imposta	مالیات؛ باج	imposta
taxi	تاکسی	taksi
contribuente	مالیات دهنده؛ مالیات پرداز	kontribuente
tè	چای	te
tisana	چای	tizana
maestra	معلم	maestra
strapparsi	اشک؛ دریدن	strapparsi
in lacrime	گریه کنان	in lakrime
cardare	شوخی کردن؛ سخنان نیشدارگفتن	kardare
pettinare	شوخی کردن؛ سخنان نیشدارگفتن	pettinare
tecnica	فنی؛ تکنیکی	teknika
tecnologico	فناورانه	teknolojiko
tecnologia	تکنولوژی	teknolojia
palloso	ممل؛ کسل کننده	pallozo
ragazzina	نوجوان	ragatsina
ragazzino	نوجوان	ragatsino
adolescenti	نوجوانی	adoleshenti
telegramma	تلگراف؛ تلگرام	telegramma
telegrafo	تلگراف؛ تلگراف کردن	telegrafo
telescopio	تلکسوپ؛ تلسکپ	teleskopio
cannocchiale	تلکسوپ؛ تلسکپ	kannokkyale
televisore	تلویزیون	televizore
televisione	تلویزیون	televizione
raccontare	گفتن	rakkontare
temerità	تهور	temerita
temperamento	فطرت	temperamento
temperanza	اعتدال	temperantsa
temperato	معتدل	temperato
temperatura	حرارت؛ دما	temperatura
procella	جوش وخروش	prochella
tempestuoso	پرتوپ وتشر	tempestuozo
tempiale	معبد	tempyale
tempia	معبد	tempia
temporale	شقی؛ فانی	temporale
temporaneamente	موقتاً	temporaneamente
temporaneo	موقت؛ موقتی	temporaneo
temporeggiare	دست بدست کردآن	temporejare
tentazione	اغوا؛ وسوسه	tentatsione
tentando	وسوسه آمیز؛ هوس انگیز	tentando
dieci	ده	dyechi
tenacioso	استوار؛ چسبنده	tenachozo
tender	مناقصه؛ پیشنهاد مناقصه	tender
tendine	تاندون؛ زردپی	tendine
dieci volte	دهگانه؛ ده چندان	dyechi volte
decuplo	دهگانه؛ ده چندان	dekuplo
Tennessee	تنسی	tennessee
tennis	تنیس	tennis
tenore	مفهوم؛ مفاد	tenore
tempo	وخیم شدن؛ زمان فعل	tempo
resistente alla trazione	کش دار	rezistente alla tratsione
tensione	تنش	tensione
decima	عشر	dechima
decimo	عشر	dechimo
molle	ولرم؛ نیمگرم	molle
trimestre	اصطلاح؛ دوره؛ شرط	trimestre
terminal	پایانه	terminal
terminare	فسخکردن؛ سپری کردن	terminare
termini	شرایط، اصطلاحات	termini
Terrace	تختان؛ تراس	terrache
terribilmente	به طرز وحشتناکی	terribilmente
terrorizzare	ترساندن	terroridzare
territoriale	زمینی؛ ارضی	territoriale
territorio	قلمرو	territorio
terrore	وحشت	terrore
terrorismo	تروریسم	terrorizmo
terrorista	تروریست	terrorista
terziario	قسمت سوم	tertsyario
testamento	عهد؛ وصیت	testamento
testicolo	تخم؛ بیضه	testikolo
coglione [vulgar]	تخم؛ بیضه	kolyone vulgar
testimoniare	شهادت دادن؛ گواهی دادن	testimonyare
testimonianza	شهادت	testimonyantsa
teutonico	توتنی	teutoniko
Texas	تکزاس؛ تگزاس	teksas
testo	متن	testo
sms	متن	esseemmeesse
libro di testo	کتاب درسی	libro di testo
stoffa	بافته؛ بافتنی	stoffa
texture	بافت؛ تاروپود	teksture
che	از (در مقایسه)	ke
ringraziare	تشکر کردن	ringratsyare
ingrato	ناممنون	ingrato
irriconoscente	ناممنون	irrikonoshente
grazie	ممنون	gratsye
giorno del ringraziamento	شکرگزاری	jorno del ringratsyamento
coprire di paglia	کاه پوش کردن؛ کاه اندود کردن	koprire di palya
disgelo	آب کردن؛ آب شدن	dizjelo
i	حرف تعریف معین	i
il	حرف تعریف معین	il
[informal and addressing one person	تورا	informal and addressing one person uzed before a verb ti / informal and addressing one person uzed after a prepozition te
used before a verb] ti	تورا	informal and addressing one person uzed before a verb ti / informal and addressing one person uzed after a prepozition te
used after a preposition] te	تورا	informal and addressing one person uzed before a verb ti / informal and addressing one person uzed after a prepozition te
loro	مال آنها	loro
i loro	مال آنها	i loro
le	آنها (مفعول)	le
essi stessi	خودشان	essi stessi
allo stesso tempo	سپس	allo stesso tempo
teologica	لدنی	teolojika
teologico	لدنی	teolojiko
teologia	الاهیات؛ علمالادیان	teolojia
teoria	فرضیه؛ نگره	teoria
terapèutico	معالج	terapeutiko
terapèutici	درمان شناسی	terapeutichi
terapista	درمانگر	terapista
là	آنجا	la
ivi	آنجا	ivi
in seguito	بعدها؛ بدانوسیله	in segvito
quindi	بنابراین	kvindi
termico	گرمایی	termiko
corrente ascensionale	گرمایی	korrente ashensionale
termometro	درجه؛ گرمانما	termometro
questi	این‌ها	kvesti
tesi	پایان‌نامه	tezi
essi	آنها	essi
spessa	انبوه؛ غلیظ	spessa
fratta	کنام؛ شاخسار	fratta
roveto	کنام؛ شاخسار	roveto
ladra	دزد؛ ربا	ladra
ladro	دزد؛ ربا	ladro
coscia	ران	kosha
redancia	انگشتانه	redancha
ditale	انگشتانه	ditale
tua	مال تو	tua
tue	مال تو	tue
cosa	چیز	koza
pensatore	فکور؛ متفکر	pensatore
terza	سوم	tertsa
terzo	سوم	tertso
terzamente	ثالثا	tertsamente
sete	عطش؛ تشنگی	sete
assetato	تشنه	assetato
tredici	سیزده	tredichi
trenta	سی	trenta
sta	این	sta
sto	این	sto
verso là	به آنطرف؛ به آنجا	verso la
toracico	صدری	torachiko
torace	قفسه سینه	torache
spina	خار؛ سرتیز	spina
aculeo	خار؛ سرتیز	akuleo
accurato	کامل	akkurato
arteria stradale	شارع عام	arteria stradale
quelle	آن‌ها؛ کسانی	kvelle
quelli	آن‌ها؛ کسانی	kvelli
premurosamente	متفکرانه	premurozamente
sconsiderato	بی فکر؛ بی خیال	skonsiderato
mille	هزار	mille
1000a	یک هزار	mille a
1.000o	یک هزار	mille o
filo conduttore	نخ؛ نخ کردن	filo konduttore
minaccioso	تهدید کننده؛ تهدید آمیز	minachozo
tre	سه	tre
triplo	ثلاثی؛ ثلاث	triplo
tripletta	ثلاثی؛ ثلاث	tripletta
trebbiare	خرمن کوبی کردن	trebbyare
tre volte	سه مرتبه؛ سه دفعه	tre volte
solleticare	هیجان؛ بهیجان آوردن	solletikare
titillare	هیجان؛ بهیجان آوردن	titillare
prosperare	پربرکت شدن؛ نشو و نما کردن	prosperare
palpito	طپیدن؛ تپش داشتن	palpito
trono	مسند؛ اورنگ	trono
in ogni parte	سرتاسر؛ سربسر	in onyyi parte
gettare	انداختن؛ افکندن	jettare
stoccata	فشار؛ تپاندن	stokkata
dito grosso	انگشت شست	dito grosso
tuono	رعد؛ تندر	tuono
tuonare	رعد؛ تندر	tuonare
giovedì	پنجشنبه	jovedi
sventare	عقیم گذاردن	zventare
tuo	مال تو	tuo
tibia	درشت نی	tibia
segno di spunta	کنه	senyyo di spunta
2] biglietto	بلیط	due bilyetto
marea	خیزآب؛ کشند داشتن	marea
tigre	ببر	tigre
teso	تنگ؛ محکم	tezo
strettezza	سفتی	strettetsa
coppo	کاشی	koppo
[roof tile] tegola	کاشی	roof tile tegola
fino a	تا؛ صندوق پول	fino a
coltivazione	کشت وزرع	koltivatsione
accestire	اهرم سکانکشتی	achestire
legno	صدای خشک؛ صدای زنگ	lenyyo
tempamente	بجا؛ بوقت	tempamente
lattina	قلع؛ حلب	lattina
alcolato	تنتور	alkolato
accelerante	فتیله فندک	achelerante
sfumatura	سایه رنگ؛ کمی رنگ زدن	sfumatura
solletico	سوزش کردن	solletiko
arrabattarsi	بندزدن؛ سرهم بندی	arrabattarsi
orpello	پولک؛ نقده	orpello
lametta	پولک؛ نقده	lametta
tonalità	ته رنگ؛ سایه رنگ	tonalita
gradazione	ته رنگ؛ سایه رنگ	gradatsione
discarica	سر؛ نوک	diskarika
mancia	سر؛ نوک	mancha
brilla	لول؛ شنگول	brilla
brillo	لول؛ شنگول	brillo
camminare in punta di piedi	تیپا؛ نوک پنجه	kamminare in punta di pyedi
stancarsi	لاستیک؛ تایر	stankarsi
stancare	لاستیک؛ تایر	stankare
stanco	خسته	stanko
sfinitezza	خستگی	sfinitetsa
cincia	دختریازن؛ نوک پستان	chincha
brindisi	برشته کردن؛ برشته شدن	brindizi
tabacco	توتون؛ تنباکو	tabakko
oggi	امروز	oji
dito del piede	انگشت پا؛ شست پا	dito del pyede
WC	توالت	doppyavuchi
gettone	علامت	jettone
tolerabile	قابل تحمل؛ تحمل پذیر	tolerabile
tolerante	صبور؛ شکیبا	tolerante
tollerare	تحمل کردن؛ بردباری کردن	tollerare
Tolleranza	مدارا؛ آزادمنشی	tollerantsa
pedaggio	باج؛ حق العبور	pedajo
pomodoro	گوجه فرنگی	pomodoro
domani	فردا	domani
tonnellata	تن	tonnellata
tono	لحن؛ آهنگ	tono
tenaglie	انبر	tenalye
linguetta	زبان؛ لسان	lingvetta
stasera	امشب	sta sera
stanotte	امشب	stanotte
tonnellaggio	تن شماری؛ بر حسب شماره تن	tonnellajo
tonsilla	بادامک؛ لوزه	tonsilla
pure	هم، خیلی	pure
attrezzo	وسیله؛ آلت	attretso
dente	دندان	dente
inefficace	بی دندان؛ بدون دندانه	ineffikache
trottola	بالا؛ راس	trottola
top	بالا؛ راس	top
torcia	مشعل؛ مشعلدار کردن	torcha
fiaccola	مشعل؛ مشعلدار کردن	fyakkola
strappò	علف بلند؛ گچ بری	strappo
strappato	علف بلند؛ گچ بری	strappato
tarlo	آزار؛ عذاب	tarlo
cruccio	آزار؛ عذاب	krucho
ciclone	گردباد	chiklone
tromba d'aria	گردباد	tromba daria
nubifragio	سیل وار؛ جریان شدید	nubifrajo
testuggine	سنگ پشت؛ لاک پشت	testujine
[tortoise or turtle] tartaruga	سنگ پشت؛ لاک پشت	tortoize or turtle tartaruga
ambascia	آزار؛ عذاب	ambasha
fare testa o croce	متلاطم شدن؛ لول زدن	fare testa o kroche
totale	جمع؛ کل	totale
totalmente	مفصل؛ سرتاسر	totalmente
barcollante	تاتی	barkollante
3] tatto	مس؛ لامسه	tre tatto
[2] contatto	مس؛ لامسه	due kontatto
tournée	گشت کردن؛ سیاحت کردن	turne
[abbrivation] tour	گشت کردن؛ سیاحت کردن	abbrivation tur
turismo	سیاحت؛ جهانگردی	turizmo
turista	توریست	turista
torneo	تورنمنت	torneo
laccio emostatico	شریان بند	lacho emostatiko
propagandare	بلند انتشار دادن؛ بلند جار زدن	propagandare
capecchio	بکسل کردن؛ هر دوتا	kapekkio
traino	بکسل کردن؛ هر دوتا	traino
asciugamano	لنگ؛ حوله	ashugamano
la torre	برج	la torre
il fulmine	برج	il fulmine
tossico	مسموم؛ زهرآلود	tossiko
tossina	زهر؛ زهرابه	tossina
balocco	بازیچه؛ لعبت	balokko
giocattolo	بازیچه؛ لعبت	jokattolo
orma	ردگیری کردن	orma
tracheale	نای مانند	trakeale
viottolo	ردیابی کردن؛ رد پا گرفتن	viottolo
tractabile	سربراه؛ سست مهار	traktabile
mestiere	تجارت؛ دادوستد	mestiere
mestiitore	سوداگر	mestyitore
mestiendo	تجارت	mestyendo
tradizionale	سنتی؛ عرفی	traditsionale
tradizionalemente	علیالرسم؛ نقلا	traditsionalemente
traffico	ترافیک	traffiko
tratta	ترافیک	tratta
tragedia	تراژدی	trajedia
carovana	قطار، آموزش دادن	karovana
treno	قطار، آموزش دادن	treno
tirocinante	کارآموز؛ فرهیختگر	tirochinante
allenatore	مودب؛ پرورنده	allenatore
addestramento	تربیت؛ آموزش	addestramento
tratto	ویژگی	tratto
traditore	غادر؛ غدار	traditore
giravolta	غادر؛ غدار	jiravolta
sgualdrina	صدای پا؛ آسمان جل	zgvaldrina
violare	پامال کردن؛ پایمال کردن	violare
tranquillità	آسایش؛ سکون	trankvillita
svolgere	دادوستد کردآن؛ داد وستد کردن	zvoljere
transazione	معامله؛ سودا	transatsione
trascendere	بالاتر بودن؛ ورا رفتن	trashendere
trascrivere	نسخه بر داشتن	traskrivere
trascrittore	آوانویس	traskrittore
trascrizione	استنساخ؛ رونویسی	traskritsione
trasferimento	انتقال؛ واکهداشتن	trasferimento
bonifico	انتقال؛ واکهداشتن	bonifiko
transferenza	احاله؛ ورابری	transferentsa
trasformare	استحاله یافتن؛ تغییر شکل دادن	trasformare
modificare	استحاله یافتن؛ تغییر شکل دادن	modifikare
trasformazione	تبدیل؛ دگرگونی	trasformatsione
trasformatore	مقلب؛ ترانسفورماتور	trasformatore
transfusione	تزریق؛ نقل وانتقال	transfuzione
transitorio	گذرا؛ سپنج	transitorio
Transit	گزر؛ ترانزیت	transit
transizione	گذارنما	transitsione
traslazione	ترجمه؛ مترجمی	trazlatsione
traduzione	ترجمه؛ مترجمی	tradutsione
traduttore	مترجم؛ مترجم کتبی	traduttore
traduttrice	مترجم؛ مترجم کتبی	traduttriche
traslucido	فراتاب	trazluchido
Trasmissione	ارسال؛ مخابره	trazmissione
mandare in onda	انتقال دادن	mandare in onda
trasparente	شفاف	trasparente
trapianto	پیوند کردن؛ پیوند زدن	trapyanto
trapiantare	پیوند کردن؛ پیوند زدن	trapyantare
trasporto	نقلیه؛ نقل کردن	trasporto
2] trappola	تله	due trappola
tranello	تله	tranello
cassonetto	آشغال؛ خاکروبه	kassonetto
trauma	جراحت؛ اثر ضربت	trauma
traumatico	ضربهای؛ جراحتی	traumatiko
girovago	مسافر؛ سیاح	jirovago
viandante	مسافر؛ سیاح	vyandante
barra	طبله؛ سینی	barra
treacheroso	غادر؛ خیانت کار	treakerozo
calpestare	پازدن	kalpestare
treadmill	چرخ عصارخانه	treadmil
tapis roulant	چرخ عصارخانه	tapis roulant
tesoriere	خازن؛ گنجور	tezoriere
tesoreria	گنجینه؛ گنجوری	tezoreria
trattare	رفتار کردن؛ درمان کردن	trattare
trattamento	درمان؛ رفتار	trattamento
trattato	پیمان؛ معاهده	trattato
triplicare	صدای زیر؛ سه برابر	triplikare
tremare	ارتعاش؛ لرزیدن	tremare
tremolare	ارتعاش؛ لرزیدن	tremolare
tremuloso	لرزش دار	tremulozo
trincea	سنگر؛ خندق زدن	trinchea
trepidazione	بیم وهراس	trepidatsione
peccare	حد شکنی	pekkare
test	محاکمه؛ دادرسی	test
triangolo	مثلث؛ سه گوش	triangolo
triangolare	مثلثی؛ سهگوشی	triangolare
tribù	قبیله	tribu
tributario	ذمی؛ خراجگزار	tributario
vassallo	ذمی؛ خراجگزار	vassallo
omaggio	جزیه	omajo
tributo	جزیه	tributo
imbrogliare	رمز؛ حقه	imbrolyare
trappoleria	دستان؛ گول زنی	trappoleria
gocciolio	چکاندن؛ چکیدن	gocholio
sgocciolio	چکاندن؛ چکیدن	zgocholio
insidioso	شیادانه؛ نیرنگ باز	insidiozo
un po'	سرسری گرفتن؛ کم بها	un po
briciola	سرسری گرفتن؛ کم بها	brichola
premere il grilletto	راه‌اندازی کردن	premere il grilletto
innescare	راه‌اندازی کردن	inneskare
trilione	تریلیون	trilione
bilione	تریلیون	bilione
trinità	تثلیث؛ سهگانگی	trinita
sgambetto	سفر کوتاه	zgambetto
tripartito	سه طرفه؛ سه جزئی	tripartito
trionfo	پیروزی؛ ضفر یافتن	trionfo
trionfante	منصور؛ فریاد پیروزی	trionfante
calpestato	پامال	kalpestato
carrello	واگن برقی؛ اتومبیلبارکش کوتاه	karrello
Troop	لشکر	troop
trofeo	نشان ظفر	trofeo
tropicale	گرمسیری؛ گرمسیر	tropikale
trotterellio	یورتمه؛ یورتمه رفتن	trotterellio
trotto	یورتمه؛ یورتمه رفتن	trotto
dissesto	زحمت؛ گرفتاری	dissesto
gronda	سنگاب	gronda
pantaloni	شلوار	pantaloni
trota	قزل آلا؛ ماهی قزل آلا	trota
paletta	ماله؛ ماله کشیدن	paletta
cazzuola	ماله؛ ماله کشیدن	katsuola
autocarro	بارکش؛ کامیون	autokarro
centratura	درست	chentratura
barrito	شیپور	barrito
tromba	شیپور	tromba
baule	تنه؛ خرطوم	baule
struttura reticolare	خرپا؛ پایه زدن	struttura retikolare
cinto	خرپا؛ پایه زدن	chinto
fiduciario	امانت دار	fiduchario
fidato	قابل اعتماد؛ اطمینان بخش	fidato
verità	اصل؛ حقیقت	verita
veritate	اصل؛ حقیقت	veritate
realista	صادق؛ صدیق	realista
realistamente	صادقانه	realistamente
maglietta	تی‌شرت	malyetta
maremoto	سونامی	maremoto
tsunami [invariable]	سونامی	tsunami invariable
bagnarola	لگن؛ طشت	banyarola
tinozza	لگن؛ طشت	tinotsa
tubercolosi	سل	tuberkolozi
tubolare	لولهای	tubolare
rannicchiarsi	تو گذاشتن؛ شمشیر نازک	rannikkyarsi
martedì	سه‌شنبه	martedi
macchia d'alberi	منگوله؛ شرابه	makkia dalberi
rappa	منگوله؛ شرابه	rappa
strattone	یدک کش؛ بازور کشیدن	strattone
tumore	ورم؛ غده	tumore
tumulto	هیاهو؛ جنجال راه	tumulto
tumultuoso	پر آشوب؛ بهم ریخته	tumultuozo
messa a punto	آهنگ؛ لحن	messa a punto
tunnel	نقب؛ زیرنقب	tunnel
turbina	توربین	turbina
turbolenza	اغتشاش؛ تلاطم	turbolentsa
zolla erbosa	باچمن پوشاندن؛ کلوخ چمنی	dzolla erboza
tacchino	عثمانی؛ بوقلمون	takkino
Turchia	عثمانی؛ بوقلمون	turkia
turco	ترک؛ عثمانی	turko
turno	چرخیدن، نوبت	turno
giratore	برگردان؛ چرخنده	jiratore
tartaruga [tortoise or turtle]	سنگ پشت؛ لاک پشت	tartaruga tortoize or turtle
aia	لله؛ معلمی کردن	aia
aio	لله؛ معلمی کردن	aio
TV	تلویزیون	tivu
tivù	تلویزیون	tivu
tweed	نوعی فاستونی	tveed
dodici	دوازده	dodichi
ventesima	بیستم؛ بیستمین	ventezima
ventesimo	بیستم؛ بیستمین	ventezimo
venti	بیست	venti
due volte	دو بار	due volte
ramoscello	شاخه؛ چیله	ramoshello
penombra	شفق	penombra
gemello	دوقلو؛ همزاد	jemello
due or	دو	due or
bancanota da due dollari	دو	bankanota da due dollari
dattilografare	نوع	dattilografare
ubiquitario	همه‌جا حاضر؛ فراگیر	ubikvitario
brutto	زشت	brutto
ulcera	زخم؛ زخم گوارشی	ulchera
conclusiva	نهایی	konkluziva
ombrello	چتر	ombrello
parapioggia	چتر	parapioja
incapace	ناتوان؛ قادر نبودن	inkapache
unacceptabile	غیرقابل قبول	unacheptabile
inconsapevole	بی‌خبر؛ ناآگاه	inkonsapevole
incerto	نامطمئن؛ نامشخص	incherto
zio	عمو، دایی	dzio
sottoporsi	متحمل شدن	sottoporsi
studente universitario	دانشجوی کارشناسی	studente universitario
sottolineare	زیرخط کشیدن؛ تأکید کردن	sottolineare
insidiare	تضعیف کردن	insidyare
intraprendere	بر عهده گرفتن	intraprendere
disfare	بازگرداندن؛ خنثی کردن	disfare
disoccupazione	بیکاری	dizokkupatsione
inaspettato	غیرمنتظره	inaspettato
dispiegarsi	آشکار شدن	dispyegarsi
sfortunato	بدشانس	sfortunato
infelice	ناراحت؛ ناخشنود	infeliche
divisa	لباس فرم؛ یکنواخت	diviza
uniforme	لباس فرم؛ یکنواخت	uniforme
unica	منحصربه‌فرد	unika
unità	واحد	unita
universale	جهانی	universale
universo	جهان؛ کیهان	universo
ignoto	ناشناخته	inyoto
discaricare	خالی کردن بار	diskarikare
sbloccare	باز کردن قفل	zblokkare
non pagato	پرداخت‌نشده؛ بدون حقوق	non pagato
sgradevole	ناخوشایند	zgradevole
spiacevole	ناخوشایند	spyachevole
staccare la spina	از برق کشیدن	stakkare la spina
finché	تا	finke
aggiornare	به‌روزرسانی؛ به‌روز کردن	ajornare
aggiornamento	به‌روزرسانی؛ به‌روز کردن	ajornamento
potenziare	ارتقا؛ ارتقا دادن	potentsyare
caricare	بارگذاری	karikare
turbare	ناراحت؛ برهم زدن	turbare
di sopra	طبقه بالا	di sopra
urbano	شهری	urbano
Urbano	شهری	urbano
esortare	ترغیب کردن؛ میل شدید	ezortare
pulsione	ترغیب کردن؛ میل شدید	pulsione
urgente	فوری	urjente
ci	ما (مفعول)	chi
noi	ما (مفعول)	noi
uso	کاربرد	uzo
utilizzo	کاربرد	utilidzo
usare	استفاده کردن، استفاده	uzare
inutile	بی‌فایده	inutile
solitamente	معمولاً	solitamente
andare in vacanza	تعطیلات	andare in vakantsa
vaccino	واکسن	vachino
aspirapolverare	خلأ؛ جاروبرقی	aspirapolverare
valido	معتبر	valido
valle	دره	valle
valore	ارزش؛ ارزش‌گذاری کردن	valore
furgone	ون؛ خودرو باری کوچک	furgone
svanire	ناپدید شدن	zvanire
variabile	متغیر	variabile
flessiblie	متغیر	flessiblie
variazione	تنوع	variatsione
varietà	تنوع؛ گوناگونی	varieta
ampia	وسیع؛ پهناور	ampia
vegetale	سبزیجات	vejetale
verdura	سبزیجات	verdura
veicolo	وسیله نقلیه	veikolo
sede	محل برگزاری	sede
luogo dell'evento	محل برگزاری	luogo dellevento
[5] deverbale	شفاهی؛ کلامی	chinkve deverbale
verbale	شفاهی؛ کلامی	verbale
veterano	کهنه‌سرباز؛ باتجربه	veterano
vibrante	پرانرژی؛ درخشان	vibrante
video	ویدئو	video
borgo	روستا	borgo
virtuale	مجازی	virtuale
virus	ویروس	virus
nulla osta	ویزا	nulla osta
visibile	قابل مشاهده	vizibile
visitare	بازدید، بازدید کردن	vizitare
visitore	بازدیدکننده	vizitore
visuale	دیداری؛ بصری	vizuale
vitale	حیاتی؛ ضروری	vitale
vitamina	ویتامین	vitamina
vocale	آوازی؛ صریح	vokale
diatesi	صدا؛ بیان کردن	dyatezi
voluntario	داوطلبانه	voluntario
votare	رأی؛ رأی دادن	votare
vulnerabile	آسیب‌پذیر	vulnerabile
paga	دستمزد	paga
cintola	کمر	chintola
cameriere	پیشخدمت (مرد)	kameriere
scia	بیدار شدن	shia
veglia	بیدار شدن	velya
camminare	پیاده‌روی، پیاده‌روی کردن	kamminare
parete	دیوار	parete
muro	دیوار	muro
divagare	سرگردان شدن	divagare
tradire	سرگردان شدن	tradire
volere	خواستن	volere
guerra	جنگ	gverra
ardente	گرم	ardente
caldo	گرم	kaldo
avvertire	هشدار دادن	avvertire
lavarsi	شستن	lavarsi
lavare	شستن	lavare
vigilare	تماشا کردن، ساعت مچی	vijilare
acqua	آب	akkva
onda	موج؛ دست تکان دادن	onda
agitare la mano	موج؛ دست تکان دادن	ajitare la mano
noialtri	ما	noialtri
arma	سلاح	arma
indossare	پوشیدن	indossare
sito web	وب‌سایت	sito veb
nozze	عروسی	notse
matrimonio	عروسی	matrimonio
mercoledì	چهارشنبه	merkoledi
settimana	هفته	settimana
weekend	آخر هفته	vikend
fine settimana	آخر هفته	fine settimana
settimanale	هفتگی	settimanale
settimanalmente	هفتگی	settimanalmente
bislacco	عجیب	bizlakko
benvenuto	خوش آمدید، پذیرایی کردن	benvenuto
ovest	غرب	ovest
ponente	غرب	ponente
uggioso	خیس	ujozo
balena	نهنگ	balena
quello che	چه، چه چیزی	kvello ke
frumento	گندم	frumento
pezzo grosso	چرخ	petso grosso
quando	چه زمانی	kvando
basta	چه زمانی	basta
dove	کجا	dove
quale	کدام	kvale
i quali	کدام	i kvali
sussurro	نجوا کردن	sussurro
sussurrare	نجوا کردن	sussurrare
fischio	سوت؛ سوت زدن	fiskio
fischietto	سوت؛ سوت زدن	fiskyetto
chi	چه کسی	ki
moglie	همسر (زن)	molye
selvatico	وحشی	selvatiko
fauna	حیات وحش	fauna
-rà	فعل کمکی آینده	/
-rai	فعل کمکی آینده	/
disposto	مایل	disposto
vento	باد؛ پیچیدن	vento
finestra	پنجره	finestra
vino	شراب	vino
bere il vino	شراب	bere il vino
vincitore	برنده	vinchitore
vincitrice	برنده	vinchitriche
inverno	زمستان	inverno
svernare	زمستان	zvernare
filo spinato	سیم	filo spinato
saggezza	خرد	sajetsa
discernimento	خرد	dishernimento
augurare	آرزو؛ آرزو کردن	augurare
con	با	kon
prelevare	عقب‌نشینی کردن	prelevare
testimone	شاهد؛ شهادت دادن	testimone
meraviglia	شگفتی؛ تعجب کردن	meravilya
chiedersi	شگفتی؛ تعجب کردن	kyedersi
lana	پشم	lana
lavorare	کار، کار کردن	lavorare
funzionare	کار، کار کردن	funtsionare
operaio	کارگر	operayo
lavorante	کارگر	lavorante
forza lavoro	نیروی کار	fortsa lavoro
luogo di lavoro	محل کار	luogo di lavoro
workshop	کارگاه	vorkshop
mondo	جهان	mondo
miserabile	کرم	mizerabile
verme	کرم	verme
degno	ارزش؛ ارزشمند	denyyo
per favore? [formal]	فعل کمکی	per favore formal
Use the conditional tense	فعل کمکی	uze te konditional tense
avvolgere	پیچیدن؛ بسته‌بندی کردن	avvoljere
incartare	پیچیدن؛ بسته‌بندی کردن	inkartare
furore	قهر	furore
scrivere	نوشتن	skrivere
scrittore	نویسنده	skrittore
scrittrice	نویسنده	skrittriche
xeno	زنون	kseno
xenon	زنون	ksenon
xenofobia	بیگانه‌هراسی	ksenofobia
xenofobo	بیگانه‌هراس	ksenofobo
fotocopiare	فتوکپی؛ کپی کردن	fotokopyare
xerocopiare	فتوکپی؛ کپی کردن	kserokopyare
radiografia	پرتو ایکس؛ عکس رادیولوژی	radiografia
radiografico	پرتو ایکس؛ عکس رادیولوژی	radiografiko
xilema	آوند چوبی	ksilema
xilene	زایلین	ksilene
Xilitolo	زایلیتول	ksilitolo
xilofono	زیلوفون	ksilofono
yacht	قایق تفریحی	yot
panfilo	قایق تفریحی	panfilo
yard	حیاط؛ یارد	yard
sbadiglio	خمیازه؛ خمیازه کشیدن	zbadilyo
sbadigliare	خمیازه؛ خمیازه کشیدن	zbadilyare
si	بله (غیر رسمی)	si
anno	سال	anno
annuario	سالنامه	annuario
per tutto l'anno	یک‌ساله؛ سراسر سال	per tutto lanno
annnualmente	سالانه	annnualmente
lievito	مخمر	lievito
schiuma di un'onda	مخمر	skyuma di unonda
giallastra	مایل به زرد	jallastra
giallastro	مایل به زرد	jallastro
sì	بله	si
ieri	دیروز	yeri
yoga	یوگا	yoga
yogurt	ماست	yogurt
laggiù	آن‌سو	laju
[direct object] vi	شما، تو	direkt objekt vi
Loro [formal polite]	شما، تو	loro formal polite
giovane	جوان	jovane
il Suo	مال شما/تو	il suo
vostra	مال شما/تو	vostra
te stessa	خودت، خودتان	te stessa
te stesso	خودت، خودتان	te stesso
gioventù	جوانی؛ جوانان	joventu
giovinezza	جوانی؛ جوانان	jovinetsa
giovanile	جوان‌گونه؛ شاداب	jovanile
gnam	خوشمزه	nyam
deliziosa	خوشمزه	delitsioza
zelo	اشتیاق؛ شور	dzelo
zelante	مشتاق؛ پرشور	dzelante
zebra	گورخر	dzebra
zenit	اوج	dzenit
zero	صفر	dzero
buccia	شور و شوق؛ پوست رنده‌شده مرکبات	bucha
zigzag	زیگزاگ	dzigtsag
zinco	روی	dzinko
chiusura lampo	زیپ	kyuzura lampo
Zircone	زیرکن	dzirkone
zirconio	زیرکونیوم	dzirkonio
zodiaco	منطقه‌البروج؛ برج‌های فلکی	dzodiako
zombie	زامبی	dzombye
zonizzazione	منطقه‌بندی	dzonidzatsione
zoo	باغ‌وحش	dzoo
giardino zoologico	باغ‌وحش	jardino dzoolojiko
zoologico	جانورشناختی	dzoolojiko
zoologo	جانورشناس	dzoologo
zoologia	جانورشناسی	dzoolojia
zoom	بزرگ‌نمایی؛ زوم کردن	zum
ingrandire	بزرگ‌نمایی؛ زوم کردن	ingrandire
zoonotico	مشترک میان انسان و حیوان	dzoonotiko
zucchine	کدو سبز	tsukkine
zigote	زیگوت؛ سلول تخم	dzigoote
