एक	یک (حرف تعریف نامعین)	ek
अबेकस	چرتکه	abekas
गणना-पट्टी	چرتکه	gananaa-pattii
छोड़ना	رها کردن؛ ترک کردن	chhoranaa
त्यागना	رها کردن؛ ترک کردن	tyaaganaa
परित्याग	ترک؛ رهاسازی	parityaag
त्याग	ترک؛ رهاسازی	tyaag
कमी	کاهش؛ فروکش	kamii
घटाव	کاهش؛ فروکش	ghataav
मठ	خانقاه	math
वर्णमाला	الفبا؛ مبانی اولیه	varnamaalaa
प्राथमिक ज्ञान	الفبا؛ مبانی اولیه	praathamik gyaan
पद त्यागना	کناره‌گیری کردن؛ واگذار کردن	pad tyaaganaa
सिंहासन छोड़ना	کناره‌گیری کردن؛ واگذار کردن	sinhaasan chhoranaa
उदर	شکم؛ بطن	udar
पेट	شکم؛ بطن	pet
उदरक	شکمی؛ بطنی	udarak
उदर सम्बन्धी	شکمی؛ بطنی	udar sambandhii
अपहरण करना	ربودن	apaharan karanaa
भगा ले जाना	ربودن	bhagaa le jaanaa
अपहरणकर्ता	آدمدزد؛ آدمربا	apaharanakartaa
अपवर्तनी	آدمدزد؛ آدمربا	apavartanii
स्थगन	بی تکلیفی	sthagan
रुकाव	بی تکلیفی	rukaav
स्थायी	وفا کننده	sthaayii
योग्यता	توانایی	yogyataa
क्षमता	توانایی	kshamataa
भयानक	خوار و زار	bhayaanak
नीच	خوار و زار	niich
उत्तेजित	افروخته	uttejit
प्रज्ज्वलित	افروخته	prajjvalit
योग्य	قادر	yogy
निपुण	قادر	nipun
निषेध	کف نفس	nishedh
आत्मत्याग	کف نفس	aatmatyaag
असामान्य	غیر عادی	asaamaany
सनकीपन	نابههنجاری	sanakiipan
अनियमितता	نابههنجاری	aniyamitataa
घर	بودباش	ghar
महल	بودباش	mahal
हटाना	لغو کردن	hataanaa
मिटा देना	لغو کردن	mitaa denaa
समापन	نسخ؛ برانداختگی	samaapan
उन्मूलन	نسخ؛ برانداختگی	unmuulan
घटिया	مکروه	ghatiyaa
भद्दा	مکروه	bhaddaa
जुगुप्सा	عمل شنیع	jugupsaa
घृणा	عمل شنیع	ghrinaa
गिराना	سقط کردن؛ ریشه نکردن	giraanaa
रद्द करना	سقط کردن؛ ریشه نکردن	radd karanaa
निष्फल	سقط جنین	nishphal
गर्भपात	سقط جنین	garbhapaat
अधूरा	عقیم	adhuuraa
फटा पड़ना	زیاد بودن؛ وفور داشتن	phataa paranaa
बहुत होना	زیاد بودن؛ وفور داشتن	bahut honaa
के बारे में	درباره، حدوداً	ke baare men
लगभग	درباره، حدوداً	lagabhag
ऊपर	بالای، بالاتر	uupar
ऊँचा	بالای، بالاتر	uunchaa
अब्राहम	ابراهیم؛ ابراهیم پیامبر	abraaham
खरोंच	خراش؛ سیش	kharonch
रगड़	خراش؛ سیش	ragar
संक्षिप्त	مجمل؛ تلخیص شده	sankshipt
प्रचलित	خارج از کشور	prachalit
बाहरी	خارج از کشور	baaharii
असंगत	تند؛ ناگهان	asangat
अशिष्ट	تند؛ ناگهان	ashisht
अचानक	بی مقدمه	achaanak
अचानक ही	بی مقدمه	achaanak hii
फोड़ा	آبسه	phoraa
अभाव	غیبت	abhaav
अनुपस्थिति	غیبت	anupasthiti
अनुपस्थित	غایب	anupasthit
अवर्तमान	غایب	avartamaan
गैरहाजिर	غیب؛ غیابی	gairahaajir
पूर्णतया	مطلق؛ محض	puurnatayaa
पूर्ण	مطلق؛ محض	puurn
नितान्त	مطلقا؛ مطلقاً	nitaant
लेना	جذب کردن	lenaa
अपनाना	جذب کردن	apanaanaa
अवशोषी	جاذب؛ نشاف	avashoshii
अवशोषक	جاذب؛ نشاف	avashoshak
अन्यमनस्कता	جذب؛ انجذاب	anyamanaskataa
खपत	جذب؛ انجذاب	khapat
दूर रहना	نکول کردن؛ خودداری کردن	duur rahanaa
परहेज़ करना	نکول کردن؛ خودداری کردن	parahez karanaa
परहेज़	نکول	parahez
तटस्थता	نکول	tatasthataa
गूढ़	انتزاعی	guurh
निराकार	انتزاعی	niraakaar
पृथक्करण	انتزاع؛ تجرید	prithakkaran
कठिन	غامض؛ مغلق	kathin
जटिल	غامض؛ مغلق	jatil
हास्यास्पद	پوچ	haasyaaspad
जड़ता	مزخرف بودن	jarataa
असंगति	مزخرف بودن	asangati
प्रचुरता	فراوانی	prachurataa
बहुलता	فراوانی	bahulataa
बहुत	انبوه؛ وافر	bahut
प्रचुर	انبوه؛ وافر	prachur
प्रचुरतापूर्वक	بفراوانی	prachurataapuurvak
अधिक मात्रा में	بفراوانی	adhik maatraa men
अपशब्द	سوء استفاده	apashabd
गाली	سوء استفاده	gaalii
अनुचित	فحاش؛ سوء استعمال	anuchit
गलत	فحاش؛ سوء استعمال	galat
नर्क	مغاک؛ حضیض	nark
रसातल	مغاک؛ حضیض	rasaatal
बबूल	اقاقیا	babuul
कीकर	اقاقیا	kiikar
सैद्धांतिक	تحصیلی؛ آکادمیک	saiddhaantik
विद्या	تحصیلی؛ آکادمیک	vidyaa
विद्यालय	آکادمی	vidyaalay
अकादमी	آکادمی	akaadamii
तेज़ करना	تسریع کردن	tez karanaa
तेज़ होना	تسریع کردن	tez honaa
उच्चारण	لهجه	uchchaaran
स्वराघात	لهجه	svaraaghaat
स्वीकार करना	پذیرفتن	sviikaar karanaa
ठीक	پذیرفتنی؛ موجه	thiik
स्वीकृति	پذیرش	sviikriti
अनुमोदन	پذیرش	anumodan
पहुँच	دسترسی؛ دستیابی	pahunch
प्रवेश	دسترسی؛ دستیابی	pravesh
उपलब्ध	قابل دسترس	upalabdh
प्राप्य	قابل دسترس	praapy
दाखिला	جلوس؛ جلوس کردن	daakhilaa
सहायक	هم دست	sahaayak
पूरक	هم دست	puurak
संयोग	تصادف	sanyog
इत्तफ़ाक	تصادف	ittafaak
अप्रत्याशित	عرضی؛ تصادفی	apratyaashit
आकस्मिक	عرضی؛ تصادفی	aakasmik
संयोगवश	تصادفی	sanyogavash
प्रशंसा	احسنت	prashansaa
साधुवाद	احسنت	saadhuvaad
देना	جا دادن	denaa
मिलाना	جا دادن	milaanaa
संगत	دم گیری	sangat
साथ	دم گیری	saath
साथ देना	توام کردن؛ بدرقه کردن	saath denaa
साथ जाना	توام کردن؛ بدرقه کردن	saath jaanaa
सहअपराधी	دستیار؛ همداستان	sahaaparaadhii
अपराधसंगी	دستیار؛ همداستان	aparaadhasangii
पाना	انجام دادن	paanaa
पूरा करना	انجام دادن	puuraa karanaa
समझौता	طیب خاطر	samajhautaa
इच्छा	طیب خاطر	ichchhaa
सहमति	مطابقت	sahamati
अनुरूप	مطابقت	anuruup
फलस्वरूप	بر این اساس	phalasvaruup
तदनुसार	بر این اساس	tadanusaar
के अनुसार	طبق، بر اساس	ke anusaar
के अनुरूप	طبق، بر اساس	ke anuruup
खाता	حساب؛ گزارش	khaataa
विवरण	حساب؛ گزارش	vivaran
उत्तरदायित्व	مسئولیت‌پذیری	uttaradaayitv
जवाबदेही	مسئولیت‌پذیری	javaabadehii
असंख्य	مسئول	asankhy
उत्तरदायी	مسئول	uttaradaayii
लेखाकार	حسابدار	lekhaakaar
अंकक	حسابدار	ankak
लेखा	محاسبه؛ حسابداری	lekhaa
लेखाविधि	محاسبه؛ حسابداری	lekhaavidhi
मिलना	منتج گردیدن	milanaa
बढ़ना	منتج گردیدن	barhanaa
जमा करना	انباشت کردن	jamaa karanaa
संग्रहण	انباشت	sangrahan
जमाव	انباشت	jamaav
सत्यता	دقت	satyataa
शुद्धता	دقت	shuddhataa
सही	دقیق؛ راستین	sahii
सही सही	با دقت	sahii sahii
दोषारोपण	اتهام	doshaaropan
अभियोग	اتهام	abhiyog
दोष लगाना	متهم کردن؛ تهمت زدن	dosh lagaanaa
अभियोग लगाना	متهم کردن؛ تهمت زدن	abhiyog lagaanaa
दोषी	متهم	doshii
मुलज़िम	متهم	mulazim
साधना	عادی کردن؛ خو دادن	saadhanaa
आदत डालना	عادی کردن؛ خو دادن	aadat daalanaa
शानदार	کلمات میید	shaanadaar
सर्वश्रेष्ठ	کلمات میید	sarvashreshth
उपलब्धि	کار بزرگ	upalabdhi
निष्पादन	کار بزرگ	nishpaadan
कटु	اسید؛ اسیدی	katu
खट्टा	اسید؛ اسیدی	khattaa
मानना	اقرار کردن	maananaa
पावती	اقرار؛ شهادت نامه	paavatii
पराकाष्ठा	نقطه کمال	paraakaashthaa
पराकाष्ठाअ	نقطه کمال	paraakaashthaa
मुहांसा	جوش؛ غرور جوانی	muhaansaa
मुँहासा	جوش؛ غرور جوانی	munhaasaa
ज्ञान	معرفت؛ آشنا	gyaan
पहचान	معرفت؛ آشنا	pahachaan
परिचित	بلد؛ شناسا	parichit
मान लेना	تن در دادن	maan lenaa
अंगीकार करना	تن در دادن	angiikaar karanaa
लाना	اندوختن	laanaa
प्राप्त करना	اندوختن	praapt karanaa
प्राप्ति	اکتساب	praapti
संकलन	اکتساب	sankalan
रिहाई	تبرئه؛ برائت ذمه	rihaaii
दोषमुक्ति	تبرئه؛ برائت ذمه	doshamukti
एकर	جریب	ekar
एकड़	جریب	ekar
तीखा	تند؛ گس	tiikhaa
सभी ओर	از عرض، سراسر	sabhii or
उस पार से	از عرض، سراسر	us paar se
कार्य करना	عمل کردن، نقش بازی کردن	kaary karanaa
अभिनय करना	عمل کردن، نقش بازی کردن	abhinay karanaa
कार्रवाई	عمل، اقدام	kaarravaaii
क्रिया	عمل، اقدام	kriyaa
सक्रिय करना	فعال کردن	sakriy karanaa
क्रियाशील बना देना	فعال کردن	kriyaashiil banaa denaa
सक्रियण	فعال‌سازی	sakriyan
उत्प्रेरण	فعال‌سازی	utpreran
तत्काल	فعال	tatkaal
सक्रिय	فعال	sakriy
सक्रियता से	فعالانه	sakriyataa se
सक्रिय रुप से	فعالانه	sakriy rup se
सक्रियतावादी	کنشگر	sakriyataavaadii
गतिविधि	فعالیت	gatividhi
कर्ता	بازیگر (مرد)	kartaa
कलाकार	بازیگر (مرد)	kalaakaar
अभिनेत्री	بازیگر (زن)	abhinetrii
वास्तविक	حالی	vaastavik
वस्तु	در واقع	vastu
वस्तुतः	در واقع	vastuth
ऐक्यूपंक्चर	سوزن درمانی؛ طب سوزنی	aikyuupankchar
एक्यूपंचर{चिकित्सा)	سوزن درمانی؛ طب سوزنی	ekyuupanchara{chikitsaa)
अत्यधिक	حاد	atyadhik
तेज़	حاد	tez
बहुत ही	بحدت	bahut hii
तीव्रता से	بحدت	tiivrataa se
तीक्ष्णता	ذکاوت	tiikshnataa
पैनापन	ذکاوت	painaapan
विज्ञापन	بلد؛ ضال	vigyaapan
ऐडी	بلد؛ ضال	aidii
अटल	یکدنده	atal
मणि	یکدنده	mani
बदलना	تطبیق دادن	badalanaa
अनुकूल बनाना	تطبیق دادن	anukuul banaanaa
रूपांतरण	انطباق	ruupaantaran
अनुकूलन	انطباق	anukuulan
जोड़ना	اضافه کردن	joranaa
योजक	افزیشگر؛ مار جعفری	yojak
गेहुँअन	افزیشگر؛ مار جعفری	gehunan
आदी	معتاد؛ افیونی	aadii
आसक्त	معتاد؛ افیونی	aasakt
लत	اعتیاد	lat
व्यसन	اعتیاد	vyasan
जोड़	جمع؛ علاوه	jor
वृद्धि	جمع؛ علاوه	vriddhi
अतिरिक्त	اضافی	atirikt
इसके अतिरिक्त	علاوه بر این	isake atirikt
इसके अलावा	علاوه بر این	isake alaavaa
पता	آدرس	pataa
संबोधित करना	آدرس	sanbodhit karanaa
प्रवीण	مرد زبردست	praviin
पर्याप्त	کافی	paryaapt
पर्याप्त रूप से	به اندازه کافی	paryaapt ruup se
पर्याप्त रूप में	به اندازه کافی	paryaapt ruup men
चिपकना	پایبند بودن	chipakanaa
समर्थन करना	پایبند بودن	samarthan karanaa
समर्थन	تبعیت؛ ملازمت	samarthan
लगाव	تبعیت؛ ملازمت	lagaav
चिपचिपा	چسبناک؛ چسبنده	chipachipaa
आसंजक	چسبناک؛ چسبنده	aasanjak
पास	مجاور	paas
तटस्थ	مجاور	tatasth
विशेषण	صفت	visheshan
विशेषण संबंधी	صفت	visheshan sanbandhii
अव्यवहित	مجاور	avyavahit
लगा हुआ	مجاور	lagaa huaa
अनुबंध	صفت فرعی	anubandh
जमाना	تنظیم کردن	jamaanaa
ठीक करना	تنظیم کردن	thiik karanaa
सुधार	تنظیم	sudhaar
सामंजस्य	تنظیم	saamanjasy
चमरघेंघ	آجودان	chamaraghengh
करना	اداره کردن	karanaa
व्यवस्था	مدیریت؛ دولت	vyavasthaa
शासन	مدیریت؛ دولت	shaasan
प्रशासकीय	اداری	prashaasakiiy
प्रशासनीय	اداری	prashaasaniiy
शासक	مدیر	shaasak
प्रबंधक	مدیر	prabandhak
उत्कृष्ट	هژیر؛ پسندیده	utkrisht
प्रशंसनीय	هژیر؛ پسندیده	prashansaniiy
ऐडमिरल	دریاسالار؛ دریابیگی	aidamiral
ऐड्मिरल	دریاسالار؛ دریابیگی	aidmiral
नौकाधिकरण	دریاسالاری	naukaadhikaran
नौसेना विभाग	دریاسالاری	nausenaa vibhaag
आभार	پسند؛ تحسین	aabhaar
प्रशंसा करना	پسندیدن؛ تحسین کردن	prashansaa karanaa
सराहना करना	پسندیدن؛ تحسین کردن	saraahanaa karanaa
प्रेमी	ستینده؛ تحسینکننده	premii
भक्त	ستینده؛ تحسینکننده	bhakt
ठहरना	پذیرفته	thaharanaa
सच में	معترفا	sach men
स्वीकार करते हुए	معترفا	sviikaar karate hue
डाँटना	پند دادن	daantanaa
सलाह देना	پند دادن	salaah denaa
आलोचनात्मक	عبرتانگیز	aalochanaatmak
चेतावनीपूर्ण	عبرتانگیز	chetaavaniipuurn
युवावस्था	بلوغ	yuvaavasthaa
किशोरावस्था	بلوغ	kishoraavasthaa
किशोर	نوجوان	kishor
किशोर कालीन	نوجوان	kishor kaaliin
चुनना	اتخاذ کردن؛ فرا گرفتن	chunanaa
स्वीकार	فرزندخواندگی	sviikaar
स्वीकरण	فرزندخواندگی	sviikaran
प्यारा	قابل پرستش	pyaaraa
पूज्यनीय	قابل پرستش	puujyaniiy
आदर	پرستش؛ عشق ورزی	aadar
भक्ति	پرستش؛ عشق ورزی	bhakti
पूजा करना	پرستیدن	puujaa karanaa
आराधना करना	پرستیدن	aaraadhanaa karanaa
सजाना	آراستن؛ پیراستن	sajaanaa
संवारना	آراستن؛ پیراستن	sanvaaranaa
अलंकरण	زینت؛ تراز	alankaran
आभूषण	زینت؛ تراز	aabhuushan
पीछे	غوطه ورروی آب مج	piichhe
ढीला	غوطه ورروی آب مج	dhiilaa
दक्ष	زبر دست	daksh
तरूण	بزرگسال	taruun
वयस्क	بزرگسال	vayask
प्रगति	پیشروی؛ راقی	pragati
उन्नति	پیشروی؛ ترفیع	unnati
लाभ	مزیت	laabh
श्रेष्ठता	مزیت	shreshthataa
लाभप्रद	نافع؛ باصرفه	laabhaprad
लाभदायक	نافع؛ باصرفه	laabhadaayak
आगमन	ظهور	aagaman
ईसा मसीह का दुबारा आगमन	ظهور	iisaa masiih kaa dubaaraa aagaman
अभियान	ماجراجویی	abhiyaan
जोखिम	ماجراجویی	jokhim
साहसी	ماجراجو؛ حادثه جو	saahasii
जांबाज़	ماجراجو؛ حادثه جو	jaanbaaz
उत्साही	ماجراجو؛ پرماجرا	utsaahii
साहसिक	ماجراجو؛ پرماجرا	saahasik
विरोधी	هم آورد؛ هم نبرد	virodhii
द्वेषी	هم آورد؛ هم نبرد	dveshii
विपरीत	نامطلوب	vipariit
प्रतिकूल	نامطلوب	pratikuul
कठिनाई	نکبت؛ ضرا	kathinaaii
विपत्ति	نکبت؛ ضرا	vipatti
बताना	تبلیغ کردن	bataanaa
कहना	تبلیغ کردن	kahanaa
विज्ञापन की प्रणाली	تبلیغات	vigyaapan kii pranaalii
सलाह	نصیحت، مشاوره	salaah
उचित	مقتضی؛ مصلحتآمیز	uchit / uchit / yogy
उचित/योग्य	مقتضی؛ مصلحتآمیز	uchit / uchit / yogy
सूचित करना	اعلامیه؛ تجویز	suuchit karanaa
सलाहकार	رهنمون؛ ناصح	salaahakaar / salaahakaar / salaah denevaalaa
सलाहकार/सलाह देनेवाला	رهنمون؛ ناصح	salaahakaar / salaahakaar / salaah denevaalaa
परामर्शदात्री	مشورتی؛ نصیحتی	paraamarshadaatrii
सलाहकारी	مشورتی؛ نصیحتی	salaahakaarii
वकालत	طرفداری	vakaalat
पक्ष समर्थन	طرفداری	paksh samarthan
वकील	حمایت کردن، حامی	vakiil
अधिवक्ता	حمایت کردن، حامی	adhivaktaa
हवाई	هویی	havaaii
एरियल	هویی	eriyal
सुरुचिपूर्ण	زیبایی شناختی	suruchipuurn
कलात्मक	زیبایی شناختی	kalaatmak
मिलनसार	خوش خلق؛ خوش برخورد	milanasaar
भद्र	خوش خلق؛ خوش برخورد	bhadr
मामला	امر؛ مصلحت	maamalaa
प्रभावित करना	تأثیر گذاشتن	prabhaavit karanaa
दिखावा	تصنع	dikhaavaa
ढोंग	تصنع	dhong
स्नेह	محبت	sneh
स्नेही	مهربان؛ عاطف	snehii
स्नेहमय	مهربان؛ عاطف	snehamay
दृढतापूर्वक कहना	آشکارا گفتن؛ بحق دانستن	dridhataapuurvak kahanaa
पुष्टि करना	آشکارا گفتن؛ بحق دانستن	pushti karanaa
प्रतिज्ञापन	یجاب	pratigyaapan
अभिपुष्टि	یجاب	abhipushti
स्वीकारात्मक	مبت؛ تصدیقآمیز	sviikaaraatmak
अस्तिवाचक	مبت؛ تصدیقآمیز	astivaachak
संतप्त	مستمند؛ رنجه	santapt
दुःख	مصیبت؛ مشقت	duhkh
पीड़ा	مصیبت؛ مشقت	piiraa
वहनयोग्य	مقرون به صرفه	vahanayogy
वहन करने योग्य	مقرون به صرفه	vahan karane yogy
अपमान	روبرو دشنام دادن	apamaan
अनादृत	روبرو دشنام دادن	anaadrit
अफ़गानी	افغان	afagaanii
अफ़गान	افغان	afagaan
लाल	مشتعل	laal
प्रज्वलित	مشتعل	prajvalit
अस्थिर	در حرکت	asthir
उपर्युक्त	مذکور	uparyukt
डरपोक	ترسیده	darapok
कातर	ترسیده	kaatar
अफ़्रीका	افریقا؛ آفریقا	afriikaa
अफ्रीकी	آفریقیی؛ افریقیی	aphriikii
अफ्ररीकी लोग	آفریقیی؛ افریقیی	aphrariikii log
के बाद	بعد از	ke baad
की ओर	بعد از	kii or
पश्च दीप्ति	پس تاب؛ پس فروزش	pashch diipti
उत्तर सुखानुभूति	پس تاب؛ پس فروزش	uttar sukhaanubhuuti
मरणोत्तर जीवन	عقبی؛ آخرت	maranottar jiivan
मरनोपरांत जीवन	عقبی؛ آخرت	maranoparaant jiivan
परिणाम	پیامد	parinaam
अपराह्न	بعدازظهر	aparaahn
तीसरा पहर	بعدازظهر	tiisaraa pahar
तत्पश्चात	سپس؛ بعدا	tatpashchaat
बाद में	سپس؛ بعدا	baad men
पुनः	دوباره	punh
दोबारा	دوباره	dobaaraa
विरूद्व	علیه	viruudv
से अलग	علیه	se alag
अकीक	عقیق	akiik
गोमेद	عقیق	gomed
आयु	سن	aayu
उम्र	سن	umr
संस्था	بنگاه؛ وکالت	sansthaa
माध्यम	بنگاه؛ وکالت	maadhyam
कार्यसूची	برنامه عملیات	kaaryasuuchii
करने वाली कार्यवाही	برنامه عملیات	karane vaalii kaaryavaahii
कारण	مامور؛ عامل	kaaran
पदार्थ	مامور؛ عامل	padaarth
छेड़ना	مشدد	chheranaa
बिगाड़ देना	مشدد	bigaar denaa
परेशानी	تشدید	pareshaanii
क्रोध	تشدید	krodh
आघात	پرخاشگری	aaghaat
आक्रमण	پرخاشگری	aakraman
उग्र	پرتکاپو؛ تجاوزی	ugr
आक्रामक	پرتکاپو؛ تجاوزی	aakraamak
आक्रमणकारी	متجاوز؛ مهاجم	aakramanakaarii
आकारमक	متجاوز؛ مهاجم	aakaaramak
फुर्तीला	سریعالانتقال	phurtiilaa
फुर्ती	سبکبالی	phurtii
व्यथित	آشفته؛ متلاطم	vyathit
उछाला	تلاطم؛ آشفتگی	uchhaalaa
आंदोलन	تلاطم؛ آشفتگی	aandolan
आन्दोलक	آشوبگر	aandolak
आंदोलनकर्ता	آشوبگر	aandolanakartaa
पहले	پیش از این	pahale
पहले{बीता हुआ}	پیش از این	pahale{biitaa huaa}
बहुत दुखी	سوزناک؛ رنجآور	bahut dukhii
अत्यंत दुखदायी	سوزناک؛ رنجآور	atyant dukhadaayii
कष्ट	رنج؛ سکرات مرگ	kasht
व्यथा	رنج؛ سکرات مرگ	vyathaa
मेल खाना	موافق بودن	mel khaanaa
अनुकूल	سازگار؛ دلجو	anukuul
सुखद	سازگار؛ دلجو	sukhad
वचन	قرار؛ توافق	vachan
कृषि	کشاورزی	krishi
कृषिक	کشاورزی	krishik
खेतीबाङी	کشاورزی	khetiibaangii
कंपकंपी वाला बुखार	تب و لرز	kanpakanpii vaalaa bukhaar
मलेरिया-ज्वर	تب و لرز	maleriyaa-jvar
विस्मय	آه	vismay
आगे	جلو؛ روبجلو	aage
सहायता	یار؛ مدد	sahaayataa
मदद	یار؛ مدد	madad
सहायक सैनिक अधिकारी	دستیار	sahaayak sainik adhikaarii
एड्स	ایدز	eds
एड्स{बीमारी}	ایدز	edsa{biimaarii}
बीमार	ضعیفالبنیه	biimaar
अस्वस्थ	ضعیفالبنیه	asvasth
लक्ष्य	نشان؛ کام	lakshy
ध्येय	نشان؛ کام	dhyey
निरुद्देश्य	بی هدف؛ بی مقصد	niruddeshy
लक्ष्यरहित	بی هدف؛ بی مقصد	lakshyarahit
हवा	هوا	havaa
विमान या वायुयान	طیاره؛ هواپیمیی	vimaan yaa vaayuyaan
हवाई कंपनी	خط هواپیمایی	havaaii kanpanii
हवाई कम्पनी	خط هواپیمایی	havaaii kampanii
विमान	هواپیما؛ طیاره	vimaan
हवाई जहाज	هواپیما؛ طیاره	havaaii jahaaj
विमानतल	فرودگاه	vimaanatal
हवाई अड्डा	فرودگاه	havaaii addaa
लापरवाह	هوا مانند؛ با روح	laaparavaah
अव्यावहारिक	هوا مانند؛ با روح	avyaavahaarik
गलियारा	راه رو	galiyaaraa
गली	راه رو	galii
अलाबामा	آلاباما	alaabaamaa
घंटी	آژیر؛ اعلان خطر	ghantii
संकट घंटी	آژیر؛ اعلان خطر	sankat ghantii
हाय!	افسوس؛ وه	haay!
ओह{हाय}	افسوس؛ وه	oha{haay}
ऑलबनी	آلبانی	olabanii
यद्यपि	اگرچه	yadyapi
एलबम	آلبوم	elabam / elabam / sangrahapustak
एलबम/संग्रहपुस्तक	آلبوم	elabam / elabam / sangrahapustak
श्विति	آلبومین	shviti
मद्य	الکل	mady
अल्कोहल	الکل	alkohal
शराबी	الکلی؛ شرابخور	sharaabii
सुषविक	الکلی؛ شرابخور	sushavik
मदात्यय	اعتیاد به الکل	madaatyay
बीमारी की हालत	اعتیاد به الکل	biimaarii kii haalat
भिदुर	توسه؛ توسکا	bhidur
एक प्रकार का वृक्ष	توسه؛ توسکا	ek prakaar kaa vriksh
सतर्क	هشدار دادن، هوشیار	satark
जागरूक	هشدار دادن، هوشیار	jaagaruuk
सतर्कता	هشیاری؛ بیداری	satarkataa
बीजगणित	جبر؛ جبر و مقابله	biijaganit
विदेशी	بیگانه	videshii
सम्मिलित करना	همسو کردن	sammilit karanaa
पँक्ति लगाना	همسو کردن	pankti lagaanaa
सम्मिलित	همسویی	sammilit
एकत्रीकरण	همسویی	ekatriikaran
एक समान	مشابه	ek samaan
एक जैसे	مشابه	ek jaise
आहार-संबंधी	رزقی	aahaar-sanbandhii
पोषण-संबंधी	رزقی	poshan-sanbandhii
संभरण	خرجی؛ نفقه	sanbharan
दाराभृत्ति	خرجی؛ نفقه	daaraabhritti
पूरा	همه	puuraa
शिकायत	ادعا	shikaayat
आरोप	ادعا	aarop
आरोप लगाना	ادعا کردن	aarop lagaanaa
बिना सबूत के आरोप लगाना	ادعا کردن	binaa sabuut ke aarop lagaanaa
कथित रूप से	ظاهراً	kathit ruup se
नीति कथा	مجاز؛ کنیه	niiti kathaa
रूपक कथा	مجاز؛ کنیه	ruupak kathaa
द्रुत	نشاط انگیز	drut
द्रुत लय	نشاط انگیز	drut lay
राहत	تسکین	raahat
उपशम	تسکین	upasham
पगडण्डी	کوچه؛ خیابان کوچک	pagadandii
संधि	اتحاد	sandhi
बाँटना	اختصاص دادن	baantanaa
निर्धारित करना	اختصاص دادن	nirdhaarit karanaa
निर्धारण	تخصیص	nirdhaaran
आवंटन	تخصیص	aavantan
छूट	سهمیه، کمک هزینه	chhuut
भत्ता	سهمیه، کمک هزینه	bhattaa
अच्छा	بسیار خوب، همه چیز درست	achchhaa
संकेत करना	اشارهکردن؛ تلمیح کردن	sanket karanaa
इंगित करना	اشارهکردن؛ تلمیح کردن	ingit karanaa
संकेत	اشاره؛ کنیه	sanket
उल्लेख	اشاره؛ کنیه	ullekh
जलोढ़	آبرفتی	jalorh
मित्र	متحد	mitr
मित्रपक्ष	متحد	mitrapaksh
जंत्री	سالنما	jantrii
पंचांग	سالنما	panchaang
बदाम	بادام؛ آلموند	badaam
बादाम	بادام؛ آلموند	baadaam
प्रायः	تقریباً	praayh
दान	زکات؛ ذکات	daan
भीख	زکات؛ ذکات	bhiikh
अकेला	تنها	akelaa
बराबर बराबर	در امتداد	baraabar baraabar
के पास	در کنار	ke paas
के निकट	در کنار	ke nikat
अलग/दूर	کناره گیر	alag / duur / alag thalag
अलग थलग	کناره گیر	alag / duur / alag thalag
अल्फ़ा	ستاره اول	alfaa
यूनानी वर्णमाला का प्रथम अक्षर	ستاره اول	yuunaanii varnamaalaa kaa pratham akshar
वर्णक्रम	الفبا	varnakram
अभी तक	قبلا	abhii tak
पहले से	قبلا	pahale se
बेशक़	صحیح است	beshaq
भी	همچنین	bhii
और	همچنین	aur
वेदी	مبح؛ محراب	vedii
बलिवेदी	مبح؛ محراب	balivedii
बदल देना	دگرگون کردن؛ دگرگون شدن	badal denaa
बदल जाना	دگرگون کردن؛ دگرگون شدن	badal jaanaa
परिवर्तन	دگرش	parivartan
प्रत्यावर्तन	دگرش	pratyaavartan
झगड़ा	مجادله	jhagaraa
झड़प	مجادله	jharap
एकान्तर	متناوب کردن؛ تناوب کردن	ekaantar
दूसरा	متناوب کردن؛ تناوب کردن	duusaraa
बारी बारी से	غبا	baarii baarii se
एक के बाद एक	غبا	ek ke baad ek
विकल्प	جایگزین	vikalp
वैकल्पिक	جایگزین	vaikalpik
के बदले में	بنوبت؛ متناوبا	ke badale men
हालाँकि	اگرچه	haalaanki
कुल मिलाकर	کلاً	kul milaakar
पूर्णरुप से	کلاً	puurnarup se
फिटकरी	زاغ؛ زاج	phitakarii
अल्युमिनियम	آلومینیوم	alyuminiyam
ऐल्युमीनियम	آلومینیوم	ailyumiiniyam
हमेशा	همیشه	hameshaa
सदा	همیشه	sadaa
मिश्रण	ملقمه	mishran
पारदमिश्र	ملقمه	paaradamishr
इकट्ठा करना	توده کردن	ikatthaa karanaa
शौकिया	آماتور	shaukiyaa
नौसिखुआ	آماتور	nausikhuaa
आश्चर्यचकित	متعجب؛ متحیر	aashcharyachakit
अचम्भित	متعجب؛ متحیر	achambhit
चमत्कार	حیرت؛ بهت	chamatkaar
आश्चर्य	حیرت؛ بهت	aashchary
आश्चर्यजनक	شگفت‌انگیز	aashcharyajanak
दूत	سفیر	duut
राजदूत	سفیر	raajaduut
ऐंबर	شاهبوی؛ کهربا	ainbar
अम्बर	شاهبوی؛ کهربا	ambar
अस्पष्टता	ابهام	aspashtataa
श्लेष	ابهام	shlesh
अस्पष्ट	مبهم	aspasht
संदिग्ध	مبهم	sandigdh
अभिलाषा	جاه طلبی	abhilaashaa
उमङ्ग	جاه طلبی	umangg
महत्वाकांक्षी	نامجو؛ بلند همت	mahatvaakaankshii
उच्चाकांक्षी	نامجو؛ بلند همت	uchchaakaankshii
ऐम्बुलेंस	آمبولانس	aimbulens
अस्पताल गाड़ी	آمبولانس	aspataal gaarii
घात	کمین؛ کمینگاه	ghaat
ताक	کمین؛ کمینگاه	taak
आमीन	آمین	aamiin / tathaastu / aisaa hii ho
तथास्तु/ऐसा ही हो	آمین	aamiin / tathaastu / aisaa hii ho
सुधारना	اصلاح کردن	sudhaaranaa
संशोधन करना	اصلاح کردن	sanshodhan karanaa
संशोधन	اصلاحیه	sanshodhan
अमरीका	آمریکا	amariikaa
अमरीकी	آمریکایی	amariikii
अमरीका वासी	آمریکایی	amariikaa vaasii
जंबुमणि	در بنفش؛ در کوهی بنفش	janbumani
जामुनी मणी	در بنفش؛ در کوهی بنفش	jaamunii manii
बीच में ही	در میان	biich men hii
के बीच	در میان	ke biich
अमोनिया	آمونیاک	amoniyaa
रंग रहित तीव्र गंध वाली गैस.	آمونیاک	rang rahit tiivr gandh vaalii gais.
राजक्षमा	عفو؛ عفو عمومی کردن	raajakshamaa
सर्वक्षमा	عفو؛ عفو عمومی کردن	sarvakshamaa
में/मध्य में	در میان	men / madhy men / men
में	در میان	men / madhy men / men
कामुक	عاشقانه	kaamuk
कामी{रसिक}	عاشقانه	kaamii{rasik}
मात्रा	مقدار	maatraa
राशि	مقدار	raashi
काटना	قطع اندام کردن	kaatanaa
अंगभंग	قطع اندام کردن	angabhang
मनोरंजन करना	سرگرم کردن؛ تفریح دادن	manoranjan karanaa
मन बहलाना	سرگرم کردن؛ تفریح دادن	man bahalaanaa
आनंद	تفریح؛ لهو	aanand
आनन्द	تفریح؛ لهو	aanand
विनोदी/मनोरंजक	سرگرم کننده	vinodii / manoranjak / manoranjak
मनोरंजक	سرگرم کننده	vinodii / manoranjak / manoranjak
वातनिरपेक्ष	ناهوازی	vaatanirapeksh
वात निरपेक्ष जीवाणु	ناهوازی	vaat nirapeksh jiivaanu
असंवेदनता	داروی بیهوشی	asanvedanataa / chetanaashuunyataa / behonshii
चेतनाशून्यता/बेहोंशी	داروی بیهوشی	asanvedanataa / chetanaashuunyataa / behonshii
गुदा	کونی؛ مقعدی	gudaa
गुदा सम्बन्धी	کونی؛ مقعدی	gudaa sambandhii
समानता	قیاس	samaanataa
समीक्षा	حل؛ تجزیه	samiikshaa
विश्लेषण	حل؛ تجزیه	vishleshan
मनोविश्लेषक	تحلیلگر	manovishleshak
विश्लेषक	تحلیلگر	vishleshak
विश्लेषी	تحلیلی	vishleshii
मनोविश्लेषण करना	تجزیه کردن؛ تحلیل کردن	manovishleshan karanaa
अराजकतावादी	آشوب طلب؛ هرج و مآرج طلب	araajakataavaadii
अव्यवस्था	بی قانونی؛ بی نظمی	avyavasthaa
अराजकता	بی قانونی؛ بی نظمی	araajakataa
शारीरिक/संरचनात्मक	تشریحی	shaariirik / sanrachanaatmak / shaariirik
शारीरिक	تشریحی	shaariirik / sanrachanaatmak / shaariirik
चीरफाड़	استخوانبندی؛ کالبد شناسی	chiiraphaar
शरीर रचना विज्ञान	استخوانبندی؛ کالبد شناسی	shariir rachanaa vigyaan
रूप	جد	ruup
पूर्वज	جد	puurvaj
पैतृक	نسبی؛ اجدادی	paitrik / paitrik / bapautii
पैतृक/बपौती	نسبی؛ اجدادی	paitrik / paitrik / bapautii
वंश	اصل ونسب	vansh
वंश परंपरा	اصل ونسب	vansh paranparaa
लंगर	لنگر	langar
आसरा	لنگر	aasaraa
पुराना	باستانی	puraanaa
प्राचीन	باستانی	praachiin
तथा	و	tathaa
किस्सा	ضرب المثل؛ قصه کوتاه	kissaa
दंतकथा	ضرب المثل؛ قصه کوتاه	dantakathaa
सुन्दर	فرشته	sundar
देवदूत	فرشته	devaduut
दिव्य	ملکی؛ فرشتهی	divy
देवदूत के समान	ملکی؛ فرشتهی	devaduut ke samaan
गुस्सा	غضب؛ خشم	gussaa
दृष्टिकोण	گوشه؛ زاویه	drishtikon
कोण	گوشه؛ زاویه	kon
प्रचण्ड	عصبانی	prachand
मनोव्यथा	تاب و تب	manovyathaa
नुकीला	زاویهی؛ گوشه دار	nukiilaa
जंगली	حیوان	jangalii
प्राणी	حیوان	praanii
सजीव	جان دار؛ روح دادن	sajiiv
जान डाल देना	جان دار؛ روح دادن	jaan daal denaa
जीवंतता	پویانمایی	jiivantataa
सजीवता	پویانمایی	sajiivataa
वैरभाव	کینه؛ دشمنی	vairabhaav
द्वेष	کینه؛ دشمنی	dvesh
टखना	مچ پا	takhanaa
इतिहास	اخبار سال؛ وقیع سالیانه	itihaas
वर्ष वृतान्त	اخبار سال؛ وقیع سالیانه	varsh vritaant
उपभवन	ضمیمه کردن؛ ضمیمه سازی	upabhavan
मिला लेना	ضمیمه کردن؛ ضمیمه سازی	milaa lenaa
समामेलन	الحاق؛ ضم	samaamelan
कब्जे में करना	الحاق؛ ضم	kabje men karanaa
जड़ से मिटाना	نابود کردن؛ کن فیکون کردن	jar se mitaanaa
सालगिरह	سالروز؛ سالگرد	saalagirah
वर्षगाँठ	سالروز؛ سالگرد	varshagaanth
घोषित करना	اعلامداشتن؛ اعلام کردن	ghoshit karanaa
घोषणा करना	اعلامداشتن؛ اعلام کردن	ghoshanaa karanaa
घोषणा	اعلام؛ آگهی	ghoshanaa
चिढाना	رنجاندن؛ آزردن	chidhaanaa
खीजाना	رنجاندن؛ آزردن	khiijaanaa
मुसीबत	رنجش؛ دلخوری	musiibat
खिझाऊ	رنجاننده؛ سرخوری	khijhaauu
खीझ दिलाने वाला	رنجاننده؛ سرخوری	khiijh dilaane vaalaa
वार्षिक	سالانه؛ سالیانه	vaarshik
सालाना	سالانه؛ سالیانه	saalaanaa
प्रति वर्ष	سالانه	prati varsh
निरसन	نسخ؛ ابطال	nirasan
अमान्यकरण	نسخ؛ ابطال	amaanyakaran
धनाग्र	آنود؛ قطب مثبت	dhanaagr
धर्मापित करना	مسح شدن	dharmaapit karanaa
तेलाभिषेक करना	مسح شدن	telaabhishek karanaa
गुमनाम	ناشناس	gumanaam
भिन्न	دیگری	bhinn
उत्तर	پاسخ، پاسخ دادن	uttar
जवाब देना	پاسخ، پاسخ دادن	javaab denaa
उत्तर के योग्य	پاسخ دار؛ جواب دار	uttar ke yogy
चींटी	مورچه	chiintii
विरोध	هم آوری؛ اصل مخالف	virodh
वैर भाव	هم آوری؛ اصل مخالف	vair bhaav
पूर्ववर्ती	ماقبل	puurvavartii
कोयला	آنتراسیت	koyalaa
पत्थर का कोयला	آنتراسیت	patthar kaa koyalaa
बिसहरिया	خراج؛ ینتراکس	bisahariyaa
गिलटी रोग	خراج؛ ینتراکس	gilatii rog
विरोधी/प्रतिरोध	ضد	virodhii / pratirodh / ke virodhii
के विरोधी	ضد	virodhii / pratirodh / ke virodhii
रोगप्रतिकारक.	پادتن	rogapratikaarak.
रोग प्रतिकारक	پادتن	rog pratikaarak
उम्मीद करना	پیش‌بینی کردن	ummiid karanaa
पुर्वानुमान	پیشدستی	purvaanumaan
पहले से ही	پیشدستی	pahale se hii
प्रतिजन	پادزا؛ پادگن	pratijan
ऐन्टिजिन	پادزا؛ پادگن	aintijin
पुराना/पुरातन	عتیقه؛ عتیق	praachiin / puraanaa / puraatan
पुरातनता	کهنگی؛ دیرینگی	puraatanataa
पुरावस्तु	کهنگی؛ دیرینگی	puraavastu
क्षय निरोधक	گندزدا؛ ضدعفونی	kshay nirodhak
रोगाणुरोधक	گندزدا؛ ضدعفونی	rogaanurodhak
प्रतिविष	زهردارو؛ پادزهرابه	prativish
गुदा/मलदार.	نشین؛ مقعد	gudaa / gudaa / maladaar.
चिंता	اضطراب	chintaa
उत्सुकता	اضطراب	utsukataa
उत्सुक	مشتاق؛ اندیشناک	utsuk
चिन्तित	مشتاق؛ اندیشناک	chintit
उदवेग से	مشتاقانه	udaveg se
चिंतित होकर	مشتاقانه	chintit hokar
कुछ	هر؛ هر، هیچ	kuchh
थोड़ा	هر؛ هر، هیچ	thoraa
कोई	هر کسی	koii
कोई व्यक्ति	هر کسی	koii vyakti
फिर भी	درهرصورت؛ بهرشکل	phir bhii
अब	دیگر	ab
इसके बाद	دیگر	isake baad
कोई भी	هر کسی	koii bhii
किसी को	هر کسی	kisii ko
कुछ भी	هر چیزی	kuchh bhii
कहीं	هر جا	kahiin
कहीं भी	هر جا	kahiin bhii
महाधमनीई	آورتا	mahaadhamanii
बायीं धमनी	آورتا	baayiin dhamanii
तेज़ी से	باسرعت زیاد	tezii se
शीघ्रता से	باسرعت زیاد	shiighrataa se
अलग	جدا؛ مجزا	alag
दूर	جدا؛ مجزا	duur
कमरा	آپارتمان	kamaraa
कमरे	آپارتمان	kamare
उदासीन	بی احساس	udaasiin
वानर	میمون؛ بوزینه	vaanar
बन्दर की जात का जानवर	میمون؛ بوزینه	bandar kii jaat kaa jaanavar
शिखर	ذروه	shikhar
शिरोबिन्दु	ذروه	shirobindu
क्षमा मांगना	معذرت خواستن؛ پوزش خواستن	kshamaa maanganaa
स्पष्टीकरण	عذرخواهی	spashtiikaran
क्षमा	عذرخواهی	kshamaa
रक्ताघात	سکته ناقص	raktaaghaat
मूर्छा की बीमारी	سکته ناقص	muurchhaa kii biimaarii
प्रचारक	فرستاده؛ حواری	prachaarak
धर्मदूत	فرستاده؛ حواری	dharmaduut
आधुनिक संगणक एप्लीकेशन	اپلیکیشن	aadhunik sanganak epliikeshan
सामान	دستگاه	saamaan
उपकरण	دستگاه	upakaran
स्पष्ट	پیدا؛ نمودار	spasht
साफ	پیدا؛ نمودار	saaph
बिल्कुल	ظاهرا؛ نظرا	bilkul
स्पष्ट रूप से	ظاهرا؛ نظرا	spasht ruup se
आकर्षण	فرجام؛ جذابیت	aakarshan
पुनरावेदन	فرجام؛ جذابیت	punaraavedan
आकर्षक	جذاب	aakarshak
जनप्रिय	جذاب	janapriy
दिखाई देना	ظاهر شدن	dikhaaii denaa
उपस्थिति	ظاهر	upasthiti
पेशी	ظاهر	peshii
शांत करना	دلنوازی کردن؛ دلجوئی کردن	shaant karanaa
संतुष्ट करना	دلنوازی کردن؛ دلجوئی کردن	santusht karanaa
शांत करने वाला	دلجویانه	shaant karane vaalaa
उपाधि	وجه تسمیه	upaadhi / padavii / naam / upaadhi
पदवी/नाम/उपाधि	وجه تسمیه	upaadhi / padavii / naam / upaadhi
उपांग्	مضافات	upaang / jorii huii vastu / upaang
जोड़ी हुई वस्तु/उपांग	مضافات	upaang / jorii huii vastu / upaang
उण्डुपुच्छशोथ	آپاندیس	undupuchchhashoth
परिशिष्ट	ضمیمه؛ آپاندیس	parishisht
उण्डुक	ضمیمه؛ آپاندیس	unduk
रुचि	اشتها	ruchi
स्वादिष्ट	خوش خوراک؛ اشتها آور	svaadisht
भूखवर्धक	خوش خوراک؛ اشتها آور	bhuukhavardhak
सराहना	تشویق کردن	saraahanaa
वाहवाही	تمجید؛ هلهله	vaahavaahii
हर्षध्वनि	تمجید؛ هلهله	harshadhvani
सेब	سیب	seb
सेवफल	سیب	sevaphal
लागू	قابل اجرا	laaguu
प्रयोग	متقاضی	prayog
आवेदक	متقاضی	aavedak
संबंध	استعمال؛ درخواست	sanbandh
परिश्रम	استعمال؛ درخواست	parishram
लागू करना	درخواست کردن، اعمال کردن	laaguu karanaa
आवेदन करना	درخواست کردن، اعمال کردن	aavedan karanaa
बनाना	منصوب کردن	banaanaa
नियुक्त करना	منصوب کردن	niyukt karanaa
नौकरी	تعیین؛ انتصاب	naukarii
मूल्याकंन	تقویم؛ تخمین	muulyaakann
मूल्यांकन करना	تعیین قیمت کردن	muulyaankan karanaa
आँकना	تقدیر کردن؛ تشکر کردن	aankanaa
समझ	تشویش خاطر	samajh
भय	تشویش خاطر	bhay
नौसिखिया	شاگرد	nausikhiyaa
अपरेंटिस{शिष्य}	شاگرد	aparentisa{shishy}
शिक्षा	شاگردی؛ تلمذ	shikshaa
प्रशिक्षुता	شاگردی؛ تلمذ	prashikshutaa
रास्ता	مراجعهکردن؛ نزدیک شدن	raastaa
प्रस्ताव	مراجعهکردن؛ نزدیک شدن	prastaav
उपयुक्त	مناسب؛ مقتضی	upayukt
उचित रूप से	به طور مناسب	uchit ruup se
उपयुक्त रूप से	به طور مناسب	upayukt ruup se
पसंद करना	امضاکردن؛ پسند کردن	pasand karanaa
सन्निकट	تقریبی؛ تخمینی	sannikat
करीब करीब	تقریبا؛ تخمیناً	kariib kariib
निकटता	تقریب	nikatataa
सादृश्य	تقریب	saadrishy
अप्रैल	آوریل	aprail
अप्रेल माह	آوریل	aprel maah
एप्रन	خرند؛ پیش بند	epran
पिटवा	خرند؛ پیش بند	pitavaa
रुझान	ذوق؛ گنجیش	rujhaan / abhiruchi / yogyataa
अभिरुचि/योग्यता	ذوق؛ گنجیش	rujhaan / abhiruchi / yogyataa
मछलीघर	آکواریوم؛ آبزیگاه	machhaliighar
अक्वेरियम	آکواریوم؛ آبزیگاه	akveriyam
अरबी	عربی؛ عرب	arabii
अरब	عربی؛ عرب	arab
कृष्य	مزروعی؛ قابل زرع	krishy
कृषि योग्य	مزروعی؛ قابل زرع	krishi yogy
अक्रमतः	به‌طور قراردادی	akramath
क्रमहीनतः	به‌طور قراردادی	kramahiinath
स्वेच्छाचारी	خودسرانه	svechchhaachaarii
मनमाना	خودسرانه	manamaanaa
मध्यस्थता	داوری؛ حکمیت	madhyasthataa
मध्यस्तता	داوری؛ حکمیت	madhyastataa
चाप	کمان	chaap
चिनगारी	کمان	chinagaarii
तोरण पथ	تیمچه	toran path
आच्छादित मार्ग	تیمچه	aachchhaadit maarg
मुख्य	طاق؛ تاق	mukhy
घृणास्पद	طاق؛ تاق	ghrinaaspad
पुरातत्व	باستانشناسی	puraatatv
पुरातात्त्विक	باستانشناسی	puraataattvik
मुख्य पादरी	سر اسقف؛ اسقف بزرگ	mukhy paadarii
प्रधान पादरी	سر اسقف؛ اسقف بزرگ	pradhaan paadarii
अंचित	طاقدار	anchit
द्वीपसमूह	مجمع الجزیر؛ دریی پر جزیره	dviipasamuuh
द्विपपुंज	مجمع الجزیر؛ دریی پر جزیره	dvipapunj
निर्माता	معمار	nirmaataa
शिल्पकार	معمار	shilpakaar
वास्तुशिल्पीय	معماری	vaastushilpiiy
वास्तुकला संबधी	معماری	vaastukalaa sanbadhii
शिल्प	معماری	shilp
वास्तुकला	معماری	vaastukalaa
लेखागार	آرشیو	lekhaagaar
ऐतिहासिक अभिलेख	آرشیو	aitihaasik abhilekh
तोरण	گذر سرپوشیده؛ دروازه طاقدار	toran
तोरणपथ	گذر سرپوشیده؛ دروازه طاقدار	toranapath
उत्तरी ध्रुवी	شمالی؛ قطبی	uttarii dhruvii
अत्यधिक ठंडा	شمالی؛ قطبی	atyadhik thandaa
दुष्कर	پر زحمت؛ صعب الصعود	dushkar
स्थान	منطقه	sthaan
क्षेत्र	منطقه	kshetr
कार्यक्षेत्र	عرصه	kaaryakshetr
रंगभूमि	عرصه	rangabhuumi
विवादास्पद रूप से	مسلماً	vivaadaaspad ruup se
झगड़ना	بحث کردن	jhagaranaa
प्रमाणित करना	بحث کردن	pramaanit karanaa
तर्क	بحث	tark
बहस	بحث	bahas
तर्कसंगत	جدلی؛ استدلالی	tarkasangat
विवादप्रिय	جدلی؛ استدلالی	vivaadapriy
नीरस	خشک؛ لم یزرع	niiras
शुष्क	خشک؛ لم یزرع	shushk
निकलना	بروز کردن	nikalanaa
उठना	بروز کردن	uthanaa
अभिजात वर्ग	نجبا؛ اشرافیت	abhijaat varg
अभिजात	بزرگزاده؛ اشرافزاده	abhijaat
अभिजात वर्ग का व्यक्ति	بزرگزاده؛ اشرافزاده	abhijaat varg kaa vyakti
कुलीन	اشرافی؛ اعیانی	kuliin
ठाटबाटवाला	اشرافی؛ اعیانی	thaatabaatavaalaa
अरकंसास	آرکانزاس	arakansaas
हथियार	بازو؛ مسلح کردن	hathiyaar
टुकड़ी	بازو؛ مسلح کردن	tukarii
शस्त्रीकरण	تسلیحات	shastriikaran
अनुभवहीन	صندلی دسته دار	anubhavahiin
अव्यवहारिक	صندلی دسته دار	avyavahaarik
आर्मेनियाई	ارمنی؛ زبان ارمنی	aarmeniyaaii
आर्मेनियाई भाषा	ارمنی؛ زبان ارمنی	aarmeniyaaii bhaashaa
आर्मेनियाई लोग	ارامنه	aarmeniyaaii log
युद्धविराम	متارکه جنگ؛ صلح موقت	yuddhaviraam
कवच	جوشن	kavach
सेना	جوشن	senaa
शस्त्रागार	زراد خانه	shastraagaar
बगल	بغل؛ زیر بغل	bagal
कांख	بغل؛ زیر بغل	kaankh
दल	ارتش	dal
समूह	ارتش	samuuh
सुगंधित	خوشبو؛ گیاه خوشبو	sugandhit / surabhit / sugandhit
सुरभित/सुगन्धित	خوشبو؛ گیاه خوشبو	sugandhit / surabhit / sugandhit
मोड़ पर	اطراف، حدود	mor par
आस पास	اطراف، حدود	aas paas
भड़काना	تحریص؛ شهوت آمیز	bharakaanaa
जगाना	تحریص؛ شهوت آمیز	jagaanaa
तैयार करना	ترتیب دادن	taiyaar karanaa
तय करना	ترتیب دادن	tay karanaa
पोशाक	آرایه	poshaak
क्रम	آرایه	kram
बक़ाया	پس افت	baqaayaa / bakaayaa / shesh
बकाया/शेष	پس افت	baqaayaa / bakaayaa / shesh
अवरोध	جلب؛ توقیف	avarodh
रोकना	جلب؛ توقیف	rokanaa
जन्म	مقدم؛ وصول	janm
आना	رسیدن	aanaa
पहुँचना	رسیدن	pahunchanaa
घमंड	تکبر؛ نخوت	ghamand / ahankaar / darp / ghamand / abhimaan / garv / mad
अहंकार/दर्प/घमण्ड/अभिमान/गर्व/मद	تکبر؛ نخوت	ghamand / ahankaar / darp / ghamand / abhimaan / garv / mad
घमंडी	خودکامه؛ مغرور	ghamandii
अविनयी	خودکامه؛ مغرور	avinayii
शर	پیکان	shar
तीर	پیکان	tiir
सिलाहखाना	زرادخانه؛ مهمات جنگی	silaahakhaanaa
कला	هنر	kalaa
धमनीय	شریانی	dhamaniiy
मुख्य मार्गीय	شریانی	mukhy maargiiy
नब्ज	سرخرگ؛ شریان	nabj
रक्तवाहिनी	سرخرگ؛ شریان	raktavaahinii
धूर्त	نیرنگ باز	dhuurt
चालाक	نیرنگ باز	chaalaak
संधि-संबंधी	مفصلی	sandhi-sanbandhii
कृत्रिम	مصنوعی؛ ساختگی	kritrim
झूठा	مصنوعی؛ ساختگی	jhuuthaa
तोपची सैनिक	توپ؛ توپخانه	topachii sainik
तोपखाना फ़ौज	توپ؛ توپخانه	topakhaanaa fauj
फ़नकार	هنرمند	fanakaar
कलाप्रेमी	هنری؛ هنرمندانه	kalaapremii
चित्रकला	اثر هنری	chitrakalaa
शिल्पकृति	اثر هنری	shilpakriti
के समान/के रूप में	به عنوان، همانطور که؛ همانطور که	ke samaan / ke ruup men / kyonki
क्योंकि	به عنوان، همانطور که؛ همانطور که	ke samaan / ke ruup men / kyonki
चढना	فرازیدن؛ فرازروی	chadhanaa / badhanaa / charhanaa
बढना/चढ़ना	فرازیدن؛ فرازروی	chadhanaa / badhanaa / charhanaa
पता लगाना	محقق نمودن؛ محقق دانستن	pataa lagaanaa
सुनिश्चित करना	محقق نمودن؛ محقق دانستن	sunishchit karanaa
यति	زاهد؛ زاهدانه	yati
सन्यासी	زاهد؛ زاهدانه	sanyaasii
श्रेय देना	منسوب	shrey denaa
राख	خاکستر	raakh
पेड{अंगू}	خاکستر	peda{anguu}
लज्जित	شرمنده؛ خجل	lajjit
शर्मिन्दा	شرمنده؛ خجل	sharmindaa
विवर्ण	خاکستری؛ شبیه خاکستر	vivarn
रक्तहीन	خاکستری؛ شبیه خاکستر	raktahiin
तट पर	بکنار؛ درساحل	tat par
एशिया	آسیا	eshiyaa
अलग रखना	کنار	alag rakhanaa
पूछना	پرسیدن، درخواست کردن	puuchhanaa
मृत	خوابیده	mrit
सुन्न	خوابیده	sunn
शतावरी	مارچوبه؛ شودی	shataavarii
एक प्रकार का साग	مارچوبه؛ شودی	ek prakaar kaa saag
गुण	منظر؛ منظره	gun
जलसिंचन	هتک	jalasinchan
महत्वाकांक्षा	آرزو	mahatvaakaankshaa
अभीप्सा	آرزو	abhiipsaa
चाहना	آرزو کردن	chaahanaa
अभिलाषा करना	آرزو کردن	abhilaashaa karanaa
ऐस्पिरिन	آسپیرین	aispirin
पीड़ा नाशक एक दवाई	آسپیرین	piiraa naashak ek davaaii
गधा	الاغ؛ ماتحت	gadhaa
हत्यारा	قاتل؛ آدمکش	hatyaaraa
वधिक	قاتل؛ آدمکش	vadhik
हत्या	ترور	hatyaa
प्रयास	حمله	prayaas
धावा	حمله	dhaavaa
जमा होना	جمع‌آوری کردن	jamaa honaa
सभा	مونتاژ، مجلس	sabhaa
जमघट	مونتاژ، مجلس	jamaghat
दिखाना	ادعا کردن	dikhaanaa
जोर देना	ادعا کردن	jor denaa
दावा	ادعا	daavaa
दृढ़कथन	ادعا	drirhakathan
राय	ارزیابی؛ اظهارنظر	raay
कर निर्धारक	ارزیاب	kar nirdhaarak
आँकलन करनेवाला	ارزیاب	aankalan karanevaalaa
सम्पत्ति	دارایی	sampatti
परिश्रमी	مستدام؛ عاکف	parishramii
श्रमसाध्य	مستدام؛ عاکف	shramasaadhy
काम	تکلیف؛ گمارش	kaam
मदद करना	یاری کردن؛ اعانه کردن	madad karanaa
सहायता देना	یاری کردن؛ اعانه کردن	sahaayataa denaa
समझना	پنداشتن؛ فرض کردن	samajhanaa
मान्यता	فرض	maanyataa
ग्रहण	فرض	grahan
विश्वास	اطمینان	vishvaas
आश्वासन	اطمینان	aashvaasan
निश्चित करना	اطمینان دادن	nishchit karanaa
निश्चित होना	اطمینان دادن	nishchit honaa
तारा चिह्न	ستاره	taaraa chihn
तारक चिन्ह	ستاره	taarak chinh
चकित करना	گیج کردن؛ مبهوت کردن	chakit karanaa
आश्चर्य होना	گیج کردن؛ مبهوت کردن	aashchary honaa
चौंका देने वाला	حیرت‌آور	chaunkaa dene vaalaa
अचरज	گیجی؛ خیرگی	acharaj
मेमने का ऊन	حاجی ترخان	memane kaa uun
गुमराह	گمراه؛ بی راه	gumaraah
खगोलविद्या	نجوم؛ ستاره شناسی	khagolavidyaa
खगोलशास्त्र	نجوم؛ ستاره شناسی	khagolashaastr
चतुर	تیز هوش	chatur
शरण	پناهندگی	sharan
आश्रय	پناهندگی	aashray
से	در	se
नास्तिक	ناخدا؛ زندیق	naastik
अनीश्वरवादी	ناخدا؛ زندیق	aniishvaravaadii
व्यायामी	ورزشکار	vyaayaamii
मजबूत	ورزشی؛ پهلوانی	majabuut
क्रीड़ा संबंधी	ورزشی؛ پهلوانی	kriiraa sanbandhii
एटलांटिक	آتلانتیک	etalaantik
एटलांटिकीय	آتلانتیک	etalaantikiiy
परमाणु	اتم؛ آتم	paramaanu
जरा भी	اتم؛ آتم	jaraa bhii
आणव	اتمی	aanav
परमाणाविक	اتمی	paramaanaavik
पछताना	کفاره دادن؛ تقاص پس دادن	pachhataanaa
क्षतिपूर्ति करना	کفاره دادن؛ تقاص پس دادن	kshatipuurti karanaa
क्षतिपूर्ति	دیه	kshatipuurti
प्रायश्चित्त	دیه	praayashchitt
अत्याचार	جنیات	atyaachaar
नृशंसता	جنیات	nrishansataa
लगाना	ضمیمه کردن؛ الصاق کردن	lagaanaa
आसक्ति	پیوست	aasakti
दौरा	حمله، حمله کردن	dauraa
दक्षता	نیل؛ حصول	dakshataa
प्रयत्न	سعی؛ کوشش	prayatn
उपस्थित होना	شرکت کردن	upasthit honaa
संख्या	حضور	sankhyaa
संलग्न	ملازم؛ ملتزم	sanlagn
सेवक	ملازم؛ ملتزم	sevak
ध्यान	توجه	dhyaan
सावधान	توجه	saavadhaan
अवधानी	متوجه؛ دربند	avadhaanii
कपडे,पहनावा,वस्त्र	لباس پوشاندن	poshaak / kapade / pahanaavaa / vastr
मुद्रा	طرز برخورد	mudraa
प्रवृति	طرز برخورد	pravriti
आकर्षित करना	مجذوب کردن؛ مجذوب ساختن	aakarshit karanaa
आकृष्ट करना	مجذوب کردن؛ مجذوب ساختن	aakrisht karanaa
सुंदर	جذاب	sundar
विशेषता	نسبت دادن، صفت	visheshataa
लक्ष्ण	نسبت دادن، صفت	lakshn
नीलामी	حراج	niilaamii
नीलामी करना	حراج	niilaamii karanaa
निडर	گستاخ؛ جسور	nidar
दुःसाहसी	گستاخ؛ جسور	duhsaahasii
गुस्ताख़ी	بی باکی	gustaakhii
श्रव्य	شنیدنی	shravy
कर्णगोचर	شنیدنی	karnagochar
श्रोता	حضار	shrotaa
श्रोतागण	حضار	shrotaagan
परीक्षण	حسابرسی	pariikshan
अंकेक्षण	حسابرسی	ankekshan
अंकेक्षक	ممیز؛ مستمع	ankekshak
लेखा परीक्षक	ممیز؛ مستمع	lekhaa pariikshak
श्रवण संबंधी	سمعی؛ سماعی	shravan sanbandhii
महत्वपूर्ण	آگوست	mahatvapuurn
अगस्त	آگوست	agast
चाची	عمه، خاله	chaachii
मौसी	عمه، خاله	mausii
तत्त्वावधान	توجهات	tattvaavadhaan
पवित्र	خجسته؛ فرخنده	pavitr
सादा	ریاضت کش	saadaa
सख्त	ریاضت کش	sakht
कठोरता	ریاضت	kathorataa
सितारा मछली	ریاضت	sitaaraa machhalii
ऑस्ट्रेलिया	استرالیا	ostreliyaa
ऑस्ट्रेलियाई	استرالیائی	ostreliyaaii
ऑस्ट्रिया	اطریش؛ اتریش	ostriyaa
ऑस्ट्रियाई	اتریشی؛ اطریشی	ostriyaaii
विश्वसनीय	معتبر	vishvasaniiy
असली	معتبر	asalii
प्रामाणिकता	اصالت؛ سندیت	praamaanikataa
प्रमाणिकता	اصالت؛ سندیت	pramaanikataa
जड़	نویسنده	jar
लेखक	نویسنده	lekhak
प्रामाणिक	حاکمانه	praamaanik
साधिकार	حاکمانه	saadhikaar
अधिकार	اجازه؛ اختیار	adhikaar
आज्ञा	اجازه؛ اختیار	aagyaa
अनुमति	تنفیذ	anumati
अधिकार देना	مجوز دادن	adhikaar denaa
प्राधिकृत करना	مجوز دادن	praadhikrit karanaa
कार	خودرو	kaar
आपबीती	خودزیستنامه	aapabiitii
आत्मकथा	خودزیستنامه	aatmakathaa
तानाशाही	استبداد	taanaashaahii
निरंकुशता	استبداد	nirankushataa
स्वेच्छाचारी शासक	سلطان مطلق؛ سلطان مستبد	svechchhaachaarii shaasak
निरंकुश	استبدادی	nirankush
अविवेचित	خودکار	avivechit
स्वचालित	خودکار	svachaalit
अपने आप से	به صورت خودکار	apane aap se
वाहन	اتومبیل؛ خودرو	vaahan
मोटर गाड़ी	اتومبیل؛ خودرو	motar gaarii
स्वतन्त्र	خودگردان؛ خود مختار	svatantr
स्वायत्त	خودگردان؛ خود مختار	svaayatt
स्वशासन	خودمختاری	svashaasan
स्वायत्तता	خودمختاری	svaayattataa
शरद्	پاییز	sharad
बुढापा	پاییز	budhaapaa
शरद्कालीन	خزانی؛ خریفی	sharadkaaliin
शरद्काल सा	خزانی؛ خریفی	sharadkaal saa
लाभ उठाना/प्राप्ति	بکار خوردن؛ سودمند بودن	laabh uthaanaa / praapti / laabh uthaanaa
लाभ उठाना	بکار خوردن؛ سودمند بودن	laabh uthaanaa / praapti / laabh uthaanaa
प्राप्यता	در دسترس بودن	praapyataa
उपलब्धता	در دسترس بودن	upalabdhataa
खाली	در دسترس	khaalii
बर्फ की सरकती हुई चट्टान	بهمن	barph kii sarakatii huii chattaan
पहाड़ से गिरता हुआ बर्फ का ढेर	بهمن	pahaar se girataa huaa barph kaa dher
बदला लेना	دادگیری کردن	badalaa lenaa
प्रतिशोध लेना	دادگیری کردن	pratishodh lenaa
सामान्य	متوسط	saamaany
औसत	متوسط	ausat
अतिघृणा	نفرت؛ بدآمدن	atighrinaa
उड्डयन	هواپیمائی؛ هوانوردی	uddayan
विमान चालन	هواپیمائی؛ هوانوردی	vimaan chaalan
टालना	اجتناب کردن	taalanaa
परिहार	اجتناب؛ حذر	parihaar
अंगीकृत	اعتراف شده	angiikrit
इंतजार करना	در انتظار بودن	intajaar karanaa
आसरा देखना	در انتظار بودن	aasaraa dekhanaa
जागे हुए	بیدار؛ بیداری کشیدن	jaage hue
दंड	جایزه	dand
पुरस्कार	جایزه	puraskaar
सचेत	آگاه؛ مطلع	sachet
जानकारी	آگاهی	jaanakaarii
जागरूकता	آگاهی	jaagaruukataa
लगातार	دور	lagaataar
विस्मयपूर्ण आदर	هیبت؛ هیبت دادن	vismayapuurn aadar
खराब	وحشتناک	kharaab
कुछ देर के लिये	مدتی؛ یک چندی	kuchh der ke liye
थोड़ी देर के लिए	مدتی؛ یک چندی	thorii der ke lie
अनुपयुक्त	نامناسب	anupayukt
बेढंगापन	ناشیگری	bedhangaapan
अटपटापन	ناشیگری	atapataapan
तिरछा	چپ چپ؛ به‌طور میل	tirachhaa
गड़बड़	چپ چپ؛ به‌طور میل	garabar
कुल्हाड़ी	تیشه؛ تبر	kulhaarii
समाप्त कर देना	تیشه؛ تبر	samaapt kar denaa
कुलिश	تیشه؛ تیشه زدن	kulish
धुरी	آسه؛ محور چرخ	dhurii
आसमानी	مینا؛ لاجورد	aasamaanii
नीलाकाश	مینا؛ لاجورد	niilaakaash
शोरगुल	طرح خیالی؛ بنای شگرف	shoragul / kolaahal / garabarii
कोलाहल/गड़बड़ी	طرح خیالی؛ بنای شگرف	shoragul / kolaahal / garabarii
लंगूर	عنتر	languur
बबून	عنتر	babuun
बच्चा	نوزاد، کودک	bachchaa
लड़का	نوزاد، کودک	larakaa
स्नातक	عزب؛ مجرد	snaatak
कुँवारा	عزب؛ مجرد	kunvaaraa
किटाणु	باسیل	kitaanu
दण्डाणु	باسیل	dandaanu
पीठ	پشت، عقب؛ پشتی، عقب	piith
पृष्ठपट	صحنه پشت	prishthapat
बैकगैमन	مهره؛ نرد	baikagaiman
वर्ग	سابقه، پس زمینه	varg
आधार	سابقه، پس زمینه	aadhaar
सहारा	حمایت	sahaaraa
उल्टा	بدون ترقی	ultaa
पिछडा	بدون ترقی	pichhadaa
उल्टे	ازپشت؛ عقب مانده	ulte
अप्रवाही जल	باریکه آب	apravaahii jal
पिछड़ा हुआ क्षेत्र	باریکه آب	pichharaa huaa kshetr
अरण्य	جنگلهای دورافتاده	arany
घना जंगल	جنگلهای دورافتاده	ghanaa jangal
जीवाणु	باکتری‌ها	jiivaanu
जीवाण्विक	باکتریائی	jiivaanvik
जीवाणु विज्ञान	باکتری شناسی	jiivaanu vigyaan
बुरा	بد	buraa
लक्षण	نشان	lakshan
चिन्ह	نشان	chinh
असफ़लतापूर्वक	بد	asafalataapuurvak
बहुत अधिक	بد	bahut adhik
शिकार	کیف	shikaar
बटुआ	کیف	batuaa
वेश्या	بارسفر	veshyaa
टाट	پارچه کیسهای	taat
ढीला ढाला	کیسه ای متورم	dhiilaa dhaalaa
पनी उलीचना	وثیقه	panii uliichanaa
अमानत रखना	وثیقه	amaanat rakhanaa
अमीन	ضابط	amiin
बेलिफ़	ضابط	belif
प्रलोभन	طعمه؛ طعمه دادن	pralobhan
चारा	طعمه؛ طعمه دادن	chaaraa
पकाना	پختن؛ طبخ کردن	pakaanaa
सुखाना	پختن؛ طبخ کردن	sukhaanaa
नानबाई	شاطر؛ نانوا	naanabaaii
सेंकने की क्रिया	طبخ	senkane kii kriyaa
सेंकना	طبخ	senkanaa
काँटा	مانده؛ تراز	kaantaa
संतुलित	متعادل	santulit
छज्जा	خروجی؛ بالکن	chhajjaa
बरामदा	خروجی؛ بالکن	baraamadaa
गंजा	کل؛ طاس	ganjaa
गंजी	کل؛ طاس	ganjii
डरावना	غم انگیز؛ مصیبت بار	daraavanaa
ख़तरनाक	غم انگیز؛ مصیبت بار	khataranaak
ठिठकना	زیرش زدن؛ مایه لغزش	thithakanaa
अड़ना	زیرش زدن؛ مایه لغزش	aranaa
बल	توپ	bal
गोला	توپ	golaa
गाथागीत	شعر افسانه ای	gaathaagiit
प्रेम गीत	شعر افسانه ای	prem giit
बैले	باله	baile / nrityanaatikaa / naatak
नृत्यनाटिका/नाटक	باله	baile / nrityanaatikaa / naatak
गोलक	بادکنک	golak
गुब्बारा	بادکنک	gubbaaraa
मत	برگه رای	mat
मत पत्र	برگه رای	mat patr
मलहम	بلسان	malaham
गुलमेंहदी	بلسان	gulamenhadii
बाल्टिक	بالتیک	baaltik
बाँस	خیزران؛ بامبو	baans
पर प्रतिबन्ध लगाना	نهی؛ منع کردن	par pratibandh lagaanaa
केला	موز	kelaa
पट्टी	گروه (موسیقی)	pattii
बैन्डेज़	تنزیب؛ پانسمان	baindez
डाकू	سارق؛ راهزن	daakuu
कारतूस पेटी	قطار فشنگ	kaaratuus petii
अभिशप	جانی؛ مخرب زندگی	abhishap
परेशान या गुस्सा दिलाने वाला	جانی؛ مخرب زندگی	pareshaan yaa gussaa dilaane vaalaa
जोश	چتر زلف	josh
निकाल देना	دور کردن؛ نفی بلد کردن	nikaal denaa
निर्वासित करना	دور کردن؛ نفی بلد کردن	nirvaasit karanaa
देशनिकाला	نفی؛ تبعید	deshanikaalaa
बैंक	بانک (پول)	baink
किनारा	بانک (پول)	kinaaraa
साहूकार	صراف؛ بانک دار	saahuukaar
महाजन	صراف؛ بانک دار	mahaajan
महाजनी	بانکی؛ صرافی	mahaajanii
साहूकारी	بانکی؛ صرافی	saahuukaarii
दिवालिया	ورشکست	divaaliyaa
दिवालिया करना	ورشکست	divaaliyaa karanaa
दिवाला	اعسار؛ افلاس	divaalaa
दिवालियापन	اعسار؛ افلاس	divaaliyaapan
पताका	بنر	pataakaa
झंडा	بنر	jhandaa
प्रीतिभोज	مهمانی؛ سور	priitibhoj
भोज	مهمانی؛ سور	bhoj
हास्य/उपहास	شوخی کنایه دار	haasy / upahaas / hansii mazaaka
हँसी मज़ाकअ	شوخی کنایه دار	haasy / upahaas / hansii mazaaka
बपतिस्मा	تعمید؛ غسل	bapatismaa
बप्तिस्मा	تعمید؛ غسل	baptismaa
बपतिस्मा क्	تعمیدی	bapatismaa k
डंडा	میخانه، میله	dandaa
जंगल्	بی تمدن	jangal
जङ्गली	بی تمدن	janggalii
क्रूर	بربری	kruur
असभ्यताआ	وحشیگری	asabhyataa
जङ्गलीपन	وحشیگری	janggaliipan
क्रूरता	بی رحمی؛ قساوت قلب	kruurataa
असभ्यता	بی رحمی؛ قساوت قلب	asabhyataa
असभ्य	غیر مصطلح	asabhy
कँटीला	خاردار	kantiilaa
काँटेदार	خاردار	kaantedaar
नाई	آرایشگر؛ سلمانی	naaii
हज्जाम	آرایشگر؛ سلمانی	hajjaam
अनलंकृत	لخت	analankrit
नंगे पाँव	پابرهنه	nange paanv
नङ्गे पाँव	پابرهنه	nangge paanv
केवल	به سختی	keval
स्पष्टतया	به سختی	spashtatayaa
सौदा	معامله	saudaa
लेन देन	معامله	len den
सौदेबाज़ी	چانه زنی	saudebaazii
बजरा	دوبه؛ سرزده وارد شدن	bajaraa
जबरदस्ती घुसना	دوبه؛ سرزده وارد شدن	jabaradastii ghusanaa
गरज	عوعو؛ عوعو کردن	garaj
छाल	عوعو؛ عوعو کردن	chhaal
जौ	علیق؛ جوین	jau
बाड़ा	طویله؛ کاهدان	baaraa
खलिहान	طویله؛ کاهدان	khalihaan
बैरन	باروری	bairan
ताल्लुकदार	باروری	taallukadaar
बैरोनेस	همسر بارون	bairones
बैरोनेस की उपाधि प्राप्त महिलाआ	همسر بارون	bairones kii upaadhi praapt mahilaa
नली	بشکه	nalii
पीपा	بشکه	piipaa
व्यर्थ	عقیم؛ نازا	vyarth
बंजर	عقیم؛ نازا	banjar
बाधा	مانع	baadhaa
स्मारक	زنبه؛ خاک کش	smaarak
ठेला	زنبه؛ خاک کش	thelaa
विनिमय	پایاپای؛ تهاتر	vinimay
अदला बदला	پایاپای؛ تهاتر	adalaa badalaa
बेस बल	بیسبال	bes bal
आधारित	بر اساس	aadhaarit
निराधार	بی پایه؛ بی اساس	niraadhaar
तहखाना	زیرزمین	tahakhaanaa
संकोची	محجوبانه؛ شرمرو	sankochii / lajjaashiil / sankochii
लज्जाशील/संकोची	محجوبانه؛ شرمرو	sankochii / lajjaashiil / sankochii
संकोच	کمروئی	sankoch
लज्जा	کمروئی	lajjaa
बुनियादी	اصلی؛ اساسی	buniyaadii
मूल	اصلی؛ اساسی	muul
मूलतः	اصلاً؛ اساساً	muulath
स्वभावतः	اصلاً؛ اساساً	svabhaavath
पात्र	طشت؛ تشتک	paatr
चिलमची	طشت؛ تشتک	chilamachii
आनंद उठा	حمام آفتاب گرفتن	aanand uthaa
धूप मेँ गरम करना या सेँकना	حمام آفتاب گرفتن	dhuup men garam karanaa yaa senkanaa
अंक	سبد	ank
डलिया	سبد	daliyaa
बास्किट बल	بسکتبال	baaskit bal
एक प्रकार का खेल	بسکتبال	ek prakaar kaa khel
बास	باس	baas
मंद्र	باس	mandr
बल्ला	خفاش؛ ضربه زدن (با چوب)	ballaa
चमगादड़	خفاش؛ ضربه زدن (با چوب)	chamagaadar
घोल	حمام	ghol
टब	حمام	tab
बहना	شستشو؛ شستشو کردن	bahanaa
टकराना	شستشو؛ شستشو کردن	takaraanaa
स्नान	آبتنی	snaan
नहाना	آبتنی	nahaanaa
स्नानघर	حمام	snaanaghar
स्नानागार	حمام	snaanaagaar
बैटिस्ट कपड़ा	پاتیس	baitist kaparaa
छड़ी	باتون؛ عصای افسران	chharii
पलटन	گردان	palatan
सेना की रेजिमेंट का एक भाग	گردان	senaa kii rejiment kaa ek bhaag
गोलाबारी	باتری؛ باطری	golaabaarii
लड़ाई	نبرد؛ جنگ	laraaii
युध्द	نبرد؛ جنگ	yudhd
रणभूमि	میدان جنگ	ranabhuumi
युद्धभुमि	میدان جنگ	yuddhabhumi
युद्धपोत	ناو؛ رزمناو	yuddhapot
रणपोत	ناو؛ رزمناو	ranapot
कक्ष	خلیج	kaksh
खण्ड	خلیج	khand
संगीन	سرنیزه	sangiin
बेनट	سرنیزه	benat
होना	بودن	honaa
बीच	ساحل	biich
समुद्रतट	ساحل	samudratat
आकाशदीप	چراق دریایی	aakaashadiip
दीप स्तम्भ	چراق دریایی	diip stambh
मोती	دانه؛ مهره	motii
मणिका	دانه؛ مهره	manikaa
उभरी नक्काशी	روکوب	ubharii nakkaashii
शिक्षक	نوک؛ تک	shikshak
नाक	نوک؛ تک	naak
चमक	پرتو	chamak
झलक	پرتو	jhalak
पैसा	لوبیا	paisaa
सहन करना	خرس	sahan karanaa
भालू	خرس	bhaaluu
दाढी	ریش؛ محاسن	daadhii
गलमुच्छ	ریش؛ محاسن	galamuchchh
दाढ़ी वाला	ریشو؛ ریشدار	daarhii vaalaa
धारक	حامل؛ درخت بارور	dhaarak
बैराआ	حامل؛ درخت بارور	bairaa
जानवर	جانور	jaanavar
बेकार	جانوروار	bekaar
पीटना	ضربه زدن، شکست دادن	piitanaa
ताल	ضربه زدن، شکست دادن	taal
छैला	جوان شیک	chhailaa
फायदा	خوبی؛ جمال	phaayadaa
सौंदर्य	خوبی؛ جمال	saundary
क्योँकि	زیرا	kyonki
के कारण	زیرا	ke kaaran
बनना	شدن	bananaa
तल	تختخواب	tal
शयनकक्ष	شبستان	shayanakaksh
बिछौना	رختخواب؛ هوای آزاد	bichhaunaa
बिस्तर्	رختخواب؛ هوای آزاد	bistar
शय्याग्रस्त	بستری	shayyaagrast
यौन संबंधी	اتاق خواب	yaun sanbandhii
शय्या पार्श्व	بالین	shayyaa paarshv
सोने का समय	وقت استراحت؛ موقع خوابیدن	sone kaa samay
मधुमक्खी	زنبور؛ مگس انگبین	madhumakkhii
बीचवृक्ष्	آلش	biichavriksh
शक्ति	گوشت گاو	shakti
शराब	آبجو	sharaab
बियर	آبجو	biyar
के पहले	قبل از	ke pahale / ke_aage / ke saamane
के_आगे/के सामने	قبل از	ke pahale / ke_aage / ke saamane
पहले ही	پیشاپیش	pahale hii
दोस्ती करना	رفاقت کردن؛ تجیب کردن	dostii karanaa
के साथ मिट्रवत् व्यवहार करना	رفاقت کردن؛ تجیب کردن	ke saath mitravat vyavahaar karanaa
बैठना	التماس کردن؛ استدعا کردن	baithanaa
उत्पन्न करना	پس انداختن؛ سبب وجود شدن	utpann karanaa
जन्म देना	پس انداختن؛ سبب وجود شدن	janm denaa
व्यक्ति	گدا؛ فقیر	vyakti
भिक्षु	گدا؛ فقیر	bhikshu
शुरू करना	شروع کردن	shuruu karanaa
प्रस्तावना	شروع	prastaavanaa
हेतु	از طرف	hetu
चलना	رفتار کردن	chalanaa
व्यवहार करना	رفتار کردن	vyavahaar karanaa
ढंग	رفتار؛ اخلاق	dhang
आचरण	رفتار؛ اخلاق	aacharan
सिर काटना	سربریده	sir kaatanaa
सिर कटवा देना	سربریده	sir katavaa denaa
के पीछे	پشت سر، عقب	ke piichhe
निहारना	هان؛ هین	nihaaranaa
बिस्कुटी रंग का	بژ	biskutii rang kaa
विलंबित	دیر شده	vilanbit
बेल्जियाई	بلژیکی	beljiyaaii
बेल्जियम	بلژیک	beljiyam
भरोसा	ایمان؛ اعتقاد	bharosaa
विश्वास करना	باور داشتن	vishvaas karanaa
समर्थक	معتقد؛ مومن	samarthak
ईमानदार	معتقد؛ مومن	iimaanadaar
दल पुंज	ناقوس؛ جرس	dal punj
युद्धरत	متحارب	yuddharat
युद्धकारी	متحارب	yuddhakaarii
तोंद	شکم؛ بطن	tond
रखना	تعلق داشتن	rakhanaa
प्रिय	محبوب	priy
के नीचे	زیر، پایین	ke niiche
इलाका	کمربند	ilaakaa
न्यायाधीश	نیمکت	nyaayaadhiish
न्यायालय	نیمکت	nyaayaalay
मानदण्ड	معیار	maanadand
झुकना	چنبره؛ خمیدگی	jhukanaa
नीचे	زیر	niiche
आशीर्वाद	رضوان؛ نیایش	aashiirvaad
असीस	رضوان؛ نیایش	asiis
शुभचिंतक्	واقف؛ نیکوکار	shubhachintak
धन आदि से सहायता करने वाले	واقف؛ نیکوکار	dhan aadi se sahaayataa karane vaale
उदार	منان؛ منعم	udaar
परोपकारी	منان؛ منعم	paropakaarii
गुणकारक	مفید	gunakaarak
लाभभोगी	ذینفع	laabhabhogii
हितग्राही	ذینفع	hitagraahii
भलाई	خوشدلی؛ نوع پرستی	bhalaaii
दयालु	خیر؛ نیکوکار	dayaalu
सौम्य	جید	saumy
झुकाव	خم؛ متمایل	jhukaav
प्रवृत्ति	خم؛ متمایل	pravritti
संकल्प.दान	وقف نامه	sankalpa.daan
बर्लिन	برلین؛ برلن	barlin
सीट	پهلو گرفتن؛ اطاق کشتی	siit / barth / shaayikaa
बर्थ/शायिका	پهلو گرفتن؛ اطاق کشتی	siit / barth / shaayikaa
लहसुनिया	بزادی	lahasuniyaa
वैदूर्य	بزادی	vaiduury
हाथ जोड़ना	التماس کردن	haath joranaa
मनुहार करता	از و جز	manuhaar karataa
के अलावा	علاوه بر این	ke alaavaa
सर्वोत्तम	بهترین	sarvottam
पशुवत्	دامی؛ شبیه حیوان	pashuvat / ganvaar / asabhy
गंवार/असभ्य	دامی؛ شبیه حیوان	pashuvat / ganvaar / asabhy
प्रदान करना	عطا کردن؛ بذل کردن	pradaan karanaa
विचार	شرط بندی؛ شرط بستن	vichaar
शर्त	شرط بندی؛ شرط بستن	shart
बीटा	بتا	biitaa
धोखा देना	خیانت کردن	dhokhaa denaa
धोखा	خیانت؛ افشاء سر	dhokhaa
विश्वास घात	خیانت؛ افشاء سر	vishvaas ghaat
बेहतर	بهتر	behatar
रस	شربت؛ نوشابه	ras
पेय	شربت؛ نوشابه	pey
सावधान होना	هان؛ هلا	saavadhaan honaa
किकर्त्तव्यविमूढ़	گیج؛ سردرگم	kikarttavyavimuurh
घबराया हुआ	گیج؛ سردرگم	ghabaraayaa huaa
घबराहट	گیجی؛ سردرگمی	ghabaraahat
के पार	فراتر از؛ آن‌سوی	ke paar
बाइबिल	انجیل؛ کتاب مقدس	baaibil
बाईबल	انجیل؛ کتاب مقدس	baaiibal
बाइकार्बोनेट	جوش شیرین	baaikaarbonet
खाने का सोडा	جوش شیرین	khaane kaa sodaa
साइकिल	دوچرخه	saaikil
साइकिल चलाना	دوچرخه	saaikil chalaanaa
बोली	پیشنهاد دادن، پیشنهاد	bolii
अर्थी	مقبره	arthii
द्विशखन	شکاف گاه	dvishakhan
बाइक	دوچرخه	baaik
द्विपक्षीय	دوجانبه؛ دوطرفه	dvipakshiiy
द्वैपाक्षिक	دوجانبه؛ دوطرفه	dvaipaakshik
कोप	صفر؛ زرداب	kop
पित्त	صفر؛ زرداب	pitt
चिड़चिड़ा	صفراوی؛ زرداب ریز	chirachiraa
कार्यक्रम	صورتحساب	kaaryakram
पर्ची	یادداشت مختصر؛ ورقه جیره	parchii
सैन्य आवास	یادداشت مختصر؛ ورقه جیره	sainy aavaas
बेहिसाब	میلیارد	behisaab
बिलोन मिश्रधातु	بورچاق	bilon mishradhaatu
डिब्बा	سطل آشغال	dibbaa
बिन	سطل آشغال	bin
युग्मतारा	دوجزئی؛ دوگانه	yugmataaraa
दोहरा	دوجزئی؛ دوگانه	doharaa
जिल्दबंदी	بستن	jildabandii
ज़िल्द	صحاف؛ شیرازه	zild
ज़िल्दसाज़	صحاف؛ شیرازه	zildasaaz
आवश्यक	حتیالاجرا؛ تجلید	aavashyak
जीवन संबंधी	زیستنامهای	jiivan sanbandhii
जीवनी	زندگی‌نامه	jiivanii
जीवनचरित	زندگی‌نامه	jiivanacharit
जैविक	زیستی	jaivik
जैववैज्ञानिक	زیستی	jaivavaigyaanik
जीवविज्ञान	زیست‌شناسی	jiivavigyaan
द्विध्रुवीय	دوقطبی	dvidhruviiy
भूर्ज	توس؛ غان	bhuurj
वेत्राघात	توس؛ غان	vetraaghaat
चिड़िया	پرنده	chiriyaa
कर्क	پرنده	kark
बरमिंघम	بیرمنگام	baramingham
जाति	تولد	jaati
प्रसव	تولد	prasav
जन्मदिन	تولد	janmadin
जन्मदिवस	تولد	janmadivas
उद्गम	زادگاه؛ مسقطالراس	udgam
उद्गमस्थल	زادگاه؛ مسقطالراس	udgamasthal
जन्मसिद्ध अधिकार	حق ارشدیت	janmasiddh adhikaar
बिस्कुट	بیسکویت	biskut
हल्की रोटी	بیسکویت	halkii rotii
धर्माध्यक्ष	اسقف	dharmaadhyaksh
उंट	اسقف	unt
टुकड़ा	تکه کوچک	tukaraa
पकड़ना	گاز؛ نیش	pakaranaa
कठोर	تلخ؛ مر	kathor
कटुता	تلخی	katutaa
अस्थायी शिविर	اتراق؛ اتراق کردن	asthaayii shivir
पड़ाव	اتراق؛ اتراق کردن	paraav
विचित्र	عجیب و غریب	vichitr
अनोखा	عجیب و غریب	anokhaa
भयंकर	سیاه	bhayankar
अंधेरा	سیاه	andheraa
लुहार	آهنکر؛ آهنگر	luhaar
लोहार	آهنکر؛ آهنگر	lohaar
थैली	بادکنک؛ کمیزدان	thailii
मूत्राशय	بادکنک؛ کمیزدان	muutraashay
अंकुर	تیغه	ankur
निंदा करना	سرزنش؛ ملامت	nindaa karanaa
व्यापक	پتو	vyaapak
आवरण	پتو	aavaran
झोंका	انفجار، منفجر کردن	jhonkaa
फटकार	انفجار، منفجر کردن	phatakaar
निशान	افروختگی؛ شعله زدن	nishaan
उदास	درمعرض بادسرد	udaas
निराशाजनक	درمعرض بادسرد	niraashaajanak
निकालना	خونریزی کردن	nikaalanaa
छाँटना	خونریزی کردن	chhaantanaa
दाग़	معایب	daagh / kalank / dosh / truti
कलंक/दोष/त्रुटि	معایب	daagh / kalank / dosh / truti
सम्मिश्रण	ترکیب کردن	sammishran
उपासना करना	برکت دادن	upaasanaa karanaa
परमानन्द	مبارکی	paramaanand
असफल	کور؛ نابینا	asaphal
अप्रत्यक्ष	کور؛ نابینا	apratyaksh
दृष्टिहीनता	کوری؛ نابینائی	drishtihiinataa
अंधापन	کوری؛ نابینائی	andhaapan
टिमटिमाना	سوسو زدن؛ نگاه مختصر	timatimaanaa
पलक झपकना	سوسو زدن؛ نگاه مختصر	palak jhapakanaa
आँखें झपकता	طرفه العین	aankhen jhapakataa
छाला	آبله؛ طاول	chhaalaa
फफोला	آبله؛ طاول	phapholaa
गुट	مانع ورادع؛ جعبه قرقره	gut
नाकाबंदी	گرفتگی؛ سدراه کردن	naakaabandii
नाकाबन्दी	گرفتگی؛ سدراه کردن	naakaabandii
मूर्ख	بی کله	muurkh
अहमक	بی کله	ahamak
ब्लौग	وبلاگ	blaug
चिट्ठा	وبلاگ	chitthaa
सुनहरा भूरा	بلوند	sunaharaa bhuuraa
सुनहरे बालों वली	بلوند	sunahare baalon valii
स्वभाव	خون	svabhaav
रूखा	بی خون؛ بدون خونریزی	ruukhaa
रक्तपात	خونریزی؛ سفک دماء	raktapaat / raktapaat / vadh / raktabahaav
रक्तपात/वध/रक्तबहाव	خونریزی؛ سفک دماء	raktapaat / raktapaat / vadh / raktabahaav
खून का प्यासा	خونریز؛ خونخوار	khuun kaa pyaasaa
निर्दयी	خونین؛ خون آلود	nirdayii
लहूलुहान	خونین؛ خون آلود	lahuuluhaan
धूल	شکوفه؛ شکفتن	dhuul
फूल	شکوفه؛ شکفتن	phuul
बढना	شکوفه؛ گل دادن	badhanaa
फूलना	شکوفه؛ گل دادن	phuulanaa
धब्बा	لک کردن	dhabbaa
दाग	لک کردن	daag
चोट	دمیدن؛ ضربه، دمیدن	chot
अश्लील	آبی	ashliil
बेवकूफ बनाना	توپ؛ بلف	bevakuuph banaanaa
नीला सा	آبی فام	niilaa saa
चूक/भारी भूल	خبط کردن؛ اشتباه کار	chuuk / bhaarii bhuul
भौंथरा	کند کردن؛ بی نوک	bhauntharaa
मुँहफट	کند کردن؛ بی نوک	munhaphat
साफ़ साफ़	بالصراحه	saaf saaf
बिना किसी बनावट के	بالصراحه	binaa kisii banaavat ke
थुबडी	صراحت	thubadii
विकृत करना	تیرگی؛ لک کردن	vikrit karanaa
लज्जारूणिमा	روژ	lajjaaruunimaa
अजगर	مار اژدر؛ اژدر مار	ajagar
फलक	تخته، هیئت مدیره	phalak
इतराना	فخر فروختن	itaraanaa
डींग मारना	فخر فروختن	diing maaranaa
नौका	قایق	naukaa
नाव	قایق	naav
कसकर	تنی؛ جسمی	kasakar
ढाँचा	بدن	dhaanchaa
अंगरक्षक	مستحفظ شخص؛ گارد مخصوص	angarakshak
दलदल	سیاه آب؛ لجن زار	daladal
खौलना	جوشاندن	khaulanaa
उबालना	جوشاندن	ubaalanaa
भट्टी	دیگ	bhattii
बयलर	دیگ	bayalar
प्रबल	بلند وناهنجار	prabal
वीर	پررنگ	viir
निडरतापूर्वक	جسارتا؛ جسورانه	nidarataapuurvak
छाती	جرات؛ جسارت	chhaatii
दृष्टता	جرات؛ جسارت	drishtataa
बिजली	زبانه؛ زبانه دار کردن	bijalii
बम	بمب؛ بمباران کردن	bam
बमअ	بمب؛ بمباران کردن	bama
गोलाबारी करना	توپ زدن؛ بتوپ بستن	golaabaarii karanaa
गोला चलाना	توپ زدن؛ بتوپ بستن	golaa chalaanaa
बंबर	بمب انداز؛ بمب افکن	banbar
विस्फोटकर्ता	بمب انداز؛ بمب افکن	visphotakartaa
बमबारी	بمباران	bamabaarii
बंधन	صلح؛ وجه الضمانه	bandhan
बन्धन	صلح؛ وجه الضمانه	bandhan
शरीर	استخوان	shariir
शव	استخوان	shav
टोपी	درپوش؛ کلاه سرگذاشتن	topii
ढक्कन	درپوش؛ کلاه سرگذاشتن	dhakkan
बोनस	پاداش	bonas
सुखकर घटना	پاداش	sukhakar ghatanaa
अस्थिमय	استخوانی؛ اسکلتی	asthimay
अस्थिनिर्मित	استخوانی؛ اسکلتی	asthinirmit
पुस्तक	رزرو کردن؛ کتاب، رزرو کردن	pustak
बुक करना	رزرو کردن؛ کتاب، رزرو کردن	buk karanaa
बुकिंग	رزرو	buking
किताबी	کتابی؛ ملانقطی	kitaabii
पांडित्यपूर्ण	کتابی؛ ملانقطی	paandityapuurn
धमाका	رونق	dhamaakaa
गर्जन	رونق	garjan
वरदान	هم پیاله	varadaan
खुशमिज़ाज़	هم پیاله	khushamizaaz
बढ़ाना	افزایش دادن، افزایش	barhaanaa
बढ़ा देना	افزایش دادن، افزایش	barhaa denaa
बूथ	غرفه؛ جای ویژه	buuth
मण्डप	غرفه؛ جای ویژه	mandap
लूट	غارت؛ غنیمت	luut
लूट का माल	غارت؛ غنیمت	luut kaa maal
सीमा	کناره؛ مرز	siimaa
खोदना	مو؛ سرخر	khodanaa
ऊबा हुआ	خسته	uubaa huaa
जी उबनेवाला	خسته	jii ubanevaalaa
ऊब	خستگی؛ ملالت	uub
उचाट	خستگی؛ ملالت	uchaat
कुपछेदन	خسته‌کننده	kupachhedan / ubaauu / niiras
उबाऊ/नीरस	خسته‌کننده	kupachhedan / ubaauu / niiras
उपजना	متولد شدن	upajanaa
जन्म लेना	متولد شدن	janm lenaa
अनुकरण करना	قرض گرفتن	anukaran karanaa
उधार ग्रहण	عاریه؛ استقراض	udhaar grahan
भाषा ग्रहण	عاریه؛ استقراض	bhaashaa grahan
बोस्निआ	بوسنی	bosniaa
मन में रखना	سینه؛ بغل	man men rakhanaa
मालिक	رئیس	maalik
बस	رئیس	bas
बोस्टन	بوستون	bostan
वनस्पतिज्ञ	گیاهشناس	vanaspatigy
सस्यशास्त्र	گیاهشناسی	sasyashaastr
वनस्पतिशास्त्र	گیاهشناسی	vanaspatishaastr
दोनों	هر دو	donon / dono / ubhay
दोनो/उभय	هر دو	donon / dono / ubhay
परेशान करना	رنجاندن؛ ایذاء	pareshaan karanaa
तंग करना	رنجاندن؛ ایذاء	tang karanaa
साहस	بطری	saahas
वास्तविकता	پایین، ته	vaastavikataa
शाखा	شانه حیوان	shaakhaa
डाल्	شانه حیوان	daal
मारना	جهش کردن	maaranaa
उछलना	جهش کردن	uchhalanaa
सीमित करना	مقید	siimit karanaa / kulaanche maaranaa / uchhalanaa
कुलाँचे मारना/उछलना	مقید	siimit karanaa / kulaanche maaranaa / uchhalanaa
बाउन्डरी	مرز	baaundarii
असीम	بیکران؛ نامتناهی	asiim
अनिरुध	بیکران؛ نامتناهی	anirudh
सुगंध	گلدسته	sugandh
गुलदस्ता	گلدسته	guladastaa
दकियानूसी	طبقه دوم	dakiyaanuusii
पूँजीवादी	طبقه دوم	puunjiivaadii
गोसदृश	شبیه گاو؛ گاو خوی	gosadrish
नमस्कार	خم شدن، تعظیم	namaskaar
गलही	خم شدن، تعظیم	galahii
दया	امعاء	dayaa
भीतरी भाग	امعاء	bhiitarii bhaag
कुंज	آلاچیق	kunj
ग्रीष्मावास	آلاچیق	griishmaavaas
बोल	کاسه	bol
गेंदबाज़	قدح ساز؛ مشروب خوارافراطی	gendabaaz
बोलर टोपी	قدح ساز؛ مشروب خوارافراطی	bolar topii
जगह	جعبه	jagah
मुक्केबाज़	مشتباز؛ مشتزن	mukkebaaz
बौक्सर कुत्ता	مشتباز؛ مشتزن	bauksar kuttaa
मुक्केबाजी	بوکس؛ مشتزنی	mukkebaajii
मुष्टि युद्ध	بوکس؛ مشتزنی	mushti yuddh
नौकर	پسر	naukar
बहिष्कार करना	بایکوت؛ تحریم کردن	bahishkaar karanaa
सनम	دوست پسر	sanam
लड़कपन	پسری؛ پسر بچگی	larakapan
जोड़ा	آکولاد	joraa
कोष्ठक	دیاق	koshthak
डींग हाँकना	لاف؛ بالیدن	diing haankanaa
चोटी	بافته	chotii
फीता	بافته	phiitaa
बुद्धि	مغز	buddhi
दिमाग	مغز	dimaag
रोक	ترمز؛ ترمز کردن	rok
ब्रेक	ترمز؛ ترمز کردن	brek
भाग	شاخه؛ شاخ	bhaag
विभाग	شاخه؛ شاخ	vibhaag
प्रकार	جور؛ داغ	prakaar
छाप	جور؛ داغ	chhaap
धृष्ट	نحاس؛ افسر ارشد	dhrisht
भड़कीला	برنجی؛ برنج مانند	bharakiilaa
बिगड़ैल बच्चा	ننر؛ کف شیر	bigarail bachchaa
बहादुरी से	شجاعانه؛ غازیانه	bahaadurii se
वीरता	تهور؛ شهامت	viirataa
शाबाश!	آفرین؛ هورا	shaabaash!
ठठेरा	رویگر؛ آتشدان	thatheraa
अँगीठी	رویگر؛ آتشدان	angiithii
ब्राज़ील	برازیلیا؛ برزیل	braaziil
त्रिकोणफल	برازیلیا؛ برزیل	trikonaphal
दरार	نقض کردن، نقض	daraar
विच्छेद	نقض کردن، نقض	vichchhed
जीविका	نان	jiivikaa
विस्तार	وسعت نظر	vistaar
उदारता	وسعت نظر	udaarataa
तोड़ना	شکستن، استراحت	toranaa
विराम	شکستن، استراحت	viraam
खराबी	خرابی	kharaabii
विकार	خرابی	vikaar
जलपान	صبحانه	jalapaan
नाश्ता	صبحانه	naashtaa
भेदन	پیشرفت	bhedan
महत्वपूर्ण खोज	پیشرفت	mahatvapuurn khoj
संबंध विच्छेद	بهم زدن	sanbandh vichchhed
छोटे छोटे भागों में वर्गीकरण	بهم زدن	chhote chhote bhaagon men vargiikaran
श्वसन	تنفس؛ ذینفس	shvasan
अंतःश्वसन	تنفس؛ ذینفس	antahshvasan
स्तब्ध	بی جان؛ بی نفس	stabdh
बेदम	بی جان؛ بی نفس	bedam
पेंदा	ته توپ؛ ته تفنگ	pendaa
नालपृष्ठ	ته توپ؛ ته تفنگ	naalaprishth
कुल	نژاد، پرورش دادن	kul
प्रजनन	تخم کشی؛ تولید مثل	prajanan
अभिजाति	تخم کشی؛ تولید مثل	abhijaati
समीर	نسیم؛ بادملایم	samiir
आसान काम	نسیم؛ بادملایم	aasaan kaam
तूफ़ानी	نسیمدار؛ شادی بخش	tuufaanii
हवादार	نسیمدار؛ شادی بخش	havaadaar
शराब बनाने वाला	آبجوساز	sharaab banaane vaalaa
शराब बनाने वाली	آبجوساز	sharaab banaane vaalii
मद्यनिर्माणशाला	آبجوسازی	madyanirmaanashaalaa
शराब की भट्टी	آبجوسازی	sharaab kii bhattii
रिश्वत	رشوه؛ رشوه دادن	rishvat
घूस देना	رشوه؛ رشوه دادن	ghuus denaa
घूसखोरी	رشوه؛ ارتشاء	ghuusakhorii
घूस लेना या देना	رشوه؛ ارتشاء	ghuus lenaa yaa denaa
ईंट	آجر	iint
ब्रिक्	آجر	brik
वधू का	متعلق بعروس	vadhuu kaa
विवाह का	متعلق بعروس	vivaah kaa
नववधू	عروس	navavadhuu
दुल्हन	عروس	dulhan
दूल्हा	دامادی	duulhaa
दुल्हा	دامادی	dulhaa
आराम	پل	aaraam
संयम	افسار؛ عنان	sanyam
छोटा	مختصر؛ کوتاهمدت	chhotaa
संक्षेप में	به طور خلاصه	sankshep men
कुछ समय	به طور خلاصه	kuchh samay
वाहिनी	تیپ	vaahinii
चमकना	زرنگ کردن؛ درخشان کردن	chamakanaa
प्रसन्न होना	زرنگ کردن؛ درخشان کردن	prasann honaa
कीर्ति	فروغ؛ روشنی	kiirti
चमकीला	درخشان	chamakiilaa
कगार	لب؛ شرف	kagaar
ब्रिटेन	بریتانیا	briten
अँगरेज	بریتانیایی؛ انگلیسی	angarej
अंग्रेज़ी	بریتانیایی؛ انگلیسی	angrezii
टफ़ी	شکننده؛ ترد	tafii
भंगुर	شکننده؛ ترد	bhangur
फैला हुआ	گشاد؛ پهن	phailaa huaa
उच्च गति डाटा संचरण तकनीकी	پهنای باند	uchch gati daataa sancharan takaniikii
प्रसारण	پخش؛ پراکندن	prasaaran
प्रसारक	پخش کننده	prasaarak
चौड़ा होना	وسیع کردن	chauraa honaa
खुल कर	به طور گسترده	khul kar
विस्तीर्णता से	به طور گسترده	vistiirnataa se
विवरण पुस्तिका	جزوه؛ بروشور	vivaran pustikaa
निराश	شکسته	niraash
दलाल	واسطه؛ دلال	dalaal
आढ़तिया	واسطه؛ دلال	aarhatiyaa
श्वासनली शोथ	برنشیت؛ آماس نایژه	shvaasanalii shoth
फेफड़े की सूजन	برنشیت؛ آماس نایژه	phephare kii suujan
काँसा	برنز؛ برنزی	kaansaa
कसकुट	برنز؛ برنزی	kasakut
ब्रूच	گل سینه؛ باسنجاق آراستن	bruuch
जड़ाऊ पिन	گل سینه؛ باسنجاق آراستن	jaraauu pin
छोटी नदी	جوی؛ جویبار	chhotii nadii
सहना	جوی؛ جویبار	sahanaa
झाड़ू	جاروب؛ جارو	jhaaruu
झाडू	جاروب؛ جارو	jhaaduu
बीर	برادر	biir
भाई	برادر	bhaaii
भाईचारा	اخوت؛ برادری	bhaaiichaaraa
बन्धुत्व	اخوت؛ برادری	bandhutv
भ्रातृवत्	برادرانه؛ برادر وار	bhraatrivat
भूरा	قهوه‌ای	bhuuraa
भूनना	قهوه‌ای	bhuunanaa
ब्राउज़र	مرورگر	braauzar
वेब ब्राउज़र	مرورگر	veb braauzar
कठिन और थकाने वाला	دق	kathin aur thakaane vaalaa
श्यामलाआ	سبزه	shyaamalaa
गोरी स्त्री जिसके काले बाल हो	سبزه	gorii strii jisake kaale baal ho
निर्दयता से	بی رحمانه	nirdayataa se
क्रूरता से	بی رحمانه	kruurataa se
पशु	جانور خوی؛ کودن یاشهوانی	pashu
असार	حباب؛ غلغل سدن	asaar
बुलबुला	حباب؛ غلغل سدن	bulabulaa
ब्यूबोनिक	خیارکی	byuubonik
गिल्टीदार	خیارکی	giltiidaar
नर	دلار، نر (جانور)	nar
हिरन	دلار، نر (جانور)	hiran
बाल्टी	سطل؛ دول	baaltii
बालटी	سطل؛ دول	baalatii
मुड़ना	چپراست؛ سگک	muranaa
कली	جوانه؛ شکوفه	kalii
कलम लगाना	جوانه؛ شکوفه	kalam lagaanaa
बौद्ध	بودایی	bauddh
यार	رفیق	yaar
सस्ता	بودجه	sastaa
बजट	بودجه	bajat
बादामी	گاو وحشی؛ زرد نخودی	baadaamii
पांडु	گاو وحشی؛ زرد نخودی	paandu
भैंस	گاومیش؛ بوفالو	bhains
भैंसा	گاومیش؛ بوفالو	bhainsaa
प्रतिरोधक	بافر	pratirodhak
मध्यवर्ती	بافر	madhyavartii
कीड़ा	حشره، اشکال نرم‌افزاری	kiiraa
नशा	حشره، اشکال نرم‌افزاری	nashaa
बिगुल	بوق	bigul / bigul / turahii / karanaaii
बिगुल/तुरही/करनाई	بوق	bigul / bigul / turahii / karanaaii
निर्माण करना	ساختن	nirmaan karanaa
बिल्डर	بساز و بفروش	bildar
विकसित करने वाला	بساز و بفروش	vikasit karane vaalaa
कोठी	ساختمان	kothii
निर्माण	ساختمان	nirmaan
घुंडी	سوخ؛ لامپ برق	ghundii
कंद	سوخ؛ لامپ برق	kand
उभरा हुआ	پیازی	ubharaa huaa
बल्ब के समान गोल	پیازی	balb ke samaan gol
उभार	برامدگی؛ بالارفتگی	ubhaar
अस्थाई वृद्धि	برامدگی؛ بالارفتگی	asthaaii vriddhi
अधिकांश	عمده	adhikaansh
बड़ा/2.स्थूल	جسیم؛ تنه دار	baraa / 2.sthuul / bhaarii bharakam
भारी भरकम	جسیم؛ تنه دار	baraa / 2.sthuul / bhaarii bharakam
बकवास	گاو؛ ثور	bakavaas
आदेश	گاو؛ ثور	aadesh
बुलडग	بول داگ	buladag
बुल डाग{बड़ा चौड़े मुँह का कुत्ता}	بول داگ	bul daaga{baraa chaure munh kaa kuttaa}
गोली	تیر؛ گلوله	golii
इक्का	تیر؛ گلوله	ikkaa
बुलेटिन	پژوهشنامه؛ بولتن	buletin
सरकारी समाचार	پژوهشنامه؛ بولتن	sarakaarii samaachaar
बुलियन	شمش	buliyan
चाँदी सोने की ईंट	شمش	chaandii sone kii iint
गुण्डा	قلدر؛ گردنکلفت	gundaa
बचाव	سنگربندی	bachaav
परकोटा	سنگربندی	parakotaa
ढेर	خوشه؛ خوشه کردن	dher
गठरी	بقچه؛ دسته کردن	gatharii
गट्ठा	بقچه؛ دسته کردن	gatthaa
हल्का प्रहार	دربیس بال	halkaa prahaar
बंट	دربیس بال	bant
प्रफुल्लित	شناور	praphullit
तरणशील	شناور	taranashiil
भार	بار	bhaar
बोझ	بار	bojh
भारी	غم انگیز	bhaarii
अलमारी	اداره؛ شورا	alamaarii
नौकरशाही	بوروکراسی	naukarashaahii
दफ़्तरशाही	بوروکراسی	daftarashaahii
चोर	دزد؛ دزد خانه	chor
सेंधमार	دزد؛ دزد خانه	sendhamaar
समाधि	دفن	samaadhi
कब्र	دفن	kabr
स्थूल	گره دار	sthuul
हृष्ट पुष्ट	گره دار	hrisht pusht
कँटीला बीजकोष	غلیظ تلفظ کردن	kantiilaa biijakosh
बिल	نقب؛ زیرزمین لانه کردن	bil
गड़गड़ाहट	ترکیدن	garagaraahat
डालना	خاک کردن؛ گور کردن	daalanaa
छिपाना	خاک کردن؛ گور کردن	chhipaanaa
छल्ला	بوته؛ بوش	chhallaa
झाड़ी	بوته؛ بوش	jhaarii
बुशेल	لیتر است؛ با پیمانه وزن کردن	bushel
बत्तीस सेर का तौल	لیتر است؛ با پیمانه وزن کردن	battiis ser kaa taul
व्यवसाय	کسب و کار	vyavasaay
व्यापारी	بازرگان	vyaapaarii
व्यवसायी	بازرگان	vyavasaayii
ख़राब	ورشکست کردن؛ ورشکست شدن	kharaab
हलचल	هایهو	halachal
व्यस्त	مشغول	vyast
मगन	مشغول	magan
परन्तु	اما	parantu
कसाई	قصاب؛ قصابی کردن	kasaaii
बटलर	ساقی؛ آبدارباشی	batalar
ख़ानसामा	ساقی؛ آبدارباشی	khaanasaamaa
धक्का	شاخ زدن؛ نزدیک یا متصل شدن	dhakkaa
टक्कर	شاخ زدن؛ نزدیک یا متصل شدن	takkar
खुशामद	کره	khushaamad
माखन	کره	maakhan
तितली	پروانه	titalii
बटरफ्लाय	پروانه	bataraphlaay
लस्सी	آبدوغ	lassii
छाछ	آبدوغ	chhaachh
नितम्ब	سرین؛ لنبر	nitamb
कूल्हे	سرین؛ لنبر	kuulhe
बिल्ला	دکمه	billaa
काज	مادگی	kaaj
काज में लगा फूल	مادگی	kaaj men lagaa phuul
ख़रीदना	خریدن	khariidanaa
ग्राहक	خریدار؛ خرنده	graahak
खरीददार	خریدار؛ خرنده	khariidadaar
रोमांच	ویزویز کردن؛ نامشخص حرف زدن	romaanch
कोलाहल	ویزویز کردن؛ نامشخص حرف زدن	kolaahal
द्वारा	توسط، کنار	dvaaraa
अलविदा	خداحافظ	alavidaa
बाई	خداحافظ	baaii
बग्घी	تاکسی؛ جای لوکوموتیوران	bagghii
टैक्सी	تاکسی؛ جای لوکوموتیوران	taiksii
बंदगोभी	کلم	bandagobhii
गोभी	کلم	gobhii
टैक्सी ड्राइवर	رانندهتاکسی	taiksii draaivar
कोठरी	کلبه	kotharii
कैबिनेट	کابینت، هیئت وزیران	kaibinet
केबल	تلگراف؛ طناب سیمی	kebal
तार का रस्साआ	تلگراف؛ طناب سیمی	taar kaa rassaa
बकबक	نعیب کردن؛ غار غار	bakabak
कैफ़े	کافه	kaife
कहवाघर	کافه	kahavaaghar
कटघरा	قفس؛ درقفس نهادن	katagharaa
पिंड	کیک	pind
टिकिया	کیک	tikiyaa
दुःखद	پربلا؛ مصیبت بار	duhkhad
विध्वंसकारी	پربلا؛ مصیبت بار	vidhvansakaarii
दुर्भाग्य	بلا؛ آفت	durbhaagy
अशुभ	بلا؛ آفت	ashubh
सोचना	حساب کردن؛ احتساب کردن	sochanaa
चाल	محاسبه	chaal
तालिका	تقویم؛ سالنما	taalikaa
बछिया	گوساله؛ عجل	bachhiyaa
बछड़ा	گوساله؛ عجل	bachharaa
रंगबिरंगा	چلوار	rangabirangaa
छींट	چلوار	chhiint
कैलिफ़ोर्निया	کالیفرنیا	kailiforniyaa
कैलिफ़ोर्नियाई	کالیفرنیایی	kailiforniyaaii
बुलाना	صدا زدن، تماس گرفتن	bulaanaa
फ़ोन करना	صدا زدن، تماس گرفتن	fon karanaa
संवेदनाहीन	پینهدار؛ سنگ دل	sanvedanaahiin
घट्टा	پینه؛ پینه ای	ghattaa
कठोर त्वचा	پینه؛ پینه ای	kathor tvachaa
शान्त	آرام؛ ملایم	shaant
असंभ्रम	آرام؛ ملایم	asanbhram
शांतिपूर्वक	به آرامی	shaantipuurvak
शान्ती से	به آرامی	shaantii se
कैलोरी	کالری	kailorii
ऊष्मांक	کالری	uushmaank
मिथ्या आरोप	افترا؛ بهتان	mithyaa aarop
ऊँट	شتر؛ سار	uunt
उष्ट्र	شتر؛ سار	ushtr
केमियो	به زرد	kemiyo
केमियो वर्णन	به زرد	kemiyo varnan
कैमरा	دوربین	kaimaraa
गुप्त कक्ष	دوربین	gupt kaksh
छावनी	اردو، اردو زدن	chhaavanii
अभियान्	کارزار؛ کمپین	abhiyaan
अभियान चलानेवाला	نامزد انتخابات	abhiyaan chalaanevaalaa
शिविर लगा कर रहना	اردو زدن	shivir lagaa kar rahanaa
सकना	توانستن (فعل کمکی)؛ قوطی	sakanaa
कनाडा	کانادا	kanaadaa
कैनेडियन	کانادایی	kainediyan
कनाडा का	کانادایی	kanaadaa kaa
नलिका	کانال	nalikaa
नहर	کانال	nahar
निरस्तीकरण	فسخ؛ لغو	nirastiikaran
बुराई	سرطان	buraaii
कैंसर	سرطان	kainsar
कैंसरयुक्त	سرطانی	kainsarayukt
सुस्पष्ट	صاف؛ بی تزویر	suspasht
निष्कपट	صاف؛ بی تزویر	nishkapat
उम्मीदवारी	نامزدی؛ داوطلبی	ummiidavaarii
अभ्यर्थी	نامزد؛ کاندید	abhyarthii
बत्ती	شمع	battii
मोमबत्ती	شمع	momabattii
मिश्री	نقل؛ شیرینی	mishrii
बेंत	عصا؛ قصب	bent
बंस	عصا؛ قصب	bans
कनस्तर	چای دان؛ گازاشک آور	kanastar
अल्पपरास प्रक्षेपणास्त्र	چای دان؛ گازاشک آور	alpaparaas prakshepanaastr
डोंगी	قایق رانی	dongii
डोंगी से जाना	قایق رانی	dongii se jaanaa
छतरी	سایبان گذاشتن؛ کروک اتومبیل	chhatarii
त्रिपाल	سایبان گذاشتن؛ کروک اتومبیل	tripaal
सरपट	سلانه سلانه	sarapat
कदम चाल	سلانه سلانه	kadam chaal
चित्र	بوم نقاشی	chitr
पाल	بوم نقاشی	paal
घाटी	دربند؛ تنگه	ghaatii
दर्रा	دربند؛ تنگه	darraa
बड़ा	جادار؛ گنجا	baraa
विशाल	جادار؛ گنجا	vishaal
गुंजाइश	گنجایش؛ ظرفیت	gunjaaish
अंतरीप	شنل	antariip / garadanii / kandhe kaa vastr
गरदनी/कंधे का वस्त्र	شنل	antariip / garadanii / kandhe kaa vastr
केशिका	عروق شعریه	keshikaa
पूँजीवाद	سرمایه‌داری	puunjiivaad
पूॅंजीवाद	سرمایه‌داری	puuॅnjiivaad
पूँजीवाद पर आधारित	سرمایه‌دار	puunjiivaad par aadhaarit
शर्तनामा	کاپیتولاسیون	shartanaamaa
आत्मसर्पण	کاپیتولاسیون	aatmasarpan
सनकी	بوالهوس؛ هوسران	sanakii
संक्षेपण	کپسول؛ پوشینه	sankshepan
संपुट	کپسول؛ پوشینه	sanput
प्रमुख	ناخدا؛ سروان	pramukh
प्रधान	ناخدا؛ سروان	pradhaan
कैदी	بندی؛ دربند	kaidii
डूबा	بندی؛ دربند	duubaa
क़ैद	گرفتاری؛ اسارت	qaid
पकड्ॅअना	تسخیر؛ دستگیری	pakadॅanaa
आसन	ماشین	aasan
लटकन	ماشین	latakan
कारवाँ	کاروان	kaaravaan
काफ़िला	کاروان	kaafilaa
कार्बन	کربن	kaarban
प्रंगार	کربن	prangaar
आदमी	کارت	aadamii
अस्वाभाविक	مقوا؛ مقوای نازک	asvaabhaavik
पतला	مقوا؛ مقوای نازک	patalaa
हृदीय	فم المعدی	hridiiy
मुख्य/प्रधान	کاردینال؛ عدداصلی	mukhy / pradhaan / pramukh
देखभाल	مراقبت، اهمیت دادن	dekhabhaal
विकास	شغل، حرفه	vikaas
जीवन	شغل، حرفه	jiivan
निश्चिंत	سبکبار؛ بی غم	nishchint
कंजूस	مراقب	kanjuus
विचारिततः	با دقت	vichaaritath
विचारपूर्वक	با دقت	vichaarapuurvak
कम	بیدقت؛ مسالمتآمیز	kam
असावधानतः	سرسری؛ غافلا	asaavadhaanath
ध्यानहीनतः	سرسری؛ غافلا	dhyaanahiinath
प्यार से स्पर्श करना	نوازش؛ ناز	pyaar se sparsh karanaa
प्रेम स्पर्श	نوازش؛ ناز	prem sparsh
माल	بار	maal
भालवाहीई	بار	bhaalavaahii
कैरिबियन	کارائیب	kairibiyan
व्यंग्यचित्र	کاریکاتور؛ کاریکاتور ساختن	vyangyachitr
विकृतीकरण	کاریکاتور؛ کاریکاتور ساختن	vikritiikaran
हत्याकांड	قتل عام	hatyaakaand
त्योहार	کارناول؛ کارناوال	tyohaar
कार्निवाल	کارناول؛ کارناوال	kaarnivaal
कैरोलाइना	کارولینا	kairolaainaa
मणिबंध अस्थि	مچ دستی	manibandh asthi
कलाई की हड्डी	مچ دستی	kalaaii kii haddii
बढ़ई	درودگر؛ نجار	barhii
बढ्ॅअई	درودگر؛ نجار	badhॅaii
बढ़ईगिरी	نجاری؛ درودگری	barhaiigirii
बढ़ईगीरी	نجاری؛ درودگری	barhaiigiirii
परत	فرش	parat
कालीन	فرش	kaaliin
वाहक	حامل؛ ترک بند	vaahak
संवाहक	حامل؛ ترک بند	sanvaahak
सड़ा हुआ माँस	لاش؛ گوشت گندیده	saraa huaa maans
सड़ा गला माँसअ	لاش؛ گوشت گندیده	saraa galaa maansa
गाजर	هویج	gaajar
रथ	چرخ؛ گاری	rath
गाड़ी	چرخ؛ گاری	gaarii
उपास्थि	غضروف	upaasthi / kurakurii / chabanii haddii
कुरकुरी/चबनी हड्डी	غضروف	upaasthi / kurakurii / chabanii haddii
ख़ाका	کارتون	khaakaa
कारतूस	فشنگ	kaaratuus
कारतुस	فشنگ	kaaratus
तराशना	حکاکی کردن	taraashanaa
नक्काशी करना	حکاکی کردن	nakkaashii karanaa
जलप्रपात	آبشار	jalaprapaat
सोपानी पात	آبشار	sopaanii paat
नकद	پول نقد	nakad
नक़दी	پول نقد	naqadii
खजांची	صندوقدار؛ تحویلدار	khajaanchii / rokariyaa / koshaadhyaksh
रोकड़िया/कोषाध्यक्ष	صندوقدار؛ تحویلدار	khajaanchii / rokariyaa / koshaadhyaksh
जुआघर	کازینو	juaaghar
मंजूषा	صندوق یاتابوت	manjuushaa
शवपेटिका	صندوق یاتابوت	shavapetikaa
कैसेट	کاست	kaiset
पेटिका	کاست	petikaa
पादरी का लबादा	دلق	paadarii kaa labaadaa
फेंकअ	افکندن؛ بر افکندن	phenka
प्रकारअ	افکندن؛ بر افکندن	prakaara
रूख	قلعه	ruukh
भवन	قلعه	bhavan
बेढंगा	معمولی	bedhangaa
यूँ ही	تفریحاً	yuun hii
अकस्मात से	تفریحاً	akasmaat se
घायल	تلفات	ghaayal
तेंदुआ	گربه	tenduaa
सूची	کاتالوگ	suuchii
दुर्गति	مصیبت؛ بلای ناگهانی	durgati
प्रलय	مصیبت؛ بلای ناگهانی	pralay
वर्गीकृत ,वर्गीकरण	طبقه؛ رده	varg / vargiikrit / vargiikaran
खिलाना/पिलाना	پذیرایی کردن	khilaanaa / pilaanaa / aavashyakataaon kaa dhyaan rakhanaa
आवश्यकताओं का ध्यान रखना	پذیرایی کردن	khilaanaa / pilaanaa / aavashyakataaon kaa dhyaan rakhanaa
बड़ा गिरजा	کلیسا	baraa girajaa
प्रधान गिरजा घर	کلیسا	pradhaan girajaa ghar
सार्वभौम	کاتولیک؛ جامع	saarvabhaum
सर्वसामान्य	کاتولیک؛ جامع	sarvasaamaany
बिल्ली जैसा	گربهوار	billii jaisaa
ढोर	گله گاو	dhor / pashu / maveshii
पशु/मवेशी	گله گاو	dhor / pashu / maveshii
कॉकसस	قزاقی	kokasas
फूलगोभी	گلکلم	phuulagobhii
कारणात्मक	سببی؛ علتی	kaaranaatmak
कारण संबंधी	سببی؛ علتی	kaaran sanbandhii
कारणवाचक	سبب شونده	kaaranavaachak
प्रेरणार्थक	سبب شونده	preranaarthak
विषय	علت، باعث شدن	vishay
चेतावनी	احتیاط	chetaavanii
सावधानी	احتیاط	saavadhaanii
सतर्कतापूर्वक	از رویاحتیاط	satarkataapuurvak
जुलूस	گردش سواره	juluus
अभिमानी	شوالیه	abhimaanii
बख्तरबंद गाड़ियों वाली सेन	سواره نذام	bakhtaraband gaariyon vaalii sen
अश्वारोही सेना	سواره نذام	ashvaarohii senaa
गुफा	غار	guphaa
गउफा	غار	gauphaa
कंदरा	غار؛ حفره	kandaraa
बड़ी गुफा	غار؛ حفره	barii guphaa
कंदरावत्	غارمانند؛ غاردار	kandaraavat
गुफ़ानुमा	غارمانند؛ غاردار	gufaanumaa
छिद्र	گودی	chhidr
विवर	گودی	vivar
कैड्मियम	سی‌دی	kaidmiyam
सी डी	سی‌دی	sii dii
बन्द करना	متوقف کردن	band karanaa
अन्त होना	متوقف کردن	ant honaa
देवदार	سرو؛ سدر	devadaar
देवदार की लकड़ी	سرو؛ سدر	devadaar kii lakarii
ऊँचाई	سقف	uunchaaii
छत	سقف	chhat
मनाना	جشن گرفتن	manaanaa
प्रचार करना	جشن گرفتن	prachaar karanaa
उत्सव	جشن؛ برگزاری	utsav
समारोह	جشن؛ برگزاری	samaaroh
प्रतिष्ठा	سلبریتی	pratishthaa
खगोलीय	سماوی؛ عرشی	khagoliiy
टोली	یاخته؛ سلول	tolii
सुरागार	زیرزمین؛ سرداب	suraagaar
तंग कोठरी	زیرزمین؛ سرداب	tang kotharii
सेलुलर	سلولی؛ سلول دار	selular
कोशिकीय	سلولی؛ سلول دار	koshikiiy
केल्ट भाषा	سلتی؛ زبان سلتی	kelt bhaashaa
केल्ट जाति से संबंधित	سلتی؛ زبان سلتی	kelt jaati se sanbandhit
पटरी	سیمان؛ سمنت	patarii
पगडंडी	سیمان؛ سمنت	pagadandii
कब्रिस्तान	قبرستان	kabristaan
समाधि स्थल	قبرستان	samaadhi sthal
धूपदान	بخورسوز؛ عودسوز	dhuupadaan
नियंत्रण करना	سانسور	niyantran karanaa
अधिशोधन करना	سانسور	adhishodhan karanaa
जनगणना	سرشماری؛ آمارگیری	janagananaa
सिक्का	سنت	sikkaa
शत	سنت	shat
शताब्दी	صدساله؛ یادبود صدساله	shataabdii
शतवर्षीय	صدساله؛ یادبود صدساله	shatavarshiiy
सार	مرکز؛ وسط	saar
सारांश	مرکز؛ وسط	saaraansh
केन्द्रीय	مرکزی؛ میانی	kendriiy
केन्द्रीकरण	تمرکز	kendriikaran
केंद्रीकृत	متمرکز	kendriikrit
अपकेंद्री	مرکزگریز؛ نیروی گریز از مرکز	apakendrii
केन्द्रापसारी	مرکزگریز؛ نیروی گریز از مرکز	kendraapasaarii
शैली	قرن	shailii
अन्न	غله؛ حبوبات	ann
अनाज	غله؛ حبوبات	anaaj
दिमागी	مغزی؛ دماغی	dimaagii
प्रमस्तिष्कीय	مغزی؛ دماغی	pramastishkiiy
रीति संबंधी	تشریفاتی	riiti sanbandhii
औपचारिक	تشریفاتی	aupachaarik
अवसर	تشریفات؛ مناسک	avasar
प्रथा	تشریفات؛ مناسک	prathaa
पक्का	مطمئن	pakkaa
निश्चित	مطمئن	nishchit
निःसन्देह	قطعا	nihsandeh
अवश्य	قطعا	avashy
निश्चय	قطعیت	nishchay
निश्चितता	قطعیت	nishchitataa
प्रमाणपत्र	گواهی	pramaanapatr
प्रमाण पट्र	گواهی	pramaan patr
पागल घोषित करना	تصدیق کردن؛ شهادت کتبی دادن	paagal ghoshit karanaa
ग्रैव	گردنی	graiv
क्लेश	غم وغصه	klesh
संताप	غم وغصه	santaap
अध्यक्ष	صندلی	adhyaksh
सभापति	رئیس؛ فرنشین	sabhaapati
प्याला	جام	pyaalaa
ललकार	طلب حق؛ سر تافتن	lalakaar
कुतरना	میدان جنگ	kutaranaa
शैंपेन	شامپانی	shainpen / shaimpen / ek prakaar kii chamakiilii madiraa
शैम्पेन/एक प्रकार की चमकीली मदिरा	شامپانی	shainpen / shaimpen / ek prakaar kii chamakiilii madiraa
चैम्पियनशिप	قهرمانی	chaimpiyanaship
सर्वोपरित्व	قهرمانی	sarvoparitv
परिस्थिति	شانس	paristhiti
कुलपति	صدر اعظم	kulapati
कुलाधिपति	صدر اعظم	kulaadhipati
झूमर	چلچراغ؛ لوستر	jhuumar
झूमङ	چلچراغ؛ لوستر	jhuumang
मार्ग	مجری؛ مجرا	maarg
गड़बड़ी	هرج و مرج	garabarii
पुरोहित	پیشنماز؛ قاضی عسگر	purohit / pujaarii / purohit / paadarii
पुजारी/पुरोहित/पादरी	پیشنماز؛ قاضی عسگر	purohit / pujaarii / purohit / paadarii
अध्याय	فصل؛ بخش	adhyaay
विशेष	اختصاصی؛ مشخصه	vishesh
विशेषता होना	توصیف کردن	visheshataa honaa
चरित्र चित्रण करना	توصیف کردن	charitr chitran karanaa
लकड़ी का कोयला	زغال؛ ذغال	lakarii kaa koyalaa
लकड़ी का कोयलाआ	زغال؛ ذغال	lakarii kaa koyalaa
शुल्क	عهده؛ تهمت	shulk
नीम हकीम्	چاچولباز؛ شارلاتان	niim hakiim
झूठा वैद्य	چاچولباز؛ شارلاتان	jhuuthaa vaidy
मनोरम	جذاب	manoram
रुशील	جذاب	rushiil
रेखाचिट्र	نمودار	rekhaachitr
संविधान	منشور	sanvidhaan
शासनपत्र	منشور	shaasanapatr
शालीन	مخدر؛ عفیف	shaaliin
बातचीत	گپ زدن	baatachiit
गपशप	گپ زدن	gapashap
बड़बड़	ورور کردن؛ وراجی کردن	barabar
सस्तापनअ	ارزانی	sastaapana
धंधलाना	فریب؛ گولزدن	dhandhalaanaa
धोखेबाज़	فریب؛ تقلب	dhokhebaaz
बेवफ़ा	فریب؛ تقلب	bevafaa
जाँच करना	بررسی کردن، چک؛ چک کردن	jaanch karanaa
किश्त	مات کردن؛ شاه مات	kisht
जबड़ा	گونه	jabaraa
प्रसन्नता	تشویق کردن، تشویق	prasannataa
भोजन	تشویق کردن، تشویق	bhojan
हर्षित	با ل بشاشت	harshit
पनीर	پنیر	paniir / chiiz / paniir
चीज़/पनीर	پنیر	paniir / chiiz / paniir
प्रधान रसोइया	سرآشپز	pradhaan rasoiyaa
दवा	شیمیایی	davaa
रासायनिक	شیمیایی	raasaayanik
रसानज्ञ	شیمیدان	rasaanagy
रसायनज्ञ	شیمیدان	rasaayanagy
प्रक्रिया	شیمی	prakriyaa
गुणधर्म	شیمی	gunadharm
पालना	ورزیدن؛ عزیز داشتن	paalanaa
सँजोना	ورزیدن؛ عزیز داشتن	sanjonaa
रक्तिम	گیلاس	raktim
शतरंज	شطرنج؛ شترنج	shataranj
चेस घास	شطرنج؛ شترنج	ches ghaas
बिसात	تخته شطرنج	bisaat
तिजोरी	سینه؛ قص	tijorii
शाहबलूत	بلوط؛ شاه بلوط	shaahabaluut
चबाना	خاییدن؛ جویدن	chabaanaa
शिकागो	شیکاگو	shikaago
कायर	مرغ	kaayar
प्रधानतः	عمدتاً	pradhaanath
सर्वोपरि	عمدتاً	sarvopari
शिङन	تور نازک؛ نوعی کیک	shingan
बचपन	خردی؛ بچگی	bachapan
बाल्यावस्था	خردی؛ بچگی	baalyaavasthaa
बच्चौं सी	کودکانه؛ بچگانه	bachchaun sii
लड़कपन की सी	کودکانه؛ بچگانه	larakapan kii sii
संतानहीन	بی فرزند؛ بی اولاد	santaanahiin
निस्संतान	بی فرزند؛ بی اولاد	nissantaan
अल्हड़	کودک مانند	alhar
शिशु सुलभ	کودک مانند	shishu sulabh
ठंडा	چایمان؛ سرد کردن	thandaa
सिहरन	چایمان؛ سرد کردن	siharan
झंकार	ناقوس را؛ سازیاموسیقی زنگی	jhankaar
घंटानाद	ناقوس را؛ سازیاموسیقی زنگی	ghantaanaad
काल्पनिक	هوس باز؛ هوس آمیز	kaalpanik
अवास्तविक	هوس باز؛ هوس آمیز	avaastavik
चूल्हा	دودکش؛ تنوره	chuulhaa
चिमनी	دودکش؛ تنوره	chimanii
हनु	چانه؛ پوز	hanu
ठोड़ी	چانه؛ پوز	thorii
चीन	چین؛ ظروف چینی	chiin
चीनी मिट्टी	چین؛ ظروف چینی	chiinii mittii
चीनी	چینی؛ زبان چینی	chiinii
चीनी भाषा	چینی؛ زبان چینی	chiinii bhaashaa
खनक	درزپیدا کردن	khanak
माइक्रोचिप	چیپس، تراشه	maaikrochip
चिप	چیپس، تراشه	chip
छेनी	اسکنه؛ منقاش	chhenii
क्षात्रधर्म	سلحشوری	kshaatradharm / bahaadurii / viirataa
बहादुरी/वीरता	سلحشوری	kshaatradharm / bahaadurii / viirataa
चाकलेट	شکلات	chaakalet
गहरा बूरा	شکلات	gaharaa buuraa
गिरजाघर गायक दल	گروه کر	girajaaghar gaayak dal
गिरजाघर गायन स्थल	گروه کر	girajaaghar gaayan sthal
ठूसना/दबाना	اختناق؛ ساسات	thuusanaa / dabaanaa / jaam honaa
जाम होना	اختناق؛ ساسات	thuusanaa / dabaanaa / jaam honaa
हैज़ा	وبا	haizaa
विसूचिका	وبا	visuuchikaa
चोट करना	خرد کردن	chot karanaa
ठप्प होना	خرد کردن	thapp honaa
बारीक टुकड़ों में कटा	ریز ریز	baariik tukaron men kataa
ईसा	مسیح؛ یاعلی	iisaa
ईसा मसीह	مسیح؛ یاعلی	iisaa masiih
ईसाईयतअ	مسیحیت؛ عیسویت	iisaaiiyata
ईसाई धर्म	مسیحیت؛ عیسویت	iisaaii dharm
ईस्वी	نصارا	iisvii
ईसाई	نصارا	iisaaii
चिरकालिक	مزمن	chirakaalik
कालानुक्रमिक	زمانی	kaalaanukramik
गोलमटोल	خپله	golamatol
गलफुला	خپله	galaphulaa
गोमांस का लोथड़ा	مرغک	gomaans kaa lotharaa
चक	مرغک	chak
पादरी	کلیسا	paadarii
मथना	چرخی	mathanaa
बिलोना	چرخی	bilonaa
सेब की मदिरा	آب سیب؛ شربت سیب	seb kii madiraa
सिगार	سیگار برگ	sigaar
चुरूट	سیگار برگ	churuut
सिगरेट	سیگار	sigaret
बीड़ी	سیگار	biirii
चलचित्र	سینما	chalachitr
सिनेमा	سینما	sinemaa
चक्कर	دایره، دور چیزی کشیدن	chakkar
घेरा	مدار	gheraa
वृत्तीय	حلقهای؛ مدور	vrittiiy
घुमावदार	حلقهای؛ مدور	ghumaavadaar
फैलाना	گردش کردن	phailaanaa
भेजना	گردش کردن	bhejanaa
प्रचलन	گردش	prachalan
शिश्नाग्रच्छद	ختنه	shishnaagrachchhad
ख़तना	ختنه	khatanaa
सावधानी से	ملاحظه کار؛ مال اندیش	saavadhaanii se
स्थिति	چگونگی	sthiti
चौक	میدان؛ جولانگاه	chauk
अखाड़ा	میدان؛ جولانگاه	akhaaraa
गढ़	ارک؛ قلعه نظامی	garh / garh / kot
गढ़/कोट	ارک؛ قلعه نظامی	garh / garh / kot
बुलवाना	اقتباس کردن؛ اتخاذ سند کردن	bulavaanaa
उल्लेख करना	اقتباس کردن؛ اتخاذ سند کردن	ullekh karanaa
निवासी	شهروند	nivaasii
नागरिक	شهروند	naagarik
नागरिकता	شهروندی	naagarikataa / naagarik svatv / pauraadhikaar
नागरिक स्वत्व/पौराधिकार	شهروندی	naagarikataa / naagarik svatv / pauraadhikaar
नगर का	مدنی	nagar kaa
सभ्य	مدنی؛ غیرنظامی	sabhy
असैनिक	غیرنظامی	asainik
असैनिक नागरिक	غیرنظامی	asainik naagarik
शिष्टता	نزاکت	shishtataa
नम्रता	نزاکت	namrataa
सभ्यता	تمدن	sabhyataa
शिष्ट	متمدن	shisht
दावेदार	مدعی؛ مطالبه کننده	daavedaar
अधियाचक	مدعی؛ مطالبه کننده	adhiyaachak
चिल्लाना	سروصدا؛ غریو کشیدن	chillaanaa
कसना	گیره؛ سوزن بند	kasanaa
जकड़ना	گیره؛ سوزن بند	jakaranaa
गुप्त	غیرمشروع	gupt
अव्यक्त	غیرمشروع	avyakt
झनझनाना	صدای شیپور	jhanajhanaanaa
स्पष्ट करना	روشن کردن	spasht karanaa
शुद्ध करना	روشن کردن	shuddh karanaa
स्पष्टता	وضوح	spashtataa
क्लार्क	کلارک	klaark
बाँधना	سرچسب؛ جفت چپراست	baandhanaa
पकड़	سرچسب؛ جفت چپراست	pakar
शास्त्रीय	کلاسیک	shaastriiy
वर्गीकरण	طبقه‌بندی	vargiikaran
श्रेणीविभाजन	طبقه‌بندی	shreniivibhaajan
वर्गीकरण करना	طبقه‌بندی کردن	vargiikaran karanaa
वर्गीकृत करना	طبقه‌بندی کردن	vargiikrit karanaa
कक्षा	کلاس درس	kakshaa
खड़खड़ाहट	زغ زغ کردن	kharakharaahat
खड़खड़ की आवाज़ करना	زغ زغ کردن	kharakhar kii aavaaz karanaa
अनुच्छेद	ماده	anuchchhed
परिच्छेद	ماده	parichchhed
पंजा	پنجه؛ چنگ	panjaa
सॅड़सी	پنجه؛ چنگ	serasii
प्रतिभा	گل؛ رس	pratibhaa
मिट्टी	گل؛ رس	mittii
सफाई	زدایش؛ پاک سازی	saphaaii
सफ़ाई	نظافت؛ پاکی	safaaii
शुचि	نظافت؛ پاکی	shuchi
धोना	تطهیر کردن	dhonaa
मुक्त करना	تطهیر کردن	mukt karanaa
प्रक्षालन	پاکسازی	prakshaalan
अपमार्जन	پاکسازی	apamaarjan
निकासी	مفاصا؛ برائت ذمه	nikaasii
निर्बाधन	مفاصا؛ برائت ذمه	nirbaadhan
साफ साफ	به وضوح	saaph saaph
नि: सन्देह	به وضوح	ni: sandeh
चीर	رخ؛ شکافتگی	chiir
वक्ष विदरण	رخ؛ شکافتگی	vaksh vidaran
बड़ा छुरा	ساطور؛ ساتور	baraa chhuraa
माँस काटने का चाक्	ساطور؛ ساتور	maans kaatane kaa chaak
विभाजित	شکاف دار	vibhaajit
अनुकूलता	اعتدال عناصر	anukuulataa
कसकर पकड़ना	گره کردن	kasakar pakaranaa
पुरोहित वर्ग	روحانیون؛ مردروحانی	purohit varg
पुजार	روحانی؛ مجتهد	pujaar
पुरोहिती	دفتری	purohitii
लेखा संबंधी	دفتری	lekhaa sanbandhii
अधिकारी	کارمند	adhikaarii
होशियारी से	بزیرکی؛ زیرکانه	hoshiyaarii se
चुस्ती	هشیاری؛ زرنگی	chustii
होशियारी	هشیاری؛ زرنگی	hoshiyaarii
खट खट	تیک؛ صدای مختصر	khat khat
खटखट की आवाज़	تیک؛ صدای مختصر	khatakhat kii aavaaz
असामी	موکل؛ ارباب رجوع	asaamii
भृगु	صخره	bhrigu
प्रपात	صخره	prapaat
वातावरण	آب و هوا	vaataavaran
जलवायु	آب و هوا	jalavaayu
आरोही	صعود کننده	aarohii
बेल	صعود کننده	bel
करकर पकड़ना	مشت کردن؛ قاطع ساختن	karakar pakaranaa
बने रहना	چسبیدن	bane rahanaa
चिपक जाना	چسبیدن	chipak jaanaa
चिकित्सालय	درمانگاه	chikitsaalay
क्लीनिक	درمانگاه	kliinik
भावशून्य	بالینی	bhaavashuuny
सादगी	بالینی	saadagii
अंश	گیره، کلیپ	ansh
प्रहार	گیره، کلیپ	prahaar
कटिंग	جمع در	kating
आड़	شنل؛ عبا	aar
लबादा	شنل؛ عبا	labaadaa
घड़ी	ساعت دیواری	gharii
चेहरा	ساعت دیواری	cheharaa
एकान्तस्थल	در صومعه گذاشتن	ekaantasthal
बंद करना	بستن؛ نزدیک	band karanaa
निकट	بستن؛ نزدیک	nikat
सीमित	بسته	siimit
बंद	بسته	band
नज़दीकी	نزدیکی؛ تقریب	nazadiikii
बंदी	بسته شدن	bandii
थक्का	لخته؛ علقه	thakkaa
मूर्ख व्यक्ति	لخته؛ علقه	muurkh vyakti
कपड़ा	پارچه	kaparaa
कपड़े	لباس‌ها	kapare
वसन	لباس‌ها	vasan
वस्त्र	پوشاک	vastr
पहनावा	پوشاک	pahanaavaa
बादल	ابر	baadal
गुबारा	ابر	gubaaraa
मेघशून्य	بی ابر؛ بدون ابر	meghashuuny
मेघ रहित	بی ابر؛ بدون ابر	megh rahit
मटमैला	ابری؛ میغی	matamailaa
मेघाच्छादित	ابری؛ میغی	meghaachchhaadit
मसखरा	دلقک؛ الدنگ	masakharaa
संघ	باشگاه	sangh
गदा	باشگاه	gadaa
इशारा	مدرک؛ سر نخ	ishaaraa
गुच्छा	انبوه کردن؛ ضربه سنگین	guchchhaa
झुरमुट	انبوه کردن؛ ضربه سنگین	jhuramut
फूहड़ ढंग से	ناشیانه؛ شلخته وار	phuuhar dhang se
फूहड़	ناشی؛ بی عرضه	phuuhar
झुण्ड	خوشه	jhund
चंगुल	چنگ	changul
घोड़ागाड़ी चालक	کالسکهچی؛ درشکهچی	ghoraagaarii chaalak
किसी द्रव का जमना	منعقد کردن؛ دلمه کردن	kisii drav kaa jamanaa
किसी द्रव का जमाव	انعقاد؛ لختگی	kisii drav kaa jamaav
अंगार	زغال کردن؛ زغال سنگ	angaar
संगठन	ائتلاف	sangathan
ऐक्यअ	ائتلاف	aikya
तट	ساحل	tat
तटीय	ساحلی	tatiiy
हंस	کاهگلی	hans
नाटा घोड़ा	کاهگلی	naataa ghoraa
मोची	پینه دوز	mochii
{कोकेन}नशीली वस्तु	کوکائین	{kokena}nashiilii vastu
ककटेल	کوکتل	kakatel
मिक्षण	کوکتل	mikshan
कोको	کاکائو	koko
कड	نوعی ماهی؛ کیسه کوچک	kad
एक प्रकार की मछली	نوعی ماهی؛ کیسه کوچک	ek prakaar kii machhalii
नियमावली	کد	niyamaavalii
कोड	کد	kod
मजबूर करना	ناگزیر کردن	majabuur karanaa
जबरदस्ती करना	ناگزیر کردن	jabaradastii karanaa
अवपीडक	اجبار؛ عنف	avapiidak
प्रपीडन	اجبار؛ عنف	prapiidan
मिलजुलकर रहना	همزیستی کردن	milajulakar rahanaa
सह अस्तित्व	همزیستی؛ همزیگری	sah astitv
मिल जुलकर रहना	همزیستی؛ همزیگری	mil julakar rahanaa
कोफी	قهوه	kophii
कफ़ी	قهوه	kafii
ताबूत	تابوت	taabuut
ताबूत जिसमें लाश को रखकर जमीन में गाढ़ा जाता है	تابوت	taabuut jisamen laash ko rakhakar jamiin men gaarhaa jaataa hai
अकाट्यता	قدرت عقیده	akaatyataa
परोक्ष ज्ञान	ادراک	paroksh gyaan
बोध	شناختی	bodh
संज्ञानात्मक	شناختی	sangyaanaatmak
सुसंगत	منسجم	susangat
सामंजस्यपूर्ण	منسجم	saamanjasyapuurn
लच्छा	بوبین	lachchhaa
घूँघर	بوبین	ghuunghar
गढ़ना	مسکوکات؛ ابداع واژه	garhanaa
अनुरूप होना	مصادف بودن	anuruup honaa
अनुरूपता	تصادف	anuruupataa
हल्का	سرد، سرما	halkaa
उपेक्षा	برودت؛ سردی	upekshaa
सहयोग करना	همکاری کردن	sahayog karanaa
देशद्रोह करना	همکاری کردن	deshadroh karanaa
सहयोग	همکاری	sahayog
गिरावट	هوار؛ فروریختگی	giraavat
पतन	هوار؛ فروریختگی	patan
पट्टा	یقه؛ طوق	pattaa
हार	یقه؛ طوق	haar
सहकर्मी	همکار	sahakarmii
सहकार्यकर्ता	همکار	sahakaaryakartaa
भीड़	مجموعه؛ وصول	bhiir
सामूहिक	جمعی	saamuuhik
सामूहिक रूप से	اجماعا؛ مجتمعا	saamuuhik ruup se
जिलाधीश	گردآورنده	jilaadhiish
संकलनकर्ता	گردآورنده	sankalanakartaa
केंद्र	کالج	kendr
सहछात्र/छात्रा	دانشکدهای	sahachhaatr / chhaatraa / kalej yukt
कलेज युक्त	دانشکدهای	sahachhaatr / chhaatraa / kalej yukt
संघर्ष	برخورد	sangharsh
कोलन	دونقطه؛ نشان دونقطه	kolan
मलाशय	دونقطه؛ نشان دونقطه	malaashay
कर्नल	سرهنگ	karnal
उपनिवेशी	استعماری	upaniveshii
औपनिवेशिक	استعماری	aupaniveshik
उपनिवेशन	استعمار	upaniveshan
उपनगर	کلونی	upanagar
बस्ती	کلونی	bastii
रंग	رنگ؛ فام	rang
कोलोराडो	کلرادو	koloraado
रंजित	رنگی؛ چرده	ranjit
रंजक	ملون؛ تلوین	ranjak
रंगत	ملون؛ تلوین	rangat
बहाना	رنگ	bahaanaa
रंग बिरंगा	رنگارنگ	rang birangaa
बछेड़ा	شخص ناآزموده؛ نوعی طپانچه	bachheraa
अश्वशावक	شخص ناآزموده؛ نوعی طپانچه	ashvashaavak
कोलंबिया	کلمبیا	kolanbiyaa
पंक्ति	ستون	pankti
स्तंभलेखक	ستون‌نویس	stanbhalekhak
सम्मूर्छा	اغماء؛ بیهشی	sammuurchhaa
बेहोशी की नींद	اغماء؛ بیهشی	behoshii kii niind
छत्ता	شانه؛ شانه کردن	chhattaa
युद्ध	مبارزه، مبارزه کردن	yuddh
योद्धा	رزمنده	yoddhaa
लड़ाक्	رزمنده	laraak
विनोदप्रियता	کمدی	vinodapriyataa
कमेडी	کمدی	kamedii
मनोहर	خوش منظر	manohar
धूमकेतु	ذوذنب؛ ستاره دنباله دار	dhuumaketu
धूम्रकेतु	ذوذنب؛ ستاره دنباله دار	dhuumraketu
सुख	راحتی؛ آسایش	sukh
शांत	راحت	shaant
आराम से	براحتی	aaraam se
हास्यप्रद	کمدی	haasyaprad
हास्यजनक	کمدی	haasyajanak
ठठोलिया	خندهآور	thatholiyaa
अर्धविराम	ویرگول؛ واوک	ardhaviraam
अल्पविराम	ویرگول؛ واوک	alpaviraam
नायक	فرمانده	naayak
सेनापति	فرمانده	senaapati
आरम्भ होना	آغاز کردن	aarambh honaa
आरम्भ	فتح	aarambh
शुरुआत	فتح	shuruaat
आलोचना	نظر، نظر دادن	aalochanaa
मत प्रकट करना	نظر، نظر دادن	mat prakat karanaa
टिप्पणी	تفسیر	tippanii
भाष्य	تفسیر	bhaashy
समालोचक	مفسر	samaalochak
टीकाकार	مفسر	tiikaakaar
वाणिज्य	بازرگانی	vaanijy
व्यापारिक	تجارتی	vyaapaarik
आढत	کمیسیون؛ کارمزد	aadhat
आयुक्त	کمیسر	aayukt
लिखना	مرتکب شدن؛ سر سپردن	likhanaa
जिम्मेदारी	سرسپردگی	jimmedaarii
वादा	سرسپردگی	vaadaa
समिति	کمیته؛ کمیسیون	samiti
संसद	کمیته؛ کمیسیون	sansad
सामग्री	کالا	saamagrii
अक्सर	علیالرسم؛ عرفا	aksar
सामान्यतः	علیالرسم؛ عرفا	saamaanyath
लोकसभा	مردم عادی	lokasabhaa
राष्ट्र	مشترک المنافع	raashtr
राष्ट्रमंडल	مشترک المنافع	raashtramandal
हंगामा	جنجال؛ هیاهو	hangaamaa
तुफान	جنجال؛ هیاهو	tuphaan
साम्प्रदायिक	اشتراکی	saampradaayik
सामुदायिक	اشتراکی	saamudaayik
बातचीत/मैत्रिक बातचीत	کمون؛ مزرعه اشتراکی	baatachiit / maitrik baatachiit
पहुँचाना	ارتباط برقرار کردن	pahunchaanaa
सम्पर्क	مکاتبه؛ ابلاغ	sampark
संचार	مکاتبه؛ ابلاغ	sanchaar
बात चीत करना	ارتباطی	baat chiit karanaa
बातचीत करने एवं सम्पर्क रखने के ईच्छुक	ارتباطی	baatachiit karane evn sampark rakhane ke iichchhuk
कम्युनियन	صمیمیت وهمدلی	kamyuniyan
धार्मिक सम्प्रदाय	صمیمیت وهمدلی	dhaarmik sampradaay
साम्यवाद	کمونیسم؛ مسلک اشتراکی	saamyavaad
समष्टिवाद	کمونیسم؛ مسلک اشتراکی	samashtivaad
साम्यवादी	کمونیست	saamyavaadii
समष्टिवादी	کمونیست	samashtivaadii
ऐक्य	جامعه	aiky
सघन	فشرده؛ فشرده کردن	saghan
गठा हुआ	فشرده؛ فشرده کردن	gathaa huaa
साथी	همدم	saathii
संगति	یاری؛ مصاحبت	sangati
कंपनी	شرکت	kanpanii
तुलनीय	قابل مقایسه	tulaniiy
तूलनीय	قابل مقایسه	tuulaniiy
तुलनात्मक	مقایسه‌ای	tulanaatmak
अपेक्षाकृत	مقایسه‌ای	apekshaakrit
तुलनात्मक रूप से	بالنسبه	tulanaatmak ruup se
तुलना	مقایسه کردن	tulanaa
वर्णन करना	مقایسه کردن	varnan karanaa
सहानुभूति	شفقت	sahaanubhuuti
करुणामय	شفیق؛ دلسوز	karunaamay
हमवतन	هم وطن	hamavatan
एक देश वासी	هم وطن	ek desh vaasii
बाध्य करना	مجبور کردن	baadhy karanaa
अकाट्य	قانع‌کننده	akaaty
हरजाना देना	جبران کردن	harajaanaa denaa
मुआवजा	جبران	muaavajaa
प्रतिकर	جبران	pratikar
क्षतिपरक	جبرانی	kshatiparak
प्रयत्न करना	رقابت کردن	prayatn karanaa
बराबरी करना	رقابت کردن	baraabarii karanaa
सामर्थ्यता	صلاحیت	saamarthyataa
समर्थ	صالح	samarth
सक्षम	صالح	saksham
प्रतियोगिता	رقابت	pratiyogitaa
प्रतिस्पर्धात्मक	رقابتی؛ قابل رقابت	pratispardhaatmak
प्रतिस्पर्धापूर्ण	رقابتی؛ قابل رقابت	pratispardhaapuurn
प्रतियोगी	رقیب؛ هم چشم	pratiyogii
प्रतिद्वंदी	رقیب؛ هم چشم	pratidvandii
संग्रह	تدوین؛ همگردانی	sangrah
संतोष	خود خوشنودی	santosh
आत्मसंतोष	خود خوشنودی	aatmasantosh
आत्मसन्तुष्ट	خود خوشنود؛ عشرت طلب	aatmasantusht
आत्मसंतुष्ट	خود خوشنود؛ عشرت طلب	aatmasantusht
शिकायत करना	شکایت کردن	shikaayat karanaa
दुखड़ा रोना	شکایت کردن	dukharaa ronaa
कोटा	تکمیل کردن	kotaa
समपूरक	مکمل؛ متممی	samapuurak
भरपूर	کاملا	bharapuur
पूरी तरह से	کاملا	puurii tarah se
समाप्ति	تکمیل	samaapti
पेचीदा	عقده؛ مجتمع	pechiidaa
स्वरूप	بشره	svaruup
वर्ण	بشره	varn
जटिलता	پیچیدگی	jatilataa
समर्पण	انطباق	samarpan
उलझाना	مشکل کردن؛ بغرنج کردن	ulajhaanaa
जटिल बनाना	مشکل کردن؛ بغرنج کردن	jatil banaanaa
उलझन	پیچیدگی	ulajhan
शुभकामनाएँ	تعارف	shubhakaamanaaen
प्रशंसात्मक	تعارفی؛ تعارف آمیز	prashansaatmak
प्रशंसासूचक	تعارفی؛ تعارف آمیز	prashansaasuuchak
पालन करना	تبعیت کردن	paalan karanaa
घटक	مولفه	ghatak
रचयिता	آهنگساز	rachayitaa
संगीतकार	آهنگساز	sangiitakaar
लेखन	ترکیب، قطعه موسیقی	lekhan
संयोजन	ترکیب، قطعه موسیقی	sanyojan
अहाता	ترکیب	ahaataa
समाविष्ट करना	درک نمودن	samaavisht karanaa
बोधगम्य	قابل درک	bodhagamy
समझने के योग्य	قابل درک	samajhane ke yogy
विस्तृत	جامع	vistrit
दबाना	کمپرس؛ متراکمکردن	dabaanaa
संक्षिप्त करना	کمپرس؛ متراکمکردن	sankshipt karanaa
दबाव	تراکم؛ فشردگی	dabaav
संपीडन	تراکم؛ فشردگی	sanpiidan
मध्यमार्ग	مصالحه	madhyamaarg
अनिवार्य	اجباری	anivaary
गणना करना	محاسبه کردن	gananaa karanaa
परिकलन करना	محاسبه کردن	parikalan karanaa
कंप्यूटर	کامپیوتر	kanpyuutar
संगणक	کامپیوتر	sanganak
अवतल	مقعر	avatal
नतोदर	مقعر	natodar
छिपाव	خفیه؛ نهفتگی	chhipaav
छिपनाआ	خفیه؛ نهفتگی	chhipanaa
घमण्ड	نخوت؛ خود بینی	ghamand
गुमान	نخوت؛ خود بینی	gumaan
कल्पनीय	قابل تصور	kalpaniiy
कल्पना करना	تصور کردن	kalpanaa karanaa
ध्यान देना	تغلیظ کردن	dhyaan denaa
गाढ़ा करना	تغلیظ کردن	gaarhaa karanaa
तन्मयता	تمرکز؛ غلظت	tanmayataa
सकेन्द्री	هم مرکز؛ متحد المرکز	sakendrii
प्रत्यय	مفهوم	pratyay
अवधारणा	مفهوم	avadhaaranaa
धारणा	مفهوم	dhaaranaa
वैचारिक	ادراکی؛ تعقلی	vaichaarik
मिलकर किया हुआ कार्य	هم نوا	milakar kiyaa huaa kaary
समाधान	استمالت	samaadhaan
शान्त करना	استمالت	shaant karanaa
मैत्रीपूर्ण	آشتی کننده؛ استمالت پذیر	maitriipuurn
लघु	لب گو؛ فشرده ومختصر	laghu
निष्कर्ष	عاقبت؛ خاتمه	nishkarsh
निर्णायक	مسکت؛ اختتامی	nirnaayak
एकता	سازگاری؛ همدلی	ekataa
अन्वय	سازگاری؛ همدلی	anvay
हल	محل اجتماع؛ محل ملاقات	hal
साकार	بتن، واقعی	saakaar
पदार्थ रूप में	بتن، واقعی	padaarth ruup men
सहमत होना	دمساز شدن	sahamat honaa
मस्तिष्काघात	ضربت سخت	mastishkaaghaat
निंदा	محکومیت	nindaa
संघनन	تراکم؛ تغلیظ	sanghanan
कृपा दिखाना	تواضع کردن	kripaa dikhaanaa
अनुग्रह करना	تواضع کردن	anugrah karanaa
विनीत	نوازش کننده	viniit
औपबंधिक	مشروط؛ شرطی	aupabandhik
औप्बधिक	مشروط؛ شرطی	aupbadhik
श्रदांजली	عزا؛ تعزیت	shradaanjalii
प्रणाली	رفتار؛ کردار	pranaalii
चालकता	رسانائی؛ قابلیت هدایت	chaalakataa
चालक	هادی؛ رسانا	chaalak
गार्ड	هادی؛ رسانا	gaard
शंकु	مخروط؛ میوه کاج	shanku
कोन	مخروط؛ میوه کاج	kon
हलवाई	شیرینی فروش؛ شکر ریز	halavaaii
सह अपराधी	موتلف	sah aparaadhii
सलाह करना	اعطا کردن، مشورت کردن	salaah karanaa
सम्मेलन	کنفرانس	sammelan
अधिवेशन	کنفرانس	adhiveshan
अंगीकार	اعتراف	angiikaar
विश्वासपात्र	همراز؛ سرنگهدار	vishvaasapaatr / dilii dost / vishvaas paatr
दिली दोस्त/विश्वास पात्र	همراز؛ سرنگهدار	vishvaasapaatr / dilii dost / vishvaas paatr
आत्मविश्वास	اطمینان؛ اعتماد	aatmavishvaas
आत्मविश्वासी	دلگرم	aatmavishvaasii
गुप्त रूप से	به‌طور محرمانه	gupt ruup se
विश्वास सहित	متوکلاً	vishvaas sahit
समाकृति	پیکربندی	samaakriti
कंप्यूटर की व्यवस्था का प्रारूप	پیکربندی	kanpyuutar kii vyavasthaa kaa praaruup
कैद रखना	محبوس کردن	kaid rakhanaa
सीमीत रखना	محبوس کردن	siimiit rakhanaa
प्रसूति	توقیف؛ زندان بودن	prasuuti
परिरोध	توقیف؛ زندان بودن	parirodh
पक्का करना	استوار کردن؛ تصدیق کردن	pakkaa karanaa
पुष्टीकरण	تایید	pushtiikaran
पुष्टि	تایید	pushti
ज़ब्त करना	ضبط کردن؛ مسدود کردن	zabt karanaa
ज़ब्त कर लेना	ضبط کردن؛ مسدود کردن	zabt kar lenaa
ज़ब्ती	ضبط	zabtii
अग्निकाण्ड	آتش سوزی	agnikaand
द्वंद्व	نبرد؛ تضاد	dvandv
मेल	تلاقی؛ همریختنگاه	mel
जमावड़ा	تلاقی؛ همریختنگاه	jamaavaraa
संगमित	متلاقی؛ همریز	sangamit
मिलती हुई	متلاقی؛ همریز	milatii huii
एकमेल करना	مطابق کردن؛ تطبیق کردن	ekamel karanaa
दंग	نفرین شده؛ لعنت شده	dang
सामना	روبرو شدن	saamanaa
सामना करना	روبرو شدن	saamanaa karanaa
गड़बड़ा देना	گیج کردن؛ مختل کردن	garabaraa denaa
भ्रम	سردرگمی	bhram
जमा हुआ	منجمد	jamaa huaa
जन्मजात	ارثی؛ مادرزاد	janmajaat
जो जन्म ही से हो	ارثی؛ مادرزاد	jo janm hii se ho
संकुलन	احتقان	sankulan
संकुलता	احتقان	sankulataa
बधाई देना	تبریک گفتن	badhaaii denaa
बधाई	تهنیت؛ تبریک	badhaaii
बधाई सूचक वाक्य	تهنیت؛ تبریک	badhaaii suuchak vaaky
मण्डली	جماعت	mandalii
महासम्मेलन	کنگره؛ مجلس	mahaasammelan
सालाना बैठक	کنگره؛ مجلس	saalaanaa baithak
कंग्रेस संबंधी	کنگره‌ای	kangres sanbandhii
सम्मेलन संबंधी	کنگره‌ای	sammelan sanbandhii
अनुमान	حدس	anumaan
अटकलबाज़ी	حدس	atakalabaazii
संयोग/मेल	تلاقی؛ مقارنت	sanyog / sanyog / mel
जादू करना	افسونکردن؛ جادو کردن	jaaduu karanaa
आनुषंगिक	متصل	aanushangik
कनेक्टिकट	کانکتیکت	kanektikat
सम्बन्ध	پیوند؛ اتصال	sambandh
जोड़ने वाला	آگینی؛ اتصالی	jorane vaalaa
चरमपोशी	اغماض؛ غمض	charamaposhii
अक्षिसंकोच	اغماض؛ غمض	akshisankoch
जीतना	فتح کردن	jiitanaa
परास्त करना	فتح کردن	paraast karanaa
विजेताआ	غالب؛ فاتح	vijetaa
जीतने वाला	غالب؛ فاتح	jiitane vaalaa
विजय	تسخیر	vijay
जीत	تسخیر	jiit
विवेक	وجدان	vivek
सच्चाई	وجدان	sachchaaii
कर्तव्यनिष्ठ	وجدانی؛ باوجدان	kartavyanishth
शुद्ध अंतःकरणवाला	وجدانی؛ باوجدان	shuddh antahkaranavaalaa
होश	آگاهی	hosh
अनिवार्य सैनिक सेवा	سربازگیری	anivaary sainik sevaa
सेना में अनिवार्य भरती	سربازگیری	senaa men anivaary bharatii
तालमेल	اجماع	taalamel
नतीजा	موجب؛ عاقبت	natiijaa
परिणामी	نتیجه بخش؛ بر آیند	parinaamii
फल स्वरूप	نتیجه بخش؛ بر آیند	phal svaruup
परिणामिक	پربرآیند؛ نتیجهای	parinaamik
परिणामस्वरूप	در نتیجه	parinaamasvaruup / ath / isaliye
अतः/इसलिये	در نتیجه	parinaamasvaruup / ath / isaliye
संरक्षण	حفاظت	sanrakshan
अविनाशिता	حفاظت	avinaashitaa
रूढ़िवादी	مرتجع؛ محافظه کار	ruurhivaadii
वास्तविक मूल से कम	مرتجع؛ محافظه کار	vaastavik muul se kam
सुरक्षित रखना	حفاظت کردن	surakshit rakhanaa
मुरब्बा	حفاظت کردن	murabbaa
अत्याधिक	به میزان قابل توجهی	atyaadhik
बहुत अधिकता से	به میزان قابل توجهی	bahut adhikataa se
ध्यान रखनेवाला	محتاط؛ باملاحظه	dhyaan rakhanevaalaa
दूसरों का ध्यान रखने वाला	محتاط؛ باملاحظه	duusaron kaa dhyaan rakhane vaalaa
शामिल होना	یکپارچهبودن؛ تشکیل دادن	shaamil honaa
तसल्ली	دلداری	tasallii
सान्त्वनाएना	پیشانه؛ میزفرمان	saantvanaaenaa
सान्त्वना देना	پیشانه؛ میزفرمان	saantvanaa denaa
मजबूत बनाना	تحکیم کردن	majabuut banaanaa
मिल जाना	تحکیم کردن	mil jaanaa
समेकित	مستحکم	samekit
अवसिक्त	مستحکم	avasikt
दृढ़ीकरण	تحکیم؛ تشیید	drirhiikaran
जमावट	تحکیم؛ تشیید	jamaavat
सहायता संघ	کنسرسیوم	sahaayataa sangh
षड्यंत्र	توطئه	shadyantr
साजिश	توطئه	saajish
स्थिरता	استواری؛ ثبات	sthirataa
नियमितता	استواری؛ ثبات	niyamitataa
अपरिवर्तनशील	ثابت؛ دایم	aparivartanashiil
व्याकुलता	بهت وحیرت	vyaakulataa / vismay / ghabaraahat
विस्मय/घबराहट	بهت وحیرت	vyaakulataa / vismay / ghabaraahat
कब्ज़ से पीड़ित	یبس؛ مقوبض	kabz se piirit
कब्जी	یبوست	kabjii
क़ब्ज़	یبوست	qabz
निर्वाचनक्षेत्र	حوزه انتخابیه	nirvaachanakshetr
चुनाव क्षेत्र	حوزه انتخابیه	chunaav kshetr
बनावट	قانون اساسی	banaavat
गठन	قانون اساسی	gathan
संविधानी	قانونی	sanvidhaanii
स्वास्थ्य संबंधी	قانونی	svaasthy sanbandhii
संकीर्णन	تنگی؛ تنگ شدگی	sankiirnan
रचना	بر پا کردن	rachanaa
अभिप्राय	سازندگی؛ ساخت و ساز	abhipraay
रचनात्मक	سازنده	rachanaatmak
दंडाधिकारी	کنسول	dandaadhikaarii
राय लेना	مشورت کردن	raay lenaa
मशविरा करना	مشورت کردن	mashaviraa karanaa
चिकित्सक	مشاور	chikitsak
परामर्श	مشاوره	paraamarsh
विमर्श	مشاوره	vimarsh
खाना	مورد مصرف	khaanaa
जलाना	مورد مصرف	jalaanaa
उपभोक्ता	مصرف کننده؛ مسرف کننده	upabhoktaa
उपभोगता	مصرف کننده؛ مسرف کننده	upabhogataa
पूरी तरह हावी होने वला	استهلاک؛ مصرف کننده	puurii tarah haavii hone valaa
छूत	واگیر؛ هم گیری	chhuut
संक्रामक रोग	واگیر؛ هم گیری	sankraamak rog
संक्रामक	مسری؛ واگیردار	sankraamak
संसर्गज	مسری؛ واگیردار	sansargaj
संक्रामकता	واگیری	sankraamakataa
आधान	ظرف؛ محفه	aadhaan
संदूषित	فاسد؛ آلوده	sanduushit
दूषण	آلودگی؛ آلایش	duushan / duushan / sanduushan
दूषण/संदूषण	آلودگی؛ آلایش	duushan / duushan / sanduushan
विचार करना	تامل کردن	vichaar karanaa
विचारमग्न	معقول؛ تفکری	vichaaramagn
ध्यानशील	معقول؛ تفکری	dhyaanashiil
समकालीन	همزمان؛ معاصر	samakaaliin
आधुनिक	همزمان؛ معاصر	aadhunik
तिरस्कार	تحقیر	tiraskaar
घृणित	استهزاء آمیز	ghrinit
तुच्छ	استهزاء آمیز	tuchchh
अवज्ञाकारी	قابل تحقیر	avagyaakaarii
तिरस्कारपूर्ण	قابل تحقیر	tiraskaarapuurn
संघर्ष करना	رقابت کردن	sangharsh karanaa
विवाद करना	رقابت کردن	vivaad karanaa
मुकाबला करने वाला	رقیب	mukaabalaa karane vaalaa
इच्छुक	راضی	ichchhuk
सन्तोष	خرسندی	santosh
संतुष्टि	خرسندی	santushti
प्रसंग	زمینه	prasang
संयमी	قاره	sanyamii
महाद्वीप	قاره	mahaadviip
यूरोपीय	بری؛ اقلیمی	yuuropiiy
महाद्वीपीय	بری؛ اقلیمی	mahaadviipiiy
अविरत	مدام؛ مداوم	avirat
बार बार होने वाला	مدام؛ مداوم	baar baar hone vaalaa
निरंतर	به طور مستمر	nirantar
सिलसिला	ادامه؛ دنباله	silasilaa
जारी रखना	ادامه دادن	jaarii rakhanaa
निरंतरता	پیوستگی؛ تسلسل	nirantarataa
सतत	پیاپی؛ لاینقطع	satat
आकार	حدفاصل؛ محیط مرئی	aakaar
रूपरेखा	حدفاصل؛ محیط مرئی	ruuparekhaa
वर्जित माल	اجناس قاچاق	varjit maal
सगाई	پیمان؛ مقاطعه	sagaaii
ठेका	پیمان؛ مقاطعه	thekaa
सिकुड़न	گرفتگی؛ انقباض	sikuran
ठेकदार	پیمانکار	thekadaar
ठेकेदार	پیمانکار	thekedaar
संविदात्मक	پیمانی؛ عهدی	sanvidaatmak
ठेका संबन्धी	پیمانی؛ عهدی	thekaa sanbandhii
विरोध करना	تناقض داشتن؛ خلاف گفتن	virodh karanaa
खंडन करना	تناقض داشتن؛ خلاف گفتن	khandan karanaa
विरोधाभास	تناقض	virodhaabhaas
प्रतिवाद	تناقض	prativaad
अन्तर्विरोधी	مغایر؛ نقیض	antarvirodhii
परस्पर विरोधी	مغایر؛ نقیض	paraspar virodhii
ज़िद्दी	برعکس	ziddii
वैषम्य	تباین؛ مباینت	vaishamy
सहयोगी	مشارکت‌کننده	sahayogii
योगदानकर्ता	مشارکت‌کننده	yogadaanakartaa
यन्त्र	تمهید	yantr
मशीन	تمهید	mashiin
नियंत्रण	کنترل، کنترل کردن	niyantran
नियंत्रित करना	کنترل، کنترل کردن	niyantrit karanaa
संचालक	ممیز؛ بازبین	sanchaalak
नियंता	ممیز؛ بازبین	niyantaa
विवादास्पद	بحث‌برانگیز	vivaadaaspad
विवादस्पद	بحث‌برانگیز	vivaadaspad
विवाद	مناقشه	vivaad
स्वास्थ्य लाभकारी	بهگرا	svaasthy laabhakaarii
स्वास्थ्यलाभ से संबंधित	بهگرا	svaasthyalaabh se sanbandhit
एकत्र करना	هم آیش کردن؛ دورهم جمع شدن	ekatr karanaa
सुविधा	راحتی	suvidhaa
शौचालय	راحتی	shauchaalay
आसानी से	مصلحه؛ به راحتی	aasaanii se
सुविधाजनक ढंग से	مصلحه؛ به راحتی	suvidhaajanak dhang se
कान्वेंट	دیر؛ صومعه	kaanvent
कन्वेंट स्कूल	دیر؛ صومعه	kanvent skuul
पारम्परिक	متعارف	paaramparik
परम्परागत	متعارف	paramparaagat
अभिमुख होना	متقارب شدن؛ همگرا بودن	abhimukh honaa
अभिसरित होना	متقارب شدن؛ همگرا بودن	abhisarit honaa
गुफ्तगू	مکالمه	guphtaguu
संवादोचित	مکالمهای؛ گفتگوئی	sanvaadochit
संवाद विषयक	مکالمهای؛ گفتگوئی	sanvaad vishayak
वार्तालाप करना	محاوره کردن	vaartaalaap karanaa
उलटा	بالعکس	ulataa
इसके विपरीत	بالعکس	isake vipariit
राजी करना	نقد کردن	raajii karanaa
परिवर्तनीय	قابل تسعیر	parivartaniiy
कन्वर्टिबल कार	قابل تسعیر	kanvartibal kaar
उत्तल	محدب؛ محذب	uttal
उन्नतोदर	محدب؛ محذب	unnatodar
प्रकट करना	منتقل کردن	prakat karanaa
परिवहन	سند انتقال؛ وسیله نقلیه	parivahan
अपराधी	محکوم کردن	aparaadhii
अभिशस्ति	محکومیت	abhishasti
दोषसिद्धि	محکومیت	doshasiddhi
विश्वास दिलाना	متقاعد کردن؛ قانع کردن	vishvaas dilaanaa
निश्चयात्मक	متقاعد کننده	nishchayaatmak
रक्षा दल	کاروان	rakshaa dal
रक्षक दल	کاروان	rakshak dal
ऐंठन	تشنج؛ اختلاج	ainthan
खलबली	تشنج؛ اختلاج	khalabalii
झटकेधर	متشنج؛ تشنجی	jhatakedhar
रसोइया	آشپز؛ آشپزی کردن	rasoiyaa
बाबर्ची	آشپز؛ آشپزی کردن	baabarchii
कुकर	اجاق گاز	kukar
पाकविधि	آشپزی	paakavidhi
पकाने योग्य	آشپزی	pakaane yogy
धैर्य	خنکی؛ خون سردی	dhairy
रूखापन	خنکی؛ خون سردی	ruukhaapan
सहयोग देना	همکاری کردن	sahayog denaa
सहकारिता/सहोद्योग	اشتراک؛ مشارکت	sahayog / sahakaaritaa / sahodyog
सहकारी	تعاونی	sahakaarii
संयोजन करना	هماهنگ کردن	sanyojan karanaa
समन्वित करना	هماهنگ کردن	samanvit karanaa
समन्वयीकरण	هماهنگی	samanvayiikaran
समन्वयन	هماهنگی	samanvayan
समन्वयक	هماهنگ‌کننده	samanvayak
ताल मेल बैठाने वाला	هماهنگ‌کننده	taal mel baithaane vaalaa
पुलिस अधिकारी	پلیس	pulis adhikaarii
पुलिस औफिसर	پلیس	pulis auphisar
पूराअना	کنار آمدن	puuraanaa
सम्हालना	کنار آمدن	samhaalanaa
पुलिस	مس	pulis
लेख	کپی، کپی کردن	lekh
प्रतिलिपि	کپی، کپی کردن	pratilipi
प्रकाशनाधिकृत	حق چاپ	prakaashanaadhikrit
प्रकाशनाधिकार	حق چاپ	prakaashanaadhikaar
मूँगा	مرجان؛ بسد	muungaa / muungaa / vidrumaa
मूंगा/विद्रुमा	مرجان؛ بسد	muungaa / muungaa / vidrumaa
डोरी	طناب؛ سیم	dorii
तन्तु	طناب؛ سیم	tantu
बीजकोष	سلف	biijakosh
अंतर्भाग	سلف	antarbhaag
काग	سربطری؛ چوب پنبه	kaag
कण	ذرت؛ غله	kan
करोनरी	اکیلی	karonarii
कोरोनरी	اکیلی	koronarii
अपमृत्यु विचारक	پزشک قانونی	apamrityu vichaarak
अपमृत्यु का कारण ज्ञात करनेवाला अफ़सर	پزشک قانونی	apamrityu kaa kaaran gyaat karanevaalaa afasar
पुष्प हार	نیم تاج	pushp haar
छोटा मुकुट	نیم تاج	chhotaa mukut
शारीरिक/देह संबंधी	جسمی؛ سرجوخه	shaariirik / deh sanbandhii / senaa kaa chhotaa adhikaarii / ek chhotaa afasar
सेना का छोटा अधिकारी/एक छोटा अफ़सर	جسمی؛ سرجوخه	shaariirik / deh sanbandhii / senaa kaa chhotaa adhikaarii / ek chhotaa afasar
निकाय	شرکت	nikaay
कोर	سپاه	kor
लाश	لاشه؛ مردار	laash
शोधन/सुधार/शुद्धि	اصلاح	shodhan / sudhaar / shuddhi / jaanchanaa
जाँचना	اصلاح	shodhan / sudhaar / shuddhi / jaanchanaa
संशोधनात्मक	اصلاحی	sanshodhanaatmak
संशोधनात्मक टिप्पणी	اصلاحی	sanshodhanaatmak tippanii
सही ढंग से	به درستی	sahii dhang se
सहसंबंधित होना	همبستگی داشتن	sahasanbandhit honaa
परस्पर संबंधित करना	همبستگی داشتن	paraspar sanbandhit karanaa
सहसंबंध	همبستگی	sahasanbandh
पारस्परिक सम्बन्ध	همبستگی	paarasparik sambandh
एकमत होना	مطابقت داشتن	ekamat honaa
लिखा पढी	مکاتبات	likhaa padhii
संवाददाता	خبرنگار	sanvaadadaataa
लिखनेवाला	خبرنگار	likhanevaalaa
समरूपी	متناظر	samaruupii
तत्स्थानी	متناظر	tatsthaanii
प्रकम्पा	راهرو	prakampaa
क्षयकारी	خورنده؛ اکال	kshayakaarii
क्षयकर	خورنده؛ اکال	kshayakar
भ्रष्ट	فاسد	bhrasht / bigarii huii bhaashaa / lekh / detaa aadi
बिगड़ी हुई भाषा/लेख/डेटा आदि	فاسد	bhrasht / bigarii huii bhaashaa / lekh / detaa aadi
भ्रष्टाचार	فساد	bhrashtaachaar
भ्रष्टाचार्	فساد	bhrashtaachaar
अन्दर पहनने का वस्त्र	شکم بند	andar pahanane kaa vastr
कज़ाक	قزاق	kazaak
लागत	هزینه، هزینه داشتن	laagat
मूल्य	هزینه، هزینه داشتن	muuly
असुलभ	پرهزینه	asulabh
आरामदायक	گرم ونرم	aaraamadaayak
आरामदेह	گرم ونرم	aaraamadeh
मड़ई	کلبه	marii
झोपड़ी	کلبه	jhoparii
धागा	پنبه؛ کتانی	dhaagaa
रूई	پنبه؛ کتانی	ruuii
छिपा रहना	مبل	chhipaa rahanaa
चित लेटना	مبل	chit letanaa
आवाज	سرفه؛ سرفه کردن	aavaaj
कफ़	سرفه؛ سرفه کردن	kaf
{प्रश्नवाचक}क्या	می‌توانست (فعل کمکی)	{prashnavaachaka}kyaa
पार्षद्	عضو شورا	paarshad / sabhaasad / {sabhaa kaa} sadasy
सभासद/{सभा का} सदस्य	عضو شورا	paarshad / sabhaasad / {sabhaa kaa} sadasy
पार्षद	عضو انجمن؛ عضو شورا	paarshad
वकीळ	مشاور	vakiiळ
परामर्शदाता	مشاور	paraamarshadaataa
अपराध	شمردن	aparaadh
मुखाकृति	لقا	mukhaakriti
प्रतिक्रिया करना	خنثی کردن؛ خنثی نمودن	pratikriyaa karanaa
प्रत्याक्रमण	حمله متقابل کردن	pratyaakraman
जवाबी हमला	حمله متقابل کردن	javaabii hamalaa
प्रतिरूप	همتا	pratiruup
प्रतिस्थानी	همتا	pratisthaanii
काउंटेस	کنتس؛ همسر کنت	kaauntes / kuliin strii / begam
कुलीन स्त्री/बेगम	کنتس؛ همسر کنت	kaauntes / kuliin strii / begam
बीसों	بی‌شمار	biison
लोग	کشور	log
ग्रामीण	هم میهن	graamiin
देहात	ییلاقات؛ بیرون شهر	dehaat
ग्रामीण क्षेत्र	ییلاقات؛ بیرون شهر	graamiin kshetr
अप्रत्याशित सफलता	کودتا	apratyaashit saphalataa
कूपन	کوپن	kuupan / rasiid / parachaa
रसीद/परचा	کوپن	kuupan / rasiid / parachaa
संदेशवाहक	پیک؛ حملهدار	sandeshavaahak
कृपा	ادب	kripaa
शालीनता	ادب	shaaliinataa
न्यायालय भवन	کاخ دادگستری	nyaayaalay bhavan
प्रशासकीय भवन	کاخ دادگستری	prashaasakiiy bhavan
सुसभ्य	درباری	susabhy
प्रणय निवेदन	نظر بازی	pranay nivedan
विवाहार्थ मिलना जुलना	نظر بازی	vivaahaarth milanaa julanaa
आँगन	صحن	aangan
चचेरा भाई	پسرعمو/عمه/دایی/خاله، دخترعمو/عمه/دایی/خاله	chacheraa bhaaii
चचेरा भाईई	پسرعمو/عمه/دایی/خاله، دخترعمو/عمه/دایی/خاله	chacheraa bhaaii
प्रण	میثاق بستن	pran
बढाना	پوشاندن، پوشش	badhaanaa
छिपा हुआ/गुप्त	پوشپر	chhipaa huaa / gupt / gupt
औरत	گاو	aurat
मादा	گاو	maadaa
कायरता	بیدلی؛ نامردی	kaayarataa
अहीर	گاوچران	ahiir
ग्वाल	گاوچران	gvaal
केकड़ा	خرچنگ	kekaraa
जङ्गली सेव	خرچنگ	janggalii sev
धूर्तता	ساختن؛ مهارت، صنایع دستی	dhuurtataa
शिल्पी	صنعت گر؛ پیشه ور	shilpii / kaariigar / shilpakaar / dastakaar
कारीगर/शिल्पकार/दस्तकार	صنعت گر؛ پیشه ور	shilpii / kaariigar / shilpakaar / dastakaar
शिल्पकारिता	صنعت گری	shilpakaaritaa
कपटी	موذی؛ هفت خط	kapatii
मरोड़	چنگوک؛ چنگه	maror
सारस	کلنگ؛ جرثقیل	saaras
क्रेन	کلنگ؛ جرثقیل	kren
कपाल-संबंधी	جمجمه ای	kapaal-sanbandhii
अराल कील घुमा कर चलाना	محوردار؛ میل لنگ	araal kiil ghumaa kar chalaanaa
घुमावदार रास्ते से हो कर चलना	محوردار؛ میل لنگ	ghumaavadaar raaste se ho kar chalanaa
क्रेट	صندوقه؛ درجعبه گذاردن	kret
लकड़ी का बक्सा	صندوقه؛ درجعبه گذاردن	lakarii kaa baksaa
ज्वालामुखी विवर	دهانه آتش فشان	jvaalaamukhii vivar
ज्वालामुखी पहाड़ का मुँह	دهانه آتش فشان	jvaalaamukhii pahaar kaa munh
रेंगना	خزیدن	renganaa
खुशामद करना	خزیدن	khushaamad karanaa
पागल	دیوانه	paagal
चरचराहट	غژغژ کردن	characharaahat
चरचराना	غژغژ کردن	characharaanaa
चुन्नट	تاه؛ تاه کردن	chunnat
शिकन	تاه؛ تاه کردن	shikan
सृष्टि	ایجاد؛ خلق	srishti
सृजनशील	خلاق	srijanashiil
सृजनात्मक	خلاق	srijanaatmak
रचनात्मकता	خلاقیت	rachanaatmakataa
सर्जनात्मकता	خلاقیت	sarjanaatmakataa
जन्मदाता	خالق	janmadaataa
विश्वसनीयता	اعتبار	vishvasaniiyataa
विश्वस्नीयता	اعتبار	vishvasniiyataa
सत्याभासी	معتبر	satyaabhaasii
साहकार	بستانکار؛ وامخواه	saahakaar
धर्म	کیش	dharm / dharm mat / sviikrit mat
धर्म मत/स्वीकृत मत	کیش	dharm / dharm mat / sviikrit mat
जाना	خزیدن	jaanaa
नवचन्द्र	هلال؛ هلالی	navachandr
अर्धेन्दु	هلال؛ هلالی	ardhendu
ढाल	ستیغ	dhaal
कुल चिह्न	ستیغ	kul chihn
नाँद	گهواره؛ دزدی ادبی	naand
टिड्डा	جیر جیرک	tiddaa
झींगुर	جیر جیرک	jhiingur
पाप	جرم	paap
लोहित	جگری؛ لاکی	lohit
दुबकना/सिकुड़ना	چندک زدن	dubakanaa / sikuranaa / ghabaraa jaanaa
घबरा जाना	چندک زدن	dubakanaa / sikuranaa / ghabaraa jaanaa
अपाहिज करना	عاجز؛ زمین گیر	apaahij karanaa
लंगड़ा मनुष्य	عاجز؛ زمین گیر	langaraa manushy
अशक्त कर देने वाला	فلج کننده	ashakt kar dene vaalaa
संकट	بحران	sankat
संकटकाल	بحران	sankatakaal
कसौटी	معیار	kasautii / maanadand / jaanch / kasautii
मानदण्ड/जाँच/कसौटी	معیار	kasautii / maanadand / jaanch / kasautii
आलोचक	منقد؛ نقدگر	aalochak
आलोचना/समीक्षा	انتقاد؛ نکوهش	samiikshaa / aalochanaa / samiikshaa
समीक्षा करना	انتقاد کردن؛ نکوهش کردن	samiikshaa karanaa
मीन मेख निकालना	انتقاد کردن؛ نکوهش کردن	miin mekh nikaalanaa
प्रत्यालोचना	نقد	pratyaalochanaa
चीनी मिट्टी के बर्तन	بدل چینی؛ ظروف گلی	chiinii mittii ke bartan
पक्का दोस्त/घनिष्ठ मित्र	هم اطاق	yaar / pakkaa dost / ghanishth mitr
वक्र	کج؛ ناراست	vakr
चाबुक	محصول؛ محصود	chaabuk
चौराहा	چهار راه	chauraahaa
दोराहा	چهار راه	doraahaa
दुबकने की मुद्रा	دولا دولا	dubakane kii mudraa
दुबकना	دولا دولا	dubakanaa
पुट्ठा{घोड़े का}	خناق	putthaa{ghore kaa}
बच्चों मे कण्ठ रोग	خناق	bachchon me kanth rog
कौआ	غراب؛ بانگ خروس	kauaa
काक	غراب؛ بانگ خروس	kaak
भीडभाड	شلوغ	bhiidabhaad
भरा हुआ	شلوغ	bharaa huaa
संकटपूर्ण	حیاتی	sankatapuurn
सूली पर चढ़ाना	مصلوب کردن؛ چارمیخ کردن	suulii par charhaanaa
क्रूस पर मौत देना	مصلوب کردن؛ چارمیخ کردن	kruus par maut denaa
समुद्री यात्रा	سفر دریایی	samudrii yaatraa
समुद्री पर्यटन	سفر دریایی	samudrii paryatan
तुड़ा मुड़ा	مچاله	turaa muraa
धर्मयुद्ध	غزا؛ جنگ مذهبی	dharmayuddh
ईसाईयों का धर्मयुद्ध	غزا؛ جنگ مذهبی	iisaaiiyon kaa dharmayuddh
बैसाखी	زیربغل راه رفتن؛ چوب زیر بغل	baisaakhii
चिल्लाहट	گریه کردن	chillaahat
नारा	گریه کردن	naaraa
स्फटिक	بلور	sphatik
बिल्लौर	بلور	billaur
क्रिस्टलीकृत	متبلور	kristaliikrit
रवेदार हुआ	متبلور	ravedaar huaa
क्यूबा	کوبا	kyuubaa
क्यूबाई	کوبایی	kyuubaaii
घनाकार	مکعبی	ghanaakaar
त्रिविमीय	مکعبی	trivimiiy
ककड़ी	خیار؛ بالنک	kakarii
ककड़ी की बेल	خیار؛ بالنک	kakarii kii bel
समाप्त होना	منتهی	samaapt honaa
पराकाष्ठा पर पहुँचना	منتهی	paraakaashthaa par pahunchanaa
सनक	فرقه	sanak
खेती	زرع؛ تهذیب	khetii
सांस्कृतिक	فرهنگی	saanskritik
सुसंस्कृत	بافرهنگ	susanskrit
फानाकार	خط میخی	phaanaakaar
भाग्य	فنجان	bhaagy
गुणकारी	علاج بخش؛ شفا بخش	gunakaarii
आरोग्यकर पदार्थ	علاج بخش؛ شفا بخش	aarogyakar padaarth
नियंत्रण रखना	جدول؛ طوقه	niyantran rakhanaa
नियन्त्रित करना	جدول؛ طوقه	niyantrit karanaa
जिज्ञासा	کنجکاوی	jigyaasaa
मोड़ना	فر؛ مرغول	moranaa
घुँघराला	فرفری	ghungharaalaa
घूंघर बाल	فرفری	ghuunghar baal
व्यापकता	ارز	vyaapakataa
अग	جاری؛ رایج	ag
वर्तमानकालिक	جاری؛ رایج	vartamaanakaalik
आजकल	فعلا؛ اکنون	aajakal
इस समय	فعلا؛ اکنون	is samay
पाठ्यक्रम	برنامه درسی	paathyakram
विनाश	نفرین؛ لعنت	vinaash
कम करना	کوتاه کردن؛ مختصر نمودن	kam karanaa
वक्रता	خمیدگی	vakrataa
टेढ़ापन	خمیدگی	terhaapan
श्रेणी	خم؛ منحنی	shrenii
घुमाव	خم؛ منحنی	ghumaav
अधिकता	چنبره؛ مخده	adhikataa
गद्दी	چنبره؛ مخده	gaddii
अंतराल	نوک هلال؛ غره برج	antaraal
नोक	نوک هلال؛ غره برج	nok
संरक्षक	متولی؛ سرایدار	sanrakshak
अभिरक्षक	متولی؛ سرایدار	abhirakshak
रक्षा	حضانت	rakshaa
आदत	رسم؛ عادت	aadat
विशिष्ट	مرسوم؛ عادتی	vishisht
साइनाइड	سیانور	saainaaid
विषैली रासायनिक पदार्थ	سیانور	vishailii raasaayanik padaarth
दौर	دوچرخه سواری، چرخه	daur
बेलन	سیلندر؛ استوانه	belan
सिलेंडर	سیلندر؛ استوانه	silendar
बेलनाकार	لولهای؛ استوانهای	belanaakaar
स्वार्थी	بدبین	svaarthii
दोषदर्षी	بدبین	doshadarshii
पुटक	پیشاب دانی	putak
रसौली	پیشاب دانی	rasaulii
ज़ार	تزار	zaar
चेक	زبان چکوسلواکی	chek
चेक भाषा	زبان چکوسلواکی	chek bhaashaa
पिता	بابا	pitaa
पापा	بابا	paapaa
पिता/बाप	پاپا؛ بابا	pitaa / pitaa / baap
भाला	خنجر؛ دشنه	bhaalaa
खंजर	خنجر؛ دشنه	khanjar
नौकरानी	روزانه	naukaraanii
मृदु	لذیذ	mridu
ललित	لذیذ	lalit
डेयरी	لبنیات	deyarii
दुग्धशाला	لبنیات	dugdhashaalaa
बाँध	سد	baandh
हानि	زیان؛ غرامت	haani
क्षति	زیان؛ غرامت	kshati
अहितकर	آسیب‌زننده	ahitakar
बूटीदार कपड़ा	گلدار کردن	buutiidaar kaparaa
रद्दी	اف؛ نفرین کردن	raddii
शापित	ملعون؛ لعین	shaapit
नम करना	نمناک؛ نمدار	nam karanaa
नमी	رطوبت؛ نمناکی	namii
नृत्य	رقص، رقصیدن	nrity
नाच	رقص، رقصیدن	naach
नर्तक	رقصنده	nartak
नर्तकी	رقصنده	nartakii
बाँका/छैला	خوش تیپ؛ شیک پوش	baankaa / chhailaa / bahut aakarshak
बहुत आकर्षक	خوش تیپ؛ شیک پوش	baankaa / chhailaa / bahut aakarshak
खतरा	خطر	khataraa
झूलना	آویز شده	jhuulanaa
झुलाना	آویز شده	jhulaanaa
डेनिश पेस्ट्री	دانمارکی	denish pestrii
डेन्मार्क क्	دانمارکی	denmaark k
ललकारना	جرئت کردن	lalakaaranaa
अनैतिकता	تاریکی	anaitikataa
अँधेरा	تاریکی	andheraa
चहेता	عزیز؛ دلبند	chahetaa
झपट्टा	مزراق	jhapattaa
डैशबोर्ड	داشبورد	daishabord
डेटा	داده‌ها	detaa
डाटा	داده‌ها	daataa
डेटाबेस	پایگاه داده	detaabes
डाटाबेस	پایگاه داده	daataabes
युग	تاریخ، قرار ملاقات	yug
कन्या	دختر	kanyaa
बहू	دختر	bahuu
डेविस	دیویس	devis
सुबह	طلوع	subah
पौ	طلوع	pau
दिन	روز	din
भोर	سپیده دم؛ تیغ سحر	bhor
ऊषा	سپیده دم؛ تیغ سحر	uushaa
दिन के समय	روز؛ نهارخوری	din ke samay
चकित होना	خیره؛ مسحور	chakit honaa
चौंधिया जाना	خیره؛ مسحور	chaundhiyaa jaanaa
उपयाजक	شماس	upayaajak
एक छोटा पादरी	شماس	ek chhotaa paadarii
निर्जीव	مرده	nirjiiv
सीमारेखा	مهلت	siimaarekhaa
अंतिम तिथि	مهلت	antim tithi
बधिर/बहरा	ناشنوا؛ اصم	badhir / baharaa / udaasiin
बहरापन	ناشنوایی	baharaapan / baharaapan / badhirataa
बहरापन/बधिरता	ناشنوایی	baharaapan / baharaapan / badhirataa
निपटना	معامله، سر و کار داشتن	nipatanaa
पत्ता बांटने वाला	فروشنده	pattaa baantane vaalaa
अधिष्ठाता	شیخ السفرا	adhishthaataa
संकायाध्यक्ष	شیخ السفرا	sankaayaadhyaksh
अंत	مرگ	ant
मृत्यु	مرگ	mrityu
मृत्युशय्या	بستر مرگ	mrityushayyaa
मृत्युवत्	مرگ وار	mrityuvat
मौत सा	مرگ وار	maut saa
वादविवाद	بحث؛ جدال	vaadavivaad
व्यभिचार	فسق؛ الواطی	vyabhichaar
विलासिता	فسق؛ الواطی	vilaasitaa
मलबा	آوار	malabaa
कचरा	آوار	kacharaa
ऋण	دین؛ بدهکاری	rin
देनदार	مدیون؛ بدهکار	denadaar
ऋणी	مدیون؛ بدهکار	rinii
प्रारंभ	اولین حضور	praaranbh
दशक	دهه	dashak
अवनति	تنزل؛ آغاز ویرانی	avanati
अवक्षय	تنزل؛ آغاز ویرانی	avakshay
नाश	فساد؛ فاسدکردن	naash
मृतक	مرده؛ مرحوم	mritak
कपट	فریب؛ گول	kapat
छली/कपटी	جلب؛ عیار	kapatii / chhalii / kapatii
विश्वासघात करना	فریفتن؛ رنگ کردن	vishvaasaghaat karanaa
दिसम्बर	دسامبر	disambar
शराफत	نجابت	sharaaphat
शालीनतापूर्वक	نجیبانه	shaaliinataapuurvak
शालीनता से	نجیبانه	shaaliinataa se
छल	فریب؛ نیرنگ	chhal
कपटपूर्ण	فریبنده؛ فریبا	kapatapuurn
भ्रामक	فریبنده؛ فریبا	bhraamak
सुलझाना	تصمیم گرفتن	sulajhaanaa
निपटाना	تصمیم گرفتن	nipataanaa
निर्णय	تصمیم	nirnay
निर्णय निर्धारण	تصمیم‌گیری	nirnay nirdhaaran
दृढ़	قاطع	drirh
डेक	عرشه	dek
ह्रास	کاهش؛ تنزل	hraas
सड़ाव	تجزیه	saraav
अपघटन	تجزیه	apaghatan
अलंकृत करना	آراستن؛ پیراستن	alankrit karanaa
सम्मान	آرایش؛ تراز	sammaan
सजावट	آرایش؛ تراز	sajaavat
सजावटी	زینتی؛ آذینی	sajaavatii
मर्यादित	زینت دار	maryaadit
मर्यादा	رفتار بجا	maryaadaa
घटती	نقص؛ تنزل	ghatatii
आज्ञप्ति	وضع کردن؛ تصویب نامه	aagyapti
समर्पित करना	وفق کردن؛ اهداء کردن	samarpit karanaa
समर्पित	فداکار	samarpit
एक ही कार्य करने में सक्षम	فداکار	ek hii kaary karane men saksham
अर्पण	فداکاری	arpan
अनुमान लगाना	استدلال کردن	anumaan lagaanaa
परिणाम निकालना	استدلال کردن	parinaam nikaalanaa
काटने योग्य	مالیات پذیر	kaatane yogy
काटे जाने योग्य	مالیات پذیر	kaate jaane yogy
कटौती	کاهش؛ استنتاج	katautii
निगमनिक	استدلالی	nigamanik
निगनात्मक	استدلالی	niganaatmak
कार्य	عمل	kaary
गहरा	عمیق	gaharaa
गम्भीर	عمیق	gambhiir
गहराना	گود کردن؛ تعمیق کردن	gaharaanaa
गहरा होना	گود کردن؛ تعمیق کردن	gaharaa honaa
गहरापन	عمیقا	gaharaapan
मृगनयनी	آهو؛ گوزن	mriganayanii
मानहानिअना	بدنام کردن؛ هتاکی کردن	maanahaanianaa
मानहानि करना	بدنام کردن؛ هتاکی کردن	maanahaani karanaa
डीफ़ल्ट	پیش‌فرض	diifalt
पराजय	شکست؛ هزیمت	paraajay
दोष	نقص	dosh
दलबदल	ارتداد	dalabadal
त्रुटिपूर्ण	ناقص؛ معیوب	trutipuurn
सुरक्षा	مدافعه	surakshaa
चलाना	دفاع کردن؛ مدافعه کردن	chalaanaa
बचाना	دفاع کردن؛ مدافعه کردن	bachaanaa
प्रतिवादी	دادخوانده؛ مدعی علیه	prativaadii
रक्षक	مدافع	rakshak
बचाने वाला	تدافعی	bachaane vaalaa
स्थगित	دیر فرست	sthagit
अपूर्ण	ناقص؛ ناکارآ	apuurn
घाटा	کسری	ghaataa
निःसंदेह	قطعاً	nihsandeh
अवश्यमेव	قطعاً	avashyamev
व्याख्या	تعریف	vyaakhyaa
विक्षेपण	عوج	vikshepan
विकृत	ناقصالخلقه؛ بدهیکل	vikrit
विकृति	دشدیسگی؛ دشدیدگی	vikriti
अंग विकृति	دشدیسگی؛ دشدیدگی	ang vikriti
बिगड़ना	ناخلف	bigaranaa
क्षय होना	فساد؛ انحطاط	kshay honaa
अपकर्षक	فاسد کننده	apakarshak
पतनकारक?	فاسد کننده	patanakaarak?
बदनामी	تنزل	badanaamii
दुर्दशा	تنزل	durdashaa
खराब करना	منحط	kharaab karanaa
नष्ट होना	منحط	nasht honaa
समय	درجه	samay
निर्जल करना	وابشت کردن؛ بیآب کردن	nirjal karanaa
निर्जलित होना	وابشت کردن؛ بیآب کردن	nirjalit honaa
म्लान	افسرده؛ پژمرده	mlaan
देरी	تاخیر؛ درنگ	derii
विलंब	تاخیر؛ درنگ	vilanb
प्रतिनिधि	نماینده	pratinidhi
सौंपना	نماینده	saunpanaa
प्रतिनिधि मंडल	هیئت	pratinidhi mandal
कर्तव्यो की व्याख्या	هیئت	kartavyo kii vyaakhyaa
दिल्ली	دهلی	dillii
ध्यानपूर्वक	عمدی؛ تعمدی	dhyaanapuurvak
जानबूझकर	تعمدا	jaanabuujhakar
कौशल	لطایف؛ ظریفی	kaushal
बारीकी	لطایف؛ ظریفی	baariikii
फीका	ظریف	phiikaa
कुशलतापूर्वक	ظریفانه	kushalataapuurvak
रोचक	خوشمزه	rochak
दिलचस्प	دلپذیر؛ طیب	dilachasp
सुहाना	دلپذیر؛ طیب	suhaanaa
बेहोश	هذیانی؛ سرسامی	behosh
उन्मत्त	هذیانی؛ سرسامی	unmatt
उन्माद	هذیان؛ سرسام	unmaad
उन्मत्तता	هذیان؛ سرسام	unmattataa
मुक्ति	رهیی	mukti
मुक्तिदाता	رساننده؛ رهان	muktidaataa
उद्धारकर्ता	رساننده؛ رهان	uddhaarakartaa
बाढ़	طوفان ایجاد کردن	baarh
भरमार	طوفان ایجاد کردن	bharamaar
भ्रांति	فریفتگی؛ کوراب	bhraanti
चाह	طلب؛ تقاضا	chaah
आवश्यकता	طلب؛ تقاضا	aavashyakataa
नीचा दिखाना	رفتار کردن	niichaa dikhaanaa
संचालन	دموکراسی	sanchaalan
लोकतंत्रवादी	دمکرات؛ دمکراتی	lokatantravaadii
प्रजातंत्रवादी	دمکرات؛ دمکراتی	prajaatantravaadii
प्रजातान्त्रिक	دموکراتیک	prajaataantrik
लोकतान्त्रिक	دموکراتیک	lokataantrik
ढहाना	ویران	dhahaanaa
भूत	دیو	bhuut
राक्षस	دیو	raakshas
सिद्ध्य	اثباتی	siddhy
प्रमाण्य	اثباتی	pramaany
दर्शाना	راهپیمایی کردن؛ تظاهرات کردن	darshaanaa
प्रदर्शन	تظاهرات، نمایش	pradarshan
प्रतिपादन	تظاهرات، نمایش	pratipaadan
प्रदर्शक	حالیکننده؛ نشان دهنده	pradarshak
प्रदर्शनकारी	حالیکننده؛ نشان دهنده	pradarshanakaarii
अड्डा	لانه؛ آشیانه	addaa
माँद	لانه؛ آشیانه	maand
नाम	تسمیه؛ طبقه بندی	naam
संप्रदाय	تسمیه؛ طبقه بندی	sanpradaay
बतलाना	علامت بودن؛ علامت گذاردن	batalaanaa
समाप्ति/निन्दा	نتیجه عمل؛ پایان نمایش	samaapti / samaapti / nindaa
समाप्त करना	محکوم کردن	samaapt karanaa
भर्त्सना करना	محکوم کردن	bhartsanaa karanaa
सघनता	تراکم	saghanataa
घनत्व	تراکم	ghanatv
दंत्य	دندانی	danty
दन्त्य	دندانی	danty
दंतकार	دندانپزشک	dantakaar
दन्त चिकित्सक	دندانپزشک	dant chikitsak
दंतुरण	دندان بندی؛ ساختمان دندانها	danturan
निरावृत	محروم	niraavrit
नकारना	نفی کردن؛ تکذیب کردن	nakaaranaa
मना	نفی کردن؛ تکذیب کردن	manaa
दुर्गंधनाशक	بوزدا	durgandhanaashak
डिओडोरेंट	بوزدا	diodorent
छूटना	حرکت کردن	chhuutanaa
से हटना	حرکت کردن	se hatanaa
प्रस्थान	عزیمت؛ هجرت	prasthaan
रवानगी	عزیمت؛ هجرت	ravaanagii
निर्भर होना	بستگی داشتن	nirbhar honaa
आश्रित होना	بستگی داشتن	aashrit honaa
अधीनता	توابع	adhiinataa
निर्भरता	توابع	nirbharataa
निर्भर	وابسته	nirbhar
आश्रित	وابسته	aashrit
चित्रित करना	به تصویر کشیدن	chitrit karanaa
दयनीय	زار	dayaniiy
निंदनीय	زار	nindaniiy
तैनात करना	مستقر کردن	tainaat karanaa
तैनाती	استقرار	tainaatii
परिनियोजन	استقرار	pariniyojan
पदच्युत करना	خلع کردن؛ عزل کردن	padachyut karanaa
अपदस्थ करना	خلع کردن؛ عزل کردن	apadasth karanaa
भंडार	رسوب، واریز کردن؛ ودیعه	bhandaar
तलछट	رسوب، واریز کردن؛ ودیعه	talachhat
बयान	خلع؛ عزل	bayaan
निक्षेप	خلع؛ عزل	nikshep
अवमानित करना	قبیح دانستن	avamaanit karanaa
की निन्दा करना	قبیح دانستن	kii nindaa karanaa
अवमूल्यन	ناچیز شماری	avamuulyan
अवचय	ناچیز شماری	avachay
घटाना	افسردن؛ دلسرد شدن	ghataanaa
अवसाद ग्रस्त	افسرده؛ غر	avasaad grast
उदासी	افسردگی، رکود	udaasii
गरीबी	محرومیت؛ انعزال	gariibii
वंचन	محرومیت؛ انعزال	vanchan
वंचित करना	محروم کردن	vanchit karanaa
गहराई	عمق؛ ژرف	gaharaaii
मध्य	عمق؛ ژرف	madhy
स्थानापन्न प्रतिनिधि	معاون	sthaanaapann pratinidhi
उपहास करना	بکسی خندیدن	upahaas karanaa
उपहास	سخریه؛ سخره	upahaas
ठट्ठा	سخریه؛ سخره	thatthaa
व्युत्पादित	فرعی؛ مشتق	vyutpaadit
अमौलिक	فرعی؛ مشتق	amaulik
उत्पन्न होना	مشتق شدن	utpann honaa
त्वचीय	پوستی؛ جلدی	tvachiiy
उतारना	پایین آمدن	utaaranaa
उतरना	پایین آمدن	utaranaa
वंशज	اعقاب	vanshaj
सन्तान	اعقاب	santaan
खींचना	توصیف کردن	khiinchanaa
वर्णनात्मक	وصفی؛ تعریفی	varnanaatmak
अपवित्रीकरण	هتک حرمت	apavitriikaran
भ्रष्ट करना	هتک حرمت	bhrasht karanaa
निर्जन	بیابان	nirjan
मरुस्थल	بیابان	marusthal
योग्य होना	سزیدن؛ لایق کردن	yogy honaa
लायक होना	سزیدن؛ لایق کردن	laayak honaa
लायक	مستحق؛ سزاوار	laayak
निर्दिष्ट करना	تعیین کردن	nirdisht karanaa
रूपकार	طراح	ruupakaar
डिजाइनर	طراح	dijaainar
यौनाकर्षण	مطلوبیت؛ دلخواهی	yaunaakarshan
वांछित	مطلوب	vaanchhit
अभिलाषी	آرزومندانه؛ راقب بودن	abhilaashii
मेज़	میز تحریر	mez
डेस्कटप	رومیزی (کامپیوتر)	deskatap
डेस्क्टप	رومیزی (کامپیوتر)	desktap
उजाड़	بی جمعیت	ujaar
तनहाई	خراب	tanahaaii
सूनापन	خراب	suunaapan
निराशा	ناامید؛ یاس	niraashaa
हतासा	ناامید؛ یاس	hataasaa
खतरनाक	نومید؛ ناامید	khataranaak
अत्यावश्यकतापूर्वक	از روی نومیدی	atyaavashyakataapuurvak
आशाहीन हो कर दुःसाहसपूर्वक	از روی نومیدی	aashaahiin ho kar duhsaahasapuurvak
घिनौना	شنیع؛ نکوهش پذیر	ghinaunaa
उपेक्षा करना	تحقیر کردن؛ حقیر شمردن	upekshaa karanaa
घृणा करना	تحقیر کردن؛ حقیر شمردن	ghrinaa karanaa
होने पर भी	علارغم؛ باوجوداین	hone par bhii
बैर	علارغم؛ باوجوداین	bair
तानाशाह	جابر؛ سلطان مستبد	taanaashaah / shaktishaalii / kruur raajaa
शक्तिशाली/क्रूर राजा	جابر؛ سلطان مستبد	taanaashaah / shaktishaalii / kruur raajaa
भोजनोपरान्त	دسر؛ دندان مز	bhojanoparaant
डेज़र्ट	دسر؛ دندان مز	dezart
गंतव्य	مقصد	gantavy
निर्धारित	مقدر	nirdhaarit
नियतवाला	مقدر	niyatavaalaa
बदहाली	لات	badahaalii
निःस्व	لات	nihsv
हराना	نابود کردن	haraanaa
हानिकारक	مخرب	haanikaarak
हानिकर	مخرب	haanikar
अलग होना	منفصل کردن	alag honaa
फँस जाना	بازداشت کردن	phans jaanaa
खोज	کشف	khoj
जासूस	کارآگاه	jaasuus
गुप्तचर	کارآگاه	guptachar
संसूचक	ردیاب؛ آشکارگر	sansuuchak
कैद	بازداشت	kaid
डरा कर रोकना	تحذیر کردن	daraa kar rokanaa
दृढ़ता	عزم راسخ	drirhataa
गद्दी से उतारना	از مقام انداختن	gaddii se utaaranaa
गद्दीपर से उतारना	از مقام انداختن	gaddiipar se utaaranaa
विस्फोट करना	ترکانیدن	visphot karanaa
विस्फोटित होना	ترکانیدن	visphotit honaa
चक्करदार मार्ग	انحراف؛ خط فرعی	chakkaradaar maarg
{टेनिस के खेल में}बराबरी के अंक	دولو؛ دوخال	{tenis ke khel men}baraabarii ke ank
उजाड़ना	ویران کردن	ujaaranaa
सर्वनाश करना	ویران کردن	sarvanaash karanaa
विकसित करना	توسعه دادن	vikasit karanaa
उन्नतिशील	عمرانی	unnatishiil
विकासात्मक	عمرانی	vikaasaatmak
बचना	عدول کردن؛ منحرف شدن	bachanaa
मार्ग से हटना	عدول کردن؛ منحرف شدن	maarg se hatanaa
उल्लंघन	عدول؛ ضلال	ullanghan
विचलन	عدول؛ ضلال	vichalan
यंत्र	دستگاه	yantr
शरारती	شیطان	sharaaratii
पैशाचिक	شیطانی؛ اهریمنی	paishaachik
योजना बनाना	ابداع کردن	yojanaa banaanaa
रहित	عاری	rahit
हस्तांतरित करना	تفویض کردن؛ محول کردن	hastaantarit karanaa
समर्पित होना	وقف کردن	samarpit honaa
शौकीन	مجاهد؛ فداکار	shaukiin
निष्ठा	وقف؛ چاکری	nishthaa
धार्मिक	فداکارانه؛ عبادتی	dhaarmik
धर्मपरायण	پارسا؛ عابد	dharmaparaayan
भक्तिमय	پارسا؛ عابد	bhaktimay
ओस	شبنم؛ ژاله	os
शबनम	شبنم؛ ژاله	shabanam
ओस वाला	شبنمدار؛ ترکرده	os vaalaa
ओस से भीगा	شبنمدار؛ ترکرده	os se bhiigaa
डे	دی	de
मधुमेह	مرضقند	madhumeh
मधुमेह रोग	مرضقند	madhumeh rog
मधुमेह संबंधी	دولابی؛ دیابتی	madhumeh sanbandhii
मधुमेह रोगी	دولابی؛ دیابتی	madhumeh rogii
अप्रिय	شیطانی	apriy
मुकुट	دیهیم؛ نیم تاج	mukut
किरीट	دیهیم؛ نیم تاج	kiriit
निदान करना	تشخیص دادن	nidaan karanaa
लक्षण देखकर{रोग}निर्णय करना	تشخیص دادن	lakshan dekhakara{roga}nirnay karanaa
निदान	تشخیص	nidaan
नैदानिक	تشخیصی	naidaanik
डाइग्नस्टिक् प्रोग्राम	تشخیصی	daaignastik prograam
विकर्ण	مورب	vikarn
तिरक्षा	مورب	tirakshaa
डायल	شماره گرفتن	daayal
अंकपट्ट	شماره گرفتن	ankapatt
उपभाषा	گویش؛ گویشی	upabhaashaa
गुणा	ضخامت	gunaa
व्यास	ضخامت	vyaas
झिल्ली	دیافراگم؛ پرده دل	jhillii
मध्यपट	دیافراگم؛ پرده دل	madhyapat
डायरी	دفتر خاطرات	daayarii
पाकेट बुक	دفتر خاطرات	paaket buk
पाँसा	مهره؛ طاس	paansaa
चौकोर टुकड़ों में काटना	مهره؛ طاس	chaukor tukaron men kaatanaa
द्विभाजन	دوگانگی؛ دورستگی	dvibhaajan
किसी दो भिन्न पदार्थ या समूह के विभाग	دوگانگی؛ دورستگی	kisii do bhinn padaarth yaa samuuh ke vibhaag
लिखवाना	دیکته کردن	likhavaanaa
आज्ञा देना	دیکته کردن	aagyaa denaa
श्रुतलेख	تلقین؛ املاء	shrutalekh
श्रुतलेखन गति	تلقین؛ املاء	shrutalekhan gati
शब्दकोष	فرهنگ لغت	shabdakosh
मरना	مردن	maranaa
आहार	رژیم غذایی	aahaar
भिन्न होना	تفاوت داشتن	bhinn honaa
एकमत न होना	تفاوت داشتن	ekamat n honaa
भिन्नता	تفاوت	bhinnataa
अवकल	تفاضلی؛ افتراقی	avakal
अंतरात्मक	تفاضلی؛ افتراقی	antaraatmak
अलग करना	تمایز قائل شدن	alag karanaa
अंतर करना	تمایز قائل شدن	antar karanaa
विभेदन	فرق گذاری؛ مشتغ گیری	vibhedan
विशिष्टीकरण	فرق گذاری؛ مشتغ گیری	vishishtiikaran
अलग प्रकार से	به طور متفاوت	alag prakaar se
समस्या	دشواری؛ مشکل	samasyaa
असंहत	پاشیده	asanhat
बिखरा हुआ	پاشیده	bikharaa huaa
फैलाव	پخش؛ پاشیدگی	phailaav
पचाना	گواریدن؛ تحلیل کردن	pachaanaa
पचाव	تحلیل؛ هضم	pachaav
पाचन	تحلیل؛ هضم	paachan
पाचक	هاضمه؛ گوارشی	paachak
आँकड़ा	شماره	aankaraa
अंकीय	دیجیتال	ankiiy
डिजिटल	دیجیتال	dijital
सम्मानित	موقر؛ معزز	sammaanit
गौरवशाली	موقر؛ معزز	gauravashaalii
उच्च पदाधिकारी	عالی مقام	uchch padaadhikaarii
उच्च पदवी वाला	عالی مقام	uchch padavii vaalaa
विलंबकारी	اتساعی؛ تاخیری	vilanbakaarii
समय व्यर्थ गँवाने वाला	اتساعی؛ تاخیری	samay vyarth ganvaane vaalaa
दुविधा	معضل	duvidhaa
असमंजस	معضل	asamanjas
कर्मठता	پشت کار؛ جد و جهد	karmathataa
गलना	رقیق کردن؛ آبکی کردن	galanaa
कमज़ोर करना	رقیق کردن؛ آبکی کردن	kamazor karanaa
धुंधला	تیره؛ تاریک	dhundhalaa
पहलू	بعد	pahaluu
अल्पक	مصغر	alpak
गढ्ढा	زنخ؛ چاه زنخدان	gadhdhaa
भोजन करना	شام خوردن	bhojan karanaa
दावत	شام	daavat
डाइऑक्साइडअ	دی اکسید	daaioksaaida
डिफ़्थीरिआ	دیفتری	difthiiriaa
डिप्थीरिया	دیفتری	dipthiiriyaa
डिप्लोमा	مدرک؛ گواهینامه	diplomaa
कूटनीति	سیاستمداری؛ دیپلماسی	kuutaniiti
राजनीति	سیاستمداری؛ دیپلماسی	raajaniiti
कूटनीतिज्ञ	دیپلمات	kuutaniitigy
राजनयिक	دیپلماتیک	raajanayik
भीषण	شوم	bhiishan
सीधा	مستقیم	siidhaa
दिशासूचक	بخشنامه	dishaasuuchak
निदेशपत्र	بخشنامه	nideshapatr
तुरन्त	مستقیماً	turant
सीधे	مستقیماً	siidhe
सुस्पष्टवादिता	بی واسطگی	suspashtavaaditaa
डाइरेक्टरी	فهرست	daairektarii
डायरेक्टरी	فهرست	daayarektarii
गन्दा	کثیف	gandaa
अस्वच्छ	کثیف	asvachchh
विकलांगता	ناتوانی	vikalaangataa
असामर्थ्यता	ناتوانی	asaamarthyataa
विकलांग	ناتوان	vikalaang
नुकसान	وضع نامساعد	nukasaan
नुक्सान	وضع نامساعد	nuksaan
अहितकारी	بی صرفه	ahitakaarii
असहमत होना	مخالفت کردن	asahamat honaa
झगड़ालू	جوکی؛ ناپسندیده	jhagaraaluu
मतभेद	اختلاف نظر	matabhed
असहमति	اختلاف نظر	asahamati
गायब होना	ناپدید شدن	gaayab honaa
खो जाना	ناپدید شدن	kho jaanaa
ओझल	زائل؛ ناپدیدی	ojhal
निराश करना	ناامید کردن	niraash karanaa
निष्फल करना	ناامید کردن	nishphal karanaa
क्षोभ	ناامیدی	kshobh
असम्मति	تقبیح	asammati
नापसंदगी	تقبیح	naapasandagii
अस्वीकार करना	نپسندیدن؛ تقبیح کردن	asviikaar karanaa
नापसंद करना	نپسندیدن؛ تقبیح کردن	naapasand karanaa
अविश्वास करना	دروغ پنداشتن؛ اعتقاد نکردن	avishvaas karanaa
विश्वास न करना	دروغ پنداشتن؛ اعتقاد نکردن	vishvaas n karanaa
फेंक देना	دور انداختن	phenk denaa
जानना	تمیز دادن	jaananaa / dekhanaa / pataa lagaanaa
देखना/पता लगाना	تمیز دادن	jaananaa / dekhanaa / pataa lagaanaa
प्रवाह	تخلیه کردن	pravaah
बरखास्तगी	تخلیه کردن	barakhaastagii
शिष्य	سالک؛ حواری	shishy
अनुयाय	سالک؛ حواری	anuyaay
अनुशासक	نظم دهنده	anushaasak
नियम पालन करनेवाला	نظم دهنده	niyam paalan karanevaalaa
अनुशासन संबंधी	انتظامی؛ انضباطی	anushaasan sanbandhii
अनुशासन सम्बन्धी	انتظامی؛ انضباطی	anushaasan sambandhii
अभ्यास	انضباط؛ انتظام	abhyaas
खोलना	فاش کردن	kholanaa
प्रकटीकरण	افشاگری	prakatiikaran
विवर्णन	بی رنگی	vivarnan
अशांति	رنج؛ ناراحتی	ashaanti
असंतोष	نارضایتی؛ سخط	asantosh
छुड़ाना	بس کردن	chhuraanaa
बेसुरा	ناموزون؛ ناساز	besuraa
सस्ता दाम	تخفیف؛ تنزیل	sastaa daam
हतोत्साह	دلسردی؛ دلمردگی	hatotsaah
वार्तालाप	گفتمان	vaartaalaap
खोजना	کشف کردن	khojanaa
रहस्य	کشف	rahasy
बदनाम करना	بی اعتبار کردن	badanaam karanaa
नहीं मानना	بی اعتبار کردن	nahiin maananaa
भेद करना	تبعیض کردن؛ تبعیض قائلشدن	bhed karanaa
अंतर	تبعیض	antar
चर्चा	بحث	charchaa
अवहेलना	ننگ؛ عار	avahelanaa
नफरत	ننگ؛ عار	napharat
अवज्ञापूर्ण	ننگین	avagyaapuurn
अवहेलनापूर्ण	ننگین	avahelanaapuurn
बीमारी	بیماری	biimaarii
रोग	بیماری	rog
कलंक	خفت؛ ننگ	kalank
शर्मनाक	ننگین؛ شرمآور	sharmanaak
लज्जाजनक	ننگین؛ شرمآور	lajjaajanak
भेष बदलना	تلبیس؛ لباس مبدل	bhesh badalanaa
असामंजस्यता	ناسازی؛ ناموزونی	asaamanjasyataa
ठग	متقلب؛ نادرست	thag
बेईमानी	رجز؛ نادرستی	beiimaanii
बेइज्जती	ننگین کردن	beijjatii
अनैतिक	بی شرف	anaitik
मोह भंग	سرخورده کردن	moh bhang
भ्रम दूर करना	سرخورده کردن	bhram duur karanaa
अनिच्छा	عدمتمایل	anichchhaa
अनिच्छुक	بی تمایل	anichchhuk
डिसइन्फ़ेक्ट करना	گندزدائی کردن؛ ضد عفونی کردن	disainfekt karanaa
रोगाणुओं से मुक्त करना	گندزدائی کردن؛ ضد عفونی کردن	rogaanuon se mukt karanaa
विसंक्रामक	گندزدا؛ ماده گندزدا	visankraamak
रोगाणुओं से मुक्त करनेवाला द्रव्य	گندزدا؛ ماده گندزدا	rogaanuon se mukt karanevaalaa dravy
विसंक्रमण	گندزدائی؛ ضد عفونی	visankraman
अलग अलग करना	متلاشی کردن؛ متلاشی شدن	alag alag karanaa
विघटित हो जाना	متلاشی کردن؛ متلاشی شدن	vighatit ho jaanaa
निःसंग	بیغرضانه؛ بیطمع	nihsang
अस्तव्यस्त	جابجا کردن؛ در رفتن	astavyast
बाधा ड़ालना	جابجا کردن؛ در رفتن	baadhaa raalanaa
हटाव	جابجائی؛ دررفتگی	hataav
विश्वासघाती	خیانتکار؛ بی وفا	vishvaasaghaatii
राजद्रोही	خیانتکار؛ بی وفا	raajadrohii
विश्वासघात	بیوفایی؛ بی وفائی	vishvaasaghaat
त्रस्त	بیجرات کردن؛ وحشت زدگی	trast
भूल्ना	بیرونکردن؛ جواب کردن	bhuulnaa
छोड़ देना	بیرونکردن؛ جواب کردن	chhor denaa
बरख़ास्तगी	برکناری	barakhaastagii
अवज्ञा	نافرمانی؛ تمرد	avagyaa
आज्ञा न मानना	نافرمانی کردن؛ سرپیچی کردن	aagyaa n maananaa
आज्ङा का उल्लंघन करना	نافرمانی کردن؛ سرپیچی کردن	aajngaa kaa ullanghan karanaa
अस्त व्यस्त	مغشوش؛ بی سبک	ast vyast
उत्पाती	اختلالی؛ بی ترتیب	utpaatii
अव्यवस्थित	شلخته؛ نامرتب	avyavasthit
भेद	عدم توافق؛ بی شباهتی	bhed
अन्तर	عدم توافق؛ بی شباهتی	antar
प्रेषण	اعزام؛ روانهسازی	preshan
छितराना	پراکندن؛ متفرق کردن	chhitaraanaa
छितरा देना	پراکندن؛ متفرق کردن	chhitaraa denaa
छितराव	تفرقه؛ تفرق	chhitaraav
विस्थापन	جانشین سازی؛ جابجا شدگی	visthaapan
जलापसारण	جانشین سازی؛ جابجا شدگی	jalaapasaaran
अप्रसन्न करना	ناخشنود کردن	aprasann karanaa
अप्रसन्न कर देना	ناخشنود کردن	aprasann kar denaa
अप्रसन्नता	رنجش؛ رنجیدگی	aprasannataa / asahmat honaa / aprasann honaa
असह्मत होना, अप्रसन्न होना	رنجش؛ رنجیدگی	aprasannataa / asahmat honaa / aprasann honaa
निष्कासन	دفع	nishkaasan
छुटकारा	دفع	chhutakaaraa
ठिकाने लगाना	دور انداختن	thikaane lagaanaa
अयोग्य ठहराना	شایسته ندانستن	ayogy thaharaanaa
अनर्हकरण	شایسته ندانستن	anarhakaran
अशांत होना	مضطرب ساختن	ashaant honaa
अनादर	عدمرعایت؛ بی توجهی	anaadar
अशोभनीय	بد نام	ashobhaniiy
बदनाम	بد نام	badanaam
अनादरणीय	احترامنگذار؛ بدون مراعات	anaadaraniiy
निरादरपूर्ण	احترامنگذار؛ بدون مراعات	niraadarapuurn
भंग करना	مختل کردن	bhang karanaa
तितर बितर करना	مختل کردن	titar bitar karanaa
विघ्न	اختلال	vighn
असन्तोष	نارضایتی؛ ناخشنودی	asantosh
असंतुष्ट	ناراضی	asantusht
असंतोषी	ناراضی	asantoshii
विभाजित करना	تشریح کردن	vibhaajit karanaa
विश्लेषण करना	تشریح کردن	vishleshan karanaa
विच्छेदन	تشریح	vichchhedan
विघटन	تجزیه؛ فسخ	vighatan
घुलना	حل کردن	ghulanaa
गलाना	حل کردن	galaanaa
विदाई	منصرف کردن	vidaaii
दूरी	فاصله	duurii
आसवन करना	چکیده؛ مقطر	aasavan karanaa
सारभूत होना	چکیده؛ مقطر	saarabhuut honaa
विशेष/भेद बतानेवाला/सविशेष/विशेषक	متمایز	vishisht / vishesh / bhed bataanevaalaa / savishesh / visheshak
पहचानना	تشخیص دادن	pahachaananaa
पहचान्ना	تشخیص دادن	pahachaannaa
असाधारण	برجسته؛ مشخص	asaadhaaran
रूप बिगाड़ना	تحریف کردن	ruup bigaaranaa
टेढ़ापन/कुरूपता/विकृति	تحریف	terhaapan / kuruupataa / vikriti / drishti vipathan
दृष्टि विपथन	تحریف	terhaapan / kuruupataa / vikriti / drishti vipathan
ध्यान खींचना	حواس پرتی ایجاد کردن	dhyaan khiinchanaa
ध्यान भंग करना	حواس پرتی ایجاد کردن	dhyaan bhang karanaa
विकर्षण	پریشانی	vikarshan
मनबहलाव	پریشانی	manabahalaav
करस्थम्	پریشانی	karastham
खिन्न	پریشان؛ متاثر	khinn
अवसन्न	پریشان؛ متاثر	avasann
तकलीफ़देह	پریشان کننده	takaliifadeh
फैलना	تقسیم کردن؛ پخش شدن	phailanaa
वितरण करना	تقسیم کردن؛ پخش شدن	vitaran karanaa
विभाजन	پخش؛ تقسیم	vibhaajan
वितरण	پخش؛ تقسیم	vitaran
वितरक	مقسم؛ دلکو	vitarak
डिट्रिब्यूटर	مقسم؛ دلکو	ditribyuutar
जनपद	محله	janapad
शंका	عدم اعتماد؛ اعتماد نداشتن	shankaa / avishvaas / sandeh
अविश्वास/संदेह	عدم اعتماد؛ اعتماد نداشتن	shankaa / avishvaas / sandeh
घबड़ाना	مزاحم شدن	ghabaraanaa / chheranaa / sataanaa
छेड़ना/सताना	مزاحم شدن	ghabaraanaa / chheranaa / sataanaa
दंगा	آشوب؛ اغتشاش	dangaa
अशांत	نگران‌کننده	ashaant
असमाहार	عدم اتفاق؛ جدا شدگی	asamaahaar
असंसक्ति	عدم اتفاق؛ جدا شدگی	asansakti
अनुपयोग	عدم استعمال	anupayog
नाली	گودال؛ چاله	naalii
खाई	گودال؛ چاله	khaaii
दैनिक	روز خیز؛ مربوط به روز	dainik
दिनचर	روز خیز؛ مربوط به روز	dinachar
डुबकी	شیرجه زدن	dubakii
गोता लगाना	شیرجه زدن	gotaa lagaanaa
हट जाना	واگراییدن؛ متشتت شدن	hat jaanaa
विविध	متنوع	vividh
विविधता उत्पन्न करना	متشتت	vividhataa utpann karanaa
मनोरंजन	عدول	manoranjan
विषयांतर	عدول	vishayaantar
द्वैध	تنوع	dvaidh
फेरना	منحرف کردن	pheranaa
डायवर्टिकुलम	استطاله؛ کوره راه	daayavartikulam
छोटी थैली	استطاله؛ کوره راه	chhotii thailii
फटना	بخش کردن؛ سهم کردن	phatanaa
लाभांश	سود سهام	laabhaansh / laabhaansh / 2.bhaajya{ganit men}
लाभांश/2.भाज्य{गणित में}	سود سهام	laabhaansh / laabhaansh / 2.bhaajya{ganit men}
प्रभुत्व	خدایی؛ الوهیت	prabhutv
देवता	خدایی؛ الوهیت	devataa
पार्थक्य	طلاق	paarthaky
तलाक	طلاق	talaak
विवाह सम्बन्ध विछैध	مطلقه	vivaah sambandh vichhaidh
बेवकूफ़	دبنگ؛ سرگیجهای	bevakuuf
संभ्रमित	دبنگ؛ سرگیجهای	sanbhramit
कठघरा	بارانداز؛ جاخالی کردن	kathagharaa
गोदी	بارانداز؛ جاخالی کردن	godii
विद्वान	دکتر	vidvaan
सिद्धांत	دکترین	siddhaant
दस्तावेज	سند	dastaavej
प्रपत्र	سند	prapatr
लिखित	مستند؛ سندی	likhit
दस्तावेज़ी	مستند؛ سندی	dastaavezii
प्रलेखन	مستندسازی	pralekhan
लिखित प्रमाण	مستندسازی	likhit pramaan
कतराना	گریز زدن؛ جا خالی کردن	kataraanaa
टाल जाना	گریز زدن؛ جا خالی کردن	taal jaanaa
असफलता	سگ	asaphalataa
सिद्धांत/मत	اصول عقاید	siddhaant / mat / dharm siddhaant
धर्म सिद्धांत	اصول عقاید	siddhaant / mat / dharm siddhaant
धर्मांधता	فلسفه جزمی	dharmaandhataa
मतांधता	فلسفه جزمی	mataandhataa
सुन्दरी	عروسک	sundarii
गुड़िया	عروسک	guriyaa
डलर	دلار	dalar
डौलर	دلار	daular
डौलफिन	دلفین	daulaphin
गुंबदाकार	گنبد؛ گنبد زدن	gunbadaakaar
गुंबज	گنبد؛ گنبد زدن	gunbaj
घरेलू	داخلی؛ خانگی	ghareluu
पालतू	داخلی؛ خانگی	paalatuu
प्रबल/प्रधान	غالب	prabal / pradhaan / prabhaavashaalii
प्रभावशाली	غالب	prabal / pradhaan / prabhaavashaalii
शासन करना	مسلط شدن؛ مستولی شدن	shaasan karanaa
छा जाना	مسلط شدن؛ مستولی شدن	chhaa jaanaa
प्रभुता	تسلط؛ استیلاء	prabhutaa
दान देना	هبه کردن؛ اعطاء کردن	daan denaa
दान करना	هبه کردن؛ اعطاء کردن	daan karanaa
खैरात	کمک مالی	khairaat
गर्दभ	خر؛ الاغ	gardabh
दाता	اهداکننده	daataa
बरबाद होना	سرنوشت بد	barabaad honaa
द्वार	در	dvaar
इमारत	در	imaarat
दरवाजा	درگاه؛ جای در	daravaajaa
सुप्त	نهفته؛ نایم	supt
प्रसुप्त	نهفته؛ نایم	prasupt
पृष्ठीय	ضهری	prishthiiy
अपाक्ष	ضهری	apaaksh
खुराक	دوز	khuraak
यौन रोग	دوز	yaun rog
दोगुना	دو برابر	dogunaa
दुगनी	دو برابر	duganii
शक	شک؛ تردید	shak
शंकाशील व्यक्ति	دیرباور	shankaashiil vyakti
सन्देह करने वाला व्यक्ति	دیرباور	sandeh karane vaalaa vyakti
अनिश्चित	مشکوک؛ دوبشک	anishchit
असंदिग्ध	بی تردید؛ بدون شک	asandigdh
असंदिग्धता	بی تردید؛ بدون شک	asandigdhataa
सना हुआ आटा	خمیر	sanaa huaa aataa
लिजलिजा	خمیری	lijalijaa
पर	پایین	par
अवपतन	ریزش	avapatan
अधोगामी	نشیب	adhogaamii
डाउनहिल स्कीइंग	نشیب	daaunahil skiing
डाउनलोड करना	دانلود کردن	daaunalod karanaa
निचला खंड	طبقه پایین؛ پایین پله‌ها	nichalaa khand
सीढी के नीचे	طبقه پایین؛ پایین پله‌ها	siidhii ke niiche
केंद्रस्थल	مرکز شهر	kendrasthal
गिरता हुआ	فرو	girataa huaa
नीचे की ओर	فرو	niiche kii or
दहेज	جهاز؛ شیربها	dahej
वरिष्ठ एवं प्रतिष्ठित सदस्य	شیخ السفراء؛ مقد السفراء	varishth evn pratishthit sadasy
झपकी	چرت زدن	jhapakii / uungh / jhapakii / niind
ऊँघ/झपकी/नींद	چرت زدن	jhapakii / uungh / jhapakii / niind
दर्जन	دوجین	darjan / darjan / baarah
दर्जन/बारह	دوجین	darjan / darjan / baarah
मसौदा	برات؛ مسوده	masaudaa
दैत्य	اژدها	daity
उग्र महिला	اژدها	ugr mahilaa
बहाव	تخلیه کردن	bahaav
निकास	زهکشی	nikaas
जलनिकास	زهکشی	jalanikaas
नाटक	درام	naatak
अभिनय	درام	abhinay
उत्तेजक	نمایشی	uttejak
नाटकीय ढंग से	به طرز چشمگیری	naatakiiy dhang se
प्रभावशाली तरीके से	به طرز چشمگیری	prabhaavashaalii tariike se
प्रचंड/उदंड/शक्तिशाली	عنیف	prabal / prachand / udand / shaktishaalii
घूँट	باد؛ کوران	ghuunt
चित्र बनाना	نقاشی کردن	chitr banaanaa
चित्रकार	نقشه کش؛ برات کش	chitrakaar
दराज	نقشه کش؛ برات کش	daraaj
चित्रकारी	نقاشی (کار)	chitrakaarii
चिट्रकारी	نقاشی (کار)	chitrakaarii
डर	بیم؛ نهیب	dar / bhay / dar
भय/डर	بیم؛ نهیب	dar / bhay / dar
स्वप्नदृष्टा	خیالباف	svapnadrishtaa
स्वप्नद्रष्टा	خیالباف	svapnadrashtaa
छिड़कना	لاروبی کردن	chhirakanaa
तलकर्षण करना	لاروبی کردن	talakarshan karanaa
बचा खुचा	لرد	bachaa khuchaa
लिबास	لباس، لباس پوشیدن	libaas
स्ट्रियों के वस्ट्र बनाने वाला दरज़ी	خیاط زنانه	striyon ke vastr banaane vaalaa darazii
धारा	رانش	dhaaraa
प्रशिक्षण	تمرین؛ مته	prashikshan
पियक्कड़	خوار؛ آشامنده	piyakkar / piinevaalaa / piyakkar
पीनेवाला/पियक्कड़	خوار؛ آشامنده	piyakkar / piinevaalaa / piyakkar
पेय पदार्थ	شرب	pey padaarth
पीना	شرب	piinaa
टपक	چکیدن؛ چکاندن	tapak
नीरश	چکیدن؛ چکاندن	niirash
वाहनचालक	راننده	vaahanachaalak
चालन	رانندگی؛ محرک	chaalan
भिनभिनाहट	سخن یکنواخت	bhinabhinaahat
काम चोर	سخن یکنواخت	kaam chor
जलोदर	استسقاء	jalodar
सुखा	خشکسالی	sukhaa
अवग्राह	خشکسالی	avagraah
डूबना	غرق شدن	duubanaa
डूबाना	غرق شدن	duubaanaa
उनींदापन	خماری؛ خواب آلودگی	uniindaapan / uungh / sustii
ऊँघ/सुस्ती	خماری؛ خواب آلودگی	uniindaapan / uungh / sustii
निद्रालु	کسل کننده؛ چرت زن	nidraalu
आलस्यपूर्ण	کسل کننده؛ چرت زن	aalasyapuurn
नीरस काम	خرحمالی؛ جان کنی	niiras kaam
औषधि	دارو، مواد مخدر	aushadhi
बजाना	ضرب؛ طبل	bajaanaa
ढोलकिया	طبال؛ طبل زن	dholakiyaa
ढोल बजाने वाला	طبال؛ طبل زن	dhol bajaane vaalaa
मदहोश	مست؛ دژم	madahosh / matt / nashe men chuur
मत्त/नशे में चूर	مست؛ دژم	madahosh / matt / nashe men chuur
पियक्कड़ों का	مستانه	piyakkaron kaa
मदहोशी	مستی	madahoshii
सूखा/शुष्क	خشک، خشک کردن	suukhaa / shushk / bekaar
जलशून्यता	خشکی؛ خشکی هوا	jalashuunyataa
थाप	نامیدن، لقب دادن	thaap
नाम देना	نامیدن، لقب دادن	naam denaa
संदेहास्पद	مشتبه؛ مشکوک	sandehaaspad
टैंक	اردک؛ مرغابی	taink
पायजामा	اردک؛ مرغابی	paayajaamaa
देय	موعد؛ مستحق؛ به‌علت	dey
थन	کنده	than
खंदक	کنده شده	khandak
राजकुमार	دوک	raajakumaar
ड्यूक	دوک	dyuuk
नीरसता	رکود؛ کندی	niirasataa
धुँधलापन	رکود؛ کندی	dhundhalaapan
यथावत्	بموقع خود؛ بقدر لازم	yathaavat
यथासमय	بموقع خود؛ بقدر لازم	yathaasamay
मंदबुद्धि	کم هوش	mandabuddhi
मौन	لال	maun
फेंकना	رها کردن	phenkanaa
धुंधला/काले रंग का	سمند	dhundhalaa / kaale rang kaa / takaazaa karane vaalaa / takaazaa
तकाज़ा करने वाला/तकाज़ा	سمند	dhundhalaa / kaale rang kaa / takaazaa karane vaalaa / takaazaa
गोबर/लीद	پهن؛ پشگل	gobar / liid
अंधकूप{कारागार}	سیاه چال	andhakuupa{kaaraagaar}
युगल	دوتایی	yugal
जोड़ी	دوتایی	jorii
ग्रहणी-संबंधी	دوازدهه	grahanii-sanbandhii
ग्रहणी	روده اثنی عشر	grahanii
बेवकूफ़ बनाना	ساده لوح	bevakuuf banaanaa / thaganaa / dhokhaa denaa
ठगना/धोखा देना	ساده لوح	bevakuuf banaanaa / thaganaa / dhokhaa denaa
दोहराना	المثنی؛ نسختین	doharaanaa
प्रतिलिपि बनाना	المثنی؛ نسختین	pratilipi banaanaa
अवधि	مدت	avadhi
कालावधि	مدت	kaalaavadhi
के दौरान	در طول	ke dauraan
संध्या	غروب؛ هنگام غروب	sandhyaa / sandhyaakaal / godhuulii
संध्याकाल/गोधूली	غروب؛ هنگام غروب	sandhyaa / sandhyaakaal / godhuulii
गंदा	خاکی؛ غباری	gandaa
धूसर	خاکی؛ غباری	dhuusar
डच	هلندی؛ زبان هلندی	dach
डच भाषा	هلندی؛ زبان هلندی	dach bhaashaa
कर्तव्यपरायण	وظیفه شناس	kartavyaparaayan
कर्त्तव्यनिष्ठ	وظیفه شناس	karttavyanishth
कर्तव्य	وظیفه؛ عوارض گمرکی	kartavy
डी वी डी	دی‌وی‌دی	dii vii dii
नाटा	کوتوله؛ کوتاه جلوه دادن	naataa
बौना	کوتوله؛ کوتاه جلوه دادن	baunaa
निवास करना	اقامت گزیدن	nivaas karanaa
आवास	اقامت؛ مسکن	aavaas
निवासस्थान	اقامت؛ مسکن	nivaasasthaan
रंगना	رنگ؛ خضاب	ranganaa
गतिशील	پویا	gatishiil
ऊर्जावान	پویا	uurjaavaan
बिष्फोट	دینامیت؛ دینامیت زدن	bishphot
डायनामाइट्	دینامیت؛ دینامیت زدن	daayanaamaait
पेचिश	دیسانتری	pechish
प्रत्येक	هر کدام	pratyek
हर	هر کدام	har
व्यग्रता से	مشتاقانه؛ آرزومندانه	vyagrataa se
तत्परता	اشتیاق؛ شوق	tatparataa
बाज	عقاب؛ دال	baaj
गरुड	عقاب؛ دال	garud
जल्दी	زود	jaldii
प्रारंभिक	زود	praaranbhik
कमाना	کسب کردن	kamaanaa
कमाई	درآمد	kamaaii
तनखाह	درآمد	tanakhaah
सुनाई देने की दूरी	صدارس؛ گوش رس	sunaaii dene kii duurii
मिट्टी का	سفالی	mittii kaa
संभावित	زمینی	sanbhaavit
सांसारिक	زمینی	saansaarik
भूचाल	زلزله؛ زمین لرزه	bhuuchaal
भूकम्प	زلزله؛ زمین لرزه	bhuukamp
मिट्टी का बाँध	خاکریز	mittii kaa baandh
सुरक्षा के लिए पृथ्वी का कृत्रिम किनारा	خاکریز	surakshaa ke lie prithvii kaa kritrim kinaaraa
मटियाला	خاکی	matiyaalaa
ढीला करना	آسایش، آسان کردن	dhiilaa karanaa
पूर्वी	شرق	puurvii
पूर्व	شرق	puurv
पूर्वाभिमुख	شرقاً؛ مانند بادخاوری	puurvaabhimukh
पूरब दिशा की ओर	روب خاور	puurab dishaa kii or
सहज	آسان	sahaj
मस्त	بی قید	mast
भाटा	جزر	bhaataa
छाया	پژواک	chhaayaa
प्रतिध्वनि	پژواک	pratidhvani
ग्रहण लगाना	منخسف	grahan lagaanaa
निस्तेज करना	منخسف	nistej karanaa
पारिस्थितिक	بوم‌شناختی	paaristhitik
पर्यावरणीय	بوم‌شناختی	paryaavaraniiy
आर्थिक	اقتصادی	aarthik
अर्थशास्त्रीय	اقتصادی	arthashaastriiy
किफ़ायती	مقتصد؛ با صرفه	kifaayatii
अल्पव्ययी	مقتصد؛ با صرفه	alpavyayii
अर्थव्यवस्था	اقتصاد	arthavyavasthaa
अर्थशास्त्र	اقتصاد	arthashaastr
अर्थशास्त्री	اقتصاددان	arthashaastrii
लाघव	اقتصاد؛ صرفه جویی	laaghav
एक्सटेसी	حالت؛ وجد	eksatesii
हर्षोन्माद	حالت؛ وجد	harshonmaad
उल्लसित	جذبهای؛ بی خود	ullasit
हर्षोन्मत्त	جذبهای؛ بی خود	harshonmatt
खुजली	اگزما؛ اکزما	khujalii
खाज	اگزما؛ اکزما	khaaj
शिक्षाप्रद	تهذیبی	shikshaaprad
संपादन करना	ویراستن	sanpaadan karanaa
संपादक	ویراستار؛ ویرایشگر	sanpaadak
सम्पादक	ویراستار؛ ویرایشگر	sampaadak
संपादकीय	سرمقاله	sanpaadakiiy
सम्पादकीय लेख	سرمقاله	sampaadakiiy lekh
सिखाना	فرهیختن؛ مودب کردن	sikhaanaa
सिखना	فرهیختن؛ مودب کردن	sikhanaa
शिक्षण	آموزش	shikshan
शैक्षणिक	تحصیلی؛ تربیتی	shaikshanik
शैक्षिक	تحصیلی؛ تربیتی	shaikshik
शिक्षाविशारद्	مربی	shikshaavishaarad
डरावनी	وهم آور	daraavanii
प्रभाव	تأثیر	prabhaav
प्रभावकारिता	اثربخشی	prabhaavakaaritaa
फल साधना	اثربخشی	phal saadhanaa
अपवाही	وابر؛ بیرون بر	apavaahii
बाहर ले जाने वाला	وابر؛ بیرون بر	baahar le jaane vaalaa
प्रभावोत्पादक	موثر	prabhaavotpaadak
इष्ट फलोत्पादक	موثر	isht phalotpaadak
निपूणता से	به نحو کارآمد	nipuunataa se
प्रतिमा	تمثال؛ پیکرک	pratimaa
पुतला	تمثال؛ پیکرک	putalaa
सफलता	تلاش	saphalataa
अंडा	تخم مرغ	andaa
बेदा	تخم مرغ	bedaa
अहम्	خود	aham
खुद्दार	خود	khuddaar
मिस्र	مصر؛ کشور مصر	misr
इजिप्ट	مصر؛ کشور مصر	ijipt
मिस्र वासी	مصری	misr vaasii
मिस्री भाषा	مصری	misrii bhaashaa
आठ	هشت	aath
अठारह	هجده	athaarah
आठवाँ	اکتاو؛ یک هشتم	aathavaan
अस्सी	هشتاد	assii
स्खलन	انزال	skhalan
विस्तार करना	پیچیده، با جزئیات	vistaar karanaa
विस्तृत करना	پیچیده، با جزئیات	vistrit karanaa
लचीला	کشی؛ لاستیکی	lachiilaa
तन्य	کشی؛ لاستیکی	tany
लचीलापन	ارتجاع؛ جهندگی	lachiilaapan
तन्यता	ارتجاع؛ جهندگی	tanyataa
प्रफुल्लता	سرفرازی شادی	praphullataa
कोहनी	آرنج	kohanii
कुहनी	آرنج	kuhanii
वयोवृद्ध	ارشد؛ ریش سفید	vayovriddh
बुज़ुर्ग सा	سالمند؛ سالمندان	buzurg saa
सबसे बड़ा	سالدارترین؛ مسن ترین	sabase baraa
वय में सबसे बडा	سالدارترین؛ مسن ترین	vay men sabase badaa
वरणअना	منتخب؛ انتخابی	varanaanaa
चुनाव	انتخاب نماینده	chunaav
निर्वाचक	انتخابی	nirvaachak
निर्वाचकीय	انتخاباتی	nirvaachakiiy
निर्वाचक वर्ग	گزینگرگان	nirvaachak varg
बिजली का	برقی	bijalii kaa
विद्युत	برقی	vidyut
ऊर्जा	برق	uurjaa
इलेक्ट्रोड	الکترود	ilektrod
विद्युतद्वार	الکترود	vidyutadvaar
विद्युत् अपघटन	برقکافت	vidyut apaghatan
बिजली द्वारा रासायनिक विश्लेषण	برقکافت	bijalii dvaaraa raasaayanik vishleshan
इलेक्ट्रन	الکترون	ilektran
अतिसूक्ष्म परमाणु	الکترون	atisuukshm paramaanu
इलेक्ट्रनिक	الکترونیکی	ilektranik
इलैक्ट्रोन की क्रिया पर निर्भर साधन	الکترونیکی	ilaiktron kii kriyaa par nirbhar saadhan
इलेक्ट्रानिकी	الکترونیک	ilektraanikii
इलैक्ट्रानिक्स	الکترونیک	ilaiktraaniks
रमणीयता	زیبندگی؛ ظریفی	ramaniiyataa
सुरुचिपूर्ण ढंग से	ظریفانه	suruchipuurn dhang se
मौलिक	عنصری	maulik
तात्विक	عنصری	taatvik
साधारण	ابتدایی	saadhaaran
गज	فیل	gaj
हाथी	فیل	haathii
फीलपाँव	داء الفیل	phiilapaanv
हाथीपाँव	داء الفیل	haathiipaanv
उठाना	بالا بردن	uthaanaa
लिफ्ट	آسانسور؛ بالابرنده	lipht
एलिवेटर	آسانسور؛ بالابرنده	elivetar
ग्यारह	یازده	gyaarah
एलियास	خضر	eliyaas
वांछनीय	واجد شرایط	vaanchhaniiy
मलत्याग	رفع؛ حذف	malatyaag
विशिष्ट वर्ग	نخبه	vishisht varg
एलाइज़ा	الیزا	elaaizaa
अंडा सा	بیضی	andaa saa
पदलोप संबंधी	بیضی	padalop sanbandhii
दीर्घीकरण	دراز شدگی	diirghiikaran
तन्नता	دراز شدگی	tannataa
वाकपटुता	فصاحت؛ بلاغت	vaakapatutaa
वाग्मिता	فصاحت؛ بلاغت	vaagmitaa
वाक्पटु	بلیغ؛ شیوا	vaakpatu
भावपूर्ण	بلیغ؛ شیوا	bhaavapuurn
और कौन	دیگر	aur kaun
अनत	نقطه دیگر؛ بجای دیگر	anat
अन्यत्र	نقطه دیگر؛ بجای دیگر	anyatr
हाथ न आना	طفره زدن	haath n aanaa
चालाकी से बच निकलना	طفره زدن	chaalaakii se bach nikalanaa
दुर्ग्राह्य	طفره زن؛ طفره آمیز	durgraahy
विपत्र	ایمیل، ایمیل زدن	vipatr
इमेल	ایمیل، ایمیل زدن	imel
बंधनमुक्त करना	ازقید رها کردن	bandhanamukt karanaa
पुश्ता	سیلگیر؛ سیل برگردان	pushtaa
तटबंधन	سیلگیر؛ سیل برگردان	tatabandhan
अधिरोध	تحریم	adhirodh
घाटबंदी	تحریم	ghaatabandii
चढ़ना	سوار شدن، آغاز کردن	charhanaa
आरंभ करना	سوار شدن، آغاز کردن	aaranbh karanaa
शर्मिंदा	شرمنده؛ شرمسار	sharmindaa
राजदूतावास	سفارت	raajaduutaavaas
बैठ जाना	جاسازی کردن	baith jaanaa
सँवारना	زیبا کردن؛ زینت دادن	sanvaaranaa
गबन	اختلاس	gaban
छलहरण	اختلاس	chhalaharan
कटु बनाना	تلخ کردن؛ ناگوار کردن	katu banaanaa
तिक्त करना	تلخ کردن؛ ناگوار کردن	tikt karanaa
चिह्न	علامت	chihn
प्रतीक	علامت	pratiik
मूर्त रूप	تجسم	muurt ruup
साकार करना	تجسم بخشیدن	saakaar karanaa
आलिंगन करना	در آغوش گرفتن	aalingan karanaa
कशीदा	گلدوزی؛ برودری	kashiidaa
कशीदाकारी	گلدوزی؛ برودری	kashiidaakaarii
अविकसित	گیاهک؛ رویان	avikasit
गर्भ	گیاهک؛ رویان	garbh
भ्रूणीय	جنینی؛ رویانی	bhruuniiy
पन्ना	زمرد؛ زمردسبز	pannaa
मरकत मणि	زمرد؛ زمردسبز	marakat mani
आविर्भाव	ظهور	aavirbhaav
एमर्जेंसी	اضطرار؛ اضطراری	emarjensii
आपात काल	اضطرار؛ اضطراری	aapaat kaal
देशत्यागी	مهاجر؛ کوچ کننده	deshatyaagii
उत्प्रवासी	مهاجر؛ کوچ کننده	utpravaasii
उत्प्रवास करना	جلاء؛ هجرت کردن	utpravaas karanaa
उत्प्रवास	هجرت	utpravaas
उत्प्रवासन	هجرت	utpravaasan
स्राव	انتشار	sraav
उत्सर्जन	انتشار	utsarjan
गंभीर	احساساتی؛ عاطفی	ganbhiir
भावुक हो कर	از نظر احساسی	bhaavuk ho kar
भावात्मक ढंग से	از نظر احساسی	bhaavaatmak dhang se
सम्राट	امپراتور	samraat
कैसर	امپراتور	kaisar
महत्व	تکیه؛ تاکید	mahatv
बल देना	تاکید کردن؛ اهمیت دادن	bal denaa
ज़ोर देना	تاکید کردن؛ اهمیت دادن	zor denaa
ज़ोरदार	موکد	zoradaar
वातस्फीति	آمفیزم	vaatasphiiti
एम्फ़ाइज़िमा	آمفیزم	emfaaizimaa
साम्राज्य	امپراتوری	saamraajy
अनुभवजन्य	تجربی	anubhavajany
नौकर रखना	استخدام کردن	naukar rakhanaa
कर्मचारी	کارمند	karmachaarii
प्रवर्तक	کارفرما	pravartak
समर्थ बनाना	توانمند ساختن	samarth banaanaa
महारानी	شهبانو؛ امپراتریس	mahaaraanii
सम्राज्ञी	شهبانو؛ امپراتریس	samraagyii
शून्य	خالی	shuuny
थोथा	خالی	thothaa
पायस	شیرابه	paayas
इमल्शन	شیرابه	imalshan
कानून बनाना	به اجرا درآوردن	kaanuun banaanaa
व्यवस्थापन	وضع	vyavasthaapan
अध्यादेश	وضع	adhyaadesh
तामचीनी	لعاب؛ مینا	taamachiinii
दंतवल्क	لعاب؛ مینا	dantavalk
डेरा डालना	چادر زدن؛ خیمه برپا کردن	deraa daalanaa
शिविर लगाना	چادر زدن؛ خیمه برپا کردن	shivir lagaanaa
शिविर	قرار گاه	shivir
मोहक	افسون گری	mohak
घेरना	ضمیمه کردن؛ پیوست کردن	gheranaa
घेराव	ضمیمه؛ پیوست	gheraav
मुठभेड़	برخورد؛ تقابل	muthabher
उकसाना	دلگرم کردن؛ تشویق کردن	ukasaanaa
उत्तेजित करना	دلگرم کردن؛ تشویق کردن	uttejit karanaa
प्रोत्साहन	تشویق	protsaahan
हौसला	تشویق	hausalaa
प्रोत्साहक	تشویق‌کننده	protsaahak
विश्वकोश	دایرهالمعارف؛ دایرهالعلوم	vishvakosh
खतरे में डालना	بمخاطره انداختن	khatare men daalanaa
मोह	گرامی کردن	moh
लाड़ प्यार	گرامی کردن	laar pyaar
बेहद	بی‌ پایان	behad
अनंत	بی‌ پایان	anant
विज्ञापन करना	تایید کردن	vigyaapan karanaa
सहायतार्थ देना	متصف کردن؛ چیزی راوقف کردن	sahaayataarth denaa
सहनशीलता	تاب؛ طاقت	sahanashiilataa
तितिक्षा	تاب؛ طاقت	titikshaa
एनीमा	تنقیه	eniimaa
वस्तिकर्म	تنقیه	vastikarm
दुश्मन	دشمن	dushman
शत्रु	دشمن	shatru
चुस्त	فعال؛ پرتکاپو	chust
उत्साह	انرژی	utsaah
प्रवर्तन	اجرا	pravartan
अभियंता	مهندس	abhiyantaa
अभियन्ता	مهندس	abhiyantaa
अभियांत्रिकी	مهندسی	abhiyaantrikii
अभियान्त्रिकी	مهندسی	abhiyaantrikii
इंग्लैंड	انگلستان	inglaind
उत्कीर्ण करना	منقوش	utkiirn karanaa
परिग्रहणअना	احاطهکننده	parigrahanaanaa
निगल लेना	احاطهکننده	nigal lenaa
पहेली	بیان مبهم	pahelii
गूढ़ प्रश्न	بیان مبهم	guurh prashn
चखाना	لذت بردن	chakhaanaa
आनन्ददायक	لذت بخش	aanandadaayak
बढ़ जाना	بزرگ کردن؛ بزرگ شدن	barh jaanaa
विवर्धन	بزرگی؛ بزرگ نمائی	vivardhan
विस्तारण	بزرگی؛ بزرگ نمائی	vistaaran
जानकारी देना	روشنفکر کردن	jaanakaarii denaa
प्रबुद्ध करना	روشنفکر کردن	prabuddh karanaa
बुद्ध	منورالفکر؛ روشن روان	buddh
भिज्ञ	منورالفکر؛ روشن روان	bhigy
ज्ञानोदय	روشن فکری؛ تنویر افکار	gyaanoday
भरती करना	درفهرست نوشتن	bharatii karanaa
भरती होना	درفهرست نوشتن	bharatii honaa
भरती	نامنویسی؛ سربازگیری	bharatii
तीव्र करना	روح دادن؛ حیات بخشیدن	tiivr karanaa
दुर्भावना	عناد؛ عداوت	durbhaavanaa
पूछताछ	استفسار	puuchhataachh
क्रुद्ध	آتشی	kruddh
उपजाऊ बनाना	غنی کردن	upajaauu banaanaa
समृद्ध बनाना	غنی کردن	samriddh banaanaa
नाम लिखाना	ثبت‌نام کردن	naam likhaanaa
नामांकन	نامنویسی؛ ثبت نام	naamaankan
नाम लिखाई	نامنویسی؛ ثبت نام	naam likhaaii
वशीभूत करना	برده شده	vashiibhuut karanaa
दास बनाना	برده شده	daas banaanaa
पीछा करना	متعاقب بودن	piichhaa karanaa
परिणामस्वरूप होना	متعاقب بودن	parinaamasvaruup honaa
आश्वस्त करना	حتمی کردن	aashvast karanaa
अपरिहार्य होना	شامل بودن؛ متضمن بودن	aparihaary honaa
आवश्यक बना देना	شامل بودن؛ متضمن بودن	aavashyak banaa denaa
फँसाना	گیر انداختن؛ درهم گیر افتادن	phansaanaa
उलझा	دامن گیر	ulajhaa
अटका	دامن گیر	atakaa
अनुचित संबंध	گیر؛ پاپوش	anuchit sanbandh
उद्योग	شرکت	udyog
उद्यम	شرکت	udyam
सुनना	سرگرم کردن؛ پذیرایی کردن	sunanaa
तमाशा	پذیرایی	tamaashaa
उत्साहपूर्ण	باحمیت؛ باحرارت	utsaahapuurn
सम्पूर्णतया	پاک؛ سرتاسر	sampuurnatayaa
संपूर्णता	تمامیت؛ سراسری	sanpuurnataa
अशेषता	تمامیت؛ سراسری	asheshataa
उपाधि देना	حق دادن	upaadhi denaa
सत्व	نهاد	satv
तत्त्व	نهاد	tattv
विनती	التماس	vinatii
अनुनय विनय	التماس	anunay vinay
अतिक्रमण करना	درسنگرقراردادن	atikraman karanaa
मजबूत स्थिति बनाना	درسنگرقراردادن	majabuut sthiti banaanaa
खाईबंदी	سنگربندی؛ سنگرسنگی	khaaiibandii
दृढ़ स्थिति	سنگربندی؛ سنگرسنگی	drirh sthiti
उद्यमी, उद्योगपति	کارآفرین	thekadaar / udyamii / udyogapati
सौंप देना	سپردن؛ باامانت سپردن	saunp denaa
थैला	پاکت	thailaa
लिफ़ाफ़ा	پاکت	lifaafaa
ईर्ष्यालु	حسود؛ حاسد	iirshyaalu
असूयक	حسود؛ حاسد	asuuyak
परिवेश	محیط زیست	parivesh
वातावरण सम्बन्धी	محیطی؛ محیط زیستی	vaataavaran sambandhii
पर्यावरण सम्बन्धी	محیطی؛ محیط زیستی	paryaavaran sambandhii
संभावना का ध्यान करना	درذهن مجسم کردن	sanbhaavanaa kaa dhyaan karanaa
उपराजदूत	فرستاده؛ ایلچی	uparaajaduut
जलन	رشک؛ حسد	jalan
ईर्ष्या	رشک؛ حسد	iirshyaa
किण्वक	آنزیم؛ دیاستاز	kinvak
एन्ज़ाइम	آنزیم؛ دیاستاز	enzaaim
वीरकथा	حماسی؛ شعر رزمی	viirakathaa
महाकाव्य	حماسی؛ شعر رزمی	mahaakaavy
स्वादलोलुप	ابیقوری؛ عیش طلب	svaadalolup
महामारी	همه‌گیر	mahaamaarii
संक्रामक रोग के समान	همه‌گیر	sankraamak rog ke samaan
बाह्यत्वचा	روپوست	baahyatvachaa
सुभाषित	سخن نیشدار	subhaashit
विनोदिका	سخن نیشدار	vinodikaa
मिरगी	صرع	miragii
मिर्गी	صرع	mirgii
मिर्गी रोगी	غشی؛ حملهای	mirgii rogii
मिरगी का	غشی؛ حملهای	miragii kaa
पत्र	نامه منظوم	patr
ईपिसल	نامه منظوم	iipisal
उपकला-संबंधी	برپوشی؛ شبیه بشره ای	upakalaa-sanbandhii
समान	برابر؛ مساوی	samaan
साथ ही साथ	علیالسویه؛ متساویا	saath hii saath
समान रूप से	علیالسویه؛ متساویا	samaan ruup se
समता	معادله	samataa
समीकरण	معادله	samiikaran
भूमध्य रेखा	استواء؛ خط استوا	bhuumadhy rekhaa
अश्वारोही घुडसवार	چابک سوار	ashvaarohii ghudasavaar
अश्वारोही	چابک سوار	ashvaarohii
संतुलन	موازنه	santulan
साम्य	موازنه	saamy
अश्वीय	اسبی	ashviiy
सज्जित करना	تجهیز کردن	sajjit karanaa
तैयारी	تجهیزات	taiyaarii
न्यायसंगत	منصفانه؛ متساوی	nyaayasangat
बराबर	معادل	baraabar
तुल्य	معادل	tuly
द्वयार्थक बात करना	سهل انگاشتن؛ ابهام بکار بردن	dvayaarthak baat karanaa
गोल मोल बात कहना	سهل انگاشتن؛ ابهام بکار بردن	gol mol baat kahanaa
कालअ	دوران	kaala
उन्मूलन करना	لنجیدن؛ ریشه کن کردن	unmuulan karanaa
मिटा दना	لنجیدن؛ ریشه کن کردن	mitaa danaa
खड़ा करना	برپا کردن	kharaa karanaa
अपरदन	سایش؛ فرسایش	aparadan
कटाव	سایش؛ فرسایش	kataav
भूल करना	اشتباه کردن؛ اشتباهکاری کردن	bhuul karanaa
गलती करना	اشتباه کردن؛ اشتباهکاری کردن	galatii karanaa
दूतकार्य	ماموریت	duutakaary
अशुद्धता	سهواً	ashuddhataa
गलती से	سهواً	galatii se
गलती	خطا	galatii
भूल	خطا	bhuul
पाण्डित्यपूर्ण	ادیب	paandityapuurn
फूटना	فوران کردن	phuutanaa
निकल आना	فوران کردن	nikal aanaa
ब्ढाना	تشدید کردن	bdhaanaa
बढ़	تشدید کردن	barh
शरारत	جفتک زنی	sharaarat
भागना	گریز؛ فرار	bhaaganaa
भाग जाना	گریز؛ فرار	bhaag jaanaa
सहचर	همراه؛ اسکورت	sahachar
अनुरक्षक	همراه؛ اسکورت	anurakshak
विशेष रूप से	به خصوص	vishesh ruup se
खास तौर पर	به خصوص	khaas taur par
जासूसी	جاسوسی	jaasuusii / guptachar rakhanaa / chaaravritti
गुप्तचर रखना/चारवृत्ति	جاسوسی	jaasuusii / guptachar rakhanaa / chaaravritti
सहारा देना	نامزد کردن؛ شوهر دادن	sahaaraa denaa
निबंध	مقاله کوتاه	nibandh
इत्र	عصاره، ذات	itr
तत्त्वतः	اساساً	tattvath
अनिवार्य रूप से	اساساً	anivaary ruup se
स्थापना	بستن؛ افتتاحکردن	sthaapanaa
भूमि	ماترک؛ املاک	bhuumi
जागीर	ماترک؛ املاک	jaagiir
आदर/सम्मान	اعتبار؛ منزلت	aadar / aadar / sammaan
बहुमूल्य	برآورد کردنی	bahumuuly
आदरणिय	برآورد کردنی	aadaraniy
आकलन	برآورد؛ براورد	aakalan
मूल्य का अनुमान	برآورد؛ براورد	muuly kaa anumaan
निरन्तर	ابدی	nirantar
नित्य	ابدی	nity
अनन्तकाल तक	ابدالدهر	anantakaal tak
अमरत्व	ابد؛ جاودانی	amaratv
अनन्तकाल	ابد؛ جاودانی	anantakaal
आकाश	اتر؛ اثیر	aakaash
वायु	اتر؛ اثیر	vaayu
नीतिशास्त्र	اخلاق	niitishaastr
सदाचार	اخلاق	sadaachaar
नीति	اخلاقیات؛ اصولاخلاق	niiti
सजातीय	قومی	sajaatiiy
जातीय	قومی	jaatiiy
कारण-विज्ञान	لادشناسی	kaaran-vigyaan
रोगकारण-विज्ञान	لادشناسی	rogakaaran-vigyaan
शिष्टाचार	آداب؛ آداب معاشرت	shishtaachaar / shishtaachaar / sabhyataa
शिष्टाचार/सभ्यता	آداب؛ آداب معاشرت	shishtaachaar / shishtaachaar / sabhyataa
सफेदा	اکالیپتوس	saphedaa
यूकेलिप्टस	اکالیپتوس	yuukeliptas
यूरो	یورو	yuuro
यूरोप	اروپا	yuurop
यूरोपीय संघ	اروپا	yuuropiiy sangh
युरोपीय	فرنگی؛ اروپایی	yuropiiy
खाली कराना	تخلیه کردن	khaalii karaanaa
बच निकलना	در رفتن؛ طفره زدن	bach nikalanaa
आंकलन	ارزیابی	aankalan
मूल्यांकन	ارزیابی	muulyaankan
वाष्पीकरण	تبخیر	vaashpiikaran
टालने वाला	طفرهزن؛ طفره آمیز	taalane vaalaa
हौवा	هوا؛ حوا	hauvaa
शाम	عصر	shaam
वृत्तांत	رویداد	vrittaant
अंततः	سر انجام	antath
अंततोगत्वा	سر انجام	antatogatvaa
इतना	تا به حال	itanaa
सदाबहार	بی خزان؛ همیشه سبز	sadaabahaar
लोकप्रिय	بی خزان؛ همیشه سبز	lokapriy
अनन्त	ابدی؛ ابد	anant
चिरस्थायी	ابدی؛ ابد	chirasthaayii
सदैव के लिए	درتمام وقت	sadaiv ke lie
प्रत्येक व्यक्ति	همه	pratyek vyakti
हर कोई	همه	har koii
प्रतिदिन	روزمره	pratidin
सब	همه	sab
सभी	همه	sabhii
सर्वट्र	همه جا	sarvatr
सर्वत्र	همه جا	sarvatr
प्रमाण	شواهد	pramaan
साक्ष्य	شواهد	saakshy
प्रत्यक्ष	آشکار	pratyaksh
दुष्ट/बुरा/पापी	سوء؛ خبیث	dusht / buraa / paapii / kharaab
पापी	بد کار	paapii
ताज़ा करना	فراخواندن	taazaa karanaa
आह्वान करना	فراخواندن	aahvaan karanaa
उद्विकास	تکامل	udvikaas
विकासमूलक	تکاملی	vikaasamuulak
विकास करना	تکامل یافتن	vikaas karanaa
निर्दोष	دقیق	nirdosh
वास्तव में	دقیقا	vaastav men / thiik thiik / yathaarthath
ठीक ठीक/यथार्थतः	دقیقا	vaastav men / thiik thiik / yathaarthath
बढ़ा चढ़ाकर कहना	مبالغه کردن	barhaa charhaakar kahanaa
बढा चढा कर कहना	مبالغه کردن	badhaa chadhaa kar kahanaa
अतिशयोक्ति	اغراق؛ گزاف	atishayokti
उन्नत करना	متعال کردن	unnat karanaa
बुलंद	معلا؛ معلی	buland
उन्नत	معلا؛ معلی	unnat
परीक्षा	امتحان	pariikshaa
जाँच	آزمایش؛ تجزیه	jaanch
प्रश्नकर्ता	ممتحن؛ آزمونگر	prashnakartaa
परीक्षक	ممتحن؛ آزمونگر	pariikshak
दृष्टांत	مثال	drishtaant
उदहारण	مثال	udahaaran
रोष	اوقات تلخ	rosh
खोखलापन	کاوش؛ حفاری	khokhalaapan
खुदाई	کاوش؛ حفاری	khudaaii
अधिक होना	فراتر رفتن	adhik honaa
विशिष्टता	برتری	vishishtataa
महामहिम	جناب؛ جناب آقای	mahaamahim / raajyapaal / raajaduut aadi kii padavii
राज्यपाल, राजदूत आदि की पदवी	جناب؛ جناب آقای	mahaamahim / raajyapaal / raajaduut aadi kii padavii
को छोड़ कर	به جز	ko chhor kar
अपवाद	استثنا	apavaad
कोई व्यक्ति या चीज को छोड़ना	استثنا	koii vyakti yaa chiij ko chhoranaa
अधिशेष	مازاد	adhishesh
अधिक	بیش از حد	adhik
अतिशय	بی شباهت	atishay
केन्द्र	عوض؛ مصالحه	kendr
एक्स्चेन्ज	عوض؛ مصالحه	ekschenj
राज्यकर	مالیات غیرمستقیم	raajyakar
आबकारी	مالیات غیرمستقیم	aabakaarii
उत्तेजनशील	برانگیختنی؛ قابل تهییج	uttejanashiil
उतेजित	هیجان‌زده	utejit
उतावलापन	هیجان؛ تهییج	utaavalaapan
रोमांचक	هیجان‌انگیز	romaanchak
प्रकोपन	هیجان‌انگیز	prakopan
पुकारना	بعموم آگهی دادن	pukaaranaa
विस्मयादिबोधक	غریو؛ علامت تعجب	vismayaadibodhak
विस्मयसूच्हक	غریو؛ علامت تعجب	vismayasuuchhak
बहिष्कार	محرومیت	bahishkaar
अपवर्जन	محرومیت	apavarjan
निवारक	انحصاری	nivaarak
मल	مدفوع؛ نجاست	mal
मर्मभेदक	مشقت بار	marmabhedak
यंत्रणादायक	مشقت بار	yantranaadaayak
सैर	کشتی تفریحی؛ مسافرت تفریحی	sair
भटकाव	کشتی تفریحی؛ مسافرت تفریحی	bhatakaav
क्षम्य	بخشیدنی؛ معاف شدنی	kshamy
माफी	معذرت؛ بهانه	maaphii
कार्यान्वित करना	اجرا کردن	kaaryaanvit karanaa
कार्यान्वयन	اعدام	kaaryaanvayan
फाँसी	اعدام	phaansii
जल्लाद	دژخیم	jallaad
निष्पादक	مجری؛ اجراکننده	nishpaadak
कार्यान्वित करने वाला	مجری؛ اجراکننده	kaaryaanvit karane vaalaa
अनुकरणीय	عبرتآور؛ نمونهوسرمشق	anukaraniiy
मुक्त	بری؛ معاف	mukt
कसरत	ورزش، ورزش کردن	kasarat
बल लगाना	اعمال کردن	bal lagaanaa
जोर लगाना	اعمال کردن	jor lagaanaa
थकाना	اگزوز؛ اگزوس	thakaanaa
थकान	فرسودگی؛ واماندگی	thakaan
प्रदर्शनी	نمایش دادن	pradarshanii
नुमाइश	نمایشگاه؛ نظر گاه	numaaish
आनन्दकर	مفرح؛ نشاطآور	aanandakar
प्रवास	تبعید	pravaas
वनवास	تبعید	vanavaas
रहना	وجود داشتن	rahanaa
अस्तित्व	زیست؛ زندگی	astitv
गमन	خارج شدن؛ خروج	gaman
अत्यन्त	گزاف	atyant
बहुत ज़्यादा	گزاف	bahut zyaadaa
प्रसार	گسترش	prasaar
आशा करना	انتظار داشتن	aashaa karanaa
रख लेना	انتظار داشتن	rakh lenaa
गर्भवती	آبستن؛ در انتظار	garbhavatii
आशान्वित	آبستن؛ در انتظار	aashaanvit
उम्मीद	انتظار؛ توقع	ummiid
व्यावहारिक	مقتضی؛ مقتضا	vyaavahaarik
शीघ्रता करना	شتاباندن	shiighrataa karanaa
शीघ्र निबटाना	شتاباندن	shiighr nibataanaa
अभियान दल	تسریع؛ اردوکشی	abhiyaan dal
निष्कासित करना	بیرونکردن؛ بیرونانداختن	nishkaasit karanaa
खर्च	هزینه	kharch
व्यय	هزینه	vyay
महँगा	گران	mahangaa
अनुभव	تجربه کردن	anubhav
अनुभूति	تجربه کردن	anubhuuti
प्रायोगिक	تجربی	praayogik
कुशल	متخصص	kushal
मर जाना	منقضی شدن	mar jaanaa
समझाना	توضیح دادن	samajhaanaa
व्याख्यात्मक	تاویلی؛ توضیحی	vyaakhyaatmak
बोधक	تاویلی؛ توضیحی	bodhak
स्पष्टता से	صراحتاً	spashtataa se
शोषण करना	بهره‌برداری کردن	shoshan karanaa
काम में लगाना	بهره‌برداری کردن	kaam men lagaanaa
उपयोग	بهره‌کشی	upayog
दोहन	بهره‌کشی	dohan
गवेक्षण	استخراج؛ سیاحت	gavekshan
अन्वेषणात्मक	اکتشافی	anveshanaatmak
खोज करना	سیاحت کردن؛ اکتشاف کردن	khoj karanaa
गवेक्षक	سیاح؛ پیگرد	gavekshak
अन्वेषक	سیاح؛ پیگرد	anveshak
विस्फोट	احتراق؛ ترکیدن	visphot
भक से उड़ जाने वाला	انفجاری	bhak se ur jaane vaalaa
बारूद	انفجاری	baaruud
निर्यात	صدور؛ صادراتی	niryaat
निर्यात करना	صدور؛ صادراتی	niryaat karanaa
व्याख्या करना	بهتفصیل شرح دادن	vyaakhyaa karanaa
निचोड़ना	بیان کردن	nichoranaa
सूचक	گویا؛ اشارهکننده	suuchak
भावबोधक	گویا؛ اشارهکننده	bhaavabodhak
निकाला जाना	اخراج؛ طرد	nikaalaa jaanaa
व्यापक रूप से	به طور گسترده	vyaapak ruup se
बहुत विस्तृत रूप से	به طور گسترده	bahut vistrit ruup se
हद	حدود؛ بسیط	had
नष्ट कर देना	قلع کردن؛ منقرض کردن	nasht kar denaa
पूर्णतया नष्ट करना	قلع کردن؛ منقرض کردن	puurnatayaa nasht karanaa
बाह्य	ظاهری؛ بیرونی	baahy
दुर्लभ	خاموش؛ معدوم	durlabh
विलोपन	خفگی؛ انهدام	vilopan
बुझाना	خاموش کردن؛ خاموش شدن	bujhaanaa
नष्ट करना	خاموش کردن؛ خاموش شدن	nasht karanaa
जड़ से उखाड़ना	ریشهکن کردن؛ بکلی نابود کردن	jar se ukhaaranaa
जड़ से नष्ट करना	ریشهکن کردن؛ بکلی نابود کردن	jar se nasht karanaa
रंगदारी	غصب؛ اجحاف	rangadaarii
चोथवसूली	غصب؛ اجحاف	chothavasuulii
कर्षाण	استخراج؛ عصارهگیری	karshaan
ऊपरी	غیراصلی	uuparii
फ़िज़ूलखर्ची	زیادهروی؛ گزافگری	fizuulakharchii
अतिव्यय	زیادهروی؛ گزافگری	ativyay
खर्चीला	ولخرج؛ غیرمعقول	kharchiilaa
अस्थिमात्र	فوق‌العاده	asthimaatr
अतिवादी	افراطی	ativaadii
चरमपंथी	افراطی	charamapanthii
सिरा	انتها	siraa
छोर	انتها	chhor
आँख की पुतली	تخمچشم؛ مقله	aankh kii putalii
भौंह	ابرو	bhaunh
भौं	ابرو	bhaun
चश्मा	عینک	chashmaa
पलक	پلک؛ جفن	palak
दृष्टिपत	پلک؛ جفن	drishtipat
ढांचा	پارچه	dhaanchaa
मनगढ़ंत	دروغ نویسی؛ حرف اختراعی	managarhant
कल्पित	شگفت‌انگیز	kalpit
मज़ाकिया	لطیفهدار؛ شوخی آمیز	mazaakiyaa
फ़ेशियल	صورتی	feshiyal
चेहरे का	صورتی	chehare kaa
सरल बनाना	تسهیل کردن	saral banaanaa
सुगम बनाना	تسهیل کردن	sugam banaanaa
सुविधाएँ	تسهیلات؛ امکانات	suvidhaaen
दलबंदी	جناح	dalabandii
गुणक	عامل	gunak
निर्माणशाला	کارخانه	nirmaanashaalaa
कारखाना	کارخانه	kaarakhaanaa
मुरझाना	محو شدن	murajhaanaa
निस्तेजना	محو شدن	nistejanaa
चूकना	شکست خوردن	chuukanaa
गीरना	شکست خوردن	giiranaa
फेल	شکست خورده	phel
परी	جن؛ پری	parii
विचारधारा	اعتقاد؛ ایمان	vichaaradhaaraa
वफादार	وفادار؛ مومن	vaphaadaar
आस्थावान	وفادار؛ مومن	aasthaavaan
जाली	جعلی	jaalii
बनावटी	جعلی	banaavatii
गिरना	افتادن؛ سقوط	giranaa
पतझड़	افتادن؛ سقوط	patajhar
दोषयुक्त	سفسطه آمیز	doshayukt
भ्रम में डालने वाला	سفسطه آمیز	bhram men daalane vaalaa
जोतना	آیش؛ آیش کردن	jotanaa
परती	آیش؛ آیش کردن	paratii
झूठ	ناراستی	jhuuth
असत्यता	ناراستی	asatyataa
झूठ मूठ	کاذبانه؛ بدروغ	jhuuth muuth
गलत ढंग से	کاذبانه؛ بدروغ	galat dhang se
हेरफेर करना	مغشوش	herapher karanaa
गोलमाल करना	مغشوش	golamaal karanaa
जाना माना	بلد؛ آشنا	jaanaa maanaa
अंतरंगता	آشنایی؛ موانست	antarangataa
हेल मेल	آشنایی؛ موانست	hel mel
अकाल	گرسنگی؛ قحطی	akaal
दुर्भिक्ष	گرسنگی؛ قحطی	durbhiksh
प्रसिद्ध	مشهور	prasiddh
पंखा	طرفدار، پنکه	pankhaa
प्रशंसक	طرفدار، پنکه	prashansak
कट्टर	پرتعصب	kattar
कट्टरता	پرتعصب	kattarataa
विलक्षण	تفننی؛ پر اوهام	vilakshan
भावना	قوه مخیله	bhaavanaa
ख्वाब	فانتزی	khvaab
कल्पना	فانتزی	kalpanaa
प्रहसन	کار بیهوده	prahasan
सवारी	کرایه	savaarii
बिदाई	وداع؛ بدرود	bidaaii
खेत	مزرعه؛ کشاورزی کردن	khet
किसान	کشاورز	kisaan
फार्महाउस	خانه رعیتی	phaarmahaaus
सुदूर	اقصی نقطه	suduur
अति दूर	اقصی نقطه	ati duur
मोह लेना	مسحور کردن؛ مفتون کردن	moh lenaa
मंत्र मुग्ध करना	مسحور کردن؛ مفتون کردن	mantr mugdh karanaa
सम्मोहन	فریبندگی	sammohan
शोभाचारी	شیک	shobhaachaarii
तुरंत	سریع	turant
थोपना	بستن؛ محکم کردن	thopanaa
कसनी	یراق در	kasanii
दुराराध्य	بدمنش؛ باریک بین	duraaraadhy
दुस्तोषणीय	بدمنش؛ باریک بین	dustoshaniiy
किला	استواری؛ تندی	kilaa
मोटा	چاق؛ چربی	motaa
घातक	کشنده	ghaatak
अंतकारी	کشنده	antakaarii
अनाथ	بی پدر	anaath
पितृहीन	بی پدر	pitrihiin
पितृवत्	پدروار؛ پدرانه	pitrivat
पिता तुल्य	پدروار؛ پدرانه	pitaa tuly
थकावट	خستگی؛ فرسودگی	thakaavat
मोटा करना	چاق کردن؛ پرواری کردن	motaa karanaa
मोटा हो जाना	چاق کردن؛ پرواری کردن	motaa ho jaanaa
चर्बीदार	پیه دار؛ چربی مانند	charbiidaar
पक्षपात	سوگیری؛ پارتی بازی	pakshapaat
अहसान	منت؛ التفات	ahasaan
हितकारी	مطلوب	hitakaarii
कृपापाट्र	مورد علاقه	kripaapaatr
बेचैनी	ترس	bechainii
दबंग	متهور؛ ناپروا	dabang
साध्य	شدنی؛ صورت پذیر	saadhy
सुकर	شدنی؛ صورت پذیر	sukar
कमाल	شاهکار	kamaal
वीरता का काम	شاهکار	viirataa kaa kaam
पंख	پر؛ باپرآراستن	pankh
फ़रवरी	فوریه	faravarii
फरवरी माह	فوریه	pharavarii maah
संघी	فدرال	sanghii
राज्य संबंधी	فدرال	raajy sanbandhii
संघवाद	فدرالیسم	sanghavaad
संघ का अनुमोदन करना	فدرالیسم	sangh kaa anumodan karanaa
संघबद्ध	متعهد کرد	sanghabaddh
संघ बनाना	متعهد کرد	sangh banaanaa
कई राज्यों या संस्थाओं का संघ	فدراسیون	kii raajyon yaa sansthaaon kaa sangh
फीस	اجرت؛ پردازه	phiis
कमज़ोर	شل؛ کم زور	kamazor
कमजोर	شل؛ کم زور	kamajor
फीडबैक	پس خوراند	phiidabaik
पुनर्निवेशन	پس خوراند	punarniveshan
महसूस करना	احساس کردن	mahasuus karanaa
अनुदान	پژوهانه؛ هم صحبتی	anudaan
अंगुलबेढ़ा	تبهکار؛ بزهکار	angulaberhaa
महापराध	جنایت؛ تبهکاری	mahaaparaadh
आपराधिक कार्य	جنایت؛ تبهکاری	aaparaadhik kaary
स्त्री	زن، زنانه	strii
स्त्री सबंधी	زن، زنانه	strii sabandhii
स्त्रैण	مونث؛ مادین	strain
स्त्रीलिंग	مونث؛ مادین	striiling
नारी अधिकारवादी	فمینیست	naarii adhikaaravaadii
नारीवादी{स्त्री के अधिकारों के पक्ष का व्यक्ति}	فمینیست	naariivaadii{strii ke adhikaaron ke paksh kaa vyakti}
ऊरु संबंधी	رانی	uuru sanbandhii
जंघा संबंधी	رانی	janghaa sanbandhii
ऊर्वस्थि	استخوان ران	uurvasthi
जाँघ की हड्डी	استخوان ران	jaangh kii haddii
घेराबंदी	شمشیر بازی	gheraabandii / baarh / baaraa
बाढ़/बाड़ा	شمشیر بازی	gheraabandii / baarh / baaraa
खमीरण	ترش کردن؛ مخمر کردن	khamiiran
किन्वण	ترش کردن؛ مخمر کردن	kinvan
खूँखार	سبع	khuunkhaar
उग्रता	سبعیت؛ وحشی گری	ugrataa
प्रचण्डता	سبعیت؛ وحشی گری	prachandataa
घाट	عبوردادن؛ گذر دادن	ghaat
उर्वर	بارور؛ حاصلخیز	urvar
उपजाऊ	بارور؛ حاصلخیز	upajaauu
उपजाऊपन	باروری؛ حاصلخیزی	upajaauupan
उर्वरता	باروری؛ حاصلخیزی	urvarataa
उत्कट	پرشور وشعف	utkat
उत्सुकता भरी	پرشور وشعف	utsukataa bharii
उत्सवी	بزمی	utsavii
उल्लासमय	بزمی	ullaasamay
आनन्दोत्सव	بزم؛ جشن و سرور	aanandotsav
आमोद प्रमोद	بزم؛ جشن و سرور	aamod pramod
ले आना	وا کشیدن	le aanaa
जाकर लाना	وا کشیدن	jaakar laanaa
बेड़ी	پابند	berii
सामंती	تیولی؛ ملوک الطوایفی	saamantii
जागीरदारी	تیولی؛ ملوک الطوایفی	jaagiiradaarii
सामंतशाही	ملوک الطوایفی	saamantashaahii
जागीरदारी प्रथा	ملوک الطوایفی	jaagiiradaarii prathaa
ताप	تب	taap
ज्वर	تب	jvar
ज्वरजन्य	تب دار	jvarajany
तुर्की टोपी	فس	turkii topii
मंगेतर	نامزد	mangetar
वाग्दत्त	نامزد	vaagdatt
प्रकृति	فیبر	prakriti
तार	فیبر	taar
रेशेदार	لیفی	reshedaar
रेशे जैस्	لیفی	reshe jais
कथा	داستان	kathaa
कथा साहित्य	داستان	kathaa saahity
अलीक	مستعار	aliik
जालसाज़ी	زرزر کردن؛ ویولن زدن	jaalasaazii
वायलिन	زرزر کردن؛ ویولن زدن	vaayalin
जोशीला	آتشی؛ مهیج	joshiilaa
क्रोधित	آتشی؛ مهیج	krodhit
पंद्रह	پانزده	pandrah
पन्द्रह	پانزده	pandrah
पंचम	پنجم	pancham
पंचमांग	پنجم	panchamaang
पचासवाँ	پنجاهمین؛ یک پنجاهم	pachaasavaan
पचास	پنجاه	pachaas
अंजीर	انجیر	anjiir
अञ्जीर	انجیر	anyjiir
लड़ाकू	مبارز؛ رزمنده	laraakuu
आकृति	رقم، شکل	aakriti
घिसना	خط؛ سوهان	ghisanaa
दर्ज करना	خط؛ سوهان	darj karanaa
संतानोचित	درخورفرزند	santaanochit
बेटा संबंधी	درخورفرزند	betaa sanbandhii
फ़िलिपीनी	فیلیپینی	filipiinii
भराव	بطانه؛ پر کننده	bharaav
फिल्म निर्माता	فیلم‌ساز	philm nirmaataa
चलचिट्र निर्माता	فیلم‌ساز	chalachitr nirmaataa
छलनी	فیلتر کردن	chhalanii
छन्नी	فیلتر کردن	chhannii
गंदगी	نجاست؛ رجاست	gandagii
अंतिम	نهایی؛ نهایی (اسم)	antim
अन्तिम	نهایی؛ نهایی (اسم)	antim
पूँजी	دارایی؛ مالیه	puunjii
वित्तीय	دارایی؛ مالیه	vittiiy
वित्तदाता	سرمایه دار؛ سرمایه گذار	vittadaataa
कोष प्रबन्धक	سرمایه دار؛ سرمایه گذار	kosh prabandhak
ढूँढ़ना	پیدا کردن	dhuunrhanaa
पाने वाला	یابنده	paane vaalaa
ढूँढने वाला	یابنده	dhuundhane vaalaa
जुर्माना	جریمه، جریمه کردن؛ خوب	jurmaanaa
चतुराई	نکته بینی؛ زیرکی بکار بردن	chaturaaii
इकाई	انگشت	ikaaii
जेबकतरा	انگشت	jebakataraa
अँगुली-पट्ट	جا انگشتی	angulii-patt
फ़िंगरबोर्ड	جا انگشتی	fingarabord
नियत	متناهی	niyat
असला	سلاح گرم	asalaa
अग्न्यस्ट्र	سلاح گرم	agnyastr
अशान्ति फैलानेवाला	آتش پاره	ashaanti phailaanevaalaa
जल्दी उत्तेजित होने वाला	آتش پاره	jaldii uttejit hone vaalaa
अग्निशामक	آتش‌نشان	agnishaamak
आग बुझाने वाला व्यक्ति	آتش‌نشان	aag bujhaane vaalaa vyakti
ईंधन की लकड़ी	حطب؛ هیزم	iindhan kii lakarii
जलाने की लकड़ी	حطب؛ هیزم	jalaane kii lakarii
पटाखे	آتش‌بازی	pataakhe
मज़बूती से	قاطعانه	mazabuutii se
मजबूती	استواری؛ ثبات	majabuutii
प्रतिष्ठित	اول (اسم)؛ اول، اولین	pratishthit
प्रथम	اول (اسم)؛ اول، اولین	pratham
सबसे पहला	اولاً	sabase pahalaa
आरम्भ में	اولاً	aarambh men
राजकर संबन्धी	مالیاتی؛ محاسباتی	raajakar sanbandhii
राजस्व संबंधी	مالیاتی؛ محاسباتی	raajasv sanbandhii
मछली	ماهی؛ ماهی گرفتن	machhalii
मछुआ	صیاد؛ ماهیگیر	machhuaa
मछुआरा	صیاد؛ ماهیگیر	machhuaaraa
मत्स्य क्षेट्र	شیل؛ ماهی گیری	matsy kshetr
मछली पकड़ने की जगह	شیل؛ ماهی گیری	machhalii pakarane kii jagah
मछली पकड़ना	ماهیگیری	machhalii pakaranaa
मछली मारना	ماهیگیری	machhalii maaranaa
विखंडन	شکافت	vikhandan
विभंजन	شکافت	vibhanjan
मुट्ठी	مشت؛ بامشت گرفتن	mutthii
मुठ्ठी	مشت؛ بامشت گرفتن	muththii
समाना	مناسب بودن؛ مناسب، حمله	samaanaa
व्याकुल	هوس پرست	vyaakul
अनियमित	هوس پرست	aniyamit
दुरुस्ती	مناسبت	durustii
पंच	پنج	panch
पाँच	پنج	paanch
देखना	تعمیر کردن	dekhanaa
ग्रस्तता	عشق زیاد	grastataa
यौगिकीकरण	عشق زیاد	yaugikiikaran
मरम्मती	وسایل ثابت	marammatii
कमज़ोर/ढीला	چروک شده؛ شل وول	kamazor / dhiilaa
मूसल	گندم کوب؛ خرمن کوب	muusal
ज़ोर से हिलना	گندم کوب؛ خرمن کوب	zor se hilanaa
ज्योति	شعله؛ زبانه	jyoti
दहकता हुआ	شعلهور	dahakataa huaa
आग सी	شعلهور	aag sii
पार्श्व	پهلو؛ خاصره	paarshv
पल्ला	پرزدن؛ پرپرزدن	pallaa
फड़फड़ाहट	پرزدن؛ پرپرزدن	pharapharaahat
हिलती रोशनी	شعله؛ شعله زنی	hilatii roshanii
पतले मुंह की बोतल	بغلی؛ دبه	patale munh kii botal
मंद	آپارتمان؛ صاف، یک طبقه	mand
समतल	آپارتمان؛ صاف، یک طبقه	samatal
समतल होना	مسطح کردن؛ بیمزه کردن	samatal honaa
पूरी तरह हरा देना	مسطح کردن؛ بیمزه کردن	puurii tarah haraa denaa
खुश होना	تملق کردن؛ مداهنه کردن	khush honaa
चापलूसी करना	تملق کردن؛ مداهنه کردن	chaapaluusii karanaa
चापलूसी करने वाला	متملقانه؛ تملق آمیز	chaapaluusii karane vaalaa
प्रशंसा करने योग्य	متملقانه؛ تملق آمیز	prashansaa karane yogy
चापलूसी	تملق؛ شیره مالی	chaapaluusii
चमचागिरी	تملق؛ شیره مالی	chamachaagirii
घमण्ड से दिखाना	نازیدن؛ جولان دادن	ghamand se dikhaanaa
स्वाद	مزه؛ طعم	svaad
कमज़ोरी	نقص	kamazorii
एक छोटा पौधा	بزرک	ek chhotaa paudhaa
धागा{एक पौधे से बनाया गया}	بزرک	dhaagaa{ek paudhe se banaayaa gayaa}
खाल उतारना	سخت انتقاد کردن	khaal utaaranaa
कड़ी आलोचना करना	سخت انتقاد کردن	karii aalochanaa karanaa
पिस्सू	کیک؛ شبگز	pissuu
पीस्सू	کیک؛ شبگز	piissuu
फरार होना	فرار کردن	pharaar honaa
मुलायम	مثل پشم	mulaayam
ऊनी	مثل پشم	uunii
क्षणिक	تندپا	kshanik
गूदा	گوشت	guudaa
चरबी	گوشت	charabii
मांसल	گوشتالو؛ گوشتی	maansal
गूदेदार	گوشتالو؛ گوشتی	guudedaar
लचीला तार	منقبض کردن	lachiilaa taar
बिजली का तार	منقبض کردن	bijalii kaa taar
सुनम्यता	انعطاف‌پذیری	sunamyataa
नरम	قابل تغییر؛ قابل انحناء	naram
झटका	تلنگر	jhatakaa
चंचल	سوسوزن	chanchal
पलायन	پرواز	palaayan
सीढ़ियाँ	پرواز	siirhiyaan
रंगरली	جفتک پرانی	rangaralii
जंगली बर्ताव	جفتک پرانی	jangalii bartaav
चकमक पत्थर	چخماق؛ سنگ فندک	chakamak patthar
एक तरह का सख्त पत्थर	چخماق؛ سنگ فندک	ek tarah kaa sakht patthar
खेलना	طناز؛ لاس زدن	khelanaa
ज्वार	سیل؛ طوفان	jvaar
मंच	کف، طبقه	manch
फर्श	کف سازی	pharsh
असफल व्यक्ति	صدای چلپ؛ باصدای تلپ افتادن	asaphal vyakti
फ़्लपी	مسخره وار	flapii
वनस्पति	گیا؛ الهه گل	vanaspati
दिखावटी	گلگون؛ سلیس وشیوا	dikhaavatii
आलंकारिक	گلگون؛ سلیس وشیوا	aalankaarik
फ़्लोरिडा	فلوریدا	floridaa
आटा	آرد؛ آرد کردن	aataa
पीसना	آرد؛ آرد کردن	piisanaa
हिलाना	رونق گرفتن	hilaanaa
पनपना	رونق گرفتن	panapanaa
पलाश	گل	palaash
पुष्पित	گلدار؛ شکفتگی	pushpit
फ़्लू	آنفولانزا	fluu
फ्लू{बीमारी}	آنفولانزا	phluu{biimaarii}
घटना बढ़ना	مواج	ghatanaa barhanaa
बदलता रहना	مواج	badalataa rahanaa
अस्थिरता	نوسان	asthirataa
बदलाव	نوسان	badalaav
रोआँ	کرکدار شدن	roaan
नर्म रोयाँ	کرکدار شدن	narm royaan
ताना	پرت	taanaa
समृद्ध	آبریز	samriddh
बाँसुरी	مزمار؛ زماره	baansurii
मुरली	مزمار؛ زماره	muralii
कम्पन	اهتزاز	kampan
उड़ने वाला	پرواز	urane vaalaa
घोड़े का छोटा बच्चा	خرک	ghore kaa chhotaa bachchaa
झाग	کف کردن؛ جوش وخروش	jhaag
फोम	کف کردن؛ جوش وخروش	phom
प्रकाश	تمرکز، تمرکز کردن	prakaash
समाचार	علوفه؛ علیق	samaachaar
कोहरा	میغ؛ مه گرفتن	koharaa
कुहासा	میغ؛ مه گرفتن	kuhaasaa
धुँधला	میغی؛ مهآلود	dhundhalaa
कोहरेदार	میغی؛ مهآلود	koharedaar
तलवार	زرورق؛ عقیم گذاردن	talavaar
पन्नी	زرورق؛ عقیم گذاردن	pannii
पर्ण समूह	شاخ و برگ	parn samuuh
जनता	قوم وخویش	janataa
रोम छिद्र	برگه	rom chhidr
अनुगामी	هواخواه؛ تابع	anugaamii
अनुयायी	هواخواه؛ تابع	anuyaayii
होने पर	زیر، بعدی	hone par
मूर्खता	نابخردی؛ ابلهی	muurkhataa
फ़ली	نابخردی؛ ابلهی	falii
खाद्य पदार्थ	موادغذایی	khaady padaarth
मूढ़	احمق	muurh
मूर्खतापूर्ण	احمقانه؛ سفیه	muurkhataapuurn
मूर्खता से	احمقانه؛ سفیهانه	muurkhataa se
चरण	پا	charan
फुटमान	فیلم	phutamaan
फ़िल्म का हिस्सा	فیلم	film kaa hissaa
फुटबॉल	فوتبال	phutabol
फ़ुटबाल	فوتبال	futabaal
सुरक्षित स्थान	جاپا؛ جای ثابت	surakshit sthaan
वर्दीधारी सेवक	شاطر	vardiidhaarii sevak
चरणचिन्ह	ردپا	charanachinh
क़दम	جاپا؛ گام برداری	qadam
तक	برای	tak
के लिये	برای	ke liye
मना करना	ممنوع کردن	manaa karanaa
निषिद्ध	ممنوع؛ ممنوعه	nishiddh
वर्जित	ممنوع؛ ممنوعه	varjit
सशक्त	اجبارا	sashakt
चिमटी	انبر جراحی	chimatii
चिमटा	انبر جراحی	chimataa
बलपूर्ण	موثر؛ عدوانی	balapuurn
बलसम्पादित	موثر؛ عدوانی	balasampaadit
बलपूर्वक	عنفا؛ مجبوراً	balapuurvak
फोर्ड	فرد؛ گدار	phord
अग्रभुज	ارش؛ ساعد	agrabhuj
हाथ{कोहनी तक}	ارش؛ ساعد	haatha{kohanii tak}
पूर्वानुमान	پیش‌بینی	puurvaanumaan
तर्जनी	سبابه؛ انگشت شهادت	tarjanii
सबसे आगे	صف جلو	sabase aage
अग्र स्थान	صف جلو	agr sthaan
अग्रभूमि	پیشصحن	agrabhuumi
सर्वप्रमुख स्थान	پیشصحن	sarvapramukh sthaan
मस्तिष्क	پیشانی؛ منصه	mastishk
माथा	پیشانی؛ منصه	maathaa
परदेशी	خارجی	paradeshii
ज्यूरीप्रमुख	فورمن؛ سرکارگر	jyuuriipramukh
सर्वप्रथम	جلوترین؛ دردرجه نخست	sarvapratham
अग्रिम	جلوترین؛ دردرجه نخست	agrim
अग्रदूत	پیشرو؛ پیشگام	agraduut
पूर्वानुमान लगाना	پیش اندیش	puurvaanumaan lagaanaa
दूरदृष्टि	ابصار؛ پیش اندیشی	duuradrishti
अग्रदृष्टि	ابصار؛ پیش اندیشی	agradrishti
जंगल	جنگل	jangal
वन	جنگل	van
वनविद्या	جنگلداری؛ جنگلبانی	vanavidyaa
वन निर्माण	جنگلداری؛ جنگلبانی	van nirmaan
पूर्वानुभव	آزمایش قبلی	puurvaanubhav
भविष्यवाणी करना	نبوت کردن؛ پیشگوئی کردن	bhavishyavaanii karanaa
पहले से बताना	نبوت کردن؛ پیشگوئی کردن	pahale se bataanaa
सदैव	برای همیشه؛ الی الابد	sadaiv
जुरमाना	ضبط شده	juramaanaa
ढालना	جعل کردن	dhaalanaa
जालसाज	جاعل؛ جعل کننده	jaalasaaj
नकल	جعل؛ سند سازی	nakal
भूलना	فراموش کردن	bhuulanaa
भुलना	فراموش کردن	bhulanaa
भुलक्कड़	فراموشکار؛ کم حافظه	bhulakkar
क्षमा करना	آمرزیدن؛ عفو کردن	kshamaa karanaa
माफ करना	آمرزیدن؛ عفو کردن	maaph karanaa
जंदर	چنگال	jandar
पांचा	چنگال	paanchaa
परित्यक्त	مهجور؛ بی کس	parityakt
सुव्यवस्थित	رسمی	suvyavasthit
औपचारिकता	تکلف؛ رسمیت	aupachaarikataa
औपचारिक रूप से	رسما	aupachaarik ruup se
विधिवत् रूप से	رسما	vidhivat ruup se
प्रबन्ध	قالب	prabandh
प्रारूप	قالب	praaruup
पहले जैसे	قبلاً	pahale jaise
विकट	سهمناک؛ ژیان	vikat
विधि	فرمول	vidhi
सूत्र	فرمول	suutr
निरूपित करना	فرموله کردن	niruupit karanaa
प्रतिपादित करना	فرموله کردن	pratipaadit karanaa
बाहर	رو به جلو	baahar
स्पष्टवादी	قریب‌الوقوع	spashtavaadii
आसन्न	قریب‌الوقوع	aasann
किलेबंधी	تقویت؛ حصار	kilebandhii
किलेबन्दी	تقویت؛ حصار	kilebandii
पुष्ट करना	مستحکم کردن؛ سنگربندی کردن	pusht karanaa
सशक्त करना	مستحکم کردن؛ سنگربندی کردن	sashakt karanaa
पखवारा	دوهفته	pakhavaaraa
पखवाड़ा	دوهفته	pakhavaaraa
पाक्षिक	دو هفتگی	paakshik
हर पखवाड़े में	دو هفتگی	har pakhavaare men
सौभाग्यशाली	خوش شانس	saubhaagyashaalii
सौभाग्यवश	خوشبختانه	saubhaagyavash
भाग्य से	خوشبختانه	bhaagy se
चालीस	چهل	chaaliis
आगे की ओर	جلو	aage kii or
जीवाश्म	فسیل	jiivaashm
जीवावशेष	فسیل	jiivaavashesh
प्रोत्साहित करना	پرورش دادن	protsaahit karanaa
बदबूदार	ناجوانمردانه؛ چرک شدن	badabuudaar
अभद्र	ناجوانمردانه؛ چرک شدن	abhadr
संस्थापक	بنیانگذار	sansthaapak
स्थापित करना	تشکیل دهنده	sthaapit karanaa
परित्यक्त शिशु	لقیط	parityakt shishu
परित्यक्त बालक	لقیط	parityakt baalak
संधानी	چدن ریزی	sandhaanii
ढलाई घर	چدن ریزی	dhalaaii ghar
फव्वारा	چشمه	phavvaaraa
जलयंत्र	چشمه	jalayantr
चौका	چهار	chaukaa
चार	چهار	chaar
चौदह	چهارده	chaudah
चौथा	چهارم	chauthaa
पक्षी	پرنده	pakshii
बहेलिया	شکارچی پرندگان	baheliyaa
लोमड़ी	روبه؛ روباه بازی کردن	lomarii
लोम्ड़ी	روبه؛ روباه بازی کردن	lomrii
दुर्बल	شکننده	durbal
भंगुरताआ	تردی؛ زودشکنی	bhangurataa
नाज़ुकपन	تردی؛ زودشکنی	naazukapan
खंडित	ریز شده؛ جزء جزء	khandit
छोटे छोटे{टुकड़ों में}	ریز شده؛ جزء جزء	chhote chhote{tukaron men}
तनुराग	معطر؛ خوشبو	tanuraag
सुगन्धित	معطر؛ خوشبو	sugandhit
शक्तिहीन	پوشالی؛ بی بنیه	shaktihiin
प्राधारिक	چارچوب	praadhaarik
फ़्रांस	فرانسه	fraans
मताधिकार	حق امتیاز	mataadhikaar
विशेषाधिकारअ	حق امتیاز	visheshaadhikaara
सच्चा	فاش؛ فرانک	sachchaa
ईमानदारी से	رک و راست	iimaanadaarii se
निष्कपटता से	رک و راست	nishkapatataa se
स्पष्टवादिता	رک گوئی	spashtavaaditaa
मुँहफ़टपना	رک گوئی	munhafatapanaa
व्यग्र	دیوانه وار	vyagr
व्यग्रतापूर्वक	دیوانه وار	vyagrataapuurvak
पागलपन से	دیوانه وار	paagalapan se
बंधुत्व	اخوت؛ مجمع اخوت	bandhutv
बिरादरी	اخوت؛ مجمع اخوت	biraadarii
धोखेबाज	دغل؛ تقلبی	dhokhebaaj
अजीब	ناقصالخلقه	ajiib
स्वतंत्र	آزاد کردن؛ آزاد، رایگان	svatantr
निःशुल्क	آزاد کردن؛ آزاد، رایگان	nihshulk
स्वतंत्रता	آزادی	svatantrataa
पूर्ण स्वामित्व	مالکیت مطلق؛ ملک موروثی	puurn svaamitv
पूर्ण स्वामित्व से	مالکیت مطلق؛ ملک موروثی	puurn svaamitv se
स्वतंत्रतापूर्वक	آزادانه	svatantrataapuurvak
इच्छा से	آزادانه	ichchhaa se
गुप्त संस्था का सदस्य	فراماسون؛ فراماسیون	gupt sansthaa kaa sadasy
अन्तर्राष्ट्रिय गुप्त सभा का सदस्य	فراماسون؛ فراماسیون	antarraashtriy gupt sabhaa kaa sadasy
अन्तर्राष्टीय गोपनीय संस्था की कार्य प्रणाली और अधिकार	فراماسیونی	antarraashtiiy gopaniiy sansthaa kii kaary pranaalii aur adhikaar
स्वाधीन नागरिक	آزادگان	svaadhiin naagarik
जमना	یخبندان؛ منجمد کردن	jamanaa
जमा देना	یخبندان؛ منجمد کردن	jamaa denaa
भरना	گرانبار کردن؛ کرایه کشتی	bharanaa
फ़्रांसीसी	فرانسوی؛ زبان فرانسه	fraansiisii
फ़्रांसवासी	فرانسوی؛ زبان فرانسه	fraansavaasii
बेकाबू और उतेज़ित	شوریده؛ شوریده حال	bekaabuu aur utezit
पागलपन	شوریدگی؛ شوریده کردن	paagalapan
आवृत्ति	تناوب؛ بسامد	aavritti
आवृति	تناوب؛ بسامد	aavriti
तीव्र	مکرر	tiivr
बहुधा	اغلب؛ مکرراً	bahudhaa
साफ़	تازه	saaf
नया	تازه	nayaa
ताज़गी	تازگی؛ شادابی	taazagii
शीतलता	تازگی؛ شادابی	shiitalataa
चिंता करना	هایهو کردن؛ جور بجور کردن	chintaa karanaa
व्यथित होना	هایهو کردن؛ جور بجور کردن	vyathit honaa
शुक्रवार	جمعه	shukravaar
फ्रिज	یخچال	phrij
तला हुआ	سرخ کرده	talaa huaa
मित्रता	خوش مشربی	mitrataa
दोस्ताना	دوستانه	dostaanaa
स्नेहशील	دوستانه	snehashiil
मैत्री	یاری؛ دوستی	maitrii
दोस्ती	یاری؛ دوستی	dostii
पोत	فرقت	pot
लड़ाई का जहाज	فرقت	laraaii kaa jahaaj
भद्दा दिखनेवाला व्यक्ति	رم دادن	bhaddaa dikhanevaalaa vyakti
डराना	هراسانیدن؛ ترساندن	daraanaa
भयभीतअना	هراسانیدن؛ ترساندن	bhayabhiitaanaa
खराब{अनौपचारिक}	وحشت انگیز	kharaaba{anaupachaarik}
मंदकाम	خنک	mandakaam
किनारी	سجاف؛ چتر زلف	kinaarii
छिछोरापन	سبکی؛ لوسی	chhichhoraapan
चपलता	سبکی؛ لوسی	chapalataa
असारतापूर्वक	سبکسرانه	asaarataapuurvak
अंगरखा	فراک؛ لباس اسموکینگ	angarakhaa
फ़्रक	فراک؛ لباس اسموکینگ	frak
मेढक	قورباغه	medhak
दादुर	قورباغه	daadur
मस्ती	ورجه ورجه کردن	mastii
के यहाँ से	از	ke yahaan se
सामने	جلو	saamane
सामने का	پیشانی؛ وابسته بجلو	saamane kaa
ललाट का	پیشانی؛ وابسته بجلو	lalaat kaa
सीमांत	مرز؛ سرحد	siimaant
सरहद	مرز؛ سرحد	sarahad
पाला	شبنم؛ سرماریزه	paalaa
तुषार	شبنم؛ سرماریزه	tushaar
त्यौरी चढाना	اخم؛ اخم کردن	tyaurii chadhaanaa
त्योरी चढ़ाना	اخم؛ اخم کردن	tyorii charhaanaa
स्तंभित	منجمد؛ منجمده	stanbhit
हिमीभूत	منجمد؛ منجمده	himiibhuut
फलहीन	بی بر؛ بی میوه	phalahiin
कुंठित करना	هیچ کردن؛ ناامید کردن	kunthit karanaa
हताश	ناامید	hataash
अवसादी	مایوس کننده	avasaadii
निराश युक्त	مایوس کننده	niraash yukt
कुंठा	ناامیدی	kunthaa
उत्तेजक बात	سوخت؛ سوختی	uttejak baat
क्षणभंगुर	گریخته؛ فراری	kshanabhangur
शरणार्थी	گریخته؛ فراری	sharanaarthii
संगीत रचना{जिसमें एक या एक से अधिक विषयों को जटिल नमूने में दोहराया हो}	نوعی آلت	sangiit rachanaa{jisamen ek yaa ek se adhik vishayon ko jatil namuune men doharaayaa ho}
निभाना	برآورده کردن	nibhaanaa
पूर्ति	انجام؛ ایفاء	puurti
परितोष	انجام؛ ایفاء	paritosh
पूर्णता	پری؛ سیری	puurnataa
पूर्णकालिक	تمام وقت	puurnakaalik
पूर्ण समय	تمام وقت	puurn samay
पूर्ण रूप से	مفصل؛ تماما	puurn ruup se
क्रियाशील	کاربردی	kriyaashiil
धन	تهیه وجه کردن	dhan
मूल रुप से	اساساً	muul rup se
अनुदान संचयन	جمع‌آوری کمک مالی	anudaan sanchayan
दफन	مراسم خاکسپاری	daphan
शवयात्रा	مراسم خاکسپاری	shavayaatraa
फनल द्वारा निकालना	قیف؛ قیفی شکل	phanal dvaaraa nikaalanaa
रोएँदार	پوست؛ خز	roendaar
प्रस्तुत करना	تهیه کردن؛ دارای اثاثه کردن	prastut karanaa
उपस्कर	مبلمان	upaskar
फर्नीचर	مبلمان	pharniichar
खाँचा	شیار کردن؛ شیار زدن	khaanchaa
रोमदार	خزدار؛ خزپوش	romadaar
रोम जैसा	خزدار؛ خزپوش	rom jaisaa
रहस्यमय	زیر جلی	rahasyamay
प्रकोप	غضب؛ سوداء	prakop
पलीता	فتیله؛ گداختن	paliitaa
आवेगपूर्ण अभिव्यक्ति	شلیک متوالی	aavegapuurn abhivyakti
बारूद की बौछार	شلیک متوالی	baaruud kii bauchhaar
हड़बड़ी	هیاهو؛ ولوله	harabarii
निरर्थकता	عبثی؛ بیهودگی	nirarthakataa
असारता	عبثی؛ بیهودگی	asaarataa
भावी	آینده	bhaavii
परलोक	آینده	paralok
प्रतिबंध	شیرین کاری	pratibandh
ठेपी	شیرین کاری	thepii
आकाशगंगा	کهکشان	aakaashagangaa
तारा समूह	کهکشان	taaraa samuuh
बहादुर	زن باز؛ دلاوری کردن	bahaadur
नारी भक्ती	زن نوازی	naarii bhaktii
रसोईघर	رانکا؛ رامکا	rasoiighar
गैलन	گالن	gailan
गैलन{लगभग 4.5 लीटर}	گالن	gailana{lagabhag 4.5 liitar}
तेजी	تاخت؛ چهارنعل	tejii
सरपट चाल	تاخت؛ چهارنعل	sarapat chaal
फाँसी का तख़्ता	دار؛ صلابه	phaansii kaa takhtaa
फ़ाँसी का तख्ता	دار؛ صلابه	faansii kaa takhtaa
जुआ	قمار کردن؛ قماربازی کردن	juaa
जुआ खेलना	قمار کردن؛ قماربازی کردن	juaa khelanaa
जुआरी	قمارباز؛ مهرهباز	juaarii
द्युत	قمار	dyut
गंडिका	غده لنفاوی	gandikaa
नाड़ीग्रन्थि	غده لنفاوی	naariigranthi
कोथ	قانقاریا	koth
माँस का सड़ाव	قانقاریا	maans kaa saraav
गैरेज	گاراژ؛ در گاراژ گذاردن	gairej
मोटरघर	گاراژ؛ در گاراژ گذاردن	motaraghar
मैदान	باغ	maidaan
बगीचा	باغ	bagiichaa
माली	باغبان	maalii
बाग़बान	باغبان	baaghabaan
बागबानी	باغبانی؛ سبزیکاری	baagabaanii
लहसुन	سیر	lahasun
वस्ट्र	جامه؛ ملبوس	vastr
सैन्य दुर्ग	ساخلو؛ پادگان	sainy durg
रक्षकसेना	ساخلو؛ پادگان	rakshakasenaa
इलास्टिक बंद	بند زدن	ilaastik band
मोज़ा बन्द	بند زدن	mozaa band
त्वरित्र	گاز	tvaritr
गैस्कन	گاسگن؛ لاف زن	gaiskan
डींगमार	گاسگن؛ لاف زن	diingamaar
गैसीय	گازدار؛ گازی	gaisiiy
गैस का सा	گازدار؛ گازی	gais kaa saa
गहरा घाव	شکافدار کردن؛ مقاربت جنسی	gaharaa ghaav
गहरा घाव करना	شکافدار کردن؛ مقاربت جنسی	gaharaa ghaav karanaa
गैस का प्रकाशअ	گاز سوز؛ شعله گاز	gais kaa prakaasha
गैसोलीन	بنزین؛ گازولین	gaisoliin
गैसोलिन	بنزین؛ گازولین	gaisolin
हाँफना	نفس بریده	haanphanaa
जठरीय	معدی	jathariiy
पेट का	معدی	pet kaa
जलद्वार	دروازه	jaladvaar
मापक	اندازهگیر	maapak
नाप	اندازهگیر	naap
मरियल	زننده ساختن	mariyal
बदसूरत	زننده ساختن	badasuurat
महीन कपड़ा	گاز؛ تنزیب	mahiin kaparaa
समलैंगिक	همجنس‌گرا	samalaingik
आन्दमय	همجنس‌گرا	aandamay
टकटकी	خیره شدن	takatakii
एक्टक देखने ताला	خیره شدن	ektak dekhane taalaa
गजट	مجله رسمی	gajat
राजपत्र	مجله رسمی	raajapatr
गति	دنده، تجهیزات	gati
सरेस	ژلاتین؛ سریشم	sares
जिलेटिन	ژلاتین؛ سریشم	jiletin
सरेस जैसा	ژلاتینی	sares jaisaa
लुआब जैसा	ژلاتینی	luaab jaisaa
रत्न	جواهر نشان کردن؛ سنگ گران بها	ratn
लिंग	جنسیت	ling
जीन	ژن	jiin
प्त्रैक	ژن	ptraik
साधारणीकरण	تعمیم	saadhaaraniikaran
प्रा	عموما؛ معمولا	praa
उत्पादन	تولید؛ زاد	utpaadan
उत्पादक	تولیدی؛ نسلی	utpaadak
जाति का	عمومی	jaati kaa
उदारतापूर्वक	سخاوتمندانه؛ بی دریغ	udaarataapuurvak
उत्पत्ति	تکوین؛ طرز تشکیل	utpatti
आनुवांशिक	ژنتیکی	aanuvaanshik
उत्पत्तिमूलक	ژنتیکی	utpattimuulak
जेनीवा	ژنو	jeniivaa
हँसमुख	خوش دهن	hansamukh
प्रसन्नचित	خوش دهن	prasannachit
सौहार्द	خوش معاشرتی	sauhaard
जनसंहार	نسل‌کشی	janasanhaar
जातिसंहार	نسل‌کشی	jaatisanhaar
गैर यहूदी	غیر کلیمی	gair yahuudii
गैर यहूदी संबंधी	غیر کلیمی	gair yahuudii sanbandhii
ऋजु	نرم؛ معتدل	riju
सज्जन	جنتلمن؛ سمیو	sajjan
कोमलता	ملایمت؛ نرمی	komalataa
सौजन्य	ملایمت؛ نرمی	saujany
कुलीन महिला	زن نجیب؛ زن باتربیت	kuliin mahilaa
नरमी से	بارامی؛ نرم نرم	naramii se
सचमुच में	واقعاًً	sachamuch men
भौगोलिक	جغرافیایی	bhaugolik
भू अर्जन	جغرافیایی	bhuu arjan
भूगोल	جغرافیا	bhuugol
भौमिकी	زمینشناسی؛ معرفت الارظ	bhaumikii
भूतत्व	زمینشناسی؛ معرفت الارظ	bhuutatv
ज्यामितीय	هندسی	jyaamitiiy
रेखागणित	هندسه	rekhaaganit
ज्यामिति	هندسه	jyaamiti
जॉर्जिया	گرجستان	jorjiyaa
जर्जकालीन	گرجی؛ گرجستانی	jarjakaaliin
ब्रिटिश बादशाह जोर्ज के समय का	گرجی؛ گرجستانی	british baadashaah jorj ke samay kaa
जर्मनी से	آلمانی؛ زبان آلمانی	jarmanii se
जर्मनी का	آلمانی؛ زبان آلمانی	jarmanii kaa
जर्मनी जैसा	آلمانی؛ ژرمنی	jarmanii jaisaa
जर्मनिक भाषा परिवार संबंधी	آلمانی؛ ژرمنی	jarmanik bhaashaa parivaar sanbandhii
जर्मनी	آلمان	jarmanii
अंकुरण	جوانه زنی؛ جوانه زایی	ankuran
भाव	اشاره	bhaav
प्रेतात्मा	روح؛ شبح	pretaatmaa
गुणी/प्रतिभाशाली	خدا داده	gunii / pratibhaashaalii / pratibhaavaan
प्रतिभावान	خدا داده	gunii / pratibhaashaalii / pratibhaavaan
संगीतमय प्रस्तुति	کنسرت	sangiitamay prastuti
हल्की गाड़ी जो एक घोड़े द्वारा खींची जाती है	کنسرت	halkii gaarii jo ek ghore dvaaraa khiinchii jaatii hai
बहुत बड़ा	غول پیکر	bahut baraa
शूकरी	مطلا	shuukarii
सुनहरा मुलम्मा	مطلا	sunaharaa mulammaa
बरमा	گردبر؛ سوراخ کننده	baramaa
बरमी	گردبر؛ سوراخ کننده	baramii
जिन{मदिरा}	جینی؛ جین	jina{madiraa}
अदरक	زنجبیل	adarak
प्रेमिका	دختر	premikaa
सखी	دوست دختر	sakhii
सहेली	دوست دختر	sahelii
कन्यासुलभ	دختروار	kanyaasulabh
तंग	ابعاد؛ قطر شکم	tang
प्रसन्न	خوشحال	prasann
प्रसनत्तापूर्वक	بخشنودی	prasanattaapuurvak
खुशी से	بخشنودی	khushii se
मोहकता	آب وتاب	mohakataa / chakaachaundh / aakarshan
चकाचौंध/आकर्षण	آب وتاب	mohakataa / chakaachaundh / aakarshan
नजरअ	نگاه اجمالی	najara
सरसरी नजर	نگاه اجمالی	sarasarii najar
गिलटी	غده؛ دشبل	gilatii
ग्रंथि	غده؛ دشبل	granthi
ग्रंथीय	غدهای	granthiiy
रोशनी	درخشندگی زیاد	roshanii
दूरबीन	شیشه، لیوان	duurabiin
भावहीन	زجاجی	bhaavahiin
काँच का	زجاجی	kaanch kaa
चमकदार	لعابی؛ لعابدار	chamakadaar
उड़ना	نرم رفتن؛ آسان رفتن	uranaa
झाँकी	نگاه کوتاه	jhaankii
जगमगाहट	سوسو؛ تلالو	jagamagaahat
विश्वव्यापी	جهانی	vishvavyaapii
सार्वभौमिकता	جهانی‌سازی	saarvabhaumikataa
वैश्विकरण	جهانی‌سازی	vaishvikaran
गोलाकार	گلبولوار؛ گوی مانند	golaakaar
दुखी	تیره؛ گرفته	dukhii
गौरवान्वित करना	تکریم کردن؛ تجلیل کردن	gauravaanvit karanaa
गुणगान करना	تکریم کردن؛ تجلیل کردن	gunagaan karanaa
तेजस्वी	باشکوه	tejasvii
व्याख्या देना	جلوه ظاهر	vyaakhyaa denaa
बाहरी चमक देना	جلوه ظاهر	baaharii chamak denaa
चिकना	لعابی؛ لعابدار	chikanaa
स्वरद्वार	چاکنای	svaradvaar
दस्ताना	دستکش	dastaanaa
लाली	تابیدن؛ تافتن	laalii
दीप्ति	تابیدن؛ تافتن	diipti
चिपका हु	چسباننده	chipakaa hu
पेटूपन	پر خوری؛ شکم پرستی	petuupan
उद्देश्य	هدف	uddeshy
गोल	هدف	gol
गोलकीपर	گلر	golakiipar
बकरी	بز؛ بزغاله	bakarii
भकोसना	لپ لپ خوردن	bhakosanaa
घुरघुराना	لپ لپ خوردن	ghuraghuraanaa
भगवान	خدا	bhagavaan
देवी	الهه؛ دارگونه	devii
धर्मपिता	پدر تعمیدی؛ نام گذاردن بر	dharmapitaa
धर्म शिक्षक	پدر تعمیدی؛ نام گذاردن بر	dharm shikshak
दैवीय	خداشناس؛ الاهی	daiviiy
धर्ममाता	مادر خوانده	dharmamaataa
संपत्ति	طلا، طلایی	sanpatti
शुभ	طلایی	shubh
गोल्फ	گلف	golph
गोल्फ़{एक प्रकार का खेल}	گلف	golfa{ek prakaar kaa khel}
गोलियथ	جالوت؛ جلیات	goliyath
शुभ विदाई	خداحافظ	shubh vidaaii
साख	سر قفلی	saakh
सद्भावना	سر قفلی	sadbhaavanaa
बत्तख	غاز؛ هیس	battakh
तंग घाटी	پر خوردن؛ زیاد تپاندن	tang ghaatii
वन मानुष	گوریل	van maanush
पुच्छहीन बानर	گوریل	puchchhahiin baanar
ईसोपदेश	مژده نیکو	iisopadesh
जाला	بند شیطان؛ لعاب خورشید	jaalaa
अफवाह	نمام؛ اراجیف	aphavaah
गप्पी	نمام؛ اراجیف	gappii
आधिदैविक	زبانگوتیک	aadhidaivik
ऐंठना	مغار؛ اسکنه جراحی	ainthanaa
गठिया	نقرسی؛ نقرس	gathiyaa
अध्यापिका	مدیره؛ زنحاکم	adhyaapikaa
सरकार	دولت	sarakaar
सरकारी	دولتی؛ حکومتی	sarakaarii
श्रीमान	استاندار	shriimaan
चोगा	خرقه؛ لباس شب	chogaa
गाउन	خرقه؛ لباس شب	gaaun
झपटना	چنگ انداختن؛ بچنگال گرفتن	jhapatanaa
पद	پایه؛ نمره	pad
क्रमिक	تدریجی	kramik
क्रमश	تدریجی	kramash
अल्पाशः	بمرور؛ متدرجا	alpaashh
धीरे धीरे	بمرور؛ متدرجا	dhiire dhiire
स्नातकोत्तर	آموخته؛ مدرج کردن	snaatakottar
कलम	اختلاس؛ پیوند کردن	kalam
ग्राम	گرم	graam
चना	گرم	chanaa
व्याकरण	دستور؛ گرامر	vyaakaran
व्याकरण भाषा	دستور؛ گرامر	vyaakaran bhaashaa
व्याकरणिक	دستوری؛ صرفی	vyaakaranik
व्याकरण सम्मत	دستوری؛ صرفی	vyaakaran sammat
पोता	احفاد	potaa
पोती	احفاد	potii
वैभव	شکوه؛ جلال	vaibhav
दादा	پدربزرگ	daadaa
नाना	پدربزرگ	naanaa
आडंबरपूर्ण	گزاف گوی	aadanbarapuurn
शब्दाडंबरपूर्ण	گزاف گوی	shabdaadanbarapuurn
नानी	مادربزرگ	naanii
दादी	مادربزرگ	daadii
दादा दादी	پدربزرگ/مادربزرگ	daadaa daadii
नाना नानी	پدربزرگ/مادربزرگ	naanaa naanii
दौहित्र	پسر دختر؛ پسر پسر	dauhitr
ग्रेनाइट	خارا؛ گرانیت	grenaait
आर्थिक मदद	عطا؛ اعطاء	aarthik madad
दानेदार	دانهدار؛ دانه ای	daanedaar
अंगुर	انگور؛ عنب	angur
ग्राफ	نمودار؛ گراف	graaph
रेखाचित्रीय	گرافیکی	rekhaachitriiy
चित्रमुद्रण	گرافیک	chitramudran
मुखबिर	چمن	mukhabir
चरस	چمن	charas
घास स्थल	علفزار؛ سبزه زار	ghaas sthal
घासमय	پرچمن؛ علفی	ghaasamay
घासदार	پرچمن؛ علفی	ghaasadaar
अँगीठा	کبیر؛ کبیره	angiithaa
आभारी	ممنون؛ شکور	aabhaarii
बढ़ावा देना	مفتخر کردن؛ بوجد آوردن	barhaavaa denaa
कड़ा	گوشت ریز	karaa
धन्यवाद	سپاسگزاری؛ شکران	dhanyavaad
कृतज्ञता	سپاسگزاری؛ شکران	kritagyataa
बजरी	شن؛ ریگ	bajarii
कंकड	شن؛ ریگ	kankad
गुरुत्वाकर्षण	قوه جاذبه	gurutvaakarshan
गंभीरता	جاذبه	ganbhiirataa
गुरुत्व	جاذبه	gurutv
चरना	چریدن؛ چرا کردن	charanaa
चराना	چریدن؛ چرا کردن	charaanaa
चर्बी	روغن؛ مداهنه	charbii
ग्रीस	روغن؛ مداهنه	griis
चाटुकारितापूर्ण	چرب؛ روغنی	chaatukaaritaapuurn
महान	عالی، بزرگ	mahaan
बहुत अच्छा	عالی، بزرگ	bahut achchhaa
विशालता	بزرگی؛ شهامت	vishaalataa
यूनान	یونان؛ کشور یونان	yuunaan
लालच	حرص؛ طمع	laalach
तृष्णा	حرص؛ طمع	trishnaa
लालची	حریصانه	laalachii
लोभी	حریصانه	lobhii
यूनान वासी	یونانی	yuunaan vaasii
यूनानी भाषा	یونانی	yuunaanii bhaashaa
हरा	سبز	haraa
कच्चा	سبز	kachchaa
काँच का घरअ	گلخانه	kaanch kaa ghara
छोटे पेड़ों को हरा रखने का घर	گلخانه	chhote peron ko haraa rakhane kaa ghar
स्वागत करना	سلام کردن	svaagat karanaa
अभिवादन	تهنیت؛ درود	abhivaadan
गोल्	نارنجک	gol
हठगोला	نارنجک	hathagolaa
ग्रिड	شبکه	grid
रंज	اندوه	ranj
दुख	اندوه	dukh
रंजिश	تظلم	ranjish
दुःखएना	محزون کردن؛ غصه دادن	duhkhaenaa
शोक मनाना	محزون کردن؛ غصه دادن	shok manaanaa
दुखद	اندوه آورد	dukhad
दुखदायक	اندوه آورد	dukhadaayak
मुख विकृति	شکلک	mukh vikriti
मुख विरूपता	شکلک	mukh viruupataa
मैल	رجاست؛ چرک سیاه کردن	mail
मैल गन्दगी	رجاست؛ چرک سیاه کردن	mail gandagii
कठोरता से	عبوسانه	kathorataa se
मुस्कराहट	نیشخند	muskaraahat
उपहास रूपी मुस्कुराहट	نیشخند	upahaas ruupii muskuraahat
रगड़ना	آسیاب کردن	ragaranaa
चक्की	کوبنده؛ لهکننده	chakkii
जांता	کوبنده؛ لهکننده	jaantaa
पेष्य अनाज	گندمآسیابی؛ جو آسیابی	peshy anaaj
कराहपूर्ण	فغان	karaahapuurn
पंसारी	عطار؛ بقال	pansaarii
पन्सारी	عطار؛ بقال	pansaarii
किराने की दुकान	خواربار	kiraane kii dukaan
किराने का सामान	خواربار	kiraane kaa saamaan
कमर	دوطاقه کردن؛ بیخ ران	kamar
साईस	داماد؛ چاروادار	saaiis
सईस	داماد؛ چاروادار	saiis
खॉचा	شیار؛ خط انداختن	khochaa
खंडी	شیار؛ خط انداختن	khandii
टटोलना	کورمالی	tatolanaa
ज़बर्दस्ती छूना	کورمالی	zabardastii chhuunaa
गुरुस	ناخالص	gurus
स्थिर	زمین	sthir
बाग	بیشه؛ شاخسار	baag
गुर्राहट	خرخر کردن	gurraahat
सूजन	رشد	suujan
वीभत्स	وحشت آور؛ نفرت انگیز	viibhats
कुरूप	وحشت آور؛ نفرت انگیز	kuruup
गड़गड़ाना	غر؛ ژکیدن	garagaraanaa
गरजना	غر؛ ژکیدن	garajanaa
तुनकमिजाज़	بد خلق؛ بد خو	tunakamijaaz
गुरिल्ला	چریک	gurillaa
छापामारअ	چریک	chhaapaamaara
अतिथि	مهمان	atithi
मेहमान	مهمان	mehamaan
ठहाका	خنده بلند؛ قاه قاه	thahaakaa
ठहाका लगाना	خنده بلند؛ قاه قاه	thahaakaa lagaanaa
नेतृत्व	راهنمایی	netritv
पथप्रदर्शक	راهنما، راهنمایی کردن	pathapradarshak
मार्गदर्शन	دستورالعمل	maargadarshan
मुख्य बात्	دستورالعمل	mukhy baat
शिल्पीसंघ	سنخ؛ صنف	shilpiisangh
गिनी	گینه؛ مرغ شاخدار	ginii
गिन्नी	گینه؛ مرغ شاخدار	ginnii
गिटार	گیتار	gitaar
गिटार{वाद्य यंत्र)	گیتار	gitaara{vaady yantr)
खाड़ी	خلیج	khaarii
गहरी दरार	خلیج	gaharii daraar
ग्रसिका	مری	grasikaa
अशन नाल	مری	ashan naal
खड्ड	آبکند؛ دره کوچک	khadd
निगलना	غورت؛ جرعه	nigalanaa
गोंद	صمغ؛ چسب	gond
मसूढ़ा	صمغ؛ چسب	masuurhaa
तोप	اسلحه	top
बंदूकची	توپچی؛ تیر انداز	banduukachii
गोलन्दाज	توپچی؛ تیر انداز	golandaaj
बारुद	باروت	baarud
बंदूक की परास	تیر رس؛ زخم گلوله	banduuk kii paraas
कण्ठ्य	حلقی؛ گلوئی	kanthy
पुरूष	مرد	puruush
व्यायामशाला	باشگاه ورزشی	vyaayaamashaalaa
व्यायाम	ژیمناستیک	vyaayaam
खानाबदोश	کولی؛ غربتی	khaanaabadosh
जिप्सी	کولی؛ غربتی	jipsii
प्राकृतवास	زیستگاه	praakritavaas
निवास् स्थान	زیستگاه	nivaas sthaan
अभ्यस्त	عادتی	abhyast
स्वाभाविक	عادتی	svaabhaavik
आदतन	عادتا	aadatan
आदत से	عادتا	aadat se
जुगाड़	نویسنده مزدور؛ درشکه کرایه	jugaar
ओला	تگرگ، استقبال کردن	olaa
ओलावृष्टि	تگرگ، استقبال کردن	olaavrishti
रोम	مو	rom
केशहीन	بیمو؛ کم مو	keshahiin
घनेबालोंवाला	مویی؛ مودار	ghanebaalonvaalaa
आधा	نصف	aadhaa
अंशतः	نصف	anshath
बीच में	در نیمه راه	biich men
आभामण्डल	هاله؛ هآاله بستن	aabhaamandal
पड़्व	توقف، متوقف کردن	parv
रुकना	توقف، متوقف کردن	rukanaa
सूअर की रान	ژامبون؛ گوشت ران	suuar kii raan
सूअर का सुखाया मांस	ژامبون؛ گوشت ران	suuar kaa sukhaayaa maans
घन	چکش؛ پتک	ghan
हैमर	چکش؛ پتک	haimar
बाधा डालना	بی نتیجه کردن	baadhaa daalanaa
छेड़छाड़ करना	بی نتیجه کردن	chherachhaar karanaa
हाथ	دست	haath
मुट्ठी भर	مشت	mutthii bhar
अंजलि भर	مشت	anjali bhar
असमर्थ	فلج؛ معلول	asamarth
अक्षम	فلج	aksham
हस्तशिल्प	هنردستی؛ دستورزی	hastashilp
हस्तकला	هنردستی؛ دستورزی	hastakalaa
हस्तकृति	کاردستی	hastakriti
रुमाल	دستمال	rumaal
सँभालना	دسته؛ ادارهکردن	sanbhaalanaa
छूना	دسته؛ ادارهکردن	chhuunaa
प्रबंधन	رسیدگی	prabandhan
रमणीय	خوبرو؛ جمیل	ramaniiy
हस्तलिपि	خط؛ دستخط	hastalipi
हस्तलेख	خط؛ دستخط	hastalekh
लग्ना	آویختن؛ دار زدن	lagnaa
हैनोवर	هانوور	hainovar
घटित होना	اتفاق افتادن	ghatit honaa
खुशीपुर्वक	با خوشحالی	khushiipurvak / sukhapuurvak / sanyog se
सुखपूर्वक/संयोग से	با خوشحالی	khushiipurvak / sukhapuurvak / sanyog se
बंदरगाह	بندرگاه؛ لنگرگاه	bandaragaah
बन्दरगाह	بندرگاه؛ لنگرگاه	bandaragaah
कठोरीकरण	تصلب	kathoriikaran
अल्पतः	به‌سختی؛ تقریباً نه	alpath
मुश्किल से	به‌سختی؛ تقریباً نه	mushkil se
हार्डवेयर	سخت‌افزار	haardaveyar
भारी मशीनरी	سخت‌افزار	bhaarii mashiinarii
खरहा	خرگوش؛ دراز گوش	kharahaa
खरगोश	خرگوش؛ دراز گوش	kharagosh
सुरक्षित	بیگزند؛ بی آزار	surakshit
अहिंस्त्र	بیگزند؛ بی آزار	ahinstr
हार्मोनियम	گارمن	haarmoniyam
हारमोनियम	گارمن	haaramoniyam
उपस्करण	دهنه؛ تارکش	upaskaran
घोड़े का साज	دهنه؛ تارکش	ghore kaa saaj
हार्प	بربط	haarp
विदेशी बाजा	بربط	videshii baajaa
कर्कश	خشن	karkash
हार्वर्ड	هاروارد	haarvard
फसल	برداشت	phasal
शस्य	برداشت	shasy
अविलंब	شتاب؛ عجله	avilanb
जल्दी करना	شتاباندن	jaldii karanaa
जल्दी कहना	شتاباندن	jaldii kahanaa
जल्दी से	باشتاب؛ شتابان	jaldii se
जल्दबाजी से	باشتاب؛ شتابان	jaldabaajii se
शीघ्र	تند؛ عجول	shiighr
टोपी पहनना	کلاه	topii pahananaa
द्वेष करना	متنفر بودن	dvesh karanaa
घमण्डी	متکبرانه؛ مستکبر	ghamandii
याद आना	تسخیر کردن	yaad aanaa
भूत बन कर घूमना	تسخیر کردن	bhuut ban kar ghuumanaa
संबन्ध रखना	مجبور بودن (فعل کمکی)	sanbandh rakhanaa
अकेले भोग करना	مجبور بودن (فعل کمکی)	akele bhog karanaa
श्येन	جار؛ بابازشکار کردن	shyen
बाज़ पक्षी	جار؛ بابازشکار کردن	baaz pakshii
फूस	یونجه؛ علف خشک	phuus
सूखी घास	یونجه؛ علف خشک	suukhii ghaas
खतरनाक.	خطرناک؛ پرخطر	khataranaak.
धुंध	مغموم بودن؛ مه کم	dhundh
वह	او (مرد)	vah
उस	او (مرد)	us
सिर	سر	sir
सिरदर्द	سردرد	siradard
शिरोवस्त्र	آرایش سر؛ آرایش مو	shirovastr
शिरोभूषण	آرایش سر؛ آرایش مو	shirobhuushan
शीर्षणीई	سرساز؛ درساز	shiirshanii
सिर से प्रहार करना	سرساز؛ درساز	sir se prahaar karanaa
शीर्षक	سرصفحه	shiirshak
सुरखी	سرصفحه	surakhii
अन्धाधुन्ध	سربجلو؛ شیرجه رونده	andhaadhundh
सिर के बल	سربجلو؛ شیرجه رونده	sir ke bal
मुख्यालय	ستاد مرکزی	mukhyaalay
हठी	خودسر؛ مطلق العنان	hathii
स्वस्थ होना	التیام یافتن	svasth honaa
उपचारात्मक	بهبود؛ التیام	upachaaraatmak
आरोग्यकर	بهبود؛ التیام	aarogyakar
स्वास्थ्य	سلامتی	svaasthy
आरोग्य	سلامتی	aarogy
स्वास्थ्य देखभाल	مراقبت‌های بهداشتی	svaasthy dekhabhaal
स्वस्थ	سالم	svasth
निरोग	سالم	nirog
ढ़ेर	توده؛ خرمن	rher
ज़खी़रा	توده؛ خرمن	zakhiiraa
सुनने वाला	شنونده؛ سمیع	sunane vaalaa
सुनने की शक्ति	محاکمه؛ سمع	sunane kii shakti
सुनने की क्षमता	محاکمه؛ سمع	sunane kii kshamataa
हार्दिक	قلبی	haardik
परिवार	کوره کشتی؛ کف منقل	parivaar
उत्साह से	از ته دل	utsaah se
निष्ठुर	بی عشق	nishthur
भर पेट	جانانه	bhar pet
अजोत भूमि	تیغستان	ajot bhuumi
उबकाई	غلپیدن	ubakaaii
उत्क्षेपण	غلپیدن	utkshepan
यहूदी	یهودی؛ عبری	yahuudii
हेक्टेयर	هکتار	hekteyar
हेक्टेअर	هکتار	hektear
हिचकिचाना	چپر؛ خاربست	hichakichaanaa
बाड़ लगाना	چپر؛ خاربست	baar lagaanaa
खुर	پاشنه؛ پاشنه پا	khur
कमीना आदमी	پاشنه؛ پاشنه پا	kamiinaa aadamii
उत्तराधिकारी	وارث؛ ارث بر	uttaraadhikaarii
उत्तराधिकारिणी	وارثه	uttaraadhikaarinii
हेलेना	هلنا	helenaa
हेलिकोप्टर	هلیکوپتر	helikoptar
नरक	درک؛ دوزخ	narak
नारकीय	جهنمی	naarakiiy
नर्क के समान	جهنمی	nark ke samaan
हलो	سلام	halo
हेलो	سلام	helo
पतवार	سکان؛ اهرم سکان	patavaar
हैल्मेट	کلاه ایمنی	hailmet
शिरस्त्राण	کلاه ایمنی	shirastraan
मजबूर	عاجز؛ ناگزیر	majabuur
असहायता	ناچاری؛ درماندگی	asahaayataa
बेबसी	ناچاری؛ درماندگی	bebasii
गोलार्ध	نیمکره؛ نیم گوی	golaardh
अर्धगोल	نیمکره؛ نیم گوی	ardhagol
अतः	بنابراین	ath
इस कारण से	بنابراین	is kaaran se
भविष्य में	منبعه؛ زین سپس	bhavishy men
इसके बाद से	منبعه؛ زین سپس	isake baad se
यकृत-संबंधी	کبدی	yakrit-sanbandhii
उस स्त्री को	او (مفعول)، مال او (وابسته)	us strii ko
उसका	او (مفعول)، مال او (وابسته)	usakaa
किसी के आने की सूचना देना	جارچی	kisii ke aane kii suuchanaa denaa
जड़ी बूटी	گیاه	jarii buutii
हरक्यूलिस	هرکول	harakyuulis
झुंड	گله؛ رمه	jhund
पशुओं का झुण्ड	گله؛ رمه	pashuon kaa jhund
इस स्थान पर	اینجا	is sthaan par
यहाँ	اینجا	yahaan
एतद्	بدینوسیله	etad
इसके द्वारा	بدینوسیله	isake dvaaraa
मौरूसी	ارثی؛ مادرزادی	mauruusii
अप्रामाणिकता	ارتداد؛ الحاد	apraamaanikataa
अपधर्म	ارتداد؛ الحاد	apadharm
विरासत	میراث	viraasat
धरोहर	میراث	dharohar
एकांतवासी	منزوی؛ کهبد	ekaantavaasii
संत	منزوی؛ کهبد	sant
हर्निया	باد فتق	harniyaa
आँत उतरने का रोग	باد فتق	aant utarane kaa rog
महावीर	حماسی؛ پهلوانانه	mahaaviir
साहस के साथ	پهلوانانه	saahas ke saath
नायिका	شیرزن	naayikaa
अभिनेट्री	شیرزن	abhinetrii
उस स्त्री का	مال او (زن)	us strii kaa
उसकी	مال او (زن)	usakii
वह स्वयं	خودش (زن)	vah svayn
स्वयं	خودش (زن)	svayn
संकोच करना	تامل کردن؛ تردد کردن	sankoch karanaa
हिचकिचाहट	تامل؛ درنگ	hichakichaahat
हिचक	تامل؛ درنگ	hichak
चीरना	شقه	chiiranaa
काट कर बनाना	شقه	kaat kar banaanaa
ए!	هی	e! / are / e
अरे/ए	هی	e! / are / e
हइ	سلام	hi
ढकना	پنهان کردن	dhakanaa
गुप्त रखना	پنهان کردن	gupt rakhanaa
पदानुक्रम	سلسله مراتب	padaanukram
चित्रलिपि	هیروگلیف	chitralipi
बीजाक्षरों के लिये चित्र की लिखावट	هیروگلیف	biijaaksharon ke liye chitr kii likhaavat
अत्र भवान्	جناب؛ والاحضرت	atr bhavaan
ऊँचा दर्ज़ा	برجسته	uunchaa darzaa
सुर्ख़ियों में रहने वाला	برجسته	surkhiyon men rahane vaalaa
राजमार्ग	بزرگراه	raajamaarg
प्रमुख मार्ग	بزرگراه	pramukh maarg
हर्ष भरा	خنده‌دار	harsh bharaa
टीला	تپه	tiilaa
पहाड़	تپه	pahaar
छोटी पहाड़ी	گریوه؛ هذلول	chhotii pahaarii
पहाड़ी पार्श्व	دامنه کوه؛ سرازیری تپه	pahaarii paarshv
पहाडी की ढाल	دامنه کوه؛ سرازیری تپه	pahaadii kii dhaal
उसको	او (مفعول)	usako
अलसेट	عایق؛ بازماندگی	alaset
कब्जे पर लगाना	لولا؛ منوط بودن	kabje par lagaanaa / kabje par ghuumanaa / nirbhar rahanaa.
कब्जे पर घूमना/निर्भर रहना.	لولا؛ منوط بودن	kabje par lagaanaa / kabje par ghuumanaa / nirbhar rahanaa.
नितम्ब/कूल्हा	باسن	nitamb / nitamb / kuulhaa
भाड़ेपर देना	کرایه کردن؛ مزدور کردن	bhaarepar denaa
किराये पर लेना	کرایه کردن؛ مزدور کردن	kiraaye par lenaa
ऊतक-विज्ञान	بافت شناسی	uutak-vigyaan
इतिहासकार	تاریخ‌دان	itihaasakaar
ऐतिहासिक	تاریخی	aitihaasik
इतिहास प्रसिध्द	تاریخی	itihaas prasidhd
इस तरफ	به اینجا	is taraph
अब तक	تاکنون؛ تابحال	ab tak
शीतपित्त	مرکز تجمع	shiitapitt
खजाना गुप्त धन	احتکار کردن	khajaanaa gupt dhan
खज़ाना	احتکار کردن	khazaanaa
शौक	سرگرمی	shauk
अभिरुचि	سرگرمی	abhiruchi
हकी	هاکی	hakii / haakii / ek prakaar kaa khel
हाकी/एक प्रकार का खेल	هاکی	hakii / haakii / ek prakaar kaa khel
होल्डर	حامل؛ دارنده	holdar
गड्ढा	سوراخ	gaddhaa
अवकाश	تعطیلات	avakaash
छुट्टी	تعطیلات	chhuttii
पवित्रता	تقدس؛ لقب پاپ	pavitrataa
हलैंड	هلند	halaind
खोखला	تهی؛ پوچ	khokhalaa
पावन	مقدس؛ مطهر	paavan
जन्मभूमि	میهن	janmabhuumi
स्वदेश	میهن	svadesh
बेघर	بی‌خانمان	beghar
घरहीन	بی‌خانمان	gharahiin
कृषि फार्म	مزرعه رعیتی	krishi phaarm
वासभूमि क्षेत्र	مزرعه رعیتی	vaasabhuumi kshetr
घर की ओर	به‌طرف خانه	ghar kii or
अभ्यासकार्य	تکالیف	abhyaasakaary
गृहकार्य	تکالیف	grihakaary
समरूप	متجانس؛ همجنس	samaruup
समलिंगकामी	کونی؛ همجنسباز	samalingakaamii
ईमानदारी	صداقت	iimaanadaarii
सत्यनिष्ठा	صداقت	satyanishthaa
मधु	عسل؛ شهد	madhu
शहद	عسل؛ شهد	shahad
मधुमास	ماهعسل؛ ماه عسل رفتن	madhumaas
सुहाग मास मनाना	ماهعسل؛ ماه عسل رفتن	suhaag maas manaanaa
माननीय	گرامی؛ شریف	maananiiy
इज्जतदार	گرامی؛ شریف	ijjatadaar
हुड	کاپوت؛ باشلق	hud
अधमुँदा	کروک دار	adhamundaa
टोपीदार	کروک دار	topiidaar
खुर.	سنب؛ باسم زدن	khur.
कुन्दा	قلاب؛ قلاب کردن	kundaa
वैश्या	جیب بر؛ قلاب انداز	vaishyaa
कूदना	رازک؛ لی لی کردن	kuudanaa
फुदकना	رازک؛ لی لی کردن	phudakanaa
आशा	امید؛ امید، امیدوار بودن	aashaa
आशापूर्ण	امیدوار	aashaapuurn
होनहार	امیدوار	honahaar
आशापूर्वक	امیدوارانه	aashaapuurvak
आशा से	امیدوارانه	aashaa se
निराशा से	نومیدانه	niraashaa se
निराशाजनक ढंग से	نومیدانه	niraashaajanak dhang se
क्षितिज	افق	kshitij
समतल क्षितिज के समानंतर	ترازی؛ افقی	samatal kshitij ke samaanantar
दिशांत	ترازی؛ افقی	dishaant
भोंपू	شاخ، بوق	bhonpuu
सींग	شاخ، بوق	siing
शृंगी	شاخدار؛ شاخی	shringii
सींगी	شاخدار؛ شاخی	siingii
कामोत्तेजित	شهوتی	kaamottejit
जघन्य	نفرت انگیز	jaghany
भयभीत करना	بهراس انداختن؛ به بیم انداختن	bhayabhiit karanaa
आतंकित करना	بهراس انداختن؛ به بیم انداختن	aatankit karanaa
दहशत	مورمور؛ دهشت	dahashat
शालिहोत्र	اسب	shaalihotr
हय	اسب	hay
घुड़सवार	سوار کار؛ سواره نظام	ghurasavaar
वृद्धिकर	غریب نواز؛ مهمان نوازانه	vriddhikar
मेहमान नवाज़	غریب نواز؛ مهمان نوازانه	mehamaan navaaz
अस्पताल	بیمارستان	aspataal
आतिथ्य	غریب پروری؛ غریب نوازی	aatithy
पोषक	میزبان؛ مهمان دار	poshak
बंधक	گروگان	bandhak
बंधक व्यक्ति	گروگان	bandhak vyakti
धर्मशाला	پانسیون	dharmashaalaa
छात्रावास	پانسیون	chhaatraavaas
परिचारिका	میزبان؛ زن مهماندار	parichaarikaa
अतिथि सत्कारिणी	میزبان؛ زن مهماندار	atithi satkaarinii
शत्रुतापूर्ण	خصمانه	shatrutaapuurn
विद्वेष	خصومت	vidvesh
होटेल	هتل	hotel / hotal / kiraaye kaa vishraam sthal.
होटल/किराये का विश्राम स्थल.	هتل	hotel / hotal / kiraaye kaa vishraam sthal.
उत्तेजनापूर्वक	باگرمی؛ به‌طور گرم	uttejanaapuurvak
गुस्से से	باگرمی؛ به‌طور گرم	gusse se
शिकारीकुत्ता	تازی؛ پاپی شدن	shikaariikuttaa
पीछे पड़ना	تازی؛ پاپی شدن	piichhe paranaa
घंटा	ساعت	ghantaa
घरेलु	کوچ؛ خاندان	gharelu
घर खर्च	خانه داری؛ اداره منزل	ghar kharch
गृह व्यवस्था	خانه داری؛ اداره منزل	grih vyavasthaa
गृहिणी	کدبانو؛ سوزن دان	grihinii
गृहस्थिन	کدبانو؛ سوزن دان	grihasthin
कितना	چگونه	kitanaa
कैसे	چگونه	kaise
तब भी	با این حال	tab bhii
हुआ	زوزه؛ زوزهکشیدن	huaa
आलिंगन	بغل کردن؛ در آغوش گرفتن	aalingan
अंक पाश	بغل کردن؛ در آغوش گرفتن	ank paash
वृहद्	عظیم	vrihad
छिलका	تنه کشتی؛ لاشه کشتی	chhilakaa
पेटा	تنه کشتی؛ لاشه کشتی	petaa
गूँज	زرزر؛ زمزمه کردن	guunj
मानवीय	انسان، انسانی	maanaviiy
मानवतावादी	بشردوستانه	maanavataavaadii
दयालुता	انسانیت	dayaalutaa
मानवता	انسانیت	maanavataa
नम्र/विनीत/सीधा सादा	فروتن	namr / viniit / siidhaa saadaa / niich
नम	نمناک؛ مرطوب	nam
सीलनदार	نمناک؛ مرطوب	siilanadaar
उमस	رطوبت؛ نمداری	umas
अपमानित करना	تحقیر کردن؛ حقیر کردن	apamaanit karanaa
अपमानजनक	تحقیر آمیز	apamaanajanak
अवमानना	تحقیر؛ انفعال	avamaananaa
हाज़िरजवाबी	لطیفه؛ خلط	haazirajavaabii
हास्य	لطیفه؛ خلط	haasy
हास्यरस लेखक	لطیفهگو؛ فکاهی نویس	haasyaras lekhak
विनोदी	ظریف؛ فکاهی	vinodii
हास्यकर	ظریف؛ فکاهی	haasyakar
विनोद से	بشوخی	vinod se
हास्यकर ढंग से	بشوخی	haasyakar dhang se
कूबढ्ॅअ	قوز؛ کوهان	kuubadhॅa
कुबड़ा	گوژپشت؛ قوز پشت	kubaraa
सौ	صد	sau / sau / shat
सौ/शत	صد	sau / sau / shat
सौंवाँ	صدم؛ یک صدم	saunvaan
टाँगा	آویخته	taangaa
त्रिशंकु	آویخته	trishanku
हंगरीवासी	مجار؛ مجاری	hangariivaasii
हंगेरियाई	مجار؛ مجاری	hangeriyaaii
हंगरी	مجارستان؛ هونگاری	hangarii
भूख	گرسنگی	bhuukh
तीव्र इच्छा	گرسنگی	tiivr ichchhaa
भूखा	گرسنه	bhuukhaa
पीड़ित	گرسنه	piirit
तलाश	شکار؛ نخجیر	talaash
खोजी	شکارچی؛ صیاد	khojii
शिकारी	شکارچی؛ صیاد	shikaarii
मृगया	شکار؛ صید	mrigayaa
शिकार का खेल	شکار؛ صید	shikaar kaa khel
जोर से चिल्लाना	پرتابه	jor se chillaanaa
जोर से फेंकना	پرتابه	jor se phenkanaa
हर्लिंग	پرتاب	harling
एक प्रकार का गेंद का खेल	پرتاب	ek prakaar kaa gend kaa khel
हुर्रा!	هورا؛ مرحبا	hurraa! / vaah vaah / khushii se chillaanaa
वाह वाह/खुशी से चिल्लाना	هورا؛ مرحبا	hurraa! / vaah vaah / khushii se chillaanaa
तूफान	توفان؛ تندباد	tuuphaan
जल्दबाज़ी में	سراسیمه؛ عجولانه	jaldabaazii men
हुत जल्दबाजी	عجله؛ شتابزدگی	hut jaldabaajii
चोट पहुँचाना	آسیب زدن، آسیب‌دیده	chot pahunchaanaa
ठेस पहुँचाना	آسیب زدن، آسیب‌دیده	thes pahunchaanaa
पति	شوهر	pati
बलम	شوهر	balam
शान्ति	مخفی نگاهداشتن	shaanti
खामोशी	مخفی نگاهداشتن	khaamoshii
हाइड्रा	مار آبی	haaidraa
जलसर्प	مار آبی	jalasarp
जलयोजित करना	هیدارت	jalayojit karanaa
जलदाब	هیدرولیک	jaladaab
चलद्रवीय	هیدرولیک	chaladraviiy
उदजन	هیدروژن	udajan
हाइड्रोजन	هیدروژن	haaidrojan
स्त्रोतगान	سرودروحانی؛ سرود خواندن	strotagaan
अतिसंवेदनशील	خیلی حساس	atisanvedanashiil
चिढ़ंटू	خیلی حساس	chirhantuu
रोगभ्रम	مراق	rogabhram
पित्तोंमाद	مراق	pittonmaad
मिथ्या चरित्र	زرق؛ نفاق	mithyaa charitr
पाखंडी	ریاکار؛ سالوس	paakhandii
सीरिंज	زیرپوستی؛ تحت الجلدی	siirinj
अधस्चर्मी	زیرپوستی؛ تحت الجلدی	adhascharmii
परिकल्पित	فرضی؛ نهشتی	parikalpit
मैँ{सर्वनाम}	من	main{sarvanaam}
मलाई बर्फ	بستنی	malaaii barph
मूर्ति	نماد	muurti
कामतत्व	شناسنامه	kaamatatv
पहचान पत्र	شناسنامه	pahachaan patr
आदर्श	ایده‌آل	aadarsh
जैसा	یکسان	jaisaa
वैसा ही	یکسان	vaisaa hii
समीकर	شناسایی	samiikar
एक सर्वमान्य विचार	ایدئولوژی	ek sarvamaany vichaar
अवांछनीय आदत	طبیعت ویژه؛ خصوصیات اخلاقی	avaanchhaniiy aadat
नाकारा	تنبل؛ عاطل	naakaaraa
आलस्य	تنبلی؛ بیکاری	aalasy
अलकस	تنبلی؛ بیکاری	alakas
कामचोर	بیکاره؛ چرخ دلاله	kaamachor
मूर्तिपूजा	بت پرستی	muurtipuujaa
अनिश्चितता	اگر	anishchitataa
अधम	ناکس؛ نا اصل	adham
निन्द्य	ننگ آور	nindy
अपकीर्तिकर	ننگ آور	apakiirtikar
अज्ञान	نادانی	agyaan
अज्ञानता	نادانی	agyaanataa
अनभिज्ञ	نادان؛ جاهل	anabhigy
अनपढ	نادان؛ جاهل	anapadh
अवज्ञा करना	بیاعتنایی کردن؛ ندیده گرفتن	avagyaa karanaa
अनसुनी करना	بیاعتنایی کردن؛ ندیده گرفتن	anasunii karanaa
अवैध	خلاف؛ حرام	avaidh / avaidh / gairakaanuunii
अवैध,गैरकानूनी	خلاف؛ حرام	avaidh / avaidh / gairakaanuunii
नाजायज़	نامشروع؛ غیر مشروع	naajaayaz
ग़ैरकानूनी	نا مشروع؛ مخالف مقررات	ghairakaanuunii
इलिनॉय	ایلینوی	ilinoy
निरक्षरता	نادانی؛ بیسوادی	niraksharataa
अशिक्षित	نادان؛ عامی	ashikshit
अतार्किक	غیرمعقول؛ بی منطق	ataarkik
प्रकाशित करना	روشنکردن؛ درخشانساختن	prakaashit karanaa
प्रकाश डालना	روشنکردن؛ درخشانساختن	prakaash daalanaa
मरीचिका	توهم	mariichikaa
मायावी	غیر واقعی	maayaavii
दृष्टान्त	تصویرسازی؛ تصویر؛ مثال	drishtaant
प्रतिमावली	تصاویر ذهنی	pratimaavalii
मन	خیال؛ تصور	man
चतुरता	خیال؛ تصور	chaturataa
कल्पनाशील	متخیله؛ متخیل	kalpanaashiil
अल्पबुद्धि	سبک مغز؛ کند ذهن	alpabuddhi
नक़ल करना	تقلید کردن؛ متاسی شدن	naqal karanaa
निष्कलंक	خالص	nishkalank
असिद्ध	غیربالغ؛ نارسیده	asiddh
अपरिमित	بی اندازه؛ بی قیاس	aparimit
तल्लीनता	غوطهوری	talliinataa
अप्रवासी	کوچ نشین	apravaasii
देशांतर में बसनेवाला	کوچ نشین	deshaantar men basanevaalaa
आव्रजन	مهاجرت	aavrajan
आप्रवासी	مهاجرت	aapravaasii
सन्निकटता	مشرف بودن	sannikatataa
सन्निकटत	قریب الوقوع	sannikatat
निश्चल	غیر متحرک؛ جنبش ناپذیر	nishchal
गतिहीनता	سکون؛ بی جنبشی	gatihiinataa
निश्चलता	سکون؛ بی جنبشی	nishchalataa
पथभ्रष्ट	بدسیرت؛ بی سیرت	pathabhrasht
अमर	ابدی؛ جاوید	amar
अविनश्वर	ابدی؛ جاوید	avinashvar
अचल	استوار؛ غیر منقول	achal
उन्मुक्त	مصون	unmukt
प्रभावशून्य	مصون	prabhaavashuuny
प्रतिरक्षा	ایمنی؛ مصونیت	pratirakshaa
अप्रभाव्यता	ایمنی؛ مصونیت	aprabhaavyataa
शैतान बौना	مرد جوان	shaitaan baunaa
शरारती बच्चा	مرد جوان	sharaaratii bachchaa
बिगाड़्ना	معیوب کردن؛ زیان رساندن	bigaarnaa
दूषित करना	معیوب کردن؛ زیان رساندن	duushit karanaa
दुर्बलता	خرابی	durbalataa
निष्पक्ष	بی غرض؛ حق گو	nishpaksh
अपक्षपाती	بی غرض؛ حق گو	apakshapaatii
निष्पक्षता	بی نظری	nishpakshataa
अपक्षपात	بی نظری	apakshapaat
निष्पक्ष ढंग से	بیطرفانه؛ بیغرضانه	nishpaksh dhang se
दुर्गम	بی گدار؛ نا گذرا	durgam
अगम्य	بی گدار؛ نا گذرا	agamy
आवेगपूर्ण	بسیار غیور	aavegapuurn
भावना शून्य	پوست کلفت	bhaavanaa shuuny
अधीरता	ناصبور؛ ناصبوری	adhiirataa
असहिष्णुता	ناصبور؛ ناصبوری	asahishnutaa
बेचैन	عجول؛ ناصبور	bechain
अविश्वास	استیضاح؛ اعلام جرم	avishvaas
महाभियोग	استیضاح؛ اعلام جرم	mahaabhiyog
ठेलना	مجبور ساختن؛ بر آن داشتن	thelanaa
धकेलना	مجبور ساختن؛ بر آن داشتن	dhakelanaa
अभेद्य	سوراخ نشدنی؛ نفوذ ناپذیر	abhedy
दुर्बोध	سوراخ نشدنی؛ نفوذ ناپذیر	durbodh
आदेश सूचक	امری	aadesh suuchak
अलक्ष्य	نفهمیدنی؛ نامحسوس	alakshy
अतिसूक्ष्म	نفهمیدنی؛ نامحسوس	atisuukshm
राजसी	سلطنتی؛ همایون	raajasii
शाही	سلطنتی؛ همایون	shaahii
साम्राज्यवाद	امپریالیسم؛ استعمار طلبی	saamraajyavaad
साम्राज्यवादी	استعمار گرای؛ بهره جویانه	saamraajyavaadii
उद्धत	اماره	uddhat
दंभपूर्ण	اماره	danbhapuurn
भाववाचक	غیرشخصی؛ بی فاعل	bhaavavaachak
रूप धारण करना	جعل هویت کردن	ruup dhaaran karanaa
पररूप धारण करना	جعل هویت کردن	pararuup dhaaran karanaa
गतिबल	نیروی جنبش	gatibal
संवेग	نیروی جنبش	sanveg
अधर्मी	بدآئین؛ بی دین	adharmii
आरोपण	جایگیری	aaropan
बैठाना/बैठना	مرکوز	baithaanaa / baithanaa / vikasit honaa
विकसित होना	مرکوز	baithaanaa / baithanaa / vikasit honaa
अनुबंध करना	اجرا کردن	anubandh karanaa
कार्यान्वयन करना	اجرا کردن	kaaryaanvayan karanaa
परिपालन	پیاده‌سازی	paripaalan
फ़ँसाना	بهم پیچیدن	fansaanaa
की ओर इशारा करना	بهم پیچیدن	kii or ishaaraa karanaa
उलझाव	پیامد	ulajhaav
निर्विवाद	ضمنی؛ تلویحی	nirvivaad
अंतर्निहित	ضمنی؛ تلویحی	antarnihit
अव्यक्त रूप से	ضمنا؛ تلویحاً	avyakt ruup se
प्रार्थना करना	التماس کردنبه؛ استغاثه کردناز	praarthanaa karanaa
अविनित	پررو؛ بی ادب	avinit
अर्थ	ورود؛ بهکشور آوردن	arth
असंभवता	کار نشدنی؛ عدم امکان	asanbhavataa
अशक्यता	کار نشدنی؛ عدم امکان	ashakyataa
असम्भव	غیر ممکن	asambhav
ढोंगी	عیار؛ طرار	dhongii
असमर्थता	عنن؛ ضعف جنسی	asamarthataa
अशक्त	عنین؛ اکار	ashakt
कंगाल	فقیرنشین	kangaal
आर्थिक रूप से नष्ट	فقیرنشین	aarthik ruup se nasht
प्रभाव डालना	تأثیر کردن؛ در ذهن جاگیر کردن	prabhaav daalanaa
आशुप्रभावित	اثر پذیر؛ دهن بین	aashuprabhaavit
प्रभाव्य	اثر پذیر؛ دهن بین	prabhaavy
बंदी बनाना	زندانی کردن	bandii banaanaa
कैद करना	زندانی کردن	kaid karanaa
अवरोधन	حبس	avarodhan
असंभाव्य	بعید؛ مستبعد	asanbhaavy
अनौचित्य	ناشایستگی؛ زیبندهنبودن	anauchity
अनुचित व्यवहार	ناشایستگی؛ زیبندهنبودن	anuchit vyavahaar
तत्काल तैयार करना	بالبداهه؛ فی البدیهه	tatkaal taiyaar karanaa
कामचलाऊ प्रबंध करना	بالبداهه؛ فی البدیهه	kaamachalaauu prabandh karanaa
अविवेक	بی تدبیری؛ بی مبالاتی	avivek
अविवेकिता	بی تدبیری؛ بی مبالاتی	avivekitaa
अविवेकपूर्ण	بی تدبیر	avivekapuurn
उमंग	محرک آنی	umang
आवेग	محرک آنی	aaveg
मौजी	بلهوس	maujii
आवेगी	بلهوس	aavegii
अपवित्र	ناپاک؛ ناخالص	apavitr
अशुद्ध	ناپاک؛ ناخالص	ashuddh
अयोग्यता	عدم توانایی	ayogyataa
अवघट	منیع؛ ممنوع الوصول	avaghat
निष्क्रियता	ناکنش؛ بی کاری	nishkriyataa
अकरण	ناکنش؛ بی کاری	akaran
निष्क्रिय	نادایر؛ بی جنبش	nishkriy
अयोग्य	ناکافی	ayogy
अपर्याप्त	ناکافی	aparyaapt
असावधान	غیر عمدی	asaavadhaan
बेखबर	غیر عمدی	bekhabar
असावधानी से	ندانسته	asaavadhaanii se
अपरामर्श्य	از مصلحت بدور است	aparaamarshy
अहस्तांतरणीय	بیع ناپذیر	ahastaantaraniiy
अवियोज्य	بیع ناپذیر	aviyojy
अप्रयोज्य	غیر مشمول	aprayojy
लापरवाही	غافلی؛ ناپرهیزی	laaparavaahii
अश्रव्य	نارسا؛ غیر مسموع	ashravy
अश्राव्य	نارسا؛ غیر مسموع	ashraavy
उद्घाटनात्मक	افتتاحی؛ گشایشی	udghaatanaatmak
विमोचन	افتتاح	vimochan
उद्घाटन	افتتاح	udghaatan
गणनातीत	نا شمردنی	gananaatiit
बेशुमार	نا شمردنی	beshumaar
अयोग्य बनाना	ناتوان ساختن؛ ناقابل ساختن	ayogy banaanaa
असमर्थ बनाना	ناتوان ساختن؛ ناقابل ساختن	asamarth banaanaa
अशक्तता	عدم صلاحیت	ashaktataa
शरीरधारी	متجسم؛ مجسمکردن	shariiradhaarii
अवतारी	متجسم؛ مجسمکردن	avataarii
दाहक	آتش زا	daahak
धूप	عود؛ بخور خوشبو	dhuup
प्रेरणा	مشوق	preranaa
प्रेरणादायक	مشوق	preranaadaayak
अनवरत	لاینقطع	anavarat
इंच	اینچ	inch
इंचअ	اینچ	incha
आपतन	وقوع	aapatan
आपतन{भार}	وقوع	aapatana{bhaar}
वारदात	اتفاق؛ ماجرا	vaaradaat
अकस्मात	ضمنا	akasmaat
वैसे	ضمنا	vaise
चीरा	شکاف	chiiraa
छेदक	ثنایا	chhedak
कृंतक	ثنایا	krintak
उद्दीपन	تحریص	uddiipan
अशिष्टता	بی تمدنی	ashishtataa
तैयार	متمایل	taiyaar
झुका हुआ	متمایل	jhukaa huaa
अंतर्गत	شامل	antargat
अंगीभूत	شامل	angiibhuut
सहित	شامل	sahit
सम्मिलित करते हुए	شامل	sammilit karate hue
समावेशन	شمول	samaaveshan
अज्ञात	نا شناس؛ بانام مستعار	agyaat
अज्ञात रूप से	نا شناس؛ بانام مستعار	agyaat ruup se
फ़ायदा	دخل؛ درآمد	faayadaa
आय	دخل؛ درآمد	aay
अक्षमता	بی کفایتی؛ بی ظرفیتی	akshamataa
क्षमता का अभाव	ناشایستگی	kshamataa kaa abhaav
दुरूह	نامفهوم؛ نفهمیدنی	duruuh
अबोधगम्य	نامفهوم؛ نفهمیدنی	abodhagamy
अचिन्त्य	غیر قابل تصور	achinty
कल्पनातीत	غیر قابل تصور	kalpanaatiit
अनिर्णायक	غیرقاطع	anirnaayak
बेतुका	بی تناسب	betukaa
धोखेबाज़ीई	عدمثبات	dhokhebaazii
असुविधा	معذب داشتن؛ اسباب زحمت	asuvidhaa
असुविधाजनक कार्य	معذب داشتن؛ اسباب زحمت	asuvidhaajanak kaary
समावेश	تلفیق؛ یکی شدنی	samaavesh
असुधार्य	درست نشدنی؛ اصلاح ناپذیر	asudhaary
सेना/ऊष्मायन	جوجه کشی؛ بر خوابش	senaa / uushmaayan / ande senaa
अंडे सेना	جوجه کشی؛ بر خوابش	senaa / uushmaayan / ande senaa
पदाधिकारी	شاغل؛ مصدر کار	padaadhikaarii
नुक्सान उठाना	متحمل شدن	nuksaan uthaanaa
अपने ऊपर लेना	متحمل شدن	apane uupar lenaa
अचिकित्स्य	بیدوا؛ لاعلاج	achikitsy
ऋणग्रस्त	مدیون؛ بدهکار	rinagrast
अनिश्चय	بی تکلیفی؛ بی عزمی	anishchay
सचमुच	واقعاً؛ در حقیقت	sachamuch
वाकई	واقعاً؛ در حقیقت	vaakii
अनिर्वचनीय	توصیف نشدنی	anirvachaniiy
अवर्णनीय	توصیف نشدنی	avarnaniiy
हरजाना/क्षतिपूर्ति	غرامت؛ جبران زیان	kshatipuurti / harajaanaa / kshatipuurti
स्वाधीन	مستقل	svaadhiin
स्वाधीनतः	مستقلا؛ بالاستقلال	svaadhiinath
अलग अलग	مستقلا؛ بالاستقلال	alag alag
अटूट	زوال ناپذیر؛ نابود نشدنی	atuut
अविनाशी	زوال ناپذیر؛ نابود نشدنی	avinaashii
भारत	هند؛ هندوستان	bhaarat
भारतवर्ष	هند؛ هندوستان	bhaaratavarsh
भारतीय	هندی؛ سرخ‌پوست	bhaaratiiy
हिन्दुस्तानी	هندی؛ سرخ‌پوست	hindustaanii
निर्देशक	حاکی؛ اشارهکننده	nirdeshak
निर्देशात्मक	حاکی؛ اشارهکننده	nirdeshaatmak
संकेतक	شاخص	sanketak
अभ्यारोपण	کیفرخواست	abhyaaropan
उदासीनता	خونسردی؛ بی علاقگی	udaasiinataa
देशज	بومی	deshaj
वृहद	بومی	vrihad
अपच	رودل؛ بدهزمی	apach
अजीर्ण	رودل؛ بدهزمی	ajiirn
रुष्ट	خشمگینانه	rusht
नाराज़गी	رنجش؛ خشم	naaraazagii
चक्करदार	غیرمستقیم؛ ناراسته	chakkaradaar
अप्रत्यक्षतः	غائبانه؛ به طور غیر مستقیم	apratyakshath
अप्रत्य्क्ष रूप से	غائبانه؛ به طور غیر مستقیم	apratyksh ruup se
असावधानी	بی خردی	asaavadhaanii
अविवेकपूर्ण कथन	بی خردی	avivekapuurn kathan
जरुरी	حتمی؛ صرفنظر نکردنی	jarurii
अस्फुट	ناشمرده؛ ناشنوا	asphut
व्यक्तित्व	فردیت؛ وجود فردی	vyaktitv
व्यक्तिगत रूप से	به‌طور انفرادی	vyaktigat ruup se
एक एक कर के	به‌طور انفرادی	ek ek kar ke
आलसी	کاهل	aalasii
अस्कती	کاهل	askatii
भीतरी	زیر سقف	bhiitarii
आंतरिक	زیر سقف	aantarik
घर के अंदर	در منزل	ghar ke andar
घर के भीतर	در منزل	ghar ke bhiitar
प्रेरित करना	تحریک کردن	prerit karanaa
प्रसन्न करना	افراط کردن	prasann karanaa
सन्तुष्ट करना	افراط کردن	santusht karanaa
पक्षपातपूर्ण	زیاده رو	pakshapaatapuurn
उद्योगी	صنعتی؛ اهل صنعت	udyogii
औद्योगिक	صنعتی؛ اهل صنعت	audyogik
मेहनती	کوشارو؛ کار کن	mehanatii
प्रभावहीन	بیاثربودن؛ غیر موثر	prabhaavahiin
अपात्र	شامل نشدنی	apaatr
असमानता	نابرابری	asamaanataa
असाम्य	نابرابری	asaamy
न्यायविरुद्ध	غیر منصفانه	nyaayaviruddh
अवश्यंभावी	اجتناب‌ناپذیر	avashyanbhaavii
दुर्निवार्य्य	اجتناب‌ناپذیر	durnivaaryy
निस्सन्देह	ناگزیر	nissandeh
अनुभवहीनता	بی تجربگی	anubhavahiinataa
अव्यूत्पन्न	ناشی؛ نپخته	avyuutpann
अविच्छेद्य	نگشودنی	avichchhedy
न सुलझने वाला	نگشودنی	n sulajhane vaalaa
कुख्यात	بدنام	kukhyaat
दुष्टता	سابقهبد؛ بدنامی	dushtataa
शैशव	طفولیت؛ صغارت	shaishav
बचकाना	کودکانه	bachakaanaa
शिशु संबंधी	کودکانه	shishu sanbandhii
पैदल सेना	پیاده؛ پیاده نظام	paidal senaa
संक्रमण	عفونت	sankraman
औपसर्गिक	عفونی؛ فاسد کننده	aupasargik
रोगजनक	عفونت زا؛ گند زا	rogajanak
अनुमान करना	استنتاج کردن	anumaan karanaa
निष्कष	استنباط	nishkash
हीनता	پستی؛ مادونی	hiinataa
खिझाने वाला	دوزخی	khijhaane vaalaa
असमापिका	لایتناهی؛ نامتناهی	asamaapikaa
अति सूक्ष्म	بینهایت کوچک	ati suukshm
अत्यंत सूक्ष्म	بینهایت کوچک	atyant suukshm
दौर्बल्य	علیلی؛ نا توانی	daurbaly
ज्वलनशील	آتشگیر؛ شعله ور	jvalanashiil
शत्रुता	آماس؛ ورم	shatrutaa
प्रज्वलन	آماس؛ ورم	prajvalan
विद्रोहात्मक	ورمی؛ آماسی	vidrohaatmak
गर्वशील	هوادار؛ بادآورده	garvashiil
बढ़ा हुआ	هوادار؛ بادآورده	barhaa huaa
फुलाव	تورم	phulaav
मंहगाई	تورم	manhagaaii
अंतर्वाह	جریان بداخل	antarvaah
दबदबेवाला	بانفوذ	dabadabevaalaa
इन्फ़्लुएन्ज़ा	آنفلوانزا؛ آنفلوآنزا	influenzaa
भारी नज़ला	آنفلوانزا؛ آنفلوآنزا	bhaarii nazalaa
अनौपचारिक	غیر رسمی	anaupachaarik
अनौपचारिक रूप से	به‌طور غیر رسمی	anaupachaarik ruup se
सूचनादाता	آگاهگر؛ شکل دهنده	suuchanaadaataa
सूचना दाता	نمام؛ سخنچین	suuchanaa daataa
आधारिक संरचना	زیرساخت	aadhaarik sanrachanaa
आधारभूत संरचना	زیرساخت	aadhaarabhuut sanrachanaa
पटुता	دهاء	patutaa
विदग्धता	دهاء	vidagdhataa
खिलाना	درهیختن؛ داخل معده کردن	khilaanaa
अंतर्ग्रहण	درهنج؛ فرو بری	antargrahan
अनुग्रह प्राप्त करना	خود شیرینی کردن	anugrah praapt karanaa
संघटक	جزء؛ جزء ترکیبی	sanghatak
बसना	مسکون کردن؛ مسکن گزیدن	basanaa
साँस खींचना	استنشاق کردن؛ استشمام کردن	saans khiinchanaa
अन्तर्निहित	ذاتی	antarnihit
सहज रूप से	ذاتاً؛ به‌طور ذاتی	sahaj ruup se
उत्तराधिकार में पाना	به ارث بردن	uttaraadhikaar men paanaa
उत्तराधिकार	ارث؛ میراث	uttaraadhikaar
निर्दय	نامردم؛ غیر انسانی	nirday
निर्दयता	نامردمی؛ غیرانسانی بودن	nirdayataa
प्रारम्भिक	ابتدایی؛ آغازی	praarambhik
शुरू में	ابتدا	shuruu men
आरम्भ करना	آغاز کردن	aarambh karanaa
भर देना	تزریق کردن	bhar denaa
इंजेक्शन	تزریق	injekshan
अंतःक्षेप	تزریق	antahkshep
घायल करना	ناقص کردن؛ مجروح کردن	ghaayal karanaa
घाव	جراحت	ghaav
अन्याय	بی‌عدالتی	anyaay
जफा	بی‌عدالتی	japhaa
स्याही	جوهر	syaahii
मसि	جوهر	masi
अंदर	درون کشور؛ درون مرزی	andar
अंतःस्थलीय	درون کشور؛ درون مرزی	antahsthaliiy
सराय	رباط؛ سرای	saraay
अंतरांग	قسمتهای داخلی	antaraang
यंत्र का भीतरी भाग	قسمتهای داخلی	yantr kaa bhiitarii bhaag
गोपनीय	داخله؛ باطنی	gopaniiy
अंतर्तम	داخلی ترین	antartam
केंद्र के समीपस्थ	داخلی ترین	kendr ke samiipasth
सराय वाला	صاحب مسافرخانه	saraay vaalaa
निर्मलता	برائت؛ معصومیت	nirmalataa
निष्कपटता	برائت؛ معصومیت	nishkapatataa
नवीनीकरण	نوآوری	naviiniikaran
नवीनता	نوآوری	naviinataa
नवीन	نوآورانه	naviin
अभिनव	نوآورانه	abhinav
अमित	غیرقابل شمارش	amit
टीका	تلقیح؛ مایه کوبی	tiikaa
जिसका शल्य चिकित्सा न हो सके	غیردایر؛ عملناپذیر	jisakaa shaly chikitsaa n ho sake
अक्रिय	غیردایر؛ نادایر	akriy
अप्रवृत	غیردایر؛ نادایر	apravrit
असामयिक	نابجا؛ نابهنگام	asaamayik
असमयोचित	نابجا؛ نابهنگام	asamayochit
निवेश	ورودی	nivesh
जिज्ञासु	استخبار	jigyaasu
प्रश्नमय	استخبار	prashnamay
सर्वेक्षण	سراغ؛ جستار	sarvekshan
उत्सुकतापूर्ण	کنجکاو	utsukataapuurn
जुनून	جنون؛ دیوانگی	junuun
छापना	محاط کردن؛ حکاکی کردن	chhaapanaa
उत्किर्ण करना	محاط کردن؛ حکاکی کردن	utkirn karanaa
अभिलेख	ثبت؛ کتابت	abhilekh
शिलालेख	ثبت؛ کتابت	shilaalekh
गूढ	نفوذ ناپذیر	guudh
कीट	حشره	kiit
असुरक्षित	غیرمحفوظ؛ ناامن	asurakshit
आशंकित	غیرمحفوظ؛ ناامن	aashankit
असुरक्षा	تزلزل	asurakshaa
असुरक्षा की भावना	تزلزل	asurakshaa kii bhaavanaa
असंवेदनशील	غیرمحسوس؛ غیر حساس	asanvedanashiil
संवेदनाशून्य	لایعقل؛ بی غیرت	sanvedanaashuuny
अभिन्न	لاینفک	abhinn
प्रविष्ट करना	وارد کردن	pravisht karanaa
निवेशन	درج	niveshan
अन्त	درج	ant
के अन्दर	داخل، درون	ke andar
अंतरंग	خودی	antarang
घनिष्ठ व्यक्ति	خودی	ghanishth vyakti
अन्तर्दृष्टि	فراست؛ بصیرت	antardrishti
अंत्ःदृर्टि पूर्ण विचार	فراست؛ بصیرت	anthdrirti puurn vichaar
पदचिह्न	آرم؛ نشان رسمی	padachihn
प्रतीक चिह्न	آرم؛ نشان رسمی	pratiik chihn
महत्वहीनता	ناقابلی؛ ناچیزی	mahatvahiinataa
असार्थकता	ناقابلی؛ ناچیزی	asaarthakataa
मामूली	ناچیز؛ خفیف	maamuulii
निष्ठाहीन	بدونصمیمیت؛ بی صداقت	nishthaahiin
इशारा करना	ریشخند کننده	ishaaraa karanaa
धीरे धीरे उकसाना	ریشخند کننده	dhiire dhiire ukasaanaa
माँगना	ابرام کردن؛ سماجت کردن	maanganaa
अड़े रहना	ابرام کردن؛ سماجت کردن	are rahanaa
आग्रह	ابرام؛ سماجت	aagrah
हठपूर्ण	مصرانه؛ پافشار	hathapuurn
धृष्टता	جسارت؛ وقاحت	dhrishtataa
अक्खड़पन	جسارت؛ وقاحت	akkharapan
अघुलनशील	غیر محلول	aghulanashiil
समाधानहीन	غیر محلول	samaadhaanahiin
निद्राभाव	بیخوابی؛ بدخوابی	nidraabhaav
अल्पनिंद्रा	بیخوابی؛ بدخوابی	alpanindraa
निरीक्षण करना	بازرسی کردن	niriikshan karanaa
निरीक्षण	بازرسی	niriikshan
निरीक्षक	بازرس	niriikshak
दरोग़ा	بازرس	daroghaa
उत्प्रेरणा	الهام	utpreranaa
बैठाना	نصب کردن؛ کار گذاشتن	baithaanaa
नियुक्ति	نصب	niyukti
प्रतिष्ठापन	نصب	pratishthaapan
किस्त	قسط؛ علیالحساب	kist
अवस्था	وهله	avasthaa
घटना	وهله	ghatanaa
क्षण	فوری	kshan
बजाय	به جای	bajaay
बदल में	به جای	badal men
संस्थान	بنداد؛ انستیتو	sansthaan
संस्था भवन	بنداد؛ انستیتو	sansthaa bhavan
समाज	بنگاه؛ موسسه	samaaj
संस्थागत	نهادی	sansthaagat
संस्थानिक	نهادی	sansthaanik
उपदेशक	مربی	upadeshak
अनुदेशक	مربی	anudeshak
वाद्य संगीत	موثر	vaady sangiit
विद्रोहशीलता	نافرمانی؛ سر پیچی	vidrohashiilataa / anaadar / avagyaa
अनादर/अवज्ञा	نافرمانی؛ سر پیچی	vidrohashiilataa / anaadar / avagyaa
संकीर्णहृदय	جزیرهای؛ غیر آزاد	sankiirnahriday
रोधक	عایق	rodhak
बेइज़्ज़ती	توهین	beizzatii
बीमा	بیمه	biimaa
दिलाना	بیمه کردن؛ بیمه بدست آوردن	dilaanaa
विद्रोह	یاغی گری	vidroh
अक्षत	دست نخورده	akshat
अखण्ड	دست نخورده	akhand
ग्राह्यता	مصرف	graahyataa
अस्पर्शी	لمس ناپذیر؛ درک نکردنی	asparshii
संपूर्ण	جدایی ناپذیر	sanpuurn
समाहित करना	یکپارچه کردن	samaahit karanaa
समाकलित	یکپارچه	samaakalit
एकीकरण	یکپارچگی	ekiikaran
समाकलन	یکپارچگی	samaakalan
प्रज्ञा	خرد؛ عقل	pragyaa
मति	خرد؛ عقل	mati
बुद्धिगत	روشنفکر؛ فکری	buddhigat
प्रज्ञावान	روشنفکر؛ فکری	pragyaavaan
बुद्धिमान	باهوش	buddhimaan
तरसेम	باهوش	tarasem
बोधनीय	مفهوم؛ قابل فهم	bodhaniiy
समझ में आने लायक	مفهوم؛ قابل فهم	samajh men aane laayak
प्रबलता	شدت	prabalataa
सुविचारित	عمدی؛ تعمدی	suvichaarit
इरादतन	عمدا؛ تعمدا	iraadatan
जानबूझा कर	عمدا؛ تعمدا	jaanabuujhaa kar
गाड़ना{लाश}	مدفون ساختن	gaaranaa{laash}
बातचीत करना	تعامل داشتن	baatachiit karanaa
एक दूसरे को प्रभावित करना	تعامل داشتن	ek duusare ko prabhaavit karanaa
पारस्परिक प्रभाव	تعامل	paarasparik prabhaav
पारस्परिक क्रिया	تعامل	paarasparik kriyaa
पारस्परिक	تعاملی	paarasparik
इंटरैक्टिव	تعاملی	intaraiktiv
मध्यस्थता करना	شفاعت کردن؛ پادر میانی کردن	madhyasthataa karanaa
अंतराकोशिक	بین یاختهای؛ داخل سلولی	antaraakoshik
मोड़	متناوب ساختن؛ جا بجا	mor
इंटरचेंज	متناوب ساختن؛ جا بجا	intarachenj
संभोग	آمیزش؛ مقاربت	sanbhog
सम्भोग	آمیزش؛ مقاربت	sambhog
अंतरवर्ती	مداخله کننده	antaravartii
बीच में होने वाला	مداخله کننده	biich men hone vaalaa
ब्याज	علاقه، علاقه مند کردن	byaaj
रुचि रखनेवाला	علاقه‌مند	ruchi rakhanevaalaa
संबद्ध	علاقه‌مند	sanbaddh
इंटरफ़ेस	رابط	intarafes
अंतरापृष्ठ	رابط	antaraaprishth
दखल देना	دخالت کردن	dakhal denaa
छेड़खानी	دخالت	chherakhaanii
अल्पकालीन	موقت	alpakaaliin
अंतरिम	موقت	antarim
वार्तालापी	هم سخن؛ طرف صحبت	vaartaalaapii
मध्यस्थ	مداخله کننده؛ وساطت کننده	madhyasth
अंतःस्थ	متوسط	antahsth
अनंतकालीन	پایان ناپذیر؛ تمام نشدنی	anantakaaliin
आंतरायिक	نوبتی؛ نوبت دار	aantaraayik
बीच बीच में होने वाला	نوبتی؛ نوبت دار	biich biich men hone vaalaa
अन्तर्राष्ट्रीय	بین‌المللی	antarraashtriiy
अंतःराष्ट्रीय	بین‌المللی	antahraashtriiy
इंटरनेट	اینترنت	intaranet
अन्तरजाल	اینترنت	antarajaal
अदा करना	ترجمه کردن؛ تعبیر کردن	adaa karanaa
अनुवादक	مترجم؛ حلاج	anuvaadak
दुभाषिया	مترجم؛ حلاج	dubhaashiyaa
परस्पर काटना	تقاطع کردن؛ از هم گذشتن	paraspar kaatanaa
एक दूसरे को काटना	تقاطع کردن؛ از هم گذشتن	ek duusare ko kaatanaa
अन्तर्राज्यीय	بین ایالتی	antarraajyiiy
अंतर्राज्यीय	بین ایالتی	antarraajyiiy
हस्तक्षेप करना	مداخله کردن	hastakshep karanaa
बीच मेँ आना	مداخله کردن	biich men aanaa
हस्तक्षेप	مداخله	hastakshep
मध्यवर्त	مداخله	madhyavart
भेँट	مصاحبه، مصاحبه کردن	bhent
आँत संबंधी	رودهای	aant sanbandhii
आँत संबन्धी	رودهای	aant sanbandhii
आँत	روده؛ معاء	aant
अँतड़ी	روده؛ معاء	antarii
घनिष्ठता	صمیمیت؛ محرمیت	ghanishthataa
आत्मीयता	صمیمیت؛ محرمیت	aatmiiyataa
परिचित रूप से	صمیمانه	parichit ruup se
परिचित रूप से.	صمیمانه	parichit ruup se.
धमकाना	مرعوب کردن؛ ارعاب کردن	dhamakaanaa
धमकी	ارعاب؛ ترهیب	dhamakii
अभित्रास	ارعاب؛ ترهیب	abhitraas
अंदर को	به داخل	andar ko
गुणित करने पर	به داخل	gunit karane par
असह्य	تحمل ناپذیر؛ طاقت فرسا	asahy
असहनीय	تحمل ناپذیر؛ طاقت فرسا	asahaniiy
सुर	تکیه صدا	sur
स्वरोच्चारण	تکیه صدا	svarochchaaran
अतिपायी	سرمست؛ بدمست	atipaayii
नशीली	سکرآور	nashiilii
मादक	سکرآور	maadak
मद	مستی؛ نشئه	mad
निर्भय	صارم	nirbhay
पेच	بغرنجی؛ ریزه کاری	pech
कुतूहल	دوز و کلک زدن؛ دوز و کلک چیدن	kutuuhal
लुभावना	جذاب	lubhaavanaa
पहेलीनुमा	جذاب	paheliinumaa
मूलभूत	فطری	muulabhuut
भूमिका	مقدمه	bhuumikaa
आत्मनिरीक्षण करना	بخود آمدن؛ بخود برگشتن	aatmaniriikshan karanaa
घुसना	پادرازی کردن؛ فضولانه آمدن	ghusanaa
घुसपैठिया	مو؛ فضول	ghusapaithiyaa
अनामंत्रित प्रवेश करने वाला	مو؛ فضول	anaamantrit pravesh karane vaalaa
पैठ	دخالت؛ پادرازی	paith
पँगा	دخالت؛ پادرازی	pangaa
अंतर्बोध	فراست؛ بصیرت	antarbodh
अन्तर्ज्ञान	فراست؛ بصیرت	antargyaan
आक्रमण करना	حمله کردن	aakraman karanaa
घुस जाना	حمله کردن	ghus jaanaa
अमान्य	علیل؛ نامعتبر	amaany
अमूल्य	پر بها؛ غیرقابل تخمین	amuuly
सदा एक सा	نامغیر؛ نامتغیر	sadaa ek saa
गढना	اختراع کردن	gadhanaa
आविष्कारक	موجد؛ جاعل	aavishkaarak
प्रतिलोम	معکوس؛ وارون	pratilom
उलटाव	برگشتگی؛ تقلیب	ulataav
उलट देना	برگشته؛ نگون	ulat denaa
उलटा करना	برگشته؛ نگون	ulataa karanaa
जांचना	پژوهیدن؛ تحقیق کردن	jaanchanaa
अन्वेषण	تحقیق؛ رسیدگی	anveshan
जाँच कर्ता	بازپرس	jaanch kartaa
निवेशक	سرمایه گذار	niveshak
धन लगाना	سرمایه گذار	dhan lagaanaa
अपराजेयता	شکست ناپذیری	aparaajeyataa
अजेय	شکست ناپذیر؛ مغلوب نشدنی	ajey
अजय	شکست ناپذیر؛ مغلوب نشدنی	ajay
अलङ्घ्य	غصب نکردنی	alangghy
अलंघनीय	غصب نکردنی	alanghaniiy
अनुल्लंघनीय	غصب نشدنی	anullanghaniiy
उपहार	دعوتنامه	upahaar
अस्वैच्छिक	بی اختیار؛ غیر عمدی	asvaichchhik
अनिच्छा से होने वाला	بی اختیار؛ غیر عمدی	anichchhaa se hone vaalaa
शामिल करना	درگیر کردن	shaamil karanaa
संबन्ध	درگیری	sanbandh
अंदरूनी	داخل رونده	andaruunii
आयन	یون؛ ایون	aayan
रत्ती	ایوتا	rattii
आयोवा	آیوا	aayovaa
आयरलैंड	ایرلند	aayaralaind
आयरिश	ایرلندی	aayarish
आयरलैंडवासी	ایرلندی	aayaralaindavaasii
उबाऊ	کسل کننده	ubaauu
व्यंग्यपूर्ण	کنایه‌آمیز	vyangyapuurn
व्यंग्यात्मक	کنایه‌آمیز	vyangyaatmak
व्यंग्यपूर्वक	کنایه‌آمیزانه	vyangyapuurvak
व्यंग्यपूर्ण ढंग से	کنایه‌آمیزانه	vyangyapuurn dhang se
व्यंग्योक्ति	کنایه	vyangyokti
व्याजोक्ति	کنایه	vyaajokti
अविवेकी	بی منطق؛ غیر منطقی	avivekii
असमाधेय	جور نشدنی؛ اصلاح ناپذیر	asamaadhey
असंबद्ध	نامربوط	asanbaddh
बेमतलब	نامربوط	bematalab
अपूरणीय	بی کفاره؛ خوب نشدنی	apuuraniiy
जिसे सुधारा न जा सके	بی کفاره؛ خوب نشدنی	jise sudhaaraa n jaa sake
अदमनीय	منع ناپذیر؛ مطیع نشدنی	adamaniiy
का विचार किए बिना	صرفنظر از	kaa vichaar kie binaa
का विचार किये बिना	صرفنظر از	kaa vichaar kiye binaa
गैर ज़िम्मेदार	وظیفهنشناس	gair zimmedaar
अपरिवर्तनीय	بلا عزل	aparivartaniiy
सीँचना	مشروب کردن؛ سیراب کردن	siinchanaa
सिँचाई	آبیاری	sinchaaii
सिंचाई	آبیاری	sinchaaii
चिड़चिड़ापन	زودخشمی؛ زود رنجی	chirachiraapan
अतिसंवेदनशीलता	زودخشمی؛ زود رنجی	atisanvedanashiilataa
क्रोधी	زودخشم	krodhii
खुजलीदायक	آزارنده؛ سوزش آور	khujaliidaayak
चिढ़ाना	رنجاندن؛ آزردن	chirhaanaa
खिझाना	رنجاندن؛ آزردن	khijhaanaa
चबूतरा	جزیره	chabuutaraa
द्वीप	جزیره	dviip
टापू	جزیره	taapuu
समाधान करना	منزوی کردن	samaadhaan karanaa
एकांत	انزوا	ekaant
अलगाव	انزوا	alagaav
प्रकाशन, प्रचालन	صدور	prakaashan / prachaalan
यह/वह	آن	yah / vah / vaakyaansh pramukhataa bataanaa
वाक्यांश प्रमुखता बताना	آن	yah / vah / vaakyaansh pramukhataa bataanaa
इटली वासी	ایتالیائی	italii vaasii
इटली संबंधी	ایتالیائی	italii sanbandhii
इटली	ایتالیا	italii
खर्जु	خارش؛ خنش	kharju
खुजलाहट	خارش؛ خنش	khujalaahat
अपना	مال آن	apanaa
स्वयम्	خودش	svayam
गजदंत	عاجی؛ عاج	gajadant
हाथी दांत	عاجی؛ عاج	haathii daant
आइवी लता	پیچک	aaivii lataa
विद्वत्तापूर्ण मानक	پیچک	vidvattaapuurn maanak
जैकेट	ژاکت	jaiket
दाँतेदार	مضرس؛ دندانهدار	daantedaar
ऊबड़ खाबड़	مضرس؛ دندانهدار	uubar khaabar
जेल	زندان	jel
कारागार	زندان	kaaraagaar
जाम	مربا، ترافیک	jaam
जनवरी	ژانویه	janavarii
जापान	ژاپن	jaapaan
रोग़न करके चमकाना	ژاپن	roghan karake chamakaanaa
जापानी	ژاپنی	jaapaanii
जापानवासी	ژاپنی	jaapaanavaasii
सुराही	کوزه؛ سبو	suraahii
मर्तबान	کوزه؛ سبو	martabaan
बाँका	خود ساز	baankaa
जिन्दादिल	خود ساز	jindaadil
लहर	فک؛ آرواره	lahar
जाज	جاز	jaaj
गीतनाट्य	جاز	giitanaaty
असूया	رشک؛ حسادت	asuuyaa
सूती कपड़ा	شلوار جین	suutii kaparaa
अवलेह	ژلاتین؛ لرزانک	avaleh
धक्का/झटका	زود کشیدن؛ تکان سریع دادن	jhatakaa / dhakkaa / jhatakaa
स्वेटर	پارچه کشباف	svetar
जर्सी	پارچه کشباف	jarsii
यरुशलम	اورشلیم؛ اورشلیم مقدس	yarushalam
परिहास	شوخی کردن؛ ببازی گرفتن	parihaas
मजाक	شوخی کردن؛ ببازی گرفتن	majaak
जेज़ुइट	یسوعیون	jezuit
ईसा मसीह की रोयल केथोलिक समाज का सदस्य	یسوعیون	iisaa masiih kii royal ketholik samaaj kaa sadasy
फुहार	جت	phuhaar
जेवर	جواهرات	jevar
खनखनाहट	جرنگ؛ جلنگ	khanakhanaahat
घुड़दौड़ का घुड़सवार	سوارکار؛ چابک سوار	ghuradaur kaa ghurasavaar
घुड़ दौड़ का पेशेवर घुडसवार	سوارکار؛ چابک سوار	ghur daur kaa peshevar ghudasavaar
मजाकिया	شوخی آمیز	majaakiyaa
परिहासशील	شوخی آمیز	parihaasashiil
साझे का	مشترک	saajhe kaa
मिल कर	تواماً؛ مشاعا	mil kar
संयुक्त रूप से	تواماً؛ مشاعا	sanyukt ruup se
मज़ाक	شوخی، شوخی کردن	mazaak
चुटकुला	شوخی، شوخی کردن	chutakulaa
जोन्स	جونز	jons
धक्का देना	تنه زدن	dhakkaa denaa
पत्रिका	مجله؛ جورنال	patrikaa
पत्रकारिता	روزنامه نگاری	patrakaaritaa
पत्रकार	روزنامه‌نگار	patrakaar
पट्रकार	روزنامه‌نگار	patrakaar
यात्रा	سفر	yaatraa
गाल	کله ماهی	gaal
खुश	طربناک؛ پرنشاط	khush
जानकार	قاضی؛ داور	jaanakaar
न्यायिक	قضایی	nyaayik
न्यायपालिका	وابسته بدادگاه؛ قوه قضائیه	nyaayapaalikaa
विवेकपूर्ण	روشن رای	vivekapuurn
जुलाई	جولای	julaaii
घालमेल	درهم آمیختگی	ghaalamel
छलांग	پریدن، پرش	chhalaang
जंफर	جهنده؛ سیم جهشی	janphar
जंक्शन	تقاطع	jankshan
समय/परिस्थिति	ملتقا؛ درزگاه	mor / samay / paristhiti
जून	ژوئن	juun
जूनअ	ژوئن	juuna
जंगल संगीत	جنگل	jangal sangiit
निवड	اصغر	nivad
जूनिपर	اردج	juunipar
धूपचन्दन	اردج	dhuupachandan
क्षेत्राधिकार	حوزه قضایی	kshetraadhikaar
अधिकारक्षेत्र	حوزه قضایی	adhikaarakshetr
विधिशास्त्र	فقه	vidhishaastr
न्यायशास्त्र	فقه	nyaayashaastr
जूरी	هیئت منصفه	juurii
निर्णायक समिति	هیئت منصفه	nirnaayak samiti
ठीकठाक	عادلانه، فقط؛ فقط، همین الان	thiikathaak
औचित्य	داد؛ عدل	auchity
ब्यौरा देना	توجیه کردن	byauraa denaa
कारण दिखाना	توجیه کردن	kaaran dikhaanaa
कैज़र	کایزر	kaizar
कैनसस	کانزاس	kainasas
कश्मीर	کشمیر	kashmiir
रक्षक{रखवाली करने वाला}	حافظ؛ حافظه	rakshaka{rakhavaalii karane vaalaa}
केंटकी	کنتاکی	kentakii
स्कार्फ़	چار قد	skaarf
केतली	کتری	ketalii
कीबोरड	جا انگشتی؛ سفحه کلید	kiiborad
कुंजीपटल	جا انگشتی؛ سفحه کلید	kunjiipatal
कुंजी खांचा	سوراخ کلید	kunjii khaanchaa
ताले का छेद	سوراخ کلید	taale kaa chhed
ख़ान	خان	khaan
ठोकर	لگد؛ باپازدن	thokar
किक	لگد؛ باپازدن	kik
बच्चा{बकरी/हिरन/भेड़}	بچه	bachchaa / bachchaa{bakarii / hiran / bher}
अपहरन करना	ربودن	apaharan karanaa
अपहरण	آدمربایی؛ آدم ربا	apaharan
व्यपहरण	آدمربایی؛ آدم ربا	vyapaharan
गुर्दा	کلیه	gurdaa
गुरदा	کلیه	guradaa
कातिल	آدم کش	kaatil
किलोमीटर	کیلومتر	kilomiitar
सुलगाना	افروختن؛ گیراندن	sulagaanaa
कृपालु	مرحمتا	kripaalu
कृपया	مرحمتا	kripayaa
गतिक	جنبشی؛ وابسته بحرکت	gatik
गतिज	جنبشی؛ وابسته بحرکت	gatij
राजा	پادشاه	raajaa
राज्य	پادشاهی	raajy
रिश्तेदारी	خویشاوندی؛ قوم وخویشی	rishtedaarii
चुम्मा	ماچ؛ بوسه	chummaa
चूम्बन	ماچ؛ بوسه	chuumban
किट	کیت	kit
उपकरण समूह	کیت	upakaran samuuh
रसोई	آشپزخانه	rasoii
पाकशाला	آشپزخانه	paakashaalaa
चील	زغن؛ خوا	chiil
पतंग	زغن؛ خوا	patang
बिल्ली का बच्चा	بچهگربه	billii kaa bachchaa
बिल्ली	بچهگربه	billii
बाज़ी	بچهگربه	baazii
युक्ति	لم؛ صدای شلاق	yukti
झोला	پشتواره؛ توشه دان	jholaa
पीठ का थैला	پشتواره؛ توشه دان	piith kaa thailaa
कब्जा	زانو	kabjaa
टेढा टुकड़ा	زانو	tedhaa tukaraa
घण्टा	صدایی زنگ	ghantaa
छुरी	چاقو	chhurii
चाकू	چاقو	chaakuu
घोड़ा	شوالیه؛ نجیب زاده	ghoraa
शूरवीर	شوالیه؛ نجیب زاده	shuuraviir
सिकोड़ना	بافتن؛ کشبافی کردن	sikoranaa
जुड़ना	بافتن؛ کشبافی کردن	juranaa
बटन	دستگیره	batan
खटखटाना	کوبیدن، ضربه زدن	khatakhataanaa
छोटी गोल पहाड़ी	نوک تپه	chhotii gol pahaarii
उँगली की गाँठ	قرحه روده	ungalii kii gaanth
टखने का गोश्त	قرحه روده	takhane kaa gosht
क्रेम्लिन	کرملین	kremlin
रूसी किला	کرملین	ruusii kilaa
प्रयोगशाला	آزمایشگاه	prayogashaalaa
उपनाम	برچسب؛ برچسب زدن	upanaam
मेहनत	کار؛ نیروی کار؛ زایمان	mehanat
प्रयोगस्थल	آزمایشگاه؛ لابراتوار	prayogasthal
मजदूर	عمله	majaduur
गोरखधंधा	لابیرنت	gorakhadhandhaa
फटन	جرح	phatan
छेदन	جرح	chhedan
पिछलगा	چاکری کردن	pichhalagaa
लैक्टेट	شیر مکیدن	laiktet
दूध उत्पन्न करना	شیر مکیدن	duudh utpann karanaa
दुग्ध पान	ارضاع؛ ایجاد شیر	dugdh paan
स्तन्य काल	ارضاع؛ ایجاد شیر	stany kaal
दुग्धाम्लीय	شیری؛ شبیه شیر	dugdhaamliiy
लडका/नवयुवक	پسر جوان	larakaa / ladakaa / navayuvak
सीढी	نردبان	siidhii
उधड़न	نردبان	udharan
लदा हुआ	سنگین بار؛ بارگیری شده	ladaa huaa
माँ	خانم	maan
पत्नी	خانم	patnii
पिछडना	عقب مانده	pichhadanaa
परत चढ़ाना	عقب مانده	parat charhaanaa
झील	دریاچه	jhiil
गोश्त	بره؛ گوشت بره	gosht
दुलारा	بره؛ گوشت بره	dulaaraa
पंगु	شل؛ لنگ	pangu
पँगु	شل؛ لنگ	pangu
शोक	زاریدن؛ نوحه کردن	shok
विलाप	زاریدن؛ نوحه کردن	vilaap
शोक योग्य	زار	shok yogy
विलाप करने वाला	شیون	vilaap karane vaalaa
पतली परत	لایه نازک؛ شاخه پرده ای	patalii parat
पटल	لایه نازک؛ شاخه پرده ای	patal
परतदार	متورق	paratadaar
प्लास्टिक आवरणयुक्त	متورق	plaastik aavaranayukt
नक्षत्र	لامپ	nakshatr
बल्लम	نیزه؛ نشتر زدن	ballam
अवतरण	فرود	avataran
घाट{अवतरणस्थान}	فرود	ghaata{avataranasthaan}
भूमिहीन	بدون زمین	bhuumihiin
जमीनदार	صاحبخانه	jamiinadaar
जमींदार	صاحبخانه	jamiindaar
सीमाचिह्न	نشانه، بنای تاریخی	siimaachihn
थल चिह्न	نشانه، بنای تاریخی	thal chihn
ज़मींदार	صاحب ملک	zamiindaar
भूमिधर	صاحب ملک	bhuumidhar
भूदृश्य	چشم انداز	bhuudrishy
प्राकृतिक दृश्य	چشم انداز	praakritik drishy
भूस्खलन	ریزش خاک؛ ریزش کوه	bhuuskhalan
महाविजय	ریزش خاک؛ ریزش کوه	mahaavijay
लेन	خط (جاده)	len
भाषा	زبان	bhaashaa
शिथिल	بی حال	shithil
लैनोलिन	لانولین	lainolin
बकरी के ऊन से निकाली हुई चरबी	لانولین	bakarii ke uun se nikaalii huii charabii
लालटेन	فانوس؛ چراغ توری	laalaten
चूक	زوال؛ خرف شدن	chuuk
एक छोटा गणक	لپ‌تاپ	ek chhotaa ganak
बृहत	گسترده	brihat
बड़े पैमाने पर	گسترده	bare paimaane par
तुलिका	غزلاغ	tulikaa
स्वरयंत्र-संबंधी	حنجری؛ حنجرهای	svarayantr-sanbandhii
कंठ	حنجره	kanth
स्वर यंत्र	حنجره	svar yantr
लेजर	لیزر	lejar
घूमना	شلاق؛ تازیانه	ghuumanaa
टिकना	آخرین؛ آخرین (صفت)؛ طول کشیدن	tikanaa
चिटकनी	چفت؛ چفت کردن	chitakanii
खटकेदार ताला	چفت؛ چفت کردن	khatakedaar taalaa
दिवंगत	دیر	divangat
देरतक	دیر	deratak
हाल में	اخیراً	haal men
हाल ही में	اخیراً	haal hii men
बाद	بعدا؛ دیرتر	baad
पार्श्वीय	جانبی؛ جناحی	paarshviiy
पार्श्विक	جانبی؛ جناحی	paarshvik
खराद	چرخ خراطی	kharaad
लैटिन	لاتین	laitin
लैटिनअ	لاتین	laitina
अक्षांश	عرض	akshaansh
अनुवर्ती	دومی	anuvartii
अफ़ीम की औषधि	مخلوط افیون	afiim kii aushadhi
लॉडेनम	مخلوط افیون	lodenam
हँसी	خنده، خندیدن	hansii
मुस्कुराहट	خنده، خندیدن	muskuraahat
हँसी का पात्र	مظحکه	hansii kaa paatr
हँसी का पाट्र	مظحکه	hansii kaa paatr
ह्ँसी	خنده	hnsii
क़हक़हा	خنده	qahaqahaa
छोडना	روانهسازی؛ روانه کردن	chhodanaa
प्रारंभ करना	روانهسازی؛ روانه کردن	praaranbh karanaa
लरेल	دهمست؛ درخت غار	larel
लावा	گدازه	laavaa
फिजूलखर्च	خراج؛ مبذر	phijuulakharch
नियम	قانون	niyam
कानून तोड़ना	قانون شکنی	kaanuun toranaa
कानून-भंग	قانون شکنی	kaanuun-bhang
वैध	مجاز؛ مشروع	vaidh
अराजक	بی قانونی	araajak
विधिहीन	بی قانونی	vidhihiin
मलमल	چمن	malamal
मुकदमा	دعوی حقوقی	mukadamaa
नालिश	دعوی حقوقی	naalish
ढीलापन	لینت	dhiilaapan
मुर्गी	طبقه؛ لا	murgii
नक्शा	طرح‌بندی	nakshaa
खाका	طرح‌بندی	khaakaa
आलस	تنبلی؛ بیعاری	aalas
सुस्त	تنبل	sust
नेतृत्व करना	رهبری کردن	netritv karanaa
सीसा	رهبری کردن	siisaa
नेता	رهبر	netaa
नेताआ	رهبر	netaa
नेतालोग	سری؛ رهبری	netaalog
पत्ता	برگ؛ برگ دادن	pattaa
पुस्तिका	بروشور	pustikaa
पत्रक	بروشور	patrak
घना	برگدار؛ پر برگ	ghanaa
पत्तेदार	برگدار؛ پر برگ	pattedaar
स्तर	گروه ورزشی	star
रिसाव	نشت، نشت کردن	risaav
रहस्योद्घाटन	چکه؛ تراوش	rahasyodghaatan
दुबला	وادادن؛ لخم	dubalaa
कूद	جهش	kuud
सीखना	یاد گرفتن	siikhanaa
सीखने वाला	یادگیرنده	siikhane vaalaa
अधिगम	یادگیری	adhigam
पट्टे पर देना	اجاره؛ اجاره کردن	patte par denaa
चेन	مرس؛ بند زدن	chen
रस्सी से बाँधना	مرس؛ بند زدن	rassii se baandhanaa
न्यूनतम	کمترین	nyuunatam
प्रस्थान करना	ترک کردن	prasthaan karanaa
व्याख्यान	سخنرانی، سخنرانی کردن	vyaakhyaan
लम्बा कथन	سخنرانی، سخنرانی کردن	lambaa kathan
लेक्चरर	مدرس؛ سخنران	lekcharar
व्याख्याता	مدرس؛ سخنران	vyaakhyaataa
बही खाता	دفتر کل	bahii khaataa
जोंक	علقه؛ زالو	jonk
बायाँ	چپ، باقی مانده	baayaan
छोड़ा हुआ	چپ، باقی مانده	chhoraa huaa
रान	پا	raan
पैर	پا	pair
कानूनी	قانونی؛ مشروع	kaanuunii
वैग	قانونی؛ مشروع	vaig
आलेख	افسانه	aalekh
पौराणिक	افسانه‌ای	pauraanik
पादावरण	پاتابه	paadaavaran
चुस्त पैंट	پاتابه	chust paint
सैन्य दल	لژیون؛ سپاه رومی	sainy dal
विधान	قانون‌گذاری	vidhaan
वैधानिक	قانون‌گذاری	vaidhaanik
विधि संबंधी	قانون‌گذاری	vidhi sanbandhii
विधायक	شارع؛ مقنن	vidhaayak
विधानमंडल	قوه مقننه	vidhaanamandal
विधानमण्डल	قوه مقننه	vidhaanamandal
युक्ति संगत	مشروع	yukti sangat
फुरसत	فراغت؛ وقت کافی	phurasat / khaalii samay / phurasat
खाली समय/फुरसत	فراغت؛ وقت کافی	phurasat / khaalii samay / phurasat
इत्मीनान भरा	تفریحانه	itmiinaan bharaa
नींबू	لیمو	niinbuu
लेमोनेड	لیموناد؛ شربت آبلیمو	lemoned
नींबूपानी	لیموناد؛ شربت آبلیمو	niinbuupaanii
उधारदाता	وام ده	udhaaradaataa
लम्बा करना	دراز کردن؛ دراز شدن	lambaa karanaa
लम्बा	طولانی	lambaa
बहुत लंबा	طولانی	bahut lanbaa
लेन्स	لنز	lens
लेंस	لنز	lens
चरकी	جذامی	charakii
कोढ/कुष्ट रोग	جذام؛ خوره	kodh / kusht rog
समलिंग कामी महिला	لزبین	samaling kaamii mahilaa
थोड़ा सा	کمتر	thoraa saa
घटना/कम होना	کمتر شدن	kam karanaa / ghatanaa / kam honaa
न्यूनतर	کمتر	nyuunatar
उदाहरण	درس	udaaharan
अनुमति देना	اجازه دادن	anumati denaa
सुस्ती	تهاون؛ سبات	sustii
अलसता	تهاون؛ سبات	alasataa
तटबंध	بارعام دادن؛ سلام عام	tatabandh
छिछलापन	سبک سری	chhichhalaapan
उगाही	مالیات بندی؛ نام نویسی	ugaahii
शाब्दिक	لغوی	shaabdik
कोश विषयक	لغوی	kosh vishayak
दायित्व	مشمولیت	daayitv
लबार	دروغگو؛ چاخان	labaar
उदारपंथी	آزاداندیش	udaarapanthii
उदारतावाद	آزادمنشی؛ آزادگی	udaarataavaad
उदार विचार धारा	آزادمنشی؛ آزادگی	udaar vichaar dhaaraa
आज़ादी	آزادی	aazaadii
परिमोचक	آزاد کننده؛ نجات دهنده	parimochak
ग्रंथागारिक	کتابدار	granthaagaarik
पुस्तकालयाध्यक्ष	کتابدار	pustakaalayaadhyaksh
किताबघर	کتابخانه	kitaabaghar
पुस्तकालय	کتابخانه	pustakaalay
स्वच्छंदता	مجوز؛ پروانه دادن	svachchhandataa
शैवाल	گل سنگ	shaivaal
लाइकेन	گل سنگ	laaiken
चाँटना	لیس؛ لیسه	chaantanaa
चाटना	لیس؛ لیسه	chaatanaa
रूकावट	سر؛ دریچه گذاشتن	ruukaavat
लेटना	دراز کشیدن	letanaa
ळेटना	دراز کشیدن	ळेtanaa
लेफ्टिनेंट	ستوان	lephtinent
आजीवन	مادام‌العمر	aajiivan
जीवनचर्या	سبک زندگی	jiivanacharyaa
जीवन शैली	سبک زندگی	jiivan shailii
जीवनकाल	طول عمر	jiivanakaal
अस्थिबंध	بندیزه	asthibandh
स्नायु रज्जुक	بندیزه	snaayu rajjuk
चमक उठना	سبک کردن؛ تنویر کردن	chamak uthanaa
हल्का करना	سبک کردن؛ تنویر کردن	halkaa karanaa
प्रसन्न चित्त	سبکبار؛ مشرور	prasann chitt
प्रकाश व्यवस्था	نورپردازی	prakaash vyavasthaa
भारहीनता	خفت؛ سبکی	bhaarahiinataa
संभावना	احتمال	sanbhaavanaa
संभवतः	احتمالی	sanbhavath
तुलना करना	مشبه	tulanaa karanaa
तुलनात्मकता	سان؛ مثال	tulanaatmakataa
इसी तरह	به همین ترتیب	isii tarah
नीलक	یاس شیروانی	niilak
लाइलैक	یاس شیروانی	laailaik
कुमुदिनी	سوسنی؛ گلایل	kumudinii / kumudinii / lilii
कुमुदिनी/लिली	سوسنی؛ گلایل	kumudinii / kumudinii / lilii
लिंबो नृत्य	برزخ	linbo nrity
अनिश्चित स्थिति	برزخ	anishchit sthiti
लासा	آهک؛ سنگ آهک	laasaa
चूना पत्थर	سنگ آهک	chuunaa patthar
चूने वाला पत्थर	سنگ آهک	chuune vaalaa patthar
निःसीम	بیحد؛ بی نهایت	nihsiim
लिंकन	لینکلن	linkan
रेखा	خط	rekhaa
रेखीय	خطی	rekhiiy
लकीरी	خطی	lakiirii
लिनेन	کتانی؛ کتان	linen
सन का कपड़ा	کتانی؛ کتان	san kaa kaparaa
शृंखला	صف‌آرایی، ترکیب	shrinkhalaa
ठहराना	معطل ماندن	thaharaanaa
रुका रहना	معطل ماندن	rukaa rahanaa
लिनोलियम	مشمع	linoliyam
अलसी	بزرک؛ برزگ	alasii
शेर	شیر	sher
द्रवीकरण	آبگونسازی	draviikaran
तरल बनाना	ذوب شدن	taral banaanaa
स्पष्ट और स्वच्छ	مایع؛ ماچی	spasht aur svachchh
तुतलाहट	شلی زبان	tutalaahat
तुतलाना	شلی زبان	tutalaanaa
द्यनफूर्वक सुनना	گوش دادن	dyanaphuurvak sunanaa
नामांकन सूची	فهرست‌بندی	naamaankan suuchii
साक्षरता	سواد	saaksharataa
अक्षर	به معنای واقعی کلمه	akshar
वस्तुत	به معنای واقعی کلمه	vastut
साहित्य	ادبی	saahity
साहित्यिक	ادبی	saahityik
साक्षर	باسواد	saakshar
मुद्रित	ادبیات؛ ادب وهنر	mudrit
सुनम्य	لاغر اندام	sunamy
लिथूआनिया	لیتوانی	lithuuaaniyaa
मुकदमेबाज़ी	دعوا؛ دعوی	mukadamebaazii
मुकदमे बाजी	دعوا؛ دعوی	mukadame baajii
लीटर	لیتر	liitar
महत्वहीन	کمی (قید)؛ کمی، کوچک	mahatvahiin
जीवित	زندگی کردن	jiivit
आजीविका	معیشت؛ عقل معاش	aajiivikaa
जिगर	کبد	jigar
लीवर	کبد	liivar
वर्दीधारी	در کسوت	vardiidhaarii
लिवरपूल	لیورپول	livarapuul
वर्दी	لباس مستخدم؛ علیق اسب	vardii
नीलाभ	کبود شده	niilaabh
रोटी	تکه؛ ولگردی کردن	rotii
पावरोटी	تکه؛ ولگردی کردن	paavarotii
आवारा	بیکاره	aavaaraa
लफंगा	بیکاره	laphangaa
उधार	عاریه؛ وام	udhaar
नफ़रत करना	منزجر بودن؛ سبب بیزاری	nafarat karanaa
प्रतीक्षा कक्ष	لابی، لابی کردن	pratiikshaa kaksh
लाबी{पक्ष मे जनमत}	لابی، لابی کردن	laabii{paksh me janamat}
समुद्री झींगा	خرچنگ	samudrii jhiingaa
स्थानीय	محلی	sthaaniiy
स्थित	ساکن	sthit
स्थापन	محل	sthaapan
उलझना	قفل، قفل کردن	ulajhanaa
मोडना	قفل، قفل کردن	modanaa
हवालात	زندانکردن	havaalaat
गतिशीलता	نقل وانتقال	gatishiilataa
इंजन	لکوموتیو؛ نیروی محرکه	injan
गतिचालक	حرکتی؛ نقص تحرک	gatichaalak
चलन-संबंधी	حرکتی؛ نقص تحرک	chalan-sanbandhii
बिंदुपथ	مکان هندسی	bindupath
मकान	بیتوته کردن؛ ماوا دادن	makaan
लौज	بیتوته کردن؛ ماوا دادن	lauj
निवास	منزل گاه؛ محل سکونت	nivaas
अहंकारी	سنی؛ منیع	ahankaarii
लट्ठा	گزارش، ثبت کردن	latthaa
तर्कविधा	منطق	tarkavidhaa
तार्किक	منطقی	taarkik
तर्क संगत	منطقی	tark sangat
लग इन करना	قطع ارتباط	lag in karanaa
कटि	گرد	kati
आवारा फिरना	پرسه زنی	aavaaraa phiranaa
मटरगश्ती करना	پرسه زنی	mataragashtii karanaa
लंदन	لندن	landan
अकेलापन	تنهایی؛ غریبی	akelaapan
लंबा	بلند، طولانی	lanbaa
अधोमुखी	طولی	adhomukhii
देशांतरीय	طولی	deshaantariiy
दीर्घकालिक	دیرینه	diirghakaalik
दीर्घकालीन	طولانی‌مدت	diirghakaaliin
अरसा	طولانی‌مدت	arasaa
पहरेदार	چشم انداز	paharedaar
चौकी	چشم انداز	chaukii
हावी होना	در افق پدیدار شدن	haavii honaa
संकट मँडराना	در افق پدیدار شدن	sankat mandaraanaa
फंदा	حلقه	phandaa
परिपथ	حلقه	paripath
बचाव का रास्ता	مزغل ساختن؛ سوراخ سنگر	bachaav kaa raastaa
लम्बे लम्बे डग भरना	وخیز درآوردن	lambe lambe dag bharanaa
श्रीमान्	اربابی؛ سیادت	shriimaan
जनश्रुति	فرهنگ نژادی؛ وروایات قومی	janashruti
विधा	فرهنگ نژادی؛ وروایات قومی	vidhaa
हाथ में पकड़ा जाने वाला चश्मा	عینک پنسی	haath men pakaraa jaane vaalaa chashmaa
लारी	کامیون	laarii
लरी	کامیون	larii
खोना	از دست دادن	khonaa
खोया हुआ	گمشده	khoyaa huaa
लोशन	کرم؛ لوسیون	loshan
लटरी	قرعه کشی	latarii
लाटरी	قرعه کشی	laatarii
ज्ॅओर से	با صدای بلند	jॅor se
ऊँचे स्वर में	با صدای بلند	uunche svar men
बैठक	اطاق استراحت؛ سالن استراحت	baithak
शराबघर	اطاق استراحت؛ سالن استراحت	sharaabaghar
कमीना	شپش؛ جو جو	kamiinaa
यूका	شپش؛ جو جو	yuukaa
उजड्ड लड़का	الدنگ؛ سرفرود آوردن	ujadd larakaa
उजड्ड लड़्का	الدنگ؛ سرفرود آوردن	ujadd larkaa
प्रेम	عشق، عاشق بودن	prem
प्यार करना	عشق، عاشق بودن	pyaar karanaa
मधुर	دوست داشتنی	madhur
प्रेमपूरण	عاشقانه؛ مشتاق	premapuuran
समचतुर्भुज	لوزی؛ شکل لوزی	samachaturbhuj
औषधियुक्त टाफ़ी	لوزی؛ شکل لوزی	aushadhiyukt taafii
चिकना करने वाली	روغن؛ چرب کننده	chikanaa karane vaalii
चिकना करने वाली वस्तु	روغن؛ چرب کننده	chikanaa karane vaalii vastu
नसीब	شانس	nasiib
भाग्यशाली	خوش شانس	bhaagyashaalii
भाग्यवान	خوش شانس	bhaagyavaan
लाभकारी	پرمنفعت	laabhakaarii
समानअ	توشه؛ بنه	samaana
कमर का	مهره کمر؛ ناحیه کمر	kamar kaa
कमर सम्बन्धी	مهره کمر؛ ناحیه کمر	kamar sambandhii
इमारती लकड़ी	الوار؛ تیر بریده	imaaratii lakarii
काठ कबाड़	الوار؛ تیر بریده	kaath kabaar
उद्दीप्त	تابان؛ شب نما	uddiipt
लंच	ناهار	lanch
दोपहर का भोजन	ناهار	dopahar kaa bhojan
औपचारिक मध्यान्ह भोजन	غذای مفصل	aupachaarik madhyaanh bhojan
दोपहर का खाना	غذای مفصل	dopahar kaa khaanaa
फेफड़ा	ریه؛ جگر سفید	phepharaa
श्वासी	ریه؛ جگر سفید	shvaasii
लुभाना	اغوا کردن؛ گول زنک	lubhaanaa
ललचाना	اغوا کردن؛ گول زنک	lalachaanaa
सनसनीखेज़	شعله تیره؛ شعله دودنما	sanasaniikhez
कामुकता	شهوت؛ شهوانیت	kaamukataa
उज्ज्वल	پر جلوه	ujjval
भव्य	مجلل؛ تجملی	bhavy
लसीका	لنف	lasiikaa
बेरंग पानी जो पशुओँ की नसों में होता है	لنف	berang paanii jo pashuon kii nason men hotaa hai
लसीका का	بلغمی؛ لنفاوی	lasiikaa kaa
बेकायदा मार डालना	مثله کردن	bekaayadaa maar daalanaa
अन्याय युक्त दंड देना	مثله کردن	anyaay yukt dand denaa
गीत	متن ترانه	giit
काव्यात्मक	بزمی؛ غنایی	kaavyaatmak
तंत्र	ماشین‌آلات	tantr
बरसाती	پارچه بارانی	barasaatii
श्रीमती	مادام	shriimatii
मैडम	مادام	maidam
कुमारी	دوشیزه؛ مادموازل	kumaarii
पगलपन	شوریدگی؛ شیدائی	pagalapan
मैड्रिड	مادرید	maidrid
पट्रिका	مجله	patrikaa
जादुई	طلسم؛ سحر	jaaduii
जादू	طلسم؛ سحر	jaaduu
जादूगर	مغ؛ ساحر	jaaduugar
मदारी	مغ؛ ساحر	madaarii
दण्डाधिकारी	قاضی	dandaadhikaarii
मजिस्ट्रेट	قاضی	majistret
मैग्नेसियम	تباشیر؛ منیری	maignesiyam
चुम्बक	مغناطیس؛ مقناطیس	chumbak
चुंबक	مغناطیس؛ مقناطیس	chunbak
चुंबकीय	مغناطیسی	chunbakiiy
चुम्बकीय	مغناطیسی	chumbakiiy
आवर्धन करना	درشت نمایی	aavardhan karanaa
मैग्नोलिया	ماگنولیا	maignoliyaa
बहुत हल्का पीला रंग	ماگنولیا	bahut halkaa piilaa rang
युवती	دختر باکره	yuvatii
अपंग बनना	چلاق کردن؛ نقص عضو	apang bananaa
अपंग कर देना	چلاق کردن؛ نقص عضو	apang kar denaa
कुलमिलाकर	اصلی	kulamilaakar
मुख्य भूभाग	سرزمین اصلی	mukhy bhuubhaag
मुख्य रूप से	عمدتا	mukhy ruup se
प्रमुख रूप से	عمدتا	pramukh ruup se
मुख्यधारा	جریان اصلی	mukhyadhaaraa
मुख्यधारा विषयक	جریان اصلی	mukhyadhaaraa vishayak
मरम्मत करना	نگهداری کردن	marammat karanaa
निर्वाह करना	نگهداری کردن	nirvaah karanaa
निर्वाह	نگهداری	nirvaah
गरिमा	جبروت؛ حضرت	garimaa
तेजस्विता	جبروت؛ حضرت	tejasvitaa
बहुमत	غالب؛ اکثریت	bahumat
ईश्वर	سازنده؛ صنیع	iishvar
रचनाकार	سازنده؛ صنیع	rachanaakaar
माला	مالا	maalaa
मलेरिया	مالاریا؛ نوبه	maleriyaa
मलेरियाग्रस्त	مالاریایی؛ نوبه ای	maleriyaagrast
अहितेच्छा	کج اندیش	ahitechchhaa
दुर्भावनापूर्ण	خبیث؛ غرضآلود	durbhaavanaapuurn
असाध्यता	بدخیمی	asaadhyataa
असाध्य ऊतक समूह	بدخیمی	asaadhy uutak samuuh
मुंगरा	کلوخ کوب	mungaraa
कुपोषण	سوء تغزیه	kuposhan
यवरस	مالت؛ مالت زدن	yavaras
स्तनपायी	پستاندار	stanapaayii
स्तन	پستانی	stan
स्तनीय	پستانی	staniiy
पुरुष	مرد	purush
प्रबंध	مدیریت؛ مدریت	prabandh
मैनेजर	مدیر	mainejar
प्रबंधकीय	مدیریتی	prabandhakiiy
मैनचेस्टर	منچستر	mainachestar
आदेशपत्र	دستور، حکم	aadeshapatr
चोंच	زفر	chonch
अयाल	یال	ayaal
घने बाल	یال	ghane baal
तिकड़म	مانور؛ تمرین نظامی	tikaram
चरनी	آخور	charanii
मर्दान्गी	مردی؛ رجولیت	mardaangii
प्रत्यक्षीकरण	جلوه؛ ظهور	pratyakshiikaran
साफ़ तौर पर	علانیتا	saaf taur par
घोषणापत्र	اعلامیه؛ اشعاریه	ghoshanaapatr
मनीला	مانیل؛ کاغذ مانیل	maniilaa
खाकी कागज़	مانیل؛ کاغذ مانیل	khaakii kaagaz
हस्त कौशल	دستکاری	hast kaushal
काम निकालना	دستکاری	kaam nikaalanaa
मानव जाति	بشر؛ نژاد انسان	maanav jaati
मर्दाना	مردانه؛ مردوار	mardaanaa
दिव्यान्न	گزانگبین	divyaann
गढ़ी	ملک تیولی	garhii
हवेली	کاخ؛ عمارت بزرگ	havelii
पपड़ी	غاشیه؛ کلاه توری	paparii
हाथ का	دستی؛ یدی	haath kaa
खाद	کود کشاورزی	khaad
खाद डालना	کود کشاورزی	khaad daalanaa
हस्तलिखित	دست‌نوشته	hastalikhit
कई	بسیاری	kii
कितने	بسیاری	kitane
मानचित्र	نقشه	maanachitr
प्रतिचित्रण	نقشه کشی	pratichitran
मैराथन	ماراتن	mairaathan
बहुत लम्बा	ماراتن	bahut lambaa
कंचा	مهره؛ مرمر	kanchaa
सगंमरमर	مهره؛ مرمر	saganmaramar
संगमरमर की तरह	مرمرنما	sangamaramar kii tarah
घोड़ी	مادیان؛ اسب ماده	ghorii
गधी	مادیان؛ اسب ماده	gadhii
हाशिया	حاشیه	haashiyaa
अत्यल्प	حاشیه‌ای	atyalp
बहुत कम	حاشیه‌ای	bahut kam
समुद्री	دریایی	samudrii
नौसैनिक	دریایی	nausainik
तटवर्ती	وابسته بدریانوردی	tatavartii
बाज़ार	بازار	baazaar
हाट	بازار	haat
विपणन स्थान	بازار	vipanan sthaan
ब्रांड	علامت مخصوص	braand
विशिष्ट चिह्न	علامت مخصوص	vishisht chihn
विवाह	عروسی؛ ازدواج	vivaah
ब्याह	عروسی؛ ازدواج	byaah
ब्याहता	متاهل	byaahataa
विवाहित	متاهل	vivaahit
मग़ज	مغز؛ قسمت عمده	maghaj
मज्जा	مغز؛ قسمت عمده	majjaa
विवाह करना	ازدواج کردن	vivaah karanaa
शादी करना	ازدواج کردن	shaadii karanaa
मंगल	بهرام؛ مریخ	mangal
मंगल ग्रह	بهرام؛ مریخ	mangal grah
मारशलअ	مارشال؛ ارتشبد	maarashala
उच्च अधिकारी	مارشال؛ ارتشبد	uchch adhikaarii
मार्शल	مارشال	maarshal
शहीद	شهید	shahiid
चिररोगी	شهید	chirarogii
बलिदान	شهادت	balidaan
शहादत	شهادت	shahaadat
अचंभित होना	شگفت داشتن؛ حیرت زده شدن	achanbhit honaa
आश्चर्य चकित होना	شگفت داشتن؛ حیرت زده شدن	aashchary chakit honaa
पुंजातीय	مکر؛ مردانه	punjaatiiy
मरदाना	مکر؛ مردانه	maradaanaa
दलिया	خمیر کردن؛ درهم وبرهمی	daliyaa
मैश	خمیر کردن؛ درهم وبرهمی	maish
परदा	ماسک	paradaa
मुखौटा	ماسک	mukhautaa
राजगीर	بنا؛ فراماسیون	raajagiir
राजमिस्त्री	بنا؛ فراماسیون	raajamistrii
राजगीरी	حجاری؛ فراماسیونی	raajagiirii
राजगिरी	حجاری؛ فراماسیونی	raajagirii
नरसंहार	قتل عام	narasanhaar
मालिश	مالیدن؛ ماساژ	maalish
मलना	مالیدن؛ ماساژ	malanaa
खम्भा	دگل	khambhaa
उत्कृष्ट कृति	شاهکار؛ شیرین کاری	utkrisht kriti
प्रवीणता	سیادت؛ تبحر	praviinataa
मैला	حصیر؛ زیر گلدانی	mailaa
मिल्ना	مسابقه، مطابقت داشتن	milnaa
मातृक	مادرانه؛ مادروار	maatrik
मातृ	مادرانه؛ مادروار	maatri
गणितीय	ریاضی	ganitiiy
गणित का	ریاضی	ganit kaa
गणितज्ञ	ریاضی دان	ganitagy
गणित	ریاضیات	ganit
गणितकार	ریاضیات	ganitakaar
हिसाब	ریاضیات	hisaab
साँचा	ماتریس	saanchaa
गर्भाशय	ماتریس	garbhaashay
मेट्रन	بیبی؛ سرپرستار	metran
अधीक्षिका	بیبی؛ سرپرستار	adhiikshikaa
चमकरहित	فلز شناسی	chamakarahit
निष्प्रभ	فلز شناسی	nishprabh
चटाई	بوریا بافی	chataaii
चटाई बनाने का सामान	بوریا بافی	chataaii banaane kaa saamaan
बिस्तर	تشک؛ دوشک	bistar
पूर्ण विकसित	بالغ	puurn vikasit
पका हुआ	بالغ	pakaa huaa
परिपक्वता	سر رسید	paripakvataa
अति भावुक	کسل کننده	ati bhaavuk
ऊपरी जबड़ा	فک	uuparii jabaraa
ऊपरी जबड़े का	فکی؛ آروارهای	uuparii jabare kaa
सूक्ति	گفته؛ گفته اخلاقی	suukti
अधिकतम लाभ उठाना	به حداکثر رساندن	adhikatam laabh uthaanaa
उच्चतम सीमा तक बढ़ाना	به حداکثر رساندن	uchchatam siimaa tak barhaanaa
उच्चतम	بیشینه؛ حد اکثر	uchchatam
अधिकतम	بیشینه؛ حد اکثر	adhikatam
सकता है	می؛ ممکن است (فعل کمکی)	sakataa hai
मई	می؛ ممکن است (فعل کمکی)	mii
शायद	شاید	shaayad
सम्भवतः	شاید	sambhavath
मेयोनेज़	مایونز	meyonez
पीली चटनी	مایونز	piilii chatanii
मेयर्	شهردار	meyar
महापोर	شهردار	mahaapor
मैं	من (مفعول)	main
मुझको	من (مفعول)	mujhako
चारागाह	چمن؛ چمنزار	chaaraagaah
घास का मैदान	چمن؛ چمنزار	ghaas kaa maidaan
अर्थ होना	معنی دادن، منظور داشتن	arth honaa
अर्थपूर्ण	معنی‌دار	arthapuurn
निरर्थक	بیمعنا؛ بی معنی	nirarthak
कंजूसी	پستی؛ خست	kanjuusii
नीचता	پستی؛ خست	niichataa
इस बीच	در ضمن	is biich
इसी बीच	در ضمن	isii biich
इसी दौरान	ضمنا؛ درضمن	isii dauraan
खसरा	سرخجه؛ سرخچه	khasaraa
परिमेय	پیمایش پذیر	parimey
मापने योग्य	پیمایش پذیر	maapane yogy
लम्बाई	سنجش؛ پیمایش	lambaaii
यंत्रविज्ञान	مکانیک	yantravigyaan
यांत्रिक	مکانیکی	yaantrik
यंत्रवत्	مکانیکی	yantravat
तरीका	مکانیزم	tariikaa
भूमध्यसागर	مسحور	bhuumadhyasaagar
मैडिटेरेनियन समुद्र	مسحور	maiditereniyan samudr
पदक	مدال	padak
तमगा	مدال	tamagaa
हाथ लगाना	فضولی کردن	haath lagaanaa
मीडिया	رسانه	miidiyaa
मध्यस्थ का काम करना	وساطت کردن؛ میانجی شدن	madhyasth kaa kaam karanaa
चिन्तन	وساطت؛ شفاعت	chintan
बीचबचाव करने वाला	میانجی	biichabachaav karane vaalaa
आयुर्विज्ञान संबन्धी	پزشکی	aayurvigyaan sanbandhii
चिकित्सा	پزشکی	chikitsaa
दवा का प्रयोग	دارو	davaa kaa prayog
औषधीय	دارایی؛ داروئی	aushadhiiy
रोगनाशक	دارایی؛ داروئی	roganaashak
मध्यकालीन	قرون وسطایی	madhyakaaliin
मध्ययुगीन	قرون وسطایی	madhyayugiin
भूमध्यसागरीय	مدیترانه؛ دریای مدیترانه	bhuumadhyasaagariiy
मझौला	متوسط؛ رسانه	majhaulaa
सुरीला	بانوا؛ ملیح	suriilaa
मधुर गीत	ملودی	madhur giit
मधुर संगीत	ملودی	madhur sangiit
तरबूज	خربزه؛ خربوزه	tarabuuj
पिघलना	گداختن؛ آب کردن	pighalanaa
पिघलाना	گداختن؛ آب کردن	pighalaanaa
सदस्यता	عضویت	sadasyataa
सदस्य वर्ग	عضویت	sadasy varg
झिल्ली का	غشادار	jhillii kaa
ज्ञापन	یادداشت	gyaapan
पुर्ज़ा	یادداشت	purzaa
संसमरण	خاطرات	sansamaran
अविस्मरणीय	به یاد ماندنی	avismaraniiy
स्मरणीय	به یاد ماندنی	smaraniiy
अनुस्मारक	تذکاریه؛ شرکت نامه	anusmaarak
स्मृति	حافظه	smriti
याद	حافظه	yaad
तानिका शोथ	مننژیت	taanikaa shoth
गर्दन तोड़ बुखार	مننژیت	gardan tor bukhaar
मानसिक	روانی؛ فکری	maanasik
मनोवृति	طرز فکر؛ قوه ذهنی	manovriti
मानसिकता	طرز فکر؛ قوه ذهنی	maanasikataa
मतिभ्रष्ट	فکرا	matibhrasht
मानसिक रूप से	فکرا	maanasik ruup se
अनुभवी परामर्शदाता	مربی	anubhavii paraamarshadaataa
विश्वसनीय सलाहकार	مربی	vishvasaniiy salaahakaar
मेन्यू	منو	menyuu / menuu / aahaarikaa
मेनू/आहारिका	منو	menyuu / menuu / aahaarikaa
उत्पाद	متاع؛ مبیع	utpaad
पणिता	بازرگان	panitaa
सौभाग्यपूर्ण	رحیم؛ بخشنده	saubhaagyapuurn
विचल	جیوه دار	vichal
पारा	جیوه؛ سیماب	paaraa
मात्र	صرفاً	maatr
विलय करना	ادغام کردن	vilay karanaa
मिलावट	ادغام	milaavat
विलयन	ادغام	vilayan
दोपहर	درجه کمال؛ مدار نصف النهار	dopahar
मेसोपोटामिया	بین النهرین	mesopotaamiyaa
बात	پیام	baat
चयापचय	متابولیزم؛ سوخت و ساز	chayaapachay
रस प्रक्रिया	متابولیزم؛ سوخت و ساز	ras prakriyaa
धातु	فلز	dhaatu
धात्विक	فلز	dhaatvik
धातु का	روئین	dhaatu kaa
धातु जैसा	روئین	dhaatu jaisaa
आकार बदलना	دگردیسی؛ مسخ	aakaar badalanaa
अलंकार	استعاره	alankaar
रूपकालंकार	استعاره	ruupakaalankaar
लाक्षणिक रूप से	بر سبیل استعاره	laakshanik ruup se
अभौतिक	علوم معقول؛ ماوراء الطبیعی	abhautik
तत्वविज्ञान	ماوراءالطبیعه؛ ماوراء طبیعت	tatvavigyaan
तत्वमीमांसा	ماوراءالطبیعه؛ ماوراء طبیعت	tatvamiimaansaa
मेटास्टेसिस	هجوم مرض	metaastesis
रोग-स्थानांतरण	هجوم مرض	rog-sthaanaantaran
प्रविधि	روش‌شناسی	pravidhi
माप	متر	maap
छंद	متر	chhand
राजधानी	مادرشهر؛ شهر بزرگ	raajadhaanii
महानगर	مادرشهر؛ شهر بزرگ	mahaanagar
महानगरीय	مطران؛ مطرانی	mahaanagariiy
महानगर वासी	مطران؛ مطرانی	mahaanagar vaasii
मैक्सिकन	مکزیکی	maiksikan
मैक्सिको	مکزیک؛ مکزیکو	maiksiko
मिशिगन	میشیگان	mishigan
सूक्ष्म	میکرو؛ میلیونیم	suukshm
माइक्रोकंप्युटर	میکرو؛ میلیونیم	maaikrokanpyutar
माइक	میکروفن	maaik
माइक्रोफोन	میکروفن	maaikrophon
सूक्ष्मदर्शी	ریزبین؛ میکروسکپ	suukshmadarshii
खुर्दबीन	ریزبین؛ میکروسکپ	khurdabiin
मध्याह्न	نیمروز	madhyaahn
मध्यम	میانه	madhyam
मध्य श्रेणी का	جمله مشترک	madhy shrenii kaa
मध्यरात्री	نیمه‌شب	madhyaraatrii
अर्द्धरात्री	نیمه‌شب	arddharaatrii
मिडवे	وسط مسیر	midave
दाई	ماما؛ ماماچه	daaii
प्रसाविका	ماما؛ ماماچه	prasaavikaa
सकेग्ना	ممکن است (فعل کمکی)	sakegnaa
बलशाली	توانا؛ اقویا	balashaalii
प्रवास करना	کوچیدن؛ کوچ دادن	pravaas karanaa
स्थानांतरण करना	کوچیدن؛ کوچ دادن	sthaanaantaran karanaa
प्रवसन	مهاجرت	pravasan
प्रवासी	مهاجرت کننده	pravaasii
नम्रतापूर्वक	نرم نرم	namrataapuurvak
थोड़ा बहुत	نرم نرم	thoraa bahut
मील	مایل	miil
समुद्री मील	مایل	samudrii miil
सैनिक	نظامی	sainik
नागरिक सेना	شبه‌نظامیان	naagarik senaa
दूध	شیر	duudh
दुग्ध	شیر	dugdh
दूधिया	شیری؛ شیردار	duudhiyaa
दूधवाला	شیری؛ شیردار	duudhavaalaa
मिल	آسیاب	mil
सहस्र वर्ष	هزاره؛ هزارمین سال	sahasr varsh
हजार सालों का समय	هزاره؛ هزارمین سال	hajaar saalon kaa samay
मिल मालिक	آسیابان؛ میلر	mil maalik
चक्की मालिक	آسیابان؛ میلر	chakkii maalik
लखपति	میلیونر	lakhapati
लक्खी	میلیونر	lakkhii
नकल करना	ادا و اطوار	nakal karanaa
मिन	مین	min
खान	مال من	khaan
खनिक	معدنچی	khanik
खदान में काम करने वाला	معدنچی	khadaan men kaam karane vaalaa
मिलना जुलना	در آمیختن	milanaa julanaa
घुलना मिलना	در آمیختن	ghulanaa milanaa
अल्पतम	حداقل	alpatam
छोटे से छोटे	حداقل	chhote se chhote
कम कर देना	به حداقل رساندن	kam kar denaa
कम से कम	اقل؛ حد اقل	kam se kam
खनन	معدن	khanan
मंत्रीपदीय	اداری؛ وزارتی	mantriipadiiy
मंत्रालय संबंधी	اداری؛ وزارتی	mantraalay sanbandhii
मंत्रालय	وزارتخانه	mantraalay
नाबालिग	فرعی؛ اصغر	naabaalig
अल्पमत	اقلیت؛ صغارت	alpamat
अल्पसंख्यक	اقلیت؛ صغارت	alpasankhyak
टकसाल	نعناع	takasaal
पेपरमिंट	نعناع	peparamint
काशिफ	معجزه	kaashiph
चमत्कारी	معجزه آمیز؛ معجزه آسا	chamatkaarii
चमत्कारपूर्ण	معجزه آمیز؛ معجزه آسا	chamatkaarapuurn
शीशा	آینه	shiishaa
दर्पण	آینه	darpan
दुराचार	بدرفتاری؛ سوء رفتار	duraachaar
अनाचार	بدرفتاری؛ سوء رفتار	anaachaar
बदकिस्मती	بلا؛ بدبختی	badakismatii
बहकाना	منحرف کردن؛ گمراه کردن	bahakaanaa
पथभ्रष्ट करना	منحرف کردن؛ گمراه کردن	pathabhrasht karanaa
गलतफहमी पैदा करनेवाला	گمراه‌کننده	galataphahamii paidaa karanevaalaa
खोई हुई चीज	جابجا شده	khoii huii chiij
कुशासन	سوء اداره	kushaasan
अस्त्र	موشک	astr
प्रक्षेपास्ट्र	موشک	prakshepaastr
लापता	گمشده	laapataa
ईसाई धर्म प्रचारक	مبلغ	iisaaii dharm prachaarak
धर्म प्रचार करने वाला	مبلغ	dharm prachaar karane vaalaa
गलत वर्तनी वाला	مصحف	galat vartanii vaalaa
नवयुवती	دختر خانم	navayuvatii
फुहारा	غبار	phuhaaraa
भ्रांतिपूर्ण	مشتبه؛ اشتباهی	bhraantipuurn
रखेली	معشوقه؛ کدبانو	rakhelii
गलत समझना	بد شناختن؛ بد فهمیدن	galat samajhanaa
गलतफहमी	سوءتفاهم؛ سو تفاهم	galataphahamii
मिश्रण/घोल	آمیختن؛ آغشتن	mishran / mishran / ghol
कराहना	لابه کردن؛ زاری کردن	karaahanaa
चर	متحرک، موبایل	char
गतिशिलता	تحرک	gatishilataa
तैयार रखना	بسیج کردن	taiyaar rakhanaa
इस्तेमाल करना	بسیج کردن	istemaal karanaa
धीमे	معتدلانه	dhiime
कामचलाऊ ढंग से	معتدلانه	kaamachalaauu dhang se
परीक्षा का स्तर नियंत्रण	اعتدال؛ تعادل	pariikshaa kaa star niyantran
उपांतरण	اصلاح	upaantaran
परिवर्तन करना	جرح و تعدیل کردن	parivartan karanaa
सीलन	نمداری	siilan
शीरा	ملاس	shiiraa
सीरा	ملاس	siiraa
मोल्दाविया	ملداوی	moldaaviyaa
तिल	خال	til
आसान	مولکولی	aasaan
अणु	مولکول؛ ملکول	anu
रानी	شهریار	raanii
राजभक्त	سلطنت طلب	raajabhakt
राजतंत्रवादी	سلطنت طلب	raajatantravaadii
एकतंत्र	سلطنت؛ شهریاری	ekatantr
सोमवार	دوشنبه	somavaar
चंद्रवार	دوشنبه	chandravaar
अनुश्रवण	گوشیاری	anushravan
संन्यासी	راهب	sannyaasii
नटखट	میمون	natakhat
कपि	میمون	kapi
मोनोग्रम	امضای هنری	monogram
एक विषयक लेखन	ویژه نگاشت	ek vishayak lekhan
एकाधिपत्य	انحصار	ekaadhipaty
एकाधिकार	انحصار	ekaadhikaar
निरश	یک نواخت	nirash
अतिविरूपता	شرارت بسیار	ativiruupataa
भीमकाय प्राणि	شرارت بسیار	bhiimakaay praani
मास	ماه	maas
पंचांग मास	ماه	panchaang maas
मासिक	ماهانه	maasik
मसिक	ماهانه	masik
मनोदशा	اوقات؛ حوصله	manodashaa
मिज़ाजी	بدقلقی؛ بدقلق	mizaajii
चंदा	ماه	chandaa
चाँदनी	مهتاب	chaandanii
ज्योत्सनामय	مهتاب	jyotsanaamay
चोरी से बनाइ और बेची जाने वाली मदिरा	ماهتاب	chorii se banaai aur bechii jaane vaalii madiraa
नैतिकता	اخلاق	naitikataa
नैतिक रूप से	اخلاقا	naitik ruup se
रुग्ण	مرضی؛ وحشت آور	rugn
रोगजन्य	مرضی؛ وحشت آور	rogajany
अधिक/ज्यादा	بیشتر	adhik / jyaadaa / atyadhik
मृतप्राय	مشرف به موت	mritapraay
मरणासन्न	مشرف به موت	maranaasann
चिडचिडा	ترشرو؛ بداخم	chidachidaa
मॉर्फ़ीन	مرفین	morfiin
कौर	لقمه؛ مضغه	kaur
ग्रास	لقمه؛ مضغه	graas
मर्त्य/मरणशील	فانی؛ هلاهل	marty / maranashiil / ghaatak
नश्वरता	میرش؛ مرگومیر	nashvarataa
मृत्यु संख्या	میرش؛ مرگومیر	mrityu sankhyaa
मसाला	ساروج؛ هاون	masaalaa
खल्ल	ساروج؛ هاون	khall
गिरवी	رهن	giravii
शर्मिंदगी	ریاضت	sharmindagii / avamaananaa / santaap
अवमानना/संताप	ریاضت	sharmindagii / avamaananaa / santaap
शर्मिंदा करना	ریاضت دادن	sharmindaa karanaa
मोजैक	بهم پیوستن	mojaik
मोज़ेक	بهم پیوستن	mozek
मास्को	مسکو	maasko
मस्जिद	مسجد	masjid
काई	خزه؛ پژه	kaaii
मूख्य रुप से	بیشتر اوقات	muukhy rup se
धात्री	مادر	dhaatrii
मातृभूमि	میهن و؛ مادر میهن	maatribhuumi
माँ जैसा	مادرانه؛ مادروار	maan jaisaa
मातृ सुल्भ	مادرانه؛ مادروار	maatri sulbh
मूलभाव	موتیف؛ مایه اصلی	muulabhaav
नमूना	موتیف؛ مایه اصلی	namuunaa
प्रेरित होना	انگیزه دادن	prerit honaa
मोटर	موتور	motar
मोटरसाइकिल	موتورسیکلت	motarasaaikil
बम्बूकाट	موتورسیکلت	bambuukaat
कार चालक	راننده	kaar chaalak
मोटर यात्री	راننده	motar yaatrii
आदर्श वाक्य	نصبالعین؛ سخن زبده	aadarsh vaaky
शीर्ष वाक्य	نصبالعین؛ سخن زبده	shiirsh vaaky
पर्वत	کوه	parvat
विशालकाय	کوهی؛ کوهستانی	vishaalakaay
पर्वतीय	کوهی؛ کوهستانی	parvatiiy
विलाप करना	ماتمگرفتن؛ نوحه کردن	vilaap karanaa
विषादपूर्ण	عزادار؛ سوگوار	vishaadapuurn
दुःखपूर्ण	عزادار؛ سوگوار	duhkhapuurn
मूषक	موش	muushak
चुहा	موش	chuhaa
प्रवक्ता	سرنی	pravaktaa
मुखपट्र	سرنی	mukhapatr
चल	متحرک	chal
जंगम	متحرک	jangam
स्थानांतरित करना	حرکت کردن	sthaanaantarit karanaa
चलचिट्र	فیلم	chalachitr
गतिमान	متحرک، تأثیرگذار	gatimaan
मर्मस्पर्शी	متحرک، تأثیرگذار	marmasparshii
श्री	آقا؛ عنوان خطاب مردان	shrii
स्रीमान	آقا؛ عنوان خطاب مردان	sriimaan
कफ युक्त	مخاطی	kaph yukt
बलगम युक्त	مخاطی	balagam yukt
बलगम	بلغم؛ خلط	balagam
कफ	بلغم؛ خلط	kaph
कीचड़	گل؛ طین	kiichar
दलदली	گلی؛ گلزار	daladalii
बुद्धू	ساده لوح	buddhuu
खच्चर	استر	khachchar
चप्पल	استر	chappal
बढ्ना	تکثیر کردن؛ ضرب زدن	badhnaa
उत्पादन करना	تکثیر کردن؛ ضرب زدن	utpaadan karanaa
माता	مامان	maataa
बड़बड़ाना	من من	barabaraanaa
ममी	مومیایی	mamii
नगरीय	شهری	nagariiy
नागर	شهری	naagar
नगर पालिका	شهرداری؛ بلدیه	nagar paalikaa
टेढ़ी खीर	قتل؛ کشتن	terhii khiir
खूनी	قاتل؛ آدم کش	khuunii
हिंस्र	خونریز	hinsr
सरसराहट	زمزمه؛ شرشر کردن	sarasaraahat
बड़बड़ाहट	زمزمه؛ شرشر کردن	barabaraahat
ताकत	ماهیچه؛ عضله	taakat
पेशीय	عضلانی؛ پرعضله	peshiiy
मांसपेशीय	عضلانی؛ پرعضله	maansapeshiiy
अजायबघर	موزه	ajaayabaghar
संग्रहालय	موزه	sangrahaalay
कुकरमुत्ता	سماروغ	kukaramuttaa
तेज़ी से बढ़ना	سماروغ	tezii se barhanaa
संगीत	موسیقی	sangiit
वाद्य	موسیقی	vaady
गवैया	موسیقیدان	gavaiyaa
वादक	موسیقیدان	vaadak
पड़ना	باید (فعل کمکی)	paranaa
भुकड्ॅई	باید (فعل کمکی)	bhukadॅii
मूँछ	سبیل	muunchh
सरसों	خردل؛ درخت خردل	sarason
सरसों का पौधा	خردل؛ درخت خردل	sarason kaa paudhaa
फफूंदा हुआ	بوی ناگرفته	phaphuundaa huaa
नामांतरण	جهش	naamaantaran
मूक	صامت؛ لال	muuk
आपसी	متقابل	aapasii
परस्पर	متقابلا؛ مانعهالجمع	paraspar
पारस्परिक रूप से	متقابلا؛ مانعهالجمع	paarasparik ruup se
मोहरा	پوزه؛ پوزبند	moharaa
थूथन	پوزه؛ پوزبند	thuuthan
मेरा	مال من	meraa
खुद	خودم	khud
स्वतः	خودم	svath
रहस्यपूर्ण	غیب؛ مرموز	rahasyapuurn
रहस्यवादी	عارف؛ صوفی	rahasyavaadii
आध्यात्मिक	عارفانه؛ صوفیانه	aadhyaatmik
रहस्यवाद	درویشی؛ تصوف	rahasyavaad
मिथक	اسطوره	mithak
देवकथा	اسطوره	devakathaa
पौराणिक कथा	اسطوره شناسی؛ علم اساطیر	pauraanik kathaa
ना	جنب؛ سینمایی	naa
सोडियम का संकेत	جنب؛ سینمایی	sodiyam kaa sanket
सताना	نق زدن؛ نق نقو	sataanaa
टट्टू	نق زدن؛ نق نقو	tattuu
कील	میخ؛ ناخن	kiil
सरल	زودباور؛ ساده دل	saral
सरलता	زودباوری؛ ساده دلی	saralataa
निरा	برهنه	niraa
यथा	یعنی	yathaa
जैसे	یعنی	jaise
हमनाम	همنام؛ هم اسم	hamanaam
नामराशि	همنام؛ هم اسم	naamaraashi
भविष्यवाणी	چرت؛ خواب کوتاه	bhavishyavaanii
रूमाल	دستمال؛ سینه بند	ruumaal
नैपकिन	دستمال؛ سینه بند	naipakin
नेपल्स	ناپل	nepals
सुनाना	نقل کردن؛ حکایت کردن	sunaanaa
बयान करना	نقل کردن؛ حکایت کردن	bayaan karanaa
कथन	نقل؛ نقالی	kathan
वर्णात्मक	روایت؛ نقلی	varnaatmak
कथावाचक	گوینده؛ راوی	kathaavaachak
बयान करने वाला	گوینده؛ راوی	bayaan karane vaalaa
संकीर्ण	باریک	sankiirn
अनुदार	باریک	anudaar
नासिका संबंधी	تو دماغی	naasikaa sanbandhii
नासीय	تو دماغی	naasiiy
उदीयमान	درحال تولد	udiiyamaan
शुरूआती स्तर पर	درحال تولد	shuruuaatii star par
नैशविल	نشویل	naishavil
जन्म संबंधी	تولدی؛ مولودی	janm sanbandhii
राष्ट्रीय	ملی	raashtriiy
राष्ट्रीयता	ناسیونالیزم؛ ملت پرستی	raashtriiyataa
राष्ट्रवाद	ناسیونالیزم؛ ملت پرستی	raashtravaad
राष्ट्रवादी	ناسیونالیست؛ ملت دوست	raashtravaadii
देशव्यापी	سراسری	deshavyaapii
देश भर में	سراسری	desh bhar men
देशी	محلی؛ بومی	deshii
बेशक	طبیعتاً؛ به‌طور طبیعی	beshak
स्वभाव से	طبیعتاً؛ به‌طور طبیعی	svabhaav se
मिचली	تهوع؛ آشب	michalii
मतली	تهوع؛ آشب	matalii
जहा़जी	دریایی	jahaajii
नौगम्य	قابل کشتیرانی	naugamy
जहाज़ या नाव खेने लायक	قابل کشتیرانی	jahaaz yaa naav khene laayak
नौपरिवहन	ناوبری	nauparivahan
नौसंचालन	ناوبری	nausanchaalan
जहाज़ी बेड़ा	بحریه؛ کشتی جنگی	jahaazii beraa
जंगी बेड़ा	بحریه؛ کشتی جنگی	jangii beraa
संनिकर्ष	نزدیک	sannikarsh
पास में	نزدیک	paas men
स्वच्छता/सफाई	نظافت	safaaii / svachchhataa / saphaaii
नेब्रास्का	نبراسکا	nebraaskaa
आवश्यक रूप से	لابد؛ لزوما	aavashyak ruup se
अनिवार्य बना देना	اقتضاء کردن؛ ایجاب کردن	anivaary banaa denaa
आवश्यकता/अनिवार्यता	ضرورت	aavashyakataa / aavashyakataa / anivaaryataa
गला	گردن	galaa
ऊतक-मृत्यु	بافت مردگی؛ موت موضعی	uutak-mrityu
नेक्रोसिस	بافت مردگی؛ موت موضعی	nekrosis
पूर्वकुलनाम	نامیده شده	puurvakulanaam
ज़रूरत होना	نیاز؛ نیاز داشتن	zaruurat honaa
ज्ॅअरूरी	محتاج	jॅaruurii
अनावश्यक	مستغنی؛ بی نیاز	anaavashyak
निष्प्रयोजन	مستغنی؛ بی نیاز	nishprayojan
निर्धन	مستمند؛ نیازمند	nirdhan
जरूरतमंद	مستمند؛ نیازمند	jaruuratamand
नकारात्मक	منفی	nakaaraatmak
बेपरवाह	غافل؛ فروگذار	beparavaah
उपेक्षापूर्ण	غافل؛ فروگذار	upekshaapuurn
नगण्य	قابل فراموشی	nagany
पार करना	مذاکره کردن	paar karanaa
व्यवस्था करना	مذاکره کردن	vyavasthaa karanaa
मोल तोल	مذاکره	mol tol
वार्ताकार	مذاکره کننده	vaartaakaar
मोल तोल करनेवाला	مذاکره کننده	mol tol karanevaalaa
हब्शी	زنگی؛ سیاه پوست	habshii
नीग्रो	زنگی؛ سیاه پوست	niigro
पड़ोसी	همسایه	parosii
प्रतिवैस	مجاورت؛ همسایگی	prativais
निकटवर्ती	همسایه	nikatavartii
कोई भी नहीं	هیچ یک (از دو)	koii bhii nahiin
नहीं	هیچ یک (از دو)	nahiin
भतीजा	خواهرزاده؛ برادر زاده	bhatiijaa
तनाव	عصبانیت؛ عصبیت	tanaav
तंत्रिका कोशिका	یاخته عصبی	tantrikaa koshikaa
न्यूरॉन	یاخته عصبی	nyuuron
नेवादा	نوادا	nevaadaa
बिल्कुल नहीं	هرگز	bilkul nahiin
तथापि	باوجوداین؛ لهذا	tathaapi
नवागंतुक	نورسیده؛ نوآیند	navaagantuk
नया नया	به تازگی	nayaa nayaa
नयापन	حداثت؛ بداعت	nayaapan
खबर	اخبار	khabar
सूचना पत्र	خبرنامه	suuchanaa patr
एक प्रकार का समाचार पत्र	خبرنامه	ek prakaar kaa samaachaar patr
कागज़	روزنامه	kaagaz
न्यूटन	نیوتن	nyuutan
अगला	بعدی	agalaa
आगामी	بعدی	aagaamii
संतोषप्रद	بخوبی	santoshaprad
निचेल्य्	بخوبی	nichely
मौका	موقعیت مناسب، طاقچه	maukaa
निकल	نیکل؛ آب نیکل دادن	nikal / gilat / dhaatu vishesh
गिलट/धातु विशेष	نیکل؛ آب نیکل دادن	nikal / gilat / dhaatu vishesh
उपनाम देना	کنیه؛ اسم فرعی	upanaam denaa
भांजी	خواهرزاده؛ برادر زاده	bhaanjii
भतीजी	خواهرزاده؛ برادر زاده	bhatiijii
रात	شب	raat
रजनी	شب	rajanii
सन्ध्या समय	شبانگاه	sandhyaa samay
रात्रिकालीन	شبانه؛ هر شب	raatrikaaliin
हर रात	شبانه؛ هر شب	har raat
द	کابوس؛ بختک	d
दुःस्वप्न	کابوس؛ بختک	duhsvapn
निशा काल	شبانگه	nishaa kaal
निमरूद	نمرود	nimaruud
नौ	نه	nau
नाइन	نه	naain
उन्नीस	نوزده	unniis
नब्बे	نود	nabbe
नवाँ	یک نهم؛ درنهمین درجه	navaan
नौंवा	یک نهم؛ درنهمین درجه	naunvaa
चुटकी	زخمنیشگون؛ دردناک بودن	chutakii
चरपरापन	زخمنیشگون؛ دردناک بودن	charaparaapan
चूचुक	پستانک؛ نوک پستان	chuuchuk
स्तनाग्र	پستانک؛ نوک پستان	stanaagr
नाइट्रेट	شوره	naaitret
भूयाति	نیتروژن؛ ازت	bhuuyaati
नाइट्रोजन	نیتروژن؛ ازت	naaitrojan
उत्कृष्टता	نجابت؛ نجبا	utkrishtataa
नीतिवान	نجیب	niitivaan
अमीर	نجیب زاده	amiir
कोईनहीं	هیچ کس	koiinahiin
मामूली आदमी	هیچ کس	maamuulii aadamii
निशाचर	شبانه؛ شبانگاهی	nishaachar
सम्मति	سر تکان دادن	sammati
हुक्म	سر تکان دادن	hukm
गाँठ	گره	gaanth
बिंदु	گره	bindu
गाँठदार	گره دار؛ قلنبه شده	gaanthadaar
ग्रंथिका	قلنبه کوچک	granthikaa
शोर	سر و صدا	shor
कोलाहलपूर्ण	پر سر و صدا	kolaahalapuurn
पारिभाषिक शब्दावली	مجموعه لغات	paaribhaashik shabdaavalii
नाममात्र का	اعتباری؛ اسمی	naamamaatr kaa
संज्ञात्मक	اعتباری؛ اسمی	sangyaatmak
मनोनीत करना	نامزد کردن	manoniit karanaa
नामकरण	نامزدی	naamakaran
नामांकित	نامزد	naamaankit
नामांकित व्यक्ति	نامزد	naamaankit vyakti
निश्चिंतता	سهل انگاری	nishchintataa
अननुसारी	نامقلد؛ ناپیرو	ananusaarii
रूढिविरोधी	نامقلد؛ ناپیرو	ruudhivirodhii
इनकार	هیچ کدام	inakaar
गैर-लाभकारी	غیرانتفاعی	gair-laabhakaarii
कोई नहीं	هیچ کس	koii nahiin
फन्दा	خفت کردن؛ در کمند انداختن	phandaa
न	و نه؛ همچنین نه	n
और न	و نه؛ همچنین نه	aur n
मानदंड	هنجار	maanadand
सामान्य बनाना	عادی کردن	saamaany banaanaa
उत्तरी	شمال	uttarii
उत्तरपूर्व	شمال شرقی؛ شمال شرق	uttarapuurv
उत्तर की ओर	شمالا؛ قسمت شمالی	uttar kii or
उत्तरोन्मुख	شمالا؛ قسمت شمالی	uttaronmukh
उत्तरपश्चिम	شمال غربی؛ شمال قرب	uttarapashchim
उत्तर पश्चिम की दिशा	شمال غربی؛ شمال قرب	uttar pashchim kii dishaa
उत्तरपश्चिमी	شمال غربی؛ شمال قربی	uttarapashchimii
हिस्सा	بینی	hissaa
नासाद्वार	منخرین	naasaadvaar
नथुना	منخرین	nathunaa
विशेषकर	به ویژه	visheshakar
विशेषतः	به ویژه	visheshath
कापी	دفترچه یادداشت	kaapii
बुक	دفترچه یادداشت	buk
उल्लेखनीय	گفتنی؛ قابل دقت	ullekhaniiy
विचारणीय	گفتنی؛ قابل دقت	vichaaraniiy
कुछ नहीं	هیچ چیز	kuchh nahiin
सूचना देना	اطلاع دادن	suuchanaa denaa
कुख्यात रूप से	علانیتا	kukhyaat ruup se
संज्ञा	اسم	sangyaa
बढावा देना	قوت دادن	badhaavaa denaa
पुष्टिकारक	مغذی	pushtikaarak
पालन	غذا؛ تغذی	paalan
पोषण	غذا؛ تغذی	poshan
उपन्यासकार	رمان‌نویس	upanyaasakaar
नवम्बर	نوامبر	navambar
नवंबरअ	نوامبر	navanbara
नवदीक्षित	جدیدالایمان؛ مبتدی	navadiikshit
कहीं नहीं	هیچ جا	kahiin nahiin
आणविक	اتمی؛ هسته ای	aanavik
नाभिकीय	اتمی؛ هسته ای	naabhikiiy
ले जाना	سقلمه	le jaanaa
तक जाना	سقلمه	tak jaanaa
उपद्रव	مایه رنجش	upadrav
प्रभावहीन करना	لغو کردن	prabhaavahiin karanaa
संवेदनशून्यता	خدر؛ خواب رفتگی	sanvedanashuunyataa
संख्यावाचक	عددی؛ رقومی	sankhyaavaachak
संख्यात्म	عددی؛ رقومی	sankhyaatm
संन्यासिनी	راهبه؛ زن تارک دنیا	sannyaasinii / sanyaasin / bairaagin
सन्यासिन/बैरागिन	راهبه؛ زن تارک دنیا	sannyaasinii / sanyaasin / bairaagin
नूर	نور	nuur
नर्स	پرستار	nars
नर्सरी	مهد کودک	narsarii
बाल कक्ष	مهد کودک	baal kaksh
परिचर्या	پرستاری	paricharyaa
पोषक तत्व	ماده مغذی	poshak tatv
पोषणअ	تغذیه	poshana
अखरोट आदि का छिलका	ملخص کلام	akharot aadi kaa chhilakaa
चप्पू	پارو	chappuu
शाद्वल	واحه	shaadval
मरूद्यान	واحه	maruudyaan
शपथ	سوگند؛ یمین	shapath
आज्ञापालन	اطاعت؛ تمکین	aagyaapaalan
हुक्मबरदारी	اطاعت؛ تمکین	hukmabaradaarii
आज्ञाकारी	مطیع؛ چاکر	aagyaakaarii
आज्ञापालक	مطیع؛ چاکر	aagyaapaalak
स्थूलकाय	تپل	sthuulakaay
मोटापा	چاقی	motaapaa
मुटापा	چاقی	mutaapaa
आपत्ति	اعتراض	aapatti
आपत्तिजनक	ناشایسته؛ قابل اعتراض	aapattijanak
काम करना	مجبور کردن	kaam karanaa
उपकारी	منت گذار	upakaarii
मिटाना	معدوم کردن؛ در نوشتن	mitaanaa
गुमनामी	فراموشی	gumanaamii
अनजान	فراموشکار	anajaan
चापलूस	مزاج گو	chaapaluus
चौकस	مراقب؛ مراعات کننده	chaukas
अनुपालक	مراقب؛ مراعات کننده	anupaalak
पर्यवेक्षक	ناظر	paryavekshak
प्रेक्षक	ناظر	prekshak
ड़ूबे रहना	وسواس داشتن	ruube rahanaa
ग्रस्त करना	وسواس داشتن	grast karanaa
जुनुन	وسواس	junun
अप्रचलित	مهمل؛ مهجور	aprachalit
रुकावट	مانع	rukaavat
ज़िद	معاندت؛ خیره سری	zid
हठीला/जिद्दी	معاند؛ متعند	svechchhaachaarii / hathiilaa / jiddii
प्रासंगिक	گاه به گاه	praasangik
असाम्यिक	گاه به گاه	asaamyik
कभीकभी	گاهی؛ گهگاه	kabhiikabhii
ग्रहण करना	اشغال کردن	grahan karanaa
जलनिधि	اقیانوس	jalanidhi
महासागर	اقیانوس	mahaasaagar
बजे	ساعت	baje
अक्तूबर	اکتبر	aktuubar
अक्तुबर	اکتبر	aktubar
दृष्टिसंबन्धिक	چشمی؛ باصرهای	drishtisanbandhik
दृक्	چشمی؛ باصرهای	drik
अनुपात	شانس	anupaat
कविता	چکامه	kavitaa
संबोधन गीत	چکامه	sanbodhan giit
दुर्गंध	عطر؛ رایحه	durgandh
गंध	عطر؛ رایحه	gandh
संपूर्ण कृतियाँआँ	کار عمده؛ کار حیاتی	sanpuurn kritiyaanaan
का	از	kaa
पर से	خاموش، خارج از	par se
उल्लंघन करना	دلگیرکردن؛ اهانت کردن	ullanghan karanaa
उल्लंघन करने वाला	متخلف	ullanghan karane vaalaa
भेंट	پیشنهاد، پیشنهاد دادن	bhent
बलि	پیشنهاد	bali
बिना सोचे विचारे	بداهه؛ بی تهیه	binaa soche vichaare
सरकारी तौर पर	رسما؛ رسمانه	sarakaarii taur par
सरकारी तौर से	رسما؛ رسمانه	sarakaarii taur se
बराबर कर देना	افست	baraabar kar denaa
प्रतिसंतुलन	افست	pratisantulan
बहुधा/प्रायः	کثیر الوقوع	aksar / bahudhaa / praayh
आह	اوه	aah
ओह	اوه	oh
तेल	روغن	tel
तेल डालना	روغن	tel daalanaa
तेलहा	چرب؛ دهنی	telahaa
मरहम	مرهم؛ مالیدنی	maraham
ज़ैतून	زیتون؛ درخت زیتون	zaituun
पीत हरित	زیتون؛ درخت زیتون	piit harit
ऑमलेट	خاگینه	omalet
पूर्वसंकेत	فال؛ اوعور	puurvasanket
सगुन	فال؛ اوعور	sagun
अनिष्टसूचक	شوم؛ نامیمون	anishtasuuchak
अपशगुन	شوم؛ نامیمون	apashagun
लोप	افتادگی؛ فروگذاری	lop
सर्वशक्तिमत्ता	قدرت مطلق؛ قادر مطلق	sarvashaktimattaa
एक बर	یک بار	ek bar
अपनी ओर आता हुआ	روی دهنده؛ جلو رونده	apanii or aataa huaa
स्वयं/खुद	خویش؛ خود شخص	svayn / khud / khud
जारी	در حال انجام	jaarii
चालु	در حال انجام	chaalu
कांदा	پیاز	kaandaa
प्याज़	پیاز	pyaaz
ऑनलाइन	آنلاین	onalaain
बढ़ते हुए	بجلو؛ به پیش	barhate hue
दूधिया पत्थर	عینالهر؛ عین الشمس	duudhiyaa patthar
अपारदर्शी	مات؛ غیر شفاف	apaaradarshii
खुला	باز، باز کردن	khulaa
खुल्लमखुल्ला	آشکارا	khullamakhullaa
प्रकट रूप से	آشکارا	prakat ruup se
ओपेरा	اپرا	operaa
संगीतिका	اپرا	sangiitikaa
सामरिक	عملیاتی	saamarik
अफ़ीम	افیون؛ تریاک	afiim
अहिफेन	افیون؛ تریاک	ahiphen
समयोचित	بموقع؛ بهنگام	samayochit
विलोम	مقابل، روبرو	vilom
विरुद्ध	مقابل، روبرو	viruddh
दमन करना	جور کردن؛ جبر کردن	daman karanaa
विषादग्रस्त करना	جور کردن؛ جبر کردن	vishaadagrast karanaa
उत्पीड़ित	مظلوم؛ مظلومیت	utpiirit
दलित	مظلوم؛ مظلومیت	dalit
विषाद	جور؛ بیداد	vishaad
दमन	جور؛ بیداد	daman
दमनकारी	ستمگر؛ زورگو	damanakaarii
दमघोंटू	ستمگر؛ زورگو	damaghontuu
अत्याचारी	مستبدین	atyaachaarii
का फ़ैसला करना	انتخاب کردن	kaa faisalaa karanaa
दृष्टि/प्रकाशीय	چشمی؛ شیشه عینک	drishti / prakaashiiy / drik
दृष्टि संबंधी	نوری	drishti sanbandhii
आशावाद	خوشبینی	aashaavaad
आशावादी	خوشبین	aashaavaadii
ऐच्छिक	اختیاری؛ خیاری	aichchhik
या/अथवा	یا	yaa / athavaa / yaa
या	یا	yaa / athavaa / yaa
मौखिक	شفاهی	maukhik
मौखिक परीक्षा	شفاهی	maukhik pariikshaa
संतरा	پرتقال، نارنجی	santaraa
नारंगी	پرتقال، نارنجی	naarangii
भाषण	خطابه	bhaashan
वक्ता	نطاق؛ خطیب	vaktaa
वाक्पटुता	شیوهسخنرانی؛ سخن پردازی	vaakpatutaa
प्रार्थनागृह	شیوهسخنرانی؛ سخن پردازی	praarthanaagrih
वृत्त	کروی شدن	vritt
उपवन	باغ؛ درختستان	upavan
आर्केस्ट्र	ارکستر	aarkestr
वाद्यवृन्द	ارکستر	vaadyavrind
आदेश देना	وضع کردن	aadesh denaa
कटु अनुभव	کار شاق	katu anubhav
अग्नि परीक्षा	کار شاق	agni pariikshaa
अस्त्र शस्त्र	تخشایی	astr shastr
युद्ध सामग्री	تخشایی	yuddh saamagrii
अयस्क	سنگ معدن	ayask
कच्ची धातु	سنگ معدن	kachchii dhaatu
अंग	عضو؛ آلت	ang
कार्बनिक	ارگانیک	kaarbanik
इन्द्रिय संबंधी	ارگانیک	indriy sanbandhii
जीव	اندامگان؛ سازواره	jiiv
शारीरिक गठन	اندامگان؛ سازواره	shaariirik gathan
व्यवस्थापन संबंधी	سازمانی	vyavasthaapan sanbandhii
संगठन संबंधी	سازمانی	sangathan sanbandhii
आयोजित करना	سازماندهی کردن	aayojit karanaa
संगठक	موسس؛ برگزار کننده	sangathak
पूर्व वासी	شرقی؛ مشرقی	puurv vaasii
निर्देशन	جهت‌گیری	nirdeshan
मूल/आरंभिक	اصلی	muul / aaranbhik / muul
यतीम	یتیم؛ پدرمرده	yatiim
अनाथाश्रम	پرورشگاه؛ یتیم خانه	anaathaashram
अनाथावस्था	پرورشگاه؛ یتیم خانه	anaathaavasthaa
परंपरागत	فریور؛ راشد	paranparaagat
दोलन	نوسان	dolan
अर्ध दोलन	نوسان	ardh dolan
सख्त बनाना	استخوانی کردن؛ استخوانی شدن	sakht banaanaa
सख्त हो जाना	استخوانی کردن؛ استخوانی شدن	sakht ho jaanaa
तथाकथित	قابل نمایش	tathaakathit
अस्थि सुषिरता	پوکی استخوان	asthi sushirataa
शुतुरमुर्ग	شتر مرغ	shuturamurg
अन्यथा	والا؛ وگرنه	anyathaa
नहीं तो	والا؛ وگرنه	nahiin to
आउन्स	اونس	aauns / ek tola{aadhii chhataank ke lagabhag} / tenduaa
एक तोल{आधी छटाँक के लगभग}/तेंदुआ	اونس	aauns / ek tola{aadhii chhataank ke lagabhag} / tenduaa
हमारा/अपना	مال ما	hamaaraa / apanaa / apanaa
हमाराआ	ما	hamaaraa / apanaa / hamaaraa
हम स्वंय	خودمان	ham svany
के बाहर	بیرون	ke baahar
प्रादुर्भाव	شیوع	praadurbhaav
स बढ़ कर होना	بس پردازی	s barh kar honaa
से बेहतर परिणाम देना	بس پردازی	se behatar parinaam denaa
निःस्त्राव	بیرون ریزی؛ جریان بخارج	nihstraav
भाग लेना	گردش	bhaag lenaa
बहिष्कृत करना	یاغی؛ ممنوع ساختن	bahishkrit karanaa
अपराधी बनाना	یاغی؛ ممنوع ساختن	aparaadhii banaanaa
सकेट	خروجی	saket
अधिक जीना	بیشتر دوام آوردن	adhik jiinaa
से ज्यादा जीना	بیشتر دوام آوردن	se jyaadaa jiinaa
दृश्य	چشم‌انداز	drishy
दूरस्थ	پرت	duurasth
सीमांत बस्ती	پایگاه مرزی	siimaant bastii
सीमा चौकी	پایگاه مرزی	siimaa chaukii
प्रक्षेपण	خروجی	prakshepan
प्रक्षोभ	خشم	prakshobh
शुरुवात से ही	ابتدا	shuruvaat se hii
पराया	بیگانه	paraayaa
ऐरा गैरा	بیگانه	airaa gairaa
उपांत	حومه	upaant
बाहरी इलाका	حومه	baaharii ilaakaa
मुँहफ़ट	رو دار؛ بی پرده	munhafat
बहिर्गामी	به‌طرف خارج	bahirgaamii
बाहर की ओर	به‌طرف خارج	baahar kii or
से अधिक होना	مهمتربودن از	se adhik honaa
महत्वपूर्ण साबित होना	مهمتربودن از	mahatvapuurn saabit honaa
अण्डाकार	بادامی	andaakaar
अण्डवक्र	بادامی	andavakr
गर्भाशय का	تخمدانی	garbhaashay kaa
अंडाशय	تخمدان	andaashay
अण्ड़ाशय	تخمدان	anraashay
मनमानी करनेवाला	منکوب گر؛ طاقت فرسا	manamaanii karanevaalaa
पानी में गिरना	بدریا؛ روی کشتی	paanii men giranaa
नाव पर से पानी में	بدریا؛ روی کشتی	naav par se paanii men
ओवरकोट	پالتو	ovarakot
सर्दियों में सब से ऊपर पहनने वाला बडा कोट	پالتو	sardiyon men sab se uupar pahanane vaalaa badaa kot
पराजित करना	غلبه کردن	paraajit karanaa
अवधि बीतने पर भी जो चुकाया न गया हो	سر رسیده؛ موعد رسیده	avadhi biitane par bhii jo chukaayaa n gayaa ho
चुपके से सुनना	استراق سمع کردن	chupake se sunanaa
संयोग से सुन लेना	استراق سمع کردن	sanyog se sun lenaa
अंशछादन	اشتراک داشتن؛ روی هم افتادن	anshachhaadan
ढ़क लेना	اشتراک داشتن؛ روی هم افتادن	rhak lenaa
अतिभार	گرانبار؛ گران بار شدن	atibhaar
भारी लदान	گرانبار؛ گران بار شدن	bhaarii ladaan
अन्देकी करना	نادیده گرفتن	andekii karanaa
ऊपर से देखना	نادیده گرفتن	uupar se dekhanaa
सहसा	یک شبه	sahasaa
रातोरात	یک شبه	raatoraat
का निरीक्षण करना	نظارت کردن	kaa niriikshan karanaa
सर्वेक्षक	سرکار	sarvekshak
छाया करना	تحت الشعاع قراردادن	chhaayaa karanaa
साया करना	تحت الشعاع قراردادن	saayaa karanaa
खुला/2.प्रत्यक्ष/प्रकट	نپوشیده	khullamakhullaa / khulaa / 2.pratyaksh / prakat
तख्ता पलट देना	سرنگونی؛ منقرض کردن	takhtaa palat denaa
पद से निकालना	سرنگونی؛ منقرض کردن	pad se nikaalanaa
झलकी	آغاز عمل؛ پیش درآمد	jhalakii
के विरुद्ध निर्णय देना	واژگون کردن	ke viruddh nirnay denaa
ज़बर्दस्त	طاقت فرسا	zabardast
डिम्ब	تخم؛ تخمک	dimb
अंडाणु	تخم؛ تخمک	andaanu
ऋणी होना	مدیون بودن؛ بدهکار بودن	rinii honaa
उल्लू	جغد؛ بوف	ulluu
स्तामी	مالک	staamii
स्वामित्व	مالکیت	svaamitv
बैल	نره گاو	bail
ऑक्सफ़र्ड	اکسفورد؛ آکسفورد	oksafard
ऑक्सीकरण	ترکیب اکسیژن	oksiikaran
ऑक्साइड	اکسید	oksaaid
आक्सीजन	اکسیژن	aaksiijan
प्राणवायु	اکسیژن	praanavaayu
ऑक्सीजन भरना	اکسیژنه	oksiijan bharanaa
आक्सीजन से मिलाना	اکسیژنه	aaksiijan se milaanaa
ओज़ोन	اوزون	ozon
शांतिप्रिय	صلح جو	shaantipriy
चुसनी	آرام کننده	chusanii
शांति स्थापक	آرام کننده	shaanti sthaapak
में विरोध मिटाना	آرامش دادن	men virodh mitaanaa
सन्दूक	بسته	sanduuk
पार्सल	بسته	paarsal
पोटली	بسته	potalii
पैड	پد	paid
छड़	پارو زدن	chhar
मूर्तिपूजक	مشرک؛ غیر مسیحی	muurtipuujak
प्रतिमापूजक	مشرک؛ غیر مسیحی	pratimaapuujak
पृष्ठ	صفحه	prishth
पेजर	صفحه	pejar
दर्द	درد	dard
दर्द किया	منقش	dard kiyaa
दर्दरहित	بیدرد	dardarahit
पीड़ारहित	بیدرد	piiraarahit
बहुत ही मेहनती	رنجبر؛ زحمت کش	bahut hii mehanatii
मेकअप	نقاشی کردن، رنگ	mekaap
रस्सी	نقاش	rassii
दो	جفت	do
प्रासाद	کاخ	praasaad
तालु	سق؛ حنک	taalu
रंगपट्टिका	ماله صافکاری	rangapattikaa
थापी	ماله صافکاری	thaapii
ताड़	کف دست	taar
करतल	کف دست	karatal
स्पर्शग्राह्य	قابل لمس	sparshagraahy
लकवा	زمین گیری	lakavaa
अंगघात	زمین گیری	angaghaat
संतुष्ट किया	نازپرورده	santusht kiyaa
पुस्तिका लेखक	جزوه نویس	pustikaa lekhak
तवा	گودال آب	tavaa
कड़ाही	گودال آب	karaahii
पनामा	پاناما	panaamaa
पनामा टोपी	پاناما	panaamaa topii
चिल्ला	نان ساجی	chillaa
भारी परत	نان ساجی	bhaarii parat
खिड़की का शीशा	قاب شیشه	khirakii kaa shiishaa
टीस	سوزش ناگهانی	tiis
घबड़ाहट	وحشت	ghabaraahat
चित्रावली	چشم انداز	chitraavalii
परिदृश्य	چشم انداز	paridrishy
पैंट	له له	paint
पेंट	له له	pent
रसोई भंडार	گنجه؛ دولاب	rasoii bhandaar
रसोई भांडार	گنجه؛ دولاب	rasoii bhaandaar
पतलून	شلوار	pataluun
चड्ढी	شلوار	chaddhii
कागज़ी कार्य	کاغذ بازی	kaagazii kaary
इकठ्ठा	رژه	ikaththaa
स्वर्ग	رضوان؛ عدن	svarg
जन्न्त	رضوان؛ عدن	jannt
विरोधाभासपूर्ण	مهمل نما	virodhaabhaasapuurn
पराफिन	پارافین	paraaphin
मिट्टी तेल	پارافین	mittii tel
अंगघाती	فالج؛ افلیج	angaghaatii
धुत	فالج؛ افلیج	dhut
पंगु होना	لنگ کردن؛ فلج کردن	pangu honaa
फालिज मारना	لنگ کردن؛ فلج کردن	phaalij maaranaa
प्राचल	پارامتر	praachal
मापदण्ड	پارامتر	maapadand
मुंडेर	دیواره	munder
भावानुवाद	تاویل؛ تاویل کردن	bhaavaanuvaad
पदान्वय	تاویل؛ تاویل کردن	padaanvay
अधरांगघात	فلج پا؛ پا فلجی	adharaangaghaat
खुशामदी	انگل؛ طفیلی	khushaamadii
चाटुकार	انگل؛ طفیلی	chaatukaar
परजीवी	انگلی؛ پارازیتی	parajiivii
पराश्रयिक	انگلی؛ پارازیتی	paraashrayik
क्षमा देना	بخشش؛ آمرزش	kshamaa denaa
अभिभावकीय	والدین	abhibhaavakiiy
अभिभावक	اولیاء؛ والدین	abhibhaavak
भित्तीय	جداری	bhittiiy
पार्श्विका-संबंधी	جداری	paarshvikaa-sanbandhii
पेरिस	پاریس	peris
चर्च	اهل محله	charch
पल्ली	اهل محله	pallii
पार्कींग	پارکینگ	paarkiing
संसद भवन	مجلس؛ کنگره	sansad bhavan
संसदीय	پارلمانی؛ مجلسی	sansadiiy
संसद संसदीय्	پارلمانی؛ مجلسی	sansad sansadiiy
संगर	عفو مشروط؛ قول مردانه	sangar
काठ खण्ड निर्मित फ़र्श	محل ارکسترنمایش؛ باچوب فرش کردن	kaath khand nirmit farsh
रटना	طوطی	ratanaa
तोता	طوطی	totaa
वार बचाना	دورسازی	vaar bachaanaa
आंशिक	موضعی؛ طرفدارانه	aanshik
पक्षपाती	موضعی؛ طرفدارانه	pakshapaatii
सहभागी	حاضر؛ شریک	sahabhaagii
भागग्राही	حاضر؛ شریک	bhaagagraahii
शरीक होना	شرکت کردن؛ مشارکت کردن	shariik honaa
सहभागिता	مشارکت	sahabhaagitaa
विशेष रुप से	به‌ویژه	vishesh rup se
हिमायती	پارتیزان	himaayatii
तरफ़दारी	هواداری	tarafadaarii
व्यवधान	افراز؛ انقسام	vyavadhaan
कुछ कुछ	یک چند؛ دریک جزء	kuchh kuchh
कुछ हद तक	یک چند؛ دریک جزء	kuchh had tak
साझा	مشارکت	saajhaa
साझेदारी	مشارکت	saajhedaarii
अंशकालिक	پاره‌وقت	anshakaalik
नृत्य-चरण	گام رقص	nrity-charan
राहगीर	مسافر	raahagiir
मुसाफिर	مسافر	musaaphir
भावुक	پرشور	bhaavuk
कर्मवाच्य	بیبهره؛ انفعالی	karmavaachy
निष्क्रीय	بیبهره؛ انفعالی	nishkriiy
पारपत्र	گذرنامه	paarapatr
पासपोर्ट	گذرنامه	paasaport
पासवर्ड	رمز عبور	paasavard
पिछला	گذشته	pichhalaa
लेई	خمیر؛ چسب	leii
कांच का मसाला	خمیر؛ چسب	kaanch kaa masaalaa
शौक्अ	کاروقت گذران	shauka
चरागाह	چراندن؛ چراگاه	charaagaah
सतही	به‌طور مناسب	satahii
चकती	وصله؛ جالیز	chakatii
पैबन्दकारी	کارسرهم بندی؛ وصله دوزی	paibandakaarii
पँचमेल से बनी वस्तु	کارسرهم بندی؛ وصله دوزی	panchamel se banii vastu
एकस्वीकृत	منشور؛ امتیاز نامه	ekasviikrit
एकस्व अधिकार	منشور؛ امتیاز نامه	ekasv adhikaar
पितृसुलभ	از پدر	pitrisulabh
दीन	تاثرآور	diin
पथान्वेषी	بلد راه	pathaanveshii
तर्कहीन	پاتولوژی	tarkahiin
रोगात्मक	پاتولوژی	rogaatmak
रोगविज्ञानी	مرض شناس؛ آسیب شناس	rogavigyaanii
रोगविज्ञान	پاتولوژی؛ مرض شناسی	rogavigyaan
विकृतिविज्ञान	پاتولوژی؛ مرض شناسی	vikritivigyaan
रोगी	بیمار	rogii
धैर्यपूर्वक	صبورانه	dhairyapuurvak
कुलपिता	شیخ؛ پدرشاه	kulapitaa
प्राधिधर्माध्यक्ष	شیخ؛ پدرشاه	praadhidharmaadhyaksh
देशभक्त	پاتریوت؛ وطن پرست	deshabhakt
देशभक्तिपूर्ण	وطن دوستی	deshabhaktipuurn
देशभक्ति	وطن پرستی؛ وطن دوستی	deshabhakti
गश्त	گشت؛ گشتی	gasht
प्रहरी	گشت؛ گشتی	praharii
दर्शक	مشوق	darshak
पटपटाहट	لهجه محلی	patapataahat
दरिद्र	گدا؛ بی نوا	daridr
ठहराव	مکث کردن، مکث	thaharaav
पटरी बिछाना	سنفرش شده	patarii bichhaanaa
रंगमंच	جایگاه؛ درکلاه فرنگی	rangamanch
मंडप	جایگاه؛ درکلاه فرنگی	mandap
पंजा मारना	پنجه؛ پنجه زدن	panjaa maaranaa
भुगतान करना	پرداخت؛ پرداخت کردن	bhugataan karanaa
लेखा देय	دادنی؛ پرداختنی	lekhaa dey
वेतन	اجاره؛ پرداخت	vetan
भुगतान	اجاره؛ پرداخت	bhugataan
मटर	نخود	matar
मटर की छिम्मी	نخود	matar kii chhimmii
शांतिपूर्ण	صلح دوست	shaantipuurn
शांतिमय	صلح دوست	shaantimay
शांति से	از راه مسالمت	shaanti se
नाद	صدای پیوسته؛ صدای مسلسل	naad
नाशपाती	گلابی؛ امرود	naashapaatii
जलज	مروارید؛ مرواریدی	jalaj
देहाती	رعیت	dehaatii
कृषक वर्ग	رعایا؛ دهقانی	krishak varg
चुगना	نوک زدن؛ نک زدن	chuganaa
चोंच मारना	نوک زدن؛ نک زدن	chonch maaranaa
अंसपेशी	صدری	ansapeshii
वक्षाभूषण	صدری	vakshaabhuushan
खासियत	غرابت	khaasiyat
धन संबन्धी	جریمه دار	dhan sanbandhii
पैडल मारना	رکاب؛ پدال	paidal maaranaa
पण्डिताऊ	ملانقطی	panditaauu
फेरी वाला	دورگرد؛ دوره گرد	pherii vaalaa
नशीली दवाएं बेचने वाला	دورگرد؛ دوره گرد	nashiilii davaaen bechane vaalaa
धानी	پایه؛ پایه مجسمه	dhaanii
पादचारी	پیاده؛ رهگذر	paadachaarii
छीलना	پوست کنده	chhiilanaa
सामंत	همتا	saamant
पीयर पद	مقام اشرافی	piiyar pad
स्थिर रखना	میخچوبی؛ شبیه میخ	sthir rakhanaa
खाल	پوستک؛ خامسوز	khaal
मूसलाधार होना	پوستک؛ خامسوز	muusalaadhaar honaa
श्रोणीय	لگنی	shroniiy
पेड़ू का	لگنی	peruu kaa
कूल्हा	لگن؛ لگن خاصره	kuulhaa
कोख	لگن؛ لگن خاصره	kokh
दण्ड/सज़ा	جریمه	dand / dand / sazaa
तूलिका	مداد	tuulikaa
विचाराधीन	امر معلق	vichaaraadhiin
लोलक	آونگ؛ پاندول	lolak
पेन्डुलम	آونگ؛ پاندول	pendulam
प्रायद्वीप	شبه جزیره	praayadviip
लंड	دول؛ چر	land
दण्डात्मक	ندامتی؛ ندامتگاه	dandaatmak
बंदीगृह	ندامتی؛ ندامتگاه	bandiigrih
पेंसिल्वेनिया	پنسیلوانیا	pensilveniyaa
पेनी{ब्रिटिश करेंसी}	پنی	penii{british karensii}
पेंशन	مستمری؛ مقرری	penshan
निवृति वेतन	مستمری؛ مقرری	nivriti vetan
पेंशनभोगी	وظیفهخوار؛ مستمری بگیر	penshanabhogii
पेंशनभौगी	وظیفهخوار؛ مستمری بگیر	penshanabhaugii
विषादग्रस्त	گرفتار غم	vishaadagrast
ओसारा	ساباط؛ کبوتر خانه	osaaraa
सायबान	ساباط؛ کبوتر خانه	saayabaan
मिर्च	فلفل	mirch
ऊषण	فلفل	uushan
प्रति	در هر	prati
देखना/समझना	درک کردن	dekhanaa / dekhanaa / samajhanaa
प्रतिशत	درصد	pratishat
इन्द्रियगोचर	ادراک شدنی	indriyagochar
बसेरा	جایگاه بلند	baseraa
चक्कस	جایگاه بلند	chakkas
बाध्यकारी	حکمی؛ شتاب آمیز	baadhyakaarii
निर्णयात्मक	حکمی؛ شتاب آمیز	nirnayaatmak
निपुणता	کمال؛ بی عیبی	nipunataa
पूर्णतः	بکمال	puurnath
छेदना	سوراخ شده؛ خلل و فرج دار	chhedanaa
छेदों की कतार	مسئله؛ مسام	chhedon kii kataar
खुशबू	عطر؛ نکهت	khushabuu
खुशबूदार	معطر؛ مطیب	khushabuudaar
नियतकालिक	دوری؛ تناوبی	niyatakaalik
नियतकाल में	دوری؛ تناوبی	niyatakaal men
नियतकालिक पत्रिका	مجله؛ نوبتی	niyatakaalik patrikaa
गौण	جنبی؛ پیرامونی	gaun
कृत्रिम लट	پایدار؛ ماندنی	kritrim lat
स्थायी रूप से	به طور دائمی	sthaayii ruup se
अनुज्ञेय	مجاز؛ روا	anugyey
परवाना	پروانه؛ پته	paravaanaa
लम्ब	عمودی؛ ستون وار	lamb
बनाये रखना	جاودانی ساختن	banaaye rakhanaa
स्थायी बनाना	جاودانی ساختن	sthaayii banaanaa
हैरान	حیرت زده	hairaan
लगन	ابرام؛ پشتکار	lagan
ईरानी	فارسی؛ ایرانی	iiraanii
फारसी भाषा	فارسی؛ ایرانی	phaarasii bhaashaa
अडजाना	پیله کردن؛ پافشاری کردن	adajaanaa
डटे रहना	پیله کردن؛ پافشاری کردن	date rahanaa
अवस्थिति	سماجت؛ پافشاری	avasthiti
दृढ	ماندگار؛ سمج	dridh
दुराग्रहपूर्वक	مصرانه؛ مصرا	duraagrahapuurvak
वैयक्तिक	شخصی	vaiyaktik
चरिट्र	شخصیت	charitr
मानवीकरण	همانند دیگری	maanaviikaran
साकार रूप	همانند دیگری	saakaar ruup
साक्षात	مجسم	saakshaat
कार्यकर्ता	پرسنل؛ اعضا اداری	kaaryakartaa
स्वेद	تعریق؛ رشحه	sved
पसीना	تعریق؛ رشحه	pasiinaa
पसीना आना	عرق کردن؛ عرق ریختن	pasiinaa aanaa
पसीना बहाना	عرق کردن؛ عرق ریختن	pasiinaa bahaanaa
पेरू	پرو	peruu
कामविकृति	بدراهی	kaamavikriti
कण्टक	مرگی	kantak
हानिकारक जीव	مرگی	haanikaarak jiiv
पीटर्सबर्ग	پترزبورگ	piitarsabarg
पीटरसन	پیترسون	piitarasan
अर्जी	عرضحال؛ دادخواست	arjii
याचिका	عرضحال؛ دادخواست	yaachikaa
प्रार्थी	متظلم؛ دادخواه	praarthii
अर्ज़ीदार	متظلم؛ دادخواه	arziidaar
पथराना	متحجر	patharaanaa
अश्मीकृत होना	متحجر	ashmiikrit honaa
पेट्रोल	بنزین	petrol
भू तेल	بنزین	bhuu tel
भूतेल	نفت؛ نفت خام	bhuutel
पेट्रोलियम	نفت؛ نفت خام	petroliyam
संकीर्णता	دونی	sankiirnataa
ओछापन	دونی	ochhaapan
बदमिजाज़ी	کج خلقی؛ زود رنجی	badamijaazii
चिडचिडापन	کج خلقی؛ زود رنجی	chidachidaapan
मोहछाया	ظاهر فریبنده	mohachhaayaa
ग्रसनी	حلقوم؛ گلوگاه	grasanii
तीतर	تذرو	tiitar
चिडा	تذرو	chidaa
तथ्य	پدیده؛ حادثه	tathy
अजिबोगरीब	پدیده؛ حادثه	ajibogariib
फ़िलाडेल्फ़िया	فیلادلفیا	filaadelfiyaa
लोकोपकारी	بشردوست؛ نوعدوست	lokopakaarii
लोकोपकारक	بشردوست؛ نوعدوست	lokopakaarak
लोकोपकार	بشردوستی؛ نوعپرستی	lokopakaar
मानवप्रेम	بشردوستی؛ نوعپرستی	maanavaprem
फ़िलिपींस	فیلیپین	filipiins
दार्शनिक	فیلسوف	daarshanik
तत्ववेत्ता	فیلسوف	tatvavettaa
शांतचित्त	فلسفی	shaantachitt
अमरपक्षी	سمندر؛ سیمرغ	amarapakshii
फ़ीनिक्स	سمندر؛ سیمرغ	fiiniks
फोन	تلفن، تماس گرفتن	phon
टेलीफ़ोन	تلفن، تماس گرفتن	teliifon
भास्वर	فسفر	bhaasvar
फासफ़ोरस	فسفر	phaasaforas
फोटो	عکس	photo / tasviir / chitr
तस्वीर/चित्र	عکس	photo / tasviir / chitr
छायाचित्र	عکس؛ عکس گرفتن	chhaayaachitr
छायाकार	عکاس؛ عکس بردار	chhaayaakaar
फोटोग्राफर	عکاس؛ عکس بردار	photograaphar
छायाचित्रित	عکسی	chhaayaachitrit
छायाचित्रण संबंधी	عکسی	chhaayaachitran sanbandhii
चायाचिट्रण	عکاسی؛ عکس برداری	chaayaachitran
छायाचित्रण	عکاسی؛ عکس برداری	chhaayaachitran
सशरीरी	جسماً	sashariirii
शारीरिक.	جسماً	shaariirik.
डाक्टरअ	پزشک؛ طبیب	daaktara
चिकित्सकअ	پزشک؛ طبیب	chikitsaka
भौतिक विज्ञान	فیزیک	bhautik vigyaan
शरीरविज्ञान संबंधी	تنکردی	shariiravigyaan sanbandhii
शरीरविज्ञान	علمالابدان؛ علم طبیعی	shariiravigyaan
जीवन पद्वति	علمالابدان؛ علم طبیعی	jiivan padvati
धीमा	پیانو	dhiimaa
पियानो	پیانو	piyaano
वनभोज	پیکنیک؛ اجتماعی درخارج	vanabhoj
पिकनिक	پیکنیک؛ اجتماعی درخارج	pikanik
सुरम्य	خوش منظره	suramy
खिचड़ी	درهم ریختن؛ کلاغ زنگی	khicharii
कचौडी	درهم ریختن؛ کلاغ زنگی	kachaudii
चितकबरा	ابلق؛ پیسه	chitakabaraa
भेदना	سپوختن؛ سفتن	bhedanaa
चुभाना	سپوختن؛ سفتن	chubhaanaa
धर्मपरायणता	تدین؛ دیانت	dharmaparaayanataa
इश्वर भक्ति	تدین؛ دیانت	ishvar bhakti
कबूतर	کبوتر	kabuutar
द्रुतमार्ग	نوک نیزه؛ اردک ماهی	drutamaarg
तीर्थयात्री	حاجی؛ زوار	tiirthayaatrii
तीर्थस्थान	زیارت؛ زیارت رفتن	tiirthasthaan
तीर्थयात्रा	زیارت؛ زیارت رفتن	tiirthayaatraa
लूटना	غارت؛ تاراج	luutanaa
लूट लेना	غارت؛ تاراج	luut lenaa
लूट मार	یغماگری	luut maar
स्तंभ	پایه؛ ستون	stanbh
तकिया	پشتی؛ بالش	takiyaa
चिकोटी	مضیقه؛ وشگون	chikotii
चुटकी भर	مضیقه؛ وشگون	chutakii bhar
पाइन की लकड़ी	کاج؛ صنوبر	paain kii lakarii
अनन्नास	آناناس	anannaas
गुलाबी	صورتی	gulaabii
अग्रगामी/पथप्रदर्शक	پیشگام؛ پیشرو	netaa / agragaamii / pathapradarshak
धर्मनिष्ठ	خیر؛ پارسا	dharmanishth
लय	لوله؛ چپق	lay
पाइप	مغزی؛ نیزنی	paaip
चोर लेखक	دزد ادبی؛ دزد دریایی	chor lekhak
समुद्री डाकू	دزد ادبی؛ دزد دریایی	samudrii daakuu
पिस्तौल	پارابلوم؛ هفت تیر	pistaul / pistaul / tamanchaa
पिस्तौल/तमंचा	پارابلوم؛ هفت تیر	pistaul / pistaul / tamanchaa
पिस्टन	پیستون؛ میله متحرک	pistan
मुषली	پیستون؛ میله متحرک	mushalii
गढ्ढाआ	تخم؛ هسته	gadhdhaa
घट	تنگ؛ سبو	ghat
जग	تنگ؛ سبو	jag
जेली	دوشاخه؛ سه شاخه	jelii / jelii / jandaraa
जेली/जंदरा	دوشاخه؛ سه شاخه	jelii / jelii / jandaraa
सारगर्भित	پرمغز؛ شبیه مغز	saaragarbhit
पिट्सबर्ग	پیتسبورگ	pitsabarg
गमछा	پارچه پیچازی	gamachhaa
पट्टू	پارچه پیچازی	pattuu
अभियोक्ता	شاکی؛ دادخواه	abhiyoktaa
मुद्दई	شاکی؛ دادخواه	muddii
मंसूबा	برنامه، برنامه ریزی کردن	mansuubaa
ग्रह	سیاره	grah
तख्ता	تخته؛ تخته پوش کردن	takhtaa
मुद्दा	تخته؛ تخته پوش کردن	muddaa
पटरे	تخته بندی	patare
योजनाकार	طراح	yojanaakaar
आयोजन	زمینهسازی؛ برنامه ریزی	aayojan
योजना	زمینهسازی؛ برنامه ریزی	yojanaa
ठगी	کاشتن؛ گیاه	thagii
जाल	کاشتن؛ گیاه	jaal
भूभाग	سبزیکاری؛ درختستان	bhuubhaag
गमला	صاحب مزرعه؛ پرورنده گیاهان	gamalaa
बोने वाला	صاحب مزرعه؛ پرورنده گیاهان	bone vaalaa
प्लाविक	پلاسما	plaavik
प्लाज़्मा	پلاسما	plaazmaa
पलस्तर	گچ؛ مشمع	palastar
प्लास्टर	گچ؛ مشمع	plaastar
पठार	فلات؛ زمین مسطح	pathaar
स्थिरांक	فلات؛ زمین مسطح	sthiraank
चद्दर	آبکاری فلزی	chaddar
निष्काम	افلاطونی	nishkaam
अफ़लातूनी	افلاطونی	afalaatuunii
पल्टन	رسد	paltan
अभिनेता	بازیکن	abhinetaa
आनन्दित	بازیگوش	aanandit
बालमिट्र	همبازی	baalamitr
वकालत करना	عرضحال دادن	vakaalat karanaa
अनुनय करना	عرضحال دادن	anunay karanaa
प्रेय	خوشایند؛ دلگشا	prey
परिपूर्ण	غیر مقید	paripuurn
बहुतेरा	وافر	bahuteraa
अनेक	کثیر؛ بمقدار فراوان	anek
पाशर्वशूल	ذاتالجنب؛ برسام	paasharvashuul
फुप्फुसावरण शोध	ذاتالجنب؛ برسام	phupphusaavaran shodh
दब्बू	قابل انعطاف؛ نرم شدنی	dabbuu
खेत जोतना	شخم؛ شیار کردن	khet jotanaa
टिटिहरी	مرغ باران	titiharii
बटान	مرغ باران	bataan
प्रचार	دوشاخه	prachaar
एकदम	گوجه؛ آلو	ekadam
पक्षति	بال و پر	pakshati
नलसाज़	لولهکش؛ لوله ساز	nalasaaz
फुलाना	گوشتالو؛ سمین	phulaanaa
लूटमार	غارت؛ تاراج	luutamaar
झपट	افت؛ شیرجه	jhapat
बहुवचन	جمعی؛ صیغه جمع	bahuvachan
आना जाना	لا؛ وآمد کردن	aanaa jaanaa
मोटाई{कपडे या लकडी की}	لا؛ وآمد کردن	motaaii{kapade yaa lakadii kii}
निमोनिया	ذات الریه	nimoniyaa
न्यूमोनिया	ذات الریه	nyuumoniyaa
मनीबैग	کتاب جیبی؛ جزوه دان	maniibaig
चेचकी	مجدر؛ آبله دار	chechakii
कृति	شعر؛ چامه	kriti
कवि	شاعر؛ غزل سرا	kavi
शायर	شاعر؛ غزل سرا	shaayar
काव्यमय	نظمی؛ شاعرانه	kaavyamay
कविसुलभ	نظمی؛ شاعرانه	kavisulabh
शायरी	شعر؛ اشعار	shaayarii
मार्मिक	نیشدار؛ گوشه دار	maarmik
जहर	سم؛ زهر	jahar
विषाक्तता	مسمومیت	vishaaktataa
विषाक्तीकरण	مسمومیت	vishaaktiikaran
विषैला	زهری؛ زهردار	vishailaa
कुरेदनी	سیخ زن؛ سیخ بخاری	kuredanii
पोकर	سیخ زن؛ سیخ بخاری	pokar
मुक्का	سقلمه	mukkaa
पोलैंड	لهستان	polaind
विवादात्मक	جدلی کردن؛ اهل جدل	vivaadaatmak
आरक्षक	پلیس	aarakshak
सिपाही	پلیس (مرد)	sipaahii
नय	سیاست؛ خط‌مشی	nay
चमकाना	مالیدن؛ له	chamakaanaa
बाशऊर	مودبانه	baashauur
सभ्यतः	مودبانه	sabhyath
अशोच	ادب؛ تربیت	ashoch
राजनैतिक	سیاسی	raajanaitik
राजनीतिक	سیاسی	raajaniitik
राजनेता	سیاستمدار؛ ساوس	raajanetaa
नीतिज्ञ	سیاستمدار؛ ساوس	niitigy
मतदान	نمونه برداشتن؛ نظر خواهی کردن	matadaan
पराग	گرد؛ دانه گرده	paraag
प्रदूषण	آلودگی	praduushan
बहुविवाह	چندگانی؛ بس گانی	bahuvivaah
बहुपत्नीकत्व	چندگانی؛ بس گانی	bahupatniikatv
बहुलक	بسپار	bahulak
धूमधाम	فر؛ غرور وتظاهر	dhuumadhaam / shaan / dhuumadhaam
शान/धूमधाम	فر؛ غرور وتظاهر	dhuumadhaam / shaan / dhuumadhaam
आडंबर	طمطراق؛ آب وتاب	aadanbar
सर	دریاچه؛ غدیر	sar
सोचना/मनन करना/चिन्तन करना	تامل کردن؛ تعمق کردن	vichaar karanaa / sochanaa / manan karanaa / chintan karanaa
याबू	تاتو	yaabuu
खेल	استخر	khel
असहाय	فقیر	asahaay
पोप	پاپ	pop
परमधर्माध्यक्ष	پاپ	paramadharmaadhyaksh
पोस्ता	خشخاش	postaa / postaa / post
पोस्ता/पोस्त	خشخاش	postaa / postaa / post
लोकप्रियता	وجهه؛ محبوبیت	lokapriyataa
सर्वमान्यता	وجهه؛ محبوبیت	sarvamaanyataa
प्रचालन	محبوب سازی	prachaalan
सार्वजनिकीकरण	محبوب سازی	saarvajanikiikaran
जनाकीर्ण	پرجمعیت؛ پرسکنه	janaakiirn / ghanii aabaadiivaalaa / janaakiirn
घनी आबादीवाला/जनाकीर्ण	پرجمعیت؛ پرسکنه	janaakiirn / ghanii aabaadiivaalaa / janaakiirn
रंध्र	منافد	randhr
सुअर का गोश्त	گوشتخوک	suar kaa gosht
सुअर का मांस	گوشتخوک	suar kaa maans
छिद्रित	متخلخل؛ رخنه دار	chhidrit / chhiidril / chhote chhedon vaalaa
छीद्रिल/छोटे छेदों वाला	متخلخل؛ رخنه دار	chhidrit / chhiidril / chhote chhedon vaalaa
फाटक	پرت؛ حمایل زدن	phaatak
सुवाह्य	موبایل؛ قابل انتقال	suvaahy
वाह्य	موبایل؛ قابل انتقال	vaahy
पोर्टल	سر در	portal / praveshadvaar / sinhadvaar
प्रवेशद्वार/सिंहद्वार	سر در	portal / praveshadvaar / sinhadvaar
अपशकुन	فال بد	apashakun
द्वारपाल	باربر؛ حمال	dvaarapaal
कूली	باربر؛ حمال	kuulii
वर्णन	نقاشی؛ تصویر	varnan
पुर्तगाल	پرتقال؛ پرتغال	purtagaal
पुर्तगाली	زبان پرتقالی	purtagaalii
पुर्तगाली भाषा	زبان پرتقالی	purtagaalii bhaashaa
दावा करना	ژست؛ ژست گرفتن	daavaa karanaa
सुनिश्चित	مثبت	sunishchit
निश्चित रूप से	خوشبینانه؛ مثبتاً	nishchit ruup se
पास होना	دارا شدن؛ واجد بودن	paas honaa
स्वामी	مالک؛ دارا	svaamii
शक्यता	امکان	shakyataa
सम्भवता	امکان	sambhavataa
संभव	ممکن	sanbhav
डाक टिकट	پول پست؛ ارسال پست	daak tikat
डाक व्यय	پول پست؛ ارسال پست	daak vyay
डाकीय	پستی	daakiiy
डाक द्वारा	پستی	daak dvaaraa
इश्तिहार	پوستر	ishtihaar
उत्तरकालीन	پسین؛ دیرتر	uttarakaaliin
उत्तरकालीनता	اعقاب؛ اخلاف	uttarakaaliinataa
भावी पीढ़ी	اعقاب؛ اخلاف	bhaavii piirhii
स्थगित करना	معوق کردن؛ موکول کردن	sthagit karanaa
आगे बढाना	معوق کردن؛ موکول کردن	aage badhaanaa
स्थागन	تاخیر؛ تعویق	sthaagan
पट	دیگ؛ تیان	pat
पोटैश	پتاس؛ پتاس محرق	potaish
दहातु	پتاسیم	dahaatu
पोटैशियम	پتاسیم	potaishiyam
आलू	سیب‌زمینی	aaluu
आलु	سیب‌زمینی	aalu
सामर्थ्य	التزامی؛ پتانسیل	saamarthy
सशक्त रूप से	به طور بالقوه	sashakt ruup se
बरतन	کوزهگری؛ سفالگری	baratan
कुम्हारी	کوزهگری؛ سفالگری	kumhaarii
पुलटिस	ضماد	pulatis / lep / pulatis
लेप/पुलटिस	ضماد	pulatis / lep / pulatis
कुक्कुटादि	مرغ خانگی	kukkutaadi
घरेलू पक्षी	مرغ خانگی	ghareluu pakshii
झपटना/पंजा मारना	درحال خیز	jhapatanaa / jhapatanaa / panjaa maaranaa
पाउंड	پوند	paaund
चूरा	گرد؛ پودر	chuuraa
पाउडर के समान	گردی؛ آردی	paaudar ke samaan
पाउडर से पुता हुआ	گردی؛ آردی	paaudar se putaa huaa
प्रभावशाली ढंग से	مقتدرانه	prabhaavashaalii dhang se
शक्तिशाली ढंग से	مقتدرانه	shaktishaalii dhang se
विवशता	بی قوتی	vivashataa
लाचारी	بی قوتی	laachaarii
उपयोगी	پرشدنی؛ قابل اجرا	upayogii
कार्यप्रणाली	تمرین کردن	kaaryapranaalii
अभ्यास करना	تمرین کردن	abhyaas karanaa
प्रेयरी	چمنزار؛ جلگه	preyarii
गुणगान	تمجید؛ درود	gunagaan
श्लाघा	تمجید؛ درود	shlaaghaa
सराहनीय	هژیر؛ ستودنی	saraahaniiy
सँवरना	شوخی زننده؛ شوخی خرکی	sanvaranaa
गप्प लगाना	حرف مفت زدن	gapp lagaanaa
बकबक करना	حرف مفت زدن	bakabak karanaa
प्रार्थना	ذکر؛ نماز کردن	praarthanaa
पूजा	نماز؛ دعا	puujaa
मांग	نماز؛ دعا	maang
उपदेश देना	موعظه کردن؛ وعظ کردن	upadesh denaa
धर्मोपदेशक	فقیه؛ روضه خوان	dharmopadeshak
आमुख	مقدمه؛ توضیحات	aamukh
पूर्वोपाय	اقدام احتیاطی	puurvopaay
एहतियाती	احتیاطی؛ پیشگیرانه	ehatiyaatii
आगे करना	مقدم بودن	aage karanaa
पहले आना	مقدم بودن	pahale aanaa
खड़ी चट्टान	پرتگاه؛ سراشیبی تند	kharii chattaan
वेग से गिरना	بادست پاچگی؛ ناگهان سقوط کردن	veg se giranaa
स्वभाववश	دقیقاً	svabhaavavash
ठिक ठिक	دقیقاً	thik thik
यथार्थता	احتیاط کار	yathaarthataa
यथार्थमापी	احتیاط کار	yathaarthamaapii
प्रारब्ध	جبر؛ فلسفه جبری	praarabdh
पूर्वनिश्चित	جبری	puurvanishchit
दशा	وضع خطرناک؛ وضع نامساعد	dashaa
हालत	وضع خطرناک؛ وضع نامساعد	haalat
पूर्वानुमान करना	پیش‌بینی کردن	puurvaanumaan karanaa
पूर्वानुमेय	قابل پیش‌بینی	puurvaanumey
पूर्वानुमेय होने के कारण नीरस	قابل پیش‌بینی	puurvaanumey hone ke kaaran niiras
भविष्य कथन	پیشبینی؛ غیبگویی	bhavishy kathan
प्राक्कथन	مقدمه؛ دیباجه	praakkathan
पसन्द करना	ترجیح دادن	pasand karanaa
श्रेयस्कर	افضل؛ مرجح	shreyaskar
पसंद	ترجیح	pasand
प्राथमिकता	ترجیح	praathamikataa
उपपद	پیشوند	upapad
उपसर्ग	پیشوند	upasarg
गर्भावस्था	باروری؛ حاملگی	garbhaavasthaa
प्रागैतिहासिक	ماقبل تاریخ؛ ماقبل تاریخی	praagaitihaasik
बाबा आदम के ज़माने का	ماقبل تاریخ؛ ماقبل تاریخی	baabaa aadam ke zamaane kaa
पूर्वाग्रह	تعصب؛ غرض ورزی	puurvaagrah
पूर्वागह	تعصب؛ غرض ورزی	puurvaagah
प्रारंभिक दौर	مقدماتی؛ بدائی	praaranbhik daur
पूर्वरंग	قسمت مقدماتی	puurvarang
असमय	زودهنگام	asamay
प्रतिज्ञा	فرض قبلی؛ فرضیه مقدم	pratigyaa
आधार वाक्य	فرض قبلی؛ فرضیه مقدم	aadhaar vaaky
पूर्वाभास	فکر قبلی	puurvaabhaas
तल्लीन	گرفتار	talliin
ध्यानमग्न	گرفتار	dhyaanamagn
व्यंजन	تهیه؛ تمهید	vyanjan
प्रधानता	سنگین تری	pradhaanataa
गिलाफ़	غلفه	gilaaf
शिश्न के अग्रभाग को ढकने वाली त्वचा	غلفه	shishn ke agrabhaag ko dhakane vaalii tvachaa
विशेषाधिकार	امتیاز مخصوص	visheshaadhikaar
परमाधिकार	امتیاز مخصوص	paramaadhikaar
पूर्वसूचना	فال نما	puurvasuuchanaa / puurvasuuchanaa denaa / puurvabodh honaa
पूर्वसूचना देना/पूर्वबोध होना	فال نما	puurvasuuchanaa / puurvasuuchanaa denaa / puurvabodh honaa
नुस्खा लिखना	تجویز کردن؛ نسخه دادن	nuskhaa likhanaa
नुस्खा	نسخه؛ تجویز	nuskhaa / aadesh / nirdhaaran
आदेश/निर्धारण	نسخه؛ تجویز	nuskhaa / aadesh / nirdhaaran
वर्तमान	ارائه دادن؛ حاضر، هدیه	vartamaan
अभी	فعلا؛ الساعه	abhii
संप्रति	فعلا؛ الساعه	sanprati
परिरक्षण	حفظ؛ حراست	parirakshan
परिरक्षक	حافظ؛ حافظه	parirakshak
अध्यक्षीय	ریاست جمهوری	adhyakshiiy
राष्ट्रपति पद का	ریاست جمهوری	raashtrapati pad kaa
ख्याति	حیثیت؛ قدر ومنزلت	khyaati
चुनौती देना	استنباط کردن؛ مسلم دانستن	chunautii denaa
अनुमानित	فرضی	anumaanit
मिथ्याभिमान	وانمود؛ تظاهر	mithyaabhimaan
जीत लेना	چربیدن؛ غلبه کردن	jiit lenaa
प्रचलित होना	چربیدن؛ غلبه کردن	prachalit honaa
व्याप्त	رایج؛ شایع	vyaapt
रोकथाम	منع؛ جلوگیری	rokathaam
रोगनिरोधी	پیشگیر؛ پیشگیرنده	roganirodhii
शिकार करन	شکار؛ طعمه	shikaar karan
छेद	خار؛ خلیدن	chhed
गौरव	غرور	gaurav
पुरोहिताई	کشیش بودن؛ مقام کشیش	purohitaaii
अतिनिष्ठावान	یاسم؛ نوار ابیض	atinishthaavaan
मुख्यतः	در وهله اول	mukhyath
मुख्य रुप से	در وهله اول	mukhy rup se
प्राथमिक	اصلی؛ اولیه	praathamik
आदिम	اصل نخستین؛ عنصر نخستین	aadim
युवराज	شاهزاده؛ امیر	yuvaraaj
राजपत्नी	شاهزاده‌خانم؛ شاهدخت	raajapatnii
राजकुमारी	شاهزاده‌خانم؛ شاهدخت	raajakumaarii
मुद्रक	پرینتر	mudrak
मुद्रकअ	پرینتر	mudraka
छपाई	طبع؛ مطبعه	chhapaaii
संसकरण	طبع؛ مطبعه	sansakaran
पूर्वाधिकार	اولویت؛ تقدم	puurvaadhikaar
बन्दी	بندی؛ زندانی	bandii
गोपनीयता	پوشیدگی	gopaniiyataa
एकान्तता	پوشیدگی	ekaantataa
सौभाग्य	امتیاز؛ مصونیت	saubhaagy
विशेषाधिकृत	ممتاز؛ مصون	visheshaadhikrit
गौरवान्वित	ممتاز؛ مصون	gauravaanvit
पेशेवर	جنبه مثبت	peshevar
के पक्ष में	جنبه مثبت	ke paksh men
संभाव्यता	احتمال	sanbhaavyataa
संभवित	محتمل	sanbhavit
परख	کار آموزی	parakh
परिवीक्षा	کار آموزی	pariviikshaa
सन्देहास्पद	گیج کننده	sandehaaspad
संसाधन	پردازش؛ عمل آوری	sansaadhan
प्रसंस्करण	پردازش؛ عمل آوری	prasanskaran
संसाधक	پرداز؛ پردازنده	sansaadhak
प्रोसेसर	پرداز؛ پردازنده	prosesar
ऐलान	جار؛ صلا	ailaan
टालने वाल्	طفرهرو	taalane vaal
अपव्ययी	پر تجمل	apavyayii
जनना	تولید کردن	jananaa
उत्पादकता	کارایی؛ فرآورش	utpaadakataa
व्यावसायिक	حرفه‌ای	vyaavasaayik
प्रोफ़ेसर	استاد	profesar
प्राध्यापक	استاد	praadhyaapak
लाभकारिता	سودبخشی؛ سودمندی	laabhakaaritaa
फायदेमंद	سودمند؛ نافع	phaayademand
मुनाफ़ाखोर	استفادهچی	munaafaakhor
मुनाफ़ाखोरी करना	استفادهچی	munaafaakhorii karanaa
चरित्रहीन	فاسد الاخلاق	charitrahiin
अथाह	عمیق؛ عمیقانه	athaah
बहुल	لبریز؛ سرشار	bahul
आधिक्य	سرشاری	aadhiky
प्राचुर्य	سرشاری	praachury
प्रजा	اخلاف	prajaa
डॉक्टरी अनुभब के आधार पर रोग का पूर्वानुमान	مال اندیشی	doktarii anubhab ke aadhaar par rog kaa puurvaanumaan
प्रोग्राम	برنامه	prograam
प्रोग्रामिंग	برنامه‌نویسی	prograaming
घटनाक्रम नियोजन	برنامه‌نویسی	ghatanaakram niyojan
कड़ी	تصاعد	karii
प्रगतिशील	مترقی	pragatishiil
अग्रसर	مترقی	agrasar
निषेधाज्ञा	منع؛ نهی	nishedhaagyaa
निषेधात्मक	تحریمی؛ جلوگیری کننده	nishedhaatmak
निषेधक	تحریمی؛ جلوگیری کننده	nishedhak
प्रकल्प	پروژه	prakalp
श्रामिक	رنجور؛ وابسته بکارگر	shraamik
श्रमजीवी	رنجور؛ وابسته بکارگر	shramajiivii
प्रचुर मात्रा में उत्पन्न होना या करना	کثیر شدن؛ پربرکت شدن	prachur maatraa men utpann honaa yaa karanaa
प्रसरण	تکثیر	prasaran
बहुजनन	تکثیر	bahujanan
बहुप्रजनक	ولود؛ پرزاآ	bahuprajanak
बहुसर्जनात्मक	ولود؛ پرزاآ	bahusarjanaatmak
बढा देना	کشاندن؛ کشانیدن	badhaa denaa
लम्बा या दीर्घ करना	کشاندن؛ کشانیدن	lambaa yaa diirgh karanaa
विहारस्थल	گردش رفتن	vihaarasthal
प्रमनेड	گردش رفتن	pramaned
प्रमुखता	برجستگی؛ پیشامدگی	pramukhataa
आशाजनक	امیدوارکننده	aashaajanak
सहायता करना	درجه دادن؛ تمشیت کردن	sahaayataa karanaa
समृद्धि	ترفیع	samriddhi
जताना	فوری، تحریک کردن	jataanaa
प्रवृत्त	درازکش	pravritt
औंधा	درازکش	aundhaa
पढना	تلفظ کردن	padhanaa
उच्चारण विधि	تلفظ؛ ادای سخن	uchchaaran vidhi
सिद्ध	علامت؛ اثبات	siddh
प्रूफ़ शोधन करना	غلط گیری کردن	pruuf shodhan karanaa
टिकाना	شمشعک	tikaanaa
अधिप्रचार	تبلیغ؛ پروپاگاند	adhiprachaar
भविष्यवाणी करने की शक्ति	نبوت؛ رسالت	bhavishyavaanii karane kii shakti
भविष्यवक्ता	نبی؛ رسول	bhavishyavaktaa
भविष्यद्वक्ता	نبی؛ رسول	bhavishyadvaktaa
भविष्यसूचक	پیغمبری؛ نبوی	bhavishyasuuchak
पैगंबरी	پیغمبری؛ نبوی	paiganbarii
आनुपातिक	نسبی؛ به نسبت	aanupaatik
अनुपाती	نسبی؛ به نسبت	anupaatii
अनुपात में	به تناسب	anupaat men
प्रस्तावित	پیشنهادی	prastaavit
सुझाव देना	خواستگاری	sujhaav denaa
अकल्पनाशील	نثری؛ کسل کننده	akalpanaashiil
नसर	منثور؛ نثر	nasar
गद्य	منثور؛ نثر	gady
प्रत्याशित	موثر درآینده	pratyaashit
दौलत	عمران؛ رونق	daulat
सम्पन्न	خوشبخت؛ سعید	sampann
प्रस्टेट ग्रंथि	پروستات	prastet granthi
प्राँस्टैट ग्रंथि	پروستات	praanstait granthi
कमजोरी	سجود؛ سجده	kamajorii
डंडवत	سجود؛ سجده	dandavat
रक्षा करना	محافظت کردن	rakshaa karanaa
संरक्षित राज्य	کشور تحت الحمایه	sanrakshit raajy
रक्षित राज्य	کشور تحت الحمایه	rakshit raajy
प्रोटीन	پروتئین	protiin
प्रोटिन	پروتئین	protin
प्रोटेस्टैंट	پروتستان	protestaint
प्रोटेस्टैन्ट	پروتستان	protestaint
विरोधकर्ता	معترض	virodhakartaa
विज्ञप्ति	پروتکل؛ پیوند نامه	vigyapti
नयाचार	پروتکل؛ پیوند نامه	nayaachaar
निकला हुआ होना	جلو آمدهبودن	nikalaa huaa honaa
बाहर निकला हुआ होना	جلو آمدهبودن	baahar nikalaa huaa honaa
सगर्व	مفتخرا؛ دامن کشان	sagarv
साभिमान	مفتخرا؛ دامن کشان	saabhimaan
परखना	ثابت کردن؛ مسلم کردن	parakhanaa
कहावत	ضرب المثل؛ گفتار حکیمانه	kahaavat
मुहावरा	ضرب المثل؛ گفتار حکیمانه	muhaavaraa
विधाता	عاقبتاندیشی؛ آینده نگری	vidhaataa
परमात्मा	عاقبتاندیشی؛ آینده نگری	paramaatmaa
प्रबन्धक	رزاق؛ تامین کننده	prabandhak
देने वाला	رزاق؛ تامین کننده	dene vaalaa
प्रदेश	ایالت؛ استان	pradesh
प्रान्तीय	ولایتی؛ استانی	praantiiy
अस्थायी	موقت	asthaayii
भड़काऊ	برانگیزنده؛ عصبانی کننده	bharakaauu
चिढना	تحریک کردن؛ خشمگین کردن	chidhanaa
परिषद् अध्यक्ष	ناظم دانشکده	parishad adhyaksh
खोजते फ़िरना	پرسه زدن	khojate firanaa
दबे पाँव की जाने वाली चहलकदमी	پرسه زدن	dabe paanv kii jaane vaalii chahalakadamii
सामीप्य	نزدیکی؛ قرب	saamiipy
समझदारी	مصلحت؛ حزم	samajhadaarii
दूरदर्शी	مدبرانه؛ مصلحتی	duuradarshii
वुद्धीमान	مدبرانه؛ مصلحتی	vuddhiimaan
प्रशिया	پروس	prashiyaa
भजन	سرود روحانی	bhajan
भजन् करना	سرود روحانی	bhajan karanaa
नक़ली	عملواره	naqalii
कूट	عملواره	kuut
छि!	علامت تعجب	chhi!
धत्!	علامت تعجب	dhat!
छालरोग	داء الصدف	chhaalarog
त्वचा रोग	داء الصدف	tvachaa rog
अतींद्रिय	روانی؛ پدیده روحی	atiindriy
मनोवैज्ञानिक	روانشناختی	manovaigyaanik
मनोवैज्ञानिक संबन्धी	روانشناختی	manovaigyaanik sanbandhii
मनोचिकित्सक	روان شناس	manochikitsak
मनोविज्ञान	روان شناسی؛ معرفه النفس	manovigyaan
शराबखाना	میخانه	sharaabakhaanaa
मयखाना	میخانه	mayakhaanaa
वयःसंधि	تکلیف؛ بلوغ	vayahsandhi
यौवनारंभ	تکلیف؛ بلوغ	yauvanaaranbh
सार्वजनिक	عمومی	saarvajanik
प्रकाशन	منتشر؛ نشر	prakaashan
प्रख्यापन	منتشر؛ نشر	prakhyaapan
पेश करना	منتشر کردن	pesh karanaa
प्रकाशक	ناشر	prakaashak
प्रकाशक्	ناشر	prakaashak
पुडिंग	فرنی	puding
हलुवा	فرنی	haluvaa
हाँफ़ता हुआ	باد دار؛ باد کرده	haanfataa huaa
फुफ्फुसी	ریوی	phuphphusii
फुफ्फुसीय	ریوی	phuphphusiiy
पादरी वर्ग	منبر؛ سکوب خطابه	paadarii varg
नाड़ी	نبض؛ فشار نبض	naarii
दाल	نبض؛ فشار نبض	daal
घूँसा	منگنه؛ مشت زدن	ghuunsaa
बिंदुदार	مثل نقطه	bindudaar
अत्यौपचारिक	نکته بین؛ نکته سنج	atyaupachaarik
अति शिष्टाचारी	نکته بین؛ نکته سنج	ati shishtaachaarii
तीक्ष्ण	گوشه دار؛ پر ادویه	tiikshn
धावा बोलना	سیاست کردن؛ عذاب کردن	dhaavaa bolanaa
दण्ड देना	سیاست کردن؛ عذاب کردن	dand denaa
दुर्देय	کیفری؛ مجازاتی	durdey
पंक	پانک	pank
पंट	لگدزدن	pant
अदना	ریغماسی؛ درجه پست	adanaa
पुतली	مردمک؛ حدقه	putalii
कठपुतली	عروسک؛ لعبت	kathaputalii
पिल्ला	توله؛ سگ بچه	pillaa
खरीदी हुई बस्तु	خرید؛ شراء	khariidii huii bastu
ख़रीदार	خریدار	khariidaar
शुद्ध	صاف؛ محض	shuddh
पूर्ण रुप से	صرفاً	puurn rup se
शुद्धीकरण	پاک سازی	shuddhiikaran
परिष्करण	پاک سازی	parishkaran
स्वच्छीकरण	تصفیه؛ تطهیر	svachchhiikaran
परिष्कृत करना	تصفیه کردن؛ خالص کردن	parishkrit karanaa
अतिनैतिकतावादी	پاک دین	atinaitikataavaadii
प्यूरिटन	پاک دین	pyuuritan
बैंगनी	بنفش	bainganii
लक्ष्य होना	مفهوم؛ مفاد	lakshy honaa
इरादा	هدف	iraadaa
जेब	کیف؛ غنچه کردن	jeb
धंधा	پیگیری	dhandhaa
पीपदार	چرکدار	piipadaar
आपूर्तिकर्ता	سورساتچی	aapuurtikartaa
पीप	چرک	piip
पोटीन	بتونه؛ زاماسکه	potiin
पिरामिड	هرم	piraamid
पिरामिडअ	هرم	piraamida
परिमाणात्मक	کمی	parimaanaatmak
परिमाण संबंधी.	کمی	parimaan sanbandhii.
खदान	شکار؛ معدن سنگ	khadaan
एक सेर के लगभग नाप	کوارت	ek ser ke lagabhag naap
क्वार्ट पैमाना	کوارت	kvaart paimaanaa
प्यास बूझाना	فرو نشاندن	pyaas buujhaanaa
शिकायती	شکوه گر؛ زود رنج	shikaayatii
प्रश्न	سوال؛ پرسیدن	prashn
प्रश्नावली	پرسشنامه	prashnaavalii
झटपट	به سرعت	jhatapat
कुशाग्रता	تندی؛ فرزی	kushaagrataa
धीरे	با آرامش	dhiire
रजाई	دواج	rajaaii
दुलाई	دواج	dulaaii
क्विन्सी	زهرباد	kvinsii
कुनैन	گنه گنه	kunain
काँपना	ترکش؛ تیر دان	kaanpanaa
कंपन	ترکش؛ تیر دان	kanpan
उद्धरण	نقل؛ مظنه	uddharan
दाम लगाना	نقل کردن	daam lagaanaa
रब्बी	خاخام؛ عالم یهودی	rabbii
ख़रगोश	خرگوش	kharagosh
अनाड़ी खिलाड़ी	خرگوش	anaarii khilaarii
जलांतक	هاری؛ بیماری هاری	jalaantak
रेबीज़{पागल कुत्ते के काटने पर होने वाला रोग}	هاری؛ بیماری هاری	rebiiza{paagal kutte ke kaatane par hone vaalaa rog}
प्रजातीय	نژادی	prajaatiiy
जातीयता	نژادپرستی	jaatiiyataa
जातिवाद	نژادپرستی	jaativaad
जातिवादी	نژادپرست	jaativaadii
विध्वंस	طاقچه	vidhvans
शिकंजा	طاقچه	shikanjaa
मज़ेदार कहानियाँ सुनाने वाला	داستانسرا	mazedaar kahaaniyaan sunaane vaalaa
किरण सम्बन्धी	شعاعی؛ زندی	kiran sambandhii
अरीय	شعاعی؛ زندی	ariiy
प्रफुल्ल	ساطع؛ تابان	praphull
विकिरण	تابش	vikiran
प्रस्फुरण	تابش	prasphuran
सुधारवादी	ریشهای؛ رادیکال	sudhaaravaadii
रेडियो	رادیو	rediyo
बेतार	رادیو	betaar
रेडियम	رادیوم؛ شب چراغ	rediyam
एक प्रकार की धातु	رادیوم؛ شب چراغ	ek prakaar kii dhaatu
रेडियस	شعاع؛ زند اعلی	rediyas
रैग	کهنه؛ جل	raig
फटे पुराने वस्त्र	کهنه؛ جل	phate puraane vastr
क्लांत	مرقع	klaant
अपरिष्कृत	مرقع	aparishkrit
चढ़ाई	یورش کردن؛ یورش آوردن	charhaaii
रेल	ریل	rel
रेलमार्ग	راه آهن؛ خط آهن	relamaarg
यू. एस.रेलवे	راه آهن؛ خط آهن	yuu. esa.relave
रेलवे	راه‌آهن	relave
बौछार	باران، باریدن	bauchhaar
वर्षा	باران، باریدن	varshaa
ऐरावत	رنگین کمان	airaavat
मेघधनुष	رنگین کمان	meghadhanush
पानी बरसना	بارندگی	paanii barasanaa
ऐयाश	شن کش	aiyaash
ढलानअ	شن کش	dhalaana
ठूसना	غوچ؛ سنبه زدن	thuusanaa
ठोकर मारना	غوچ؛ سنبه زدن	thokar maaranaa
शाखित होना	منشعب کردن؛ شاخه دادن	shaakhit honaa
शाखाएँ बनाना	منشعب کردن؛ شاخه دادن	shaakhaaen banaanaa
बन्दूक का गज़	سنبه	banduuk kaa gaz
पशु फार्म	دامداری کردن	pashu phaarm
पशु फ़ार्म चलाना	دامداری کردن	pashu faarm chalaanaa
बेतरतीब	تصادفی	betaratiib
वनपाल	جنگل بان؛ هنگ سوار	vanapaal
रेंजर	جنگل بان؛ هنگ سوار	renjar
फिरौती	فدیهدادن؛ فدیه	phirautii
फीरौती	فدیهدادن؛ فدیه	phiirautii
तोरी	تجاوز بناموس کردن	torii
बलात्कार	تجاوز بناموس کردن	balaatkaar
शीघ्रता	تندی؛ تیزی	shiighrataa
छोटी हल्की तलवार	سخمه	chhotii halkii talavaar
अत्यन्त आह्लादजनक	هیجان انگیز	atyant aahlaadajanak
निराला	طرفه؛ نادر	niraalaa
कदाचित	کمتر؛ نادراً	kadaachit
कभी कभार	کمتر؛ نادراً	kabhii kabhaar
अप्राप्यता	ندرت؛ کمیابی	apraapyataa
दुर्लभता	ندرت؛ کمیابی	durlabhataa
दुष्ट	رذل؛ پدرسوخته	dusht
फुन्सी	عجول؛ سبکسر	phunsii
हड़तालभंजक	موش بزرگ	harataalabhanjak
चूहा	موش بزرگ	chuuhaa
अभिपुष्ट करना	بتصویب رساندن؛ به تصویب رساندن	abhipusht karanaa
श्रेणी नर्धारण	رتبه‌بندی	shrenii nardhaaran
सचेतन	معقول؛ عقلی	sachetan
विवेक से	منطقا	vivek se
तर्कसंगत ढंग से	منطقا	tarkasangat dhang se
धड़ा धड़	خسخس؛ خسخس کردن	dharaa dhar
भुक्खड़	دله؛ پر اشتیاق	bhukkhar
किरण	پرتو؛ شعاع	kiran
विरूद्ध प्रतिक्रिया करना	واکنش نشان دادن	viruuddh pratikriyaa karanaa
प्रतिक्रिया	معرفی؛ انعکاس	pratikriyaa
प्रतिक्रियात्मक	ارتجاعی؛ مرتجع	pratikriyaatmak
प्रतिक्रियावादी	ارتجاعی؛ مرتجع	pratikriyaavaadii
प्रतिघातक	واکنشی	pratighaatak
प्रतिक्रियाशील	واکنشی	pratikriyaashiil
रियैक्टर	رآکتور؛ عامل واکنش	riyaiktar
पढ़ना	خواندن	parhanaa
सुपाठ्य	خواندنی؛ قابل خواندن	supaathy
पेशकार	خواننده	peshakaar
रीडर	خواننده	riidar
अध्ययन	خواندن (فعل)	adhyayan
यथार्थवाद	رآلیسم؛ واقع بینی	yathaarthavaad
लावक	درو گر؛ ماشین درو	laavak
फिर से सजाना	بازچیدن	phir se sajaanaa
पुनः व्यवस्थित करना	بازچیدن	punh vyavasthit karanaa
पुनर्व्यवस्थापन	باز چینی	punarvyavasthaapan
पुनर्प्रबंधन	باز چینی	punarprabandhan
समुचित रुप से	منطقی	samuchit rup se
तर्कबुद्धि	استدلال؛ تعقل	tarkabuddhi
तर्क्	استدلال؛ تعقل	tark
आश्वासन देना	دوباره اطمینان دادن	aashvaasan denaa
फिर हिम्मत दिलाना	دوباره اطمینان دادن	phir himmat dilaanaa
विद्रोही	یاغی؛ عاصی	vidrohii
राज विरोधी	یاغی؛ عاصی	raaj virodhii
बगावत	شورش؛ عناد	bagaavat
अक्खड़	عاصی؛ شورشی	akkhar
जन्मांतर	باز زاد؛ تولد مجدد	janmaantar
पुनरुज्जीवन	باز زاد؛ تولد مجدد	punarujjiivan
प्रतिघात	اعاده؛ پس زدن	pratighaat
सदमा	اعاده؛ پس زدن	sadamaa
पुनर्निर्माण करना	بازسازی کردن	punarnirmaan karanaa
फिर बनाना	بازسازی کردن	phir banaanaa
फटकारना	زخم زبان	phatakaaranaa
बुरा भला कहना	زخم زبان	buraa bhalaa kahanaa
उद्दण्ड	ناتو	uddand
याद करना	یاد آوردن؛ فرا خواندن	yaad karanaa
दुबारा ढालेना	ازنو ریختن	dubaaraa dhaalenaa
फिर ढालना	ازنو ریختن	phir dhaalanaa
कम होना	دور شدن؛ پس رفتن	kam honaa
समापक	گیرنده	samaapak
अभी अभी	اخیراً	abhii abhii
हाल मेँ	اخیراً	haal men
अधिग्रहण	پذیرش	adhigrahan
ग्रहणशील	شنوا	grahanashiil
संग्राहक	شنوا	sangraahak
ग्राही	گیرنده؛ ستاره مساعد	graahii
रिसेप्टर	گیرنده؛ ستاره مساعد	riseptar
विश्राम	فترت؛ طاقچه ساختن	vishraam
मन्दी	رکود	mandii
औषधनिर्देश	دستور پخت	aushadhanirdesh
प्राप्तकर्ता	دریافت کننده؛ وصول کننده	praaptakartaa
परस्पर का	معکوس	paraspar kaa
पारस्परिकता	مقابله؛ عمل متقابل	paarasparikataa
आदान प्रदान	مقابله؛ عمل متقابل	aadaan pradaan
प्रस्तुति	رسیتال	prastuti
कहानी	رسیتال	kahaanii
प्रपठन	قرائت؛ قراعت	prapathan
पाठअ	قرائت؛ قراعت	paatha
व्याख्यान करना	انشاد کردن؛ از برخواندن	vyaakhyaan karanaa
गिनना	محاسبه کردن	ginanaa
उद्धार	استرداد؛ احیا اراضی	uddhaar
पहचानने योग्य	شناخت پذیر	pahachaanane yogy
आसानी से पहचाने जाने योग्य	شناخت پذیر	aasaanii se pahachaane jaane yogy
स्मरण करना	دوباره جمع کردن	smaran karanaa
स्मरण	یادآوری	smaran
आकर्षक बनाना	توصیه کردن	aakarshak banaanaa
मनवाना	آشتی کردن؛ صلح دادن	manavaanaa
पुनर्मेल	آشتی	punarmel
पुनर्विचार करना	تجدید نظر؛ تجدید نظر کردن	punarvichaar karanaa
फिर देखना	تجدید نظر؛ تجدید نظر کردن	phir dekhanaa
रिकर्ड	ضبط کردن، رکورد	rikard
तहरीर	ضبط کردن، رکورد	tahariir
अभिलेखी	وقایع نویس	abhilekhii
रिकर्डर	وقایع نویس	rikardar
ध्वन्यालेखन	ضبط	dhvanyaalekhan
अभिलेकन	ضبط	abhilekan
साधन	توسل	saadhan
ठीक होना	خوب شدن؛ باز یافتن	thiik honaa
वसूल करना	خوب شدن؛ باز یافتن	vasuul karanaa
स्वास्थ्यलाभ	بهبودی، بازیابی	svaasthyalaabh
विहार	تفریح؛ نزهت	vihaar
मनोरंजनात्मक	تفریحی	manoranjanaatmak
नयी भर्ती करना	استخدام کردن	nayii bhartii karanaa
नये सिपाहियों की भर्ती	استخدام	naye sipaahiyon kii bhartii
आयतीय	مستطیلی؛ راست گوشه	aayatiiy
आयताकार	مستطیلی؛ راست گوشه	aayataakaar
प्राचार्य	کشیش بخش	praachaary
पुनः प्राप्त करना	نیروی تازه یافتن	punh praapt karanaa
स्वास्थ्यकर	اعاده دهنده؛ بهبودی بخش	svaasthyakar
बलवर्धक	اعاده دهنده؛ بهبودی بخش	balavardhak
फिर आना	تکرار شدن	phir aanaa
पुनरावृत्ति होना	تکرار شدن	punaraavritti honaa
पुनरावृत्ति	تکرار؛ باز رخدادن	punaraavritti
फिराव	تکرار؛ باز رخدادن	phiraav
आवर्ती	برگردنده؛ عود کننده	aavartii
पुनरावर्ती	برگردنده؛ عود کننده	punaraavartii
पुनः चक्रित करना	بازیافت کردن	punh chakrit karanaa
प्रयोग की गयी वस्तु का पुनः प्रयोग	بازیافت کردن	prayog kii gayii vastu kaa punh prayog
कुछ रक्त वर्ण	مایل بقرمز	kuchh rakt varn
चुकाना	فدیهدادن	chukaanaa
भजाना	فدیهدادن	bhajaanaa
रक्तिमा	سرخی؛ حمره	raktimaa
सही करना	جبران خسارت	sahii karanaa
अतिरेक	افزونگی؛ حشو	atirek
बेकारी	افزونگی؛ حشو	bekaarii
रीफ़	جزیره نما؛ مرض جرب	riif
शैलभित्ति	جزیره نما؛ مرض جرب	shailabhitti
पुनर्निर्वाचन	تجدید انتخاب	punarnirvaachan
निर्देश	عطف؛ مراجعه	nirdesh
जनमत संग्रह	رفراندوم؛ رفراندم	janamat sangrah
किसी प्रश्न को जनता के सामने उसकी सम्मति लेने के लिये रखना	رفراندوم؛ رفراندم	kisii prashn ko janataa ke saamane usakii sammati lene ke liye rakhanaa
संदर्भ	مراجعه	sandarbh
रीङिल	دوباره پر کردن	riingil
फिर से वही पेय	دوباره پر کردن	phir se vahii pey
निर्मल	مهذب؛ مصفا	nirmal
शोधन	تصفیه	shodhan
पलटा हुआ	ارتجاع؛ عکسالعمل	palataa huaa
सुधराव	اصلاح؛ بهسازی	sudharaav
सुधारक	بهساز؛ مصلح	sudhaarak
संशोधक	بهساز؛ مصلح	sanshodhak
हठीला/अड़ियल	گردن کش؛ دیر گداز	hathiilaa / ariyal / durdamy
दुर्दम्य	گردن کش؛ دیر گداز	hathiilaa / ariyal / durdamy
आड़ना	روگردان بودن؛ خود داری کردن	aaranaa
ताजा करना	حال آمدن؛ تجدید نیرو کردن	taajaa karanaa
तरोताज़ा करना	حال آمدن؛ تجدید نیرو کردن	tarotaazaa karanaa
ताजा	گوارا؛ مفرح	taajaa
स्फूर्तिदायक	گوارا؛ مفرح	sphuurtidaayak
प्रशीतन	تبرید؛ سرد سازی	prashiitan
ठण्डा करना	تبرید؛ سرد سازی	thandaa karanaa
रेफ्रिजरेटर	یخچال؛ یخچال برقی	rephrijaretar
शरणागत	پناهنده	sharanaagat
वापसी	مسترد شدن؛ مسترد داشتن	vaapasii
प्रतिदाय	مسترد شدن؛ مسترد داشتن	pratidaay
अस्वीकार	رد؛ امتناع	asviikaar
अस्वीकृति	رد؛ امتناع	asviikriti
खण्डन	تکذیب	khandan
ध्यान दिए बिना	صرفنظر از	dhyaan die binaa
पुनरुद्धार	ترمیم؛ تولید مجدد	punaruddhaar
रेजिमेंट	هنگ	rejiment
रेजिमेंट का	لباس هنگ؛ لباس افسری	rejiment kaa
पलटन या रेज़िमेण्ट सम्बन्धी	لباس هنگ؛ لباس افسری	palatan yaa reziment sambandhii
क्षेत्रीय	منطقهای؛ اقلیمی	kshetriiy
प्रादेशिक	منطقهای؛ اقلیمی	praadeshik
पंजीयक	ثبت کننده؛ مدیر دروس	panjiiyak
रजिस्ट्री	ثبت‌نام	rajistrii
पंजियन	ثبت‌نام	panjiyan
दुःखी होना	تاسف؛ اسف	duhkhii honaa
खेदपूर्ण	متاسف؛ نادم	khedapuurn
खेदजनक	قابل تاسف؛ تاسف آور	khedajanak
खेदजनक शोचनीय	قابل تاسف؛ تاسف آور	khedajanak shochaniiy
नियमित	منظم	niyamit
आमतौर पर पायी जाने वाली	منظم	aamataur par paayii jaane vaalii
नियमानुकूलता	باقاعدگی	niyamaanukuulataa
नियमित रूप से	منظما	niyamit ruup se
नियन्ट्रित करना	تنظیم کردن	niyantrit karanaa
अधिनियम	تنظیم؛ مقرره	adhiniyam
नियामक	تنظیمی	niyaamak
नियंत्रक	تنظیمی	niyantrak
बहाली	توانبخشی؛ نوتوانی	bahaalii
पूर्वाभ्यास	تمرین؛ تمرین نمایش	puurvaabhyaas
दुहराव	تمرین؛ تمرین نمایش	duharaav
लगाम देना	عنان؛ لجام	lagaam denaa
लगाम खींचना	عنان؛ لجام	lagaam khiinchanaa
संबलनअ	تقویت؛ تجدید قوا	sanbalana
पुनः प्रतिष्ठित करना	دوباره برقرار کردن؛ دوباره بکار انداختن	punh pratishthit karanaa
फिर से नियुक्त करना	دوباره برقرار کردن؛ دوباره بکار انداختن	phir se niyukt karanaa
फेँकना	نپسندیدن؛ وازدن	phenkanaa
आनन्दित होना	شادی کردن؛ خوشی کردن	aanandit honaa
प्रसन्न करना या होना	شادی کردن؛ خوشی کردن	prasann karanaa yaa honaa
प्रत्युत्तर देना	پاسخ دفاعی دادن	pratyuttar denaa
फिर मिलाना	پاسخ دفاعی دادن	phir milaanaa
प्रत्युत्तर	پاسخ دفاعی	pratyuttar
पुनः पतन	عود؛ نکس	punh patan
पूर्वावस्था प्राप्ति	عود؛ نکس	puurvaavasthaa praapti
संबंधित	منسوب؛ نسبی	sanbandhit
आराम करना	استراحت کردن	aaraam karanaa
प्रसारित करना	روله؛ رله	prasaarit karanaa
प्रसारण करना	روله؛ رله	prasaaran karanaa
ढ़ीला पड़ना	نرم شدن؛ رحم بدل آوردن	rhiilaa paranaa
नरम पड़ जाना	نرم شدن؛ رحم بدل آوردن	naram par jaanaa
विश्वासयोग्य,विश्वसनीयता	اعتبار	vishvasaniiyataa / vishvaasayogy / vishvasaniiyataa
अवशेष	آثار مقدس	avashesh
यादगार	آثار مقدس	yaadagaar
सह्य	آسوده خاطر	sahy
चिंतामुक्त	آسوده خاطر	chintaamukt
निष्ठापूर्वक	مذهبی؛ شرعی	nishthaapuurvak / mazahabii / dhaarmik
मज़हबी/धार्मिक	مذهبی؛ شرعی	nishthaapuurvak / mazahabii / dhaarmik
अरुचि	اکراه؛ رغم	aruchi
असम्मत	بیرغبت؛ بیمیل	asammat
अनिच्छापूर्वक	بالاکراه	anichchhaapuurvak
अनिच्छा से	بالاکراه	anichchhaa se
निर्भर करना	اتکا کردن؛ استناد کردن	nirbhar karanaa
शेष	مانده؛ مابقی	shesh
शेषफल	مانده؛ مابقی	sheshaphal
उल्लेखनीयता से	به طور قابل توجهی	ullekhaniiyataa se
आश्चर्यजनक ढंग से	به طور قابل توجهی	aashcharyajanak dhang se
पुनर्विवाह	ازدواج مجدد؛ تجدید فراش	punarvivaah
दूसरा विवाह	ازدواج مجدد؛ تجدید فراش	duusaraa vivaah
पुनर्विवाह करना	تجدید فراش کردن	punarvivaah karanaa
फिर से विवाह करना	تجدید فراش کردن	phir se vivaah karanaa
उपाय	چاره؛ درمان	upaay
चेताना	متوجه کردن؛ یادآوری کردن	chetaanaa
चिताना	متوجه کردن؛ یادآوری کردن	chitaanaa
तकाज़ा	تذکر؛ یادآور	takaazaa
बचा हुआ	بقیه السیف	bachaa huaa
पछतावा	افسوس؛ پشیمانی	pachhataavaa
पश्चाताप	افسوس؛ پشیمانی	pashchaataap
दूरवर्ती	دورافتاده؛ دوردست	duuravartii
असन्निहित	دورافتاده؛ دوردست	asannihit
निराकरणीय	بردنی؛ برداشتنی	niraakaraniiy
हटाये जाने योग्य	بردنی؛ برداشتنی	hataaye jaane yogy
स्थानांतरण	عزل؛ فک	sthaanaantaran
पारिश्रमिक प्रदत्त	پاداشی	paarishramik pradatt
पुनर्जागरण	رنسانس	punarjaagaran
नवजागरण	رنسانس	navajaagaran
मिलनस्थल	میعاد؛ وعدهگاه	milanasthal
मनोरंजन स्थल	میعاد؛ وعدهگاه	manoranjan sthal
विदारक	هتک	vidaarak
स्वधर्मत्यागी	یاغی	svadharmatyaagii
पुनःस्थापन	تجدید؛ بازنوکنی	punahsthaapan
नवीकरण	تجدید؛ نوسازی	naviikaran
किराये का	کرایه؛ اجارهای	kiraaye kaa
किराया	کرایه؛ اجارهای	kiraayaa
किरायेदार	اجاره دهنده؛ اجاره نشین	kiraayedaar
विक्रय प्रतिनिधि	زن هرزه؛ مرد هرزه	vikray pratinidhi
मुआवज़ा	غرامت؛ جبران غرامت	muaavazaa
लौटाना	باز پرداختن	lautaanaa
पुनर्भुगतान	غرامت؛ بازپرداخت	punarbhugataan
धन वापसी	غرامت؛ بازپرداخت	dhan vaapasii
टुनटुनाना	تکرار کردن	tunatunaanaa
बारंबार	مجددا؛ علیالتوالی	baaranbaar
बार बार	مجددا؛ علیالتوالی	baar baar
जल{रोधी}	دافع؛ دافعه	jala{rodhii}
पश्चाताप करना	توبه کردن؛ اصلاح شدن	pashchaataap karanaa
पश्चात्ताप	توبه	pashchaattaap
पुनः स्थापन	تعویض؛ جابجائی	punh sthaapan
जवाब	پاسخ، پاسخ دادن	javaab
सम्वाददाता	خبرنگار	samvaadadaataa
सूचना	گزارش‌دهی	suuchanaa
प्रतिवेदन	گزارش‌دهی	prativedan
निन्दनीय	ناستوده؛ سرزنش کردنی	nindaniiy
दोषारोपण करने योग्य	ناستوده؛ سرزنش کردنی	doshaaropan karane yogy
प्रतिनिधित्व	نیابت	pratinidhitv
कुचलना	باز فشردن؛ باز کوفتن	kuchalanaa
डांटना	توبیخ؛ توبیخ کردن	daantanaa
बदला	جبران	badalaa
झिड़की	توبیخ؛ ملامت	jhirakii
दिखना	تکثیر کردن؛ تناسل کردن	dikhanaa
ब्याना	تکثیر کردن؛ تناسل کردن	byaanaa
प्रजनक	تناسلی	prajanak
प्रजननीय	تناسلی	prajananiiy
सरीसृप	خزنده	sariisrip
गणराज्य	جمهوری	ganaraajy
गणतांत्रिक	جمهوری‌خواه	ganataantrik
रिपब्लिकन	جمهوری‌خواه	ripablikan
अस्वीकरण	ردی	asviikaran
विख्यात	نیکنام؛ خوشنام	vikhyaat
अनुरोध	درخواست	anurodh
माँग	نیاز؛ مقرره	maang
अपेक्षित	لازمه؛ شرط لازم	apekshit
शोधक	پژوهشگر	shodhak
सदृश होना	شبیه شدن؛ مانند بودن	sadrish honaa
बुरा मानना	اظهار رنجش کردن	buraa maananaa
पसंद न करना	اظهار رنجش کردن	pasand n karanaa
जलाशय	مخزن؛ آب انبار	jalaashay
भांडारअ	مخزن؛ آب انبار	bhaandaara
निवास स्थान	اقامت؛ مسکن	nivaas sthaan
आवासी	ساکن؛ ماندنی	aavaasii
आवासिक	محلی؛ مسکونی	aavaasik
निवास योग्य	محلی؛ مسکونی	nivaas yogy
अवशिष्ट	فضولات؛ فضله	avashisht
इस्तीफा देना	استعفا دادن	istiiphaa denaa
स्वेच्छा	کنارهگیری؛ استعفا	svechchhaa
इश्तीफा	کنارهگیری؛ استعفا	ishtiiphaa
राल	رزین؛ راتیانج	raal
गंधराल	رزین؛ راتیانج	gandharaal
धीर/संकल्पवान	مصمم؛ باعزم	drirh / dhiir / sankalpavaan
हल करना	تحلیل کردن؛ اراده کردن	hal karanaa
निश्चय करना	تحلیل کردن؛ اراده کردن	nishchay karanaa
गुंजायमान	پرطنین؛ طنین دار	gunjaayamaan
गुंजित	پرطنین؛ طنین دار	gunjit
सम्माननीयता	نیکنامی	sammaananiiyataa
आदरणीय	شریف؛ نیکنام	aadaraniiy
सम्माननीय	شریف؛ نیکنام	sammaananiiy
भध्र	حرمتی؛ احترامی	bhadhr
आदरपूर्वक	محترمانه؛ محترما	aadarapuurvak
सादर	محترمانه؛ محترما	saadar
निजी	مربوطه	nijii
क्रमशः	بترتیب؛ به ترتیب	kramashh
क्रमानुसार	بترتیب؛ به ترتیب	kramaanusaar
श्वास	تنفس	shvaas
श्वास संबंधी	تنفسی	shvaas sanbandhii
प्रतिक्रियादाता	واکنش دار	pratikriyaadaataa
दाय	وظیفه؛ عهده	daay
जवावदेह	متصدی؛ مسئول	javaavadeh
संवेदनशील	جوابی؛ پاسخی	sanvedanashiil
फिर से कहना/बताना	بیان مجدد	doharaanaa / phir se kahanaa / bataanaa
भोजनालय	رستوران	bhojanaalay
आरामघर	رستوران	aaraamaghar
आरामदायक/आरामदेह	غنوده؛ راحتبخش	aaraamadeh / aaraamadaayak / aaraamadeh
तनावग्रस्त	کله شق	tanaavagrast
बाधित करना	محدود کردن	baadhit karanaa
अंतिम चरण	برآیند؛ منتجه	antim charan
फिर आरम्भ करना	از سر گرفتن	phir aarambh karanaa
पुनरारंभ	ادامه؛ باز یافت	punaraaranbh
पुनरुत्थान	حشر؛ رستاخیز	punarutthaan
खुदरा	خرده فروشی	khudaraa
परचून	خرده فروشی	parachuun
खुदरा व्यापारी	خرده فروش	khudaraa vyaapaarii
खुदरा व्यावसायिक संस्थान	خرده فروش	khudaraa vyaavasaayik sansthaan
खुदरा व्यापार	خرده فروشی	khudaraa vyaapaar
पलट कर हमला करना	تلافی کردن؛ تقاص کردن	palat kar hamalaa karanaa
प्रतिशोध	تلافی؛ تقص	pratishodh
धीमा करना	عقبانداختن؛ کند ساختن	dhiimaa karanaa
धीमा होना	عقبانداختن؛ کند ساختن	dhiimaa honaa
पिछड़ी बुद्धि का	عقبافتاده	pichharii buddhi kaa
चुप्पा	کم گو؛ کم حرف	chuppaa
गैरमिलनसार	کم گو؛ کم حرف	gairamilanasaar
पीछे हटना	بازنشسته کردن؛ منزوی شدن	piichhe hatanaa
चला जाना	بازنشسته کردن؛ منزوی شدن	chalaa jaanaa
सन्यास	بازنشستگی	sanyaas
सेवानिवृत्ति	بازنشستگی	sevaanivritti
प्रत्युत्त्र	تلافی؛ جواب متقابل	pratyuttr
वापस लेना	در کشیدن؛ نکول کردن	vaapas lenaa
प्रत्याहार	نکول؛ استغفار	pratyaahaar
प्रतिकर्षण	نکول؛ استغفار	pratikarshan
आश्रयस्थल	عقب زدن؛ عقب نشینی	aashrayasthal
प्रतिकार	سزا	pratikaar
पुनर्योग	باز پیوست؛ بهم پیوستگی	punaryog
फिर मिलना	دوباره متحد کردن؛ دوباره یکی شدن	phir milanaa
फिर से मिलाना	دوباره متحد کردن؛ دوباره یکی شدن	phir se milaanaa
परिक्रमण	تند گشتن	parikraman
परिक्रमण की गति बढ़ाना	تند گشتن	parikraman kii gati barhaanaa
आकाशवाणी	الهام؛ مکاشفه	aakaashavaanii
कर	درآمد	kar
राजस्व	درآمد	raajasv
गूंजना	ولوله انداختن	guunjanaa
प्रतिध्वनित होना	ولوله انداختن	pratidhvanit honaa
श्रद्धा	حرمت؛ تکریم	shraddhaa
श्ह्रद्धापूर्ण	حرمتی؛ احترامی	shhraddhaapuurn
आदर से	احتراماً	aadar se
श्ह्रद्धापूर्ण ढंग से	احتراماً	shhraddhaapuurn dhang se
दिवास्वप्न	خیال خام؛ خیال واهی	divaasvapn
उलटना	معکوس؛ ظهر	ulatanaa
वापस आना	عود کردن؛ رجوع کردن	vaapas aanaa
फिर लौट आना	عود کردن؛ رجوع کردن	phir laut aanaa
पुनर्लेखन	بازنگری	punarlekhan
पुनर्जीवित करना	احیا کردن؛ احیاء کردن	punarjiivit karanaa
पुनरुज्जीवित होना	احیا کردن؛ احیاء کردن	punarujjiivit honaa
क्रांति	انقلاب	kraanti
क्रान्ति	انقلاب	kraanti
क्रान्तिकारी	انقلابی؛ آشوبگر	kraantikaarii
क्रांतिकारी	انقلابی؛ آشوبگر	kraantikaarii
घूंअना	دور زدن	ghuunanaa
तमंचा	رولور؛ ششلول	tamanchaa
रिवल्वर	رولور؛ ششلول	rivalvar
घृणाआ	ردع؛ تصریف	ghrinaa
आकस्मिक भाव परिवर्तन	ردع؛ تصریف	aakasmik bhaav parivartan
ईनाम	مژده؛ تلافی	iinaam
शब्दाडम्बर	لفاظی؛ خطابت	shabdaadambar
वातरोगग्रस्त	روماتیسمی	vaatarogagrast
आमवाती	روماتیسمی	aamavaatii
यमक	پساوند؛ قافیه ساختن	yamak
तुकबंदी	پساوند؛ قافیه ساختن	tukabandii
लयबद्ध	مسجع؛ پرنواخت	layabaddh
पसली	دنده؛ مرز گذاشتن	pasalii
पत्ती की नस	دنده؛ مرز گذاشتن	pattii kii nas
भात	برنج	bhaat
चावल	برنج	chaaval
रईसी	خرپولی	raiisii
छुटकारा पाना	خلاص کردن؛ رهانیدن از	chhutakaaraa paanaa
सवार	سوار؛ الحاقیه	savaar
कटक	خرپشته؛ مرز بندی کردن	katak
मेड़	خرپشته؛ مرز بندی کردن	mer
अवक्षेप	ریشخند؛ استهزا	avakshep
राइफ़ल	تفنگ؛ عده تفنگدار	raaifal
एक प्रकार की बन्दूक	تفنگ؛ عده تفنگدار	ek prakaar kii banduuk
अनबन	شکاف؛ شکاف دهنده	anaban
दायाँ	درست، سمت راست	daayaan
नेकी	حق گذاری	nekii
नीतिपरायणता	حق گذاری	niitiparaayanataa
हाल	کمانه؛ زهوار	haal
सरग़ना	سر دسته؛ سر حلقه	saraghanaa
धुलाई	مظمظه؛ غر غره	dhulaaii
बाल रंगने वाला रंग	مظمظه؛ غر غره	baal rangane vaalaa rang
ज़बर्दस्त मज़ाक	آشوب؛ شورش	zabardast mazaak
फाड़ना	درانیدن؛ چاک دادن	phaaranaa
परिपक्व	رسیده؛ چیدنی	paripakv
उत्थान	بالا رفتن	utthaan
खड़ा पाइप	برخیزنده؛ بلند شونده	kharaa paaip
खड़ पट्ट	برخیزنده؛ بلند شونده	khar patt
ख़तरा	خطر؛ ریسک	khataraa
जोखिम भरा	پرخطر	jokhim bharaa
रीति	فرمان اساسی	riiti
रिवाज़	فرمان اساسی	rivaaz
संस्कार	آداب نماز	sanskaar
प्रतिस्पर्धी	رقیب	pratispardhii
बराबरी	رقابت؛ همچشمی	baraabarii
प्रतिद्वंद्विता	رقابت؛ همچشمی	pratidvandvitaa
नदी	رودخانه	nadii
सविता	رودخانه	savitaa
कीलक	پرچه؛ پرچ کردن	kiilak
रिबेट	پرچه؛ پرچ کردن	ribet
सड़क का किनारा	کنار جاده	sarak kaa kinaaraa
सड़क के किनारे का	کنار جاده	sarak ke kinaare kaa
सड़क मार्ग	شوسه؛ زمین جاده	sarak maarg
घूमना फिरना	پرسه زدن	ghuumanaa phiranaa
चितकबरा जानवर	تیماج؛ زرپور	chitakabaraa jaanavar
कबाब	برشتن؛ سرخ کردن	kabaab
रोस्ट	برشتن؛ سرخ کردن	rost
छीनना	سرقت کردن	chhiinanaa
डकैत	چپاولگر؛ غارتگر	dakait
डकैती	سرقت	dakaitii
लूट पाट	سرقت	luut paat
धमाल	راک (موسیقی)؛ صخره	dhamaal
पत्थर	راک (موسیقی)؛ صخره	patthar
प्रक्षेपात्र	موشک	prakshepaatr
बाण हवाई	موشک	baan havaaii
पथरीला	سنگی؛ صخرهای	pathariilaa
चट्टानी	سنگی؛ صخرهای	chattaanii
रोमन	رومی	roman
रोमी	رومی	romii
रोमान्स	عاشقانه	romaans
रोमानी	خیالپرست؛ غیر ممکن	romaanii
शीर्ष	سقف	shiirsh
यूथचारी काक	رخ؛ شاهرخ	yuuthachaarii kaak
सुमिरनी	تسبیح	sumiranii
जपमाला	تسبیح	japamaalaa
पाटलाकार प्ररचना	گل رز	paatalaakaar prarachanaa
सड़ना	پوسیدن؛ گندیدن	saranaa
सड़ाना	پوسیدن؛ گندیدن	saraanaa
घुमाना	چرخان؛ دوران کردن	ghumaanaa
आवर्तन	گشتن؛ چرخه	aavartan
रुखाई से	تقریباً	rukhaaii se
कर्कशता	زبری؛ ناصافی	karkashataa
भगदड़	هزیمت؛ تار و مار کردن	bhagadar
रयल्टी	حقالامتیاز؛ حق امتیاز	rayaltii
स्वमिलभ्य	حقالامتیاز؛ حق امتیاز	svamilabhy
रेती	لاستیک؛ لاستیکی	retii
पोंछा	لاستیک؛ لاستیکی	ponchhaa
रूबल	منات	ruubal
असभ्यतः	گستاخانه؛ باگستاخی	asabhyath
अशिष्टतः	گستاخانه؛ باگستاخی	ashishtath
ब्राह्मी	سداب	braahmii
फेंटना	ناصاف کردن	phentanaa
घबरा देना	ناصاف کردن	ghabaraa denaa
रम	عرق نیشکر	ram
अफ़वाह	چو؛ شایعه	afavaah
दौड़ना	دویدن	dauranaa
बेलगाम	دررفته؛ فراری	belagaam
भगोड़ा	دررفته؛ فراری	bhagoraa
सीढ़ी	اسپوک؛ پله نردبان	siirhii
सोपान	اسپوک؛ پله نردبان	sopaan
तस्कर	دونده	taskar
धावक	دونده	dhaavak
अत्यावश्यक	تازیدن؛ هجوم کردن	atyaavashyak
रूस	روسیه	ruus
रूसी	روسی؛ زبان روسی	ruusii
रूसवासी	روسی؛ زبان روسی	ruusavaasii
मोरचे का रंग	زنگ؛ زنگار	morache kaa rang
ज़ंग	زنگ؛ زنگار	zang
झड़झड़ाहट	خشخش؛ خش خش کردن	jharajharaahat
कामोन्माद	گشن؛ خط انداختن	kaamonmaad
ढर्रा	گشن؛ خط انداختن	dharraa
निर्दयतापूर्वक	ظالمانه؛ بیرحمانه	nirdayataapuurvak
राई	چاودار	raaii
राई{एक प्रकार का अनाज}	چاودار	raaii{ek prakaar kaa anaaj}
कटार	باشمشیر زدن	kataar
सेबल{नेवले की जाति का एक पशु}	سمور	sebala{nevale kii jaati kaa ek pashu}
लूटपाट	تبره؛ خورجین	luutapaat
दुखी होना	افسردن؛ افسرده کردن	dukhii honaa
दुःखी बनना	افسردن؛ افسرده کردن	duhkhii bananaa
दुर्भाग्यवश	با ناراحتی	durbhaagyavash
उदासी से	با ناراحتی	udaasii se
सुरक्षा करना	صیانت کردن؛ امن نگهداشتن	surakshaa karanaa / surakshit karanaa / bachaanaa
सुरक्षित करना/बचाना	صیانت کردن؛ امن نگهداشتن	surakshaa karanaa / surakshit karanaa / bachaanaa
केसर	زعفران؛ سورنجان	kesar
ज़ाफ़रान	زعفران؛ سورنجان	zaafaraan
ऋषि	عقلا	rishi
ज्ञानी	عقلا	gyaanii
बाणाकार	پیکانی	baanaakaar
सैजिटल	پیکانی	saijital
तैरना	دریانوردی کردن	tairanaa
जलयात्रा	دریانوردی	jalayaatraa
पाल नौकायन	دریانوردی	paal naukaayan
नाविक	ناوی؛ دریانورد	naavik
साकी	خاطر	saakii
खातिर	خاطر	khaatir
सलाद	سالاد	salaad
पगार	حقوق	pagaar
विक्रय	فروش	vikray
बिक्री	فروش	bikrii
विक्रेता	فروشنده	vikretaa / vikretaa / vikrayik
विक्रेता/विक्रयिक	فروشنده	vikretaa / vikretaa / vikrayik
खारा	نمک دار؛ درجه شوری	khaaraa
लवणीय	نمک دار؛ درجه شوری	lavaniiy
लार	تف؛ بزاق	laar
थूक	تف؛ بزاق	thuuk
सामन	ماهی آزاد	saaman / saaman / mridupakshaa
सामन/मृदुपक्षा	ماهی آزاد	saaman / saaman / mridupakshaa
प्रसाधनालय	آرایشگاه	prasaadhanaalay
संगोष्ठी	آرایشگاه	sangoshthii
स्वास्थ्यवर्धक	درودی؛ سلامت بخش	svaasthyavardhak
सलामी	سرلام کردن؛ سلام دادن	salaamii
सैम	سام	saim
समान/सदृश	یکسان	samaan / sadrish / samaan
सैम्पल	نمونه؛ الگو	saimpal
प्रतिदर्श	نمونه؛ الگو	pratidarsh
दण्ड	ضمانت اجراء	dand
अनुल्लंघनीयता	علو مقام	anullanghaniiyataa
गर्भगृह	بست؛ تحصن	garbhagrih
मृगवन	بست؛ تحصن	mrigavan
बालू	شن؛ ریگ	baaluu
बलुआ पत्थर	سنگ سیاه؛ ماسه سنگ	baluaa patthar / baluaa patthar / baalukaashm
बलुआ पत्थर/बालुकाश्म	سنگ سیاه؛ ماسه سنگ	baluaa patthar / baluaa patthar / baalukaashm
मेवा	ساندویچ	mevaa
कचौड़ी	ساندویچ	kachaurii
साफ़ सुथरा	بهداشتی؛ صحی	saaf sutharaa
स्वच्छता विषयक	بهداشتی؛ صحی	svachchhataa vishayak
सांता	پاپانول	saantaa
ज़मीन खोदना	شیره؛ شیره گیاهی	zamiin khodanaa
खत्म कर देना	شیره؛ شیره گیاهی	khatm kar denaa
व्यंग्य	کنایه؛ متلک	vyangy
व्यंग्यात्मक ढंग से	کنایه آمیز	vyangyaatmak dhang se
सार्कोमा	سارکوم؛ تومور بدخیم	saarkomaa
घातक अर्बुद	سارکوم؛ تومور بدخیم	ghaatak arbud
उपहासपूर्ण	کنایه آمیز	upahaasapuurn / katutaapuurn / nindaapuurn
कटुतापूर्ण/निन्दापूर्ण	کنایه آمیز	upahaasapuurn / katutaapuurn / nindaapuurn
कमरपेटी	ارسی	kamarapetii
गज़	ارسی	gaz
तृप्त करना	فرو نشاندن	tript karanaa
अनुषंगी	قمر؛ ماهواره	anushangii
साटन	اطلس؛ ساتین	saatan
साटन जैसा	اطلس؛ ساتین	saatan jaisaa
उपहासात्मक/व्यंग्यात्मक	هزلی	vyangyapuurn / upahaasaatmak / vyangyaatmak
व्यंग्यकार	طنز نویس	vyangyakaar
संतोषजनक	مرضی؛ رضایت بخش	santoshajanak
पसंदना	اداکردن؛ اقناع کردن	pasandanaa
पूरी तरह से भीगा हुआ	سیراب؛ سیر شده	puurii tarah se bhiigaa huaa
तर बतर	سیراب؛ سیر شده	tar batar
शनिवार	شنبه	shanivaar
ढिठाई	سس	dhithaaii
चटनी	سس	chatanii
ढेगची	ماهی تابه؛ روغن داغ کن	dhegachii
डेगची	ماهی تابه؛ روغن داغ کن	degachii
रकाबी	نعلبکی؛ بشقاب کوچک	rakaabii
तश्तरी	نعلبکی؛ بشقاب کوچک	tashtarii
चटपटा	با مزه؛ مورد پسند	chatapataa
चुन्नी	خاک اره	chunnii
बुरादा	خاک اره	buraadaa
सैक्सन	ساکسون	saiksan
सैक्सन्	ساکسون	saiksan
म्यान	نیام؛ غلاف شمشیر	myaan
मचान	داربست؛ چوب بست	machaan
पाड़	داربست؛ چوب بست	paar
गरम करना/उबालना	آب پز کردن	jalaanaa / garam karanaa / ubaalanaa
जयचिह्न	فرق سر	jayachihn
सिर की खाल	فرق سر	sir kii khaal
स्कैन	ور انداز کردن؛ اجمالا مرور کردن	skain
छंदबद्ध	ور انداز کردن؛ اجمالا مرور کردن	chhandabaddh
लोकापवाद	رسوایی	lokaapavaad
अनैतिक आचरण	رسوایی	anaitik aacharan
अवमानित	افتراآمیز	avamaanit
उद्वेगकारी	افتراآمیز	udvegakaarii
अल्प	غیر کافی	alp
विरल	غیر کافی	viral
हंसिया	استخوان پهن	hansiyaa
हंसुली	استخوان پهن	hansulii
डरना	ترساندن	daranaa
डरावन्	ترسیده	daraavan
दुपट्टा	شال؛ روسری	dupattaa
दहशतपूर्ण	ترسناک	dahashatapuurn
पटकथा	سناریو	patakathaa
दृश्य लेख	سناریو	drishy lekh
अविश्वासी	شکاک	avishvaasii
संशयवादी	شکاک	sanshayavaadii
पद्धति	نقشه طرح کردن	paddhati
फूट	اختلاف وتفرقهدرکلیسا	phuut / phuut / vichchhed
फूट/विच्छेद	اختلاف وتفرقهدرکلیسا	phuut / phuut / vichchhed
वृत्ति छात्र	محقق	vritti chhaatr
पाण्डित्य	بورسیه	paandity
विद्वत्ता	بورسیه	vidvattaa
स्कूली लड़का	پسر مدرسه؛ پسر مدرسه ای	skuulii larakaa
अध्यापक	مکتب دار؛ ناظم مدرسه	adhyaapak
कक्षा-कक्ष	اطاق درس	kakshaa-kaksh
स्कूनर	گاری سفری	skuunar
बड़ा गिलास	گاری سفری	baraa gilaas
वैज्ञानिक	علمی	vaigyaanik
विज्ञान संबंधी	علمی	vigyaan sanbandhii
तकनीक	مقراض؛ قطع کننده	takaniik
कैँची	مقراض؛ قطع کننده	kainchii
कलछी	چمچه؛ کج بیل	kalachhii
हतथा	چمچه؛ کج بیل	hatathaa
घृणा का पाट्र	استهزاء؛ خردانگاری	ghrinaa kaa paatr
स्कौटलैंड	اسکاتلند	skautalaind
बदमाश	ارقه	badamaash / badamaash / dusht
बदमाश/दुष्ट	ارقه	badamaash / badamaash / dusht
अभिशाप	وسیله تنبیه؛ غضب خداوند	abhishaap
बालचर	پیشاهنگ؛ پیشاهنگی کردن	baalachar
चपटी नाव	قایق تفریحی؛ وته پهن	chapatii naav
खुजलन	خراشیدن	khujalan
घसीट लिखावट	گشاد نشستن	ghasiit likhaavat
घसीटा लिखाई	گشاد نشستن	ghasiitaa likhaaii
चीखना	داد؛ جیغ	chiikhanaa
पर्दा	صفحه نمایش	pardaa
घसीटना	بد نوشتن	ghasiitanaa
धर्मग्रन्थ	کتاب آسمانی	dharmagranth
मार्जन करना	مالیدن؛ تیغستان	maarjan karanaa
रद्द कर देना	مالیدن؛ تیغستان	radd kar denaa
झिझखना	وسواس؛ نهی اخلاقی	jhijhakhanaa
बारीकी से देखना	مدقق؛ تدقیق	baariikii se dekhanaa
सूक्ष्म परीक्षण	مداقه؛ بررسی دقیق	suukshm pariikshan
हाथापाई	کشمکش کردن	haathaapaaii
छीना झपटी	کشمکش کردن	chhiinaa jhapatii
मूर्तिकार	حجار؛ صورتگر	muurtikaar
स्कल्प्टर तारामण्डल	حجار؛ صورتگر	skalptar taaraamandal
मूर्तिकला	مجسمهسازی	muurtikalaa
धक्कम धक्का	مسابقه کوتاه	dhakkam dhakkaa
छेद बनाना	ذغالدان؛ گام تند	chhed banaanaa
हँसिया	درو کردن؛ با داس بردن	hansiyaa
सीथियन	سیت	siithiyan
समुद्र तट	دریا کنار	samudr tat
मोहर	سیل؛ پلمب	mohar
सीवन	درزگیری کردن؛ درز گرفتن	siivan
बन्दर्गाह	بندر؛ دریابندر	bandargaah
समुद्र किनारा	کناره؛ دریاکنار	samudr kinaaraa
ऋतुनिष्ट	موسمی؛ فصلی	ritunisht
मौसमी	موسمی؛ فصلی	mausamii
बैठने की जगह	نشیمن؛ نشیمنگاه	baithane kii jagah
बिठाने का काम	نشیمن؛ نشیمنگاه	bithaane kaa kaam
अलग हो जाना	منتزع شدن	alag ho jaanaa
पृथकतावादी	جدارو	prithakataavaadii
अलगाववादी	جدارو	alagaavavaadii
एकांतता	عزلت؛ گوشه نشینی	ekaantataa
दूसरा/द्वितीय	ثانیه؛ دوم؛ دوم، ثانیه	duusaraa / dvitiiy / ghatiyaa
माध्यमिक	ثانویه؛ فرعی	maadhyamik
अवांतर	ثانویه؛ فرعی	avaantar
दूसरे	ثانیاً	duusare
सचिव	منشی	sachiv
स्रावित करना	ترشح کردن	sraavit karanaa
स्रवण	ترشح	sravan
रहस्यात्मक	پنهان کار	rahasyaatmak
गुप्ततः	سرا؛ دزدکی	guptath
वर्गीय	مقطعی؛ قطعه قطعه	vargiiy
शाखागत	مقطعی؛ قطعه قطعه	shaakhaagat
असांप्रदायिक	غیر روحانی	asaanpradaayik
गृहस्थ पादरी	غیر روحانی	grihasth paadarii
सुरक्षित करना	مصون؛ محفوظ	surakshit karanaa
ज़मानत	امان؛ امنیت	zamaanat
पालकी	تخت روان	paalakii
मोटरकार	تخت روان	motarakaar
स्थानबद्ध	نشسته؛ غیر متحرک	sthaanabaddh
अवसाद	جرم؛ رسوب	avasaad
राजद्रोह	فتنه؛ فتنه پراکنی	raajadroh
विद्रोहात्मक आचरण	فتنه؛ فتنه پراکنی	vidrohaatmak aacharan
विलप्वकारी	فتنهجو؛ مفسد	vilapvakaarii
सम्मोहक	فریبا؛ گمراه کننده	sammohak
बीज	دان؛ دانه	biij
खिलाड़ी	دان؛ دانه	khilaarii
लगना	به نظر رسیدن	laganaa / pratiit honaa / laganaa / jaan paranaa
प्रतीत होना/लगना/जान पड़ना	به نظر رسیدن	laganaa / pratiit honaa / laganaa / jaan paranaa
जाल मछली का	تور؛ سن	jaal machhalii kaa
शायद ही कभी	بندرت؛ به ندرت	shaayad hii kabhii
चुनना/छाँटना	پسندیدن؛ نشان کردن	chunanaa / chunanaa / chhaantanaa
चयन	انتخاب؛ گلچین	chayan
चयनात्मक	بهگزین؛ گزینشی	chayanaatmak
चयनशील	بهگزین؛ گزینشی	chayanashiil
स्वार्थ	نخوت؛ خودپسندی	svaarth
स्वार्थपरता	نخوت؛ خودپسندی	svaarthaparataa
बैकर्ता	فروشنده	baikartaa
वीर्य	منی؛ نطفه	viiry
मनी	منی؛ نطفه	manii
अर्ध	نصف شده	ardh
सेमीई	نصف شده	semii
बीजीय	نطفهای	biijiiy
शुक्रीय	نطفهای	shukriiy
सेमिनार	سمینار	seminaar
परिसंवाद	سمینار	parisanvaad
गुरुकुल	الحوزه؛ فیضیه	gurukul
धर्मप्रशिक्षणालय	الحوزه؛ فیضیه	dharmaprashikshanaalay
राज्यसभा	مجلس سنا	raajyasabhaa / siinet / adhisabhaa
सीनेट/अधिसभा	مجلس سنا	raajyasabhaa / siinet / adhisabhaa
सीनेटर	سناتور	siinetar
सेनेगल	سنگال	senegal
बुढ़ापा	پیری	burhaapaa
सठ्यापा	پیری	sathyaapaa
ज्येष्ठ	ارشد؛ بالارتبه	jyeshth
अपर	ارشد؛ بالارتبه	apar
वरीयता	ارشدیت	variiyataa
ज्येष्ठता	ارشدیت	jyeshthataa
संवेदनशीलता	احساس ودرک	sanvedanashiilataa
कोमल	حساس	komal
विषयासक्त	شهوانی؛ نفسانی	vishayaasakt
भावुकता	عاطفه	bhaavukataa
भावुकतापूर्ण	احساساتی	bhaavukataapuurn
जुदा	جدا	judaa
सितम्बर	سپتامبر	sitambar
पूतिक	پلشت؛ ماده عفونی	puutik
सड़नदार	پلشت؛ ماده عفونی	saranadaar
सर्बिया	صربستان	sarbiyaa
सर्बियाई	صربستانی؛ صرب	sarbiyaaii
हवलदार	گروهبان	havaladaar
सारजेन्ट	گروهبان	saarajent
प्रक्रम	سری	prakram
गंभीरता से	جدا؛ بی شوخی	ganbhiirataa se
गंभीर मसला	جدا؛ بی شوخی	ganbhiir masalaa
चिंताजनकता	جذبه؛ جد	chintaajanakataa
सीख	موعظه؛ روضه	siikh
धर्मोपदेश	موعظه؛ روضه	dharmopadesh
नाग	حیه؛ ماربزرگ	naag
साँप	حیه؛ ماربزرگ	saanp
सर्पिल	مارپیچ؛ مارپیچی	sarpil
दन्तुर/दंदानेदार	منغمز	daantedaar / dantur / dandaanedaar
पानी	سرم؛ خونابه	paanii
सीरम	سرم؛ خونابه	siiram
परोसना	خدمت کردن، سرو غذا	parosanaa
बैरा	کمک کننده	bairaa
सर्वर	کمک کننده	sarvar
जीहुज़ूरिया	شایسته نوکران	jiihuzuuriyaa
दासों का	شایسته نوکران	daason kaa
जीहुज़ूरियापन	نوکرمابی	jiihuzuuriyaapan
दासता	چاکری؛ بندگی	daasataa
ग़ुलामी	چاکری؛ بندگی	ghulaamii
शिकारी कुत्ता	گذارنده	shikaarii kuttaa
बनाने वाला	گذارنده	banaane vaalaa
अधिवासी	مهاجر	adhivaasii
सात	هفت	saat
सप्त	هفت	sapt
सत्रहअ	هفده	satraha
सप्तदशअ	هفده	saptadasha
सातवाँ	سابع؛ یک هفتم	saatavaan
सप्तम्	سابع؛ یک هفتم	saptam
सत्तर	هفتاد	sattar
सत्तरवा	هفتاد	sattaravaa
सादे ढंग से	به شدت	saade dhang se
सीना	دوختن؛ خیاطی کردن	siinaa
प्ना	دوختن؛ خیاطی کردن	pnaa
सिलाई	خیاطی؛ دوزندگی	silaaii
नपुंसक	خنثا	napunsak
क्लीब	خنثا	kliib
लैंगिक	جنسی؛ تناسلی	laingik
लैंगिकता	جنسیت؛ تمایلات جنسی	laingikataa
कामोत्तेजक	سکسی	kaamottejak / utejak / maadak
उतेजक , मादक	سکسی	kaamottejak / utejak / maadak
क्षुद्र	نخ نما	kshudr
छायादार	سایه دار؛ سایه افکن	chhaayaadaar
खनती	چوبه؛ مال بند	khanatii
कटाक्ष	چوبه؛ مال بند	kataaksh
रो	موی زبر	ro
सेक्स	موی زبر	seks
खुरदार	پر مو؛ مو دراز	khuradaar
शाह	شاه	shaah / baadashaah / shaah
बादशाह/शाह	شاه	shaah / baadashaah / shaah
गा,गे,गी	باید (فعل کمکی)	sitaaraa machhalii / gaa / ge / gii
छिछला	سطحی؛ تنکاب	chhichhalaa
हल्की	سطحی؛ تنکاب	halkii
बेशर्म	وقیح؛ بیعار	besharm
निर्लज्जतापूर्ण	وقیح؛ بیعار	nirlajjataapuurn
गढ़ा	شکل‌دار	garhaa
बेडौल	بیقالب؛ بی شکل	bedaul
सुडौल	خوش هیکل؛ خوش ترکیب	sudaul
हिस्सेदार	سهامدار؛ سهمدار	hissedaar
चंड	تیز؛ برنده	chand
तेज़ हो जाना	تراشیدن؛ تند کردن	tez ho jaanaa
कटुतापूर्वक	به شدت	katutaapuurvak
तीक्ष्णता से	به شدت	tiikshnataa se
मूड़ना	تراش؛ تراشیدن	muuranaa
वह{स्त्री}	او (زن)	vaha{strii}
गट्ठा/पुलिंदा	بافه؛ بافه کردن	gatthaa / gatthaa / pulindaa
कोष	غلاف؛ نیام	kosh
आच्छादित	غلافدار؛ نیامی	aachchhaadit
म्यान में रखा	غلافدار؛ نیامی	myaan men rakhaa
भेड़	گوسفند	bher
भेड़ जैसा	گوسفندی؛ گوسفندوار	bher jaisaa
खड़ा	یک راست؛ پارچه ظریف	kharaa
गड़रिया	چوپان؛ شبان	garariyaa
अविपाल	چوپان؛ شبان	avipaal
स्थानान्तरण	نوبت کار؛ نوبت کاری	sthaanaantaran
बढिया	برق؛ تابیدن	badhiyaa
जहाज़ी तख्ता	سوار کشتی؛ کنار کشتی	jahaazii takhtaa
जहाजा पर घटने वाला	سوار کشتی؛ کنار کشتی	jahaajaa par ghatane vaalaa
पोतनिर्माता	کشتیساز	potanirmaataa
पोतनिर्माण	کشتیسازی	potanirmaan
नौभार	محموله؛ مرسله	naubhaar
पोत लदान	محموله؛ مرسله	pot ladaan
पोतवणिक	مسافر کشتی؛ محموله کشتی	potavanik
जहाज़ से माल वितरण करने वाला	مسافر کشتی؛ محموله کشتی	jahaaz se maal vitaran karane vaalaa
पोतभंग	غرق کشتی؛ کشتی شکسته شدن	potabhang
टूटे हुए जहाज़ का	غرق کشتی؛ کشتی شکسته شدن	tuute hue jahaaz kaa
कमीज़	پیراهن	kamiiz
कँपकँअपी	لرزه؛ مورمور شدن	kanpakanapii
जूता पहना हुआ	نعل کفش	juutaa pahanaa huaa
नाल	کفش	naal
गोलीबारी	شلیک؛ تیراندازی	goliibaarii
दुकानदार	دکاندار؛ مغازه دار	dukaanadaar
खरीददारी	خرید	khariidadaarii
खरीदा हुआ सामान	خرید	khariidaa huaa saamaan
कतरा हुआ	پشم چیده	kataraa huaa
अविस्तीर्ण	کوتاه	avistiirn
अविलम्ब	به زودی	avilamb
अल्पावधि	کوتاه‌مدت	alpaavadhi
अल्पावधिक	کوتاه‌مدت	alpaavadhik
चाहिएएना	باید (فعل کمکی)	chaahieenaa
होताना	باید (فعل کمکی)	hotaanaa
बोतल	شانه	botal
ढकेलना	هل؛ تپاندن	dhakelanaa
शवल	بیل زدن؛ بیلچه زدن	shaval
बेलचा	بیل زدن؛ بیلچه زدن	belachaa
बम का टुकड़ा	گلوله افشان؛ گلوله انفجاری	bam kaa tukaraa
कतरन	تکه کردن؛ باریک بریدن	kataran
चिथड़ा	تکه کردن؛ باریک بریدن	chitharaa
झींगा	میگو	jhiingaa
झींगी	میگو	jhiingii
पावन धाम	ضریح؛ مرقد	paavan dhaam
पुण्य स्थल	ضریح؛ مرقد	puny sthal
झाड़ झंखाड़	درختچه زار	jhaar jhankhaar
हिलना	لرزه	hilanaa
अटकाना	بستن، بسته	atakaanaa
झिलमिली	پشت دری	jhilamilii
किवाड़	پشت دری	kivaar
शर्मीली	کمرو؛ خجالتی	sharmiilii
साइबेरिया	سیبریه؛ سیبری	saaiberiyaa
सहोदर	خواهر یا برادر	sahodar
सहोदर्	خواهر یا برادر	sahodar
बुरी तरह	بیمار کننده؛ بیزار کننده	burii tarah
दराँती	داسقاله؛ دهره	daraantii
फटकना	نخاله؛ بوجاری	phatakanaa
तरसना	آه کشیدن؛ آوخ کشیدن	tarasanaa
सरसराना	آه کشیدن؛ آوخ کشیدن	sarasaraanaa
हस्ताक्षर	امضا	hastaakshar
दस्तखत	امضا	dastakhat
अहम	مهم؛ پرمعنی	aham
ज़ाहीर करना	باشاره فهماندن	zaahiir karanaa
सन्नाटा	سکوت	sannaataa
रेशा	ابریشم؛ خامه	reshaa
रेशमी	ابریشمی؛ حریری	reshamii
रेशम सा नरम	ابریشمی؛ حریری	resham saa naram
रेशम कीट	کرم ابریشم؛ کرم پیله	resham kiit
रेशम कीड़ा	کرم ابریشم؛ کرم پیله	resham kiiraa
देहली	گسله بستری	dehalii
सिल	گسله بستری	sil
बेवकूफ़ी	خری	bevakuufii
नासमझ	مهمل؛ نافهم	naasamajh
सुमधुर	نقره، نقره‌ای	sumadhur
चाँदी के बर्तन	نقره آلات	chaandii ke bartan
चाँदी के सामान	نقره آلات	chaandii ke saamaan
रुपहला	سیمگون؛ سیم اندود	rupahalaa
समनता	شباهت؛ تشابه	samanataa
साइमन	شمعون	saaiman
सहजता	سادگی	sahajataa
सरलीकृत करना	ساده کردن	saraliikrit karanaa
एक साथ हुआ	همزمان؛ مقارن	ek saath huaa
एक साथ	همزمان؛ به طور همزمان	ek saath
भवदीय	صمیمانه؛ صادقانه	bhavadiiy
गुनहगार	عاصی؛ فاجر	gunahagaar
गाना	آواز خواندن	gaanaa
गायक	خواننده	gaayak
गायिका	خواننده	gaayikaa
भेद खोलना	آواز خواندن	bhed kholanaa
एक/एक ही/एकमात्र	مجرد، تک	ek / ek hii / ekamaatr / chunanaa
एक एक करके	منفردا؛ یک یک	ek ek karake
एकवचन	تکین	ekavachan
विलक्षणता	تکینی	vilakshanataa
लहरदार	گمراه کننده	laharadaar
साइनस	سینوس؛ معصره	saainas
शिरानाल	سینوس؛ معصره	shiraanaal
घूँट लेना	جرعه؛ مزمزه	ghuunt lenaa
बहन	خواهر	bahan
स्थल	سایت	sthal
छः	شش	chhh
सोलह	شانزده	solah
छठा	سادس؛ سدس	chhathaa
छठां	سادس؛ سدس	chhathaan
साठ	شصت	saath
संशयवाद	دیرباوری	sanshayavaad
स्की	اسکی، اسکی کردن	skii
स्कीइंग का	اسکی، اسکی کردن	skiing kaa
स्कीइंग	اسکی	skiing
कौशलपूर्ण	ماهر	kaushalapuurn
कप्तान	ناخدای کشتی	kaptaan / kaptaan / naayak
कप्तान/नायक	ناخدای کشتی	kaptaan / kaptaan / naayak
घाघरा	دامن	ghaagharaa
खर्पर	جمجمه	kharpar
कपाल	عرقچین؛ کلاه بره	kapaal
मौसम	آسمان	mausam
रोशनदान	پنجره طاق	roshanadaan / jharokhaa / roshanadaan / vaataayan
झरोखा/रोशनदान/वातायन	پنجره طاق	roshanadaan / jharokhaa / roshanadaan / vaataayan
आकाश की ओर	به‌طرف آسمان	aakaash kii or
मार ड़ालना	مقتول	maar raalanaa
मारा गया	مقتول	maaraa gayaa
स्लैम नृत्य	بهمکوفتن؛ ضربت سنگین	slaim nrity
मानहानि	افترا؛ ذم	maanahaani
मिथ्यापवाद	افترا؛ ذم	mithyaapavaad
शिष्टेतर भाषा	عامیانه؛ اصطلاح عامیانه	shishtetar bhaashaa
तिरछापन	اریب	tirachhaapan
पटक देना	چک؛ سیلی	patak denaa
थप्पड़ मारना	چک؛ سیلی	thappar maaranaa
टना	نشان ممیز؛ خیلی کم کردن	tanaa
स्लेट	تورق؛ پلمه	slet
स्लेट की पट्टी	تورق؛ پلمه	slet kii pattii
पशुवध	کشتار؛ خونریزی	pashuvadh
स्लाव	اسلاو؛ اسلاو زبان	slaav
स्लावभाषी	اسلاو؛ اسلاو زبان	slaavabhaashii
गुलामी	برده‌داری؛ بندگی	gulaamii
दासवत्	غلام صحت	daasavat
स्लेज	سورتمه راندن	slej
हथौड़े से मारना	سورتمه راندن	hathaure se maaranaa
सोना	خواب؛ خوابیدن	sonaa
निद्रारहित	بی خواب	nidraarahit
निद्राजनक	خواب آلود	nidraajanak
आस्तीन	آستین	aastiin
फिसलन	سرسره؛ سراندن	phisalan
चिपचिपा पदार्थ	لجن؛ خره	chipachipaa padaarth
कीचड़ में लथपथ करना	لجن؛ خره	kiichar men lathapath karanaa
गुलेल	قلاب سنگ؛ سنگ قلاب	gulel
स्लीपर	کفش راحتی؛ دم پائی	sliipar
फिसलने वाला	کفش راحتی؛ دم پائی	phisalane vaalaa
काट	چاک	kaat
प्रचार वाक्य	شعار	prachaar vaaky
एक मस्तूलवाला ज़हाज़	قایق جنگی	ek mastuulavaalaa zahaaz
जूठन	شلوار گشاد؛ آشغال خوری	juuthan
ढलान	شیب؛ دامنه	dhalaan
केंचुल उतरना	خشک ریشه	kenchul utaranaa
केंचुल उतारना	خشک ریشه	kenchul utaaranaa
मंद गति वाला	آهسته	mand gati vaalaa
आहिस्ता	به آرامی	aahistaa
मंद गति	کندی؛ تانی	mand gati
नींद	چرت زدن؛ پینکی زدن	niind
अल्पनिद्रा	چرت زدن؛ پینکی زدن	alpanidraa
मंदी	زمین باتلاقی؛ کاهش فعالیت	mandii
तेजी से	ماچ صدادار؛ باصدا غذاخوردن	tejii se
चेचक	آبله	chechak
बड़ी माता	آبله	barii maataa
अकलबीर	زرنگ؛ زیرک	akalabiir / svachchh / suvyavasthit
स्वच्छ/सुव्यवस्थित	زرنگ؛ زیرک	akalabiir / svachchh / suvyavasthit
स्मार्टफ़ोन	گوشی هوشمند	smaartafon
आकर्षक व्यक्ति	خرکننده؛ درهم شکننده	aakarshak vyakti
महक	بو، بو کردن	mahak
पिघलना/गलाना	گداخته شدن	pighalaanaa / pighalanaa / galaanaa
मुस्कान	لبخند، لبخند زدن	muskaan / muskaraahat / muskaan
मुस्कराहट/मुस्कान	لبخند، لبخند زدن	muskaan / muskaraahat / muskaan
धूम्रमुक्त	بی دود	dhuumramukt
धूमहीन	بی دود	dhuumahiin
धूम्रकक्ष	سیگاری؛ اهل دود	dhuumrakaksh
पुरुष गोष्ठी	سیگاری؛ اهل دود	purush goshthii
धूम्रपान	سیگار کشیدن	dhuumrapaan
धुम्रपान	سیگار کشیدن	dhumrapaan
रंदा	صافکار	randaa
चिकनापन	روانی؛ صافی	chikanaapan
तस्करी	قاچاق؛ خفیه فروشی	taskarii
चौर्यपणन	قاچاق؛ خفیه فروشی	chauryapanan
अल्पाहार	ته بندی	alpaahaar / alpaahaar / halkaa naashataa
अल्पाहार/हल्का नाशता	ته بندی	alpaahaar / alpaahaar / halkaa naashataa
घोंघा	حلزون؛ لیسه	ghonghaa
घोंघे एकत्र करना	حلزون؛ لیسه	ghonghe ekatr karanaa
टूटना	بشکن؛ شتابزدگی	tuutanaa
गुर्राना	بشکن؛ شتابزدگی	gurraanaa
जाल में फसाना	تله؛ با تله گرفتن	jaal men phasaanaa
व्यंग्यात्मक मुस्कान	پوزخند؛ نیشخند	vyangyaatmak muskaan
सूंघना	بوکشیدن؛ فن فن کردن	suunghanaa
नाक सुड़कना	بوکشیدن؛ فن فن کردن	naak surakanaa
खर्राटा	خرخر؛ خرخره	kharraataa
खराटे	خرخر؛ خرخره	kharaate
फटफटाना	زفیر کشیدن	phataphataanaa
फुनफुनाना	زفیر کشیدن	phunaphunaanaa
टोंटी	پوزه؛ سرلوله آب	tontii
कोकीन	برف، برف باریدن	kokiin
हिमाच्छादित	برفی	himaachchhaadit
बर्फ़ानी	برفی	barfaanii
भिगोना	آغشتن؛ خیساندن	bhigonaa
सोखना	آغشتن؛ خیساندن	sokhanaa
साबुन	صابون	saabun
साबुन लगाना	صابون	saabun lagaanaa
बहुत बढ़ना	اوج گرفتن؛ بلند پرواز کردن	bahut barhanaa
सिसकना	بغض گریه	sisakanaa
फुटबाल	فوتبال	phutabaal
सामाजिक	اجتماعی	saamaajik
समाजवाद	سوسیالیسم؛ سوسیالیزم	samaajavaad
समाजवादी	سوسیالیست؛ سوسیالیستی	samaajavaadii
समाज विज्ञान	انسان شناسی؛ جامعه شناسی	samaaj vigyaan
समाज शास्त्र	انسان شناسی؛ جامعه شناسی	samaaj shaastr
मोज़ा	جوراب	mozaa
वात दिग्दर्शक	جوراب	vaat digdarshak
कोटर	سرپیچ؛ بوشن	kotar
गिला और भारी	نیم پخته؛ چروکیده وپژمرده	gilaa aur bhaarii
सोडियम	سدیم؛ سودیوم	sodiyam
क्षारातु	سدیم؛ سودیوم	kshaaraatu
सोफ़ा	نیمکت؛ کاناپه	sofaa
नरम करना	نرم کردن؛ شیرین کردن	naram karanaa
हल्का सा	بارامی؛ نرم نرمک	halkaa saa
सफ़्टवेयर	نرم افزار	saftaveyar
सॉफ्टवेयर	نرم افزار	sophtaveyar
अवस्थान	موقتا اقامت کردن	avasthaan
ढाढ़स	مایه تسلی	dhaarhas
सूर्य	آفتابی؛ شمسی	suury
सौर	آفتابی؛ شمسی	saur
झालना	لحیم؛ لحیم کردن	jhaalanaa
झालन	لحیم؛ لحیم کردن	jhaalan
तल्ला	کف پا؛ تخت کفش	tallaa
याचक	خواهنده	yaachak
घनीभूत/ठोस	محکم؛ استوار	ghaniibhuut / thos / pakkaa
पूर्ण एकता	همبستگی؛ بهم پیوستگی	puurn ekataa
एकान्त	گوشه نشین	ekaant
अकेले	تک	akele
एकल	تک	ekal
सोलोमन	سلیمان؛ صلح دوست	soloman
सुलेमान	سلیمان؛ صلح دوست	sulemaan
समाधेय	حلپذیر؛ قابل حل	samaadhey
सुलझ्जाना	حل کردن	sulajhjaanaa
अपने ऋण चुकाने में समर्थ	حلال؛ مایع محلل	apane rin chukaane men samarth
संपन्न	حلال؛ مایع محلل	sanpann
कोई{व्यक्ति}	کسی	koii{vyakti}
जैसे तैसे	به نحوی	jaise taise
किसी तरह से	به نحوی	kisii tarah se
बड़ा आदमी	کسی	baraa aadamii
कभी कभी	گاهی اوقات	kabhii kabhii
कभी भी	گاهی اوقات	kabhii bhii
कहाँ	جایی	kahaan
कालिख	دوده؛ دودهای کردن	kaalikh
कालिळ भरा	دودهای	kaaliळ bharaa
कालिख जैस्	دودهای	kaalikh jais
नाराज़	ریشناک؛ جای زخم	naaraaz
कष्टप्रद	ریشناک؛ جای زخم	kashtaprad
कष्टपूर्वक	به‌سختی	kashtapuurvak
सौरेल	ریواس؛ ترشک	saurel
{एक प्रकार का खट्टा मीठा पौधा}	ریواس؛ ترشک	{ek prakaar kaa khattaa miithaa paudhaa}
दुःख/शोक	غم؛ غصه	shok / duhkh / shok
शोकसंतृप्त	غمگین؛ غمافزا	shokasantript
शोरबा	سوپ	shorabaa
स्रोत	منبع	srot
दक्षिणी	جنوب	dakshinii
दक्षिण	جنوب	dakshin
दक्षिण पूर्वी	جنوب شرقی؛ جنوب شرق	dakshin puurvii
दक्षिण पूर्व	جنوب شرقی؛ جنوب شرق	dakshin puurv
दक्षिणी अमरीकी	جنوبی	dakshinii amariikii
दक्षिण दिशा	به‌سوی جنوب	dakshin dishaa
दक्षिण पश्चिम	جنوب غربی	dakshin pashchim
दक्षिण पश्चिमी	جنوب غربی	dakshin pashchimii
निशानी	یادگار؛ تحفه	nishaanii
आधिपत्य	شاهی؛ خداوندی	aadhipaty
बोना	خوک ماده؛ ماده خوک	bonaa
रोपना	خوک ماده؛ ماده خوک	ropanaa
स्पेन	اندلس؛ اسپانی	spen
स्पेनी व्यक्ति	اسپانیولی	spenii vyakti
स्पेनी	اسپانیولی؛ اسپانیایی	spenii
स्पेन का	اسپانیولی؛ اسپانیایی	spen kaa
कारण बनना	جرقه؛ اخگر	kaaran bananaa
गौरैया	گنجشک	gauraiyaa
एक प्रकार की छोटी चिड़िया	گنجشک	ek prakaar kii chhotii chiriyaa
संस्तंभी	انقباضی	sanstanbhii
ताली बजाना	بچهحلزون	taalii bajaanaa
स्थानिक	فاصلهای	sthaanik
आकीशीय	فاصلهای	aakiishiiy
बरछा	نیزه؛ سنان	barachhaa
विशेषज्ञ	متخصص؛ ویژهگر	visheshagy
विशेष जानकार	متخصص؛ ویژهگر	vishesh jaanakaar
विशेषज्ञता प्राप्त करना	تخصص یافتن	visheshagyataa praapt karanaa / visheshagy bananaa / vishesh adhyayan karanaa
विशेषज्ञ बनना/विशेष अध्ययन करना	تخصص یافتن	visheshagyataa praapt karanaa / visheshagy bananaa / vishesh adhyayan karanaa
विशेष तरह का	تخصصی	vishesh tarah kaa
विशेषीकृत	تخصصی	visheshiikrit
खासतौर	خاص	khaasataur / vishisht / nirdisht
विशिष्ट/निर्दिष्ट	خاص	khaasataur / vishisht / nirdisht
विशेष विवरण	مشخصه؛ تصریح	vishesh vivaran
विस्तृत विवरण देना	مشخص کردن	vistrit vivaran denaa
विशेष विवरण देना	مشخص کردن	vishesh vivaran denaa
अजीब आदमी	نمونه	ajiib aadamii
अच्छी प्रदर्शन/शानदार	تماشایی	achchhii pradarshan / shaanadaar / asaadhaaran
तरंग	طیف؛ بیناب	tarang
अंदाज़ लगाना	حدس و گمان زدن	andaaz lagaanaa
सटोरिया	زمین خوار؛ سفته باز	satoriyaa
अटकलबाज़	زمین خوار؛ سفته باز	atakalabaaz
अवाक्	بی حرف؛ بی جواب	avaak
वर्तनी	هجی	vartanii
वर्णविन्यास	هجی	varnavinyaas
बिताना	خرج کردن، گذراندن	bitaanaa
प्रयुक्त	مصروف؛ رها شده	prayukt
स्फ़िंक्स	ابوالهول؛ سینه زن	sfinks
नरसिंही मूर्ति	ابوالهول؛ سینه زن	narasinhii muurti
चटपटापन	ادویه	chatapataapan
मकडा	عنکبوت	makadaa
मकड़ी	عنکبوت	makarii
छलकाव	ریختن	chhalakaav
अधिप्लव मार्ग	ریختن	adhiplav maarg
घुमना	چرخان؛ ریس	ghumanaa
रीढ़ से सम्बन्धित	صلبی؛ شوکی	riirh se sambandhit
मेरुदण्डीय	صلبی؛ شوکی	merudandiiy
तंतु	دوک	tantu
मेरुदण्ड	تیره پشت؛ ستون فقرات	merudand
कुंडलीदार	حلزونی؛ مارپیچ رفتن	kundaliidaar
कुंडली	حلزونی؛ مارپیچ رفتن	kundalii
आध्यात्मिकता	روحانیت؛ معنویت	aadhyaatmikataa
चर्च की संपत्ति	روحانیت؛ معنویت	charch kii sanpatti
आध्यात्मिक रूप से	روحا؛ غیر مادی	aadhyaatmik ruup se
अध्यात्म की दृष्टि से	روحا؛ غیر مادی	adhyaatm kii drishti se
बकना	تف؛ خدو	bakanaa
उजागर	باشکوه؛ باجلال	ujaagar
भव्यता	کوکبه؛ زرق وبرق	bhavyataa
प्लीहज	اسپرزی؛ طحالی	pliihaj
तिल्ली का	اسپرزی؛ طحالی	tillii kaa
खपच्ची	جبیره؛ آهن نبشی	khapachchii
कमठी	جبیره؛ آهن نبشی	kamathii
विभाजक	شکافنده؛ شکاف دهنده	vibhaajak
फाड़ने वाला	شکافنده؛ شکاف دهنده	phaarane vaalaa
महिला प्रवक्ता	سخنگو (زن)	mahilaa pravaktaa
स्पंज	ابر؛ لیف	spanj / spanj / samudrasokh
स्पंज/समुद्रसोख	ابر؛ لیف	spanj / spanj / samudrasokh
स्पंज के समान	لیفی؛ اسفنجی	spanj ke samaan
प्रतिभू	ضامن؛ متقبل	pratibhuu
प्रायोजक	حمایت مالی	praayojak
प्रायोजकता	حمایت مالی	praayojakataa
उच्छानुरूप	ناخودآگاه؛ خودبخود	uchchhaanuruup
चम्मच	قاشق	chammach
चम्मच से लेना	قاشق	chammach se lenaa
छिटपुट	گاهبگاه	chhitaput
यत्रतत्रिक	گاهبگاه	yatratatrik
बीजाणु	هاگ؛ هاگ آوردن	biijaanu
जीवाणु जो बढ़कर एक नया प्राणी हो जाता है	هاگ؛ هاگ آوردن	jiivaanu jo barhakar ek nayaa praanii ho jaataa hai
खेल भावनायुक्त	ورزشی	khel bhaavanaayukt
निष्पप्ष भावना के स्था खेलने वाला खिलाड़ी	ورزشکار؛ ورزش دوست	nishpapsh bhaavanaa ke sthaa khelane vaalaa khilaarii
बेदाग	بی لکه؛ بی خال	bedaag
मोच	رگ کردن؛ بدرد آوردن	moch
मोच आना	رگ کردن؛ بدرد آوردن	moch aanaa
बेतरतीबी से फैला हुआ	گل و گشاد	betaratiibii se phailaa huaa
लचक	بهار	lachak
वसन्त ऋतु	بهار زندگانی	vasant ritu
उगाना	جوانه؛ جوانه زدن	ugaanaa
सजा सँवरा	صنوبر	sajaa sanvaraa
फ़र वृक्ष	صنوبر	far vriksh
स्क्वड्रन	بهادران	skvadran
थलसेना की टुकड़ी	بهادران	thalasenaa kii tukarii
अनैतिकतापूर्ण	بد ظاهر	anaitikataapuurn
शल्की	فلس دار	shalkii
स्क्वैमस	فلس دار	skvaimas
उड़ा देना	تبذیر کردن؛ اسراف کردن	uraa denaa
गँवा देना	تبذیر کردن؛ اسراف کردن	ganvaa denaa
ठिंगना	قوز کردن؛ چاق وخپل	thinganaa
गोल मटोल	قوز کردن؛ چاق وخپل	gol matol
जागीरदार	ملاک عمده	jaagiiradaar
गिलहरी	سنجاب	gilaharii
मार	چاقو زدن؛ زخم چاقو	maar
स्टेडियम	ورزشگاه؛ میدان ورزش	stediyam / stediyam / maidaan
स्टेडियम्/मैदान	ورزشگاه؛ میدان ورزش	stediyam / stediyam / maidaan
घोड़ागाड़ी	دلیجان	ghoraagaarii
लड़खड़ाना	گیج خوردن؛ یله رفتن	larakharaanaa
विचलित करना	گیج خوردن؛ یله رفتن	vichalit karanaa
अभिरंजक	لکه؛ شایبه	abhiranjak
सीढी का	پله	siidhii kaa
खूँटा	وتد؛ اخیه	khuuntaa
शेयर	وتد؛ اخیه	sheyar
बासी	بیات؛ بیات کردن	baasii
छान मारना	ساقه؛ ساق	chhaan maaranaa
अश्व	نریان؛ اسب نر	ashv
स्टैलियन	نریان؛ اسب نر	stailiyan
ठप्पा	تمبر، مهر	thappaa
रवैया	موضع	ravaiyaa
खड़ा होना	ایستادن	kharaa honaa
स्टैंड	ایستادن	staind
मान्य	علامت؛ عیار	maany
गतिरोध	سکته؛ لنگی	gatirodh
कलफ़	نشاسته؛ آهار	kalaf
माड़ी	نشاسته؛ آهار	maarii
घूरना	خیره شدن؛ خیره نگریستن	ghuuranaa
एकटक देखना	خیره شدن؛ خیره نگریستن	ekatak dekhanaa
नक्षत्र रोशनी	نور ستاره	nakshatr roshanii
तारों का प्रकाश	نور ستاره	taaron kaa prakaash
तारामय	پرستاره	taaraamay
तारों भरा	پرستاره	taaron bharaa
चौंकाना	زدگی؛ رمانیدن	chaunkaanaa
चौंक जाना	زدگی؛ رمانیدن	chaunk jaanaa
भुखमरी	گرسنگی؛ قحطی	bhukhamarii
भूख लगना	گرسنه ماندن	bhuukh laganaa
भूखा मरना	گرسنه ماندن	bhuukhaa maranaa
शासन कला	ملک داری؛ کشور داری	shaasan kalaa
राजनीतिमत्ता	دنیاداری	raajaniitimattaa
दर्जा	ایستگاه	darjaa
सांख्यिकीय	احسائی؛ آماری	saankhyikiiy
सांख्यिकी	ارقام؛ آمار	saankhyikii
मूर्तिवत्	شبیه مجسمه؛ مجسمه وار	muurtivat
महत्ता	قدر وقیمت	mahattaa
कद	قدر وقیمت	kad
संवैधानिक	طبق قانون	sanvaidhaanik
बदले में	مفید بودن	badale men
स्थिरतापूर्वक	به طور پیوسته	sthirataapuurvak
अविचल	محکم؛ استوار	avichal
चुराना	دزدیدن	churaanaa
चोरी करना	دزدیدن	chorii karanaa
वाष्प	بخار	vaashp
भाप	بخار	bhaap
अगिनबोट	قایق بخاری	aginabot
स्टीमबोट	قایق بخاری	stiimabot
स्टीमर	ماشین بخار	stiimar
भाप से पकाने का पात्र	ماشین بخار	bhaap se pakaane kaa paatr
अच्छी जाति का घोड़ा	توسن؛ وسیله نقلیه	achchhii jaati kaa ghoraa
फौलाद	فولاد؛ فولادی	phaulaad
स्टील	فولاد؛ فولادی	stiil
तना	ریشه؛ ساقه	tanaa
दुर्गन्ध	تعفن؛ زهم	durgandh
स्टेंसिल	استنسیل؛ استنسیل کردن	stensil
स्टेंसिल से बना डिज़ाइन	استنسیل؛ استنسیل کردن	stensil se banaa dizaain
कठबेटी	نادختری؛ دختر خوانده	kathabetii
सौतेली बेटी	نادختری؛ دختر خوانده	sautelii betii
सौतेला बाप	ناپدری؛ پدراندر	sautelaa baap
मैभा	نامادر؛ مادرخوانده	maibhaa
मातृका	نامادر؛ مادرخوانده	maatrikaa
घाँस का मैदान	استپ	ghaans kaa maidaan
निष्फलता	عقیمی؛ سترونی	nishphalataa
बाँझपन	عقیمی؛ سترونی	baanjhapan
सख्ती	عبوسی	sakhtii
आला	گوشی	aalaa
उरवीक्ष	گوشی	uraviiksh
ज़हाज़ से माल उतारने चढ़ाने वाला मज़दूर	بارگیری وباراندازی کردن	zahaaz se maal utaarane charhaane vaalaa mazaduur
स्ट्यू	خورش؛ دم کردن	styuu
दमपुख़्त	خورش؛ دم کردن	damapukht
मजबूत करना	شق کردن؛ سیخ شدن	majabuut karanaa
मजबूत होना	شق کردن؛ سیخ شدن	majabuut honaa
पैड़ी	سنگچین	pairii
अभी भी	هنوز	abhii bhii
पवनरहितता	ناروانی؛ بی حرکتی	pavanarahitataa
प्रेरक	محرک؛ ماده محرک	prerak
ज़रा सा	زفت؛ ممسک	zaraa saa
बदबू	بودادن؛ بدبو کردن	badabuu
टिटहरी	بقناعت واداشتن	titaharii
कार्यावधि	بقناعت واداشتن	kaaryaavadhi
अपेक्षा करना	مصرح	apekshaa karanaa
कंकड़	سنگ	kankar
पायदान	کرسی؛ عسلی	paayadaan
नीचे गिरना	دولاشدن؛ خشوع کردن	niiche giranaa
संचयन	مخزن؛ انبارش	sanchayan
संग्रहअ	مخزن؛ انبارش	sangraha
संचय	فروشگاه	sanchay
तापक	اجاق؛ تون	taapak
सीधा करना	راست کردن؛ مستقیم شدن	siidhaa karanaa
जलडमरूमध्य	تنگه؛ بغاز	jaladamaruumadhy
तंगहाली	تنگه؛ بغاز	tangahaalii
अनभिज्ञता	غرابت	anabhigyataa
अजनबीपन	غرابت	ajanabiipan
अपरिचित	غیر؛ بیگانه	aparichit
अजनबी	غیر؛ بیگانه	ajanabii
गला घोंट कर हत्या	اختناق	galaa ghont kar hatyaa
गला घोंटना	اختناق	galaa ghontanaa
कोड़ा मारना	تسمه؛ تسمه زدن	koraa maaranaa
पट्टी बंधना	تسمه؛ تسمه زدن	pattii bandhanaa
कूटनीतिक	سوقالجیشی؛ استراتژیک	kuutaniitik
युद्ध कला विशारद	رزمآرا	yuddh kalaa vishaarad
स्तरीय	رگه دار	stariiy
स्तरित	رگه دار	starit
भूसा	کاه؛ خس	bhuusaa
पुआल	کاه؛ خس	puaal
झरबेर	چلم؛ توت فرنگی	jharaber
हिसालू	چلم؛ توت فرنگی	hisaaluu
भटक जाना	ضلالت؛ بیراهه روی	bhatak jaanaa
सड़क	خیابان	sarak
लंब	برانکار؛ بسط یابنده	lanb
चौखटा	برانکار؛ بسط یابنده	chaukhataa
दुःखी	دچار؛ مصیبت زده	duhkhii
सिर्फ़	به شدت	sirf
बाध्यता	ضیق؛ سخت گیری	baadhyataa
कटु आलोचना	ضیق؛ سخت گیری	katu aalochanaa
लम्बे डग	گام؛ شلنگ	lambe dag
आघातक	اعتصابی؛ اعتصابگر	aaghaatak
प्रहारक	اعتصابی؛ اعتصابگر	prahaarak
धारीदार	راهراه؛ خطدار	dhaariidaar
प्रयास करना	جدیت کردن	prayaas karanaa
मंथर चाल	گرد؛ گردیدن	manthar chaal
चहल कदमी	گرد؛ گردیدن	chahal kadamii
आधारी ऊतक	بافت بنیادی	aadhaarii uutak
स्ट्रोमा	بافت بنیادی	stromaa
काफ़ी	شدیدا	kaafii
दृढ़ता से	شدیدا	drirhataa se
संरचनात्मक	ساختمانی	sanrachanaatmak
टेक	خرامیدن	tek
अकड़ की चल	خرامیدن	akar kii chal
ठूँठ	ته ریش؛ ریش زبر	thuunth
खूँटी	ته ریش؛ ریش زبر	khuuntii
हठधर्मितापूर्वक	لجوجانه	hathadharmitaapuurvak
अड़ियल ढंग से	لجوجانه	ariyal dhang se
गोल मटोल/छोटा मोटा	سیخ سیخ	gol matol / gol matol / chhotaa motaa
फ़िदा	چسبیده؛ چسباننده	fidaa
चिपकाया	چسبیده؛ چسباننده	chipakaayaa
अश्वशाला	ایلخی؛ گل میخ	ashvashaalaa
बीजाश्व	ایلخی؛ گل میخ	biijaashv
छात्र	دانش آموز	chhaatr
छात्रा	دانش آموز	chhaatraa
गृह	اتاقکار؛ هنرکده	grih
शिल्पशाला	اتاقکار؛ هنرکده	shilpashaalaa
अध्ययनशील	جاهد؛ کتاب خوان	adhyayanashiil
सतर्कतापूर्ण	جاهد؛ کتاب خوان	satarkataapuurn
भौंचक्का	خیره شدن؛ بهت زده	bhaunchakkaa
हैरानी भरा	خیره شدن؛ بهت زده	hairaanii bharaa
गधापन	خرف؛ حماقت	gadhaapan
अर्धचेतनावस्था	گیجی؛ کند ذهنی	ardhachetanaavasthaa
खोबार	شعیره؛ در طویله قرار دادن	khobaar
बिलनी	شعیره؛ در طویله قرار دادن	bilanii
उपतीव्र	زیرحاد	upatiivr
उपविभाग	بخشیزه؛ زیرقسمت	upavibhaag
प्रविभाजन	بخشیزه؛ زیرقسمت	pravibhaajan
पनडुब्बी	زیردریایی؛ تحت البحری	panadubbii
अंतःसागरी	زیردریایی؛ تحت البحری	antahsaagarii
विनम्र	مطیع؛ خاشع	vinamr
अधीन	تابع؛ زیردست	adhiin
पराधीनता	مادونی؛ فرمان برداری	paraadhiinataa
मँगाना	اشتراک کردن؛ مشترک شدن	mangaanaa
चंदा देना	اشتراک کردن؛ مشترک شدن	chandaa denaa
पश्चातवर्ती	بعدی	pashchaatavartii
आर्थिक सहायता	کمک مالی؛ کمک هزینه	aarthik sahaayataa
जीवित रहना	گذران کردن	jiivit rahanaa
गुज़र बसर	معاش؛ گذران	guzar basar
पृष्ट आधारवाला	شبیه اسم؛ مقدار زیاد	prisht aadhaaravaalaa
विधिवत प्रस्तावित	شبیه اسم؛ مقدار زیاد	vidhivat prastaavit
स्थानापन्न	عوض؛ جانشین	sthaanaapann
प्रतिस्थापन	جانشینی؛ جانشین سازی	pratisthaapan
स्थानापन्नता	جانشینی؛ جانشین سازی	sthaanaapannataa
उपनगर{शहर के समीपवर्ति आबादी क्षेत्र}	حومه شهر	upanagara{shahar ke samiipavarti aabaadii kshetr}
सफल होना	موفق شدن	saphal honaa
कामयाब होना	موفق شدن	kaamayaab honaa
सफलतापूर्वक	به موفقیت؛ با موفقیت	saphalataapuurvak
वारिस	جانشین؛ خلف	vaaris
अइसन	چنین	aisan
चुसना	مکیدن؛ مک زدن	chusanaa
दूध पिलाना	شیر خوار؛ بچه شیری	duudh pilaanaa
दूध पीना	شیر خوار؛ بچه شیری	duudh piinaa
चूषण	مکش	chuushan
सक्शन	مکش	sakshan
अकस्मात्	ناگهان	akasmaat
उसूलों की खातिर कष्ट उठाने वाला	متحمل؛ درد کش	usuulon kii khaatir kasht uthaane vaalaa
काफ़ी होना	کفایت کردن؛ کافی بودن	kaafii honaa
पर्याप्त होना	کفایت کردن؛ کافی بودن	paryaapt honaa
घुटन भरा	گلو گیر	ghutan bharaa
श्वासरोध	اختناق؛ خفقان	shvaasarodh
दम घुटना	اختناق؛ خفقان	dam ghutanaa
शर्करा	شکر	sharkaraa
शार्करिक	شکری؛ شیرین زبان	shaarkarik
शक्करयुक्त	شکری؛ شیرین زبان	shakkarayukt
सुझाव	پیشنهاد	sujhaav
सांकेतिक	حاکی؛ تلقینی	saanketik
जताने वाला	حاکی؛ تلقینی	jataane vaalaa
आत्मघाती	مذبوحانه	aatmaghaatii
आत्मघातक	مذبوحانه	aatmaghaatak
खुदखुशी	خودکشی؛ انتحار	khudakhushii
निवेदन	کت و شلوار، مناسب بودن	nivedan
सेट	کت و شلوار، مناسب بودن	set
उपयुक्तता	مناسبت؛ سازگاری	upayuktataa
सूटकेस	چمدان؛ جامه دان	suutakes
सूट्केस	چمدان؛ جامه دان	suutkes
प्रणयी	خواستگار؛ عرضحال دهنده	pranayii
विवाहार्थी	خواستگار؛ عرضحال دهنده	vivaahaarthii
खीज	قهر	khiij
रूठना	قهر	ruuthanaa
बदमिजाज़	غیر معاشر	badamijaaz
सल्फ़ेट	سولفات	salfet
गन्धक शुल्वारि	سولفات	gandhak shulvaari
गंधक	گوگرد؛ کبریت	gandhak
सल्फ़र	گوگرد؛ کبریت	salfar
सुल्तान	سلطان	sultaan
फ़ौरन ही	جستهو گریخته	fauran hii
बिना देरी किए	جستهو گریخته	binaa derii kie
सार होना	خلاصه کردن؛ چکیده کردن	saar honaa
सार प्रस्तुत करना	خلاصه کردن؛ چکیده کردن	saar prastut karanaa
गर्मी	تابستان	garmii
गरमी	تابستان	garamii
अरुण	خورشید	arun
सूर्यकिरण	تیغ آفتاب	suuryakiran
रविवार	یکشنبه	ravivaar
इतवार	یکشنبه	itavaar
सूर्यमुखी	روزگردک؛ گل آفتاب پرست	suuryamukhii
जलमग्न	فرورفته؛ غرق شده	jalamagn
अस्त	فرورفته؛ غرق شده	ast
उजला	آفتابی؛ آفتاب گیر	ujalaa
सूर्योदय	مطلع؛ سحرگاه	suuryoday
नवोदित और विकासशील	مطلع؛ سحرگاه	navodit aur vikaasashiil
सूर्यास्त	غروب؛ افول	suuryaast
धूपअ	نور آفتاب	dhuupa
खुशीई	نور آفتاب	khushii
सतही तौर पर	صورتا	satahii taur par
अलौकिक	مافوق انسانی	alaukik
अतिमानवीय	مافوق انسانی	atimaanaviiy
श्रेष्ठ	ارشد؛ مافوق	shreshth
सुपर बाज़ार	سوپرمارکت	supar baazaar
लोकातीत/अलौकिक	فوق العاده؛ مافوق طبیعت	lokaatiit / alaukik / atipraakritik
अतिप्राकृतिक	فوق العاده؛ مافوق طبیعت	lokaatiit / alaukik / atipraakritik
अंधविश्वास	موهومات	andhavishvaas
अन्धविश्वास	موهومات	andhavishvaas
रुढीवाद	موهوم؛ خرافاتی	rudhiivaad
अंधविश्वासी	موهوم؛ خرافاتی	andhavishvaasii
पर्यवेक्षणा करना	نظارت کردن؛ برنگری کردن	paryavekshanaa karanaa
ब्यालू	شام؛ عشا	byaaluu
रात्रि भोज	شام؛ عشا	raatri bhoj
अनुपूरक	مکمل؛ تکمیلی	anupuurak
संभरक	کارپرداز؛ تهیه کننده	sanbharak
उपलब्ध कराने वाला	کارپرداز؛ تهیه کننده	upalabdh karaane vaalaa
सप्लाई	عرضه؛ تهیه کردن	saplaaii
सर्वोच्च	عالی؛ عظما	sarvochch
परम	عالی؛ عظما	param
फ़ेनिल लहर	خیزآب	fenil lahar
तट की समुद्री लेहरें	خیزآب	tat kii samudrii leharen
आवेश	موج زدن؛ موجدار بودن	aavesh
शल्यचिकित्सक	جراح	shalyachikitsak
ऑपरेशन	جراحی؛ عمل جراحی	opareshan
शल्यचिकित्सा	جراحی؛ عمل جراحی	shalyachikitsaa
शल्यक	عمل جراحی	shalyak
शल्य चिकित्सा सम्बन्धी	عمل جراحی	shaly chikitsaa sambandhii
कुलनाम	شهرت؛ ورنام	kulanaam
आश्चर्यजनक रूप से	متعجبانه	aashcharyajanak ruup se
आत्मसमर्पण	تسلیم؛ تسلیم شدن	aatmasamarpan
भरा होना	محصور کردن؛ احاطه کردن	bharaa honaa
घेर लेना	محصور کردن؛ احاطه کردن	gher lenaa
उत्तरजीविता	بقا	uttarajiivitaa
जीना	سپری کردن؛ بر زیستن	jiinaa
उत्तरजीवी	بازمانده	uttarajiivii
लटकाना	به حالت تعلیق درآوردن	latakaanaa
निलम्बन	معلق؛ تعلیق	nilamban
संदेहशील	مشکوک؛ ظنین	sandehashiil
वहनीय	پایدار	vahaniiy
पोषणीय	پایدار	poshaniiy
पोतना	سنبه جراحی	potanaa
पोछना	سنبه جراحی	pochhanaa
इठलाहट	کبر فروشی؛ خود فروشانهگام زدن	ithalaahat
पोटलीधारी मजदूर	کبر فروشی؛ خود فروشانهگام زدن	potaliidhaarii majaduur
राजहंस	غو؛ دجاجه	raajahans
दिखावा करना	قروغمزه آمدن؛ شیک وبا	dikhaavaa karanaa
ठाठदार	قروغمزه آمدن؛ شیک وبا	thaathadaar
साँवला	گندمگون؛ تیره روی	saanvalaa
गाली देना	سوگند؛ ناسزا	gaalii denaa
पसेव	عرق؛ رشحه	pasev
स्वीडन	سوئد	sviidan
स्वीडिश	سوئدی	sviidish
स्वीडनवास्	سوئدی	sviidanavaas
मधुरिम	خوش؛ شیرین	madhurim
मीठा	خوش؛ شیرین	miithaa
मधुरता	شیرینی؛ حلاوت	madhurataa
घूमा हुआ	کج شده	ghuumaa huaa
चकराना	شنا کردن	chakaraanaa
तैराक	شناگر؛ شناکننده	tairaak
तैराकी	شنا	tairaakii
आलीशान	پیرومد؛ فش فش	aaliishaan
स्विस	سویسی	svis
स्विस भाषा	سویسی	svis bhaashaa
कैंची	کلید؛ سویچ	kainchii
भारी परिवर्तन	کلید؛ سویچ	bhaarii parivartan
स्विट्ज़रलैंड	سوئیس؛ سوییس	svitzaralaind
सूजा हुआ	متورم؛ تاخیری	suujaa huaa
असि	شمشیر؛ سیف	asi
शब्दांश	هجا؛ سیلاب	shabdaansh
सहजीविता	زندگی تعاونی	sahajiivitaa
सहजीवन	زندگی تعاونی	sahajiivan
प्रतीकात्मक	نمادی	pratiikaatmak
संवेदी	دلسوز	sanvedii
कारुणिक	دلسوز	kaarunik
सहानुभूति रखना	دلسوزی کردن؛ اظهار تاسف کردن	sahaanubhuuti rakhanaa
मूर्छा-संबंधी	غشی؛ غش دار	muurchhaa-sanbandhii
मूर्छा	سنکوپ	muurchhaa
सिंकोप	سنکوپ	sinkop
समानार्थी	مرادف؛ مترادف	samaanaarthii
पर्यायवाची	مرادف؛ مترادف	paryaayavaachii
वाक्यगत	نحوی	vaakyagat
वाक्य रचना संबंधी	نحوی	vaaky rachanaa sanbandhii
उपदंश	سفلیس	upadansh / sankramit rog / garamii / upadansh
संक्रमित रोग/गरमी/उपदंश	سفلیس	upadansh / sankramit rog / garamii / upadansh
सीरियाई	شامی؛ سوریه ای	siiriyaaii
पिचकारी	سرنگ؛ آبدزدک	pichakaarii
सिरिंज	سرنگ؛ آبدزدک	sirinj
सुनियोजित	ترتیبی	suniyojit
तबला	دمبک	tabalaa
अल्पभाषी	کم سخن؛ کم گفتار	alpabhaashii
दिशा	میخچه؛ پونز زدن	dishaa
ड्राइंग पिन	میخچه؛ پونز زدن	draaing pin
चातुर्य	مردم داری	chaatury
व्यवहार कुशलता	مردم داری	vyavahaar kushalataa
व्यवहारकुशल	مردم دار؛ موقع شناس	vyavahaarakushal
चातुर्यपूर्ण	مردم دار؛ موقع شناس	chaaturyapuurn
स्पर्शिक	لامسه ای	sparshik
स्पर्शनीय	لامسه ای	sparshaniiy
अकुशल	بی نزاکت؛ موقع نشناس	akushal
अव्यवहारकुशल	بی نزاکت؛ موقع نشناس	avyavahaarakushal
सिलना	خیاط؛ درزی	silanaa
बोलना	صحبت کردن	bolanaa
बातूनी	وراج؛ پرگو	baatuunii
बहुत बात करने वाला	وراج؛ پرگو	bahut baat karane vaalaa
लँबा	بلند	lanbaa
चर्बी लगाना	پیه مالی کردن	charbii lagaanaa
सन्तरा	نارنگی	santaraa
मूर्त	لمس کردنی	muurt
टंकी	مخزن؛ حوض	tankii
टैपेस्ट्री	ملیله دوزی	taipestrii
चित्र यवनिका	ملیله دوزی	chitr yavanikaa
सीमा शुल्क	تعرفه	siimaa shulk
दण्ड विधा	تعرفه	dand vidhaa
टखने की अस्थियाँ	خرده پا	takhane kii asthiyaan
टार्सस	خرده پا	taarsas
तातार	تاتار	taataar
टार्टर	تاتار	taartar
नियत काम	کار؛ تکلیف	niyat kaam
फुंदना	منگوله؛ شرابه	phundanaa
गुदना गुदाई	خال کوبیدن؛ خال کوبی کردن	gudanaa gudaaii
गोदना	خال کوبیدن؛ خال کوبی کردن	godanaa
निन्दा	سرکوفت؛ شماتت کردن	nindaa
पथिकाश्रम	میکده؛ میخانه	pathikaashram
कपिल	گندمی؛ گندمگون	kapil
पीलापन लिये भूरा	گندمی؛ گندمگون	piilaapan liye bhuuraa
करारोपण	مالیاتی؛ مالیات بندی	karaaropan
करदेय राशि	مالیاتی؛ مالیات بندی	karadey raashi
करदाता	مالیات دهنده؛ مالیات پرداز	karadaataa
चाय	چای	chaay
पढ्ना	آموزش دادن	padhnaa
शोकपूर्ण	گریان؛ اشکبار	shokapuurn
अश्रुपूर्ण	گریان؛ اشکبار	ashrupuurn
रोते रोते	گریه کنان	rote rote
आँखों में आँसू भर कर	گریه کنان	aankhon men aansuu bhar kar
तकनीकी	فنی؛ تکنیکی	takaniikii
शिल्प विज्ञानीय	فناورانه	shilp vigyaaniiy
थकाऊ	ممل؛ کسل کننده	thakaauu
तेरह से उन्नीस वर्ष की आयु का व्यक्ति	نوجوان	terah se unniis varsh kii aayu kaa vyakti
तेरह से उन्नीस तक की आयु	نوجوانی	terah se unniis tak kii aayu
तार का समाचार	تلگراف؛ تلگرام	taar kaa samaachaar
तारयंत्र	تلگراف؛ تلگراف کردن	taarayantr
तारयन्ट्र	تلگراف؛ تلگراف کردن	taarayantr
दूरभाष	تلفن، تلفن زدن	duurabhaash
कानाबाती	تلفن، تلفن زدن	kaanaabaatii
दूरदर्शन	تلویزیون	duuradarshan
चित्रपटल	تلویزیون	chitrapatal
स्वभावगत	مزاجی	svabhaavagat
आत्मसंयमी	معتدل	aatmasanyamii
तापमान	حرارت؛ دما	taapamaan
आँधी	جوش وخروش	aandhii
तूफ़ान	جوش وخروش	tuufaan
तूफानी	پرتوپ وتشر	tuuphaanii
देवालय	معبد	devaalay
लौकिक	شقی؛ فانی	laukik
कालिक	شقی؛ فانی	kaalik
थोड़े दिन	موقتاً	thore din
अस्थायी रूप से	موقتاً	asthaayii ruup se
अल्पकालिक	موقت؛ موقتی	alpakaalik
टालमटोल करना	دست بدست کردآن	taalamatol karanaa
निर्णय करने में देर करना	دست بدست کردآن	nirnay karane men der karanaa
प्रलोभक	وسوسه آمیز؛ هوس انگیز	pralobhak
दस	ده	das
किराएदार	مستاجر؛ اجاره دار	kiraaedaar
नस	تاندون؛ زردپی	nas
दस गुना	دهگانه؛ ده چندان	das gunaa
टेनेसी	تنسی	tenesii
टेनिस	تنیس	tenis
टेनिस.	تنیس	tenis.
तनावपूर्ण	وخیم شدن؛ زمان فعل	tanaavapuurn
कसा हुआ	وخیم شدن؛ زمان فعل	kasaa huaa
तननशील	کش دار	tananashiil
पटवास	چادر؛ خیمه	patavaas
छोलदारी	چادر؛ خیمه	chholadaarii
दसवाँ	عشر	dasavaan
दसवाँ भाग	عشر	dasavaan bhaag
उत्साहहीन	ولرم؛ نیمگرم	utsaahahiin
गुनगुना	ولرم؛ نیمگرم	gunagunaa
सीमावर्ती	پایانه	siimaavartii
खत्म करना	فسخکردن؛ سپری کردن	khatm karanaa
शब्दावली	شرایط، اصطلاحات	shabdaavalii
गृह श्रेणी	تختان؛ تراس	grih shrenii
देशीय	زمینی؛ ارضی	deshiiy
उपद्रवी	وحشت	upadravii
आतंकवाद	تروریسم	aatankavaad
आतंकवादी	تروریست	aatankavaadii
त्रास द्वारा शासन करने वाला	تروریست	traas dvaaraa shaasan karane vaalaa
तीसरा	قسمت سوم	tiisaraa
साक्षी	عهد؛ وصیت	saakshii
अंड/अंडकोष	تخم؛ بیضه	and / andakosh / and granthi
अन्ड ग्रन्थि	تخم؛ بیضه	and / andakosh / and granthi
सिद्ध करना	شهادت دادن؛ گواهی دادن	siddh karanaa
प्रमाण प्रस्तुत करना	شهادت دادن؛ گواهی دادن	pramaan prastut karanaa
गवाही	شهادت	gavaahii
जर्मन	توتنی	jarman
ट्यूटानी	توتنی	tyuutaanii
टेक्सस	تکزاس؛ تگزاس	teksas
पाठ	متن	paath
पाठ्यपुस्तकीय	کتاب درسی	paathyapustakiiy
पाठ्य पुस्तक	کتاب درسی	paathy pustak
कपडा	بافته؛ بافتنی	kapadaa
कपड़ा उद्योग	بافته؛ بافتنی	kaparaa udyog
बुनावट	بافت؛ تاروپود	bunaavat
कब	از (در مقایسه)	kab
धन्यवाद देना	تشکر کردن	dhanyavaad denaa
आभार मानना	تشکر کردن	aabhaar maananaa
कृतज्ञ	ممنون؛ شکور	kritagy
कृतघ्न	ناممنون	kritaghn
शुक्रगुजार	ممنون	shukragujaar
थैंक्सगिविंग	شکرگزاری	thainksagiving
धन्यवादज्ञापन	شکرگزاری	dhanyavaadagyaapan
वह.	که، آن	vah.
छप्पर	کاه پوش کردن؛ کاه اندود کردن	chhappar
गलन	آب کردن؛ آب شدن	galan
गरमाहट	آب کردن؛ آب شدن	garamaahat
नाट्यशाला	تئاتر؛ تماشا خانه	naatyashaalaa
तुमको	تورا	tumako
चोरी	سرقت	chorii
उनका या इनका	مال آنها	unakaa yaa inakaa
इनको	آنها (مفعول)	inako
उन्हें उनको	آنها (مفعول)	unhen unako
धुन	فرهشت	dhun
अवबोध	لدنی	avabodh
धर्मतत्वविषयक	لدنی	dharmatatvavishayak
वेदान्त	الاهیات؛ علمالادیان	vedaant
ब्रह्मविद्या	الاهیات؛ علمالادیان	brahmavidyaa
सिद्धांतकार	نگرشگر	siddhaantakaar
सिद्धान्त	فرضیه؛ نگره	siddhaant
चिकित्सा सम्बन्धी	معالج	chikitsaa sambandhii
चिकित्साशास्त्र	درمان شناسی	chikitsaashaastr
चिकित्सा विज्ञान	درمان شناسی	chikitsaa vigyaan
वहाँ	آنجا	vahaan
वहाँ पर	آنجا	vahaan par
तब से	بعدها؛ بدانوسیله	tab se
उसके बाद	بعدها؛ بدانوسیله	usake baad
इसलिए	بنابراین	isalie
गर्मी सम्बन्धी	گرمایی	garmii sambandhii
गरम	گرمایی	garam
थर्मामीटर{शीतोष्ण मापक यंत्र}	درجه؛ گرمانما	tharmaamiitara{shiitoshn maapak yantr}
यह	این‌ها	yah
इन	این‌ها	in
अभिधारणा	پایان‌نامه	abhidhaaranaa
शोध प्रबंध	پایان‌نامه	shodh prabandh
वे	آنها	ve
वेए	آنها	vee
सघनतापूर्वक	نسبتا انبوه	saghanataapuurvak
गाढ़ापन	غلظت؛ قطر	gaarhaapan
चौर	دزد؛ ربا	chaur
ऊरु	ران	uuru
थोड़ी सी मात्रा	انگشتانه	thorii sii maatraa
अंगुशताना	انگشتانه	angushataanaa
तुम्हारा	مال تو	tumhaaraa
तेरा	مال تو	teraa
चीज़	چیز	chiiz
विचारक	فکور؛ متفکر	vichaarak
चिन्तक	فکور؛ متفکر	chintak
विरलता	لاغری؛ نازکی	viralataa
पतलापन	لاغری؛ نازکی	patalaapan
तिहाई	سوم	tihaaii
तेरह	سیزده	terah
तीस	سی	tiis
इस	این	is
उधर	به آنطرف؛ به آنجا	udhar
उस ओर	به آنطرف؛ به آنجا	us or
वक्षीय	صدری	vakshiiy
वक्ष	قفسه سینه	vaksh
काँटेदार झाड़ी	خار؛ سرتیز	kaantedaar jhaarii
आम रास्ता	شارع عام	aam raastaa
सार्वजनिक मार्ग	شارع عام	saarvajanik maarg
जो	آن‌ها؛ کسانی	jo
मगर	اگرچه؛ هرچند	magar
सहृदयतापूर्वक	متفکرانه	sahridayataapuurvak
विचारमग्न ढंग से	متفکرانه	vichaaramagn dhang se
बेलिहाज़	بی فکر؛ بی خیال	belihaaz
हजार	هزار	hajaar
सहस्र	هزار	sahasr
हज़ारवाँ	یک هزار	hazaaravaan
हज़ारवाँ भाग	یک هزار	hazaaravaan bhaag
आशंकाप्रद	تهدید کننده؛ تهدید آمیز	aashankaaprad
धमकी भरा	تهدید کننده؛ تهدید آمیز	dhamakii bharaa
तीन	سه	tiin
तिक्की	سه	tikkii
तिगुना	ثلاثی؛ ثلاث	tigunaa
तिगुन्	ثلاثی؛ ثلاث	tigun
छटपटाना	خرمن کوبی کردن	chhatapataanaa
गाहना	خرمن کوبی کردن	gaahanaa
तीन बार	سه مرتبه؛ سه دفعه	tiin baar
मितव्ययी	مقتصد؛ صرفه جو	mitavyayii
फलना फूलना	پربرکت شدن؛ نشو و نما کردن	phalanaa phuulanaa
धड़कना	طپیدن؛ تپش داشتن	dharakanaa
तख्त	مسند؛ اورنگ	takht
सिंहासन	مسند؛ اورنگ	sinhaasan
में से	از طریق	men se
पूरे में	سرتاسر؛ سربسر	puure men
धमधमाना	هف هف	dhamadhamaanaa
अंगूठा	انگشت شست	anguuthaa
अँगूठा	انگشت شست	anguuthaa
गुरुवार	پنجشنبه	guruvaar
बृहस्पतिवार	پنجشنبه	brihaspativaar
इसलिये	بنابراین؛ بدین‌ترتیب	isaliye
इस प्रकार	بنابراین؛ بدین‌ترتیب	is prakaar
व्यर्थ कर देना	عقیم گذاردن	vyarth kar denaa
तेरा/तेरी	مال تو	teraa / terii
प्रजंघिकास्थि	درشت نی	prajanghikaasthi
पिंडली की हड्डी	درشت نی	pindalii kii haddii
टिक करना	کنه	tik karanaa
गुदगुदाना	غلغلک؛ غلغلک دادن	gudagudaanaa
स्वच्छ	میتیل	svachchh
बाघ	ببر	baagh
तनना	تنگ کردن؛ سفت کردن	tananaa
खपरैल	کاشی	khaparail
टाइल	کاشی	taail
जुताई	کشت وزرع	jutaaii
हत्था	اهرم سکانکشتی	hatthaa
जुकाव	نیزه بازی کردن	jukaav
शहतीर	صدای خشک؛ صدای زنگ	shahatiir
सामयिक	بجا؛ بوقت	saamayik
समयसूची	صورت اوقات	samayasuuchii
टाइमटेबल	صورت اوقات	taaimatebal
टिन	قلع؛ حلب	tin
आभास	تنتور	aabhaas
जलावन का सामानअ	فتیله فندک	jalaavan kaa saamaana
चिंगारी से शीध्र आग पकडने वालापदार्थ	فتیله فندک	chingaarii se shiidhr aag pakadane vaalaapadaarth
आभा	سایه رنگ؛ کمی رنگ زدن	aabhaa
जलना	سوزش کردن	jalanaa
तड़क भड़क	پولک؛ نقده	tarak bharak
रंग करना	ته رنگ؛ سایه رنگ	rang karanaa
हलका रंग चढ़ा	ته رنگ؛ سایه رنگ	halakaa rang charhaa
टेढ़ा	لول؛ شنگول	terhaa
नशे में	لول؛ شنگول	nashe men
दबे पाँव चलना	تیپا؛ نوک پنجه	dabe paanv chalanaa
पंजों के बल चलना	تیپا؛ نوک پنجه	panjon ke bal chalanaa
टायर	لاستیک؛ تایر	taayar
थका	خسته	thakaa
अथक	نافرسودنی؛ بی لاستیک	athak
ऊतक	بافت، دستمال کاغذی	uutak
रत्त्	همزه	ratt
टोस्ट	برشته کردن؛ برشته شدن	tost
टोस्ट{सिकी ब्रेड}	برشته کردن؛ برشته شدن	tosta{sikii bred}
तम्बाकू	توتون؛ تنباکو	tambaakuu
तंबाकू	توتون؛ تنباکو	tanbaakuu
आज का दिन	امروز	aaj kaa din
अंगुल	انگشت پا؛ شست پا	angul
इकट्ठा	با هم	ikatthaa
कड़ी मेहनत करना	مشقت کشیدن؛ محصول رنج	karii mehanat karanaa
कठिन परिश्रम करना	مشقت کشیدن؛ محصول رنج	kathin parishram karanaa
शौचघर	توالت	shauchaghar
कामचलाऊ	قابل تحمل؛ تحمل پذیر	kaamachalaauu
सहनीय	قابل تحمل؛ تحمل پذیر	sahaniiy
सहनशील	صبور؛ شکیبا	sahanashiil
टमाटर	گوجه فرنگی	tamaatar
कल	فردا	kal
कल का	فردا	kal kaa
टन	تن	tan
कर्लर	انبر	karlar
आज की रात को	امشب	aaj kii raat ko
आज रात	امشب	aaj raat
टनभार	تن شماری؛ بر حسب شماره تن	tanabhaar
टनमान	تن شماری؛ بر حسب شماره تن	tanamaan
गलतुण्डिका	بادامک؛ لوزه	galatundikaa
टन्सिल	بادامک؛ لوزه	tansil
दाँत	دندان	daant
दंत	دندان	dant
अप्रभावी	بی دندان؛ بدون دندانه	aprabhaavii
दंतहीन	بی دندان؛ بدون دندانه	dantahiin
सर्वोच्च स्थान	بالا؛ راس	sarvochch sthaan
टर्च	مشعل؛ مشعلدار کردن	tarch
धमनदीप	مشعل؛ مشعلدار کردن	dhamanadiip
विदीर्ण	دریده؛ گسیخته	vidiirn
फटा हुआ	دریده؛ گسیخته	phataa huaa
चक्रवात	گردباد	chakravaat
बवंडर	گردباد	bavandar
मूसलाधार वर्षा	سیل وار؛ جریان شدید	muusalaadhaar varshaa
कछुआ	سنگ پشت؛ لاک پشت	kachhuaa
उत्पीडन	آزار؛ عذاب	utpiidan
फेकेना	متلاطم شدن؛ لول زدن	phekenaa
पर्यटन	سیاحت؛ جهانگردی	paryatan
पर्यटक	توریست	paryatak
सैलानी	توریست	sailaanii
टूर्नामेंट	تورنمنت	tuurnaament
खेल प्रतियोगिता	تورنمنت	khel pratiyogitaa
रक्तबंध	شریان بند	raktabandh
खिंचाव	بکسل کردن؛ هر دوتا	khinchaav
अनुकर्षण	بکسل کردن؛ هر دوتا	anukarshan
के लिए	به‌سوی؛ نسبت به	ke lie
तरफ	روبه‌طرف؛ رو به	taraph
तौलिया	لنگ؛ حوله	tauliyaa
अँगोछा	لنگ؛ حوله	angochhaa
मीनार	برج	miinaar
बुर्ज	برج	burj
शहरी	شهر	shaharii
नगर	شهر	nagar
विषाक्त	مسموم؛ زهرآلود	vishaakt
गरल	زهر؛ زهرابه	garal
जीवविष	زهر؛ زهرابه	jiivavish
तुच्छ बात	بازیچه؛ لعبت	tuchchh baat
पता लगाने योग्य	قابل تعقیب	pataa lagaane yogy
श्वासनली जैसा	نای مانند	shvaasanalii jaisaa
श्वासनली संबंधी	نای مانند	shvaasanalii sanbandhii
सुविधाजनक	سربراه؛ سست مهار	suvidhaajanak
व्यापार	تجارت	vyaapaar
परंपरा	رسم؛ سنت	paranparaa
पारंपरिक	سنتی؛ عرفی	paaranparik
परंपरागत रूप से	علیالرسم؛ نقلا	paranparaagat ruup se
परम्परा के अनुसार	علیالرسم؛ نقلا	paramparaa ke anusaar
ट्रैफिक	ترافیک	traiphik
दुखान्त नाटक	تراژدی	dukhaant naatak
दुःखान्त नाटक	تراژدی	duhkhaant naatak
अनुयान	تریلی	anuyaan
ट्रेलर	تریلی	trelar
प्रशिक्षार्थी	کارآموز؛ فرهیختگر	prashikshaarthii
प्रशिक्षक	مودب؛ پرورنده	prashikshak
अभ्यास के दौरान पहना जाने वाला जूता	مودب؛ پرورنده	abhyaas ke dauraan pahanaa jaane vaalaa juutaa
शारीरिक प्रशिक्षण	تربیت؛ آموزش	shaariirik prashikshan
देशद्रोही	غادر؛ غدار	deshadrohii
आवारागर्द	صدای پا؛ آسمان جل	aavaaraagard
पदचाप	صدای پا؛ آسمان جل	padachaap
कुचल देना	پامال کردن؛ پایمال کردن	kuchal denaa
शांति	آسایش؛ سکون	shaanti
शांतचित्तता	آسایش؛ سکون	shaantachittataa
कारोबार करना	دادوستد کردآن؛ داد وستد کردن	kaarobaar karanaa
कारबार करना	دادوستد کردآن؛ داد وستد کردن	kaarabaar karanaa
आगे जाना	بالاتر بودن؛ ورا رفتن	aage jaanaa
से बढकर होना	بالاتر بودن؛ ورا رفتن	se badhakar honaa
लिप्यंतर करना	نسخه بر داشتن	lipyantar karanaa
प्रतिलिपि करना	نسخه بر داشتن	pratilipi karanaa
लिप्यंतरकार	آوانویس	lipyantarakaar
प्रतिलेख	استنساخ؛ رونویسی	pratilekh
लिप्यंतरण	استنساخ؛ رونویسی	lipyantaran
परिवर्तक	مقلب؛ ترانسفورماتور	parivartak
परिणामित्र	مقلب؛ ترانسفورماتور	parinaamitr
रक्त आधान	تزریق؛ نقل وانتقال	rakt aadhaan
नश्वर	گذرا؛ سپنج	nashvar
पारगमन	گزر؛ ترانزیت	paaragaman
अनित्य	عاجل؛ سپنج	anity
पारभासी	فراتاب	paarabhaasii
प्रतिरोपण	پیوند کردن؛ پیوند زدن	pratiropan
चोटमूलक	ضربهای؛ جراحتی	chotamuulak
अभिघातक	ضربهای؛ جراحتی	abhighaatak
यात्री	مسافر؛ سیاح	yaatrii
ट्रे	طبله؛ سینی	tre
ट्रेडमिल	چرخ عصارخانه	tredamil
पाँव चक्की	چرخ عصارخانه	paanv chakkii
देशद्रोह	خیانت؛ غداری	deshadroh
निधि	گنج	nidhi
कोषाध्यक्ष	خازن؛ گنجور	koshaadhyaksh
खज़ांची	خازن؛ گنجور	khazaanchii
अर्थविभाग	گنجینه؛ گنجوری	arthavibhaag
कोषागार	گنجینه؛ گنجوری	koshaagaar
व्यवहार	درمان؛ رفتار	vyavahaar
इलाज	درمان؛ رفتار	ilaaj
तिहरा	صدای زیر؛ سه برابر	tiharaa
पौधा	درخت	paudhaa
काठ	درخت	kaath
वृक्षहीन	بی درخت	vrikshahiin
वृक्षविहीन	بی درخت	vrikshavihiin
काँपता हुआ	لرزش دار	kaanpataa huaa
ट्रायेंगल	مثلث؛ سه گوش	traayengal
त्रिभुज	مثلث؛ سه گوش	tribhuj
त्रिकोणीय	مثلثی؛ سهگوشی	trikoniiy
त्रिपक्षीय	مثلثی؛ سهگوشی	tripakshiiy
प्राधिकरण	دیوان محاکمات	praadhikaran
अधिकरण	دیوان محاکمات	adhikaran
अर्पित	جزیه	arpit
चालबाजी	دستان؛ گول زنی	chaalabaajii
अल्पमात्रा	چکاندن؛ چکیدن	alpamaatraa
नादानी	سرسری گرفتن؛ کم بها	naadaanii
क्षुद्र धनराशि	سرسری گرفتن؛ کم بها	kshudr dhanaraashi
लाखों	تریلیون	laakhon
ट्रिलियन	تریلیون	triliyan
त्रिमूर्ति	تثلیث؛ سهگانگی	trimuurti
त्रिदेव	تثلیث؛ سهگانگی	tridev
विजयी	منصور؛ فریاد پیروزی	vijayii
तुच्छता	ابتذال	tuchchhataa
कुचला हुआ	پامال	kuchalaa huaa
ट्रली	واگن برقی؛ اتومبیلبارکش کوتاه	tralii
ट्रफ़ी	نشان ظفر	trafii
विजयोपहार	نشان ظفر	vijayopahaar
उष्ण	گرمسیری؛ گرمسیر	ushn
तीर्व	گرمسیری؛ گرمسیر	tiirv
दौड़	یورتمه؛ یورتمه رفتن	daur
ट्रट्स्कीवादी	یورتمه؛ یورتمه رفتن	tratskiivaadii
परेशान	پریشان؛ رنجه	pareshaan
पाजामा	شلوار	paajaamaa
ट्राउट	قزل آلا؛ ماهی قزل آلا	traaut
चिड़चिड़ी बुढ़िया	قزل آلا؛ ماهی قزل آلا	chirachirii burhiyaa
खुरपी	ماله؛ ماله کشیدن	khurapii
पाटा	ماله؛ ماله کشیدن	paataa
युद्ध विराम	متارکه جنگ	yuddh viraam
अस्थायी संधि काल	متارکه جنگ	asthaayii sandhi kaal
ट्रक	بارکش؛ کامیون	trak
तुरही	شیپور	turahii
तूर्य	شیپور	tuury
न्यासी	امانت دار	nyaasii
विश्वास करने वाला	متوکل	vishvaas karane vaalaa
विश्वासी	متوکل	vishvaasii
सत्यवादी	صادق؛ صدیق	satyavaadii
सच्चाई से	صادقانه	sachchaaii se
ईमानदरी से	صادقانه	iimaanadarii se
टी शर्ट	تی‌شرت	tii shart
छोटी आस्तीन वाली कमीज	تی‌شرت	chhotii aastiin vaalii kamiij
सुनामी	سونامی	sunaamii
क्षय	سل	kshay
क्षय रोग	سل	kshay rog
नलीदार	لولهای	naliidaar
नलाकार	لولهای	nalaakaar
लपेटना	تو گذاشتن؛ شمشیر نازک	lapetanaa
मंगलवार	سه‌شنبه	mangalavaar
कलगी	منگوله؛ شرابه	kalagii
खींचाव	یدک کش؛ بازور کشیدن	khiinchaav
यहाँ वहाँ	غلت زدن؛ معلق خوردن	yahaan vahaan
खटका	معلق زن	khatakaa
गिलास	معلق زن	gilaas
अर्बुद	ورم؛ غده	arbud
सुरंग	نقب؛ زیرنقب	surang
पंकिल	کدر؛ درهم وبرهم	pankil
टर्बाइन	توربین	tarbaain
परिवर्त	توربین	parivart
अधिकार क्षेत्र	باچمن پوشاندن؛ کلوخ چمنی	adhikaar kshetr
तुर्की	عثمانی؛ بوقلمون	turkii
तुर्की भाषा	ترک؛ عثمانی	turkii bhaashaa
बारी	چرخیدن، نوبت	baarii
हत्थेदार बर्तन	برگردان؛ چرخنده	hatthedaar bartan
कलाबाज़ी खाने वाला	برگردان؛ چرخنده	kalaabaazii khaane vaalaa
कछुआ पकड़ना	سنگ پشت؛ لاک پشت	kachhuaa pakaranaa
निजी शिक्षक	لله؛ معلمی کردن	nijii shikshak
टी वी	تلویزیون	tii vii
ट्वीड	نوعی فاستونی	tviid
एक प्रकार का ऊनी कपड़ा	نوعی فاستونی	ek prakaar kaa uunii kaparaa
बारह	دوازده	baarah
बीसवाँ	بیستم؛ بیستمین	biisavaan
बीसवाँ अंश	بیستم؛ بیستمین	biisavaan ansh
बीस	بیست	biis
दुगुना	دو بار	dugunaa
दुगना	دو بار	duganaa
टहनी	شاخه؛ چیله	tahanii
समझ जाना	شاخه؛ چیله	samajh jaanaa
अजीबोगरीब	شفق	ajiibogariib
जोडा	دوقلو؛ همزاد	jodaa
जुड़वा	دوقلو؛ همزاد	juravaa
सर्वव्यापी	همه‌جا حاضر؛ فراگیر	sarvavyaapii
चरम	نهایی	charam
आख़िरी	نهایی	aakhirii
छाता	چتر	chhaataa
छत्र	چتر	chhatr
अवांछनीय	غیرقابل قبول	avaanchhaniiy
अस्वीकार्य	غیرقابل قبول	asviikaary
मामा	عمو، دایی	maamaa
काका	عمو، دایی	kaakaa
उघाड़ना	آشکار کردن؛ برداشتن پوشش	ughaaranaa
के नीचे/के तले/से कम/के अधीन	زیر	ke niiche / ke tale / se kam / ke adhiin / men
गुजरना	متحمل شدن	gujaranaa
पूर्वस्नातक	دانشجوی کارشناسی	puurvasnaatak
भूमिगत	زیرزمینی	bhuumigat
रेखांकित करना	زیرخط کشیدن؛ تأکید کردن	rekhaankit karanaa
कमज़ोर कर देना	تضعیف کردن	kamazor kar denaa
खोखला कर देना	تضعیف کردن	khokhalaa kar denaa
नीचे/तले	زیر؛ در زیر	niiche / niiche / tale
वादा करना	بر عهده گرفتن	vaadaa karanaa
बिगाड़ना	بازگرداندن؛ خنثی کردن	bigaaranaa
अवृति	بیکاری	avriti
बेरोज़गारी	بیکاری	berozagaarii
हतभाग्य	بدشانس	hatabhaagy
अद्वितीय	منحصربه‌فرد	advitiiy
जगत	جهان؛ کیهان	jagat
विश्व	جهان؛ کیهان	vishv
विश्वविद्यालय	دانشگاه	vishvavidyaalay
विश्वविधालय	دانشگاه	vishvavidhaalay
अविदित/अज्ञात	ناشناخته	avidit / agyaat / agyaat
खाली करना	خالی کردن بار	khaalii karanaa
ताला खोलना	باز کردن قفل	taalaa kholanaa
अवैतनिक	پرداخت‌نشده؛ بدون حقوق	avaitanik
अभुक्त	پرداخت‌نشده؛ بدون حقوق	abhukt
प्लग निकालना	از برق کشیدن	plag nikaalanaa
जब तक	تا	jab tak
नवीनीकरण करना	به‌روزرسانی؛ به‌روز کردن	naviiniikaran karanaa
अवगत कराना	به‌روزرسانی؛ به‌روز کردن	avagat karaanaa
पदोन्नति करना	ارتقا؛ ارتقا دادن	padonnati karanaa
उन्नति करना	ارتقا؛ ارتقا دادن	unnati karanaa
अपलोड करना	بارگذاری	apalod karanaa
उच्च	بالایی	uchch
निशिचलअना	ناراحت؛ برهم زدن	nishichalaanaa
तिलमिलाना	ناراحت؛ برهم زدن	tilamilaanaa
दिमाग से	طبقه بالا	dimaag se
ऊपरी मंज़िल का	طبقه بالا	uuparii manzil kaa
उत्तेजना	ترغیب کردن؛ میل شدید	uttejanaa
हमें/हम को	ما (مفعول)	hamen / ham ko / hamen
हमें	ما (مفعول)	hamen / ham ko / hamen
आम तौर पर	معمولاً	aam taur par
खाली जगह	خلأ؛ جاروبرقی	khaalii jagah
मूल्यवान	ارزشمند	muulyavaan
वैन	ون؛ خودرو باری کوچک	vain
लुप्त होना	ناپدید شدن	lupt honaa
समाप्त हो जाना	ناپدید شدن	samaapt ho jaanaa
परिवर्तनशील	متغیر	parivartanashiil
विस्तीर्ण	وسیع؛ پهناور	vistiirn
उपक्रम	سرمایه‌گذاری پرریسک؛ جسارت کردن	upakram
साहसिक कार्य	سرمایه‌گذاری پرریسک؛ جسارت کردن	saahasik kaary
घटनास्थल	محل برگزاری	ghatanaasthal
लम्बरूप	عمودی	lambaruup / anulanb / siidhaa
अनुलंब ,सीधा	عمودی	lambaruup / anulanb / siidhaa
अनुभवी	کهنه‌سرباز؛ باتجربه	anubhavii
अनुभवी व्यक्ति	کهنه‌سرباز؛ باتجربه	anubhavii vyakti
की राह से	از طریق	kii raah se
से होकर	از طریق	se hokar
जोशपूर्ण	پرانرژی؛ درخشان	joshapuurn
संजय	پیروزی	sanjay
वीडियो	ویدئو	viidiyo
वी.सी.आर	ویدئو	vii.sii.aar
गाँव	روستا	gaanv
अपवित्र करना	نقض کردن	apavitr karanaa
आभासी	مجازی	aabhaasii
वाइरस	ویروس	vaairas
विषाणु	ویروس	vishaanu
वीसा	ویزا	viisaa
वीसा देना	ویزا	viisaa denaa
तस्वीर	دیداری؛ بصری	tasviir
विटामिन	ویتامین	vitaamin
वाचिक	آوازی؛ صریح	vaachik
वाणीमय	آوازی؛ صریح	vaaniimay
स्वैच्छिक	داوطلبانه	svaichchhik
स्वयंसेवी	داوطلب؛ داوطلب شدن	svayansevii
स्वर	حرف صدادار	svar
स्वरवर्ण	حرف صدادار	svaravarn
मजदूरी	دستمزد	majaduurii
सप्तर्षि	واگن؛ گاری	saptarshi
वैगन	واگن؛ گاری	vaigan
रोक देना	منتظر ماندن	rok denaa
वेटर	پیشخدمت (مرد)	vetar
वेक	بیدار شدن	vek
दीवार	دیوار	diivaar
भटकना	سرگردان شدن	bhatakanaa
कामना	خواستن	kaamanaa
जंग	جنگ	jang
गर्म	گرم	garm
तापन	گرمایش	taapan
चेतावनी देना	هشدار دادن	chetaavanii denaa
ध्यान रखना	تماشا کردن، ساعت مچی	dhyaan rakhanaa
समुद्र	آب	samudr
हम	ما	ham
शस्त्र	سلاح	shastr
वातोन्मुख	آب و هوا	vaatonmukh
वेबसाइट	وب‌سایت	vebasaait
बुधवार	چهارشنبه	budhavaar
सप्ताह	هفته	saptaah
सप्ताहांत	آخر هفته	saptaahaant
सप्ताह का अन्तिम दिन	آخر هفته	saptaah kaa antim din
साप्ताहिक	هفتگی	saaptaahik
प्रति सप्ताह	هفتگی	prati saptaah
स्वतन्र	خوش آمدید، پذیرایی کردن	svatanr
अभिनन्दित	خوش آمدید، پذیرایی کردن	abhinandit
अच्छी तरह	خوب، چاه	achchhii tarah
कुआँ	خوب، چاه	kuaan
पश्चिमी	غرب	pashchimii
पश्चिम	غرب	pashchim
गीला	خیس	giilaa
व्हेल	نهنگ	vhel
विशालकाय व्यक्ति	نهنگ	vishaalakaay vyakti
गेहूँ	گندم	gehuun
चक्र	چرخ	chakr
चाक	چرخ	chaak
जहाँ	کجا	jahaan
क्या	کدام	kyaa
काल	درحالی‌که؛ مدتی	kaal
चहचहाहट	سوت؛ سوت زدن	chahachahaahat
सीटी	سوت؛ سوت زدن	siitii
सफेद	سفید	saphed
कौन	چه کسی	kaun
जो कोई	هر که	jo koii
तमाम	تمام؛ کامل	tamaam
क्यों	چرا	kyon
किसलिए	چرا	kisalie
कांता	همسر (زن)	kaantaa
वन्य जीवन	حیات وحش	vany jiivan
उद्यत	مایل	udyat
दरीचा	پنجره	dariichaa
खिड़की	پنجره	khirakii
मदिरा	شراب	madiraa
विजेता	برنده	vijetaa
रणजीत	برنده	ranajiit
शीतकालीन	زمستان	shiitakaaliin
वर्ष	زمستان	varsh
समझदार	دانا؛ عاقل	samajhadaar
के बिना	بدون	ke binaa
बाल	پشم	baal
जनबल	نیروی کار	janabal
श्रमिक संख्या	نیروی کار	shramik sankhyaa
कार्यस्थल	محل کار	kaaryasthal
कर्मशाला	کارگاه	karmashaalaa
दुनिया	جهان	duniyaa
वर्म	کرم	varm
चींथना	نگران شدن؛ نگرانی	chiinthanaa
इच्छा प्रकट करना	فعل کمکی	ichchhaa prakat karanaa
भूतकाल को प्रकट करने के लिए	فعل کمکی	bhuutakaal ko prakat karane ke lie
कलाई	مچ دست	kalaaii
पहुँचा	مچ دست	pahunchaa
ज़ीनौन	زنون	ziinaun
ज़ेनौन	زنون	zenaun
अज्ञातजनभीति	بیگانه‌هراسی	agyaatajanabhiiti
विदेशी भीति	بیگانه‌هراسی	videshii bhiiti
विदेशी द्वेषी	بیگانه‌هراس	videshii dveshii
अज्ञातजन भीरु	بیگانه‌هراس	agyaatajan bhiiru
ज़िरौक्स	فتوکپی؛ کپی کردن	zirauks
एक्स रे	پرتو ایکس؛ عکس رادیولوژی	eks re
एक्स किरण	پرتو ایکس؛ عکس رادیولوژی	eks kiran
दारु	آوند چوبی	daaru
वनस्पति की लकड़ी का भाग	آوند چوبی	vanaspati kii lakarii kaa bhaag
ज़ाइलीन	زایلین	zaailiin
ज़ाइलिटॉल	زایلیتول	zaailitol
ज़ाइलोफ़ोन	زیلوفون	zaailofon
जलतरंग जैसा वाद्य	زیلوفون	jalatarang jaisaa vaady
पाल नौका	قایق تفریحی	paal naukaa
उबासी	خمیازه؛ خمیازه کشیدن	ubaasii
जम्हाई	خمیازه؛ خمیازه کشیدن	jamhaaii
हाँ	بله (غیر رسمی)	haan
साल	سال	saal
अब्दकोश	سالنامه	abdakosh
वर्ष पुस्तिका	سالنامه	varsh pustikaa
एक वर्षीय	یک‌ساله؛ سراسر سال	ek varshiiy
एक साल का	یک‌ساله؛ سراسر سال	ek saal kaa
यीस्ट	مخمر	yiist
ख़मीर	مخمر	khamiir
चीख	فریاد زدن	chiikh
पीताभ	مایل به زرد	piitaabh
पीला सा	مایل به زرد	piilaa saa
योग	یوگا	yog
दही	ماست	dahii
आप	شما، تو	aap
तुम	شما، تو	tum
गबरू	جوان	gabaruu
आपका	مال شما/تو	aapakaa
तुम ही	خودت، خودتان	tum hii
नवयुवक	جوانی؛ جوانان	navayuvak
जवान	جوان‌گونه؛ شاداب	javaan
स्वादिष्ट{अनौपचारिक}	خوشمزه	svaadishta{anaupachaarik}
मार डालना	ضربه ناگهانی؛ نابود کردن	maar daalanaa
सरगर्म	مشتاق؛ پرشور	saragarm
गोरखर	گورخر	gorakhar
चित्रगर्दभ	گورخر	chitragardabh
जस्ता	روی	jastaa
ज़िंक	روی	zink
ज़िपर	زیپ	zipar
ज़र्कौन	زیرکن	zarkaun
ज़िरकोनियम	زیرکونیوم	zirakoniyam
राशिचक्र	منطقه‌البروج؛ برج‌های فلکی	raashichakr
प्रेत	زامبی	pret
ज़ोम्बी	زامبی	zombii
आंचलिक	منطقه‌ای	aanchalik
क्षेत्रीकरण	منطقه‌بندی	kshetriikaran
चिड़ियाघर	باغ‌وحش	chiriyaaghar
जंतु	جانورشناختی	jantu
प्राणि	جانورشناختی	praani
जंतुविज्ञानी	جانورشناس	jantuvigyaanii
प्राणिविज्ञानी	جانورشناس	praanivigyaanii
जंतुविज्ञान	جانورشناسی	jantuvigyaan
प्राणिविज्ञान	جانورشناسی	praanivigyaan
ज़ूम करना	بزرگ‌نمایی؛ زوم کردن	zuum karanaa
बड़ा करना	بزرگ‌نمایی؛ زوم کردن	baraa karanaa
पशुजन्य	مشترک میان انسان و حیوان	pashujany
पशुओं से मनुष्यों में फैलने वाला	مشترک میان انسان و حیوان	pashuon se manushyon men phailane vaalaa
ज़ुकीनी	کدو سبز	zukiinii
हरी तोरी	کدو سبز	harii torii
युग्मनज	زیگوت؛ سلول تخم	yugmanaj
