մի	یک (حرف تعریف نامعین)	mi
հաշվիչ	چرتکه	hashvich
աբակ	چرتکه	abak
թողնել	رها کردن؛ ترک کردن	toghnel
լքել	رها کردن؛ ترک کردن	lkel
լքում	ترک؛ رهاسازی	lkum
թողնելը	ترک؛ رهاسازی	toghnele
պակասեցում	کاهش؛ فروکش	pakasetsum
մեղմացում	کاهش؛ فروکش	meghmatsum
աբբայություն	خانقاه	abbayutyun
վանք	خانقاه	vank
այբուբեն	الفبا؛ مبانی اولیه	aybuben
այբբենարան	الفبا؛ مبانی اولیه	aybbenaran
հրաժարվել	کناره‌گیری کردن؛ واگذار کردن	hrazharvel
որովայնի խոռոչ	شکم؛ بطن	orovayni khoroch
փորիկ	شکم؛ بطن	porik
որովայնային	شکمی؛ بطنی	orovaynayin
առեւանգել	ربودن	arevangel
փախցնել	ربودن	pakhtsnel
առեւանգող	آدمدزد؛ آدمربا	arevangogh
հափշտակող	آدمدزد؛ آدمربا	hapshtakogh
կասեցում	بی تکلیفی	kasetsum
առկախ վիճակ	بی تکلیفی	arkakh vichak
մշտական	وفا کننده	mshtakan
հաստատուն	وفا کننده	hastatun
ընդունակություն	توانایی	endunakutyun
կարողություն	توانایی	karoghutyun
խղճուկ	خوار و زار	khghchuk
ստոր	خوار و زار	stor
լույսով ողողված	افروخته	luysov oghoghvats
փայլուն	افروخته	paylun
ընդունակ	قادر	endunak
կարող	قادر	karogh
հրաժարում	کف نفس	hrazharum
ինքնազոհություն	کف نفس	inknazohutyun
անկանոն	غیر عادی	ankanon
անբնական	غیر عادی	anbnakan
աննորմալություն	نابههنجاری	annormalutyun
անկանոնություն	نابههنجاری	ankanonutyun
բնակատեղ	بودباش	bnakategh
բնակավայր	بودباش	bnakavayr
վերացնել	لغو کردن	veratsnel
ոչնչացնել	لغو کردن	ochnchatsnel
վերացում	نسخ؛ برانداختگی	veratsum
ոչնչացում	نسخ؛ برانداختگی	ochnchatsum
զզվելի	مکروه	zzveli
գարշելի	مکروه	garsheli
զզվանք	عمل شنیع	zzvank
զզվելի բան	عمل شنیع	zzveli ban
վիժել	سقط کردن؛ ریشه نکردن	vizhel
ձախողվել	سقط کردن؛ ریشه نکردن	dzakhoghvel
վիժում	سقط جنین	vizhum
աբորտ	سقط جنین	abort
վաղաժամ	عقیم	vaghazham
տհաս	عقیم	thas
առատ լինել	زیاد بودن؛ وفور داشتن	arat linel
հորդել	زیاد بودن؛ وفور داشتن	hordel
մոտ	درباره، حدوداً	mot
մոտավորապես	درباره، حدوداً	motavorapes
վերեւում	بالای، بالاتر	verevum
մինչեւ	بالای، بالاتر	minchev
Աբրահամ	ابراهیم؛ ابراهیم پیامبر	Abraham
ճանկռվածք	خراش؛ سیش	chankrvatsk
քերծվածք	خراش؛ سیش	kertsvatsk
ամփոփված	مجمل؛ تلخیص شده	ampopvats
արտասահման	خارج از کشور	artasahman
տնից դուրս	خارج از کشور	tnits durs
զառիվեր	تند؛ ناگهان	zariver
զառիթափ	تند؛ ناگهان	zaritap
զառիվեր կերպով	بی مقدمه	zariver kerpov
թարախակույտ	آبسه	tarakhakuyt
պալար	آبسه	palar
բացակայություն	غیبت	batsakayutyun
պակասություն	غیبت	pakasutyun
բացակա	غایب	batsaka
ցրված	غایب	tsrvats
բացակայող	غیب؛ غیابی	batsakayogh
տնից դուրս ապրող	غیب؛ غیابی	tnits durs aprogh
բացարձակ	مطلق؛ محض	batsardzak
անսահման	مطلق؛ محض	ansahman
բացարձակապես	مطلقا؛ مطلقاً	batsardzakapes
անպայման	مطلقا؛ مطلقاً	anpayman
ծծել	جذب کردن	tstsel
քամել	جذب کردن	kamel
ծծող	جاذب؛ نشاف	tstsogh
ներծծող	جاذب؛ نشاف	nertstsogh
կլանում	جذب؛ انجذاب	klanum
կլանելը	جذب؛ انجذاب	klanele
ժուժկալել	نکول کردن؛ خودداری کردن	zhuzhkalel
իրեն զսպել	نکول کردن؛ خودداری کردن	iren zspel
ժուժկալություն	نکول	zhuzhkalutyun
չափավորություն	نکول	chapavorutyun
համառոտ շարադրանք	انتزاعی	hamarot sharadrank
ամփոփում	انتزاعی	ampopum
վերացություն	انتزاع؛ تجرید	veratsutyun
աբստրակցիա	انتزاع؛ تجرید	abstraktsia
խրթին	غامض؛ مغلق	khrtin
դժվար հասկանալի	غامض؛ مغلق	dzhvar haskanali
անհեթեթ	پوچ	anhetet
անմիտ	پوچ	anmit
անհեթեթություն	مزخرف بودن	anhetetutyun
անմտություն	مزخرف بودن	anmtutyun
առատություն	فراوانی	aratutyun
հարստություն	فراوانی	harstutyun
առատ	انبوه؛ وافر	arat
լի	انبوه؛ وافر	li
առատ կերպով	بفراوانی	arat kerpov
չարաշահում	سوء استفاده	charashahum
աղճատում	سوء استفاده	aghchatum
նախատական	فحاش؛ سوء استعمال	nakhatakan
վիրավորական	فحاش؛ سوء استعمال	viravorakan
անդունդ	مغاک؛ حضیض	andund
դժոխք	مغاک؛ حضیض	dzhokhk
ակացիա	اقاقیا	akatsia
լոբենի	اقاقیا	lobeni
ակադեմիական	تحصیلی؛ آکادمیک	akademiakan
համալսարանական	تحصیلی؛ آکادمیک	hamalsaranakan
ակադեմիա	آکادمی	akademia
արագացնել	تسریع کردن	aragatsnel
արագանալ	تسریع کردن	araganal
շեշտ	لهجه	shesht
առոգանություն	لهجه	aroganutyun
ընդունել	پذیرفتن	endunel
համաձայնել	پذیرفتن	hamadzaynel
ընդունելի	پذیرفتنی؛ موجه	enduneli
թույլատրելի	پذیرفتنی؛ موجه	tuylatreli
ընդունելություն	پذیرش	endunelutyun
հավանություն	پذیرش	havanutyun
մուտք	دسترسی؛ دستیابی	mutk
մոտենալու հնարավորություն	دسترسی؛ دستیابی	motenalu hnaravorutyun
մատչելի	قابل دسترس	matcheli
ենթարկվող	قابل دسترس	entarkvogh
մտնելը	جلوس؛ جلوس کردن	mtnele
լրացուցիչ	هم دست	lratsutsich
երկրորդական	هم دست	erkrordakan
դժբախտ պատահար	تصادف	dzhbakht patahar
վթար	تصادف	vtar
պատահական	عرضی؛ تصادفی	patahakan
անակնկալ	عرضی؛ تصادفی	anaknkal
պատահաբար	تصادفی	patahabar
անակնկալ կերպով	تصادفی	anaknkal kerpov
աղմկալից միաձայն խրախուսանք	احسنت	aghmkalits miadzayn khrakhusank
օվացիա	احسنت	ovatsia
հարմարեցնել	جا دادن	harmaretsnel
հարթել	جا دادن	hartel
ուղեկցում	دم گیری	ughektsum
նվագակցում	دم گیری	nvagaktsum
ուղեկցել	توام کردن؛ بدرقه کردن	ughektsel
նվագակցել	توام کردن؛ بدرقه کردن	nvagaktsel
մեղսակից	دستیار؛ همداستان	meghsakits
գործակից	دستیار؛ همداستان	gortsakits
լրացնել	انجام دادن	lratsnel
կատարել	انجام دادن	katarel
կատարելը	دستاورد	katarele
վերջացնելը	دستاورد	verjatsnele
համաձայնություն	طیب خاطر	hamadzaynutyun
համապատասխանություն	طیب خاطر	hamapataskhanutyun
համապատասխանաբար	بر این اساس	hamapataskhanabar
ուստի	بر این اساس	usti
ըստ	طبق، بر اساس	est
համաձայն	طبق، بر اساس	hamadzayn
հաշիվ	حساب؛ گزارش	hashiv
հաշվետվություն	حساب؛ گزارش	hashvetvutyun
պատասխանատվություն	مسئولیت‌پذیری	pataskhanatvutyun
պատասխանատու	مسئول	pataskhanatu
բացատրելի	مسئول	batsatreli
հաշվապահ	حسابدار	hashvapah
պատասխանող կողմը	حسابدار	pataskhanogh koghme
հաշվառում	محاسبه؛ حسابداری	hashvarum
հաշվետու լինելը	محاسبه؛ حسابداری	hashvetu linele
բաժին հասնել	منتج گردیدن	bazhin hasnel
առաջ գալ	منتج گردیدن	araj gal
հավաքել	انباشت کردن	havakel
դիզել	انباشت کردن	dizel
կուտակում	انباشت	kutakum
հավաքում	انباشت	havakum
ճշտություն	دقت	chshtutyun
ճշգրտություն	دقت	chshgrtutyun
ճշգրիտ	دقیق؛ راستین	chshgrit
ճշտապահ	دقیق؛ راستین	chshtapah
ճշգրիտ կերպով	با دقت	chshgrit kerpov
մեղադրանք	اتهام	meghadrank
մեղադրել	متهم کردن؛ تهمت زدن	meghadrel
մեղադրյալ	متهم	meghadryal
սովորեցնել	عادی کردن؛ خو دادن	sovoretsnel
վարժեցնել	عادی کردن؛ خو دادن	varzhetsnel
միավոր	کلمات میید	miavor
մեկնոց	کلمات میید	meknots
հասնել մի բանի	دست یافتن	hasnel mi bani
ձեռք բերել	دست یافتن	dzerk berel
նվաճում	کار بزرگ	nvachum
կատարում	کار بزرگ	katarum
թթու	اسید؛ اسیدی	ttu
ճանաչել	اقرار کردن	chanachel
ճանաչում	اقرار؛ شهادت نامه	chanachum
հաստատում	اقرار؛ شهادت نامه	hastatum
բարձրագույն կետ	نقطه کمال	bardzraguyn ket
գագաթնակետ	نقطه کمال	gagatnaket
բշտիկ	جوش؛ غرور جوانی	bshtik
պզուկ	جوش؛ غرور جوانی	pzuk
ծանոթություն	معرفت؛ آشنا	tsanotutyun
ծանոթ	معرفت؛ آشنا	tsanot
ծանոթացնված	بلد؛ شناسا	tsanotatsnvats
լուռ համաձայնվել	تن در دادن	lur hamadzaynvel
ստանալ	اندوختن	stanal
ստացում	اکتساب	statsum
ստացված	اکتساب	statsvats
ազատվելը	تبرئه؛ برائت ذمه	azatvele
ակր	جریب	akr
կծու	تند؛ گس	ktsu
դառը	تند؛ گس	dare
լայնակի	از عرض، سراسر	laynaki
լայնքով	از عرض، سراسر	laynkov
գործ	عمل کردن، نقش بازی کردن	gorts
վարմունք	عمل کردن، نقش بازی کردن	varmunk
գործողություն	عمل، اقدام	gortsoghutyun
ազդեցություն	عمل، اقدام	azdetsutyun
ակտիվացնել	فعال کردن	aktivatsnel
ռադիոակտիվ դարձնել	فعال کردن	radioaktiv dardznel
ծրագրի բերումը կատարման համար պատրաստ վիճակի	فعال‌سازی	tsragri berume katarman hamar patrast vichaki
ակտիվ	فعال	aktiv
գործունյա	فعال	gortsunya
ակտիվ կերպով	فعالانه	aktiv kerpov
ակտիվիստ	کنشگر	aktivist
գործունեություն	فعالیت	gortsuneutyun
ակտիվություն	فعالیت	aktivutyun
դերասան	بازیگر (مرد)	derasan
դերասանուհի	بازیگر (زن)	derasanuhi
իսկական	حالی	iskakan
իրական	حالی	irakan
փաստորեն	در واقع	pastoren
իրականում	در واقع	irakanum
ասեղնաբուժություն	سوزن درمانی؛ طب سوزنی	aseghnabuzhutyun
սուր	حاد	sur
խորաթափանց	حاد	khoratapants
սուր կերպով	بحدت	sur kerpov
սրություն	ذکاوت	srutyun
խորաթափանցություն	ذکاوت	khoratapantsutyun
գովազդ	بلد؛ ضال	govazd
ադամանդ	یکدنده	adamand
ամուր	یکدنده	amur
փոփոխել	تطبیق دادن	popokhel
հարմարվողականություն	انطباق	harmarvoghakanutyun
հարմարվողություն	انطباق	harmarvoghutyun
գումարել	اضافه کردن	gumarel
ավելացնել	اضافه کردن	avelatsnel
թունավոր օձ	افزیشگر؛ مار جعفری	tunavor odz
իժ	افزیشگر؛ مار جعفری	izh
թմրամոլ	معتاد؛ افیونی	tmramol
անձնատուր լինել	معتاد؛ افیونی	andznatur linel
սովորություն	اعتیاد	sovorutyun
հակում	اعتیاد	hakum
հավելում	جمع؛ علاوه	havelum
լրացում	جمع؛ علاوه	lratsum
ավելադիր	اضافی	aveladir
լրացուցիչ կերպով	علاوه بر این	lratsutsich kerpov
հասցե	آدرس	hastse
դիմում	آدرس	dimum
գիտակ	مرد زبردست	gitak
հմուտ	مرد زبردست	hmut
համապատասխան	کافی	hamapataskhan
համապատասխան կերպով	به اندازه کافی	hamapataskhan kerpov
ամուր կպչել	پایبند بودن	amur kpchel
կառչել	پایبند بودن	karchel
կապվածություն	تبعیت؛ ملازمت	kapvatsutyun
հավատարմություն	تبعیت؛ ملازمت	havatarmutyun
փակչում	دوسیدگی؛ کشش سطحی	pakchum
կցում	دوسیدگی؛ کشش سطحی	ktsum
մածուցիկ	چسبناک؛ چسبنده	matsutsik
կպչուն	چسبناک؛ چسبنده	kpchun
հարակից	مجاور	harakits
մերձավոր	مجاور	merdzavor
ածական	صفت	atsakan
միավորում	مجاور	miavorum
հավելված	صفت فرعی	havelvats
կարգի բերել	تنظیم کردن	kargi berel
կանոնավորում	تنظیم	kanonavorum
հարմարեցում	تنظیم	harmaretsum
համհարզ	آجودان	hamharz
ադյուտանտ	آجودان	adyutant
գործերը վարել	اداره کردن	gortsere varel
կառավարել	اداره کردن	karavarel
կառավարչություն	مدیریت؛ دولت	karavarchutyun
կառավարությունդեղորայքի նշանակում	مدیریت؛ دولت	karavarutyundeghorayki nshanakum
վարչական	اداری	varchakan
գործադիր	اداری	gortsadir
ադմինիստրատոր	مدیر	administrator
կառավարիչ	مدیر	karavarich
հիանալի	هژیر؛ پسندیده	hianali
սքանչելի	هژیر؛ پسندیده	skancheli
ծովակալ	دریاسالار؛ دریابیگی	tsovakal
ծովակալություն	دریاسالاری	tsovakalutyun
ծովային նախարարություն	دریاسالاری	tsovayin nakhararutyun
հիացմունք	پسند؛ تحسین	hiatsmunk
սքանչացում	پسند؛ تحسین	skanchatsum
հիանալ	پسندیدن؛ تحسین کردن	hianal
սքանչանալ	پسندیدن؛ تحسین کردن	skanchanal
երկրպագու	ستینده؛ تحسینکننده	erkrpagu
պաշտող	ستینده؛ تحسینکننده	pashtogh
թույլատրելը	پذیرش	tuylatrele
ընդունելը	پذیرش	endunele
ներս թողնված	پذیرفته	ners toghnvats
ընդունված է	معترفا	endunvats e
որ	معترفا	or
խրատել	پند دادن	khratel
զգուշացնել	پند دادن	zgushatsnel
հորդորող	عبرتانگیز	hordorogh
նախազգուշացնող	عبرتانگیز	nakhazgushatsnogh
պատանեկություն	بلوغ	patanekutyun
պատանյակ	نوجوان	patanyak
աղջնակ	نوجوان	aghjnak
որդեգրել	اتخاذ کردن؛ فرا گرفتن	ordegrel
յուրացնել	اتخاذ کردن؛ فرا گرفتن	yuratsnel
որդեգրում	فرزندخواندگی	ordegrum
ընդունում	فرزندخواندگی	endunum
պաշտելի	قابل پرستش	pashteli
հիասքանչ	قابل پرستش	hiaskanch
պաշտում	پرستش؛ عشق ورزی	pashtum
երկրպագություն	پرستش؛ عشق ورزی	erkrpagutyun
պաշտել	پرستیدن	pashtel
երկրպագել	پرستیدن	erkrpagel
զարդարել	آراستن؛ پیراستن	zardarel
զարդարում	آریش دهنده	zardarum
զարդարանք	زینت؛ تراز	zardarank
հոսանքով	غوطه ورروی آب مج	hosankov
ալիքների կամքով	غوطه ورروی آب مج	alikneri kamkov
ճարտար	زبر دست	chartar
ճարպիկ	زبر دست	charpik
չափահաս մարդ	بزرگسال	chapahas mard
չափահաս	بزرگسال	chapahas
առաջխաղացում	پیشروی؛ راقی	arajkhaghatsum
հաջողություն	پیشروی؛ راقی	hajoghutyun
առավելություն	مزیت	aravelutyun
նպաստել	مزیت	npastel
շահավետ	نافع؛ باصرفه	shahavet
նպաստավոր	نافع؛ باصرفه	npastavor
գալուստ	ظهور	galust
ժամանում	ظهور	zhamanum
արկած	ماجراجویی	arkats
ավանտյուրա	ماجراجویی	avantyura
արկածախնդիր	ماجراجو؛ حادثه جو	arkatsakhndir
բախտախնդիր	ماجراجو؛ حادثه جو	bakhtakhndir
համարձակ	ماجراجو؛ پرماجرا	hamardzak
վտանգալից	ماجراجو؛ پرماجرا	vtangalits
հակառակորդ	هم آورد؛ هم نبرد	hakarakord
ոսոխ	هم آورد؛ هم نبرد	osokh
ներհակ	نامطلوب	nerhak
թշնամական	نامطلوب	tshnamakan
ձախորդություն	نکبت؛ ضرا	dzakhordutyun
թշվառություն	نکبت؛ ضرا	tshvarutyun
ազդարարել	تبلیغ کردن	azdararel
ռեկլամել	تبلیغ کردن	reklamel
հայտարարություն	آگهی	haytararutyun
ռեկլամ	آگهی	reklam
ազդարարում	تبلیغات	azdararum
խորհուրդ	نصیحت، مشاوره	khorhurd
ծանուցում	نصیحت، مشاوره	tsanutsum
նպատակահարմար	مقتضی؛ مصلحتآمیز	npatakaharmar
ցանկալի	مقتضی؛ مصلحتآمیز	tsankali
խորհուրդ տալ	اعلامیه؛ تجویز	khorhurd tal
ծանուցել	اعلامیه؛ تجویز	tsanutsel
խորհրդական	رهنمون؛ ناصح	khorhrdakan
կոնսուլտանտ	رهنمون؛ ناصح	konsultant
խորհրդակցական	مشورتی؛ نصیحتی	khorhrdaktsakan
պաշտպանություն	طرفداری	pashtpanutyun
պրոպագանդա	طرفداری	propaganda
պաշտպան	حمایت کردن، حامی	pashtpan
կողմնակից	حمایت کردن، حامی	koghmnakits
անտենա	هویی	antena
օդային	هویی	odayin
էսթետիկ	زیبایی شناختی	estetik
գեղագիտական	زیبایی شناختی	geghagitakan
քաղցրաբարո	خوش خلق؛ خوش برخورد	kaghtsrabaro
սիրալիր	خوش خلق؛ خوش برخورد	siralir
զբաղմունք	امر؛ مصلحت	zbaghmunk
ներգործել	تأثیر گذاشتن	nergortsel
ազդել	تأثیر گذاشتن	azdel
առերես սեր	تصنع	areres ser
սեթեւեթություն	تصنع	setevetutyun
մտերմություն	محبت	mtermutyun
սիրող	مهربان؛ عاطف	sirogh
քնքուշ	مهربان؛ عاطف	knkush
հաստատել	آشکارا گفتن؛ بحق دانستن	hastatel
պնդել	آشکارا گفتن؛ بحق دانستن	pndel
հաստատական	مبت؛ تصدیقآمیز	hastatakan
դրական	مبت؛ تصدیقآمیز	drakan
տանջանք պատճառված	مستمند؛ رنجه	tanjank patcharvats
վիշտ	مصیبت؛ مشقت	visht
տրտմություն	مصیبت؛ مشقت	trtmutyun
ի վիճակի լինել որեւէ բան անելու	استطاعت داشتن؛ از عهده برآمدن	i vichaki linel oreve ban anelu
միջոցներ ունենալ	استطاعت داشتن؛ از عهده برآمدن	mijotsner unenal
նախատինք	روبرو دشنام دادن	nakhatink
թշնամություն	روبرو دشنام دادن	tshnamutyun
աղվանացի	افغان	aghvanatsi
աղվանական	افغان	aghvanakan
բոցերի մեջ	مشتعل	botseri mej
բոցավառված	مشتعل	botsavarvats
շարժման մեջ	در حرکت	sharzhman mej
ծովում	در حرکت	tsovum
վերոհիշյալ	مذکور	verohishyal
վախեցած	ترسیده	vakhetsats
Աֆրիկա	افریقا؛ آفریقا	Afrika
աֆրիկացի	آفریقیی؛ افریقیی	afrikatsi
աֆրիկյան	آفریقیی؛ افریقیی	afrikyan
հաջորդ	بعد از	hajord
հետին	بعد از	hetin
վերջալույս	پس تاب؛ پس فروزش	verjaluys
մայրամուտի շողք	پس تاب؛ پس فروزش	mayramuti shoghk
հետմահու կյանք	عقبی؛ آخرت	hetmahu kyank
աշնանախոտ	پیامد	ashnanakhot
երկրորդ հունձ	پیامد	erkrord hundz
կեսօրից հետո	بعدازظهر	kesorits heto
հետո	سپس؛ بعدا	heto
ապա	سپس؛ بعدا	apa
նորից	دوباره	norits
դարձյալ	دوباره	dardzyal
հակառակ	علیه	hakarak
դեմ	علیه	dem
ագատ	عقیق	agat
հասակ	سن	hasak
դարաշրջան	سن	darashrjan
միջոց	بنگاه؛ وکالت	mijots
միջնորդություն	بنگاه؛ وکالت	mijnordutyun
օրակարգ	برنامه عملیات	orakarg
հուշատետր	برنامه عملیات	hushatetr
գործակալ	مامور؛ عامل	gortsakal
պատճառ	مامور؛ عامل	patchar
ծանրացնված	مشدد	tsanratsnvats
վատթարացում	تشدید	vattaratsum
ծանրացում	تشدید	tsanratsum
ժողովել	متراکم ساختن؛ جمع شده	zhoghovel
հարձակում	پرخاشگری	hardzakum
ագրեսիա	پرخاشگری	agresia
ագրեսիվ	پرتکاپو؛ تجاوزی	agresiv
հարձակողական	پرتکاپو؛ تجاوزی	hardzakoghakan
ագրեսոր	متجاوز؛ مهاجم	agresor
սկզբնապատճառ	متجاوز؛ مهاجم	skzbnapatchar
զարհուրած	وحشت زده	zarhurats
սարսափած	وحشت زده	sarsapats
ճկուն	سریعالانتقال	chkun
արագաշարժ	سریعالانتقال	aragasharzh
շարժունություն	سبکبالی	sharzhunutyun
արագաշարժություն	سبکبالی	aragasharzhutyun
հուզված	آشفته؛ متلاطم	huzvats
խառնելը	تلاطم؛ آشفتگی	kharnele
ցնցելը	تلاطم؛ آشفتگی	tsntsele
խառնիչ	آشوبگر	kharnich
ագիտատոր	آشوبگر	agitator
առաջ	پیش از این	araj
տանջում	سوزناک؛ رنجآور	tanjum
հոգեւարք	رنج؛ سکرات مرگ	hogevark
համաձայնվել	موافق بودن	hamadzaynvel
հարմարվել	موافق بودن	harmarvel
հաճելի	سازگار؛ دلجو	hacheli
դուրեկան	سازگار؛ دلجو	durekan
համաձայնագիր	قرار؛ توافق	hamadzaynagir
պայմանագիր	قرار؛ توافق	paymanagir
գյուղատնտեսական	کشاورزی	gyughatntesakan
հողագործական	کشاورزی	hoghagortsakan
գյուղատնտեսություն	کشاورزی	gyughatntesutyun
հողագործություն	کشاورزی	hoghagortsutyun
ջերմ	تب و لرز	jerm
դող	تب و لرز	dogh
ախ	آه	akh
օհ	آه	oh
առջեւում	جلو؛ روبجلو	arjevum
օգնություն	یار؛ مدد	ognutyun
օգնական	یار؛ مدد	ognakan
անհանգստություն	ضعیفالبنیه	anhangstutyun
տկարություն	ضعیفالبنیه	tkarutyun
նպատակ	نشان؛ کام	npatak
մտադրություն	نشان؛ کام	mtadrutyun
աննպատակ	بی هدف؛ بی مقصد	annpatak
մթնոլորտ	هوا	mtnolort
թեթեւ քամի	هوا	tetev kami
ինքնաթիռ	طیاره؛ هواپیمیی	inknatir
ավիացիա	طیاره؛ هواپیمیی	aviatsia
ավիագիծ	خط هواپیمایی	aviagits
ուղիղ գիծ	خط هواپیمایی	ughigh gits
սավառնակ	هواپیما؛ طیاره	savarnak
օդանավակայան	فرودگاه	odanavakayan
թեթեւ	هوا مانند؛ با روح	tetev
շենքի թեւը	راه رو	shenki teve
երկրորդական բեմ	راه رو	erkrordakan bem
Ալաբամա	آلاباما	Alabama
խուճապ	آژیر؛ اعلان خطر	khuchap
տագնապ	آژیر؛ اعلان خطر	tagnap
ավա՜ղ	افسوس؛ وه	avagh
Օլբանի	آلبانی	Olbani
թեեւ	اگرچه	teev
ալբոմ	آلبوم	albom
սպիտ	آلبومین	spit
ալբումին	آلبومین	albumin
ալկոհոլ	الکل	alkohol
սպիրտ	الکل	spirt
ալկոհոլիկ	الکلی؛ شرابخور	alkoholik
ալկոհոլային	الکلی؛ شرابخور	alkoholayin
լաստենի	توسه؛ توسکا	lasteni
տագնապի ազդանշան	هشدار دادن، هوشیار	tagnapi azdanshan
օդային տագնապ	هشدار دادن، هوشیار	odayin tagnap
աչալրջություն	هشیاری؛ بیداری	achalrjutyun
զգոնություն	هشیاری؛ بیداری	zgonutyun
հանրահաշիվ	جبر؛ جبر و مقابله	hanrahashiv
օտարերկրացի	بیگانه	otarerkratsi
օտար	بیگانه	otar
մի գծի վրա դնել	همسو کردن	mi gtsi vra dnel
շարել	همسو کردن	sharel
հավասարեցում	همسویی	havasaretsum
տողաշտկում	همسویی	toghashtkum
նման	مشابه	nman
նույն ձեւով	مشابه	nuyn dzevov
սննդարար	رزقی	snndarar
սնուցիչ	رزقی	snutsich
սնունդ	خرجی؛ نفقه	snund
ապրուստ	خرجی؛ نفقه	aprust
կենդանի	زنده	kendani
ողջ	زنده	oghj
բոլորը	همه	bolore
ամենը	همه	amene
անհիմն պնդում	ادعا	anhimn pndum
առաջ բերել	ادعا کردن	araj berel
ըստ պնդումների	ظاهراً	est pndumneri
ենթադրաբար	ظاهراً	entadrabar
այլաբանություն	مجاز؛ کنیه	aylabanutyun
խորհրդանշան	مجاز؛ کنیه	khorhrdanshan
զվարթ	نشاط انگیز	zvart
զվարթանվագ	نشاط انگیز	zvartanvag
թեթեւացում	تسکین	tetevatsum
ծառուղի	کوچه؛ خیابان کوچک	tsarughi
նրբանցք	کوچه؛ خیابان کوچک	nrbantsk
միություն	اتحاد	miutyun
ամուսնական դաշինք	اتحاد	amusnakan dashink
հատկացնել	اختصاص دادن	hatkatsnel
սահմանել	اختصاص دادن	sahmanel
անջատում	تخصیص	anjatum
տարանջատում	تخصیص	taranjatum
թույլ տալ	اجازه دادن	tuyl tal
իրավունք տալ	اجازه دادن	iravunk tal
թույլատվություն	سهمیه، کمک هزینه	tuylatvutyun
շատ լավ	بسیار خوب، همه چیز درست	shat lav
լավ	بسیار خوب، همه چیز درست	lav
ակնարկել	اشارهکردن؛ تلمیح کردن	aknarkel
մի բանի դիմել	اشارهکردن؛ تلمیح کردن	mi bani dimel
ակնարկ	اشاره؛ کنیه	aknark
ակնարկում	اشاره؛ کنیه	aknarkum
ալյուվիալ	آبرفتی	alyuvial
գետաբերուկային	آبرفتی	getaberukayin
դաշնակից	متحد	dashnakits
միացնել	متحد	miatsnel
օրացույց	سالنما	oratsuyts
նուշ	بادام؛ آلموند	nush
գրեթե	تقریباً	grete
համարյա	تقریباً	hamarya
ողորմություն	زکات؛ ذکات	oghormutyun
դեպի վեր	در نوک؛ در فوق	depi ver
մենակ	تنها	menak
միայնակ	تنها	miaynak
երկարությամբ	در امتداد	erkarutyamb
ծայրից ծայր	در امتداد	tsayrits tsayr
երկայնքով	در کنار	erkaynkov
կողք կողքի	در کنار	koghk koghki
հեռու	کناره گیر	heru
հեռվում	کناره گیر	hervum
ալֆա	ستاره اول	alfa
արդեն	قبلا	arden
ամեն ինչ կարգին	صحیح است	amen inch kargin
նույնպես	همچنین	nuynpes
նաեւ	همچنین	naev
զոհասեղան	مبح؛ محراب	zohaseghan
փոխել	دگرگون کردن؛ دگرگون شدن	pokhel
վերափոխել	دگرگون کردن؛ دگرگون شدن	verapokhel
փոփոխություն	دگرش	popokhutyun
փոփոխում	دگرش	popokhum
վեճ	مجادله	vech
կռիվ	مجادله	kriv
ընդմիջվող	متناوب کردن؛ تناوب کردن	endmijvogh
միմյանց հաջորդող	متناوب کردن؛ تناوب کردن	mimyants hajordogh
ընդմիջվող կերպով	غبا	endmijvogh kerpov
հաջորդականություն	تناوب؛ یک درمیانی	hajordakanutyun
միմյանց հաջորդելը	تناوب؛ یک درمیانی	mimyants hajordele
ընտրություն	جایگزین	entrutyun
երկընտրանք	جایگزین	erkentrank
ընտրություն կերպով	بنوبت؛ متناوبا	entrutyun kerpov
չնայած որ	اگرچه	chnayats or
ընդհանրապես	کلاً	endhanrapes
ամբողջությամբ	کلاً	amboghjutyamb
շիբ	زاغ؛ زاج	shib
պաղլեղ	زاغ؛ زاج	paghlegh
ալյումին	آلومینیوم	alyumin
միշտ	همیشه	misht
ամալգամ	ملقمه	amalgam
խառնուրդ	ملقمه	kharnurd
դիլետանտ	آماتور	diletant
զարմացնված	متعجب؛ متحیر	zarmatsnvats
զարմանք	حیرت؛ بهت	zarmank
ապշանք	حیرت؛ بهت	apshank
զարմանալի	شگفت‌انگیز	zarmanali
ապշեցուցիչ	شگفت‌انگیز	apshetsutsich
դեսպան	سفیر	despan
պատվիրակ	سفیر	patvirak
սաթ	شاهبوی؛ کهربا	sat
սաթի	شاهبوی؛ کهربا	sati
երկիմաստություն	ابهام	erkimastutyun
երկդիմություն	ابهام	erkdimutyun
երկիմաստ	مبهم	erkimast
անորոշ	مبهم	anorosh
փառասիրություն	جاه طلبی	parasirutyun
ձգտում	جاه طلبی	dzgtum
փառասեր	نامجو؛ بلند همت	paraser
փառամոլ	نامجو؛ بلند همت	paramol
դաշտային հիվանդանոց	آمبولانس	dashtayin hivandanots
սանիտարական սայլակ	آمبولانس	sanitarakan saylak
որոգայթ	کمین؛ کمینگاه	orogayt
դարան	کمین؛ کمینگاه	daran
ամեն	آمین	amen
համաձայնություն տալ	آمین	hamadzaynutyun tal
ուղղել	اصلاح کردن	ughghel
լավացնել	اصلاح کردن	lavatsnel
բարելավում	اصلاحیه	barelavum
Ամերիկա	آمریکا	Amerika
ամերիկացի	آمریکایی	amerikatsi
ամերիկյան	آمریکایی	amerikyan
ամետիստ	در بنفش؛ در کوهی بنفش	ametist
մեղեսիկ	در بنفش؛ در کوهی بنفش	meghesik
մեջը	در میان	meje
մեջ	در لابلی	mej
մեջտեղ	در لابلی	mejtegh
ամոնիակ	آمونیاک	amoniak
անուշադրասպիրտ	آمونیاک	anushadraspirt
ներում	عفو؛ عفو عمومی کردن	nerum
միջեւ	در میان	mijev
սիրահար	عاشقانه	sirahar
գումար	مقدار	gumar
հանրագումար	مقدار	hanragumar
անդամահատել	قطع اندام کردن	andamahatel
զվարճացնել	سرگرم کردن؛ تفریح دادن	zvarchatsnel
զարմացնել	سرگرم کردن؛ تفریح دادن	zarmatsnel
զվարճություն	تفریح؛ لهو	zvarchutyun
զվարճանք	تفریح؛ لهو	zvarchank
զվարճալի	سرگرم کننده	zvarchali
հետաքրքիր	سرگرم کننده	hetakrkir
անաերոբ	ناهوازی	anaerob
անեստեզիա	داروی بیهوشی	anestezia
անզգայացում	داروی بیهوشی	anzgayatsum
հետանցքային	کونی؛ مقعدی	hetantskayin
նմանություն	قیاس	nmanutyun
վերլուծում	حل؛ تجزیه	verlutsum
վերլուծություն	حل؛ تجزیه	verlutsutyun
վերլուծող	تحلیلگر	verlutsogh
անալիտիկ	تحلیلگر	analitik
վերլուծական	تحلیلی	verlutsakan
վերլուծել	تجزیه کردن؛ تحلیل کردن	verlutsel
անալիզի ենթարկել	تجزیه کردن؛ تحلیل کردن	analizi entarkel
անարխիստ	آشوب طلب؛ هرج و مآرج طلب	anarkhist
անարխիա	بی قانونی؛ بی نظمی	anarkhia
անիշխանություն	بی قانونی؛ بی نظمی	anishkhanutyun
անատոմիական	تشریحی	anatomiakan
անատոմիա	استخوانبندی؛ کالبد شناسی	anatomia
դիահատում	استخوانبندی؛ کالبد شناسی	diahatum
նախածնող	جد	nakhatsnogh
նախահայր	جد	nakhahayr
ժառանգական	نسبی؛ اجدادی	zharangakan
տոհմական	نسبی؛ اجدادی	tohmakan
նախնիք	اصل ونسب	nakhnik
նախահայրեր	اصل ونسب	nakhahayrer
խարիսխ	لنگر	khariskh
ամրացնել	لنگر	amratsnel
հին	باستانی	hin
հնադարյան	باستانی	hnadaryan
եւ	و	ev
իսկ	و	isk
անեկդոտ	ضرب المثل؛ قصه کوتاه	anekdot
միջադեպ	ضرب المثل؛ قصه کوتاه	mijadep
հրեշտակ	فرشته	hreshtak
հրեշտակային	ملکی؛ فرشتهی	hreshtakayin
հրեշտակի նման	ملکی؛ فرشتهی	hreshtaki nman
բարկություն	غضب؛ خشم	barkutyun
զայրույթ	غضب؛ خشم	zayruyt
անկյուն	گوشه؛ زاویه	ankyun
անկյունաչափ	گوشه؛ زاویه	ankyunachap
զայրացած	عصبانی	zayratsats
բարկացած	عصبانی	barkatsats
տառապանք	تاب و تب	tarapank
չարչարանք	تاب و تب	charcharank
անկյունային	زاویهی؛ گوشه دار	ankyunayin
անկյունավոր	زاویهی؛ گوشه دار	ankyunavor
անասուն	حیوان	anasun
աշխույժ	جان دار؛ روح دادن	ashkhuyzh
աշխուժություն	پویانمایی	ashkhuzhutyun
ոգեւորություն	پویانمایی	ogevorutyun
չարություն	کینه؛ دشمنی	charutyun
կոճ	مچ پا	koch
տարեգիրք	اخبار سال؛ وقیع سالیانه	taregirk
տարեգրություն	اخبار سال؛ وقیع سالیانه	taregrutyun
միացում	الحاق؛ ضم	miatsum
բնաջնջել	نابود کردن؛ کن فیکون کردن	bnajnjel
տարեդարձ	سالروز؛ سالگرد	taredardz
տարելից	سالروز؛ سالگرد	tarelits
հայտարարել	اعلامداشتن؛ اعلام کردن	haytararel
հայտնել	اعلامداشتن؛ اعلام کردن	haytnel
ձանձրացնել	رنجاندن؛ آزردن	dzandzratsnel
գրգռել	رنجاندن؛ آزردن	grgrel
ձանձրույթ	رنجش؛ دلخوری	dzandzruyt
ձանձրացնելը	رنجش؛ دلخوری	dzandzratsnele
ձանձրացնում	رنجاننده؛ سرخوری	dzandzratsnum
միամյա	سالانه؛ سالیانه	miamya
տարեկան	سالانه؛ سالیانه	tarekan
ամեն տարի	سالانه	amen tari
ջնջում	نسخ؛ ابطال	jnjum
անոդ	آنود؛ قطب مثبت	anod
օծված	مسح شدن	otsvats
անանուն	ناشناس	ananun
ուրիշ	دیگری	urish
մի ուրիշ	دیگری	mi urish
պատասխան	پاسخ، پاسخ دادن	pataskhan
լուծում	پاسخ، پاسخ دادن	lutsum
մրջյուն	مورچه	mrjyun
հակամարտություն	هم آوری؛ اصل مخالف	hakamartutyun
ախոյան	هم نبرد	akhoyan
նախորդող	ماقبل	nakhordogh
նախորդ	ماقبل	nakhord
ածխաքար	آنتراسیت	atskhakar
կայծակ	خراج؛ ینتراکس	kaytsak
հակա	ضد	haka
հակամարմին	پادتن	hakamarmin
նախատեսել	پیش‌بینی کردن	nakhatesel
նախազգալ	پیش‌بینی کردن	nakhazgal
սպասում	پیشدستی	spasum
ակնկալում	پیشدستی	aknkalum
հակածին	پادزا؛ پادگن	hakatsin
անտիգեն	پادزا؛ پادگن	antigen
հնություն	عتیقه؛ عتیق	hnutyun
վաղեմի	عتیقه؛ عتیق	vaghemi
հին ժամանակներ	کهنگی؛ دیرینگی	hin zhamanakner
հականեխական	گندزدا؛ ضدعفونی	hakanekhakan
հակատոքսին	زهردارو؛ پادزهرابه	hakatoksin
հակաթույն	زهردارو؛ پادزهرابه	hakatuyn
սրբան	نشین؛ مقعد	srban
հուզմունք	اضطراب	huzmunk
մտահոգ	مشتاق؛ اندیشناک	mtahog
անհանգիստ	مشتاق؛ اندیشناک	anhangist
մտահոգ կերպով	مشتاقانه	mtahog kerpov
որեւէ	هر؛ هر، هیچ	oreve
ամեն մի	هر؛ هر، هیچ	amen mi
որեւէ մեկը	هر کسی	oreve meke
ամեն մեկը	هر کسی	amen meke
այսպես թե այնպես	درهرصورت؛ بهرشکل	ayspes te aynpes
մի կերպ	درهرصورت؛ بهرشکل	mi kerp
այլեւս	دیگر	aylevs
որեւէ բան	هر چیزی	oreve ban
ինչ ցանկանաք	هر چیزی	inch tsankanak
համենայն դեպս	به هر حال	hamenayn deps
ինչպես էլ որ լինի	به هر حال	inchpes el or lini
որեւէ տեղ	هر جا	oreve tegh
որտեղ ցանկանաք	هر جا	ortegh tsankanak
մայրերակ	آورتا	mayrerak
շուտ	باسرعت زیاد	shut
մեծաքայլ	باسرعت زیاد	metsakayl
առանձին	جدا؛ مجزا	arandzin
մի կողմ	جدا؛ مجزا	mi koghm
սենյակ	آپارتمان	senyak
բնակարան	آپارتمان	bnakaran
անզգա	بی احساس	anzga
անտարբեր	بی احساس	antarber
կապիկ	میمون؛ بوزینه	kapik
կապկել	میمون؛ بوزینه	kapkel
գագաթ	ذروه	gagat
կատար	ذروه	katar
ներողություն խնդրել	معذرت خواستن؛ پوزش خواستن	neroghutyun khndrel
արդարանալ	معذرت خواستن؛ پوزش خواستن	ardaranal
ներողություն	عذرخواهی	neroghutyun
արդարացում	عذرخواهی	ardaratsum
կաթված	سکته ناقص	katvats
առաքյալ	فرستاده؛ حواری	arakyal
գործիք	دستگاه	gortsik
մեքենա	دستگاه	mekena
հայտնի	پیدا؛ نمودار	haytni
ակներեւ	پیدا؛ نمودار	aknerev
ըստ երեւույթին	ظاهرا؛ نظرا	est erevuytin
ակնհայտ կերպովհայտնապես	ظاهرا؛ نظرا	aknhayt kerpovhaytnapes
կոչ	فرجام؛ جذابیت	koch
խնդրանք	فرجام؛ جذابیت	khndrank
երեւալ	ظاهر شدن	ereval
հայտնվել	ظاهر شدن	haytnvel
հայտնվելը	ظاهر	haytnvele
երեւալը	ظاهر	erevale
խաղաղեցնել	دلنوازی کردن؛ دلجوئی کردن	khaghaghetsnel
հանդարտեցնել	دلنوازی کردن؛ دلجوئی کردن	handartetsnel
խաղաղեցնում	دلجویانه	khaghaghetsnum
անուն	وجه تسمیه	anun
անվանում	وجه تسمیه	anvanum
ավելացում կշռին	مضافات	avelatsum kshrin
կույր աղիքի բորբոքում	آپاندیس	kuyr aghiki borbokum
ախորժակ	اشتها	akhorzhak
ախորժելի	خوش خوراک؛ اشتها آور	akhorzheli
հրապուրիչ	خوش خوراک؛ اشتها آور	hrapurich
ծափահարել	تشویق کردن	tsapaharel
հավանություն տալ	تشویق کردن	havanutyun tal
ծափահարություն	تمجید؛ هلهله	tsapaharutyun
խնձոր	سیب	khndzor
մերձեցում	اسباب	merdzetsum
պատշաճեցում	اسباب	patshachetsum
պատշաճ	قابل اجرا	patshach
հայցվոր	متقاضی	haytsvor
թեկնածու	متقاضی	teknatsu
դիմել	درخواست کردن، اعمال کردن	dimel
կիրառել	درخواست کردن، اعمال کردن	kirarel
անվանել	منصوب کردن	anvanel
կարգել	منصوب کردن	kargel
նշանակում	تعیین؛ انتصاب	nshanakum
ժամադրություն	تعیین؛ انتصاب	zhamadrutyun
գնահատական	تقویم؛ تخمین	gnahatakan
գնահատում	تقویم؛ تخمین	gnahatum
գին դնել	تعیین قیمت کردن	gin dnel
արժեցնել	تعیین قیمت کردن	arzhetsnel
նկատելի	قابل تقدیر؛ قابل ارزیابی	nkateli
շոշափելի	قابل تقدیر؛ قابل ارزیابی	shoshapeli
գնահատել	تقدیر کردن؛ تشکر کردن	gnahatel
բարձրացնել	تقدیر کردن؛ تشکر کردن	bardzratsnel
բարձրգնահատական	قدردانی	bardzrgnahatakan
տարբերակում	قدردانی	tarberakum
ըմբռնողականություն	تشویش خاطر	embrnoghakanutyun
հասկացում	تشویش خاطر	haskatsum
կշռադատող	مستشعر؛ درک کننده	kshradatogh
հասկացող	مستشعر؛ درک کننده	haskatsogh
աշակերտ	شاگرد	ashakert
սկսնակ	شاگرد	sksnak
աշկերտություն	شاگردی؛ تلمذ	ashkertutyun
մոտենալ	مراجعهکردن؛ نزدیک شدن	motenal
մոտեցում	مراجعهکردن؛ نزدیک شدن	motetsum
հարմար	مناسب؛ مقتضی	harmar
վավերացնել	امضاکردن؛ پسند کردن	vaveratsnel
մոտավոր	تقریبی؛ تخمینی	motavor
մոտենալը	تقریب	motenale
ապրիլ	آوریل	april
գոգնոց	خرند؛ پیش بند	gognots
ծածկոց	خرند؛ پیش بند	tsatskots
ակվարիում	آکواریوم؛ آبزیگاه	akvarium
արաբական	عربی؛ عرب	arabakan
վարելահող	مزروعی؛ قابل زرع	varelahogh
հերկելի	مزروعی؛ قابل زرع	herkeli
ինքնակամ կերպով	به‌طور قراردادی	inknakam kerpov
ինքնակամ	خودسرانه	inknakam
քմահաճ	خودسرانه	kmahach
միջնորդ դատարանի որոշում	داوری؛ حکمیت	mijnord datarani oroshum
աղեղ	کمان	aghegh
ծիածան	کمان	tsiatsan
կամարաշարք	تیمچه	kamarashark
պասաժ	تیمچه	pasazh
կամար	طاق؛ تاق	kamar
հնագիտական	باستانشناسی	hnagitakan
արքեպիսկոպոս	سر اسقف؛ اسقف بزرگ	arkepiskopos
կամարակապ	طاقدار	kamarakap
կամարաձեւ	طاقدار	kamaradzev
կղզիախումբ	مجمع الجزیر؛ دریی پر جزیره	kghziakhumb
ճարտարապետ	معمار	chartarapet
ստեղծող	معمار	steghtsogh
ճարտարապետական	معماری	chartarapetakan
ճարտարապետություն	معماری	chartarapetutyun
կառուցվածք	معماری	karutsvatsk
արխիվ	آرشیو	arkhiv
արխիվացնել	آرشیو	arkhivatsnel
կամարակապ անցք	گذر سرپوشیده؛ دروازه طاقدار	kamarakap antsk
կամարի տակի անցք	گذر سرپوشیده؛ دروازه طاقدار	kamari taki antsk
Արկտիկա	شمالی؛ قطبی	Arktika
բեւեռային	شمالی؛ قطبی	beverayin
դժվար	پر زحمت؛ صعب الصعود	dzhvar
տարածություն	منطقه	taratsutyun
մակերես	منطقه	makeres
ասպարեզ	عرصه	asparez
կարելի է պնդել	مسلماً	kareli e pndel
վիճել	بحث کردن	vichel
ապացուցել	بحث کردن	apatsutsel
փաստարկ	بحث	pastark
ապացույց	بحث	apatsuyts
վիճելի	جدلی؛ استدلالی	vicheli
վիճել սիրող	جدلی؛ استدلالی	vichel sirogh
չոր	خشک؛ لم یزرع	chor
չորային	خشک؛ لم یزرع	chorayin
ծագել	بروز کردن	tsagel
արիստոկրատիա	نجبا؛ اشرافیت	aristokratia
արիստոկրատ	بزرگزاده؛ اشرافزاده	aristokrat
արիստոկրատիկական	اشرافی؛ اعیانی	aristokratikakan
Արկանզաս	آرکانزاس	Arkanzas
բազուկ	بازو؛ مسلح کردن	bazuk
առջեւի ոտք	بازو؛ مسلح کردن	arjevi otk
զորք	تسلیحات	zork
բանակ	تسلیحات	banak
բազկաթոռ	صندلی دسته دار	bazkator
հայ	ارمنی؛ زبان ارمنی	hay
հայուհի	ارمنی؛ زبان ارمنی	hayuhi
զինելը	تسلیح	zinele
զինադադար	متارکه جنگ؛ صلح موقت	zinadadar
զրահ	جوشن	zrah
սպառազինություն	جوشن	sparazinutyun
զինանոց	زراد خانه	zinanots
անութ	بغل؛ زیر بغل	anut
կռնատակ	بغل؛ زیر بغل	krnatak
բազմություն	ارتش	bazmutyun
անուշահոտ	خوشبو؛ گیاه خوشبو	anushahot
անուշաբույր	خوشبو؛ گیاه خوشبو	anushabuyr
շուրջը	اطراف، حدود	shurje
հարուցում	تحریص؛ شهوت آمیز	harutsum
կարգավորել	ترتیب دادن	kargavorel
դասավորել	ترتیب دادن	dasavorel
կարգավորում	ترتیب	kargavorum
նախապատրաստում	ترتیب	nakhapatrastum
կարգ	آرایه	karg
դաս	آرایه	das
պարտք	پس افت	partk
ապառք	پس افت	apark
կալանք	جلب؛ توقیف	kalank
արգելում	جلب؛ توقیف	argelum
գալ	رسیدن	gal
ժամանել	رسیدن	zhamanel
գոռոզություն	تکبر؛ نخوت	gorozutyun
ամբարտավանություն	تکبر؛ نخوت	ambartavanutyun
գոռոզ	خودکامه؛ مغرور	goroz
ամբարտավան	خودکامه؛ مغرور	ambartavan
նետ	پیکان	net
սլաք	پیکان	slak
արսենալ	زرادخانه؛ مهمات جنگی	arsenal
արվեստ	هنر	arvest
արհեստ	هنر	arhest
զարկերակային	شریانی	zarkerakayin
ճյուղավորվող	شریانی	chyughavorvogh
շնչերակ	سرخرگ؛ شریان	shncherak
պողոտա	سرخرگ؛ شریان	poghota
խորամանկ	نیرنگ باز	khoramank
նրբամիտ	نیرنگ باز	nrbamit
հոդված	مقاله	hodvats
պարագրաֆ	مقاله	paragraf
հոդի	مفصلی	hodi
հոդային	مفصلی	hodayin
պարզ	بیان کردن	parz
հոդվածավոր	بیان کردن	hodvatsavor
հոդաբաշխ արտասանություն	مفصل بندی؛ طرز گفتار	hodabashkh artasanutyun
արտասանություն	مفصل بندی؛ طرز گفتار	artasanutyun
արհեստական	مصنوعی؛ ساختگی	arhestakan
հրետանի	توپ؛ توپخانه	hretani
թնդանոթ	توپ؛ توپخانه	tndanot
նկարել	هنرمند	nkarel
վարպետ	هنرمند	varpet
արտիստական	هنری؛ هنرمندانه	artistakan
գեղարվեստական	هنری؛ هنرمندانه	gegharvestakan
արվեստի գործ	اثر هنری	arvesti gorts
ինչպես	به عنوان، همانطور که؛ همانطور که	inchpes
այնպես	به عنوان، همانطور که؛ همانطور که	aynpes
բարձրանալ	فرازیدن؛ فرازروی	bardzranal
ելնել	فرازیدن؛ فرازروی	elnel
պարզել	محقق نمودن؛ محقق دانستن	parzel
ճգնավոր	زاهد؛ زاهدانه	chgnavor
խստակյաց	زاهد؛ زاهدانه	khstakyats
վերագրված	منسوب	veragrvats
հացենի	خاکستر	hatseni
մոխիր	خاکستر	mokhir
ամոթահար	شرمنده؛ خجل	amotahar
հացենու	خاکستری؛ شبیه خاکستر	hatsenu
մոխրի	خاکستری؛ شبیه خاکستر	mokhri
ափին	بکنار؛ درساحل	apin
ափին մոտ	بکنار؛ درساحل	apin mot
Ասիա	آسیا	Asia
մի կողմում	کنار	mi koghmum
հարցնել	پرسیدن، درخواست کردن	hartsnel
խնդրել	پرسیدن، درخواست کردن	khndrel
քնած	خوابیده	knats
թմրած	خوابیده	tmrats
ծնեբեկ	مارچوبه؛ شودی	tsnebek
տեսակետ	منظر؛ منظره	tesaket
կերպ	منظر؛ منظره	kerp
ցողում	هتک	tsoghum
սրսկում	هتک	srskum
ցանկություն	آرزو	tsankutyun
տենչալ	آرزو کردن	tenchal
ձգտել	آرزو کردن	dzgtel
ասպիրին	آسپیرین	aspirin
էշ	الاغ؛ ماتحت	esh
հիմար ձեւանալ	الاغ؛ ماتحت	himar dzevanal
հարձակվող կողմ	ضارب	hardzakvogh koghm
մարդասպան	قاتل؛ آدمکش	mardaspan
սպանություն	ترور	spanutyun
գրոհում	حمله	grohum
ժողով	مونتاژ، مجلس	zhoghov
ասամբլեա	مونتاژ، مجلس	asamblea
հարկում	ارزیابی؛ اظهارنظر	harkum
հարկման գումարը	ارزیابی؛ اظهارنظر	harkman gumare
խորհրդատու	ارزیاب	khorhrdatu
հարկային տեսուչ	ارزیاب	harkayin tesuch
սնանկ	دارایی	snank
ջանասեր	مستدام؛ عاکف	janaser
ժրաջան	مستدام؛ عاکف	zhrajan
նշանակել	اختصاص دادن	nshanakel
որոշել	اختصاص دادن	oroshel
բաժանում	تکلیف؛ گمارش	bazhanum
նմանեցնել	تلفیق کردن؛ سازش کردن	nmanetsnel
նմանվել	تلفیق کردن؛ سازش کردن	nmanvel
օգնել	یاری کردن؛ اعانه کردن	ognel
աջակցել	یاری کردن؛ اعانه کردن	ajaktsel
աջակցություն	کمک	ajaktsutyun
ասիստենտ	دستیار	asistent
թղթակից անդամ	نزدیکی کردن؛ اختلاط کردن	tghtakits andam
ընկերություն	معاشرت؛ اشتراک	enkerutyun
հանձն առնել	پنداشتن؛ فرض کردن	handzn arnel
ստանձնել	پنداشتن؛ فرض کردن	standznel
հանձն առնելը	فرض	handzn arnele
ստանձնելը	فرض	standznele
հավաստիացում	اطمینان	havastiatsum
երաշխավորություն	اطمینان	erashkhavorutyun
հավաստիացնել	اطمینان دادن	havastiatsnel
համոզել	اطمینان دادن	hamozel
աստղանիշ	ستاره	astghanish
ապշեցնել	گیج کردن؛ مبهوت کردن	apshetsnel
կարակուլ	حاجی ترخان	karakul
բուխարա	حاجی ترخان	bukhara
մոլոր	گمراه؛ بی راه	molor
ծուռ	گمراه؛ بی راه	tsur
աստղագիտություն	نجوم؛ ستاره شناسی	astghagitutyun
սրամիտ	تیز هوش	sramit
ապաստարան	پناهندگی	apastaran
օթեւան	پناهندگی	otevan
ի	در	i
առ	در	ar
անաստված	ناخدا؛ زندیق	anastvats
աթեիստ	ناخدا؛ زندیق	ateist
աթեիստական	ناخدا	ateistakan
ատլետ	ورزشکار	atlet
ըմբիշ	ورزشکار	embish
ատլետիկա	ورزشی؛ پهلوانی	atletika
ատլետիկ	ورزشی؛ پهلوانی	atletik
ատլանտյան	آتلانتیک	atlantyan
ատոմ	اتم؛ آتم	atom
ատոմային	اتم؛ آتم	atomayin
միաբանել	کفاره دادن؛ تقاص پس دادن	miabanel
հաշտվել	کفاره دادن؛ تقاص پس دادن	hashtvel
քավություն	دیه	kavutyun
հատուցում	دیه	hatutsum
դաժանություն	جنیات	dazhanutyun
գազանություն	جنیات	gazanutyun
փակցնել	ضمیمه کردن؛ الصاق کردن	paktsnel
նվիրվածություն	پیوست	nvirvatsutyun
գրոհ	حمله، حمله کردن	groh
հասնել	دست یافتن	hasnel
հասնելը	نیل؛ حصول	hasnele
ձեռք բերելը	نیل؛ حصول	dzerk berele
փորձ	سعی؛ کوشش	pordz
ձեռնարկում	سعی؛ کوشش	dzernarkum
հաճախել	شرکت کردن	hachakhel
ներկա լինել	شرکت کردن	nerka linel
ներկայություն	حضور	nerkayutyun
հաճախում	حضور	hachakhum
ուղեկցող	ملازم؛ ملتزم	ughektsogh
սպասարկող	ملازم؛ ملتزم	spasarkogh
ուշադրություն	توجه	ushadrutyun
հոգածություն	توجه	hogatsutyun
ուշադիր	متوجه؛ دربند	ushadir
հոգատար	متوجه؛ دربند	hogatar
զգեստ	لباس پوشاندن	zgest
պճնազգեստ	لباس پوشاندن	pchnazgest
դիրք	طرز برخورد	dirk
վերաբերմունք	طرز برخورد	verabermunk
հավատարմատար	وکیل	havatarmatar
իրավաբան	وکیل	iravaban
ձգել	مجذوب کردن؛ مجذوب ساختن	dzgel
գրավել	مجذوب کردن؛ مجذوب ساختن	gravel
ձգողություն	جلب؛ جذب	dzgoghutyun
ձգողականություն	جلب؛ جذب	dzgoghakanutyun
գրավիչ	جذاب	gravich
հատկություն	نسبت دادن، صفت	hatkutyun
բնորոշ հատկանիշ	نسبت دادن، صفت	bnorosh hatkanish
աճուրդ	حراج	achurd
հանդուգն	گستاخ؛ جسور	handugn
համարձակություն	بی باکی	hamardzakutyun
հանդգնություն	بی باکی	handgnutyun
պարզորոշ	شنیدنی	parzorosh
պարզ լսելի	شنیدنی	parz lseli
ունկնդիրներ	حضار	unkndirner
ձայնանյութ	شنیداری	dzaynanyut
աուդիո	شنیداری	audio
հաշվեքննություն	حسابرسی	hashveknnutyun
վերստուգիչ	ممیز؛ مستمع	verstugich
ռեւիզոր	ممیز؛ مستمع	revizor
լսողական	سمعی؛ سماعی	lsoghakan
օգոստոս	آگوست	ogostos
վեհափառ	آگوست	vehapar
հորաքույր	عمه، خاله	horakuyr
մորաքույր	عمه، خاله	morakuyr
նախագուշակում	توجهات	nakhagushakum
հովանավորություն	توجهات	hovanavorutyun
բարեպատեհ	خجسته؛ فرخنده	barepateh
հաջողակ	خجسته؛ فرخنده	hajoghak
խիստ	ریاضت کش	khist
դաժան	ریاضت کش	dazhan
խստություն	ریاضت	khstutyun
Ավստրալիա	استرالیا	Avstralia
ավստրալիացի	استرالیائی	avstraliatsi
Ավստրիա	اطریش؛ اتریش	Avstria
ավստրիացի	اتریشی؛ اطریشی	avstriatsi
վավերական	معتبر	vaverakan
վավերականություն	اصالت؛ سندیت	vaverakanutyun
ստուգություն	اصالت؛ سندیت	stugutyun
հեղինակ	نویسنده	heghinak
գրող	نویسنده	grogh
հեղինակավոր	حاکمانه	heghinakavor
իշխանական	حاکمانه	ishkhanakan
իշխանություն	اجازه؛ اختیار	ishkhanutyun
ղեկավարություն	اجازه؛ اختیار	ghekavarutyun
վավերացում	تنفیذ	vaveratsum
սանկցիա	تنفیذ	sanktsia
թույլատրել	مجوز دادن	tuylatrel
ավտոմոբիլ	خودرو	avtomobil
ինքնա	خودرو	inkna
ինքնակենսագրություն	خودزیستنامه	inknakensagrutyun
ինքնակալություն	استبداد	inknakalutyun
ինքնակալ	سلطان مطلق؛ سلطان مستبد	inknakal
ինքնիշխան	سلطان مطلق؛ سلطان مستبد	inknishkhan
ինքնակալական	استبدادی	inknakalakan
բռնակալական	استبدادی	brnakalakan
ավտոմատ	خودکار	avtomat
ակամա	خودکار	akama
ավտոմատ կերպով	به صورت خودکار	avtomat kerpov
ավտոմոբիլային	اتومبیل؛ خودرو	avtomobilayin
ավտոնոմ	خودگردان؛ خود مختار	avtonom
ինքնավար	خودگردان؛ خود مختار	inknavar
ավտոնոմիա	خودمختاری	avtonomia
ինքնավարություն	خودمختاری	inknavarutyun
աշուն	پاییز	ashun
աշնանային	پاییز	ashnanayin
օգուտ	بکار خوردن؛ سودمند بودن	ogut
շահ	بکار خوردن؛ سودمند بودن	shah
պիտանիություն	در دسترس بودن	pitaniutyun
օգտակարություն	در دسترس بودن	ogtakarutyun
առկա	در دسترس	arka
առձեռն	در دسترس	ardzern
ձյունակույտ	بهمن	dzyunakuyt
վրեժ առնել	دادگیری کردن	vrezh arnel
միջին մեծություն	متوسط	mijin metsutyun
վնասի տեսակ	متوسط	vnasi tesak
խորշում	نفرت؛ بدآمدن	khorshum
ատելություն	نفرت؛ بدآمدن	atelutyun
ավիացիոն	هواپیمائی؛ هوانوردی	aviatsion
խուսափել	اجتناب کردن	khusapel
չեղյալ համարել	اجتناب کردن	cheghyal hamarel
խուսափում	اجتناب؛ حذر	khusapum
ճանաչված	اعتراف شده	chanachvats
ընդունված	اعتراف شده	endunvats
սպասել	در انتظار بودن	spasel
ակնկալել	در انتظار بودن	aknkalel
արթուն	بیدار؛ بیداری کشیدن	artun
զգոն	بیدار؛ بیداری کشیدن	zgon
որոշում	جایزه	oroshum
վճիռ	جایزه	vchir
գիտակցող	آگاه؛ مطلع	gitaktsogh
իրազեկ	آگاه؛ مطلع	irazek
գիտակցող լինելը	آگاهی	gitaktsogh linele
հեռավորության վրա	دور	heravorutyan vra
ահ	هیبت؛ هیبت دادن	ah
սոսկում	هیبت؛ هیبت دادن	soskum
սոսկալի	وحشتناک	soskali
սարսափելի	وحشتناک	sarsapeli
մի քիչ	مدتی؛ یک چندی	mi kich
անշնորհք	نامناسب	anshnorhk
անճարակ	نامناسب	ancharak
անշնորհքություն	ناشیگری	anshnorhkutyun
անճկունություն	ناشیگری	anchkunutyun
թեք	چپ چپ؛ به‌طور میل	tek
կացին	تیشه؛ تبر	katsin
գլխատում	تیشه؛ تبر	glkhatum
առանցք	آسه؛ محور چرخ	arantsk
լիսեռ	آسه؛ محور چرخ	liser
կապույտ	مینا؛ لاجورد	kapuyt
երկնագույն	مینا؛ لاجورد	erknaguyn
Բաբելոն	طرح خیالی؛ بنای شگرف	Babelon
լեզվական խառնաշփոթ	طرح خیالی؛ بنای شگرف	lezvakan kharnashpot
պավիան	عنتر	pavian
մանկիկ	نوزاد، کودک	mankik
երեխա	نوزاد، کودک	erekha
ամուրի	عزب؛ مجرد	amuri
բակալավր	عزب؛ مجرد	bakalavr
բացիլ	باسیل	batsil
մեջք	پشت، عقب؛ پشتی، عقب	mejk
թիկունք	پشت، عقب؛ پشتی، عقب	tikunk
ետնապատկեր	صحنه پشت	etnapatker
ֆոն	صحنه پشت	fon
տրիկտրակ	مهره؛ نرد	triktrak
ետին պլան	سابقه، پس زمینه	etin plan
նախադրյալ	سابقه، پس زمینه	nakhadryal
աջակցում	حمایت	ajaktsum
պաշտպանում	حمایت	pashtpanum
պահուստ	پشتیبان	pahust
պաշար	پشتیبان	pashar
ետ	بدون ترقی	et
դեպի ետ	بدون ترقی	depi et
գետախորշ	باریکه آب	getakhorsh
անտառի խորք	جنگلهای دورافتاده	antari khork
բակտերիաներ	باکتری‌ها	bakterianer
բակտերիալ	باکتریائی	bakterial
մանրէաբանություն	باکتری شناسی	manreabanutyun
վատ	بد	vat
արատավոր	بد	aratavor
կրծքանշան	نشان	krtskanshan
նշան	نشان	nshan
ուժգին	بد	uzhgin
պարկ	کیف	park
պայուսակ	کیف	payusak
բագաժ	بارسفر	bagazh
ուղեբեռ	بارسفر	ugheber
պարկանման	کیسه ای متورم	parkanman
շատ լայն	کیسه ای متورم	shat layn
երաշխիք	وثیقه	erashkhik
դատական կատարածու	ضابط	datakan kataratsu
հարկահավաք	ضابط	harkahavak
խայծ	طعمه؛ طعمه دادن	khayts
գայթակղություն	طعمه؛ طعمه دادن	gaytakghutyun
թխել	پختن؛ طبخ کردن	tkhel
եփել	پختن؛ طبخ کردن	epel
հացթուխ	شاطر؛ نانوا	hatstukh
հացավաճառ	شاطر؛ نانوا	hatsavachar
թխում	طبخ	tkhum
կշեռք	مانده؛ تراز	ksherk
հավասարակշռություն	مانده؛ تراز	havasarakshrutyun
պատշգամբ	خروجی؛ بالکن	patshgamb
ճաղատ	کل؛ طاس	chaghat
քաչալ	کل؛ طاس	kachal
կորստաբեր	غم انگیز؛ مصیبت بار	korstaber
կործանարար	غم انگیز؛ مصیبت بار	kortsanarar
հեխան	زیرش زدن؛ مایه لغزش	hekhan
քառատաշ գերան	زیرش زدن؛ مایه لغزش	karatash geran
գունդ	توپ	gund
քվեգնդակ	توپ	kvegndak
բալլադ	شعر افسانه ای	ballad
բալետ	باله	balet
փուչիկ	بادکنک	puchik
օդապարիկ	بادکنک	odaparik
քվեաթերթ	برگه رای	kveatert
քվեարկում	برگه رای	kvearkum
բալասան	بلسان	balasan
հինածաղիկ	بلسان	hinatsaghik
բալթյան	بالتیک	baltyan
բամբուկ	خیزران؛ بامبو	bambuk
արգելել	نهی؛ منع کردن	argelel
բանադրել	نهی؛ منع کردن	banadrel
բանան	موز	banan
ադամաթուզ	موز	adamatuz
ջոկատ	گروه (موسیقی)	jokat
խումբ	گروه (موسیقی)	khumb
վիրակապ	تنزیب؛ پانسمان	virakap
բինտ	تنزیب؛ پانسمان	bint
բանդիտ	سارق؛ راهزن	bandit
ավազակ	سارق؛ راهزن	avazak
փամփշտակալ	قطار فشنگ	pampshtakal
կործանում	جانی؛ مخرب زندگی	kortsanum
անեծք	جانی؛ مخرب زندگی	anetsk
հարված	چتر زلف	harvats
մեծ աղմուկ	چتر زلف	mets aghmuk
աքսորել	دور کردن؛ نفی بلد کردن	aksorel
տարագրել	دور کردن؛ نفی بلد کردن	taragrel
արտաքսում	نفی؛ تبعید	artaksum
վտարում	نفی؛ تبعید	vtarum
հողապատնեշ	بانک (پول)	hoghapatnesh
թումբ	بانک (پول)	tumb
դրամատեր	صراف؛ بانک دار	dramater
բանկային գործ	بانکی؛ صرافی	bankayin gorts
վիրաժ	بانکی؛ صرافی	virazh
անվճարունակ	ورشکست	anvcharunak
սնանկություն	اعسار؛ افلاس	snankutyun
սննկացում	اعسار؛ افلاس	snnkatsum
դրոշ	بنر	drosh
լավագույն	بنر	lavaguyn
բանկետ	مهمانی؛ سور	banket
հանդիսավոր ճաշկերույթ	مهمانی؛ سور	handisavor chashkeruyt
կատակել	شوخی کنایه دار	katakel
ծաղրել	شوخی کنایه دار	tsaghrel
մկրտություն	تعمید؛ غسل	mkrtutyun
մկրտության	تعمیدی	mkrtutyan
մկրտական	تعمیدی	mkrtakan
ձող	میخانه، میله	dzogh
սողնակ	میخانه، میله	soghnak
բարբարոս	بی تمدن	barbaros
բարբարոսական	بربری	barbarosakan
վայրագ	بربری	vayrag
բարբարոսություն	وحشیگری	barbarosutyun
կոպիտ	غیر مصطلح	kopit
փշոտ	خاردار	pshot
փշավոր	خاردار	pshavor
սափրիչ	آرایشگر؛ سلمانی	saprich
գոլորշի ջրի վրա	آرایشگر؛ سلمانی	golorshi jri vra
մերկ	لخت	merk
դատարկ	لخت	datark
բոբիկ	پابرهنه	bobik
ոտաբոբիկ	پابرهنه	otabobik
պարզապես	به سختی	parzapes
ուղղակի	به سختی	ughghaki
գործարք	معامله	gortsark
պայման դնել	معامله	payman dnel
բեռնատար նավ	دوبه؛ سرزده وارد شدن	bernatar nav
կատեր	دوبه؛ سرزده وارد شدن	kater
կեղեւ	عوعو؛ عوعو کردن	keghev
կաշի	عوعو؛ عوعو کردن	kashi
գարի	علیق؛ جوین	gari
ամբար	طویله؛ کاهدان	ambar
շտեմարան	طویله؛ کاهدان	shtemaran
բարոն	باروری	baron
խոշոր կալվածատեր	باروری	khoshor kalvatsater
բարոնուհի	همسر بارون	baronuhi
տակառ	بشکه	takar
գլան	بشکه	glan
ամուլ	عقیم؛ نازا	amul
չբեր	عقیم؛ نازا	chber
փակոց	مانع	pakots
ուղեկալ	مانع	ughekal
բլուր	زنبه؛ خاک کش	blur
դամբանաթումբ	زنبه؛ خاک کش	dambanatumb
փոխանակություն	پایاپای؛ تهاتر	pokhanakutyun
հիմք	فرومایه؛ لئیم	himk
պատվանդան	فرومایه؛ لئیم	patvandan
բեյսբոլ	بیسبال	beysbol
անհիմն	بی پایه؛ بی اساس	anhimn
չհիմնավորված	بی پایه؛ بی اساس	chhimnavorvats
ներքնահարկ	زیرزمین	nerknahark
ամաչկոտ	محجوبانه؛ شرمرو	amachkot
երկչոտ	محجوبانه؛ شرمرو	erkchot
ամաչկոտ լինելը	کمروئی	amachkot linele
հիմնական	اصلی؛ اساسی	himnakan
բեյսիկ - ծրագրավորման բարձր մակարդակի լեզու	اصلی؛ اساسی	beysik - tsragravorman bardzr makardaki lezu
հիմնականում	اصلاً؛ اساساً	himnakanum
ըստ էության	اصلاً؛ اساساً	est eutyan
լագան	طشت؛ تشتک	lagan
աման	طشت؛ تشتک	aman
բազիս	پایه؛ اصل	bazis
տաքանալ	حمام آفتاب گرفتن	takanal
հաճույք ստանալ	حمام آفتاب گرفتن	hachuyk stanal
կողով	سبد	koghov
զամբյուղ	سبد	zambyugh
բասկետբոլ	بسکتبال	basketbol
պերկես	باس	perkes
բաս	باس	bas
չղջիկ	خفاش؛ ضربه زدن (با چوب)	chghjik
զարկիչ	خفاش؛ ضربه زدن (با چوب)	zarkich
վաննա	حمام	vanna
լոգարան	حمام	logaran
լողանալ	شستشو؛ شستشو کردن	loghanal
ողողել	شستشو؛ شستشو کردن	oghoghel
լողացում	آبتنی	loghatsum
լվանալը	آبتنی	lvanale
լողասենյակ	حمام	loghasenyak
լողարան	حمام	logharan
բատիստ	پاتیس	batist
գավազան	باتون؛ عصای افسران	gavazan
մական	باتون؛ عصای افسران	makan
գումարտակ	گردان	gumartak
հրետային դիվիզիոն	گردان	hretayin divizion
մարտկոց	باتری؛ باطری	martkots
ծեծ	باتری؛ باطری	tsets
մարտ	نبرد؛ جنگ	mart
ճակատամարտ	نبرد؛ جنگ	chakatamart
մարտադաշտ	میدان جنگ	martadasht
պատերազմական գործողությունների թատերավայր	نبردگاه؛ عرصه منازعه	paterazmakan gortsoghutyunneri tateravayr
վեճի առարկա	نبردگاه؛ عرصه منازعه	vechi ararka
գծանավ	ناو؛ رزمناو	gtsanav
ծովածոց	خلیج	tsovatsots
ծովախորշ	خلیج	tsovakhorsh
սվին	سرنیزه	svin
լինել	بودن	linel
գոյություն ունենալ	بودن	goyutyun unenal
ծովեզր	ساحل	tsovezr
ծովափ	ساحل	tsovap
փարոս	چراق دریایی	paros
խութանշան	چراق دریایی	khutanshan
ուլունքահատիկ	دانه؛ مهره	ulunkahatik
տերողորմյա	دانه؛ مهره	teroghormya
կտուց	نوک؛ تک	ktuts
կեռ	نوک؛ تک	ker
ճառագայթ	پرتو	charagayt
փայլ	پرتو	payl
բակլա	لوبیا	bakla
լոբի	لوبیا	lobi
արջ	خرس	arj
կրել	خرس	krel
մորուք	ریش؛ محاسن	moruk
քիստ	ریش؛ محاسن	kist
մորուքավոր	ریشو؛ ریشدار	morukavor
կրող	حامل؛ درخت بارور	krogh
տանող	حامل؛ درخت بارور	tanogh
գազան	جانور	gazan
անասնական	جانوروار	anasnakan
խփել	ضربه زدن، شکست دادن	khpel
ծեծել	ضربه زدن، شکست دادن	tsetsel
պարտված	زده؛ کوبیده	partvats
տափակ	زده؛ کوبیده	tapak
գեղեցիկ	زیبا	geghetsik
գեղեցկություն	خوبی؛ جمال	geghetskutyun
գեղեցկուհի	خوبی؛ جمال	geghetskuhi
որովհետեւ	زیرا	orovhetev
դառնալ	شدن	darnal
սազել	شدن	sazel
մահճակալ	تختخواب	mahchakal
անկողին	تختخواب	ankoghin
ննջասենյակ	شبستان	nnjasenyak
փռոց	رختخواب؛ هوای آزاد	prots
անկողնին գամված	بستری	ankoghnin gamvats
ննջարան	اتاق خواب	nnjaran
մահճակալի կողք	بالین	mahchakali koghk
քնելու ժամ	وقت استراحت؛ موقع خوابیدن	knelu zham
մեղու	زنبور؛ مگس انگبین	meghu
աշխատասեր մարդ	زنبور؛ مگس انگبین	ashkhataser mard
հաճարենի	آلش	hachareni
հաճարի	آلش	hachari
տավարի միս	گوشت گاو	tavari mis
գեր մարդ	گوشت گاو	ger mard
գարեջուր	آبجو	garejur
անցյալում	قبل از	antsyalum
նախօրոք	پیشاپیش	nakhorok
վաղօրոք	پیشاپیش	vaghorok
բարեկամաբար վարվել	رفاقت کردن؛ تجیب کردن	barekamabar varvel
աղաչել	التماس کردن؛ استدعا کردن	aghachel
ծնել	پس انداختن؛ سبب وجود شدن	tsnel
առաջացնել	پس انداختن؛ سبب وجود شدن	arajatsnel
մուրացկան	گدا؛ فقیر	muratskan
աղքատացնել	گدا؛ فقیر	aghkatatsnel
սկսել	شروع کردن	sksel
սկիզբ	شروع	skizb
իրեն պահել	رفتار کردن	iren pahel
վարվել	رفتار کردن	varvel
վարք	رفتار؛ اخلاق	vark
վարքագիծ	رفتار؛ اخلاق	varkagits
գլխատված	سربریده	glkhatvats
ետեւը	پشت سر، عقب	eteve
ետեւում	پشت سر، عقب	etevum
տեսնել	هان؛ هین	tesnel
դիտել	هان؛ هین	ditel
բեժ	بژ	bezh
ուշացած	دیر شده	ushatsats
բելգիացի	بلژیکی	belgiatsi
Բելգիա	بلژیک	Belgia
հավատ	ایمان؛ اعتقاد	havat
վստահություն	ایمان؛ اعتقاد	vstahutyun
հավատալ	باور داشتن	havatal
հավատացյալ	معتقد؛ مومن	havatatsyal
զանգ	ناقوس؛ جرس	zang
բոժոժ	ناقوس؛ جرس	bozhozh
պատերազմող կողմ	متحارب	paterazmogh koghm
փոր	شکم؛ بطن	por
ստամոքս	شکم؛ بطن	stamoks
պատկանել	تعلق داشتن	patkanel
վերաբերել	تعلق داشتن	veraberel
շատ սիրված	محبوب	shat sirvats
սիրելի	محبوب	sireli
ներքեւում	زیر، پایین	nerkevum
ցածում	زیر، پایین	tsatsum
գոտի	کمربند	goti
փոկ	کمربند	pok
նստարան	نیمکت	nstaran
տեղ պառլամեն	نیمکت	tegh parlamen
հաշվիչ համակարգի արագագործությունը որոշող մեքենայակծրագիր	معیار	hashvich hamakargi aragagortsutyune oroshogh mekenayaktsragir
թեքում	چنبره؛ خمیدگی	tekum
ոլորան	چنبره؛ خمیدگی	oloran
օրհնություն	رضوان؛ نیایش	orhnutyun
գոհություն	رضوان؛ نیایش	gohutyun
բարերար	واقف؛ نیکوکار	barerar
առողջարար	مفید	aroghjarar
ֆեոդի կամ բենեֆիցիարի տերը	ذینفع	feodi kam benefitsiari tere
կենսաթոշակ	ذینفع	kensatoshak
բարյացակամություն	خوشدلی؛ نوع پرستی	baryatsakamutyun
բարություն	خوشدلی؛ نوع پرستی	barutyun
բարյացակամ	خیر؛ نیکوکار	baryatsakam
առատաձեռն	خیر؛ نیکوکار	aratadzern
բարեսեր	جید	bareser
բարեգութ	جید	baregut
ժառանգություն	وقف نامه	zharangutyun
Բեռլին	برلین؛ برلن	Berlin
կախովի անկողին նավում	پهلو گرفتن؛ اطاق کشتی	kakhovi ankoghin navum
պաշտոն	پهلو گرفتن؛ اطاق کشتی	pashton
բյուրեղ	بزادی	byuregh
կապույտ զմրուխտ	بزادی	kapuyt zmrukht
աղերսել	التماس کردن	aghersel
պաղատել	التماس کردن	paghatel
աղերսում	از و جز	aghersum
կողքին	کنار	koghkin
բացի դրանից	علاوه بر این	batsi dranits
բացի այդ	علاوه بر این	batsi ayd
մեծագույն	بهترین	metsaguyn
դնել	عطا کردن؛ بذل کردن	dnel
տեղավորել	عطا کردن؛ بذل کردن	teghavorel
գրազ	شرط بندی؛ شرط بستن	graz
խաղչեք	شرط بندی؛ شرط بستن	khaghchek
բետա	بتا	beta
մատնել	خیانت کردن	matnel
դավաճանել	خیانت کردن	davachanel
մատնություն	خیانت؛ افشاء سر	matnutyun
դավաճանություն	خیانت؛ افشاء سر	davachanutyun
ավելի լավ	بهتر	aveli lav
ավելին	بهتر	avelin
ըմպելիք	شربت؛ نوشابه	empelik
զգուշանալ	هان؛ هلا	zgushanal
մոլորեցնված	گیج؛ سردرگم	moloretsnvats
շփոթություն	گیجی؛ سردرگمی	shpotutyun
շփոթմունք	گیجی؛ سردرگمی	shpotmunk
այն կողմը	فراتر از؛ آن‌سوی	ayn koghme
ուշ	فراتر از؛ آن‌سوی	ush
շեղություն	تعصب	sheghutyun
թեքություն	تعصب	tekutyun
աստվածաշունչ	انجیل؛ کتاب مقدس	astvatsashunch
երկածխաթթվային	جوش شیرین	erkatskhattvayin
հեծանիվ	دوچرخه	hetsaniv
հրամայել	پیشنهاد دادن، پیشنهاد	hramayel
հրավիրել	پیشنهاد دادن، پیشنهاد	hravirel
դագաղ	مقبره	dagagh
ճաղ	مقبره	chagh
երկատում	شکاف گاه	erkatum
երկճյուղավորում	شکاف گاه	erkchyughavorum
մեծ	بزرگ	mets
խոշոր	بزرگ	khoshor
երկկողմանի	دوجانبه؛ دوطرفه	erkkoghmani
մաղձ	صفر؛ زرداب	maghdz
լեղաթափությոամբ տառապող	صفراوی؛ زرداب ریز	leghataputyoamb tarapogh
մաղձային	صفراوی؛ زرداب ریز	maghdzayin
մուրհակ	صورتحساب	murhak
տոմսակ	یادداشت مختصر؛ ورقه جیره	tomsak
պիտակ	یادداشت مختصر؛ ورقه جیره	pitak
բիլիոն	میلیارد	bilion
միլիարդ	میلیارد	miliard
բիլոն	بورچاق	bilon
ցածրարժեք համաձուլվածք	بورچاق	tsatsrarzhek hamadzulvatsk
աղբարկղ	سطل آشغال	aghbarkgh
Երկուական	دوجزئی؛ دوگانه	Yerkuakan
կապել	بستن	kapel
պարտավորեցնել	بستن	partavoretsnel
կապող	صحاف؛ شیرازه	kapogh
գրքի կազմ	حتیالاجرا؛ تجلید	grki kazm
կենսագրական	زیستنامهای	kensagrakan
կենսագրություն	زندگی‌نامه	kensagrutyun
կենսաբանական	زیستی	kensabanakan
կենսաբանություն	زیست‌شناسی	kensabanutyun
երկբեւեռ	دوقطبی	erkbever
կեչի	توس؛ غان	kechi
ճիպոտ	توس؛ غان	chipot
թռչուն	پرنده	trchun
Բիրմինգհեմ	بیرمنگام	Birminghem
ծնունդ	تولد	tsnund
ծննդյան օր	تولد	tsnndyan or
ծննդավայր	زادگاه؛ مسقطالراس	tsnndavayr
ծննդյան իրավունք	حق ارشدیت	tsnndyan iravunk
չոր թխվածք	بیسکویت	chor tkhvatsk
եպիսկոպոս	اسقف	episkopos
փիղ	اسقف	pigh
բիտ	تکه کوچک	bit
սանձել	تکه کوچک	sandzel
խայթվածք	گاز؛ نیش	khaytvatsk
պատառ	گاز؛ نیش	patar
դառնություն	تلخ؛ مر	darnutyun
դառնություն լինելը	تلخی	darnutyun linele
բիվակ	اتراق؛ اتراق کردن	bivak
բաց օթեւան	اتراق؛ اتراق کردن	bats otevan
տարօրինակ	عجیب و غریب	tarorinak
արտառոց	عجیب و غریب	artarots
մութ	سیاه	mut
մռայլ	سیاه	mrayl
դարբին	آهنکر؛ آهنگر	darbin
փամփուշտ	بادکنک؛ کمیزدان	pampusht
ծիղ	تیغه	tsigh
տերեւ	تیغه	terev
բաց	خالی	bats
վերմակ	پتو	vermak
պոռթկում	انفجار، منفجر کردن	portkum
ձգանք	انفجار، منفجر کردن	dzgank
բոց	افروختگی؛ شعله زدن	bots
բռնկում	افروختگی؛ شعله زدن	brnkum
անգույն	درمعرض بادسرد	anguyn
դժգույն	درمعرض بادسرد	dzhguyn
արյուն հոսել	خونریزی کردن	aryun hosel
արյունաքամ լինել	خونریزی کردن	aryunakam linel
թերություն	معایب	terutyun
օրհնել	برکت دادن	orhnel
երջանկացնել	برکت دادن	erjankatsnel
երանություն	مبارکی	eranutyun
երջանկություն	مبارکی	erjankutyun
աղոթք	برکت	aghotk
կույր	کور؛ نابینا	kuyr
կուրություն	کوری؛ نابینائی	kurutyun
շլացում	کوری؛ نابینائی	shlatsum
առկայծում	سوسو زدن؛ نگاه مختصر	arkaytsum
ցոլացում	سوسو زدن؛ نگاه مختصر	tsolatsum
բլոկ	مانع ورادع؛ جعبه قرقره	blok
կոճղ	بلوک؛ مسدود کردن	kochgh
քոթուկ	بلوک؛ مسدود کردن	kotuk
շրջափակում	گرفتگی؛ سدراه کردن	shrjapakum
հիմարի գլուխ	بی کله	himari glukh
ապուշ	بی کله	apush
բլոգ	وبلاگ	blog
շեկ	بلوند	shek
շիկահեր մարդ կին	بلوند	shikaher mard kin
արյուն	خون	aryun
կյանք	خون	kyank
անարյուն	بی خون؛ بدون خونریزی	anaryun
սակավարյուն	بی خون؛ بدون خونریزی	sakavaryun
արյունահեղություն	خونریزی؛ سفک دماء	aryunaheghutyun
արյունածարավ	خونریز؛ خونخوار	aryunatsarav
արյունռուշտ	خونریز؛ خونخوار	aryunrusht
արյունոտ	خونین؛ خون آلود	aryunot
արյունոտված	خونین؛ خون آلود	aryunotvats
ծաղկում	شکوفه؛ شکفتن	tsaghkum
ծաղիկ	شکوفه؛ شکفتن	tsaghik
ծաղկել	شکوفه؛ گل دادن	tsaghkel
բիծ	لک کردن	bits
կաթիլ	لک کردن	katil
փչել	دمیدن؛ ضربه، دمیدن	pchel
կոշտ	توپ؛ بلف	kosht
կապտորակ	آبی فام	kaptorak
կապտություն	آبی فام	kaptutyun
կոպիտ սխալ անել	خبط کردن؛ اشتباه کار	kopit skhal anel
փչացնել	خبط کردن؛ اشتباه کار	pchatsnel
բութ	کند کردن؛ بی نوک	but
բութ կերպով	بالصراحه	but kerpov
բութ լինելը	صراحت	but linele
բծավորել	تیرگی؛ لک کردن	btsavorel
աղտոտել	تیرگی؛ لک کردن	aghtotel
կարմրել	روژ	karmrel
շիկնել	روژ	shiknel
վիշապօձ	مار اژدر؛ اژدر مار	vishapodz
տախտակ	تخته، هیئت مدیره	takhtak
ուտելիք	تخته، هیئت مدیره	utelik
սնապարծություն	فخر فروختن	snapartsutyun
պոռոտախոսություն	فخر فروختن	porotakhosutyun
նավակ	قایق	navak
նավ	قایق	nav
մարմնական	تنی؛ جسمی	marmnakan
ֆիզիկական	تنی؛ جسمی	fizikakan
մարմին	بدن	marmin
դիակ	بدن	diak
թիկնապահ	مستحفظ شخص؛ گارد مخصوص	tiknapah
պահակախումբ	مستحفظ شخص؛ گارد مخصوص	pahakakhumb
ճահիճ	سیاه آب؛ لجن زار	chahich
մոր	سیاه آب؛ لجن زار	mor
եռալ	جوشاندن	eral
կաթսա	دیگ	katsa
եռարան	دیگ	eraran
փոթորկոտ	بلند وناهنجار	potorkot
մոլեգին	بلند وناهنجار	molegin
ինքնավստահ	پررنگ	inknavstah
համարձակ կերպով	جسارتا؛ جسورانه	hamardzak kerpov
համարձակ լինելը	جرات؛ جسارت	hamardzak linele
ռումբ	بمب؛ بمباران کردن	rumb
ռմբակոծել	بمب؛ بمباران کردن	rmbakotsel
ռմբակոծություն	بمباران	rmbakotsutyun
ռմբակոծում	بمباران	rmbakotsum
ռմբակոծիչ	بمب انداز؛ بمب افکن	rmbakotsich
ռմբանետիչ	بمب انداز؛ بمب افکن	rmbanetich
ռմբակոծությւն	بمباران	rmbakotsutyvn
ռմբանետում	بمباران	rmbanetum
կապ	صلح؛ وجه الضمانه	kap
բանտարկություն	صلح؛ وجه الضمانه	bantarkutyun
ոսկոր	استخوان	oskor
կմախք	استخوان	kmakhk
կանացի գլխարկ	درپوش؛ کلاه سرگذاشتن	kanatsi glkhark
կապոտ	درپوش؛ کلاه سرگذاشتن	kapot
դրամական պարգեւ	پاداش	dramakan pargev
շահութաբաժին	پاداش	shahutabazhin
պնդակազմ	استخوانی؛ اسکلتی	pndakazm
զորավոր	استخوانی؛ اسکلتی	zoravor
գիրք	رزرو کردن؛ کتاب، رزرو کردن	girk
գրքային	کتابی؛ ملانقطی	grkayin
գրքամոլ	کتابی؛ ملانقطی	grkamol
թնդյուն	رونق	tndyun
դղրդյուն	رونق	dghrdyun
բարերարություն	هم پیاله	barerarutyun
պարգեւ	هم پیاله	pargev
թեթեւ հրել	افزایش دادن، افزایش	tetev hrel
կոշիկ	چکمه	koshik
արձակել	چکمه	ardzakel
կրպակ	غرفه؛ جای ویژه	krpak
տաղավար	غرفه؛ جای ویژه	taghavar
ավար	غارت؛ غنیمت	avar
կողոպուտ	غارت؛ غنیمت	koghoput
սահման	کناره؛ مرز	sahman
ծայր	کناره؛ مرز	tsayr
հորատել	مو؛ سرخر	horatel
շաղափել	مو؛ سرخر	shaghapel
հորատված	خسته	horatvats
տաղտկություն	خستگی؛ ملالت	taghtkutyun
հորատում	خسته‌کننده	horatum
հորատ	خسته‌کننده	horat
ծնված	متولد شدن	tsnvats
բնածին	متولد شدن	bnatsin
փոխ առնել	قرض گرفتن	pokh arnel
պարտք վերցնել	قرض گرفتن	partk vertsnel
փոխ առնում	عاریه؛ استقراض	pokh arnum
Բոսնիա	بوسنی	Bosnia
կուրծք	سینه؛ بغل	kurtsk
ծոց	سینه؛ بغل	tsots
տեր	رئیس	ter
տնօրեն	رئیس	tnoren
Բոստոն	بوستون	Boston
բուսաբան	گیاهشناس	busaban
բուսաբանություն	گیاهشناسی	busabanutyun
երկուսն էլ	هر دو	erkusn el
թե մեկը	هر دو	te meke
հոգս	رنجاندن؛ ایذاء	hogs
շիշ	بطری	shish
շշերի մեջ լցնել	بطری	shsheri mej ltsnel
հատակ	پایین، ته	hatak
տակ	پایین، ته	tak
ճյուղ	شانه حیوان	chyugh
ոստ	شانه حیوان	ost
ուժգին հարված	جهش کردن	uzhgin harvats
ցատկում	جهش کردن	tsatkum
սահմանափակում	مقید	sahmanapakum
անծայրածիր	بیکران؛ نامتناهی	antsayratsir
ծաղկեփունջ	گلدسته	tsaghkepunj
քաղքենի	طبقه دوم	kaghkeni
բուրժուա	طبقه دوم	burzhua
եզան	شبیه گاو؛ گاو خوی	ezan
ցուլի	شبیه گاو؛ گاو خوی	tsuli
ծռել	خم شدن، تعظیم	tsrel
կռանալ	خم شدن، تعظیم	kranal
փորոտիք	امعاء	porotik
խորշ	امعاء	khorsh
գավաթ	کاسه	gavat
բաժակ	کاسه	bazhak
կատելոկ	قدح ساز؛ مشروب خوارافراطی	katelok
արկղ	جعبه	arkgh
սնդուկ	جعبه	snduk
բռնցքամարտիկ	مشتباز؛ مشتزن	brntskamartik
բոքս	بوکس؛ مشتزنی	boks
բռնցքամարտ	بوکس؛ مشتزنی	brntskamart
տղա	پسر	tgha
պատանի	پسر	patani
բոյկոտ	بایکوت؛ تحریم کردن	boykot
ընկեր	دوست پسر	enker
սիրեցյալ	دوست پسر	siretsyal
նեցուկ	آکولاد	netsuk
փակագիծ	دیاق	pakagits
բրա	دیاق	bra
պարծենալ	لاف؛ بالیدن	partsenal
մեծաբանել	لاف؛ بالیدن	metsabanel
հյուսված	بافته	hyusvats
հյուսում	نواریاتوری قیطانی	hyusum
ուղեղ	مغز	ughegh
խելք	مغز	khelk
մորենի	ترمز؛ ترمز کردن	moreni
տափաստան	ترمز؛ ترمز کردن	tapastan
խանձող	جور؛ داغ	khandzogh
դրոշմ	جور؛ داغ	droshm
փողային գործիքներ	نحاس؛ افسر ارشد	poghayin gortsikner
արույր	نحاس؛ افسر ارشد	aruyr
պղնձե	برنجی؛ برنج مانند	pghndze
մետաղի	برنجی؛ برنج مانند	metaghi
լակոտ	ننر؛ کف شیر	lakot
քաջ	رشید؛ راد	kaj
խիզախ	رشید؛ راد	khizakh
քաջ կերպով	شجاعانه؛ غازیانه	kaj kerpov
քաջություն	تهور؛ شهامت	kajutyun
արիություն	تهور؛ شهامت	ariutyun
կեցցե	آفرین؛ هورا	ketstse
պղնձագործ	رویگر؛ آتشدان	pghndzagorts
Բրազիլիա	برازیلیا؛ برزیل	Brazilia
ճեղքվածք	نقض کردن، نقض	cheghkvatsk
անցք	نقض کردن، نقض	antsk
հաց	نان	hats
լայնություն	وسعت نظر	laynutyun
կոտրել	شکستن، استراحت	kotrel
ջարդել	شکستن، استراحت	jardel
քայքայում	خرابی	kaykayum
անկում	خرابی	ankum
առավոտվա նախաճաշ	صبحانه	aravotva nakhachash
բեկում	پیشرفت	bekum
խոշոր առաջընթաց	پیشرفت	khoshor arajentats
կրծքագեղձ	سینه؛ پستان	krtskageghdz
շունչ	دم؛ نفس	shunch
հոգոց	دم؛ نفس	hogots
շնչել	تنفس کردن؛ استنشاق کردن	shnchel
շունչ առնել	تنفس کردن؛ استنشاق کردن	shunch arnel
շնչառություն	تنفس؛ ذینفس	shncharutyun
անշունչ	بی جان؛ بی نفس	anshunch
շնչակտուր	بی جان؛ بی نفس	shnchaktur
հետույքային դիրք	ته توپ؛ ته تفنگ	hetuykayin dirk
փակաղակ	ته توپ؛ ته تفنگ	pakaghak
աճեցնել	نژاد، پرورش دادن	achetsnel
բազմանալ	نژاد، پرورش دادن	bazmanal
աճեցում	تخم کشی؛ تولید مثل	achetsum
բուժում	تخم کشی؛ تولید مثل	buzhum
զեփյուռ	نسیم؛ بادملایم	zepyur
հով	نسیمدار؛ شادی بخش	hov
զով	نسیمدار؛ شادی بخش	zov
գարեջրագործ	آبجوساز	garejragorts
գարեջրատուն	آبجوسازی	garejratun
կաշառք տալ	رشوه؛ رشوه دادن	kashark tal
կաշառակերություն	رشوه؛ ارتشاء	kasharakerutyun
աղյուս	آجر	aghyus
չորեքկուսի կտոր	آجر	chorekkusi ktor
հարսանեկան	متعلق بعروس	harsanekan
հարսանիքի	متعلق بعروس	harsaniki
հարս	عروس	hars
հարսնացու	عروس	harsnatsu
փեսա	دامادی	pesa
փեսացու	دامادی	pesatsu
կամուրջ	پل	kamurj
նավապետի կամրջակ	پل	navapeti kamrjak
սանձ	افسار؛ عنان	sandz
երասան	افسار؛ عنان	erasan
կարճ	مختصر؛ کوتاهمدت	karch
սեղմ	مختصر؛ کوتاهمدت	seghm
սեղմ կերպով	به طور خلاصه	seghm kerpov
կրճատ	به طور خلاصه	krchat
բրիգադ	تیپ	brigad
պայծառ	روشن	paytsar
վառ	روشن	var
լուսավորել	زرنگ کردن؛ درخشان کردن	lusavorel
փայլեցնել	زرنگ کردن؛ درخشان کردن	payletsnel
պայծառ լինելը	فروغ؛ روشنی	paytsar linele
շողշողուն	درخشان	shoghshoghun
բերել	آوردن	berel
հասցնել	آوردن	hastsnel
եզր	لب؛ شرف	ezr
Բրիտանիա	بریتانیا	Britania
բրիտանական	بریتانیایی؛ انگلیسی	britanakan
անգլիական	بریتانیایی؛ انگلیسی	angliakan
փխրուն	شکننده؛ ترد	pkhrun
դյուրաբեկ	شکننده؛ ترد	dyurabek
լայն	گشاد؛ پهن	layn
ընդարձակ	گشاد؛ پهن	endardzak
լայնաշերտ կապ	پهنای باند	laynashert kap
ռադիոյով հաղորդել	پخش؛ پراکندن	radioyov haghordel
տարածել	پخش؛ پراکندن	taratsel
հաղորդավար	پخش کننده	haghordavar
լայնանալ	وسیع کردن	laynanal
լայնացնել	وسیع کردن	laynatsnel
լայնորեն	به طور گسترده	laynoren
ընդարձակորեն	به طور گسترده	endardzakoren
գրքույկ	جزوه؛ بروشور	grkuyk
բրոշյուր	جزوه؛ بروشور	broshyur
կոտրած	شکسته	kotrats
խախտված	شکسته	khakhtvats
միջնորդ	واسطه؛ دلال	mijnord
հնավաճառ	واسطه؛ دلال	hnavachar
բրոնխիտ	برنشیت؛ آماس نایژه	bronkhit
բրոնզ	برنز؛ برنزی	bronz
անագապղինձ	برنز؛ برنزی	anagapghindz
բրոշ	گل سینه؛ باسنجاق آراستن	brosh
կանացի կրծքազարդ	گل سینه؛ باسنجاق آراستن	kanatsi krtskazard
առու	جوی؛ جویبار	aru
վտակ	جوی؛ جویبار	vtak
ցախավել	جاروب؛ جارو	tsakhavel
ավլել	جاروب؛ جارو	avlel
եղբայր	برادر	eghbayr
ընկերակից	برادر	enkerakits
եղբայրություն	اخوت؛ برادری	eghbayrutyun
եղբայրական	برادرانه؛ برادر وار	eghbayrakan
դարչնագույն	قهوه‌ای	darchnaguyn
թուխ	قهوه‌ای	tukh
դիտարկիչ	مرورگر	ditarkich
վեբ դիտարկիչ	مرورگر	veb ditarkich
կապտաբիծ	کوفتگی؛ تباره	kaptabits
կապտած տեղ	کوفتگی؛ تباره	kaptats tegh
թխահեր	سبزه	tkhaher
խոզանակ	برس، برس زدن	khozanak
վրձին	برس، برس زدن	vrdzin
գազանային	بیرحمانه	gazanayin
կոպիտ կերպով	بی رحمانه	kopit kerpov
անխելք	جانور خوی؛ کودن یاشهوانی	ankhelk
պղպջակ	حباب؛ غلغل سدن	pghpjak
բուբոնային	خیارکی	bubonayin
մոխրաջուր	دلار، نر (جانور)	mokhrajur
այծյամ	دلار، نر (جانور)	aytsyam
դույլ	سطل؛ دول	duyl
շերեփ	سطل؛ دول	sherep
ճարմանդ	چپراست؛ سگک	charmand
չառաստ	چپراست؛ سگک	charast
բողբոջ	جوانه؛ شکوفه	boghboj
կոկոն	جوانه؛ شکوفه	kokon
բուդդայական	بودایی	buddayakan
բյուջե	بودجه	byuje
ֆինանսական նախահաշիվ	بودجه	finansakan nakhahashiv
գոմշի կամ եզան կաշի	گاو وحشی؛ زرد نخودی	gomshi kam ezan kashi
գոմեշ	گاومیش؛ بوفالو	gomesh
ամերիկյան վայրի ցուլ	گاومیش؛ بوفالو	amerikyan vayri tsul
արգելակ	بافر	argelak
թափամեղմիչ	بافر	tapameghmich
փայտոջիլ	حشره، اشکال نرم‌افزاری	paytojil
միջատ	حشره، اشکال نرم‌افزاری	mijat
փող	بوق	pogh
շեփոր	بوق	shepor
շինել	ساختن	shinel
կառուցել	ساختن	karutsel
շինարար	بساز و بفروش	shinarar
կառուցող	بساز و بفروش	karutsogh
կառույց	ساختمان	karuyts
շենք	ساختمان	shenk
կոճղեզ	سوخ؛ لامپ برق	kochghez
սոխարմատ	سوخ؛ لامپ برق	sokharmat
սոխուկավոր	پیازی	sokhukavor
ուռուցիկ	پیازی	urutsik
նավի հատակ	برامدگی؛ بالارفتگی	navi hatak
ծավալ	عمده	tsaval
զանգված	عمده	zangvats
ցուլ	گاو؛ ثور	tsul
արու	گاو؛ ثور	aru
բուլդոգ	بول داگ	buldog
ցլաշուն	بول داگ	tslashun
հրազենի գնդակ	تیر؛ گلوله	hrazeni gndak
բյուլետեն	پژوهشنامه؛ بولتن	byuleten
տեղեկագիր	پژوهشنامه؛ بولتن	teghekagir
ձուլակտոր	شمش	dzulaktor
թանկարժեք մետաղ	شمش	tankarzhek metagh
կռվարար	قلدر؛ گردنکلفت	krvarar
պարծենկոտ	قلدر؛ گردنکلفت	partsenkot
բաստիոն	سنگربندی	bastion
փունջ	خوشه؛ خوشه کردن	punj
խուրձ	خوشه؛ خوشه کردن	khurdz
կապոց	بقچه؛ دسته کردن	kapots
շալակ	بقچه؛ دسته کردن	shalak
հրել	دربیس بال	hrel
լողունակ	شناور	loghunak
բեռ	بار	ber
ծանրություն	بار	tsanrutyun
ծանրաբեռնող	غم انگیز	tsanrabernogh
ծանր	غم انگیز	tsanr
բյուրո	اداره؛ شورا	byuro
գրասեղան	اداره؛ شورا	graseghan
բյուրոկրատիա	بوروکراسی	byurokratia
կոտրանք կատարող գող	دزد؛ دزد خانه	kotrank katarogh gogh
կողոպտիչ	دزد؛ دزد خانه	koghoptich
թաղում	دفن	taghum
հուղարկավորություն	دفن	hugharkavorutyun
հաղթանդամ	گره دار	haghtandam
ամրակազմ	گره دار	amrakazm
աղմուկ	غلیظ تلفظ کردن	aghmuk
արվարձան	نقب؛ زیرزمین لانه کردن	arvardzan
հողի մեջ բնակվել	نقب؛ زیرزمین لانه کردن	hoghi mej bnakvel
տրաքել	ترکیدن	trakel
պայթել	ترکیدن	paytel
թաղել	خاک کردن؛ گور کردن	taghel
թաքցնել	خاک کردن؛ گور کردن	taktsnel
ավտոբուս	اتوبوس	avtobus
թուփ	بوته؛ بوش	tup
թփուտ	بوته؛ بوش	tput
տարողության չափ լիտրի	لیتر است؛ با پیمانه وزن کردن	taroghutyan chap litri
շահամոլ	بازرگان	shahamol
բիզնեսմեն	بازرگان	biznesmen
կիսարձան	ورشکست کردن؛ ورشکست شدن	kisardzan
շարժվել	هایهو	sharzhvel
աճապարել	هایهو	achaparel
զբաղված	مشغول	zbaghvats
միայն	اما	miayn
բացի	اما	batsi
մսագործ	قصاب؛ قصابی کردن	msagorts
սեղանապետ	ساقی؛ آبدارباشی	seghanapet
յուղ	کره	yugh
կարագ	کره	karag
թիթեռ	پروانه	titer
թան	آبدوغ	tan
նստատեղ	سرین؛ لنبر	nstategh
հետույք	سرین؛ لنبر	hetuyk
կոճակ	دکمه	kochak
կոճգամ	دکمه	kochgam
կոճակածակ	مادگی	kochakatsak
կոճականցք	مادگی	kochakantsk
գնել	خریدن	gnel
գնորդ	خریدار؛ خرنده	gnord
գնող	خریدار؛ خرنده	gnogh
բզզալ	ویزویز کردن؛ نامشخص حرف زدن	bzzal
տզզալ	ویزویز کردن؛ نامشخص حرف زدن	tzzal
կից	توسط، کنار	kits
ցտեսություն	خداحافظ	tstesutyun
կառք	تاکسی؛ جای لوکوموتیوران	kark
կառապան	تاکسی؛ جای لوکوموتیوران	karapan
կաղամբ	کلم	kaghamb
խրճիթ	کلبه	khrchit
տնակ	کلبه	tnak
ռադիոընդունիչի արկղ	کابینت، هیئت وزیران	radioendunichi arkgh
մինիսկաբինետ	کابینت، هیئت وزیران	miniskabinet
կաբել	تلگراف؛ طناب سیمی	kabel
ճոպան	تلگراف؛ طناب سیمی	chopan
կարկաչ	نعیب کردن؛ غار غار	karkach
շատախոսություն	نعیب کردن؛ غار غار	shatakhosutyun
սրճարան	کافه	srcharan
կաֆե	کافه	kafe
վանդակ	قفس؛ درقفس نهادن	vandak
բանտ	قفس؛ درقفس نهادن	bant
տորթ	کیک	tort
կեքս	کیک	keks
աղետալի	پربلا؛ مصیبت بار	aghetali
աղետ	بلا؛ آفت	aghet
փորձանք	بلا؛ آفت	pordzank
հաշվել	حساب کردن؛ احتساب کردن	hashvel
ենթադրել	حساب کردن؛ احتساب کردن	entadrel
հաշվում	محاسبه	hashvum
հաշվարկում	محاسبه	hashvarkum
հորթ	گوساله؛ عجل	hort
ձագ	گوساله؛ عجل	dzag
կտորեղեն	چلوار	ktoreghen
չիթ	چلوار	chit
Կալիֆոռնիա	کالیفرنیا	Kalifornia
կալիֆոռնիացի	کالیفرنیایی	kaliforniatsi
կալիֆոռնիական	کالیفرنیایی	kaliforniakan
դատակոչ	صدا زدن، تماس گرفتن	datakoch
կոշտացած	پینهدار؛ سنگ دل	koshtatsats
կոշտուկ	پینه؛ پینه ای	koshtuk
կոշտացում	پینه؛ پینه ای	koshtatsum
անդորրություն	آرام؛ ملایم	andorrutyun
անհողմություն	آرام؛ ملایم	anhoghmutyun
անդորրություն կերպով	به آرامی	andorrutyun kerpov
հանգստություն	آرامی؛ آرامش	hangstutyun
ջերմույժ	کالری	jermuyzh
ջերմաստիճան	کالری	jermastichan
զրպարտություն	افترا؛ بهتان	zrpartutyun
ուղտ	شتر؛ سار	ught
կամեյոն	به زرد	kameyon
լուսանկարչական ապարատ	دوربین	lusankarchakan aparat
դատավորիառանձնասենյակ	دوربین	datavoriarandznasenyak
ճամբար	اردو، اردو زدن	chambar
կամպանիա	کارزار؛ کمپین	kampania
արշավ	کارزار؛ کمپین	arshav
կամպանիայի	نامزد انتخابات	kampaniayi
արշավի մասնակից	نامزد انتخابات	arshavi masnakits
կարողանալ	توانستن (فعل کمکی)؛ قوطی	karoghanal
ի վիճակի լինել	توانستن (فعل کمکی)؛ قوطی	i vichaki linel
Կանադա	کانادا	Kanada
կանադական	کانادایی	kanadakan
ջրանցք	کانال	jrantsk
խողովակ	کانال	khoghovak
զրոյացում	فسخکردن؛ موقوف کردن	zroyatsum
անիրական հայտարարելը	فسخکردن؛ موقوف کردن	anirakan haytararele
քաղցկեղ	سرطان	kaghtskegh
չարիք	سرطان	charik
քաղցկեղային	سرطانی	kaghtskeghayin
ճերմակ	صاف؛ بی تزویر	chermak
անկեղծ	صاف؛ بی تزویر	ankeghts
թեկնածություն	نامزدی؛ داوطلبی	teknatsutyun
թեքնածու	نامزد؛ کاندید	teknatsu
մոմ	شمع	mom
սառնաշաքար	نقل؛ شیرینی	sarnashakar
նաբաթ	نقل؛ شیرینی	nabat
եղեգ	عصا؛ قصب	egheg
ձեռնափայտ	عصا؛ قصب	dzernapayt
սակառ	چای دان؛ گازاشک آور	sakar
պահածոյած	مست باده	pahatsoyats
չկարողանալ	نمی‌تواند (فعل کمکی)	chkaroghanal
մակույկ	قایق رانی	makuyk
հովանոց	سایبان گذاشتن؛ کروک اتومبیل	hovanots
ամպհովանի	سایبان گذاشتن؛ کروک اتومبیل	amphovani
թեթեւ արշավ	سلانه سلانه	tetev arshav
ժարգոնով խոսող	سلانه سلانه	zhargonov khosogh
կտավ	بوم نقاشی	ktav
քաթան	بوم نقاشی	katan
կիրճ	دربند؛ تنگه	kirch
ձոր	دربند؛ تنگه	dzor
կեպի	کلاهک	kepi
գլխարկ	کلاهک	glkhark
շնորհալի	قابل؛ لایق	shnorhali
մեծածավալ	جادار؛ گنجا	metsatsaval
հրվանդան	شنل	hrvandan
հարավաֆրիկյան	شنل	haravafrikyan
մազանոթ	عروق شعریه	mazanot
կապիտալ	پایتخت، سرمایه	kapital
մայրաքաղաք	پایتخت، سرمایه	mayrakaghak
կապիտալիզմ	سرمایه‌داری	kapitalizm
կապիտալիստ	سرمایه‌دار	kapitalist
անձնատրություն	کاپیتولاسیون	andznatrutyun
կապիտուլյացիա	کاپیتولاسیون	kapitulyatsia
փոփոխամիտ	بوالهوس؛ هوسران	popokhamit
պատիճ	کپسول؛ پوشینه	patich
պարկուճ	کپسول؛ پوشینه	parkuch
կապիտան	ناخدا؛ سروان	kapitan
նավապետ	ناخدا؛ سروان	navapet
գերի	بندی؛ دربند	geri
բանտարկյալ	بندی؛ دربند	bantarkyal
գերություն	گرفتاری؛ اسارت	gerutyun
գրավում	تسخیر؛ دستگیری	gravum
գերում	تسخیر؛ دستگیری	gerum
վագոն	ماشین	vagon
ավտոմեքենա	ماشین	avtomekena
քարավան	کاروان	karavan
ծածկասայլ	کاروان	tsatskasayl
բնածուխ	کربن	bnatsukh
խաղաթուղթ	کارت	khaghatught
քարտ	کارت	kart
ստվարաթուղթ	مقوا؛ مقوای نازک	stvaratught
խավաքարտ	مقوا؛ مقوای نازک	khavakart
սրտային	فم المعدی	srtayin
սիրտը կազդուրող	فم المعدی	sirte kazdurogh
կարդինալ	کاردینال؛ عدداصلی	kardinal
գլխավոր	کاردینال؛ عدداصلی	glkhavor
խնամք	مراقبت، اهمیت دادن	khnamk
հոգատարություն	مراقبت، اهمیت دادن	hogatarutyun
սրարշավ	شغل، حرفه	srarshav
կարիերա	شغل، حرفه	kariera
անհոգ	سبکبار؛ بی غم	anhog
ջանացող	مراقب	janatsogh
հոգատար կերպով	با دقت	hogatar kerpov
անփութորեն	سرسری؛ غافلا	anputoren
անհոգություն	غفلت؛ مسامحه	anhogutyun
թեթեւամտություն	غفلت؛ مسامحه	tetevamtutyun
փաղաքշել	نوازش؛ ناز	paghakshel
շոյել	نوازش؛ ناز	shoyel
կարիբյան	کارائیب	karibyan
ծաղրանկար	کاریکاتور؛ کاریکاتور ساختن	tsaghrankar
նախճիր	قتل عام	nakhchir
կոտորած	قتل عام	kotorats
կառնավալ	کارناول؛ کارناوال	karnaval
բարեկենդան	کارناول؛ کارناوال	barekendan
Կարոլինա	کارولینا	Karolina
դաստակային	مچ دستی	dastakayin
ատաղձագործ	درودگر؛ نجار	ataghdzagorts
հյուսն	درودگر؛ نجار	hyusn
ատաղձագործություն	نجاری؛ درودگری	ataghdzagortsutyun
կարպետ	فرش	karpet
գորգ	فرش	gorg
բեռնակիր	حامل؛ ترک بند	bernakir
սուրհանդակ	حامل؛ ترک بند	surhandak
գիշակեր	لاش؛ گوشت گندیده	gishaker
գազար	هویج	gazar
փոխադրել	حمل کردن	pokhadrel
սայլակառք	چرخ؛ گاری	saylakark
սայլ	چرخ؛ گاری	sayl
աճառ	غضروف	achar
ուրվագիծ	کارتون	urvagits
փորագրել	حکاکی کردن	poragrel
քանդակել	حکاکی کردن	kandakel
ջրվեժ	آبشار	jrvezh
դեպք	مورد، پرونده	depk
դրություն	مورد، پرونده	drutyun
կանխիկ դրամ	پول نقد	kankhik dram
գանձապահ	صندوقدار؛ تحویلدار	gandzapah
խաղատուն	کازینو	khaghatun
կազինո	کازینو	kazino
արկղիկ	صندوق یاتابوت	arkghik
գոհարատուփ	صندوق یاتابوت	goharatup
ձայներիզ	کاست	dzayneriz
կասետ	کاست	kaset
փարաջա	دلق	paraja
քահանա	دلق	kahana
նետում	افکندن؛ بر افکندن	netum
ռիսկ	افکندن؛ بر افکندن	risk
կաստա	صنف	kasta
արտոնյալ դասակարգ	صنف	artonyal dasakarg
ամրոց	قلعه	amrots
դղյակ	قلعه	dghyak
անվստահելի	معمولی	anvstaheli
պատահական կերպով	تفریحاً	patahakan kerpov
վիրավոր	تلفات	viravor
կատու	گربه	katu
կռվարար կին	گربه	krvarar kin
գրացուցակ	کاتالوگ	gratsutsak
ցանկ	کاتالوگ	tsank
վախճան	مصیبت؛ بلای ناگهانی	vakhchan
բռնելը	گرفتن	brnele
ձերբակալելը	گرفتن	dzerbakalele
կատեգորիա	طبقه؛ رده	kategoria
մթերք մատակարարել	پذیرایی کردن	mterk matakararel
բավականություն պատճառել	پذیرایی کردن	bavakanutyun patcharel
մայր տաճար	کلیسا	mayr tachar
կաթոլիկ	کاتولیک؛ جامع	katolik
համապարփակ	کاتولیک؛ جامع	hamaparpak
կատվի	گربهوار	katvi
կատվային	گربهوار	katvayin
խոշոր եղջերավոր անասուն	گله گاو	khoshor eghjeravor anasun
ձիեր	گله گاو	dzier
Կովկաս	قزاقی	Kovkas
ծաղկակաղամբ	گلکلم	tsaghkakaghamb
պատճառական	سببی؛ علتی	patcharakan
պատճառային	سببی؛ علتی	patcharayin
զգուշություն	احتیاط	zgushutyun
շրջահայեցություն	احتیاط	shrjahayetsutyun
զգույշ	محتاط	zguysh
շրջահայաց	محتاط	shrjahayats
զգույշ կերպով	از رویاحتیاط	zguysh kerpov
հեծելախումբ	گردش سواره	hetselakhumb
հեծյալ	شوالیه	hetsyal
ձիավոր	شوالیه	dziavor
հեծելազոր	سواره نذام	hetselazor
այր	غار	ayr
քարայր	غار	karayr
քարանձավային	غارمانند؛ غاردار	karandzavayin
խոռոչավոր	غارمانند؛ غاردار	khorochavor
խոռոչ	گودی	khoroch
կոմպակտ սկավառակ	سی‌دی	kompakt skavarak
դադարել	متوقف کردن	dadarel
եղենափայտ	سرو؛ سدر	eghenapayt
առաստաղ	سقف	arastagh
ծածկ	سقف	tsatsk
տոնել	جشن گرفتن	tonel
հռչակել	جشن گرفتن	hrchakel
տոնում	جشن؛ برگزاری	tonum
տոնակատարում	جشن؛ برگزاری	tonakatarum
հռչակ	سلبریتی	hrchak
փառք	سلبریتی	park
երկնային	سماوی؛ عرشی	erknayin
չքնաղ	سماوی؛ عرشی	chknagh
խուց	یاخته؛ سلول	khuts
բջիջ	یاخته؛ سلول	bjij
ներքնատուն	زیرزمین؛ سرداب	nerknatun
նկուղ	زیرزمین؛ سرداب	nkugh
բջջային	سلولی؛ سلول دار	bjjayin
կելտական	سلتی؛ زبان سلتی	keltakan
ցեմենտ	سیمان؛ سمنت	tsement
մածիկ	سیمان؛ سمنت	matsik
գերեզմանատուն	قبرستان	gerezmanatun
բուրվառ	بخورسوز؛ عودسوز	burvar
գրաքննություն	سانسور	graknnutyun
ցենզուրա	سانسور	tsenzura
մարդահամար	سرشماری؛ آمارگیری	mardahamar
ցենտ	سنت	tsent
հարյուրամյա տարեդարձ	صدساله؛ یادبود صدساله	haryuramya taredardz
կենտրոն	مرکز؛ وسط	kentron
մեջտեղը	مرکز؛ وسط	mejteghe
կենտրոնական	مرکزی؛ میانی	kentronakan
համակենտրոնացնված	متمرکز	hamakentronatsnvats
կենտրոնախույս	مرکزگریز؛ نیروی گریز از مرکز	kentronakhuys
հարյուրամյակ	قرن	haryuramyak
դար	قرن	dar
հացահատիկ	غله؛ حبوبات	hatsahatik
շիլա	غله؛ حبوبات	shila
ուղեղային	مغزی؛ دماغی	ugheghayin
ծես	تشریفاتی	tses
արարողություն	تشریفاتی	araroghutyun
արարողություններ	تشریفات؛ مناسک	araroghutyunner
հանդիսավորություն	جشن؛ مراسم	handisavorutyun
որոշակի	مطمئن	oroshaki
վստահելի	مطمئن	vstaheli
անշուշտ	قطعا	anshusht
իհարկե	قطعا	iharke
անտարակուսելի փաստ	قطعیت	antarakuseli past
վկայական	گواهی	vkayakan
ատեստատ	گواهی	atestat
վկայել	تصدیق کردن؛ شهادت کتبی دادن	vkayel
վզի	گردنی	vzi
պարանոցի	گردنی	paranotsi
թախիծ	غم وغصه	takhits
շղթա	سلسله؛ زنجیر	shghta
կապանք	سلسله؛ زنجیر	kapank
աթոռ	صندلی	ator
ամբիոն	صندلی	ambion
նախագահ	رئیس؛ فرنشین	nakhagah
սկիհ	جام	skih
կավիճ	گچ؛ تباشیر	kavich
կանչ	طلب حق؛ سر تافتن	kanch
պալատ	اتاق	palat
չփչփոց	میدان جنگ	chpchpots
շամպայն գինի	شامپانی	shampayn gini
չեմպիոն	قهرمان؛ پهلوان	chempion
հաղթող	قهرمان؛ پهلوان	haghtogh
չեմպիոնատ	قهرمانی	chempionat
առաջնություն	قهرمانی	arajnutyun
առիթ	شانس	arit
կանցլեր	صدر اعظم	kantsler
վարչապետ	صدر اعظم	varchapet
ջահ	چلچراغ؛ لوستر	jah
ձեղնաջահ	چلچراغ؛ لوستر	dzeghnajah
փոխարինում	تغییر، تغییر دادن	pokharinum
ուղի	مجری؛ مجرا	ughi
վիհ	هرج و مرج	vih
երիտասարդ	خشکی شدن؛ خشکی زدن	eritasard
կապելլան	پیشنماز؛ قاضی عسگر	kapellan
գլուխ	فصل؛ بخش	glukh
էջ	فصل؛ بخش	ej
բնավորություն	شخصیت	bnavorutyun
հատկանիշ	شخصیت	hatkanish
բնորոշ գիծ	اختصاصی؛ مشخصه	bnorosh gits
առանձնահատկություն	اختصاصی؛ مشخصه	arandznahatkutyun
բնութագրել	توصیف کردن	bnutagrel
փայտածուխ	زغال؛ ذغال	paytatsukh
նկար	زغال؛ ذغال	nkar
լիցք	عهده؛ تهمت	litsk
բարեգործական	خیر؛ اوقاف	baregortsakan
ողորմածություն	خیریه	oghormatsutyun
կարեկցություն	خیریه	karektsutyun
խաբեբա բժիշկ	چاچولباز؛ شارلاتان	khabeba bzhishk
բուժակ	چاچولباز؛ شارلاتان	buzhak
հմայք	جذابیت	hmayk
կախարդանք	جذابیت	kakhardank
ծովային քարտեզ	نمودار	tsovayin kartez
դիագրամ	نمودار	diagram
հրովարտակ	منشور	hrovartak
խարտիա	منشور	khartia
հետապնդում	تعقیب کردن، تعقیب	hetapndum
հալածում	تعقیب کردن، تعقیب	halatsum
ողջախոհ	مخدر؛ عفیف	oghjakhoh
պարկեշտ	مخدر؛ عفیف	parkesht
շաղակրատանք	گپ زدن	shaghakratank
զրուցել	گپ زدن	zrutsel
կարկաշել	ورور کردن؛ وراجی کردن	karkashel
շաղակրատել	ورور کردن؛ وراجی کردن	shaghakratel
էժան	ارزان	ezhan
էժան լինելը	ارزانی	ezhan linele
խաբեբայություն	فریب؛ گولزدن	khabebayutyun
խաբեբա	فریب؛ گولزدن	khabeba
շախ	بررسی کردن، چک؛ چک کردن	shakh
դադարում	بررسی کردن، چک؛ چک کردن	dadarum
շախ եւ մատ	مات کردن؛ شاه مات	shakh ev mat
խորտակում	مات کردن؛ شاه مات	khortakum
այտ	گونه	ayt
անամոթություն	گونه	anamotutyun
կեցցե՜	تشویق کردن، تشویق	ketstse
ուրախ	خرم؛ شنگول	urakh
կենսուրախ	خرم؛ شنگول	kensurakh
կենսուրախություն	انبساط؛ بشاشت	kensurakhutyun
կայտառություն	انبساط؛ بشاشت	kaytarutyun
ժիր	با ل بشاشت	zhir
պանիր	پنیر	panir
ռեւերանս	پنیر	reverans
խոհարար	سرآشپز	khoharar
քիմիական	شیمیایی	kimiakan
քիմիկոս	شیمیدان	kimikos
դեղագործ	شیمیدان	deghagorts
քիմիա	شیمی	kimia
փայփայել	ورزیدن؛ عزیز داشتن	paypayel
տածել	ورزیدن؛ عزیز داشتن	tatsel
բալ	گیلاس	bal
կեռաս	گیلاس	keras
շախմատ	شطرنج؛ شترنج	shakhmat
շախմատի տախտակ	تخته شطرنج	shakhmati takhtak
մեծ արկղ	سینه؛ قص	mets arkgh
շագանակ	بلوط؛ شاه بلوط	shaganak
աշխետ	بلوط؛ شاه بلوط	ashkhet
ծամոն	خاییدن؛ جویدن	tsamon
ծամել	خاییدن؛ جویدن	tsamel
Չիկագո	شیکاگو	Chikago
ճուտ	مرغ	chut
պետ	رئیس؛ اصلی	pet
առաջնորդ	رئیس؛ اصلی	arajnord
գլխավորապես	عمدتاً	glkhavorapes
հատկապես	عمدتاً	hatkapes
շիֆոն	تور نازک؛ نوعی کیک	shifon
զավակ	کودک	zavak
մանկություն	خردی؛ بچگی	mankutyun
մանկական	کودکانه؛ بچگانه	mankakan
երեխայական	کودکانه؛ بچگانه	erekhayakan
երեխայի նման	کودک مانند	erekhayi nman
անմեղ	کودک مانند	anmegh
ցուրտ	چایمان؛ سرد کردن	tsurt
սարսուռ	چایمان؛ سرد کردن	sarsur
ձայների ներդաշնակություն	ناقوس را؛ سازیاموسیقی زنگی	dzayneri nerdashnakutyun
մտացածին	هوس باز؛ هوس آمیز	mtatsatsin
ցնորական	هوس باز؛ هوس آمیز	tsnorakan
բուխարի	دودکش؛ تنوره	bukhari
ծխնելույզ	دودکش؛ تنوره	tskhneluyz
կզակ	چانه؛ پوز	kzak
ճենապակի	چین؛ ظروف چینی	chenapaki
չինացի	چینی؛ زبان چینی	chinatsi
պատռված	درزپیدا کردن	patrvats
ճեղքված	درزپیدا کردن	cheghkvats
տաշեղ	چیپس، تراشه	tashegh
ծղան	چیپس، تراشه	tsghan
շորթել	اسکنه؛ منقاش	shortel
ասպետություն	سلحشوری	aspetutyun
վեհանձնություն	سلحشوری	vehandznutyun
շոկոլադ	شکلات	shokolad
երկընտրություն	انتخاب	erkentrutyun
երգչախումբ	گروه کر	ergchakhumb
խեղդել	اختناق؛ ساسات	kheghdel
շնչասպառ լինել	اختناق؛ ساسات	shnchaspar linel
հնտախտ	وبا	hntakht
խոլերա	وبا	kholera
ընտրել	انتخاب کردن	entrel
գերադասել	انتخاب کردن	geradasel
կտրել	خرد کردن	ktrel
կտրված	ریز ریز	ktrvats
Քրիստոս	مسیح؛ یاعلی	Kristos
օծյալ	مسیح؛ یاعلی	otsyal
քրիստոնեություն	مسیحیت؛ عیسویت	kristoneutyun
քրիստոնյա	نصارا	kristonya
քրոնիկ	مزمن	kronik
հարատեւ	مزمن	haratev
ժամանակագրական	زمانی	zhamanakagrakan
թմփլիկ	خپله	tmplik
կլորադեմ	خپله	kloradem
շպրտում	مرغک	shprtum
կտոր	تکه بزرگ	ktor
եկեղեցի	کلیسا	ekeghetsi
խնոցի	چرخی	khnotsi
խնձորօղի	آب سیب؛ شربت سیب	khndzoroghi
ծխագլանակ	سیگار برگ	tskhaglanak
ոլոր	سیگار برگ	olor
սիգարետ	سیگار	sigaret
կինոթատրոն	سینما	kinotatron
կինոֆիլմ	سینما	kinofilm
շրջան	دایره، دور چیزی کشیدن	shrjan
շրջագիծ	دایره، دور چیزی کشیدن	shrjagits
շրջանակ	مدار	shrjanak
շրջաբերական	حلقهای؛ مدور	shrjaberakan
շրջանառել	گردش کردن	shrjanarel
պտտվել	گردش کردن	pttvel
շրջապտույտ	گردش	shrjaptuyt
շրջանառություն	گردش	shrjanarutyun
թլփատում	ختنه	tlpatum
հանգամանք	چگونگی	hangamank
կրկես	میدان؛ جولانگاه	krkes
կրկեսի հրապարակ	میدان؛ جولانگاه	krkesi hraparak
միջնաբերդ	ارک؛ قلعه نظامی	mijnaberd
ներքնաբերդ	ارک؛ قلعه نظامی	nerknaberd
վկայության բերել	اقتباس کردن؛ اتخاذ سند کردن	vkayutyan berel
քաղաքացի	شهروند	kaghakatsi
քաղաքացիություն	شهروندی	kaghakatsiutyun
քաղաք	شهر	kaghak
քաղաքացիական	مدنی	kaghakatsiakan
քաղաքավարի	مدنی؛ غیرنظامی	kaghakavari
բարեկիրթ	مدنی؛ غیرنظامی	barekirt
քաղաքավարություն	نزاکت	kaghakavarutyun
բարեկրթություն	نزاکت	barekrtutyun
քաղաքակրթություն	تمدن	kaghakakrtutyun
քաղաքակիրթ	متمدن	kaghakakirt
քաղաքակրթված	متمدن	kaghakakrtvats
պահանջ	طلب؛ ادعا	pahanj
հայց	طلب؛ ادعا	hayts
հավակնորդ	مدعی؛ مطالبه کننده	havaknord
աղաղակ	سروصدا؛ غریو کشیدن	aghaghak
կռվան	گیره؛ سوزن بند	krvan
ճանկ	گیره؛ سوزن بند	chank
տոհմ	طایفه؛ قبیله	tohm
ցեղ	طایفه؛ قبیله	tsegh
գաղտագողի	غیرمشروع	gaghtagoghi
հնչել	صدای شیپور	hnchel
հնչեցնել	صدای شیپور	hnchetsnel
պարզում	تبیین	parzum
պարզաբանում	تبیین	parzabanum
մաքրել	روشن کردن	makrel
հստակ դարձնել	روشن کردن	hstak dardznel
պարզություն	وضوح	parzutyun
հստակություն	وضوح	hstakutyun
Քլարկ	کلارک	Klark
բախում	درگیری	bakhum
կոնֆլիկտ	درگیری	konflikt
ճարմանդել	سرچسب؛ جفت چپراست	charmandel
կոճկել	سرچسب؛ جفت چپراست	kochkel
դասական	کلاسیک	dasakan
դասակարգություն	طبقه‌بندی	dasakargutyun
դասավորում	طبقه‌بندی	dasavorum
դասակարգել	طبقه‌بندی کردن	dasakargel
դասասենյակ	کلاس درس	dasasenyak
դասարան	کلاس درس	dasaran
ժխոր	زغ زغ کردن	zhkhor
պարբերություն	ماده	parberutyun
հատված	ماده	hatvats
ճիրան	پنجه؛ چنگ	chiran
կավ	گل؛ رس	kav
ցեխ	گل؛ رس	tsekh
սրբել	تمیز، تمیز کردن	srbel
մաքրում	زدایش؛ پاک سازی	makrum
մաքրություն	نظافت؛ پاکی	makrutyun
մաքրասիրություն	نظافت؛ پاکی	makrasirutyun
ջինջ	روشن، واضح	jinj
հարթում	مفاصا؛ برائت ذمه	hartum
պարզորեն	به وضوح	parzoren
որոշակիորեն	به وضوح	oroshakioren
պարզ լինելը	صافی؛ روشنی	parz linele
հերձում	رخ؛ شکافتگی	herdzum
պատառում	رخ؛ شکافتگی	patarum
հեռանող	ساطور؛ ساتور	heranogh
բացվածք	شکاف دار	batsvatsk
գթություն	اعتدال عناصر	gtutyun
անհիշաչարություն	اعتدال عناصر	anhishacharutyun
սեղմում	گره کردن	seghmum
գամում	گره کردن	gamum
հոգեւորականություն	روحانیون؛ مردروحانی	hogevorakanutyun
հոգեւորական	روحانی؛ مجتهد	hogevorakan
կղերական	دفتری	kgherakan
հոգեւոր	دفتری	hogevor
կլերկ	کارمند	klerk
քարտուղար	کارمند	kartughar
խելոք	باهوش	khelok
խելոք կերպով	بزیرکی؛ زیرکانه	khelok kerpov
շնորհալիություն	هشیاری؛ زرنگی	shnorhaliutyun
ճարպկություն	هشیاری؛ زرنگی	charpkutyun
շաչել	تیک؛ صدای مختصر	shachel
կռնչալ	تیک؛ صدای مختصر	krnchal
հաճախորդ	موکل؛ ارباب رجوع	hachakhord
քարափ	صخره	karap
ժայռ	صخره	zhayr
կլիմա	آب و هوا	klima
աստիճանավորում	اوج؛ منتها درجه	astichanavorum
բարձրագույն կետամեն ինչի վախճանը	اوج؛ منتها درجه	bardzraguyn ketamen inchi vakhchane
մագլցել	بالا رفتن	magltsel
ալպինիստ	صعود کننده	alpinist
փաթաթվող բույս	صعود کننده	patatvogh buys
սեղմել	مشت کردن؛ قاطع ساختن	seghmel
հաստատուն բռնել	مشت کردن؛ قاطع ساختن	hastatun brnel
կպչել	چسبیدن	kpchel
մահճաբուժություն	درمانگاه	mahchabuzhutyun
անկողին ընկածհիվանդ	درمانگاه	ankoghin enkatshivand
խուզել	گیره، کلیپ	khuzel
խուզում	جمع در	khuzum
վերարկու	شنل؛ عبا	verarku
թիկնոց	شنل؛ عبا	tiknots
ժամացույց	ساعت دیواری	zhamatsuyts
քառանկյուն	در صومعه گذاشتن	karankyun
խաչափակ	در صومعه گذاشتن	khachapak
մոտիկ	بستن؛ نزدیک	motik
սերտ	بستن؛ نزدیک	sert
փակ	بسته	pak
փակված	بسته	pakvats
մոտիկություն	نزدیکی؛ تقریب	motikutyun
տոթ	نزدیکی؛ تقریب	tot
մառան	قفسه؛ گنجه	maran
առանձնասենյակ	قفسه؛ گنجه	arandznasenyak
որմափակ	بسته شدن	ormapak
շրջափակ	بسته شدن	shrjapak
ոլոռ	لخته؛ علقه	olor
մակարդվել	لخته؛ علقه	makardvel
գործվածք	پارچه	gortsvatsk
մահուդ	پارچه	mahud
հագուստ	لباس‌ها	hagust
ամպ	ابر	amp
թուխպ	ابر	tukhp
անամպ	بی ابر؛ بدون ابر	anamp
ամպամած	ابری؛ میغی	ampamats
մշուշապատ	ابری؛ میغی	mshushapat
ծաղրածու	دلقک؛ الدنگ	tsaghratsu
խեղկատակ	دلقک؛ الدنگ	kheghkatak
ակումբ	باشگاه	akumb
մահակ	باشگاه	mahak
բանալի	مدرک؛ سر نخ	banali
թել	مدرک؛ سر نخ	tel
ծառերի խումբ	انبوه کردن؛ ضربه سنگین	tsareri khumb
անշնորհք կերպով	ناشیانه؛ شلخته وار	anshnorhk kerpov
անճոռնի	ناشی؛ بی عرضه	anchorni
ողկույզ	خوشه	oghkuyz
մագիլ	چنگ	magil
ծածկակառք	مربی	tsatskakark
մակարդել	منعقد کردن؛ دلمه کردن	makardel
մածնել	منعقد کردن؛ دلمه کردن	matsnel
մակարդում	انعقاد؛ لختگی	makardum
կոագուլյացիա	انعقاد؛ لختگی	koagulyatsia
ածուխ	زغال کردن؛ زغال سنگ	atsukh
քարածուխ	زغال کردن؛ زغال سنگ	karatsukh
դաշնակցություն	ائتلاف	dashnaktsutyun
ափ	ساحل	ap
առափնյա	ساحلی	arapnya
ափամերձ	ساحلی	apamerdz
պիջակ	کت، پالتو	pijak
համազգեստ	کت، پالتو	hamazgest
շերտ	روکش؛ کپسول	shert
վերարկուի կտոր	روکش؛ کپسول	verarkui ktor
սիրաշահում	ریشخند	sirashahum
հորդորանք	ریشخند	hordorank
եգիպտացորենիհասկ	کاهگلی	egiptatsorenihask
հնակարկատ	پینه دوز	hnakarkat
փինաչի	پینه دوز	pinachi
կոկաին	کوکائین	kokain
կոկտեյլ	کوکتل	kokteyl
ցուցամոլ	کوکتل	tsutsamol
կակաո	کاکائو	kakao
ձողաձուկ	نوعی ماهی؛ کیسه کوچک	dzoghadzuk
խաբել	نوعی ماهی؛ کیسه کوچک	khabel
օրենսգիրք	کد	orensgirk
ծածկագիր	کد	tsatskagir
բռնադատել	ناگزیر کردن	brnadatel
նվաճել	ناگزیر کردن	nvachel
հարկադրում	اجبار؛ عنف	harkadrum
բռնադատում	اجبار؛ عنف	brnadatum
գոյակցել	همزیستی کردن	goyaktsel
գոյակցություն	همزیستی؛ همزیگری	goyaktsutyun
սուրճ	قهوه	surch
անպետք նավ	تابوت	anpetk nav
անվիճելիություն	قدرت عقیده	anvicheliutyun
անժխտելիություն	قدرت عقیده	anzhkhteliutyun
իմացական	شناختی	imatsakan
համաձայնեցված	منسجم	hamadzaynetsvats
հաջորդական	منسجم	hajordakan
փաթաթել	بوبین	patatel
գալարել	بوبین	galarel
դրամ	سکه؛ سکه زدن	dram
դրամահատում	مسکوکات؛ ابداع واژه	dramahatum
մետաղյա դրամներ	مسکوکات؛ ابداع واژه	metaghya dramner
զուգադիպել	مصادف بودن	zugadipel
հանդիպել	مصادف بودن	handipel
համընկնում	تصادف	hamenknum
համապատասխանում	تصادف	hamapataskhanum
համընկնող	منطبق؛ مصادف	hamenknogh
զուգադիպող	منطبق؛ مصادف	zugadipogh
մրսելը	سرد، سرما	mrsele
սառնություն	برودت؛ سردی	sarnutyun
աշխատակցել	همکاری کردن	ashkhataktsel
գործակցել	همکاری کردن	gortsaktsel
աշխատակցություն	همکاری	ashkhataktsutyun
համագործություն	همکاری	hamagortsutyun
փլուզում	هوار؛ فروریختگی	pluzum
օձիք	یقه؛ طوق	odzik
մանյակ	یقه؛ طوق	manyak
կոլեգա	همکار	kolega
պաշտոնակից	همکار	pashtonakits
հավաքվել	جمع آوری کردن	havakvel
կոլեկցիա	مجموعه؛ وصول	kolektsia
հավաքածու	مجموعه؛ وصول	havakatsu
կոլեկտիվ	جمعی	kolektiv
միացյալ	جمعی	miatsyal
կոլեկտիվ կերպով	اجماعا؛ مجتمعا	kolektiv kerpov
կոլեկցիոներ	گردآورنده	kolektsioner
կոլեջ	کالج	kolej
միջնակարգ դպրոց	کالج	mijnakarg dprots
քոլեջի ուսանող	دانشکدهای	koleji usanogh
բախվել	خوردن؛ برخورد کردن	bakhvel
ընդհարվել	خوردن؛ برخورد کردن	endharvel
բախվում	مصادم	bakhvum
ընդհարում	برخورد	endharum
երկու կետ	دونقطه؛ نشان دونقطه	erku ket
կրկնակետ	دونقطه؛ نشان دونقطه	krknaket
գնդապետ	سرهنگ	gndapet
գաղութաբնակ	استعماری	gaghutabnak
գաղութային	استعماری	gaghutayin
գաղութացում	استعمار	gaghutatsum
գաղութ	کلونی	gaghut
գույն	رنگ؛ فام	guyn
երանգ	رنگ؛ فام	erang
Կոլորադո	کلرادو	Kolorado
ներկված	رنگی؛ چرده	nerkvats
գունավորված	رنگی؛ چرده	gunavorvats
գունավորում	ملون؛ تلوین	gunavorum
գունագեղ	رنگارنگ	gunagegh
մտրուկ	شخص ناآزموده؛ نوعی طپانچه	mtruk
քուռակ	شخص ناآزموده؛ نوعی طپانچه	kurak
Կոլումբիա	کلمبیا	Kolumbia
սյուն	ستون	syun
զորասյուն	ستون	zorasyun
թղթակից	ستون‌نویس	tghtakits
մամուլի տեսաբան	ستون‌نویس	mamuli tesaban
թմբիր	اغماء؛ بیهشی	tmbir
քնախտ	اغماء؛ بیهشی	knakht
սանր	شانه؛ شانه کردن	sanr
պատերազմել	مبارزه، مبارزه کردن	paterazmel
կռվել	مبارزه، مبارزه کردن	krvel
զինվոր	رزمنده	zinvor
մարտիկ	رزمنده	martik
ռազմատենչ	جنگجو	razmatench
կոմբինացիա	ترکیب؛ اختلاط	kombinatsia
կապակցություն	ترکیب؛ اختلاط	kapaktsutyun
միավորել	آمیختن؛ ادغام	miavorel
կատակերգություն	کمدی	katakergutyun
գիսավոր	ذوذنب؛ ستاره دنباله دار	gisavor
գիսաստղ	ذوذنب؛ ستاره دنباله دار	gisastgh
սփոփանք	راحتی؛ آسایش	spopank
հանգիստ	راحتی؛ آسایش	hangist
հարմարավետ	راحت	harmaravet
հարմարավետորեն	براحتی	harmaravetoren
կոմիկ	کمدی	komik
կոմիկական	کمدی	komikakan
ծիծաղելի	خندهآور	tsitsagheli
ստորակետ	ویرگول؛ واوک	storaket
հրաման	فرمان؛ دستور دادن	hraman
հրամանատարություն	فرمان؛ دستور دادن	hramanatarutyun
հրամանատար	فرمانده	hramanatar
հանդես	فتح	handes
գովասանք	سفارش؛ تقریظ	govasank
մեկնաբանություն	نظر، نظر دادن	meknabanutyun
մեկնաբանել	نظر، نظر دادن	meknabanel
լուսաբանություն	تفسیر	lusabanutyun
մեկնաբան	مفسر	meknaban
առեւտուր	بازرگانی	arevtur
հարաբերություն	بازرگانی	haraberutyun
առեւտրական	تجارتی	arevtrakan
շրջիկ գործակալ	تجارتی	shrjik gortsakal
հանձնաժողով	کمیسیون؛ کارمزد	handznazhoghov
լիազորություն	کمیسیون؛ کارمزد	liazorutyun
պառլամենտական հանձնաժողովի անդամ	کمیسر	parlamentakan handznazhoghovi andam
լիազոր	کمیسر	liazor
հանձնարարել	مرتکب شدن؛ سر سپردن	handznararel
ձերբակալել	مرتکب شدن؛ سر سپردن	dzerbakalel
ձերբակալում	سرسپردگی	dzerbakalum
դատի տալը	سرسپردگی	dati tale
կոմիտե	کمیته؛ کمیسیون	komite
ապրանք	کالا	aprank
ապրանքային	کالا	aprankayin
համայնական	رایج، مشترک	hamaynakan
հասարակական	رایج، مشترک	hasarakakan
սովորաբար	علیالرسم؛ عرفا	sovorabar
առհասարակ	علیالرسم؛ عرفا	arhasarak
հասարակաց սեղան	مردم عادی	hasarakats seghan
երեսփոխանականժողով	مردم عادی	erespokhanakanzhoghov
հանրապետություն	مشترک المنافع	hanrapetutyun
կառավարություն	مشترک المنافع	karavarutyun
սասանում	جنجال؛ هیاهو	sasanum
հուզում	جنجال؛ هیاهو	huzum
կոմունալ	اشتراکی	komunal
կոմունա	کمون؛ مزرعه اشتراکی	komuna
համայնք	کمون؛ مزرعه اشتراکی	hamaynk
հաղորդել	ارتباط برقرار کردن	haghordel
հաղորդակցվել	ارتباط برقرار کردن	haghordaktsvel
հաղորդում	مکاتبه؛ ابلاغ	haghordum
հաղորդակցություն	مکاتبه؛ ابلاغ	haghordaktsutyun
շփվող	ارتباطی	shpvogh
մարդամոտ	ارتباطی	mardamot
հաղորդություն	صمیمیت وهمدلی	haghordutyun
կոմունիզմ	کمونیسم؛ مسلک اشتراکی	komunizm
կոմունիստ	کمونیست	komunist
հոծ	فشرده؛ فشرده کردن	hots
ուղեկից	همدم	ughekits
ընկերակցություն	یاری؛ مصاحبت	enkeraktsutyun
համեմատելի	قابل مقایسه	hamemateli
համեմատական	مقایسه‌ای	hamematakan
հարաբերական	مقایسه‌ای	haraberakan
համեմատական կերպով	بالنسبه	hamematakan kerpov
համեմատել	مقایسه کردن	hamematel
բաղդատել	مقایسه کردن	baghdatel
համեմատություն	قیاس؛ مقایسه	hamematutyun
բաժանմունք	کوپه	bazhanmunk
կուպե	کوپه	kupe
կողմնացույց	حیطه؛ پرگار	koghmnatsuyts
կարկին	حیطه؛ پرگار	karkin
կարեկցում	شفقت	karektsum
կարեկցող	شفیق؛ دلسوز	karektsogh
ցավակցող	شفیق؛ دلسوز	tsavaktsogh
վայելուչ	سازگار	vayeluch
հայրենակից	هم وطن	hayrenakits
ստիպել	مجبور کردن	stipel
հարկադրել	مجبور کردن	harkadrel
անհաղթահարելի	قانع‌کننده	anhaghtahareli
հմայիչ	قانع‌کننده	hmayich
փոխհատուցել	جبران کردن	pokhhatutsel
վարձատրել	جبران کردن	vardzatrel
փոխհատուցում	جبران	pokhhatutsum
փոխհատուցող	جبرانی	pokhhatutsogh
մրցել	رقابت کردن	mrtsel
մրցակցել	رقابت کردن	mrtsaktsel
ունակություն	صلاحیت	unakutyun
ձեռնհաս	صالح	dzernhas
մրցում	رقابت	mrtsum
մրցախաղ	رقابت	mrtsakhagh
մրցակցական	رقابتی؛ قابل رقابت	mrtsaktsakan
կոնկուրսային	رقابتی؛ قابل رقابت	konkursayin
մրցակից	رقیب؛ هم چشم	mrtsakits
մեքենայական լեզվի վերահաղորդում հատուկ ծրագրի օգնությամբ	تدوین؛ همگردانی	mekenayakan lezvi verahaghordum hatuk tsragri ognutyamb
կազմել	گردآوری کردن	kazmel
բանաքաղել	گردآوری کردن	banakaghel
ինքնաբավականություն	خود خوشنودی	inknabavakanutyun
ինքնագոհություն	خود خوشنودی	inknagohutyun
ինքնաբավական	خود خوشنود؛ عشرت طلب	inknabavakan
ինքնագոհ	خود خوشنود؛ عشرت طلب	inknagoh
բողոքել	شکایت کردن	boghokel
գանգատ	گله؛ شکوه	gangat
դժգոհություն	گله؛ شکوه	dzhgohutyun
բովանդակություն	تکمیل کردن	bovandakutyun
լրիվ	کامل، تکمیل کردن	lriv
ամբողջական	کامل، تکمیل کردن	amboghjakan
կատարելապես	کاملا	katarelapes
լիովին	کاملا	liovin
ավարտում	تکمیل	avartum
կոմպլեկտ	تکمیل	komplekt
կոմպլեքս	عقده؛ مجتمع	kompleks
բարդ	عقده؛ مجتمع	bard
դեմքի գույն	بشره	demki guyn
տեսք	بشره	tesk
բարդություն	پیچیدگی	bardutyun
խճճվածություն	پیچیدگی	khchchvatsutyun
հաճոյակատարություն	انطباق	hachoyakatarutyun
պատրաստակամություն	انطباق	patrastakamutyun
բարդացնել	مشکل کردن؛ بغرنج کردن	bardatsnel
խճճել	مشکل کردن؛ بغرنج کردن	khchchel
խճճում	پیچیدگی	khchchum
հաճոյախոսություն	تعارف	hachoyakhosutyun
սիրալիրություն	تعارف	siralirutyun
գովասանական	تعارفی؛ تعارف آمیز	govasanakan
գովելի	تعارفی؛ تعارف آمیز	goveli
ենթարկվել	تبعیت کردن	entarkvel
կազմիչ	مولفه	kazmich
բաղադրիչ	مولفه	baghadrich
բաղադրել	ساختن	baghadrel
երգահան	آهنگساز	ergahan
երկ	ترکیب، قطعه موسیقی	erk
հորինում	ترکیب، قطعه موسیقی	horinum
բաղադրություն	ترکیب	baghadrutyun
հասկանալ	درک نمودن	haskanal
ըմբռնել	درک نمودن	embrnel
հասկանալի	قابل درک	haskanali
ըմբռնում	درک؛ فهم	embrnum
հասկանալու կարողություն	درک؛ فهم	haskanalu karoghutyun
ըմբռնող	جامع	embrnogh
ճզմել	کمپرس؛ متراکمکردن	chzmel
ճզմում	تراکم؛ فشردگی	chzmum
ընդգրկել	شامل بودن	endgrkel
բովանդակել	شامل بودن	bovandakel
փոխզիջում	مصالحه	pokhzijum
կոմպրոմիս անել	مصالحه	kompromis anel
համաձայնողական	متصالح؛ سازشکار	hamadzaynoghakan
հաշտվողական	متصالح؛ سازشکار	hashtvoghakan
հարկադիր	اجباری	harkadir
պարտադիր	اجباری	partadir
գոգել	مقعر	gogel
փորել	مقعر	porel
պահել	پنهان کردن	pahel
թաքցնելը	خفیه؛ نهفتگی	taktsnele
ծածկելը	خفیه؛ نهفتگی	tsatskele
զիջել	اعتراف کردن	zijel
շնորհել	اعتراف کردن	shnorhel
գաղափար	نخوت؛ خود بینی	gaghapar
ըմբռնելի	قابل تصور	embrneli
երեւակայելի	قابل تصور	erevakayeli
մտածել	تصور کردن	mtatsel
երեւակայել	تصور کردن	erevakayel
կոնցենտրատ	تغلیظ کردن	kontsentrat
համակենտրոնացում	تمرکز؛ غلظت	hamakentronatsum
թանձրացում	تمرکز؛ غلظت	tandzratsum
համակենտրոն	هم مرکز؛ متحد المرکز	hamakentron
հասկացություն	مفهوم	haskatsutyun
հասկացողություն	مفهوم	haskatsoghutyun
հայեցակարգային	ادراکی؛ تعقلی	hayetsakargayin
մասնակցություն	پروا؛ مربوط بودن	masnaktsutyun
համերգ	کنسرت	hamerg
կոնցեսիա	امتیاز	kontsesia
զիջում	امتیاز	zijum
հաշտեցում	استمالت	hashtetsum
խաղաղեցում	استمالت	khaghaghetsum
հաշտարար	آشتی کننده؛ استمالت پذیر	hashtarar
հակիրճ	لب گو؛ فشرده ومختصر	hakirch
համառոտ	لب گو؛ فشرده ومختصر	hamarot
եզրափակել	منعقد کردن؛ استنتاج کردن	ezrapakel
եզրակացնել	منعقد کردن؛ استنتاج کردن	ezrakatsnel
եզրափակում	عاقبت؛ خاتمه	ezrapakum
եզրափակիչ	مسکت؛ اختتامی	ezrapakich
համոզիչ	مسکت؛ اختتامی	hamozich
միաբանություն	سازگاری؛ همدلی	miabanutyun
համախոհություն	سازگاری؛ همدلی	hamakhohutyun
զուգընթացություն	محل اجتماع؛ محل ملاقات	zugentatsutyun
կոնկրետ	بتن، واقعی	konkret
ռեալ	بتن، واقعی	real
համադիպել	دمساز شدن	hamadipel
օժանդակել	دمساز شدن	ozhandakel
ցնցում	ضربت سخت	tsntsum
կոնտուզիա	ضربت سخت	kontuzia
դատապարտել	محکوم کردن	datapartel
դատապարտում	محکومیت	datapartum
դատավճիռ	محکومیت	datavchir
խտացում	تراکم؛ تغلیظ	khtatsum
թանձրանված	متراکم؛ غلیظ	tandzranvats
խոնարհվել	تواضع کردن	khonarhvel
պայման	وضعیت	payman
հանգամանքներ	وضعیت	hangamankner
պայմանական նախադասություն	مشروط؛ شرطی	paymanakan nakhadasutyun
եղանակ	مشروط؛ شرطی	eghanak
ցավակցություն	عزا؛ تعزیت	tsavaktsutyun
ղեկավարում	رفتار؛ کردار	ghekavarum
հաղորդականություն	رسانائی؛ قابلیت هدایت	haghordakanutyun
դիրիժոր	هادی؛ رسانا	dirizhor
խմբավար	هادی؛ رسانا	khmbavar
կոն	مخروط؛ میوه کاج	kon
հրուշակավաճառ	شیرینی فروش؛ شکر ریز	hrushakavachar
հրուշակագործ	شیرینی فروش؛ شکر ریز	hrushakagorts
կոնֆեդերացիա	هم پیمانی	konfederatsia
լիգա	هم پیمانی	liga
գիտական կոչում շնորհել	اعطا کردن، مشورت کردن	gitakan kochum shnorhel
խորհրդակցել	اعطا کردن، مشورت کردن	khorhrdaktsel
կոնֆերենցիա	کنفرانس	konferentsia
կոնֆերանս	کنفرانس	konferans
խոստովանել	اعتراف کردن	khostovanel
խոստովանություն	اعتراف	khostovanutyun
դավանանք	اعتراف	davanank
մտերիմ	همراز؛ سرنگهدار	mterim
սրտակից մարդ	همراز؛ سرنگهدار	srtakits mard
վստահ	دلگرم	vstah
կոնֆիդենցիալ կերպով	به‌طور محرمانه	konfidentsial kerpov
վստահ կերպով	متوکلاً	vstah kerpov
ձեւակերպություն	پیکربندی	dzevakerputyun
կերպարանք	پیکربندی	kerparank
բռնագրավել	ضبط کردن؛ مسدود کردن	brnagravel
կոնֆիսկացնել	ضبط کردن؛ مسدود کردن	konfiskatsnel
բռնագրավում	ضبط	brnagravum
կոնֆիսկացիա	ضبط	konfiskatsia
մեծ հրդեհ	آتش سوزی	mets hrdeh
գետախառնունք	تلاقی؛ همریختنگاه	getakharnunk
հորդություն	تلاقی؛ همریختنگاه	hordutyun
շփոթված	نفرین شده؛ لعنت شده	shpotvats
մոլորված	نفرین شده؛ لعنت شده	molorvats
դեմ առ դեմ բերել հանել	روبرو شدن	dem ar dem berel hanel
դիմագրավել	روبرو شدن	dimagravel
երես առ երես բերելը	رویارویی	eres ar eres berele
առերեսում	رویارویی	areresum
խառնել	گیج کردن؛ مختل کردن	kharnel
շփոթել	گیج کردن؛ مختل کردن	shpotel
խառնում	ملتبس	kharnum
անկարգություն	سردرگمی	ankargutyun
սառեցնված	منجمد	saretsnvats
համազգի	همخو؛ هم مشرب	hamazgi
համամիտ	همخو؛ هم مشرب	hamamit
բծային	ارثی؛ مادرزاد	btsayin
արյունախառնում	احتقان	aryunakharnum
գերբնակվածություն	احتقان	gerbnakvatsutyun
շնորհավորել	تبریک گفتن	shnorhavorel
շնորհավորում	تهنیت؛ تبریک	shnorhavorum
շնորհավորանք	تهنیت؛ تبریک	shnorhavorank
հավաքույթ	جماعت	havakuyt
համագումար	کنگره؛ مجلس	hamagumar
ԱՄՆ-ի կոնգրեսը	کنگره؛ مجلس	AMN-i kongrese
կոնգրեսին վերաբերող	کنگره‌ای	kongresin veraberogh
ընտրական	کنگره‌ای	entrakan
կոնաձեւ	کله قندی	konadzev
կոնանման	کله قندی	konanman
կարծիք	حدس	kartsik
վարկած	حدس	varkats
տրամաբանական բազմապատկման գործողություն	تلاقی؛ مقارنت	tramabanakan bazmapatkman gortsoghutyun
միացված	متصل	miatsvats
կապված	متصل	kapvats
Կոնեկտիկուտ	کانکتیکت	Konektikut
կապակցող մասնիկ	آگینی؛ اتصالی	kapaktsogh masnik
թողտվություն	اغماض؛ غمض	toghtvutyun
ներողամտություն	اغماض؛ غمض	neroghamtutyun
տիրել	فتح کردن	tirel
նվաճող	غالب؛ فاتح	nvachogh
հաղթանակ	تسخیر	haghtanak
խիղճ	وجدان	khighch
խղճմտանք	وجدان	khghchmtank
բարեխիղճ	وجدانی؛ باوجدان	barekhighch
խղճով	وجدانی؛ باوجدان	khghchov
զգացող	بهوش؛ واقف	zgatsogh
գիտակցություն	آگاهی	gitaktsutyun
ընդհանուր զինապարտություն	سربازگیری	endhanur zinapartutyun
զինվորահավաք	سربازگیری	zinvorahavak
հետեւողական	متوالی	hetevoghakan
համերաշխություն	اجماع	hamerashkhutyun
հետեւանք	موجب؛ عاقبت	hetevank
նշանակություն	موجب؛ عاقبت	nshanakutyun
հետեւանքային	نتیجه بخش؛ بر آیند	hetevankayin
հաջորդող	نتیجه بخش؛ بر آیند	hajordogh
բխող	پربرآیند؛ نتیجهای	bkhogh
հետեւանքը հանդիսացող	پربرآیند؛ نتیجهای	hetevanke handisatsogh
հետեւաբար	در نتیجه	hetevabar
պահպանում	حفاظت	pahpanum
պահում	حفاظت	pahum
պահպանողական	مرتجع؛ محافظه کار	pahpanoghakan
ռեակցիոն	مرتجع؛ محافظه کار	reaktsion
պահածո շաքարած միրգ	حفاظت کردن	pahatso shakarats mirg
մուրաբա	حفاظت کردن	muraba
համարել	در نظر گرفتن	hamarel
զգալի	قابل توجه	zgali
նշանակալի	قابل توجه	nshanakali
զգալիորեն	به میزان قابل توجهی	zgalioren
քննում	توجه؛ ملاحظه	knnum
քննարկում	توجه؛ ملاحظه	knnarkum
բաղկացած լինել	یکپارچهبودن؛ تشکیل دادن	baghkatsats linel
կայանալ	یکپارچهبودن؛ تشکیل دادن	kayanal
կազմվածք	درجه غلظت	kazmvatsk
խտություն	درجه غلظت	khtutyun
հետեւողականություն	سازگاری	hetevoghakanutyun
կայունություն	سازگاری	kayunutyun
հետեւողական կերպով	به طور مداوم	hetevoghakan kerpov
սփոփում	دلداری	spopum
մխիթարել	پیشانه؛ میزفرمان	mkhitarel
սփոփել	پیشانه؛ میزفرمان	spopel
հաստատուն դարձած	مستحکم	hastatun dardzats
ապահովված	مستحکم	apahovvats
ամրացում	تحکیم؛ تشیید	amratsum
բաղաձայն հնչյուն	بیواکه؛ همخوان	baghadzayn hnchyun
կոնսորցիում	کنسرسیوم	konsortsium
դավադրություն	توطئه	davadrutyun
կոնսպիրացիա	توطئه	konspiratsia
հաստատունություն	استواری؛ ثبات	hastatunutyun
անփոփոխ	ثابت؛ دایم	anpopokh
մշտապես	دایم؛ دائما	mshtapes
շարունակ	دایم؛ دائما	sharunak
ահաբեկություն	بهت وحیرت	ahabekutyun
զարհուրանք	بهت وحیرت	zarhurank
փորկապ	یبس؛ مقوبض	porkap
փորկապություն	یبوست	porkaputyun
ընտրողներ	حوزه انتخابیه	entroghner
ընտրական օկրուգ	حوزه انتخابیه	entrakan okrug
հիմնել	تشکیل دادن	himnel
մարմնի կազմվածք	قانون اساسی	marmni kazmvatsk
կերտվածք	قانون اساسی	kertvatsk
սահմանադրական	قانونی	sahmanadrakan
կառուցվածքային	قانونی	karutsvatskayin
հարկադրանք	محدودیت	harkadrank
կծկում	تنگی؛ تنگ شدگی	ktskum
շինարարություն	سازندگی؛ ساخت و ساز	shinararutyun
կառուցում	سازندگی؛ ساخت و ساز	karutsum
հյուպատոս	کنسول	hyupatos
կոնսուլ	کنسول	konsul
տեղեկանալ	مشورت کردن	teghekanal
կոնսուլտացիա	مشاوره	konsultatsia
խորհրդակցություն	مشاوره	khorhrdaktsutyun
խորհրդակցող	مشاوره؛ استشاره	khorhrdaktsogh
խորհուրդ տվող	مشاوره؛ استشاره	khorhurd tvogh
սպառված	مورد مصرف	sparvats
սպառող	مصرف کننده؛ مسرف کننده	sparogh
սպառում	استهلاک؛ مصرف کننده	sparum
կատարյալ	بوصال رسیدن	kataryal
ծախսում	مصرف	tsakhsum
շփում	ارتباط؛ تماس	shpum
հպում	ارتباط؛ تماس	hpum
վարակ	واگیر؛ هم گیری	varak
վարակում	واگیر؛ هم گیری	varakum
վարակիչ	مسری؛ واگیردار	varakich
վարակիչ լինելը	واگیری	varakich linele
պարունակել	حاوی بودن	parunakel
ետ պահել	حاوی بودن	et pahel
անոթ	ظرف؛ محفه	anot
վարակված	فاسد؛ آلوده	varakvats
աղտոտում	آلودگی؛ آلایش	aghtotum
զննել	تامل کردن	znnel
դիտում	غور	ditum
զննում	غور	znnum
հայեցողական	معقول؛ تفکری	hayetsoghakan
դիտողական	معقول؛ تفکری	ditoghakan
ժամանակակից	همزمان؛ معاصر	zhamanakakits
հասակակից	همزمان؛ معاصر	hasakakits
արհամարհանք	تحقیر	arhamarhank
արհամարհում	تحقیر	arhamarhum
արհամարհելի	استهزاء آمیز	arhamarheli
արհամարհանքի արժանի	استهزاء آمیز	arhamarhanki arzhani
արհամարհական	قابل تحقیر	arhamarhakan
պայքարել	رقابت کردن	paykarel
կռվող	رقیب	krvogh
գոհունակություն	راضی	gohunakutyun
տարողություն	راضی	taroghutyun
մրցակցություն	اختلاف	mrtsaktsutyun
բավարարություն	خرسندی	bavararutyun
մրցություն	مسابقه؛ منازعه کردن	mrtsutyun
կոնտեքստ	زمینه	kontekst
մայր ցամաք	قاره	mayr tsamak
զուսպ	قاره	zusp
եւրոպական կոնտինենտի բնակիչ	بری؛ اقلیمی	evropakan kontinenti bnakich
անընդհատ	مدام؛ مداوم	anendhat
շարունակում	ادامه؛ دنباله	sharunakum
վերսկսում	ادامه؛ دنباله	versksum
շարունակել	ادامه دادن	sharunakel
մնալ	ادامه دادن	mnal
անընդհատություն	پیوستگی؛ تسلسل	anendhatutyun
միապաղաղ	پیاپی؛ لاینقطع	miapaghagh
անընդհատ կերպով	پیوسته؛ همچنان	anendhat kerpov
շրջապատ	حدفاصل؛ محیط مرئی	shrjapat
մաքսանենգություն	اجناس قاچاق	maksanengutyun
արգելված վաճառք	اجناس قاچاق	argelvats vachark
գործավարձու	پیمان؛ مقاطعه	gortsavardzu
կրճատում	گرفتگی؛ انقباض	krchatum
կապալառու	پیمانکار	kapalaru
պայմանագիր ստորագրած անձ	پیمانکار	paymanagir storagrats andz
պայմանագրային	پیمانی؛ عهدی	paymanagrayin
հակասել	تناقض داشتن؛ خلاف گفتن	hakasel
ժխտել	تناقض داشتن؛ خلاف گفتن	zhkhtel
հակասություն	تناقض	hakasutyun
հերքում	تناقض	herkum
հակասական	مغایر؛ نقیض	hakasakan
անհամատեղելի	مغایر؛ نقیض	anhamategheli
հակադիր	برعکس	hakadir
հակադարձ	برعکس	hakadardz
հակադրություն	تباین؛ مباینت	hakadrutyun
հակապատկեր	تباین؛ مباینت	hakapatker
նվիրաբերել	هم بخشی کردن؛ همکاری و کمک کردن	nviraberel
ավանդ	کمک؛ اعانه	avand
աջակցեղ	مشارکت‌کننده	ajaktsegh
աջակցություն ցույց տվող	مشارکت‌کننده	ajaktsutyun tsuyts tvogh
հնարագործություն	تمهید	hnaragortsutyun
հնարամտություն	تمهید	hnaramtutyun
ղեկավարել	کنترل، کنترل کردن	ghekavarel
հատուկ արարիչ սարք	ممیز؛ بازبین	hatuk ararich sark
ղեկավարումէ ԷՀՄ արտաքսարքերի աշխատանքը	ممیز؛ بازبین	ghekavarume EHM artaksarkeri ashkhatanke
վիճաբանական	بحث‌برانگیز	vichabanakan
հակաճառող	بحث‌برانگیز	hakacharogh
վիճաբանություն	مناقشه	vichabanutyun
բանավեճ	مناقشه	banavech
ապաքինվող	بهگرا	apakinvogh
առողջացող	بهگرا	aroghjatsogh
հարմարություն	راحتی	harmarutyun
զուգարան	راحتی	zugaran
պիտանի	بی دغدغه	pitani
հարմար կերպով	مصلحه؛ به راحتی	harmar kerpov
մենաստան	دیر؛ صومعه	menastan
պայմանական	متعارف	paymanakan
զուգադիմել	متقارب شدن؛ همگرا بودن	zugadimel
զուգամիտել	متقارب شدن؛ همگرا بودن	zugamitel
խոսակցություն	مکالمه	khosaktsutyun
զրույց	مکالمه	zruyts
խոսակցական	مکالمهای؛ گفتگوئی	khosaktsakan
խոսել	محاوره کردن	khosel
ընդհակառակը	بالعکس	endhakarake
փոխարկում	تبدیل	pokharkum
դարձնել	نقد کردن	dardznel
դարձնելի	قابل تسعیر	dardzneli
շրջելի	قابل تسعیر	shrjeli
տեղափոխել	منتقل کردن	teghapokhel
փոխանցել	منتقل کردن	pokhantsel
տեղափոխում	سند انتقال؛ وسیله نقلیه	teghapokhum
տեղադրում	سند انتقال؛ وسیله نقلیه	teghadrum
դատապարտյալ	محکوم کردن	datapartyal
հանցավոր	محکوم کردن	hantsavor
համոզմունք	محکومیت	hamozmunk
ոլորված	بهم تابیده	olorvats
գալար	بهم تابیده	galar
ջղաձգություն	تشنج؛ اختلاج	jghadzgutyun
ջղաձգական	متشنج؛ تشنجی	jghadzgakan
կարկամային	متشنج؛ تشنجی	karkamayin
օջախ	اجاق گاز	ojakh
կրակարան	اجاق گاز	krakaran
պաղ	خنک، باحال	pagh
պաղեցում	خنک کننده؛ خنک سازی	paghetsum
սառեցում	خنک کننده؛ خنک سازی	saretsum
զովություն	خنکی؛ خون سردی	zovutyun
կոոպերացիա	اشتراک؛ مشارکت	kooperatsia
համագործակցություն	اشتراک؛ مشارکت	hamagortsaktsutyun
կոոպերատիվ	تعاونی	kooperativ
համատեղ	تعاونی	hamategh
կոորդինատ	هماهنگ کردن	koordinat
համաձայնեցնել	هماهنگ کردن	hamadzaynetsnel
կոորդինացիա	هماهنگی	koordinatsia
համակարգում	هماهنگی	hamakargum
համակարգող	هماهنگ‌کننده	hamakargogh
կծիկ	پلیس	ktsik
գլուխ բերել	کنار آمدن	glukh berel
հաղթահարել կռվել	کنار آمدن	haghtaharel krvel
պղինձ	مس	pghindz
պղնձե դրամ	مس	pghndze dram
օրինակ	کپی، کپی کردن	orinak
ձեռագիր	کپی، کپی کردن	dzeragir
հեղինակային իրավունք	حق چاپ	heghinakayin iravunk
հրատարակչական իրավունք	حق چاپ	hratarakchakan iravunk
մարջան	مرجان؛ بسد	marjan
բուստ	مرجان؛ بسد	bust
պարան	طناب؛ سیم	paran
լար	طناب؛ سیم	lar
սրտային դեղ	قلبی؛ مقوی	srtayin degh
միջուկը հանել	سلف	mijuke hanel
բանալ	سلف	banal
խցան	سربطری؛ چوب پنبه	khtsan
կարթի խցանիկ	سربطری؛ چوب پنبه	karti khtsanik
ցորեն	ذرت؛ غله	tsoren
երկրի կողմ	گوشه	erkri koghm
հետեւություն	نتیجه فرعی	hetevutyun
պսակաձեւ	اکیلی	psakadzev
կորոնար	اکیلی	koronar
դատաքննիչ	پزشک قانونی	dataknnich
թագ	نیم تاج	tag
ապարոշ	نیم تاج	aparosh
տասնապետ	جسمی؛ سرجوخه	tasnapet
մարմնավոր	جسمی؛ سرجوخه	marmnavor
կորպորացիա	شرکت	korporatsia
կորպուս	سپاه	korpus
ճիշտ	صحیح، اصلاح کردن	chisht
ուղիղ	صحیح، اصلاح کردن	ughigh
ուղղում	اصلاح	ughghum
ճշտում	اصلاح	chshtum
ճիշտ կերպով	به درستی	chisht kerpov
ճիշտ լինելը	درستی	chisht linele
առնչություն ունենալ	همبستگی داشتن	arnchutyun unenal
հարաբերակցություն	همبستگی	haraberaktsutyun
կորելացիա	همبستگی	korelatsia
համապատասխանել	مطابقت داشتن	hamapataskhanel
թղթակցություն ունենալ	مطابقت داشتن	tghtaktsutyun unenal
համապատասխանող	متناظر	hamapataskhanogh
միջանցք	راهرو	mijantsk
ուտիչ	خورنده؛ اکال	utich
քայքայիչ նյութ	خورنده؛ اکال	kaykayich nyut
փչանալ	فاسد	pchanal
այլասերել	فاسد	aylaserel
փչացում	فساد	pchatsum
նեխում	فساد	nekhum
կորսետ	شکم بند	korset
կազակ	قزاق	kazak
արժեք	هزینه، هزینه داشتن	arzhek
փողոցային վաճառող	سبزی فروش	poghotsayin vacharogh
ծանրագին	پرهزینه	tsanragin
սուղ	پرهزینه	sugh
կոստյում	جامه؛ لباس محلی	kostyum
բազմոցիկ	گرم ونرم	bazmotsik
հյուղ	کلبه	hyugh
բամբակ	پنبه؛ کتانی	bambak
թախտ	مبل	takht
մահիճ	مبل	mahich
հազ	سرفه؛ سرفه کردن	haz
ի վիճակիլինել	می‌توانست (فعل کمکی)	i vichakilinel
խորհրդի անդամ	عضو شورا	khorhrdi andam
խորհրդատվություն	مشورت	khorhrdatvutyun
թվել	شمردن	tvel
դեմքի արտահայտություն	لقا	demki artahaytutyun
դեմք	لقا	demk
վաճառասեղան	مقابله کردن (با استدلال)؛ پیشخوان	vacharaseghan
խաղանիշ	مقابله کردن (با استدلال)؛ پیشخوان	khaghanish
հակազդել	خنثی کردن؛ خنثی نمودن	hakazdel
չեզոքացնել	خنثی کردن؛ خنثی نمودن	chezokatsnel
հակագրոհ	حمله متقابل کردن	hakagroh
երկնմանակ	همتا	erknmanak
կրկնորդ	همتا	krknord
կոմսուհի	کنتس؛ همسر کنت	komsuhi
անհամար	بی‌شمار	anhamar
երկիր	کشور	erkir
հայրենիք	کشور	hayrenik
գյուղացի	هم میهن	gyughatsi
գյուղական վայր	ییلاقات؛ بیرون شهر	gyughakan vayr
ծայրամաս	ییلاقات؛ بیرون شهر	tsayramas
հաջող քայլ	کودتا	hajogh kayl
զույգ	زوج، چند	zuyg
էլեկտրական էլեմենտ	زوج، چند	elektrakan element
կտրոն	کوپن	ktron
կուրս	دوره، البته	kurs
դասընթաց	دوره، البته	dasentats
բակ	دادگاه؛ دربار	bak
խաղահրապարակ	دادگاه؛ دربار	khaghahraparak
դատարանի շենք	کاخ دادگستری	datarani shenk
նուրբ	درباری	nurb
նրբագեղ	درباری	nrbagegh
սիրատածում	نظر بازی	siratatsum
մորաքրոջ	پسرعمو/عمه/دایی/خاله، دخترعمو/عمه/دایی/خاله	morakroj
քեռու	پسرعمو/عمه/دایی/خاله، دخترعمو/عمه/دایی/خاله	keru
դաշնադրություն	میثاق بستن	dashnadrutyun
պատյան	پوشاندن، پوشش	patyan
ծածկույթ	پوشش	tsatskuyt
լուսաբանում	پوشش	lusabanum
անտառի թավուտ	پوشپر	antari tavut
գաղտնի	پوشپر	gaghtni
կով	گاو	kov
կաթնատու անասուն	گاو	katnatu anasun
վախկոտ երկչոտ մարդ	ترسو؛ ضعیفالنفس	vakhkot erkchot mard
վախկոտություն	بیدلی؛ نامردی	vakhkotutyun
երկչոտություն	بیدلی؛ نامردی	erkchotutyun
փոքրոգի	بی حمیت	pokrogi
թուլամորթ	بی حمیت	tulamort
կովարած	گاوچران	kovarats
կովբոյ	گاوچران	kovboy
ծովախեցգետին	خرچنگ	tsovakhetsgetin
վերամբարձ մեքենա	خرچنگ	verambardz mekena
ճայթյուն	ترک، شکستن	chaytyun
ճեղք	ترک، شکستن	cheghk
օրորոց	گهواره؛ مهد	ororots
օրրան	گهواره؛ مهد	orran
արհեստավոր	صنعت گر؛ پیشه ور	arhestavor
մասնագետ	صنعت گر؛ پیشه ور	masnaget
վարպետություն	صنعت گری	varpetutyun
նեղություն	چنگوک؛ چنگه	neghutyun
նեղել	چنگوک؛ چنگه	neghel
կռունկ	کلنگ؛ جرثقیل	krunk
ամբարձիչ կռունկ	کلنگ؛ جرثقیل	ambardzich krunk
գանգային	جمجمه ای	gangayin
սնանկացում	سقوط؛ برخورد کردن	snankatsum
խառնարան	دهانه آتش فشان	kharnaran
հրաբերան	دهانه آتش فشان	hraberan
սողալ	خزیدن	soghal
քարշ գալ	خزیدن	karsh gal
խելագար	دیوانه	khelagar
տարված	دیوانه	tarvats
ճռռոց	غژغژ کردن	chrrots
ճռռալ	غژغژ کردن	chrral
սեր	خامه، کرم	ser
կրեմ	خامه، کرم	krem
ծալել	تاه؛ تاه کردن	tsalel
ստեղծել	خلق کردن	steghtsel
կոչում տալ	خلق کردن	kochum tal
ստեղծում	ایجاد؛ خلق	steghtsum
ստեղծագործություն	ایجاد؛ خلق	steghtsagortsutyun
ստեղծարար	خلاق	steghtsarar
ստեղծագործական	خلاق	steghtsagortsakan
ստեղծագործականություն	خلاقیت	steghtsagortsakanutyun
ստեղծիչ	خالق	steghtsich
արարած	خلق؛ موجود	ararats
թակ	خلق؛ موجود	tak
հավանականություն	اعتبار	havanakanutyun
հավանական	معتبر	havanakan
վարկատու	بستانکار؛ وامخواه	varkatu
պարտատեր	بستانکار؛ وامخواه	partater
փռվել	خزیدن	prvel
լուսնեղջյուր	هلال؛ هلالی	lusneghjyur
մահիկ	هلال؛ هلالی	mahik
ցցունք	ستیغ	tstsunk
նավակազմ	خدمه	navakazm
գոմ	گهواره؛ دزدی ادبی	gom
ծղրիդ	جیر جیرک	tsghrid
կրիկետ	جیر جیرک	kriket
հանցանք	جرم	hantsank
ոճիր	جرم	ochir
հանցագործ	جنایتکار	hantsagorts
ոճրագործ	جنایتکار	ochragorts
մուգ կարմիր գույն	جگری؛ لاکی	mug karmir guyn
կարմրությունբոսորագույն	جگری؛ لاکی	karmrutyunbosoraguyn
քծնել	چندک زدن	ktsnel
նվաստանալ	چندک زدن	nvastanal
հաշմանդամ	عاجز؛ زمین گیر	hashmandam
խեղել	عاجز؛ زمین گیر	kheghel
ճգնաժամ	بحران	chgnazham
կրիզիս	بحران	krizis
չափանիշ	معیار	chapanish
դատաչափ	معیار	datachap
քննադատ	منقد؛ نقدگر	knnadat
քննադատական	وخیم؛ بحرانی	knnadatakan
ճգնաժամային	وخیم؛ بحرانی	chgnazhamayin
քննադատ կերպով	به طور انتقادی	knnadat kerpov
քննադատություն	انتقاد؛ نکوهش	knnadatutyun
քննադատել	انتقاد کردن؛ نکوهش کردن	knnadatel
պարսավել	انتقاد کردن؛ نکوهش کردن	parsavel
ճախճապակյա ամանեղեն	بدل چینی؛ ظروف گلی	chakhchapakya amaneghen
հին ծանոթ	هم اطاق	hin tsanot
կոր	کج؛ ناراست	kor
բերք	محصول؛ محصود	berk
հունձք	محصول؛ محصود	hundzk
խաչ	صلیب، عبور کردن	khach
հիբրիդ	صلیب، عبور کردن	hibrid
խաչմերուկ	چهار راه	khachmeruk
ինքնահաճ	قلاب دار	inknahach
կռանում	دولا دولا	kranum
խորոզակ	خناق	khorozak
աքլորախեղդ	خناق	aklorakheghd
ագռավ	غراب؛ بانگ خروس	agrav
աքլորականչ	غراب؛ بانگ خروس	aklorakanch
ամբոխ	جمعیت	ambokh
լեփ-լեցուն	شلوغ	lep-letsun
պսակ	تاج	psak
խաչաձեւ	حیاتی	khachadzev
վճռական	حیاتی	vchrakan
խաչել	مصلوب کردن؛ چارمیخ کردن	khachel
խաչ բարձրացնել	مصلوب کردن؛ چارمیخ کردن	khach bardzratsnel
խակ	خام	khak
հում	خام	hum
անգութ	ستمگر؛ ظالم	angut
քարսրտություն	بیداد؛ ظلم	karsrtutyun
նավարկություն	سفر دریایی	navarkutyun
երթեւեկել	سفر دریایی	ertevekel
ճմլված	مچاله	chmlvats
ճխլտված	مچاله	chkhltvats
խաչակրած արշավանք	غزا؛ جنگ مذهبی	khachakrats arshavank
հրմշտոց	خرد کردن	hrmshtots
ջախջախում	خرد کردن	jakhjakhum
հացի կեղեւ	پوست؛ پوسته	hatsi keghev
կեղեւապատել	پوست؛ پوسته	keghevapatel
հենակ	زیربغل راه رفتن؛ چوب زیر بغل	henak
ճիչ	گریه کردن	chich
լաց	گریه کردن	lats
բյուրեղապակի	بلور	byureghapaki
բյուրեղացնված	متبلور	byureghatsnvats
Կուբա	کوبا	Kuba
կուբացի	کوبایی	kubatsi
կուբայական	کوبایی	kubayakan
խորանարդային	مکعبی	khoranardayin
խորանարդի	مکعبی	khoranardi
վարունգ	خیار؛ بالنک	varung
վարսամ	نشانه	varsam
գագաթնակետին հասնում	منتهی	gagatnaketin hasnum
բարձրակետ	اوج	bardzraket
պաշտամունք	فرقه	pashtamunk
մշակել	کشت کردن	mshakel
մշակում	زرع؛ تهذیب	mshakum
մշակութային	فرهنگی	mshakutayin
մշակույթ	فرهنگ	mshakuyt
կուլտուրա	فرهنگ	kultura
կրթված	بافرهنگ	krtvats
սեպաձեւ գիր	خط میخی	sepadzev gir
սեպագիր	خط میخی	sepagir
խորամանկություն	ناقلا؛ مکار	khoramankutyun
թաս	فنجان	tas
բուֆետ	کمد	bufet
բուժիչ միջոց	علاج بخش؛ شفا بخش	buzhich mijots
բուժական	علاج بخش؛ شفا بخش	buzhakan
սանձիկ	جدول؛ طوقه	sandzik
դեղ	چاره؛ درمان	degh
հետաքրքրասիրություն	کنجکاوی	hetakrkrasirutyun
հարցասիրություն	کنجکاوی	hartsasirutyun
հետաքրքրական	کنجکاو	hetakrkrakan
խոպոպիկ	فر؛ مرغول	khopopik
գանգրացում	فر؛ مرغول	gangratsum
գանգուր	فرفری	gangur
դրամական համակարգ	ارز	dramakan hamakarg
վալյուտա	ارز	valyuta
հոսանք	جاری؛ رایج	hosank
ընթացք	جاری؛ رایج	entatsk
հոսանք կերպով	فعلا؛ اکنون	hosank kerpov
ուսումնական պլան	برنامه درسی	usumnakan plan
անիծել	نفرین؛ لعنت	anitsel
հայհոյել	نفرین؛ لعنت	hayhoyel
կրճատել	کوتاه کردن؛ مختصر نمودن	krchatel
նվազեցնել	کوتاه کردن؛ مختصر نمودن	nvazetsnel
վարագույր	پرده؛ حجاب	varaguyr
հրաքող	پرده؛ حجاب	hrakogh
կորություն	خمیدگی	korutyun
կոր գիծ	خم؛ منحنی	kor gits
բարձ	چنبره؛ مخده	bardz
միջադիր	چنبره؛ مخده	mijadir
լուսնի եղջյուր	نوک هلال؛ غره برج	lusni eghjyur
նիզակի սուր ծայրը	نوک هلال؛ غره برج	nizaki sur tsayre
պահապան	متولی؛ سرایدار	pahapan
վարիչ	متولی؛ سرایدار	varich
պահեստ	حضانت	pahest
հաճախորդներ	رسم؛ عادت	hachakhordner
սովորական	مرسوم؛ عادتی	sovorakan
վիրավորել	بریدن	viravorel
կտորտանք	برش	ktortank
սղոցուք	برش	sghotsuk
ցիանաթթվի աղ	سیانور	tsianattvi agh
ցիանիդ	سیانور	tsianid
ցիկլ	دوچرخه سواری، چرخه	tsikl
գլանաձեւ	لولهای؛ استوانهای	glanadzev
գլանավոր	لولهای؛ استوانهای	glanavor
շնական	بدبین	shnakan
լկտի	بدبین	lkti
կիստային	پیشاب دانی	kistayin
ցար	تزار	tsar
չեխ	زبان چکوسلواکی	chekh
հայրիկ	بابا	hayrik
դաշույն	خنجر؛ دشنه	dashuyn
դաշունահարել	خنجر؛ دشنه	dashunaharel
ամենօրյա	روزانه	amenorya
օրական	روزانه	orakan
նրբին	لذیذ	nrbin
յուղագործարան	لبنیات	yughagortsaran
պանրագործարան	لبنیات	panragortsaran
ամբարտակ	سد	ambartak
պատնեշ	سد	patnesh
վնաս	زیان؛ غرامت	vnas
վնասվածք	زیان؛ غرامت	vnasvatsk
կամկայե ծաղկավոր գործվածք	گلدار کردن	kamkaye tsaghkavor gortsvatsk
դամասկյան	گلدار کردن	damaskyan
նզովել	اف؛ نفرین کردن	nzovel
անիծված	ملعون؛ لعین	anitsvats
անիծյալ	ملعون؛ لعین	anitsyal
խոնավ	نمناک؛ نمدار	khonav
թաց	نمناک؛ نمدار	tats
խոնավ լինելը	رطوبت؛ نمناکی	khonav linele
պարել	رقص، رقصیدن	parel
ցատկել	رقص، رقصیدن	tsatkel
պարող	رقصنده	parogh
պարուհի	رقصنده	paruhi
պարեր	رقص	parer
պար գալը	رقص	par gale
պճնամոլ	خوش تیپ؛ شیک پوش	pchnamol
առագաստանավ	خوش تیپ؛ شیک پوش	aragastanav
վտանգ	خطر	vtang
սպառնալիք	خطر	sparnalik
վտանգավոր	خطرناک	vtangavor
սպառնալի	خطرناک	sparnali
կախում	آویز شده	kakhum
դանիերեն	دانمارکی	danieren
դանիական	دانمارکی	daniakan
համարձակվել	جرئت کردن	hamardzakvel
ռիսկ անել	جرئت کردن	risk anel
մթություն	تاریکی	mtutyun
խավար	تاریکی	khavar
թանկագին	عزیز؛ دلبند	tankagin
հետողական զենք	مزراق	hetoghakan zenk
վահանակ	داشبورد	vahanak
կառավարման վահանակ	داشبورد	karavarman vahanak
արագընթաց	زنده دل	aragentats
սրընթաց	زنده دل	srentats
տրված մեծություն	داده‌ها	trvats metsutyun
տվյալներ	داده‌ها	tvyalner
տվյալների բազա	پایگاه داده	tvyalneri baza
թվական	تاریخ، قرار ملاقات	tvakan
տարեթիվ	تاریخ، قرار ملاقات	taretiv
դուստր	دختر	dustr
աղջիկ	دختر	aghjik
Դեյվիս	دیویس	Deyvis
լուսաբաց	طلوع	lusabats
ծեգ	طلوع	tseg
ցերեկ	روز	tserek
օր	روز	or
արշալույս	سپیده دم؛ تیغ سحر	arshaluys
շլացնված	خیره؛ مسحور	shlatsnvats
սարկավագ	شماس	sarkavag
սաղմոս կարդալ	شماس	saghmos kardal
մեռած	مرده	merats
խուլ	مرده	khul
վերջնաժամկետ	مهلت	verjnazhamket
մահացու	کشنده	mahatsu
մահաբեր	کشنده	mahaber
խլություն	ناشنوایی	khlutyun
քանակ	معامله، سر و کار داشتن	kanak
բաժին	معامله، سر و کار داشتن	bazhin
խաղաթուղթ բաժանող անկեղծշիտակ մարդ	فروشنده	khaghatught bazhanogh ankeghtsshitak mard
դեկան	شیخ السفرا	dekan
ավագ քահանա	شیخ السفرا	avag kahana
մահվան անկողին	بستر مرگ	mahvan ankoghin
ճակատագրական	مرگ وار	chakatagrakan
անբարոյական	فسق؛ الواطی	anbaroyakan
բեկորներ	آوار	bekorner
ավերակներ	آوار	averakner
պարտապան	مدیون؛ بدهکار	partapan
դեբյուտ	اولین حضور	debyut
առաջին ելույթ	اولین حضور	arajin eluyt
տասնամյակ	دهه	tasnamyak
տասնյակ	دهه	tasnyak
անկումայնություն	تنزل؛ آغاز ویرانی	ankumaynutyun
փտել	فساد؛ فاسدکردن	ptel
հոտել	فساد؛ فاسدکردن	hotel
ննջյալ	مرده؛ مرحوم	nnjyal
հանգուցյալ	مرده؛ مرحوم	hangutsyal
խաբեություն	فریب؛ گول	khabeutyun
սուտ	فریب؛ گول	sut
ստախոս	جلب؛ عیار	stakhos
մոլորեցնել	فریفتن؛ رنگ کردن	moloretsnel
դեկտեմբեր	دسامبر	dektember
դեկտեմբերյան	دسامبر	dektemberyan
պարկեշտություն	نجابت	parkeshtutyun
քաղաքավարությամբ	نجیبانه	kaghakavarutyamb
պարկեշտորեն սիրալիր կերպով	نجیبانه	parkeshtoren siralir kerpov
խաբուսիկ	فریبنده؛ فریبا	khabusik
վճռել	تصمیم گرفتن	vchrel
որոշումների կայացում	تصمیم‌گیری	oroshumneri kayatsum
տախտակամած	عرشه	takhtakamats
խաղաթղթերի կապուկ	عرشه	khaghatghteri kapuk
սիրո բացատրություն	اعلامیه	siro batsatrutyun
թեքել	کاهش؛ تنزل	tekel
վատանալ	کاهش؛ تنزل	vatanal
տարրալուծում	تجزیه	tarralutsum
կազմալուծում	تجزیه	kazmalutsum
հարդարել	آراستن؛ پیراستن	hardarel
շքանշան	آرایش؛ تراز	shkanshan
դեկորատիվ	زینتی؛ آذینی	dekorativ
արտաքին վայելչություն	رفتار بجا	artakin vayelchutyun
վարվելակարգ	رفتار بجا	varvelakarg
նվազեցում	نقص؛ تنزل	nvazetsum
դեկրետ	وضع کردن؛ تصویب نامه	dekret
հրամանագիր	وضع کردن؛ تصویب نامه	hramanagir
նվիրել	وفق کردن؛ اهداء کردن	nvirel
ձոնել	وفق کردن؛ اهداء کردن	dzonel
նվիրված	فداکار	nvirvats
ընծայական ուղերձ	فداکاری	entsayakan ugherdz
ձոն	فداکاری	dzon
հետեւեցնել	استدلال کردن	hetevetsnel
հանել	مالیات پذیر	hanel
պահում անել	مالیات پذیر	pahum anel
հանում	کاهش؛ استنتاج	hanum
հանելի	کاهش؛ استنتاج	haneli
դեդուկտիվ	استدلالی	deduktiv
արտածական	استدلالی	artatsakan
արարք	عمل	arark
կարծել	در نظر گرفتن	kartsel
խոր	عمیق	khor
թունդ	عمیق	tund
խորանալ	گود کردن؛ تعمیق کردن	khoranal
խորացնել	گود کردن؛ تعمیق کردن	khoratsnel
խորապես	عمیقا	khorapes
եղջերու	آهو؛ گوزن	eghjeru
եղնիկ	آهو؛ گوزن	eghnik
զրպարտել	بدنام کردن؛ هتاکی کردن	zrpartel
անարգել	بدنام کردن؛ هتاکی کردن	anargel
հաղթել	شکست؛ هزیمت	haghtel
խորտակել	شکست؛ هزیمت	khortakel
ուրացողություն	ارتداد	uratsoghutyun
ուխտադրժությունդասալքություն	ارتداد	ukhtadrzhutyundasalkutyun
պակասավոր	ناقص؛ معیوب	pakasavor
թերի	ناقص؛ معیوب	teri
պաշտպանել	دفاع کردن؛ مدافعه کردن	pashtpanel
պատասխանորդ	دادخوانده؛ مدعی علیه	pataskhanord
պաշտպանողական	تدافعی	pashtpanoghakan
հետաձգված	دیر فرست	hetadzgvats
պակաս	کمبود	pakas
անբավարար	ناقص؛ ناکارآ	anbavarar
դեֆիցիտ	کسری	defitsit
պակասորդ	کسری	pakasord
որոշ	موکد	orosh
որոշակի կերպով	قطعاً	oroshaki kerpov
սահմանում	تعریف	sahmanum
խոտորում	عوج	khotorum
շեղում	عوج	sheghum
այլանդակված	ناقصالخلقه؛ بدهیکل	aylandakvats
այլանդակություն	دشدیسگی؛ دشدیدگی	aylandakutyun
դարձվորություն	دشدیسگی؛ دشدیدگی	dardzvorutyun
չհնազանդվել	نافرمانی کردن	chhnazandvel
արհամարհել	نافرمانی کردن	arhamarhel
այլասերվել	ناخلف	aylaservel
այլասերված	ناخلف	aylaservats
այլասերում	فساد؛ انحطاط	aylaserum
դեգեներացիա	فساد؛ انحطاط	degeneratsia
այլասերվող	فاسد کننده	aylaservogh
ցածրացում	تنزل	tsatsratsum
իջեցում	تنزل	ijetsum
իջեցնված	منحط	ijetsnvats
աստիճան	درجه	astichan
ջրազրկել	وابشت کردن؛ بیآب کردن	jrazrkel
ընկճված	افسرده؛ پژمرده	enkchvats
ձգձգել	تاخیر؛ درنگ	dzgdzgel
պատգամավոր	نماینده	patgamavor
դեպուտատ	نماینده	deputat
պատվիրակություն	هیئت	patvirakutyun
ջնջել	حذف کردن	jnjel
Դելի	دهلی	Deli
խորհում	عمدی؛ تعمدی	khorhum
մտորում	عمدی؛ تعمدی	mtorum
դիտավորյալ կերպով	تعمدا	ditavoryal kerpov
դիտմամբ	تعمدا	ditmamb
նրբություն	لطایف؛ ظریفی	nrbutyun
քնքշություն	لطایف؛ ظریفی	knkshutyun
նուրբ կերպով	ظریفانه	nurb kerpov
համեղ	خوشمزه	hamegh
հաճույք	میل؛ حظ	hachuyk
զառանցող	هذیانی؛ سرسامی	zarantsogh
զառանցանք	هذیان؛ سرسام	zarantsank
մոլեգնություն	هذیان؛ سرسام	molegnutyun
հանձնել	رساندن؛ ایراد کردن	handznel
ներկայացնել	رساندن؛ ایراد کردن	nerkayatsnel
ազատում	رهیی	azatum
փրկում	رهیی	prkum
հանձնող	رساننده؛ رهان	handznogh
հանձնում	زه؛ تحویل	handznum
փոխանցում	زه؛ تحویل	pokhantsum
մոլորության մեջ գցված	غره	molorutyan mej gtsvats
ջրհեղեղ	طوفان ایجاد کردن	jrheghegh
հեղեղ	طوفان ایجاد کردن	heghegh
պատրանք	فریفتگی؛ کوراب	patrank
մոլորություն	فریفتگی؛ کوراب	molorutyun
պահանջել	طلب؛ تقاضا	pahanjel
կարիք ունենալ	طلب؛ تقاضا	karik unenal
ստորացնել	رفتار کردن	storatsnel
դեմոկրատիա	دموکراسی	demokratia
դեմոկրատ	دمکرات؛ دمکراتی	demokrat
դեմոկրատական	دموکراتیک	demokratakan
քանդված	ویران	kandvats
դեւ	دیو	dev
սատանա	دیو	satana
ապացուցելի	اثباتی	apatsutseli
ցուցադրել	راهپیمایی کردن؛ تظاهرات کردن	tsutsadrel
ցուցադրում	تظاهرات، نمایش	tsutsadrum
ցուցաբերում	تظاهرات، نمایش	tsutsaberum
ցույցի մասնակից	حالیکننده؛ نشان دهنده	tsuytsi masnakits
ցուցարար	حالیکننده؛ نشان دهنده	tsutsarar
մերժում	انکار	merzhum
արտահայտել	علامت بودن؛ علامت گذاردن	artahaytel
հանգուցալուծում	نتیجه عمل؛ پایان نمایش	hangutsalutsum
խիտ	متراکم	khit
հոծություն	تراکم	hotsutyun
ատամնային	دندانی	atamnayin
ատամնաբուժական	دندانی	atamnabuzhakan
ատամնաբույժ	دندانپزشک	atamnabuyzh
ատամների դուրս գալը	دندان بندی؛ ساختمان دندانها	atamneri durs gale
մերկացնված	محروم	merkatsnvats
հերքել	نفی کردن؛ تکذیب کردن	herkel
հոտազերծիչ	بوزدا	hotazertsich
դեզոդորանտ	بوزدا	dezodorant
հեռանալ	حرکت کردن	heranal
գնալ	حرکت کردن	gnal
մեկնում	عزیمت؛ هجرت	meknum
մեկնելը	عزیمت؛ هجرت	meknele
կախված լինել	بستگی داشتن	kakhvats linel
խնամքի տակ լինելվստահել	بستگی داشتن	khnamki tak linelvstahel
վստահություն հույս	وابستگی	vstahutyun huys
կախվածություն	توابع	kakhvatsutyun
ստորադրյալ	وابسته	storadryal
կախյալ	وابسته	kakhyal
պատկերել	به تصویر کشیدن	patkerel
ողբալի	زار	oghbali
ողորմելի	زار	oghormeli
տեղակայել	مستقر کردن	teghakayel
տեղակայում	استقرار	teghakayum
պաշտոնազրկել	خلع کردن؛ عزل کردن	pashtonazrkel
մուծել	رسوب، واریز کردن؛ ودیعه	mutsel
վկայություն	خلع؛ عزل	vkayutyun
նստեցում	خلع؛ عزل	nstetsum
դեպո	بازخانه؛ انبارگاه	depo
խիստ դատապարտել	قبیح دانستن	khist datapartel
պախարակել	قبیح دانستن	pakharakel
արժեզրկում	ناچیز شماری	arzhezrkum
ամորտիզացիա	ناچیز شماری	amortizatsia
ճնշել	افسردن؛ دلسرد شدن	chnshel
թուլացնել	افسردن؛ دلسرد شدن	tulatsnel
ճնշված	افسرده؛ غر	chnshvats
ճնշվածություն	افسردگی، رکود	chnshvatsutyun
ընկճվածություն լճացում	افسردگی، رکود	enkchvatsutyun lchatsum
զրկում	محرومیت؛ انعزال	zrkum
զրկելը	محرومیت؛ انعزال	zrkele
զրկել	محروم کردن	zrkel
խորություն	عمق؛ ژرف	khorutyun
տեղակալ	معاون	teghakal
ծաղր ու ծանակ անել	بکسی خندیدن	tsaghr u tsanak anel
ծաղրում	سخریه؛ سخره	tsaghrum
ծաղրանք	سخریه؛ سخره	tsaghrank
ածանցյալ	فرعی؛ مشتق	atsantsyal
ածանցավոր	فرعی؛ مشتق	atsantsavor
սկիզբ առնել	مشتق شدن	skizb arnel
մաշկային	پوستی؛ جلدی	mashkayin
իջնել	پایین آمدن	ijnel
հետնորդ	اعقاب	hetnord
ժառանգ	اعقاب	zharang
վայրէջք	نزول	vayrejk
նկարագրել	توصیف کردن	nkaragrel
նկարագրություն	توصیف	nkaragrutyun
պատկերում	توصیف	patkerum
նկարագրական	وصفی؛ تعریفی	nkaragrakan
պատկերավոր	وصفی؛ تعریفی	patkeravor
պղծում	هتک حرمت	pghtsum
սրբապղծություն	هتک حرمت	srbapghtsutyun
անապատ	بیابان	anapat
ամայի	بیابان	amayi
արժանանալ	سزیدن؛ لایق کردن	arzhananal
արժանավոր	مستحق؛ سزاوار	arzhanavor
արժանի	مستحق؛ سزاوار	arzhani
ծրագիր	طراحی، طراحی کردن	tsragir
նշել	تعیین کردن	nshel
նախագծող	طراح	nakhagtsogh
գծագրիչ	طراح	gtsagrich
ցանկալիություն	مطلوبیت؛ دلخواهی	tsankaliutyun
բաղձալիություն	مطلوبیت؛ دلخواهی	baghdzaliutyun
կիրք	میل؛ هوس	kirk
տենչացող	آرزومندانه؛ راقب بودن	tenchatsogh
փափագող	آرزومندانه؛ راقب بودن	papagogh
աշխատասեղան	رومیزی (کامپیوتر)	ashkhataseghan
սեղանի համակարգիչ	رومیزی (کامپیوتر)	seghani hamakargich
անմարդաբնակ	بی جمعیت	anmardabnak
ամայացում	خراب	amayatsum
ավերածություն	خراب	averatsutyun
հուսահատւթյուն	ناامید؛ یاس	husahatvtyun
հուսաբեկություն	ناامید؛ یاس	husabekutyun
հուսահատ	نومید؛ ناامید	husahat
հուսահատ կերպով	از روی نومیدی	husahat kerpov
հուսահատություն	نومیدی؛ لاعلاجی	husahatutyun
վհատություն խելառություն	نومیدی؛ لاعلاجی	vhatutyun khelarutyun
չնայած	علارغم؛ باوجوداین	chnayats
վհատություն	یاس؛ تنگ دلی	vhatutyun
բռնակալ	جابر؛ سلطان مستبد	brnakal
դեսերտ	دسر؛ دندان مز	desert
անուշեղեն	دسر؛ دندان مز	anusheghen
դեր	مقصد	der
նախորոշված	مقدر	nakhoroshvats
նախասահմանված	مقدر	nakhasahmanvats
զրկված	لات	zrkvats
զուրկ	لات	zurk
զրկանք	لاتی؛ بی چیزی	zrkank
կարիք	لاتی؛ بی چیزی	karik
քանդել	نابود کردن	kandel
կործանիչ	مخرب	kortsanich
ավերիչ	مخرب	averich
դետալ	جزئیات	detal
մասեր	جزئیات	maser
դանդաղեցնել	بازداشت کردن	dandaghetsnel
հայտնաբերում	کشف	haytnaberum
դրսեւորում	کشف	drsevorum
խուզարկու	کارآگاه	khuzarku
դետեկտոր	ردیاب؛ آشکارگر	detektor
որոշիչ	ردیاب؛ آشکارگر	oroshich
պահելը	بازداشت	pahele
խրտնեցնել	تحذیر کردن	khrtnetsnel
վատացնել	بدتر شدن	vatatsnel
գահընկեց անել	از مقام انداختن	gahenkets anel
գահազրկել	از مقام انداختن	gahazrkel
պայթեցնել	ترکانیدن	paytetsnel
զարտուղի ճանապարհ	انحراف؛ خط فرعی	zartughi chanaparh
վնասակար	درد ناک	vnasakar
վնասաբեր	درد ناک	vnasaber
երկուսնոց	دولو؛ دوخال	erkusnots
երկու միավոր	دولو؛ دوخال	erku miavor
ավերել	ویران کردن	averel
ամայացնել	ویران کردن	amayatsnel
զարգանալ	توسعه دادن	zarganal
դրսեւորել	توسعه دادن	drsevorel
զարգացում	توسعه؛ رشد	zargatsum
աճ	توسعه؛ رشد	ach
զարգացման	عمرانی	zargatsman
զարգացմանը վերաբերող	عمرانی	zargatsmane veraberogh
շեղվել	عدول کردن؛ منحرف شدن	sheghvel
խոտորվել	عدول کردن؛ منحرف شدن	khotorvel
հարմարանք	دستگاه	harmarank
սարք	دستگاه	sark
դիվային	شیطانی؛ اهریمنی	divayin
սատանայական	شیطانی؛ اهریمنی	satanayakan
հնարել	ابداع کردن	hnarel
գյուտ անել	ابداع کردن	gyut anel
ժառանգաբար անցնել	تفویض کردن؛ محول کردن	zharangabar antsnel
անցնել մի ուրիշին	تفویض کردن؛ محول کردن	antsnel mi urishin
որեւէ բանի նվիրված	مجاهد؛ فداکار	oreve bani nvirvats
էնտուզիաստ աստվածավախ	مجاهد؛ فداکار	entuziast astvatsavakh
անձնվիրություն նվիրում	وقف؛ چاکری	andznvirutyun nvirum
բարեպաշտ	فداکارانه؛ عبادتی	barepasht
աստվածավախ	فداکارانه؛ عبادتی	astvatsavakh
ակնածալից	پارسا؛ عابد	aknatsalits
ցող	شبنم؛ ژاله	tsogh
շաղ	شبنم؛ ژاله	shagh
ցողոտ	شبنمدار؛ ترکرده	tsoghot
շաղոտ	شبنمدار؛ ترکرده	shaghot
ճարտարություն	مهارت؛ تردستی	chartarutyun
դեյ	دی	dey
շաքարախտ	مرضقند	shakarakht
դիաբետ	مرضقند	diabet
շաքարախտով հիվանդ	دولابی؛ دیابتی	shakarakhtov hivand
ախտորոշել	تشخیص دادن	akhtoroshel
ախտորոշում	تشخیص	akhtoroshum
ախտանիշ	تشخیصی	akhtanish
ախտորոշաբանություն	تشخیصی	akhtoroshabanutyun
անկյունագծային	مورب	ankyunagtsayin
շեղակի	مورب	sheghaki
թվատախտակ	شماره گرفتن	tvatakhtak
արեւաժամացույց	شماره گرفتن	arevazhamatsuyts
բարբառ	گویش؛ گویشی	barbar
երկխոսություն	گفتگو	erkkhosutyun
դիալոգ	گفتگو	dialog
տրամագիծ	ضخامت	tramagits
ստոծանի	دیافراگم؛ پرده دل	stotsani
միջնորմ	دیافراگم؛ پرده دل	mijnorm
օրագիր	دفتر خاطرات	oragir
զառախաղ	مهره؛ طاس	zarakhagh
զառ խաղալ	مهره؛ طاس	zar khaghal
երկատվածություն	دوگانگی؛ دورستگی	erkatvatsutyun
դիխոտոմիա	دوگانگی؛ دورستگی	dikhotomia
թելադրել	دیکته کردن	teladrel
թելադրանք	تلقین؛ املاء	teladrank
կարգադրություն	تلقین؛ املاء	kargadrutyun
դիկտատոր	دیکتاتور	diktator
դիկտատուրա	استبداد؛ دیکتاتوری	diktatura
բառարան	فرهنگ لغت	bararan
զառ	مردن	zar
կերակուր	رژیم غذایی	kerakur
դիետա	رژیم غذایی	dieta
տարբերվել	تفاوت داشتن	tarbervel
չհամաձայնվել	تفاوت داشتن	chhamadzaynvel
տարբերություն	تفاوت	tarberutyun
զանազանություն	تفاوت	zanazanutyun
զանազան	متفاوت	zanazan
տարբեր	متفاوت	tarber
դիֆերենցիալ	تفاضلی؛ افتراقی	diferentsial
տարբերական	تفاضلی؛ افتراقی	tarberakan
տարբերել	تمایز قائل شدن	tarberel
զանազանել	تمایز قائل شدن	zanazanel
դիֆերենցիացիա	فرق گذاری؛ مشتغ گیری	diferentsiatsia
տարբեր ձեւով	به طور متفاوت	tarber dzevov
այլ կերպ	به طور متفاوت	ayl kerp
դժվարություն	دشواری؛ مشکل	dzhvarutyun
ծանր դրություն	دشواری؛ مشکل	tsanr drutyun
տարածված	پاشیده	taratsvats
տարածում	پخش؛ پاشیدگی	taratsum
ցրում	پخش؛ پاشیدگی	tsrum
մարսել	گواریدن؛ تحلیل کردن	marsel
մարսողություն	تحلیل؛ هضم	marsoghutyun
յուրացում	تحلیل؛ هضم	yuratsum
մարսողական	هاضمه؛ گوارشی	marsoghakan
մատ	شماره	mat
մատնաչափ	شماره	matnachap
թվային	دیجیتال	tvayin
արժանապատվության զգացում ունեցող	موقر؛ معزز	arzhanapatvutyan zgatsum unetsogh
ծանրաբարո	موقر؛ معزز	tsanrabaro
բարձրաստիճանավոր	عالی مقام	bardzrastichanavor
բարձրաստիճան պաշտոնյա	عالی مقام	bardzrastichan pashtonya
արժանապատվություն	کرامت	arzhanapatvutyun
տիտղոս	کرامت	titghos
դանդաղ	اتساعی؛ تاخیری	dandagh
դանդաղկոտ	اتساعی؛ تاخیری	dandaghkot
երկսայրաբանություն	معضل	erksayrabanutyun
երկընտրանք դիլեմա	معضل	erkentrank dilema
ջանասիրություն	پشت کار؛ جد و جهد	janasirutyun
աշխատասիրություն	پشت کار؛ جد و جهد	ashkhatasirutyun
աշխատասեր	کوشا؛ جاهد	ashkhataser
ջրիկացնել	رقیق کردن؛ آبکی کردن	jrikatsnel
լուծել	رقیق کردن؛ آبکی کردن	lutsel
աղոտ	تیره؛ تاریک	aghot
պղտոր	تیره؛ تاریک	pghtor
չափ	بعد	chap
մեծություն	بعد	metsutyun
պակասել	کاهش دادن	pakasel
նվազել	کاهش دادن	nvazel
պակասում	نقص	pakasum
նվազական	مصغر	nvazakan
փոքրիկ	مصغر	pokrik
փոսիկ	زنخ؛ چاه زنخدان	posik
ճաշել	شام خوردن	chashel
ճաշկերույթ տալ	شام خوردن	chashkeruyt tal
ճաշ	شام	chash
երկօքսիդ	دی اکسید	erkoksid
ընկղմել	غوطه‌ور شدن	enkghmel
քաշել	غوطه‌ور شدن	kashel
դիֆտերիա	دیفتری	difteria
դիպլոմ	مدرک؛ گواهینامه	diplom
դիվանագիտություն	سیاستمداری؛ دیپلماسی	divanagitutyun
դիվանագետ	دیپلمات	divanaget
դիպլոմատ	دیپلمات	diplomat
դիվանագիտական	دیپلماتیک	divanagitakan
դիպլոմատական	دیپلماتیک	diplomatakan
զարհուրելի	شوم	zarhureli
ցուցում	جهت	tsutsum
ուղղություն տվող	بخشنامه	ughghutyun tvogh
ղեկավար	بخشنامه	ghekavar
անմիջապես	مستقیماً	anmijapes
անկեղծություն	بی واسطگی	ankeghtsutyun
շիտակություն	بی واسطگی	shitakutyun
դիրեկտոր	کارگردان	direktor
ֆայլերի քարտացուցակ	فهرست	fayleri kartatsutsak
տեղեկատու	فهرست	teghekatu
կեղտ	خاک؛ چرک	keght
աղբ	خاک؛ چرک	aghb
կեղտոտ	کثیف	keghtot
աղտոտ	کثیف	aghtot
անընդունակություն	ناتوانی	anendunakutyun
անզորությունթուլություն	ناتوانی	anzorutyuntulutyun
անաշխատունակ	ناتوان	anashkhatunak
խեղված	ناتوان	kheghvats
անբարենպաստ պայման վիճակ	وضع نامساعد	anbarenpast payman vichak
անբարենպաստ	بی صرفه	anbarenpast
անշահավետ	بی صرفه	anshahavet
անախորժ	جوکی؛ ناپسندیده	anakhorzh
տհաճ	جوکی؛ ناپسندیده	thach
տարակարծություն	اختلاف نظر	tarakartsutyun
տարաձայնություն	اختلاف نظر	taradzaynutyun
անհետանալ	ناپدید شدن	anhetanal
չքանալ	ناپدید شدن	chkanal
անհայտացում	زائل؛ ناپدیدی	anhaytatsum
անհայտանալը	زائل؛ ناپدیدی	anhaytanale
հիասթափեցնել	ناامید کردن	hiastapetsnel
հուսախաբել	ناامید کردن	husakhabel
հիասթափություն	ناامیدی	hiastaputyun
վրդովմունք	ناامیدی	vrdovmunk
անհավանություն	تقبیح	anhavanutyun
հավանություն չտալ	نپسندیدن؛ تقبیح کردن	havanutyun chtal
չհավանել	نپسندیدن؛ تقبیح کردن	chhavanel
դժբախտություն	فاجعه	dzhbakhtutyun
չհավատալ	دروغ پنداشتن؛ اعتقاد نکردن	chhavatal
չվստահել	دروغ پنداشتن؛ اعتقاد نکردن	chvstahel
դուրս նետել	دور انداختن	durs netel
նշմարել	تمیز دادن	nshmarel
նկատել	تمیز دادن	nkatel
բեռնաթափել	تخلیه کردن	bernatapel
կրակել	تخلیه کردن	krakel
հետեւող	سالک؛ حواری	hetevogh
խիստ կարգապահ անձ	نظم دهنده	khist kargapah andz
կարգապահական	انتظامی؛ انضباطی	kargapahakan
ուղղիչ	انتظامی؛ انضباطی	ughghich
կարգապահություն	انضباط؛ انتظام	kargapahutyun
ուրանալ	حاشا کردن؛ قبول نکردن	uranal
հայտնաբերել	فاش کردن	haytnaberel
գունաթափում	بی رنگی	gunatapum
գունափոխություն	بی رنگی	gunapokhutyun
անհարմարություն	رنج؛ ناراحتی	anharmarutyun
անբավարարվածություն	نارضایتی؛ سخط	anbavararvatsutyun
ընդհատել	بس کردن	endhatel
դիսոնանս	اختلاف؛ نفاق	disonans
անհամաձայն	ناموزون؛ ناساز	anhamadzayn
անհամապատասխան	ناموزون؛ ناساز	anhamapataskhan
զեղչել	تخفیف؛ تنزیل	zeghchel
իջեցնել	تخفیف؛ تنزیل	ijetsnel
վհատեցնել	دلسرد کردن	vhatetsnel
հուսալքել	دلسرد کردن	husalkel
վհատեցում	دلسردی؛ دلمردگی	vhatetsum
խոսույթ	گفتمان	khosuyt
հայտնագործություն	کشف	haytnagortsutyun
գյուտ	کشف	gyut
վարկաբեկել	بی اعتبار کردن	varkabekel
կասկածել	بی اعتبار کردن	kaskatsel
խոհեմություն	صلاحدید	khohemutyun
ջոկել	تبعیض کردن؛ تبعیض قائلشدن	jokel
խտրականություն	تبعیض	khtrakanutyun
քննարկել	بحث کردن	knnarkel
վիճարկել	بحث کردن	vicharkel
քամահրել	ننگ؛ عار	kamahrel
հիվանդություն	بیماری	hivandutyun
ախտ	بیماری	akht
շնորհազրկել	خفت؛ ننگ	shnorhazrkel
խայտառակել	خفت؛ ننگ	khaytarakel
խայտառակ	ننگین؛ شرمآور	khaytarak
անազնիվ	ننگین؛ شرمآور	anazniv
ծպտել	تلبیس؛ لباس مبدل	tsptel
քողարկել	تلبیس؛ لباس مبدل	kogharkel
գարշանք	نفرت؛ تنفر	garshank
սկուտեղ	ظرف، غذا	skutegh
պնակ	ظرف، غذا	pnak
աններդաշնակություն	ناسازی؛ ناموزونی	annerdashnakutyun
անհամաձայնություն	ناسازی؛ ناموزونی	anhamadzaynutyun
խարդախ	متقلب؛ نادرست	khardakh
անազնվություն	رجز؛ نادرستی	anaznvutyun
խարդախություն	رجز؛ نادرستی	khardakhutyun
անպատվություն	ننگین کردن	anpatvutyun
անպատվել	ننگین کردن	anpatvel
անպատվաբեր	بی شرف	anpatvaber
հակված չլինելը	عدمتمایل	hakvats chlinele
անտրամադիր լինելը	عدمتمایل	antramadir linele
ցանկությունը մեռցնել հակված չլինված	بی تمایل	tsankutyune mertsnel hakvats chlinvats
ախտահանել	گندزدائی کردن؛ ضد عفونی کردن	akhtahanel
ախտահանող	گندزدا؛ ماده گندزدا	akhtahanogh
ախտահանիչ	گندزدا؛ ماده گندزدا	akhtahanich
ախտահանություն	گندزدائی؛ ضد عفونی	akhtahanutyun
ախտահանում	گندزدائی؛ ضد عفونی	akhtahanum
մասնատել	متلاشی کردن؛ متلاشی شدن	masnatel
քայքայվել	متلاشی کردن؛ متلاشی شدن	kaykayvel
անշահախնդիր	بیغرضانه؛ بیطمع	anshahakhndir
անշահասեր	بیغرضانه؛ بیطمع	anshahaser
հոդախախտել	جابجا کردن؛ در رفتن	hodakhakhtel
խախտել	جابجا کردن؛ در رفتن	khakhtel
հոդախախտված	دررفته	hodakhakhtvats
հոդաթափություն	جابجائی؛ دررفتگی	hodataputyun
հոդախախտում	جابجائی؛ دررفتگی	hodakhakhtum
անլոյալ	خیانتکار؛ بی وفا	anloyal
անհավատարիմ	خیانتکار؛ بی وفا	anhavatarim
անլոյալություն	بیوفایی؛ بی وفائی	anloyalutyun
անհավատարմություն	بیوفایی؛ بی وفائی	anhavatarmutyun
վշտալի	ملالت انگیز	vshtali
սարսափեցնել	بیجرات کردن؛ وحشت زدگی	sarsapetsnel
ահաբեկել	بیجرات کردن؛ وحشت زدگی	ahabekel
բաց թողնել	بیرونکردن؛ جواب کردن	bats toghnel
արձակում	برکناری	ardzakum
հեռացում	برکناری	heratsum
անհնազանդություն	نافرمانی؛ تمرد	anhnazandutyun
չլսել	نافرمانی کردن؛ سرپیچی کردن	chlsel
խռովություն	اختلال	khrovutyun
անկարգ	اختلالی؛ بی ترتیب	ankarg
խառնաշփոթ	اختلالی؛ بی ترتیب	kharnashpot
կազմալուծված	شلخته؛ نامرتب	kazmalutsvats
անհավասարություն	عدم توافق؛ بی شباهتی	anhavasarutyun
անհամապատասխանություն	عدم توافق؛ بی شباهتی	anhamapataskhanutyun
ուղարկել	اعزام؛ روانهسازی	ugharkel
առաքել	اعزام؛ روانهسازی	arakel
ցրիվ տալ	پراکندن؛ متفرق کردن	tsriv tal
ցրել	پراکندن؛ متفرق کردن	tsrel
ցրելը	تفرقه؛ تفرق	tsrele
փոխարինել	آواره کردن	pokharinel
փոխադրում	جانشین سازی؛ جابجا شدگی	pokhadrum
դուր չգալ	ناخشنود کردن	dur chgal
տհաճ լինել	ناخشنود کردن	thach linel
անբավականություն	رنجش؛ رنجیدگی	anbavakanutyun
տեղավորում	دفع	teghavorum
դասավորություն	طبع؛ مشرب	dasavorutyun
ապորակավորել	شایسته ندانستن	aporakavorel
որակազրկել	شایسته ندانستن	orakazrkel
անուշադրություն	عدمرعایت؛ بی توجهی	anushadrutyun
վատ համբավ ունեցող	بد نام	vat hambav unetsogh
վարկաբեկող անպարկեշտ	بد نام	varkabekogh anparkesht
անքաղաքավարի	احترامنگذار؛ بدون مراعات	ankaghakavari
անբարեկիրթ	احترامنگذار؛ بدون مراعات	anbarekirt
խզում	اختلال	khzum
պառակտում	اختلال	paraktum
չբավարարված	ناراضی	chbavararvats
ճեղքել	تشریح کردن	cheghkel
պատռել	تشریح کردن	patrel
ճեղքում	تشریح	cheghkum
կտրում	تشریح	ktrum
ցանում	پاشیدگی	tsanum
շաղ տալը	پاشیدگی	shagh tale
քանդում	تجزیه؛ فسخ	kandum
քայքայել	حل کردن	kaykayel
տարհամոզել	منصرف کردن	tarhamozel
միտքը փոխել տալ խորհուրդ չտալ	منصرف کردن	mitke pokhel tal khorhurd chtal
հեռավորություն	فاصله	heravorutyun
հեռավոր	دور	heravor
ծորված	چکیده؛ مقطر	tsorvats
զատ	متمایز	zat
անջատ	متمایز	anjat
բնորոշ	متمایز	bnorosh
հատկանշական	متمایز	hatkanshakan
աչքի ընկնող	برجسته؛ مشخص	achki enknogh
ականավոր	برجسته؛ مشخص	akanavor
այլանդակել	تحریف کردن	aylandakel
ծռմռել	تحریف کردن	tsrmrel
ծռում	تحریف	tsrum
ծռմռում	تحریف	tsrmrum
հեռացնել	حواس پرتی ایجاد کردن	heratsnel
շեղել	حواس پرتی ایجاد کردن	sheghel
ուշադրության շեղում	پریشانی	ushadrutyan sheghum
ցրվածություն	پریشانی	tsrvatsutyun
կսկիծ	پریشانی	kskits
վշտացնող	پریشان کننده	vshtatsnogh
անհանգստացնող	پریشان کننده	anhangstatsnogh
բաշխել	تقسیم کردن؛ پخش شدن	bashkhel
բաշխում	پخش؛ تقسیم	bashkhum
բաշխիչ	مقسم؛ دلکو	bashkhich
բաժանող	مقسم؛ دلکو	bazhanogh
մարզ	محله	marz
անվստահություն	عدم اعتماد؛ اعتماد نداشتن	anvstahutyun
կասկած	عدم اعتماد؛ اعتماد نداشتن	kaskats
անհանգստացնել	مزاحم شدن	anhangstatsnel
նեղացնել	مزاحم شدن	neghatsnel
անհանգստացնում	نگران‌کننده	anhangstatsnum
դադարել գործադրելուց	عدم استعمال	dadarel gortsadreluts
անգործածություն	عدم استعمال	angortsatsutyun
փոս	گودال؛ چاله	pos
ցերեկվա	روز خیز؛ مربوط به روز	tserekva
ցերեկային	روز خیز؛ مربوط به روز	tserekayin
սուզել	شیرجه زدن	suzel
բաժանվել	واگراییدن؛ متشتت شدن	bazhanvel
տարամիտում	واگرایی؛ تباعد	taramitum
զանազանակերպված	متشتت	zanazanakerpvats
ուշադրության շեղում զվարճալիք	عدول	ushadrutyan sheghum zvarchalik
բազմազանություն	تنوع	bazmazanutyun
խոտորել	منحرف کردن	khotorel
ընթացքը փոխել	منحرف کردن	entatske pokhel
դիվերտիկուլ	استطاله؛ کوره راه	divertikul
բաժանել	بخش کردن؛ سهم کردن	bazhanel
անջատել	بخش کردن؛ سهم کردن	anjatel
բաժանելի	سود سهام	bazhaneli
աստվածային	الهی	astvatsayin
չնաշխարհիկ	الهی	chnashkharhik
աստվածություն	خدایی؛ الوهیت	astvatsutyun
աստված	خدایی؛ الوهیت	astvats
բաժանվելը	تقسیم؛ بخش	bazhanvele
ամուսնալուծություն	طلاق	amusnalutsutyun
գլխապտույտ	دوار؛ سرگیجه	glkhaptuyt
գլխապտույտ զգացող	دبنگ؛ سرگیجهای	glkhaptuyt zgatsogh
անել	انجام دادن	anel
թրթնջուկ	بارانداز؛ جاخالی کردن	trtnjuk
նավանորոգարան	بارانداز؛ جاخالی کردن	navanorogaran
բժիշկ	دکتر	bzhishk
դոկտոր	دکتر	doktor
ուսմունք	دکترین	usmunk
դոկտրինա	دکترین	doktrina
փաստաթուղթ	سند	pastatught
վավերագիր	سند	vaveragir
փաստաթղթերի վրա հիմնված	مستند؛ سندی	pastatghteri vra himnvats
վավերագրական	مستند؛ سندی	vaveragrakan
փաստաթղթերով հիմնավորում	مستندسازی	pastatghterov himnavorum
փաստաթղթերով ձեւակերպելը	مستندسازی	pastatghterov dzevakerpele
հնարք	گریز زدن؛ جا خالی کردن	hnark
շուն	سگ	shun
մեխահան	سگ	mekhahan
դոգմա	اصول عقاید	dogma
դոգմատիզմ	فلسفه جزمی	dogmatizm
նպաստ	به بیکاران	npast
թախծալի	جان سوز	takhtsali
տիկնիկ	عروسک	tiknik
դոլար	دلار	dolar
դելֆին	دلفین	delfin
տիրապետություն	حوزه	tirapetutyun
կալվածք	حوزه	kalvatsk
գմբեթ	گنبد؛ گنبد زدن	gmbet
երկնակամար	گنبد؛ گنبد زدن	erknakamar
ընտանեկան	داخلی؛ خانگی	entanekan
հայրենական	داخلی؛ خانگی	hayrenakan
իշխող	غالب	ishkhogh
տիրող	غالب	tirogh
իշխել	مسلط شدن؛ مستولی شدن	ishkhel
նվիրատվություն	کمک مالی	nviratvutyun
ավանակ	خر؛ الاغ	avanak
նվիրատու	اهداکننده	nviratu
արյունատու	اهداکننده	aryunatu
ճակատագիր	سرنوشت بد	chakatagir
դուռ	در	dur
դռնատեղ	درگاه؛ جای در	drnategh
դռան անցք	درگاه؛ جای در	dran antsk
ննջացող	نهفته؛ نایم	nnjatsogh
թիկնային	ضهری	tiknayin
մեջքային	ضهری	mejkayin
դոզա	دوز	doza
դեղաքանակ	دوز	deghakanak
կետ	نقطه	ket
շատ փոքր	نقطه	shat pokr
կրկնակի	دو برابر	krknaki
կասկածող	دیرباور	kaskatsogh
կասկածանքով լի	مشکوک؛ دوبشک	kaskatsankov li
անկասկած	بی تردید؛ بدون شک	ankaskats
խմոր	خمیر	khmor
թանձր զանգված	خمیر	tandzr zangvats
խմորանման	خمیری	khmoranman
թերաթուխ	خمیری	teratukh
աղվամազ	پایین	aghvamaz
ավազաբլուր	پایین	avazablur
ներբեռնում	دانلود کردن	nerbernum
ներբեռնել	دانلود کردن	nerbernel
ներքեւ	طبقه پایین؛ پایین پله‌ها	nerkev
ցած	طبقه پایین؛ پایین پله‌ها	tsats
քաղաքի գործարար մասը	مرکز شهر	kaghaki gortsarar mase
վայրընթաց	فرو	vayrentats
իջնող	فرو	ijnogh
օժիտ	جهاز؛ شیربها	ozhit
բնածին տաղանդ	جهاز؛ شیربها	bnatsin taghand
ավագ	شیخ السفراء؛ مقد السفراء	avag
դոյեն	شیخ السفراء؛ مقد السفراء	doyen
նիրհ	چرت زدن	nirh
նինջ	چرت زدن	ninj
դյուժին	دوجین	dyuzhin
մեծ քանակություն	دوجین	mets kanakutyun
գորշ	کسل کننده؛ زن شلخته	gorsh
կեղտաջուր	برات؛ مسوده	keghtajur
խոզի կեր	برات؛ مسوده	khozi ker
թեւավոր մողես	اژدها	tevavor moghes
դրակոն	اژدها	drakon
ցամաքեցնել	تخلیه کردن	tsamaketsnel
դատարկել	تخلیه کردن	datarkel
դրենաժ	زهکشی	drenazh
ցամաքուրդ	زهکشی	tsamakurd
դրամա	درام	drama
դրամատիկական	نمایشی	dramatikakan
դրամատիկական կերպով	به طرز چشمگیری	dramatikakan kerpov
միջանցիկ քամի	باد؛ کوران	mijantsik kami
կում	باد؛ کوران	kum
գզրոց	نقشه کش؛ برات کش	gzrots
նկարչություն	نقاشی (کار)	nkarchutyun
սոսկալ	بیم؛ نهیب	soskal
սարսափել	بیم؛ نهیب	sarsapel
ահավոր	موحش؛ هراسناک	ahavor
ահեղ	موحش؛ هراسناک	ahegh
երազ	خواب، رویا، رویا دیدن	eraz
անուրջ	خواب، رویا، رویا دیدن	anurj
երազող	خیالباف	erazogh
ցնորամոլ	خیالباف	tsnoramol
տխրագին	مایه افسردگی	tkhragin
էքսկավատոր	لاروبی کردن	ekskavator
շաղ տալ	لاروبی کردن	shagh tal
տականք	لرد	takank
մի փոքր մնացորդ	لرد	mi pokr mnatsord
հագցնել	لباس، لباس پوشیدن	hagtsnel
զուգել	لباس، لباس پوشیدن	zugel
դերձակուհի	خیاط زنانه	derdzakuhi
դանդաղ հոսանք	رانش	dandagh hosank
դրեյֆ	رانش	dreyf
մարզում	تمرین؛ مته	marzum
մարմնամարզություն	تمرین؛ مته	marmnamarzutyun
շարայինվարժեցում	مته زنی	sharayinvarzhetsum
շաղափում	مته زنی	shaghapum
խմել	نوشیدنی، نوشیدن	khmel
հարբել	نوشیدنی، نوشیدن	harbel
խմող	خوار؛ آشامنده	khmogh
հարբեցող	خوار؛ آشامنده	harbetsogh
խմում	شرب	khmum
կաթել	چکیدن؛ چکاندن	katel
կաթեցնել	چکیدن؛ چکاندن	katetsnel
քշել	رانندگی؛ رانندگی کردن	kshel
տանել	رانندگی؛ رانندگی کردن	tanel
վարորդ	راننده	varord
հոտարած	راننده	hotarats
զբոսանք	رانندگی؛ محرک	zbosank
ուղեւորություն	رانندگی؛ محرک	ughevorutyun
բոռ	سخن یکنواخت	bor
արու մեղու	سخن یکنواخت	aru meghu
ջրգողություն	استسقاء	jrgoghutyun
երաշտ	خشکسالی	erasht
ծարավ	خشکسالی	tsarav
քնկոտություն	خماری؛ خواب آلودگی	knkotutyun
ալարկոտություն	خماری؛ خواب آلودگی	alarkotutyun
անախորժ աշխատանք	خرحمالی؛ جان کنی	anakhorzh ashkhatank
թմրադեղ	دارو، مواد مخدر	tmradegh
թմբուկ	ضرب؛ طبل	tmbuk
թմբկահարություն	ضرب؛ طبل	tmbkaharutyun
թմբկահար	طبال؛ طبل زن	tmbkahar
շրջիկ գործակատար	طبال؛ طبل زن	shrjik gortsakatar
տե՛ս	مست؛ دژم	te's
հարբած	مست؛ دژم	harbats
գինեմոլ	خماری	ginemol
խմած	مستانه	khmats
հարբած լինելը	مستی	harbats linele
ցամաք	خشک، خشک کردن	tsamak
չոր լինելը	خشکی؛ خشکی هوا	chor linele
երկակի	دوگانه	erkaki
ասպետի կոչում տալ	نامیدن، لقب دادن	aspeti kochum tal
տիտղոս տալ անուն դնել	نامیدن، لقب دادن	titghos tal anun dnel
կասկածելի	مشتبه؛ مشکوک	kaskatseli
երկմտելի	مشتبه؛ مشکوک	erkmteli
բադ	اردک؛ مرغابی	bad
աղավնյակս	اردک؛ مرغابی	aghavnyaks
ծորան	لوله آب؛ مجرای لنف	tsoran
որոշված	موعد؛ مستحق؛ به‌علت	oroshvats
կուրծ	کنده	kurts
պտուկ	کنده	ptuk
դուքս	دوک	duks
ձեռք	دوک	dzerk
հիմար	کسل کننده	himar
պատշաճ կերպով	بموقع خود؛ بقدر لازم	patshach kerpov
ճիշտ ժամանակին	بموقع خود؛ بقدر لازم	chisht zhamanakin
դում	کم هوش	dum
համր	لال	hamr
լուռ	لال	lur
գորշ դարչնագույն	سمند	gorsh darchnaguyn
պահանջկոտ	سمند	pahanjkot
թրիք	پهن؛ پشگل	trik
գոմաղբ	پهن؛ پشگل	gomaghb
զնդան	سیاه چال	zndan
դուետ	دوتایی	duet
տասներկումատնյա աղիքին վերաբերող	دوازدهه	tasnerkumatnya aghikin veraberogh
տասներկումատնյա աղիք	روده اثنی عشر	tasnerkumatnya aghik
խաբվածպարզամիտմիամիտ մարդ խաբել	ساده لوح	khabvatsparzamitmiamit mard khabel
հիմար դրության մեջ դնել	ساده لوح	himar drutyan mej dnel
ընդօրինակող	المثنی؛ نسختین	endorinakogh
երկերեսանիություն	ریا	erkeresaniutyun
երկդիմությւն	ریا	erkdimutyvn
տեւողություն	مدت	tevoghutyun
ժամանակ	مدت	zhamanak
ընթացքում	در طول	entatskum
աղջամուղջ	غروب؛ هنگام غروب	aghjamughj
մթնշաղ	غروب؛ هنگام غروب	mtnshagh
փոշի	گرد؛ خاک	poshi
հող	گرد؛ خاک	hogh
փոշոտ	خاکی؛ غباری	poshot
մանրած	خاکی؛ غباری	manrats
հոլանդական	هلندی؛ زبان هلندی	holandakan
գերմանական հոլանդերեն	هلندی؛ زبان هلندی	germanakan holanderen
պարտաճանաչ	وظیفه شناس	partachanach
սկավառակ	دی‌وی‌دی	skavarak
թզուկ	کوتوله؛ کوتاه جلوه دادن	tzuk
գաճաճ	کوتوله؛ کوتاه جلوه دادن	gachach
ապրել	اقامت گزیدن	aprel
կենալ	اقامت گزیدن	kenal
բնակիչ	مکین	bnakich
բնակվող	مکین	bnakvogh
տուն	اقامت؛ مسکن	tun
ներկ	رنگ؛ خضاب	nerk
ներկում	رنگرزی	nerkum
գույն տալը	رنگرزی	guyn tale
դինամիկական	پویا	dinamikakan
ուժաբանական	پویا	uzhabanakan
դինամիկ	دینامیت؛ دینامیت زدن	dinamik
ուժանակ	دینامیت؛ دینامیت زدن	uzhanak
դինաստիա	سلسله؛ خاندان	dinastia
արնալուծ	دیسانتری	arnaluts
դիզենտերիա	دیسانتری	dizenteria
յուրաքանչյուր	هر کدام	yurakanchyur
եռանդուն	مشتاق	erandun
անհամբեր	مشتاق	anhamber
եռանդուն կերպով	مشتاقانه؛ آرزومندانه	erandun kerpov
խանդ	اشتیاق؛ شوق	khand
եռանդ	اشتیاق؛ شوق	erand
արծիվ	عقاب؛ دال	artsiv
ականջ	گوش	akanj
լսողություն	گوش	lsoghutyun
վաղ	زود	vagh
վաստակել	کسب کردن	vastakel
վաստակ	درآمد	vastak
շահույթ	درآمد	shahuyt
լսելիություն	صدارس؛ گوش رس	lseliutyun
աշխարհ	زمین	ashkharh
հողեղեն	سفالی	hogheghen
խեցեղեն	سفالی	khetseghen
հողային	زمینی	hoghayin
հողեղեն կարելի	زمینی	hogheghen kareli
երկրաշարժ	زلزله؛ زمین لرزه	erkrasharzh
հողային աշխատանքներ	خاکریز	hoghayin ashkhatankner
անկաշկանդություն	آسایش، آسان کردن	ankashkandutyun
հեշտությամբ	به آسانی	heshtutyamb
արեւելք	شرق	arevelk
արեւելյան քամի	شرق	arevelyan kami
արեւելյան	شرقاً؛ مانند بادخاوری	arevelyan
դեպի արեւելք	شرقاً؛ مانند بادخاوری	depi arevelk
հեշտ	آسان	hesht
ուտել	خوردن	utel
տեղատվություն	جزر	teghatvutyun
արձագանքել	پژواک	ardzagankel
կրկնել	پژواک	krknel
խավարում	منخسف	khavarum
էկոլոգիական	بوم‌شناختی	ekologiakan
տնտեսական	اقتصادی	tntesakan
խնայող	اقتصادی	khnayogh
տնտեսող	مقتصد؛ با صرفه	tntesogh
տնտեսագիտություն	اقتصاد	tntesagitutyun
տնտեսագետ	اقتصاددان	tntesaget
տնտեսություն	اقتصاد؛ صرفه جویی	tntesutyun
խնայողություն	اقتصاد؛ صرفه جویی	khnayoghutyun
մտահափշտակություն	حالت؛ وجد	mtahapshtakutyun
զմայլանք	حالت؛ وجد	zmaylank
հիացական	جذبهای؛ بی خود	hiatsakan
մորթախտ	اگزما؛ اکزما	mortakht
էկզեմա	اگزما؛ اکزما	ekzema
սայր	لب؛ لبه	sayr
ապարանք	عمارت	aparank
շինում	تهذیبی	shinum
խմբագրել	ویراستن	khmbagrel
մոնտաժել	ویراستن	montazhel
խմբագրում	ویرایش	khmbagrum
խմբագիր	ویراستار؛ ویرایشگر	khmbagir
հրատարակիչ	ویراستار؛ ویرایشگر	hratarakich
խմբագրական	سرمقاله	khmbagrakan
հրատարակչական առաջնորդող	سرمقاله	hratarakchakan arajnordogh
դաստիարակել	فرهیختن؛ مودب کردن	dastiarakel
կրթել	فرهیختن؛ مودب کردن	krtel
դաստիարակություն	آموزش	dastiarakutyun
կրթություն	آموزش	krtutyun
դաստիարակչական	تحصیلی؛ تربیتی	dastiarakchakan
կրթական	تحصیلی؛ تربیتی	krtakan
դաստիարակ	مربی	dastiarak
կրթիչ	مربی	krtich
ահարկու	وهم آور	aharku
կախարդ	وهم آور	kakhard
արդյունք	تأثیر	ardyunk
բուն	کاری؛ موثر	bun
իրական լինելը	اثربخشی	irakan linele
արտածող	وابر؛ بیرون بر	artatsogh
վտարական	وابر؛ بیرون بر	vtarakan
արդյունավետ	موثر	ardyunavet
զորություն կարողություն	درجه تأثیر	zorutyun karoghutyun
էֆեկտիվություն	کارایی	efektivutyun
ներգործություն	کارایی	nergortsutyun
էֆեկտիվ	کارآنه؛ پرکار	efektiv
ազդող	کارآنه؛ پرکار	azdogh
էֆեկտիվ կերպով	به نحو کارآمد	efektiv kerpov
պատկեր	تمثال؛ پیکرک	patker
ջանք	تلاش	jank
ճիգ	تلاش	chig
ձու	تخم مرغ	dzu
ես	خود	es
էգո	خود	ego
Եգիպտոս	مصر؛ کشور مصر	Yegiptos
եգիպտացի	مصری	egiptatsi
եգիպտական	مصری	egiptakan
ութնյակ	هشت	utnyak
տասնութ	هجده	tasnut
ութերորդ	اکتاو؛ یک هشتم	uterord
ութսուն	هشتاد	utsun
յուրաքանչյուրը	هر یک از دو، نیز (در جملات منفی)	yurakanchyure
սերմնաժայթքում	انزال	sermnazhaytkum
ռետին	کشی؛ لاستیکی	retin
առաձգական	کشی؛ لاستیکی	aradzgakan
չկունություն	ارتجاع؛ جهندگی	chkunutyun
առաձգականություն	ارتجاع؛ جهندگی	aradzgakanutyun
գոհ	برافراشته	goh
հպաարտ	برافراشته	hpaart
հպարտություն	سرفرازی شادی	hpartutyun
արմունկ	آرنج	armunk
ծունկ	آرنج	tsunk
ծերունի	ارشد؛ ریش سفید	tseruni
հասակավոր	سالمند؛ سالمندان	hasakavor
տարեց	سالمند؛ سالمندان	tarets
ամենամեծ	سالدارترین؛ مسن ترین	amenamets
ամենաավագ	سالدارترین؛ مسن ترین	amenaavag
ընտրյված	منتخب؛ انتخابی	entryvats
ընտրովի	انتخابی	entrovi
ընտրելու իրավունք	گزینگرگان	entrelu iravunk
էլեկտրական	برقی	elektrakan
անհաղորդիչ	برقی	anhaghordich
էլեկտրականություն	برق	elektrakanutyun
էլեկտրասայր	الکترود	elektrasayr
էլեկտրալուծում	برقکافت	elektralutsum
էլեկտրոն	الکترون	elektron
էլեկտրոնային	الکترونیکی	elektronayin
էլեկտրոնիկա	الکترونیک	elektronika
վայելչություն	زیبندگی؛ ظریفی	vayelchutyun
գեղեցկություն շքեղություն	زیبندگی؛ ظریفی	geghetskutyun shkeghutyun
առաջնակարգ	ظریف	arajnakarg
նրբագեղ կերպով	ظریفانه	nrbagegh kerpov
տարր	ماده؛ اصل	tarr
հիմունքներ	ماده؛ اصل	himunkner
սկզբնական	عنصری	skzbnakan
նախնական	ابتدایی	nakhnakan
փղախտ	داء الفیل	pghakht
վսեմացնել	بالا بردن	vsematsnel
բարձրացում	علو؛ صعود	bardzratsum
բարձունք	علو؛ صعود	bardzunk
վերամբարձ	آسانسور؛ بالابرنده	verambardz
վերելակ	آسانسور؛ بالابرنده	verelak
տասնմեկ	یازده	tasnmek
Էլիաս	خضر	Elias
ընտրելի	واجد شرایط	entreli
ընտրելիություն	واجد شرایط	entreliutyun
դուրս թողնել	حذف کردن	durs toghnel
տարագրություն	رفع؛ حذف	taragrutyun
ազնվագույն մասը	نخبه	aznvaguyn mase
Էլիզա	الیزا	Eliza
ձվաձեւ	بیضی	dzvadzev
էլիպսային	بیضی	elipsayin
երկարում	دراز شدگی	erkarum
պերճախոսություն	فصاحت؛ بلاغت	perchakhosutyun
ճարտասանություն	فصاحت؛ بلاغت	chartasanutyun
պերճախոս	بلیغ؛ شیوا	perchakhos
էլի	دیگر	eli
ուրիշ կողմ	نقطه دیگر؛ بجای دیگر	urish koghm
այլուր	نقطه دیگر؛ بجای دیگر	aylur
ի դերեւ հանել	طفره زدن	i derev hanel
խուսափողական	طفره زن؛ طفره آمیز	khusapoghakan
էլեկտրոնային փոստ	ایمیل، ایمیل زدن	elektronayin post
ազատագրել	ازقید رها کردن	azatagrel
ազատագրված	ازقید رها کردن	azatagrvats
արգելք դնել	تحریم	argelk dnel
բեռնել	سوار شدن، آغاز کردن	bernel
բարձել	سوار شدن، آغاز کردن	bardzel
դժվարացնված	شرمنده؛ شرمسار	dzhvaratsnvats
ծանր դրություն շվարում	شرمندگی	tsanr drutyun shvarum
դեսպանություն	سفارت	despanutyun
պառկեցնել	جاسازی کردن	parketsnel
պառկեցնված	جاسازی شده	parketsnvats
գեղեցկացնել	زیبا کردن؛ زینت دادن	geghetskatsnel
գողանալ	اختلاس	goghanal
դառնացնել	تلخ کردن؛ ناگوار کردن	darnatsnel
խորհրդանիշ	علامت	khorhrdanish
մարմնավորում	تجسم	marmnavorum
մարմնավորել	تجسم بخشیدن	marmnavorel
միացնել պարունակել	تجسم بخشیدن	miatsnel parunakel
գիրկ	در آغوش گرفتن	girk
գրկախառնվել	در آغوش گرفتن	grkakharnvel
ձեռագործ	گلدوزی؛ برودری	dzeragorts
ասեղնագործ	گلدوزی؛ برودری	aseghnagorts
սաղմ	گیاهک؛ رویان	saghm
սաղմնային	گیاهک؛ رویان	saghmnayin
զմրուխտ	زمرد؛ زمردسبز	zmrukht
երեւան գալը	ظهور	erevan gale
անակնկալ դեպք	اضطرار؛ اضطراری	anaknkal depk
ծայրահեղությունվթար	اضطرار؛ اضطراری	tsayraheghutyunvtar
գաղթական	مهاجر؛ کوچ کننده	gaghtakan
գաղթել	جلاء؛ هجرت کردن	gaghtel
պանդխտել	جلاء؛ هجرت کردن	pandkhtel
գաղթ	هجرت	gaght
գաղթում	هجرت	gaghtum
նշանավոր	والا؛ والا مقام	nshanavor
բարձր	والا؛ والا مقام	bardzr
արտահոսում	انتشار	artahosum
հուզիչ	احساساتی؛ عاطفی	huzich
հուզվող	احساساتی؛ عاطفی	huzvogh
հուզիչ կերպով	از نظر احساسی	huzich kerpov
կայսր	امپراتور	kaysr
ընդգծում	تکیه؛ تاکید	endgtsum
շեշտել	تاکید کردن؛ اهمیت دادن	sheshtel
ընդգծել	تاکید کردن؛ اهمیت دادن	endgtsel
ազդու	موکد	azdu
հզոր	موکد	hzor
էմֆիզեմա	آمفیزم	emfizema
կայսրություն	امپراتوری	kaysrutyun
ինքնակալություն տերություն	امپراتوری	inknakalutyun terutyun
փորձական	تجربی	pordzakan
փորձառական	تجربی	pordzarakan
ծառայություն	استخدام کردن	tsarayutyun
ծառայող	کارمند	tsarayogh
վարձող	کارفرما	vardzogh
աշխատանք տվող	کارفرما	ashkhatank tvogh
աշխատանք	استخدام؛ اشتغال	ashkhatank
արտոնել	توانمند ساختن	artonel
կայսրուհի	شهبانو؛ امپراتریس	kaysruhi
անբովանդակ	خالی	anbovandak
կիթ	شیرابه	kit
սերմնակաթ	شیرابه	sermnakat
հնարավորություն կամ իրավունք տալ	توانگر کردن؛ صلاحیتدار کردن	hnaravorutyun kam iravunk tal
գործել	به اجرا درآوردن	gortsel
ուժի մեջ դնելը	وضع	uzhi mej dnele
էմալ	لعاب؛ مینا	emal
արծն	لعاب؛ مینا	artsn
ճամբար դնել	چادر زدن؛ خیمه برپا کردن	chambar dnel
բանակ դնել	چادر زدن؛ خیمه برپا کردن	banak dnel
բանակատեղ	قرار گاه	banakategh
կախարդում	افسون گری	kakhardum
ներփակել	ضمیمه کردن؛ پیوست کردن	nerpakel
կցել	ضمیمه کردن؛ پیوست کردن	ktsel
ներդրանք	ضمیمه؛ پیوست	nerdrank
ցանկապատած վայր	ضمیمه؛ پیوست	tsankapatats vayr
շրջապատել	شامل شدن	shrjapatel
պարփակել	شامل شدن	parpakel
հանդիպում	برخورد؛ تقابل	handipum
քաջալերել	دلگرم کردن؛ تشویق کردن	kajalerel
խրախուսել	دلگرم کردن؛ تشویق کردن	khrakhusel
խրախույս	تشویق	khrakhuys
քաջալերանք	تشویق	kajalerank
քաջալերում	تشویق‌کننده	kajalerum
հանրագիտական բառարան	دایرهالمعارف؛ دایرهالعلوم	hanragitakan bararan
վերջ	پایان، پایان دادن	verj
վտանգել	بمخاطره انداختن	vtangel
քաղցրություն	گرامی کردن	kaghtsrutyun
հրապույր հաճոյակատարություն	گرامی کردن	hrapuyr hachoyakatarutyun
ջանալ	تلاش؛ جدیت	janal
ճգնել	تلاش؛ جدیت	chgnel
վերջավորություն	پایان	verjavorutyun
անվերջ	بی‌ پایان	anverj
փոխանցման մակագրություն անել ստորագրել	تایید کردن	pokhantsman makagrutyun anel storagrel
փոխանցագիր	تایید	pokhantsagir
օժտել	متصف کردن؛ چیزی راوقف کردن	ozhtel
պարգեւել	متصف کردن؛ چیزی راوقف کردن	pargevel
համբերատարություն	تاب؛ طاقت	hamberatarutyun
տոկունություն	تاب؛ طاقت	tokunutyun
տոկալ	تحمل کردن	tokal
հանդուրժել	تحمل کردن	handurzhel
հոգնա	تنقیه	hogna
թշնամի	دشمن	tshnami
էներգիա	انرژی	energia
զորացնել	اجرا کردن	zoratsnel
սաստկացնել	اجرا کردن	sastkatsnel
վարձել	گیر دادن؛ نامزد کردن	vardzel
զբաղեցնել	گیر دادن؛ نامزد کردن	zbaghetsnel
հրավեր	نامزدی، تعامل	hraver
տեսակցություն	نامزدی، تعامل	tesaktsutyun
դյութիչ	جذاب	dyutich
շոգեմեքենա	موتور	shogemekena
շարժիչ	موتور	sharzhich
ինժեներ	مهندس	inzhener
մեխանիկ	مهندس	mekhanik
տեխնիկա	مهندسی	tekhnika
ինժեներական արվեստ	مهندسی	inzhenerakan arvest
Անգլիա	انگلستان	Anglia
փորագրված	منقوش	poragrvats
առեղծված	بیان مبهم	areghtsvats
հանելուկ	بیان مبهم	haneluk
վայելել	لذت بردن	vayelel
վայելք	کیف؛ لذت	vayelk
ընդարձակել	بزرگ کردن؛ بزرگ شدن	endardzakel
լուսաբանել	روشنفکر کردن	lusabanel
լուսավորված	منورالفکر؛ روشن روان	lusavorvats
լուսավորություն	روشن فکری؛ تنویر افکار	lusavorutyun
զինվորագրել	درفهرست نوشتن	zinvoragrel
արձանագրել	درفهرست نوشتن	ardzanagrel
կենդանացնել	روح دادن؛ حیات بخشیدن	kendanatsnel
ոգեւորել	روح دادن؛ حیات بخشیدن	ogevorel
հսկա	عظیم	hska
ահագին	عظیم	ahagin
բավական	کافی	bavakan
բավարար քանակություն բավականաչափ	کافی	bavarar kanakutyun bavakanachap
հետաքրքրվել	پرس و جو کردن	hetakrkrvel
հարցում	استفسار	hartsum
հետաքննություն	استفسار	hetaknnutyun
զայրացնված	آتشی	zayratsnvats
հարստացնել	غنی کردن	harstatsnel
գրանցել	ثبت‌نام کردن	grantsel
գրանցում	نامنویسی؛ ثبت نام	grantsum
գերված	برده شده	gervats
հալածել	متعاقب بودن	halatsel
հետեւել	متعاقب بودن	hetevel
ապահովել	حتمی کردن	apahovel
երաշխավորել	حتمی کردن	erashkhavorel
տոհմական կալվածք	شامل بودن؛ متضمن بودن	tohmakan kalvatsk
հետեւանք ունենալ	شامل بودن؛ متضمن بودن	hetevank unenal
խառնակել	گیر انداختن؛ درهم گیر افتادن	kharnakel
խառնակված	دامن گیر	kharnakvats
մտնել	وارد شدن	mtnel
թափանցել	وارد شدن	tapantsel
ձեռնարկություն	شرکت	dzernarkutyun
հյուրընկալել	سرگرم کردن؛ پذیرایی کردن	hyurenkalel
հյուրասիրել	سرگرم کردن؛ پذیرایی کردن	hyurasirel
հետաքրքրաշարժ	سرگرم کننده	hetakrkrasharzh
հրավերք	پذیرایی	hraverk
խանդավառություն	حرارت؛ گرمی	khandavarutyun
էնտուզիաստ	علاقه‌مند	entuziast
խանդավառ մարդ	علاقه‌مند	khandavar mard
խանդավառ	باحمیت؛ باحرارت	khandavar
լիակատար	کل؛ دربست	liakatar
ամբողջովին	پاک؛ سرتاسر	amboghjovin
ամբողջապես	پاک؛ سرتاسر	amboghjapes
լրություն	تمامیت؛ سراسری	lrutyun
ամբողջականություն	تمامیت؛ سراسری	amboghjakanutyun
վերագրել	حق دادن	veragrel
իրավունք կամ տիտղոս տալ	حق دادن	iravunk kam titghos tal
էություն	نهاد	eutyun
աղերսանք	التماس	aghersank
նախախորտիք	غذای اصلی	nakhakhortik
խրամապատել	درسنگرقراردادن	khramapatel
դաշտային ամրություն	سنگربندی؛ سنگرسنگی	dashtayin amrutyun
խրամատ	سنگربندی؛ سنگرسنگی	khramat
ձեռներեց	کارآفرین	dzernerets
վստահել	سپردن؛ باامانت سپردن	vstahel
փաթթոց	پاکت	pattots
նախանձ	حسود؛ حاسد	nakhandz
նախանձոտ	حسود؛ حاسد	nakhandzot
միջավայր	محیط زیست	mijavayr
բնապահպանական	محیطی؛ محیط زیستی	bnapahpanakan
շրջակա միջավայրի	محیطی؛ محیط زیستی	shrjaka mijavayri
պատկերացնել	درذهن مجسم کردن	patkeratsnel
ատելություն նախանձել	رشک؛ حسد	atelutyun nakhandzel
ֆերմենտ	آنزیم؛ دیاستاز	ferment
էնզիմ	آنزیم؛ دیاستاز	enzim
դյուցազներգություն	حماسی؛ شعر رزمی	dyutsaznergutyun
էպիկուրյան	ابیقوری؛ عیش طلب	epikuryan
համաճարակ	همه‌گیر	hamacharak
համաճարակային	همه‌گیر	hamacharakayin
վերնամաշկ	روپوست	vernamashk
էպիդերմիս	روپوست	epidermis
վերտառություն	سخن نیشدار	vertarutyun
պարսավական խոսք	سخن نیشدار	parsavakan khosk
լուսնոտություն	صرع	lusnotutyun
էպիլեպտիկ	غشی؛ حملهای	epileptik
թուղթ	نامه منظوم	tught
նամակ	نامه منظوم	namak
էպիթելային	برپوشی؛ شبیه بشره ای	epitelayin
հավասար	برابر؛ مساوی	havasar
միանման	برابر؛ مساوی	mianman
հավասարություն	برابری	havasarutyun
իրավահավասարություն	برابری	iravahavasarutyun
հավասար կերպով	علیالسویه؛ متساویا	havasar kerpov
հավասարում	معادله	havasarum
հասարակած	استواء؛ خط استوا	hasarakats
ձիասպորտային	چابک سوار	dziasportayin
ձիու	اسبی	dziu
ձիազգի	اسبی	dziazgi
հանդերձել	تجهیز کردن	handerdzel
սարքավորել	تجهیز کردن	sarkavorel
սարքավորում	تجهیزات	sarkavorum
սպառազինություն հանդերձանք	تجهیزات	sparazinutyun handerdzank
արդարադատ	منصفانه؛ متساوی	ardaradat
անաչառ	منصفانه؛ متساوی	anachar
համարժեք	معادل	hamarzhek
խուսափողական խոսել	سهل انگاشتن؛ ابهام بکار بردن	khusapoghakan khosel
ժամանակաշրջան	دوران	zhamanakashrjan
արմատով հանել	لنجیدن؛ ریشه کن کردن	armatov hanel
ոչնչացնել արմատախիլ անել	لنجیدن؛ ریشه کن کردن	ochnchatsnel armatakhil anel
արմատախիլ անելը	قلع؛ ریشه کنی	armatakhil anele
կանգուն	برپا کردن	kangun
ուղիղ կանգնեցնելը կառուցում	نعوظ؛ شق شدگی	ughigh kangnetsnele karutsum
էրոզիա	سایش؛ فرسایش	erozia
սխալվել	اشتباه کردن؛ اشتباهکاری کردن	skhalvel
մոլորվել	اشتباه کردن؛ اشتباهکاری کردن	molorvel
հանձնարարություն	ماموریت	handznararutyun
սխալ կերպով	سهواً	skhal kerpov
սխալ	خطا	skhal
շեղվելը	خطا	sheghvele
բազմագիտակ	ادیب	bazmagitak
խորագիտակ	ادیب	khoragitak
ժայթքել դուրս գալ	فوران کردن	zhaytkel durs gal
ցանի	بثوری	tsani
ցանավոր	بثوری	tsanavor
սրել	تشدید کردن	srel
աճել	تشدید کردن	achel
ուրախ խաղ	جفتک زنی	urakh khagh
համարձակ արարք	جفتک زنی	hamardzak arark
փախուստ	گریز؛ فرار	pakhust
ուղեկցորդ	همراه؛ اسکورت	ughektsord
մասնավորապես	به خصوص	masnavorapes
լրտեսություն	جاسوسی	lrtesutyun
կին առնել	نامزد کردن؛ شوهر دادن	kin arnel
մարդու տալ ընդունել	نامزد کردن؛ شوهر دادن	mardu tal endunel
գոյություն	عصاره، ذات	goyutyun
էական	اساسی؛ حساس	eakan
էապես	اساساً	eapes
իրապես	اساساً	irapes
հիմնում	تاسیس	himnum
հարգանք	اعتبار؛ منزلت	hargank
հարգել	اعتبار؛ منزلت	hargel
հարգարժան	برآورد کردنی	hargarzhan
պատվարժան	برآورد کردنی	patvarzhan
նախահաշիվ	برآورد؛ براورد	nakhahashiv
ենթադրություն	تخمین؛ براورد	entadrutyun
հավերժական	ابدی	haverzhakan
հավերժական կերպով	ابدالدهر	haverzhakan kerpov
հավիտենականություն	ابد؛ جاودانی	havitenakanutyun
եթեր	اتر؛ اثیر	eter
բարոյական	اخلاق	baroyakan
բարոյագիտություն	اخلاقیات؛ اصولاخلاق	baroyagitutyun
էթիկա	اخلاقیات؛ اصولاخلاق	etika
էթնիկական	قومی	etnikakan
հեթանոսական	قومی	hetanosakan
պատճառագիտություն	لادشناسی	patcharagitutyun
էթիոլոգիա	لادشناسی	etiologia
էտիկետ	آداب؛ آداب معاشرت	etiket
վարվելակարգ նիստ ու կաց	آداب؛ آداب معاشرت	varvelakarg nist u kats
էվկալիպտ	اکالیپتوس	evkalipt
նիվենի	اکالیپتوس	niveni
եւրո	یورو	evro
Եվրոպա	اروپا	Yevropa
եւրոպացի	فرنگی؛ اروپایی	evropatsi
եւրոպական	فرنگی؛ اروپایی	evropakan
էվակուացնել	تخلیه کردن	evakuatsnel
էվակուացիա	تخلیه؛ تهی سازی	evakuatsia
դատարկում	تخلیه؛ تهی سازی	datarkum
փախչել	در رفتن؛ طفره زدن	pakhchel
չենթարկվել	در رفتن؛ طفره زدن	chentarkvel
թվերով արտահայտել	ارزیابی کردن؛ تقویم کردن	tverov artahaytel
գոլորշիացում	تبخیر	golorshiatsum
շոգեգոյացում	تبخیر	shogegoyatsum
անորսալի	طفرهزن؛ طفره آمیز	anorsali
նախօրյակ	هوا؛ حوا	nakhoryak
երեկո	هوا؛ حوا	ereko
հարթ	حتی	hart
երեկույթ	عصر	erekuyt
իրադարձություն	رویداد	iradardzutyun
վերջ ի վերջո	سر انجام	verj i verjo
երբեւէ	تا به حال	erbeve
մշտադալար	بی خزان؛ همیشه سبز	mshtadalar
անմեռուկ	ابدی؛ ابد	anmeruk
ընդմիշտ	درتمام وقت	endmisht
ամեն մարդ	همه	amen mard
ամեն ինչ	همه چیز	amen inch
ամեն բան	همه چیز	amen ban
ամենուրեք	همه جا	amenurek
ամեն տեղ	همه جا	amen tegh
ակներեւություն	شواهد	aknerevutyun
ակնհայտություն	شواهد	aknhaytutyun
ակնհայտ	آشکار	aknhayt
հայտնի կերպով	ظاهراً؛ آشکارا	haytni kerpov
չար	سوء؛ خبیث	char
չարագործ	بد کار	charagorts
հարուցել	فراخواندن	harutsel
արմատ հանելը	تکامل	armat hanele
էվոլյուցիոն	تکاملی	evolyutsion
ծավալվել	تکامل یافتن	tsavalvel
ճշտորեն	دقیقا	chshtoren
չափազանցել	مبالغه کردن	chapazantsel
խիստ ընդգծել	مبالغه کردن	khist endgtsel
չափազանցում	اغراق؛ گزاف	chapazantsum
չափազանցություն	اغراق؛ گزاف	chapazantsutyun
մեծարել	متعال کردن	metsarel
բարձրացնված	معلا؛ معلی	bardzratsnvats
քննություն	امتحان	knnutyun
քննարկող	ممتحن؛ آزمونگر	knnarkogh
նմուշ	مثال	nmush
գրգռվածություն	اوقات تلخ	grgrvatsutyun
սրտնեղություն	اوقات تلخ	srtneghutyun
փորելը	کاوش؛ حفاری	porele
պեղումներ	کاوش؛ حفاری	peghumner
անցնել	فراتر رفتن	antsnel
գերազանցել	فراتر رفتن	gerazantsel
գերազանցություն	برتری	gerazantsutyun
բարձր որակ	برتری	bardzr orak
գերազանց	عالی	gerazants
հոյակապ	عالی	hoyakap
բացառել	به جز	batsarel
դուրս հանել	به جز	durs hanel
բացառություն	استثنا	batsarutyun
բացառիկ	استثنایی	batsarik
արտակարգ	استثنایی	artakarg
անզսպություն	مازاد	anzsputyun
չափազանց մեծ	بیش از حد	chapazants mets
ավելորդ	بیش از حد	avelord
չափազանց մեծ կերպով	بی شباهت	chapazants mets kerpov
փոխանակել	عوض؛ مصالحه	pokhanakel
մանրել	عوض؛ مصالحه	manrel
ակցիզ	مالیات غیرمستقیم	aktsiz
ակցիզային հարկ գանձել	مالیات غیرمستقیم	aktsizayin hark gandzel
գրգռական	برانگیختنی؛ قابل تهییج	grgrakan
գրգռելի	برانگیختنی؛ قابل تهییج	grgreli
արթնացնել	برانگیختن؛ تهییج کردن	artnatsnel
գրգռված	هیجان‌زده	grgrvats
գրգիռ	هیجان؛ تهییج	grgir
գրգռում	هیجان‌انگیز	grgrum
բացականչել	بعموم آگهی دادن	batsakanchel
գոչել	بعموم آگهی دادن	gochel
բացականչություն	غریو؛ علامت تعجب	batsakanchutyun
չընդունել	حذف کردن	chendunel
բացառում	محرومیت	batsarum
բացառապես	منحصراً	batsarapes
արտաթորանք	مدفوع؛ نجاست	artatorank
տանջալից	مشقت بار	tanjalits
ներելի	بخشیدنی؛ معاف شدنی	nereli
ներել	معذرت؛ بهانه	nerel
արդարացնել	معذرت؛ بهانه	ardaratsnel
մահապատժի ենթարկել	اجرا کردن	mahapatzhi entarkel
դահիճ	دژخیم	dahich
գործադիր իշխանություն	مجری؛ اجرایی	gortsadir ishkhanutyun
ղեկավար շտաբի պետ	مجری؛ اجرایی	ghekavar shtabi pet
կտակակատար	مجری؛ اجراکننده	ktakakatar
օրինակելի	عبرتآور؛ نمونهوسرمشق	orinakeli
տիպային	عبرتآور؛ نمونهوسرمشق	tipayin
ազատ	بری؛ معاف	azat
ազատված	بری؛ معاف	azatvats
ազատելը	معافیت؛ معافی	azatele
վարժություն	ورزش، ورزش کردن	varzhutyun
մարզանք	ورزش، ورزش کردن	marzank
գործադրել	اعمال کردن	gortsadrel
լարել	اعمال کردن	larel
արտաժայթքում	اگزوز؛ اگزوس	artazhaytkum
ուժասպառ անել	اگزوز؛ اگزوس	uzhaspar anel
ուժասպառություն	فرسودگی؛ واماندگی	uzhasparutyun
հյուծում	فرسودگی؛ واماندگی	hyutsum
ցուցահանդես	نمایشگاه؛ نظر گاه	tsutsahandes
աշխուժացնում	مفرح؛ نشاطآور	ashkhuzhatsnum
աքսոր	تبعید	aksor
ելք	خارج شدن؛ خروج	elk
անչափ	گزاف	anchap
չափից դուրս	گزاف	chapits durs
տարաշխարհիկ	عجیب و غریب	tarashkharhik
օտարերկրյա	عجیب و غریب	otarerkrya
զարգացնել	منبسط کردن؛ گسترده کردن	zargatsnel
լայն տարածություն	فضای زیاد	layn taratsutyun
ընդարձակում տարածում	فضای زیاد	endardzakum taratsum
ընդարձակում	گسترش	endardzakum
տարածում ընդլայնում	گسترش	taratsum endlaynum
հոսալ	انتظار داشتن	hosal
սպասող	آبستن؛ در انتظار	spasogh
հուսացող	آبستن؛ در انتظار	husatsogh
հույս	انتظار؛ توقع	huys
արշավախումբ	تسریع؛ اردوکشی	arshavakhumb
վտարել	بیرونکردن؛ بیرونانداختن	vtarel
ծախս	هزینه	tsakhs
վատնում	هزینه	vatnum
թանկ	گران	tank
թանկարժեք	گران	tankarzhek
փորձառություն	تجربه کردن	pordzarutyun
գիտափորձ	آزمایش	gitapordz
փորձնական	تجربی	pordznakan
մասնագիտական գիտելիք	تخصص	masnagitakan gitelik
փորձագիտություն	تخصص	pordzagitutyun
արտաշնչում	انقضا؛ بازدم	artashnchum
անցում	انقضا؛ بازدم	antsum
արտաշնչել	منقضی شدن	artashnchel
մարել	منقضی شدن	marel
բացատրել	توضیح دادن	batsatrel
բացատրություն	توضیح	batsatrutyun
բացատրական	تاویلی؛ توضیحی	batsatrakan
պարզ կերպով	صراحتاً	parz kerpov
պոռթկալ	ترکیدن؛ منفجر کردن	portkal
սխրագործություն	بهره‌برداری کردن	skhragortsutyun
շահագործել	بهره‌برداری کردن	shahagortsel
շահագործում	بهره‌کشی	shahagortsum
ուսումնասիրություն	استخراج؛ سیاحت	usumnasirutyun
հետազոտություն	استخراج؛ سیاحت	hetazotutyun
հետախուզական	اکتشافی	hetakhuzakan
հետազոտական	اکتشافی	hetazotakan
հետազոտել	سیاحت کردن؛ اکتشاف کردن	hetazotel
ուսումնասիրել	سیاحت کردن؛ اکتشاف کردن	usumnasirel
հետազոտող	سیاح؛ پیگرد	hetazotogh
հետախույզ	سیاح؛ پیگرد	hetakhuyz
պայթյուն	احتراق؛ ترکیدن	paytyun
պայթուցիկ նյութ	انفجاری	paytutsik nyut
պայթական	انفجاری	paytakan
արտահանում	صدور؛ صادراتی	artahanum
ազդեցության ենթարկել	ضاهر ساختن؛ درمعرض گذاشتن	azdetsutyan entarkel
մերկացնելցուցադրել	ضاهر ساختن؛ درمعرض گذاشتن	merkatsneltsutsadrel
չպաշտպանված լինելըցուցադրում	مواجهه	chpashtpanvats lineletsutsadrum
մերկացում	مواجهه	merkatsum
շարադրել	بهتفصیل شرح دادن	sharadrel
ճեպընթաց	بیان کردن	chepentats
արտահայտություն	بیان	artahaytutyun
արտահայտիչ	گویا؛ اشارهکننده	artahaytich
մեկնել	تعمیم کردن؛ تمدید کردن	meknel
ձգվելը	گسترش، افزونه	dzgvele
տեւելը	گسترش، افزونه	tevele
լայնատարած	گسترده	laynatarats
ընդարձակ կերպով	به طور گسترده	endardzak kerpov
ձգվածություն	حدود؛ بسیط	dzgvatsutyun
տեւողություն տարածություն	حدود؛ بسیط	tevoghutyun taratsutyun
բնաջնջում	براندازی	bnajnjum
ոչնչացնում	براندازی	ochnchatsnum
արտաքին	ظاهری؛ بیرونی	artakin
դրսի	ظاهری؛ بیرونی	drsi
հանգած	خاموش؛ معدوم	hangats
մարած	خاموش؛ معدوم	marats
մարում	خفگی؛ انهدام	marum
մարելը	خفگی؛ انهدام	marele
հանգցնել	خاموش کردن؛ خاموش شدن	hangtsnel
արմատախիլ անել	ریشهکن کردن؛ بکلی نابود کردن	armatakhil anel
բռնի կորզում	غصب؛ اجحاف	brni korzum
շորթում	غصب؛ اجحاف	shortum
հավելավճար	اضافی	havelavchar
բարձրագույն տեսակ	اضافی	bardzraguyn tesak
էքստրակտ	استخراج کردن؛ استخراج کردن، عصاره	ekstrakt
հյութ	استخراج کردن؛ استخراج کردن، عصاره	hyut
կողմնակի	غیراصلی	koghmnaki
արտասովոր	غیرعادی؛ شگفت آور	artasovor
շռայլություն	زیادهروی؛ گزافگری	shraylutyun
խելառություն	زیادهروی؛ گزافگری	khelarutyun
շռայլ	ولخرج؛ غیرمعقول	shrayl
խելառ	ولخرج؛ غیرمعقول	khelar
ծայրահեղություն	افراطی	tsayraheghutyun
չափազանց	فوق‌العاده	chapazants
անչափ շատ	فوق‌العاده	anchap shat
էքստրեմիստ	افراطی	ekstremist
ծայրահեղական	افراطی	tsayraheghakan
ազատել	خلاصی بخشیدن	azatel
արտամղում	بیروناندازی	artamghum
լիառատ	پرپشت؛ فیض بخش	liarat
աչք	چشم	achk
տեսողություն	چشم	tesoghutyun
ակնախնձոր	تخمچشم؛ مقله	aknakhndzor
հոնք	ابرو	honk
ակնոց	عینک	aknots
կոպ	پلک؛ جفن	kop
հորինովիմտացածին բան	دروغ نویسی؛ حرف اختراعی	horinovimtatsatsin ban
առասպելական	شگفت‌انگیز	araspelakan
անհավատալի անհավանական	شگفت‌انگیز	anhavatali anhavanakan
ճակատ	نمای خارجی	chakat
երես	صورت	eres
կատակասեր	لطیفهدار؛ شوخی آمیز	katakaser
զվարճախոս	لطیفهدار؛ شوخی آمیز	zvarchakhos
երեսի	صورتی	eresi
դեմքի	صورتی	demki
թեթեւացնել	تسهیل کردن	tetevatsnel
հեշտացնել	تسهیل کردن	heshtatsnel
թեթեւություն	تسهیلات؛ امکانات	tetevutyun
հեշտություն	تسهیلات؛ امکانات	heshtutyun
փաստ	واقعیت	past
իրողություն	واقعیت	iroghutyun
ֆրակցիա	جناح	fraktsia
կլիկ	جناح	klik
գործոն	عامل	gortson
մանր միջնորդ	عامل	manr mijnord
գործարան	کارخانه	gortsaran
ձիրք	هیئت علمی	dzirk
թառամել	محو شدن	taramel
գունաթափվել	محو شدن	gunatapvel
չհերիքել	شکست خوردن	chherikel
չհերիքված	شکست خورده	chherikvats
խափանում	شکست؛ اعسار	khapanum
խախտում	شکست؛ اعسار	khakhtum
ուշաթափություն	غش؛ ضعف کردن	ushataputyun
թույլ	غش؛ ضعف کردن	tuyl
ուշաթափություն լինելը	بی حالی	ushataputyun linele
տոնավաճառ	منصفانه، نمایشگاه	tonavachar
բարեգործական վաճառք	منصفانه، نمایشگاه	baregortsakan vachark
տոնավաճառ լինելը	انصاف	tonavachar linele
հավերժահարս	جن؛ پری	haverzhahars
փերի	جن؛ پری	peri
հավատարիմ	وفادار؛ مومن	havatarim
անձնվեր	وفادار؛ مومن	andznver
կեղծիք	جعلی	keghtsik
կեղծել	جعلی	keghtsel
բազե	شاهین؛ سوله	baze
տարափ	افتادن؛ سقوط	tarap
ցել	آیش؛ آیش کردن	tsel
անմշակ հող	آیش؛ آیش کردن	anmshak hogh
կեղծ	نادرست	keghts
ստախոսություն	ناراستی	stakhosutyun
սուտ կերպով	کاذبانه؛ بدروغ	sut kerpov
կեղծված	مغشوش	keghtsvats
համբավ	شهرت	hambav
լավատեղյակ լինելըազատավարություն	آشنایی؛ موانست	lavateghyak lineleazatavarutyun
ընտանիք	خانواده	entanik
գերդաստան	خانواده	gerdastan
սով	گرسنگی؛ قحطی	sov
քաղց	گرسنگی؛ قحطی	kaghts
անվանի	مشهور	anvani
հովհար	طرفدار، پنکه	hovhar
օդափոխիչ	طرفدار، پنکه	odapokhich
մոլի կողմնակից	پرتعصب	moli koghmnakits
մոլեռանդ ֆանատիկոս	پرتعصب	molerand fanatikos
երեւակայություն	قوه مخیله	erevakayutyun
քմահաճույք	قوه مخیله	kmahachuyk
ֆանտազիա	فانتزی	fantazia
անհամեմատ	دور	anhamemat
զավեշտախաղ	کار بیهوده	zaveshtakhagh
ֆարս	کار بیهوده	fars
ճանապարհածախս	کرایه	chanaparhatsakhs
ուղեւոր	کرایه	ughevor
հրաժեշտ	وداع؛ بدرود	hrazhesht
գյուղացիական	مزرعه؛ کشاورزی کردن	gyughatsiakan
ֆերմեր	کشاورز	fermer
ագարակատեր	کشاورز	agarakater
բնակելի շենք ֆերմայում	خانه رعیتی	bnakeli shenk fermayum
ավելի հեռու	اقصی؛ جلوتر	aveli heru
այնուհետեւ	اقصی؛ جلوتر	aynuhetev
ամենահեռու ամենաուշը	اقصی نقطه	amenaheru amenaushe
հրապուրել	مسحور کردن؛ مفتون کردن	hrapurel
դյութել	مسحور کردن؛ مفتون کردن	dyutel
թովչություն	فریبندگی	tovchutyun
ձեւ	مد؛ مدی	dzev
նորաձեւ	شیک	noradzev
շքեղ	شیک	shkegh
պաս	سریع	pas
փակել	بستن؛ محکم کردن	pakel
ամրացնում	یراق در	amratsnum
դժվարահաճ	بدمنش؛ باریک بین	dzhvarahach
պաս լինելը	استواری؛ تندی	pas linele
ճարպ	چاق؛ چربی	charp
օրհասական	کشنده	orhasakan
բախտ	سرنوشت	bakht
հայր	پدر	hayr
հիմնադիր	پدر	himnadir
հայրազուրկ	بی پدر	hayrazurk
անհայր	بی پدر	anhayr
հայրական	پدروار؛ پدرانه	hayrakan
հայրաբար	پدروار؛ پدرانه	hayrabar
հոգնածություն	خستگی؛ فرسودگی	hognatsutyun
հոգնեցնել ուժասպառ անել	خستگی؛ فرسودگی	hognetsnel uzhaspar anel
չաղացնել	چاق کردن؛ پرواری کردن	chaghatsnel
չաղանալ	چاق کردن؛ پرواری کردن	chaghanal
չաղ	پیه دار؛ چربی مانند	chagh
վրիպում	عیب؛ خرده	vripum
սխալական	معیوب؛ عیبناک	skhalakan
բարեհաճություն	لطف؛ احسان	barehachutyun
հակվածություն	لطف؛ احسان	hakvatsutyun
բարեհաճ	مناسب؛ مساعد	barehach
հովանավորյալ	محبوب؛ سوگلی	hovanavoryal
հովանավորչություն	سوگیری؛ پارتی بازی	hovanavorchutyun
կողմնակալություն	سوگیری؛ پارتی بازی	koghmnakalutyun
վախ	ترس	vakh
անվախ	متهور؛ ناپروا	anvakh
հնարավոր	شدنی؛ صورت پذیر	hnaravor
խնջույք	مهمانی؛ عید	khnjuyk
քեֆ	مهمانی؛ عید	kef
ճարպկություն հմտություն	شاهکار	charpkutyun hmtutyun
փետուր	پر؛ باپرآراستن	petur
դիմագծեր	ویژگی	dimagtser
փետրվար	فوریه	petrvar
փետրվարյան	فوریه	petrvaryan
ֆեդերալ	فدرال	federal
ֆեդերատիվ	متعهد کرد	federativ
ֆեդերատիվ սսկզբունքներով համախմբել	متعهد کرد	federativ sskzbunknerov hamakhmbel
ֆեդերացիա	فدراسیون	federatsia
վարձատրություն	اجرت؛ پردازه	vardzatrutyun
հոնորար	اجرت؛ پردازه	honorar
վատառողջ	شل؛ کم زور	vataroghj
կեր	غذا دادن	ker
հետադարձ կապ	پس خوراند	hetadardz kap
զգալ	احساس کردن	zgal
շոշափել	احساس کردن	shoshapel
զգացմունք	احساس	zgatsmunk
մարդ	همکار؛ همتا؛ شخص	mard
քրեական հանցագործ	تبهکار؛ بزهکار	kreakan hantsagorts
քրեական հանցագործություն	جنایت؛ تبهکاری	kreakan hantsagortsutyun
կին	زن، زنانه	kin
էգ	زن، زنانه	eg
իգական	مونث؛ مادین	igakan
կանացի	مونث؛ مادین	kanatsi
ֆեմինիստ	فمینیست	feminist
ազդրային	رانی	azdrayin
ազդրոսկր	استخوان ران	azdroskr
ցանկապատ	نرده؛ حصار	tsankapat
սուսերամարտ	نرده؛ حصار	suseramart
ցանկապատում	شمشیر بازی	tsankapatum
սրամարտում	شمشیر بازی	sramartum
խմորիչ	ترش کردن؛ مخمر کردن	khmorich
մակարդ	ترش کردن؛ مخمر کردن	makard
վայրենի	سبع	vayreni
վայրենություն	سبعیت؛ وحشی گری	vayrenutyun
անցարան	عبوردادن؛ گذر دادن	antsaran
գետանց	عبوردادن؛ گذر دادن	getants
պտղաբեր	بارور؛ حاصلخیز	ptghaber
բեղմնավոր	بارور؛ حاصلخیز	beghmnavor
պտղաբերություն	باروری؛ حاصلخیزی	ptghaberutyun
բուռն	پرشور وشعف	burn
փառատոն	جشنواره	paraton
տոն	جشنواره	ton
հանդիսավոր	بزمی	handisavor
տոնական	بزمی	tonakan
ուրախություն	بزم؛ جشن و سرور	urakhutyun
ցնծություն	بزم؛ جشن و سرور	tsntsutyun
ֆեոդալական	تیولی؛ ملوک الطوایفی	feodalakan
ավատական	تیولی؛ ملوک الطوایفی	avatakan
ֆեոդալիզմ	ملوک الطوایفی	feodalizm
ավատականություն	ملوک الطوایفی	avatakanutyun
տենդ	تب	tend
տենդային	تب دار	tendayin
տենդի	تب دار	tendi
քիչ	کم	kich
սակավ	کم	sakav
ֆես	فس	fes
նշանած	نامزد	nshanats
մանրաթել	فیبر	manratel
թելքային	لیفی	telkayin
թելքավոր	لیفی	telkavor
հնարովի բան	داستان	hnarovi ban
հերյուրանք	داستان	heryurank
շինծու	مستعار	shintsu
ջութակ	زرزر کردن؛ ویولن زدن	jutak
դաշտ	میدان	dasht
հանքատեղ	میدان	hankategh
կատաղի	شدید	kataghi
հրեղեն	آتشی؛ مهیج	hreghen
հրավառ	آتشی؛ مهیج	hravar
տասնհինգ	پانزده	tasnhing
հինգերորդ	پنجم	hingerord
հինգերորդ մասը	پنجم	hingerord mase
հիսուներորդ	پنجاهمین؛ یک پنجاهم	hisunerord
հիսուներորդ մասը	پنجاهمین؛ یک پنجاهم	hisunerord mase
հիսուն	پنجاه	hisun
թուզ	انجیر	tuz
շքեղ հագուստ	انجیر	shkegh hagust
իրան	رقم، شکل	iran
ֆայլ	خط؛ سوهان	fayl
խարտոց	خط؛ سوهان	khartots
որդիական	درخورفرزند	ordiakan
Ֆիլիպինյան կղզիների բնիկ	فیلیپینی	Filipinyan kghzineri bnik
բավարար քանակություն	پر کردن	bavarar kanakutyun
կշտություն	پر کردن	kshtutyun
նրբամաշկ	فیلم؛ فیلم گرفتن	nrbamashk
փառ	فیلم؛ فیلم گرفتن	par
կինոռեժիսոր	فیلم‌ساز	kinorezhisor
կինոգործիչ	فیلم‌ساز	kinogortsich
քամոց	فیلتر کردن	kamots
զտիչ	فیلتر کردن	ztich
կեղտոտություն	نجاست؛ رجاست	keghtotutyun
վերջին	نهایی؛ نهایی (اسم)	verjin
վերջնականապես	بالاخره	verjnakanapes
վերջնականորեն	بالاخره	verjnakanoren
ֆինանսներ	دارایی؛ مالیه	finansner
ֆինանսավորել	دارایی؛ مالیه	finansavorel
ֆինանսական	مالی؛ نقدی	finansakan
ֆինանսների	مالی؛ نقدی	finansneri
ֆինանսիստ	سرمایه دار؛ سرمایه گذار	finansist
ֆինանսագետ	سرمایه دار؛ سرمایه گذار	finansaget
գտնել	پیدا کردن	gtnel
որոնիչ	یابنده	oronich
փնտրիչ հարմարանք	یابنده	pntrich harmarank
տուգանք	جریمه، جریمه کردن؛ خوب	tugank
բարակ	جریمه، جریمه کردن؛ خوب	barak
նրբանկատություն խորամանկություն	نکته بینی؛ زیرکی بکار بردن	nrbankatutyun khoramankutyun
ճկույթ	انگشت	chkuyt
գրիֆ	جا انگشتی	grif
մատնատախտակ	جا انگشتی	matnatakhtak
վերջանալ	تمام کردن؛ پایان	verjanal
հղկել	تمام کردن؛ پایان	hghkel
սահմանափակ	متناهی	sahmanapak
կրակ	آتش	krak
հրազեն	سلاح گرم	hrazen
դրդիչ	آتش پاره	drdich
հրդեհաշեջ	آتش‌نشان	hrdehashej
հրշեջ խմբի աշխատող	آتش‌نشان	hrshej khmbi ashkhatogh
վառելափայտ	حطب؛ هیزم	varelapayt
հրավառության նյութ	آتش‌بازی	hravarutyan nyut
հրավառություն	آتشبازی	hravarutyun
ֆիրմա	محکم، شرکت	firma
ֆիրմա կերպով	قاطعانه	firma kerpov
պնդություն	استواری؛ ثبات	pndutyun
ամրություն	استواری؛ ثبات	amrutyun
առաջին	اول (اسم)؛ اول، اولین	arajin
նախ եւ առաջ	اولاً	nakh ev araj
նախ	اولاً	nakh
գանձարանային	مالیاتی؛ محاسباتی	gandzaranayin
գանձարանի	مالیاتی؛ محاسباتی	gandzarani
ձուկ	ماهی؛ ماهی گرفتن	dzuk
ձկան	ماهی؛ ماهی گرفتن	dzkan
ձկնորս	صیاد؛ ماهیگیر	dzknors
ձկան որս	شیل؛ ماهی گیری	dzkan ors
ձկնորսություն	شیل؛ ماهی گیری	dzknorsutyun
ձուկ որսալը	ماهیگیری	dzuk orsale
միջուկային բաժանում	شکافت	mijukayin bazhanum
բռունցք	مشت؛ بامشت گرفتن	bruntsk
նոպա	مناسب بودن؛ مناسب، حمله	nopa
ընդհատվող	هوس پرست	endhatvogh
հարմարեցնելը	پرو؛ سوار کنی	harmaretsnele
հինգ	پنج	hing
հնգյակ	پنج	hngyak
ներդնել	تعمیر کردن	nerdnel
ֆիքսում	عشق زیاد	fiksum
արձանագրում	عشق زیاد	ardzanagrum
արմատուրա	وسایل ثابت	armatura
նշանակված օր	وسایل ثابت	nshanakvats or
կախ ընկած	لس	kakh enkats
թորշոմած	لس	torshomats
հիրիկ	پرچم؛ رایت	hirik
սալ	پرچم؛ رایت	sal
կալսել	گندم کوب؛ خرمن کوب	kalsel
հուր	شعله؛ زبانه	hur
այրվող	شعلهور	ayrvogh
բոցավառ	شعلهور	botsavar
կող	پهلو؛ خاصره	kogh
կողմ	پهلو؛ خاصره	koghm
թեթեւ հարվածել	پرزدن؛ پرپرزدن	tetev harvatsel
թափահարել	پرزدن؛ پرپرزدن	tapaharel
անհավասար լույս	شعله؛ شعله زنی	anhavasar luys
փայլատակում	شعله؛ شعله زنی	paylatakum
տափաշիշ	بغلی؛ دبه	tapashish
թորանոթ	بغلی؛ دبه	toranot
հարթություն	آپارتمان؛ صاف، یک طبقه	hartutyun
տափակեցնել	مسطح کردن؛ بیمزه کردن	tapaketsnel
հարթեցնել	مسطح کردن؛ بیمزه کردن	hartetsnel
փառաբանել	تملق کردن؛ مداهنه کردن	parabanel
քծնում	متملقانه؛ تملق آمیز	ktsnum
շողոքորթություն	تملق؛ شیره مالی	shoghokortutyun
ծածանվել	نازیدن؛ جولان دادن	tsatsanvel
համ	مزه؛ طعم	ham
բուրմունք	مزه؛ طعم	burmunk
հաճելի համ ու հոտ	طعم	hacheli ham u hot
ճաք	نقص	chak
վուշ	بزرک	vush
մաշկել	سخت انتقاد کردن	mashkel
քերթել	سخت انتقاد کردن	kertel
լու	کیک؛ شبگز	lu
պուտիկ	رگه رگه کردن	putik
բծիկ	رگه رگه کردن	btsik
բրդոտ	مثل پشم	brdot
մազոտ	مثل پشم	mazot
նավատորմ	ناوگان	navatorm
շարժակազմ	ناوگان	sharzhakazm
միս	گوشت	mis
մսոտ	گوشتالو؛ گوشتی	msot
մսեղ	گوشتالو؛ گوشتی	msegh
դյուրաթեք էլեկտրալար	منقبض کردن	dyuratek elektralar
ծռել կորացնել	منقبض کردن	tsrel koratsnel
ճկունություն	انعطاف‌پذیری	chkunutyun
դյուրաթեքություն	انعطاف‌پذیری	dyuratekutyun
զիջող	قابل تغییر؛ قابل انحناء	zijogh
մատնազարկ	تلنگر	matnazark
կտրուկ շարժում ցնցում	تلنگر	ktruk sharzhum tsntsum
երերում	سوسوزن	ererum
թռիչք	پرواز	trichk
երամ	پرواز	eram
կտրուկ	جفتک پرانی	ktruk
կայծքար	چخماق؛ سنگ فندک	kaytskar
սիրախաղ անող	طناز؛ لاس زدن	sirakhagh anogh
ֆլիրտով զբաղվել	طناز؛ لاس زدن	flirtov zbaghvel
լողան	غوطهورساختن؛ غوطهدادن	loghan
փնջիկ	رمه؛ غنم	pnjik
մակընթացություն	سیل؛ طوفان	makentatsutyun
հարկ	کف، طبقه	hark
հատակի վրաքաշ	کف سازی	hataki vrakash
ապտակ	صدای چلپ؛ باصدای تلپ افتادن	aptak
շրմփոց	صدای چلپ؛ باصدای تلپ افتادن	shrmpots
ճոճվող	مسخره وار	chochvogh
բուսական աշխարհ	گیا؛ الهه گل	busakan ashkharh
ֆլորա	گیا؛ الهه گل	flora
զարդարուն	گلگون؛ سلیس وشیوا	zardarun
Ֆլորիդա	فلوریدا	Florida
ալյուր	آرد؛ آرد کردن	alyur
ոլորագիծ	رونق گرفتن	oloragits
շիթ	بده؛ جاری کردن	shit
զարդ	گل	zard
գրիպ	آنفولانزا	grip
տատանվում	مواج	tatanvum
տատանում	نوسان	tatanum
տատանվելը	نوسان	tatanvele
աղվափետուր	کرکدار شدن	aghvapetur
փափկամազ	پرزدار	papkamaz
հեղուկ կամ գազային միջավայր հեղուկ	مایع	heghuk kam gazayin mijavayr heghuk
գազ	مایع	gaz
նետվել	پرت	netvel
կտրուկ շարժում կատարել	پرت	ktruk sharzhum katarel
հողմնահուզանքտեղատարափ անձրեւ	طوفان ناگهانی	hoghmnahuzankteghatarap andzrev
կարմրատակել	آبریز	karmratakel
ֆլեյտա	مزمار؛ زماره	fleyta
դողդոջյուն	اهتزاز	doghdojyun
ճախրում	اهتزاز	chakhrum
ճանճ	مگس؛ پرواز کردن	chanch
օդագնացություն	پرواز	odagnatsutyun
քուռակ բերելծնել	خرک	kurak bereltsnel
փրփուր	کف کردن؛ جوش وخروش	prpur
ծով	کف کردن؛ جوش وخروش	tsov
ֆոկուս	تمرکز، تمرکز کردن	fokus
կիզակետ	تمرکز، تمرکز کردن	kizaket
մեգ	میغ؛ مه گرفتن	meg
մառախուղ	میغ؛ مه گرفتن	marakhugh
մառախլապատ	میغی؛ مهآلود	marakhlapat
մշուշոտ	میغی؛ مهآلود	mshushot
նրբաթիթեղ	زرورق؛ عقیم گذاردن	nrbatitegh
փարախ	خم؛ چروک	parakh
հոտ	خم؛ چروک	hot
սաղարթ	شاخ و برگ	saghart
տերեւներ	شاخ و برگ	terevner
ժողովուրդ	قوم وخویش	zhoghovurd
մարդիկ	قوم وخویش	mardik
ֆոլիկուլ	برگه	folikul
պարկիկ	برگه	parkik
հետապնդել	دنبال کردن	hetapndel
հետապնդող	هواخواه؛ تابع	hetapndogh
հետեւորդներ	زیر، بعدی	hetevordner
համախոհներ	زیر، بعدی	hamakhohner
հիմարություն	نابخردی؛ ابلهی	himarutyun
սննդամթերք	موادغذایی	snndamterk
տխմար	احمقانه؛ سفیه	tkhmar
հիմար կերպով	احمقانه؛ سفیهانه	himar kerpov
անխոհեմություն	حماقت؛ سفاهت	ankhohemutyun
ոտք	پا	otk
թաթ	پا	tat
տեսանյութ	فیلم	tesanyut
կադրեր	فیلم	kadrer
ֆուտբոլ	فوتبال	futbol
ֆուտբոլի գնդակ	فوتبال	futboli gndak
հենակետ	جاپا؛ جای ثابت	henaket
հենակայան	جاپا؛ جای ثابت	henakayan
հենարան	جای پا	henaran
լակեյ	شاطر	lakey
սպասավոր	شاطر	spasavor
ոտքի հետք	ردپا	otki hetk
ոտնահետք	ردپا	otnahetk
քայլ	جاپا؛ گام برداری	kayl
ոտնաձայն	جاپا؛ گام برداری	otnadzayn
աշարժման նպատակակետ նա գնաց Գորիս	برای	asharzhman npatakaket na gnats Goris
բտեւողություն հաջորդ երեք ժամում	برای	btevoghutyun hajord erek zhamum
անասնակեր	پی علف گشتن	anasnaker
խար	پی علف گشتن	khar
թույլ չտալ	ممنوع کردن	tuyl chtal
արգելված	ممنوع؛ ممنوعه	argelvats
արգելքի ենթարկված	ممنوع؛ ممنوعه	argelki entarkvats
ուժ	نیرو؛ اجبار	uzh
բռնություն	نیرو؛ اجبار	brnutyun
ուժեղ	اجبارا	uzhegh
պինցետ	انبر جراحی	pintset
ատամնաբուժական աքցան	انبر جراحی	atamnabuzhakan aktsan
բռնի	موثر؛ عدوانی	brni
հարկադրական	موثر؛ عدوانی	harkadrakan
ուժով	عنفا؛ مجبوراً	uzhov
հարկադրաբար	عنفا؛ مجبوراً	harkadrabar
ծանծաղուտ	فرد؛ گدار	tsantsaghut
թեւ	ارش؛ ساعد	tev
գուշակություն	پیش‌بینی	gushakutyun
ցուցամատ	سبابه؛ انگشت شهادت	tsutsamat
առաջավոր գիծ	صف جلو	arajavor gits
առաջին պլան	پیشصحن	arajin plan
օտարական	خارجی	otarakan
աշղեկ	فورمن؛ سرکارگر	ashghek
առջեւի	جلوترین؛ دردرجه نخست	arjevi
առաջավոր	جلوترین؛ دردرجه نخست	arajavor
նախնի	پیشرو؛ پیشگام	nakhni
նախակարապետ	پیشرو؛ پیشگام	nakhakarapet
նախատեսում	پیش اندیش	nakhatesum
կանխատեսություն	ابصار؛ پیش اندیشی	kankhatesutyun
հեռատեսություն	ابصار؛ پیش اندیشی	heratesutyun
անտառ	جنگل	antar
անտառագիտություն	جنگلداری؛ جنگلبانی	antaragitutyun
անտառաբուծություն	جنگلداری؛ جنگلبانی	antarabutsutyun
կանխաճաշակում	آزمایش قبلی	kankhachashakum
կանխաճաշակել	آزمایش قبلی	kankhachashakel
նախագուշակել	نبوت کردن؛ پیشگوئی کردن	nakhagushakel
գուշակել	نبوت کردن؛ پیشگوئی کردن	gushakel
հավիտյան	برای همیشه؛ الی الابد	havityan
ֆանտ	ضبط شده	fant
դարբնոց	جعل کردن	darbnots
կռել	جعل کردن	krel
կեղծիչ	جاعل؛ جعل کننده	keghtsich
խարդախում	جعل؛ سند سازی	khardakhum
մոռանալ	فراموش کردن	moranal
մոռացկոտ	فراموشکار؛ کم حافظه	moratskot
ներված	آمرزیده	nervats
ներելը	عفو؛ بخشش	nerele
պատառաքաղ	چنگال	patarakagh
եղան	چنگال	eghan
լքյալ	مهجور؛ بی کس	lkyal
ձեւական	رسمی	dzevakan
ձեւականություն	تکلف؛ رسمیت	dzevakanutyun
ծիսակատարությւն	تکلف؛ رسمیت	tsisakatarutyvn
ձեւական կերպով	رسما	dzevakan kerpov
ձեւաչափ	قالب	dzevachap
ձեւավորել	قالب	dzevavorel
կազմում	شکل‌گیری	kazmum
ձեւավորում	شکل‌گیری	dzevavorum
նախկին	سابق؛ پیشین	nakhkin
անցած	سابق؛ پیشین	antsats
նախկինում	قبلاً	nakhkinum
հսկայական	سهمناک؛ ژیان	hskayakan
բանաձեւ	فرمول	banadzev
ձեւակերպել	فرموله کردن	dzevakerpel
արտահայտել բանաձեւով	فرموله کردن	artahaytel banadzevov
բերդամաս	برج وبارو	berdamas
դեպի առաջ	رو به جلو	depi araj
այսուհետեւ	رو به جلو	aysuhetev
ամրաշինություն	تقویت؛ حصار	amrashinutyun
ամրություններ	تقویت؛ حصار	amrutyunner
կոփել	مستحکم کردن؛ سنگربندی کردن	kopel
երկու շաբաթ	دوهفته	erku shabat
երկշաբաթյա	دو هفتگی	erkshabatya
երկու շաբաթը մեկ անգամ	دو هفتگی	erku shabate mek angam
բերդ	قلعه؛ دژ	berd
երջանիկ	خوش شانس	erjanik
հաջող	خوش شانس	hajogh
բարեբախտաբար	خوشبختانه	barebakhtabar
հաջող կերպով	خوشبختانه	hajogh kerpov
քառասուն	چهل	karasun
հրապարակ	انجمن	hraparak
հավաքավայր	انجمن	havakavayr
առաջադեմ	جلو	arajadem
հառաջ	به پیش	haraj
բրածո	فسیل	bratso
հանածո	فسیل	hanatso
խնամել	پرورش دادن	khnamel
կանոնների խախտում	ناجوانمردانه؛ چرک شدن	kanonneri khakhtum
հիմունք	بنیاد	himunk
ձուլորդ	بنیانگذار	dzulord
ընկեցիկ	تشکیل دهنده	enketsik
գտնված երեխա	تشکیل دهنده	gtnvats erekha
ձուլարան	چدن ریزی	dzularan
ձուլվածք	چدن ریزی	dzulvatsk
շատրվան	چشمه	shatrvan
աղբյուր	چشمه	aghbyur
չորս	چهار	chors
քառյակ	چهار	karyak
տասնչորս	چهارده	tasnchors
չորրորդ	چهارم	chorrord
քառորդ	چهارم	karord
աքաղաղ	پرنده	akaghagh
թռչնորս	شکارچی پرندگان	trchnors
աղվես	روبه؛ روباه بازی کردن	aghves
աղվեսի մորթի	روبه؛ روباه بازی کردن	aghvesi morti
մանտիս	کسر، بخش کوچک	mantis
հավելույթ	کسر، بخش کوچک	haveluyt
կոտրվածք	شکست؛ شکستگی	kotrvatsk
դյուրաբեկություն	تردی؛ زودشکنی	dyurabekutyun
կարճատեււթյւնթուլակազմություն	تردی؛ زودشکنی	karchatevvtyvntulakazmutyun
բեկոր	تکه	bekor
հատվածական	ریز شده؛ جزء جزء	hatvatsakan
ընդհատումներով	ریز شده؛ جزء جزء	endhatumnerov
բույր	عطر؛ نکهت	buyr
բուրավետ	معطر؛ خوشبو	buravet
թուլություն	ضعف اخلاق	tulutyun
փխրունություն	ضعف اخلاق	pkhrunutyun
Ֆրանսիա	فرانسه	Fransia
արտոնություն	حق امتیاز	artonutyun
ընտրություններին մասնակցելու իրավունք	حق امتیاز	entrutyunnerin masnaktselu iravunk
պարզասիրտ	فاش؛ فرانک	parzasirt
անկեղծորեն	رک و راست	ankeghtsoren
խելահեղ	دیوانه وار	khelahegh
բուռն կերպով	دیوانه وار	burn kerpov
նենգ	دغل؛ تقلبی	neng
տարօրինակություն ծայրահեղ արարք	ناقصالخلقه	tarorinakutyun tsayrahegh arark
անկախ	آزاد کردن؛ آزاد، رایگان	ankakh
ազատություն	آزادی	azatutyun
անկախություն	آزادی	ankakhutyun
լիակատար սեփականություն	مالکیت مطلق؛ ملک موروثی	liakatar sepakanutyun
ազատորեն	آزادانه	azatoren
մասոն	فراماسون؛ فراماسیون	mason
ֆրանկմասոն	فراماسون؛ فراماسیون	frankmason
մասոնություն	فراماسیونی	masonutyun
ազատ մարդիկ	آزادگان	azat mardik
սառեցնել	یخبندان؛ منجمد کردن	saretsnel
մրսել	یخبندان؛ منجمد کردن	mrsel
փոխադրավճար	گرانبار کردن؛ کرایه کشتی	pokhadravchar
ֆրանսերեն	فرانسوی؛ زبان فرانسه	franseren
ֆրանսիական	فرانسوی؛ زبان فرانسه	fransiakan
կատաղած	شوریده؛ شوریده حال	kataghats
մոլեգնած	شوریده؛ شوریده حال	molegnats
կատաղություն	شوریدگی؛ شوریده کردن	kataghutyun
մոլեգնություն խելագարություն	شوریدگی؛ شوریده کردن	molegnutyun khelagarutyun
հաճախություն	تناوب؛ بسامد	hachakhutyun
հաճախականություն	تناوب؛ بسامد	hachakhakanutyun
հաճախակի	مکرر	hachakhaki
հաճախական	مکرر	hachakhakan
հաճախ	اغلب؛ مکرراً	hachakh
թարմ	تازه	tarm
դալար	تازه	dalar
թարմ լինելը	تازگی؛ شادابی	tarm linele
զարդաքանդակ	هایهو کردن؛ جور بجور کردن	zardakandak
ուրբաթ	جمعه	urbat
սառնարան	یخچال	sarnaran
տապակած	سرخ کرده	tapakats
բարեկամ	دوست	barekam
ընկերական լինելը	خوش مشربی	enkerakan linele
ընկերական	دوستانه	enkerakan
բարեկամական	دوستانه	barekamakan
բարեկամություն	یاری؛ دوستی	barekamutyun
ֆրեգատ արագընթաց հածանավ	فرقت	fregat aragentats hatsanav
երկյուղ	رم دادن	erkyugh
վախեցնել	هراسانیدن؛ ترساندن	vakhetsnel
վախեցնում	ارعاب؛ وحشتناک	vakhetsnum
սառը	خنک	sare
սառնասիրտ	خنک	sarnasirt
ծոպեր	سجاف؛ چتر زلف	tsoper
թեթեւամիտ	سبکسر؛ بیهوده وبیمعنی	tetevamit
թեթեւամիտ կերպով	سبکسرانه	tetevamit kerpov
գորտ	قورباغه	gort
ցույց է տալիսաելման կետ	از	tsuyts e talisaelman ket
անջատում ծայրից ծայր	از	anjatum tsayrits tsayr
առջեւի մաս	جلو	arjevi mas
ճակատի	پیشانی؛ وابسته بجلو	chakati
ճակատային	پیشانی؛ وابسته بجلو	chakatayin
սահմանամերձ	مرز؛ سرحد	sahmanamerdz
սառնամանիք	شبنم؛ سرماریزه	sarnamanik
կնճիռ	اخم؛ اخم کردن	knchir
խոժոռվել	اخم؛ اخم کردن	khozhorvel
սառած	منجمد؛ منجمده	sarats
սառցրած	منجمد؛ منجمده	sartsrats
պտուղ	میوه	ptugh
միրգ	میوه	mirg
պտղավետ	بارور؛ زاینده	ptghavet
իրականացում	تمتع؛ کامرانی	irakanatsum
անպտուղ	بی بر؛ بی میوه	anptugh
ապարդյուն	بی بر؛ بی میوه	apardyun
խափանել	هیچ کردن؛ ناامید کردن	khapanel
խափանված	ناامید	khapanvats
վառելիք	سوخت؛ سوختی	varelik
վառելանյութ	سوخت؛ سوختی	varelanyut
փախստական	گریخته؛ فراری	pakhstakan
ֆուգա	نوعی آلت	fuga
իրագործել	برآورده کردن	iragortsel
իրականացնել	تکمیل کردن؛ رفع نیاز کردن	irakanatsnel
ամեն ինչ լինելը	پری؛ سیری	amen inch linele
լրիվ դրույքով	تمام وقت	lriv druykov
միանգամայն	مفصل؛ تماما	miangamayn
բոլորովին	مفصل؛ تماما	bolorovin
շոշափում	کورمالی	shoshapum
ֆունկցիա	وظایفه؛ کار افتادن	funktsia
ֆունկցիոնալ	کاربردی	funktsional
ֆոնդ	تهیه وجه کردن	fond
սկզբունք	اساسی؛ سازمانی	skzbunk
սկզբունք կերպով	اساساً	skzbunk kerpov
դրամահավաք	جمع‌آوری کمک مالی	dramahavak
ձագար	قیف؛ قیفی شکل	dzagar
ծիծաղաշարժ	خنده‌دار	tsitsaghasharzh
մորթի	پوست؛ خز	morti
բուրդ	پوست؛ خز	burd
գազազած	خشمگین	gazazats
հնոց	تون؛ تنور	hnots
քուրա	تون؛ تنور	kura
մատակարարել	تهیه کردن؛ دارای اثاثه کردن	matakararel
կահ - կարասի	مبلمان	kah - karasi
կահույք	مبلمان	kahuyk
ակոս	شیار کردن؛ شیار زدن	akos
խոր կնճիռ	شیار کردن؛ شیار زدن	khor knchir
մորթե	خزدار؛ خزپوش	morte
մուշտակավոր	خزدار؛ خزپوش	mushtakavor
գողունի գաղտագողի	زیر جلی	goghuni gaghtagoghi
թաքուն	زیر جلی	takun
գազազածություն	غضب؛ سوداء	gazazatsutyun
բռնկիչ	فتیله؛ گداختن	brnkich
պայթաքուղ	فتیله؛ گداختن	paytakugh
հրաձգություն	شلیک متوالی	hradzgutyun
գնդակահարություն գնդակոծել	شلیک متوالی	gndakaharutyun gndakotsel
հալում	ذوب؛ گداز	halum
հալելը	ذوب؛ گداز	halele
իրարանցում	هیاهو؛ ولوله	irarantsum
նյարդային վիճակ	هیاهو؛ ولوله	nyardayin vichak
անօգուտ	بیهوده؛ باطل	anogut
ապարդյունություն	عبثی؛ بیهودگی	apardyunutyun
դատարկություն	عبثی؛ بیهودگی	datarkutyun
ապագա	آینده	apaga
գալիք	آینده	galik
բերանակապ	شیرین کاری	beranakap
ավելացում	انتفاع؛ جلب کردن	avelatsum
քայլվածք	مشی؛ گام برداشتن	kaylvatsk
քայլք արագություն	مشی؛ گام برداشتن	kaylk aragutyun
Ծիր Կաթին	کهکشان	Tsir Katin
Հարդագողի ճանապարհ	کهکشان	Hardagoghi chanaparh
լեղի	زرد آب	leghi
նրբակիրթ մարդ	زن باز؛ دلاوری کردن	nrbakirt mard
սրահ	گالری	srah
նավախոհանոց	رانکا؛ رامکا	navakhohanots
գալոն	گالن	galon
քառատրոփ արշավ	تاخت؛ چهارنعل	karatrop arshav
կախաղան	دار؛ صلابه	kakhaghan
մոլեխաղ	قمار کردن؛ قماربازی کردن	molekhagh
վտանգավոր գործ	قمار کردن؛ قماربازی کردن	vtangavor gorts
թղթամոլ	قمارباز؛ مهرهباز	tghtamol
խաղամոլ	قمارباز؛ مهرهباز	khaghamol
խաղ	بازی	khagh
հերթափոխ	گام برداری	hertapokh
նյարդակծիկ	غده لنفاوی	nyardaktsik
ներվահանգույց	غده لنفاوی	nervahanguyts
գանգրենա	قانقاریا	gangrena
փտախտ	قانقاریا	ptakht
ծակ	شکاف	tsak
գարաժ	گاراژ؛ در گاراژ گذاردن	garazh
տարազ	طرز رفتار؛ لباس پوشانیدن	taraz
պարտեզ	باغ	partez
զբոսայգի	باغ	zbosaygi
պարտիզպան	باغبان	partizpan
այգեգործ	باغبان	aygegorts
այգեգործություն	باغبانی؛ سبزیکاری	aygegortsutyun
սխտոր	سیر	skhtor
շոր	جامه؛ ملبوس	shor
կայազոր	ساخلو؛ پادگان	kayazor
ծնկակապ	بند زدن	tsnkakap
կապիչ	بند زدن	kapich
բենզին	گاز	benzin
գասկոնացի	گاسگن؛ لاف زن	gaskonatsi
գազանմանգազային	گازدار؛ گازی	gazanmangazayin
խոր վերքպատռվածք	شکافدار کردن؛ مقاربت جنسی	khor verkpatrvatsk
խոր կտրել	شکافدار کردن؛ مقاربت جنسی	khor ktrel
գազային լուսավորում	گاز سوز؛ شعله گاز	gazayin lusavorum
գազալամպ	گاز سوز؛ شعله گاز	gazalamp
հեւոց	نفس بریده	hevots
շնչահեղձություն	نفس بریده	shnchaheghdzutyun
ստամոքսային	معدی	stamoksayin
դարբաս	دروازه	darbas
բակամուտք	مدخل	bakamutk
դարբասաշեմք	مدخل	darbasashemk
կուտակել	اجتماع کردن؛ انجمن کردن	kutakel
նիհար	زننده ساختن	nihar
վտիտ	زننده ساختن	vtit
շղարշ	گاز؛ تنزیب	shgharsh
մարլա	گاز؛ تنزیب	marla
սեւեռուն հայացք	خیره شدن	severun hayatsk
թերթ	مجله رسمی	tert
լրագիր	مجله رسمی	lragir
մեխանիզմ	دنده، تجهیزات	mekhanizm
ժելատին	ژلاتین؛ سریشم	zhelatin
ժելատինե	ژلاتینی	zhelatine
դոնդողանման	ژلاتینی	dondoghanman
գոհար	جواهر نشان کردن؛ سنگ گران بها	gohar
ակն	جواهر نشان کردن؛ سنگ گران بها	akn
սեռգ	جنسیت	serg
գեն	ژن	gen
գեներալ	عمومی	general
զորավար	عمومی	zoravar
ընդհանրացում	تعمیم	endhanratsum
ընդհանուր առմամբ մեծ մասամբ	عموما؛ معمولا	endhanur armamb mets masamb
ծնող	تولیدی؛ نسلی	tsnogh
առաջացնող	تولیدی؛ نسلی	arajatsnogh
սեռային	عمومی	serayin
ընդհանուր	عمومی	endhanur
մեծահոգություն	کرم؛ مروت	metsahogutyun
վեհանձնություն առատաձեռնություն	کرم؛ مروت	vehandznutyun aratadzernutyun
մեծահոգի	کرام؛ کریم	metsahogi
մեծահոգի կերպով	سخاوتمندانه؛ بی دریغ	metsahogi kerpov
ծագում	تکوین؛ طرز تشکیل	tsagum
առաջացում	تکوین؛ طرز تشکیل	arajatsum
գենետիկական	ژنتیکی	genetikakan
ջին	ژنو	jin
գիհօղի	ژنو	gihoghi
սրտագին	خوش دهن	srtagin
սրտաբացություն	خوش معاشرتی	srtabatsutyun
հանճարեղություն	نابغه	hanchareghutyun
ցեղասպանություն	نسل‌کشی	tseghaspanutyun
հեթանոս	غیر کلیمی	hetanos
ազնվատոհմ	نرم؛ معتدل	aznvatohm
հեզ	نرم؛ معتدل	hez
ջենտլմեն	جنتلمن؛ سمیو	jentlmen
պարոն	جنتلمن؛ سمیو	paron
ջենտլմեն կերպով	آقامنشانه؛ آقامنش	jentlmen kerpov
մեղմություն	ملایمت؛ نرمی	meghmutyun
հեզություն	ملایمت؛ نرمی	hezutyun
տիկին	زن نجیب؛ زن باتربیت	tikin
լեդի	زن نجیب؛ زن باتربیت	ledi
մեղմորեն	بارامی؛ نرم نرم	meghmoren
քնքշությամբհանդարտ	بارامی؛ نرم نرم	knkshutyambhandart
իսկական կերպով	واقعاًً	iskakan kerpov
սեռ	سرده	ser
աշխարհագրական	جغرافیایی	ashkharhagrakan
աշխարհագրություն	جغرافیا	ashkharhagrutyun
երկրաբանություն	زمینشناسی؛ معرفت الارظ	erkrabanutyun
երկրաբանական	زمینشناسی؛ معرفت الارظ	erkrabanakan
երկրաչափական	هندسی	erkrachapakan
երկրաչափություն	هندسه	erkrachaputyun
Ջորջիա	گرجستان	Jorjia
Վրաստան	گرجستان	Vrastan
վրացի	گرجی؛ گرجستانی	vratsi
վրացուհի	گرجی؛ گرجستانی	vratsuhi
սերմնարան	میکرب؛ جرثومه	sermnaran
գերմանացի	آلمانی؛ زبان آلمانی	germanatsi
գերմանուհի	آلمانی؛ زبان آلمانی	germanuhi
գերմանական	آلمانی؛ ژرمنی	germanakan
Գերմանիա	آلمان	Germania
ծլարձակություն	جوانه زنی؛ جوانه زایی	tslardzakutyun
բողբոջում	جوانه زنی؛ جوانه زایی	boghbojum
ժեստ	اشاره	zhest
ձեռքի շարժմունք	اشاره	dzerki sharzhmunk
ուրվական	روح؛ شبح	urvakan
տեսիլ	روح؛ شبح	tesil
աժդահա	غول؛ نرهغول	azhdaha
վիթխարի	غول؛ نرهغول	vitkhari
հեգնանք	طنز گفتن؛ باطعنه استهزاء کردن	hegnank
ծաղր	طنز گفتن؛ باطعنه استهزاء کردن	tsaghr
նվեր	هدیه	nver
տաղանդավոր	خدا داده	taghandavor
նեղլիկարագաշարժ նավակ	کنسرت	neghlikaragasharzh navak
երկանիվմիաձի կառք	کنسرت	erkanivmiadzi kark
ոսկեզօծ	مطلا	oskezots
ոսկեջրած	مطلا	oskejrats
փոքր գայլիկոն	گردبر؛ سوراخ کننده	pokr gaylikon
օղի	جینی؛ جین	oghi
բամբակազտիչ մեքենա	جینی؛ جین	bambakaztich mekena
կոճապղպեղ	زنجبیل	kochapghpegh
գոտի կապել	ضربه شدید؛ کمربند بستن	goti kapel
իշխաանություն տալ շրջապատել	ضربه شدید؛ کمربند بستن	ishkhaanutyun tal shrjapatel
օրիորդ	دختر	oriord
ընկերուհի	دوست دختر	enkeruhi
աղջկական	دختروار	aghjkakan
կուսական	دختروار	kusakan
փորքաշ	ابعاد؛ قطر شکم	porkash
թամբակալ	ابعاد؛ قطر شکم	tambakal
տալ	دادن	tal
ուրախությամբ	بخشنودی	urakhutyamb
հաճույքով	بخشنودی	hachuykov
հրապուր	آب وتاب	hrapur
նայվածք	نگاه اجمالی	nayvatsk
գեղծ	غده؛ دشبل	geghts
խցուկ	غده؛ دشبل	khtsuk
գեղձային	غدهای	geghdzayin
պայծառ լույս	درخشندگی زیاد	paytsar luys
ցոլք	درخشندگی زیاد	tsolk
ապակի	شیشه، لیوان	apaki
հայելանման	زجاجی	hayelanman
վերնիճ	لعابی؛ لعابدار	vernich
շողք	نور ضعیف؛ پرتو آنی	shoghk
սահում	نرم رفتن؛ آسان رفتن	sahum
քրոմատիկ գամմա	نرم رفتن؛ آسان رفتن	kromatik gamma
պլպլում	سوسو زدن؛ نور کم	plplum
վայրկենականտեսողական ընկալւմ	نگاه کوتاه	vayrkenakantesoghakan enkalvm
համաշխարհային	جهانی	hamashkharhayin
գլոբալ	جهانی	global
գլոբալացում	جهانی‌سازی	globalatsum
գլոբուս	کره زمین	globus
գնդաձեւ	گلبولوار؛ گوی مانند	gndadzev
մռայլություն	عبوس بودن	mraylutyun
նսեմ	تیره؛ گرفته	nsem
գովաբանելմեծարել զարդարել	تکریم کردن؛ تجلیل کردن	govabanelmetsarel zardarel
փառավոր	باشکوه	paravor
արտաքին ցոլք	جلوه ظاهر	artakin tsolk
պսպղուն	لعابی؛ لعابدار	pspghun
ձայնաճեղք	چاکنای	dzaynacheghk
ձեռնոց	دستکش	dzernots
սոսինձ	چسباننده	sosindz
շատակերություն	پر خوری؛ شکم پرستی	shatakerutyun
խթան	سک	khtan
դրդապատճառ	سک	drdapatchar
դարբասապահ	گلر	darbasapah
այծ	بز؛ بزغاله	ayts
լափել	لپ لپ خوردن	lapel
խժռել փնթփնթալ	لپ لپ خوردن	khzhrel pntpntal
կուռք	خدا	kurk
աստվածուհի	الهه؛ دارگونه	astvatsuhi
դիցուհի	الهه؛ دارگونه	ditsuhi
կնքահայր	پدر تعمیدی؛ نام گذاردن بر	knkahayr
կնքամայր	مادر خوانده	knkamayr
ոսկի	طلا، طلایی	oski
ոսկեգույն	طلایی	oskeguyn
գոլֆ	گلف	golf
գոլֆ խաղալ	گلف	golf khaghal
Գողիաթ	جالوت؛ جلیات	Goghiat
համակրանք	سر قفلی	hamakrank
սագ	غاز؛ هیس	sag
միամիտ մարդ	غاز؛ هیس	miamit mard
կոկորդ	پر خوردن؛ زیاد تپاندن	kokord
գորիլա	گوریل	gorila
արյունահեղ	لختهشده؛ جنایت آمیز	aryunahegh
ավետարան	مژده نیکو	avetaran
քարոզ	مژده نیکو	karoz
օդի մեջ թռչող սարդոստայնի թելեր	بند شیطان؛ لعاب خورشید	odi mej trchogh sardostayni teler
բամբասանք	نمام؛ اراجیف	bambasank
գոթերեն	زبانگوتیک	goteren
գոթական	زبانگوتیک	gotakan
հոդատապ	نقرسی؛ نقرس	hodatap
կառավարում	حاکمیت	karavarum
տնային դաստիարակչուհի	مدیره؛ زنحاکم	tnayin dastiarakchuhi
կառավարական	دولتی؛ حکومتی	karavarakan
պետական	دولتی؛ حکومتی	petakan
տիրակալ	استاندار	tirakal
խլում	چنگ انداختن؛ بچنگال گرفتن	khlum
ճանկում	چنگ انداختن؛ بچنگال گرفتن	chankum
գրավչություն	ظرافت	gravchutyun
տակտ	ظرافت	takt
նազանի	ظریف؛ عاطر	nazani
նազելի	ظریف؛ عاطر	nazeli
ողորմած	توفیق دهنده؛ فیض بخش	oghormats
գթասիրտ	توفیق دهنده؛ فیض بخش	gtasirt
կոչում	پایه؛ نمره	kochum
աստիճանական	تدریجی	astichanakan
աստիճանաբար	بمرور؛ متدرجا	astichanabar
հետզհետե	بمرور؛ متدرجا	hetzhete
գիտական աստիճան ունեցող	آموخته؛ مدرج کردن	gitakan astichan unetsogh
շրջանավարտ	آموخته؛ مدرج کردن	shrjanavart
պատվաստում	اختلاس؛ پیوند کردن	patvastum
պատվաստել	اختلاس؛ پیوند کردن	patvastel
հատիկ	دان؛ دانه	hatik
մանր սիսեռ	گرم	manr siser
գրամ	گرم	gram
քերականություն	دستور؛ گرامر	kerakanutyun
գիտության հիմունքներ	دستور؛ گرامر	gitutyan himunkner
քերականական	دستوری؛ صرفی	kerakanakan
քերականորեն ճիշտ	دستوری؛ صرفی	kerakanoren chisht
թոռներ	احفاد	torner
հոյակապություն	شکوه؛ جلال	hoyakaputyun
շքեղություն	شکوه؛ جلال	shkeghutyun
պապ	پدربزرگ	pap
պապիկ	پدربزرگ	papik
ճոռոմ	گزاف گوی	chorom
տատ	مادربزرگ	tat
տատիկ	مادربزرگ	tatik
տատ կամ պապ	پدربزرگ/مادربزرگ	tat kam pap
թոռ	پسر دختر؛ پسر پسر	tor
գրանիտյա	خارا؛ گرانیت	granitya
դոտացիա	عطا؛ اعطاء	dotatsia
հատիկավոր	دانهدار؛ دانه ای	hatikavor
հատավորված	دانهدار؛ دانه ای	hatavorvats
խաղող	انگور؛ عنب	khaghogh
ամբակախոց	انگور؛ عنب	ambakakhots
գծագիր	نمودار؛ گراف	gtsagir
գծագրական	گرافیکی	gtsagrakan
գրկելը	گرفتن، درک کردن	grkele
խոտ	چمن	khot
արոտ	چمن	arot
խոտածածկ տարածք	علفزار؛ سبزه زار	khotatsatsk taratsk
խոտով ծածկված	پرچمن؛ علفی	khotov tsatskvats
խոտի	پرچمن؛ علفی	khoti
երկաթե վանդակցանց	کبیر؛ کبیره	erkate vandaktsants
քերել	کبیر؛ کبیره	kerel
երախտապարտ	ممنون؛ شکور	erakhtapart
բավարարել	مفتخر کردن؛ بوجد آوردن	bavararel
գոհացնել	مفتخر کردن؛ بوجد آوردن	gohatsnel
ցանց	گوشت ریز	tsants
երախտագիտություն	سپاسگزاری؛ شکران	erakhtagitutyun
գերեզման	قبر، جدی	gerezman
մահ	قبر، جدی	mah
մանրախիճ	شن؛ ریگ	manrakhich
խոշոր ավազ	شن؛ ریگ	khoshor avaz
լրջություն	جاذبه	lrjutyun
թեթեւ դիպչել	چریدن؛ چرا کردن	tetev dipchel
հարել	چریدن؛ چرا کردن	harel
ճրագու	روغن؛ مداهنه	chragu
ճարպոտ	چرب؛ روغنی	charpot
յուղոտ	چرب؛ روغنی	yughot
շատ	بسیار	shat
սաստիկ	بسیار	sastik
վեհություն	بزرگی؛ شهامت	vehutyun
Հունաստան	یونان؛ کشور یونان	Hunastan
ագահություն	حرص؛ طمع	agahutyun
ագահ կերպով	حریصانه	agah kerpov
ագահ	پولکی؛ حریصانه	agah
ընչաքաղց	پولکی؛ حریصانه	enchakaghts
հույն	یونانی	huyn
հունարեն	یونانی	hunaren
կանաչ	سبز	kanach
գունատ	سبز	gunat
ջերմոց	گلخانه	jermots
ողջունել	سلام کردن	oghjunel
դիմավորել	سلام کردن	dimavorel
ողջույն	تهنیت؛ درود	oghjuyn
ողջունում	تهنیت؛ درود	oghjunum
նռնակ	نارنجک	nrnak
կրակմարիչ	نارنجک	krakmarich
վիրավորանք	تظلم	viravorank
վշտանալ	محزون کردن؛ غصه دادن	vshtanal
մորմոքվել	محزون کردن؛ غصه دادن	mormokvel
ցավալի	اندوه آورد	tsavali
ծամածռություն	شکلک	tsamatsrutyun
մաշկի մեջ ներծծված մուր կեղտ կեղտոտել	رجاست؛ چرک سیاه کردن	mashki mej nertstsvats mur keght keghtotel
դաժան կերպով	عبوسانه	dazhan kerpov
քմծիծաղ	نیشخند	kmtsitsagh
հեգնական ժպիտ	نیشخند	hegnakan zhpit
աղալ	آسیاب کردن	aghal
սրող	کوبنده؛ لهکننده	srogh
սրորդ	کوبنده؛ لهکننده	srord
բռնել	چنگ زدن	brnel
աղուն	گندمآسیابی؛ جو آسیابی	aghun
աղալու հատիկ	گندمآسیابی؛ جو آسیابی	aghalu hatik
ավազահատիկներ	ماسه سنگ	avazahatikner
մանր ավազ	ماسه سنگ	manr avaz
հաստատակամ	شن دار؛ ریگ دار	hastatakam
տնքում	فغان	tnkum
նպարավաճառ	عطار؛ بقال	nparavachar
նպարեղենի խանութ	خواربار	nparegheni khanut
նպարեղեն	خواربار	npareghen
աճուկ	دوطاقه کردن؛ بیخ ران	achuk
խաչաձեւ կամար	دوطاقه کردن؛ بیخ ران	khachadzev kamar
ձիապան	داماد؛ چاروادار	dziapan
ձիավոր ծառա	داماد؛ چاروادار	dziavor tsara
կտրվածք	شیار؛ خط انداختن	ktrvatsk
ծավալուն	ناخالص	tsavalun
գետին	زمین	getin
հիմնազուրկ	واهی؛ بی اساس	himnazurk
խմբավորում	گروه	khmbavorum
պուրակ	بیشه؛ شاخسار	purak
հանքահոր	بیشه؛ شاخسار	hankahor
բուսնել	رشد کردن	busnel
գոռոց	خرخر کردن	gorots
մռնչոց	خرخر کردن	mrnchots
չարակամություն	کینه؛ غرض	charakamutyun
փնթփնթոց	غر؛ ژکیدن	pntpntots
տրտունջ	غر؛ ژکیدن	trtunj
դժկամ	بد خلق؛ بد خو	dzhkam
գրավ	التزام؛ ضمانت	grav
խնամակալ	سرپرست؛ متکفل	khnamakal
վերակացու	سرپرست؛ متکفل	verakatsu
խնամակալություն	سرپرستی؛ قیمومیت	khnamakalutyun
խնամակալի պաշտոն	سرپرستی؛ قیمومیت	khnamakali pashton
պարտիզան	چریک	partizan
հյուր	مهمان	hyur
մակաբույս	مهمان	makabuys
քրքիջ	خنده بلند؛ قاه قاه	krkij
հռհռոց	خنده بلند؛ قاه قاه	hrhrots
առաջնորդություն	راهنمایی	arajnordutyun
գիդ	راهنما، راهنمایی کردن	gid
ուղեցույց	دستورالعمل	ughetsuyts
գիլդիա	سنخ؛ صنف	gildia
համքարություն	سنخ؛ صنف	hamkarutyun
նենգություն	تلبیس	nengutyun
մեղք	احساس گناه	meghk
մեղավոր	مرتکب؛ مقصر	meghavor
գինեա	گینه؛ مرغ شاخدار	ginea
արտաքին տեսք	لباس مبدل	artakin tesk
կիթառ	گیتار	kitar
կերակրափող	مری	kerakrapogh
լեռնագոգ	آبکند؛ دره کوچک	lernagog
հովիտ	آبکند؛ دره کوچک	hovit
գալփ	غورت؛ جرعه	galp
բայտերի խումբ	غورت؛ جرعه	bayteri khumb
լինդ	صمغ؛ چسب	lind
խեժ	صمغ؛ چسب	khezh
հրանոթ	اسلحه	hranot
գնդացիր	اسلحه	gndatsir
հրետաձիգ	توپچی؛ تیر انداز	hretadzig
թնդանոթաձիգ	توپچی؛ تیر انداز	tndanotadzig
վառոդ	باروت	varod
գնդակի հասողություն	تیر رس؛ زخم گلوله	gndaki hasoghutyun
կլկլում	غلغل؛ شرشر	klklum
բլդբլդում	غلغل؛ شرشر	bldbldum
ուժեղ պոռթկում	باد ناگهانی؛ بادتند وشدید	uzhegh portkum
աղիք	روده، شهود	aghik
ջրորդան	آبگند؛ آب رو	jrordan
փողոցի առու	آبگند؛ آب رو	poghotsi aru
ետնալեզվային բաղաձայն	حلقی؛ گلوئی	etnalezvayin baghadzayn
կոկորդային	حلقی؛ گلوئی	kokordayin
տղամարդ	مرد	tghamard
մարզասրահ	باشگاه ورزشی	marzasrah
մարմնամարզական	ژیمناستیک	marmnamarzakan
գնչու	کولی؛ غربتی	gnchu
ըստ սովորույթի	عادتی	est sovoruyti
վերք	نویسنده مزدور؛ درشکه کرایه	verk
կարկուտ	تگرگ، استقبال کردن	karkut
մազ	مو	maz
հեր	مو	her
անմազ	بیمو؛ کم مو	anmaz
մազազուրկ	بیمو؛ کم مو	mazazurk
թավամազ	مویی؛ مودار	tavamaz
կես	نصف	kes
մաս	نصف	mas
կես ճանապարհին գտնվող	در نیمه راه	kes chanaparhin gtnvogh
դահլիճ	سالن	dahlich
լուսապսակ	هاله؛ هآاله بستن	lusapsak
ճաճանչապսակ	هاله؛ هآاله بستن	chachanchapsak
կանգառ	توقف، متوقف کردن	kangar
դադար	توقف، متوقف کردن	dadar
ազդր	ژامبون؛ گوشت ران	azdr
բուդ	ژامبون؛ گوشت ران	bud
մուրճ	چکش؛ پتک	murch
մեխել	چکش؛ پتک	mekhel
խանգարել	بی نتیجه کردن	khangarel
դժվարացնել	بی نتیجه کردن	dzhvaratsnel
դաստակ	دست	dastak
մի բուռ	مشت	mi bur
բռնաչափ	مشت	brnachap
ձիարշավ	فلج؛ معلول	dziarshav
արգելք	فلج؛ معلول	argelk
ձեռքի աշխատանք	هنردستی؛ دستورزی	dzerki ashkhatank
թաշկինակ	دستمال	tashkinak
գլխաշոր	دستمال	glkhashor
կոթ	دسته؛ ادارهکردن	kot
բռնակ	دسته؛ ادارهکردن	brnak
վայելչակազմ	خوبرو؛ جمیل	vayelchakazm
կախել	آویختن؛ دار زدن	kakhel
թափառել	آویختن؛ دار زدن	taparel
Հանովեր	هانوور	Hanover
պատահել	اتفاق افتادن	patahel
վիճակվել	اتفاق افتادن	vichakvel
հաջողությամբ	با خوشحالی	hajoghutyamb
նավահանգիստ	بندرگاه؛ لنگرگاه	navahangist
ավազուտ	سخت	avazut
պնդանում	تصلب	pndanum
հազիվ	به‌سختی؛ تقریباً نه	haziv
հազիվ թե	به‌سختی؛ تقریباً نه	haziv te
կարծրություն	سختی؛ صلابت	kartsrutyun
սարքակազմ	سخت‌افزار	sarkakazm
նապաստակ	خرگوش؛ دراز گوش	napastak
կորուստ	آزار؛ آسیب	korust
անվնաս	بیگزند؛ بی آزار	anvnas
անվնասակար	بیگزند؛ بی آزار	anvnasakar
ներդաշնակ	همساز	nerdashnak
համաչափ	همساز	hamachap
ֆիսհարմոնիա	گارمن	fisharmonia
ներդաշնակ լինել	موافق کردن؛ متناسب بودن	nerdashnak linel
համապատասխան լինել	موافق کردن؛ متناسب بودن	hamapataskhan linel
ներդաշնակություն	هماهنگی	nerdashnakutyun
բարեհնչյունություն	هماهنگی	barehnchyunutyun
լծասարք	دهنه؛ تارکش	ltsasark
զենք ու զրահ	دهنه؛ تارکش	zenk u zrah
տավիղ	بربط	tavigh
տավղահար	چنگزن	tavghahar
տավիղ նվագող	چنگزن	tavigh nvagogh
անդուր	خشن	andur
ծակող	خشن	tsakogh
Հարվարդ	هاروارد	Harvard
հունձ	برداشت	hundz
շտապողականություն	شتاب؛ عجله	shtapoghakanutyun
աճապարանք	شتاب؛ عجله	achaparank
շտապել	شتاباندن	shtapel
շտապ կերպով	باشتاب؛ شتابان	shtap kerpov
արագ կերպով	باشتاب؛ شتابان	arag kerpov
արագ	تند؛ عجول	arag
գդակ	کلاه	gdak
փոքր կացին	تیشه؛ تبرزین	pokr katsin
տապարիկ	تیشه؛ تبرزین	taparik
ատելի	کینه آمیز؛ تنفر آور	ateli
ատելությամբ լի	کینه آمیز؛ تنفر آور	atelutyamb li
մշտական հաճախավայր	تسخیر کردن	mshtakan hachakhavayr
որջ	تسخیر کردن	orj
ունենալ	داشتن؛ داشتن (فعل کمکی)	unenal
ստիպված լինել	مجبور بودن (فعل کمکی)	stipvats linel
պետք է	مجبور بودن (فعل کمکی)	petk e
Հավայի	هاوایی	Havayi
գիշատիչ	جار؛ بابازشکار کردن	gishatich
չոր խոտ	یونجه؛ علف خشک	chor khot
շանս	خطر	shans
մշուշ	مغموم بودن؛ مه کم	mshush
նա	او (مرد)	na
գլխացավ	سردرد	glkhatsav
գլխի զարդարանք	آرایش سر؛ آرایش مو	glkhi zardarank
գլխավայր ցատկ	سرساز؛ درساز	glkhavayr tsatk
վերնագիր	سرصفحه	vernagir
խորագիր	سرصفحه	khoragir
շեշտակի	سربجلو؛ شیرجه رونده	sheshtaki
շտաբ	ستاد مرکزی	shtab
համառ	خودسر؛ مطلق العنان	hamar
կամայական	خودسر؛ مطلق العنان	kamayakan
բուժել	التیام یافتن	buzhel
առողջացնել	التیام یافتن	aroghjatsnel
բժշկություն	بهبود؛ التیام	bzhshkutyun
առողջություն	سلامتی	aroghjutyun
առողջապահական	سلامتی	aroghjapahakan
առողջապահություն	مراقبت‌های بهداشتی	aroghjapahutyun
առողջ	سالم	aroghj
քաջառողջ	سالم	kajaroghj
կույտ	توده؛ خرمن	kuyt
դեզ	توده؛ خرمن	dez
լսել	شنیدن	lsel
իմանալ	شنیدن	imanal
ունկնդիր	شنونده؛ سمیع	unkndir
սիրտ	قلب	sirt
հոգի	قلب	hogi
զգացմունքով լի	قلبی	zgatsmunkov li
սրտանց	از ته دل	srtants
անսիրտ	بی عشق	ansirt
տաքություն	گرما، گرم کردن	takutyun
շոգ	گرما، گرم کردن	shog
ծփանք	غلپیدن	tspank
երկինք	بهشت	erkink
ծանր կերպով	به شدت	tsanr kerpov
ծանրորեն	به شدت	tsanroren
եբրայեցի	یهودی؛ عبری	ebrayetsi
հրեա	یهودی؛ عبری	hrea
հեկտար	هکتار	hektar
խոչընդոտ	چپر؛ خاربست	khochendot
ուշադիր լսել	رعایت؛ توجه کردن	ushadir lsel
կրունկ	پاشنه؛ پاشنه پا	krunk
բարձրություն	ارتفاع	bardzrutyun
ժառանգուհի	وارثه	zharanguhi
Հելենա	هلنا	Helena
ուղղաթիռ	هلیکوپتر	ughghatir
դժոխային	جهنمی	dzhokhayin
ողջու՜յն	سلام	oghjuyn
ղեկավարություն սաղավարտ	سکان؛ اهرم سکان	ghekavarutyun saghavart
սաղավարտ	کلاه ایمنی	saghavart
կափարիչ	کلاه ایمنی	kaparich
օգնող	یاور؛ نصیر	ognogh
օգտակար	مفید	ogtakar
անօգնական	عاجز؛ ناگزیر	anognakan
անօգնական լինելը	ناچاری؛ درماندگی	anognakan linele
եզրաշերտ	لبه؛ کناره دار کردن	ezrashert
կիսագունդ	نیمکره؛ نیم گوی	kisagund
հավ	مرغ؛ مرغ خانگی	hav
այդ տեղից	بنابراین	ayd teghits
այդ ժամանակից ի վեր	بنابراین	ayd zhamanakits i ver
լյարդի	کبدی	lyardi
լյարդային	کبدی	lyardayin
դերանվան օբյեկտային հոլովընրա	او (مفعول)، مال او (وابسته)	deranvan obyektayin holovenra
նրան	او (مفعول)، مال او (وابسته)	nran
մունետիկ	جارچی	munetik
Հերակլես	هرکول	Herakles
երամակ	گله؛ رمه	eramak
այստեղ	اینجا	aystegh
դեպի այս կողմ	اینجا	depi ays koghm
սրանով	بدینوسیله	sranov
սույնով	بدینوسیله	suynov
ավանդական	ارثی؛ مادرزادی	avandakan
հերետիկոսություն	ارتداد؛ الحاد	heretikosutyun
մենակյաց	منزوی؛ کهبد	menakyats
ճողվածք	باد فتق	choghvatsk
դյուցազն	قهرمان	dyutsazn
հերոս	قهرمان	heros
դյուցազնական	حماسی؛ پهلوانانه	dyutsaznakan
հերոսական	حماسی؛ پهلوانانه	herosakan
դյուցազնական կերպով	پهلوانانه	dyutsaznakan kerpov
հերոսուհի	شیرزن	herosuhi
հերոսություն	گردی	herosutyun
նրանք	مال او (زن)	nrank
իրեն	خودش (زن)	iren
ինքն իրեն	خودش (زن)	inkn iren
երկմտել	تامل کردن؛ تردد کردن	erkmtel
վարանել	تامل کردن؛ تردد کردن	varanel
ծրագրի կատարման ժամանակավոր դադարեցումը ԷՀՄ-ի կողմից	تامل؛ درنگ	tsragri katarman zhamanakavor dadaretsume EHM-i koghmits
կացինով կտրել	شقه	katsinov ktrel
տաշել	شقه	tashel
հեյ	هی	hey
բարեւ	هی	barev
ծածուկ	پنهان	tsatsuk
մորթ	پنهان کردن	mort
մաշկ	پنهان کردن	mashk
ստորակարգություն	سلسله مراتب	storakargutyun
հիերարխիա	سلسله مراتب	hierarkhia
գաղափարագիր	هیروگلیف	gaghaparagir
հիերոգլիֆ	هیروگلیف	hieroglif
վեհ	بالا؛ بالا، بلند	veh
բարձր հեղինակություն ունեցող	برجسته	bardzr heghinakutyun unetsogh
հանրահայտ	برجسته	hanrahayt
մայրուղի	بزرگراه	mayrughi
գլխավոր ճանապարհ	بزرگراه	glkhavor chanaparh
բլրակ	گریوه؛ هذلول	blrak
սարալանջ	دامنه کوه؛ سرازیری تپه	saralanj
նրա	او (مفعول)	nra
ետեւի	عقبی؛ موخر	etevi
ետին	عقبی؛ موخر	etin
հոդակապ	لولا؛ منوط بودن	hodakap
գոտկատեղ	باسن	gotkategh
նրանը	مال او (مرد)	nrane
հյուսվածաբանություն	بافت شناسی	hyusvatsabanutyun
պատմաբան	تاریخ‌دان	patmaban
պատմական	تاریخی	patmakan
կարեւոր	تاریخی	karevor
պատմություն	تاریخ	patmutyun
հարվածել	ضربه زدن، ضربه	harvatsel
դիպչել	ضربه زدن، ضربه	dipchel
այս կողմ այստեղ եւ այնտեղ	به اینجا	ays koghm aystegh ev ayntegh
մինչեւ հիմա	تاکنون؛ تابحال	minchev hima
մինչ այժմ	تاکنون؛ تابحال	minch ayzhm
փեթակ	مرکز تجمع	petak
մեղուների պարս	مرکز تجمع	meghuneri pars
ցան	کهیر	tsan
մթերք	احتکار کردن	mterk
սիրած զբաղմունք	سرگرمی	sirats zbaghmunk
հետաքրքրություն	سرگرمی	hetakrkrutyun
հոկեյ	هاکی	hokey
հափշտակում	نگه داشتن	hapshtakum
վարձակալ	حامل؛ دارنده	vardzakal
արձակուրդներ	تعطیلات	ardzakurdner
սուրբ լինելը	تقدس؛ لقب پاپ	surb linele
Հոլանդիա	هلند	Holandia
սուրբ	مقدس؛ مطهر	surb
նվիրական	مقدس؛ مطهر	nvirakan
անտուն	بی‌خانمان	antun
անապաստան	بی‌خانمان	anapastan
տունը իր օժանդակ շինություններով եւ հողամասով	مزرعه رعیتی	tune ir ozhandak shinutyunnerov ev hoghamasov
դեպի տուն	به‌طرف خانه	depi tun
տնային աշխատանք	تکالیف	tnayin ashkhatank
համասեռ	متجانس؛ همجنس	hamaser
միատարր	متجانس؛ همجنس	miatarr
նույնասեռական	کونی؛ همجنسباز	nuynaserakan
ազնիվ	منصف؛ امین	azniv
ուղղամիտ	منصف؛ امین	ughghamit
ազնիվ կերպով	درستکارانه	azniv kerpov
ազնվություն	صداقت	aznvutyun
մեղր	عسل؛ شهد	meghr
քաղցր բան	عسل؛ شهد	kaghtsr ban
մեղրամիս	ماهعسل؛ ماه عسل رفتن	meghramis
մեղրամիս անցկացնել	ماهعسل؛ ماه عسل رفتن	meghramis antskatsnel
պատիվ	افتخار؛ احترام	pativ
սմբակ	سنب؛ باسم زدن	smbak
ձկնորսանավ	جیب بر؛ قلاب انداز	dzknorsanav
գայլուկ	رازک؛ لی لی کردن	gayluk
հուսալ	امید؛ امید، امیدوار بودن	husal
հույսեր ներշնչող	امیدوار	huyser nershnchogh
խոստումնալից մարդ	امیدوار	khostumnalits mard
հույսեր ներշնչող կերպով	امیدوارانه	huyser nershnchogh kerpov
անհույս	نومید؛ ناامید	anhuys
հույսը կորցրած	نومید؛ ناامید	huyse kortsrats
անհույս կերպով	نومیدانه	anhuys kerpov
անհուսություն	نومیدی؛ لاعلاجی	anhusutyun
հորդա	گروه ترکان؛ گروه بیشمار	horda
հորիզոն	افق	horizon
մտահորիզոն	افق	mtahorizon
հորիզոնական	ترازی؛ افقی	horizonakan
եղջյուր	شاخ، بوق	eghjyur
շոշափուկներ	شاخ، بوق	shoshapukner
եղջյուրավոր	شاخدار؛ شاخی	eghjyuravor
եղջյուրե	شهوتی	eghjyure
զարհուրեցնել	بهراس انداختن؛ به بیم انداختن	zarhuretsnel
ահուդող ազդել	بهراس انداختن؛ به بیم انداختن	ahudogh azdel
ձի	اسب	dzi
երիվար	اسب	erivar
հյուրասեր	غریب نواز؛ مهمان نوازانه	hyuraser
հյուրընկալ	غریب نواز؛ مهمان نوازانه	hyurenkal
հիվանդանոց	بیمارستان	hivandanots
հյուրընկալություն	غریب پروری؛ غریب نوازی	hyurenkalutyun
հյուրասիրություն	غریب پروری؛ غریب نوازی	hyurasirutyun
պատանդ	گروگان	patand
հանրակացարան	پانسیون	hanrakatsaran
իջեւան	پانسیون	ijevan
տանտիրուհի	میزبان؛ زن مهماندار	tantiruhi
հյուրանոցի տիրուհի	میزبان؛ زن مهماندار	hyuranotsi tiruhi
պատերազմական դրություն	خصومت	paterazmakan drutyun
տաք	داغ، گرم	tak
հյուրանոց	هتل	hyuranots
տաք կերպով	باگرمی؛ به‌طور گرم	tak kerpov
որսկան շուն	تازی؛ پاپی شدن	orskan shun
սրիկա	تازی؛ پاپی شدن	srika
ժամ	ساعت	zham
տնեցիք	کوچ؛ خاندان	tnetsik
տնային տնտեսություն	خانه داری؛ اداره منزل	tnayin tntesutyun
տանտիկին	کدبانو؛ سوزن دان	tantikin
որքան	چگونه	orkan
ինչքան էլ որ	با این حال	inchkan el or
սակայն	با این حال	sakayn
ոռնոց	زوزه؛ زوزهکشیدن	ornots
տնքոց	زوزه؛ زوزهکشیدن	tnkots
գրկում	بغل کردن؛ در آغوش گرفتن	grkum
կճեպ	تنه کشتی؛ لاشه کشتی	kchep
կլեպ	تنه کشتی؛ لاشه کشتی	klep
բզզոց	زرزر؛ زمزمه کردن	bzzots
տզզոց	زرزر؛ زمزمه کردن	tzzots
մարդկային	انسان، انسانی	mardkayin
բարի	انسانی؛ بامروت	bari
հումանիստ	بشردوستانه	humanist
մարդասիրություն քարոզող	بشردوستانه	mardasirutyun karozogh
մարդկություն	انسانیت	mardkutyun
մարդկային ցեղ	انسانیت	mardkayin tsegh
համեստ	فروتن	hamest
անշուք	فروتن	anshuk
խոնավություն	رطوبت؛ نمداری	khonavutyun
նվաստացնել	تحقیر کردن؛ حقیر کردن	nvastatsnel
նվաստացուցիչ	تحقیر آمیز	nvastatsutsich
ստորացում	تحقیر؛ انفعال	storatsum
համեստություն	افتادگی؛ تواضع	hamestutyun
հնազանդություն	افتادگی؛ تواضع	hnazandutyun
հումոր	لطیفه؛ خلط	humor
երգիծաբան	لطیفهگو؛ فکاهی نویس	ergitsaban
երգիծական	ظریف؛ فکاهی	ergitsakan
հումորիստական	ظریف؛ فکاهی	humoristakan
երգիծական կերպով	بشوخی	ergitsakan kerpov
սապատ	قوز؛ کوهان	sapat
կուզ	قوز؛ کوهان	kuz
սապատավոր՝ կուզիկ մարդ	گوژپشت؛ قوز پشت	sapatavor, kuzik mard
հարյուր	صد	haryur
մի հարյուրյակ	صد	mi haryuryak
հարյուրերորդ մաս	صدم؛ یک صدم	haryurerord mas
հարյուրերորդ	صدم؛ یک صدم	haryurerord
կախաղան հանել	آویخته	kakhaghan hanel
հունգարացի	مجار؛ مجاری	hungaratsi
հունգարերեն	مجار؛ مجاری	hungareren
Հունգարիա	مجارستان؛ هونگاری	Hungaria
տենչ	گرسنگی	tench
քաղցած	گرسنه	kaghtsats
սովահար	گرسنه	sovahar
որս	شکار؛ نخجیر	ors
որսորդություն	شکار؛ نخجیر	orsordutyun
որսորդ	شکارچی؛ صیاد	orsord
որսի շուն կամ ձի	شکارچی؛ صیاد	orsi shun kam dzi
թափով նետել	پرتابه	tapov netel
ուռա	هورا؛ مرحبا	ura
փոթորիկ	توفان؛ تندباد	potorik
մրրիկ	توفان؛ تندباد	mrrik
շտապով	سراسیمه؛ عجولانه	shtapov
ամուսին	شوهر	amusin
լռություն	مخفی نگاهداشتن	lrutyun
լռել	مخفی نگاهداشتن	lrel
հյուղակ	کلبه؛ زاغه	hyughak
հիդրա	مار آبی	hidra
հիդրատ	هیدارت	hidrat
ջրօքսիդ	هیدارت	jroksid
ջրաբաշխական	هیدرولیک	jrabashkhakan
ջրածին	هیدروژن	jratsin
օրհներգ	سرودروحانی؛ سرود خواندن	orhnerg
հիմն	سرودروحانی؛ سرود خواندن	himn
գերզգայուն	خیلی حساس	gerzgayun
մելամաղձություն	مراق	melamaghdzutyun
կեղծավոր	زرق؛ نفاق	keghtsavor
փարիսեցի	زرق؛ نفاق	parisetsi
ենթամաշկային	زیرپوستی؛ تحت الجلدی	entamashkayin
հիպոթեզ	فرضیه	hipotez
ենթադրական	فرضی؛ نهشتی	entadrakan
հիպոթետիկ	فرضی؛ نهشتی	hipotetik
անգլերեն այբուբենի -րդ տառը	من	angleren aybubeni -rd tare
սառույց	یخ	saruyts
պաղպաղակ	یخ	paghpaghak
արձան	نماد	ardzan
սառցե	یخی؛ یخمانند	sartse
սառույցի	یخی؛ یخمانند	saruytsi
նույնականացման համար	شناسنامه	nuynakanatsman hamar
ինքնություն	شناسنامه	inknutyun
միտք	ایده	mitk
իդեալական	ایده‌آل	idealakan
նույնական	یکسان	nuynakan
նույնացում	شناسایی	nuynatsum
նույնությունը հաստատել	شناسایی کردن	nuynutyune hastatel
նույնություն	هویت؛ مشابهت	nuynutyun
նույնականություն	هویت؛ مشابهت	nuynakanutyun
գաղափարախոսական	ایدئولوژیک	gaghaparakhosakan
իդեոլոգիական	ایدئولوژیک	ideologiakan
գաղափարախոսություն	ایدئولوژی	gaghaparakhosutyun
ապուշություն	ابلهی؛ سبک مغزی	apushutyun
յուրահատկություն	طبیعت ویژه؛ خصوصیات اخلاقی	yurahatkutyun
ապուշային	ابلهانه	apushayin
ապուշի	ابلهانه	apushi
պարապություն	تنبلی؛ بیکاری	paraputyun
անգործություն	تنبلی؛ بیکاری	angortsutyun
ծույլ	بیکاره؛ چرخ دلاله	tsuyl
դատարկապորտ մարդ	بیکاره؛ چرخ دلاله	datarkaport mard
պաշտամունքի առարկա	بت؛ صنم	pashtamunki ararka
երկրպագում	بت پرستی	erkrpagum
եթե	اگر	ete
երանի թե	اگر	erani te
ամոթաբեր	ننگ آور	amotaber
անտեղյակություն	نادانی	anteghyakutyun
անիրազեկություն	نادانی	anirazekutyun
անտեղյակ	نادان؛ جاهل	anteghyak
անիրազեկ	نادان؛ جاهل	anirazek
անտեսել	بیاعتنایی کردن؛ ندیده گرفتن	antesel
ընդհատակյա	خلاف؛ حرام	endhatakya
չթույլատրված	خلاف؛ حرام	chtuylatrvats
ապօրինի	نامشروع؛ غیر مشروع	aporini
անօրինական	نامشروع؛ غیر مشروع	anorinakan
Իլինոյս	ایلینوی	Ilinoys
անգրագիտություն	نادانی؛ بیسوادی	angragitutyun
անգրագետ	نادان؛ عامی	angraget
անկիրթ	نادان؛ عامی	ankirt
անտրամաբանական	غیرمعقول؛ بی منطق	antramabanakan
պարզաբանել	روشنکردن؛ درخشانساختن	parzabanel
իլյուզիա	توهم	ilyuzia
պատրանքային	غیر واقعی	patrankayin
պատկերազարդում	تصویرسازی؛ تصویر؛ مثال	patkerazardum
նկարազարդում	تصویرسازی؛ تصویر؛ مثال	nkarazardum
պատկերավորություն	تصاویر ذهنی	patkeravorutyun
պատկերներ	تصاویر ذهنی	patkerner
երեւակայական	انگاری؛ خیالی	erevakayakan
կարծեցյալ	انگاری؛ خیالی	kartsetsyal
մեծ երեւակայության տեր	متخیله؛ متخیل	mets erevakayutyan ter
տկարամիտ	سبک مغز؛ کند ذهن	tkaramit
թուլամիտ	سبک مغز؛ کند ذهن	tulamit
ընդօրինակել	تقلید کردن؛ متاسی شدن	endorinakel
նմանում	ادا؛ تقلید	nmanum
ընդօրինակում	ادا؛ تقلید	endorinakum
մաքուր	خالص	makur
անբիծ	خالص	anbits
չհասած	غیربالغ؛ نارسیده	chhasats
անչափելի	بی اندازه؛ بی قیاس	anchapeli
անհաշիվ	بی اندازه؛ بی قیاس	anhashiv
անհապաղ	فوری؛ عاجل	anhapagh
շտապ	فوری؛ عاجل	shtap
սուզում	غوطهوری	suzum
ընկղմում	غوطهوری	enkghmum
ներգաղթյալ	کوچ نشین	nergaghtyal
վերաբնակիչ	کوچ نشین	verabnakich
ներգաղթ	مهاجرت	nergaght
մոտալուտ լինելը	مشرف بودن	motalut linele
սպառնացող	قریب الوقوع	sparnatsogh
անշարժ	غیر متحرک؛ جنبش ناپذیر	ansharzh
անշարժություն	سکون؛ بی جنبشی	ansharzhutyun
անառակ	بدسیرت؛ بی سیرت	anarak
անմահ	ابدی؛ جاوید	anmah
անթառամ	ابدی؛ جاوید	antaram
անմահություն	جاودانی؛ مرگ ناپذیری	anmahutyun
հավերժականություն	جاودانی؛ مرگ ناپذیری	haverzhakanutyun
հանդարտ	استوار؛ غیر منقول	handart
իմուն	مصون	imun
անընկալուն	مصون	anenkalun
իմունիտետ	ایمنی؛ مصونیت	imunitet
անվարակելիություն	ایمنی؛ مصونیت	anvarakeliutyun
սատանայի ճուտ	مرد جوان	satanayi chut
չարաճճի երեխա	مرد جوان	charachchi erekha
զարկ	تماس؛ اثابت	zark
բաժին հանել	بهرهمند ساختن	bazhin hanel
անկողմնակալ	بی غرض؛ حق گو	ankoghmnakal
անաչառություն	بی نظری	anacharutyun
անկողմնակալություն	بی نظری	ankoghmnakalutyun
անաչառ կերպով	بیطرفانه؛ بیغرضانه	anachar kerpov
անանցանելի	بی گدار؛ نا گذرا	anantsaneli
կրքոտ	بسیار غیور	krkot
կրակոտ	بسیار غیور	krakot
անդորր	پوست کلفت	andorr
անհամբերություն	ناصبور؛ ناصبوری	anhamberutyun
անհանդուրժող	عجول؛ ناصبور	anhandurzhogh
պարսավանք	استیضاح؛ اعلام جرم	parsavank
դրդել	مجبور ساختن؛ بر آن داشتن	drdel
անթափանցելի	سوراخ نشدنی؛ نفوذ ناپذیر	antapantseli
անթափանց	سوراخ نشدنی؛ نفوذ ناپذیر	antapants
հրամայական եղանակ	امری	hramayakan eghanak
հրամայական անհետաձգելի	امری	hramayakan anhetadzgeli
աննկատելի	نفهمیدنی؛ نامحسوس	annkateli
աննշմարելի	نفهمیدنی؛ نامحسوس	annshmareli
այծմորուքվերնահարկ	سلطنتی؛ همایون	aytsmorukvernahark
կայսերական	سلطنتی؛ همایون	kayserakan
իմպերիալիզմ	امپریالیسم؛ استعمار طلبی	imperializm
իմպերիալիստական	استعمار گرای؛ بهره جویانه	imperialistakan
տիրական	اماره	tirakan
հրամայական	اماره	hramayakan
անդեմ	غیرشخصی؛ بی فاعل	andem
անձնավորել	جعل هویت کردن	andznavorel
մարմանվորել	جعل هویت کردن	marmanvorel
շարժիչ ուժ	نیروی جنبش	sharzhich uzh
թափ	نیروی جنبش	tap
անհավատ	بدآئین؛ بی دین	anhavat
տնկում	جایگیری	tnkum
տնկելը	جایگیری	tnkele
խոր տեղավորելտնկված	مرکوز	khor teghavoreltnkvats
ներդրում	پیاده‌سازی	nerdrum
առնչություն	پیامد	arnchutyun
ենթադրելի	ضمنی؛ تلویحی	entadreli
թաքնված	ضمنی؛ تلویحی	taknvats
ենթադրելի կերպով	ضمنا؛ تلویحاً	entadreli kerpov
ներմուծում	ورود؛ بهکشور آوردن	nermutsum
կարեւորություն	اعتبار؛ اهمیت	karevorutyun
նշանակալից	مهم	nshanakalits
վրան դնել	وارد کردن؛ تکلیف کردن	vran dnel
անհնարինություն	کار نشدنی؛ عدم امکان	anhnarinutyun
անկարելիություն	کار نشدنی؛ عدم امکان	ankareliutyun
անհնարին	غیر ممکن	anhnarin
անտանելի	غیر ممکن	antaneli
ինքնակոչ	عیار؛ طرار	inknakoch
անզորություն	عنن؛ ضعف جنسی	anzorutyun
անզոր	عنین؛ اکار	anzor
աղքատության հասցնված	فقیرنشین	aghkatutyan hastsnvats
անիրագործելի	غیر عملی	aniragortseli
անզիջող	غیر عملی	anzijogh
կնիք	تأثیر کردن؛ در ذهن جاگیر کردن	knik
տպավորություն	طبع؛ تأثیر	tpavorutyun
տպավորվող	اثر پذیر؛ دهن بین	tpavorvogh
զգայունակ	اثر پذیر؛ دهن بین	zgayunak
բանտարկել	زندانی کردن	bantarkel
անհավանական	بعید؛ مستبعد	anhavanakan
անճիշտ	ناشایسته؛ ناسره	anchisht
անճշտություն	ناشایستگی؛ زیبندهنبودن	anchshtutyun
բարելավել	بهبود بخشیدن	barelavel
օգտագործել	بهبود بخشیدن	ogtagortsel
լավացում	ترقی؛ بهبودی	lavatsum
հանկարծաստեղծված	بالبداهه؛ فی البدیهه	hankartsasteghtsvats
անզգուշություն	بی تدبیری؛ بی مبالاتی	anzgushutyun
անխոհեմ	بی تدبیر	ankhohem
անշրջահայաց	بی تدبیر	anshrjahayats
ներքին մղում ազդակ դրդիչխթան	محرک آنی	nerkin mghum azdak drdichkhtan
իմպուլս	محرک آنی	impuls
իմպուլսի ազդեցությամբ գործող խթանային	بلهوس	impulsi azdetsutyamb gortsogh khtanayin
ազդակային	بلهوس	azdakayin
անմաքուր	ناپاک؛ ناخالص	anmakur
անմաքրություն	نجاست؛ ناپاکی	anmakrutyun
տառերից առաջ- ներ	در	tarerits araj- ner
ժխտական նախածանց ան	در	zhkhtakan nakhatsants an
անկարողություն	عدم توانایی	ankaroghutyun
անմատչելի	منیع؛ ممنوع الوصول	anmatcheli
անհասանելի	منیع؛ ممنوع الوصول	anhasaneli
ոչ ճիշտ	غیردقیق	och chisht
անգործունեություն	ناکنش؛ بی کاری	angortsuneutyun
անգործունյա	نادایر؛ بی جنبش	angortsunya
անգործ	نادایر؛ بی جنبش	angorts
անտարբերություն	بی جنبشی؛ عدم فعالیت	antarberutyun
անբավարարություն	عدمتکافو؛ نامناسبی	anbavararutyun
անուշադիր	غیر عمدی	anushadir
անուշադիր կերպով	ندانسته	anushadir kerpov
աննպատակահարմար	از مصلحت بدور است	annpatakaharmar
անօտարելի	بیع ناپذیر	anotareli
անկիրառելի	غیر مشمول	ankirareli
անհարմար	نامناسب	anharmar
անհասկանալի	بی بند؛ بی مفصل	anhaskanali
անլսելի	نارسا؛ غیر مسموع	anlseli
անպարզալուր	نارسا؛ غیر مسموع	anparzalur
բացման	افتتاحی؛ گشایشی	batsman
երդմնակալության	افتتاحی؛ گشایشی	erdmnakalutyan
հանդիսավոր բացում	افتتاح	handisavor batsum
հանդիսավոր կերպով պաշտոն ստանձնելը	افتتاح	handisavor kerpov pashton standznele
անհաշվելի	نا شمردنی	anhashveli
անընդունակ	عاجز؛ ناتوان	anendunak
անընդունակ դարձնել	ناتوان ساختن؛ ناقابل ساختن	anendunak dardznel
անպետք դարձընել	ناتوان ساختن؛ ناقابل ساختن	anpetk dardzenel
մարմնացած	متجسم؛ مجسمکردن	marmnatsats
մարմնավորված	متجسم؛ مجسمکردن	marmnavorvats
հրձիգ	آتش زا	hrdzig
հրդեհ գցող	آتش زا	hrdeh gtsogh
խունկ	عود؛ بخور خوشبو	khunk
գիտական աստիճան ստանալը	درجه گیری	gitakan astichan stanale
անդադար	لاینقطع	andadar
դյույմ	اینچ	dyuym
ընդգրկում	وقوع	endgrkum
ընդգրկելը	وقوع	endgrkele
պատահար	اتفاق؛ ماجرا	patahar
երեսանց ճեղքել	شکافتن؛ حجاری کردن	eresants cheghkel
թեթեւ կտրվածք անել	شکافتن؛ حجاری کردن	tetev ktrvatsk anel
կտրիչ ատամներ	ثنایا	ktrich atamner
անքաղաքավարություն	بی تمدنی	ankaghakavarutyun
բովանդակված	شامل	bovandakvats
ներառյալ	شامل	neraryal
նույն թվում	شامل	nuyn tvum
ներառում	شمول	nerarum
ներփակում	شمول	nerpakum
ծպտվածություն	نا شناس؛ بانام مستعار	tsptvatsutyun
ծպտյալ	نا شناس؛ بانام مستعار	tsptyal
եկամուտ	دخل؛ درآمد	ekamut
անհամատեղելիություն	ناسازگاری؛ منافات	anhamategheliutyun
անիրավունակություն	بی کفایتی؛ بی ظرفیتی	aniravunakutyun
անհմուտ	ناشایسته؛ نالایق	anhmut
անըմբռնելի	نامفهوم؛ نفهمیدنی	anembrneli
աներեւակայելի	غیر قابل تصور	anerevakayeli
անհամոզիչ	غیرقاطع	anhamozich
չվճռող	غیرقاطع	chvchrogh
անհամատեղելի անպատեհ	بی تناسب	anhamategheli anpateh
անհետեւողականություն	نا استواری؛ نا سازگاری	anhetevoghakanutyun
անկայունություն	عدمثبات	ankayunutyun
միանալ	تلفیق کردن	mianal
անստույգ	نادرست	anstuyg
անուղղելի	درست نشدنی؛ اصلاح ناپذیر	anughgheli
աճում	افزایش، افزایش دادن	achum
անհավատալի	باورنکردنی	anhavatali
թուխս նստելը	جوجه کشی؛ بر خوابش	tukhs nstele
ճուտ հանելը	جوجه کشی؛ بر خوابش	chut hanele
ճնշող	شاغل؛ مصدر کار	chnshogh
վրան դրված	شاغل؛ مصدر کار	vran drvats
անբուժելի հիվանդ	بیدوا؛ لاعلاج	anbuzheli hivand
անբուժելի	بیدوا؛ لاعلاج	anbuzheli
պարտքերի տակ ընկած	مدیون؛ بدهکار	partkeri tak enkats
պարտքեր ունեցող	مدیون؛ بدهکار	partker unetsogh
անպատշաճ	گستاخ؛ شرمآور	anpatshach
անվայել	گستاخ؛ شرمآور	anvayel
անվճռականություն	بی تکلیفی؛ بی عزمی	anvchrakanutyun
անվճռական	غیرقاطع؛ بی همت	anvchrakan
տատանվող	غیرقاطع؛ بی همت	tatanvogh
իսկապես	واقعاً؛ در حقیقت	iskapes
իրոք	واقعاً؛ در حقیقت	irok
անորոշելի	توصیف نشدنی	anorosheli
անսահմանափակ	غیرمشخص؛ نکره	ansahmanapak
հատուցել	غرامت دادن	hatutsel
ինքնուրույնություն	استقلال	inknuruynutyun
ինքնուրույն	مستقل	inknuruyn
անկախ կերպով	مستقلا؛ بالاستقلال	ankakh kerpov
աննկարագրելի	وصف ناپذیر؛ توصیف ناپذیر	annkaragreli
անխորտակելի	زوال ناپذیر؛ نابود نشدنی	ankhortakeli
անխախտելի	زوال ناپذیر؛ نابود نشدنی	ankhakhteli
ինդեքս	فهرست	indeks
ցուցիչ	فهرست	tsutsich
Հնդկաստան	هند	Hndkastan
հնդկաստանցի	هندی؛ سرخ‌پوست	hndkastantsi
հնդիկ	هندی؛ سرخ‌پوست	hndik
ցույց տալ	حکایت داشتن؛ حاکی بودن	tsuyts tal
նշում	نشانه	nshum
ինդիկատոր	شاخص	indikator
մեղադրական ակտ	کیفرخواست	meghadrakan akt
չեզոքություն անկարեւորություն	خونسردی؛ بی علاقگی	chezokutyun ankarevorutyun
տեղական	بومی	teghakan
բնիկ	بومی	bnik
մարսողության խանգարում	رودل؛ بدهزمی	marsoghutyan khangarum
անմարսություն	رودل؛ بدهزمی	anmarsutyun
վրդովված	خشمگینانه	vrdovvats
անուղղակի	غیرمستقیم؛ ناراسته	anughghaki
շեղ	غیرمستقیم؛ ناراسته	shegh
անուղղակի կերպով	غائبانه؛ به طور غیر مستقیم	anughghaki kerpov
անհրաժեշտ	حتمی؛ صرفنظر نکردنی	anhrazhesht
անպարզ	ناشمرده؛ ناشنوا	anparz
անհատ	فرد، فردی	anhat
անձ	فرد، فردی	andz
անհատականություն	فردیت؛ وجود فردی	anhatakanutyun
անհատ կերպով	به‌طور انفرادی	anhat kerpov
ալարկոտ	کاهل	alarkot
ներսի	زیر سقف	nersi
սենյակի	زیر سقف	senyaki
ներսըշենքիտան մեջ տանից դուրս չգալ	در منزل	nerseshenkitan mej tanits durs chgal
ներածություն	القاء؛ استقراء	neratsutyun
պաշտոնի նշանակելըինդուկցիա	القاء؛ استقراء	pashtoni nshanakeleinduktsia
տարվել	افراط کردن	tarvel
հանդուրժողություն	اغماض؛ مساهله	handurzhoghutyun
ներողամիտ	زیاده رو	neroghamit
արդյունաբերող	صنعتی؛ اهل صنعت	ardyunaberogh
արտադրական	صنعتی؛ اهل صنعت	artadrakan
արդյունաբերություն	صنعت	ardyunaberutyun
անհետեւանք	بی اثر؛ بی نتیجه	anhetevank
ոչ պիտանի	شامل نشدنی	och pitani
անհարթություն	نابرابری	anhartutyun
անարդար	غیر منصفانه	anardar
անարդարամիտ	غیر منصفانه	anardaramit
իներտ	نا کار	inert
անխուսափելի	اجتناب‌ناپذیر	ankhusapeli
անխուսափելիորեն	ناگزیر	ankhusapelioren
անսպառ	تهی نشدنی	anspar
անսպառելի	تهی نشدنی	anspareli
անփորձություն	بی تجربگی	anpordzutyun
անփորձ	ناشی؛ نپخته	anpordz
փորձ չունեցող	ناشی؛ نپخته	pordz chunetsogh
խճճված	نگشودنی	khchchvats
անպատիվ	بدنام	anpativ
խայտառակություն	سابقهبد؛ بدنامی	khaytarakutyun
անպատվություն ստորություն	سابقهبد؛ بدنامی	anpatvutyun storutyun
անչափահասություն	طفولیت؛ صغارت	anchapahasutyun
մանուկ	نوزاد	manuk
հետեւազոր	پیاده؛ پیاده نظام	hetevazor
հետեւակ	پیاده؛ پیاده نظام	hetevak
վարակել	آلوده کردن	varakel
տարափոխիկ	عفونی؛ فاسد کننده	tarapokhik
եզրակացություն	استنباط	ezrakatsutyun
ստորին	اسفل؛ فرومایه	storin
ստորադասություն	پستی؛ مادونی	storadasutyun
ցածր որակ	پستی؛ مادونی	tsatsr orak
անվերջ փոքր մեծություն	بینهایت کوچک	anverj pokr metsutyun
անվերջ փոքր	بینهایت کوچک	anverj pokr
անվերջություն	نامحدودی	anverjutyun
անհունություն անսահմանություն	نامحدودی	anhunutyun ansahmanutyun
զառամություն	علیلی؛ نا توانی	zaramutyun
բոցավառել	مشتعل؛ ملتهب	botsavarel
դյուրավառ	آتشگیر؛ شعله ور	dyuravar
դյուրագրգիռ	آتشگیر؛ شعله ور	dyuragrgir
բոցավառում	آماس؛ ورم	botsavarum
բորբոքում	آماس؛ ورم	borbokum
գրգռող	ورمی؛ آماسی	grgrogh
գրգռիչ	ورمی؛ آماسی	grgrich
փքված	هوادار؛ بادآورده	pkvats
ուռած	هوادار؛ بادآورده	urats
փքում	تورم	pkum
օդովգազով լցնելը	تورم	odovgazov ltsnele
պատճառել ենթարկել	تحمیل کردن	patcharel entarkel
թափվելը	جریان بداخل	tapvele
ներհոսելը	جریان بداخل	nerhosele
ներգործությունազդեցություն	تأثیر؛ نفوذ	nergortsutyunazdetsutyun
ազդեցիկ	بانفوذ	azdetsik
տեղեկություն	اطلاعات	teghekutyun
տեղեկացնել	آگاهانیدن؛ آگاه کردن	teghekatsnel
ոչ պաշտոնական	غیر رسمی	och pashtonakan
ոչ ձեւական	غیر رسمی	och dzevakan
ոչ պաշտոնական կերպով	به‌طور غیر رسمی	och pashtonakan kerpov
տեղեկություններ հավաքող	آگاهگر؛ شکل دهنده	teghekutyunner havakogh
մատնիչ	نمام؛ سخنچین	matnich
ենթակառուցվածք	زیرساخت	entakarutsvatsk
հնարագետ	نکته دان؛ نکته پرداز	hnaraget
հնարագիտություն	دهاء	hnaragitutyun
սրամտություն	دهاء	sramtutyun
կուլ տալ	درهیختن؛ داخل معده کردن	kul tal
կլանել	درهیختن؛ داخل معده کردن	klanel
կուլ տալը	درهنج؛ فرو بری	kul tale
մեկին հաճոյանալ	خود شیرینی کردن	mekin hachoyanal
բաղադրամաս	جزء؛ جزء ترکیبی	baghadramas
բնակվել	مسکون کردن؛ مسکن گزیدن	bnakvel
ներշնչելը	استنشاق؛ شهیق	nershnchele
ներշնչում	استنشاق؛ شهیق	nershnchum
ներշնչել	استنشاق کردن؛ استشمام کردن	nershnchel
ներս շնչել	استنشاق کردن؛ استشمام کردن	ners shnchel
հատուկ	ذاتی	hatuk
անկապտելի	ذاتی	ankapteli
հատուկ կերպով	ذاتاً؛ به‌طور ذاتی	hatuk kerpov
ժառանգել	به ارث بردن	zharangel
ժառանգականություն	ارث؛ میراث	zharangakanutyun
արգելակել	مهار کردن	argelakel
անմարդկային	نامردم؛ غیر انسانی	anmardkayin
անգթություն	نامردمی؛ غیرانسانی بودن	angtutyun
անողորմություն	نامردمی؛ غیرانسانی بودن	anoghormutyun
անբարյացակամ անբարենպաստ	دشمنانه	anbaryatsakam anbarenpast
սկզբնատառեր	ابتدایی؛ آغازی	skzbnatarer
սկզբնատառեր կերպով	ابتدا	skzbnatarer kerpov
հաղորդակից	آغاز کردن	haghordakits
նախաձեռնություն	ابتکار؛ ابداع	nakhadzernutyun
ձեռներեցություն	ابتکار؛ ابداع	dzerneretsutyun
սրսկել	تزریق کردن	srskel
ներարկել	تزریق کردن	nerarkel
ներարկում	تزریق	nerarkum
վնասել	ناقص کردن؛ مجروح کردن	vnasel
անարդարություն	بی‌عدالتی	anardarutyun
թանաք	جوهر	tanak
տպագրական ներկ	جوهر	tpagrakan nerk
երկրի ներքին շրջաններըխորքը	درون کشور؛ درون مرزی	erkri nerkin shrjannerekhorke
կենվոր	زندانی	kenvor
պանդոկ	رباط؛ سرای	pandok
ներքին օրգաններ	قسمتهای داخلی	nerkin organner
ներքին	داخله؛ باطنی	nerkin
ամենաներքին	داخلی ترین	amenanerkin
հյուրանոցի տեր	صاحب مسافرخانه	hyuranotsi ter
պանդոկապետ	صاحب مسافرخانه	pandokapet
անմեղություն	برائت؛ معصومیت	anmeghutyun
պարզամտություն միամտություն	برائت؛ معصومیت	parzamtutyun miamtutyun
անմեղ մանուկ	منزه؛ روسفید	anmegh manuk
նորամուծություն	نوآوری	noramutsutyun
նորարարություն	نوآوری	norararutyun
նորարարական	نوآورانه	norararakan
անթիվ	غیرقابل شمارش	antiv
անվիրահատելի	غیردایر؛ عملناپذیر	anvirahateli
անգործունակ	غیردایر؛ عملناپذیر	angortsunak
չգործող	غیردایر؛ نادایر	chgortsogh
տարադեպ	نابجا؛ نابهنگام	taradep
անժամանակ	نابجا؛ نابهنگام	anzhamanak
իմանում	استخبار	imanum
հարց ու փորձ	سراغ؛ جستار	harts u pordz
հարցաքննություն հետաքննություն	سراغ؛ جستار	hartsaknnutyun hetaknnutyun
հարցասեր	کنجکاو	hartsaser
հետաքրքրասեր	کنجکاو	hetakrkraser
հոգեկան հիվանդ	روانی؛ دیوانه	hogekan hivand
խելագարություն	جنون؛ دیوانگی	khelagarutyun
խելացնորություն	جنون؛ دیوانگی	khelatsnorutyun
ներգրել	محاط کردن؛ حکاکی کردن	nergrel
դրոշմել	محاط کردن؛ حکاکی کردن	droshmel
մակագրություն	ثبت؛ کتابت	makagrutyun
ոչնչություն	حشره	ochnchutyun
անապահով	غیرمحفوظ؛ ناامن	anapahov
անվստահելիություն	تزلزل	anvstaheliutyun
անապահովություն	تزلزل	anapahovutyun
անբաժան	لاینفک	anbazhan
անբաժանելի	لاینفک	anbazhaneli
ներդիր	وارد کردن	nerdir
մտցնել	وارد کردن	mttsnel
ներսի կողմը	داخل، درون	nersi koghme
աստառ	داخل، درون	astar
տանու մարդ	خودی	tanu mard
ոչ կողմնակի մարդ	خودی	och koghmnaki mard
ինտուիցիա	فراست؛ بصیرت	intuitsia
ներըմբռնում	فراست؛ بصیرت	nerembrnum
պատվանշաններ	آرم؛ نشان رسمی	patvanshanner
շքանշաններ	آرم؛ نشان رسمی	shkanshanner
անկարեւորություն	ناقابلی؛ ناچیزی	ankarevorutyun
անբովանդակություն	ناقابلی؛ ناچیزی	anbovandakutyun
աննշան	ناچیز؛ خفیف	annshan
չնչին	ناچیز؛ خفیف	chnchin
սերմանում	ریشخند کننده	sermanum
համառորեն պահանջել	ابرام کردن؛ سماجت کردن	hamaroren pahanjel
հաստատակամություն	ابرام؛ سماجت	hastatakamutyun
համառությունպնդում	ابرام؛ سماجت	hamarutyunpndum
բարձրամտություն	جسارت؛ وقاحت	bardzramtutyun
գոռոզություն ամբարտավանություն	جسارت؛ وقاحت	gorozutyun ambartavanutyun
անլուծելի	غیر محلول	anlutseli
անվճռելի	غیر محلول	anvchreli
անքնություն	بیخوابی؛ بدخوابی	anknutyun
քննել	بازرسی کردن	knnel
զննություն	بازرسی	znnutyun
տեսուչ	بازرس	tesuch
հսկիչ	بازرس	hskich
ոգեշնչում	الهام	ogeshnchum
առանձին դեպք	وهله	arandzin depk
ակնթարթ	فوری	akntart
վայրկյան	فوری	vayrkyan
իսկույն	فوراً	iskuyn
փոխարեն	به جای	pokharen
սադրանք	تحریک	sadrank
բնազդ	غریزه	bnazd
հոտառություն	غریزه	hotarutyun
բնազդական	غریزی	bnazdakan
բնազդային	غریزی	bnazdayin
հաստատություն	بنداد؛ انستیتو	hastatutyun
ինստիտուցիոնալ	نهادی	institutsional
հաստատության	نهادی	hastatutyan
հրահանգել	دستور دادن	hrahangel
ուսուցում	دستورالعمل	usutsum
հրահանգավորում	دستورالعمل	hrahangavorum
հրահանգչական	یاد دهنده	hrahangchakan
ուսանելի	یاد دهنده	usaneli
հրահանգիչ	مربی	hrahangich
ուսուցիչ	مربی	usutsich
գործիքային	موثر	gortsikayin
գործիքների միջոցով կատարված	موثر	gortsikneri mijotsov katarvats
չհնազանդվելը չենթարկվելը	نافرمانی؛ سر پیچی	chhnazandvele chentarkvele
բավականաչափ չլինելը	نارسائی؛ نابسندگی	bavakanachap chlinele
անբավականաչափ	ناکافی	anbavakanachap
կղզիաբնակ	جزیرهای؛ غیر آزاد	kghziabnak
կղզու	جزیرهای؛ غیر آزاد	kghzu
մեկուսացնող	عایق	mekusatsnogh
մեկուսիչ	عایق	mekusich
անարգանք	توهین	anargank
ապահովագրում	بیمه	apahovagrum
ապահովագրել	بیمه کردن؛ بیمه بدست آوردن	apahovagrel
ապստամբություն	یاغی گری	apstambutyun
անեղծ	دست نخورده	aneghts
անձեռնմխելի	دست نخورده	andzernmkheli
ներթողում	مصرف	nertoghum
ներս թողնող	مصرف	ners toghnogh
անշոշափելի	لمس ناپذیر؛ درک نکردنی	anshoshapeli
ինտեգրալ	جدایی ناپذیر	integral
ամբողջություն կազմել	یکپارچه کردن	amboghjutyun kazmel
միացնել ինտեգրել	یکپارچه کردن	miatsnel integrel
ամբողջություն կազմված	یکپارچه	amboghjutyun kazmvats
ինտեգրում	یکپارچگی	integrum
լրիվություն	صداقت، یکپارچگی	lrivutyun
ամբողջություն	صداقت، یکپارچگی	amboghjutyun
մտավոր աշխատանք կատարող մարդ մտավորական	روشنفکر؛ فکری	mtavor ashkhatank katarogh mard mtavorakan
մտավոր	روشنفکر؛ فکری	mtavor
մտավոր կարողություն	هوش؛ آگاهی	mtavor karoghutyun
խելացի	باهوش	khelatsi
դյուրըմբռնելի	مفهوم؛ قابل فهم	dyurembrneli
մտադրվել	بسیجیدن؛ قصد کردن	mtadrvel
ծրագրել	بسیجیدن؛ قصد کردن	tsragrel
ինտենսիվ	شدید	intensiv
լարված	شدید	larvats
ինտենսիվացնել	تشدید کردن	intensivatsnel
ուժեղացնել	تشدید کردن	uzheghatsnel
դիտավորություն	قصد	ditavorutyun
դիտավորյալ	عمدی؛ تعمدی	ditavoryal
կանխամտածված	عمدی؛ تعمدی	kankhamtatsvats
միջ	مدفون ساختن	mij
ընդմիջում	تعامل داشتن	endmijum
միջախաղ	تعامل داشتن	mijakhagh
փոխազդեցություն	تعامل	pokhazdetsutyun
ղեկավարող ազդանշանների	تعامل	ghekavarogh azdanshanneri
միջնորդել	شفاعت کردن؛ پادر میانی کردن	mijnordel
բարեխոսել	شفاعت کردن؛ پادر میانی کردن	barekhosel
միջբջջային	بین یاختهای؛ داخل سلولی	mijbjjayin
փոխանակում	متناوب ساختن؛ جا بجا	pokhanakum
միջընթաց	مداخله کننده	mijentats
շահագրգռված	علاقه‌مند	shahagrgrvats
հետաքրքրված	علاقه‌مند	hetakrkrvats
հաշվողական միջոցները	رابط	hashvoghakan mijotsnere
ծրագրերը միակցող սարքերի	رابط	tsragrere miaktsogh sarkeri
խառնվել	دخالت کردن	kharnvel
միջամտություն	دخالت	mijamtutyun
ժամանակամիջոց	موقت	zhamanakamijots
ժամանակավոր	موقت	zhamanakavor
ներսի մասը	داخلی	nersi mase
ներքինը	داخلی	nerkine
զրուցակից	هم سخن؛ طرف صحبت	zrutsakits
խոսակից	هم سخن؛ طرف صحبت	khosakits
միջնորդական	مداخله کننده؛ وساطت کننده	mijnordakan
միջանկյալ	متوسط	mijankyal
միջնորդ լինել	متوسط	mijnord linel
միջազգային	بین‌المللی	mijazgayin
համացանց	اینترنت	hamatsants
ծրագրավլեզվով ներկայացված հրահանգի թարգմանումը եւ կատարումը	تفسیر	tsragravlezvov nerkayatsvats hrahangi targmanume ev katarume
մեկնիչ	مترجم؛ حلاج	meknich
ընդհատում	وقفه؛ ایجاد وقفه	endhatum
խաչաձեւել	تقاطع کردن؛ از هم گذشتن	khachadzevel
տրամախաչել	تقاطع کردن؛ از هم گذشتن	tramakhachel
միջնահանգային	بین ایالتی	mijnahangayin
միջամտել	مداخله کردن	mijamtel
աղիքային	رودهای	aghikayin
աղիքներ	روده؛ معاء	aghikner
մտերմական հարաբերություն	صمیمیت؛ محرمیت	mtermakan haraberutyun
մտերիմ ընկեր	صمیمی	mterim enker
մտերիմ ընկեր կերպով	صمیمانه	mterim enker kerpov
վախեցնելը	ارعاب؛ ترهیب	vakhetsnele
ահաբեկելը	ارعاب؛ ترهیب	ahabekele
ներս	به داخل	ners
անհանդուրժելի	تحمل ناپذیر؛ طاقت فرسا	anhandurzheli
ինտոնացիա	تکیه صدا	intonatsia
հնչերանգ	تکیه صدا	hncherang
արբեցած	سرمست؛ بدمست	arbetsats
հարբեցնում	سکرآور	harbetsnum
արբեցում	مستی؛ نشئه	arbetsum
հրճվանք	مستی؛ نشئه	hrchvank
անհնազանդ	ستیزه جو	anhnazand
դժվարակիրթ	ستیزه جو	dzhvarakirt
անվեհեր	صارم	anveher
ինտրիգ	دوز و کلک زدن؛ دوز و کلک چیدن	intrig
բանսարկություն	دوز و کلک زدن؛ دوز و کلک چیدن	bansarkutyun
ներս տանել	معرفی کردن	ners tanel
մտցնելը	مقدمه	mttsnele
ներս տանելը	مقدمه	ners tanele
ինքնավերլուծություն կատարել	بخود آمدن؛ بخود برگشتن	inknaverlutsutyun katarel
ներխուժել	پادرازی کردن؛ فضولانه آمدن	nerkhuzhel
վզին փաթաթել	پادرازی کردن؛ فضولانه آمدن	vzin patatel
զավթիչ	مو؛ فضول	zavtich
ներխուժում	دخالت؛ پادرازی	nerkhuzhum
ուրիշի իրավունքներին բռնի տիրանալը	دخالت؛ پادرازی	urishi iravunknerin brni tiranale
զավթել	حمله کردن	zavtel
հիվանդ մարդ	علیل؛ نامعتبر	hivand mard
անգնահատելի	پر بها؛ غیرقابل تخمین	angnahateli
անփոփոխելի	نامغیر؛ نامتغیر	anpopokheli
արշավանք	حمله	arshavank
հորինած բան	اختراع	horinats ban
գյուտարար	موجد؛ جاعل	gyutarar
հնարագետ մարդ	موجد؛ جاعل	hnaraget mard
շրջված	معکوس؛ وارون	shrjvats
շրջում	برگشتگی؛ تقلیب	shrjum
շրջվածություն	برگشتگی؛ تقلیب	shrjvatsutyun
ծածկել	سرمایه گذاری کردن	tsatskel
հետաքննում	تحقیق؛ رسیدگی	hetaknnum
ուսումնասիրող	بازپرس	usumnasirogh
ավանդատու	سرمایه گذار	avandatu
արմատացած	سر سخت؛ ریشه کرده	armatatsats
հնացած	سر سخت؛ ریشه کرده	hnatsats
անհաղթելիություն	شکست ناپذیری	anhaghteliutyun
անպարտելիություն	شکست ناپذیری	anparteliutyun
անհաղթ	شکست ناپذیر؛ مغلوب نشدنی	anhaght
անհաղթելի	شکست ناپذیر؛ مغلوب نشدنی	anhaghteli
անխախտ	غصب نشدنی	ankhakht
անտեսանելի	نامرئی	antesaneli
կոչ անել	احضار کردن	koch anel
կանչել	احضار کردن	kanchel
պատել	درگیر کردن	patel
անխոցելի	زخم ناپذیر؛ آسیب ناپذیر	ankhotseli
իոն	یون؛ ایون	ion
յոտա	ایوتا	yota
չնչին մեծություն	ایوتا	chnchin metsutyun
Այովա	آیوا	Ayova
Իռլանդիա	ایرلند	Irlandia
իռլանդերեն	ایرلندی	irlanderen
իռլանդական	ایرلندی	irlandakan
հոգնեցնող	کسل کننده	hognetsnogh
տաղտկալի	کسل کننده	taghtkali
երկաթ	آهن؛ اتو	erkat
երկաթյա	آهن؛ اتو	erkatya
հեգնական	کنایه‌آمیز	hegnakan
հեգնանքով	کنایه‌آمیزانه	hegnankov
իռացիոնալ թիվ	بی منطق؛ غیر منطقی	iratsional tiv
ոչ բնական	بی منطق؛ غیر منطقی	och bnakan
անհաշտ	جور نشدنی؛ اصلاح ناپذیر	anhasht
անհաշտելի	جور نشدنی؛ اصلاح ناپذیر	anhashteli
անհավասարությւնանհարթություն	یبوست؛ بی حسابی	anhavasarutyvnanhartutyun
գործին չվերաբերող	نامربوط	gortsin chveraberogh
անտեղի	نامربوط	anteghi
անհատուցելի	بی کفاره؛ خوب نشدنی	anhatutseli
անզսպելի	منع ناپذیر؛ مطیع نشدنی	anzspeli
անսանձելի	منع ناپذیر؛ مطیع نشدنی	ansandzeli
անպատասխանատու	وظیفهنشناس	anpataskhanatu
անդառնալի	بلا عزل	andarnali
անվերադարձ	بلا عزل	anveradardz
ոռոգել	مشروب کردن؛ سیراب کردن	orogel
ջրել	مشروب کردن؛ سیراب کردن	jrel
ոռոգված	مشروب	orogvats
ոռոգում	آبیاری	orogum
լվացում	آبیاری	lvatsum
դյուրագրգռություն	زودخشمی؛ زود رنجی	dyuragrgrutyun
դյուրաբորբոք	زودخشم	dyuraborbok
գրգռիչ միջոց	آزارنده؛ سوزش آور	grgrich mijots
ջղայնացնել	رنجاندن؛ آزردن	jghaynatsnel
կղզի	جزیره	kghzi
կղզիական	جزیره	kghziakan
մեկուսացնել	منزوی کردن	mekusatsnel
մեկուսացնված	منزوی	mekusatsnvats
մեկուսացում	انزوا	mekusatsum
առանձնացում	انزوا	arandznatsum
թողարկում	صدور	togharkum
տրամադրում	صدور	tramadrum
արտահոսելը	شماره؛ موضوع	artahosele
բխելը	شماره؛ موضوع	bkhele
սա	آن	sa
իտալացի	ایتالیائی	italatsi
իտալուհի	ایتالیائی	italuhi
Իտալիա	ایتالیا	Italia
քոր	خارش؛ خنش	kor
մարմաջ	خارش؛ خنش	marmaj
յուրաքանչյուր առարկան	مورد، قلم	yurakanchyur ararkan
ինքը	خودش	inke
փղոսկր	عاجی؛ عاج	pghoskr
բաղեղ	پیچک	baghegh
ժակետ	ژاکت	zhaket
ատամնավոր	مضرس؛ دندانهدار	atamnavor
քառթավոր	مضرس؛ دندانهدار	kartavor
ջեմ	مربا، ترافیک	jem
հունվար	ژانویه	hunvar
հունվարի	ژانویه	hunvari
սեւ լաք	ژاپن	sev lak
ճապոնական լաքած իր	ژاپن	chaponakan lakats ir
ճապոնացի	ژاپنی	chaponatsi
ճապոնուհի	ژاپنی	chaponuhi
լակնաբերան սափոր	کوزه؛ سبو	laknaberan sapor
բանկա	کوزه؛ سبو	banka
ծնոտ	فک؛ آرواره	tsnot
բերան	فک؛ آرواره	beran
ջազ	جاز	jaz
խանդոտ	حسود؛ حسودانه	khandot
խանդոտություն	رشک؛ حسادت	khandotutyun
ջինս	شلوار جین	jins
ժելե	ژلاتین؛ لرزانک	zhele
դոնդող	ژلاتین؛ لرزانک	dondogh
հրոց	زود کشیدن؛ تکان سریع دادن	hrots
ջերսի	پارچه کشباف	jersi
գործած բլուզժակետ	پارچه کشباف	gortsats bluzzhaket
Երուսաղեմ	اورشلیم؛ اورشلیم مقدس	Yerusaghem
կատակ	شوخی کردن؛ ببازی گرفتن	katak
ծաղր ու ծանակի առարկա	شوخی کردن؛ ببازی گرفتن	tsaghr u tsanaki ararka
ճիզվիտ	یسوعیون	chizvit
երկերեսանի	یسوعیون	erkeresani
սեւ սաթ	جت	sev sat
թանկարժեք քար	گوهر؛ جواهر	tankarzhek kar
թանկարժեք իրզարդակնեղեն	جواهرات	tankarzhek irzardakneghen
ոսկեղեն	جواهرات	oskeghen
հրեական	یهودی؛ جهود	hreakan
զնգզնգոց	جرنگ؛ جلنگ	zngzngots
համահնչունություն	جرنگ؛ جلنگ	hamahnchunutyun
ձիավարժ	سوارکار؛ چابک سوار	dziavarzh
ժոկեյ	سوارکار؛ چابک سوار	zhokey
կատակային	شوخی آمیز	katakayin
միացման կետ	مشترک	miatsman ket
հոդ	مشترک	hod
միասին	تواماً؛ مشاعا	miasin
միատեղ	تواماً؛ مشاعا	miategh
Ջոնս	جونز	Jons
ժուռնալ	مجله؛ جورنال	zhurnal
ժուռնալիստի մասնագիտությունը	روزنامه نگاری	zhurnalisti masnagitutyune
լրագրող	روزنامه‌نگار	lragrogh
ժուռնալիստ	روزنامه‌نگار	zhurnalist
ծնոտի կախված մաս	کله ماهی	tsnoti kakhvats mas
դատավոր	قاضی؛ داور	datavor
պատիժ	داوری؛ دادرسی	patizh
դատարանի որոշմամբ կատարված	قضایی	datarani oroshmamb katarvats
դատական	قضایی	datakan
դատավորներ	وابسته بدادگاه؛ قوه قضائیه	datavorner
դատավորական կորպորացիա	وابسته بدادگاه؛ قوه قضائیه	datavorakan korporatsia
խելամիտ	روشن رای	khelamit
կուժ	غلغلک؛ بستو	kuzh
սափոր	غلغلک؛ بستو	sapor
էլեկտրական հոսանք	آبمیوه	elektrakan hosank
հուլիս	جولای	hulis
հուլիսի	جولای	hulisi
խառնակույտ	درهم آمیختگی	kharnakuyt
ցատկ	پریدن، پرش	tsatk
ցատկող	جهنده؛ سیم جهشی	tsatkogh
թռչկոտան	جهنده؛ سیم جهشی	trchkotan
կցվանքատեղ	تقاطع	ktsvankategh
հոդավորում	ملتقا؛ درزگاه	hodavorum
հունիս	ژوئن	hunis
հունիսի	ژوئن	hunisi
ջունգլի	جنگل	jungli
մացառոտ	جنگل	matsarot
կրտսեր	اصغر	krtser
ցածր	اصغر	tsatsr
գիհ	اردج	gih
արդարադատություն	حوزه قضایی	ardaradatutyun
իրավասություն	حوزه قضایی	iravasutyun
իրավաբանություն	فقه	iravabanutyun
իրավագիտություն	فقه	iravagitutyun
երդվյալ ատենակալներ	هیئت منصفه	erdvyal atenakalner
ժյուրի	هیئت منصفه	zhyuri
արդար	عادلانه، فقط؛ فقط، همین الان	ardar
ճշմարիտ	عادلانه، فقط؛ فقط، همین الان	chshmarit
արդարություն	داد؛ عدل	ardarutyun
արդարացելի	توجیه پذیر	ardaratseli
արդարացնելը	توجیه	ardaratsnele
արդար կերպով	الحق؛ انصافاً	ardar kerpov
կայզեր	کایزر	kayzer
Կանզաս	کانزاس	Kanzas
Քաշմիր	کشمیر	Kashmir
հատու	تیز	hatu
գլխավոր աշտարակ	نگه داشتن	glkhavor ashtarak
պահակ	حافظ؛ حافظه	pahak
Կենտուկի	کنتاکی	Kentuki
մետաղե թեյաման	کتری	metaghe teyaman
տող առ տող	کلید، اصلی	togh ar togh
ստեղնաշար	جا انگشتی؛ سفحه کلید	steghnashar
փոխարկիչ	جا انگشتی؛ سفحه کلید	pokharkich
բանալու անցք	سوراخ کلید	banalu antsk
փականածակ	سوراخ کلید	pakanatsak
խան	خان	khan
քացի	لگد؛ باپازدن	katsi
աքացի	لگد؛ باپازدن	akatsi
ուլիկ	بچه	ulik
բալիկ	بچه	balik
հափշտակել	ربودن	hapshtakel
երիկամ	کلیه	erikam
սպանել	کشتن	spanel
կործանել	کشتن	kortsanel
կիլոմետր	کیلومتر	kilometr
վառել	افروختن؛ گیراندن	varel
բորբոքել	افروختن؛ گیراندن	borbokel
կինետիկ	جنبشی؛ وابسته بحرکت	kinetik
շարժական	جنبشی؛ وابسته بحرکت	sharzhakan
թագավոր	پادشاه	tagavor
արքա	پادشاه	arka
թագավորություն	پادشاهی	tagavorutyun
վեհապանծ	خسروانه؛ ملوکانه	vehapants
ազգակցություն	خویشاوندی؛ قوم وخویشی	azgaktsutyun
համբույր	ماچ؛ بوسه	hambuyr
համբուրել	ماچ؛ بوسه	hamburel
իրերի տոպրակ	کیت	ireri toprak
խոհանոց	آشپزخانه	khohanots
ուրուր	زغن؛ خوا	urur
կատվի ձագ	بچهگربه	katvi dzag
ցնկնել	بچهگربه	tsnknel
փիսո	بچهگربه	piso
փիսիկ	بچهگربه	pisik
հմտություն	لم؛ صدای شلاق	hmtutyun
իրերի պարկ	پشتواره؛ توشه دان	ireri park
հուղարկավորության զանգահարություն	صدایی زنگ	hugharkavorutyan zangaharutyun
սգաղողանջ	صدایی زنگ	sgaghoghanj
դանակ	چاقو	danak
հերձակ	چاقو	herdzak
ասպետ	شوالیه؛ نجیب زاده	aspet
հյուսել	بافتن؛ کشبافی کردن	hyusel
ելունդ	دستگیره	elund
թմբիկ	نوک تپه	tmbik
հանգույց	گره؛ عقده	hanguyts
հանգուցավոր	پرگره؛ گره گیر	hangutsavor
ոստաշատ	پرگره؛ گره گیر	ostashat
գիտելիք	دانش	gitelik
գիտենալը	دانش	gitenale
մատի հոդ	قرحه روده	mati hod
զինգ	قرحه روده	zing
Կրեմլ	کرملین	Kreml
լաբորատորիա	آزمایشگاه	laboratoria
պիտակավորել	برچسب؛ برچسب زدن	pitakavorel
դժվարին	کارکن	dzhvarin
լաբիրինթ	لابیرنت	labirint
երիզաթել	بند؛ توری	erizatel
ժանյակ	بند؛ توری	zhanyak
պատռվածք	جرح	patrvatsk
լակտատ	شیر مکیدن	laktat
կաթնաթթվի աղ	شیر مکیدن	katnattvi agh
կրծքով կերակրելը	ارضاع؛ ایجاد شیر	krtskov kerakrele
կաթնաթորում	ارضاع؛ ایجاد شیر	katnatorum
կաթնաթթվային	شیری؛ شبیه شیر	katnattvayin
սանդուղք	نردبان	sandughk
պարանասանդուղք	نردبان	paranasandughk
բեռնված	سنگین بار؛ بارگیری شده	bernvats
տիրուհի	خانم	tiruhi
ուշացում	عقب مانده	ushatsum
ետ մնալը	عقب مانده	et mnale
բույն	لانه؛ کنام	buyn
լիճ	دریاچه	lich
գառ	بره؛ گوشت بره	gar
հնազանդորեն	بره؛ گوشت بره	hnazandoren
կաղ	شل؛ لنگ	kagh
հառաչանք	زاریدن؛ نوحه کردن	harachank
թիթեղ	لایه نازک؛ شاخه پرده ای	titegh
թերթավոր	متورق	tertavor
շերտավոր	متورق	shertavor
լապտեր	لامپ	lapter
նիզակ	نیزه؛ نشتر زدن	nizak
տեգ	نیزه؛ نشتر زدن	teg
նավամատույց	فرود	navamatuyts
հողազուրկ	بدون زمین	hoghazurk
հողատեր	صاحبخانه	hoghater
կալվածատեր	صاحبخانه	kalvatsater
սահմանագծային նշան	نشانه، بنای تاریخی	sahmanagtsayin nshan
նշանաձող	نشانه، بنای تاریخی	nshanadzogh
բնատեսարան	چشم انداز	bnatesaran
լանդշաֆտ	چشم انداز	landshaft
հողի փլվածք	ریزش خاک؛ ریزش کوه	hoghi plvatsk
նեղ ճանապարհ	خط (جاده)	negh chanaparh
լեզու	زبان	lezu
մայրենի լեզու	زبان	mayreni lezu
լանոլին	لانولین	lanolin
փեշ	دامان	pesh
վրածածկ	دامان	vratsatsk
սայթաքում	زوال؛ خرف شدن	saytakum
դյուրակիր համակարգիչ	لپ‌تاپ	dyurakir hamakargich
նոութբուք	لپ‌تاپ	noutbuk
արտույտ	غزلاغ	artuyt
զվարճալի կատակ	غزلاغ	zvarchali katak
խռչակ	حنجره	khrchak
լազեր	لیزر	lazer
մտրակ	شلاق؛ تازیانه	mtrak
խարազան	شلاق؛ تازیانه	kharazan
ժամանակով վերջինը	آخرین؛ آخرین (صفت)؛ طول کشیدن	zhamanakov verjine
փական	چفت؛ چفت کردن	pakan
վերջերս	اخیراً	verjers
ուշանալը	تاخیر	ushanale
ավելի ուշ	بعدا؛ دیرتر	aveli ush
կողային	جانبی؛ جناحی	koghayin
խառատահաստոց	چرخ خراطی	kharatahastots
լատիներեն	لاتین	latineren
լատինական	لاتین	latinakan
վերջերս պատահած	دومی	verjers patahats
լաուդանում	مخلوط افیون	laudanum
ծիծաղ	خنده، خندیدن	tsitsagh
ծիծաղել - - ծաղրել	خنده، خندیدن	tsitsaghel - - tsaghrel
ծաղրի առարկա	مظحکه	tsaghri ararka
նավը ծովը իջեցնել	روانهسازی؛ روانه کردن	nave tsove ijetsnel
դափնի	دهمست؛ درخت غار	dapni
դափնեպսակ	دهمست؛ درخت غار	dapnepsak
լավա	گدازه	lava
հրահեղուկ զանգված	گدازه	hraheghuk zangvats
օրենք	قانون	orenk
իրավունք	قانون	iravunk
օրինախախտում	قانون شکنی	orinakhakhtum
օրինական	مجاز؛ مشروع	orinakan
ապօրինի լինելը	بی قانونی	aporini linele
փոքր մարգագետին	چمن	pokr margagetin
դատավարություն	دعوی حقوقی	datavarutyun
դատական պրոցես	دعوی حقوقی	datakan protses
փաստաբան	وکیل	pastaban
անփույթ	شل؛ لمس	anpuyt
թափթփվածություն	لینت	taptpvatsutyun
խավ	طبقه؛ لا	khav
պլան	طرح‌بندی	plan
նախագիծ	طرح‌بندی	nakhagits
ծուլություն	تنبلی؛ بیعاری	tsulutyun
կապար	رهبری کردن	kapar
արճիճ	رهبری کردن	archich
կապարի	سربی؛ مانند سرب	kapari
կապարային	سربی؛ مانند سرب	kaparayin
թռուցիկ	بروشور	trutsik
տերեւիկ	بروشور	terevik
տերեւազարդ	برگدار؛ پر برگ	terevazard
տերեւներով ծածկված	برگدار؛ پر برگ	terevnerov tsatskvats
լիգ	گروه ورزشی	lig
փարսախ	گروه ورزشی	parsakh
դուրս հոսելը	چکه؛ تراوش	durs hosele
հոս տալը	چکه؛ تراوش	hos tale
ոչ յուղալի	وادادن؛ لخم	och yughali
ոստյուն	جهش	ostyun
սովորել	یاد گرفتن	sovorel
ուսանել	یاد گرفتن	usanel
սովորող	یادگیرنده	sovorogh
ուսում	یادگیری	usum
վարձակալություն	اجاره؛ اجاره کردن	vardzakalutyun
վարձակալական պայմանագիր	اجاره؛ اجاره کردن	vardzakalakan paymanagir
շնակապ	مرس؛ بند زدن	shnakap
շնաթոկ	مرس؛ بند زدن	shnatok
նվազագույնը	کمترین	nvazaguyne
համենայնդեպս	کمترین	hamenayndeps
կաշվեղեն	چرم؛ چرمی کردن	kashveghen
թույլտվություն	ترک کردن	tuyltvutyun
արձակուրդ	ترک کردن	ardzakurd
դասախոսություն	سخنرانی، سخنرانی کردن	dasakhosutyun
կշտամբանք	سخنرانی، سخنرانی کردن	kshtambank
դասախոս	مدرس؛ سخنران	dasakhos
խրատող	مدرس؛ سخنران	khratogh
գլխավոր մատյան	دفتر کل	glkhavor matyan
սալաքար գերեզմանաքար	دفتر کل	salakar gerezmanakar
տզրուկ	علقه؛ زالو	tzruk
արյունարբու	علقه؛ زالو	aryunarbu
իրավական	قانونی؛ مشروع	iravakan
ավանդություն	افسانه	avandutyun
լեգենդ	افسانه	legend
գամաշներ	پاتابه	gamashner
սռնապաններ	پاتابه	srnapanner
լեգեոն	لژیون؛ سپاه رومی	legeon
անթիվ բազմություն	لژیون؛ سپاه رومی	antiv bazmutyun
օրենսդրություն	قانون‌گذاری	orensdrutyun
օրենսդրական	قانون‌گذاری	orensdrakan
օրենսդիր	قانون‌گذاری	orensdir
օրինադիր	شارع؛ مقنن	orinadir
օրենսդրական մարմին	قوه مقننه	orensdrakan marmin
ազատ ժամանակ	فراغت؛ وقت کافی	azat zhamanak
չշտապող	تفریحانه	chshtapogh
կիտրոն	لیمو	kitron
տգեղ աղջիկ	لیمو	tgegh aghjik
լիմոնադ	لیموناد؛ شربت آبلیمو	limonad
պարտք տալ	قرض دادن	partk tal
փոխատու	وام ده	pokhatu
երկարություն	درازی؛ طول	erkarutyun
երկարել	دراز کردن؛ دراز شدن	erkarel
երկարացնել	دراز کردن؛ دراز شدن	erkaratsnel
չափազանց երկար	طولانی	chapazants erkar
ձգձգված	طولانی	dzgdzgvats
ներողամիտ կերպով	ارفاقا	neroghamit kerpov
տեսապակի	لنز	tesapaki
ոսպնապակի	لنز	ospnapaki
բորոտ	جذامی	borot
բոր	جذام؛ خوره	bor
բորոտություն	جذام؛ خوره	borotutyun
լեսբուհի	لزبین	lesbuhi
նույնասեռական կին	لزبین	nuynaserakan kin
ավելի քիչ	کمتر	aveli kich
ավելի փոքր	کمتر	aveli pokr
նվազագույն	کمتر	nvazaguyn
փոքրագույն	کمتر	pokraguyn
դաս տալ	درس	das tal
չխառնվել -ազատել	اجازه دادن	chkharnvel -azatel
լեթարգիա	تهاون؛ سبات	letargia
թմրածություն	تهاون؛ سبات	tmratsutyun
տառ	نامه	tar
տպատառ	نامه	tpatar
պաշտոնական ընդունելություն	بارعام دادن؛ سلام عام	pashtonakan endunelutyun
մակարդակ	سطح	makardak
հարթավայր	سطح	hartavayr
գանձում	مالیات بندی؛ نام نویسی	gandzum
գանձելը	مالیات بندی؛ نام نویسی	gandzele
բառական	لغوی	barakan
բառային	لغوی	barayin
պարտավորություն	مسئول	partavorutyun
սուտասան	دروغگو؛ چاخان	sutasan
լիբերալիզմ	آزادمنشی؛ آزادگی	liberalizm
ազատագրում	آزادسازی	azatagrum
ազատարար	آزاد کننده؛ نجات دهنده	azatarar
անպատկառություն	آزادی	anpatkarutyun
գրադարանապետ	کتابدار	gradaranapet
գրադարանավար	کتابدار	gradaranavar
գրադարան	کتابخانه	gradaran
գրադարանային	کتابخانه	gradaranayin
լիցենզիա	مجوز؛ پروانه دادن	litsenzia
քարաքոս	گل سنگ	karakos
ծառալոռ	گل سنگ	tsaralor
լիզում	لیس؛ لیسه	lizum
լիզելը	لیس؛ لیسه	lizele
խուփ	سر؛ دریچه گذاشتن	khup
կեղծություն	دراز کشیدن	keghtsutyun
լեյտենանտ	ستوان	leytenant
ապրելակերպ	زندگی	aprelakerp
անկենդան	خشک؛ موات	ankendan
անկյանք	خشک؛ موات	ankyank
ցմահ	مادام‌العمر	tsmah
մինչեւ կյանքի վերջը տեւող	مادام‌العمر	minchev kyanki verje tevogh
կենսակերպ	سبک زندگی	kensakerp
կյանքի տեւողություն	طول عمر	kyanki tevoghutyun
կապան	بندیزه	kapan
լույս	روشن کردن؛ سبک؛ نور، روشن	luys
լւսավորություն	روشن کردن؛ سبک؛ نور، روشن	lvsavorutyun
պայծառանալ	سبک کردن؛ تنویر کردن	paytsaranal
որեւէ նման բան	دوست داشتن؛ مانند	oreve nman ban
հավանականություն ամենայն հավանականությամբ	احتمال	havanakanutyun amenayn havanakanutyamb
համեմատված	مشبه	hamematvats
նմանապես	به همین ترتیب	nmanapes
յասաման	یاس شیروانی	yasaman
բաց մանուշակագույն	یاس شیروانی	bats manushakaguyn
շուշան	سوسنی؛ گلایل	shushan
սպիտակ	سوسنی؛ گلایل	spitak
մոռացում	برزخ	moratsum
կիր	آهک؛ سنگ آهک	kir
լիմոնի տեսակ	آهک؛ سنگ آهک	limoni tesak
կրաքար	سنگ آهک	krakar
կաղություն	شلیدن؛ لنگیدن	kaghutyun
կաղալ	شلیدن؛ لنگیدن	kaghal
Լինքոլն	لینکلن	Linkoln
գիծ	خط	gits
տոհմածառ	سویه؛ اصل ونسب	tohmatsar
գծային	خطی	gtsayin
գծավոր	خطی	gtsavor
կազմ	صف‌آرایی، ترکیب	kazm
հերթագիծ	صف‌آرایی، ترکیب	hertagits
դանդաղել	معطل ماندن	dandaghel
օղակ	پیوند، پیوند دادن	oghak
կապակցող օղակ	پیوند، پیوند دادن	kapaktsogh oghak
լինոլեում	مشمع	linoleum
կտավատի սերմ	بزرک؛ برزگ	ktavati serm
առյուծ	شیر	aryuts
տեսարժան վայրեր	شیر	tesarzhan vayrer
շրթունք	لب	shrtunk
շուրթ	لب	shurt
հեղուկացում	آبگونسازی	heghukatsum
հեղուկացնել	ذوب شدن	heghukatsnel
հեղուկ	مایع؛ ماچی	heghuk
ջրալի	مایع؛ ماچی	jrali
խմիչք	عرق؛ مشروب	khmichk
ցուցակների մշակման համար ստեղծված ալգորիթմական լեզու	شلی زبان	tsutsakneri mshakman hamar steghtsvats algoritmakan lezu
ցուցակ	فهرست، فهرست کردن	tsutsak
ունկնդրել	گوش دادن	unkndrel
լսող	شنونده	lsogh
ցուցակ կազմող	سجاف دوز	tsutsak kazmogh
Լիսթեր	سجاف دوز	Lister
գրագիտություն	سواد	gragitutyun
ուղիղ կերպով	به معنای واقعی کلمه	ughigh kerpov
գրական	ادبی	grakan
գրագետ կամ կարդացած մարդ	باسواد	graget kam kardatsats mard
գրագետ	باسواد	graget
գրականություն	ادبیات؛ ادب وهنر	grakanutyun
Լիտվա	لیتوانی	Litva
դատավեճ	دعوا؛ دعوی	datavech
լիտր	لیتر	litr
գոմափռոց	آشغال	gomaprots
պատգարակ	آشغال	patgarak
քիչ բան	کمی (قید)؛ کمی، کوچک	kich ban
պստիկ	کمی (قید)؛ کمی، کوچک	pstik
ապրելամիջոց	معیشت؛ عقل معاش	aprelamijots
լյարդ	کبد	lyard
ուրախ-խմող մարդ - ժլատ մարդ	کبد	urakh-khmogh mard - zhlat mard
սպասազգեստով	در کسوت	spasazgestov
Լիվերպուլ	لیورپول	Liverpul
սպասազգեստ	لباس مستخدم؛ علیق اسب	spasazgest
լիվրե	لباس مستخدم؛ علیق اسب	livre
կապտագույն	کبود شده	kaptaguyn
բեռնում	بارگیری؛ بارکنش	bernum
բարձում	بارگیری؛ بارکنش	bardzum
բոքոն	تکه؛ ولگردی کردن	bokon
շաքարի գլուխ	تکه؛ ولگردی کردن	shakari glukh
փոխառություն	عاریه؛ وام	pokharutyun
փոխառություն կատարել	عاریه؛ وام	pokharutyun katarel
զզվանք զգալ	منزجر بودن؛ سبب بیزاری	zzvank zgal
չսիրել	منزجر بودن؛ سبب بیزاری	chsirel
նախասենյակ	لابی، لابی کردن	nakhasenyak
կուլուարներ	لابی، لابی کردن	kuluarner
օմար	خرچنگ	omar
խոպոպ	محلی	khopop
տեղ	محل خاص	tegh
վայր	محل خاص	vayr
տեղավորված	ساکن	teghavorvats
տեղադրություն	محل	teghadrutyun
կողպեք	قفل، قفل کردن	koghpek
փականք	قفل، قفل کردن	pakank
աշխատանքի՝ պարապմունքների ավարտման ժամ	زندانکردن	ashkhatanki, parapmunkneri avartman zham
խանութների փակելու ժամ	زندانکردن	khanutneri pakelu zham
տեղափոխություն	نقل وانتقال	teghapokhutyun
տեղաշարժում	نقل وانتقال	teghasharzhum
շոգեքարշ	لکوموتیو؛ نیروی محرکه	shogekarsh
ջերմաքարշ	لکوموتیو؛ نیروی محرکه	jermakarsh
շարժողական	حرکتی؛ نقص تحرک	sharzhoghakan
լոկուս	مکان هندسی	lokus
պահատնակ	بیتوته کردن؛ ماوا دادن	pahatnak
կացարան	منزل گاه؛ محل سکونت	katsaran
շատ բարձր	سنی؛ منیع	shat bardzr
գերան	گزارش، ثبت کردن	geran
տրամաբանություն	منطق	tramabanutyun
տրամաբանական	منطقی	tramabanakan
մուտք գործել	قطع ارتباط	mutk gortsel
մուտքանուն	قطع ارتباط	mutkanun
տարբերանշան	لوگو	tarberanshan
լոգո	لوگو	logo
սուկի	گرد	suki
դատարկ պտտում	پرسه زنی	datark pttum
Լոնդոն	لندن	London
մենակ լինելը	تنهایی؛ غریبی	menak linele
երկար ժամանակամիջոց	بلند، طولانی	erkar zhamanakamijots
վաղուց փափագել	بلند، طولانی	vaghuts papagel
բուռն ցանկություն	هوس؛ میل وافر	burn tsankutyun
ձգտում փափագող	هوس؛ میل وافر	dzgtum papagogh
երկայնական	طولی	erkaynakan
երկայնության աստիճանին վերաբերող	طولی	erkaynutyan astichanin veraberogh
վաղուցվա	دیرینه	vaghutsva
երկարամյա	طولانی‌مدت	erkaramya
հայացք	نگاه؛ نگاه کردن	hayatsk
ջուլհակահաստոց	در افق پدیدار شدن	julhakahastots
աղոտ կերպով պատկերացնել	در افق پدیدار شدن	aghot kerpov patkeratsnel
հանգույցով ամրացնել	حلقه	hanguytsov amratsnel
հրակնատ	مزغل ساختن؛ سوراخ سنگر	hraknat
չամրացված	گشاد؛ شل	chamratsvats
ազատ կերպով	باشلی	azat kerpov
թալան	غارت کردن	talan
լորդ	ارباب؛ خداوند	lord
լորդի տիտղոս	اربابی؛ سیادت	lordi titghos
գիտության ճյուղ	فرهنگ نژادی؛ وروایات قومی	gitutyan chyugh
լոռնետ թատրոնական հեռադիտակ	عینک پنسی	lornet tatronakan heraditak
բեռնատար մեքենա	کامیون	bernatar mekena
բաց վագոն	کامیون	bats vagon
կորցնել	از دست دادن	kortsnel
զրկվել	از دست دادن	zrkvel
տանուլ տալ	گمشده	tanul tal
վիճակ	مقدار زیادی	vichak
վիճակահանություն	مقدار زیادی	vichakahanutyun
դեղաթրջոց	کرم؛ لوسیون	deghatrjots
թրջոց	کرم؛ لوسیون	trjots
վիճակախաղ	قرعه کشی	vichakakhagh
բախտի բերմամբ	قرعه کشی	bakhti bermamb
բարձրաձայն	بلند (صدا)	bardzradzayn
հնչեղ	بلند (صدا)	hnchegh
ուժեղ հնչող	با صدای بلند	uzhegh hnchogh
հանգստի սենյակ	اطاق استراحت؛ سالن استراحت	hangsti senyak
հանգստանալ	اطاق استراحت؛ سالن استراحت	hangstanal
ոջիլ	شپش؛ جو جو	ojil
կոշտկոպիտանտաշ մարդ	الدنگ؛ سرفرود آوردن	koshtkopitantash mard
սիրո առարկա	عشق، عاشق بودن	siro ararka
սիրեկան	یار؛ عاشق	sirekan
սիրած մարդ	یار؛ عاشق	sirats mard
սիրող կերպով	مشتاقانه	sirogh kerpov
օրինապահ	وفادار	orinapah
ծծվող դեղահատ	لوزی؛ شکل لوزی	tstsvogh deghahat
շեղանկյուն	لوزی؛ شکل لوزی	sheghankyun
քսուք	روغن؛ چرب کننده	ksuk
քսանյութ	روغن؛ چرب کننده	ksanyut
բախտավոր	خوش شانس	bakhtavor
շահութաբեր	پرمنفعت	shahutaber
եկամտաբեր	پرمنفعت	ekamtaber
բագաժի	توشه؛ بنه	bagazhi
գոտկային	مهره کمر؛ ناحیه کمر	gotkayin
դժվարաշարժանպետք իրեր	الوار؛ تیر بریده	dzhvarasharzhanpetk irer
հնոտիք անտառանյութ	الوار؛ تیر بریده	hnotik antaranyut
լուսաշող	تابان؛ شب نما	lusashogh
կեսօրյա նախաճաշ	ناهار	kesorya nakhachash
նախաճաշել	ناهار	nakhachashel
նախաճաշ	غذای مفصل	nakhachash
թոք	ریه؛ جگر سفید	tok
ուժեղ ձայն	ریه؛ جگر سفید	uzhegh dzayn
հրապուրանք	اغوا کردن؛ گول زنک	hrapurank
մեռելի պես գունատ	شعله تیره؛ شعله دودنما	mereli pes gunat
կապտած	شعله تیره؛ شعله دودنما	kaptats
շուք	جار	shuk
հարուստ	پرپشت؛ پربرکت	harust
փարթամ	مجلل؛ تجملی	partam
պերճանքի առարկա	عیش؛ تجمل	perchanki ararka
ավիշ	لنف	avish
ավշային	بلغمی؛ لنفاوی	avshayin
լինչել	مثله کردن	linchel
քնարերգություն	متن ترانه	knarergutyun
լիրիկական	متن ترانه	lirikakan
քնարերգական	بزمی؛ غنایی	knarergakan
քնարական	بزمی؛ غنایی	knarakan
մեքենաներ	ماشین‌آلات	mekenaner
մեքենայի մասեր	ماشین‌آلات	mekenayi maser
մակինտոշ	پارچه بارانی	makintosh
անջրանցիկ կտորից վերարկու	پارچه بارانی	anjrantsik ktorits verarku
խենթ	شوریده؛ دیوانه وار	khent
մադմուազել	دوشیزه؛ مادموازل	madmuazel
խելագար կերպով	دیوانه وار	khelagar kerpov
Մադրիդ	مادرید	Madrid
ամսագիր	مجله	amsagir
մոգություն	طلسم؛ سحر	mogutyun
կախարդություն	طلسم؛ سحر	kakhardutyun
մոգական	جادویی	mogakan
կախարդական	جادویی	kakhardakan
մոգ	مغ؛ ساحر	mog
մագնեզիում	تباشیر؛ منیری	magnezium
մագնիում	تباشیر؛ منیری	magnium
մագնիս	مغناطیس؛ مقناطیس	magnis
մագնիսի	مغناطیسی	magnisi
մագնիսական	مغناطیسی	magnisakan
մեծացնող	درشت نمایی	metsatsnogh
խոշորացնող	درشت نمایی	khoshoratsnogh
մագնոլիա	ماگنولیا	magnolia
կղբի	ماگنولیا	kghbi
կույս	خادمه؛ ندیمه	kuys
փոստ	پست، پست کردن	post
փոստային	پست، پست کردن	postayin
գլխավորհիմնական	اصلی	glkhavorhimnakan
մեծ կղզի	سرزمین اصلی	mets kghzi
մեծապես	عمدتا	metsapes
հիմնական հոսանք	جریان اصلی	himnakan hosank
պահպանել	نگهداری کردن	pahpanel
օժանդակություն	نگهداری	ozhandakutyun
վսեմ	شاهانه؛ باعظمت	vsem
վսեմություն	جبروت؛ حضرت	vsemutyun
մեծամասնություն	غالب؛ اکثریت	metsamasnutyun
չափահասություն	غالب؛ اکثریت	chapahasutyun
շինող	سازنده؛ صنیع	shinogh
հորինող	سازنده؛ صنیع	horinogh
գրիմ	آرایش	grim
կոսմետիկա	آرایش	kosmetika
պատրաստում	ساخت	patrastum
արտադրություն	ساخت	artadrutyun
մալա	مالا	mala
աղոթաշար	مالا	aghotashar
մալարիա	مالاریا؛ نوبه	malaria
դողէրոցք	مالاریا؛ نوبه	dogherotsk
մալարիայի	مالاریایی؛ نوبه ای	malariayi
դժգոհ անձ	آماده شورش	dzhgoh andz
դժգոհ	آماده شورش	dzhgoh
չարամիտ	کج اندیش	charamit
չարակամ	کج اندیش	charakam
ոխ	بدنهادی؛ بدذاتی	okh
չարասիրտ	خبیث؛ غرضآلود	charasirt
չարորակություն	بدخیمی	charorakutyun
վատ սնունդ	سوء تغزیه	vat snund
թերասնում	سوء تغزیه	terasnum
ածիկ	مالت؛ مالت زدن	atsik
մաստ	مالت؛ مالت زدن	mast
կաթնասուն կենդանի	پستاندار	katnasun kendani
կրծքագեղձային	پستانی	krtskageghdzayin
վարել	مدیریت کردن	varel
ղեկավարելու բնագավառի մասնագետ	مدیر	ghekavarelu bnagavari masnaget
կառավարչական	مدیریتی	karavarchakan
Մանչեսթեր	منچستر	Manchester
լիազորագիր	دستور، حکم	liazoragir
հանձնարարական	دستور، حکم	handznararakan
ստորին ծնոտ	زفر	storin tsnot
բաշ	یال	bash
մանեւր	مانور؛ تمرین نظامی	manevr
քոս	گری؛ گرداندن	kos
մսուր	آخور	msur
կերատաշտ	آخور	keratasht
հասունություն արիություն	مردی؛ رجولیت	hasunutyun ariutyun
մոլագար	مجنون	molagar
մտամոլ	مجنون	mtamol
բացահայտ	آشکار کردن	batsahayt
մանիֆեստ	اعلامیه؛ اشعاریه	manifest
Մանիլա	مانیل؛ کاغذ مانیل	Manila
վարպետորեն վարվել	دستکاری کردن	varpetoren varvel
աղավաղել	دستکاری کردن	aghavaghel
մանիպուլյացիա	دستکاری	manipulyatsia
հմտությամբ վարվելը՝ բանեցնելը	دستکاری	hmtutyamb varvele, banetsnele
տղամարդիկ	بشر؛ نژاد انسان	tghamardik
արի	مردانه؛ مردوار	ari
երկնային մանանա	گزانگبین	erknayin manana
մեծ առանձնատուն	کاخ؛ عمارت بزرگ	mets arandznatun
ձեռնարկ	دستی؛ یدی	dzernark
տեղեկագիրք	دستی؛ یدی	teghekagirk
մշակող արդյունաբերություն	تولید	mshakogh ardyunaberutyun
պարարտանյութ	کود کشاورزی	parartanyut
բնագիր	دست‌نوشته	bnagir
շատություն	بسیاری	shatutyun
աշխարհագրական քարտեզ	نقشه	ashkharhagrakan kartez
մարաթոնյան վազք	ماراتن	maratonyan vazk
մարմար	مهره؛ مرمر	marmar
մանկական գնդակախաղ	مهره؛ مرمر	mankakan gndakakhagh
երթ	مارس؛ رژه	ert
զամբիկ	مادیان؛ اسب ماده	zambik
մատակ	مادیان؛ اسب ماده	matak
ծայրի	حاشیه‌ای	tsayri
եզրային	حاشیه‌ای	ezrayin
ծովային	دریایی	tsovayin
ծովի	وابسته بدریانوردی	tsovi
թիրախ	علامت، علامت گذاشتن	tirakh
շուկա	بازار	shuka
անկայուն շուկա	بازار	ankayun shuka
առեւտրի հրապարակ	بازار	arevtri hraparak
ապրանքանիշ	علامت مخصوص	aprankanish
մակնիշ	علامت مخصوص	maknish
ամուսնություն	عروسی؛ ازدواج	amusnutyun
սերտ կապ	عروسی؛ ازدواج	sert kap
ամուսնացած	متاهل	amusnatsats
ամուսնական	متاهل	amusnakan
ոսկրածուծ	مغز؛ قسمت عمده	oskratsuts
ամուսնացնել	ازدواج کردن	amusnatsnel
ամուսնանալ	ازدواج کردن	amusnanal
մարշալ	مارشال؛ ارتشبد	marshal
արարողապետ	مارشال؛ ارتشبد	araroghapet
Մարշալ	مارشال	Marshal
պատերազմական	رزمی	paterazmakan
ռազմական	رزمی	razmakan
նահատակ	شهید	nahatak
մարտիրոս	شهید	martiros
մարտիրոսություն	شهادت	martirosutyun
նահատակությունտանջանք	شهادت	nahatakutyuntanjank
սքանչելիք	شگفت داشتن؛ حیرت زده شدن	skanchelik
հրաշալիք	شگفت داشتن؛ حیرت زده شدن	hrashalik
արական սեռ	مکر؛ مردانه	arakan ser
լափ	خمیر کردن؛ درهم وبرهمی	lap
ջրախառն կեր	خمیر کردن؛ درهم وبرهمی	jrakharn ker
դիմակ	ماسک	dimak
որմնադիր	بنا؛ فراماسیون	ormnadir
քարտաշ	بنا؛ فراماسیون	kartash
քարի կամ աղյուսի շարվածք՝ որմածք	حجاری؛ فراماسیونی	kari kam aghyusi sharvatsk, ormatsk
հոծ բազմություն	توده؛ کپه کردن	hots bazmutyun
ջարդ	قتل عام	jard
մերսում	مالیدن؛ ماساژ	mersum
մերսելը	مالیدن؛ ماساژ	mersele
կայմ	دگل	kaym
գլուխ-գործոց	شاهکار؛ شیرین کاری	glukh-gortsots
խսիր	حصیر؛ زیر گلدانی	khsir
ուղեգորգ	حصیر؛ زیر گلدانی	ughegorg
լուցկի	مسابقه، مطابقت داشتن	lutski
լուցկի վառել	مسابقه، مطابقت داشتن	lutski varel
խնամախոս	دلاله؛ دلال ازدواج	khnamakhos
զուգընկեր գտնող	دلاله؛ دلال ازدواج	zugenker gtnogh
մայր	سخت شامه؛ نرم شامه	mayr
մայրանյութ	سخت شامه؛ نرم شامه	mayranyut
նյութ	ماده، جنس	nyut
մայրական	مادرانه؛ مادروار	mayrakan
մաթեմատիկական	ریاضی	matematikakan
մաթեմատիկոս	ریاضی دان	matematikos
մաթեմատիկա	ریاضیات	matematika
գործնական	ریاضیات	gortsnakan
մատրիցա	ماتریس	matritsa
ամուսնացած կին	بیبی؛ سرپرستار	amusnatsats kin
ընտանիքի մայր տնտեսվարուհի	بیبی؛ سرپرستار	entaniki mayr tntesvaruhi
Մեթ	فلز شناسی	Met
անփայլ	فلز شناسی	anpayl
մատերիա	موضوع، اهمیت داشتن	materia
ճիլոպ	بوریا بافی	chilop
ներքնակ	تشک؛ دوشک	nerknak
դոշակ	تشک؛ دوشک	doshak
հասունացած	بالغ	hasunatsats
հասունություն	سر رسید	hasunutyun
հասուն հասակ	سر رسید	hasun hasak
անհամ	کسل کننده	anham
տհաճ համ ունեցող	کسل کننده	thach ham unetsogh
վերին ծնոտ	فک	verin tsnot
վերին ծնոտային	فکی؛ آروارهای	verin tsnotayin
իմաստալից խոսք	گفته؛ گفته اخلاقی	imastalits khosk
ասացվածք	گفته؛ گفته اخلاقی	asatsvatsk
առավելագույնի հասցնել	به حداکثر رساندن	aravelaguyni hastsnel
ծայրագույն աստիճան	بیشینه؛ حد اکثر	tsayraguyn astichan
առավելագույնը	بیشینه؛ حد اکثر	aravelaguyne
մայիս	می؛ ممکن است (فعل کمکی)	mayis
մայիսյան	می؛ ممکن است (فعل کمکی)	mayisyan
հավանական է	شاید	havanakan e
հնարավոր է	شاید	hnaravor e
մայոնեզ	مایونز	mayonez
քաղաքագլուխ	شهردار	kaghakaglukh
ինձ	من (مفعول)	indz
այդ ես եմ	من (مفعول)	ayd es em
մարգագետին	چمن؛ چمنزار	margagetin
աղքատիկ	بی چربی؛ بی برکت	aghkatik
միջին թիվ	معنی دادن، منظور داشتن	mijin tiv
իմաստ	معنی	imast
ստորություն	پستی؛ خست	storutyun
միեւնույն ժամանակ	در ضمن	mievnuyn zhamanak
նույն միջոցին	در ضمن	nuyn mijotsin
մինչդեռ	ضمنا؛ درضمن	minchder
այդ ընթացքում	ضمنا؛ درضمن	ayd entatskum
կարմրուկ	سرخجه؛ سرخچه	karmruk
չափելի	پیمایش پذیر	chapeli
չափավոր	پیمایش پذیر	chapavor
չափս	اندازه؛ اقدام	chaps
չափառություն	سنجش؛ پیمایش	chaparutyun
չափում	سنجش؛ پیمایش	chapum
մեքենայի	مکانیکی	mekenayi
մեքենական	مکانیکی	mekenakan
մեխանիկա	مکانیک	mekhanika
բժշկական	مسحور	bzhshkakan
մեդալ	مدال	medal
լրատվամիջոցներ	رسانه	lratvamijotsner
մեդիա	رسانه	media
միջնագիծ	مادی	mijnagits
միջին	مادی	mijin
դեղորայք	دارو	deghorayk
բուժիչ	دارایی؛ داروئی	buzhich
դեղային	دارایی؛ داروئی	deghayin
միջնադարյան	قرون وسطایی	mijnadaryan
խորհրդածում	مراقبه	khorhrdatsum
միջերկրական	مدیترانه؛ دریای مدیترانه	mijerkrakan
միջերկրյա	مدیترانه؛ دریای مدیترانه	mijerkrya
հեզահամբույր	افتاده؛ فقیرانه	hezahambuyr
միտինգ	جلسه	miting
թախծոտություն	سودا زدگی	takhtsotutyun
բարեհնչուն	بانوا؛ ملیح	barehnchun
մելոդիկ	بانوا؛ ملیح	melodik
մեղեդի	ملودی	meghedi
սեխ	خربزه؛ خربوزه	sekh
մուգ վարդագույն	خربزه؛ خربوزه	mug vardaguyn
հալած մետաղ	گداختن؛ آب کردن	halats metagh
հալել	گداختن؛ آب کردن	halel
անդամ	عضو	andam
անդամություն	عضویت	andamutyun
թաղանթ	غشاء؛ شامه	taghant
թաղանթային	غشادار	taghantayin
հուշագիր	یادداشت	hushagir
հուշեր	خاطرات	husher
հուշագրություններ	خاطرات	hushagrutyunner
անմոռանալի	به یاد ماندنی	anmoranali
հիշարժան	به یاد ماندنی	hisharzhan
հուշաթերթ	تذکاریه؛ شرکت نامه	hushatert
հիշատակ	یادبود	hishatak
հուշարձան	یادبود	hushardzan
հիշողություն	حافظه	hishoghutyun
մշտական սպառնալիք	چشم زهره گرفتن؛ چشم زهره رفتن	mshtakan sparnalik
կարկատան	بندزدن	karkatan
նորոգել	بندزدن	norogel
մենինգիտ	مننژیت	meningit
մտքում կատարվող	روانی؛ فکری	mtkum katarvogh
խելքի կերտվածք	طرز فکر؛ قوه ذهنی	khelki kertvatsk
մտքի ուղղվածություն	طرز فکر؛ قوه ذهنی	mtki ughghvatsutyun
մտովի	فکرا	mtovi
մտքով	فکرا	mtkov
հիշատակություն	اشاره کردن	hishatakutyun
հիշատակում	اشاره کردن	hishatakum
ճաշացուցակ	منو	chashatsutsak
մենյու տարբերակների ցուցակ	منو	menyu tarberakneri tsutsak
խանութպան	بازرگان	khanutpan
սնդիկային պրեպարատ	جیوه دار	sndikayin preparat
սնդիկ	جیوه؛ سیماب	sndik
սնդիկային	جیوه؛ سیماب	sndikayin
լոկ	صرفاً	lok
խոթել	ادغام کردن	khotel
ընկղմող	ادغام	enkghmogh
միջօրեական	درجه کمال؛ مدار نصف النهار	mijoreakan
զենիթ	درجه کمال؛ مدار نصف النهار	zenit
արժանիք	شایستگی	arzhanik
Միջագետք	بین النهرین	Mijagetk
հաղորդագրություն	پیام	haghordagrutyun
զեկույց	پیام	zekuyts
լրաբեր	فرستاده؛ رسول	lraber
նյութափոխանակություն	متابولیزم؛ سوخت و ساز	nyutapokhanakutyun
մետաղ	فلز	metagh
հալած ապակու զանգված	فلز	halats apaku zangvats
մետաղյա	روئین	metaghya
կերպարանափոխություն	دگردیسی؛ مسخ	kerparanapokhutyun
փոխաբերություն	استعاره	pokhaberutyun
փոխաբերական կերպով	بر سبیل استعاره	pokhaberakan kerpov
բնազանցական	علوم معقول؛ ماوراء الطبیعی	bnazantsakan
վերացական	علوم معقول؛ ماوراء الطبیعی	veratsakan
մետաֆիզիկա	ماوراءالطبیعه؛ ماوراء طبیعت	metafizika
բնազանցություն	ماوراءالطبیعه؛ ماوراء طبیعت	bnazantsutyun
մետաստազ	هجوم مرض	metastaz
մեթոդ	روش	metod
մեթոդաբանություն	روش‌شناسی	metodabanutyun
մետր	متر	metr
մայր երկիր	مادرشهر؛ شهر بزرگ	mayr erkir
մայրաքաղաքի բնակիչ	مطران؛ مطرانی	mayrakaghaki bnakich
արքեպիսկոպոս թեմական	مطران؛ مطرانی	arkepiskopos temakan
խառնվածք	خمیره	kharnvatsk
մեքսիկացի	مکزیکی	meksikatsi
մեքսիկական	مکزیکی	meksikakan
Մեքսիկա	مکزیک؛ مکزیکو	Meksika
Միչիգան	میشیگان	Michigan
միկրո	میکرو؛ میلیونیم	mikro
փոքր	میکرو؛ میلیونیم	pokr
միկրոֆոն	میکروفن	mikrofon
մանրադիտակ	ریزبین؛ میکروسکپ	manraditak
կեսօր	نیمروز	kesor
կեսօրյա	نیمروز	kesorya
կեսգիշեր	نیمه‌شب	kesgisher
լիակատար մթություն	نیمه‌شب	liakatar mtutyun
միջին տեղ	میان	mijin tegh
միջինը	میان	mijine
կես ճանապարհին	وسط مسیر	kes chanaparhin
մանկաբարձուհի	ماما؛ ماماچه	mankabardzuhi
տատմեր	ماما؛ ماماچه	tatmer
հզորություն	ممکن است (فعل کمکی)	hzorutyun
վերաբնակվել	کوچیدن؛ کوچ دادن	verabnakvel
միգրացիա	مهاجرت	migratsia
քոչվոր	مهاجرت کننده	kochvor
թափառական	مهاجرت کننده	taparakan
մեղմ	نرم؛ ملایم	meghm
մեղմ կերպով	نرم نرم	meghm kerpov
մղոն	مایل	mghon
երկար ճանապարհ՜ - շատ ավելի լավ	مایل	erkar chanaparh - shat aveli lav
մարտնչող	شبه‌نظامی	martnchogh
զինվորականություն	نظامی	zinvorakanutyun
զինծառայողներ	نظامی	zintsarayoghner
աշխարհազոր	شبه‌نظامیان	ashkharhazor
միլիցիա	شبه‌نظامیان	militsia
կաթ	شیر	kat
կաթնահյութ	شیر	katnahyut
կաթնային	شیری؛ شیردار	katnayin
աղաց	آسیاب	aghats
ջրաղաց	آسیاب	jraghats
հազարամյակ	هزاره؛ هزارمین سال	hazaramyak
ջրաղացպան	آسیابان؛ میلر	jraghatspan
միլիոն	میلیون	milion
շատ մեծ քանակություն	میلیون	shat mets kanakutyun
մեծահարուստ	میلیونر	metsaharust
միլիոնատեր	میلیونر	milionater
րոպե	مین	rope
իմը	مال من	ime
հանք	مال من	hank
հանքագործ	معدنچی	hankagorts
հանքափոր ականադիր	معدنچی	hankapor akanadir
հանքաքար	معدنی	hankakar
հանքային ջուր	معدنی	hankayin jur
փոքրացնել	به حداقل رساندن	pokratsnel
մինիմումի հասցնել	به حداقل رساندن	minimumi hastsnel
մինիմում	اقل؛ حد اقل	minimum
հանքագործություն	معدن	hankagortsutyun
ականապատում հանքային	معدن	akanapatum hankayin
նախարար	وزیر	nakharar
դեսպանության խորհրդական	وزیر	despanutyan khorhrdakan
մինիստրական	اداری؛ وزارتی	ministrakan
կառավարությանն աջակցող	اداری؛ وزارتی	karavarutyann ajaktsogh
մինիստրություն	وزارتخانه	ministrutyun
ծառայելը	وزارتخانه	tsarayele
մինոր	فرعی؛ اصغر	minor
թախծալի տոն	فرعی؛ اصغر	takhtsali ton
փոքրամասնություն	اقلیت؛ صغارت	pokramasnutyun
անանուխ	نعناع	ananukh
դաղձ	نعناع	daghdz
մինուս	منها	minus
ուրվագիր	دقیقه؛ دقیقه، بسیار کوچک	urvagir
հրաշք	معجزه	hrashk
հրաշալի	معجزه آمیز؛ معجزه آسا	hrashali
հայելի	آینه	hayeli
հայելանման մակերես	آینه	hayelanman makeres
անհաջողություն	عدمتوفیق	anhajoghutyun
ձախորդություն սխալ	عدمتوفیق	dzakhordutyun skhal
վատ վարքագիծ	بدرفتاری؛ سوء رفتار	vat varkagits
խեղճ	بدبخت	kheghch
թշվառ	بدبخت	tshvar
խեղճություն	بدبختی	kheghchutyun
սխալ առաջնորդել	منحرف کردن؛ گمراه کردن	skhal arajnordel
սխալ առաջնորդում	گمراه‌کننده	skhal arajnordum
սխալ տեղ դնված	جابجا شده	skhal tegh dnvats
վատ կառավարում	سوء اداره	vat karavarum
վրիպել	از دست دادن، دلتنگ شدن	vripel
նետման արկ	موشک	netman ark
հրթիռ	موشک	hrtir
ներկայացուցչություն	ماموریت	nerkayatsutschutyun
միսիոներ	مبلغ	misioner
սխալ գրված	مصحف	skhal grvats
վրիպակ	اشتباه	vripak
սխալ հասկանալ	بد شناختن؛ بد فهمیدن	skhal haskanal
սխալ ըմբռնել	بد شناختن؛ بد فهمیدن	skhal embrnel
սխալ հասկանալը	سوءتفاهم؛ سو تفاهم	skhal haskanale
թյուրիմածություն	سوءتفاهم؛ سو تفاهم	tyurimatsutyun
ողբ	لابه کردن؛ زاری کردن	oghb
հեծեծանք	لابه کردن؛ زاری کردن	hetsetsank
խառնամբոխ	اوباش	kharnambokh
շարժուն	متحرک، موبایل	sharzhun
շարժականություն	تحرک	sharzhakanutyun
մոբիլիզացնել	بسیج کردن	mobilizatsnel
ռազմականացնել	بسیج کردن	razmakanatsnel
նշավակում	مسخره کردن؛ استهزاء کردن	nshavakum
նախատիպ	مدل	nakhatip
չափավորել	متعادل	chapavorel
մեղմանալ	متعادل	meghmanal
չափավորել կերպով	معتدلانه	chapavorel kerpov
զսպվածություն	اعتدال؛ تعادل	zspvatsutyun
ժամանակակից մարդ	مدرن	zhamanakakits mard
արդի	مدرن	ardi
ամոթխած	متواضع	amotkhats
ամոթխածություն	شرم؛ عفت	amotkhatsutyun
ձեւափոխում	شرم؛ عفت	dzevapokhum
ձեւափոխություն ձայնափոխություն	اصلاح	dzevapokhutyun dzaynapokhutyun
ձեւափոխել	جرح و تعدیل کردن	dzevapokhel
նամավուն	تر؛ نمناک	namavun
նամացնված	نمزده	namatsnvats
թացություն	نمداری	tatsutyun
մաթ	ملاس	mat
կերամաթ	ملاس	keramat
բորբոս	قالب؛ کپک قارچی	borbos
կաղապար	قالب؛ کپک قارچی	kaghapar
Մոլդովա	ملداوی	Moldova
խալ	خال	khal
խլուրդ	خال	khlurd
մոլեկուլային	مولکولی	molekulayin
մոլեկուլի	مولکولی	molekuli
մոլեկուլ	مولکول؛ ملکول	molekul
մոմենտ	لحظه	moment
պահ	لحظه	pah
վայրկենական	زود گذر	vayrkenakan
րոպեական	زود گذر	ropeakan
մղում	تکانه	mghum
միապետ	شهریار	miapet
միապետական	سلطنت طلب	miapetakan
միապետություն	سلطنت؛ شهریاری	miapetutyun
երկուշաբթի	دوشنبه	erkushabti
դրամական	مالی؛ پولی	dramakan
դրամային	مالی؛ پولی	dramayin
ազդարար	مبصر؛ تحت نظر گرفتن	azdarar
մոնիտոր	مبصر؛ تحت نظر گرفتن	monitor
վանական	راهب	vanakan
կուսակրոն	راهب	kusakron
միացագիր	امضای هنری	miatsagir
մոնոգրամ	امضای هنری	monogram
մենագրություն	ویژه نگاشت	menagrutyun
մենաշնորհ	انحصار	menashnorh
մոնոպոլիա	انحصار	monopolia
միալար	یک نواخت	mialar
միալարություն	یکآهنگی؛ یکنواختی	mialarutyun
միապաղաղություն	یکآهنگی؛ یکنواختی	miapaghaghutyun
մսյո	مسیو	msyo
հրեշ	هیولا	hresh
ճիվաղ	هیولا	chivagh
հրեշայնություն	شرارت بسیار	hreshaynutyun
ամիս	ماه	amis
մի ամիս հետո	ماه	mi amis heto
ամսական	ماهانه	amsakan
կոթող	بنای یادبود	kotogh
տրամադրություն	اوقات؛ حوصله	tramadrutyun
անտրամադիր	اوقات؛ حوصله	antramadir
մռայլդժկամ	بدقلقی؛ بدقلق	mrayldzhkam
ժանգոտ	بدقلقی؛ بدقلق	zhangot
լուսին	ماه	lusin
լուսնային ամիս	ماه	lusnayin amis
լուսնի լույս	مهتاب	lusni luys
լուսնյակ	مهتاب	lusnyak
լուսնի շող	ماهتاب	lusni shogh
բարբաջանք	ماهتاب	barbajank
բարոյախոսություն	اخلاقی؛ اخلاق	baroyakhosutyun
բարոյական վիճակ	قوت قلب دادن	baroyakan vichak
բարոյապես	اخلاقا	baroyapes
հիվանդագին	مرضی؛ وحشت آور	hivandagin
հիվանդոտ	مرضی؛ وحشت آور	hivandot
ավելի շատ	بیشتر	aveli shat
դեռ ավելին	علاوه بر این	der avelin
մահամերձ	مشرف به موت	mahamerdz
անկում ապրող	مشرف به موت	ankum aprogh
առավոտ	صبح	aravot
խոժոռ	ترشرو؛ بداخم	khozhor
մորֆին	مرفین	morfin
պաստառ	لقمه؛ مضغه	pastar
փոքր կտոր	لقمه؛ مضغه	pokr ktor
մահկանացու	فانی؛ هلاهل	mahkanatsu
մահացություն	میرش؛ مرگومیر	mahatsutyun
մահացու լինելը	میرش؛ مرگومیر	mahatsu linele
հավանգ	ساروج؛ هاون	havang
փոքրիկ սանդ	ساروج؛ هاون	pokrik sand
գրավ դնել	رهن	grav dnel
ճնշելը	ریاضت	chnshele
խեղդելը	ریاضت	kheghdele
խճանկար	بهم پیوستن	khchankar
խճանակարչական	بهم پیوستن	khchanakarchakan
Մոսկվա	مسکو	Moskva
մզկիթ	مسجد	mzkit
մամուռ	خزه؛ پژه	mamur
տորֆային ճահիճ	خزه؛ پژه	torfayin chahich
մեծ մասը	بیشتر	mets mase
մեծ մասամբ	بیشتر اوقات	mets masamb
ինկուբատոր	مادر	inkubator
հիմնական միտք	موتیف؛ مایه اصلی	himnakan mitk
լեյտմոտիվ	موتیف؛ مایه اصلی	leytmotiv
շարժունակ	قادر بحرکت؛ قادر بجنبش	sharzhunak
շարժում	حرکت	sharzhum
մղել	انگیزه دادن	mghel
շարժառիթ	انگیزه	sharzharit
մոտոցիկլ	موتورسیکلت	mototsikl
ավտոմոբիլիստ	راننده	avtomobilist
նշանաբան	نصبالعین؛ سخن زبده	nshanaban
բնաբան	نصبالعین؛ سخن زبده	bnaban
սեւահող	کپک؛ قالب کردن	sevahogh
աճյուն	کپک؛ قالب کردن	achyun
լեռ	سوار کردن؛ سوار شدن	ler
սար	سوار کردن؛ سوار شدن	sar
լեռնոտ	کوهی؛ کوهستانی	lernot
լեռնային	کوهی؛ کوهستانی	lernayin
ողբալ	ماتمگرفتن؛ نوحه کردن	oghbal
սուգ անել	ماتمگرفتن؛ نوحه کردن	sug anel
տխուր	عزادار؛ سوگوار	tkhur
տրտում	عزادار؛ سوگوار	trtum
մուկ	موش	muk
մուկ բռնել	موش	muk brnel
մուշտուկ	سرنی	mushtuk
ծխափող	سرنی	tskhapogh
շարժվող	متحرک	sharzhvogh
ֆիլմ	فیلم	film
շարժող	متحرک، تأثیرگذار	sharzhogh
փոփոխիչ	متحرک، تأثیرگذار	popokhich
կրճտ	آقا؛ عنوان خطاب مردان	krcht
շատ բան	زیاد	shat ban
շատը	زیاد	shate
լորձային	مخاطی	lordzayin
լորձնոտ	مخاطی	lordznot
լորձունք	بلغم؛ خلط	lordzunk
լորձ	بلغم؛ خلط	lordz
տիղմ	گل؛ طین	tighm
ցեխոտ	گلی؛ گلزار	tsekhot
մռութ	ساده لوح	mrut
ջորի	استر	jori
բազմապատիկ	مضاعف؛ متعدد	bazmapatik
բազմաթիվ	مضاعف؛ متعدد	bazmativ
բազմապատկում	ضرب؛ تکثیر	bazmapatkum
շատացում	ضرب؛ تکثیر	shatatsum
բարդություն բաղադրյալություն	تعدد	bardutyun baghadryalutyun
բազմապատիկ թիվ	تکثیر کردن؛ ضرب زدن	bazmapatik tiv
անխոս	مامان	ankhos
մրթմրթոց	من من	mrtmrtots
մումիա	مومیایی	mumia
մամա	مومیایی	mama
աշխարհիկ	دنیوی	ashkharhik
երկրային	دنیوی	erkrayin
մունիցիպալ	شهری	munitsipal
տեղական ինքնավարություն	شهری	teghakan inknavarutyun
ինքնավար քաղաք՝ շրջան	شهرداری؛ بلدیه	inknavar kaghak, shrjan
մարդասպանություն	قاتل؛ آدم کش	mardaspanutyun
սպանիչ	خونریز	spanich
խոխոջյուն	زمزمه؛ شرشر کردن	khokhojyun
կարկաչյուն	زمزمه؛ شرشر کردن	karkachyun
մկան	ماهیچه؛ عضله	mkan
մկանային	عضلانی؛ پرعضله	mkanayin
մկանեղ	عضلانی؛ پرعضله	mkanegh
թանգարան	موزه	tangaran
սունկ	سماروغ	sunk
արագ զարգացում	سماروغ	arag zargatsum
երաժշտություն	موسیقی	erazhshtutyun
նոտաներ	موسیقی	notaner
երաժշտական	موسیقایی	erazhshtakan
երաժիշտ	موسیقیدان	erazhisht
նվագող	موسیقیدان	nvagogh
մարմաշ	ململ	marmash
բեհեզ	ململ	behez
պարտավոր	باید (فعل کمکی)	partavor
բեղ	سبیل	begh
մանանեխ	خردل؛ درخت خردل	mananekh
մանանեխի	خردل؛ درخت خردل	mananekhi
բորբոսնած	بوی ناگرفته	borbosnats
մգլոտած	بوی ناگرفته	mglotats
ստատիստ	صامت؛ لال	statist
փնթփնթալ	ورور کردن؛ من من	pntpntal
փոխադարձ	متقابل	pokhadardz
փոխադարձ կերպով	متقابلا؛ مانعهالجمع	pokhadardz kerpov
դունչ	پوزه؛ پوزبند	dunch
ռեխ	پوزه؛ پوزبند	rekh
իմ	مال من	im
ինքս ինձ	خودم	inks indz
խորհրդավոր	غیب؛ مرموز	khorhrdavor
խորհրդավոր կերպով	به‌طور اسرارآمیز	khorhrdavor kerpov
գաղտնիք	رمز؛ راز	gaghtnik
միստիկ	عارف؛ صوفی	mistik
խորհրդապաշտ	عارف؛ صوفی	khorhrdapasht
միստիցիզմ	درویشی؛ تصوف	mistitsizm
խորհրդամոլություն	درویشی؛ تصوف	khorhrdamolutyun
առասպել	اسطوره	araspel
միֆ	اسطوره	mif
դիցաբանություն	اسطوره شناسی؛ علم اساطیر	ditsabanutyun
առասպելաբանություն	اسطوره شناسی؛ علم اساطیر	araspelabanutyun
կիրառելի չէ	جنب؛ سینمایی	kirareli che
կարճահասակ ցեղի ձի	نق زدن؛ نق نقو	karchahasak tseghi dzi
յաբու	نق زدن؛ نق نقو	yabu
մեխ	میخ؛ ناخن	mekh
գամ	میخ؛ ناخن	gam
միամիտ	زودباور؛ ساده دل	miamit
պարզամիտ	زودباور؛ ساده دل	parzamit
միամտություն	زودباوری؛ ساده دلی	miamtutyun
տկլոր	برهنه	tklor
ազգանուն	نام، نامیدن	azganun
այսինքն	یعنی	aysinkn
այն է	یعنی	ayn e
անվանակից	همنام؛ هم اسم	anvanakits
նույնանուն	همنام؛ هم اسم	nuynanun
մազախավ	چرت؛ خواب کوتاه	mazakhav
անձեռոցիկ	دستمال؛ سینه بند	andzerotsik
խանձարուր	دستمال؛ سینه بند	khandzarur
Նեապոլ	ناپل	Neapol
պատմել	نقل کردن؛ حکایت کردن	patmel
պատմում	نقل؛ نقالی	patmum
պատմելը	نقل؛ نقالی	patmele
պատմվածք	روایت؛ نقلی	patmvatsk
պատմող	گوینده؛ راوی	patmogh
նեղ	باریک	negh
անձուկ	باریک	andzuk
ռնգային հնչյուն	تو دماغی	rngayin hnchyun
ռնգային	تو دماغی	rngayin
ծնունդ առնող	درحال تولد	tsnund arnogh
սկիզբ առնող	درحال تولد	skizb arnogh
Նեշվիլ	نشویل	Neshvil
նողկալի	ناخوشایند	noghkali
ծննդյան Ծննդյան օր ծննդավայր	تولدی؛ مولودی	tsnndyan Tsnndyan or tsnndavayr
ազգ	ملت؛ کشور	azg
համաքաղաքացի	ملی	hamakaghakatsi
ազգասիրություն	ناسیونالیزم؛ ملت پرستی	azgasirutyun
հայրենասիրություն	ناسیونالیزم؛ ملت پرستی	hayrenasirutyun
ազգայնամոլ	ناسیونالیست؛ ملت دوست	azgaynamol
ազգայնական	ناسیونالیست؛ ملت دوست	azgaynakan
ազգություն	ملیت؛ قومیت	azgutyun
ազգային պատկանելություն	ملیت؛ قومیت	azgayin patkanelutyun
համազգային	سراسری	hamazgayin
համաժողովրդական	سراسری	hamazhoghovrdakan
հարազատ	محلی؛ بومی	harazat
շնորհալի օժտված մարդ	طبیعی	shnorhali ozhtvats mard
բեկար	طبیعی	bekar
բնականաբար	طبیعتاً؛ به‌طور طبیعی	bnakanabar
բնություն	طبیعت	bnutyun
չլսող	بلا؛ شریر	chlsogh
սրտխառնուկ	تهوع؛ آشب	srtkharnuk
ծովախտ	تهوع؛ آشب	tsovakht
ռազմա-ծովային	دریایی	razma-tsovayin
նավատորմային նավային	دریایی	navatormayin navayin
նավարկելի	قابل کشتیرانی	navarkeli
կառավարվող	قابل کشتیرانی	karavarvogh
նավավարություն	ناوبری	navavarutyun
ռազմածովային նավատորմ	بحریه؛ کشتی جنگی	razmatsovayin navatorm
նավախումբ	بحریه؛ کشتی جنگی	navakhumb
հարեւան	نزدیک	harevan
կոկիկ	مرتب	kokik
կոկիկ լինելը	نظافت	kokik linele
Նեբրասկա	نبراسکا	Nebraska
անհրաժեշտ բան կերպով	لابد؛ لزوما	anhrazhesht ban kerpov
անհրաժեշտ բան	ضروری	anhrazhesht ban
առաջին անհրաժեշտության առարկաներ	ضروری	arajin anhrazheshtutyan ararkaner
անհրաժեշտություն առաջացնել	اقتضاء کردن؛ ایجاب کردن	anhrazheshtutyun arajatsnel
անհրաժեշտություն	ضرورت	anhrazheshtutyun
վիզ	گردن	viz
պարանոց	گردن	paranots
հյուսվածամեռուկ	بافت مردگی؛ موت موضعی	hyusvatsameruk
նեկրոզ	بافت مردگی؛ موت موضعی	nekroz
ծնյալ	نامیده شده	tsnyal
հարկավորություն	نیاز؛ نیاز داشتن	harkavorutyun
հարկավոր	محتاج	harkavor
ասեղ	سوزن	asegh
անպետք	مستغنی؛ بی نیاز	anpetk
կարիքավոր	مستمند؛ نیازمند	karikavor
աղքատ	مستمند؛ نیازمند	aghkat
ժխտում	نفی	zhkhtum
բացասում	منفی	batsasum
անփութություն	غفلت کردن، غفلت	anpututyun
ցանցառու	غافل؛ فروگذار	tsantsaru
բանակցություններ վարել	مذاکره کردن	banaktsutyunner varel
գործ վարել	مذاکره کردن	gorts varel
պայմանների քննարկում	مذاکره	paymanneri knnarkum
հաղթահարում	مذاکره	haghtaharum
բանակցություններ վարող անձ	مذاکره کننده	banaktsutyunner varogh andz
նեգր	زنگی؛ سیاه پوست	negr
նեգրական	زنگی؛ سیاه پوست	negrakan
դրացի	همسایه	dratsi
թաղամաս	مجاورت؛ همسایگی	taghamas
հարեւանություն	مجاورت؛ همسایگی	harevanutyun
ոչ մի	هیچ یک (از دو)	och mi
ոչ մեկը	هیچ یک (از دو)	och meke
եղբորորդի	خواهرزاده؛ برادر زاده	eghborordi
քեռորդի	خواهرزاده؛ برادر زاده	kerordi
նյարդ	عصب؛ جرئت	nyard
ջիղ	عصب؛ جرئت	jigh
նյարդային	عصبی	nyardayin
ջղագրգիռ	عصبی	jghagrgir
նյարդային լինելը	عصبانیت؛ عصبیت	nyardayin linele
տաքուկ հաճելի անկյուն	لانه	takuk hacheli ankyun
թակարդ լարել	خالص	takard larel
վանդակացանց	شبکه	vandakatsants
նյարդաբջիջ	یاخته عصبی	nyardabjij
նեյրոն	یاخته عصبی	neyron
չեզոք պետություն	بی‌طرف	chezok petutyun
միջինչեզոք անորոշ	بی‌طرف	mijinchezok anorosh
չեզոքություն	بیطرفی؛ نادرگیری	chezokutyun
Նեւադա	نوادا	Nevada
երբեք	هرگز	erbek
իհարկե ոչ	هرگز	iharke och
այնուամենայնիվ	باوجوداین؛ لهذا	aynuamenayniv
չնայած սակայն	باوجوداین؛ لهذا	chnayats sakayn
նոր	جدید	nor
այլ	جدید	ayl
նորեկ	نورسیده؛ نوآیند	norek
անծանոթ	نورسیده؛ نوآیند	antsanot
հենց նոր	به تازگی	hents nor
նոր լինելը	حداثت؛ بداعت	nor linele
լուրեր	اخبار	lurer
նորություններ	اخبار	norutyunner
լրագրական	روزنامه	lragrakan
նյուտոն	نیوتن	nyuton
հաջորդը	کنار	hajorde
հաճելիորեն	بخوبی	hachelioren
որմնախորշ	موقعیت مناسب، طاقچه	ormnakhorsh
նիկել	نیکل؛ آب نیکل دادن	nikel
նիկելից	نیکل؛ آب نیکل دادن	nikelits
մականուն	کنیه؛ اسم فرعی	makanun
կրճատ անուն	کنیه؛ اسم فرعی	krchat anun
քրոջ կամ եղբոր աղջիկ	خواهرزاده؛ برادر زاده	kroj kam eghbor aghjik
գիշեր	شب	gisher
գիշերամուտ	شبانگاه	gisheramut
գիշերային	شبانه؛ هر شب	gisherayin
ամեն գիշերվա	شبانه؛ هر شب	amen gisherva
մղձավանջ	کابوس؛ بختک	mghdzavanj
Նեբրովթ	نمرود	Nebrovt
հմուտ որսորդ	نمرود	hmut orsord
ինն	نه	inn
ինը	نه	ine
տասնինն	نوزده	tasninn
իննսուն	نود	innsun
իններորդ	یک نهم؛ درنهمین درجه	innerord
իններորդ մաս	یک نهم؛ درنهمین درجه	innerord mas
կսմթոց	زخمنیشگون؛ دردناک بودن	ksmtots
խայթոց	زخمنیشگون؛ دردناک بودن	khaytots
կծան	فندق شکن	ktsan
խայթող	فندق شکن	khaytogh
կրծքապտուկ	پستانک؛ نوک پستان	krtskaptuk
ծծակ	پستانک؛ نوک پستان	tstsak
ազոտաթթվի աղ	شوره	azotattvi agh
նիտրատ	شوره	nitrat
բորակածին	نیتروژن؛ ازت	borakatsin
վեհանձն	نجیب	vehandzn
ազնվական	نجیب زاده	aznvakan
պեր	نجیب زاده	per
ոչ ոք	هیچ کس	och ok
գլխի շարժում	سر تکان دادن	glkhi sharzhum
կիսաքուն վիճակ	سر تکان دادن	kisakun vichak
ուռուցք	گره	urutsk
հանգուցիկ	قلنبه کوچک	hangutsik
աղմկոտ	پر سر و صدا	aghmkot
աղմկալի	پر سر و صدا	aghmkali
անվանակարգություն	مجموعه لغات	anvanakargutyun
նոմենկլատուրա	مجموعه لغات	nomenklatura
անվանական	اعتباری؛ اسمی	anvanakan
թեկնածու առաջարկել	نامزد کردن	teknatsu arajarkel
նշանակել պաշտոնի	نامزد کردن	nshanakel pashtoni
թեկնածու առաջարկելը	نامزدی	teknatsu arajarkele
հերձվածող	نامقلد؛ ناپیرو	herdzvatsogh
աղանդավոր	نامقلد؛ ناپیرو	aghandavor
չտեսնված	وصف ناپذیر	chtesnvats
օտարոտի	وصف ناپذیر	otaroti
ոչ առեւտրային	غیرانتفاعی	och arevtrayin
անիմաստ բան	بی‌معنی	animast ban
ճիշտ կեսօրին	ظهر	chisht kesorin
ծուղակ	خفت کردن؛ در کمند انداختن	tsughak
ոչ	و نه؛ همچنین نه	och
նորմա	هنجار	norma
ընդհանուր կանոն	هنجار	endhanur kanon
նորմալբնական վիճակ	عادی	normalbnakan vichak
նորմալ ուղղահայաց	عادی	normal ughghahayats
նորմավորել	عادی کردن	normavorel
նորմալացնել	عادی کردن	normalatsnel
նորմալ կերպով	به طور عادی	normal kerpov
որպես կանոն	به طور عادی	orpes kanon
հյուսիս	شمال	hyusis
հյուսիսային քամի	شمال	hyusisayin kami
հյուսիս-արեւելք	شمال شرقی؛ شمال شرق	hyusis-arevelk
դեպի հյուսիս ուղղված	شمالً	depi hyusis ughghvats
հյուսիսից փչող	شمالً	hyusisits pchogh
հյուսիսի բնակիչ	شمالی	hyusisi bnakich
հյուսիսային	شمالی	hyusisayin
հյուսիսային ուղղություն	شمالا؛ قسمت شمالی	hyusisayin ughghutyun
հյուսիս-արեւմուտք	شمال غربی؛ شمال قرب	hyusis-arevmutk
հյուսիսարեւմտյան	شمال غربی؛ شمال قربی	hyusisarevmtyan
քիթ	بینی	kit
ռունգ	منخرین	rung
քթածակ	منخرین	ktatsak
չ	نه	ch
հռչակավոր մարդ	قابل توجه	hrchakavor mard
նշանավոր դեմք	قابل توجه	nshanavor demk
ուշագրավ կերպով	به ویژه	ushagrav kerpov
քառթ	فرورفتگی؛ چوبخط زدن	kart
խազ	فرورفتگی؛ چوبخط زدن	khaz
գրառում	یادداشت	grarum
տետր	دفترچه یادداشت	tetr
ուշադրության արժանի	گفتنی؛ قابل دقت	ushadrutyan arzhani
զրո	هیچ چیز	zro
ոչինչ	هیچ چیز	ochinch
տեղեկացում	اطلاع، متوجه شدن	teghekatsum
պատկերացում	صرافت	patkeratsum
հռչակավոր	بدنام	hrchakavor
հանրածանոթ	بدنام	hanratsanot
հռչակավոր կերպով	علانیتا	hrchakavor kerpov
գոյական անուն	اسم	goyakan anun
սնել	قوت دادن	snel
սնուցել	قوت دادن	snutsel
սնուցում	غذا؛ تغذی	snutsum
կերակրում	غذا؛ تغذی	kerakrum
բանականություն	قوه ادراک	banakanutyun
վեպ	رمان؛ رمان، جدید	vep
վիպասան	رمان‌نویس	vipasan
նորություն	طرفه؛ تازگی	norutyun
նորույթ	طرفه؛ تازگی	noruyt
նոյեմբեր	نوامبر	noyember
նոյեմբերյան	نوامبر	noyemberyan
նորելուկ	جدیدالایمان؛ مبتدی	noreluk
հիմա	الان	hima
այժմ	الان	ayzhm
այժմյան	امروزه	ayzhmyan
ոչ մի տեղ	هیچ جا	och mi tegh
միջուկային	اتمی؛ هسته ای	mijukayin
կորիզային	اتمی؛ هسته ای	korizayin
միջուկ	هسته؛ هستک	mijuk
կորիզ	هسته؛ هستک	koriz
թեթեւ հրում արմունկով	سقلمه	tetev hrum armunkov
տհաճություն	مایه رنجش	thachutyun
անախորժություն	مایه رنجش	anakhorzhutyun
անվավեր	تهی	anvaver
անարտահայտիչ	تهی	anartahaytich
անվավեր դարձնել	لغو کردن	anvaver dardznel
թիվ	شماره؛ شماره گذاری کردن	tiv
ընդարմացում	خدر؛ خواب رفتگی	endarmatsum
թմրություն	خدر؛ خواب رفتگی	tmrutyun
միանձնուհի	راهبه؛ زن تارک دنیا	miandznuhi
նուր	نور	nur
ծծմայր	پرستار	tstsmayr
դայակ	پرستار	dayak
մանկանոց	مهد کودک	mankanots
մանկասենյակ	مهد کودک	mankasenyak
ընկույզ	آجیل	enkuyz
դժվար խնդիր	آجیل	dzhvar khndir
ընկույզի կեղեւ՝ կճեպ	ملخص کلام	enkuyzi keghev, kchep
թիակ	پارو	tiak
թիավարել	پارو	tiavarel
օազիս	واحه	oazis
երդում	سوگند؛ یمین	erdum
երդմամբ	سوگند؛ یمین	erdmamb
կամակոր	سرخت؛ سخت دل	kamakor
հպատակություն	اطاعت؛ تمکین	hpatakutyun
հնազանդ	مطیع؛ چاکر	hnazand
հլու	مطیع؛ چاکر	hlu
գեր	تپل	ger
գիրություն	چاقی	girutyun
մարմնեղություն	چاقی	marmneghutyun
հնազանդվել	چاکری کردن؛ فرمانبرداری کردن	hnazandvel
հպատակվել	چاکری کردن؛ فرمانبرداری کردن	hpatakvel
առարկա	شیء	ararka
օբյեկտ	شیء	obyekt
առարկություն	اعتراض	ararkutyun
հակաճառություն բողոք	اعتراض	hakacharutyun boghok
առարկելի	ناشایسته؛ قابل اعتراض	ararkeli
դատապարտելի	ناشایسته؛ قابل اعتراض	dataparteli
խնդրին վերաբերվող	هدف؛ عینی	khndrin verabervogh
պարտականություն	فرض؛ التزام	partakanutyun
պարտավորեցնող	الزام آور	partavoretsnogh
պարտադրել	مجبور کردن	partadrel
պատրաստակամ	منت گذار	patrastakam
մոռացություն	فراموشی	moratsutyun
մոռացող	فراموشکار	moratsogh
քծնող	مزاج گو	ktsnogh
շողոքորթ	مزاج گو	shoghokort
դիտունակ	مراقب؛ مراعات کننده	ditunak
դիտող	ناظر	ditogh
դիտորդ	ناظر	ditord
համակել	وسواس داشتن	hamakel
բռնվածություն	وسواس	brnvatsutyun
անգործածական	مهمل؛ مهجور	angortsatsakan
համառություն	معاندت؛ خیره سری	hamarutyun
կամակորություն	معاندت؛ خیره سری	kamakorutyun
փակում	گرفتگی؛ سده	pakum
հասանելի	قابل حصول؛ بدست آوردنی	hasaneli
հնարավորություն	مناسبت؛ اقتضاء	hnaravorutyun
ոչ մշտական	گاه به گاه	och mshtakan
պատահմամբ	گاهی؛ گهگاه	patahmamb
երբեմն	گاهی؛ گهگاه	erbemn
զբաղեցնելը	سکونت	zbaghetsnele
օկուպացիա	شغل	okupatsia
տիրապետել	اشغال کردن	tirapetel
տեղի ունենալ	رخ دادن	teghi unenal
օվկիանոս	اقیانوس	ovkianos
հոկտեմբեր	اکتبر	hoktember
հոկտեմբերյան	اکتبر	hoktemberyan
օկուլյար	چشمی؛ باصرهای	okulyar
ակնապակի	چشمی؛ باصرهای	aknapaki
կենտ	فرد؛ عجیب	kent
անզույգ	فرد؛ عجیب	anzuyg
անհավասարությունառավելություն	شانس	anhavasarutyunaravelutyun
ներբող	چکامه	nerbogh
գովերգ	چکامه	goverg
ստեղծագործությունների ամբողջություն	کار عمده؛ کار حیاتی	steghtsagortsutyunneri amboghjutyun
ցույց է տալիս պատկանելիությունհեղինակություն	از	tsuyts e talis patkaneliutyunheghinakutyun
ամբողջ մի մասը	از	amboghj mi mase
ցույց է տալիսհեռացում	خاموش، خارج از	tsuyts e talisheratsum
հագուստի հանում	خاموش، خارج از	hagusti hanum
վիրավորիչ	متخلف	viravorich
անարգող	متخلف	anargogh
առաջարկ	پیشنهاد، پیشنهاد دادن	arajark
առաջարկել	پیشنهاد، پیشنهاد دادن	arajarkel
առաջարկություն	پیشنهاد	arajarkutyun
աննրբանկատ	بداهه؛ بی تهیه	annrbankat
սպա	افسر	spa
աստիճանավոր	افسر	astichanavor
պաշտոնյա	مقام؛ رسمی	pashtonya
պաշտոնեական	مقام؛ رسمی	pashtoneakan
պաշտոնապես	رسما؛ رسمانه	pashtonapes
ընձյուղ	افست	endzyugh
շիվ	افست	shiv
շատ հաճախ	اغلب	shat hachakh
օ՜	اوه	o
ձեթ	روغن	dzet
նավթ	روغن	navt
յուղային	چرب؛ دهنی	yughayin
յուղաքսուք	مرهم؛ مالیدنی	yughaksuk
կարգին	خوب	kargin
ծեր	پیر، قدیمی	tser
պառավ	پیر، قدیمی	parav
ձիթենի	زیتون؛ درخت زیتون	dziteni
ձիթապտուղ	زیتون؛ درخت زیتون	dzitaptugh
ձվածեղ	خاگینه	dzvatsegh
նախանշան	فال؛ اوعور	nakhanshan
չարագուշակ	شوم؛ نامیمون	charagushak
սպառնալից	شوم؛ نامیمون	sparnalits
բաց թողում	افتادگی؛ فروگذاری	bats toghum
բաց թողնելը զանցառություն	افتادگی؛ فروگذاری	bats toghnele zantsarutyun
բացթողումներ անել	حذف کردن؛ از قلم انداختن	batstoghumner anel
դուրս գցել	حذف کردن؛ از قلم انداختن	durs gtsel
ամենակարողություն	قدرت مطلق؛ قادر مطلق	amenakaroghutyun
ցույց է տալիս գործողության շարունակում	بر روی	tsuyts e talis gortsoghutyan sharunakum
ապարատի միացում	بر روی	aparati miatsum
մի անգամ	یک بار	mi angam
մի ժամանակ	یک بار	mi zhamanak
մեկ	یک	mek
իրեն համարանել	خویش؛ خود شخص	iren hamaranel
շարունակվող	در حال انجام	sharunakvogh
ընթացիկ	در حال انجام	entatsik
սոխ	پیاز	sokh
սոխի գլուխ	پیاز	sokhi glukh
առցանց	آنلاین	artsants
միակ	فقط	miak
եզակի	فقط	ezaki
վրա	روی	vra
դեպի առաջ շարժվող	بجلو؛ به پیش	depi araj sharzhvogh
արեւաքար	عینالهر؛ عین الشمس	arevakar
ծիածանաքար	عینالهر؛ عین الشمس	tsiatsanakar
անթափանցիկ	مات؛ غیر شفاف	antapantsik
անլուսաթափանց	مات؛ غیر شفاف	anlusatapants
բաց արած	باز، باز کردن	bats arats
բացահայտորեն	آشکارا	batsahaytoren
հրապարակավ	آشکارا	hraparakav
օպերա	اپرا	opera
գործառնական	عملیاتی	gortsarnakan
վիրաբույժ	اپراتور	virabuyzh
մեքվրա աշխատող բանվոր	اپراتور	mekvra ashkhatogh banvor
ճաշակները տարբեր են լինում	نظر	chashaknere tarber en linum
ափիոն	افیون؛ تریاک	apion
պատեհ	بموقع؛ بهنگام	pateh
պատեհություն	فرصت	patehutyun
դիմադրել	مخالفت کردن؛ متضاد کردن	dimadrel
ընդդիմանալ	مخالفت کردن؛ متضاد کردن	enddimanal
դիմադրություն	مخالفت؛ طرفیت	dimadrutyun
ընդդիմություն	مخالفت؛ طرفیت	enddimutyun
կեղեքել	جور کردن؛ جبر کردن	keghekel
ճնշում	جور؛ بیداد	chnshum
ընկճվածություն	جور؛ بیداد	enkchvatsutyun
կեղեքիչ	مستبدین	keghekich
հարստահարիչ	مستبدین	harstaharich
տեսողական	چشمی؛ شیشه عینک	tesoghakan
աչքի	چشمی؛ شیشه عینک	achki
լավատեսություն	خوشبینی	lavatesutyun
օպտիմիզմ	خوشبینی	optimizm
լավատեսական	خوشبین	lavatesakan
օպտիմիստական	خوشبین	optimistakan
տարբերակ	گزینه	tarberak
կամավոր կերպով ընտրած	اختیاری؛ خیاری	kamavor kerpov entrats
կամ	یا	kam
այլապես	یا	aylapes
բանավոր	شفاهی	banavor
ստոմատոլոգիական	شفاهی	stomatologiakan
նարինջ	پرتقال، نارنجی	narinj
նարնջենի	پرتقال، نارنجی	narnjeni
հրապարակախոսություն	خطابه	hraparakakhosutyun
հրապարակային ճառ	خطابه	hraparakayin char
հռետոր	نطاق؛ خطیب	hretor
ճառախոս	نطاق؛ خطیب	charakhos
պերճախոսություն մատուռ	شیوهسخنرانی؛ سخن پردازی	perchakhosutyun matur
աղոթատեղ	شیوهسخنرانی؛ سخن پردازی	aghotategh
գնդաձեւ մարմին	کروی شدن	gndadzev marmin
ուղեծիր	مدار؛ دور گشتن	ughetsir
աչքի խոռոչ	مدار؛ دور گشتن	achki khoroch
մրգաստան	باغ؛ درختستان	mrgastan
պտղատու այգի	باغ؛ درختستان	ptghatu aygi
նվագախումբ	ارکستر	nvagakhumb
պարտեր	ارکستر	parter
ծանր փորձություն	کار شاق	tsanr pordzutyun
չարչարանք երկնային դատաստան	کار شاق	charcharank erknayin datastan
կանոնավոր վիճակ	سفارش، سفارش دادن	kanonavor vichak
հանձնակատար	نظمی؛ مصدر	handznakatar
կապավոր	نظمی؛ مصدر	kapavor
հասարակ	معمولی	hasarak
հրանոթներ	تخشایی	hranotner
հանքանյութ	سنگ معدن	hankanyut
օրգան	عضو؛ آلت	organ
օրգանական	ارگانیک	organakan
կենդանի մարմին	اندامگان؛ سازواره	kendani marmin
կազմակերպություն	سازمان	kazmakerputyun
կազմակերպական	سازمانی	kazmakerpakan
կազմակերպող	سازماندهی کردن	kazmakerpogh
կազմակերպիչ	سازماندهی کردن	kazmakerpich
արեւելքի բնակիչ	شرقی؛ مشرقی	arevelki bnakich
կողմնորոշում	جهت‌گیری	koghmnoroshum
սկզբնաղբյուր	ریشه؛ اصل	skzbnaghbyur
նախօրինակ	اصلی	nakhorinak
ծնունդ տալ	سرچشمه گرفتن	tsnund tal
դրվագ	زینت؛ زیور	drvag
որբ	یتیم؛ پدرمرده	orb
որբի	یتیم؛ پدرمرده	orbi
որբություն	پرورشگاه؛ یتیم خانه	orbutyun
որբանոց	پرورشگاه؛ یتیم خانه	orbanots
ուղղափառ	فریور؛ راشد	ughghapar
ուղղահավատ	فریور؛ راشد	ughghahavat
ճոճում	نوسان	chochum
ոսկրացնել	استخوانی کردن؛ استخوانی شدن	oskratsnel
ոսկրանալ	استخوانی کردن؛ استخوانی شدن	oskranal
ոսկրակիրություն	پوکی استخوان	oskrakirutyun
օստեոպորոզ	پوکی استخوان	osteoporoz
ջայլամ	شتر مرغ	jaylam
այլ ձեւով	والا؛ وگرنه	ayl dzevov
ունցիա	اونس	untsia
մեր	مال ما	mer
մերը	ما	mere
մերոնք	ما	meronk
ինքներս	خودمان	inkners
մեզ	خودمان	mez
սողանցք	بیرون	soghantsk
գերազանցում	بس پردازی	gerazantsum
հանդերձանք	لباس	handerdzank
ակունք	بیرون ریزی؛ جریان بخارج	akunk
իրավազուրկ անձ	یاغی؛ ممنوع ساختن	iravazurk andz
բացթողի անցք	خروجی	batstoghi antsk
երկար ապրել	بیشتر دوام آوردن	erkar aprel
դիմանալ	بیشتر دوام آوردن	dimanal
տեսարան	چشم‌انداز	tesaran
առաջապահ ուղեկալ	پایگاه مرزی	arajapah ughekal
արտադրանք	خروجی	artadrank
արտադրողականություն	خروجی	artadroghakanutyun
կոպիտ խախտում	خشم	kopit khakhtum
դրսի կողմ	بیرون	drsi koghm
արտաքին մաս	بیرون	artakin mas
կողմնակի անձ	بیگانه	koghmnaki andz
ոչ անդամ	بیگانه	och andam
շիտակ	رو دار؛ بی پرده	shitak
ակնառու	برجسته	aknaru
կարկառուն	برجسته	karkarun
դեպի դուրս	به‌طرف خارج	depi durs
դուրս	به‌طرف خارج	durs
քաշով գերազանցել	مهمتربودن از	kashov gerazantsel
գերակշռել	مهمتربودن از	gerakshrel
ձվարանային	تخمدانی	dzvaranayin
ձվարան	تخمدان	dzvaran
փուռ	فر	pur
վառարան	فر	vararan
ավելցուկ	روی، تمام شده	aveltsuk
անդրանցում	روی، تمام شده	andrantsum
արտահագուստ	بالاپوش؛ لباس کار	artahagust
նավից դուրս	بدریا؛ روی کشتی	navits durs
ջրի մեջ	بدریا؛ روی کشتی	jri mej
հաղթահարել	غلبه کردن	haghtaharel
ժամկետանց	سر رسیده؛ موعد رسیده	zhamketants
արտահոս	طغیان؛ آگندن	artahos
հեղեղում	طغیان؛ آگندن	hegheghum
վերին	بالاسری	verin
վերերկրյա	بالاسری	vererkrya
պատահմամբ ակամա լսել	استراق سمع کردن	patahmamb akama lsel
թաքուն ականջ դնել	استراق سمع کردن	takun akanj dnel
մասնակի կերպով իրար ծածկել	اشتراک داشتن؛ روی هم افتادن	masnaki kerpov irar tsatskel
մասամբ համընկնել	اشتراک داشتن؛ روی هم افتادن	masamb hamenknel
գերաբեռնում	گرانبار؛ گران بار شدن	gerabernum
ծանրաբեռնում ծանրաբեռնել	گرانبار؛ گران بار شدن	tsanrabernum tsanrabernel
բացվել	نادیده گرفتن	batsvel
ավելցուկ կերպով	بیش از حد	aveltsuk kerpov
նախորդ երեկոյան	یک شبه	nakhord erekoyan
ամբողջ գիշերը	یک شبه	amboghj gishere
արտասահմանում	خارج از کشور	artasahmanum
ծովից այն կողմ	خارج از کشور	tsovits ayn koghm
հսկել	نظارت کردن	hskel
վերահսկել	نظارت کردن	verahskel
վերահսկիչ	سرکار	verahskich
ստվեր գցել	تحت الشعاع قراردادن	stver gtsel
նսեմացնել	تحت الشعاع قراردادن	nsematsnel
տապալում	سرنگونی؛ منقرض کردن	tapalum
տապալված	منقرض؛ مظمحل	tapalvats
բանակցությունների սկիզբ	آغاز عمل؛ پیش درآمد	banaktsutyunneri skizb
վայր գլորելը	واژگون کردن	vayr glorele
ջրի տակ անել	غرق کردن	jri tak anel
ձվաբջիջ	تخم؛ تخمک	dzvabjij
մեկին պարտք լինել	مدیون بودن؛ بدهکار بودن	mekin partk linel
չվճարված	مقروض	chvcharvats
պարտք մնացած	مقروض	partk mnatsats
բու	جغد؛ بوف	bu
անձնական	خود، داشتن؛ داشتن	andznakan
սեփական	خود، داشتن؛ داشتن	sepakan
սեփականատեր նավապետ	مالک	sepakanater navapet
սեփականություն	مالکیت	sepakanutyun
եզ	نره گاو	ez
կիսակոշիկ	اکسفورد؛ آکسفورد	kisakoshik
պողպատի գույն	اکسفورد؛ آکسفورد	poghpati guyn
օքսիդացում	ترکیب اکسیژن	oksidatsum
օքսիդ	اکسید	oksid
թթվածին	اکسیژن	ttvatsin
թթվածնով հագեցած	اکسیژنه	ttvatsnov hagetsats
օզոն	اوزون	ozon
արագություն տեմպ	شلنگ؛ خرام	aragutyun temp
խաղաղասեր	صلح جو	khaghaghaser
խաղաղ	صلح جو	khaghagh
հանգստացնող անձ	آرام کننده	hangstatsnogh andz
ռետինե ծծակ	آرام کننده	retine tstsak
հանգստացնել	آرامش دادن	hangstatsnel
հաշտեցնել	آرامش دادن	hashtetsnel
հակ	بسته بندی کردن	hak
փաթեթ	بسته بندی کردن	patet
փաթեթավորիչ	بسته	patetavorich
ծրարող	بسته	tsrarogh
փափուկ թամբ	پد	papuk tamb
կնքաբարձ	پد	knkabardz
լայնաբերան թիակ	پارو زدن	laynaberan tiak
թիավարում	پارو زدن	tiavarum
ցավ	درد	tsav
տանջանք	درد	tanjank
ցավ չպատճառող	بیدرد	tsav chpatcharogh
փութաջան	رنجبر؛ زحمت کش	putajan
ներկգույն	نقاشی کردن، رنگ	nerkguyn
կարմրաներկներկել	نقاشی کردن، رنگ	karmranerknerkel
նկարիչ	نقاش	nkarich
ներկարար	نقاش	nerkarar
զարդանկար	نقاشی	zardankar
ամուսնական զույգ	جفت	amusnakan zuyg
քիմք	سق؛ حنک	kimk
ճաշակ	سق؛ حنک	chashak
ծղոտե ներքնակ	ماله صافکاری	tsghote nerknak
մեռելագույն	کم رنگ	merelaguyn
գունաթափ	کم رنگ	gunatap
թիաբերան	کف دست	tiaberan
կաթվածահարություն	زمین گیری	katvatsaharutyun
երես տված	نازپرورده	eres tvats
պամֆլետ	جزوه	pamflet
պարսավագիր	جزوه	parsavagir
պամֆլետներ գրող	جزوه نویس	pamfletner grogh
պամֆլետիստ	جزوه نویس	pamfletist
թավա	گودال آب	tava
կաթսայիկ	گودال آب	katsayik
պանամա	پاناما	panama
խոշոր ծավալի խարդախություն	پاناما	khoshor tsavali khardakhutyun
ձիթաբլիթ	نان ساجی	dzitablit
յուղաբլիթ	نان ساجی	yughablit
լուսամուտի շրջանակամաս	قاب شیشه	lusamuti shrjanakamas
պանել	قاب شیشه	panel
վահան	تخته کوبی کردن	vahan
սուր ցավ	سوزش ناگهانی	sur tsav
խայթ	سوزش ناگهانی	khayt
պանիկա	وحشت	panika
համայնապատկեր	چشم انداز	hamaynapatker
ծանր շնչառություն	له له	tsanr shncharutyun
հեւք	له له	hevk
մթերանոց	گنجه؛ دولاب	mteranots
վարտիք	شلوار	vartik
փոխան	شلوار	pokhan
փաստաթղթային աշխատանք	کاغذ بازی	pastatghtayin ashkhatank
զորահանդես	رژه	zorahandes
վարժահրապարակ	رژه	varzhahraparak
դրախտ	رضوان؛ عدن	drakht
արքայություն	رضوان؛ عدن	arkayutyun
պարադոքսային	مهمل نما	paradoksayin
պարաֆին	پارافین	parafin
պարաֆինի յուղ	پارافین	parafini yugh
զուգահեռական	موازی	zugaherakan
զուգահեռ գիծ	موازی	zugaher gits
անդամալուծություն	فلج؛ لقوه	andamalutsutyun
կաթվածահար	فالج؛ افلیج	katvatsahar
անդամալույծ	فالج؛ افلیج	andamaluyts
կաթվածահար անել	لنگ کردن؛ فلج کردن	katvatsahar anel
պարամետր	پارامتر	parametr
ցածրիկ եզրապատ	دیواره	tsatsrik ezrapat
վերապատմում	تاویل؛ تاویل کردن	verapatmum
փոխադրություն	تاویل؛ تاویل کردن	pokhadrutyun
ստորին վերջույթների կաթված	فلج پا؛ پا فلجی	storin verjuytneri katvats
մակաբույծ	انگل؛ طفیلی	makabuyts
պարազիտ	انگل؛ طفیلی	parazit
պարազիտական	انگلی؛ پارازیتی	parazitakan
մակաբուծական	انگلی؛ پارازیتی	makabutsakan
ծրար	بسته؛ رزمه	tsrar
ծանրոց	بسته؛ رزمه	tsanrots
ծնողական	والدین	tsnoghakan
պատային	جداری	patayin
գագաթային	جداری	gagatayin
Փարիզ	پاریس	Pariz
եկեղեցական ծուխ	اهل محله	ekeghetsakan tsukh
պառլամենտ	مجلس؛ کنگره	parlament
պառլամենտական	مجلس؛ کنگره	parlamentakan
հարգալից	پارلمانی؛ مجلسی	hargalits
ազնիվ խոսք	عفو مشروط؛ قول مردانه	azniv khosk
հանդիսավոր խոստում նշանաբառ	عفو مشروط؛ قول مردانه	handisavor khostum nshanabar
պարկետ	محل ارکسترنمایش؛ باچوب فرش کردن	parket
մանրատախտակ	محل ارکسترنمایش؛ باچوب فرش کردن	manratakhtak
թութակ	طوطی	tutak
թութակի պես կրկնել	طوطی	tutaki pes krknel
ետ մղել	دورسازی	et mghel
խափանեը	دورسازی	khapanee
մասնակցել	بهره داشتن؛ قسمت بردن	masnaktsel
մասնակի	موضعی؛ طرفدارانه	masnaki
ոչ անտարբեր	موضعی؛ طرفدارانه	och antarber
աչառություն	جانب داری	acharutyun
կողմնապահություն	جانب داری	koghmnapahutyun
մասնակից	حاضر؛ شریک	masnakits
մասնակցող	حاضر؛ شریک	masnaktsogh
մասնակից լինել	مشارکت	masnakits linel
մասնիկ	ریزه؛ ذره	masnik
նախածանց	ریزه؛ ذره	nakhatsants
մանրամասնություն	خاص	manramasnutyun
հանգամանորենհատուկ	خاص	hangamanorenhatuk
համախոհ	پارتیزان	hamakhoh
միջնապատ	افراز؛ انقسام	mijnapat
մասամբ	یک چند؛ دریک جزء	masamb
որոշ չափով	یک چند؛ دریک جزء	orosh chapov
կես դրույքով	پاره‌وقت	kes druykov
կուսակցություն	مهمانی، حزب	kusaktsutyun
կուսակցական	مهمانی، حزب	kusaktsakan
ռեյս	گذرگاه؛ قطعه متن	reys
ճամփորդ	مسافر	champord
բուռն զգացմունք	شهوت؛ شور	burn zgatsmunk
կրավորական սեռ	بیبهره؛ انفعالی	kravorakan ser
անձնագիր	گذرنامه	andznagir
անձնական հատկություններ	گذرنامه	andznakan hatkutyunner
գաղտնաբառ	رمز عبور	gaghtnabar
անցյալ	گذشته	antsyal
անցածը	گذشته	antsatse
պաստեղ	خمیر؛ چسب	pastegh
հաճելի ժամանց	کاروقت گذران	hacheli zhamants
հոգեւոր հովիվ	شبان	hogevor hoviv
արոտավայր	چراندن؛ چراگاه	arotavayr
արոտատեղ	چراندن؛ چراگاه	arotategh
ափով թեթեւ խփելը	به‌طور مناسب	apov tetev khpele
թփթփացնելը թրխկոց	به‌طور مناسب	tptpatsnele trkhkots
արհեստական խալ	وصله؛ جالیز	arhestakan khal
գույնզգույն կտորներից վերմակ	کارسرهم بندی؛ وصله دوزی	guynzguyn ktornerits vermak
արտոնագիր	منشور؛ امتیاز نامه	artonagir
հոր	از پدر	hor
արահետ	معبر	arahet
շավիղ	معبر	shavigh
սրտաշարժ	تاثرآور	srtasharzh
սրտառուչ	تاثرآور	srtaruch
ախտածին	مرض خیز	akhtatsin
ախտաբանական	پاتولوژی	akhtabanakan
ախտաբան	مرض شناس؛ آسیب شناس	akhtaban
ախտաբանություն	پاتولوژی؛ مرض شناسی	akhtabanutyun
համբերություն	صبر	hamberutyun
բուժվող հիվանդ	بیمار	buzhvogh hivand
համբերատար	بیمار	hamberatar
բուժվող հիվանդ կերպով	صبورانه	buzhvogh hivand kerpov
հովվապետ	شیخ؛ پدرشاه	hovvapet
պատրիարք	شیخ؛ پدرشاه	patriark
հայրենասեր	پاتریوت؛ وطن پرست	hayrenaser
հայրենասիրական	وطن دوستی	hayrenasirakan
պարեկ	گشت؛ گشتی	parek
զինված պահակախումբ	گشت؛ گشتی	zinvats pahakakhumb
հովանավոր	مشوق	hovanavor
անձրեւի կաթիլների տկտկոց	لهجه محلی	andzrevi katilneri tktkots
թեթեւակի տկտկոց	لهجه محلی	tetevaki tktkots
սարալկված	سنفرش شده	saralkvats
մայթ	فرش؛ سنگفرش	mayt
սալահատակ	فرش؛ سنگفرش	salahatak
վրան	جایگاه؛ درکلاه فرنگی	vran
աննշան չնչին մարդ	گرو؛ گرو گذاشتن	annshan chnchin mard
ռոճիկ	پرداخت؛ پرداخت کردن	rochik
վճարելի	دادنی؛ پرداختنی	vchareli
վճարման ենթակա	دادنی؛ پرداختنی	vcharman entaka
վճարում	اجاره؛ پرداخت	vcharum
սիսեռ	نخود	siser
խաղաղություն	صلح	khaghaghutyun
հաշտություն	صلح	hashtutyun
խաղաղ կերպով	از راه مسالمت	khaghagh kerpov
սրածայր գագաթ	فرق؛ قله	sratsayr gagat
լեռնագագաթ	فرق؛ قله	lernagagat
ղողանջ	صدای پیوسته؛ صدای مسلسل	ghoghanj
որոտ	صدای پیوسته؛ صدای مسلسل	orot
տանձ	گلابی؛ امرود	tandz
տանձենի	گلابی؛ امرود	tandzeni
մարգարիտ	مروارید؛ مرواریدی	margarit
մարգարտահատ	مروارید؛ مرواریدی	margartahat
գյուղացիություն	رعایا؛ دهقانی	gyughatsiutyun
կտցահարված	نوک زدن؛ نک زدن	kttsaharvats
թեթեւ համբույր	نوک زدن؛ نک زدن	tetev hambuyr
կրծքային	صدری	krtskayin
տարօրինակություն	غرابت	tarorinakutyun
յուրօրինակություն	غرابت	yurorinakutyun
փողային	جریمه دار	poghayin
ոտնակ	رکاب؛ پدال	otnak
պեդալ	رکاب؛ پدال	pedal
մանրախնդիր	ملانقطی	manrakhndir
մանրակրկիտ	ملانقطی	manrakrkit
մանրավաճառություն անող	دورگرد؛ دوره گرد	manravacharutyun anogh
դրոց	پایه؛ پایه مجسمه	drots
հետիոտն	پیاده؛ رهگذر	hetiotn
ոտավոր	پیاده؛ رهگذر	otavor
գաղտագողի հայացք	جیک زدن؛ نیش آفتاب	gaghtagoghi hayatsk
լավ դիտել	همتا	lav ditel
պերի կոչում	مقام اشرافی	peri kochum
պերերի դաս	مقام اشرافی	pereri das
սեպ	میخچوبی؛ شبیه میخ	sep
ցից	میخچوبی؛ شبیه میخ	tsits
ուժեղ հարված	پوستک؛ خامسوز	uzhegh harvats
խփելը	پوستک؛ خامسوز	khpele
կոնքային	لگنی	konkayin
կոնք	لگن؛ لگن خاصره	konk
գրչածայր	خودکار	grchatsayr
գրիչ	خودکار	grich
քրեական	مجازاتی؛ کیفری	kreakan
պատժի արժանի	مجازاتی؛ کیفری	patzhi arzhani
տույժ	جریمه	tuyzh
մատիտ	مداد	matit
չվճռված	امر معلق	chvchrvats
չորոշված	امر معلق	choroshvats
ճոճանակ	آونگ؛ پاندول	chochanak
անկայուն մարդ	آونگ؛ پاندول	ankayun mard
թափանցող	ثاقب؛ نافذ	tapantsogh
թափանցելիություն	نفوذ؛ رسوخ	tapantseliutyun
թափանցիկություն	نفوذ؛ رسوخ	tapantsikutyun
թերակղզի	شبه جزیره	terakghzi
առնանդամ	دول؛ چر	arnandam
ուղղիչ տուն	ندامتی؛ ندامتگاه	ughghich tun
տաժանակրության բանտ	ندامتی؛ ندامتگاه	tazhanakrutyan bant
անփող	نادار؛ بی زر	anpogh
առանց դրամի	نادار؛ بی زر	arants drami
Փենսիլվանիա	پنسیلوانیا	Pensilvania
պեննի	پنی	penni
թոշակառու	وظیفهخوار؛ مستمری بگیر	toshakaru
վարձկան	وظیفهخوار؛ مستمری بگیر	vardzkan
մտախոհ	گرفتار غم	mtakhoh
մտազբաղ	گرفتار غم	mtazbagh
չարդախ	ساباط؛ کبوتر خانه	chardakh
պղպեղ	فلفل	pghpegh
կծվություն	فلفل	ktsvutyun
միջոցով	در هر	mijotsov
փոստով	در هر	postov
զգալով իմանալ	درک کردن	zgalov imanal
տոկոս	درصد	tokos
զգայական ընկալում	ادراک	zgayakan enkalum
թառ	جایگاه بلند	tar
բարձր կամ հաստատուն դիրք	جایگاه بلند	bardzr kam hastatun dirk
անառարկելի	حکمی؛ شتاب آمیز	anararkeli
պերֆեկտ	کامل	perfekt
վաղակատարի ձեւը	کامل	vaghakatari dzeve
կատարելագործում	کمال؛ بی عیبی	katarelagortsum
ավարտունություն	کمال؛ بی عیبی	avartunutyun
շաղափված	سوراخ شده؛ خلل و فرج دار	shaghapvats
գայլիկոնով ծակելը	مسئله؛ مسام	gaylikonov tsakele
շաղափելը	مسئله؛ مسام	shaghapele
խաղալ	اجرا کردن	khaghal
կատարող	کننده؛ مرتکب	katarogh
գուցե	شاید	gutse
պարբերական	دوری؛ تناوبی	parberakan
ցիկլային	دوری؛ تناوبی	tsiklayin
պարբերական մամուլ	مجله؛ نوبتی	parberakan mamul
ծայրամասային	جنبی؛ پیرامونی	tsayramasayin
կործանվել	فاسدشدن؛ هلاک شدن	kortsanvel
մեռնել	فاسدشدن؛ هلاک شدن	mernel
անփոփող	به طور دائمی	anpopogh
թույլատրություն	اجازه	tuylatrutyun
անցագիր	پروانه؛ پته	antsagir
թույլատրագիր	پروانه؛ پته	tuylatragir
ուղղահայաց	عمودی؛ ستون وار	ughghahayats
ուղղալար	عمودی؛ ستون وار	ughghalar
հավիտենական	ابد	havitenakan
հավիտենական կերպով	بر سبیل استمرار	havitenakan kerpov
հավերժացնել	جاودانی ساختن	haverzhatsnel
ապշած	حیرت زده	apshats
շվարած	حیرت زده	shvarats
շփոթվածություն	حیرت؛ سرگردانی	shpotvatsutyun
պարսիկ	فارسی؛ ایرانی	parsik
պարսկուհի	فارسی؛ ایرانی	parskuhi
համառել	پیله کردن؛ پافشاری کردن	hamarel
համառ կերպով	مصرانه؛ مصرا	hamar kerpov
մասնավոր	شخصی	masnavor
անձնավորություն	شخصیت	andznavorutyun
անձամբ	شخصاً؛ بنفسه	andzamb
անձնապես	شخصاً؛ بنفسه	andznapes
անձնավորում	همانند دیگری	andznavorum
անձնավորված	مجسم	andznavorvats
անձնակազմ	پرسنل؛ اعضا اداری	andznakazm
հեռանկար	لحاظ؛ چشمانداز	herankar
քրտինք	تعریق؛ رشحه	krtink
քրտնել	عرق کردن؛ عرق ریختن	krtnel
հավատացնել	اغواکردن؛ راضی کردن	havatatsnel
համոզվածություն	ترغیب؛ متقاعد سازی	hamozvatsutyun
Պերու	پرو	Peru
պատուհաս	مرگی	patuhas
այտուցային ժանտախտ	طاعون؛ بیماری طاعون	aytutsayin zhantakht
ժանտամահ	طاعون؛ بیماری طاعون	zhantamah
փայփայած	حیوان خانگی	paypayats
Պետերբուրգ	پترزبورگ	Peterburg
Պետերսոն	پیترسون	Peterson
խնդրագիր	عرضحال؛ دادخواست	khndragir
խնդրարկու	متظلم؛ دادخواه	khndrarku
քարանված	متحجر	karanvats
գազոլին	بنزین	gazolin
մանր լինելը	دونی	manr linele
դյուրաբորբոքություն	کج خلقی؛ زود رنجی	dyuraborbokutyun
նեղացկոտություն	کج خلقی؛ زود رنجی	neghatskotutyun
տեսիլք	ظاهر فریبنده	tesilk
ըմպան	حلقوم؛ گلوگاه	empan
փուլ	وجه؛ مرحله	pul
ֆազ	وجه؛ مرحله	faz
փասիան	تذرو	pasian
երեւույթ	پدیده؛ حادثه	erevuyt
ֆենոմեն	پدیده؛ حادثه	fenomen
Ֆիլադելֆիա	فیلادلفیا	Filadelfia
մարդասիրական	بشردوست؛ نوعدوست	mardasirakan
մարդասեր	بشردوست	mardaser
մարդասիրություն	بشردوستی؛ نوعپرستی	mardasirutyun
բարեգործություն	بشردوستی؛ نوعپرستی	baregortsutyun
ֆիլիպինյան	فیلیپین	filipinyan
Ֆիլիպիններ	فیلیپین	Filipinner
փիլիսոփա	فیلسوف	pilisopa
փիլիսոփայական	فلسفی	pilisopayakan
փիլիսոփայություն	فلسفه؛ حکمت	pilisopayutyun
փյունիկ	سمندر؛ سیمرغ	pyunik
կատարելության տիպար	سمندر؛ سیمرغ	katarelutyan tipar
հեռախոս	تلفن، تماس گرفتن	herakhos
հեռախոսի լսափող	تلفن، تماس گرفتن	herakhosi lsapogh
ֆոսֆոր	فسفر	fosfor
լուսանկար	عکس	lusankar
լուսանկարել	عکس؛ عکس گرفتن	lusankarel
լուսանկարիչ	عکاس؛ عکس بردار	lusankarich
լուսանկարչական	عکسی	lusankarchakan
լուսանկարչություն	عکاسی؛ عکس برداری	lusankarchutyun
լուսանկարում	عکاسی؛ عکس برداری	lusankarum
դարձվածք	عبارت	dardzvatsk
նյութական	فیزیکی	nyutakan
բժշկություն կերպով	جسماً	bzhshkutyun kerpov
ֆիզիկա	فیزیک	fizika
ֆիզիոլոգիական	تنکردی	fiziologiakan
ֆիզիոլոգիա	علمالابدان؛ علم طبیعی	fiziologia
բնախոսություն	علمالابدان؛ علم طبیعی	bnakhosutyun
դաշնամուր	پیانو	dashnamur
դաշնակ	پیانو	dashnak
զբոսախնջույք	پیکنیک؛ اجتماعی درخارج	zbosakhnjuyk
հաճելի ժամանակ	پیکنیک؛ اجتماعی درخارج	hacheli zhamanak
գեղատեսիլ	خوش منظره	geghatesil
կարկանդակ	درهم ریختن؛ کلاغ زنگی	karkandak
պաշտետ	درهم ریختن؛ کلاغ زنگی	pashtet
պիսակավոր ձի	ابلق؛ پیسه	pisakavor dzi
ալեհերձ	جرز؛ اسکله	aleherdz
ծովապատնեշ	جرز؛ اسکله	tsovapatnesh
խոցել	سپوختن؛ سفتن	khotsel
ծակել	سپوختن؛ سفتن	tsakel
բարեպաշտություն	تدین؛ دیانت	barepashtutyun
աստվածավախություն	تدین؛ دیانت	astvatsavakhutyun
խոզ	خوک	khoz
խոզի միս	خوک	khozi mis
աղավնի	کبوتر	aghavni
աղավնյակ	کبوتر	aghavnyak
գունանյութ	رنگدانه؛ رنگیزه	gunanyut
պիգմենտ	رنگدانه؛ رنگیزه	pigment
գայլաձուկ	نوک نیزه؛ اردک ماهی	gayladzuk
տեգ նիզակ	نوک نیزه؛ اردک ماهی	teg nizak
ուխտագնաց	حاجی؛ زوار	ukhtagnats
պանդուխտ	حاجی؛ زوار	pandukht
ուխտագնացություն	زیارت؛ زیارت رفتن	ukhtagnatsutyun
դեղահատ	قرص	deghahat
հաբ	قرص	hab
տակդիր	پشتی؛ بالش	takdir
նավատար	خلبان	navatar
լոցման	خلبان	lotsman
գնդասեղ	میل؛ سوزن	gndasegh
հերակալ	میل؛ سوزن	herakal
ճմկթոց	مضیقه؛ وشگون	chmktots
սոճի	کاج؛ صنوبر	sochi
անանաս	کاج؛ صنوبر	ananas
արքայախնձոր	آناناس	arkayakhndzor
մեխակ	صورتی	mekhak
վարդի գույն	صورتی	vardi guyn
բարձր լեռնագագաթ	منتهی درجه	bardzr lernagagat
բելվեդեր կուլմինացիոն կետ	منتهی درجه	belveder kulminatsion ket
պիոներ	پیشگام؛ پیشرو	pioner
առաջին նորաբնակ	پیشگام؛ پیشرو	arajin norabnak
կրոնապաշտ	خیر؛ پارسا	kronapasht
ծխամորճ	لوله؛ چپق	tskhamorch
խողովակներ	مغزی؛ نیزنی	khoghovakner
խողովակաշար	مغزی؛ نیزنی	khoghovakashar
ծովահեն	دزد ادبی؛ دزد دریایی	tsovahen
հեղինակային իրավունքը խախտող	دزد ادبی؛ دزد دریایی	heghinakayin iravunke khakhtogh
ատրճանակ	پارابلوم؛ هفت تیر	atrchanak
փշտով	پارابلوم؛ هفت تیر	pshtov
մխոց	پیستون؛ میله متحرک	mkhots
կափույր	پیستون؛ میله متحرک	kapuyr
ողնօրորում	زفت	oghnororum
միջուկով	پرمغز؛ شبیه مغز	mijukov
խղճալի	قابل ترحم	khghchali
գթոտ	قابل ترحم	gtot
անողորմ	بی ترحم	anoghorm
Փիթսբուրգ	پیتسبورگ	Pitsburg
խղճահարություն	ترحم	khghchaharutyun
խղճալ	ترحم	khghchal
ժանտախտ	بلا؛ طاعون	zhantakht
պլեդ	پارچه پیچازی	pled
ծածկոցաշալ	پارچه پیچازی	tsatskotsashal
հայցվորուհի	شاکی؛ دادخواه	haytsvoruhi
լալագին	شکوهآمیز؛ گله آمیز	lalagin
աղիողորմ	شکوهآمیز؛ گله آمیز	aghioghorm
հյուս	گیس بافته	hyus
ծամ	گیس بافته	tsam
մոլորակ	سیاره	molorak
շերտաձողիկ	تخته؛ تخته پوش کردن	shertadzoghik
տախտակում	تخته بندی	takhtakum
փայտե երեսվածք	تخته بندی	payte eresvatsk
ծրագրավորման լեզու	طراح	tsragravorman lezu
բույս	کاشتن؛ گیاه	buys
սածիլ	کاشتن؛ گیاه	satsil
տնկադաշտ	سبزیکاری؛ درختستان	tnkadasht
պլանտացիա	سبزیکاری؛ درختستان	plantatsia
պլանտատոր	صاحب مزرعه؛ پرورنده گیاهان	plantator
տնկիչ	صاحب مزرعه؛ پرورنده گیاهان	tnkich
պլազմա	پلاسما	plazma
ավշահյութ	پلاسما	avshahyut
սվաղ	گچ؛ مشمع	svagh
սպեղանի	گچ؛ مشمع	speghani
պլաստմասսա	پلاستیک	plastmassa
պլաստիկ զանգված	پلاستیک	plastik zangvats
ափսե	بشقاب	apse
բարձրավանդակ	فلات؛ زمین مسطح	bardzravandak
սարահարթ	فلات؛ زمین مسطح	sarahart
կառամատույց	سکو	karamatuyts
պլատֆորմ	سکو	platform
նիկելապատում	آبکاری فلزی	nikelapatum
ոսկեզօծում	آبکاری فلزی	oskezotsum
պլատոնական	افلاطونی	platonakan
ոստիկանական ջոկատ	رسد	ostikanakan jokat
դասակ	رسد	dasak
ճշմարտանման	باورکردنی؛ قابل استماع	chshmartanman
պիես	بازی کردن، نمایش	pies
խաղացող	بازیکن	khaghatsogh
կայտառ	بازیگوش	kaytar
ժրություն	بازیگوشی	zhrutyun
մանկության ընկեր	همبازی	mankutyan enker
խաղընկեր	همبازی	khaghenker
պատրվակ	استدعا؛ عرضحال	patrvak
դուր գալ	خوشحال کردن؛ لطفا	dur gal
դուր գված	خوشحال	dur gvats
բավականություն՝ հաճույք պատճառող	کیفی؛ لذت بخش	bavakanutyun, hachuyk patcharogh
բավականություն	لذت؛ خوشی	bavakanutyun
գրավական	سوگند؛ گرو	gravakan
պլենար	غیر مقید	plenar
լիուլի	وافر	liuli
լիություն	کثیر؛ بمقدار فراوان	liutyun
թոքամիզի բորբոքում	ذاتالجنب؛ برسام	tokamizi borbokum
պլերիտ	ذاتالجنب؛ برسام	plerit
դյուրաթեք	قابل انعطاف؛ نرم شدنی	dyuratek
ֆաբուլա	دسیسه؛ توطئه	fabula
սյուժե	دسیسه؛ توطئه	syuzhe
գութան	شخم؛ شیار کردن	gutan
անձրեւակեռնեխ	مرغ باران	andzrevakernekh
հերկել	گاو آهن؛ سختی جلو رفتن	herkel
խիզախություն	پر کندن؛ ناگهان کشیدن	khizakhutyun
փակիչ	دوشاخه	pakich
կալնիչ	دوشاخه	kalnich
սալոր	گوجه؛ آلو	salor
շլոր	گوجه؛ آلو	shlor
փետրավորում	بال و پر	petravorum
փետուրներ	بال و پر	peturner
կապարի փոքր կտոր	عمود بودن؛ عمق پیمودن	kapari pokr ktor
ուղղահայաց իսկական	عمود بودن؛ عمق پیمودن	ughghahayats iskakan
ջրմուղագործ	لولهکش؛ لوله ساز	jrmughagorts
փետրազարդ	نازیدن؛ پر آرایشی	petrazard
լիքը	گوشتالو؛ سمین	like
հաստլիկ	گوشتالو؛ سمین	hastlik
սուզելը	افت؛ شیرجه	suzele
հոգնակի թիվ	جمعی؛ صیغه جمع	hognaki tiv
գումարման նշան	به اضافه	gumarman nshan
դրական մեծություն	به اضافه	drakan metsutyun
լարված աշխատել	لا؛ وآمد کردن	larvats ashkhatel
թոքերի բորբոքում	ذات الریه	tokeri borbokum
գրապան	جیب	grapan
գրպանիկ	جیب	grpanik
ծոցատետր	کتاب جیبی؛ جزوه دان	tsotsatetr
ծաղկատար	مجدر؛ آبله دار	tsaghkatar
չեչոտ	مجدر؛ آبله دار	chechot
պոեմ	شعر؛ چامه	poem
բանաստեղծություն	شعر؛ چامه	banasteghtsutyun
բանաստեղծ	شاعر؛ غزل سرا	banasteghts
պոետ	شاعر؛ غزل سرا	poet
բանաստեղծական	نظمی؛ شاعرانه	banasteghtsakan
չափածո	مشاعره	chapatso
պոեզիա	شعر؛ اشعار	poezia
բանաստեղծական արվեստ	شعر؛ اشعار	banasteghtsakan arvest
սրածայր	نیشدار؛ گوشه دار	sratsayr
եռման կետ	نقطه، اشاره کردن	erman ket
թույն	سم؛ زهر	tuyn
թունավոր	سم؛ زهر	tunavor
թունավորում	مسمومیت	tunavorum
թունավորելը	مسمومیت	tunavorele
թունոտ	زهری؛ زهردار	tunot
ակիշ	سیخ زن؛ سیخ بخاری	akish
կրակխառնիչ	سیخ زن؛ سیخ بخاری	krakkharnich
բոթոց	سقلمه	botots
Լեհաստան	لهستان	Lehastan
ձողան	تیر؛ قطب	dzoghan
ոստիկանություն	پلیس	ostikanutyun
ոստիկանական	پلیس	ostikanakan
ոստիկան	پلیس (مرد)	ostikan
քաղաքականություն	سیاست؛ خط‌مشی	kaghakakanutyun
նպատակահարմարություն	سیاست؛ خط‌مشی	npatakaharmarutyun
լաք	مالیدن؛ له	lak
ողորկալաք	مالیدن؛ له	oghorkalak
կիրթ	مودب	kirt
քաղաքավարի կերպով	مودبانه	kaghakavari kerpov
մտածված	مصلحتآمیز؛ نماینده سیاسی	mtatsvats
քաղաքական	سیاسی	kaghakakan
քաղաքագետ	سیاستمدار؛ ساوس	kaghakaget
պետական գործիչ	سیاستمدار؛ ساوس	petakan gortsich
ընտրողների ցուցակագրում	نمونه برداشتن؛ نظر خواهی کردن	entroghneri tsutsakagrum
քվեարկություն	نمونه برداشتن؛ نظر خواهی کردن	kvearkutyun
ծաղկափոշի	گرد؛ دانه گرده	tsaghkaposhi
քվեարկության խցիկ	نظر خواهی؛ نمونه برداری	kvearkutyan khtsik
կեղտոտում	آلودگی	keghtotum
բազմակնություն	چندگانی؛ بس گانی	bazmaknutyun
պոլիմեր	بسپار	polimer
արտաքին շուք	فر؛ غرور وتظاهر	artakin shuk
ցուցադրական շքեղություն	طمطراق؛ آب وتاب	tsutsadrakan shkeghutyun
պերճություն	طمطراق؛ آب وتاب	perchutyun
պերճաշուք	باطمطراق؛ پرطمطراق	perchashuk
փքաշուք	باطمطراق؛ پرطمطراق	pkashuk
լճակ	دریاچه؛ غدیر	lchak
խորհել	تامل کردن؛ تعمق کردن	khorhel
ծանրաքաշ	ثقیل	tsanrakash
պոնի	تاتو	poni
ֆունտ ստեռլինգ	تاتو	funt sterling
ջրով լցված փոս	استخر	jrov ltsvats pos
փոքր լիճ	استخر	pokr lich
չքավոր	فقیر	chkavor
անկելանոց	دارالمساکین؛ دارالعجزه	ankelanots
պլտտոց	پاپ (موسیقی)، پاپ (چیزی)	plttots
կրակոց	پاپ (موسیقی)، پاپ (چیزی)	krakots
պուտ	خشخاش	put
կակաչ	خشخاش	kakach
ժողովրդական	محبوب	zhoghovrdakan
ժողովրդականություն	وجهه؛ محبوبیت	zhoghovrdakanutyun
բնակչություն	جمعیت	bnakchutyun
բնակիչներ	جمعیت	bnakichner
խիտ բնակեցված	پرجمعیت؛ پرسکنه	khit bnaketsvats
սյունասրահ	سرپوشیده؛ رواق	syunasrah
ծակոտի	منافد	tsakoti
խոզի	گوشتخوک	khozi
ծակոտկեն	متخلخل؛ رخنه دار	tsakotken
ապաստան	پرت؛ حمایل زدن	apastan
դյուրակիր	موبایل؛ قابل انتقال	dyurakir
փոխադրելի	موبایل؛ قابل انتقال	pokhadreli
գլխավոր մուտք	سر در	glkhavor mutk
շքամուտք	سر در	shkamutk
բարձող բանվոր	باربر؛ حمال	bardzogh banvor
պորտֆել	نامه دان	portfel
թղթապայուսակ	نامه دان	tghtapayusak
դիմանկար	نقاشی؛ تصویر	dimankar
դիմանկար նկարել	تصویر کردن؛ ترسیم کردن	dimankar nkarel
Պորտուգալիա	پرتقال؛ پرتغال	Portugalia
պորտուգալացի	زبان پرتقالی	portugalatsi
պորտուգալուհի	زبان پرتقالی	portugaluhi
կեցվածք	ژست؛ ژست گرفتن	ketsvatsk
դրական աստիճան	مثبت	drakan astichan
դրական քանակություն	مثبت	drakan kanakutyun
դրական աստիճան կերպով	خوشبینانه؛ مثبتاً	drakan astichan kerpov
տիրում	مالکیت	tirum
տիրապետում	مالکیت	tirapetum
սեփականատեր	مالک؛ دارا	sepakanater
փոստային ծախքեր	پول پست؛ ارسال پست	postayin tsakhker
բացիկ	پستی	batsik
պլակատ	پوستر	plakat
աֆիշա	پوستر	afisha
սերունդ	اعقاب؛ اخلاف	serund
ժառանգորդներ	اعقاب؛ اخلاف	zharangordner
հետաձգել	معوق کردن؛ موکول کردن	hetadzgel
ժամկետը երկարաձգել	معوق کردن؛ موکول کردن	zhamkete erkaradzgel
հետաձգում	تاخیر؛ تعویق	hetadzgum
տարկետում	تاخیر؛ تعویق	tarketum
պոտաշ	پتاس؛ پتاس محرق	potash
կալիում	پتاسیم	kalium
կարտոֆիլ	سیب‌زمینی	kartofil
կարտոֆիլի	سیب‌زمینی	kartofili
պոտենցիալ	التزامی؛ پتانسیل	potentsial
ներուժ	التزامی؛ پتانسیل	neruzh
ըստ հնարավորին	به طور بالقوه	est hnaravorin
ըստ կարելվույն	به طور بالقوه	est karelvuyn
կավե ամանեղեն	کوزهگری؛ سفالگری	kave amaneghen
բրուտի արհեստանոց	کوزهگری؛ سفالگری	bruti arhestanots
տոպրակ	کیسه کوچک؛ کیف پول	toprak
տաք թրջոցալաթ	ضماد	tak trjotsalat
ընտանի թռչուններ	مرغ خانگی	entani trchunner
հանկարծակի վայրէջք	درحال خیز	hankartsaki vayrejk
ֆունտ	پوند	funt
թափել	ریختن؛ پاشیدن	tapel
լցնել	ریختن؛ پاشیدن	ltsnel
չքավորություն	تنگی؛ درویشی	chkavorutyun
աղքատություն	تنگی؛ درویشی	aghkatutyun
դեղափոշի	گرد؛ پودر	deghaposhi
փոշի քսած	گردی؛ آردی	poshi ksats
ուժեղ կերպով	مقتدرانه	uzhegh kerpov
անուժ	بی نیرو؛ بی زور	anuzh
անզոր լինելը	بی قوتی	anzor linele
իրագործելի	پرشدنی؛ قابل اجرا	iragortseli
պրակտիկ	عملی؛ اهل عمل	praktik
գործնականորեն	عملا	gortsnakanoren
գործնականապես	عملا	gortsnakanapes
պրակտիկայով զբաղվել	تمرین کردن	praktikayov zbaghvel
պրերիա	چمنزار؛ جلگه	preria
ընդարձակ տափաստան Հյուսիսային Ամերիկայում	چمنزار؛ جلگه	endardzak tapastan Hyusisayin Amerikayum
գովեստ	تمجید؛ درود	govest
գովասանքի արժանի	هژیر؛ ستودنی	govasanki arzhani
գովարժան	هژیر؛ ستودنی	govarzhan
չարաճճիություն	شوخی زننده؛ شوخی خرکی	charachchiutyun
թոթովանք	حرف مفت زدن	totovank
թոթովում	حرف مفت زدن	totovum
աղոթել	ذکر؛ نماز کردن	aghotel
նախա	بر خلاف	nakha
քարոզել	موعظه کردن؛ وعظ کردن	karozel
քարոզիչ	فقیه؛ روضه خوان	karozich
քարոզում	موعظه؛ روضه خوانی	karozum
պռեամբուլա	مقدمه؛ توضیحات	preambula
ներածական	مقدمه؛ توضیحات	neratsakan
նախազգուշություն	اقدام احتیاطی	nakhazgushutyun
նախազգուշացում	اقدام احتیاطی	nakhazgushatsum
նախազգուշական	احتیاطی؛ پیشگیرانه	nakhazgushakan
նախորդել	مقدم بودن	nakhordel
առջեւից ընթանալ	مقدم بودن	arjevits entanal
գահավեժ	پرتگاه؛ سراشیبی تند	gahavezh
նստվածք	بادست پاچگی؛ ناگهان سقوط کردن	nstvatsk
ճշտապահություն	احتیاط کار	chshtapahutyun
նախասահմանում	جبر؛ فلسفه جبری	nakhasahmanum
տհաճ դրություն	وضع خطرناک؛ وضع نامساعد	thach drutyun
կանխագուշակել	پیش‌بینی کردن	kankhagushakel
գուշակում	پیشبینی؛ غیبگویی	gushakum
կանխագուշակում	پیشبینی؛ غیبگویی	kankhagushakum
գերակշիռ	مستولی	gerakshir
գերակշռող	مستولی	gerakshrogh
նախաբան	مقدمه؛ دیباجه	nakhaban
ներածական մաս	مقدمه؛ دیباجه	neratsakan mas
նախընտրել	ترجیح دادن	nakhentrel
գերադասելի	افضل؛ مرجح	geradaseli
նախընտրելի	افضل؛ مرجح	nakhentreli
նախապատվություն	ترجیح	nakhapatvutyun
գերադասված	مقدم؛ مورد علاقه	geradasvats
նախադասել	پیشوند	nakhadasel
նախակարգել	پیشوند	nakhakargel
հղիություն	باروری؛ حاملگی	hghiutyun
հղի	آبستن؛ بارور	hghi
առաջացնելու ընդունակ	آبستن؛ بارور	arajatsnelu endunak
նախապատմական	ماقبل تاریخ؛ ماقبل تاریخی	nakhapatmakan
կանխակալ կարծիք	تعصب؛ غرض ورزی	kankhakal kartsik
նախապաշարմունքվնաս	تعصب؛ غرض ورزی	nakhapasharmunkvnas
նախապատրաստական միջոցառում	مقدماتی؛ بدائی	nakhapatrastakan mijotsarum
վաղահաս	زودهنگام	vaghahas
պրեմիեր մինիստր	یک نمایشنامه؛ نخست وزیر	premier ministr
վարձ	اعلی؛ اعلاء	vardz
նախազգացում	فکر قبلی	nakhazgatsum
մտահոգություն	گرفتاری؛ کار مقدم	mtahogutyun
մտոերով տարված	گرفتار	mtoerov tarvats
նախապատրաստություն	تهیه؛ تمهید	nakhapatrastutyun
պատրաստություն	تهیه؛ تمهید	patrastutyun
նախապատրաստական դպրոց	تدارکی	nakhapatrastakan dprots
պատրաստել	آماده کردن	patrastel
նախապատրաստել	آماده کردن	nakhapatrastel
գերակշռություն	سنگین تری	gerakshrutyun
թլիպ	غلفه	tlip
առնանդամի ծայրամաշկ	غلفه	arnandami tsayramashk
բացառիկ իրավունք	امتیاز مخصوص	batsarik iravunk
կանխազգացում	فال نما	kankhazgatsum
պատվիրել	تجویز کردن؛ نسخه دادن	patvirel
դեղատոմս	نسخه؛ تجویز	deghatoms
դեղագիր	نسخه؛ تجویز	deghagir
առկայություն	حضور؛ وجود	arkayutyun
ներկա ժամանակ	ارائه دادن؛ حاضر، هدیه	nerka zhamanak
ներկա	ارائه دادن؛ حاضر، هدیه	nerka
ներկայացում	عرضه؛ معرفی	nerkayatsum
մատուցում	عرضه؛ معرفی	matutsum
շուտով	فعلا؛ الساعه	shutov
քիչ ժամանակ անց	فعلا؛ الساعه	kich zhamanak ants
անվթարություն	حفظ؛ حراست	anvtarutyun
պահարան շուտ փչացող մթերքի համար	نگاهداری کردن؛ کنسرو میوه	paharan shut pchatsogh mterki hamar
պրեզիդենտ	رئیس جمهور	prezident
նախագահական	ریاست جمهوری	nakhagahakan
պրեզիդենտական	ریاست جمهوری	prezidentakan
մամուլ	پرس؛ منگنه	mamul
լրագրություն	پرس؛ منگنه	lragrutyun
վարկ	حیثیت؛ قدر ومنزلت	vark
հեղինակություն	حیثیت؛ قدر ومنزلت	heghinakutyun
պրեզումցիա	فرض؛ استنباط	prezumtsia
ձեւանալ	وانمود کردن؛ دعوی کردن	dzevanal
հավակնել	وانمود کردن؛ دعوی کردن	havaknel
ձեւացում	وانمودسازی	dzevatsum
հավակնություն	وانمود؛ تظاهر	havaknutyun
կեղծ պատճառանք	بهانه؛ عذر	keghts patcharank
գերիշխող	رایج؛ شایع	gerishkhogh
կանխել	جلوگیری کردن	kankhel
առաջն առնել	جلوگیری کردن	arajn arnel
կանխում	منع؛ جلوگیری	kankhum
առաջ առնելը	منع؛ جلوگیری	araj arnele
նախազգուշական միջոց	پیشگیر؛ پیشگیرنده	nakhazgushakan mijots
նախապես	قبلا؛ سابقا	nakhapes
գին	قیمت	gin
ծակվածք	خار؛ خلیدن	tsakvatsk
քուրմ	روحانی؛ مچتهد	kurm
խստաբարո	یاسم؛ نوار ابیض	khstabaro
բծախնդիր	یاسم؛ نوار ابیض	btsakhndir
հիմնական կերպով	در وهله اول	himnakan kerpov
պրիմիտիվ	اولیه؛ ابتدایی	primitiv
պրիմիտիվիստ	اولیه؛ ابتدایی	primitivist
շատ հին	اصل نخستین؛ عنصر نخستین	shat hin
արքայազն	شاهزاده؛ امیر	arkayazn
արքայադուստր	شاهزاده‌خانم؛ شاهدخت	arkayadustr
իշխանուհի	شاهزاده‌خانم؛ شاهدخت	ishkhanuhi
հետք	چاپ کردن	hetk
այբբենական - թվանշանային տպող սարք	پرینتر	aybbenakan - tvanshanayin tpogh sark
տպագրություն	طبع؛ مطبعه	tpagrutyun
տպաքանակ	طبع؛ مطبعه	tpakanak
հերթականություն	اولویت؛ تقدم	hertakanutyun
բանտ նստեցնել	زندان	bant nstetsnel
մենություն	پوشیدگی	menutyun
մեկուսացածություն	پوشیدگی	mekusatsatsutyun
շարքային զինվոր	خاص؛ خصوصی	sharkayin zinvor
արտոնյալ	ممتاز؛ مصون	artonyal
մրցանակ	جایزه	mrtsanak
ամենայն հավանականությամբ	احتمال	amenayn havanakanutyamb
հավանաբար	احتمالا	havanabar
փորձելը	کار آموزی	pordzele
խնդիր	مشکل	khndir
հարց	مشکل	harts
խնդրահարույց	گیج کننده	khndraharuyts
պրոցես	فرآیند	protses
ապացույց լինել	جار؛ جار زدن	apatsuyts linel
հայտարարելը հռչակում	جار؛ صلا	haytararele hrchakum
գործը հետաձգող	طفرهرو	gortse hetadzgogh
վատնող	پر تجمل	vatnogh
շնորհալիտաղանդավոր մարդ	اعجوبه	shnorhalitaghandavor mard
հրաշքզարմանք	اعجوبه	hrashkzarmank
արտադրող	مولد	artadrogh
ռեժիսոր	مولد	rezhisor
արտադրում	تولید؛ ساخت	artadrum
արտադրողական	منبت؛ حاصلضرب	artadroghakan
արդյունավետություն	کارایی؛ فرآورش	ardyunavetutyun
պրոֆեսիա	پیشه؛ کسب	profesia
պրոֆեսիոնալ	حرفه‌ای	profesional
պրոֆեսոր	استاد	profesor
ուսուցչապետ	استاد	usutschapet
պրոֆիլ	پروفایل	profil
կիսադեմ	پروفایل	kisadem
հասույթ	صرفه؛ دخل	hasuyt
շահութաբերություն	سودبخشی؛ سودمندی	shahutaberutyun
ձեռնտու	سودمند؛ نافع	dzerntu
սպեկուլյանտ	استفادهچی	spekulyant
չարաշահորդ պատերազմի հրձիգներ	استفادهچی	charashahord paterazmi hrdzigner
անառակ մարդ	فاسد الاخلاق	anarak mard
խորիմաստ	عمیق؛ عمیقانه	khorimast
նախիմացություն	مال اندیشی	nakhimatsutyun
նախատեսություն նախագուշակում	مال اندیشی	nakhatesutyun nakhagushakum
մեքենայական ծրագիր	برنامه	mekenayakan tsragir
առաջադիմություն	پیشرفت	arajadimutyun
առաջ շարժվելը	تصاعد	araj sharzhvele
առաջադիմական	مترقی	arajadimakan
առաջընթաց	مترقی	arajentats
արգելական	تحریمی؛ جلوگیری کننده	argelakan
արգելիչ	تحریمی؛ جلوگیری کننده	argelich
ելուստ	برآمدگی؛ پیشرفتگی	elust
դուրս ցցված մաս	برآمدگی؛ پیشرفتگی	durs tstsvats mas
պրոլետար	رنجور؛ وابسته بکارگر	proletar
արագ բազմանալ	کثیر شدن؛ پربرکت شدن	arag bazmanal
տարածվել	کثیر شدن؛ پربرکت شدن	taratsvel
բազմացում	تکثیر	bazmatsum
բեղուն	ولود؛ پرزاآ	beghun
երկարատեւ դարձնել	کشاندن؛ کشانیدن	erkaratev dardznel
պտույտ	گردش رفتن	ptuyt
ցցվածք	برجستگی؛ پیشامدگی	tstsvatsk
դուրս պրծած	برجسته	durs prtsats
խոստում	قول، قول دادن	khostum
հույսեր ներշնչել	قول، قول دادن	huyser nershnchel
խոստումնալից	امیدوارکننده	khostumnalits
առաջ քաշել	درجه دادن؛ تمشیت کردن	araj kashel
բարձրացնող	کارساز؛ مروج	bardzratsnogh
կոչում աստիճան տալ	ترفیع	kochum astichan tal
փռված	درازکش	prvats
հակված	درازکش	hakvats
արտասանել	تلفظ کردن	artasanel
առոգանել	تلفظ کردن	aroganel
շարվածասյուները կարդալ	غلط گیری کردن	sharvatsasyunere kardal
սրբագրել	غلط گیری کردن	srbagrel
ունեցվածք	دارایی؛ ویژگی؛ ملک	unetsvatsk
մարգարեություն	نبوت؛ رسالت	margareutyun
մարգարե	نبی؛ رسول	margare
գուշակ	نبی؛ رسول	gushak
մարգարեական	پیغمبری؛ نبوی	margareakan
համաչափություն	نسبت	hamachaputyun
համամասնություն	نسبت	hamamasnutyun
համեմատական թիվ	نسبی؛ به نسبت	hamematakan tiv
համեմատության անդամ	نسبی؛ به نسبت	hamematutyan andam
համամասնական	متناسب کردن؛ متناسب شدن	hamamasnakan
համամասնական կերպով	به تناسب	hamamasnakan kerpov
առաջարկված	پیشنهادی	arajarkvats
առաջարկում	خواستگاری	arajarkum
պնդում	گزاره	pndum
առաջադրել	عنوان کردن	arajadrel
արձակ գրված	نثری؛ کسل کننده	ardzak grvats
առօրյա	نثری؛ کسل کننده	arorya
արձակ	منثور؛ نثر	ardzak
արձակագրություն	منثور؛ نثر	ardzakagrutyun
բարգավաճում	عمران؛ رونق	bargavachum
ծաղկուն	خوشبخت؛ سعید	tsaghkun
բարգավաճ	خوشبخت؛ سعید	bargavach
շագանակագեղձ	پروستات	shaganakageghdz
տապալվածություն	سجود؛ سجده	tapalvatsutyun
պաշտպանական	حفاضی؛ حفاظتی	pashtpanakan
հովանավորական	حفاضی؛ حفاظتی	hovanavorakan
պրոտեկտորատ	کشور تحت الحمایه	protektorat
սպիտակուց	پروتئین	spitakuts
բողոք	ایراد؛ اعتراض	boghok
բողոքարկում	ایراد؛ اعتراض	boghokarkum
բողոքական	پروتستان	boghokakan
արձանագրություն	پروتکل؛ پیوند نامه	ardzanagrutyun
նախնական համաձայնություն	پروتکل؛ پیوند نامه	nakhnakan hamadzaynutyun
դուրս ցցվել	جلو آمدهبودن	durs tstsvel
հպարտ	غره؛ مفتخر	hpart
հպարտ կերպով	مفتخرا؛ دامن کشان	hpart kerpov
փորձել	ثابت کردن؛ مسلم کردن	pordzel
առած	ضرب المثل؛ گفتار حکیمانه	arats
մատակարարող	رزاق؛ تامین کننده	matakararogh
մատակարար	رزاق؛ تامین کننده	matakarar
նահանգ	ایالت؛ استان	nahang
գավառ	ایالت؛ استان	gavar
գավառացի	ولایتی؛ استانی	gavaratsi
գավառաբնակ	ولایتی؛ استانی	gavarabnak
մթերում	تهیه؛ توشه	mterum
վերապահություն	جمله شرطی	verapahutyun
դրդում	تهییج؛ برافروختگی	drdum
գրգռիչ՝ խթանող միջոց	برانگیزنده؛ عصبانی کننده	grgrich, khtanogh mijots
հարուցիչ	برانگیزنده؛ عصبانی کننده	harutsich
բարկացնել	تحریک کردن؛ خشمگین کردن	barkatsnel
ռեկտոր	ناظم دانشکده	rektor
գաղտագողի մոտենալ	پرسه زدن	gaghtagoghi motenal
սողոսկել	پرسه زدن	soghoskel
մերձավորություն	نزدیکی؛ قرب	merdzavorutyun
Պրուսիա	پروس	Prusia
սաղմոս	سرود روحانی	saghmos
փո՛ւ	علامت تعجب	po'v
հը՛մ	علامت تعجب	he'm
փսորիազ	داء الصدف	psoriaz
հոգեկան	روانی؛ پدیده روحی	hogekan
հոգեբանական	روانشناختی	hogebanakan
հոգեբան	روان شناس	hogeban
հոգեբանություն	روان شناسی؛ معرفه النفس	hogebanutyun
գինետուն	میخانه	ginetun
սեռական հասունություն	تکلیف؛ بلوغ	serakan hasunutyun
հասարակություն	عمومی	hasarakutyun
տպագրում	منتشر؛ نشر	tpagrum
հրապարակում	منتشر؛ نشر	hraparakum
հրապարակայնություն	تبلیغات	hraparakaynutyun
հրատարակել	منتشر کردن	hratarakel
լույս ընծայել	منتشر کردن	luys entsayel
հրատարակչություն	انتشارات	hratarakchutyun
խորշոմ	درهم کشیدن؛ جمع شدگی	khorshom
պուդինգ	فرنی	puding
թեթեւ փչելը	پک؛ باد کردن	tetev pchele
թեթեւ շունչ	پک؛ باد کردن	tetev shunch
ուռածավուն	باد دار؛ باد کرده	uratsavun
ձգում	کشیدن	dzgum
թոքային	ریوی	tokayin
թոքի	ریوی	toki
զարկերակ	نبض؛ فشار نبض	zarkerak
բաբախյուն	نبض؛ فشار نبض	babakhyun
պոմպ	تلمبه؛ پمپ	pomp
ջրհան	تلمبه؛ پمپ	jrhan
բռունցքի հարված	منگنه؛ مشت زدن	bruntski harvats
կետավոր	مثل نقطه	ketavor
բարկ	گوشه دار؛ پر ادویه	bark
պատժել	سیاست کردن؛ عذاب کردن	patzhel
խիստ վարվել	سیاست کردن؛ عذاب کردن	khist varvel
պատժիչ	کیفری؛ مجازاتی	patzhich
փանք	پانک	pank
խուլիգան	پانک	khuligan
հարթահատակ նավակ	لگدزدن	hartahatak navak
նվազ	ریغماسی؛ درجه پست	nvaz
խաղատիկնիկ	عروسک؛ لعبت	khaghatiknik
մարիոնետ	عروسک؛ لعبت	marionet
շան ձագ	توله؛ سگ بچه	shan dzag
գնում	خرید؛ شراء	gnum
գնելը	خرید؛ شراء	gnele
անխառն	صاف؛ محض	ankharn
զտում	پاک سازی	ztum
խիստ բարեպաշտ անձ	پاک دین	khist barepasht andz
մաքրակրոն պուրիտանական	پاک دین	makrakron puritanakan
մանուշակի գույն	بنفش	manushaki guyn
քսակ	کیف؛ غنچه کردن	ksak
դրամաքանակ	کیف؛ غنچه کردن	dramakanak
հալածանք	پیگیری	halatsank
թարախային	چرکدار	tarakhayin
թարախակալած	چرکدار	tarakhakalats
մթերող	سورساتچی	mterogh
թարախ	چرک	tarakh
հրում	هل دادن	hrum
ծեփան	بتونه؛ زاماسکه	tsepan
վարանում	پازل، معما	varanum
տարակուսանք	پازل، معما	tarakusank
բուրգ	هرم	burg
որակավորում	شرایط لازم	orakavorum
որակ	شرایط لازم	orak
որակավորել	واجد شرایط شدن	orakavorel
տեսակ	کیفیت	tesak
քանակական	کمی	kanakakan
քարհանք	شکار؛ معدن سنگ	karhank
տեղեկության աղբյուր քարհանքը շահագործել	شکار؛ معدن سنگ	teghekutyan aghbyur karhanke shahagortsel
կվարտա	کوارت	kvarta
քառորդամաս	یک چهارم	karordamas
թագուհի	ملکه	taguhi
օտարօտի	غریب؛ غیر عادی	otaroti
ընկճել	فرو نشاندن	enkchel
քրթմնջացող	شکوه گر؛ زود رنج	krtmnjatsogh
գանգատվող	شکوه گر؛ زود رنج	gangatvogh
որոնումներ	طلب؛ جویش	oronumner
որոնել	طلب؛ جویش	oronel
անկետա	پرسشنامه	anketa
հարցաթերթ	پرسشنامه	hartsatert
արագորեն	به سرعت	aragoren
արագությամբ	به سرعت	aragutyamb
արագություն	تندی؛ فرزی	aragutyun
ըմբռնողություն	تندی؛ فرزی	embrnoghutyun
մամլած ծխախոտի կտոր	یک لیره	mamlats tskhakhoti ktor
հանդարտություն	آرام	handartutyun
հանգիստ կերպով	با آرامش	hangist kerpov
մգդակած վերմակ	دواج	mgdakats vermak
Քուինսի	زهرباد	Kuinsi
խինին	گنه گنه	khinin
քինաքինա	گنه گنه	kinakina
ծառայությունից հեռանալ	متارکه؛ ول کردن	tsarayutyunits heranal
անիրատեսական	خیالپرست	aniratesakan
դոնկիխոտյան	خیالپرست	donkikhotyan
քաղվածք	نقل؛ مظنه	kaghvatsk
մեջբերում	نقل؛ مظنه	mejberum
ցիտատ	نقل کردن	tsitat
ռաբբի	خاخام؛ عالم یهودی	rabbi
ճագար	خرگوش	chagar
վախկոտ մարդ	خرگوش	vakhkot mard
կատաղախտ	هاری؛ بیماری هاری	kataghakht
վազքի մրցում	مسابقه، مسابقه دادن	vazki mrtsum
ռասայական	نژادی	rasayakan
ցեղային	نژادی	tseghayin
ռասիզմ	نژادپرستی	rasizm
ցեղապաշտություն	نژادپرستی	tseghapashtutyun
ռասիստ	نژادپرست	rasist
ցեղապաշտ	نژادپرست	tseghapasht
կերաման	طاقچه	keraman
կուտաման	طاقچه	kutaman
հմուտ պատմող	داستانسرا	hmut patmogh
ճառագայթաձեւ	شعاعی؛ زندی	charagaytadzev
ճառագայթային	شعاعی؛ زندی	charagaytayin
շող	درخشندگی؛ درخشش	shogh
ճառագայթավոր	تابیدن؛ درخشیدن	charagaytavor
ճառագայթում	تابش	charagaytum
ճաճանչում	تابش	chachanchum
ռադիկալ	ریشهای؛ رادیکال	radikal
արմատանշան	ریشهای؛ رادیکال	armatanshan
ռադիո	رادیو	radio
ռադիոընդունիչ	رادیو	radioendunich
ռադիում	رادیوم؛ شب چراغ	radium
շառավիղ	شعاع؛ زند اعلی	sharavigh
անվաճաղ	شعاع؛ زند اعلی	anvachagh
քուրջ	کهنه؛ جل	kurj
հնաշոր	کهنه؛ جل	hnashor
պատառոտված	مرقع	patarotvats
ցնցոտիապատ	مرقع	tsntsotiapat
ասպատակություն	یورش کردن؛ یورش آوردن	aspatakutyun
արշավանքի՝ ասպատակության մասնակից	یورش برنده	arshavanki, aspatakutyan masnakits
ռեյդեր	یورش برنده	reyder
բազրիք	ریل	bazrik
ճաղաշարք	ریل	chaghashark
երկաթուղի	راه آهن؛ خط آهن	erkatughi
առաջ շարժել	راه آهن؛ خط آهن	araj sharzhel
անձրեւ	باران، باریدن	andzrev
ծիածանային	رنگین کمان	tsiatsanayin
տեղատարափ անձրեւ	بارندگی	teghatarap andzrev
անձրեւային	بارانی؛ بارونی	andzrevayin
անձրեւաբեր	بارانی؛ بارونی	andzrevaber
վերցնել	بلند کردن، افزایش دادن	vertsnel
փոցխ	شن کش	potskh
փոցխել	شن کش	potskhel
խոյ	غوچ؛ سنبه زدن	khoy
ճյուղավորվել	منشعب کردن؛ شاخه دادن	chyughavorvel
հրացանի շամփուր	سنبه	hratsani shampur
ռանչո	دامداری کردن	rancho
ագարակ	دامداری کردن	agarak
շարք	رسائی؛ برد	shark
շարան	رسائی؛ برد	sharan
շրջմոլիկ	جنگل بان؛ هنگ سوار	shrjmolik
փնտրել	زیاد کاوش کردن	pntrel
փրկանք	فدیهدادن؛ فدیه	prkank
փրկագին	فدیهدادن؛ فدیه	prkagin
հապշտակում	تجاوز بناموس کردن	hapshtakum
առեւանգում	تجاوز بناموس کردن	arevangum
անալիություն	تندی؛ تیزی	analiutyun
անհամություն	تندی؛ تیزی	anhamutyun
սուսեր	سخمه	suser
մարզասուսեր	سخمه	marzasuser
բերկրանք	حالت؛ وجد	berkrank
զմայլված	هیجان انگیز	zmaylvats
հիացած	هیجان انگیز	hiatsats
հազվադեպ	طرفه؛ نادر	hazvadep
հազվագյուտ	طرفه؛ نادر	hazvagyut
ուշ-ուշ	کمتر؛ نادراً	ush-ush
հազվադեպություն	ندرت؛ کمیابی	hazvadeputyun
արտասովոր երեւույթ	ندرت؛ کمیابی	artasovor erevuyt
առնետ	موش بزرگ	arnet
թափառամուկ	موش بزرگ	taparamuk
դրույք	نرخ	druyk
տարիֆ	نرخ	tarif
ավելի սիրով	نسبتاً	aveli sirov
ավելի ճիշտը	نسبتاً	aveli chishte
համեմատություն հարաբերակցություն	تناسب	hamematutyun haraberaktsutyun
մթերաբաժին	جیره؛ جیره کردن	mterabazhin
բանական	معقول؛ عقلی	banakan
խելացի կերպով	منطقا	khelatsi kerpov
շխկոց	خسخس؛ خسخس کردن	shkhkots
ավերում	نهب؛ بلا زده کردن	averum
կողոպտչական	دله؛ پر اشتیاق	koghoptchakan
թալանչական	دله؛ پر اشتیاق	talanchakan
կիսաեփ	خام؛ نپخته	kisaep
ռեակցիա	معرفی؛ انعکاس	reaktsia
հակառակ ռեակցիա առաջացնող	ارتجاعی؛ مرتجع	hakarak reaktsia arajatsnogh
արձագանքող	واکنشی	ardzagankogh
վերաբերմունք ցույց տվող	واکنشی	verabermunk tsuyts tvogh
կարդալ	خواندن	kardal
ընթերցել	خواندن	entertsel
դյուրընթեռնելի	خواندنی؛ قابل خواندن	dyurenterneli
ընթերցող	خواننده	entertsogh
ընթերցասեր	خواننده	entertsaser
հոժարություն	آمادگی؛ سازمندی	hozharutyun
ընթերցում	خواندن (فعل)	entertsum
պատրաստ	آماده	patrast
պատրաստված	آماده	patrastvats
ռեալիզմ	رآلیسم؛ واقع بینی	realizm
ռեալիստ	واقع بین	realist
իրականություն	معنی؛ حقیقت	irakanutyun
ճշմարտություն	معنی؛ حقیقت	chshmartutyun
իրագործում	تحقق	iragortsum
գիտակցել	درک کردن	gitaktsel
թագավորական պետություն	قلمرو سلطان	tagavorakan petutyun
հնձել	درویدن	hndzel
քաղել	درویدن	kaghel
հնձվոր	درو گر؛ ماشین درو	hndzvor
քաղվոր	درو گر؛ ماشین درو	kaghvor
կանգնեցնել	پشت؛ عقبی	kangnetsnel
վերադասավորել	بازچیدن	veradasavorel
վերակազմել	بازچیدن	verakazmel
խոհեմ	معقول؛ حسابی	khohem
խելացիորեն	منطقی	khelatsioren
բանականորեն	منطقی	banakanoren
հորդորել	دوباره اطمینان دادن	hordorel
ապստամբ	یاغی؛ عاصی	apstamb
խռովարար	یاغی؛ عاصی	khrovarar
վերածնունդ	باز زاد؛ تولد مجدد	veratsnund
անդրադարձում	اعاده؛ پس زدن	andradardzum
ետ թռչել	اعاده؛ پس زدن	et trchel
վերակառուցել	بازسازی کردن	verakarutsel
վերականգնել	بازسازی کردن	verakangnel
հանդիմանություն	زخم زبان	handimanutyun
ըմբոստ	ناتو	embost
ետ կանչել	یاد آوردن؛ فرا خواندن	et kanchel
վերհիշել	یاد آوردن؛ فرا خواندن	verhishel
վերափոխելը	ازنو ریختن	verapokhele
ձեւափոխելը	ازنو ریختن	dzevapokhele
քաշվել	دور شدن؛ پس رفتن	kashvel
ստացական	دریافت؛ رسید	statsakan
անդորրագիր	دریافت؛ رسید	andorragir
ստացող	گیرنده	statsogh
ընդունիչ	گیرنده	endunich
ոչ վաղուց	اخیراً	och vaghuts
ընդունելիություն	پذیرش	enduneliutyun
ընկալունակ	شنوا	enkalunak
ըմբռնելու ընդունակ	شنوا	embrnelu endunak
ընկալիչ	گیرنده؛ ستاره مساعد	enkalich
ռեցեպտոր	گیرنده؛ ستاره مساعد	retseptor
ընդունող	دریافت کننده؛ وصول کننده	endunogh
փոխադարձություն	مقابله؛ عمل متقابل	pokhadardzutyun
մանրամասն պատմություն նկարագրություն	رسیتال	manramasn patmutyun nkaragrutyun
շարադրանք	رسیتال	sharadrank
դասը պատասխանելը	قرائت؛ قراعت	dase pataskhanele
դասը պատասխանել	انشاد کردن؛ از برخواندن	dase pataskhanel
համրել	محاسبه کردن	hamrel
շտկում	استرداد؛ احیا اراضی	shtkum
ճանաչելի	شناخت پذیر	chanacheli
ետ տալը	فنری بودن	et tale
ետ գլորում	فنری بودن	et glorum
հուշ	دوباره جمع کردن	hush
մեկի օգտին խոսել	توصیه کردن	meki ogtin khosel
հանձնարարում	نظریه؛ توصیه	handznararum
վերանայել	تجدید نظر؛ تجدید نظر کردن	veranayel
մատենավար	وقایع نویس	matenavar
արձանագրիչ	وقایع نویس	ardzanagrich
օգնության դիմելը	توسل	ognutyan dimele
վերստանալ	خوب شدن؛ باز یافتن	verstanal
նորից ձեռք բերել	خوب شدن؛ باز یافتن	norits dzerk berel
առողջացում	بهبودی، بازیابی	aroghjatsum
ապաքինում	بهبودی، بازیابی	apakinum
հանգստանալը	تفریح؛ نزهت	hangstanale
հանգստի	تفریحی	hangsti
ժամանցային	تفریحی	zhamantsayin
նորակոչիկ	استخدام کردن	norakochik
նորազեն	استخدام کردن	norazen
նորակոչիկներրի հավաքագրում	استخدام	norakochiknerri havakagrum
շարքերի համալրում	استخدام	sharkeri hamalrum
ուղղանկյուն	مستطیلی؛ راست گوشه	ughghankyun
ծխական քահանա	کشیش بخش	tskhakan kahana
ուղիղ աղիք	روده راست	ughigh aghik
առողջանալ	نیروی تازه یافتن	aroghjanal
կազդուրվել	نیروی تازه یافتن	kazdurvel
վերականգնող	اعاده دهنده؛ بهبودی بخش	verakangnogh
ետ դառնալ	تکرار شدن	et darnal
հաճախ պատահել	تکرار شدن	hachakh patahel
վերադարձ	تکرار؛ باز رخدادن	veradardz
կրկնություն	تکرار؛ باز رخدادن	krknutyun
կրկնվող	برگردنده؛ عود کننده	krknvogh
վերամշակել	بازیافت کردن	veramshakel
կարմիր գույն	قرمز	karmir guyn
կարմրադեղ	قرمز	karmradegh
կարմրավուն	مایل بقرمز	karmravun
ետ գնել	فدیهدادن	et gnel
գրավաթափել	فدیهدادن	gravatapel
ետգնում	رهیی؛ باز خرید	etgnum
գրավաթափ անելը	رهیی؛ باز خرید	gravatap anele
կարմրություն	سرخی؛ حمره	karmrutyun
մեղմացնել	کاهش دادن	meghmatsnel
նվազում	کاهش؛ تنزل	nvazum
ավելորդություն	افزونگی؛ حشو	avelordutyun
հորդառատ	حشوی؛ رمزافزونه	hordarat
լեցուն	حشوی؛ رمزافزونه	letsun
ստորջրյա ժայռ	جزیره نما؛ مرض جرب	storjrya zhayr
առագաստի մերք առագաստը փոքրացնել	جزیره نما؛ مرض جرب	aragasti merk aragaste pokratsnel
վերընտրություն	تجدید انتخاب	verentrutyun
հղել	ارجاع دادن	hghel
մրցավար	داور	mrtsavar
վկայակոչում	عطف؛ مراجعه	vkayakochum
վկայակոչելը	عطف؛ مراجعه	vkayakochele
ռեֆերենդում	رفراندوم؛ رفراندم	referendum
հանրաքվե	رفراندوم؛ رفراندم	hanrakve
ուղեգիր	مراجعه	ughegir
հղում	مراجعه	hghum
նորից լցնել	دوباره پر کردن	norits ltsnel
զտել	پالودن؛ تصفیه کردن	ztel
զտած	مهذب؛ مصفا	ztats
մաքրած	مهذب؛ مصفا	makrats
արտացոլել	اندیشیدن؛ بازتابیدن	artatsolel
անդրադարձնել	اندیشیدن؛ بازتابیدن	andradardznel
արտացոլում	انعکاس؛ بازتاب	artatsolum
բարեփոխություն	اصلاح؛ بهسازی	barepokhutyun
բարենորոգում	اصلاح؛ بهسازی	barenorogum
բարեփոխիչ	بهساز؛ مصلح	barepokhich
բարենորոգիչ	بهساز؛ مصلح	barenorogich
հրակայուն շինանյութ	گردن کش؛ دیر گداز	hrakayun shinanyut
թարմացնել	حال آمدن؛ تجدید نیرو کردن	tarmatsnel
ուժ տալ	حال آمدن؛ تجدید نیرو کردن	uzh tal
թարմացնում	گوارا؛ مفرح	tarmatsnum
կազդուրում	نیرو بخشی	kazdurum
կազդուրելը	نیرو بخشی	kazdurele
վերադարձնել	مسترد شدن؛ مسترد داشتن	veradardznel
ետ տալ	مسترد شدن؛ مسترد داشتن	et tal
մերժել	رد کردن	merzhel
հերքելը	تکذیب	herkele
ուշադրությունչդարձնող	صرفنظر از	ushadrutyunchdardznogh
հաշվի չառնող	صرفنظر از	hashvi charnogh
վերածնում	ترمیم؛ تولید مجدد	veratsnum
ռեժիմ	رژیم	rezhim
վարչակարգ	رژیم	varchakarg
զորագունդ	هنگ	zoragund
գնդի	لباس هنگ؛ لباس افسری	gndi
զորագնդի	لباس هنگ؛ لباس افسری	zoragndi
մարզային	منطقهای؛ اقلیمی	marzayin
շրջանային	منطقهای؛ اقلیمی	shrjanayin
գրանցման մատյան	ثبت کردن؛ نام نویسی کردن	grantsman matyan
բերանակալ	ثبت کردن؛ نام نویسی کردن	beranakal
գրանցող	ثبت کننده؛ مدیر دروس	grantsogh
ռեգիստրատոր	ثبت کننده؛ مدیر دروس	registrator
ցուցակագրում	ثبت‌نام	tsutsakagrum
ափսոսանք	تاسف؛ اسف	apsosank
ցավով՝ ափսոսանքով լի	متاسف؛ نادم	tsavov, apsosankov li
վշտալից	متاسف؛ نادم	vshtalits
ցավով՝ ափսոսանքով լի կերպով	معاللتسلف؛ مع التاسف	tsavov, apsosankov li kerpov
տխրալի	قابل تاسف؛ تاسف آور	tkhrali
կանոնավոր	منظم	kanonavor
սիստեմատիկ	منظم	sistematik
կանոնավորություն	باقاعدگی	kanonavorutyun
կանոնավոր կերպով	منظما	kanonavor kerpov
կանոնավորել	تنظیم کردن	kanonavorel
կանոն	تنظیم؛ مقرره	kanon
կարգավորող	تنظیمی	kargavorogh
ռեաբիլիտացիա	توانبخشی؛ نوتوانی	reabilitatsia
վերականգնում	توانبخشی؛ نوتوانی	verakangnum
թատերափորձ	تمرین؛ تمرین نمایش	taterapordz
երասանակ	عنان؛ لجام	erasanak
ուժեղացում	تقویت؛ تجدید قوا	uzheghatsum
զորացում	تقویت؛ تجدید قوا	zoratsum
վերականգնել նախկին վիճակը	دوباره برقرار کردن؛ دوباره بکار انداختن	verakangnel nakhkin vichake
վերահաստատել	دوباره برقرار کردن؛ دوباره بکار انداختن	verahastatel
մի կողմ նետել	نپسندیدن؛ وازدن	mi koghm netel
խոտանել	نپسندیدن؛ وازدن	khotanel
չընդունելը	رد؛ امتناع	chendunele
ուրախացնել	شادی کردن؛ خوشی کردن	urakhatsnel
ուրախանալ	شادی کردن؛ خوشی کردن	urakhanal
վերադառնալ	پاسخ دفاعی دادن	veradarnal
փոխհարաբերություն	رابطه؛ نسبت	pokhharaberutyun
ազգական	منسوب؛ نسبی	azgakan
համեմատաբար	نسبتا	hamematabar
հարաբերաբար	نسبتا	haraberabar
թուլացում	استراحت؛ وارفتگی	tulatsum
լարվածության նվազում	استراحت؛ وارفتگی	larvatsutyan nvazum
հերթափոխություն	روله؛ رله	hertapokhutyun
գթաշարժվել	نرم شدن؛ رحم بدل آوردن	gtasharzhvel
փափկել	نرم شدن؛ رحم بدل آوردن	papkel
անողոք	بی امان؛ بی مروت	anoghok
տեղին լինելը	ربط	teghin linele
տեղին	مربوط؛ متناسب	teghin
հուսալիություն	اعتبار	husaliutyun
վստահելիությունստույգություն	اعتبار	vstaheliutyunstuygutyun
հուսալի	حسابی؛ معتبر	husali
հետքեր	آثار مقدس	hetker
մնացորդներ	آثار مقدس	mnatsordner
պակասեցնել	تسکین دادن	pakasetsnel
թեթեւացնված	آسوده خاطر	tetevatsnvats
կրոն	دین؛ کیش	kron
կրոնական	مذهبی؛ شرعی	kronakan
կրոնասեր	مذهبی؛ شرعی	kronaser
հաճելի համ	رغبت؛ مزه آوردن	hacheli ham
համեմունք	رغبت؛ مزه آوردن	hamemunk
դժկամություն	اکراه؛ رغم	dzhkamutyun
չկամենալը	اکراه؛ رغم	chkamenale
դիմադրող	بیرغبت؛ بیمیل	dimadrogh
դիմադրող կերպով	بالاکراه	dimadrogh kerpov
մնացորդ	باقی ماندن	mnatsord
նշխար	باقی ماندن	nshkhar
մնացուկներ	مانده؛ مابقی	mnatsukner
դիտողություն	ملاحظه؛ عرض	ditoghutyun
ուշագրավ	قابل توجه	ushagrav
հիանալիորեն	به طور قابل توجهی	hianalioren
զարմանալիորեն	به طور قابل توجهی	zarmanalioren
վերամուսնություն	ازدواج مجدد؛ تجدید فراش	veramusnutyun
վերամուսնանալ	تجدید فراش کردن	veramusnanal
մտաբերել	به یاد آوردن	mtaberel
ողջույն հաղորդել	به یاد آوردن	oghjuyn haghordel
հիշեցնել	متوجه کردن؛ یادآوری کردن	hishetsnel
հիշեցնող	تذکر؛ یادآور	hishetsnogh
թողություն	بهبودی بیماری	toghutyun
մնացուկ	بقیه السیف	mnatsuk
խղճի խայթ	افسوس؛ پشیمانی	khghchi khayt
զղջում	افسوس؛ پشیمانی	zghjum
հեռավոր լինելը	دوری	heravor linele
տեղից շարժվող	بردنی؛ برداشتنی	teghits sharzhvogh
տանում	عزل؛ فک	tanum
լավ վարձատրող	پاداشی	lav vardzatrogh
Վերածնունդ	رنسانس	Veratsnund
վերակենդանացում	رنسانس	verakendanatsum
մատուցել	تسلیم داشتن	matutsel
հանդիպման վայր	میعاد؛ وعدهگاه	handipman vayr
ճղում	هتک	chghum
ռենեգատ	یاغی	renegat
դավաճան	یاغی	davachan
նորացնել	تازه کردن؛ نو کردن	noratsnel
նորոգում	تجدید؛ بازنوکنی	norogum
վերահաստատություն	تجدید؛ بازنوکنی	verahastatutyun
վերակառուցում	تجدید؛ نوسازی	verakarutsum
վարձակալության վճար	کرایه؛ اجارهای	vardzakalutyan vchar
ռեպս	زن هرزه؛ مرد هرزه	reps
ռիպս	زن هرزه؛ مرد هرزه	rips
վերանորոգում	غرامت؛ جبران غرامت	veranorogum
պարտքը տալ	باز پرداختن	partke tal
հատուցել վարձատրություն	باز پرداختن	hatutsel vardzatrutyun
անգիր ասել	تکرار کردن	angir asel
կրկին անգամ	مجددا؛ علیالتوالی	krkin angam
վանող	دافع؛ دافعه	vanogh
ցավել	توبه کردن؛ اصلاح شدن	tsavel
զղջալ	توبه کردن؛ اصلاح شدن	zghjal
կրկնողություն	تکرار؛ بازگو	krknoghutyun
նորից տեղը դնել	جایگزین کردن	norits teghe dnel
պատասխանել	پاسخ، پاسخ دادن	pataskhanel
պարսավանքի՝ կշտամբանքի արժանի	ناستوده؛ سرزنش کردنی	parsavanki, kshtambanki arzhani
ներկայացնող	نماینده؛ حالیکننده	nerkayatsnogh
ներկայացուցչական	نماینده؛ حالیکننده	nerkayatsutschakan
զսպել ճնշել	باز فشردن؛ باز کوفتن	zspel chnshel
նկատողություն	توبیخ؛ توبیخ کردن	nkatoghutyun
հանդիմանություն հանդիմանել	توبیخ؛ توبیخ کردن	handimanutyun handimanel
ռեպրեսիվ միջոց	جبران	represiv mijots
ճնշամիջոց ռեպրեսիա	جبران	chnshamijots represia
վերարտադրել	تکثیر کردن؛ تناسل کردن	verartadrel
վերարտադրություն	تکثیر؛ تناسل	verartadrutyun
պատճեն	تکثیر؛ تناسل	patchen
վերարտադրողական	تناسلی	verartadroghakan
սողուն	خزنده	soghun
սողացող	خزنده	soghatsogh
հանրապետական կուսակցության անդամ	جمهوری‌خواه	hanrapetakan kusaktsutyan andam
ուրացում	ردی	uratsum
հարգելի	نیکنام؛ خوشنام	hargeli
փրկություն	دریافتن؛ رهانیدن	prkutyun
հետախուզում	پژوهش، پژوهش کردن	hetakhuzum
նման լինել	شباهت؛ تشابه	nman linel
նմանվել մի բանի	شبیه شدن؛ مانند بودن	nmanvel mi bani
զայրանալ	اظهار رنجش کردن	zayranal
վրդովվել	اظهار رنجش کردن	vrdovvel
ռեզերվ	ذخیره؛ محفوظ کردن	rezerv
ջրամբար	مخزن؛ آب انبار	jrambar
ղեկավարող ծրագրի մասը	ساکن؛ ماندنی	ghekavarogh tsragri mase
մշտապես գտնվում է ԷՀՄ հիշողության մեջ	ساکن؛ ماندنی	mshtapes gtnvum e EHM hishoghutyan mej
բնակելի	محلی؛ مسکونی	bnakeli
սուզակ	فضولات؛ فضله	suzak
վայր դնել	استعفا دادن	vayr dnel
պաշտոնից հրաժարվելը	کنارهگیری؛ استعفا	pashtonits hrazharvele
պաշտոնաթող լինելը	کنارهگیری؛ استعفا	pashtonatogh linele
բուսախեժ	رزین؛ راتیانج	busakhezh
դեմ կանգնել	مقاومت کردن؛ ایستادگی کردن	dem kangnel
դիմադրելը	مقاومت؛ استقامت	dimadrele
ընդդիմացող	مقاوم	enddimatsogh
վճռականություն	قطعنامه، وضوح	vchrakanutyun
ռեզոնանս	پرطنینی؛ ایجاد طنین	rezonans
հնչականություն	پرطنینی؛ ایجاد طنین	hnchakanutyun
հնչող	پرطنین؛ طنین دار	hnchogh
արձագանք առաջացնող	پرطنین؛ طنین دار	ardzagank arajatsnogh
հաճախակի այցելության վայր	توسل؛ تمسک کردن	hachakhaki aytselutyan vayr
միջոցներ	ذخایر	mijotsner
ռեսուրսներ	ذخایر	resursner
հարգելիություն	نیکنامی	hargeliutyun
պատկառելիություն	نیکنامی	patkareliutyun
հարգանքով լի	حرمتی؛ احترامی	hargankov li
հարգանքով	محترمانه؛ محترما	hargankov
ինչ վերաբերվում է յուրաքանչյուրին՝ առանձին-առանձին վերցրած	بترتیب؛ به ترتیب	inch verabervum e yurakanchyurin, arandzin-arandzin vertsrats
նշված կարգով	بترتیب؛ به ترتیب	nshvats kargov
շնչելը	تنفس	shnchele
շնչառության	تنفسی	shncharutyan
շնչառական	تنفسی	shncharakan
կարճատեւ դադար	مهلت؛ فرجه دادن	karchatev dadar
դատակիր	واکنش دار	datakir
պատասխանող	واکنش دار	pataskhanogh
արձագանք	پاسخ	ardzagank
պարտական	متصدی؛ مسئول	partakan
պատասխանական	جوابی؛ پاسخی	pataskhanakan
վերաշարադրում	بیان مجدد	verasharadrum
ռեստորան	رستوران	restoran
ճաշարան	رستوران	chasharan
հանգստացնող	غنوده؛ راحتبخش	hangstatsnogh
անհանգիստ լինելը	ناصبوری؛ بی آرامی	anhangist linele
ռեստավրացիա	تجدید؛ بازسازی	restavratsia
զսպել	مهار کردن	zspel
ինքնամփոփություն	جلو گیری	inknampoputyun
սահմանափակել	محدود کردن	sahmanapakel
հավասարապես ներգործողհամազոր ուժ	برآیند؛ منتجه	havasarapes nergortsoghhamazor uzh
վերսկսել	از سر گرفتن	versksel
ետ վերցնել	از سر گرفتن	et vertsnel
հարություն	حشر؛ رستاخیز	harutyun
հարություն տալը	حشر؛ رستاخیز	harutyun tale
հատավաճառ	خرده فروشی	hatavachar
մանրածախ	خرده فروشی	manratsakh
մանրավաճառ	خرده فروش	manravachar
փոխվրեժ	تلافی؛ تقص	pokhvrezh
ուշացնել	عقبانداختن؛ کند ساختن	ushatsnel
ուշացնված	عقبافتاده	ushatsnvats
զսպված	کم گو؛ کم حرف	zspvats
ծառայությունը ՝ պաշտոնը թողնելը	بازنشستگی	tsarayutyune , pashtone toghnele
հակաճառություն	تلافی؛ جواب متقابل	hakacharutyun
ընդդիմախոսություն	تلافی؛ جواب متقابل	enddimakhosutyun
ներս քաշել	در کشیدن؛ نکول کردن	ners kashel
ետ քաշել	در کشیدن؛ نکول کردن	et kashel
ներքաշում	نکول؛ استغفار	nerkashum
ներս քաշելը	نکول؛ استغفار	ners kashele
նահանջ	عقب زدن؛ عقب نشینی	nahanj
նահանջի ազդանիշ	عقب زدن؛ عقب نشینی	nahanji azdanish
արժանի պատիժ	سزا	arzhani patizh
վերամիացում	باز پیوست؛ بهم پیوستگی	veramiatsum
վերամիավորում	باز پیوست؛ بهم پیوستگی	veramiavorum
վերամիացնել	دوباره متحد کردن؛ دوباره یکی شدن	veramiatsnel
վերամիանալ	دوباره متحد کردن؛ دوباره یکی شدن	veramianal
պտույտ գալ	تند گشتن	ptuyt gal
բացահայտել	آشکار کردن؛ ظاهر کردن	batsahaytel
բացում	الهام؛ مکاشفه	batsum
անզուսպ ուրախություն	عیاشی	anzusp urakhutyun
խրախճանք	عیاشی	khrakhchank
վրեժ	انتقام؛ خونخواهی	vrezh
վրիժառություն	انتقام؛ خونخواهی	vrizharutyun
պետական եկամուտ	درآمد	petakan ekamut
հարգալից կերպով	احتراماً	hargalits kerpov
երազանք	خیال خام؛ خیال واهی	erazank
հակադիրը	معکوس؛ ظهر	hakadire
տեսություն	مرور، مرور کردن	tesutyun
սրբագրություն	تجدید نظر کردن	srbagrutyun
համեմատում	تجدید نظر کردن	hamematum
վերանայում	بازنگری	veranayum
ուշքի գալ	احیا کردن؛ احیاء کردن	ushki gal
վերակենդանացնել	احیا کردن؛ احیاء کردن	verakendanatsnel
հեղափոխություն	انقلاب	heghapokhutyun
հեղաշրջում	انقلاب	heghashrjum
հեղափոխական	انقلابی؛ آشوبگر	heghapokhakan
պտտել	دور زدن	pttel
կշռադատել	دور زدن	kshradatel
թմբկագլան	رولور؛ ششلول	tmbkaglan
անբարյացակամություն	ردع؛ تصریف	anbaryatsakamutyun
թշնամանք	ردع؛ تصریف	tshnamank
պարգեւատրում	مژده؛ تلافی	pargevatrum
հռետորություն	لفاظی؛ خطابت	hretorutyun
ռեւմատիզմով հիվանդ	روماتیسمی	revmatizmov hivand
հանգ	پساوند؛ قافیه ساختن	hang
հանգավորել	پساوند؛ قافیه ساختن	hangavorel
ռիթմ	ضرب؛ نواخت	ritm
ռիթմիկ	مسجع؛ پرنواخت	ritmik
կողոսկոր	دنده؛ مرز گذاشتن	koghoskor
ժապավեն	نوار؛ روبان	zhapaven
բրինձ	برنج	brindz
բրնձի	برنج	brndzi
փրկել	خلاص کردن؛ رهانیدن از	prkel
լեռնաշղթա	خرپشته؛ مرز بندی کردن	lernashghta
հրացան	تفنگ؛ عده تفنگدار	hratsan
հրաձգային զորամաս	تفنگ؛ عده تفنگدار	hradzgayin zoramas
արդարացի պահանջ	درست، سمت راست	ardaratsi pahanj
արդարացի	عادلانه؛ صالح	ardaratsi
իրավացի	عادلانه؛ صالح	iravatsi
արդարացի լինելը	حق گذاری	ardaratsi linele
կարծր	نرم نشو	kartsr
եզրակ	کمانه؛ زهوار	ezrak
մատանի	حلقه؛ زنگ زدن	matani
պարագլուխ	سر دسته؛ سر حلقه	paraglukh
ողողում	مظمظه؛ غر غره	oghoghum
ողողելը	مظمظه؛ غر غره	oghoghele
հասած	رسیده؛ چیدنی	hasats
հասուն	رسیده؛ چیدنی	hasun
վեր քաշելը	بالا رفتن	ver kashele
ռիսկոտ	پرخطر	riskot
գետ	رودخانه	get
բեւեռ	پرچه؛ پرچ کردن	bever
գամել	پرچه؛ پرچ کردن	gamel
ճանապարհ	جاده	chanaparh
ճամփա	جاده	champa
ճանապարհի եզր՝ եզերք	کنار جاده	chanaparhi ezr, ezerk
խճուղի	شوسه؛ زمین جاده	khchughi
թափառում	پرسه زدن	taparum
թափառաշրջում	پرسه زدن	taparashrjum
չալ՝ խայտագորշ ձի	تیماج؛ زرپور	chal, khaytagorsh dzi
մռնչյուն	غرش؛ غریو	mrnchyun
տապակած մսեղեն	برشتن؛ سرخ کردن	tapakats mseghen
խորոված	برشتن؛ سرخ کردن	khorovats
թալանել	سرقت کردن	talanel
կողոպտել	سرقت کردن	koghoptel
ապառաժ	راک (موسیقی)؛ صخره	aparazh
հրթիռային	موشک	hrtirayin
ժայռոտ	سنگی؛ صخرهای	zhayrot
ապառաժոտ	سنگی؛ صخرهای	aparazhot
թավալում	گردیدن؛ غلت	tavalum
գլորում	گردیدن؛ غلت	glorum
գլանիկ	نورد؛ منگنه	glanik
անվակ	نورد؛ منگنه	anvak
հռոմեյացի	رومی	hromeyatsi
ասպետական վեպ	عاشقانه	aspetakan vep
սիրաբանություն	عاشقانه	sirabanutyun
ռոմանտիկ	خیالپرست؛ غیر ممکن	romantik
Հռոմ	رم؛ روم	Hrom
տանիք	سقف	tanik
կտուր	سقف	ktur
սերմնագռավ	رخ؛ شاهرخ	sermnagrav
սենյակ զբաղեցնել	اتاق	senyak zbaghetsnel
արմատ	ریشه؛ سنخ	armat
թոկ	بند؛ طناب	tok
համրիչ	تسبیح	hamrich
վարդ	گل رز	vard
վարդագույն	گلرنگ؛ گل پاشیده	vardaguyn
փթթուն	گلرنگ؛ گل پاشیده	pttun
փտում	پوسیدن؛ گندیدن	ptum
հերթափոխել	چرخان؛ دوران کردن	hertapokhel
պտույտ գալը	گشتن؛ چرخه	ptuyt gale
պարբերական կրկնություն	گشتن؛ چرخه	parberakan krknutyun
փտած	فاسد؛ ضایع	ptats
փչացած	فاسد؛ ضایع	pchatsats
կլոր	گلوله وار	klor
բոլորակ	گلوله وار	bolorak
անհարթ	زبر؛ زمخت	anhart
կոպտարեն	تقریباً	koptaren
կոպիտ լինելը	زبری؛ ناصافی	kopit linele
շրջանագիծ	گرد، دور	shrjanagits
զարթնեցնել	رماندن	zartnetsnel
արթնացնում	منبه	artnatsnum
պարտություն	هزیمت؛ تار و مار کردن	partutyun
ուղեգիծ	مسیر	ughegits
մարշրուտ	مسیر	marshrut
սահմանված կարգ	روتین	sahmanvats karg
հնամոլություն	روتین	hnamolutyun
թագավորական	سلطنتی؛ شاهانه	tagavorakan
ռոյալիստ	شاه پرست؛ طرفدار سلطنت	royalist
թագավորական իշխանություն	حقالامتیاز؛ حق امتیاز	tagavorakan ishkhanutyun
քսում	مالیدن؛ ساییدن	ksum
ռեզին	لاستیک؛ لاستیکی	rezin
դատարկ բան	آشغال	datark ban
ռուբլի	منات	rubli
կարմրագույն	گلچهره؛ شنجرفی	karmraguyn
կարմիր	گلچهره؛ شنجرفی	karmir
կոպտություն	بدزبانی؛ گستاخی	koptutyun
ծալազարդված մանժետ	ناصاف کردن	tsalazardvats manzhet
բոլորածալ	ناصاف کردن	boloratsal
փլատակներ	خراب کردن، خرابی	platakner
կանոնադրություն	قانون	kanonadrutyun
քանոն	فرمانروا؛ حکمران	kanon
ռոմ	عرق نیشکر	rom
տարօրինակ իրեն վատ վիճակում զգալ	عرق نیشکر	tarorinak iren vat vichakum zgal
լուր	شهرت دادن	lur
լուրեր տարածել	شهرت دادن	lurer taratsel
վազք	دویدن	vazk
վազքամրցում	دویدن	vazkamrtsum
դասալիք	دررفته؛ فراری	dasalik
զանգել	اسپوک؛ پله نردبان	zangel
զանգահարել աստիճան	اسپوک؛ پله نردبان	zangaharel astichan
վազող	دونده	vazogh
վազվզոց	دویدن	vazvzots
բեկվածք	ترکیدن	bekvatsk
գյուղական	رعیتی	gyughakan
գեղջկական	رعیتی	geghjkakan
աննշան բան	تازیدن؛ هجوم کردن	annshan ban
Ռուսաստան	روسیه	Rusastan
ռուս	روسی؛ زبان روسی	rus
ռուսաց լեզու	روسی؛ زبان روسی	rusats lezu
ժանգ	زنگ؛ زنگار	zhang
մրիկ	زنگ؛ زنگار	mrik
սոսափյուն	خشخش؛ خش خش کردن	sosapyun
խշխշոց	خشخش؛ خش خش کردن	khshkhshots
ժանգոտած	زنگ زده	zhangotats
անվահետք	گشن؛ خط انداختن	anvahetk
անգութ կերպով	ظالمانه؛ بیرحمانه	angut kerpov
աշորա	چاودار	ashora
սամույր	سمور	samuyr
սամույրի մորթի	سمور	samuyri morti
սրբազան	مقدس؛ حرام	srbazan
զոհ	قربانی؛ فداکاری	zoh
զոհաբերություն	قربانی؛ فداکاری	zohaberutyun
տխրել	افسردن؛ افسرده کردن	tkhrel
տխրություն պտճառել	افسردن؛ افسرده کردن	tkhrutyun ptcharel
թամբ	زین؛ غاشیه	tamb
թամք	زین؛ غاشیه	tamk
տխուր կերպով	با ناراحتی	tkhur kerpov
տխրություն	افسردگی؛ پژمانی	tkhrutyun
չվնասված	امن	chvnasvats
պահպանություն	صیانت کردن؛ امن نگهداشتن	pahpanutyun
ապահովություն	صیانت کردن؛ امن نگهداشتن	apahovutyun
անվտանգություն	اطمینان؛ امان	anvtangutyun
զաֆրան	زعفران؛ سورنجان	zafran
կախ ընկնել	عقلا	kakh enknel
նստել	عقلا	nstel
սագիտալ	پیکانی	sagital
նետաձեւ	پیکانی	netadzev
առագաստ	دریانوردی کردن	aragast
ծովային ճանապարհորդություն	دریانوردی کردن	tsovayin chanaparhordutyun
առագաստներով նավարկելը	دریانوردی	aragastnerov navarkele
նավաստի	ناوی؛ دریانورد	navasti
հանուն	خاطر	hanun
ինձ համար	خاطر	indz hamar
սալաթ	سالاد	salat
աղցան	سالاد	aghtsan
աշխատավարձ	حقوق	ashkhatavardz
վաճառք	فروش	vachark
վաճառող	فروشنده	vacharogh
աղային	نمک دار؛ درجه شوری	aghayin
ֆիզիոլոգիական լուծույթ	نمک دار؛ درجه شوری	fiziologiakan lutsuyt
թուք	تف؛ بزاق	tuk
սաղմոն	ماهی آزاد	saghmon
սաղմոնի միս	ماهی آزاد	saghmoni mis
հյուրասենյակ	آرایشگاه	hyurasenyak
աղ	نمک	agh
սալյուտ	سرلام کردن؛ سلام دادن	salyut
բուժիչ սպեղանի	ضماد گذاشتن	buzhich speghani
Սեմ	سام	Sem
նույն միեւնույն	یکسان	nuyn mievnuyn
սրբություն	علو مقام	srbutyun
սրբավայր	بست؛ تحصن	srbavayr
տաճար	بست؛ تحصن	tachar
ավազ	شن؛ ریگ	avaz
ավազոտ անապատ	شن؛ ریگ	avazot anapat
ավազաքար	سنگ سیاه؛ ماسه سنگ	avazakar
սանդվիչ	ساندویچ	sandvich
բուտերբրոդ	ساندویچ	buterbrod
լավատես	دموی	lavates
արյունային	دموی	aryunayin
հասարակական զուգարան	بهداشتی؛ صحی	hasarakakan zugaran
սանիտարական	بهداشتی؛ صحی	sanitarakan
Սանտա	پاپانول	Santa
բուսահյութ	شیره؛ شیره گیاهی	busahyut
կենսունակություն արյուն	شیره؛ شیره گیاهی	kensunakutyun aryun
սարկազմ	کنایه؛ متلک	sarkazm
կծու ծաղրանք	کنایه؛ متلک	ktsu tsaghrank
սարկոմա	سارکوم؛ تومور بدخیم	sarkoma
ծաղրական	کنایه آمیز	tsaghrakan
սարդոնիկ	کنایه آمیز	sardonik
պատուհանի ապակեկալ	ارسی	patuhani apakekal
ա հագեցնել	فرو نشاندن	a hagetsnel
կշտացնել բ	فرو نشاندن	kshtatsnel b
արբանյակ	قمر؛ ماهواره	arbanyak
կամակատար	قمر؛ ماهواره	kamakatar
ատլաս	اطلس؛ ساتین	atlas
կերպաս	اطلس؛ ساتین	kerpas
սատիրա	هجا؛ طنز	satira
երգիծանք	هجا؛ طنز	ergitsank
երգիծաբանական	هزلی	ergitsabanakan
երկիծաբան	طنز نویس	erkitsaban
գոհացում	رضایت	gohatsum
բավարար	مرضی؛ رضایت بخش	bavarar
բավականաչափ	مرضی؛ رضایت بخش	bavakanachap
բավականանալ	اداکردن؛ اقناع کردن	bavakananal
բավարարում	اقناع؛ ارضاء	bavararum
հագեցած	سیراب؛ سیر شده	hagetsats
տոգորված	سیراب؛ سیر شده	togorvats
շաբաթ	شنبه	shabat
շաբաթ օրվա	شنبه	shabat orva
սոուս	سس	sous
կերակրակաթսա	ماهی تابه؛ روغن داغ کن	kerakrakatsa
բաժակապնակ	نعلبکی؛ بشقاب کوچک	bazhakapnak
թեյի պնակ	نعلبکی؛ بشقاب کوچک	teyi pnak
երշիկ	کالباس؛ سوسیس	ershik
նրբերշիկ	کالباس؛ سوسیس	nrbershik
վայրենի կերպով	وحشیانه	vayreni kerpov
գիտուններ	عقلا	gitunner
փրկիչ	ناجی؛ منجی	prkich
սղոցուկ	خاک اره	sghotsuk
թեփ	خاک اره	tep
սաքս	ساکسون	saks
անգլո-սաքս	ساکسون	anglo-saks
ասել	گفتن	asel
լսիր	گفتن	lsir
գործադուլաբեկ	گری	gortsadulabek
շտրայկբրեխեր	گری	shtraykbrekher
պատյանը դնել	نیام؛ غلاف شمشیر	patyane dnel
փայտամած	داربست؛ چوب بست	paytamats
լաստակ	داربست؛ چوب بست	lastak
այրվածք	آب پز کردن	ayrvatsk
խաշել	آب پز کردن	khashel
մասշտաբ	وزنه؛ مقیاس	masshtab
չափացույց	وزنه؛ مقیاس	chapatsuyts
գլխամաշկ	فرق سر	glkhamashk
գլխամաշկել	فرق سر	glkhamashkel
տվյալների հաջորդաբար ընթերցումը	ور انداز کردن؛ اجمالا مرور کردن	tvyalneri hajordabar entertsume
սկանդալային	افتراآمیز	skandalayin
թիակոսկր	استخوان پهن	tiakoskr
սպի	اثر زخم داشتن	spi
սպիանալ	اثر زخم داشتن	spianal
քիչ քանակով	کمیاب	kich kanakov
սակավություն	کمی؛ قحطی	sakavutyun
սարսափ	ترساندن	sarsap
վզպատ	شال؛ روسری	vzpat
շարֆ	شال؛ روسری	sharf
ալ կարմիր գույն	شله؛ سرخ شدگی	al karmir guyn
ալ	شله؛ سرخ شدگی	al
սարսափ ազդող	ترسناک	sarsap azdogh
սցենար	سناریو	stsenar
գործողության վայր	صحنه	gortsoghutyan vayr
ընդհանուր տեսարան	صحنه سازی	endhanur tesaran
սկեպտիկ	شکاک	skeptik
թերահավատ մարդ	شکاک	terahavat mard
կատալոգ	برنامه، برنامه‌ریزی کردن	katalog
սխեմա	نقشه طرح کردن	skhema
հերձված	اختلاف وتفرقهدرکلیسا	herdzvats
աղանդ	اختلاف وتفرقهدرکلیسا	aghand
գիտնական	محقق	gitnakan
գիտուն	محقق	gitun
գիտություն	بورسیه	gitutyun
թոշակ	بورسیه	toshak
դպրոց	مدرسه	dprots
դպրոցական տղա	پسر مدرسه؛ پسر مدرسه ای	dprotsakan tgha
մանկավարժ	مکتب دار؛ ناظم مدرسه	mankavarzh
երկկահմ առագաստանավ	گاری سفری	erkkahm aragastanav
ֆուրգոն	گاری سفری	furgon
գիտական	علمی	gitakan
մկրատ	مقراض؛ قطع کننده	mkrat
հանդիմանել	عتاب؛ بدحرفی کردن	handimanel
գդալիկ	چمچه؛ کج بیل	gdalik
տեսադաշտ	دایره؛ دامنه	tesadasht
միավորների հաշիվ	امتیاز، امتیاز گرفتن	miavorneri hashiv
շոտլանդերեն	مردد بودن؛ ویسکی اسکاتلندی	shotlanderen
շոտլանդական օղի շոտլանդացիներ	مردد بودن؛ ویسکی اسکاتلندی	shotlandakan oghi shotlandatsiner
Շոտլանդիա	اسکاتلند	Shotlandia
շոտլանդացի	اسکاتلند	shotlandatsi
ստոր անարգ մարդ	ارقه	stor anarg mard
լաստանավ	قایق تفریحی؛ وته پهن	lastanav
ստորագրություն	خراشیدن	storagrutyun
խզբզոց	گشاد نشستن	khzbzots
խզբզել	گشاد نشستن	khzbzel
սուր ճիչ	داد؛ جیغ	sur chich
սաստիկ զվարճալի բան	داد؛ جیغ	sastik zvarchali ban
շիրմա	صفحه نمایش	shirma
առաջակալ	صفحه نمایش	arajakal
պտուտակ	پیچ؛ پیچ کردن	ptutak
պրոպելլեր	پیچ؛ پیچ کردن	propeller
խզբզագիր	بد نوشتن	khzbzagir
պիեսի տեքստը	متن سند؛ متن نمایشنامه	piesi tekste
սուրբ գիրք	کتاب آسمانی	surb girk
խոզանակով մաքրել	مالیدن؛ تیغستان	khozanakov makrel
զննող հայացք	مداقه؛ بررسی دقیق	znnogh hayatsk
ընտրության արդյունքների ստուգում	مداقه؛ بررسی دقیق	entrutyan ardyunkneri stugum
քանդակագործ	حجار؛ صورتگر	kandakagorts
քանդակագործություն	مجسمهسازی	kandakagortsutyun
ածուխի դույլ կամ արկղ	ذغالدان؛ گام تند	atsukhi duyl kam arkgh
ածուխի քանակը	ذغالدان؛ گام تند	atsukhi kanake
գերանդի	درو کردن؛ با داس بردن	gerandi
սկյութական	سیت	skyutakan
սկյութ	سیت	skyut
պլոմբ	سیل؛ پلمب	plomb
ծովագնաց	جاشو؛ جاسو	tsovagnats
կար	درزگیری کردن؛ درز گرفتن	kar
կարատեղ	درزگیری کردن؛ درز گرفتن	karategh
ծովային նավահանգիստ	بندر؛ دریابندر	tsovayin navahangist
որոնում	جستجو، جستجو کردن	oronum
խուզարկություն	جستجو، جستجو کردن	khuzarkutyun
տարվա եղանակ	فصل	tarva eghanak
սեզոն	فصل	sezon
սեզոնային	موسمی؛ فصلی	sezonayin
նստոց	صندلی	nstots
դուրս գալ կազմից	منتزع شدن	durs gal kazmits
անջատվել	منتزع شدن	anjatvel
անջատական	جدارو	anjatakan
ստորադաս	ثانویه؛ فرعی	storadas
վայրկյան կերպով	ثانیاً	vayrkyan kerpov
գաղտնիություն խիստ գաղտնի	نهفتگی؛ پوشیدگی	gaghtniutyun khist gaghtni
գաղտնապահություն	نهفتگی؛ پوشیدگی	gaghtnapahutyun
սեկրետեր	منشی	sekreter
արտազատել	ترشح کردن	artazatel
սեկրեցիա	ترشح	sekretsia
արտազատություն	ترشح	artazatutyun
գաղտնիք կերպով	سرا؛ دزدکی	gaghtnik kerpov
սեկցիոն	مقطعی؛ قطعه قطعه	sektsion
դարավոր	غیر روحانی	daravor
անվտանգ	مصون؛ محفوظ	anvtang
երաշխավորում	امان؛ امنیت	erashkhavorum
փակ ավտոմեքենա	تخت روان	pak avtomekena
նստակյաց	نشسته؛ غیر متحرک	nstakyats
երկար նստել	نشسته؛ غیر متحرک	erkar nstel
խռովության՝ ապստամբության կոչ	فتنه؛ فتنه پراکنی	khrovutyan, apstambutyan koch
գայթակղեցնված	مفتون	gaytakghetsnvats
գայթակղիչ	فریبا؛ گمراه کننده	gaytakghich
սերմ	دان؛ دانه	serm
սերմով լի	تخمی؛ پرتخم	sermov li
սերմակալած	تخمی؛ پرتخم	sermakalats
փնտրող	جوینده	pntrogh
թվալ	به نظر رسیدن	tval
թվացող	ظاهر نما	tvatsogh
տոպրակացանց	تور؛ سن	toprakatsants
ուռկան	تور؛ سن	urkan
ճանկել	تصرف کردن؛ غصب کردن	chankel
առգրավում	ضبط؛ تصرف	argravum
սակավադեպ	بندرت؛ به ندرت	sakavadep
ընտրում	انتخاب؛ گلچین	entrum
ընտրելը	انتخاب؛ گلچین	entrele
ընտրող	بهگزین؛ گزینشی	entrogh
տեսակավորող	بهگزین؛ گزینشی	tesakavorogh
սեփական անձը	خود؛ خویشتن	sepakan andze
եսասիրական	خودخواهانه؛ خود پرست	esasirakan
անձնապաշտական	خودخواهانه؛ خود پرست	andznapashtakan
եսասիրություն	نخوت؛ خودپسندی	esasirutyun
էգոիզմ	نخوت؛ خودپسندی	egoizm
վաճառել	فروختن	vacharel
ծախել	فروختن	tsakhel
գործակատար	فروشنده	gortsakatar
խաբուսիկություն առերեւույթ բան	ظن قوی	khabusikutyun arerevuyt ban
սերմնահեղուկ	منی؛ نطفه	sermnaheghuk
կիսա	نصف شده	kisa
սերմնային	نطفهای	sermnayin
հիմնարար	نطفهای	himnarar
սեմինար	سمینار	seminar
սեմինարիա	الحوزه؛ فیضیه	seminaria
հոգեւոր սեմինարիա	الحوزه؛ فیضیه	hogevor seminaria
սենատ	مجلس سنا	senat
սենատոր	سناتور	senator
գցել	فرستادن	gtsel
Սենեգալ	سنگال	Senegal
ծերություն	پیری	tserutyun
զառամյալություն	پیری	zaramyalutyun
ավագություն	ارشدیت	avagutyun
ավագի պաշտոն	ارشدیت	avagi pashton
զգայություն	احساس؛ آب و تاب	zgayutyun
զգացողություն	احساس؛ آب و تاب	zgatsoghutyun
սենսացիոն	حسی؛ شورانگیز	sensatsion
զգայացունց	حسی؛ شورانگیز	zgayatsunts
զգացում	حس	zgatsum
զգայունություն	احساس ودرک	zgayunutyun
նրբազգացությունգերզգայնություն	احساس ودرک	nrbazgatsutyungerzgaynutyun
զգայուն	حساس	zgayun
դյուրազգաց	حساس	dyurazgats
զգայուն լինելը	حساسیت	zgayun linele
զգայական	شهوانی؛ نفسانی	zgayakan
զգացական	شهوانی؛ نفسانی	zgatsakan
նախադասություն	جمله	nakhadasutyun
դյուրազգայուն	احساساتی	dyurazgayun
բաժանել կերպով	جداگانه؛ جدا جدا	bazhanel kerpov
սեպարատիստ	تجزیه طلب	separatist
անջատվողական	تجزیه طلب	anjatvoghakan
սեպտեմբեր	سپتامبر	september
սեպտեմբերյան	سپتامبر	septemberyan
նեխային	پلشت؛ ماده عفونی	nekhayin
սեպտիկ	پلشت؛ ماده عفونی	septik
Սերբիա	صربستان	Serbia
սերբական	صربستانی؛ صرب	serbakan
սերբ	صربستانی؛ صرب	serb
սերժանտ	گروهبان	serzhant
սերիա	سری	seria
լուրջ	جدی	lurj
ծանրակշիռ	جدی	tsanrakshir
լրջորեն	جدا؛ بی شوخی	lrjoren
օձ	حیه؛ ماربزرگ	odz
նենգ՝ թունոտ մարդ	حیه؛ ماربزرگ	neng, tunot mard
օձի	مارپیچ؛ مارپیچی	odzi
օձային	مارپیچ؛ مارپیچی	odzayin
շիճուկ	سرم؛ خونابه	shichuk
ծառա	فراش؛ مستخدم	tsara
ծառայել	خدمت کردن، سرو غذا	tsarayel
պետք գալ	خدمت کردن، سرو غذا	petk gal
հատուկ պրոցեսոր	کمک کننده	hatuk protsesor
սպասարկում	خدمات	spasarkum
ստրկաբարո	شایسته نوکران	strkabaro
ստրկաբարոյություն	نوکرمابی	strkabaroyutyun
ստորաքարշություն	نوکرمابی	storakarshutyun
ստրկություն	چاکری؛ بندگی	strkutyun
ստրկացում	چاکری؛ بندگی	strkatsum
քնջութ	کنجد	knjut
նիստ	نشست؛ جلسه	nist
նստաշրջան	نشست؛ جلسه	nstashrjan
սետտեր	گذارنده	setter
բնակեցում	مسکن؛ واریز	bnaketsum
գաղութաբնակեցում	مسکن؛ واریز	gaghutabnaketsum
նորաբնակ	مهاجر	norabnak
նորաբնակիչ	مهاجر	norabnakich
յոթ	هفت	yot
յոթանոց	هفت	yotanots
տասնյոթ	هفده	tasnyot
յոթերորդ	سابع؛ یک هفتم	yoterord
յոթերորդ մաս	سابع؛ یک هفتم	yoterord mas
յոթանասուն	هفتاد	yotanasun
մի քանի	چندین	mi kani
խստորեն	به شدت	khstoren
խստաշնչություն	سختی؛ خشکی	khstashnchutyun
կարել	دوختن؛ خیاطی کردن	karel
կարելով կպցնել միացնել	دوختن؛ خیاطی کردن	karelov kptsnel miatsnel
կարելը	خیاطی؛ دوزندگی	karele
սեռական	جنسی؛ تناسلی	serakan
սեքսուալ	سکسی	seksual
ստվեր	سایه؛ آسمانه	stver
շվաք	سایه؛ آسمانه	shvak
կիսախավար	سایه؛ ظل	kisakhavar
ստվերոտ	سایه دار؛ سایه افکن	stverot
բռնակոթ	چوبه؛ مال بند	brnakot
գզուզ՝ գզգզված մազեր	موی زبر	gzuz, gzgzvats mazer
մախորկա	موی زبر	makhorka
փռչոտ	پر مو؛ مو دراز	prchot
թափահարում	لرزاندن	tapaharum
ապառնի ժամանակի օժանդակ բայ	باید (فعل کمکی)	aparni zhamanaki ozhandak bay
ոչ խոր	سطحی؛ تنکاب	och khor
ամոթ	ننگ؛ شرم	amot
ամոթի զգացում ամոթ է	ننگ؛ شرم	amoti zgatsum amot e
ամոթալի	ننگین؛ رسوا	amotali
անամոթ	وقیح؛ بیعار	anamot
անպատկառ	وقیح؛ بیعار	anpatkar
անամոթ կերպով	بی شرمانه	anamot kerpov
անձեւ	بیقالب؛ بی شکل	andzev
անկերպարան	بیقالب؛ بی شکل	ankerparan
բարեկազմ	خوش هیکل؛ خوش ترکیب	barekazm
բաժնետեր	سهامدار؛ سهمدار	bazhneter
փայատեր	سهامدار؛ سهمدار	payater
սուր լինելը	تیزی؛ حادی	sur linele
ջարդվել	خرد کردن؛ متلاشی کردن	jardvel
կոտրվել	خرد کردن؛ متلاشی کردن	kotrvel
ածիլում	تراش؛ تراشیدن	atsilum
ածիլելը	تراش؛ تراشیدن	atsilele
սափրվելը	اصلاح؛ صورت تراشی	saprvele
ածիլվելը	اصلاح؛ صورت تراشی	atsilvele
կապուկ	بافه؛ بافه کردن	kapuk
տուփ	غلاف؛ نیام	tup
պատյանը դնված	غلافدار؛ نیامی	patyane dnvats
ոչխար	گوسفند	ochkhar
ամաչկոտ մարդ	گوسفند	amachkot mard
թափանցիկ	یک راست؛ پارچه ظریف	tapantsik
սավան	ورق، ملافه	savan
դարակ	طاقچه؛ تاقچه	darak
սանդղավանգ	طاقچه؛ تاقچه	sandghavang
խեցի	پوست؛ لاک	khetsi
հովիվ	چوپان؛ شبان	hoviv
շերիֆ	داروغه؛ ضابط شهربانی	sherif
արեւոտ	درخشان؛ براق	arevot
արեւ	درخشان؛ براق	arev
մրցալողի մակույկ	کشتی	mrtsaloghi makuyk
նավի տախտակամած	سوار کشتی؛ کنار کشتی	navi takhtakamats
նավաշինարար	کشتیساز	navashinarar
նավաշինություն	کشتیسازی	navashinutyun
ուղարկում	محموله؛ مرسله	ugharkum
բեռնառաքիչ	مسافر کشتی؛ محموله کشتی	bernarakich
նավաբեկություն	غرق کشتی؛ کشتی شکسته شدن	navabekutyun
նավի բեկորներ	غرق کشتی؛ کشتی شکسته شدن	navi bekorner
տղամարդու շապիկ	پیراهن	tghamardu shapik
վերնաշապիկ	پیراهن	vernashapik
վրդովեցուցիչ	تکان‌دهنده	vrdovetsutsich
կոշիկ հագած	نعل کفش	koshik hagats
պայտված	نعل کفش	paytvats
ոտնաման	کفش	otnaman
խանութ	فروشگاه، خرید کردن	khanut
գնումներ անել	خرید	gnumner anel
խուզված	پشم چیده	khuzvats
կարճանալ	کوچک کردن؛ کوتاه کردن	karchanal
կարճ լինելը	کوتاهی	karch linele
կարճատեւ	کوتاه‌مدت	karchatev
թնդանոթային ռումբ	تیر؛ عکس	tndanotayin rumb
որպես մոդալ բայարտահայտում է խորհուրդ	باید (فعل کمکی)	orpes modal bayartahaytum e khorhurd
ուս	شانه	us
թի	بیل زدن؛ بیلچه زدن	ti
ճոխ	خودنما؛ پرجلوه	chokh
շտապնել	گلوله افشان؛ گلوله انفجاری	shtapnel
կոտորակառումբ	گلوله افشان؛ گلوله انفجاری	kotorakarumb
ծվեն	تکه کردن؛ باریک بریدن	tsven
սրաթափանց	ناقلا	sratapants
խորաթափանց լինելը	کیاست	khoratapants linele
ճղավոց	فریاد دلخراش زدن	chghavots
մանր ծովախեցգետին	میگو	manr tsovakhetsgetin
աճյունատուփ	ضریح؛ مرقد	achyunatup
դամբարան	ضریح؛ مرقد	dambaran
կծկվելը	کیس؛ آب رفتگی	ktskvele
մացառուտ	درختچه زار	matsarut
փեղկ	پشت دری	peghk
Սիբիր	سیبریه؛ سیبری	Sibir
քույր կամ եղբայր	خواهر یا برادر	kuyr kam eghbayr
հիվանդ	بیمار	hivand
սրտախառնոց	بیمار	srtakharnots
մանգաղ	داسقاله؛ دهره	mangagh
պատ	کنار	pat
մաղում	نخاله؛ بوجاری	maghum
հառաչ	آه کشیدن؛ آوخ کشیدن	harach
նշանակ	علامت، امضا کردن	nshanak
ազդանշան	علامت؛ کوس	azdanshan
ազդանշանային	علامت؛ کوس	azdanshanayin
մամուլահամար	امضا	mamulahamar
նշանակալիություն	اهمیت	nshanakaliutyun
իմաստ ունենալ	باشاره فهماندن	imast unenal
ստվերանկար	نیمرخ	stverankar
ուրվանկար	نیمرخ	urvankar
մետաքս	ابریشم؛ خامه	metaks
մետաքսե զգեստ	ابریشم؛ خامه	metakse zgest
մետաքսանման	ابریشمی؛ حریری	metaksanman
փափուկ	ابریشمی؛ حریری	papuk
շերամ	کرم ابریشم؛ کرم پیله	sheram
շերամի որդ	کرم ابریشم؛ کرم پیله	sherami ord
շեմք	گسله بستری	shemk
սյամ	گسله بستری	syam
հիմար լինելը	خری	himar linele
արծաթ	نقره، نقره‌ای	artsat
արծաթադրամ	نقره، نقره‌ای	artsatadram
արծաթեղեն	نقره آلات	artsateghen
արծաթանման	سیمگون؛ سیم اندود	artsatanman
արծաթափայլ	سیمگون؛ سیم اندود	artsatapayl
համանման	مشابه	hamanman
Սիմոն	شمعون	Simon
պարզամտություն	سادگی	parzamtutyun
պարզեցնել	ساده کردن	parzetsnel
պարզ դարձնել	ساده کردن	parz dardznel
միաժամանակյա	همزمان؛ مقارن	miazhamanakya
միաժամանակ	همزمان؛ مقارن	miazhamanak
միաժամանակյա կերպով	همزمان؛ به طور همزمان	miazhamanakya kerpov
մեղանչում	خطا؛ گناه	meghanchum
որոշ ժամանակից սկսած	از آن زمان که، چون	orosh zhamanakits sksats
բացսիրտ	صاف؛ صمیمی	batssirt
անկեղծ կերպով	صمیمانه؛ صادقانه	ankeghts kerpov
մկանուտ	سخت پی	mkanut
ջլուտ	سخت پی	jlut
մեղսագործ	عاصی؛ فاجر	meghsagorts
երգելը	آواز خواندن	ergele
երգեցողություն	آواز خواندن	ergetsoghutyun
երգիչ	خواننده	ergich
երգչուհի	خواننده	ergchuhi
մեկ-մեկ	منفردا؛ یک یک	mek-mek
եզակի թիվ	تکین	ezaki tiv
անսովոր	تکین	ansovor
խորտակվել	منجلاب؛ چاهک	khortakvel
ոլորապտույտ	گمراه کننده	oloraptuyt
օձապտույտ	گمراه کننده	odzaptuyt
սինուս	سینوس؛ معصره	sinus
փոքր կումումպ	جرعه؛ مزمزه	pokr kumump
փոքր կումերով խմելըմպել	جرعه؛ مزمزه	pokr kumerov khmelempel
արու կենդանի	پدری کردن	aru kendani
քույր	خواهر	kuyr
բուժքույր	خواهر	buzhkuyr
նիստ անել	نشستن	nist anel
վեց	شش	vets
վեց թիվ	شش	vets tiv
տասնվեց	شانزده	tasnvets
վեցերորդ	سادس؛ سدس	vetserord
մեկ վեցերորդ մաս	سادس؛ سدس	mek vetserord mas
վաթսուն	شصت	vatsun
հիմնակմախք	چارچوب؛ اسکلت	himnakmakhk
թերահավատություն	دیرباوری	terahavatutyun
սկեպտիցիզմ	دیرباوری	skeptitsizm
էսքիզ	ترسیم؛ طراحی کردن	eskiz
դահուկ	اسکی، اسکی کردن	dahuk
դահուկել	اسکی، اسکی کردن	dahukel
դահուկելը	اسکی	dahukele
դահուկներով սահելը	اسکی	dahuknerov sahele
հմտորեն	ماهرانه	hmtoren
թիմի ավագ	ناخدای کشتی	timi avag
փոքրիկ մարդ	کشمکش؛ زد و خورد	pokrik mard
ռազմական ընդհարում	کشمکش؛ زد و خورد	razmakan endharum
շրջազգեստ	دامن	shrjazgest
գանգ	جمجمه	gang
թասակ	عرقچین؛ کلاه بره	tasak
ապակեծածկ երդիկ	پنجره طاق	apaketsatsk erdik
տանիքի ապակեպատ լուսամուտ	پنجره طاق	taniki apakepat lusamut
դեպի երկինք	به‌طرف آسمان	depi erkink
կանգառում	شل کردن	kangarum
լճացում	شل کردن	lchatsum
սպանված	مقتول	spanvats
շրխկացնելովաղմուկով փակել դուռը	بهمکوفتن؛ ضربت سنگین	shrkhkatsnelovaghmukov pakel dure
խիստ քննադատություն	بهمکوفتن؛ ضربت سنگین	khist knnadatutyun
սլենգ	عامیانه؛ اصطلاح عامیانه	sleng
ժարգոն	عامیانه؛ اصطلاح عامیانه	zhargon
կտրատել	نشان ممیز؛ خیلی کم کردن	ktratel
խզել	نشان ممیز؛ خیلی کم کردن	khzel
թերթաքար	تورق؛ پلمه	tertakar
հերձաքար	تورق؛ پلمه	herdzakar
սլավոն	اسلاو؛ اسلاو زبان	slavon
սլավոնական	اسلاو؛ اسلاو زبان	slavonakan
ստրուկ	برده؛ غلام	struk
ծանր աշխատանք	برده‌داری؛ بندگی	tsanr ashkhatank
ստրկական	غلام صحت	strkakan
սահնակ	سورتمه راندن	sahnak
սահնակով գնալ	سورتمه راندن	sahnakov gnal
կոկ	چرب ونرم	kok
քուն	خواب؛ خوابیدن	kun
անքուն	بی خواب	ankun
քնկոտ	خواب آلود	knkot
քնաթաթախ	خواب آلود	knatatakh
թեւք	آستین	tevk
թեղանք	آستین	teghank
դարձ	تعداد زیادی؛ چرخاندن ناگهانی	dardz
բարակ շերտ	قاش کردن؛ قاچ کردن	barak shert
սահելը	سرسره؛ سراندن	sahele
անհարգալից	خفیف؛ جزئی	anhargalits
անտեսում	خفیف؛ جزئی	antesum
կպչուն ցեխ	لجن؛ خره	kpchun tsekh
տնային մաշիկ	کفش راحتی؛ دم پائی	tnayin mashik
հողաթափ	کفش راحتی؛ دم پائی	hoghatap
ողորկ	سر؛ لیز	oghork
սլլան	سر؛ لیز	sllan
լոզունգ	شعار	lozung
երկառագաստավոր միակայմ նավ	قایق جنگی	erkaragastavor miakaym nav
շլյուպ	قایق جنگی	shlyup
թափթփել	شلوار گشاد؛ آشغال خوری	taptpel
լանջ	شیب؛ دامنه	lanj
համրուկ	تنبل	hamruk
ճահճուտ	خشک ریشه	chahchut
փնթի	هردمبیل؛ لا ابالی	pnti
թափթփված	هردمبیل؛ لا ابالی	taptpvats
դանդաղ կերպով	به آرامی	dandagh kerpov
դանդաղ լինելը	کندی؛ تانی	dandagh linele
դանդաղաշարժ	کساد؛ لش	dandaghasharzh
խիստ անկում	زمین باتلاقی؛ کاهش فعالیت	khist ankum
տնտեսական ճգնաժամ ծանր վայր ընկնել	زمین باتلاقی؛ کاهش فعالیت	tntesakan chgnazham tsanr vayr enknel
հոգեկան տառապանք	زرنگ؛ زیرک	hogekan tarapank
խելախոս	گوشی هوشمند	khelakhos
սմարթֆոն	گوشی هوشمند	smartfon
ջարդում	مصادمت؛ خردشدگی	jardum
կոտրատելը	مصادمت؛ خردشدگی	kotratele
ծանր հարված	خرکننده؛ درهم شکننده	tsanr harvats
համոզիչ փաստարկ	خرکننده؛ درهم شکننده	hamozich pastark
կեղտաբիծ	آغشتن	keghtabits
հոտ առնել	گداخته شدن	hot arnel
հոտ զգալ	گداخته شدن	hot zgal
ժպիտ	لبخند، لبخند زدن	zhpit
ժպտալ	لبخند، لبخند زدن	zhptal
ծուխ	دود، سیگار کشیدن	tsukh
մուխ	دود، سیگار کشیدن	mukh
անծուխ	بی دود	antsukh
ծխող	سیگاری؛ اهل دود	tskhogh
հարթ լինելը	روانی؛ صافی	hart linele
մաքսանենգությամբ զբաղվում	قاچاق؛ خفیه فروشی	maksanengutyamb zbaghvum
թեթեւ նախաճաշիկ	ته بندی	tetev nakhachashik
խխունջ	حلزون؛ لیسه	khkhunj
ծույլ մարդ	حلزون؛ لیسه	tsuyl mard
չար նենգամիտ մարդ	مار	char nengamit mard
շառաչ	بشکن؛ شتابزدگی	sharach
թակարդ	تله؛ با تله گرفتن	takard
գռմռոց	دندان قروچه کردن	grmrots
մռթմռթոց	دندان قروچه کردن	mrtmrtots
հանկարծական շարժում	مقدار کم؛ قاپ زنی	hankartsakan sharzhum
փսփսոց	بوکشیدن؛ فن فن کردن	pspsots
ֆսֆսոց	بوکشیدن؛ فن فن کردن	fsfsots
խռմփոց	خرخر؛ خرخره	khrmpots
խռմփալը	خرخر؛ خرخره	khrmpale
փռնչոց	زفیر کشیدن	prnchots
փնչացնելը	زفیر کشیدن	pnchatsnele
ձյուն	برف، برف باریدن	dzyun
ճերմակ մազեր	برف، برف باریدن	chermak mazer
ձյունապատ	برفی	dzyunapat
ձնառատ	برفی	dznarat
քթախոտ	انفیه؛ انفیه زدن	ktakhot
մոմի այրուք	انفیه؛ انفیه زدن	momi ayruk
այսպես	بنابراین، خیلی	ayspes
այդպես	بنابراین، خیلی	aydpes
թրջում	آغشتن؛ خیساندن	trjum
թրջելը	آغشتن؛ خیساندن	trjele
օճառ	صابون	ochar
սապոն	صابون	sapon
ճախրում սավառնում	اوج گرفتن؛ بلند پرواز کردن	chakhrum savarnum
հեկեկանք	بغض گریه	hekekank
հեծկլտանք	بغض گریه	hetskltank
այսպես կոչված	به اصطلاح	ayspes kochvats
սոցիալական	اجتماعی	sotsialakan
սոցիալիզմ	سوسیالیسم؛ سوسیالیزم	sotsializm
սոցիալիստ	سوسیالیست؛ سوسیالیستی	sotsialist
սոցիոլոգիա	انسان شناسی؛ جامعه شناسی	sotsiologia
կիսագուլպա	جوراب	kisagulpa
միջատակ	جوراب	mijatak
հագեցված	نیم پخته؛ چروکیده وپژمرده	hagetsvats
նատրիում	سدیم؛ سودیوم	natrium
բազմոց	نیمکت؛ کاناپه	bazmots
դիվան	نیمکت؛ کاناپه	divan
փափկանալ	نرم کردن؛ شیرین کردن	papkanal
քնքշորեն	بارامی؛ نرم نرمک	knkshoren
փափուկ լինելը	ملایمت؛ شلی	papuk linele
ծրագրակազմ	نرم افزار	tsragrakazm
ժամանակավոր մնալը	موقتا اقامت کردن	zhamanakavor mnale
այցելում	موقتا اقامت کردن	aytselum
մխիթարություն	مایه تسلی	mkhitarutyun
արեւի	آفتابی؛ شمسی	arevi
արեգակնային	آفتابی؛ شمسی	aregaknayin
զոդանյութ	لحیم؛ لحیم کردن	zodanyut
զոդ	لحیم؛ لحیم کردن	zod
զինվորական	سرباز	zinvorakan
մեծաշուք	سنگین؛ موقرانه	metsashuk
միջնորդող	خواهنده	mijnordogh
պինդ մարմին	محکم؛ استوار	pind marmin
երկրաչափական մարմին	محکم؛ استوار	erkrachapakan marmin
միասնություն	همبستگی؛ بهم پیوستگی	miasnutyun
մենակություն	انفراد	menakutyun
մեներգ	تک	menerg
մենանվագ	تک	menanvag
Սողոմոն	سلیمان؛ صلح دوست	Soghomon
վճռում	راه حل	vchrum
լուծելի	حلپذیر؛ قابل حل	lutseli
լուծում ունեցող	حلپذیر؛ قابل حل	lutsum unetsogh
լուծիչ	حلال؛ مایع محلل	lutsich
լուծող	حلال؛ مایع محلل	lutsogh
կարեւոր անձնավորություն	کسی	karevor andznavorutyun
ինչ որ մեկը	کسی	inch or meke
ինչ որ պատճառով	به نحوی	inch or patcharov
ինչ-որ մեկը	کسی	inch-or meke
մի բան	چیزی	mi ban
առաջվա	زمانی	arajva
ժամանակ առ ժամանակ	گاهی اوقات	zhamanak ar zhamanak
որոշ մաս	تاحدی؛ مقدار نامعلومی	orosh mas
որոշ բան	تاحدی؛ مقدار نامعلومی	orosh ban
ինչ-որ տեղում	جایی	inch-or teghum
ինչ-որ տեղ որեւէ այլ տեղ	جایی	inch-or tegh oreve ayl tegh
արու զավակ	پسر	aru zavak
երգ	آهنگ	erg
հնչուն	طنین انداز	hnchun
կարճ ժամանակից հետո	به زودی	karch zhamanakits heto
մուր	دوده؛ دودهای کردن	mur
մրոտել	دوده؛ دودهای کردن	mrotel
մրոտած	دودهای	mrotats
մրով ծածկված	دودهای	mrov tsatskvats
հարուստ կենսափորձ ունեցող	پیچیده	harust kensapordz unetsogh
կյանքի իմաստություն ունեցող	پیچیده	kyanki imastutyun unetsogh
ցավոտ տեղ	ریشناک؛ جای زخم	tsavot tegh
թարախոտ վերք	ریشناک؛ جای زخم	tarakhot verk
ցավոտ տեղ կերպով	به‌سختی	tsavot tegh kerpov
աշխետ ձի	ریواس؛ ترشک	ashkhet dzi
ցավով ափսոսանքով լի	متاسف	tsavov apsosankov li
թունդ հարբեցող	ساده لوح	tund harbetsogh
հնչյուն	صدا، به نظر رسیدن	hnchyun
ձայն	صدا، به نظر رسیدن	dzayn
սուպ	سوپ	sup
ապուր	سوپ	apur
թթված	ترش؛ ترشیده	ttvats
հարավ	جنوب	harav
հարավային ուղղությամբ դեպի հարավ	جنوب	haravayin ughghutyamb depi harav
հարավ-արեւելք	جنوب شرقی؛ جنوب شرق	harav-arevelk
հարավային	جنوبی	haravayin
հարավ գնացող	به‌سوی جنوب	harav gnatsogh
դեպի հարավ	به‌سوی جنوب	depi harav
հարավ-արեւմուտք	جنوب غربی	harav-arevmutk
հուշանվեր	یادگار؛ تحفه	hushanver
ինքնիշխանություն	شاهی؛ خداوندی	inknishkhanutyun
ցանել	خوک ماده؛ ماده خوک	tsanel
սերմանալ	خوک ماده؛ ماده خوک	sermanal
լայնածավալ	جادار؛ فراخ	laynatsaval
Իսպանիա	اسپانیا	Ispania
իսպանացի	اسپانیولی	ispanatsi
իսպանուհի	اسپانیولی	ispanuhi
իսպանացիներ	اسپانیولی؛ اسپانیایی	ispanatsiner
պահեստի	اضافی	pahesti
պահեստային	اضافی	pahestayin
կայծ	جرقه؛ اخگر	kayts
ճնճղուկ	گنجشک	chnchghuk
կարկամություն բարկության զայրույթի պոռթկում	تشنجه	karkamutyun barkutyan zayruyti portkum
սպաստիկ	انقباضی	spastik
գժտություն	بچهحلزون	gzhtutyun
տարածական	فاصلهای	taratsakan
տարածության	فاصلهای	taratsutyan
սպիկեր	بلندگو، سخنران	spiker
նիզակակիր	نیزه؛ سنان	nizakakir
մասնագիտանալ	تخصص یافتن	masnagitanal
մասնագիտանված	تخصصی	masnagitanvats
արտակարգ կերպով	بویژه؛ مخصوصا	artakarg kerpov
հատուկ հաղորդագրություն	خاص	hatuk haghordagrutyun
հատուկմիջոց	خاص	hatukmijots
հատկավորում	مشخصه؛ تصریح	hatkavorum
դասակարգում	مشخصه؛ تصریح	dasakargum
հատկապես նշել	مشخص کردن	hatkapes nshel
մատնանշել	مشخص کردن	matnanshel
էֆեկտավոր	تماشایی	efektavor
տպավորիչ	تماشایی	tpavorich
հանդիսատես	تماشاگر	handisates
լուսապատկեր	طیف؛ بیناب	lusapatker
լուսակ	طیف؛ بیناب	lusak
խորհրդածել	حدس و گمان زدن	khorhrdatsel
մտորմունք	گمانه‌زنی	mtormunk
մտածող	زمین خوار؛ سفته باز	mtatsogh
խոսք	سخنرانی	khosk
խոսունակություն	سخنرانی	khosunakutyun
առաջ մղել	سرعت	araj mghel
տառ առ տառ ասել	هجی کردن	tar ar tar asel
բառ կազմել	هجی کردن	bar kazmel
ուղղագրություն	هجی	ughghagrutyun
տառ առ տառ գրելը	هجی	tar ar tar grele
ծախսել	خرج کردن، گذراندن	tsakhsel
վատնել	مصروف؛ رها شده	vatnel
սֆինքս	ابوالهول؛ سینه زن	sfinks
ամոքանք	ادویه	amokank
սարդ	عنکبوت	sard
արյուն ծծող	عنکبوت	aryun tstsogh
հեղուկը շաղ տալը	ریختن	heghuke shagh tale
թափթփելը	ریختن	taptpele
ոլորել	چرخان؛ ریس	olorel
ողնաշարի	صلبی؛ شوکی	oghnashari
ողնաշարային	صلبی؛ شوکی	oghnasharayin
իլ	دوک	il
սռնի	دوک	srni
ողնաշար	تیره پشت؛ ستون فقرات	oghnashar
դալարագիծ	حلزونی؛ مارپیچ رفتن	dalaragits
պարուրագիծ	حلزونی؛ مارپیچ رفتن	paruragits
ծայրաձող	ساقه باریک	tsayradzogh
սրաձող	ساقه باریک	sradzogh
ոգի	روح؛ روحیه؛ الکل	ogi
հոգեկան ունակություններ	روح؛ روحیه؛ الکل	hogekan unakutyunner
ոգեշունչ	روحانی؛ معنوی	ogeshunch
հոգեւոր կերպով	روحا؛ غیر مادی	hogevor kerpov
թեթեւ անձրեւ	تف؛ خدو	tetev andzrev
ոխակալ	مغرض؛ غرضآلود	okhakal
փայծաղ	سپرز؛ طحال	paytsagh
պերճ	باشکوه؛ باجلال	perch
փայծաղի	اسپرزی؛ طحالی	paytsaghi
տախտավանդ	جبیره؛ آهن نبشی	takhtavand
բեկակալ	جبیره؛ آهن نبشی	bekakal
երկփեղկում	شکاف؛ شکافته	erkpeghkum
բաժանիչ	شکافنده؛ شکاف دهنده	bazhanich
խլացնող	بزل	khlatsnogh
խոսնակ	سخنگو	khosnak
կին խոսնակ	سخنگو (زن)	kin khosnak
սպունգ	ابر؛ لیف	spung
սպունգանման	لیفی؛ اسفنجی	spunganman
երաշխավոր	ضامن؛ متقبل	erashkhavor
երաշխավորող անձ	ضامن؛ متقبل	erashkhavorogh andz
ինքնաբերական	بالبداهه؛ ناخودآگاه	inknaberakan
տարերային	بالبداهه؛ ناخودآگاه	tarerayin
ինքնաբերական կերպով	ناخودآگاه؛ خودبخود	inknaberakan kerpov
գդալ	قاشق	gdal
գդալով ուտել	قاشق	gdalov utel
հատուկենտ	گاهبگاه	hatukent
սպոր	هاگ؛ هاگ آوردن	spor
բեղմնիկ	هاگ؛ هاگ آوردن	beghmnik
սպորտ	ورزش	sport
սպորտով զբաղվող	ورزشی	sportov zbaghvogh
սպորտով հետաքրքրվող	ورزشی	sportov hetakrkrvogh
սպորտսմեն	ورزشکار؛ ورزش دوست	sportsmen
մարզիկ	ورزشکار؛ ورزش دوست	marzik
գերձել	رگ کردن؛ بدرد آوردن	gerdzel
ձգելով վնասել	رگ کردن؛ بدرد آوردن	dzgelov vnasel
փռվող	گل و گشاد	prvogh
տարածվող	گل و گشاد	taratsvogh
ջրափոշի	افشاندن؛ دواپاشی	jraposhi
հեղուկացիր	افشاندن؛ دواپاشی	heghukatsir
գարուն	بهار	garun
գարնանային	بهار	garnanayin
գարնանային սեզոն	بهار زندگانی	garnanayin sezon
մանր կաթիլներ	گلنم؛ آب پاشی کردن	manr katilner
գեղեցիկ՝ կոկիկ հագնված	صنوبر	geghetsik, kokik hagnvats
զուգված	صنوبر	zugvats
մանել	تابداده؛ ریسته	manel
լրտես	آبشت؛ خبرگیر	lrtes
գաղտնի գործակալ	آبشت؛ خبرگیر	gaghtni gortsakal
հեծելավաշտ	بهادران	hetselavasht
էսկադրոն	بهادران	eskadron
թեփուկավոր	فلس دار	tepukavor
տափակաբջջային	فلس دار	tapakabjjayin
շռայլում	تبذیر کردن؛ اسراف کردن	shraylum
քառակուսի	مربع	karakusi
պպզած նստելը	قوز کردن؛ چاق وخپل	ppzats nstele
կզելը	قوز کردن؛ چاق وخپل	kzele
սկվայր	ملاک عمده	skvayr
հաշտարար դատավոր	ملاک عمده	hashtarar datavor
սկյուռ	سنجاب	skyur
սկյուռի	سنجاب	skyuri
կայուն	پایدار؛ طویله	kayun
ստադիոն	ورزشگاه؛ میدان ورزش	stadion
հաստիք	کارکنان؛ کادر	hastik
արու եղջերու	آهو	aru eghjeru
ստադիա	صحنه، مرحله	stadia
դիլիժանս	دلیجان	dilizhans
փոստակառք	دلیجان	postakark
օրորվելը	گیج خوردن؛ یله رفتن	ororvele
կանգնած	راکد؛ کساد	kangnats
լճացած	راکد؛ کساد	lchatsats
արատ	لکه؛ شایبه	arat
սանդուղքաբազուկ	پله	sandughkabazuk
սանգուղք	پلگان؛ راه پله	sangughk
սանդղավանդակ	پلگان؛ راه پله	sandghavandak
քարթու	بیات؛ بیات کردن	kartu
ցողուն	ساقه؛ ساق	tsoghun
գործարանային ծխնելույզ	ساقه؛ ساق	gortsaranayin tskhneluyz
ախոռ	غرفه، متوقف شدن	akhor
հովատակ	نریان؛ اسب نر	hovatak
որձ ձի	نریان؛ اسب نر	ordz dzi
առողջ՝ ամրակազմ մարդ	جوانمرد؛ اندام دار	aroghj, amrakazm mard
կուսակցության կայուն մարդ	جوانمرد؛ اندام دار	kusaktsutyan kayun mard
դոփում	تمبر، مهر	dopum
թփթփոց	تمبر، مهر	tptpots
խուճապային փախուստ	لگد کردن؛ لگد کوب	khuchapayin pakhust
խուճապային փախուստի մատնել	لگد کردن؛ لگد کوب	khuchapayin pakhusti matnel
դիրքորոշում	موضع	dirkoroshum
կանգնելու կետ	ایستادن	kangnelu ket
ստանդարտ	علامت؛ عیار	standart
ամրակ	قلم اصلی؛ مواد خام	amrak
պնդիչ	قلم اصلی؛ مواد خام	pndich
աստղ	ستاره؛ ستاره، ستاره‌دار کردن	astgh
լուսատու	ستاره؛ ستاره، ستاره‌دار کردن	lusatu
օսլա	نشاسته؛ آهار	osla
օսլայել	نشاسته؛ آهار	oslayel
զարմացած հայացք	خیره شدن؛ خیره نگریستن	zarmatsats hayatsk
անպատկառ հայացք	خیره شدن؛ خیره نگریستن	anpatkar hayatsk
աստղերի լույս	نور ستاره	astgheri luys
աստղալից	نور ستاره	astghalits
աստղազարդ	پرستاره	astghazard
շարժման սկիզբը	شروع، شروع کردن	sharzhman skizbe
քաղցի մատնվել	گرسنه ماندن	kaghtsi matnvel
սովամահ անել	گرسنه ماندن	sovamah anel
պետություն ղեկավարելու հմտություն	ملک داری؛ کشور داری	petutyun ghekavarelu hmtutyun
պետական գործչի հմտություն	دنیاداری	petakan gortschi hmtutyun
ստատիկ	ثابت؛ بی حرکت	statik
կայան	ایستگاه	kayan
վիճակագրական	احسائی؛ آماری	vichakagrakan
վիճակագրություն	ارقام؛ آمار	vichakagrutyun
վիճակագրական տվյալներ	ارقام؛ آمار	vichakagrakan tvyalner
արձանանման	شبیه مجسمه؛ مجسمه وار	ardzananman
օրինականացված	طبق قانون	orinakanatsvats
կենալը	ماندن	kenale
իմ տեղը	مفید بودن	im teghe
հաստատուն կերպով	به طور پیوسته	hastatun kerpov
գողություն	دزدیدن	goghutyun
գողացած ապրանք	دزدیدن	goghatsats aprank
գոլորշի	بخار	golorshi
շոգենավ	قایق بخاری	shogenav
նժույգ	توسن؛ وسیله نقلیه	nzhuyg
պողպատ	فولاد؛ فولادی	poghpat
թուր	فولاد؛ فولادی	tur
զարիթափ	تنده؛ شیبدار	zaritap
ուղղաձիգ	تنده؛ شیبدار	ughghadzig
հոսանքի քամու դեմ գնալ	ریشه؛ ساقه	hosanki kamu dem gnal
դիմադըրել	ریشه؛ ساقه	dimaderel
գարշահոտություն	تعفن؛ زهم	garshahotutyun
տրաֆարետ	استنسیل؛ استنسیل کردن	trafaret
շաբլոն	استنسیل؛ استنسیل کردن	shablon
խորթ դուստր	نادختری؛ دختر خوانده	khort dustr
խորթ հայր	ناپدری؛ پدراندر	khort hayr
խորթ մայր	نامادر؛ مادرخوانده	khort mayr
ստերջ	سترون؛ استرون	sterj
ամլություն	عقیمی؛ سترونی	amlutyun
ստերջություն	عقیمی؛ سترونی	sterjutyun
լիաքաշ	پوند؛ استرلینگ	liakash
լիարժեք	پوند؛ استرلینگ	liarzhek
խիստ լինելը	عبوسی	khist linele
ստետոսկոպ	گوشی	stetoskop
նավահանգստային բեռնորդ	بارگیری وباراندازی کردن	navahangstayin bernord
շոգեխաշած միս	خورش؛ دم کردن	shogekhashats mis
փայտ	لول؛ چسبیدن	payt
պնդանալ	شق کردن؛ سیخ شدن	pndanal
կոշտանալ	شق کردن؛ سیخ شدن	koshtanal
կոշտ լինելը	جمود	kosht linele
ոտնադիրաստիճան պատի կամ ցանկապատի երկու կողմից	سنگچین	otnadirastichan pati kam tsankapati erku koghmits
կամացուկ	هنوز	kamatsuk
տոնուսը բարձրացնող միջոց	محرک؛ ماده محرک	tonuse bardzratsnogh mijots
ոգելից խմիչք	محرک؛ ماده محرک	ogelits khmichk
տոնուսը բարձրացնել	تحریک کردن	tonuse bardzratsnel
մազիկ	نیش؛ گزش	mazik
ժլատություն	خست؛ بخل	zhlatutyun
կծծիություն	خست؛ بخل	ktstsiutyun
այրող	گزنده	ayrogh
ժլատ	زفت؛ ممسک	zhlat
կծծի	زفت؛ ممسک	ktstsi
վատ հոտ հանել	بودادن؛ بدبو کردن	vat hot hanel
վերապահություն անված	مصرح	verapahutyun anvats
թեթեւ շարժում	هم زدن؛ بهم زدن	tetev sharzhum
ասեղնագործել	کوک؛ بخیه	aseghnagortsel
քար	سنگ	kar
կարկտահատիկ	سنگ	karktahatik
քարոտ	باسنگ ساختن	karot
աթոռակ	کرسی؛ عسلی	atorak
տաբուրետ	کرسی؛ عسلی	taburet
կորացածություն	دولاشدن؛ خشوع کردن	koratsatsutyun
կանգ առնել	توقف، توقف کردن	kang arnel
հարկանի	داستانی	harkani
հարկ լեգենդար	داستانی	hark legendar
մրրկածուփ	متلاطم؛ توفانی	mrrkatsup
մարմնեղ	نوعی آبجو؛ قوی بنیه	marmnegh
խոհանոցի սալօջախ	اجاق؛ تون	khohanotsi salojakh
լարվածություն	صافی کردن	larvatsutyun
նեղուց	تنگه؛ بغاز	neghuts
ծանր վիճակ	تنگه؛ بغاز	tsanr vichak
ծանծաղուտի մեջ գցելփունջ	تار؛ کنار رود	tsantsaghuti mej gtselpunj
տարօրինակ լինելը	غرابت	tarorinak linele
կողմնակի մարդ	غیر؛ بیگانه	koghmnaki mard
խեղդում	اختناق	kheghdum
կաշեփոկով սրել	تسمه؛ تسمه زدن	kashepokov srel
ռազմավարական	سوقالجیشی؛ استراتژیک	razmavarakan
ստրատեգ	رزمآرا	strateg
ռազմագետ	رزمآرا	razmaget
ստրատեգիա	استراتژی	strategia
ռազմական գործողություններ վարելու արվեստ	استراتژی	razmakan gortsoghutyunner varelu arvest
շերտ-շերտ դիզվված	رگه دار	shert-shert dizvvats
նստվածքաշերտ	طبقه؛ رگه	nstvatskashert
ծղնոտ	کاه؛ خس	tsghnot
չնչին բան	کاه؛ خس	chnchin ban
ելակ	چلم؛ توت فرنگی	elak
անժառանգ գույք	ضلالت؛ بیراهه روی	anzharang guyk
շերտագիծ	سپیده دم	shertagits
փողոց	خیابان	poghots
փողոցային	خیابان	poghotsayin
ուժեղանալ	تقویت کردن	uzheghanal
սաստկանալ	تقویت کردن	sastkanal
լարում	استرس، استرس وارد کردن	larum
ձգելու հարմարանք չափազանցում	برانکار؛ بسط یابنده	dzgelu harmarank chapazantsum
հիվանդվնասված	دچار؛ مصیبت زده	hivandvnasvats
ախտահարված	دچار؛ مصیبت زده	akhtaharvats
ստույգ	خشک؛ موکد	stuyg
նեղացում	ضیق؛ سخت گیری	neghatsum
մեծ՝ լայն քայլ	گام؛ شلنگ	mets, layn kayl
հաջողություններ	گام؛ شلنگ	hajoghutyunner
պայքար	نفاق؛ سعی بلیغ	paykar
գործադուլ	ضرب؛ ضربت	gortsadul
կոլեկտիվ մերժում	ضرب؛ ضربت	kolektiv merzhum
գործադուլավոր	اعتصابی؛ اعتصابگر	gortsadulavor
մրճահար	اعتصابی؛ اعتصابگر	mrchahar
նվագալար	زه کردن؛ رشته کردن	nvagalar
նեղ շերտ	نوار؛ باریکه	negh shert
զոլավոր	راهراه؛ خطدار	zolavor
զոլերով	راهراه؛ خطدار	zolerov
աշխատել	جدیت کردن	ashkhatel
զբոսնել	گرد؛ گردیدن	zbosnel
ստրոմա	بافت بنیادی	stroma
հենք	بافت بنیادی	henk
պինդ	قوی	pind
պատվար	قلعه نظامی	patvar
շինարարական	ساختمانی	shinararakan
հասարակարգ	ساختار	hasarakarg
հպարտ քայլվածք	خرامیدن	hpart kaylvatsk
խոզան	ته ریش؛ ریش زبر	khozan
հնձած արտ	ته ریش؛ ریش زبر	hndzats art
կոճղոտ	سیخ سیخ	kochghot
կոճղերով պատած	سیخ سیخ	kochgherov patats
խրել	چسبیده؛ چسباننده	khrel
կոխել	چسبیده؛ چسباننده	kokhel
ուսանող	دانش آموز	usanogh
որեւէ բան ուսումնասիրող	دانش آموز	oreve ban usumnasirogh
ստուդիա	اتاقکار؛ هنرکده	studia
արվեստանոց	اتاقکار؛ هنرکده	arvestanots
ուսումնասիրում	مطالعه، مطالعه کردن	usumnasirum
նյութեղեն	جنس؛ بساط	nyuteghen
սայթակում	لغزاندن؛ سقطه	saytakum
կմկմոց	لغزاندن؛ سقطه	kmkmots
արմ	سنگینکندهدرخت؛ ته شاخه	arm
շշմեցնված	خیره شدن؛ بهت زده	shshmetsnvats
շշմեցուցիչ	خیره‌کننده	shshmetsutsich
շշմեցնող	خیره‌کننده	shshmetsnogh
բթամիտ	احمق	btamit
բթություն	خرف؛ حماقت	btutyun
բթամտություն	خرف؛ حماقت	btamtutyun
գարեհատ	شعیره؛ در طویله قرار دادن	garehat
տիկնակլունձ	شعیره؛ در طویله قرار دادن	tiknaklundz
ոճ	سبک	och
ուղղություն	سبک	ughghutyun
ենթասուր	زیرحاد	entasur
ստորաբաժանում	بخشیزه؛ زیرقسمت	storabazhanum
թեմա	موضوع	tema
սուզանավ	زیردریایی؛ تحت البحری	suzanav
ստորջրյա	زیردریایی؛ تحت البحری	storjrya
ստորադաս անձ	تابع؛ زیردست	storadas andz
ենթակա	تابع؛ زیردست	entaka
ստորագրում	مادونی؛ فرمان برداری	storagrum
ստորադասում	مادونی؛ فرمان برداری	storadasum
բաժանորդագրվել	اشتراک کردن؛ مشترک شدن	bazhanordagrvel
ստորագրել	اشتراک کردن؛ مشترک شدن	storagrel
բաժանորդագրություն	اشتراک؛ آبونمان	bazhanordagrutyun
հետագա	بعدی	hetaga
հետագայում	متعاقباً	hetagayum
քծնություն	زیر زاوری	ktsnutyun
դրամական օժանդակություն դոտացիա	کمک مالی؛ کمک هزینه	dramakan ozhandakutyun dotatsia
փոխարինող	عوض؛ جانشین	pokharinogh
սուռոգատ	عوض؛ جانشین	surogat
տեղակալում	جانشینی؛ جانشین سازی	teghakalum
ստորգետնյա	تحت الارضی	storgetnya
մերձակայք	حومه شهر	merdzakayk
արվարձանային	برون شهری	arvardzanayin
քաղաքամերձ	برون شهری	kaghakamerdz
տապալել	واژگون ساختن	tapalel
հաջորդել	موفق شدن	hajordel
ժառանգելու իրավունք	جانشینی؛ خلافت	zharangelu iravunk
հաջորդող կերպով	متواترا	hajordogh kerpov
ժառանգորդ	جانشین؛ خلف	zharangord
սատարում	موجب کمک	satarum
այսպիսի	چنین	ayspisi
այդպիսի	چنین	aydpisi
ծծում	مکیدن؛ مک زدن	tstsum
ծծելը	مکیدن؛ مک زدن	tstsele
ծծկեր երեխա	شیر خوار؛ بچه شیری	tstsker erekha
կաթնակեր	شیر خوار؛ بچه شیری	katnaker
ներծծում	مکش	nertstsum
հանկարծակի	تند؛ ناگهان	hankartsaki
հանկարծ	ناگهان	hankarts
տառապել	خون کردن؛ خون شدن	tarapel
տանջվել	خون کردن؛ خون شدن	tanjvel
տառապող	متحمل؛ درد کش	tarapogh
բավականացնել	کفایت کردن؛ کافی بودن	bavakanatsnel
բավականաչափ՝ բավարար լինելը	کفایت؛ تکافو	bavakanachap, bavarar linele
բավարար քանակություն կերպով	به اندازه کافی	bavarar kanakutyun kerpov
շնչարգելություն	اختناق؛ خفقان	shnchargelutyun
շաքար	شکر	shakar
քաղցր խոսքեր	شکر	kaghtsr khosker
շաքարահամ	شکری؛ شیرین زبان	shakaraham
քաղցր	شکری؛ شیرین زبان	kaghtsr
մտքեր առաջացնող	حاکی؛ تلقینی	mtker arajatsnogh
միտք խթանող	حاکی؛ تلقینی	mitk khtanogh
ինքնասպանական	مذبوحانه	inknaspanakan
ինքնակործան	مذبوحانه	inknakortsan
ինքնասպանություն	خودکشی؛ انتحار	inknaspanutyun
ինքնասպան	خودکشی؛ انتحار	inknaspan
ճամպրուկ	چمدان؛ جامه دان	champruk
հավաքակազմ	قطعه موسیقی؛ خدم و حشم	havakakazm
խնդրատու	خواستگار؛ عرضحال دهنده	khndratu
վատմռայլ տրամադրություն	قهر	vatmrayl tramadrutyun
վիրավորվել	قهر	viravorvel
ծծմբաթթվական աղ	سولفات	tstsmbattvakan agh
սուլֆատ	سولفات	sulfat
ծծումբ	گوگرد؛ کبریت	tstsumb
կանաչավունդեղին գույն	گوگرد؛ کبریت	kanachavundeghin guyn
սուլթան	سلطان	sultan
համառոտակի	جستهو گریخته	hamarotaki
ամփոփել	خلاصه کردن؛ چکیده کردن	ampopel
ամառ	تابستان	amar
տարի	تابستان	tari
արեգակ	خورشید	aregak
արեւի ճառագայթ	تیغ آفتاب	arevi charagayt
կիրակի	یکشنبه	kiraki
կիրակնօրյա	یکشنبه	kiraknorya
արեւածաղիկ	روزگردک؛ گل آفتاب پرست	arevatsaghik
սուզված	فرورفته؛ غرق شده	suzvats
ջրասույզ	فرورفته؛ غرق شده	jrasuyz
արեւածագ	مطلع؛ سحرگاه	arevatsag
արեւամուտ	غروب؛ افول	arevamut
մայրամուտ	غروب؛ افول	mayramut
արեւի լույս	نور آفتاب	arevi luys
պարզպայծառ եղանակուրախություն	نور آفتاب	parzpaytsar eghanakurakhutyun
անխոս դերասան	فوق‌العاده	ankhos derasan
մակերեսային	سطحی؛ صوری	makeresayin
մակերեսային կերպով	صورتا	makeresayin kerpov
գերմարդկային	مافوق انسانی	germardkayin
վերադաս	ارشد؛ مافوق	veradas
ավագ լինելը	شرف؛ تفوق	avag linele
ինքնասպասարկման խանութ	سوپرمارکت	inknaspasarkman khanut
գերբնական	فوق العاده؛ مافوق طبیعت	gerbnakan
սնահավատություն	موهومات	snahavatutyun
սնոտիապաշտություն	موهومات	snotiapashtutyun
հսկողություն	نظارت؛ مراقبت	hskoghutyun
ղեկավարող ծրագրի մաս	سرپرست؛ ناظر	ghekavarogh tsragri mas
հսկում էհաշվողական պաշարների բաշխումը	سرپرست؛ ناظر	hskum ehashvoghakan pasharneri bashkhume
ընթրիք	شام؛ عشا	entrik
հավելյալ	مکمل؛ تکمیلی	havelyal
մատակարարում	عرضه؛ تهیه کردن	matakararum
հայթայթելը	عرضه؛ تهیه کردن	haytaytele
հետեւորդ	طرفدار؛ هواخواه	hetevord
ընկճում	سرکوب؛ سرکوبی	enkchum
գերագույն	عالی؛ عظما	geraguyn
բարձրագույն	عالی؛ عظما	bardzraguyn
համոզված	مطمئن	hamozvats
հավատացած	مطمئن	havatatsats
փրփրաբաշ ալիք	خیزآب	prprabash alik
մակերեւույթ	سطح؛ رویه	makerevuyt
մեծ ալիք	موج زدن؛ موجدار بودن	mets alik
ալեկոծություն	موج زدن؛ موجدار بودن	alekotsutyun
վիրաբուժություն	جراحی؛ عمل جراحی	virabuzhutyun
վիրաբուժական կաբինետ	جراحی؛ عمل جراحی	virabuzhakan kabinet
վիրաբուժական	عمل جراحی	virabuzhakan
նոթոտ	بدمزاج	notot
կռահում	گمان بردن	krahum
հավելորդ	اضافات؛ مازاد	havelord
անսպասելիություն	غافلگیری، غافلگیر کردن	anspaseliutyun
անսպասելի	غافلگیرکننده	anspaseli
անսպասելի կերպով	متعجبانه	anspaseli kerpov
անձնատուր լինելը	تسلیم؛ تسلیم شدن	andznatur linele
շրջափակել	محصور کردن؛ احاطه کردن	shrjapakel
շուրջը զննելը	ممیزی؛ تخطیط	shurje znnele
կենդանի մնալը	بقا	kendani mnale
ապրելը	بقا	aprele
կենդանի մնալ	سپری کردن؛ بر زیستن	kendani mnal
վերապրած	بازمانده	veraprats
փրկված	بازمانده	prkvats
տարակուսել	مظنون؛ موردشک	tarakusel
անորոշություն	درحال تعلیق	anoroshutyun
անհայտություն	درحال تعلیق	anhaytutyun
կախոց	معلق؛ تعلیق	kakhots
կասկածանք	شک؛ ظن	kaskatsank
կասկածամիտ	مشکوک؛ ظنین	kaskatsamit
պահելնեցուկ լինել	مقاومت کردن؛ اعاشه کردن	pahelnetsuk linel
կանգուն պահել	مقاومت کردن؛ اعاشه کردن	kangun pahel
կենսամիջոց	روزی؛ استعانت مالی	kensamijots
շվաբր	سنبه جراحی	shvabr
շվաբրով լվանալ շվաբրով սրբելչորացնել	سنبه جراحی	shvabrov lvanal shvabrov srbelchoratsnel
սանձարձակություն շքեղ	کبر فروشی؛ خود فروشانهگام زدن	sandzardzakutyun shkegh
մորուտ	مرداب؛ لجنزار	morut
կարապ	غو؛ دجاجه	karap
կարապի համաստեղություն	غو؛ دجاجه	karapi hamasteghutyun
պարծենկոտություն	قروغمزه آمدن؛ شیک وبا	partsenkotutyun
թխադեմ	گندمگون؛ تیره روی	tkhadem
երդվել	سوگند؛ ناسزا	erdvel
երդվում	دشنام؛ لعن	erdvum
քրտնամխած	عرق؛ رشحه	krtnamkhats
սվիտեր	پلیور	sviter
անխնա շահագործող	پلیور	ankhna shahagortsogh
Շվեդիա	سوئد	Shvedia
շվեդերեն	سوئدی	shvederen
շվեդական	سوئدی	shvedakan
թափ վերցնելը	روبیدن؛ جاروب کردن	tap vertsnele
ավլում	روبیدن؛ جاروب کردن	avlum
կոնֆետ	خوش؛ شیرین	konfet
սիրական	نگار؛ محبوبه	sirakan
սիրուհի	نگار؛ محبوبه	siruhi
հաճելիություն	شیرینی؛ حلاوت	hacheliutyun
բարձրավայր	غلپیدن؛ باد کردن	bardzravayr
արագությամբ անցնել	کج شده	aragutyamb antsnel
թափով խփվել	کج شده	tapov khpvel
լողում	شنا کردن	loghum
լողալը	شنا کردن	loghale
լողորդ	شناگر؛ شناکننده	loghord
լուղորդ	شناگر؛ شناکننده	lughord
դրամաշորթություն	کلاه برداری	dramashortutyun
ումպ	تاب؛ نوسان	ump
շչյուն	پیرومد؛ فش فش	shchyun
սուլոց	پیرومد؛ فش فش	sulots
շվեյցարացի	سویسی	shveytsaratsi
շվեյցարական	سویسی	shveytsarakan
անջատիչ	کلید؛ سویچ	anjatich
Շվեյցարիա	سوئیس؛ سوییس	Shveytsaria
ուռչել	متورم؛ تاخیری	urchel
այտուցվել	متورم؛ تاخیری	aytutsvel
վանկ	هجا؛ سیلاب	vank
համակեցություն	زندگی تعاونی	hamaketsutyun
սիմբիոզ	زندگی تعاونی	simbioz
սիմվոլ	نماد؛ علامات اختصاری	simvol
սիմվոլիկ	نمادی	simvolik
խորհրդանշանակ	نمادی	khorhrdanshanak
կարեկցական	دلسوز	karektsakan
ցավակցել	دلسوزی کردن؛ اظهار تاسف کردن	tsavaktsel
կարեկցել	دلسوزی کردن؛ اظهار تاسف کردن	karektsel
փոխադարձ ըմբռնում	غمخواری؛ دلسوزی	pokhadardz embrnum
սիմպտոմ	علامت	simptom
ուշագնացության հետ կապված	غشی؛ غش دار	ushagnatsutyan het kapvats
սինկոպալ	غشی؛ غش دار	sinkopal
հնչակորուստ	سنکوپ	hnchakorust
հնչահապավում	سنکوپ	hnchahapavum
համանիշական	مرادف؛ مترادف	hamanishakan
հոմանիշ	مرادف؛ مترادف	homanish
շարահյուսական	نحوی	sharahyusakan
սիֆիլիս	سفلیس	sifilis
սիրիացի	شامی؛ سوریه ای	siriatsi
սիրիական	شامی؛ سوریه ای	siriakan
ներարկիչ	سرنگ؛ آبدزدک	nerarkich
շպրից	سرنگ؛ آبدزدک	shprits
սիստեմ	سامانه؛ سیستم؛ نظام	sistem
համակարգ	سامانه؛ سیستم؛ نظام	hamakarg
սեղան	میز	seghan
հուշատախտակ	قرص؛ لوحه	hushatakhtak
բլոկնոտ	قرص؛ لوحه	bloknot
փոքրիկ թմբուկ	دمبک	pokrik tmbuk
լռակյաց	کم سخن؛ کم گفتار	lrakyats
սակավախոս	کم سخن؛ کم گفتار	sakavakhos
լայնագլուխ մեխ	میخچه؛ پونز زدن	laynaglukh mekh
կոճակագամ	میخچه؛ پونز زدن	kochakagam
պիտույք	رسیدگی کردن، تکل	pituyk
նրբազգացություն	مردم داری	nrbazgatsutyun
տակտով	مردم دار؛ موقع شناس	taktov
վարվեցող	مردم دار؛ موقع شناس	varvetsogh
մարտավարություն	جنگ فن؛ جنگ فنی	martavarutyun
տակտիկական	سوقالجیشی؛ تاکتیکی	taktikakan
մարտավարական	سوقالجیشی؛ تاکتیکی	martavarakan
անտակտ	بی نزاکت؛ موقع نشناس	antakt
տվյալների տեսակը որոշող հայտանիշ	برچسب	tvyalneri tesake oroshogh haytanish
պոչ	دم؛ ذنب	poch
պոչամաս	دم؛ ذنب	pochamas
դերձակ	خیاط؛ درزی	derdzak
փչացածություն	شایبه؛ آلوده کردن	pchatsatsutyun
առնել	گرفتن	arnel
տաղանդ	ذوق؛ استعداد	taghand
շնորհք	ذوق؛ استعداد	shnorhk
զրուցասեր	وراج؛ پرگو	zrutsaser
շատախոս	وراج؛ پرگو	shatakhos
խոսելու սեր ունեցող	نطاق	khoselu ser unetsogh
շաղակրատ	نطاق	shaghakrat
բարձրահասակ	بلند	bardzrahasak
ընտանի	آموخته؛ رام	entani
ընտելացրած	آموخته؛ رام	entelatsrats
տանժերացի	نارنگی	tanzheratsi
Տանժերի բնակիչ	نارنگی	Tanzheri bnakich
խճճված կծիկ	گوریده کردن؛ درهم پیچیدن	khchchvats ktsik
խառնաշփոթություն խճճել	گوریده کردن؛ درهم پیچیدن	kharnashpotutyun khchchel
բաք	مخزن؛ حوض	bak
ցիստերն	مخزن؛ حوض	tsistern
հավասարազոր	هم کف	havasarazor
թեթեւ թխկոց	ضربه زدن، شیر آب	tetev tkhkots
թակել	ضربه زدن، شیر آب	takel
երիզ	نوار؛ باندرل	eriz
գոբելեն	ملیله دوزی	gobelen
կուպր	قیر زدن؛ قیرمالیدن به	kupr
ջրալի ձյութ	قیر زدن؛ قیرمالیدن به	jrali dzyut
սակացույց	تعرفه	sakatsuyts
ուշանալ	درنگ کردن	ushanal
նախաթաթ	خرده پا	nakhatat
տարսուս	خرده پا	tarsus
թաթար	تاتار	tatar
թաթարուհի	تاتار	tataruhi
առաջադրանք	کار؛ تکلیف	arajadrank
ծոպիկ	منگوله؛ شرابه	tsopik
երեկոյահավաք	خال کوبیدن؛ خال کوبی کردن	erekoyahavak
այգանվագ	خال کوبیدن؛ خال کوبی کردن	ayganvag
բաց դարչնագույն	گندمی؛ گندمگون	bats darchnaguyn
տաքսի	تاکسی	taksi
տաքսիով գնալ	تاکسی	taksiov gnal
հարկատու	مالیات دهنده؛ مالیات پرداز	harkatu
թունդ թարմ խաշու	چای	tund tarm khashu
ուսուցանել	آموزش دادن	usutsanel
ուսուցչուհի	معلم	usutschuhi
դասավանդում	تعلیم؛ معلمی	dasavandum
լծվածք	تیم	ltsvatsk
թիմ	تیم	tim
ուժեղ ճանգռել	اشک؛ دریدن	uzhegh changrel
արցունքով ողողված	گریان؛ اشکبار	artsunkov oghoghvats
արտասվալից	گریان؛ اشکبار	artasvalits
արտասվելով	گریه کنان	artasvelov
չարացնել	شوخی کردن؛ سخنان نیشدارگفتن	charatsnel
տեխնիկական	فنی؛ تکنیکی	tekhnikakan
արդյունաբերական	فنی؛ تکنیکی	ardyunaberakan
տեխնոլոգիական	فناورانه	tekhnologiakan
տեխնիկական գիտություններ	تکنولوژی	tekhnikakan gitutyunner
տեխնոլոգիա	تکنولوژی	tekhnologia
ձանձրալի	ممل؛ کسل کننده	dzandzrali
ձանձրացուցիչ	ممل؛ کسل کننده	dzandzratsutsich
դեռահաս	نوجوان	derahas
ից մինչեւ տարեկան հասակը	نوجوانی	its minchev tarekan hasake
հեռագիր	تلگراف؛ تلگرام	heragir
հեռագրություն	تلگراف؛ تلگراف کردن	heragrutyun
հեռագրել	تلگراف؛ تلگراف کردن	heragrel
հեռախոսային	تلفن، تلفن زدن	herakhosayin
հեռադիտակ	تلکسوپ؛ تلسکپ	heraditak
խրվել	تلکسوپ؛ تلسکپ	khrvel
հեռուստատեսություն	تلویزیون	herustatesutyun
անշրջահայեցողություն	تهور	anshrjahayetsoghutyun
խենթություն	تهور	khentutyun
տեմպերամենտ	خلق؛ درست ساختن	temperament
խառնվածքային	مزاجی	kharnvatskayin
զսպվածություն զգաստություն	اعتدال	zspvatsutyun zgastutyun
բարեխառն	معتدل	barekharn
ջերմություն	حرارت؛ دما	jermutyun
փոթորկել	جوش وخروش	potorkel
փոթորկալից	پرتوپ وتشر	potorkalits
քունք	معبد	kunk
անցողիկ	شقی؛ فانی	antsoghik
ժամանակավոր կերպով	موقتاً	zhamanakavor kerpov
հարմար ժամանակի սպասել	دست بدست کردآن	harmar zhamanaki spasel
հապաղելդանդաղել	دست بدست کردآن	hapagheldandaghel
գայթակղեցնել	فریفتن؛ اغواکردن	gaytakghetsnel
գայթակղել	فریفتن؛ اغواکردن	gaytakghel
գայթակղում	اغوا؛ وسوسه	gaytakghum
հրապուրում	اغوا؛ وسوسه	hrapurum
տասը հատ	ده	tase hat
կառչուն	استوار؛ چسبنده	karchun
կպչունություն	سرسختی	kpchunutyun
կառչելիություն	سرسختی	karcheliutyun
տնվոր	مستاجر؛ اجاره دار	tnvor
միտում	تمایل	mitum
տենդենց	تمایل	tendents
ջիլ	تاندون؛ زردپی	jil
տասնապատիկ	دهگانه؛ ده چندان	tasnapatik
տասն անգամ ավելի	دهگانه؛ ده چندان	tasn angam aveli
Թենեսի	تنسی	Tenesi
թենիս	تنیس	tenis
ընդհանուր ուղղություն	مفهوم؛ مفاد	endhanur ughghutyun
ժամանակ ձգված	وخیم شدن؛ زمان فعل	zhamanak dzgvats
ձգելի	کش دار	dzgeli
առաձգելի	کش دار	aradzgeli
վրան խթել	چادر؛ خیمه	vran khtel
տասներորդ	عشر	tasnerord
տասներորդ մաս	عشر	tasnerord mas
գոլ	ولرم؛ نیمگرم	gol
տաքավուն	ولرم؛ نیمگرم	takavun
ժամկետ	اصطلاح؛ دوره؛ شرط	zhamket
սեմեստր	اصطلاح؛ دوره؛ شرط	semestr
տեղեկությունների ներածման եւ արտածման սարք	پایانه	teghekutyunneri neratsman ev artatsman sark
տերմինալ	پایانه	terminal
վերջ՝ սահման դնել	فسخکردن؛ سپری کردن	verj, sahman dnel
վերջացնել	فسخکردن؛ سپری کردن	verjatsnel
ավարտ	ختم؛ ختام	avart
տեռաս	تختان؛ تراس	teras
սանդղափուլ	تختان؛ تراس	sandghapul
սարսափելիորեն	به طرز وحشتناکی	sarsapelioren
շատ վատ	به طرز وحشتناکی	shat vat
տերիտորիալ	زمینی؛ ارضی	teritorial
տերիտորիա	قلمرو	teritoria
տեռորիստ	تروریست	terorist
երրորդային	قسمت سوم	errordayin
ստուգում	آزمون، آزمون گرفتن	stugum
փորձարկում	آزمون، آزمون گرفتن	pordzarkum
կտակ	عهد؛ وصیت	ktak
կտակագիր	عهد؛ وصیت	ktakagir
ամորձի	تخم؛ بیضه	amordzi
վկայություն տալ	شهادت دادن؛ گواهی دادن	vkayutyun tal
ցուցմունք	شهادت	tsutsmunk
հին գերմանական	توتنی	hin germanakan
տեւտոնական	توتنی	tevtonakan
Տեխաս	تکزاس؛ تگزاس	Tekhas
տեքստ	متن	tekst
դասագիրք	کتاب درسی	dasagirk
մանածագործվածքներ	بافته؛ بافتنی	manatsagortsvatskner
տեքստիլ	بافته؛ بافتنی	tekstil
քան	از (در مقایسه)	kan
դուք գիտեք ավելի լավ	از (در مقایسه)	duk gitek aveli lav
շնորհակալություն հայտնել	تشکر کردن	shnorhakalutyun haytnel
շնորհակալ եմ	تشکر کردن	shnorhakal em
շնորհակալ	ممنون؛ شکور	shnorhakal
շնորհապարտ	ممنون؛ شکور	shnorhapart
ապերախտ	ناممنون	aperakht
երախտամոռ	ناممنون	erakhtamor
շնորհակալություն	ممنون	shnorhakalutyun
շնորհաբանական մաղթանք	شکرگزاری	shnorhabanakan maghtank
այդ	که، آن	ayd
այն	که، آن	ayn
ծղոտե կամ եղեգնյա տանիք	کاه پوش کردن؛ کاه اندود کردن	tsghote kam eghegnya tanik
մազեր վարս	کاه پوش کردن؛ کاه اندود کردن	mazer vars
հալվել	آب کردن؛ آب شدن	halvel
ջուր դառնալ	آب کردن؛ آب شدن	jur darnal
որոշիչ հոդ	حرف تعریف معین	oroshich hod
թատրոն	تئاتر؛ تماشا خانه	tatron
ամֆիթատրոնի ձեւ ունեցողլսարան	تئاتر؛ تماشا خانه	amfitatroni dzev unetsoghlsaran
քեզ	تورا	kez
նրանց	مال آنها	nrants
իրենց	مال آنها	irents
նրանք իրենց վնասեցին	خودشان	nrank irents vnasetsin
այն ժամանակ	سپس	ayn zhamanak
աստվածաբանական	لدنی	astvatsabanakan
աստվածաբանություն	الاهیات؛ علمالادیان	astvatsabanutyun
տեսական	نظری	tesakan
տեսաբան	نگرشگر	tesaban
թեորետիկ	نگرشگر	teoretik
թեորիա	فرضیه؛ نگره	teoria
բուժագիտություն	درمان شناسی	buzhagitutyun
թերապիա	درمان شناسی	terapia
թերապեւտ	درمانگر	terapevt
բուժող մասնագետ	درمانگر	buzhogh masnaget
այնտեղ	آنجا	ayntegh
կա	آنجا	ka
այն ժամանակվանից	بعدها؛ بدانوسیله	ayn zhamanakvanits
դրանից հետո համաձայն դրան	بعدها؛ بدانوسیله	dranits heto hamadzayn dran
դրա համար	بنابراین	dra hamar
ջերմային	گرمایی	jermayin
ջերմաչափ	درجه؛ گرمانما	jermachap
դա	این‌ها	da
թեզիս	پایان‌نامه	tezis
դրույթ	پایان‌نامه	druyt
ասում են	آنها	asum en
հաստ	انبوه؛ غلیظ	hast
ստվար	انبوه؛ غلیظ	stvar
թավուտ	کنام؛ شاخسار	tavut
հաստ կերպով	نسبتا انبوه	hast kerpov
հաստություն	غلظت؛ قطر	hastutyun
սերտություն	غلظت؛ قطر	sertutyun
գող	دزد؛ ربا	gogh
զիստ	ران	zist
մատնոց	انگشتانه	matnots
ծայրապանակ	انگشتانه	tsayrapanak
քոնը	مال تو	kone
իր	چیز	ir
բարակ լինելը	لاغری؛ نازکی	barak linele
երրորդ մաս	سوم	errord mas
մի երրորդը	سوم	mi errorde
երրորդ	ثالثا	errord
ծարավություն	عطش؛ تشنگی	tsaravutyun
պապակ	تشنه	papak
երեսուն	سی	eresun
այն կողմ	به آنطرف؛ به آنجا	ayn koghm
կրծքավանդակ	قفسه سینه	krtskavandak
փուշ	خار؛ سرتیز	push
ալոճենի	خار؛ سرتیز	alocheni
անցնելը	شارع عام	antsnele
թեպետ	اگرچه؛ هرچند	tepet
խոհուն	فکور؛ متفکرانه	khohun
մտածող կերպով	متفکرانه	mtatsogh kerpov
հազար	هزار	hazar
հազարերորդական մաս	یک هزار	hazarerordakan mas
հազարերորդ հազարերորդական	یک هزار	hazarerord hazarerordakan
դերձան	نخ؛ نخ کردن	derdzan
սպառնական	تهدید کننده؛ تهدید آمیز	sparnakan
երեք	سه	erek
եռյակ	سه	eryak
եռապատիկ	ثلاثی؛ ثلاث	erapatik
նախագավիթ	آستانه؛ درگاه	nakhagavit
երեք անգամ	سه مرتبه؛ سه دفعه	erek angam
երիցս	سه مرتبه؛ سه دفعه	eritss
դող հուզմունք առաջացնել	هیجان؛ بهیجان آوردن	dogh huzmunk arajatsnel
դողալցնցվել	هیجان؛ بهیجان آوردن	doghaltsntsvel
բարգավաճել	پربرکت شدن؛ نشو و نما کردن	bargavachel
բուկ	گلو؛ حلقوم	buk
ուժեղ բաբախել	طپیدن؛ تپش داشتن	uzhegh babakhel
ներքին դող զգալհուզվել	طپیدن؛ تپش داشتن	nerkin dogh zgalhuzvel
գահ	مسند؛ اورنگ	gah
ամեն կողմից	سرتاسر؛ سربسر	amen koghmits
բոլոր տեսակետներիցամբողջ ընթացքում	سرتاسر؛ سربسر	bolor tesaketneritsamboghj entatskum
նետել	انداختن؛ افکندن	netel
բոթել	فشار؛ تپاندن	botel
թրմփոց	هف هف	trmpots
թրմփալ	هف هف	trmpal
ամպի գոռոց	رعد؛ تندر	ampi gorots
հինգշաբթի	پنجشنبه	hingshabti
այսպիսով	بنابراین؛ بدین‌ترتیب	ayspisov
հակաճառել	عقیم گذاردن	hakacharel
քո	مال تو	ko
սրունքոսկր	درشت نی	srunkoskr
տկտկալ	کنه	tktkal
տկտկացնել	کنه	tktkatsnel
տոմս	بلیط	toms
խուտուտ անել	غلغلک؛ غلغلک دادن	khutut anel
երեխայի գոգնոց	ردیف کردن؛ ردیف شدن	erekhayi gognots
հարկաշարք	ردیف کردن؛ ردیف شدن	harkashark
վագր	ببر	vagr
սերտ լինելը	سفتی	sert linele
կղմինդր	کاشی	kghmindr
հախճասալ	کاشی	hakhchasal
մինչեւ որ	تا؛ صندوق پول	minchev or
հողի մշակում	کشت وزرع	hoghi mshakum
մշակված հող	کشت وزرع	mshakvats hogh
հողագործ	اهرم سکانکشتی	hoghagorts
երկրագործ	اهرم سکانکشتی	erkragorts
անտառանյութ	صدای خشک؛ صدای زنگ	antaranyut
փայտանյութ	صدای خشک؛ صدای زنگ	paytanyut
պատեհաժամ	بجا؛ بوقت	patehazham
ժամանակին արված	بجا؛ بوقت	zhamanakin arvats
չվացուցակ	صورت اوقات	chvatsutsak
վախկոտ	نافر؛ ترسو	vakhkot
ժամանակի ընտրություն	زمان‌بندی	zhamanaki entrutyun
անագ	قلع؛ حلب	anag
թուրմ	تنتور	turm
նրբերանգ	تنتور	nrberang
աբեթ	فتیله فندک	abet
պատրույգ	فتیله فندک	patruyg
թեթեւ գունավորում	سایه رنگ؛ کمی رنگ زدن	tetev gunavorum
երանգավորումկողմնակի համ	سایه رنگ؛ کمی رنگ زدن	erangavorumkoghmnaki ham
ականջների զնգոց	سوزش کردن	akanjneri zngots
ծակոց այրվել	سوزش کردن	tsakots ayrvel
կլայեկիչ	بندزدن؛ سرهم بندی	klayekich
փայլփլուք	پولک؛ نقده	paylpluk
փայլազարդ	پولک؛ نقده	paylazard
մանրիկ	ریز؛ ریزه	manrik
ոտքի մատների ծայրը	تیپا؛ نوک پنجه	otki matneri tsayre
գաղտագողի անցնել	تیپا؛ نوک پنجه	gaghtagoghi antsnel
անվադող	لاستیک؛ تایر	anvadogh
հոգնած	خسته	hognats
միանգամայն ուժասպառ	خسته	miangamayn uzhaspar
հոգնած լինելը	خستگی	hognats linele
անխոնջ	نافرسودنی؛ بی لاستیک	ankhonj
հյուսվածք	بافت، دستمال کاغذی	hyusvatsk
միահյուսվածք	بافت، دستمال کاغذی	miahyusvatsk
երաշտահավ	دختریازن؛ نوک پستان	erashtahav
ակն ընդ ական	دختریازن؛ نوک پستان	akn end akan
ամենափոքր մասնիկ	همزه	amenapokr masnik
աշարժում դեպի որեւէ տեղառարկա	به، تا (حرف اضافه)	asharzhum depi oreve teghararka
բգործողութնպատակ այդ նպատակով	به، تا (حرف اضافه)	bgortsoghutnpatak ayd npatakov
բոված հացի կտոր	برشته کردن؛ برشته شدن	bovats hatsi ktor
չորանալ	برشته کردن؛ برشته شدن	choranal
ծխախոտ	توتون؛ تنباکو	tskhakhot
ծխախոտաբույս	توتون؛ تنباکو	tskhakhotabuys
այսօր	امروز	aysor
ոտքի մատ	انگشت پا؛ شست پا	otki mat
հագնվելը	توالت	hagnvele
հարդարվելը	توالت	hardarvele
տանելի	قابل تحمل؛ تحمل پذیر	taneli
հանդուրժելի	قابل تحمل؛ تحمل پذیر	handurzheli
հանդուրժող	صبور؛ شکیبا	handurzhogh
համբերել	تحمل کردن؛ بردباری کردن	hamberel
հանդուրժողականություն	مدارا؛ آزادمنشی	handurzhoghakanutyun
զանգահարել	باج؛ حق العبور	zangaharel
ժամկոչել	باج؛ حق العبور	zhamkochel
պոմիդոր	گوجه فرنگی	pomidor
լոլիկ	گوجه فرنگی	lolik
շիրիմ	گور؛ قبر	shirim
վաղը	فردا	vaghe
էգուց	فردا	eguts
տոննա	تن	tonna
ձայնաստիճան	لحن؛ آهنگ	dzaynastichan
ունելի	انبر	uneli
աքցան	انبر	aktsan
խոսելուընդունակություն	زبان؛ لسان	khoseluendunakutyun
այսօր երեկոյան	امشب	aysor erekoyan
այս գիշեր	امشب	ays gisher
տոննաժ	تن شماری؛ بر حسب شماره تن	tonnazh
տարողությունը տոննաներով	تن شماری؛ بر حسب شماره تن	taroghutyune tonnanerov
մետրական տոննա	تن	metrakan tonna
նշագեղձ	بادامک؛ لوزه	nshageghdz
չափից ավելի	هم، خیلی	chapits aveli
կտրիչ	وسیله؛ آلت	ktrich
ատամ	دندان	atam
ատամիկ	دندان	atamik
անատամ	بی دندان؛ بدون دندانه	anatam
կերոն	مشعل؛ مشعلدار کردن	keron
ուժեղ ճանկռել	علف بلند؛ گچ بری	uzhegh chankrel
ուժեղ փոթորիկ	گردباد	uzhegh potorik
պտուտակահողմ պոռթկում	گردباد	ptutakahoghm portkum
կրիա	سنگ پشت؛ لاک پشت	kria
կտտանք	آزار؛ عذاب	kttank
ամբողջ	جمع؛ کل	amboghj
ամբողջ կերպով	مفصل؛ سرتاسر	amboghj kerpov
ճանապարհորդություն	گشت کردن؛ سیاحت کردن	chanaparhordutyun
շրջագայել	گشت کردن؛ سیاحت کردن	shrjagayel
տուրիստ	توریست	turist
զբոսաշրջիկ	توریست	zbosashrjik
զինախաղ	تورنمنت	zinakhagh
զինամրցում	تورنمنت	zinamrtsum
տուրնիկետ	شریان بند	turniket
քուղ	شریان بند	kugh
գովազդել	بلند انتشار دادن؛ بلند جار زدن	govazdel
բուքսիրի վերցնելը	بکسل کردن؛ هر دوتا	buksiri vertsnele
խծուծ	بکسل کردن؛ هر دوتا	khtsuts
դեպի	به‌سوی؛ نسبت به	depi
նկատմամբ	به‌سوی؛ نسبت به	nkatmamb
ուղղությամբ	روبه‌طرف؛ رو به	ughghutyamb
սրբիչ	لنگ؛ حوله	srbich
երեսսրբիչ	لنگ؛ حوله	eressrbich
աշտարակ	برج	ashtarak
քաղաքի	شهر	kaghaki
տոքսին	زهر؛ زهرابه	toksin
խաղալիք	بازیچه؛ لعبت	khaghalik
զվարճալիք	بازیچه؛ لعبت	zvarchalik
շնչափողային	نای مانند	shnchapoghayin
հեշտ մշակվող	سربراه؛ سست مهار	hesht mshakvogh
առեւտրանավ	سوداگر	arevtranav
տրադիցիա	رسم؛ سنت	traditsia
ավանդույթ	رسم؛ سنت	avanduyt
հնավանդ	سنتی؛ عرفی	hnavand
ավանդական կերպով	علیالرسم؛ نقلا	avandakan kerpov
երթեւեկություն	ترافیک	ertevekutyun
փոխադրաբեռ	ترافیک	pokhadraber
ողբերգություն	تراژدی	oghbergutyun
ողբերգական	غم‌انگیز	oghbergakan
հրետասայլի առատամ	دنباله داشتن؛ طفیلی بودن	hretasayli aratam
կցասայլ	تریلی	ktsasayl
գետնատարած բույս	تریلی	getnatarats buys
գնացք	قطار، آموزش دادن	gnatsk
թափոր	قطار، آموزش دادن	tapor
վարժեցվող	کارآموز؛ فرهیختگر	varzhetsvogh
մարզիչ	مودب؛ پرورنده	marzich
գծիկ	ویژگی	gtsik
նրբագծիկ	ویژگی	nrbagtsik
թափառաշրջիկ	صدای پا؛ آسمان جل	taparashrjik
շարունակ թափառել ոտքով գնալ	صدای پا؛ آسمان جل	sharunak taparel otkov gnal
կոխոտում	پامال کردن؛ پایمال کردن	kokhotum
տրորում	پامال کردن؛ پایمال کردن	trorum
գործը կատարել	دادوستد کردآن؛ داد وستد کردن	gortse katarel
վարում	معامله؛ سودا	varum
սահմանն անցնել	بالاتر بودن؛ ورا رفتن	sahmann antsnel
արտագրել	نسخه بر داشتن	artagrel
տառադարձել	نسخه بر داشتن	taradardzel
արտագրող	آوانویس	artagrogh
արտագրում	استنساخ؛ رونویسی	artagrum
արտագրելը	استنساخ؛ رونویسی	artagrele
փոխակերպել	استحاله یافتن؛ تغییر شکل دادن	pokhakerpel
ձեւափոխություն	تبدیل؛ دگرگونی	dzevapokhutyun
վերածում կերպարանափոխություն	تبدیل؛ دگرگونی	veratsum kerparanapokhutyun
տրանսֆորմատոր	مقلب؛ ترانسفورماتور	transformator
հոսանքափոխարկիչ	مقلب؛ ترانسفورماتور	hosankapokharkich
մի ամանից մյուսն ածել՝ լցնել	تزریق؛ نقل وانتقال	mi amanits myusn atsel, ltsnel
փոխպներարկել	تزریق؛ نقل وانتقال	pokhpnerarkel
անցավոր	گذرا؛ سپنج	antsavor
վաղանցիկ	گذرا؛ سپنج	vaghantsik
տրանզիտ	گزر؛ ترانزیت	tranzit
միջօրեականով անցնելը	گزر؛ ترانزیت	mijoreakanov antsnele
թարգմանել	ترجمه کردن	targmanel
թարգմանություն	ترجمه؛ مترجمی	targmanutyun
թարգմանիչ	مترجم؛ مترجم کتبی	targmanich
կիսաթափանցիկ	فراتاب	kisatapantsik
վերաբնակեցնել	پیوند کردن؛ پیوند زدن	verabnaketsnel
փոխպատվաստում	پیوند؛ نشاکاری	pokhpatvastum
տականքներ	آشغال؛ خاکروبه	takankner
տրավմա	جراحت؛ اثر ضربت	travma
վնասվածքային	ضربهای؛ جراحتی	vnasvatskayin
երկունք	درد شکیدن	erkunk
ճանապարհորդ	مسافر؛ سیاح	chanaparhord
մատուցարան	طبله؛ سینی	matutsaran
դավաճանական	غادر؛ خیانت کار	davachanakan
մատնողական	غادر؛ خیانت کار	matnoghakan
ուխտադրժություն	نارو	ukhtadrzhutyun
քայլք	پازدن	kaylk
վազքուղի	چرخ عصارخانه	vazkughi
գանձ հարստություն կուտակել	گنج	gandz harstutyun kutakel
գանձի պես պահել	گنج	gandzi pes pahel
գանձատուն	گنجینه؛ گنجوری	gandzatun
գանձանոց	گنجینه؛ گنجوری	gandzanots
մեծ բավականություն	رفتار کردن؛ درمان کردن	mets bavakanutyun
դաշնագիր	پیمان؛ معاهده	dashnagir
եռապատիկ քանակ	صدای زیر؛ سه برابر	erapatik kanak
եռակի	صدای زیر؛ سه برابر	eraki
ծառ	درخت	tsar
ծառազուրկ	بی درخت	tsarazurk
անտառազուրկ	بی درخت	antarazurk
դողալ	ارتعاش؛ لرزیدن	doghal
սարսռել	ارتعاش؛ لرزیدن	sarsrel
դողդոջուն	لرزش دار	doghdojun
հուզումնալից	لرزش دار	huzumnalits
առվափոս	سنگر؛ خندق زدن	arvapos
անհանգիստ վիճակ	بیم وهراس	anhangist vichak
ոտնձգություն անել	حد شکنی	otndzgutyun anel
պատշաճության պատնեճն անցնել	حد شکنی	patshachutyan patnechn antsnel
եռանկյունի	مثلث؛ سه گوش	erankyuni
եռանկյուն	مثلثی؛ سهگوشی	erankyun
կլան	قبیله	klan
դատարան	دیوان محاکمات	dataran
տրիբունալ	دیوان محاکمات	tribunal
տուրք	جزیه	turk
ծորալ	چکاندن؛ چکیدن	tsoral
բարակ շիթով հոսել	چکاندن؛ چکیدن	barak shitov hosel
մանրուք	سرسری گرفتن؛ کم بها	manruk
շնիկ	راه‌اندازی کردن	shnik
ձգան	راه‌اندازی کردن	dzgan
տրիլիոն	تریلیون	trilion
երրորդություն	تثلیث؛ سهگانگی	errordutyun
կարճատեւ ռեյս	سفر کوتاه	karchatev reys
սխալ քայլ	سفر کوتاه	skhal kayl
երեք մասից բաղկացած	سه طرفه؛ سه جزئی	erek masits baghkatsats
եռակողմ երեք կողմի մասնակցությամբ	سه طرفه؛ سه جزئی	erakoghm erek koghmi masnaktsutyamb
հաղթական	منصور؛ فریاد پیروزی	haghtakan
հաղթող հանդիսացող	منصور؛ فریاد پیروزی	haghtogh handisatsogh
սովորականություն	ابتذال	sovorakanutyun
առօրեություն	ابتذال	aroreutyun
տրորված	پامال	trorvats
ձեռնասայլակ	واگن برقی؛ اتومبیلبارکش کوتاه	dzernasaylak
տրոլեյբուս	واگن برقی؛ اتومبیلبارکش کوتاه	troleybus
զորքեր	لشکر	zorker
հաղթանշան	نشان ظفر	haghtanshan
ռազմավար	نشان ظفر	razmavar
արեւադարձային	گرمسیری؛ گرمسیر	arevadardzayin
վարգ	یورتمه؛ یورتمه رفتن	varg
քայլել սովորող երեխա	یورتمه؛ یورتمه رفتن	kaylel sovorogh erekha
անհանգստություն պատճառող	مصدع؛ پرزحمت	anhangstutyun patcharogh
տաշտ	سنگاب	tasht
կերակրատաշտ	سنگاب	kerakratasht
շալվար	شلوار	shalvar
անդրավարտիկ	شلوار	andravartik
կարմրախայտ	قزل آلا؛ ماهی قزل آلا	karmrakhayt
իշխան ձուկ	قزل آلا؛ ماهی قزل آلا	ishkhan dzuk
ծեփիչ	ماله؛ ماله کشیدن	tsepich
ճշմարտորեն	بخوبی؛ حقیقی	chshmartoren
մարմնաբուն	تنه؛ خرطوم	marmnabun
ֆերմա	خرپا؛ پایه زدن	ferma
ձողակառույց	خرپا؛ پایه زدن	dzoghakaruyts
հոգաբարձու	امانت دار	hogabardzu
ճշմարտախոս	صادق؛ صدیق	chshmartakhos
ճշմարտախոս կերպով	صادقانه	chshmartakhos kerpov
փորձ անել	تلاش کردن	pordz anel
շապիկ	تی‌شرت	shapik
թի-շըրթ	تی‌شرت	ti-shert
ցունամի	سونامی	tsunami
կատոդային լամպ	تیوب	katodayin lamp
պալարախտ	سل	palarakht
խողովակաձեւ	لولهای	khoghovakadzev
գլանային	لولهای	glanayin
քաղցրեղեն	تو گذاشتن؛ شمشیر نازک	kaghtsreghen
երեքշաբթի	سه‌شنبه	erekshabti
ձգելը	یدک کش؛ بازور کشیدن	dzgele
վայր ընկնել ը	غلت زدن؛ معلق خوردن	vayr enknel e
գլուխկոնծի տալ	غلت زدن؛ معلق خوردن	glukhkontsi tal
ակրոբատ	معلق زن	akrobat
լարախաղաց	معلق زن	larakhaghats
թունել	نقب؛ زیرنقب	tunel
ականային ստորանցք	نقب؛ زیرنقب	akanayin storantsk
տուրբին	توربین	turbin
կունձղ	باچمن پوشاندن؛ کلوخ چمنی	kundzgh
ճիմ	باچمن پوشاندن؛ کلوخ چمنی	chim
հնդկահավ	عثمانی؛ بوقلمون	hndkahav
հնդուհավ	عثمانی؛ بوقلمون	hnduhav
թուրքական	ترک؛ عثمانی	turkakan
թուրքերեն	ترک؛ عثمانی	turkeren
խառատ	برگردان؛ چرخنده	kharat
տատրակ	سنگ پشت؛ لاک پشت	tatrak
մասնավոր ուսուցիչ	لله؛ معلمی کردن	masnavor usutsich
դասատու	لله؛ معلمی کردن	dasatu
հեռուստացույց	تلویزیون	herustatsuyts
տվիգ	نوعی فاستونی	tvig
տվիդից կարած հագուստ	نوعی فاستونی	tvidits karats hagust
տասներկու	دوازده	tasnerku
քսաներորդ	بیستم؛ بیستمین	ksanerord
քսաներորդ մաս	بیستم؛ بیستمین	ksanerord mas
քսան	بیست	ksan
երկու անգամ	دو بار	erku angam
կրկնապատիկ	دو بار	krknapatik
փոքր ճյուղ	شاخه؛ چیله	pokr chyugh
երկվորյակներ	دوقلو؛ همزاد	erkvoryakner
երկու	دو	erku
երկյակ	دو	erkyak
տիպ	نوع	tip
տարատեսակ	نوع	taratesak
ամենուրեք գտնվող	همه‌جا حاضر؛ فراگیر	amenurek gtnvogh
համատարած	همه‌جا حاضر؛ فراگیر	hamatarats
տգեղ	زشت	tgegh
այլանդակ	زشت	aylandak
խոց	زخم؛ زخم گوارشی	khots
ամենահեռու	نهایی	amenaheru
սահմանային	نهایی	sahmanayin
պարաշյուտ	چتر	parashyut
անկարող	ناتوان؛ قادر نبودن	ankarogh
անընդունելի	غیرقابل قبول	anenduneli
անցանկալի	غیرقابل قبول	antsankali
չգիտցող	بی‌خبر؛ ناآگاه	chgittsogh
անգիտակ	بی‌خبر؛ ناآگاه	angitak
անվստահ	نامطمئن؛ نامشخص	anvstah
չհամոզված	نامطمئن؛ نامشخص	chhamozvats
անհամոզվածություն	عدم قطعیت	anhamozvatsutyun
քեռի	عمو، دایی	keri
հորեղբայր	عمو، دایی	horeghbayr
կափարիչըծածկոցը վերցնել	آشکار کردن؛ برداشتن پوشش	kaparichetsatskotse vertsnel
հանելմերկացնել	آشکار کردن؛ برداشتن پوشش	hanelmerkatsnel
ներքեւի	زیر	nerkevi
ավարտական կուրսի ուսանող	دانشجوی کارشناسی	avartakan kursi usanogh
մետրոպոլիտեն	زیرزمینی	metropoliten
նկարի սխեմայի տակ գրված բացատրություն	زیرخط کشیدن؛ تأکید کردن	nkari skhemayi tak grvats batsatrutyun
տակը փորել	تضعیف کردن	take porel
ականապատել	تضعیف کردن	akanapatel
ներքեւը	زیر؛ در زیر	nerkeve
ձեռնարկել	بر عهده گرفتن	dzernarkel
նախաձեռնել	بر عهده گرفتن	nakhadzernel
գործազրկություն	بیکاری	gortsazrkutyun
անիրավացի	ناعادلانه	aniravatsi
դժբախտ չարաբախտ մարդ	بدشانس	dzhbakht charabakht mard
թշվառական	بدشانس	tshvarakan
վշտոտ	ناراحت؛ ناخشنود	vshtot
միօրինակ	لباس فرم؛ یکنواخت	miorinak
ունիկալ	منحصربه‌فرد	unikal
չափի միավոր	واحد	chapi miavor
համընդհանուր	جهانی	hamendhanur
բազմակողմանի	جهانی	bazmakoghmani
տիեզերք	جهان؛ کیهان	tiezerk
ամբողջ աշխարհը	جهان؛ کیهان	amboghj ashkharhe
համալսարան	دانشگاه	hamalsaran
համալսարանի	دانشگاه	hamalsarani
անհայտը	ناشناخته	anhayte
կողպածը բանալ	باز کردن قفل	koghpatse banal
բաց անել	باز کردن قفل	bats anel
չհատուցված	پرداخت‌نشده؛ بدون حقوق	chhatutsvats
անհաճո	ناخوشایند	anhacho
անջատել վարդակից	از برق کشیدن	anjatel vardakits
վերելք	بالا	verelk
աճող	بالا	achogh
թարմացում	به‌روزرسانی؛ به‌روز کردن	tarmatsum
արդիականացնել	ارتقا؛ ارتقا دادن	ardiakanatsnel
բարձրացնել մակարդակը	ارتقا؛ ارتقا دادن	bardzratsnel makardake
վերբեռնում	بارگذاری	verbernum
վերբեռնել	بارگذاری	verbernel
շուռ տալը	ناراحت؛ برهم زدن	shur tale
շուռ գալը	ناراحت؛ برهم زدن	shur gale
վերին հարկի վերին հարկում գտնվող	طبقه بالا	verin harki verin harkum gtnvogh
քաղաքային	شهری	kaghakayin
շտապեցնել	ترغیب کردن؛ میل شدید	shtapetsnel
առաջ քշել	ترغیب کردن؛ میل شدید	araj kshel
անհետաձգելի	فوری	anhetadzgeli
հրատապ	فوری	hratap
մեր կողմից	ما (مفعول)	mer koghmits
օգտագործում	کاربرد	ogtagortsum
գործածություն	کاربرد	gortsatsutyun
կիրառում	استفاده کردن، استفاده	kirarum
օգտավետ	مفید	ogtavet
անօգտակար	بی‌فایده	anogtakar
սովորական կերպով	معمولاً	sovorakan kerpov
պատվաստանյութ	واکسن	patvastanyut
անօդ տարածություն	خلأ؛ جاروبرقی	anod taratsutyun
թանկագին զարդ	ارزشمند	tankagin zard
թանկարժեք իր	ارزشمند	tankarzhek ir
արժեքներ	ارزش؛ ارزش‌گذاری کردن	arzhekner
անհայտանալ	ناپدید شدن	anhaytanal
փոփոխական մեծություն	متغیر	popokhakan metsutyun
անկայուն դյուրափոփոխ	متغیر	ankayun dyurapopokh
լայնարձակ	وسیع؛ پهناور	laynardzak
բանջարեղեն	سبزیجات	banjareghen
փոխադրամիջոց	وسیله نقلیه	pokhadramijots
արտահայտման եւ տարածման միջոց	وسیله نقلیه	artahaytman ev taratsman mijots
խիզախում	سرمایه‌گذاری پرریسک؛ جسارت کردن	khizakhum
անցկացման վայր	محل برگزاری	antskatsman vayr
բերանացի	شفاهی؛ کلامی	beranatsi
ստուգել	تأیید کردن؛ راستی‌آزمایی کردن	stugel
մեկնակերպ	نسخه	meknakerp
ուղղաձիգ դիրք ուղղահայաց գիծ	عمودی	ughghadzig dirk ughghahayats gits
վետերան	کهنه‌سرباز؛ باتجربه	veteran
հին ու փորձված զինվոր	کهنه‌سرباز؛ باتجربه	hin u pordzvats zinvor
ճանապարհով	از طریق	chanaparhov
վրայով	از طریق	vrayov
թրթռացող	پرانرژی؛ درخشان	trtratsogh
պատերազմի զոհեր	قربانی	paterazmi zoher
հաղթություն	پیروزی	haghtutyun
տեսարան բնապատկեր	دیدگاه؛ منظره؛ مشاهده کردن	tesaran bnapatker
գյուղ	روستا	gyugh
ավան	روستا	avan
բռնաբարել	نقض کردن	brnabarel
ուժգնություն	خشونت	uzhgnutyun
փաստական	مجازی	pastakan
փաստացի	مجازی	pastatsi
վիրուս	ویروس	virus
մուտքի արտոնագիր	ویزا	mutki artonagir
վիզա	ویزا	viza
տեսանելի	قابل مشاهده	tesaneli
նշմարելի	قابل مشاهده	nshmareli
այցելություն	بازدید، بازدید کردن	aytselutyun
այց	بازدید، بازدید کردن	ayts
այցելու	بازدیدکننده	aytselu
օպտիկական	دیداری؛ بصری	optikakan
կենսական	حیاتی؛ ضروری	kensakan
վիտամին	ویتامین	vitamin
ձայնային	آوازی؛ صریح	dzaynayin
ձայնի	آوازی؛ صریح	dzayni
արտահայտում	صدا؛ بیان کردن	artahaytum
հատոր	حجم؛ جلد؛ بلندی صدا	hator
կամավոր	داوطلبانه	kamavor
հրաժարական	داوطلبانه	hrazharakan
կամավոր գրվել	داوطلب؛ داوطلب شدن	kamavor grvel
ձայնավոր հնչյուն	حرف صدادار	dzaynavor hnchyun
ձայնավոր	حرف صدادار	dzaynavor
խոցելի	آسیب‌پذیر	khotseli
սպասելը	منتظر ماندن	spasele
մատուցող	پیشخدمت (مرد)	matutsogh
նավահետք	بیدار شدن	navahetk
նավահետքերովարթնանալ	بیدار شدن	navahetkerovartnanal
քայլելը	پیاده‌روی، پیاده‌روی کردن	kaylele
ման գալը	پیاده‌روی، پیاده‌روی کردن	man gale
դրամապանակ	کیف پول	dramapanak
փոքրիկ ճամպրուկ	کیف پول	pokrik champruk
թափառաշրջել	سرگردان شدن	taparashrjel
պատերազմ	جنگ	paterazm
տաքացում	گرمایش	takatsum
տաքանալը	گرمایش	takanale
նախազգուշացնել	هشدار دادن	nakhazgushatsnel
թափթփուկներ	هدر دادن؛ زباله	taptpukner
ջուր	آب	jur
ալիք	موج؛ دست تکان دادن	alik
ալիքավորություն	موج؛ دست تکان دادن	alikavorutyun
մենք	ما	menk
տկար	ضعیف	tkar
զենք	سلاح	zenk
կրելը	پوشیدن	krele
հագնելը	پوشیدن	hagnele
կայք	وب‌سایت	kayk
վեբկայք	وب‌سایت	vebkayk
հարսանիք	عروسی	harsanik
նշանդրեք	عروسی	nshandrek
չորեքշաբթի	چهارشنبه	chorekshabti
մի շաբաթ հետո	هفته	mi shabat heto
ազատ՝ ոչ աշխատանքային ժամանակ	آخر هفته	azat, och ashkhatankayin zhamanak
շաբաթ օրվանից մինչեւ երկուշաբթի	آخر هفته	shabat orvanits minchev erkushabti
շաբաթական հանդես	هفتگی	shabatakan handes
շաբաթաթերթ	هفتگی	shabatatert
բարեկեցություն	رفاه	bareketsutyun
բարօրություն	رفاه	barorutyun
մի լավ	خوب، چاه	mi lav
արեւմուտք	غرب	arevmutk
արեւմտյան քամի	غرب	arevmtyan kami
կաշալոտ	نهنگ	kashalot
ինչ	چه، چه چیزی	inch
ինչ որ	چه، چه چیزی	inch or
գարնանային ցորեն	گندم	garnanayin tsoren
անիվ	چرخ	aniv
ակ	چرخ	ak
երբ	چه زمانی	erb
այն ժամանակ երբ	چه زمانی	ayn zhamanak erb
ուր	کجا	ur
որտեղ	کجا	ortegh
որը	کدام	ore
շշունջ	نجوا کردن	shshunj
շվոց	سوت؛ سوت زدن	shvots
սպիտակ գույն	سفید	spitak guyn
ճերմակություն	سفید	chermakutyun
ով	چه کسی	ov
ով էլ որ	هر که	ov el or
ամբողջը	تمام؛ کامل	amboghje
ինչու	چرا	inchu
ինչի համար	چرا	inchi hamar
որոշ լայնքով	پهن؛ گسترده	orosh laynkov
կին ամուսին	همسر (زن)	kin amusin
վայրի	وحشی	vayri
վայրի բնություն	حیات وحش	vayri bnutyun
կամք	فعل کمکی آینده	kamk
կամքի ուժ	فعل کمکی آینده	kamki uzh
հոժարակամ	مایل	hozharakam
շահում	برنده شدن	shahum
քամի	باد؛ پیچیدن	kami
օդի հոսանք	باد؛ پیچیدن	odi hosank
պատուհան	پنجره	patuhan
լուսամուտ	پنجره	lusamut
գինի	شراب	gini
թեթեւ ուսանողական քեֆ	شراب	tetev usanoghakan kef
թեւաշենք	بال	tevashenk
հաղթանակող	برنده	haghtanakogh
հաղթանակ տանող	برنده	haghtanak tanogh
ձմեռ	زمستان	dzmer
կյանքի տարի	زمستان	kyanki tari
մետաղալար	سیم	metaghalar
իմաստություն	خرد	imastutyun
իմաստուն	دانا؛ عاقل	imastun
ցանկանալ	آرزو؛ آرزو کردن	tsankanal
հետ	با	het
ետ քաշվել	عقب‌نشینی کردن	et kashvel
առանց	بدون	arants
վկա	شاهد؛ شهادت دادن	vka
ականատես	شاهد؛ شهادت دادن	akanates
առաջավոր կին	زن	arajavor kin
բառ	کلمه	bar
բանվոր	کارگر	banvor
աշխատող	کارگر	ashkhatogh
աշխատուժ	نیروی کار	ashkhatuzh
աշխատավայր	محل کار	ashkhatavayr
գործամաս	کارگاه	gortsamas
արտադրամաս	کارگاه	artadramas
երկրագունդ	جهان	erkragund
որդ	کرم	ord
ճիճու	کرم	chichu
հոգսեր	نگران شدن؛ نگرانی	hogser
օգտագործվում է եւ դեմքերում աիղձ արտահայտելու համար	فعل کمکی	ogtagortsvum e ev demkerum aighdz artahaytelu hamar
բպայմանականություն արտահայտելու համար	فعل کمکی	bpaymanakanutyun artahaytelu hamar
փաթաթան	پیچیدن؛ بسته‌بندی کردن	patatan
սաստիկ զայրույթ	قهر	sastik zayruyt
ցասում	قهر	tsasum
գրել	نوشتن	grel
գիր	نوشتن (فعل)	gir
գրություն	نوشتن (فعل)	grutyun
ոչ ճիշտ լինելը	غلط	och chisht linele
քսենոն	زنون	ksenon
այլատյացություն	بیگانه‌هراسی	aylatyatsutyun
քսենոֆոբիա	بیگانه‌هراسی	ksenofobia
այլատյաց	بیگانه‌هراس	aylatyats
քսենոֆոբ	بیگانه‌هراس	ksenofob
լուսապատճեն	فتوکپی؛ کپی کردن	lusapatchen
քսերոքս	فتوکپی؛ کپی کردن	kseroks
իքս ճառագայթներ	پرتو ایکس؛ عکس رادیولوژی	iks charagaytner
ռենտգենյան ճառագայթներ	پرتو ایکس؛ عکس رادیولوژی	rentgenyan charagaytner
փայտանյութային հյուսվածք	آوند چوبی	paytanyutayin hyusvatsk
քսիլեմ	آوند چوبی	ksilem
քսիլոլ	زایلین	ksilol
քսիլեն	زایلین	ksilen
քսիլիտոլ	زایلیتول	ksilitol
քսիլոֆոն	زیلوفون	ksilofon
զբոսանավ	قایق تفریحی	zbosanav
սպորտանավ	قایق تفریحی	sportanav
յարդ	حیاط؛ یارد	yard
առագաստափայտ	حیاط؛ یارد	aragastapayt
մանվածք	نخ؛ داستان	manvatsk
մանած թել	نخ؛ داستان	manats tel
հորանջ	خمیازه؛ خمیازه کشیدن	horanj
հորանջում	خمیازه؛ خمیازه کشیدن	horanjum
այո	بله (غیر رسمی)	ayo
հա	بله (غیر رسمی)	ha
տարիներ	سال	tariner
մաբողջ տարին տեւող՝ շարունակվող	یک‌ساله؛ سراسر سال	maboghj tarin tevogh, sharunakvogh
տարին մի անգամ	سالانه	tarin mi angam
թթխմոր	مخمر	ttkhmor
դեղին գույն	زرد	deghin guyn
դեղնություն	زرد	deghnutyun
դեղնավուն	مایل به زرد	deghnavun
երեկ	دیروز	erek
նախանցյալ օրը	دیروز	nakhantsyal ore
դեռ	هنوز؛ بااین‌حال	der
դեռեւս	هنوز؛ بااین‌حال	derevs
յոգա	یوگا	yoga
մածուն	ماست	matsun
յոգուրտ	ماست	yogurt
այնտեղի	آن‌سو	aynteghi
դու	شما، تو	du
դուք	شما، تو	duk
ջահել	جوان	jahel
ձեր	مال شما/تو	dzer
դու ինքդ	خودت، خودتان	du inkd
դուք ինքներդ	خودت، خودتان	duk inknerd
երիտասարդություն	جوانی؛ جوانان	eritasardutyun
պատանի երիտասարդ	جوانی؛ جوانان	patani eritasard
պատանեկան	جوان‌گونه؛ شاداب	patanekan
հանկարծակի հարվածել	ضربه ناگهانی؛ نابود کردن	hankartsaki harvatsel
մեծ եռանդ	اشتیاق؛ شور	mets erand
եռանդոտ	مشتاق؛ پرشور	erandot
զեբրա	گورخر	zebra
վագրաձի	گورخر	vagradzi
զիգզագ	زیگزاگ	zigzag
կեռագիծ	زیگزاگ	keragits
ցինկ	روی	tsink
ցինկե	روی	tsinke
գնդակի սուլոց	زیپ؛ فشرده‌سازی کردن	gndaki sulots
վզզոց	زیپ؛ فشرده‌سازی کردن	vzzots
կայծակաճարմանդ	زیپ	kaytsakacharmand
ցիրկոն	زیرکن	tsirkon
ցիրկոնիում	زیرکونیوم	tsirkonium
կենդանակերպ	منطقه‌البروج؛ برج‌های فلکی	kendanakerp
զոմբի	زامبی	zombi
գոտիական	منطقه‌ای	gotiakan
զոնա	منطقه؛ ناحیه	zona
կենդանաբանական այգի	باغ‌وحش	kendanabanakan aygi
գազանանոց	باغ‌وحش	gazananots
կենդանաբանական	جانورشناختی	kendanabanakan
կենդանաբան	جانورشناس	kendanaban
կենդանաբանություն	جانورشناسی	kendanabanutyun
խոշորացում	بزرگ‌نمایی؛ زوم کردن	khoshoratsum
մեծացնել	بزرگ‌نمایی؛ زوم کردن	metsatsnel
կենդանուց մարդուն փոխանցվող	مشترک میان انسان و حیوان	kendanuts mardun pokhantsvogh
զոոնոզային	مشترک میان انسان و حیوان	zoonozayin
դդմիկ	کدو سبز	ddmik
ցուկկինի	کدو سبز	tsukkini
զիգոտ	زیگوت؛ سلول تخم	zigot
Ագռավ	کلاغ	Agrav
Ադրբեջան	جمهوری آذربایجان	Adrbejan
Ադրբեջանցի	آذربایجانی	Adrbejantsi
Ազատ	آزاد	Azat
Ազատել	رها کردن / آزاد کردن	Azatel
Ազատություն	آزادی	Azatutyun
Ազգ	ملت / قوم	Azg
Ազգական	خویشاوند	Azgakan
Ազդել	اثر کردن / تأثیر گذاشتن	Azdel
Ազդր	ران	Azdr
Ազնիվ	صادق	Azniv
Ազնիվ լինել	صادق بودن / بی ریا بودن	Azniv linel
Ազնվամորի	تمشک	Aznvamori
Աթոռ	صندلی	Ator
Ալերգիա	حساسیت	Alergia
Ալյումին	آلومینیوم	Alyumin
Ալյուր	آرد	Alyur
Ածական	صفت	Atsakan
Ականջ	گوش	Akanj
Ականջակալ	هدفون	Akanjakal
Ականջօղ	گوشواره	Akanjogh
Ակնոց	عینک	Aknots
Աղ	نمک	Agh
Աղաման	نمکدان	Aghaman
Աղավնի	کبوتر	Aghavni
Աղբ	زباله	Aghb
Աղբաման	سطل زباله	Aghbaman
Աղբյուր	چشمه / منبع	Aghbyur
Աղի	شور	Aghi
Աղի լինել	شور بودن	Aghgi linel
Աղիք	روده	Aghik
Աղյուս	آجر	Aghyus
Աղոթել	دعا کردن / عبادت کردن	Aghotel
Աղոթք	دعا	Aghotk
Աղջիկ	دختر	Aghjik
Աղվես	روباه	Aghves
Աղցան	سالاد	Aghtsan
Աղքատ	فقیر	Aghkat
Աղքատ լինել	فقیر بودن / بی بضاعت بودن	Aghkat linel
Աճ	رشد	Ach
Աճել	رشد کردن / بزرگ شدن	Ajel
Աճեցնել	پرورش دادن	Achetsnel
Աման	ظرف	Aman
Աման լվացող մեքենա	ماشین ظرف شویی	Aman lvatsogh mekena
Ամաչել	خجالت کشیدن / شرمگین شدن و احساس سرافکندگی کردن	Amachel
Ամաչկոտ լինել	کمرو بودن / خجالتی بودن	Amachkot linel
Ամառ	تابستان	Amar
Ամբողջ	تمام / کامل	Amboghj
Ամբողջական	کامل	Amboghjakan
Ամբողջություն	کلیت	Amboghjutyun
Ամեն	هر / همه	Amen
Ամերիկացի	آمریکایی	Amerikatsi
Ամիս	ماه	Amis
Ամոթ	شرم	Amot
Ամուսին	شوهر / همسر	Amusin
Ամուսիններ	زوج / زن و شوهر	Amusinner
Ամուսնալուծություն	طلاق	Amusnalutsutyun
Ամուսնալուծվել	طلاق گرفتن / جدا شدن و از زندگی مشترک بیرون آمدن	Amusnalutsvel
Ամուսնանալ	ازدواج کردن / زن گرفتن یا شوهر کردن و تشکیل خانواده دادن	Amusnanal
Ամուսնացած	متأهل	Amusnatsats
Ամուսնություն	ازدواج	Amusnutyun
Ամուրի	مجرد	Amuri
Ամպ	ابر	Amp
Ամսագիր	مجله	Amsagir
Ամսաթիվ	تاریخ	Amsativ
Ամսական	ماهانه	Amsakan
Ամրագրել	رزرو کردن	Amragrel
Ամրագրում	رزرو	Amragrum
Ամրանալ	سفت شدن / محکم شدن	Amranal
Ամրապնդել	محکم کردن / تقویت کردن	Amrapndel
Ամրացնել	محکم کردن / استوار ساختن	Amratsnel
Ամփոփում	خلاصه	Ampopum
Այբուբեն	الفبا	Aybuben
Այգի	باغ / پارک	Aygi
Այդ	آن	Ayd
Այդտեղ	آنجا	Aydtegh
Այլ	دیگر / متفاوت	Ayl
Այլևս	دیگر / از این پس نه	Aylevs
Այծ	بز	Ayts
Այն	آن	Ayn
Այնտեղ	آنجا	Ayntegh
Այո	بله	Ayo
Այս	این	Ays
Այստեղ	اینجا	Aystegh
Այսօր	امروز	Aysor
Այտ	گونه	Ayt
Այրվածք	سوختگی	Ayrvatsk
Այրվել	سوختن	Ayrvel
Այցելել	ملاقات کردن / بازدید کردن	Aytselnel
Անազնիվ	نادرست / بی صداقت	Anazniv
Անազնիվ լինել	دروغگو بودن / نادرست بودن	Anazniv linel
Անապատ	بیابان	Anapat
Անարդար	ناعادلانه	Anardar
Անբարեհամբույր լինել	بدخلق بودن / بی ادب بودن	Anbarehambuyr linel
Անգլերեն	زبان انگلیسی	Angleren
Անգլիացի	انگلیسی	Angliatsi
Անգույն	بی رنگ	Anguyn
Անդրադառնալ	متوجه شدن / اشاره کردن / بازتاب دادن	Andradarnal
Անել	انجام دادن	Anel
Անզգույշ լինել	غافل بودن / بی احتیاط بودن	Anzguyush linel
Անիծել	نفرین کردن / لعنت فرستادن	Anitsel
Անիվ	چرخ	Aniv
Անիրական լինել	تخیلی بودن / غیر واقعی بودن	Anirakan linel
Անլուրջ լինել	سبک سر بودن / غیر جدی بودن	Anlurj linel
Անխելք լինել	احمق بودن / بی عقل بودن	Ankhelk linel
Անկախ լինել	مستقل بودن / بی نیاز بودن	Ankaakh linel
Անկարեւոր լինել	فرعی بودن / بی اهمیت بودن	Ankarevor linel
Անկեղծ	صادق / صمیمی	Ankeghts
Անկյուն	گوشه / زاویه	Ankyun
Անհամ	بی مزه	Anham
Անհամ լինել	بدمزه بودن / بی مزه بودن	Anham linel
Անհամբեր	بی صبر	Anhamber
Անհամբեր լինել	بی صبر بودن / ناشکیبا بودن	Anhamber linel
Անհայտ	ناشناخته	Anhayt
Անհանգիստ	بی قرار	Anhangist
Անհանգստանալ	نگران بودن	Anhangstananal
Անհանգստություն	نگرانی	Anhangstutyun
Անհանդուրժող լինել	متعصب بودن / ناشکیبا بودن	Anhandurzogh linel
Անհասանելի	غیرقابل دسترس	Anhasaneli
Անհասկանալի լինել	نامفهوم بودن / درک نشدنی بودن	Anaskanal linel
Անհավասար	نابرابر	Anhavasar
Անհավատալ	کفر ورزیدن / بی ایمانی داشتن	Anhavatal
Անհավատարիմ լինել	بی وفا بودن / خیانتکار بودن	Anhavatarim linel
Անհետանալ	محو شدن / ناپدید شدن و از نظرها پنهان گشتن	Anhetanal
Անհնար	ناممکن	Anhnar
Անհնար լինել	غیر ممکن بودن / غیر واقعی بودن	Anhnar linel
Անհնարինություն	ناممکنی	Anhnarinutyun
Անհուսալ	ناامید شدن	Anhusial
Անհրաժեշտ	ضروری	Anhrazhesht
Անձեռոցիկ	دستمال	Andzerotsik
Անձնագիր	گذرنامه	Andznagir
Անձնական	شخصی	Andznakan
Անձրև	باران	Andzrev
Անմիջապես	فوراً	Anmijapes
Անմիտ լինել	احمق بودن / بی فکر بودن	Anmit linel
Անունդ ինչ է	نامت چیست؟	Anund inch e
Անուշ լինել	شیرین بودن / خوشایند بودن	Anush linel
Անուշադիր լինել	غافل بودن / بی توجه بودن	Anushadir linel
Անպայման	حتماً	Anpayman
Անպատասխանատու լինել	غیر مسئول بودن / بی مسئولیت بودن	Anpatasxanatu linel
Անպարզ լինել	ناواضح بودن / نامفهوم بودن	Anparz linel
Անջատել	قطع / جدا کردن / خاموش کردن	Anjatel
Անջատել համակարգիչը	رایانه را خاموش کردن	Anjatel hamakargichy
Անջատիչ	کلید برق	Anjatich
Անջատվել	جدا شدن / قطع ارتباط	Anjatvel
Անվադող	لاستیک خودرو	Anvadogh
Անվանել	نامیدن / لقب دادن / اسم گذاشتن / به چیزی یا کسی عنوانی نسبت دادن	Anvanel
Անվճար	رایگان	Anvchar
Անվստահ լինել	بی اعتماد بودن / به خود شک داشتن و نگران و مردد بودن	Anvstah linel
Անվտանգ	امن	Anvtang
Անվտանգ լինել	امن بودن / ایمن بودن	Anvtang linel
Անվտանգություն	امنیت	Anvtangutyun
Անտառ	جنگل	Antar
Անտարբեր լինել	بی تفاوت بودن / غیر حساس بودن	Antarber linel
Անտարբեր մնալ	بی تفاوت ماندن / بی اعتنایی کردن	Antarber mnal
Անտեսել	نادیده گرفتن / بی اعتنایی کردن	Antesel
Անցյալ	گذشته	Antsyal
Անցնել	گذشتن / عبور کردن	Antsel
Անցում	عبور / گذرگاه	Antsum
Անփոփոխ թողնել	بدون تغییر رها کردن	Anpopokh toghnel
Անքաղաքավարի	بی ادب	Ankaghakavari
Անօրինական	غیرقانونی	Anorinakan
Աշակերտ	دانش آموز	Ashakert
Աշխատակից	همکار / کارمند	Ashkhatakits
Աշխատանք	کار	Ashkhatank
Աշխատանքային ժամ	ساعت کاری	Ashkhatankayin zham
Աշխատանքային օր	روز کاری	Ashkhatankayin or
Աշխատասեր	سخت کوش	Ashkhataser
Աշխատասեր լինել	کوشا بودن / سخت کوش بودن	Ashkhataser linel
Աշխատավայր	محل کار	Ashkhatavayr
Աշխատավարձ	حقوق	Ashkhatavardz
Աշխատել	کار کردن	Ashkhatel
Աշխարհ	جهان	Ashkharh
Աշուն	پاییز	Ashun
Աչք	چشم	Achk
Ապա	سپس	Apa
Ապագա	آینده	Apaga
Ապակի	شیشه	Apaki
Ապահովագրություն	بیمه	Apahovagrutyun
Ապահովություն	ایمنی	Apahovutyun
Ապամոնտաժել	باز کردن / دمونتاژ کردن	Apamontazhel
Ապարանջան	دستبند	Aparanjan
Ապացուցել	اثبات کردن / برهان آوردن	Apatsutsel
Ապաքինվել	بهبود یافتن	Apakinvel
Ապուր	سوپ	Apur
Ապրանք	کالا	Aprank
Ապրել	زندگی کردن / زیستن و وجود داشتن در دنیا	Aprel
Ապրիլ	آوریل	April
Աջ	راست	Aj
Աջակողմյան	سمت راست	Ajakoghmyan
Աջակցել	حمایت کردن / پشتیبانی کردن	Ajaktel
Առանձին	جداگانه	Arandzin
Առանձնանալ	تنها شدن / منزوی شدن	Arandznanal
Առանց	بدون	Arants
Առաջ քաշել	نظریه) / پیش بردن / مطرح کردن (ایده	Arach qashel
Առաջարկել	پیشنهاد دادن / ارائه کردن و نظری یا راه حلی را مطرح کردن	Arajarkel
Առաջընթանալ	پیشرفت کردن	Arajyntanal
Առաջին	اول	Arajin
Առաջնորդել	رهبری کردن / هدایت کردن	Arajnordel
Առաջնորդվել	هدایت شدن / راهنمایی شدن	Arajnordvel
Առաստաղ	سقف داخلی	Arastagh
Առավոտ	صبح	Aravot
Առատաձեռն	دست ودلباز	Aratadzern
Առարկել	اعتراض کردن / ایراد گرفتن	Ararkel
Առևտրի կենտրոն	مرکز خرید	Arevtri kentron
Առյուծ	شیر	Aryuts
Առնետ	موش صحرایی	Arnet
Առողջ	سالم	Aroghj
Առողջ լինել	سالم بودن / تندرست بودن	Arroghj linel
Առողջանալ	بهبود یافتن / سلامت خود را بازیافتن	Arroghchanal
Առողջություն	سلامتی	Aroghjutyun
Առջևում	جلو	Arjevum
Ասել	گفتن	Asel
Աստիճան	پله	Astichan
Աստղ	ستاره	Astgh
Աստված	خدا	Astvats
Աստվածաշունչ	کتاب مقدس	Astvatsashunch
Ավագ եղբայր	برادر بزرگ تر	Avag yeghbayr
Ավագ քույր	خواهر بزرگ تر	Avag kuyr
Ավազ	شن	Avaz
Ավանդական	سنتی	Avandakan
Ավանդույթ	سنت	Avanduyt
Ավարտել	تمام کردن / پایان دادن / به اتمام رساندن	Avartel
Ավելանալ	اضافه شدن / افزایش یافتن	Avelanal
Ավելացնել	افزودن / اضافه کردن	Avelatsnel
Ավելի	بیشتر	Aveli
Ավելի ուշ	بعداً / دیرتر	Aveli ush
Ավտոբուս	اتوبوس	Avtobus
Ավտոկայան	پایانه اتوبوس	Avtokayan
Ավտոմեքենա	خودرو	Avtomekena
Ավտոտնակ	گاراژ / پارکینگ	Avtotnak
Ատամ	دندان	Atam
Ատամի խոզանակ	مسواک	Atami khozanak
Ատամի մածուկ	خمیردندان	Atami matsuk
Ատամի ցավ	دندان درد	Atami tsav
Ատամները լվանալ	مسواک زدن	Atamnery lvanal
Ատել	متنفر بودن / نفرت داشتن شدید / از چیزی یا کسی انزجار داشتن	Atel
Արագ	سریع	Arag
Արագ լինել	تند بودن / سریع بودن	Arag linel
Արագացնել	تسریع کردن / سرعت بخشیدن و سرعت انجام کاری را افزایش دادن	Aragatsnel
Արագություն	سرعت	Aragutyun
Արգելակ	ترمز	Argelak
Արգելել	منع کردن / ممنوع کردن / جلوگیری کردن	Argelhel
Արգելք	ممنوعیت	Argelk
Արդար	عادل	Ardar
Արդարացնել	تبرئه کردن / بی گناه دانستن و کسی را از اتهامی پاک کردن	Ardaratsnel
Արդեն	دیگر / قبلاً	Arden
Արդյունք	نتیجه	Ardyunk
Արդուկ	اتو	Arduk
Արդուկել	اتو کردن	Ardukel
Արև	خورشید	Arev
Արևածաղիկ	آفتابگردان	Arevatsaghik
Արևային ակնոց	عینک آفتابی	Arevayin aknots
Արևելք	شرق	Arevelk
Արևմուտք	غرب	Arevmutk
Արթնանալ	بیدار شدن / از خواب برخاستن و هوشیار گشتن	Artnanal
Արթնացնել	بیدار کردن	Artnatsnel
Արժենալ	قیمت داشتن	Arzhenal
Արժեք	ارزش	Arzhek
Արծաթ	نقره	Artsat
Արծաթագույն	نقره ای	Artsataguyn
Արծիվ	عقاب	Artsiv
Արհամարհել	تحقیر کردن / بی اعتنایی کردن / کسی یا چیزی را خوار و کم ارزش شمردن	Arhamarhel
Արհեստական	مصنوعی	Arhestakan
Արձակուրդ	مرخصی / تعطیلات	Ardzakurd
Արմատ	ریشه	Armat
Արմունկ	آرنج	Armunk
Արյան ճնշում	فشار خون	Aryan chnshum
Արյուն	خون	Aryun
Արյունահոսել	خونریزی کردن	Aryunahosel
Արյունահոսություն	خونریزی	Aryunahosutyun
Արշավ	اردو / کوه پیمایی	Arshav
Արջ	خرس	Arj
Արվեստագետ	هنرمند	Arvestaget
Արտահայտել	بیان کردن / ابراز کردن	Artahaytel
Արտահայտություն	عبارت	Artahaytutyun
Արտաշնչել	بازدم کردن / نفس را بیرون دادن	Artashnchel
Արտասանություն	تلفظ	Artasanutyun
Արտաքին	خارجی	Artakin
Արքայախնձոր	آناناس	Arkayakhndzor
Ափ	کف دست / ساحل / کرانه	Ap
Ափսե	بشقاب	Apse
Աքաղաղ	خروس	Akaghagh
Բադ	اردک	Bad
Բազե	شاهین	Baze
Բազկաթոռ	مبل تک نفره	Bazkator
Բազմապատկել	ضرب کردن	Bazmapatkel
Բազմոց	مبل	Bazmots
Բաժակ	لیوان	Bazhak
Բաժանել	جدا کردن / تقسیم کردن / تفکیک کردن	Bazhanel
Բաժանվել	جدا شدن / مفارقت کردن	Bazhanvel
Բաժին	بخش	Bazhin
Բալ	آلبالو	Bal
Բակ	حیاط	Bak
Բաղաձայն	صامت	Baghadzayn
Բաճկոն	کت	Bachkon
Բամբակ	پنبه	Bambak
Բայ	فعل	Bay
Բայց	اما	Bayts
Բանալի	کلید	Banali
Բանալին	کلید	Banalin
Բանան	موز	Banan
Բանաստեղծություն	شعر	Banasteghtsutyun
Բանկ	بانک	Bank
Բանկա	شیشه / قوطی	Banka
Բանկային քարտ	کارت بانکی	Bankayin kart
Բանջարեղեն	سبزیجات	Banjareghen
Բանվոր	کارگر	Banvor
Բաշխել	توزیع کردن / تقسیم کردن	Bashkhel
Բառ	واژه	Bar
Բառարան	فرهنگ لغت	Bararan
Բասկետբոլ	بسکتبال	Basketbol
Բավական	کافی	Bavakan
Բարակ	نازک	Barak
Բարդ	پیچیده	Bard
Բարդ լինել	دشوار بودن / پیچیده بودن	Bard linel
Բարդացնել	دشوار کردن / پیچیده کردن	Bardzatsnel
Բարելավել	بهتر کردن / تصحیح کردن	Barelavel
Բարեկամ	دوست / خویشاوند	Barekam
Բարեհամբույր լինել	مودب بودن / خوش برخورد بودن	Barehambuyr linel
Բարեւ	سلام	Barev
Բարի	مهربان	Bari
Բարի գիշեր	شب بخیر	Bari gisher
Բարի երեկո	عصر بخیر	Bari yereko
Բարի լինել	مهربان بودن / خوش اخلاق بودن	Bari linel
Բարի լույս	صبح بخیر	Bari luys
Բարկանալ	عصبانی شدن / خشمگین شدن	Barkanal
Բարկացնել	عصبانی کردن / خشمگین کردن	Barkatsnel
Բարձ	بالش	Bardz
Բարձր	بلند / مرتفع	Bardzr
Բարձրախոս	بلندگو	Bardzrakhos
Բարձրահասակ լինել	بلند قد بودن	Bardzrahasak linel
Բարձրաձայն	با صدای بلند	Bardzradzayn
Բարձրանալ	بالا رفتن / صعود کردن	Bardzranal
Բարձրացնել	بالا بردن / بلند کردن	Bardzratsnel
Բարձրություն	ارتفاع	Bardzrutyun
Բաց	باز / روشن	Bats
Բաց գույն	رنگ روشن	Bats guyn
Բաց լինել	روشن بودن / باز بودن (ذهن)	Bats linel
Բացահայտել	فاش کردن / برملا کردن	Batsahaytel
Բացառություն	استثنا	Batsarutyun
Բացասական	منفی	Batsasakan
Բացատրել	شرح دادن / توضیح دادن	Batsatrel
Բացարձակ	مطلق	Batsardzak
Բացել	گشودن / باز کردن / لفافه یا پوشش چیزی را برداشتن	Batsel
Բացել կայքը	وب سایت را باز کردن	Batsel kayky
Բացել հաշիվ	حساب باز کردن	Batsel hashiv
Բացի	به جز	Batsi
Բենզալցակայան	پمپ بنزین	Benzaltsakayan
Բենզին	بنزین	Benzin
Բեռնատար	کامیون	Bernatar
Բերան	دهان	Beran
Բերել	آوردن / جلب کردن	Berel
Բզեզ	سوسک	Bzez
Բժիշկ	پزشک	Bzhishk
Բժշկական կենտրոն	مرکز پزشکی	Bzhshkakan kentron
Բժշկել	شفا دادن / درمان کردن	Bjshkel
Բլուր	تپه	Blur
Բղավել	فریاد زدن / داد کشیدن و با صدای بلند و رسا صحبت کردن	Bghavel
Բնական	طبیعی	Bnakan
Բնակարան	آپارتمان	Bnakaran
Բնակչություն	جمعیت	Bnakchutyun
Բնություն	طبیعت	Bnutyun
Բնօրինակ	نسخه اصلی	Bnorinak
Բոլոր	همه	Bolor
Բոլորովին	کاملاً	Bolorovin
Բողոքել	اعتراض کردن / شکایت کردن و از چیزی یا کسی گلایه کردن	Boghokel
Բովանդակություն	محتوا	Bovandakutyun
Բու	جغد	Bu
Բութ	کند	But
Բութ մատ	شست	But mat
Բուժել	درمان کردن	Buzhel
Բուժում	درمان	Buzhum
Բուժքույր	پرستار	Buzhkuyr
Բույս	گیاه	Buys
Բուն	تنه درخت	Bun
Բուրդ	پشم	Burd
Բջջային հեռախոս	تلفن همراه	Bjjayin herakhos
Բռնել	گرفتن	Brnel
Բռնցքամարտ	بوکس	Brntskamart
Բրինձ	برنج	Brindz
Բրոկոլի	بروکلی	Brokoli
Գազար	هویج	Gazar
Գազօջախ	اجاق گاز	Gazojakh
Գալ	آمدن / وارد شدن و به محلی نزدیک شدن	Gal
Գաղափար	ایده	Gaghapar
Գաղտնաբառ	رمز عبور	Gaghtnabar
Գաղտնի	محرمانه	Gaghtni
Գաղտնի պահել	راز نگه داشتن / مخفی نگه داشتن	Gaghtni pahel
Գաղտնիք	راز	Gaghtnik
Գայլ	گرگ	Gayl
Գանգատվել	شکوه کردن / گلایه کردن	Gangatvel
Գառ	بره	Gar
Գավաթ	فنجان	Gavat
Գարեջուր	آبجو	Garejur
Գարի	جو	Gari
Գարուն	بهار	Garun
Գդալ	قاشق	Gdal
Գեղարվեստ ստեղծել	آفرینش هنری / خلق اثر هنری	Ghegharvest steghdzel
Գեղեցիկ	زیبا	Geghetsik
Գեղեցիկ լինել	زیبا بودن / خوشگل بودن	Geghetsik linel
Գեղեցկություն	زیبایی	Geghetskutyun
Գետ	رودخانه	Get
Գետնանուշ	بادام زمینی	Getnanush
Գեր լինել	چاق بودن / فربه بودن	Ger linel
Գերմանացի	آلمانی	Germanatsi
Գիծ	خط	Gits
Գին	قیمت	Gin
Գինի	شراب	Gini
Գիշեր	شب	Gisher
Գիտակցել	آگاه شدن / درک کردن	Gitaktsel
Գիտելիք	دانش	Gitelik
Գիտնական	دانشمند	Gitnakan
Գիտություն	علم	Gitutyun
Գիրք	کتاب	Girk
Գլխավորել	رهبری کردن / ریاست کردن	Glxavorel
Գլխարկ	کلاه	Glkhark
Գլխացավ	سردرد	Glkhatsav
Գլուխ	سر	Glukh
Գյուղ	روستا	Gyugh
Գյուղացի	کشاورز / روستایی	Gyughatsi
Գնալ	رفتن / عزیمت کردن و از محلی دور شدن	Gnal
Գնահատական	نمره	Gnahatakan
Գնահատել	ارزیابی کردن / سنجیدن و ارزش یا مقدار چیزی را تخمین زدن	Gnahatel
Գնացք	قطار	Gnatsk
Գնդակ	توپ	Gndak
Գնել	خریدن / ابتیاع کردن	Gnel
Գնորդ	خریدار	Gnord
Գնում	خرید	Gnum
Գոհ լինել	راضی بودن	Goh linel
Գոհանալ	راضی شدن / خشنود شدن	Gohananal
Գոհացնել	راضی کردن / موجب خشنودی شدن / کسی را از چیزی خرسند ساختن	Gohastnel
Գողանալ	دزدیدن / سرقت کردن	Goghanal
Գոյական	اسم	Goyakan
Գովաբանել	ستایش کردن / تمجید کردن	Govabanel
Գոտի	کمربند	Goti
Գոտկատեղ	کمر	Gotkategh
Գորգ	فرش	Gorg
Գործ	کار / امر / موضوع	Gorts
Գործատու	کارفرما	Gortsatu
Գործարան	کارخانه	Gortsaran
Գործել	عمل کردن / فعالیت کردن	Gortsel
Գործընկեր	شریک / همکار	Gortsynker
Գորտ	قورباغه	Gort
Գուլպա	جوراب	Gulpa
Գումար	جمع / مبلغ	Gumar
Գույն	رنگ	Guyn
Գունավոր	رنگی	Gunavor
Գուցե	شاید	Gutse
Գտնել	یافتن / پیدا کردن	Gtnel
Գրադարան	کتابخانه	Gradaran
Գրականություն	ادبیات	Grakanutyun
Գրանցել	ثبت کردن / یادداشت کردن	Grantsel
Գրապահարան	قفسه کتاب	Grapaharan
Գրասենյակ	دفتر	Grasenyak
Գրատախտակ	تخته	Gratakhtak
Գրեթե	تقریباً	Grete
Գրել	نوشتن / مکتوب کردن	Grel
Գրիչ	خودکار	Grich
Գրող	نویسنده	Grogh
Գցել	انداختن / پرتاب کردن	Gtsel
Դա	آن	Da
Դադարեցնել	قطع کردن / متوقف کردن	Dadaretsnel
Դահուկ	اسکی	Dahuk
Դանակ	چاقو	Danak
Դանդաղ	کند / آهسته	Dandagh
Դանդաղ լինել	کند بودن / آهسته بودن	Dandagh linel
Դանդաղեցնել	کند کردن / آهسته کردن و سرعت انجام کاری را کاهش دادن	Dandaghvel
Դաշտ	دشت / مزرعه	Dasht
Դառը	تلخ	Dary
Դառը լինել	تلخ بودن	Darr linel
Դառնալ	تبدیل شدن به / گشتن و تغییر وضعیت یا هویت دادن	Darnal
Դաս	درس / کلاس	Das
Դասագիրք	کتاب درسی	Dasagirk
Դասակարգել	طبقه بندی کردن / دسته بندی کردن	Dasakargel
Դասավանդել	درس دادن / تدریس کردن	Dasavandel
Դասարան	کلاس	Dasaran
Դաստակ	مچ دست	Dastak
Դաստիարակել	تربیت کردن / پرورش دادن	Dastiarakel
Դավաճանել	خیانت کردن / پیمان شکنی کردن / عهد و قول خود را زیر پا گذاشتن	Davacharel
Դատարան	دادگاه	Dataran
Դատարկ	خالی	Datark
Դատարկ լինել	خالی بودن	Datark linel
Դատարկել	خالی کردن / تخلیه کردن و محتویات چیزی را خارج ساختن	Datarkel
Դատել	قضاوت کردن / داوری کردن	Datel
Դար	قرن	Dar
Դարակ	کشو / قفسه	Darak
Դարպաս	دروازه	Darpas
Դդում	کدو	Ddum
Դելֆին	دلفین	Delfin
Դեկտեմբեր	دسامبر	Dektember
Դեղ	دارو	Degh
Դեղատուն	داروخانه	Deghatun
Դեղին	زرد	Deghin
Դեղձ	هلو	Deghdz
Դեմք	صورت	Demk
Դեպի	به سوی	Depi
Դեռ	هنوز	Der
Դեռահաս	نوجوان	Derahas
Դեսպանատուն	سفارت	Despanatun
Դերանուն	ضمیر	Deranun
Դերասան	بازیگر	Derasan
Դժբախտ լինել	بدبخت بودن / تیره بخت بودن	Djbakht linel
Դժգոհ լինել	ناراضی بودن	Djgoh linel
Դժգոհացնել	ناراضی کردن / کسی را دلگیر کردن / موجب عدم رضایت و ناخشنودی شدن	Djgohastnel
Դժգոհել	گلایه کردن / ناراضی بودن	Djgoghel
Դժվար	دشوار	Dzhvar
Դժվար լինել	سخت بودن / دشوار بودن	Djvar linel
Դժվարություն	دشواری	Dzhvarutyun
Դիզել	گازوئیل	Dizel
Դիմադրել	مقاومت کردن	Dimadrel
Դիմակ	ماسک	Dimak
Դիմահարդարվել	آرایش کردن / صورت خود را زینت دادن	Dimahardavarvel
Դիմավորել	استقبال کردن / به پیشواز رفتن	Dimavorel
Դիմաց	روبروی	Dimats
Դիմել	مراجعه کردن / درخواست کردن	Dimel
Դիմում	درخواست	Dimum
Դիպլոմ	مدرک / دیپلم	Diplom
Դիպչել	لمس کردن	Dipchel
Դիտարկել	ملاحظه کردن / مشاهده کردن و با دقت به چیزی نگاه کردن	Ditarkel
Դիտել	تماشا کردن / مشاهده کردن	Ditel
Դնել	گذاشتن / قرار دادن	Dnel
Դու	تو	Du
Դուռ	در	Dur
Դուստր	دختر / فرزند دختر	Dustr
Դուրս գալ	خارج شدن / بیرون رفتن / بیرون آمدن	Durs gal
Դուրս գալ համակարգից	از حساب خارج شدن	Durs gal hamakargits
Դուք	شما	Duk
Դպրոց	مدرسه	Dprots
Դրական	مثبت	Drakan
Դրամապանակ	کیف پول	Dramapanak
Դրանք	آن ها	Drank
Դրդել	تحریک کردن / ترغیب کردن	Drdel
Դրժել	شکستن عهد / زیر قول زدن / به تعهد خود عمل نکردن	Drzhel
Դրոշմ	مهر	Droshm
Դրսում	بیرون	Drsum
Եգիպտացորեն	ذرت	Yegiptatsoren
Եզակի	مفرد	Yezaki
Եզրակացնել	نتیجه گیری کردن	Yezrakatsnel
Եթե	اگر	Yete
Ելակ	توت فرنگی	Yelak
Ելնել	برخاستن / طلوع کردن	Yelnel
Ելք	خروجی	Yelk
Եկամուտ	درآمد	Yekamut
Եկեղեցի	کلیسا	Yekeghetsi
Եղանակ	آب وهوا	Yeghanak
Եղբայր	برادر	Yeghbayr
Եղունգ	ناخن	Yeghung
Եղջերու	گوزن	Yeghjeru
Ենթադրել	حدس زدن / فرض کردن	Yentadrel
Եռանկյուն	مثلث	Yerankyun
Ես	من	Yes
Եվ	و	Yev
Երազ	خواب / رؤیا	Yeraz
Երազել	رؤیا دیدن / خواب دیدن و در عالم خواب تصاویری را تجربه کردن	Yerazel
Երաժիշտ	موسیقی دان	Yerazhisht
Երաժշտություն	موسیقی	Yerazhshtutyun
Երբ	کی؟ / چه زمانی؟	Yerp
Երբեմն	گاهی	Yerbemn
Երբեք	هرگز	Yerbek
Երգ	آهنگ / آواز	Yerg
Երգել	آواز خواندن / ترنم کردن و با لحنی موزون و آهنگین خواندن	Yergel
Երդվել	سوگند خوردن / قسم خوردن و با نام خدا یا مقدسی قول دادن	Yerdvel
Երեխա	کودک	Yerekha
Երեխա ունենալ	بچه دار شدن / فرزند داشتن و صاحب نوزاد شدن	Yerekha unenal
Երեկ	دیروز	Yerek
Երեկո	شب / عصر	Yereko
Երեկոյան	عصر / هنگام عصر	Yerekoyan
Երեսուն	سی	Yeresun
Երեք	سه	Yerek
Երեքշաբթի	سه شنبه	Yerekshabti
Երթուղի	مسیر	Yertughi
Երիկամ	کلیه	Yerikam
Երիտասարդ	جوان	Yeritasard
Երիտասարդ լինել	جوان بودن / نوجوان بودن	Yeritasard linel
Երիտասարդանալ	جوان شدن	Yeritasardanal
Երկաթ	آهن	Yerkat
Երկաթուղային կայարան	ایستگاه قطار	Yerkatughayin kayaran
Երկար	بلند / طولانی	Yerkar
Երկարություն	طول	Yerkarutyun
Երկինք	آسمان	Yerkink
Երկիր	کشور / زمین	Yerkir
Երկու	دو	Yerku
Երկուշաբթի	دوشنبه	Yerkushabti
Երկտեղանոց սենյակ	اتاق دونفره	Yerkteghanots senyak
Երկրորդ	دوم	Yerkrord
Երշիկ	سوسیس	Yershik
Երջանիկ լինել	سعید بودن / خوشبخت بودن	Yerjanik linel
Երջանկանալ	خوشبخت شدن / سعادت یافتن	Yerjankanav
Երջանկություն	خوشبختی	Yerjankutyun
Երրորդ	سوم	Yerrord
Եփել	پختن	Yephel
Զայրանալ	عصبانی شدن / خشمگین شدن و کنترل خود را از دست دادن	Zayranal
Զայրացած	عصبانی	Zayratsats
Զայրացնել	خشمگین کردن / عصبانی ساختن / کسی را به شدت ناراحت و خشمناک کردن	Zayratsnel
Զայրույթ	خشم	Zayruyt
Զանգ	زنگ	Zang
Զանգահարել	زنگ زدن / تلفن کردن / تماس تلفنی گرفتن	Zangaharel
Զանգել	صدا زدن / زنگ زدن / تلفن کردن	Zangel
Զարգանալ	توسعه یافتن / پیشرفت کردن و رشد کردن در ابعاد مختلف	Zarganal
Զարգացնել	توسعه دادن / گسترش بخشیدن	Zargatsnel
Զարգացում	توسعه	Zargatsum
Զարդ	زیورآلات	Zard
Զարթուցիչ	ساعت زنگ دار	Zartutsich
Զարմանալ	تعجب کردن / شگفت زده شدن و به چیزی با حیرت نگاه کردن	Zarmanal
Զարմանք	تعجب	Zarmank
Զարմացնել	متعجب کردن / شگفت زده کردن	Zarmatsnel
Զարմիկ	پسرعمو / پسرعمه / پسرخاله / پسردایی	Zarmik
Զարմուհի	دخترعمو / دخترعمه / دخترخاله / دختردایی	Zarmuhi
Զբաղեցնել	سرگرم کردن / مشغول کردن	Zbaghetsnel
Զբաղված	مشغول	Zbaghvats
Զբաղվել	مشغول بودن / انجام دادن (کاری)	Zbaghvel
Զբոսանք	گردش	Zbosank
Զբոսաշրջիկ	گردشگر	Zbosashrjik
Զբոսնել	قدم زدن / پیاده روی کردن	Zbosnel
Զգալ	حس کردن / احساس کردن	Zgal
Զգացմունք արտահայտել	بیان کردن / احساسات ابراز کردن	Zgatsmunq artahaytel
Զգեստ	لباس / پیراهن زنانه	Zgest
Զգույշ լինել	مراقب بودن / هشیار بودن	Zguysh linel
Զգուշ լինել	مراقب بودن / احتیاط کردن	Zgush linel
Զգուշանալ	محتاط بودن / احتیاط کردن	Zgushhanal
Զգուշացնել	هشدار دادن / آگاه کردن و کسی را از خطری مطلع کردن	Zgushhatsnel
Զեբր	گورخر	Zebr
Զեղչ	تخفیف	Zeghch
Զինվոր	سرباز	Zinvor
Զղջալ	تأسف خوردن / پشیمان شدن	Zghjal
Զոհաբերել	فدا کردن / قربانی کردن	Zohaberel
Զով	خنک	Zov
Զուգարան	دستشویی	Zugaran
Զուգարանի թուղթ	دستمال توالت	Zugarani tught
Զույգ	جفت / زوج	Zuyg
Զվարճանալ	سرگرم شدن / تفریح کردن	Zvartchanal
Զվարճացնել	سرگرم کردن / موجب تفریح و شادی شدن	Zvartchatsnel
Զրկել	محروم کردن / بی بهره گذاشتن	Zrkel
Զրո	صفر	Zro
Զրուցել	گفتگو کردن / صحبت دوستانه کردن	Zrutsel
Էժան	ارزان	Ezhan
Էլեկտրականություն	برق	Elektrakanutyun
Էլեկտրոնային փոստ	ایمیل	Elektronayin post
Էկրան	صفحه نمایش	Ekran
Էներգիա	انرژی	Energia
Էշ	الاغ	Esh
Էջ	صفحه	Ej
Ըմբշամարտ	کشتی	Ymbshamart
Ըմպելիք	نوشیدنی	Ympelik
Ընդգծել	تأکید کردن / برجسته کردن	Yndgtsel
Ընդլայնել	وسیع کردن / گسترش دادن	Yndlaynel
Ընդհանուր	عمومی / مشترک	Yndhanur
Ընդհանրապես	به طور کلی	Yndhanrapes
Ընդհանրացնել	تعمیم دادن / کلیت بخشیدن	Endhanratsnel
Ընդմիջում	وقفه / استراحت	Yndmijum
Ընդունարան	پذیرش	Yndunaran
Ընդունել	پذیرفتن / قبول کردن	Yndunel
Ընթրիք	شام	Yntrik
Ընկեր	دوست / رفیق	Ynker
Ընկերություն	دوستی / شرکت	Ynkerutyun
Ընկերուհի	دوست دختر / دوست مؤنث	Ynkeruhi
Ընկույզ	گردو	Ynkuyz
Ընձուղտ	زرافه	Yndzught
Ընտանիք	خانواده	Yntanik
Ընտրել	گزینش کردن / انتخاب کردن / برگزیدن از میان چند گزینه	Yntrel
Ընտրություն	انتخاب / انتخابات	Yntrutyun
Ըստ	طبق / بر اساس	Yst
Թագավոր	پادشاه	Tagavor
Թագավորություն	پادشاهی	Tagavorutyun
Թագուհի	ملکه	Taguhi
Թախծել	غمگین شدن / افسوس خوردن	Takhtsel
Թաղամաս	محله	Taghamas
Թանգարան	موزه	Tangaran
Թանկ	گران	Tank
Թանձրացնել	سفت کردن / غلیظ کردن	Tandzratsnel
Թավա	ماهیتابه	Tava
Թատրոն	تئاتر	Tatron
Թարգմանություն	ترجمه	Targmanutyun
Թարթիչ	مژه	Tartich
Թարմ լինել	تازه بودن / بانشاط بودن	Tarm linel
Թարմացնել	به روزرسانی کردن	Tarmatsnel
Թարմացում	به روزرسانی	Tarmatsum
Թաց	خیس	Tats
Թաց լինել	خیس بودن / مرطوب بودن	Tats linel
Թափել	ریختن / سرازیر کردن	Tapel
Թաքնված մնալ	مخفی ماندن / پنهان ماندن	Taknvats mnal
Թաքցնել	مخفی کردن / پنهان کردن	Taktsnel
Թե	آیا / یا اینکه	Te
Թեև	اگرچه	Teev
Թեթև	سبک	Tetev
Թեթեւ լինել	سبک بودن	Tetev linel
Թեմա	موضوع	Tema
Թեյ	چای	Tey
Թեյի գդալ	قاشق چای خوری	Teyi gdal
Թենիս	تنیس	Tenis
Թեստ	آزمون	Test
Թերթ	روزنامه	Tert
Թերի	ناقص	Teri
Թև	بازو	Tev
Թեքել	کج کردن / خم کردن	Tekel
Թթու	ترش	Ttu
Թթու լինել	ترش بودن	Ttu linel
Թիթեռ	پروانه	Titer
Թիմ	تیم	Tim
Թիվ	عدد / شماره	Tiv
Թխել	پختن (نان / کیک و...) / پختن در فر	Tkhvel
Թխվածքաբլիթ	بیسکویت	Tkhvatskablit
Թղթադրամ	اسکناس	Tghtadram
Թղթապանակ	پوشه	Tghtapanak
Թողնել	گذاشتن / رها کردن	Toghnel
Թոշակի անցնել	بازنشسته شدن / از کار افتادن	Toshaki antsnel
Թոռ	نوه	Tor
Թուզ	انجیر	Tuz
Թութակ	طوطی	Tutak
Թուլանալ	سست شدن / ضعیف شدن	Tulananl
Թուլացնել	شل کردن / سست کردن	Tulatsnel
Թուղթ	کاغذ	Tught
Թույլ	ضعیف	Tuyl
Թույլ լինել	ضعیف بودن / ناتوان بودن	Tuyyl linel
Թույլ տալ	رخصت دادن / اجازه دادن	Tuyyl tal
Թույլատրել	اجازه دادن / مجاز شمردن	Tuyylatrel
Թույլտվություն	اجازه	Tuyltvutyun
Թունել	تونل	Tunel
Թուրք	ترک	Turk
Թուրքիա	ترکیه	Turkia
Թուփ	بوته	Tup
Թոք	ریه	Tok
Թռչել	پرواز کردن / به پرواز درآوردن و در هوا حرکت کردن	Trchel
Թռչուն	پرنده	Trchun
Թվալ	گویی بودن / به نظر رسیدن	Tval
Թրջել	تر کردن / خیس کردن	Trjel
Ժամ	ساعت	Zham
Ժամանակ	زمان / هنگام	Zhamanak
Ժամանակակից	مدرن	Zhamanakakits
Ժամանակացույց	برنامه زمانی	Zhamanakatsuyts
Ժամանել	رسیدن / وارد شدن	Zhamanel
Ժամանում	ورود	Zhamanum
Ժամանց	تفریح	Zhamants
Ժամացույց	ساعت	Zhamatsuyts
Ժլատ	خسیس	Zhlat
Ժխտել	رد کردن / انکار کردن	Zhxtel
Ժողով	نشست	Zhoghov
Ժողովուրդ	ملت / مردم	Zhoghovurd
Ժողովրդավարություն	دموکراسی	Zhoghovrdavarutyun
Ժպտալ	لبخند زدن / شادی را نشان دادن / تبسم کردن و با حرکتی آرام در صورت	Zhptal
Իզուր	بیهوده	Izur
Իհարկե	البته	Iharke
Իմ	مال من / متعلق به من	Im
Իմ անունը ... է	اسم من ... است	Im anun ... e
Իմանալ	دانستن	Imanal
Իմաստ	معنی	Imast
Ինը	نه	Iny
Ինժեներ	مهندس	Inzhener
Ինձ	مرا / به من	Indz
Իններորդ	نهم	Innerord
Իննսուն	نود	Innsun
Ինչ	چه؟ / چه چیزی؟	Inch
Ինչ արժե	چقدر قیمت دارد؟	Inch arzhe
Ինչ գույն	چه رنگی؟	Inch guyn
Ինչ ժամանակ	چه زمانی؟	Inch zhamanak
Ինչ տեսակ	چه نوع؟	Inch tesak
Ինչեր	چه چیزهایی؟	Incher
Ինչու	چرا؟	Inchu
Ինչպես	چطور؟ / چگونه؟	Inchpes
Ինչպես եք	حال شما چطور است؟	Inchpes ek
Ինքդ	خودت	Inkd
Ինքը	خودش	Inky
Ինքնաթիռ	هواپیما	Inknatir
Ինքնակենսագրություն	خودزندگی‌نامه	Inknakensagrutyun
Ինքներդ	خودتان	Inknerd
Ինքներս	خودمان	Inkners
Ինքս	خودم	Inks
Իջեցնել	کم کردن / پایین آوردن	Ijetsnel
Իջնել	فرود آمدن / پایین آمدن	Ijnel
Իսլամ	اسلام	Islam
Իսկ	و اما / درحالی که	Isk
Իսկ դուք	و شما؟	Isk duk
Իսկապես	واقعاً	Iskapes
Իսպանացի	اسپانیایی	Ispanatsi
Իտալացի	ایتالیایی	Italatsi
Իր	مال خود / متعلق به خود	Ir
Իրական	واقعی	Irakan
Իրական լինել	واقعی بودن / حقیقی بودن	Irakan linel
Իրականացնել	اجرا کردن / محقق کردن	Irakanatsnel
Իրան	ایران	Iran
Իրանցի	ایرانی	Irantsi
Իրավաբան	وکیل / حقوقدان	Iravaban
Իրավունք	حق	Iravunk
Իրենք	خودشان	Irenk
Լամպ	چراغ	Lamp
Լայն	پهن	Layn
Լայնություն	عرض	Laynutyun
Լավ	خوب	Lav
Լավ եմ	خوبم	Lav em
Լավաշ	نان لواش	Lavash
Լացել	گریه کردن / اشک ریختن	Latsel
Լեզու	زبان	Lezu
Լեռ	کوه	Ler
Լի	پر	Li
Լիճ	دریاچه	Lich
Լինել	بودن	Linel
Լիցքավորել	شارژ کردن / بارگیری کردن	Litskavorel
Լիցքավորիչ	شارژر	Litskavorich
Լիքը լինել	پر بودن / سیر بودن	Like linel
Լյարդ	کبد	Lyard
Լոբի	لوبیا	Lobi
Լոգանք ընդունել	حمام کردن / دوش گرفتن و بدن خود را شستشو دادن	Logank yndunel
Լոգարան	حمام	Logaran
Լոլիկ	گوجه فرنگی	Lolik
Լող	شنا	Logh
Լողալ	شنا کردن / به حرکت در آوردن بدن در آب	Loghal
Լողանալ	حمام کردن	Loghanal
Լողավազան	استخر	Loghavazan
Լողափ	ساحل	Loghap
Լուծել	حل کردن / چاره جویی کردن و مشکلی را برطرف کردن	Lutsel
Լուծում	راه حل	Lutsum
Լույս	نور	Luys
Լուռ	بی صدا	Lur
Լուռ մնալ	سکوت کردن / ساکت ماندن	Lurr mnal
Լուսաբաց	سپیده دم	Lusabats
Լուսանկար	عکس	Lusankar
Լուսանկարել	عکس گرفتن / عکاسی کردن	Lusankarel
Լուսանկարչություն	عکاسی	Lusankarchutyun
Լուսավոր	روشن	Lusavor
Լուսավոր լինել	روشن بودن / نورانی بودن	Lusavor linel
Լուսացույց	چراغ راهنمایی	Lusatsuyts
Լուսին	ماه	Lusin
Լուր	خبر	Lur
Լուրջ լինել	جدی بودن / باوقار بودن	Lurj linel
Լռել	سکوت کردن / خاموش شدن و از حرف زدن باز ایستادن	Lrrel
Լռություն	سکوت	Lrutyun
Լսել	شنیدن / گوش دادن	Lsel
Լսողություն	شنوایی	Lsoghutyun
Լվանալ	شستن / آب کشیدن	Lvanal
Լվացքի մեքենա	ماشین لباسشویی	Lvatski mekena
Լրագրող	روزنامه نگار	Lragrogh
Լրացնել	پر / تکمیل کردن	Lratsnel
Լրացուցիչ	اضافی	Lratsutsich
Լցնել	ریختن / پر کردن / مملو کردن	Ltsnel
Խաբել	فریب دادن / دروغ گفتن	Khabel
Խախտել	نقض کردن / زیر پا گذاشتن	Khakhtel
Խաղ	بازی	Khagh
Խաղալ	بازی کردن	Khaghal
Խաղահրապարակ	زمین بازی	Khaghahraparak
Խաղաղություն	صلح	Khaghaghutyun
Խաղացող	بازیکن	Khaghatsogh
Խաղող	انگور	Khaghogh
Խաղողի վազ	تاک انگور	Khaghoghi vaz
Խանութ	فروشگاه	Khanut
Խաչ	صلیب	Khach
Խաչմերուկ	چهارراه	Khachmeruk
Խառնաշփոթ	آشفتگی	Kharnashpot
Խառնել	مخلوط کردن	Kharnel
Խառնվել	قاطی شدن / آمیخته شدن و با چیز دیگری ترکیب شدن	Kharnvel
Խավար	تاریکی	Khavar
Խելացի	باهوش	Khelatsi
Խելացի լինել	زیرک بودن / باهوش بودن	Khelatsi linel
Խեցգետին	خرچنگ	Khetsgetin
Խիզախ լինել	شجاع بودن / دلیر بودن	Khizakh linel
Խմել	نوشیدن / مصرف مایعات و آب نوشیدن	Khmel
Խմոր	خمیر	Khmor
Խնամել	مراقبت کردن / پرستاری کردن	Khnamel
Խնայել	پس انداز کردن / صرفه جویی کردن	Khnayel
Խնդիր	مشکل / مسئله	Khndir
Խնդրանք	درخواست	Khndrank
Խնդրել	خواهش کردن / درخواست کردن	Khndrel
Խնդրեմ	لطفاً / خواهش می کنم	Khndrem
Խնձոր	سیب	Khndzor
Խնձորենի	درخت سیب	Khndzoreni
Խոզ	خوک	Khoz
Խոզանակ	برس	Khozanak
Խոզի միս	گوشت خوک	Khozi mis
Խոհանոց	آشپزخانه	Khohanots
Խոհանոցային տախտակ	تخته آشپزخانه	Khohanotsayin takhtak
Խոհարար	آشپز	Khoharar
Խոհարարություն անել	آشپزی کردن	Kohararutyun anel
Խոնավացնել	مرطوب کردن / نمناک کردن و به چیزی رطوبت بخشیدن	Khonavatsnel
Խոնարհ	فروتن	Khonarh
Խոնարհվել	فروتن بودن / تعظیم کردن	Khonarhavel
Խոչընդոտել	مانع شدن / سد راه شدن	Khochyndotel
Խոսել	صحبت کردن / گفتگو کردن	Khosel
Խոստանալ	قول دادن / وعده دادن / متعهد شدن به انجام کاری	Khostanal
Խոստովանել	خطا) / اعتراف کردن / اقرار کردن (به گناه	Khostovanel
Խոստում	قول	Khostum
Խոտ	علف	Khot
Խորհել	تعمق کردن / ژرف اندیشیدن	Khorhel
Խորհուրդ	توصیه	Khorhurd
Խորհուրդ տալ	توصیه کردن / پند دادن و راهنمایی کردن به کسی	Khorhurd tal
Խորհրդակցել	مشورت کردن / رایزنی کردن	Khorhrdaktsel
Խորովել	کباب کردن	Khorovel
Խորություն	عمق	Khorutyun
Խորտիկ	میان وعده	Khortik
Խումբ	گروه	Khumb
Խուսափել	دوری کردن / اجتناب کردن	Khusapel
Խրախուսել	تشویق کردن / ترغیب کردن	Khrakhusel
Խցանում	ترافیک	Khtsanum
Ծալել	تا کردن / خم کردن	Tsalel
Ծախս	هزینه	Tsakhs
Ծախսել	خرج کردن / مصرف کردن پول یا انرژی برای چیزی	Tsakhsel
Ծաղիկ	گل	Tsaghik
Ծաղկակաղամբ	گل کلم	Tsaghkakaghamb
Ծանոթ	آشنا	Tsanot
Ծանոթանալ	آشنا شدن	Tsanotanal
Ծանր	سنگین	Tsanr
Ծանր լինել	سنگین بودن	Tsanr linel
Ծառ	درخت	Tsar
Ծառայություն	خدمت	Tsarayutyun
Ծավալ	حجم	Tsaval
Ծարավ	تشنه	Tsarav
Ծարավ եմ	تشنه ام	Tsarav em
Ծարավ լինել	تشنه بودن	Tsarav linel
Ծեր	پیر / سالمند	Tser
Ծեր լինել	پیر بودن / سالمند بودن	Tser linel
Ծերանալ	پیر شدن / کهن سال شدن و به مراحل پایانی زندگی رسیدن	Tseranal
Ծիածան	رنگین کمان	Tsiatsan
Ծիծաղել	خندیدن / قهقهه زدن و شادی خود را با صدا ابراز کردن	Tsitsaghel
Ծիծեռնակ	پرستو	Tsitsernak
Ծիրան	زردآلو	Tsiran
Ծննդյան օր	روز تولد	Tsnndyan or
Ծնող	والد	Tsnogh
Ծնողներ	پدر و مادر	Tsnoghner
Ծնունդ	تولد	Tsnund
Ծնվել	متولد شدن / به دنیا آمدن و آغاز زندگی کردن	Tsnvel
Ծով	دریا	Tsov
Ծուխ	دود	Tsukh
Ծույլ	تنبل	Tsuyl
Ծույլ լինել	تنبل بودن / کاهل بودن	Tsuyl linel
Ծունկ	زانو	Tsunk
Ծուռ	کج	Tsur
Ծրագիր	برنامه / طرح / پروژه	Tsragir
Կազմակերպել	ترتیب دادن / سازماندهی کردن	Kazmakerpel
Կազմակերպություն	سازمان	Kazmakerputyun
Կազմել	ساختن / تشکیل دادن	Kazmel
Կաթ	شیر	Kat
Կաթսա	قابلمه	Katsa
Կախված լինել	متکی بودن / وابسته بودن	Kakhvats linel
Կակաչ	لاله / شقایق	Kakach
Կահույք	اثاثیه	Kahuyk
Կաղամբ	کلم	Kaghamb
Կամ	یا	Kam
Կամաց	آرام	Kamats
Կամուրջ	پل	Kamurj
Կայանատեղի	پارکینگ	Kayanateghi
Կայծակ	برق آسمان	Kaytsak
Կայք	وب سایت	Kayk
Կանադացի	کانادایی	Kanadatsi
Կանաչ	سبز	Kanach
Կանաչի	سبزی	Kanachi
Կանգառ	توقف / ایستگاه	Kangar
Կանգնել	ایستادن / متوقف شدن و از حرکت باز ایستادن	Kangnel
Կանգնեցնել	متوقف کردن	Kangnetsnel
Կանխիկ	نقد	Kankhik
Կանոն	قانون / قاعده	Kanon
Կաշի	چرم	Kashi
Կապել	بستن / پیوستن / گره زدن	Kapel
Կապիկ	میمون	Kapik
Կապույտ	آبی	Kapuyt
Կապվել	مرتبط شدن / ارتباط پیدا کردن	Kapvel
Կառավարել	اداره کردن / مدیریت کردن	Karavarvel
Կառավարություն	دولت / حکومت	Karavarutyun
Կառուցել	ساختن / بنا کردن	Karutsel
Կասկած	تردید	Kaskats
Կասկածել	شک کردن / تردید داشتن	Kaskatsel
Կատակել	شوخی کردن	Katakel
Կատարել	اجرا کردن / انجام دادن	Katarel
Կատարելագործել	بهینه کردن / کامل تر کردن	Katarelagaortsel
Կատարելագործված	پیشرفته	Katarelagortsvats
Կատարելագործվել	کامل تر شدن / بهبود یافتن و کیفیت چیزی را بالا بردن	Katrargortsvvel
Կատու	گربه	Katu
Կարագ	کره	Karag
Կարգ	نظم	Karg
Կարգավորել	مرتب کردن / تنظیم کردن	Kargavorel
Կարգավորում	تنظیم	Kargavorum
Կարդալ	خواندن / مطالعه کردن	Kardal
Կարել	دوختن	Karel
Կարևոր	مهم	Karevor
Կարեւոր լինել	مهم بودن / اساسی بودن	Karevor linel
Կարիք	نیاز	Karik
Կարծել	فکر کردن / عقیده داشتن	Kartsel
Կարծիք	نظر	Kartsik
Կարծիք հայտնել	نظر دادن / عقیده ابراز کردن	Kartsik haytnel
Կարկուտ	تگرگ	Karkut
Կարճ	کوتاه	Karch
Կարճահասակ լինել	کوتاه قد بودن	Karchahasak linel
Կարմիր	قرمز	Karmir
Կարող եմ	می توانم	Karogh em
Կարողանալ	توانستن	Karoghanal
Կարտոֆիլ	سیب زمینی	Kartofil
Կափարիչ	درپوش	Kaparich
Կեղև	پوست درخت	Keghev
Կեղծ	جعلی	Keghts
Կեղտ	کثیفی	Keght
Կեղտոտ	کثیف	Keghtot
Կեղտոտ լինել	کثیف بودن / آلوده بودن	Keghtot linel
Կեղտոտել	کثیف کردن / آلوده کردن	Keghtotel
Կենգուրու	کانگورو	Kenguru
Կենդանաբանական այգի	باغ وحش	Kendanabanakan aygi
Կենդանի	زنده / حیوان	Kendani
Կենսագրություն	زندگی نامه	Kensagrutyun
Կենտ	فرد	Kent
Կենտրոն	مرکز	Kentron
Կենտրոնական	مرکزی	Kentronakan
Կենտրոնանալ	تمرکز کردن / متمرکز شدن	Kentronanal
Կեռաս	گیلاس	Keras
Կես	نصف	Kes
Կեսգիշեր	نیمه شب	Kesgisher
Կեսօր	ظهر	Kesor
Կեսօրից հետո	بعدازظهر	Kesorits heto
Կետ	نقطه	Ket
Կետաձուկ	نهنگ	Ketadzuk
Կերակրացանկ	منو	Kerakratsank
Կերակրել	غذا دادن	Kerakrel
Կզակ	چانه	Kzak
Կին	زن / همسر	Kin
Կինո	سینما	Kino
Կինոթատրոն	سینما	Kinotatron
Կիսաշրջազգեստ	دامن	Kisashrjazgest
Կիսատ	نیمه کاره	Kisat
Կիսվել	به اشتراک گذاشتن	Kisvel
Կիտրոն	لیمو	Kitron
Կիրակի	یکشنبه	Kiraki
Կլիմա	اقلیم	Klima
Կլոր	گرد	Klor
Կծու	تند	Ktsu
Կղզի	جزیره	Kghzi
Կյանք	زندگی	Kyank
Կներեք	ببخشید (برای عذرخواهی)	Knerek
Կշռել	وزن کردن / سنگینی کردن و جرم چیزی را با ابزار سنجیدن	Kshrel
Կոկորդ	گلو	Kokord
Կոկորդի ցավ	گلودرد	Kokordi tsav
Կոկորդիլոս	تمساح	Kokordilos
Կողմ	طرف	Koghm
Կողքին	کنار	Koghkin
Կոճ	مچ پا	Koch
Կոճակ	دکمه	Kochak
Կոնյակ	کنیاک	Konyak
Կոշիկ	کفش	Koshik
Կոշիկի կապ	بند کفش	Koshiki kap
Կոշտ	سفت / سخت	Kosht
Կոշտ լինել	سفت بودن / سخت بودن	Kosht linel
Կոչել	صدا زدن / فرا خواندن / به چیزی یا کسی نامی بردن برای جلب توجه	Kochel
Կոպիտ	زبر / خشن	Kopit
Կոստյում	کت وشلوار	Kostyum
Կով	گاو	Kov
Կոտրել	شکستن / خرد کردن	Kotrel
Կոտրվածք	شکستگی	Kotrvatsk
Կոտրվել	شکستن / خراب شدن	Kotrvel
Կործանել	نابود کردن / از بین بردن	Kortsaxel
Կորցնել	گم کردن / از دست دادن	Kortsel
Կուսակցություն	حزب	Kusaktsutyun
Կուրծք	سینه	Kurtsk
Կպցնել	چسباندن / وص وصل کردن	Kptsel
Կռվել	نزاع کردن / دعوا کردن	Krvel
Կտրատել	خرد کردن	Ktratel
Կտրել	بریدن / قطع کردن	Ktrel
Կտրվածք	بریدگی	Ktrvatsk
Կրակ	آتش	Krak
Կրել	پوشیدن / حمل کردن / برداشتن (بار)	Krel
Կրթել	آموزش دادن / تحصیل دادن	Krtel
Կրթություն	آموزش	Krtutyun
Կրիա	لاک پشت	Kria
Կրկին	دوباره	Krkin
Կրկնել	تکرار کردن / بازگو کردن	Krknel
Կրկնօրինակել	کپی کردن / شبیه سازی کردن	Krknorinakel
Կրոն	دین	Kron
Կրունկ	پاشنه	Krunk
Կրտսեր եղբայր	برادر کوچک تر	Krtser yeghbayr
Կրտսեր քույր	خواهر کوچک تر	Krtser kuyr
Հա	غیررسمی) / بله (عامیانه	Ha
Հաբ	قرص	Hab
Հագնել	پوشیدن / به تن کردن لباس	Hagnel
Հագնվել	لباس پوشیدن / پوشاک به تن کردن و آماده شدن	Hagnvel
Հագուստ	لباس	Hagust
Հազ	سرفه	Haz
Հազալ	سرفه کردن	Hazal
Հազար	هزار	Hazar
Հազվադեպ	نادر / به ندرت	Hazvadep
Հականիշ	متضاد	Hakanish
Հակառակ	مقابل / برخلاف	Hakarak
Հաղթահարել	غلبه کردن / فائق آمدن و بر مشکلی یا سختی پیروز شدن	Haghtaharel
Հաղթանակ	پیروزی	Haghtanak
Հաղթել	پیروز شدن / غلبه کردن / برنده شدن در یک مسابقه یا چالش	Haghtel
Հաղթող	برنده	Haghtogh
Հաղորդագրություն	پیام	Haghordagrutyun
Հաղորդել	اطلاع دادن / خبر دادن و پیامی را به کسی ابلاغ کردن	Haghordel
Հաղորդում	پخش / برنامه	Haghordum
Հաճախ	اغلب	Hachakh
Հաճախորդ	مشتری	Hachakhord
Հաճելի է	خوشوقتم	Hacheli e
Համ	مزه / طعم	Ham
Համագործակցել	همکاری کردن / مشارکت داشتن	Hamagortsaktsel
Համադրել	مقایسه و تطبیق دادن	Hamadrel
Համալսարան	دانشگاه	Hamalsaran
Համակարգ	سامانه	Hamakarg
Համակարգել	سازماندهی کردن / سیستماتیک کردن	Hamakargel
Համակարգիչ	رایانه	Hamakargich
Համաձայնել	هم نظر شدن / موافقت کردن	Hamadzaynel
Համաձայնեցնել	به تفاهم رسیدن / توافق حاصل کردن	Hamadzaynetsnel
Համաձայնվել	موافقت کردن / هم عقیده شدن و بر سر چیزی به توافق رسیدن	Hamadzaynvel
Համար	برای / شماره / سایز	Hamar
Համարձակ	شجاع	Hamardzak
Համարձակվել	جرات کردن / جسارت به خرج دادن	Hamardzakvel
Համացանց	اینترنت	Hamatsants
Համբերատար	صبور	Hamberatar
Համբերատար լինել	صبور بودن / شکیبا بودن	Hambardatar linel
Համեղ	خوشمزه	Hamegh
Համեղ լինել	لذیذ بودن / خوش مزه بودن	Hamegh linel
Համեմ	گشنیز	Hamem
Համեմատել	قیاس کردن / مقایسه کردن	Hamematel
Համեմունք	ادویه	Hamemunk
Համեստ լինել	فروتن بودن / متواضع بودن	Hamest linel
Համերաշխ լինել	متفق بودن / همبسته بودن	Hamerashkh linel
Համերգ	کنسرت	Hamerg
Համերգասրահ	سالن کنسرت	Hamergasrah
Համոզել	قانع کردن / متقاعد کردن	Hamozel
Համտեսել	چشیدن / مزه کردن و طعم و مزه چیزی را امتحان کردن	Hamtesel
Հայ	ارمنی	Hay
Հայաստան	ارمنستان	Hayastan
Հայելի	آینه	Hayeli
Հայերեն	زبان ارمنی	Hayeren
Հայտարարել	اعلام کردن / اظهار کردن	Haytararel
Հայտնաբերել	کشف کردن / آشکار ساختن	Haytnaberel
Հայտնի	معروف	Haytni
Հայտնվել	ظاهر شدن / پدیدار شدن و ناگهان در جایی دیده شدن	Haytnvel
Հայր	پدر	Hayr
Հանգել	تسلیم شدن / منتهی شدن	Hangvel
Հանգիստ	آرام / استراحت	Hangist
Հանգիստ լինել	آرام بودن / راحت بودن	Hangist linel
Հանգչել	آرام گرفتن / استراحت کردن	Hangchel
Հանգստանալ	آرامش یافتن / استراحت کردن	Hangstananal
Հանգստացնել	آرام کردن / موجب آسودگی خاطر شدن / کسی را تسکین دادن و آرامش بخشیدن	Hangstatsnel
Հանգստյան օր	روز تعطیل	Hangstyan or
Հանգստություն	آرامش	Hangstutyun
Հանգրվանել	توقف کردن / اقامت کردن	Hangrvanel
Հանդիմանել	سرزنش کردن / توبیخ کردن	Handimanel
Հանդիպել	ملاقات کردن / برخورد کردن و با کسی یا چیزی روبرو شدن	Handipel
Հանդիպում	جلسه / ملاقات	Handipum
Հանդուրժել	تحمل کردن / مدارا کردن	Handurzhvel
Հանդուրժող լինել	صبور بودن / بردبار بودن	Handurzogh linel
Հանել	کم کردن / خارج کردن / بیرون آوردن	Hanel
Հանել հագուստը	لباس را درآوردن	Hanel hagusty
Հանկարծ	ناگهان	Hankarts
Հանձնարարել	محول کردن / مأمور کردن	Handznararel
Հանձնել	تحویل دادن / تسلیم کردن	Handznel
Հանձնվել	تسلیم شدن / واگذار کردن و کنترل را به دیگری سپردن	Handznvel
Հանվել	لباس درآوردن / پوشاک را از بدن خارج کردن	Hanvel
Հանրակացարան	خوابگاه	Hanrakatsaran
Հանրային	عمومی	Hanrayin
Հանրապետություն	جمهوری	Hanrapetutyun
Հանքային ջուր	آب معدنی	Hankayin jur
Հաշիվ	حساب / صورتحساب / محاسبه	Hashiv
Հաշմանդամություն	معلولیت	Hashmandamutyun
Հաշվել	شمردن / محاسبه کردن	Hashvel
Հաշտեցնել	آشتی دادن / صلح برقرار کردن	Hashtetsnel
Հաշտվել	آشتی کردن / صلح کردن و به خصومت یا نزاع پایان دادن	Hashtvel
Հաջողել	موفق شدن / کامروایی یافتن و در کاری به نتیجه مطلوب رسیدن	Hajoghel
Հաջողություն	موفقیت	Hajoghutyun
Հաջորդ	بعدی	Hajord
Հասակ	قد	Hasak
Հասանելի	در دسترس	Hasaneli
Հասարակ լինել	ساده بودن / عادی بودن	Hasarak linel
Հասարակություն	جامعه	Hasarakutyun
Հասկանալ	فهمیدن / درک کردن	Haskanal
Հասկացա	فهمیدم / متوجه شدم	Haskatsa
Հասնել	رسیدن / دست یافتن	Hasnel
Հաստ	کلفت / ضخیم	Hast
Հաստատել	تأیید کردن / اثبات کردن و درستی چیزی را به کرسی نشاندن	Hastatel
Հասցե	نشانی	Hastse
Հասցնել	رساندن / تحویل دادن	Hastsenel
Հավ	مرغ	Hav
Հավանաբար	احتمالاً	Havanabar
Հավասար	برابر	Havasar
Հավատ	باور / ایمان	Havat
Հավատալ	باور کردن / ایمان داشتن / اعتقاد داشتن	Havatal
Հավատարիմ լինել	متعهد بودن / وفادار بودن	Havatarim linel
Հավատացնել	باوراندن / قانع کردن	Havatatsnel
Հավաքել	جمع کردن / گردآوری کردن	Havakel
Հավելված	اپلیکیشن	Havelvats
Հավի միս	گوشت مرغ	Havi mis
Հատակ	کف	Hatak
Հատկապես	به ویژه	Hatkapes
Հատուկ	خاص	Hatuk
Հարաբերական	نسبی	Haraberakan
Հարաբերություն	رابطه	Haraberutyun
Հարավ	جنوب	Harav
Հարգանք	احترام	Hargank
Հարգել	گرامی داشتن / احترام گذاشتن / ارزش قائل شدن برای کسی یا چیزی	Hargel
Հարևան	همسایه	Harevan
Հարթ	صاف	Hart
Հարկ	طبقه / مالیات	Hark
Հարձակվել	حمله کردن / تجاوز کردن	Hardzakvel
Հարյուր	صد	Haryur
Հարուստ	ثروتمند	Harust
Հարուստ լինել	دارا بودن / ثروتمند بودن	Harust linel
Հարս	عروس	Hars
Հարց	سؤال	Harts
Հարցազրույց	مصاحبه	Hartsazruyts
Հարցնել	پرسیدن / سؤال مطرح کردن	Hartsnel
Հաց	نان	Hats
Հացահատիկ	غلات	Hatsahatik
Հեծանիվ	دوچرخه	Hetsaniv
Հեծանվավազք	دوچرخه سواری	Hetsanvavazk
Հենց որ	به محض اینکه	Hents vor
Հեշտ	آسان	Hesht
Հեշտ լինել	آسان بودن / ساده بودن	Hesht linel
Հեշտացնել	سهل کردن / آسان کردن	Heshtatsnel
Հեշտություն	آسانی	Heshtutyun
Հեռախոս	تلفن	Herakhos
Հեռակառավարման վահանակ	کنترل از راه دور	Herakaravarman vahanak
Հեռանալ	دور شدن / فاصله گرفتن و از مکانی دور گشتن	Heranal
Հեռավորություն	فاصله	Heravorutyun
Հեռացնել	اخراج کردن / برکنار کردن / از سمتی یا موقعیتی عزل کردن	Heratsnel
Հեռու	دور	Heru
Հեռուստատեսություն	تلویزیون	Herustatesutyun
Հեռուստացույց	تلویزیون	Herustatsuyts
Հետ	با	Het
Հետազոտել	تحقیق کردن / جستجو کردن (علمی)	Hetazotel
Հետաքրքիր	جالب	Hetakrkir
Հետաքրքրություն	علاقه / کنجکاوی	Hetakrkrutyun
Հետաքրքրվել	کنجکاوی کردن / علاقه مند شدن	Hetakrkrvel
Հետևաբար	بنابراین	Hetevabar
Հետևանք	پیامد	Hetevank
Հետեւել	دنبال کردن / تعقیب کردن	Hetevel
Հետևում	پشت	Hetevum
Հետընթանալ	پسرفت کردن	Hetntanal
Հետիոտնային անցում	خط عابر پیاده	Hetiotnayin antsum
Հետո	بعد	Heto
Հերքել	رد کردن / تکذیب کردن	Herkel
Հեքիաթ	قصه / افسانه	Hekiat
Հզոր լինել	قوی بودن / قدرتمند بودن	Hzor linel
Հզորություն	قدرت	Hzorutyun
Հիանալ	تحسین کردن / شگفت زده شدن (مثبت)	Hianal
Հիասթափեցնել	دلسرد کردن / ناامید کردن	Hiashtapetsnel
Հիասթափված լինել	دلسرد بودن / ناامید بودن	Hiasrapvats linel
Հիասթափվել	ناامید شدن / دلسرد شدن و امید خود را از دست دادن	Hiashtapvel
Հիմա	الان / حالا / اکنون	Hima
Հիմար	نادان	Himar
Հիմար լինել	احمق بودن / نادان بودن	Himar linel
Հիմնական	اصلی	Himnakan
Հին	قدیمی	Hin
Հինգ	پنج	Hing
Հինգերորդ	پنجم	Hingerord
Հինգշաբթի	پنج شنبه	Hingshabti
Հիշել	یادآوری کردن / به یاد آوردن / به خاطر آوردن	Hishel
Հիշեցնել	متذکر شدن / یادآوری کردن	Hishetsnel
Հիշողություն	حافظه / خاطره	Hishoghutyun
Հիսուն	پنجاه	Hisun
Հիվանդ	بیمار	Hivand
Հիվանդ լինել	بیمار بودن / ناخوش بودن	Hivand linel
Հիվանդանալ	بیمار شدن / مریض شدن و دچار بیماری گشتن	Hivandanal
Հիվանդանոց	بیمارستان	Hivandanots
Հիվանդություն	بیماری	Hivandutyun
Հղի	باردار	Hghi
Հղիություն	بارداری	Hghiutyun
Հղում	لینک / پیوند	Hghum
Հմտություն	مهارت	Hmtutyun
Հյութ	آب میوه	Hyut
Հյուպատոսարան	کنسولگری	Hyupatosaran
Հյուսիս	شمال	Hyusis
Հյուր	مهمان	Hyur
Հյուրանոց	هتل	Hyuranots
Հյուրասենյակ	اتاق نشیمن	Hyurasenyak
Հյուրընկալել	مهمان نوازی کردن / میزبان بودن و از مهمانان پذیرایی کردن	Hyurynkalel
Հնարավոր	ممکن	Hnaravor
Հնարավոր լինել	ممکن بودن	Hnaravor linel
Հնարավորություն	امکان	Hnaravorutyun
Հնդիկ	هندی	Hndik
Հնդկահավ	بوقلمون	Hndkahav
Հոբբի	علاقه / سرگرمی	Hobbi
Հոգևորական	روحانی	Hogevorakan
Հոգնած	خسته	Hognats
Հոգնած եմ	خسته ام	Hognats em
Հոգնած լինել	خسته بودن	Hognats linel
Հոգնակի	جمع	Hognaki
Հոկտեմբեր	اکتبر	Hoktember
Հող	خاک / زمین	Hogh
Հողաթափ	دمپایی	Hoghatap
Հոմանիշ	مترادف	Homanish
Հոնք	ابرو	Honk
Հովանոց	چتر	Hovanots
Հովիտ	دره	Hovit
Հոտ	بو	Hot
Հոտ քաշել	بو کردن	Hot kashel
Հոտառություն	بویایی	Hotarutyun
Հոտոտել	بو کردن / شمیدن و بوی چیزی را با بینی احساس کردن	Hototel
Հորաքույր	عمه	Horakuyr
Հորեղբայր	عموی پدری	Horeghbayr
Հորթ	گوساله	Hort
Հուզել	تحریک عاطفی / برانگیختن احساسات / تحت تأثیر قرار دادن عمیق	Huzel
Հուզվել	احساساتی شدن / تحت تأثیر عاطفی قرار گرفتن و هیجان زده شدن	Huzvel
Հուլիս	ژوئیه	Hulis
Հույս	امید	Huys
Հույս ունենալ	امید داشتن / امیدوار بودن	Huys unenal
Հույսով լինել	امیدوار بودن	Huysov linel
Հունիս	ژوئن	Hunis
Հունվար	ژانویه	Hunvar
Հուսալ	امیدوار بودن	Husal
Հուսահատություն	ناامیدی	Husahatutyun
Հուսահատվել	دلسرد شدن / ناامید شدن	Husahatvel
Հպարտ	مغرور / سربلند	Hpart
Հպարտ լինել	مغرور بودن / سرافراز بودن	Hpart linel
Հպարտանալ	افتخار کردن / غرور داشتن و احساس سربلندی کردن	Hpartanal
Հպարտություն	غرور	Hpartutyun
Հրաժարվել	منصرف شدن / صرف نظر کردن و دست از چیزی کشیدن	Hrazharvel
Հրաժեշտ տալ	خداحافظی کردن	Hrazhesht tal
Հրապարակ	میدان	Hraparak
Հրապուրել	اغوا کردن / دلربایی کردن و کسی را به سمت خود جذب کردن	Hrapurel
Հրավիրել	دعوت کردن	Hravirel
Հրել	راندن / هل دادن	Hrel
Ձախ	چپ	Dzakh
Ձախակողմյան	سمت چپ	Dzakhakoghmyan
Ձախողում	شکست	Dzakhoghum
Ձախողվել	شکست خوردن / ناکام ماندن و در انجام کاری به نتیجه نرسیدن	Zkhoghvel
Ձայն	صدا	Dzayn
Ձայնագրել	ضبط کردن	Dzaynagrel
Ձայնագրություն	ضبط صدا	Dzaynagrutyun
Ձայնավոր	مصوت	Dzaynavor
Ձանձրալի	خسته کننده	Dzandzrali
Ձանձրանալ	خسته شدن / بی حوصله شدن و از چیزی ملول گشتن	Dzandzranal
Ձանձրացնել	خسته کردن / کسالت آور ساختن / موجب ملال و بی حوصلگی شدن	Dzandzratsnel
Ձգել	کشیدن / کش آوردن	Dzgrel
Ձգտել	تلاش کردن / کوشیدن با میل فراوان	Dzgatel
Ձեզ	به شما / شما را	Dzez
Ձեթ	روغن مایع	Dzet
Ձեռնոց	دستکش	Dzernots
Ձեռք	دست	Dzerk
Ձեռք բերել	به دست آوردن	Dzerq berel
Ձեռքի պայուսակ	کیف دستی	Dzerki payusak
Ձեր	مال شما / متعلق به شما	Dzer
Ձև	شکل / روش	Dzev
Ձի	اسب	Dzi
Ձկնորսություն	ماهیگیری	Dzknorsutyun
Ձկնորսություն անել	ماهیگیری کردن	Dzknorsutyun anel
Ձմեռ	زمستان	Dzmer
Ձմերուկ	هندوانه	Dzmeruk
Ձյուն	برف	Dzyun
Ձու	تخم مرغ	Dzu
Ձուլել	گداختن / ذوب کردن	Dzulel
Ձուկ	ماهی	Dzuk
Ղեկ	فرمان	Ghek
Ղեկավար	رهبر / مدیر	Ghekavar
Ղեկավարել	رهبری کردن / هدایت کردن	Ghekavar
Ճակատ	پیشانی	Chakat
Ճամպրուկ	چمدان	Champruk
Ճամփորդություն	سفر	Champordutyun
Ճանաչել	شناختن / تشخیص دادن و کسی یا چیزی را شناسایی کردن	Chanachel
Ճանապարհ	راه	Chanaparh
Ճանապարհային նշան	تابلوی راهنمایی	Chanaparhayin nshan
Ճանապարհել	بدرقه کردن / خداحافظی کردن	Chanaparhel
Ճանապարհորդ	مسافر	Chanaparhord
Ճանապարհորդել	سفر کردن / گردش کردن	Chanaparhordel
Ճանճ	مگس	Chanch
Ճաշ	ناهار	Chash
Ճաշակել	چشیدن	Chashakel
Ճաշարան	غذاخوری	Chasharan
Ճապոնացի	ژاپنی	Chaponatsi
Ճապոնիա	ژاپن	Chaponia
Ճիշտ	درست	Chisht
Ճիշտ լինել	درست بودن / حق با کسی بودن و صحیح عمل کردن	Chisht linel
Ճիշտ կատարել	درست انجام دادن	Chisht katarel
Ճյուղ	شاخه	Chyugh
Ճնճղուկ	گنجشک	Chnchghuk
Ճնշում	فشار	Chnshum
Ճշմարիտ լինել	راستگو بودن	Chshmarit linel
Ճշմարտություն	حقیقت	Chshmartutyun
Ճշմարտություն ասել	حقیقت را گفتن	Chshmartutyun asel
Ճուտ	جوجه	Chut
Մազ	مو	Maz
Մալուխ	کابل	Malukh
Մածուն	ماست	Matsun
Մակարդակ	سطح	Makardak
Մակարոն	ماکارونی	Makaron
Մակբայ	قید	Makbay
Մակերես	سطح	Makeres
Մահ	مرگ	Mah
Մահանալ	مردن / فوت کردن و به زندگی پایان دادن	Mahanal
Մահճակալ	تخت خواب	Mahchakal
Մաղադանոս	جعفری	Maghadanos
Մամա	مامان	Mama
Մայթ	پیاده رو	Mayt
Մայիս	مه	Mayis
Մայր	مادر	Mayr
Մայրաքաղաք	پایتخت	Mayrakaghak
Մայրցամաք	قاره	Mayrtsamak
Մանդարին	نارنگی	Mandarin
Մանկապարտեզ	مهدکودک	Mankapartez
Մանուշակ	بنفشه	Manushak
Մանուշակագույն	بنفش	Manushakaguyn
Մանրադրամ	پول خرد	Manradram
Մանրամասն	جزئیات	Manramasn
Մանրամասնել	شرح کامل دادن / جزئیات را بیان کردن	Manramasnel
Մաշկ	پوست	Mashk
Մառախուղ	مه	Marakhugh
Մաս	بخش / قسمت	Mas
Մասին	درباره	Masin
Մասնագիտություն	شغل / رشته / تخصص	Masnagitutyun
Մասնավորեցնել	تخصیص دادن / خصوصی کردن	Masnavoretsnel
Մատ	انگشت	Mat
Մատանի	انگشتر	Matani
Մատիտ	مداد	Matit
Մատուցող	پیشخدمت	Matutsogh
Մարդ	انسان / آدم / مرد	Mard
Մարդիկ	مردم	Mardik
Մարզադաշտ	ورزشگاه	Marzadasht
Մարզասրահ	باشگاه ورزشی	Marzasrah
Մարզիկ	ورزشکار	Marzik
Մարզիչ	مربی	Marzich
Մարզում	تمرین ورزشی	Marzum
Մարմին	بدن	Marmin
Մարտ	مارس	Mart
Մարտկոց	باتری	Martkots
Մաքուր	تمیز	Makur
Մաքուր լինել	تمیز بودن / پاکیزه بودن	Makur linel
Մաքսատուն	گمرک	Maksatun
Մաքրել	پاک کردن / تمیز کردن	Makrel
Մաքրել տունը	خانه را تمیز کردن	Makrel tuny
Մաքրություն	نظافت / پاکیزگی	Makrutyun
Մեզ	به ما / ما را	Mez
Մեթոդ	روش	Metod
Մեծ	بزرگ	Mets
Մեծահասակ	بزرگسال	Metsahasak
Մեծանալ	بزرگ شدن / رشد کردن و به سن بلوغ رسیدن	Metsanal
Մեծարել	بزرگداشتن / تجلیل کردن	Metsarel
Մեծացնել	بزرگ کردن / وسیع کردن	Metsatsnel
Մեկ	یک	Mek
Մեկ երրորդ	یک سوم	Mek yerrord
Մեկնաբանել	تفسیر کردن / توضیح دادن	Meknabel
Մեկնել	حرکت کردن / عزیمت کردن	Meknel
Մեկնում	حرکت / عزیمت	Meknum
Մեկտեղանոց սենյակ	اتاق یک نفره	Mekteghanots senyak
Մեղադրել	متهم کردن / سرزنش کردن و کسی را مسئول کاری بد دانستن	Meghadrel
Մեղու	زنبور	Meghu
Մեղր	عسل	Meghr
Մենք	ما	Menk
Մեջ	در / داخل	Mej
Մեջք	پشت / کمر	Mejk
Մեռած	مرده	Merats
Մեռնել	مردن	Mernel
Մետաղ	فلز	Metagh
Մետաքս	ابریشم	Metaks
Մետրո	مترو	Metro
Մեր	مال ما / متعلق به ما	Mer
Մերժել	رد کردن / مخالفت کردن / موافق نبودن با چیزی	Merzhel
Մեքենա	ماشین	Mekena
Մզկիթ	مسجد	Mzkit
Մի քանի	چند / چندتا	Mi kani
Միաձուլել	ادغام کردن / مخلوط کردن / ترکیب کردن دو یا چند چیز با یکدیگر	Miadzulel
Միայն	فقط	Miayn
Միանալ	پیوستن / ملحق شدن	Mianal
Միասին	با هم	Miasin
Միավոր	امتیاز	Miavor
Միավորել	یکی کردن / متحد کردن / به هم پیوستن	Miavorel
Միավորվել	متحد شدن / یکی شدن و به صورت گروهی یا مشترک عمل کردن	Miavorvel
Միացնել	وصل / متصل کردن / روشن کردن / به جریان انداختن یک وسیله الکتریکی	Miatsnel
Միացնել համակարգիչը	رایانه را روشن کردن	Miatsnel hamakargichy
Միլիարդ	میلیارد	Miliard
Միլիոն	میلیون	Milion
Միկրոալիքային վառարան	مایکروویو	Mikroalikayin vararan
Միկրոավտոբուս	مینی بوس	Mikroavtobus
Միկրոֆոն	میکروفون	Mikrofon
Միմյանց	یکدیگر	Mimyants
Մինչ	در حالی که / تا زمانی که	Minch
Մինչև	تا	Minchev
Միշտ	همیشه	Misht
Միջամտել	دخالت کردن / مداخله کردن	Mijamtel
Միջանցք	راهرو	Mijantsk
Միջատ	حشره	Mijat
Միջև	بین / میان	Mijev
Միջնորդել	میانجیگری کردن / واسطه گری کردن	Mijnerdel
Միջոցով	از طریق	Mijotsov
Միս	گوشت	Mis
Միտք	فکر / ذهن	Mitk
Միրգ	میوه	Mirg
Մխիթարել	تسلا دادن / دلداری دادن	Mkhitarel
Մկան	ماهیچه	Mkan
Մկնիկ	ماوس	Mknik
Մյուս	دیگری	Myus
Մնալ	ماندن / باقی ماندن در یک مکان یا وضعیت و ترک نکردن	Mnal
Մշակել	پردازش کردن / پروراندن (مغز) / توسعه دادن (طرح)	Mshakel
Մշակույթ	فرهنگ	Mshakuyt
Մոխիր	خاکستر	Mokhir
Մոխրագույն	خاکستری	Mokhraguyn
Մոծակ	پشه	Motsak
Մողես	مارمولک	Moghes
Մոմ	شمع	Mom
Մոնտաժել	نصب کردن / مونتاژ کردن	Montazhel
Մոռանալ	فراموش کردن / به یاد نیاوردن	Moranl
Մոռացնել	فراموش کردن / از یاد بردن	Moratsnel
Մոտ	نزد / نزدیک	Mot
Մոտավորապես	تقریباً	Motavorapes
Մոտենալ	نزدیک شدن / پیش آمدن و به کسی یا چیزی نزدیک گشتن	Motenal
Մոտոցիկլ	موتورسیکلت	Mototsikl
Մորաքույր	خاله	Morakuyr
Մորեղբայր	دایی	Moreghbayr
Մուգ գույն	رنگ تیره	Mug guyn
Մուգ լինել	تیره بودن / کدر بودن (رنگ)	Mug linel
Մութ	تاریک	Mut
Մութ լինել	تاریک بودن	Mut linel
Մուկ	موش	Muk
Մուսուլման	مسلمان	Musulman
Մուտք	ورودی	Mutk
Մուտք գործել	وارد حساب شدن	Mutk gortsel
Մտածել	فکر کردن / اندیشیدن و در ذهن خود مفاهیم و معانی را پردازش کردن	Mtatsel
Մտածող լինել	متفکر بودن / اندیشمند بودن	Mtatsogh linel
Մտահղացում ունենալ	تصور کردن / ایده داشتن	Mtahghatsum unenal
Մտնել	داخل شدن / وارد شدن	Mtvel
Մտորել	تأمل کردن / فکر و خیال کردن	Mtorel
Մրգեր	میوه ها	Mrger
Մրջյուն	مورچه	Mrjyun
Մրսածություն	سرماخوردگی	Mrsatsutyun
Մրսել	سردش شدن / سرما خوردن	Mrsel
Մրցակցել	رقابت کردن / همچشمی کردن / در یک زمینه با دیگری به رقابت پرداختن	Mrtsaktsel
Մրցավար	داور	Mrtsavar
Մրցում	مسابقه	Mrtsum
Յոթ	هفت	Yot
Յոթանասուն	هفتاد	Yotanasun
Յոթերորդ	هفتم	Yoterord
Յուղ	روغن	Yugh
Յուրաքանչյուր	هر یک	Yurakanchyur
Նա	او	Na
Նաև	همچنین	Naev
Նախ	ابتدا / پیش از آن	Nakh
Նախագահ	رئیس جمهور	Nakhagah
Նախագիծ	طرح / پروژه	Nakhagits
Նախագծել	طراحی کردن / نقشه کشیدن	Naxagtsel
Նախադասություն	جمله	Nakhadasutyun
Նախաճաշ	صبحانه	Nakhachash
Նախատեսել	پیش بینی کردن / از قبل در نظر گرفتن	Nakhatasel
Նախարար	وزیر	Nakharar
Նախդիր	حرف اضافه	Nakhdir
Նախընտրել	ترجیح دادن / اولویت قرار دادن	Nakhentrel
Նախորդ	قبلی	Nakhord
Նամակ	نامه	Namak
Նայել	نگاه کردن	Nayel
Նապաստակ	خرگوش	Napastak
Նավ	کشتی	Nav
Նավակ	قایق	Navak
Նավահանգիստ	بندر	Navahangist
Նարինջ	پرتقال	Narinj
Նարնջագույն	نارنجی	Narnjaguyn
Նեղ	تنگ / باریک	Negh
Նեղացնել	تنگ کردن / کوچک کردن	Neghatsnel
Նետվել	پرتاب شدن / سقوط کردن	Netvel
Ներարկում	تزریق	Nerarkum
Ներբեռնել	دانلود کردن	Nerbernel
Ներբեռնում	دانلود	Nerbernum
Ներդրում կատարել	سرمایه گذاری کردن / مشارکت مالی داشتن	Nerdrum katarel
Ներել	بخشیدن / آمرزیدن	Nerel
Ներկա	حال / کنونی	Nerka
Ներկայացնել	ارائه کردن / معرفی کردن / به نمایش گذاشتن	Nerkayatsnel
Ներշնչել	دم گرفتن / نفس را به داخل کشیدن	Nershnchel
Ներողություն	عذرخواهی / ببخشید (برای جلب توجه)	Neroghutyun
Ներողություն խնդրել	عذرخواهی کردن / پوزش طلبیدن و از بابت خطایی طلب بخشش کردن	Neroghutyun khndrel
Ներս մտնել	داخل شدن / وارد شدن	Ners mtner
Ներսում	داخل	Nersum
Ներքևում	پایین	Nerkevum
Ներքին	داخلی	Nerkin
Ներքնազգեստ	لباس زیر	Nerknazgest
Ներքնակ	تشک	Nerknak
Նիհար լինել	لاغر بودن	Nihar linel
Նկատել	متوجه شدن / ملاحظه کردن	Nkatel
Նկար	تصویر / نقاشی	Nkar
Նկարագրել	شرح دادن / توصیف کردن	Nkaragrel
Նկարել	نقاشی کردن / به تصویر کشیدن	Nkarel
Նկարչություն	نقاشی	Nkarchutyun
Նմանակել	تقلید کردن / الگو قرار دادن	Nmanakel
Նմանեցնել	شبیه سازی کردن	Nmanetsnel
Նմանություն	شباهت	Nmanutyun
Նյարդ	عصب	Nyard
Նյութ	جنس / ماده	Nyut
Ննջասենյակ	اتاق خواب	Nnjasenyak
Նշանակել	منصوب کردن / تعیین کردن / قرار دادن کسی در پستی یا موقعیتی	Nshanakel
Նոթբուք	لپ تاپ	Notbuk
Նոյեմբեր	نوامبر	Noyember
Նոսրացնել	شل کردن / رقیق کردن	Nosratsnel
Նոր	جدید	Nor
Նորածին	نوزاد	Noratsin
Նորաձևություն	مد	Noradzevutyun
Նորից	دوباره	Norits
Նորոգել	مرمت کردن / تعمیر کردن	Norogel
Նորություն	خبر	Norutyun
Նույն	همان / یکسان	Nuyn
Նույնպես	همچنین	Nuynpes
Նուշ	بادام	Nush
Նուռ	انار	Nur
Նպատակ	هدف	Npatak
Նպատակ դնել	هدف گذاری کردن / منظور مشخصی در نظر گرفتن	Npatak dnel
Նստել	نشستن / آرام گرفتن و در یک مکان قرار گرفتن	Nstel
Նվագել	ساز زدن / موسیقی نواختن	Nvageel
Նվազել	کم شدن / کاهش یافتن	Nvazel
Նվազեցնել	کاهش دادن / تقلیل دادن و از مقدار یا شدت چیزی کاستن	Nvazetsnel
Նվազում	کاهش	Nvazum
Նվիրել	هدیه دادن / پیشکش کردن	Nvirel
Նվիրվել	وقف کردن / از خودگذشتگی کردن	Nvirvel
Նրա	مال او / متعلق به او	Nra
Նրան	به او / او را	Nran
Նրանց	مال آن ها / متعلق به آن ها	Nrants
Նրանք	آن ها	Nrank
Շաբաթ	هفته / شنبه	Shabat
Շաբաթ օր	شنبه	Shabat or
Շաբաթական	هفتگی	Shabatakan
Շագանակագույն	قهوه ای	Shaganakaguyn
Շախմատ	شطرنج	Shakhmat
Շահույթ	سود	Shahuyt
Շաղկապ	حرف ربط	Shaghkap
Շամպուն	شامپو	Shampun
Շանս	فرصت	Shans
Շապիկ	تی شرت	Shapik
Շատ	زیاد	Shat
Շարժել	حرکت دادن / تکان دادن	Sharzhel
Շարժիչ	موتور	Sharzhich
Շարժում	حرکت	Sharzhum
Շարժվել	حرکت کردن / جنبیدن و از مکانی به مکان دیگر رفتن	Sharzhvel
Շարունակել	ادامه دادن / دنبال کردن	Sharunakel
Շարֆ	شال گردن	Sharf
Շաքար	شکر	Shakar
Շեղվել	منحرف شدن / حواس پرت شدن	Sheghvel
Շիշ	بطری	Shish
Շնաձուկ	کوسه	Shnadzuk
Շնորհակալ եմ	ممنونم	Shnorhakal em
Շնորհակալ լինել	ممنون بودن / سپاسگزار بودن	Shnorhakal linel
Շնորհակալություն	تشکر / متشکرم	Shnorhakalutyun
Շնորհակալություն հայտնել	تشکر کردن / قدردانی کردن	Shnorhakalutyun haytnel
Շնորհավորել	تبریک گفتن / تهنیت گفتن و به مناسبت موفقیتی شادباش گفتن	Shnorhavorel
Շնչել	نفس کشیدن / تنفس کردن	Shnchel
Շշնջալ	نجوا کردن / پچ پچ کردن	Shshnjal
Շոգ	داغ / گرم / گرما	Shog
Շոկոլադ	شکلات	Shokolad
Շոշափել	دست زدن / لمس کردن	Shoshapel
Շուկա	بازار	Shuka
Շուն	سگ	Shun
Շունչ	نفس	Shunch
Շուտ	زود	Shut
Շուրթ	لب	Shurt
Շուրջ	اطراف / درباره	Shurj
Շտապել	عجله کردن / شتاب کردن	Shtapel
Շտապօգնության մեքենա	آمبولانس	Shtapognutyan mekena
Շտապօգնություն	اورژانس / آمبولانس	Shtapognutyun
Շտկել	اصلاح کردن / تصحیح کردن	Shtkel
Շրջան	دایره	Shrjan
Շրջվել	چرخیدن / برگشتن	Shrjvel
Ոգեշնչել	الهام بخشیدن / روحیه دادن و تشویق کردن / ایجاد انگیزه و شور در کسی	Vogeshnchel
Ոգեշնչվել	الهام گرفتن / تحت تأثیر قرار گرفتن	Vogeshnchvel
Ոգեւորված լինել	هیجان زده بودن / با انگیزه بودن	Vogevorvats linel
Ոգեւորվել	هیجان زده شدن / پرشور و شوق شدن	Vogevorvel
Ողջունել	خوشامد گفتن / احوالپرسی کردن	Voghjunel
Ոնց	چطور؟ / چگونه؟ (عامیانه)	Vonts
Ոչ	نه / خیر	Voch
Ոչ մի	هیچ	Voch mi
Ոչ պաշտոնական	غیررسمی	Voch pashtonakan
Ոչխար	گوسفند	Vochkhar
Ոչխարի միս	گوشت گوسفند	Vochkhari mis
Ոսկեգույն	طلایی	Voskeguyn
Ոսկի	طلا	Voski
Ոսկոր	استخوان	Voskor
Ոսպ	عدس	Vosp
Ոստիկան	پلیس	Vostikan
Ոստիկանության բաժին	کلانتری	Vostikanutyan bazhin
Ով	چه کسی؟	Ov
Ովքեր	چه کسانی؟	Ovker
Ոտնաթաթ	کف پا	Votnatat
Ոտք	پا	Votk
Որ	کدام؟	Vor
Որդ	کرم	Vord
Որդի	پسر / فرزند پسر	Vordi
Որի	کدام یک / متعلق به چه کسی؟	Vori
Որոշ	بعضی / برخی	Vorosh
Որոշել	تصمیم گرفتن / قطعیت پیدا کردن	Voroshel
Որոշում	تصمیم	Voroshum
Որոշում կայացնել	تصمیم گرفتن (به معنای نهایی کردن تصمیم)	Voroshum kayatsnel
Որովայն	شکم	Vorovayn
Որովհետև	چون / زیرا	Vorovhetev
Որոտ	رعد	Vorot
Որպեսզի	برای اینکه	Vorpeszi
Որս	شکار	Vors
Որսալ	شکار کردن	Vorsal
Որտեղ	کجا؟	Vortegh
Որտեղից	از کجا؟	Vorteghits
Որքան	چقدر؟	Vorkan
Ու	و	U
Ութ	هشت	Ut
Ութերորդ	هشتم	Uterord
Ութոտնուկ	هشت پا	Utotnuk
Ութսուն	هشتاد	Utsun
Ուժ	نیرو	Uzh
Ուժեղ	قوی	Uzhegh
Ուժեղ լինել	قوی بودن / نیرومند بودن	Uzhej linel
Ուժեղանալ	قوی شدن / نیرومند شدن	Uzheghanl
Ուղարկել	فرستادن / ارسال کردن	Ugharkel
Ուղարկել հաղորդագրություն	پیام فرستادن	Ugharkel haghordagrutyun
Ուղեբեռ	بار / چمدان	Ugheber
Ուղեգիր	بلیط / حواله سفر	Ughegir
Ուղեկցել	همراهی کردن / بدرقه کردن و کسی را در مسیری همراهی کردن	Ughektsel
Ուղեղ	مغز	Ughegh
Ուղևոր	مسافر	Ughevor
Ուղիղ	راست / مستقیم	Ughigh
Ուղղաթիռ	هلیکوپتر	Ughghatir
Ուղղանկյուն	مستطیل	Ughghankyun
Ուղղել	صاف کردن / راست کردن	Ughghel
Ուղղություն	جهت	Ughghutyun
Ուղտ	شتر	Ught
Ում	به چه کسی؟ / مال چه کسی؟	Um
Ունենալ	داشتن	Unenal
Ուշ	دیر	Ush
Ուշ գիշեր	آخر شب	Ush gisher
Ուշադիր լինել	دقت کردن / توجه کردن	Ushadir linel
Ուշադրություն դարձնել	توجه کردن / دقت کردن و ذهن را به سمتی متمرکز کردن	Ushadtrutyun dardznel
Ուս	شانه	Us
Ուսանել	درس خواندن / تحصیل کردن	Usanel
Ուսանող	دانشجو	Usanogh
Ուսապարկ	کوله پشتی	Usapark
Ուսումնական լինել	آموزشی بودن / تعلیمی بودن	Usumnakan linel
Ուսումնասիրել	مطالعه کردن / تحقیق و پژوهش کردن	Usumnasirel
Ուսուցանել	آموزش دادن / تعلیم دادن	Usutsanel
Ուսուցիչ	معلم	Usutsich
Ուսուցչուհի	معلم زن	Usutschuhi
Ուտել	خوردن / مصرف غذا و تغذیه کردن	Utel
Ուտելիք	خوراک	Utelik
Ուր	به کجا؟	Ur
Ուր է	کجاست؟	Ur e
Ուրախ	شاد	Urakh
Ուրախանալ	خوشحال شدن / شاد شدن و احساس مسرت کردن	Urakhanal
Ուրախացնել	خوشحال کردن / موجب شادمانی شدن / مسرور کردن و به وجد آوردن	Urakhatsnel
Ուրախություն	شادی	Urakhutyun
Ուրբաթ	جمعه	Urbat
Ուրեմն	پس / بنابراین	Uremn
Ուրիշ	دیگر	Urish
Չամիչ	کشمش	Chamich
Չար	شرور / بدجنس	Char
Չար լինել	شرور بودن / بدجنس بودن	Char linel
Չափ	اندازه	Chap
Չափել	اندازه گرفتن / سنجیدن و ابعاد فیزیکی چیزی را مشخص کردن	Chapel
Չեմ կարող	نمی توانم	Chem karogh
Չեմ սիրում	دوست ندارم	Chem sirum
Չինաստան	چین	Chinastan
Չինացի	چینی	Chinatsi
Չկարողանալ	نتوانستن	Chkaroghanal
Չհամաձայնվել	مخالف بودن / موافق نبودن و با چیزی عدم توافق داشتن	Chhamadzaynvel
Չհասկացա	نفهمیدم	Chhaskatsa
Չնայած	اگرچه / با وجود	Chnayats
Չոր	خشک	Chor
Չոր լինել	خشک بودن	Chor linel
Չորացնել	خشک کردن / خشکاندن و رطوبت چیزی را از بین بردن	Choratsnel
Չորեքշաբթի	چهارشنبه	Chorekshabti
Չորս	چهار	Chors
Չորրորդ	چهارم	Chorrord
Չվերթ	پرواز	Chvert
Չօգտագործել	استفاده نکردن / به کار نبردن و از چیزی بهره نگرفتن	Choogtagoortsel
Պակաս	کمتر	Pakas
Պակասել	کم شدن / ناقص شدن	Pakasel
Պակասեցնել	کم کردن / کاهش دادن و از میزان یا تعداد چیزی کاستن	Pakasetsnel
Պահ	لحظه	Pah
Պահանջել	مطالبه کردن / طلبکار بودن	Pahanjel
Պահարան	کمد	Paharan
Պահել	حفظ کردن / نگه داشتن	Pahel
Պահեստ	انبار	Pahest
Պահպանել	حفظ کردن / ذخیره کردن / نگهداری کردن	Pahpanel
Պաղպաղակ	بستنی	Paghpaghak
Պայծառ լինել	روشن بودن / درخشان بودن	Paytsarr linel
Պայմանագիր	قرارداد	Paymanagir
Պայմանավորվել	توافق کردن / قرار گذاشتن	Paymanavorvel
Պայուսակ	کیف	Payusak
Պայքարել	جنگیدن / مبارزه کردن	Paykar
Պանիր	پنیر	Panir
Պաշտոն	سمت	Pashton
Պաշտոնական	رسمی	Pashtonakan
Պաշտպանել	دفاع کردن / حمایت کردن / محافظت کردن	Pashtpanel
Պապա	بابا	Papa
Պապիկ	پدربزرگ	Papik
Պառկել	دراز کشیدن / خوابیدن و به حالت افقی قرار گرفتن	Parkel
Պատ	دیوار	Pat
Պատահաբար	تصادفاً	Patahabar
Պատահել	رخ دادن / اتفاق افتادن	Patahel
Պատառաքաղ	چنگال	Patarakagh
Պատասխան	پاسخ	Pataskhan
Պատասխանատու լինել	مسئول بودن / جوابگو بودن	Patasxanatvu linel
Պատասխանատվություն	مسئولیت	Pataskhanatvutyun
Պատասխանատվություն կրել	عهده دار شدن / مسئولیت پذیرفتن	Patasxanatvatyun krel
Պատասխանել	جواب دادن / پاسخ گفتن / پاسخ دادن	Patasxanel
Պատերազմ	جنگ	Paterazm
Պատժել	مجازات کردن / تنبیه کردن و در برابر خطایی جریمه کردن	Patzhel
Պատժվել	تنبیه شدن / مجازات شدن	Patzhvel
Պատիվ	آبرو / افتخار	Pativ
Պատկերացնել	تصور کردن / تجسم کردن	Patkeratsnel
Պատճառ	علت	Patchar
Պատճառով	به علت	Patcharov
Պատճեն	کپی	Patchen
Պատճենել	کپی کردن	Patchenel
Պատմել	روایت کردن / تعریف کردن / داستان گفتن	Patmel
Պատմություն	تاریخ / داستان	Patmutyun
Պատմվածք	داستان کوتاه	Patmvatsk
Պատշգամբ	بالکن	Patshgamb
Պատուհան	پنجره	Patuhan
Պատռել	پاره کردن	Patrel
Պատվաստանյութ	واکسن	Patvastanyut
Պատվիրել	سفارش دادن	Patvirel
Պատվիրում	رزرو / سفارش	Patvirum
Պատրաստ	آماده	Patrast
Պատրաստել	تهیه کردن / آماده کردن	Patrastel
Պատրաստվել	آماده شدن / مهیا شدن و تدارک دیدن برای انجام کاری	Patrastvel
Պար	رقص	Par
Պարանոց	گردن	Paranots
Պարել	رقصیدن / حرکات موزون انجام دادن	Parel
Պարզ	ساده / روشن	Parz
Պարզ լինել	واضح بودن / شفاف بودن	Parz linel
Պարզաբանել	واضح کردن / روشن ساختن	Parzabanel
Պարզեցնել	ساده کردن / آسان سازی کردن	Parzetsnel
Պարսիկ	فارس / ایرانی فارسی‌زبان	Parsik
Պարսկերեն	زبان فارسی	Parskeren
Պարտադրել	تحمیل کردن / اجبار کردن	Partadrel
Պարտականություն	وظیفه	Partakanutyun
Պարտություն	شکست	Partutyun
Պարտվել	مغلوب شدن / شکست خوردن / باختن در یک رقابت یا مبارزه	Partvel
Պարտվող	بازنده	Partvogh
Պարտք	بدهی	Partk
Պարտք վերցնել	قرض گرفتن	Partk vertsnel
Պետություն	دولت / کشور	Petutyun
Պիկնիկ	پیک نیک	Piknik
Պլանավորել	طرح ریزی کردن / برنامه ریزی کردن	Planavorel
Պլանշետ	تبلت	Planshet
Պլաստիկ	پلاستیک	Plastik
Պղինձ	مس	Pghindz
Պղպեղ	فلفل	Pghpegh
Պղպեղակ	فلفل دلمه ای	Pghpeghak
Պնդել	مدعی شدن / اصرار کردن / پافشاری کردن	Pndel
Պնդուկ	فندق	Pnduk
Պոկել	کندن / جدا کردن	Pokel
Պողոտա	بلوار	Poghota
Պողպատ	فولاد	Poghpat
Պտուղ	ثمر / میوه	Ptugh
Ջանք թափել	تلاش کردن / کوشش کردن	Jank tapel
Ջարդել	شکستن / خرد کردن	Jardel
Ջեմ	مربا	Jem
Ջեռուցում	گرمایش	Jerutsum
Ջերմ լինել	گرم بودن	Jerm linel
Ջերմաչափ	تب سنج	Jermachap
Ջերմաստիճան	دما	Jermastichan
Ջերմություն	تب / گرما / حرارت	Jermutyun
Ջինս	شلوار جین	Jins
Ջնջել	حذف کردن	Jnjel
Ջուր	آب	Jur
Ջրել	آب دادن / آبیاری کردن	Jrel
Ջրվեժ	آبشار	Jrvezh
Ռադիո	رادیو	Radio
Ռեզյումե	رزومه	Rezyume
Ռեստորան	رستوران	Restoran
Ռետին	لاستیک / پاک کن	Retin
Ռուս	روس	Rus
Ռուսերեն	زبان روسی	Ruseren
Սա	این	Sa
Սագ	غاز	Sag
Սալոր	آلو	Salor
Սակայն	بااین حال	Sakayn
Սահման	مرز	Sahman
Սանդալ	صندل	Sandal
Սանր	شانه	Sanr
Սանրել	شانه کردن	Sanrel
Սանրվել	شانه کردن / مو شانه کردن / موها را مرتب کردن و آراستن	Sanrvel
Սառեցնել	یخ زدن / منجمد کردن	Saretsnel
Սառը	سرد	Sary
Սառը լինել	سرد بودن	Sarr linel
Սառնամանիք	یخبندان	Sarnamanik
Սառնարան	یخچال	Sarnaran
Սառույց	یخ	Saruyts
Սառչել	یخ زدن / سرد شدن / خنک شدن	Sarrchel
Սառցարան	فریزر	Sartsaran
Սավան	ملحفه	Savan
Սարդ	عنکبوت	Sard
Սափրվել	اصلاح کردن	Saprvel
Սգալ	غمگین بودن / عزاداری کردن	Sgal
Սեխ	خربزه	Sekh
Սեղան	میز	Seghan
Սեղմել	فشردن / فشار دادن / کلیک کردن	Seghmel
Սենյակ	اتاق	Senyak
Սեպտեմբեր	سپتامبر	September
Սեր	عشق	Ser
Սերիալ	سریال	Serial
Սերմ	بذر / دانه	Serm
Սերուցք	خامه	Serutsk
Սև	سیاه	Sev
Սինթեզել	سنتز کردن / ترکیب کردن	Sintezel
Սիսեռ	نخود	Siser
Սիրամարգ	طاووس	Siramarg
Սիրել	عاشق بودن / دوست داشتن / محبت و علاقه عمیق داشتن به کسی یا چیزی	Sirel
Սիրում եմ	دوست دارم	Sirum em
Սիրտ	قلب	Sirt
Սխալ	اشتباه / خطا / غلط	Skhal
Սխալվել	اشتباه کردن / خطا کردن و مرتکب غلط شدن	Skhalvel
Սխտոր	سیر	Skhtor
Սկեսուր	مادرزن / مادرشوهر	Skesur
Սկեսրայր	پدرزن / پدرشوهر	Skesrayr
Սկիզբ	آغاز	Skizb
Սկուտեղ	سینی	Skutegh
Սկսած	از	Sksats
Սկսել	شروع کردن / آغاز کردن	Sksel
Սկսվել	آغاز شدن / شروع شدن	Sksvel
Սմարթֆոն	گوشی هوشمند	Smartfon
Սմբուկ	بادمجان	Smbuk
Սնունդ	غذا	Snund
Սոխ	پیاز	Sokh
Սողալ	خزیدن / خرامیدن و روی زمین با شکم حرکت کردن	Soghal
Սովորաբար	معمولاً	Sovorabar
Սովորական	معمولی	Sovorakan
Սովորել	یاد گرفتن / درس خواندن / آموزش دیدن و دانش یا مهارتی را کسب کردن	Sovorel
Սովորեցնել	یاد دادن / آموزش دادن	Sovoretsnel
Սովորություն	عادت	Sovorutyun
Սունկ	قارچ	Sunk
Սուպերմարկետ	سوپرمارکت	Supermarket
Սուտ	دروغ	Sut
Սուր	تیز	Sur
Սուրբ	مقدس	Surb
Սուրճ	قهوه	Surj
Սպանախ	اسفناج	Spanakh
Սպառնալ	تهدید کردن / بیم دادن و با ارعاب خواستار انجام کاری شدن	Sparnal
Սպասել	منتظر ماندن / انتظار کشیدن	Spasel
Սպիտակ	سفید	Spitak
Սպորտ	ورزش	Sport
Սպորտային կոշիկ	کفش ورزشی	Sportayin koshik
Սպորտով զբաղվել	ورزش کردن / فعالیت های بدنی انجام دادن	Sportov zbaghvel
Սպունգ	اسفنج	Spung
Սվիտեր	پلیور	Sviter
Ստամոքս	معده	Stamoks
Ստանալ	گرفتن / دریافت کردن	Stanal
Ստանձնել	قبول مسئولیت / بر عهده گرفتن	Standzvel
Ստեղծագործել	آفرینشگری کردن / خلاقیت به خرج دادن	Steghtsagortsel
Ստեղծել	ساختن / خلق کردن / ایجاد کردن	Steghtsel
Ստեղնաշար	صفحه کلید	Steghnashar
Ստիպել	مجبور کردن / وادار کردن	Stiphel
Ստորագրել	امضا کردن / تأیید کردن	Storagrel
Ստորագրություն	امضا	Storagrutyun
Ստորին	پایینی	Storin
Ստուգել	بررسی کردن / کنترل کردن	Stugel
Սրանք	این ها	Srank
Սրբել	خشک کردن / پاک کردن و رطوبت یا مایعی را از سطحی زدودن	Srbel
Սրբիչ	حوله	Srbich
Սրճարան	کافه	Srcharan
Սրունք	ساق پا	Srunk
Սփռոց	رومیزی	Sprots
Վագր	ببر	Vagr
Վազել	دویدن / با سرعت زیاد حرکت کردن	Vazel
Վազք	دویدن	Vazk
Վաթսուն	شصت	Vatsun
Վախ	ترس	Vakh
Վախենալ	ترسیدن / وحشت کردن و دچار اضطراب یا هراس شدن	Vakhenal
Վախեցած	ترسیده	Vakhetsats
Վախեցնել	ترساندن / وحشت ایجاد کردن / رعب و هراس در دل کسی افکندن	Vakhetsnel
Վախկոտ	ترسو	Vakhkot
Վախկոտ լինել	ترسو بودن / بزدل بودن	Vakhkot linel
Վաղ	زود	Vagh
Վաղ առավոտ	صبح زود	Vagh aravot
Վաղը	فردا	Vaghy
Վաճառել	فروختن / بیع کردن	Vajarel
Վաճառող	فروشنده	Vacharogh
Վաճառք	فروش	Vachark
Վայելել	حظ کردن / لذت بردن	Vayelel
Վայրկյան	ثانیه	Vayrkyan
Վանել	راندن / طرد کردن / دور کردن	Vanel
Վանկ	هجا	Vank
Վառարան	فر / اجاق	Vararan
Վառելիք	سوخت	Varelik
Վաստակել	کسب کردن / درآمد کسب کردن	Vastakel
Վատ	بد	Vat
Վատթարացնել	بدتر کردن / وخیم تر کردن	Vattaratsnel
Վատնել	هدر دادن / تلف کردن	Vatnel
Վարագույր	پرده	Varaguyr
Վարակ	عفونت	Varak
Վարդ	گل رز	Vard
Վարդագույն	صورتی	Vardaguyn
Վարդակ	پریز	Vardak
Վարժություն	تمرین	Varzhutyun
Վարկ	وام	Vark
Վարձակալել	اجاره دادن / به کرایه گذاشتن	Vardzakalel
Վարձել	اجاره کردن / کرایه کردن	Vardzel
Վարորդ	راننده	Varord
Վարունգ	خیار	Varung
Վեպ	رمان	Vep
Վեր կենալ	برخاستن / بلند شدن	Ver kenal
Վերադառնալ	بازگشتن / برگشت کردن	Veradarnal
Վերադարձնել	پس دادن / بازگرداندن	Veradardznel
Վերականգնել	احیا کردن / بازسازی کردن / بازیابی کردن	Verakangnel
Վերահսկել	کنترل کردن / نظارت کردن	Verahskel
Վերանայել	مرور کردن / بازبینی کردن	Veranayel
Վերանորոգել	تعمیر کردن / نوسازی کردن	Veranorogel
Վերապրել	زنده ماندن / جان سالم به در بردن	Veraprel
Վերարկու	پالتو	Verarku
Վերարտադրել	بازتولید کردن / دوباره تولید کردن	Verartadrel
Վերբեռնել	بارگذاری کردن	Verbernel
Վերբեռնում	بارگذاری	Verbernum
Վերելակ	آسانسور	Verelak
Վերևում	بالا	Verevum
Վերին	بالایی	Verin
Վերլուծել	تحلیل کردن / تجزیه و تحلیل کردن	Verlutsel
Վերմակ	پتو	Vermak
Վերնագիր	عنوان	Vernagir
Վերնաշապիկ	پیراهن	Vernashapik
Վերջ	پایان	Verj
Վերջանալ	پایان یافتن / به سرانجام رسیدن	Verjanal
Վերջապես	سرانجام	Verjapes
Վերջացնել	تمام کردن	Verjatsnel
Վերջին	آخرین	Verjin
Վերջնաժամկետ	مهلت نهایی	Verjnazhamket
Վերցնել	برداشتن / اخذ کردن	Vertsnel
Վերք	زخم	Verk
Վեց	شش	Vets
Վեցերորդ	ششم	Vetserord
Վզնոց	گردنبند	Vznots
Վթար	تصادف	Vtar
Վիզա	ویزا	Viza
Վիճել	جدال کردن	Vijel
Վիրակապ	بانداژ	Virakap
Վիրահատություն	عمل جراحی	Virahatutyun
Վիրավորել	آزردن / توهین کردن	Viravorel
Վիրավորվել	زخمی شدن	Viravorvel
Վիրուս	ویروس	Virus
Վկայական	گواهی نامه	Vkayakan
Վկայել	شهادت دادن / گواهی دادن	Vkayel
Վճարել	پرداخت کردن	Vcharel
Վճռել	تصمیم گرفتن	Vjerrel
Վնաս	زیان	Vnas
Վնասակար	مضر	Vnasakar
Վշտանալ	غمگین شدن / دچار اندوه و ناراحتی گشتن	Vshtanal
Վշտացնել	غمگین کردن / اندوهگین ساختن / کسی را دچار ناراحتی و پریشانی کردن	Vshtatsnel
Վոլեյբոլ	والیبال	Voleybol
Վստահ լինել	مطمئن بودن / به خود اعتماد داشتن	Vstah linel
Վստահել	اعتماد کردن / اطمینان داشتن	Vstahgel
Վստահեցնել	متقاعد کردن / اطمینان دادن	Vstahetsnel
Վստահություն	اعتماد	Vstahutyun
Վտանգ	خطر	Vtang
Վտանգավոր	خطرناک	Vtangavor
Վտանգավոր լինել	خطرناک بودن	Vtangavor linel
Վրա	روی	Vra
Վրացի	گرجی	Vratsi
Վրդովվել	ناراحت شدن / پریشان شدن	Vrdovvel
Տաբատ	شلوار	Tabat
Տալ	دادن / بخشیدن	Tal
Տակ	زیر	Tak
Տաճար	معبد	Tachar
Տանել	بردن / حمل کردن	Tanel
Տանիք	سقف / بام	Tanik
Տանձ	گلابی	Tandz
Տանտեր	میزبان / صاحب خانه	Tanter
Տապակել	سرخ کردن	Tapakel
Տառ	حرف	Tar
Տառապել	رنج بردن / عذاب کشیدن	Tarapvel
Տասը	ده	Tasy
Տասնամյակ	دهه	Tasnamyak
Տասներեք	سیزده	Tasnerek
Տասներկու	دوازده	Tasnerku
Տասներորդ	دهم	Tasnerord
Տասնինը	نوزده	Tasniny
Տասնհինգ	پانزده	Tasnhing
Տասնմեկ	یازده	Tasnmek
Տասնյոթ	هفده	Tasnyot
Տասնութ	هجده	Tasnut
Տասնչորս	چهارده	Tasnchors
Տասնվեց	شانزده	Tasnvets
Տավարի միս	گوشت گاو	Tavari mis
Տատիկ	مادربزرگ	Tatik
Տարածք	فضا / منطقه	Taratsk
Տարաձայնվել	ناسازگاری کردن / اختلاف نظر داشتن	Taradzaynvel
Տարանել	بردن	Taranel
Տարբեր	متفاوت	Tarber
Տարբերակել	متمایز کردن / تمایز قائل شدن	Tarberakel
Տարբերել	تمایز قائل شدن	Tarberel
Տարբերություն	تفاوت	Tarberutyun
Տարբերվել	متمایز شدن / متفاوت بودن	Tarbervel
Տարեկան	سالانه	Tarekan
Տարի	سال	Tari
Տաք	گرم	Tak
Տաքանալ	گرم شدن / داغ شدن	Takanal
Տաքացնել	گرم کردن / داغ کردن	Takatsnel
Տաքսի	تاکسی	Taksi
Տգեղ	زشت	Tgegh
Տգեղ լինել	زشت بودن	Tgegh linel
Տգեղություն	زشتی	Tgeghutyun
Տեղ	جا / مکان / صندلی	Tegh
Տեղադրել	نصب کردن / جاگذاری کردن	Tegadrel
Տեղական	محلی	Teghakan
Տեղափոխել	جابجا کردن / منتقل کردن	Tegapokhel
Տեղեկացնել	آگاه کردن / اطلاع دادن	Teghekatsnel
Տեղեկություն	اطلاعات	Teghekutyun
Տեսախցիկ	دوربین	Tesakhtsik
Տեսակ	نوع	Tesak
Տեսանյութ	ویدئو	Tesanyut
Տեսնել	دیدن / مشاهده کردن	Tesnel
Տեսողություն	بینایی	Tesoghutyun
Տետր	دفتر	Tetr
Տերև	برگ	Terev
Տեւել	طول کشیدن / ادامه داشتن	Tevel
Տեքստ	متن	Tekst
Տխուր	غمگین	Tkhur
Տխրացնել	غمگین کردن / ناراحت کردن	Tkhratsnel
Տխրել	غمگین شدن	Tkhrel
Տխրություն	غم	Tkhrutyun
Տղա	پسر	Tgha
Տղամարդ	مرد	Tghamard
Տնային աշխատանք	تکلیف خانه	Tnayin ashkhatank
Տնկել	کاشتن	Tnkel
Տնտեսություն	اقتصاد	Tntesutyun
Տնօրեն	مدیر	Tnoren
Տնօրինել	اداره کردن / مدیریت کردن (امور)	Tnorinel
Տոմս	بلیت	Toms
Տոն	جشن / تعطیلات	Ton
Տոնել	جشن گرفتن / ضیافت برپا کردن و مراسم شادی برگزار کردن	Tonel
Տորթ	کیک	Tort
Տուն	خانه	Tun
Տպավորել	اثر گذاشتن / تحت تأثیر قرار دادن	Tpavorel
Տպել	چاپ کردن	Tpel
Տպիչ	چاپگر	Tpich
Տվյալ	داده	Tvyal
Տվյալներ	داده ها	Tvyalner
Տվյալների բազա	پایگاه داده	Tvyalneri baza
Տրամվայ	تراموا	Tramvay
Տրանսպորտ	حمل ونقل	Transport
Տրոլեյբուս	اتوبوس برقی	Troleybus
Րոպե	دقیقه	Rope
Ցածր	پایین / کوتاه	Tsatsr
Ցանկանալ	خواستن / آرزو کردن و میل و اشتیاق به چیزی داشتن	Tsankanal
Ցանկություն	میل / آرزو	Tsankutyun
Ցանց	شبکه	Tsants
Ցավ	درد	Tsav
Ցավակցել	تسلیت گفتن / همدردی کردن	Tsavaktvel
Ցավել	درد گرفتن	Tsavel
Ցավում եմ	متاسفم	Tsavum em
Ցեխ	گل ولای	Tsekh
Ցեմենտ	سیمان	Tsement
Ցորեն	گندم	Tsoren
Ցուլ	گاو نر	Tsul
Ցուրտ	سرما	Tsurt
Ցուցակ	فهرست	Tsutsak
Ցտեսություն	خداحافظ	Tstesutyun
Փաթաթել	بستن / پیچیدن	Patatel
Փակ	بسته	Pak
Փակ լինել	بسته بودن / منزوی بودن	Pak linel
Փական	قفل	Pakan
Փակել	بستن / مسدود کردن	Pakel
Փայտ	چوب	Payt
Փառասեր լինել	جاه طلب بودن / شهرت طلب بودن	Paraser linel
Փաստաթուղթ	سند	Pastatught
Փափուկ	نرم	Papuk
Փափուկ լինել	نرم بودن / لطیف بودن	Papuk linel
Փեսա	داماد	Pesa
Փետրվար	فوریه	Petrvar
Փիղ	فیل	Pigh
Փնտրել	کاوش کردن / جستجو کردن / جست وجو کردن	Pntrel
Փշրել	نرم و پودر کردن / خرد و خاکشیر کردن	Pshrel
Փոթորիկ	طوفان	Potorik
Փոխանակել	تبدیل / تبادل کردن / مبادله کردن	Pokhanakel
Փոխանակման կետ	صرافی	Pokhanakman ket
Փոխանցել	عبور دادن / انتقال دادن	Pokhantsel
Փոխարեն	به جای	Pokharen
Փոխարինել	عوض کردن / جایگزین کردن	Pokharinel
Փոխել	عوض کردن / تعویض کردن / تغییر دادن	Pokhel
Փոխել որոշումը	تغییر دادن تصمیم	Pokhel voroshumy
Փող	پول	Pogh
Փողկապ	کراوات	Poghkap
Փողոց	خیابان	Poghots
Փոշեկուլ	جاروبرقی	Poshekul
Փոշի	گردوغبار	Poshi
Փոշմանել	پشیمان شدن / حسرت خوردن	Poshmanel
Փոստ	اداره پست	Post
Փոր	شکم	Por
Փորացավ	دل درد	Poratsav
Փորձ	تلاش / تجربه / آزمایش	Pordz
Փորձառություն	تجربه کاری	Pordzarutyun
Փորձել	تلاش / امتحان کردن	Portsel
Փոփոխել	عوض کردن / تغییر دادن	Pokhel
Փոփոխություն	تغییر	Popokhutyun
Փոփոխվել	تغییر کردن / دگرگون شدن و دستخوش تحول گشتن	Popokhvel
Փոքր	کوچک	Pokr
Փոքրանալ	کوچک شدن / چروکیده شدن	Pokrnal
Փոքրացնել	کوچک کردن / مینیاتوری کردن	Pokratsnel
Փչացնել	خراب کردن / تباح کردن	Pchanatsnel
Փռշտալ	عطسه کردن	Prshtal
Քաղաք	شهر	Kaghak
Քաղաքականություն	سیاست	Kaghakakanutyun
Քաղաքապետարան	شهرداری	Kaghakapetaran
Քաղաքավարի	مؤدب	Kaghakavari
Քաղաքացի	شهروند	Kaghakatsi
Քաղցած	گرسنه	Kaghtsats
Քաղցած եմ	گرسنه ام	Khaghcates em
Քաղցած լինել	گرسنه بودن	Kakhtsats linel
Քաղցր	شیرین	Kaghtsr
Քաղցրավենիք	شیرینی / آب نبات	Kaghtsravenik
Քամի	باد	Kami
Քայլարշավ	پیاده روی	Kaylarshav
Քայլել	راه رفتن / قدم زدن و به وسیله پاها حرکت کردن	Kaylel
Քանակ	مقدار / تعداد	Kanak
Քանդակել	تندیس ساختن / مجسمه سازی کردن	Qandakel
Քանդել	خراب کردن / ویران کردن	Qandel
Քանի	چند؟ / چند تا؟	Kani
Քանի որ	چون / از آنجا که	Kani vor
Քանոն	خط کش	Kanon
Քաշ	وزن	Kash
Քաշել	کشیدن / جذب کردن	Kashel
Քաջալերել	تشویق کردن / دلگرمی دادن	kajalerel
Քառակուսի	مربع	Karakusi
Քառասուն	چهل	Karasun
Քառորդ	یک چهارم	Karord
Քար	سنگ	Kar
Քարանձավ	غار	Karandzav
Քարոզել	موعظه کردن / تبلیغ کردن	Karozel
Քարտ	کارت	Kart
Քարտեզ	نقشه	Kartez
Քեզ	به تو / تو را	Kez
Քերականություն	دستور زبان	Kerakanutyun
Քիթ	بینی	Kit
Քիչ	کم	Kich
Քնել	خوابیدن / به خواب رفتن و استراحت کردن	Qnel
Քննադատել	نقد کردن / انتقاد کردن	Qnnadatel
Քննարկել	به چالش کشیدن / بحث و گفتگو کردن	Qnnarkel
Քննել	بررسی کردن / مورد مطالعه قرار دادن	Qnnnel
Քննություն	امتحان	Knnutyun
Քշել	راندن	Kshel
Քո	مال تو / متعلق به تو	Ko
Քույր	خواهر	Kuyr
Քսան	بیست	Ksan
Քվե	رأی	Kve
Քրիստոնեություն	مسیحیت	Kristoneutyun
Քրիստոնյա	مسیحی	Kristonya
Օգնել	کمک کردن / یاری رساندن	Ognel
Օգնեք	کمک کنید!	Ognek
Օգնություն	کمک	Ognutyun
Օգոստոս	اوت	Ogostos
Օգտագործել	به کار بردن / استفاده کردن / بهره برداری کردن	Ogtagortsel
Օգտակար	مفید	Ogtakar
Օգտանուն	نام کاربری	Ogtanun
Օգտվել	استفاده کردن / بهره برداری کردن	Ogtvel
Օդ	هوا	Od
Օդանավակայան	فرودگاه	Odanavakayan
Օդափոխիչ	پنکه	Odapokhich
Օդորակիչ	کولر / تهویه	Odorakich
Օձ	مار	Odz
Օճառ	صابون	Ochar
Օշարակ	شربت	Osharak
Օվկիանոս	اقیانوس	Ovkianos
Օտար	خارجی / بیگانه	Otar
Օտարերկրացի	خارجی	Otarerkratsi
Օր	روز	Or
Օրական	روزانه	Orakan
Օրացույց	تقویم	Oratsuyts
Օրենք	قانون	Orenk
Օրինակ	مثال	Orinak
Օրինական	قانونی	Orinakan
Օրինակելի լինել	الگو بودن / نمونه بودن	Orinakeli linel
Օրհնել	برکت دادن / دعای خیر کردن	Orhnel
Ֆայլ	فایل	Fayl
Ֆերմեր	کشاورز	Fermer
Ֆիլմ	فیلم	Film
Ֆուտբոլ	فوتبال	Futbol
Ֆրանսիացի	فرانسوی	Fransiatsi
